#usda 1.0
(
    defaultPrim = "Mesh"
)

def Mesh "Mesh"
{
    int[] faceVertexCounts = [3, 3, 3, 3, 3, 3, 3, 3, 3, 3, 3, 3, 3, 3, 3, 3, 3, 3, 3, 3, 3, 3, 3, 3, 3, 3, 3, 3, 3, 3, 3, 3, 3, 3, 3, 3, 3, 3, 3, 3, 3, 3, 3, 3, 3, 3, 3, 3, 3, 3, 3, 3, 3, 3, 3, 3, 3, 3, 3, 3, 3, 3, 3, 3, 3, 3, 3, 3, 3, 3, 3, 3, 3, 3, 3, 3, 3, 3, 3, 3, 3, 3, 3, 3, 3, 3, 3, 3, 3, 3, 3, 3, 3, 3, 3, 3, 3, 3, 3, 3, 3, 3, 3, 3, 3, 3, 3, 3, 3, 3, 3, 3, 3, 3, 3, 3, 3, 3, 3, 3, 3, 3, 3, 3, 3, 3, 3, 3, 3, 3, 3, 3, 3, 3, 3, 3, 3, 3, 3, 3, 3, 3, 3, 3, 3, 3, 3, 3, 3, 3, 3, 3, 3, 3, 3, 3, 3, 3, 3, 3, 3, 3, 3, 3, 3, 3, 3, 3, 3, 3, 3, 3, 3, 3, 3, 3, 3, 3, 3, 3, 3, 3, 3, 3, 3, 3, 3, 3, 3, 3, 3, 3, 3, 3, 3, 3, 3, 3, 3, 3, 3, 3, 3, 3, 3, 3, 3, 3, 3, 3, 3, 3, 3, 3, 3, 3, 3, 3, 3, 3, 3, 3, 3, 3, 3, 3, 3, 3, 3, 3, 3, 3, 3, 3, 3, 3, 3, 3, 3, 3, 3, 3, 3, 3, 3, 3, 3, 3, 3, 3, 3, 3, 3, 3, 3, 3, 3, 3, 3, 3, 3, 3, 3, 3, 3, 3, 3, 3, 3, 3, 3, 3, 3, 3, 3, 3, 3, 3, 3, 3, 3, 3, 3, 3, 3, 3, 3, 3, 3, 3, 3, 3, 3, 3, 3, 3, 3, 3, 3, 3, 3, 3, 3, 3, 3, 3, 3, 3, 3, 3, 3, 3, 3, 3, 3, 3, 3, 3, 3, 3, 3, 3, 3, 3, 3, 3, 3, 3, 3, 3, 3, 3, 3, 3, 3, 3, 3, 3, 3, 3, 3, 3, 3, 3, 3, 3, 3, 3, 3, 3, 3, 3, 3, 3, 3, 3, 3, 3, 3, 3, 3, 3, 3, 3, 3, 3, 3, 3, 3, 3, 3, 3, 3, 3, 3, 3, 3, 3, 3, 3, 3, 3, 3, 3, 3, 3, 3, 3, 3, 3, 3, 3, 3, 3, 3, 3, 3, 3, 3, 3, 3, 3, 3, 3, 3, 3, 3, 3, 3, 3, 3, 3, 3, 3, 3, 3, 3, 3, 3, 3, 3, 3, 3, 3, 3, 3, 3, 3, 3, 3, 3, 3, 3, 3, 3, 3, 3, 3, 3, 3, 3, 3, 3, 3, 3, 3, 3, 3, 3, 3, 3, 3, 3, 3, 3, 3, 3, 3, 3, 3, 3, 3, 3, 3, 3, 3, 3, 3, 3, 3, 3, 3, 3, 3, 3, 3, 3, 3, 3, 3, 3, 3, 3, 3, 3, 3, 3, 3, 3, 3, 3, 3, 3, 3, 3, 3, 3, 3, 3, 3, 3, 3, 3, 3, 3, 3, 3, 3, 3, 3, 3, 3, 3, 3, 3, 3, 3, 3, 3, 3, 3, 3, 3, 3, 3, 3, 3, 3, 3, 3, 3, 3, 3, 3, 3, 3, 3, 3, 3, 3, 3, 3, 3, 3, 3, 3, 3, 3, 3, 3, 3, 3, 3, 3, 3, 3, 3, 3, 3, 3, 3, 3, 3, 3, 3, 3, 3, 3, 3, 3, 3, 3, 3, 3, 3, 3, 3, 3, 3, 3, 3, 3, 3, 3, 3, 3, 3, 3, 3, 3, 3, 3, 3, 3, 3, 3, 3, 3, 3, 3, 3, 3, 3, 3, 3, 3, 3, 3, 3, 3, 3, 3, 3, 3, 3, 3, 3, 3, 3, 3, 3, 3, 3, 3, 3, 3, 3, 3, 3, 3, 3, 3, 3, 3, 3, 3, 3, 3, 3, 3, 3, 3, 3, 3, 3, 3, 3, 3, 3, 3, 3, 3, 3, 3, 3, 3, 3, 3, 3, 3, 3, 3, 3, 3, 3, 3, 3, 3, 3, 3, 3, 3, 3, 3, 3, 3, 3, 3, 3, 3, 3, 3, 3, 3, 3, 3, 3, 3, 3, 3, 3, 3, 3, 3, 3, 3, 3, 3, 3, 3, 3, 3, 3, 3, 3, 3, 3, 3, 3, 3, 3, 3, 3, 3, 3, 3, 3, 3, 3, 3, 3, 3, 3, 3, 3, 3, 3, 3, 3, 3, 3, 3, 3, 3, 3, 3, 3, 3, 3, 3, 3, 3, 3, 3, 3, 3, 3, 3, 3, 3, 3, 3, 3, 3, 3, 3, 3, 3, 3, 3, 3, 3, 3, 3, 3, 3, 3, 3, 3, 3, 3, 3, 3, 3, 3, 3, 3, 3, 3, 3, 3, 3, 3, 3, 3, 3, 3, 3, 3, 3, 3, 3, 3, 3, 3, 3, 3, 3, 3, 3, 3, 3, 3, 3, 3, 3, 3, 3, 3, 3, 3, 3, 3, 3, 3, 3, 3, 3, 3, 3, 3, 3, 3, 3, 3, 3, 3, 3, 3, 3, 3, 3, 3, 3, 3, 3, 3, 3, 3, 3, 3, 3, 3, 3, 3, 3, 3, 3, 3, 3, 3, 3, 3, 3, 3, 3, 3, 3, 3, 3, 3, 3, 3, 3, 3, 3, 3, 3, 3, 3, 3, 3, 3, 3, 3, 3, 3, 3, 3, 3, 3, 3, 3, 3, 3, 3, 3, 3, 3, 3, 3, 3, 3, 3, 3, 3, 3, 3, 3, 3, 3, 3, 3, 3, 3, 3, 3, 3, 3, 3, 3, 3, 3, 3, 3, 3, 3, 3, 3, 3, 3, 3, 3, 3, 3, 3, 3, 3, 3, 3, 3, 3, 3, 3, 3, 3, 3, 3, 3, 3, 3, 3, 3, 3, 3, 3, 3, 3, 3, 3, 3, 3, 3, 3, 3, 3, 3, 3, 3, 3, 3, 3, 3, 3, 3, 3, 3, 3, 3, 3, 3, 3, 3, 3, 3, 3, 3, 3, 3, 3, 3, 3, 3, 3, 3, 3, 3, 3, 3, 3, 3, 3, 3, 3, 3, 3, 3, 3, 3, 3, 3, 3, 3, 3, 3, 3, 3, 3, 3, 3, 3, 3, 3, 3, 3, 3, 3, 3, 3, 3, 3, 3, 3, 3, 3, 3, 3, 3, 3, 3, 3, 3, 3, 3, 3, 3, 3, 3, 3, 3, 3, 3, 3, 3, 3, 3, 3, 3, 3, 3, 3, 3, 3, 3, 3, 3, 3, 3, 3, 3, 3, 3, 3, 3, 3, 3, 3, 3, 3, 3, 3, 3, 3, 3, 3, 3, 3, 3, 3, 3, 3, 3, 3, 3, 3, 3, 3, 3, 3, 3, 3, 3, 3, 3, 3, 3, 3, 3, 3, 3, 3, 3, 3, 3, 3, 3, 3, 3, 3, 3, 3, 3, 3, 3, 3, 3, 3, 3, 3, 3, 3, 3, 3, 3, 3, 3, 3, 3, 3, 3, 3, 3, 3, 3, 3, 3, 3, 3, 3, 3, 3, 3, 3, 3, 3, 3, 3, 3, 3, 3, 3, 3, 3, 3, 3, 3, 3, 3, 3, 3, 3, 3, 3, 3, 3, 3, 3, 3, 3, 3, 3, 3, 3, 3, 3, 3, 3, 3, 3, 3, 3, 3, 3, 3, 3, 3, 3, 3, 3, 3, 3, 3, 3, 3, 3, 3, 3, 3, 3, 3, 3, 3, 3, 3, 3, 3, 3, 3, 3, 3, 3, 3, 3, 3, 3, 3, 3, 3, 3, 3, 3, 3, 3, 3, 3, 3, 3, 3, 3, 3, 3, 3, 3, 3, 3, 3, 3, 3, 3, 3, 3, 3, 3, 3, 3, 3, 3, 3, 3, 3, 3, 3, 3, 3, 3, 3, 3, 3, 3, 3, 3, 3, 3, 3, 3, 3, 3, 3, 3, 3, 3, 3, 3, 3, 3, 3, 3, 3, 3, 3, 3, 3, 3, 3, 3, 3, 3, 3, 3, 3, 3, 3, 3, 3, 3, 3, 3, 3, 3, 3, 3, 3, 3, 3, 3, 3, 3, 3, 3, 3, 3, 3, 3, 3, 3, 3, 3, 3, 3, 3, 3, 3, 3, 3, 3, 3, 3, 3, 3, 3, 3, 3, 3, 3, 3, 3, 3, 3, 3, 3, 3, 3, 3, 3, 3, 3, 3, 3, 3, 3, 3, 3, 3, 3, 3, 3, 3, 3, 3, 3, 3, 3, 3, 3, 3, 3, 3, 3, 3, 3, 3, 3, 3, 3, 3, 3, 3, 3, 3, 3, 3, 3, 3, 3, 3, 3, 3, 3, 3, 3, 3, 3, 3, 3, 3, 3, 3, 3, 3, 3, 3, 3, 3, 3, 3, 3, 3, 3, 3, 3, 3, 3, 3, 3, 3, 3, 3, 3, 3, 3, 3, 3, 3, 3, 3, 3, 3, 3, 3, 3, 3, 3, 3, 3, 3, 3, 3, 3, 3, 3, 3, 3, 3, 3, 3, 3, 3, 3, 3, 3, 3, 3, 3, 3, 3, 3, 3, 3, 3, 3, 3, 3, 3, 3, 3, 3, 3, 3, 3, 3, 3, 3, 3, 3, 3, 3, 3, 3, 3, 3, 3, 3, 3, 3, 3, 3, 3, 3, 3, 3, 3, 3, 3, 3, 3, 3, 3, 3, 3, 3, 3, 3, 3, 3, 3, 3, 3, 3, 3, 3, 3, 3, 3, 3, 3, 3, 3, 3, 3, 3, 3, 3, 3, 3, 3, 3, 3, 3, 3, 3, 3, 3, 3, 3, 3, 3, 3, 3, 3, 3, 3, 3, 3, 3, 3, 3, 3, 3, 3, 3, 3, 3, 3, 3, 3, 3, 3, 3, 3, 3, 3, 3, 3, 3, 3, 3, 3, 3, 3, 3, 3, 3, 3, 3, 3, 3, 3, 3, 3, 3, 3, 3, 3, 3, 3, 3, 3, 3, 3, 3, 3, 3, 3, 3, 3, 3, 3, 3, 3, 3, 3, 3, 3, 3, 3, 3, 3, 3, 3, 3, 3, 3, 3, 3, 3, 3, 3, 3, 3, 3, 3, 3, 3, 3, 3, 3, 3, 3, 3, 3, 3, 3, 3, 3, 3, 3, 3, 3, 3, 3, 3, 3, 3, 3, 3, 3, 3, 3, 3, 3, 3, 3, 3, 3, 3, 3, 3, 3, 3, 3, 3, 3, 3, 3, 3, 3, 3, 3, 3, 3, 3, 3, 3, 3, 3, 3, 3, 3, 3, 3, 3, 3, 3, 3, 3, 3, 3, 3, 3, 3, 3, 3, 3, 3, 3, 3, 3, 3, 3, 3, 3, 3, 3, 3, 3, 3, 3, 3, 3, 3, 3, 3, 3, 3, 3, 3, 3, 3, 3, 3, 3, 3, 3, 3, 3, 3, 3, 3, 3, 3, 3, 3, 3, 3, 3, 3, 3, 3, 3, 3, 3, 3, 3, 3, 3, 3, 3, 3, 3, 3, 3, 3, 3, 3, 3, 3, 3, 3, 3, 3, 3, 3, 3, 3, 3, 3, 3, 3, 3, 3, 3, 3, 3, 3, 3, 3, 3, 3, 3, 3, 3, 3, 3, 3, 3, 3, 3, 3, 3, 3, 3, 3, 3, 3, 3, 3, 3, 3, 3, 3, 3, 3, 3, 3, 3, 3, 3, 3, 3, 3, 3, 3, 3, 3, 3, 3, 3, 3, 3, 3, 3, 3, 3, 3, 3, 3, 3, 3, 3, 3, 3, 3, 3, 3, 3, 3, 3, 3, 3, 3, 3, 3, 3, 3, 3, 3, 3, 3, 3, 3, 3, 3, 3, 3, 3, 3, 3, 3, 3, 3, 3, 3, 3, 3, 3, 3, 3, 3, 3, 3, 3, 3, 3, 3, 3, 3, 3, 3, 3, 3, 3, 3, 3, 3, 3, 3, 3, 3, 3, 3, 3, 3, 3, 3, 3, 3, 3, 3, 3, 3, 3, 3, 3, 3, 3, 3, 3, 3, 3, 3, 3, 3, 3, 3, 3, 3, 3, 3, 3, 3, 3, 3, 3, 3, 3, 3, 3, 3, 3, 3, 3, 3, 3, 3, 3, 3, 3, 3, 3, 3, 3, 3, 3, 3, 3, 3, 3, 3, 3, 3, 3, 3, 3, 3, 3, 3, 3, 3, 3, 3, 3, 3, 3, 3, 3, 3, 3, 3, 3, 3, 3, 3, 3, 3, 3, 3, 3, 3, 3, 3, 3, 3, 3, 3, 3, 3, 3, 3, 3, 3, 3, 3, 3, 3, 3, 3, 3, 3, 3, 3, 3, 3, 3, 3, 3, 3, 3, 3, 3, 3, 3, 3, 3, 3, 3, 3, 3, 3, 3, 3, 3, 3, 3, 3, 3, 3, 3, 3, 3, 3, 3, 3, 3, 3, 3, 3, 3, 3, 3, 3, 3, 3, 3, 3, 3, 3, 3, 3, 3, 3, 3, 3, 3, 3, 3, 3, 3, 3, 3, 3, 3, 3, 3, 3, 3, 3, 3, 3, 3, 3, 3, 3, 3, 3, 3, 3, 3, 3, 3, 3, 3, 3, 3, 3, 3, 3, 3, 3, 3, 3, 3, 3, 3, 3, 3, 3, 3, 3, 3, 3, 3, 3, 3, 3, 3, 3, 3, 3, 3, 3, 3, 3, 3, 3, 3, 3, 3, 3, 3, 3, 3, 3, 3, 3, 3, 3, 3, 3, 3, 3, 3, 3, 3, 3, 3, 3, 3, 3, 3, 3, 3, 3, 3, 3, 3, 3, 3, 3, 3, 3, 3, 3, 3, 3, 3, 3, 3, 3, 3, 3, 3, 3, 3, 3, 3, 3, 3, 3, 3, 3, 3, 3, 3, 3, 3, 3, 3, 3, 3, 3, 3, 3, 3, 3, 3, 3, 3, 3, 3, 3, 3, 3, 3, 3, 3, 3, 3, 3, 3, 3, 3, 3, 3, 3, 3, 3, 3, 3, 3, 3, 3, 3, 3, 3, 3, 3, 3, 3, 3, 3, 3, 3, 3, 3, 3, 3, 3, 3, 3, 3, 3, 3, 3, 3, 3, 3, 3, 3, 3, 3, 3, 3, 3, 3, 3, 3, 3, 3, 3, 3, 3, 3, 3, 3, 3, 3, 3, 3, 3, 3, 3, 3, 3, 3, 3, 3, 3, 3, 3, 3, 3, 3, 3, 3, 3, 3, 3, 3, 3, 3, 3, 3, 3, 3, 3, 3, 3, 3, 3, 3, 3, 3, 3, 3, 3, 3, 3, 3, 3, 3, 3, 3, 3, 3, 3, 3, 3, 3, 3, 3, 3, 3, 3, 3, 3, 3, 3, 3, 3, 3, 3, 3, 3, 3, 3, 3, 3, 3, 3, 3, 3, 3, 3, 3, 3, 3, 3, 3, 3, 3, 3, 3, 3, 3, 3, 3, 3, 3, 3, 3, 3, 3, 3, 3, 3, 3, 3, 3, 3, 3, 3, 3, 3, 3, 3, 3, 3, 3, 3, 3, 3, 3, 3, 3, 3, 3, 3, 3, 3, 3, 3, 3, 3, 3, 3, 3, 3, 3, 3, 3, 3, 3, 3, 3, 3, 3, 3, 3, 3, 3, 3, 3, 3, 3, 3, 3, 3, 3, 3, 3, 3, 3, 3, 3, 3, 3, 3, 3, 3, 3, 3, 3, 3, 3, 3, 3, 3, 3, 3, 3, 3, 3, 3, 3, 3, 3, 3, 3, 3, 3, 3, 3, 3, 3, 3, 3, 3, 3, 3, 3, 3, 3, 3, 3, 3, 3, 3, 3, 3, 3, 3, 3, 3, 3, 3, 3, 3, 3, 3, 3, 3, 3, 3, 3, 3, 3, 3, 3, 3, 3, 3, 3, 3, 3, 3, 3, 3, 3, 3, 3, 3, 3, 3, 3, 3, 3, 3, 3, 3, 3, 3, 3, 3, 3, 3, 3, 3, 3, 3, 3, 3, 3, 3, 3, 3, 3, 3, 3, 3, 3, 3, 3, 3, 3, 3, 3, 3, 3, 3, 3, 3, 3, 3, 3, 3, 3, 3, 3, 3, 3, 3, 3, 3, 3, 3, 3, 3, 3, 3, 3, 3, 3, 3, 3, 3, 3, 3, 3, 3, 3, 3, 3, 3, 3, 3, 3, 3, 3, 3, 3, 3, 3, 3, 3, 3, 3, 3, 3, 3, 3, 3, 3, 3, 3, 3, 3, 3, 3, 3, 3, 3, 3, 3, 3, 3, 3, 3, 3, 3, 3, 3, 3, 3, 3, 3, 3, 3, 3, 3, 3, 3, 3, 3, 3, 3, 3, 3, 3, 3, 3, 3, 3, 3, 3, 3, 3, 3, 3, 3, 3, 3, 3, 3, 3, 3, 3, 3, 3, 3, 3, 3, 3, 3, 3, 3, 3, 3, 3, 3, 3, 3, 3, 3, 3, 3, 3, 3, 3, 3, 3, 3, 3, 3, 3, 3, 3, 3, 3, 3, 3, 3, 3, 3, 3, 3, 3, 3, 3, 3, 3, 3, 3, 3, 3, 3, 3, 3, 3, 3, 3, 3, 3, 3, 3, 3, 3, 3, 3, 3, 3, 3, 3, 3, 3, 3, 3, 3, 3, 3, 3, 3, 3, 3, 3, 3, 3, 3, 3, 3, 3, 3, 3, 3, 3, 3, 3, 3, 3, 3, 3, 3, 3, 3, 3, 3, 3, 3, 3, 3, 3, 3, 3, 3, 3, 3, 3, 3, 3, 3, 3, 3, 3, 3, 3, 3, 3, 3, 3, 3, 3, 3, 3, 3, 3, 3, 3, 3, 3, 3, 3, 3, 3, 3, 3, 3, 3, 3, 3, 3, 3, 3, 3, 3, 3, 3, 3, 3, 3, 3, 3, 3, 3, 3, 3, 3, 3, 3, 3, 3, 3, 3, 3, 3, 3, 3, 3, 3, 3, 3, 3, 3, 3, 3, 3, 3, 3, 3, 3, 3, 3, 3, 3, 3, 3, 3, 3, 3, 3, 3, 3, 3, 3, 3, 3, 3, 3, 3, 3, 3, 3, 3, 3, 3, 3, 3, 3, 3, 3, 3, 3, 3, 3, 3, 3, 3, 3, 3, 3, 3, 3, 3, 3, 3, 3, 3, 3, 3, 3, 3, 3, 3, 3, 3, 3, 3, 3, 3, 3, 3, 3, 3, 3, 3, 3, 3, 3, 3, 3, 3, 3, 3, 3, 3, 3, 3, 3, 3, 3, 3, 3, 3, 3, 3, 3, 3, 3, 3, 3, 3, 3, 3, 3, 3, 3, 3, 3, 3, 3, 3, 3, 3, 3, 3, 3, 3, 3, 3, 3, 3, 3, 3, 3, 3, 3, 3, 3, 3, 3, 3, 3, 3, 3, 3, 3, 3, 3, 3, 3, 3, 3, 3, 3, 3, 3, 3, 3, 3, 3, 3, 3, 3, 3, 3, 3, 3, 3, 3, 3, 3, 3, 3, 3, 3, 3, 3, 3, 3, 3, 3, 3, 3, 3, 3, 3, 3, 3, 3, 3, 3, 3, 3, 3, 3, 3, 3, 3, 3, 3, 3, 3, 3, 3, 3, 3, 3, 3, 3, 3, 3, 3, 3, 3, 3, 3, 3, 3, 3, 3, 3, 3, 3, 3, 3, 3, 3, 3, 3, 3, 3, 3, 3, 3, 3, 3, 3, 3, 3, 3, 3, 3, 3, 3, 3, 3, 3, 3, 3, 3, 3, 3, 3, 3, 3, 3, 3, 3, 3, 3, 3, 3, 3, 3, 3, 3, 3, 3, 3, 3, 3, 3, 3, 3, 3, 3, 3, 3, 3, 3, 3, 3, 3, 3, 3, 3, 3, 3, 3, 3, 3, 3, 3, 3, 3, 3, 3, 3, 3, 3, 3, 3, 3, 3, 3, 3, 3, 3, 3, 3, 3, 3, 3, 3, 3, 3, 3, 3, 3, 3, 3, 3, 3, 3, 3, 3, 3, 3, 3, 3, 3, 3, 3, 3, 3, 3, 3, 3, 3, 3, 3, 3, 3, 3, 3, 3, 3, 3, 3, 3, 3, 3, 3, 3, 3, 3, 3, 3, 3, 3, 3, 3, 3, 3, 3, 3, 3, 3, 3, 3, 3, 3, 3, 3, 3, 3, 3, 3, 3, 3, 3, 3, 3, 3, 3, 3, 3, 3, 3, 3, 3, 3, 3, 3, 3, 3, 3, 3, 3, 3, 3, 3, 3, 3, 3, 3, 3, 3, 3, 3, 3, 3, 3, 3, 3, 3, 3, 3, 3, 3, 3, 3, 3, 3, 3, 3, 3, 3, 3, 3, 3, 3, 3, 3, 3, 3, 3, 3, 3, 3, 3, 3, 3, 3, 3, 3, 3, 3, 3, 3, 3, 3, 3, 3, 3, 3, 3, 3, 3, 3, 3, 3, 3, 3, 3, 3, 3, 3, 3, 3, 3, 3, 3, 3, 3, 3, 3, 3, 3, 3, 3, 3, 3, 3, 3, 3, 3, 3, 3, 3, 3, 3, 3, 3, 3, 3, 3, 3, 3, 3, 3, 3, 3, 3, 3, 3, 3, 3, 3, 3, 3, 3, 3, 3, 3, 3, 3, 3, 3, 3, 3, 3, 3, 3, 3, 3, 3, 3, 3, 3, 3, 3, 3, 3, 3, 3, 3, 3, 3, 3, 3, 3, 3, 3, 3, 3, 3, 3, 3, 3, 3, 3, 3, 3, 3, 3, 3, 3, 3, 3, 3, 3, 3, 3, 3, 3, 3, 3, 3, 3, 3, 3, 3, 3, 3, 3, 3, 3, 3, 3, 3, 3, 3, 3, 3, 3, 3, 3, 3, 3, 3, 3, 3, 3, 3, 3, 3, 3, 3, 3, 3, 3, 3, 3, 3, 3, 3, 3, 3, 3, 3, 3, 3, 3, 3, 3, 3, 3, 3, 3, 3, 3, 3, 3, 3, 3, 3, 3, 3, 3, 3, 3, 3, 3, 3, 3, 3, 3, 3, 3, 3, 3, 3, 3, 3, 3, 3, 3, 3, 3, 3, 3, 3, 3, 3, 3, 3, 3, 3, 3, 3, 3, 3, 3, 3, 3, 3, 3, 3, 3, 3, 3, 3, 3, 3, 3, 3, 3, 3, 3, 3, 3, 3, 3, 3, 3, 3, 3, 3, 3, 3, 3, 3, 3, 3, 3, 3, 3, 3, 3, 3, 3, 3, 3, 3, 3, 3, 3, 3, 3, 3, 3, 3, 3, 3, 3, 3, 3, 3, 3, 3, 3, 3, 3, 3, 3, 3, 3, 3, 3, 3, 3, 3, 3, 3, 3, 3, 3, 3, 3, 3, 3, 3, 3, 3, 3, 3, 3, 3, 3, 3, 3, 3, 3, 3, 3, 3, 3, 3, 3, 3, 3, 3, 3, 3, 3, 3, 3, 3, 3, 3, 3, 3, 3, 3, 3, 3, 3, 3, 3, 3, 3, 3, 3, 3, 3, 3, 3, 3, 3, 3, 3, 3, 3, 3, 3, 3, 3, 3, 3, 3, 3, 3, 3, 3, 3, 3, 3, 3, 3, 3, 3, 3, 3, 3, 3, 3, 3, 3, 3, 3, 3, 3, 3, 3, 3, 3, 3, 3, 3, 3, 3, 3, 3, 3, 3, 3, 3, 3, 3, 3, 3, 3, 3, 3, 3, 3, 3, 3, 3, 3, 3, 3, 3, 3, 3, 3, 3, 3, 3, 3, 3, 3, 3, 3, 3, 3, 3, 3, 3, 3, 3, 3, 3, 3, 3, 3, 3, 3, 3, 3, 3, 3, 3, 3, 3, 3, 3, 3, 3, 3, 3, 3, 3, 3, 3, 3, 3, 3, 3, 3, 3, 3, 3, 3, 3, 3, 3, 3, 3, 3, 3, 3, 3, 3, 3, 3, 3, 3, 3, 3, 3, 3, 3, 3, 3, 3, 3, 3, 3, 3, 3, 3, 3, 3, 3, 3, 3, 3, 3, 3, 3, 3, 3, 3, 3, 3, 3, 3, 3, 3, 3, 3, 3, 3, 3, 3, 3, 3, 3, 3, 3, 3, 3, 3, 3, 3, 3, 3, 3, 3, 3, 3, 3, 3, 3, 3, 3, 3, 3, 3, 3, 3, 3, 3, 3, 3, 3, 3, 3, 3, 3, 3, 3, 3, 3, 3, 3, 3, 3, 3, 3, 3, 3, 3, 3, 3, 3, 3, 3, 3, 3, 3, 3, 3, 3, 3, 3, 3, 3, 3, 3, 3, 3, 3, 3, 3, 3, 3, 3, 3, 3, 3, 3, 3, 3, 3, 3, 3, 3, 3, 3, 3, 3, 3, 3, 3, 3, 3, 3, 3, 3, 3, 3, 3, 3, 3, 3, 3, 3, 3, 3, 3, 3, 3, 3, 3, 3, 3, 3, 3, 3, 3, 3, 3, 3, 3, 3, 3, 3, 3, 3, 3, 3, 3, 3, 3, 3, 3, 3, 3, 3, 3, 3, 3, 3, 3, 3, 3, 3, 3, 3, 3, 3, 3, 3, 3, 3, 3, 3, 3, 3, 3, 3, 3, 3, 3, 3, 3, 3, 3, 3, 3, 3, 3, 3, 3, 3, 3, 3, 3, 3, 3, 3, 3, 3, 3, 3, 3, 3, 3, 3, 3, 3, 3, 3, 3, 3, 3, 3, 3, 3, 3, 3, 3, 3, 3, 3, 3, 3, 3, 3, 3, 3, 3, 3, 3, 3, 3, 3, 3, 3, 3, 3, 3, 3, 3, 3, 3, 3, 3, 3, 3, 3, 3, 3, 3, 3, 3, 3, 3, 3, 3, 3, 3, 3, 3, 3, 3, 3, 3, 3, 3, 3, 3, 3, 3, 3, 3, 3, 3, 3, 3, 3, 3, 3, 3, 3, 3, 3, 3, 3, 3, 3, 3, 3, 3, 3, 3, 3, 3, 3, 3, 3, 3, 3, 3, 3, 3, 3, 3, 3, 3, 3, 3, 3, 3, 3, 3, 3, 3, 3, 3, 3, 3, 3, 3, 3, 3, 3, 3, 3, 3, 3, 3, 3, 3, 3, 3, 3, 3, 3, 3, 3, 3, 3, 3, 3, 3, 3, 3, 3, 3, 3, 3, 3, 3, 3, 3, 3, 3, 3, 3, 3, 3, 3, 3, 3, 3, 3, 3, 3, 3, 3, 3, 3, 3, 3, 3, 3, 3, 3, 3, 3, 3, 3, 3, 3, 3, 3, 3, 3, 3, 3, 3, 3, 3, 3, 3, 3, 3, 3, 3, 3, 3, 3, 3, 3, 3, 3, 3, 3, 3, 3, 3, 3, 3, 3, 3, 3, 3, 3, 3, 3, 3, 3, 3, 3, 3, 3, 3, 3, 3, 3, 3, 3, 3, 3, 3, 3, 3, 3, 3, 3, 3, 3, 3, 3, 3, 3, 3, 3, 3, 3, 3, 3, 3, 3, 3, 3, 3, 3, 3, 3, 3, 3, 3, 3, 3, 3, 3, 3, 3, 3, 3, 3, 3, 3, 3, 3, 3, 3, 3, 3, 3, 3, 3, 3, 3, 3, 3, 3, 3, 3, 3, 3, 3, 3, 3, 3, 3, 3, 3, 3, 3, 3, 3, 3, 3, 3, 3, 3, 3, 3, 3, 3, 3, 3, 3, 3, 3, 3, 3, 3, 3, 3, 3, 3, 3, 3, 3, 3, 3, 3, 3, 3, 3, 3, 3, 3, 3, 3, 3, 3, 3, 3, 3, 3, 3, 3, 3, 3, 3, 3, 3, 3, 3, 3, 3, 3, 3, 3, 3, 3, 3, 3, 3, 3, 3, 3, 3, 3, 3, 3, 3, 3, 3, 3, 3, 3, 3, 3, 3, 3, 3, 3, 3, 3, 3, 3, 3, 3, 3, 3, 3, 3, 3, 3, 3, 3, 3, 3, 3, 3, 3, 3, 3, 3, 3, 3, 3, 3, 3, 3, 3, 3, 3, 3, 3, 3, 3, 3, 3, 3, 3, 3, 3, 3, 3, 3, 3, 3, 3, 3, 3, 3, 3, 3, 3, 3, 3, 3, 3, 3, 3, 3, 3, 3, 3, 3, 3, 3, 3, 3, 3, 3, 3, 3, 3, 3, 3, 3, 3, 3, 3, 3, 3, 3, 3, 3, 3, 3, 3, 3, 3, 3, 3, 3, 3, 3, 3, 3, 3, 3, 3, 3, 3, 3, 3, 3, 3, 3, 3, 3, 3, 3, 3, 3, 3, 3, 3, 3, 3, 3, 3, 3, 3, 3, 3, 3, 3, 3, 3, 3, 3, 3, 3, 3, 3, 3, 3, 3, 3, 3, 3, 3, 3, 3, 3, 3, 3, 3, 3, 3, 3, 3, 3, 3, 3, 3, 3, 3, 3, 3, 3, 3, 3, 3, 3, 3, 3, 3, 3, 3, 3, 3, 3, 3, 3, 3, 3, 3, 3, 3, 3, 3, 3, 3, 3, 3, 3, 3, 3, 3, 3, 3, 3, 3, 3, 3, 3, 3, 3, 3, 3, 3, 3, 3, 3, 3, 3, 3, 3, 3, 3, 3, 3, 3, 3, 3, 3, 3, 3, 3, 3, 3, 3, 3, 3, 3, 3, 3, 3, 3, 3, 3, 3, 3, 3, 3, 3, 3, 3, 3, 3, 3, 3, 3, 3, 3, 3, 3, 3, 3, 3, 3, 3, 3, 3, 3, 3, 3, 3, 3, 3, 3, 3, 3, 3, 3, 3, 3, 3, 3, 3, 3, 3, 3, 3, 3, 3, 3, 3, 3, 3, 3, 3, 3, 3, 3, 3, 3, 3, 3, 3, 3, 3, 3, 3, 3, 3, 3, 3, 3, 3, 3, 3, 3, 3, 3, 3, 3, 3, 3, 3, 3, 3, 3, 3, 3, 3, 3, 3, 3, 3, 3, 3, 3, 3, 3, 3, 3, 3, 3, 3, 3, 3, 3, 3, 3, 3, 3, 3, 3, 3, 3, 3, 3, 3, 3, 3, 3, 3, 3, 3, 3, 3, 3, 3, 3, 3, 3, 3, 3, 3, 3, 3, 3, 3, 3, 3, 3, 3, 3, 3, 3, 3, 3, 3, 3, 3, 3, 3, 3, 3, 3, 3, 3, 3, 3, 3, 3, 3, 3, 3, 3, 3, 3, 3, 3, 3, 3, 3, 3, 3, 3, 3, 3, 3, 3, 3, 3, 3, 3, 3, 3, 3, 3, 3, 3, 3, 3, 3, 3, 3, 3, 3, 3, 3, 3, 3, 3, 3, 3, 3, 3, 3, 3, 3, 3, 3, 3, 3, 3, 3, 3, 3, 3, 3, 3, 3, 3, 3, 3, 3, 3, 3, 3, 3, 3, 3, 3, 3, 3, 3, 3, 3, 3, 3, 3, 3, 3, 3, 3, 3, 3, 3, 3, 3, 3, 3, 3, 3, 3, 3, 3, 3, 3, 3, 3, 3, 3, 3, 3, 3, 3, 3, 3, 3, 3, 3, 3, 3, 3, 3, 3, 3, 3, 3, 3, 3, 3, 3, 3, 3, 3, 3, 3, 3, 3, 3, 3, 3, 3, 3, 3, 3, 3, 3, 3, 3, 3, 3, 3, 3, 3, 3, 3, 3, 3, 3, 3, 3, 3, 3, 3, 3, 3, 3, 3, 3, 3, 3, 3, 3, 3, 3, 3, 3, 3, 3, 3, 3, 3, 3, 3, 3, 3, 3, 3, 3, 3, 3, 3, 3, 3, 3, 3, 3, 3, 3, 3, 3, 3, 3, 3, 3, 3, 3, 3, 3, 3, 3, 3, 3, 3, 3, 3, 3, 3, 3, 3, 3, 3, 3, 3, 3, 3, 3, 3, 3, 3, 3, 3, 3, 3, 3, 3, 3, 3, 3, 3, 3, 3, 3, 3, 3, 3, 3, 3, 3, 3, 3, 3, 3, 3, 3, 3, 3, 3, 3, 3, 3, 3, 3, 3, 3, 3, 3, 3, 3, 3, 3, 3, 3, 3, 3, 3, 3, 3, 3, 3, 3, 3, 3, 3, 3, 3, 3, 3, 3, 3, 3, 3, 3, 3, 3, 3, 3, 3, 3, 3, 3, 3, 3, 3, 3, 3, 3, 3, 3, 3, 3, 3, 3, 3, 3, 3, 3, 3, 3, 3, 3, 3, 3, 3, 3, 3, 3, 3, 3, 3, 3, 3, 3, 3, 3, 3, 3, 3, 3, 3, 3, 3, 3, 3, 3, 3, 3, 3, 3, 3, 3, 3, 3, 3, 3, 3, 3, 3, 3, 3, 3, 3, 3, 3, 3, 3, 3, 3, 3, 3, 3, 3, 3, 3, 3, 3, 3, 3, 3, 3, 3, 3, 3, 3, 3, 3, 3, 3, 3, 3, 3, 3, 3, 3, 3, 3, 3, 3, 3, 3, 3, 3, 3, 3, 3, 3, 3, 3, 3, 3, 3, 3, 3, 3, 3, 3, 3, 3, 3, 3, 3, 3, 3, 3, 3, 3, 3, 3, 3, 3, 3, 3, 3, 3, 3, 3, 3, 3, 3, 3, 3, 3, 3, 3, 3, 3, 3, 3, 3, 3, 3, 3, 3, 3, 3, 3, 3, 3, 3, 3, 3, 3, 3, 3, 3, 3, 3, 3, 3, 3, 3, 3, 3, 3, 3, 3, 3, 3, 3, 3, 3, 3, 3, 3, 3, 3, 3, 3, 3, 3, 3, 3, 3, 3, 3, 3, 3, 3, 3, 3, 3, 3, 3, 3, 3, 3, 3, 3, 3, 3, 3, 3, 3, 3, 3, 3, 3, 3, 3, 3, 3, 3, 3, 3, 3, 3, 3, 3, 3, 3, 3, 3, 3, 3, 3, 3, 3, 3, 3, 3, 3, 3, 3, 3, 3, 3, 3, 3, 3, 3, 3, 3, 3, 3, 3, 3, 3, 3, 3, 3, 3, 3, 3, 3, 3, 3, 3, 3, 3, 3, 3, 3, 3, 3, 3, 3, 3, 3, 3, 3, 3, 3, 3, 3, 3, 3, 3, 3, 3, 3, 3, 3, 3, 3, 3, 3, 3, 3, 3, 3, 3, 3, 3, 3, 3, 3, 3, 3, 3, 3, 3, 3, 3, 3, 3, 3, 3, 3, 3, 3, 3, 3, 3, 3, 3, 3, 3, 3, 3, 3, 3, 3, 3, 3, 3, 3, 3, 3, 3, 3, 3, 3, 3, 3, 3, 3, 3, 3, 3, 3, 3, 3, 3, 3, 3, 3, 3, 3, 3, 3, 3, 3, 3, 3, 3, 3, 3, 3, 3, 3, 3, 3, 3, 3, 3, 3, 3, 3, 3, 3, 3, 3, 3, 3, 3, 3, 3, 3, 3, 3, 3, 3, 3, 3, 3, 3, 3, 3, 3, 3, 3, 3, 3, 3, 3, 3, 3, 3, 3, 3, 3, 3, 3, 3, 3, 3, 3, 3, 3, 3, 3, 3, 3, 3, 3, 3, 3, 3, 3, 3, 3, 3, 3, 3, 3, 3, 3, 3, 3, 3, 3, 3, 3, 3, 3, 3, 3, 3, 3, 3, 3, 3, 3, 3, 3, 3, 3, 3, 3, 3, 3, 3, 3, 3, 3, 3, 3, 3, 3, 3, 3, 3, 3, 3, 3, 3, 3, 3, 3, 3, 3, 3, 3, 3, 3, 3, 3, 3, 3, 3, 3, 3, 3, 3, 3, 3, 3, 3, 3, 3, 3, 3, 3, 3, 3, 3, 3, 3, 3, 3, 3, 3, 3, 3, 3, 3, 3, 3, 3, 3, 3, 3, 3, 3, 3, 3, 3, 3, 3, 3, 3, 3, 3, 3, 3, 3, 3, 3, 3, 3, 3, 3, 3, 3, 3, 3, 3, 3, 3, 3, 3, 3, 3, 3, 3, 3, 3, 3, 3, 3, 3, 3, 3, 3, 3, 3, 3, 3, 3, 3, 3, 3, 3, 3, 3, 3, 3, 3, 3, 3, 3, 3, 3, 3, 3, 3, 3, 3, 3, 3, 3, 3, 3, 3, 3, 3, 3, 3, 3, 3, 3, 3, 3, 3, 3, 3, 3, 3, 3, 3, 3, 3, 3, 3, 3, 3, 3, 3, 3, 3, 3, 3, 3, 3, 3, 3, 3, 3, 3, 3, 3, 3, 3, 3, 3, 3, 3, 3, 3, 3, 3, 3, 3, 3, 3, 3, 3, 3, 3, 3, 3, 3, 3, 3, 3, 3, 3, 3, 3, 3, 3, 3, 3, 3, 3, 3, 3, 3, 3, 3, 3, 3, 3, 3, 3, 3, 3, 3, 3, 3, 3, 3, 3, 3, 3, 3, 3, 3, 3, 3, 3, 3, 3, 3, 3, 3, 3, 3, 3, 3, 3, 3, 3, 3, 3, 3, 3, 3, 3, 3, 3, 3, 3, 3, 3, 3, 3, 3, 3, 3, 3, 3, 3, 3, 3, 3, 3, 3, 3, 3, 3, 3, 3, 3, 3, 3, 3, 3, 3, 3, 3, 3, 3, 3, 3, 3, 3, 3, 3, 3, 3, 3, 3, 3, 3, 3, 3, 3, 3, 3, 3, 3, 3, 3, 3, 3, 3, 3, 3, 3, 3, 3, 3, 3, 3, 3, 3, 3, 3, 3, 3, 3, 3, 3, 3, 3, 3, 3, 3, 3, 3, 3, 3, 3, 3, 3, 3, 3, 3, 3, 3, 3, 3, 3, 3, 3, 3, 3, 3, 3, 3, 3, 3, 3, 3, 3, 3, 3, 3, 3, 3, 3, 3, 3, 3, 3, 3, 3, 3, 3, 3, 3, 3, 3, 3, 3, 3, 3, 3, 3, 3, 3, 3, 3, 3, 3, 3, 3, 3, 3, 3, 3, 3, 3, 3, 3, 3, 3, 3, 3, 3, 3, 3, 3, 3, 3, 3, 3, 3, 3, 3, 3, 3, 3, 3, 3, 3, 3, 3, 3, 3, 3, 3, 3, 3, 3, 3, 3, 3, 3, 3, 3, 3, 3, 3, 3, 3, 3, 3, 3, 3, 3, 3, 3, 3, 3, 3, 3, 3, 3, 3, 3, 3, 3, 3, 3, 3, 3, 3, 3, 3, 3, 3, 3, 3, 3, 3, 3, 3, 3, 3, 3, 3, 3, 3, 3, 3, 3, 3, 3, 3, 3, 3, 3, 3, 3, 3, 3, 3, 3, 3, 3, 3, 3, 3, 3, 3, 3, 3, 3, 3, 3, 3, 3, 3, 3, 3, 3, 3, 3, 3, 3, 3, 3, 3, 3, 3, 3, 3, 3, 3, 3, 3, 3, 3, 3, 3, 3, 3, 3, 3, 3, 3, 3, 3, 3, 3, 3, 3, 3, 3, 3, 3, 3, 3, 3, 3, 3, 3, 3, 3, 3, 3, 3, 3, 3, 3, 3, 3, 3, 3, 3, 3, 3, 3, 3, 3, 3, 3, 3, 3, 3, 3, 3, 3, 3, 3, 3, 3, 3, 3, 3, 3, 3, 3, 3, 3, 3, 3, 3, 3, 3, 3, 3, 3, 3, 3, 3, 3, 3, 3, 3, 3, 3, 3, 3, 3, 3, 3, 3, 3, 3, 3, 3, 3, 3, 3, 3, 3, 3, 3, 3, 3, 3, 3, 3, 3, 3, 3, 3, 3, 3, 3, 3, 3, 3, 3, 3, 3, 3, 3, 3, 3, 3, 3, 3, 3, 3, 3, 3, 3, 3, 3, 3, 3, 3, 3, 3, 3, 3, 3, 3, 3, 3, 3, 3, 3, 3, 3, 3, 3, 3, 3, 3, 3, 3, 3, 3, 3, 3, 3, 3, 3, 3, 3, 3, 3, 3, 3, 3, 3, 3, 3, 3, 3, 3, 3, 3, 3, 3, 3, 3, 3, 3, 3, 3, 3, 3, 3, 3, 3, 3, 3, 3, 3, 3, 3, 3, 3, 3, 3, 3, 3, 3, 3, 3, 3, 3, 3, 3, 3, 3, 3, 3, 3, 3, 3, 3, 3, 3, 3, 3, 3, 3, 3, 3, 3, 3, 3, 3, 3, 3, 3, 3, 3, 3, 3, 3, 3, 3, 3, 3, 3, 3, 3, 3, 3, 3, 3, 3, 3, 3, 3, 3, 3, 3, 3, 3, 3, 3, 3, 3, 3, 3, 3, 3, 3, 3, 3, 3, 3, 3, 3, 3, 3, 3, 3, 3, 3, 3, 3, 3, 3, 3, 3, 3, 3, 3, 3, 3, 3, 3, 3, 3, 3, 3, 3, 3, 3, 3, 3, 3, 3, 3, 3, 3, 3, 3, 3, 3, 3, 3, 3, 3, 3, 3, 3, 3, 3, 3, 3, 3, 3, 3, 3, 3, 3, 3, 3, 3, 3, 3, 3, 3, 3, 3, 3, 3, 3, 3, 3, 3, 3, 3, 3, 3, 3, 3, 3, 3, 3, 3, 3, 3, 3, 3, 3, 3, 3, 3, 3, 3, 3, 3, 3, 3, 3, 3, 3, 3, 3, 3, 3, 3, 3, 3, 3, 3, 3, 3, 3, 3, 3, 3, 3, 3, 3, 3, 3, 3, 3, 3, 3, 3, 3, 3, 3, 3, 3, 3, 3, 3, 3, 3, 3, 3, 3, 3, 3, 3, 3, 3, 3, 3, 3, 3, 3, 3, 3, 3, 3, 3, 3, 3, 3, 3, 3, 3, 3, 3, 3, 3, 3, 3, 3, 3, 3, 3, 3, 3, 3, 3, 3, 3, 3, 3, 3, 3, 3, 3, 3, 3, 3, 3, 3, 3, 3, 3, 3, 3, 3, 3, 3, 3, 3, 3, 3, 3, 3, 3, 3, 3, 3, 3, 3, 3, 3, 3, 3, 3, 3, 3, 3, 3, 3, 3, 3, 3, 3, 3, 3, 3, 3, 3, 3, 3, 3, 3, 3, 3, 3, 3, 3, 3, 3, 3, 3, 3, 3, 3, 3, 3, 3, 3, 3, 3, 3, 3, 3, 3, 3, 3, 3, 3, 3, 3, 3, 3, 3, 3, 3, 3, 3, 3, 3, 3, 3, 3, 3, 3, 3, 3, 3, 3, 3, 3, 3, 3, 3, 3, 3, 3, 3, 3, 3, 3, 3, 3, 3, 3, 3, 3, 3, 3, 3, 3, 3, 3, 3, 3, 3, 3, 3, 3, 3, 3, 3, 3, 3, 3, 3, 3, 3, 3, 3, 3, 3, 3, 3, 3, 3, 3, 3, 3, 3, 3, 3, 3, 3, 3, 3, 3, 3, 3, 3, 3, 3, 3, 3, 3, 3, 3, 3, 3, 3, 3, 3, 3, 3, 3, 3, 3, 3, 3, 3, 3, 3, 3, 3, 3, 3, 3, 3, 3, 3, 3, 3, 3, 3, 3, 3, 3, 3, 3, 3, 3, 3, 3, 3, 3, 3, 3, 3, 3, 3, 3, 3, 3, 3, 3, 3, 3, 3, 3, 3, 3, 3, 3, 3, 3, 3, 3, 3, 3, 3, 3, 3, 3, 3, 3, 3, 3, 3, 3, 3, 3, 3, 3, 3, 3, 3, 3, 3, 3, 3, 3, 3, 3, 3, 3, 3, 3, 3, 3, 3, 3, 3, 3, 3, 3, 3, 3, 3, 3, 3, 3, 3, 3, 3, 3, 3, 3, 3, 3, 3, 3, 3, 3, 3, 3, 3, 3, 3, 3, 3, 3, 3, 3, 3, 3, 3, 3, 3, 3, 3, 3, 3, 3, 3, 3, 3, 3, 3, 3, 3, 3, 3, 3, 3, 3, 3, 3, 3, 3, 3, 3, 3, 3, 3, 3, 3, 3, 3, 3, 3, 3, 3, 3, 3, 3, 3, 3, 3, 3, 3, 3, 3, 3, 3, 3, 3, 3, 3, 3, 3, 3, 3, 3, 3, 3, 3, 3, 3, 3, 3, 3, 3, 3, 3, 3, 3, 3, 3, 3, 3, 3, 3, 3, 3, 3, 3, 3, 3, 3, 3, 3, 3, 3, 3, 3, 3, 3, 3, 3, 3, 3, 3, 3, 3, 3, 3, 3, 3, 3, 3, 3, 3, 3, 3, 3, 3, 3, 3, 3, 3, 3, 3, 3, 3, 3, 3, 3, 3, 3, 3, 3, 3, 3, 3, 3, 3, 3, 3, 3, 3, 3, 3, 3, 3, 3, 3, 3, 3, 3, 3, 3, 3, 3, 3, 3, 3, 3, 3, 3, 3, 3, 3, 3, 3, 3, 3, 3, 3, 3, 3, 3, 3, 3, 3, 3, 3, 3, 3, 3, 3, 3, 3, 3, 3, 3, 3, 3, 3, 3, 3, 3, 3, 3, 3, 3, 3, 3, 3, 3, 3, 3, 3, 3, 3, 3, 3, 3, 3, 3, 3, 3, 3, 3, 3, 3, 3, 3, 3, 3, 3, 3, 3, 3, 3, 3, 3, 3, 3, 3, 3, 3, 3, 3, 3, 3, 3, 3, 3, 3, 3, 3, 3, 3, 3, 3, 3, 3, 3, 3, 3, 3, 3, 3, 3, 3, 3, 3, 3, 3, 3, 3, 3, 3, 3, 3, 3, 3, 3, 3, 3, 3, 3, 3, 3, 3, 3, 3, 3, 3, 3, 3, 3, 3, 3, 3, 3, 3, 3, 3, 3, 3, 3, 3, 3, 3, 3, 3, 3, 3, 3, 3, 3, 3, 3, 3, 3, 3, 3, 3, 3, 3, 3, 3, 3, 3, 3, 3, 3, 3, 3, 3, 3, 3, 3, 3, 3, 3, 3, 3, 3, 3, 3, 3, 3, 3, 3, 3, 3, 3, 3, 3, 3, 3, 3, 3, 3, 3, 3, 3, 3, 3, 3, 3, 3, 3, 3, 3, 3, 3, 3, 3, 3, 3, 3, 3, 3, 3, 3, 3, 3, 3, 3, 3, 3, 3, 3, 3, 3, 3, 3, 3, 3, 3, 3, 3, 3, 3, 3, 3, 3, 3, 3, 3, 3, 3, 3, 3, 3, 3, 3, 3, 3, 3, 3, 3, 3, 3, 3, 3, 3, 3, 3, 3, 3, 3, 3, 3, 3, 3, 3, 3, 3, 3, 3, 3, 3, 3, 3, 3, 3, 3, 3, 3, 3, 3, 3, 3, 3, 3, 3, 3, 3, 3, 3, 3, 3, 3, 3, 3, 3, 3, 3, 3, 3, 3, 3, 3, 3, 3, 3, 3, 3, 3, 3, 3, 3, 3, 3, 3, 3, 3, 3, 3, 3, 3, 3, 3, 3, 3, 3, 3, 3, 3, 3, 3, 3, 3, 3, 3, 3, 3, 3, 3, 3, 3, 3, 3, 3, 3, 3, 3, 3, 3, 3, 3, 3, 3, 3, 3, 3, 3, 3, 3, 3, 3, 3, 3, 3, 3, 3, 3, 3, 3, 3, 3, 3, 3, 3, 3, 3, 3, 3, 3, 3, 3, 3, 3, 3, 3, 3, 3, 3, 3, 3, 3, 3, 3, 3, 3, 3, 3, 3, 3, 3, 3, 3, 3, 3, 3, 3, 3, 3, 3, 3, 3, 3, 3, 3, 3, 3, 3, 3, 3, 3, 3, 3, 3, 3, 3, 3, 3, 3, 3, 3, 3, 3, 3, 3, 3, 3, 3, 3, 3, 3, 3, 3, 3, 3, 3, 3, 3, 3, 3, 3, 3, 3, 3, 3, 3, 3, 3, 3, 3, 3, 3, 3, 3, 3, 3, 3, 3, 3, 3, 3, 3, 3, 3, 3, 3, 3, 3, 3, 3, 3, 3, 3, 3, 3, 3, 3, 3, 3, 3, 3, 3, 3, 3, 3, 3, 3, 3, 3, 3, 3, 3, 3, 3, 3, 3, 3, 3, 3, 3, 3, 3, 3, 3, 3, 3, 3, 3, 3, 3, 3, 3, 3, 3, 3, 3, 3, 3, 3, 3, 3, 3, 3, 3, 3, 3, 3, 3, 3, 3, 3, 3, 3, 3, 3, 3, 3, 3, 3, 3, 3, 3, 3, 3, 3, 3, 3, 3, 3, 3, 3, 3, 3, 3, 3, 3, 3, 3, 3, 3, 3, 3, 3, 3, 3, 3, 3, 3, 3, 3, 3, 3, 3, 3, 3, 3, 3, 3, 3, 3, 3, 3, 3, 3, 3, 3, 3, 3, 3, 3, 3, 3, 3, 3, 3, 3, 3, 3, 3, 3, 3, 3, 3, 3, 3, 3, 3, 3, 3, 3, 3, 3, 3, 3, 3, 3, 3, 3, 3, 3, 3, 3, 3, 3, 3, 3, 3, 3, 3, 3, 3, 3, 3, 3, 3, 3, 3, 3, 3, 3, 3, 3, 3, 3, 3, 3, 3, 3, 3, 3, 3, 3, 3, 3, 3, 3, 3, 3, 3, 3, 3, 3, 3, 3, 3, 3, 3, 3, 3, 3, 3, 3, 3, 3, 3, 3, 3, 3, 3, 3, 3, 3, 3, 3, 3, 3, 3, 3, 3, 3, 3, 3, 3, 3, 3, 3, 3, 3, 3, 3, 3, 3, 3, 3, 3, 3, 3, 3, 3, 3, 3, 3, 3, 3, 3, 3, 3, 3, 3, 3, 3, 3, 3, 3, 3, 3, 3, 3, 3, 3, 3, 3, 3, 3, 3, 3, 3, 3, 3, 3, 3, 3, 3, 3, 3, 3, 3, 3, 3, 3, 3, 3, 3, 3, 3, 3, 3, 3, 3, 3, 3, 3, 3, 3, 3, 3, 3, 3, 3, 3, 3, 3, 3, 3, 3, 3, 3, 3, 3, 3, 3, 3, 3, 3, 3, 3, 3, 3, 3, 3, 3, 3, 3, 3, 3, 3, 3, 3, 3, 3, 3, 3, 3, 3, 3, 3, 3, 3, 3, 3, 3, 3, 3, 3, 3, 3, 3, 3, 3, 3, 3, 3, 3, 3, 3, 3, 3, 3, 3, 3, 3, 3, 3, 3, 3, 3, 3, 3, 3, 3, 3, 3, 3, 3, 3, 3, 3, 3, 3, 3, 3, 3, 3, 3, 3, 3, 3, 3, 3, 3, 3, 3, 3, 3, 3, 3, 3, 3, 3, 3, 3, 3, 3, 3, 3, 3, 3, 3, 3, 3, 3, 3, 3, 3, 3, 3, 3, 3, 3, 3, 3, 3, 3, 3, 3, 3, 3, 3, 3, 3, 3, 3, 3, 3, 3, 3, 3, 3, 3, 3, 3, 3, 3, 3, 3, 3, 3, 3, 3, 3, 3, 3, 3, 3, 3, 3, 3, 3, 3, 3, 3, 3, 3, 3, 3, 3, 3, 3, 3, 3, 3, 3, 3, 3, 3, 3, 3, 3, 3, 3, 3, 3, 3, 3, 3, 3, 3, 3, 3, 3, 3, 3, 3, 3, 3, 3, 3, 3, 3, 3, 3, 3, 3, 3, 3, 3, 3, 3, 3, 3, 3, 3, 3, 3, 3, 3, 3, 3, 3, 3, 3, 3, 3, 3, 3, 3, 3, 3, 3, 3, 3, 3, 3, 3, 3, 3, 3, 3, 3, 3, 3, 3, 3, 3, 3, 3, 3, 3, 3, 3, 3, 3, 3, 3, 3, 3, 3, 3, 3, 3, 3, 3, 3, 3, 3, 3, 3, 3, 3, 3, 3, 3, 3, 3, 3, 3, 3, 3, 3, 3, 3, 3, 3, 3, 3, 3, 3, 3, 3, 3, 3, 3, 3, 3, 3, 3, 3, 3, 3, 3, 3, 3, 3, 3, 3, 3, 3, 3, 3, 3, 3, 3, 3, 3, 3, 3, 3, 3, 3, 3, 3, 3, 3, 3, 3, 3, 3, 3, 3, 3, 3, 3, 3, 3, 3, 3, 3, 3, 3, 3, 3, 3, 3, 3, 3, 3, 3, 3, 3, 3, 3, 3, 3, 3, 3, 3, 3, 3, 3, 3, 3, 3, 3, 3, 3, 3, 3, 3, 3, 3, 3, 3, 3, 3, 3, 3, 3, 3, 3, 3, 3, 3, 3, 3, 3, 3, 3, 3, 3, 3, 3, 3, 3, 3, 3, 3, 3, 3, 3, 3, 3, 3, 3, 3, 3, 3, 3, 3, 3, 3, 3, 3, 3, 3, 3, 3, 3, 3, 3, 3, 3, 3, 3, 3, 3, 3, 3, 3, 3, 3, 3, 3, 3, 3, 3, 3, 3, 3, 3, 3, 3, 3, 3, 3, 3, 3, 3, 3, 3, 3, 3, 3, 3, 3, 3, 3, 3, 3, 3, 3, 3, 3, 3, 3, 3, 3, 3, 3, 3, 3, 3, 3, 3, 3, 3, 3, 3, 3, 3, 3, 3, 3, 3, 3, 3, 3, 3, 3, 3, 3, 3, 3, 3, 3, 3, 3, 3, 3, 3, 3, 3, 3, 3, 3, 3, 3, 3, 3, 3, 3, 3, 3, 3, 3, 3, 3, 3, 3, 3, 3, 3, 3, 3, 3, 3, 3, 3, 3, 3, 3, 3, 3, 3, 3, 3, 3, 3, 3, 3, 3, 3, 3, 3, 3, 3, 3, 3, 3, 3, 3, 3, 3, 3, 3, 3, 3, 3, 3, 3, 3, 3, 3, 3, 3, 3, 3, 3, 3, 3, 3, 3, 3, 3, 3, 3, 3, 3, 3, 3, 3, 3, 3, 3, 3, 3, 3, 3, 3, 3, 3, 3, 3, 3, 3, 3, 3, 3, 3, 3, 3, 3, 3, 3, 3, 3, 3, 3, 3, 3, 3, 3, 3, 3, 3, 3, 3, 3, 3, 3, 3, 3, 3, 3, 3, 3, 3, 3, 3, 3, 3, 3, 3, 3, 3, 3, 3, 3, 3, 3, 3, 3, 3, 3, 3, 3, 3, 3, 3, 3, 3, 3, 3, 3, 3, 3, 3, 3, 3, 3, 3, 3, 3, 3, 3, 3, 3, 3, 3, 3, 3, 3, 3, 3, 3, 3, 3, 3, 3, 3, 3, 3, 3, 3, 3, 3, 3, 3, 3, 3, 3, 3, 3, 3, 3, 3, 3, 3, 3, 3, 3, 3, 3, 3, 3, 3, 3, 3, 3, 3, 3, 3, 3, 3, 3, 3, 3, 3, 3, 3, 3, 3, 3, 3, 3, 3, 3, 3, 3, 3, 3, 3, 3, 3, 3, 3, 3, 3, 3, 3, 3, 3, 3, 3, 3, 3, 3, 3, 3, 3, 3, 3, 3, 3, 3, 3, 3, 3, 3, 3, 3, 3, 3, 3, 3, 3, 3, 3, 3, 3, 3, 3, 3, 3, 3, 3, 3, 3, 3, 3, 3, 3, 3, 3, 3, 3, 3, 3, 3, 3, 3, 3, 3, 3, 3, 3, 3, 3, 3, 3, 3, 3, 3, 3, 3, 3, 3, 3, 3, 3, 3, 3, 3, 3, 3, 3, 3, 3, 3, 3, 3, 3, 3, 3, 3, 3, 3, 3, 3, 3, 3, 3, 3, 3, 3, 3, 3, 3, 3, 3, 3, 3, 3, 3, 3, 3, 3, 3, 3, 3, 3, 3, 3, 3, 3, 3, 3, 3, 3, 3, 3, 3, 3, 3, 3, 3, 3, 3, 3, 3, 3, 3, 3, 3, 3, 3, 3, 3, 3, 3, 3, 3, 3, 3, 3, 3, 3, 3, 3, 3, 3, 3, 3, 3, 3, 3, 3, 3, 3, 3, 3, 3, 3, 3, 3, 3, 3, 3, 3, 3, 3, 3, 3, 3, 3, 3, 3, 3, 3, 3, 3, 3, 3, 3, 3, 3, 3, 3, 3, 3, 3, 3, 3, 3, 3, 3, 3, 3, 3, 3, 3, 3, 3, 3, 3, 3, 3, 3, 3, 3, 3, 3, 3, 3, 3, 3, 3, 3, 3, 3, 3, 3, 3, 3, 3, 3, 3, 3, 3, 3, 3, 3, 3, 3, 3, 3, 3, 3, 3, 3, 3, 3, 3, 3, 3, 3, 3, 3, 3, 3, 3, 3, 3, 3, 3, 3, 3, 3, 3, 3, 3, 3, 3, 3, 3, 3, 3, 3, 3, 3, 3, 3, 3, 3, 3, 3, 3, 3, 3, 3, 3, 3, 3, 3, 3, 3, 3, 3, 3, 3, 3, 3, 3, 3, 3, 3, 3, 3, 3, 3, 3, 3, 3, 3, 3, 3, 3, 3, 3, 3, 3, 3, 3, 3, 3, 3, 3, 3, 3, 3, 3, 3, 3, 3, 3, 3, 3, 3, 3, 3, 3, 3, 3, 3, 3, 3, 3, 3, 3, 3, 3, 3, 3, 3, 3, 3, 3, 3, 3, 3, 3, 3, 3, 3, 3, 3, 3, 3, 3, 3, 3, 3, 3, 3, 3, 3, 3, 3, 3, 3, 3, 3, 3, 3, 3, 3, 3, 3, 3, 3, 3, 3, 3, 3, 3, 3, 3, 3, 3, 3, 3, 3, 3, 3, 3, 3, 3, 3, 3, 3, 3, 3, 3, 3, 3, 3, 3, 3, 3, 3, 3, 3, 3, 3, 3, 3, 3, 3, 3, 3, 3, 3, 3, 3, 3, 3, 3, 3, 3, 3, 3, 3, 3, 3, 3, 3, 3, 3, 3, 3, 3, 3, 3, 3, 3, 3, 3, 3, 3, 3, 3, 3, 3, 3, 3, 3, 3, 3, 3, 3, 3, 3, 3, 3, 3, 3, 3, 3, 3, 3, 3, 3, 3, 3, 3, 3, 3, 3, 3, 3, 3, 3, 3, 3, 3, 3, 3, 3, 3, 3, 3, 3, 3, 3, 3, 3, 3, 3, 3, 3, 3, 3, 3, 3, 3, 3, 3, 3, 3, 3, 3, 3, 3, 3, 3, 3, 3, 3, 3, 3, 3, 3, 3, 3, 3, 3, 3, 3, 3, 3, 3, 3, 3, 3, 3, 3, 3, 3, 3, 3, 3, 3, 3, 3, 3, 3, 3, 3, 3, 3, 3, 3, 3, 3, 3, 3, 3, 3, 3, 3, 3, 3, 3, 3, 3, 3, 3, 3, 3, 3, 3, 3, 3, 3, 3, 3, 3, 3, 3, 3, 3, 3, 3, 3, 3, 3, 3, 3, 3, 3, 3, 3, 3, 3, 3, 3, 3, 3, 3, 3, 3, 3, 3, 3, 3, 3, 3, 3, 3, 3, 3, 3, 3, 3, 3, 3, 3, 3, 3, 3, 3, 3, 3, 3, 3, 3, 3, 3, 3, 3, 3, 3, 3, 3, 3, 3, 3, 3, 3, 3, 3, 3, 3, 3, 3, 3, 3, 3, 3, 3, 3, 3, 3, 3, 3, 3, 3, 3, 3, 3, 3, 3, 3, 3, 3, 3, 3, 3, 3, 3, 3, 3, 3, 3, 3, 3, 3, 3, 3, 3, 3, 3, 3, 3, 3, 3, 3, 3, 3, 3, 3, 3, 3, 3, 3, 3, 3, 3, 3, 3, 3, 3, 3, 3, 3, 3, 3, 3, 3, 3, 3, 3, 3, 3, 3, 3, 3, 3, 3, 3, 3, 3, 3, 3, 3, 3, 3, 3, 3, 3, 3, 3, 3, 3, 3, 3, 3, 3, 3, 3, 3, 3, 3, 3, 3, 3, 3, 3, 3, 3, 3, 3, 3, 3, 3, 3, 3, 3, 3, 3, 3, 3, 3, 3, 3, 3, 3, 3, 3, 3, 3, 3, 3, 3, 3, 3, 3, 3, 3, 3, 3, 3, 3, 3, 3, 3, 3, 3, 3, 3, 3, 3, 3, 3, 3, 3, 3, 3, 3, 3, 3, 3, 3, 3, 3, 3, 3, 3, 3, 3, 3, 3, 3, 3, 3, 3, 3, 3, 3, 3, 3, 3, 3, 3, 3, 3, 3, 3, 3, 3, 3, 3, 3, 3, 3, 3, 3, 3, 3, 3, 3, 3, 3, 3, 3, 3, 3, 3, 3, 3, 3, 3, 3, 3, 3, 3, 3, 3, 3, 3, 3, 3, 3, 3, 3, 3, 3, 3, 3, 3, 3, 3, 3, 3, 3, 3, 3, 3, 3, 3, 3, 3, 3, 3, 3, 3, 3, 3, 3, 3, 3, 3, 3, 3, 3, 3, 3, 3, 3, 3, 3, 3, 3, 3, 3, 3, 3, 3, 3, 3, 3, 3, 3, 3, 3, 3, 3, 3, 3, 3, 3, 3, 3, 3, 3, 3, 3, 3, 3, 3, 3, 3, 3, 3, 3, 3, 3, 3, 3, 3, 3, 3, 3, 3, 3, 3, 3, 3, 3, 3, 3, 3, 3, 3, 3, 3, 3, 3, 3, 3, 3, 3, 3, 3, 3, 3, 3, 3, 3, 3, 3, 3, 3, 3, 3, 3, 3, 3, 3, 3, 3, 3, 3, 3, 3, 3, 3, 3, 3, 3, 3, 3, 3, 3, 3, 3, 3, 3, 3, 3, 3, 3, 3, 3, 3, 3, 3, 3, 3, 3, 3, 3, 3, 3, 3, 3, 3, 3, 3, 3, 3, 3, 3, 3, 3, 3, 3, 3, 3, 3, 3, 3, 3, 3, 3, 3, 3, 3, 3, 3, 3, 3, 3, 3, 3, 3, 3, 3, 3, 3, 3, 3, 3, 3, 3, 3, 3, 3, 3, 3, 3, 3, 3, 3, 3, 3, 3, 3, 3, 3, 3, 3, 3, 3, 3, 3, 3, 3, 3, 3, 3, 3, 3, 3, 3, 3, 3, 3, 3, 3, 3, 3, 3, 3, 3, 3, 3, 3, 3, 3, 3, 3, 3, 3, 3, 3, 3, 3, 3, 3, 3, 3, 3, 3, 3, 3, 3, 3, 3, 3, 3, 3, 3, 3, 3, 3, 3, 3, 3, 3, 3, 3, 3, 3, 3, 3, 3, 3, 3, 3, 3, 3, 3, 3, 3, 3, 3, 3, 3, 3, 3, 3, 3, 3, 3, 3, 3, 3, 3, 3, 3, 3, 3, 3, 3, 3, 3, 3, 3, 3, 3, 3, 3, 3, 3, 3, 3, 3, 3, 3, 3, 3, 3, 3, 3, 3, 3, 3, 3, 3, 3, 3, 3, 3, 3, 3, 3, 3, 3, 3, 3, 3, 3, 3, 3, 3, 3, 3, 3, 3, 3, 3, 3, 3, 3, 3, 3, 3, 3, 3, 3, 3, 3, 3, 3, 3, 3, 3, 3, 3, 3, 3, 3, 3, 3, 3, 3, 3, 3, 3, 3, 3, 3, 3, 3, 3, 3, 3, 3, 3, 3, 3, 3, 3, 3, 3, 3, 3, 3, 3, 3, 3, 3, 3, 3, 3, 3, 3, 3, 3, 3, 3, 3, 3, 3, 3, 3, 3, 3, 3, 3, 3, 3, 3, 3, 3, 3, 3, 3, 3, 3, 3, 3, 3, 3, 3, 3, 3, 3, 3, 3, 3, 3, 3, 3, 3, 3, 3, 3, 3, 3, 3, 3, 3, 3, 3, 3, 3, 3, 3, 3, 3, 3, 3, 3, 3, 3, 3, 3, 3, 3, 3, 3, 3, 3, 3, 3, 3, 3, 3, 3, 3, 3, 3, 3, 3, 3, 3, 3, 3, 3, 3, 3, 3, 3, 3, 3, 3, 3, 3, 3, 3, 3, 3, 3, 3, 3, 3, 3, 3, 3, 3, 3, 3, 3, 3, 3, 3, 3, 3, 3, 3, 3, 3, 3, 3, 3, 3, 3, 3, 3, 3, 3, 3, 3, 3, 3, 3, 3, 3, 3, 3, 3, 3, 3, 3, 3, 3, 3, 3, 3, 3, 3, 3, 3, 3, 3, 3, 3, 3, 3, 3, 3, 3, 3, 3, 3, 3, 3, 3, 3, 3, 3, 3, 3, 3, 3, 3, 3, 3, 3, 3, 3, 3, 3, 3, 3, 3, 3, 3, 3, 3, 3, 3, 3, 3, 3, 3, 3, 3, 3, 3, 3, 3, 3, 3, 3, 3, 3, 3, 3, 3, 3, 3, 3, 3, 3, 3, 3, 3, 3, 3, 3, 3, 3, 3, 3, 3, 3, 3, 3, 3, 3, 3, 3, 3, 3, 3, 3, 3, 3, 3, 3, 3, 3, 3, 3, 3, 3, 3, 3, 3, 3, 3, 3, 3, 3, 3, 3, 3, 3, 3, 3, 3, 3, 3, 3, 3, 3, 3, 3, 3, 3, 3, 3, 3, 3, 3, 3, 3, 3, 3, 3, 3, 3, 3, 3, 3, 3, 3, 3, 3, 3, 3, 3, 3, 3, 3, 3, 3, 3, 3, 3, 3, 3, 3, 3, 3, 3, 3, 3, 3, 3, 3, 3, 3, 3, 3, 3, 3, 3, 3, 3, 3, 3, 3, 3, 3, 3, 3, 3, 3, 3, 3, 3, 3, 3, 3, 3, 3, 3, 3, 3, 3, 3, 3, 3, 3, 3, 3, 3, 3, 3, 3, 3, 3, 3, 3, 3, 3, 3, 3, 3, 3, 3, 3, 3, 3, 3, 3, 3, 3, 3, 3, 3, 3, 3, 3, 3, 3, 3, 3, 3, 3, 3, 3, 3, 3, 3, 3, 3, 3, 3, 3, 3, 3, 3, 3, 3, 3, 3, 3, 3, 3, 3, 3, 3, 3, 3, 3, 3, 3, 3, 3, 3, 3, 3, 3, 3, 3, 3, 3, 3, 3, 3, 3, 3, 3, 3, 3, 3, 3, 3, 3, 3, 3, 3, 3, 3, 3, 3, 3, 3, 3, 3, 3, 3, 3, 3, 3, 3, 3, 3, 3, 3, 3, 3, 3, 3, 3, 3, 3, 3, 3, 3, 3, 3, 3, 3, 3, 3, 3, 3, 3, 3, 3, 3, 3, 3, 3, 3, 3, 3, 3, 3, 3, 3, 3, 3, 3, 3, 3, 3, 3, 3, 3, 3, 3, 3, 3, 3, 3, 3, 3, 3, 3, 3, 3, 3, 3, 3, 3, 3, 3, 3, 3, 3, 3, 3, 3, 3, 3, 3, 3, 3, 3, 3, 3, 3, 3, 3, 3, 3, 3, 3, 3, 3, 3, 3, 3, 3, 3, 3, 3, 3, 3, 3, 3, 3, 3, 3, 3, 3, 3, 3, 3, 3, 3, 3, 3, 3, 3, 3, 3, 3, 3, 3, 3, 3, 3, 3, 3, 3, 3, 3, 3, 3, 3, 3, 3, 3, 3, 3, 3, 3, 3, 3, 3, 3, 3, 3, 3, 3, 3, 3, 3, 3, 3, 3, 3, 3, 3, 3, 3, 3, 3, 3, 3, 3, 3, 3, 3, 3, 3, 3, 3, 3, 3, 3, 3, 3, 3, 3, 3, 3, 3, 3, 3, 3, 3, 3, 3, 3, 3, 3, 3, 3, 3, 3, 3, 3, 3, 3, 3, 3, 3, 3, 3, 3, 3, 3, 3, 3, 3, 3, 3, 3, 3, 3, 3, 3, 3, 3, 3, 3, 3, 3, 3, 3, 3, 3, 3, 3, 3, 3, 3, 3, 3, 3, 3, 3, 3, 3, 3, 3, 3, 3, 3, 3, 3, 3, 3, 3, 3, 3, 3, 3, 3, 3, 3, 3, 3, 3, 3, 3, 3, 3, 3, 3, 3, 3, 3, 3, 3, 3, 3, 3, 3, 3, 3, 3, 3, 3, 3, 3, 3, 3, 3, 3, 3, 3, 3, 3, 3, 3, 3, 3, 3, 3, 3, 3, 3, 3, 3, 3, 3, 3, 3, 3, 3, 3, 3, 3, 3, 3, 3, 3, 3, 3, 3, 3, 3, 3, 3, 3, 3, 3, 3, 3, 3, 3, 3, 3, 3, 3, 3, 3, 3, 3, 3, 3, 3, 3, 3, 3, 3, 3, 3, 3, 3, 3, 3, 3, 3, 3, 3, 3, 3, 3, 3, 3, 3, 3, 3, 3, 3, 3, 3, 3, 3, 3, 3, 3, 3, 3, 3, 3, 3, 3, 3, 3, 3, 3, 3, 3, 3, 3, 3, 3, 3, 3, 3, 3, 3, 3, 3, 3, 3, 3, 3, 3, 3, 3, 3, 3, 3, 3, 3, 3, 3, 3, 3, 3, 3, 3, 3, 3, 3, 3, 3, 3, 3, 3, 3, 3, 3, 3, 3, 3, 3, 3, 3, 3, 3, 3, 3, 3, 3, 3, 3, 3, 3, 3, 3, 3, 3, 3, 3, 3, 3, 3, 3, 3, 3, 3, 3, 3, 3, 3, 3, 3, 3, 3, 3, 3, 3, 3, 3, 3, 3, 3, 3, 3, 3, 3, 3, 3, 3, 3, 3, 3, 3, 3, 3, 3, 3, 3, 3, 3, 3, 3, 3, 3, 3, 3, 3, 3, 3, 3, 3, 3, 3, 3, 3, 3, 3, 3, 3, 3, 3, 3, 3, 3, 3, 3, 3, 3, 3, 3, 3, 3, 3, 3, 3, 3, 3, 3, 3, 3, 3, 3, 3, 3, 3, 3, 3, 3, 3, 3, 3, 3, 3, 3, 3, 3, 3, 3, 3, 3, 3, 3, 3, 3, 3, 3, 3, 3, 3, 3, 3, 3, 3, 3, 3, 3, 3, 3, 3, 3, 3, 3, 3, 3, 3, 3, 3, 3, 3, 3, 3, 3, 3, 3, 3, 3, 3, 3, 3, 3, 3, 3, 3, 3, 3, 3, 3, 3, 3, 3, 3, 3, 3, 3, 3, 3, 3, 3, 3, 3, 3, 3, 3, 3, 3, 3, 3, 3, 3, 3, 3, 3, 3, 3, 3, 3, 3, 3, 3, 3, 3, 3, 3, 3, 3, 3, 3, 3, 3, 3, 3, 3, 3, 3, 3, 3, 3, 3, 3, 3, 3, 3, 3, 3, 3, 3, 3, 3, 3, 3, 3, 3, 3, 3, 3, 3, 3, 3, 3, 3, 3, 3, 3, 3, 3, 3, 3, 3, 3, 3, 3, 3, 3, 3, 3, 3, 3, 3, 3, 3, 3, 3, 3, 3, 3, 3, 3, 3, 3, 3, 3, 3, 3, 3, 3, 3, 3, 3, 3, 3, 3, 3, 3, 3, 3, 3, 3, 3, 3, 3, 3, 3, 3, 3, 3, 3, 3, 3, 3, 3, 3, 3, 3, 3, 3, 3, 3, 3, 3, 3, 3, 3, 3, 3, 3, 3, 3, 3, 3, 3, 3, 3, 3, 3, 3, 3, 3, 3, 3, 3, 3, 3, 3, 3, 3, 3, 3, 3, 3, 3, 3, 3, 3, 3, 3, 3, 3, 3, 3, 3, 3, 3, 3, 3, 3, 3, 3, 3, 3, 3, 3, 3, 3, 3, 3, 3, 3, 3, 3, 3, 3, 3, 3, 3, 3, 3, 3, 3, 3, 3, 3, 3, 3, 3, 3, 3, 3, 3, 3, 3, 3, 3, 3, 3, 3, 3, 3, 3, 3, 3, 3, 3, 3, 3, 3, 3, 3, 3, 3, 3, 3, 3, 3, 3, 3, 3, 3, 3, 3, 3, 3, 3, 3, 3, 3, 3, 3, 3, 3, 3, 3, 3, 3, 3, 3, 3, 3, 3, 3, 3, 3, 3, 3, 3, 3, 3, 3, 3, 3, 3, 3, 3, 3, 3, 3, 3, 3, 3, 3, 3, 3, 3, 3, 3, 3, 3, 3, 3, 3, 3, 3, 3, 3, 3, 3, 3, 3, 3, 3, 3, 3, 3, 3, 3, 3, 3, 3, 3, 3, 3, 3, 3, 3, 3, 3, 3, 3, 3, 3, 3, 3, 3, 3, 3, 3, 3, 3, 3, 3, 3, 3, 3, 3, 3, 3, 3, 3, 3, 3, 3, 3, 3, 3, 3, 3, 3, 3, 3, 3, 3, 3, 3, 3, 3, 3, 3, 3, 3, 3, 3, 3, 3, 3, 3, 3, 3, 3, 3, 3, 3, 3, 3, 3, 3, 3, 3, 3, 3, 3, 3, 3, 3, 3, 3, 3, 3, 3, 3, 3, 3, 3, 3, 3, 3, 3, 3, 3, 3, 3, 3, 3, 3, 3, 3, 3, 3, 3, 3, 3, 3, 3, 3, 3, 3, 3, 3, 3, 3, 3, 3, 3, 3, 3, 3, 3, 3, 3, 3, 3, 3, 3, 3, 3, 3, 3, 3, 3, 3, 3, 3, 3, 3, 3, 3, 3, 3, 3, 3, 3, 3, 3, 3, 3, 3, 3, 3, 3, 3, 3, 3, 3, 3, 3, 3, 3, 3, 3, 3, 3, 3, 3, 3, 3, 3, 3, 3, 3, 3, 3, 3, 3, 3, 3, 3, 3, 3, 3, 3, 3, 3, 3, 3, 3, 3, 3, 3, 3, 3, 3, 3, 3, 3, 3, 3, 3, 3, 3, 3, 3, 3, 3, 3, 3, 3, 3, 3, 3, 3, 3, 3, 3, 3, 3, 3, 3, 3, 3, 3, 3, 3, 3, 3, 3, 3, 3, 3, 3, 3, 3, 3, 3, 3, 3, 3, 3, 3, 3, 3, 3, 3, 3, 3, 3, 3, 3, 3, 3, 3, 3, 3, 3, 3, 3, 3, 3, 3, 3, 3, 3, 3, 3, 3, 3, 3, 3, 3, 3, 3, 3, 3, 3, 3, 3, 3, 3, 3, 3, 3, 3, 3, 3, 3, 3, 3, 3, 3, 3, 3, 3, 3, 3, 3, 3, 3, 3, 3, 3, 3, 3, 3, 3, 3, 3, 3, 3, 3, 3, 3, 3, 3, 3, 3, 3, 3, 3, 3, 3, 3, 3, 3, 3, 3, 3, 3, 3, 3, 3, 3, 3, 3, 3, 3, 3, 3, 3, 3, 3, 3, 3, 3, 3, 3, 3, 3, 3, 3, 3, 3, 3, 3, 3, 3, 3, 3, 3, 3, 3, 3, 3, 3, 3, 3, 3, 3, 3, 3, 3, 3, 3, 3, 3, 3, 3, 3, 3, 3, 3, 3, 3, 3, 3, 3, 3, 3, 3, 3, 3, 3, 3, 3, 3, 3, 3, 3, 3, 3, 3, 3, 3, 3, 3, 3, 3, 3, 3, 3, 3, 3, 3, 3, 3, 3, 3, 3, 3, 3, 3, 3, 3, 3, 3, 3, 3, 3, 3, 3, 3, 3, 3, 3, 3, 3, 3, 3, 3, 3, 3, 3, 3, 3, 3, 3, 3, 3, 3, 3, 3, 3, 3, 3, 3, 3, 3, 3, 3, 3, 3, 3, 3, 3, 3, 3, 3, 3, 3, 3, 3, 3, 3, 3, 3, 3, 3, 3, 3, 3, 3, 3, 3, 3, 3, 3, 3, 3, 3, 3, 3, 3, 3, 3, 3, 3, 3, 3, 3, 3, 3, 3, 3, 3, 3, 3, 3, 3, 3, 3, 3, 3, 3, 3, 3, 3, 3, 3, 3, 3, 3, 3, 3, 3, 3, 3, 3, 3, 3, 3, 3, 3, 3, 3, 3, 3, 3, 3, 3, 3, 3, 3, 3, 3, 3, 3, 3, 3, 3, 3, 3, 3, 3, 3, 3, 3, 3, 3, 3, 3, 3, 3, 3, 3, 3, 3, 3, 3, 3, 3, 3, 3, 3, 3, 3, 3, 3, 3, 3, 3, 3, 3, 3, 3, 3, 3, 3, 3, 3, 3, 3, 3, 3, 3, 3, 3, 3, 3, 3, 3, 3, 3, 3, 3, 3, 3, 3, 3, 3, 3, 3, 3, 3, 3, 3, 3, 3, 3, 3, 3, 3, 3, 3, 3, 3, 3, 3, 3, 3, 3, 3, 3, 3, 3, 3, 3, 3, 3, 3, 3, 3, 3, 3, 3, 3, 3, 3, 3, 3, 3, 3, 3, 3, 3, 3, 3, 3, 3, 3, 3, 3, 3, 3, 3, 3, 3, 3, 3, 3, 3, 3, 3, 3, 3, 3, 3, 3, 3, 3, 3, 3, 3, 3, 3, 3, 3, 3, 3, 3, 3, 3, 3, 3, 3, 3, 3, 3, 3, 3, 3, 3, 3, 3, 3, 3, 3, 3, 3, 3, 3, 3, 3, 3, 3, 3, 3, 3, 3, 3, 3, 3, 3, 3, 3, 3, 3, 3, 3, 3, 3, 3, 3, 3, 3, 3, 3, 3, 3, 3, 3, 3, 3, 3, 3, 3, 3, 3, 3, 3, 3, 3, 3, 3, 3, 3, 3, 3, 3, 3, 3, 3, 3, 3, 3, 3, 3, 3, 3, 3, 3, 3, 3, 3, 3, 3, 3, 3, 3, 3, 3, 3, 3, 3, 3, 3, 3, 3, 3, 3, 3, 3, 3, 3, 3, 3, 3, 3, 3, 3, 3, 3, 3, 3, 3, 3, 3, 3, 3, 3, 3, 3, 3, 3, 3, 3, 3, 3, 3, 3, 3, 3, 3, 3, 3, 3, 3, 3, 3, 3, 3, 3, 3, 3, 3, 3, 3, 3, 3, 3, 3, 3, 3, 3, 3, 3, 3, 3, 3, 3, 3, 3, 3, 3, 3, 3, 3, 3, 3, 3, 3, 3, 3, 3, 3, 3, 3, 3, 3, 3, 3, 3, 3, 3, 3, 3, 3, 3, 3, 3, 3, 3, 3, 3, 3, 3, 3, 3, 3, 3, 3, 3, 3, 3, 3, 3, 3, 3, 3, 3, 3, 3, 3, 3, 3, 3, 3, 3, 3, 3, 3, 3, 3, 3, 3, 3, 3, 3, 3, 3, 3, 3, 3, 3, 3, 3, 3, 3, 3, 3, 3, 3, 3, 3, 3, 3, 3, 3, 3, 3, 3, 3, 3, 3, 3, 3, 3, 3, 3, 3, 3, 3, 3, 3, 3, 3, 3, 3, 3, 3, 3, 3, 3, 3, 3, 3, 3, 3, 3, 3, 3, 3, 3, 3, 3, 3, 3, 3, 3, 3, 3, 3, 3, 3, 3, 3, 3, 3, 3, 3, 3, 3, 3, 3, 3, 3, 3, 3, 3, 3, 3, 3, 3, 3, 3, 3, 3, 3, 3, 3, 3, 3, 3, 3, 3, 3, 3, 3, 3, 3, 3, 3, 3, 3, 3, 3, 3, 3, 3, 3, 3, 3, 3, 3, 3, 3, 3, 3, 3, 3, 3, 3, 3, 3, 3, 3, 3, 3, 3, 3, 3, 3, 3, 3, 3, 3, 3, 3, 3, 3, 3, 3, 3, 3, 3, 3, 3, 3, 3, 3, 3, 3, 3, 3, 3, 3, 3, 3, 3, 3, 3, 3, 3, 3, 3, 3, 3, 3, 3, 3, 3, 3, 3, 3, 3, 3, 3, 3, 3, 3, 3, 3, 3, 3, 3, 3, 3, 3, 3, 3, 3, 3, 3, 3, 3, 3, 3, 3, 3, 3, 3, 3, 3, 3, 3, 3, 3, 3, 3, 3, 3, 3, 3, 3, 3, 3, 3, 3, 3, 3, 3, 3, 3, 3, 3, 3, 3, 3, 3, 3, 3, 3, 3, 3, 3, 3, 3, 3, 3, 3, 3, 3, 3, 3, 3, 3, 3, 3, 3, 3, 3, 3, 3, 3, 3, 3, 3, 3, 3, 3, 3, 3, 3, 3, 3, 3, 3, 3, 3, 3, 3, 3, 3, 3, 3, 3, 3, 3, 3, 3, 3, 3, 3, 3, 3, 3, 3, 3, 3, 3, 3, 3, 3, 3, 3, 3, 3, 3, 3, 3, 3, 3, 3, 3, 3, 3, 3, 3, 3, 3, 3, 3, 3, 3, 3, 3, 3, 3, 3, 3, 3, 3, 3, 3, 3, 3, 3, 3, 3, 3, 3, 3, 3, 3, 3, 3, 3, 3, 3, 3, 3, 3, 3, 3, 3, 3, 3, 3, 3, 3, 3, 3, 3, 3, 3, 3, 3, 3, 3, 3, 3, 3, 3, 3, 3, 3, 3, 3, 3, 3, 3, 3, 3, 3, 3, 3, 3, 3, 3, 3, 3, 3, 3, 3, 3, 3, 3, 3, 3, 3, 3, 3, 3, 3, 3, 3, 3, 3, 3, 3, 3, 3, 3, 3, 3, 3, 3, 3, 3, 3, 3, 3, 3, 3, 3, 3, 3, 3, 3, 3, 3, 3, 3, 3, 3, 3, 3, 3, 3, 3, 3, 3, 3, 3, 3, 3, 3, 3, 3, 3, 3, 3, 3, 3, 3, 3, 3, 3, 3, 3, 3, 3, 3, 3, 3, 3, 3, 3, 3, 3, 3, 3, 3, 3, 3, 3, 3, 3, 3, 3, 3, 3, 3, 3, 3, 3, 3, 3, 3, 3, 3, 3, 3, 3, 3, 3, 3, 3, 3, 3, 3, 3, 3, 3, 3, 3, 3, 3, 3, 3, 3, 3, 3, 3, 3, 3, 3, 3, 3, 3, 3, 3, 3, 3, 3, 3, 3, 3, 3, 3, 3, 3, 3, 3, 3, 3, 3, 3, 3, 3, 3, 3, 3, 3, 3, 3, 3, 3, 3, 3, 3, 3, 3, 3, 3, 3, 3, 3, 3, 3, 3, 3, 3, 3, 3, 3, 3, 3, 3, 3, 3, 3, 3, 3, 3, 3, 3, 3, 3, 3, 3, 3, 3, 3, 3, 3, 3, 3, 3, 3, 3, 3, 3, 3, 3, 3, 3, 3, 3, 3, 3, 3, 3, 3, 3, 3, 3, 3, 3, 3, 3, 3, 3, 3, 3, 3, 3, 3, 3, 3, 3, 3, 3, 3, 3, 3, 3, 3, 3, 3, 3, 3, 3, 3, 3, 3, 3, 3, 3, 3, 3, 3, 3, 3, 3, 3, 3, 3, 3, 3, 3, 3, 3, 3, 3, 3, 3, 3, 3, 3, 3, 3, 3, 3, 3, 3, 3, 3, 3, 3, 3, 3, 3, 3, 3, 3, 3, 3, 3, 3, 3, 3, 3, 3, 3, 3, 3, 3, 3, 3, 3, 3, 3, 3, 3, 3, 3, 3, 3, 3, 3, 3, 3, 3, 3, 3, 3, 3, 3, 3, 3, 3, 3, 3, 3, 3, 3, 3, 3, 3, 3, 3, 3, 3, 3, 3, 3, 3, 3, 3, 3, 3, 3, 3, 3, 3, 3, 3, 3, 3, 3, 3, 3, 3, 3, 3, 3, 3, 3, 3, 3, 3, 3, 3, 3, 3, 3, 3, 3, 3, 3, 3, 3, 3, 3, 3, 3, 3, 3, 3, 3, 3, 3, 3, 3, 3, 3, 3, 3, 3, 3, 3, 3, 3, 3, 3, 3, 3, 3, 3, 3, 3, 3, 3, 3, 3, 3, 3, 3, 3, 3, 3, 3, 3, 3, 3, 3, 3, 3, 3, 3, 3, 3, 3, 3, 3, 3, 3, 3, 3, 3, 3, 3, 3, 3, 3, 3, 3, 3, 3, 3, 3, 3, 3, 3, 3, 3, 3, 3, 3, 3, 3, 3, 3, 3, 3, 3, 3, 3, 3, 3, 3, 3, 3, 3, 3, 3, 3, 3, 3, 3, 3, 3, 3, 3, 3, 3, 3, 3, 3, 3, 3, 3, 3, 3, 3, 3, 3, 3, 3, 3, 3, 3, 3, 3, 3, 3, 3, 3, 3, 3, 3, 3, 3, 3, 3, 3, 3, 3, 3, 3, 3, 3, 3, 3, 3, 3, 3, 3, 3, 3, 3, 3, 3, 3, 3, 3, 3, 3, 3, 3, 3, 3, 3, 3, 3, 3, 3, 3, 3, 3, 3, 3, 3, 3, 3, 3, 3, 3, 3, 3, 3, 3, 3, 3, 3, 3, 3, 3, 3, 3, 3, 3, 3, 3, 3, 3, 3, 3, 3, 3, 3, 3, 3, 3, 3, 3, 3, 3, 3, 3, 3, 3, 3, 3, 3, 3, 3, 3, 3, 3, 3, 3, 3, 3, 3, 3, 3, 3, 3, 3, 3, 3, 3, 3, 3, 3, 3, 3, 3, 3, 3, 3, 3, 3, 3, 3, 3, 3, 3, 3, 3, 3, 3, 3, 3, 3, 3, 3, 3, 3, 3, 3, 3, 3, 3, 3, 3, 3, 3, 3, 3, 3, 3, 3, 3, 3, 3, 3, 3, 3, 3, 3, 3, 3, 3, 3, 3, 3, 3, 3, 3, 3, 3, 3, 3, 3, 3, 3, 3, 3, 3, 3, 3, 3, 3, 3, 3, 3, 3, 3, 3, 3, 3, 3, 3, 3, 3, 3, 3, 3, 3, 3, 3, 3, 3, 3, 3, 3, 3, 3, 3, 3, 3, 3, 3, 3, 3, 3, 3, 3, 3, 3, 3, 3, 3, 3, 3, 3, 3, 3, 3, 3, 3, 3, 3, 3, 3, 3, 3, 3, 3, 3, 3, 3, 3, 3, 3, 3, 3, 3, 3, 3, 3, 3, 3, 3, 3, 3, 3, 3, 3, 3, 3, 3, 3, 3, 3, 3, 3, 3, 3, 3, 3, 3, 3, 3, 3, 3, 3, 3, 3, 3, 3, 3, 3, 3, 3, 3, 3, 3, 3, 3, 3, 3, 3, 3, 3, 3, 3, 3, 3, 3, 3, 3, 3, 3, 3, 3, 3, 3, 3, 3, 3, 3, 3, 3, 3, 3, 3, 3, 3, 3, 3, 3, 3, 3, 3, 3, 3, 3, 3, 3, 3, 3, 3, 3, 3, 3, 3, 3, 3, 3, 3, 3, 3, 3, 3, 3, 3, 3, 3, 3, 3, 3, 3, 3, 3, 3, 3, 3, 3, 3, 3, 3, 3, 3, 3, 3, 3, 3, 3, 3, 3, 3, 3, 3, 3, 3, 3, 3, 3, 3, 3, 3, 3, 3, 3, 3, 3, 3, 3, 3, 3, 3, 3, 3, 3, 3, 3, 3, 3, 3, 3, 3, 3, 3, 3, 3, 3, 3, 3, 3, 3, 3, 3, 3, 3, 3, 3, 3, 3, 3, 3, 3, 3, 3, 3, 3, 3, 3, 3, 3, 3, 3, 3, 3, 3, 3, 3, 3, 3, 3, 3, 3, 3, 3, 3, 3, 3, 3, 3, 3, 3, 3, 3, 3, 3, 3, 3, 3, 3, 3, 3, 3, 3, 3, 3, 3, 3, 3, 3, 3, 3, 3, 3, 3, 3, 3, 3, 3, 3, 3, 3, 3, 3, 3, 3, 3, 3, 3, 3, 3, 3, 3, 3, 3, 3, 3, 3, 3, 3, 3, 3, 3, 3, 3, 3, 3, 3, 3, 3, 3, 3, 3, 3, 3, 3, 3, 3, 3, 3, 3, 3, 3, 3, 3, 3, 3, 3, 3, 3, 3, 3, 3, 3, 3, 3, 3, 3, 3, 3, 3, 3, 3, 3, 3, 3, 3, 3, 3, 3, 3, 3, 3, 3, 3, 3, 3, 3, 3, 3, 3, 3, 3, 3, 3, 3, 3, 3, 3, 3, 3, 3, 3, 3, 3, 3, 3, 3, 3, 3, 3, 3, 3, 3, 3, 3, 3, 3, 3, 3, 3, 3, 3, 3, 3, 3, 3, 3, 3, 3, 3, 3, 3, 3, 3, 3, 3, 3, 3, 3, 3, 3, 3, 3, 3, 3, 3, 3, 3, 3, 3, 3, 3, 3, 3, 3, 3, 3, 3, 3, 3, 3, 3, 3, 3, 3, 3, 3, 3, 3, 3, 3, 3, 3, 3, 3, 3, 3, 3, 3, 3, 3, 3, 3, 3, 3, 3, 3, 3, 3, 3, 3, 3, 3, 3, 3, 3, 3, 3, 3, 3, 3, 3, 3, 3, 3, 3, 3, 3, 3, 3, 3, 3, 3, 3, 3, 3, 3, 3, 3, 3, 3, 3, 3, 3, 3, 3, 3, 3, 3, 3, 3, 3, 3, 3, 3, 3, 3, 3, 3, 3, 3, 3, 3, 3, 3, 3, 3, 3, 3, 3, 3, 3, 3, 3, 3, 3, 3, 3, 3, 3, 3, 3, 3, 3, 3, 3, 3, 3, 3, 3, 3, 3, 3, 3, 3, 3, 3, 3, 3, 3, 3, 3, 3, 3, 3, 3, 3, 3, 3, 3, 3, 3, 3, 3, 3, 3, 3, 3, 3, 3, 3, 3, 3, 3, 3, 3, 3, 3, 3, 3, 3, 3, 3, 3, 3, 3, 3, 3, 3, 3, 3, 3, 3, 3, 3, 3, 3, 3, 3, 3, 3, 3, 3, 3, 3, 3, 3, 3, 3, 3, 3, 3, 3, 3, 3, 3, 3, 3, 3, 3, 3, 3, 3, 3, 3, 3, 3, 3, 3, 3, 3, 3, 3, 3, 3, 3, 3, 3, 3, 3, 3, 3, 3, 3, 3, 3, 3, 3, 3, 3, 3, 3, 3, 3, 3, 3, 3, 3, 3, 3, 3, 3, 3, 3, 3, 3, 3, 3, 3, 3, 3, 3, 3, 3, 3, 3, 3, 3, 3, 3, 3, 3, 3, 3, 3, 3, 3, 3, 3, 3, 3, 3, 3, 3, 3, 3, 3, 3, 3, 3, 3, 3, 3, 3, 3, 3, 3, 3, 3, 3, 3, 3, 3, 3, 3, 3, 3, 3, 3, 3, 3, 3, 3, 3, 3, 3, 3, 3, 3, 3, 3, 3, 3, 3, 3, 3, 3, 3, 3, 3, 3, 3, 3, 3, 3, 3, 3, 3, 3, 3, 3, 3, 3, 3, 3, 3, 3, 3, 3, 3, 3, 3, 3, 3, 3, 3, 3, 3, 3, 3, 3, 3, 3, 3, 3, 3, 3, 3, 3, 3, 3, 3, 3, 3, 3, 3, 3, 3, 3, 3, 3, 3, 3, 3, 3, 3, 3, 3, 3, 3, 3, 3, 3, 3, 3, 3, 3, 3, 3, 3, 3, 3, 3, 3, 3, 3, 3, 3, 3, 3, 3, 3, 3, 3, 3, 3, 3, 3, 3, 3, 3, 3, 3, 3, 3, 3, 3, 3, 3, 3, 3, 3, 3, 3, 3, 3, 3, 3, 3, 3, 3, 3, 3, 3, 3, 3, 3, 3, 3, 3, 3, 3, 3, 3, 3, 3, 3, 3, 3, 3, 3, 3, 3, 3, 3, 3, 3, 3, 3, 3, 3, 3, 3, 3, 3, 3, 3, 3, 3, 3, 3, 3, 3, 3, 3, 3, 3, 3, 3, 3, 3, 3, 3, 3, 3, 3, 3, 3, 3, 3, 3, 3, 3, 3, 3, 3, 3, 3, 3, 3, 3, 3, 3, 3, 3, 3, 3, 3, 3, 3, 3, 3, 3, 3, 3, 3, 3, 3, 3, 3, 3, 3, 3, 3, 3, 3, 3, 3, 3, 3, 3, 3, 3, 3, 3, 3, 3, 3, 3, 3, 3, 3, 3, 3, 3, 3, 3, 3, 3, 3, 3, 3, 3, 3, 3, 3, 3, 3, 3, 3, 3, 3, 3, 3, 3, 3, 3, 3, 3, 3, 3, 3, 3, 3, 3, 3, 3, 3, 3, 3, 3, 3, 3, 3, 3, 3, 3, 3, 3, 3, 3, 3, 3, 3, 3, 3, 3, 3, 3, 3, 3, 3, 3, 3, 3, 3, 3, 3, 3, 3, 3, 3, 3, 3, 3, 3, 3, 3, 3, 3, 3, 3, 3, 3, 3, 3, 3, 3, 3, 3, 3, 3, 3, 3, 3, 3, 3, 3, 3, 3, 3, 3, 3, 3, 3, 3, 3, 3, 3, 3, 3, 3, 3, 3, 3, 3, 3, 3, 3, 3, 3, 3, 3, 3, 3, 3, 3, 3, 3, 3, 3, 3, 3, 3, 3, 3, 3, 3, 3, 3, 3, 3, 3, 3, 3, 3, 3, 3, 3, 3, 3, 3, 3, 3, 3, 3, 3, 3, 3, 3, 3, 3, 3, 3, 3, 3, 3, 3, 3, 3, 3, 3, 3, 3, 3, 3, 3, 3, 3, 3, 3, 3, 3, 3, 3, 3, 3, 3, 3, 3, 3, 3, 3, 3, 3, 3, 3, 3, 3, 3, 3, 3, 3, 3, 3, 3, 3, 3, 3, 3, 3, 3, 3, 3, 3, 3, 3, 3, 3, 3, 3, 3, 3, 3, 3, 3, 3, 3, 3, 3, 3, 3, 3, 3, 3, 3, 3, 3, 3, 3, 3, 3, 3, 3, 3, 3, 3, 3, 3, 3, 3, 3, 3, 3, 3, 3, 3, 3, 3, 3, 3, 3, 3, 3, 3, 3, 3, 3, 3, 3, 3, 3, 3, 3, 3, 3, 3, 3, 3, 3, 3, 3, 3, 3, 3, 3, 3, 3, 3, 3, 3, 3, 3, 3, 3, 3, 3, 3, 3, 3, 3, 3, 3, 3, 3, 3, 3, 3, 3, 3, 3, 3, 3, 3, 3, 3, 3, 3, 3, 3, 3, 3, 3, 3, 3, 3, 3, 3, 3, 3, 3, 3, 3, 3, 3, 3, 3, 3, 3, 3, 3, 3, 3, 3, 3, 3, 3, 3, 3, 3, 3, 3, 3, 3, 3, 3, 3, 3, 3, 3, 3, 3, 3, 3, 3, 3, 3, 3, 3, 3, 3, 3, 3, 3, 3, 3, 3, 3, 3, 3, 3, 3, 3, 3, 3, 3, 3, 3, 3, 3, 3, 3, 3, 3, 3, 3, 3, 3, 3, 3, 3, 3, 3, 3, 3, 3, 3, 3, 3, 3, 3, 3, 3, 3, 3, 3, 3, 3, 3, 3, 3, 3, 3, 3, 3, 3, 3, 3, 3, 3, 3, 3, 3, 3, 3, 3, 3, 3, 3, 3, 3, 3, 3, 3, 3, 3, 3, 3, 3, 3, 3, 3, 3, 3, 3, 3, 3, 3, 3, 3, 3, 3, 3, 3, 3, 3, 3, 3, 3, 3, 3, 3, 3, 3, 3, 3, 3, 3, 3, 3, 3, 3, 3, 3, 3, 3, 3, 3, 3, 3, 3, 3, 3, 3, 3, 3, 3, 3, 3, 3, 3, 3, 3, 3, 3, 3, 3, 3, 3, 3, 3, 3, 3, 3, 3, 3, 3, 3, 3, 3, 3, 3, 3, 3, 3, 3, 3, 3, 3, 3, 3, 3, 3, 3, 3, 3, 3, 3, 3, 3, 3, 3, 3, 3, 3, 3, 3, 3, 3, 3, 3, 3, 3, 3, 3, 3, 3, 3, 3, 3, 3, 3, 3, 3, 3, 3, 3, 3, 3, 3, 3, 3, 3, 3, 3, 3, 3, 3, 3, 3, 3, 3, 3, 3, 3, 3, 3, 3, 3, 3, 3, 3, 3, 3, 3, 3, 3, 3, 3, 3, 3, 3, 3, 3, 3, 3, 3, 3, 3, 3, 3, 3, 3, 3, 3, 3, 3, 3, 3, 3, 3, 3, 3, 3, 3, 3, 3, 3, 3, 3, 3, 3, 3, 3, 3, 3, 3, 3, 3, 3, 3, 3, 3, 3, 3, 3, 3, 3, 3, 3, 3, 3, 3, 3, 3, 3, 3, 3, 3, 3, 3, 3, 3, 3, 3, 3, 3, 3, 3, 3, 3, 3, 3, 3, 3, 3, 3, 3, 3, 3, 3, 3, 3, 3, 3, 3, 3, 3, 3, 3, 3, 3, 3, 3, 3, 3, 3, 3, 3, 3, 3, 3, 3, 3, 3, 3, 3, 3, 3, 3, 3, 3, 3, 3, 3, 3, 3, 3, 3, 3, 3, 3, 3, 3, 3, 3, 3, 3, 3, 3, 3, 3, 3, 3, 3, 3, 3, 3, 3, 3, 3, 3, 3, 3, 3, 3, 3, 3, 3, 3, 3, 3, 3, 3, 3, 3, 3, 3, 3, 3, 3, 3, 3, 3, 3, 3, 3, 3, 3, 3, 3, 3, 3, 3, 3, 3, 3, 3, 3, 3, 3, 3, 3, 3, 3, 3, 3, 3, 3, 3, 3, 3, 3, 3, 3, 3, 3, 3, 3, 3, 3, 3, 3, 3, 3, 3, 3, 3, 3, 3, 3, 3, 3, 3, 3, 3, 3, 3, 3, 3, 3, 3, 3, 3, 3, 3, 3, 3, 3, 3, 3, 3, 3, 3, 3, 3, 3, 3, 3, 3, 3, 3, 3, 3, 3, 3, 3, 3, 3, 3, 3, 3, 3, 3, 3, 3, 3, 3, 3, 3, 3, 3, 3, 3, 3, 3, 3, 3, 3, 3, 3, 3, 3, 3, 3, 3, 3, 3, 3, 3, 3, 3, 3, 3, 3, 3, 3, 3, 3, 3, 3, 3, 3, 3, 3, 3, 3, 3, 3, 3, 3, 3, 3, 3, 3, 3, 3, 3, 3, 3, 3, 3, 3, 3, 3, 3, 3, 3, 3, 3, 3, 3, 3, 3, 3, 3, 3, 3, 3, 3, 3, 3, 3, 3, 3, 3, 3, 3, 3, 3, 3, 3, 3, 3, 3, 3, 3, 3, 3, 3, 3, 3, 3, 3, 3, 3, 3, 3, 3, 3, 3, 3, 3, 3, 3, 3, 3, 3, 3, 3, 3, 3, 3, 3, 3, 3, 3, 3, 3, 3, 3, 3, 3, 3, 3, 3, 3, 3, 3, 3, 3, 3, 3, 3, 3, 3, 3, 3, 3, 3, 3, 3, 3, 3, 3, 3, 3, 3, 3, 3, 3, 3, 3, 3, 3, 3, 3, 3, 3, 3, 3, 3, 3, 3, 3, 3, 3, 3, 3, 3, 3, 3, 3, 3, 3, 3, 3, 3, 3, 3, 3, 3, 3, 3, 3, 3, 3, 3, 3, 3, 3, 3, 3, 3, 3, 3, 3, 3, 3, 3, 3, 3, 3, 3, 3, 3, 3, 3, 3, 3, 3, 3, 3, 3, 3, 3, 3, 3, 3, 3, 3, 3, 3, 3, 3, 3, 3, 3, 3, 3, 3, 3, 3, 3, 3, 3, 3, 3, 3, 3, 3, 3, 3, 3, 3, 3, 3, 3, 3, 3, 3, 3, 3, 3, 3, 3, 3, 3, 3, 3, 3, 3, 3, 3, 3, 3, 3, 3, 3, 3, 3, 3, 3, 3, 3, 3, 3, 3, 3, 3, 3, 3, 3, 3, 3, 3, 3, 3, 3, 3, 3, 3, 3, 3, 3, 3, 3, 3, 3, 3, 3, 3, 3, 3, 3, 3, 3, 3, 3, 3, 3, 3, 3, 3, 3, 3, 3, 3, 3, 3, 3, 3, 3, 3, 3, 3, 3, 3, 3, 3, 3, 3, 3, 3, 3, 3, 3, 3, 3, 3, 3, 3, 3, 3, 3, 3, 3, 3, 3, 3, 3, 3, 3, 3, 3, 3, 3, 3, 3, 3, 3, 3, 3, 3, 3, 3, 3, 3, 3, 3, 3, 3, 3, 3, 3, 3, 3, 3, 3, 3, 3, 3, 3, 3, 3, 3, 3, 3, 3, 3, 3, 3, 3, 3, 3, 3, 3, 3, 3, 3, 3, 3, 3, 3, 3, 3, 3, 3, 3, 3, 3, 3, 3, 3, 3, 3, 3, 3, 3, 3, 3, 3, 3, 3, 3, 3, 3, 3, 3, 3, 3, 3, 3, 3, 3, 3, 3, 3, 3, 3, 3, 3, 3, 3, 3, 3, 3, 3, 3, 3, 3, 3, 3, 3, 3, 3, 3, 3, 3, 3, 3, 3, 3, 3, 3, 3, 3, 3, 3, 3, 3, 3, 3, 3, 3, 3, 3, 3, 3, 3, 3, 3, 3, 3, 3, 3, 3, 3, 3, 3, 3, 3, 3, 3, 3, 3, 3, 3, 3, 3, 3, 3, 3, 3, 3, 3, 3, 3, 3, 3, 3, 3, 3, 3, 3, 3, 3, 3, 3, 3, 3, 3, 3, 3, 3, 3, 3, 3, 3, 3, 3, 3, 3, 3, 3, 3, 3, 3, 3, 3, 3, 3, 3, 3, 3, 3, 3, 3, 3, 3, 3, 3, 3, 3, 3, 3, 3, 3, 3, 3, 3, 3, 3, 3, 3, 3, 3, 3, 3, 3, 3, 3, 3, 3, 3, 3, 3, 3, 3, 3, 3, 3, 3, 3, 3, 3, 3, 3, 3, 3, 3, 3, 3, 3, 3, 3, 3, 3, 3, 3, 3, 3, 3, 3, 3, 3, 3, 3, 3, 3, 3, 3, 3, 3, 3, 3, 3, 3, 3, 3, 3, 3, 3, 3, 3, 3, 3, 3, 3, 3, 3, 3, 3, 3, 3, 3, 3, 3, 3, 3, 3, 3, 3, 3, 3, 3, 3, 3, 3, 3, 3, 3, 3, 3, 3, 3, 3, 3, 3, 3, 3, 3, 3, 3, 3, 3, 3, 3, 3, 3, 3, 3, 3, 3, 3, 3, 3, 3, 3, 3, 3, 3, 3, 3, 3, 3, 3, 3, 3, 3, 3, 3, 3, 3, 3, 3, 3, 3, 3, 3, 3, 3, 3, 3, 3, 3, 3, 3, 3, 3, 3, 3, 3, 3, 3, 3, 3, 3, 3, 3, 3, 3, 3, 3, 3, 3, 3, 3, 3, 3, 3, 3, 3, 3, 3, 3, 3, 3, 3, 3, 3, 3, 3, 3, 3, 3, 3, 3, 3, 3, 3, 3, 3, 3, 3, 3, 3, 3, 3, 3, 3, 3, 3, 3, 3, 3, 3, 3, 3, 3, 3, 3, 3, 3, 3, 3, 3, 3, 3, 3, 3, 3, 3, 3, 3, 3, 3, 3, 3, 3, 3, 3, 3, 3, 3, 3, 3, 3, 3, 3, 3, 3, 3, 3, 3, 3, 3, 3, 3, 3, 3, 3, 3, 3, 3, 3, 3, 3, 3, 3, 3, 3, 3, 3, 3, 3, 3, 3, 3, 3, 3, 3, 3, 3, 3, 3, 3, 3, 3, 3, 3, 3, 3, 3, 3, 3, 3, 3, 3, 3, 3, 3, 3, 3, 3, 3, 3, 3, 3, 3, 3, 3, 3, 3, 3, 3, 3, 3, 3, 3, 3, 3, 3, 3, 3, 3, 3, 3, 3, 3, 3, 3, 3, 3, 3, 3, 3, 3, 3, 3, 3, 3, 3, 3, 3, 3, 3, 3, 3, 3, 3, 3, 3, 3, 3, 3, 3, 3, 3, 3, 3, 3, 3, 3, 3, 3, 3, 3, 3, 3, 3, 3, 3, 3, 3, 3, 3, 3, 3, 3, 3, 3, 3, 3, 3, 3, 3, 3, 3, 3, 3, 3, 3, 3, 3, 3, 3, 3, 3, 3, 3, 3, 3, 3, 3, 3, 3, 3, 3, 3, 3, 3, 3, 3, 3, 3, 3, 3, 3, 3, 3, 3, 3, 3, 3, 3, 3, 3, 3, 3, 3, 3, 3, 3, 3, 3, 3, 3, 3, 3, 3, 3, 3, 3, 3, 3, 3, 3, 3, 3, 3, 3, 3, 3, 3, 3, 3, 3, 3, 3, 3, 3, 3, 3, 3, 3, 3, 3, 3, 3, 3, 3, 3, 3, 3, 3, 3, 3, 3, 3, 3, 3, 3, 3, 3, 3, 3, 3, 3, 3, 3, 3, 3, 3, 3, 3, 3, 3, 3, 3, 3, 3, 3, 3, 3, 3, 3, 3, 3, 3, 3, 3, 3, 3, 3, 3, 3, 3, 3, 3, 3, 3, 3, 3, 3, 3, 3, 3, 3, 3, 3, 3, 3, 3, 3, 3, 3, 3, 3, 3, 3, 3, 3, 3, 3, 3, 3, 3, 3, 3, 3, 3, 3, 3, 3, 3, 3, 3, 3, 3, 3, 3, 3, 3, 3, 3, 3, 3, 3, 3, 3, 3, 3, 3, 3, 3, 3, 3, 3, 3, 3, 3, 3, 3, 3, 3, 3, 3, 3, 3, 3, 3, 3, 3, 3, 3, 3, 3, 3, 3, 3, 3, 3, 3, 3, 3, 3, 3, 3, 3, 3, 3, 3, 3, 3, 3, 3, 3, 3, 3, 3, 3, 3, 3, 3, 3, 3, 3, 3, 3, 3, 3, 3, 3, 3, 3, 3, 3, 3, 3, 3, 3, 3, 3, 3, 3, 3, 3, 3, 3, 3, 3, 3, 3, 3, 3, 3, 3, 3, 3, 3, 3, 3, 3, 3, 3, 3, 3, 3, 3, 3, 3, 3, 3, 3, 3, 3, 3, 3, 3, 3, 3, 3, 3, 3, 3, 3, 3, 3, 3, 3, 3, 3, 3, 3, 3, 3, 3, 3, 3, 3, 3, 3, 3, 3, 3, 3, 3, 3, 3, 3, 3, 3, 3, 3, 3, 3, 3, 3, 3, 3, 3, 3, 3, 3, 3, 3, 3, 3, 3, 3, 3, 3, 3, 3, 3, 3, 3, 3, 3, 3, 3, 3, 3, 3, 3, 3, 3, 3, 3, 3, 3, 3, 3, 3, 3, 3, 3, 3, 3, 3, 3, 3, 3, 3, 3, 3, 3, 3, 3, 3, 3, 3, 3, 3, 3, 3, 3, 3, 3, 3, 3, 3, 3, 3, 3, 3, 3, 3, 3, 3, 3, 3, 3, 3, 3, 3, 3, 3, 3, 3, 3, 3, 3, 3, 3, 3, 3, 3, 3, 3, 3, 3, 3, 3, 3, 3, 3, 3, 3, 3, 3, 3, 3, 3, 3, 3, 3, 3, 3, 3, 3, 3, 3, 3, 3, 3, 3, 3, 3, 3, 3, 3, 3, 3, 3, 3, 3, 3, 3, 3, 3, 3, 3, 3, 3, 3, 3, 3, 3, 3, 3, 3, 3, 3, 3, 3, 3, 3, 3, 3, 3, 3, 3, 3, 3, 3, 3, 3, 3, 3, 3, 3, 3, 3, 3, 3, 3, 3, 3, 3, 3, 3, 3, 3, 3, 3, 3, 3, 3, 3, 3, 3, 3, 3, 3, 3, 3, 3, 3, 3, 3, 3, 3, 3, 3, 3, 3, 3, 3, 3, 3, 3, 3, 3, 3, 3, 3, 3, 3, 3, 3, 3, 3, 3, 3, 3, 3, 3, 3, 3, 3, 3, 3, 3, 3, 3, 3, 3, 3, 3, 3, 3, 3, 3, 3, 3, 3, 3, 3, 3, 3, 3, 3, 3, 3, 3, 3, 3, 3, 3, 3, 3, 3, 3, 3, 3, 3, 3, 3, 3, 3, 3, 3, 3, 3, 3, 3, 3, 3, 3, 3, 3, 3, 3, 3, 3, 3, 3, 3, 3, 3, 3, 3, 3, 3, 3, 3, 3, 3, 3, 3, 3, 3, 3, 3, 3, 3, 3, 3, 3, 3, 3, 3, 3, 3, 3, 3, 3, 3, 3, 3, 3, 3, 3, 3, 3, 3, 3, 3, 3, 3, 3, 3, 3, 3, 3, 3, 3, 3, 3, 3, 3, 3, 3, 3, 3, 3, 3, 3, 3, 3, 3, 3, 3, 3, 3, 3, 3, 3, 3, 3, 3, 3, 3, 3, 3, 3, 3, 3, 3, 3, 3, 3, 3, 3, 3, 3, 3, 3, 3, 3, 3, 3, 3, 3, 3, 3, 3, 3, 3, 3, 3, 3, 3, 3, 3, 3, 3, 3, 3, 3, 3, 3, 3, 3, 3, 3, 3, 3, 3, 3, 3, 3, 3, 3, 3, 3, 3, 3, 3, 3, 3, 3, 3, 3, 3, 3, 3, 3, 3, 3, 3, 3, 3, 3, 3, 3, 3, 3, 3, 3, 3, 3, 3, 3, 3, 3, 3, 3, 3, 3, 3, 3, 3, 3, 3, 3, 3, 3, 3, 3, 3, 3, 3, 3, 3, 3, 3, 3, 3, 3, 3, 3, 3, 3, 3, 3, 3, 3, 3, 3, 3, 3, 3, 3, 3, 3, 3, 3, 3, 3, 3, 3, 3, 3, 3, 3, 3, 3, 3, 3, 3, 3, 3, 3, 3, 3, 3, 3, 3, 3, 3, 3, 3, 3, 3, 3, 3, 3, 3, 3, 3, 3, 3, 3, 3, 3, 3, 3, 3, 3, 3, 3, 3, 3, 3, 3, 3, 3, 3, 3, 3, 3, 3, 3, 3, 3, 3, 3, 3, 3, 3, 3, 3, 3, 3, 3, 3, 3, 3, 3, 3, 3, 3, 3, 3, 3, 3, 3, 3, 3, 3, 3, 3, 3, 3, 3, 3, 3, 3, 3, 3, 3, 3, 3, 3, 3, 3, 3, 3, 3, 3, 3, 3, 3, 3, 3, 3, 3, 3, 3, 3, 3, 3, 3, 3, 3, 3, 3, 3, 3, 3, 3, 3, 3, 3, 3, 3, 3, 3, 3, 3, 3, 3, 3, 3, 3, 3, 3, 3, 3, 3, 3, 3, 3, 3, 3, 3, 3, 3, 3, 3, 3, 3, 3, 3, 3, 3, 3, 3, 3, 3, 3, 3, 3, 3, 3, 3, 3, 3, 3, 3, 3, 3, 3, 3, 3, 3, 3, 3, 3, 3, 3, 3, 3, 3, 3, 3, 3, 3, 3, 3, 3, 3, 3, 3, 3, 3, 3, 3, 3, 3, 3, 3, 3, 3, 3, 3, 3, 3, 3, 3, 3, 3, 3, 3, 3, 3, 3, 3, 3, 3, 3, 3, 3, 3, 3, 3, 3, 3, 3, 3, 3, 3, 3, 3, 3, 3, 3, 3, 3, 3, 3, 3, 3, 3, 3, 3, 3, 3, 3, 3, 3, 3, 3, 3, 3, 3, 3, 3, 3, 3, 3, 3, 3, 3, 3, 3, 3, 3, 3, 3, 3, 3, 3, 3, 3, 3, 3, 3, 3, 3, 3, 3, 3, 3, 3, 3, 3, 3, 3, 3, 3, 3, 3, 3, 3, 3, 3, 3, 3, 3, 3, 3, 3, 3, 3, 3, 3, 3, 3, 3, 3, 3, 3, 3, 3, 3, 3, 3, 3, 3, 3, 3, 3, 3, 3, 3, 3, 3, 3, 3, 3, 3, 3, 3, 3, 3, 3, 3, 3, 3, 3, 3, 3, 3, 3, 3, 3, 3, 3, 3, 3, 3, 3, 3, 3, 3, 3, 3, 3, 3, 3, 3, 3, 3, 3, 3, 3, 3, 3, 3, 3, 3, 3, 3, 3, 3, 3, 3, 3, 3, 3, 3, 3, 3, 3, 3, 3, 3, 3, 3, 3, 3, 3, 3, 3, 3, 3, 3, 3, 3, 3, 3, 3, 3, 3, 3, 3, 3, 3, 3, 3, 3, 3, 3, 3, 3, 3, 3, 3, 3, 3, 3, 3, 3, 3, 3, 3, 3, 3, 3, 3, 3, 3, 3, 3, 3, 3, 3, 3, 3, 3, 3, 3, 3, 3, 3, 3, 3, 3, 3, 3, 3, 3, 3, 3, 3, 3, 3, 3, 3, 3, 3, 3, 3, 3, 3, 3, 3, 3, 3, 3, 3, 3, 3, 3, 3, 3, 3, 3, 3, 3, 3, 3, 3, 3, 3, 3, 3, 3, 3, 3, 3, 3, 3, 3, 3, 3, 3, 3, 3, 3, 3, 3, 3, 3, 3, 3, 3, 3, 3, 3, 3, 3, 3, 3, 3, 3, 3, 3, 3, 3, 3, 3, 3, 3, 3, 3, 3, 3, 3, 3, 3, 3, 3, 3, 3, 3, 3, 3, 3, 3, 3, 3, 3, 3, 3, 3, 3, 3, 3, 3, 3, 3, 3, 3, 3, 3, 3, 3, 3, 3, 3, 3, 3, 3, 3, 3, 3, 3, 3, 3, 3, 3, 3, 3, 3, 3, 3, 3, 3, 3, 3, 3, 3, 3, 3, 3, 3, 3, 3, 3, 3, 3, 3, 3, 3, 3, 3, 3, 3, 3, 3, 3, 3, 3, 3, 3, 3, 3, 3, 3, 3, 3, 3, 3, 3, 3, 3, 3, 3, 3, 3, 3, 3, 3, 3, 3, 3, 3, 3, 3, 3, 3, 3, 3, 3, 3, 3, 3, 3, 3, 3, 3, 3, 3, 3, 3, 3, 3, 3, 3, 3, 3, 3, 3, 3, 3, 3, 3, 3, 3, 3, 3, 3, 3, 3, 3, 3, 3, 3, 3, 3, 3, 3, 3, 3, 3, 3, 3, 3, 3, 3, 3, 3, 3, 3, 3, 3, 3, 3, 3, 3, 3, 3, 3, 3, 3, 3, 3, 3, 3, 3, 3, 3, 3, 3, 3, 3, 3, 3, 3, 3, 3, 3, 3, 3, 3, 3, 3, 3, 3, 3, 3, 3, 3, 3, 3, 3, 3, 3, 3, 3, 3, 3, 3, 3, 3, 3, 3, 3, 3, 3, 3, 3, 3, 3, 3, 3, 3, 3, 3, 3, 3, 3, 3, 3, 3, 3, 3, 3, 3, 3, 3, 3, 3, 3, 3, 3, 3, 3, 3, 3, 3, 3, 3, 3, 3, 3, 3, 3, 3, 3, 3, 3, 3, 3, 3, 3, 3, 3, 3, 3, 3, 3, 3, 3, 3, 3, 3, 3, 3, 3, 3, 3, 3, 3, 3, 3, 3, 3, 3, 3, 3, 3, 3, 3, 3, 3, 3, 3, 3, 3, 3, 3, 3, 3, 3, 3, 3, 3, 3, 3, 3, 3, 3, 3, 3, 3, 3, 3, 3, 3, 3, 3, 3, 3, 3, 3, 3, 3, 3, 3, 3, 3, 3, 3, 3, 3, 3, 3, 3, 3, 3, 3, 3, 3, 3, 3, 3, 3, 3, 3, 3, 3, 3, 3, 3, 3, 3, 3, 3, 3, 3, 3, 3, 3, 3, 3, 3, 3, 3, 3, 3, 3, 3, 3, 3, 3, 3, 3, 3, 3, 3, 3, 3, 3, 3, 3, 3, 3, 3, 3, 3, 3, 3, 3, 3, 3, 3, 3, 3, 3, 3, 3, 3, 3, 3, 3, 3, 3, 3, 3, 3, 3, 3, 3, 3, 3, 3, 3, 3, 3, 3, 3, 3, 3, 3, 3, 3, 3, 3, 3, 3, 3, 3, 3, 3, 3, 3, 3, 3, 3, 3, 3, 3, 3, 3, 3, 3, 3, 3, 3, 3, 3, 3, 3, 3, 3, 3, 3, 3, 3, 3, 3, 3, 3, 3, 3, 3, 3, 3, 3, 3, 3, 3, 3, 3, 3, 3, 3, 3, 3, 3, 3, 3, 3, 3, 3, 3, 3, 3, 3, 3, 3, 3, 3, 3, 3, 3, 3, 3, 3, 3, 3, 3, 3, 3, 3, 3, 3, 3, 3, 3, 3, 3, 3, 3, 3, 3, 3, 3, 3, 3, 3, 3, 3, 3, 3, 3, 3, 3, 3, 3, 3, 3, 3, 3, 3, 3, 3, 3, 3, 3, 3, 3, 3, 3, 3, 3, 3, 3, 3, 3, 3, 3, 3, 3, 3, 3, 3, 3, 3, 3, 3, 3, 3, 3, 3, 3, 3, 3, 3, 3, 3, 3, 3, 3, 3, 3, 3, 3, 3, 3, 3, 3, 3, 3, 3, 3, 3, 3, 3, 3, 3, 3, 3, 3, 3, 3, 3, 3, 3, 3, 3, 3, 3, 3, 3, 3, 3, 3, 3, 3, 3, 3, 3, 3, 3, 3, 3, 3, 3, 3, 3, 3, 3, 3, 3, 3, 3, 3, 3, 3, 3, 3, 3, 3, 3, 3, 3, 3, 3, 3, 3, 3, 3, 3, 3, 3, 3, 3, 3, 3, 3, 3, 3, 3, 3, 3, 3, 3, 3, 3, 3, 3, 3, 3, 3, 3, 3, 3, 3, 3, 3, 3, 3, 3, 3, 3, 3, 3, 3, 3, 3, 3, 3, 3, 3, 3, 3, 3, 3, 3, 3, 3, 3, 3, 3, 3, 3, 3, 3, 3, 3, 3, 3, 3, 3, 3, 3, 3, 3, 3, 3, 3, 3, 3, 3, 3, 3, 3, 3, 3, 3, 3, 3, 3, 3, 3, 3, 3, 3, 3, 3, 3, 3, 3, 3, 3, 3, 3, 3, 3, 3, 3, 3, 3, 3, 3, 3, 3, 3, 3, 3, 3, 3, 3, 3, 3, 3, 3, 3, 3, 3, 3, 3, 3, 3, 3, 3, 3, 3, 3, 3, 3, 3, 3, 3, 3, 3, 3, 3, 3, 3, 3, 3, 3, 3, 3, 3, 3, 3, 3, 3, 3, 3, 3, 3, 3, 3, 3, 3, 3, 3, 3, 3, 3, 3, 3, 3, 3, 3, 3, 3, 3, 3, 3, 3, 3, 3, 3, 3, 3, 3, 3, 3, 3, 3, 3, 3, 3, 3, 3, 3, 3, 3, 3, 3, 3, 3, 3, 3, 3, 3, 3, 3, 3, 3, 3, 3, 3, 3, 3, 3, 3, 3, 3, 3, 3, 3, 3, 3, 3, 3, 3, 3, 3, 3, 3, 3, 3, 3, 3, 3, 3, 3, 3, 3, 3, 3, 3, 3, 3, 3, 3, 3, 3, 3, 3, 3, 3, 3, 3, 3, 3, 3, 3, 3, 3, 3, 3, 3, 3, 3, 3, 3, 3, 3, 3, 3, 3, 3, 3, 3, 3, 3, 3, 3, 3, 3, 3, 3, 3, 3, 3, 3, 3, 3, 3, 3, 3, 3, 3, 3, 3, 3, 3, 3, 3, 3, 3, 3, 3, 3, 3, 3, 3, 3, 3, 3, 3, 3, 3, 3, 3, 3, 3, 3, 3, 3, 3, 3, 3, 3, 3, 3, 3, 3, 3, 3, 3, 3, 3, 3, 3, 3, 3, 3, 3, 3, 3, 3, 3, 3, 3, 3, 3, 3, 3, 3, 3, 3, 3, 3, 3, 3, 3, 3, 3, 3, 3, 3, 3, 3, 3, 3, 3, 3, 3, 3, 3, 3, 3, 3, 3, 3, 3, 3, 3, 3, 3, 3, 3, 3, 3, 3, 3, 3, 3, 3, 3, 3, 3, 3, 3, 3, 3, 3, 3, 3, 3, 3, 3, 3, 3, 3, 3, 3, 3, 3, 3, 3, 3, 3, 3, 3, 3, 3, 3, 3, 3, 3, 3, 3, 3, 3, 3, 3, 3, 3, 3, 3, 3, 3, 3, 3, 3, 3, 3, 3, 3, 3, 3, 3, 3, 3, 3, 3, 3, 3, 3, 3, 3, 3, 3, 3, 3, 3, 3, 3, 3, 3, 3, 3, 3, 3, 3, 3, 3, 3, 3, 3, 3, 3, 3, 3, 3, 3, 3, 3, 3, 3, 3, 3, 3, 3, 3, 3, 3, 3, 3, 3, 3, 3, 3, 3, 3, 3, 3, 3, 3, 3, 3, 3, 3, 3, 3, 3, 3, 3, 3, 3, 3, 3, 3, 3, 3, 3, 3, 3, 3, 3, 3, 3, 3, 3, 3, 3, 3, 3, 3, 3, 3, 3, 3, 3, 3, 3, 3, 3, 3, 3, 3, 3, 3, 3, 3, 3, 3, 3, 3, 3, 3, 3, 3, 3, 3, 3, 3, 3, 3, 3, 3, 3, 3, 3, 3, 3, 3, 3, 3, 3, 3, 3, 3, 3, 3, 3, 3, 3, 3, 3, 3, 3, 3, 3, 3, 3, 3, 3, 3, 3, 3, 3, 3, 3, 3, 3, 3, 3, 3, 3, 3, 3, 3, 3, 3, 3, 3, 3, 3, 3, 3, 3, 3, 3, 3, 3, 3, 3, 3, 3, 3, 3, 3, 3, 3, 3, 3, 3, 3, 3, 3, 3, 3, 3, 3, 3, 3, 3, 3, 3, 3, 3, 3, 3, 3, 3, 3, 3, 3, 3, 3, 3, 3, 3, 3, 3, 3, 3, 3, 3, 3, 3, 3, 3, 3, 3, 3, 3, 3, 3, 3, 3, 3, 3, 3, 3, 3, 3, 3, 3, 3, 3, 3, 3, 3, 3, 3, 3, 3, 3, 3, 3, 3, 3, 3, 3, 3, 3, 3, 3, 3, 3, 3, 3, 3, 3, 3, 3, 3, 3, 3, 3, 3, 3, 3, 3, 3, 3, 3, 3, 3, 3, 3, 3, 3, 3, 3, 3, 3, 3, 3, 3, 3, 3, 3, 3, 3, 3, 3, 3, 3, 3, 3, 3, 3, 3, 3, 3, 3, 3, 3, 3, 3, 3, 3, 3, 3, 3, 3, 3, 3, 3, 3, 3, 3, 3, 3, 3, 3, 3, 3, 3, 3, 3, 3, 3, 3, 3, 3, 3, 3, 3, 3, 3, 3, 3, 3, 3, 3, 3, 3, 3, 3, 3, 3, 3, 3, 3, 3, 3, 3, 3, 3, 3, 3, 3, 3, 3, 3, 3, 3, 3, 3, 3, 3, 3, 3, 3, 3, 3, 3, 3, 3, 3, 3, 3, 3, 3, 3, 3, 3, 3, 3, 3, 3, 3, 3, 3, 3, 3, 3, 3, 3, 3, 3, 3, 3, 3, 3, 3, 3, 3, 3, 3, 3, 3, 3, 3, 3, 3, 3, 3, 3, 3, 3, 3, 3, 3, 3, 3, 3, 3, 3, 3, 3, 3, 3, 3, 3, 3, 3, 3, 3, 3, 3, 3, 3, 3, 3, 3, 3, 3, 3, 3, 3, 3, 3, 3, 3, 3, 3, 3, 3, 3, 3, 3, 3, 3, 3, 3, 3, 3, 3, 3, 3, 3, 3, 3, 3, 3, 3, 3, 3, 3, 3, 3, 3, 3, 3, 3, 3, 3, 3, 3, 3, 3, 3, 3, 3, 3, 3, 3, 3, 3, 3, 3, 3, 3, 3, 3, 3, 3, 3, 3, 3, 3, 3, 3, 3, 3, 3, 3, 3, 3, 3, 3, 3, 3, 3, 3, 3, 3, 3, 3, 3, 3, 3, 3, 3, 3, 3, 3, 3, 3, 3, 3, 3, 3, 3, 3, 3, 3, 3, 3, 3, 3, 3, 3, 3, 3, 3, 3, 3, 3, 3, 3, 3, 3, 3, 3, 3, 3, 3, 3, 3, 3, 3, 3, 3, 3, 3, 3, 3, 3, 3, 3, 3, 3, 3, 3, 3, 3, 3, 3, 3, 3, 3, 3, 3, 3, 3, 3, 3, 3, 3, 3, 3, 3, 3, 3, 3, 3, 3, 3, 3, 3, 3, 3, 3, 3, 3, 3, 3, 3, 3, 3, 3, 3, 3, 3, 3, 3, 3, 3, 3, 3, 3, 3, 3, 3, 3, 3, 3, 3, 3, 3, 3, 3, 3, 3, 3, 3, 3, 3, 3, 3, 3, 3, 3, 3, 3, 3, 3, 3, 3, 3, 3, 3, 3, 3, 3, 3, 3, 3, 3, 3, 3, 3, 3, 3, 3, 3, 3, 3, 3, 3, 3, 3, 3, 3, 3, 3, 3, 3, 3, 3, 3, 3, 3, 3, 3, 3, 3, 3, 3, 3, 3, 3, 3, 3, 3, 3, 3, 3, 3, 3, 3, 3, 3, 3, 3, 3, 3, 3, 3, 3, 3, 3, 3, 3, 3, 3, 3, 3, 3, 3, 3, 3, 3, 3, 3, 3, 3, 3, 3, 3, 3, 3, 3, 3, 3, 3, 3, 3, 3, 3, 3, 3, 3, 3, 3, 3, 3, 3, 3, 3, 3, 3, 3, 3, 3, 3, 3, 3, 3, 3, 3, 3, 3, 3, 3, 3, 3, 3, 3, 3, 3, 3, 3, 3, 3, 3, 3, 3, 3, 3, 3, 3, 3, 3, 3, 3, 3, 3, 3, 3, 3, 3, 3, 3, 3, 3, 3, 3, 3, 3, 3, 3, 3, 3, 3, 3, 3, 3, 3, 3, 3, 3, 3, 3, 3, 3, 3, 3, 3, 3, 3, 3, 3, 3, 3, 3, 3, 3, 3, 3, 3, 3, 3, 3, 3, 3, 3, 3, 3, 3, 3, 3, 3, 3, 3, 3, 3, 3, 3, 3, 3, 3, 3, 3, 3, 3, 3, 3, 3, 3, 3, 3, 3, 3, 3, 3, 3, 3, 3, 3, 3, 3, 3, 3, 3, 3, 3, 3, 3, 3, 3, 3, 3, 3, 3, 3, 3, 3, 3, 3, 3, 3, 3, 3, 3, 3, 3, 3, 3, 3, 3, 3, 3, 3, 3, 3, 3, 3, 3, 3, 3, 3, 3, 3, 3, 3, 3, 3, 3, 3, 3, 3, 3, 3, 3, 3, 3, 3, 3, 3, 3, 3, 3, 3, 3, 3, 3, 3, 3, 3, 3, 3, 3, 3, 3, 3, 3, 3, 3, 3, 3, 3, 3, 3, 3, 3, 3, 3, 3, 3, 3, 3, 3, 3, 3, 3, 3, 3, 3, 3, 3, 3, 3, 3, 3, 3, 3, 3, 3, 3, 3, 3, 3, 3, 3, 3, 3, 3, 3, 3, 3, 3, 3, 3, 3, 3, 3, 3, 3, 3, 3, 3, 3, 3, 3, 3, 3, 3, 3, 3, 3, 3, 3, 3, 3, 3, 3, 3, 3, 3, 3, 3, 3, 3, 3, 3, 3, 3, 3, 3, 3, 3, 3, 3, 3, 3, 3, 3, 3, 3, 3, 3, 3, 3, 3, 3, 3, 3, 3, 3, 3, 3, 3, 3, 3, 3, 3, 3, 3, 3, 3, 3, 3, 3, 3, 3, 3, 3, 3, 3, 3, 3, 3, 3, 3, 3, 3, 3, 3, 3, 3, 3, 3, 3, 3, 3, 3, 3, 3, 3, 3, 3, 3, 3, 3, 3, 3, 3, 3, 3, 3, 3, 3, 3, 3, 3, 3, 3, 3, 3, 3, 3, 3, 3, 3, 3, 3, 3, 3, 3, 3, 3, 3, 3, 3, 3, 3, 3, 3, 3, 3, 3, 3, 3, 3, 3, 3, 3, 3, 3, 3, 3, 3, 3, 3, 3, 3, 3, 3, 3, 3, 3, 3, 3, 3, 3, 3, 3, 3, 3, 3, 3, 3, 3, 3, 3, 3, 3, 3, 3, 3, 3, 3, 3, 3, 3, 3, 3, 3, 3, 3, 3, 3, 3, 3, 3, 3, 3, 3, 3, 3, 3, 3, 3, 3, 3, 3, 3, 3, 3, 3, 3, 3, 3, 3, 3, 3, 3, 3, 3, 3, 3, 3, 3, 3, 3, 3, 3, 3, 3, 3, 3, 3, 3, 3, 3, 3, 3, 3, 3, 3, 3, 3, 3, 3, 3, 3, 3, 3, 3, 3, 3, 3, 3, 3, 3, 3, 3, 3, 3, 3, 3, 3, 3, 3, 3, 3, 3, 3, 3, 3, 3, 3, 3, 3, 3, 3, 3, 3, 3, 3, 3, 3, 3, 3, 3, 3, 3, 3, 3, 3, 3, 3, 3, 3, 3, 3, 3, 3, 3, 3, 3, 3, 3, 3, 3, 3, 3, 3, 3, 3, 3, 3, 3, 3, 3, 3, 3, 3, 3, 3, 3, 3, 3, 3, 3, 3, 3, 3, 3, 3, 3, 3, 3, 3, 3, 3, 3, 3, 3, 3, 3, 3, 3, 3, 3, 3, 3, 3, 3, 3, 3, 3, 3, 3, 3, 3, 3, 3, 3, 3, 3, 3, 3, 3, 3, 3, 3, 3, 3, 3, 3, 3, 3, 3, 3, 3, 3, 3, 3, 3, 3, 3, 3, 3, 3, 3, 3, 3, 3, 3, 3, 3, 3, 3, 3, 3, 3, 3, 3, 3, 3, 3, 3, 3, 3, 3, 3, 3, 3, 3, 3, 3, 3, 3, 3, 3, 3, 3, 3, 3, 3, 3, 3, 3, 3, 3, 3, 3, 3, 3, 3, 3, 3, 3, 3, 3, 3, 3, 3, 3, 3, 3, 3, 3, 3, 3, 3, 3, 3, 3, 3, 3, 3, 3, 3, 3, 3, 3, 3, 3, 3, 3, 3, 3, 3, 3, 3, 3, 3, 3, 3, 3, 3, 3, 3, 3, 3, 3, 3, 3, 3, 3, 3, 3, 3, 3, 3, 3, 3, 3, 3, 3, 3, 3, 3, 3, 3, 3, 3, 3, 3, 3, 3, 3, 3, 3, 3, 3, 3, 3, 3, 3, 3, 3, 3, 3, 3, 3, 3, 3, 3, 3, 3, 3, 3, 3, 3, 3, 3, 3, 3, 3, 3, 3, 3, 3, 3, 3, 3, 3, 3, 3, 3, 3, 3, 3, 3, 3, 3, 3, 3, 3, 3, 3, 3, 3, 3, 3, 3, 3, 3, 3, 3, 3, 3, 3, 3, 3, 3, 3, 3, 3, 3, 3, 3, 3, 3, 3, 3, 3, 3, 3, 3, 3, 3, 3, 3, 3, 3, 3, 3, 3, 3, 3, 3, 3, 3, 3, 3, 3, 3, 3, 3, 3, 3, 3, 3, 3, 3, 3, 3, 3, 3, 3, 3, 3, 3, 3, 3, 3, 3, 3, 3, 3, 3, 3, 3, 3, 3, 3, 3, 3, 3, 3, 3, 3, 3, 3, 3, 3, 3, 3, 3, 3, 3, 3, 3, 3, 3, 3, 3, 3, 3, 3, 3, 3, 3, 3, 3, 3, 3, 3, 3, 3, 3, 3, 3, 3, 3, 3, 3, 3, 3, 3, 3, 3, 3, 3, 3, 3, 3, 3, 3, 3, 3, 3, 3, 3, 3, 3, 3, 3, 3, 3, 3, 3, 3, 3, 3, 3, 3, 3, 3, 3, 3, 3, 3, 3, 3, 3, 3, 3, 3, 3, 3, 3, 3, 3, 3, 3, 3, 3, 3, 3, 3, 3, 3, 3, 3, 3, 3, 3, 3, 3, 3, 3, 3, 3, 3, 3, 3, 3, 3, 3, 3, 3, 3, 3, 3, 3, 3, 3, 3, 3, 3, 3, 3, 3, 3, 3, 3, 3, 3, 3, 3, 3, 3, 3, 3, 3, 3, 3, 3, 3, 3, 3, 3, 3, 3, 3, 3, 3, 3, 3, 3, 3, 3, 3, 3, 3, 3, 3, 3, 3, 3, 3, 3, 3, 3, 3, 3, 3, 3, 3, 3, 3, 3, 3, 3, 3, 3, 3, 3, 3, 3, 3, 3, 3, 3, 3, 3, 3, 3, 3, 3, 3, 3, 3, 3, 3, 3, 3, 3, 3, 3, 3, 3, 3, 3, 3, 3, 3, 3, 3, 3, 3, 3, 3, 3, 3, 3, 3, 3, 3, 3, 3, 3, 3, 3, 3, 3, 3, 3, 3, 3, 3, 3, 3, 3, 3, 3, 3, 3, 3, 3, 3, 3, 3, 3, 3, 3, 3, 3, 3, 3, 3, 3, 3, 3, 3, 3, 3, 3, 3, 3, 3, 3, 3, 3, 3, 3, 3, 3, 3, 3, 3, 3, 3, 3, 3, 3, 3, 3, 3, 3, 3, 3, 3, 3, 3, 3, 3, 3, 3, 3, 3, 3, 3, 3, 3, 3, 3, 3, 3, 3, 3, 3, 3, 3, 3, 3, 3, 3, 3, 3, 3, 3, 3, 3, 3, 3, 3, 3, 3, 3, 3, 3, 3, 3, 3, 3, 3, 3, 3, 3, 3, 3, 3, 3, 3, 3, 3, 3, 3, 3, 3, 3, 3, 3, 3, 3, 3, 3, 3, 3, 3, 3, 3, 3, 3, 3, 3, 3, 3, 3, 3, 3, 3, 3, 3, 3, 3, 3, 3, 3, 3, 3, 3, 3, 3, 3, 3, 3, 3, 3, 3, 3, 3, 3, 3, 3, 3, 3, 3, 3, 3, 3, 3, 3, 3, 3, 3, 3, 3, 3, 3, 3, 3, 3, 3, 3, 3, 3, 3, 3, 3, 3, 3, 3, 3, 3, 3, 3, 3, 3, 3, 3, 3, 3, 3, 3, 3, 3, 3, 3, 3, 3, 3, 3, 3, 3, 3, 3, 3, 3, 3, 3, 3, 3, 3, 3, 3, 3, 3, 3, 3, 3, 3, 3, 3, 3, 3, 3, 3, 3, 3, 3, 3, 3, 3, 3, 3, 3, 3, 3, 3, 3, 3, 3, 3, 3, 3, 3, 3, 3, 3, 3, 3, 3, 3, 3, 3, 3, 3, 3, 3, 3, 3, 3, 3, 3, 3, 3, 3, 3, 3, 3, 3, 3, 3, 3, 3, 3, 3, 3, 3, 3, 3, 3, 3, 3, 3, 3, 3, 3, 3, 3, 3, 3, 3, 3, 3, 3, 3, 3, 3, 3, 3, 3, 3, 3, 3, 3, 3, 3, 3, 3, 3, 3, 3, 3, 3, 3, 3, 3, 3, 3, 3, 3, 3, 3, 3, 3, 3, 3, 3, 3, 3, 3, 3, 3, 3, 3, 3, 3, 3, 3, 3, 3, 3, 3, 3, 3, 3, 3, 3, 3, 3, 3, 3, 3, 3, 3, 3, 3, 3, 3, 3, 3, 3, 3, 3, 3, 3, 3, 3, 3, 3, 3, 3, 3, 3, 3, 3, 3, 3, 3, 3, 3, 3, 3, 3, 3, 3, 3, 3, 3, 3, 3, 3, 3, 3, 3, 3, 3, 3, 3, 3, 3, 3, 3, 3, 3, 3, 3, 3, 3, 3, 3, 3, 3, 3, 3, 3, 3, 3, 3, 3, 3, 3, 3, 3, 3, 3, 3, 3, 3, 3, 3, 3, 3, 3, 3, 3, 3, 3, 3, 3, 3, 3, 3, 3, 3, 3, 3, 3, 3, 3, 3, 3, 3, 3, 3, 3, 3, 3, 3, 3, 3, 3, 3, 3, 3, 3, 3, 3, 3, 3, 3, 3, 3, 3, 3, 3, 3, 3, 3, 3, 3, 3, 3, 3, 3, 3, 3, 3, 3, 3, 3, 3, 3, 3, 3, 3, 3, 3, 3, 3, 3, 3, 3, 3, 3, 3, 3, 3, 3, 3, 3, 3, 3, 3, 3, 3, 3, 3, 3, 3, 3, 3, 3, 3, 3, 3, 3, 3, 3, 3, 3, 3, 3, 3, 3, 3, 3, 3, 3, 3, 3, 3, 3, 3, 3, 3, 3, 3, 3, 3, 3, 3, 3, 3, 3, 3, 3, 3, 3, 3, 3, 3, 3, 3, 3, 3, 3, 3, 3, 3, 3, 3, 3, 3, 3, 3, 3, 3, 3, 3, 3, 3, 3, 3, 3, 3, 3, 3, 3, 3, 3, 3, 3, 3, 3, 3, 3, 3, 3, 3, 3, 3, 3, 3, 3, 3, 3, 3, 3, 3, 3, 3, 3, 3, 3, 3, 3, 3, 3, 3, 3, 3, 3, 3, 3, 3, 3, 3, 3, 3, 3, 3, 3, 3, 3, 3, 3, 3, 3, 3, 3, 3, 3, 3, 3, 3, 3, 3, 3, 3, 3, 3, 3, 3, 3, 3, 3, 3, 3, 3, 3, 3, 3, 3, 3, 3, 3, 3, 3, 3, 3, 3, 3, 3, 3, 3, 3, 3, 3, 3, 3, 3, 3, 3, 3, 3, 3, 3, 3, 3, 3, 3, 3, 3, 3, 3, 3, 3, 3, 3, 3, 3, 3, 3, 3, 3, 3, 3, 3, 3, 3, 3, 3, 3, 3, 3, 3, 3, 3, 3, 3, 3, 3, 3, 3, 3, 3, 3, 3, 3, 3, 3, 3, 3, 3, 3, 3, 3, 3, 3, 3, 3, 3, 3, 3, 3, 3, 3, 3, 3, 3, 3, 3, 3, 3, 3, 3, 3, 3, 3, 3, 3, 3, 3, 3, 3, 3, 3, 3, 3, 3, 3, 3, 3, 3, 3, 3, 3, 3, 3, 3, 3, 3, 3, 3, 3, 3, 3, 3, 3, 3, 3, 3, 3, 3, 3, 3, 3, 3, 3, 3, 3, 3, 3, 3, 3, 3, 3, 3, 3, 3, 3, 3, 3, 3, 3, 3, 3, 3, 3, 3, 3, 3, 3, 3, 3, 3, 3, 3, 3, 3, 3, 3, 3, 3, 3, 3, 3, 3, 3, 3, 3, 3, 3, 3, 3, 3, 3, 3, 3, 3, 3, 3, 3, 3, 3, 3, 3, 3, 3, 3, 3, 3, 3, 3, 3, 3, 3, 3, 3, 3, 3, 3, 3, 3, 3, 3, 3, 3, 3, 3, 3, 3, 3, 3]
    int[] faceVertexIndices = [2324, 2319, 2326, 2339, 2362, 2338, 2316, 2336, 2321, 2337, 2334, 2323, 2345, 2359, 2343, 2337, 2338, 2362, 2372, 2358, 2373, 2356, 2345, 2346, 2354, 2355, 2353, 2323, 2338, 2337, 2324, 2338, 2323, 2335, 2336, 2316, 2334, 2316, 2320, 2323, 2319, 2324, 2321, 2336, 2370, 2319, 2322, 2318, 2320, 2318, 2323, 2343, 2339, 2340, 2324, 2339, 2338, 2347, 2346, 2344, 2340, 2328, 2341, 2362, 2339, 2359, 2346, 2347, 2349, 2357, 2358, 2372, 2340, 2326, 2328, 2335, 2334, 2337, 2340, 2339, 2324, 2335, 2316, 2334, 2319, 2323, 2322, 2344, 2345, 2343, 2343, 2341, 2344, 2359, 2345, 2356, 2353, 2349, 2354, 2356, 2353, 2355, 2349, 2353, 2346, 2358, 2357, 2354, 2354, 5999, 2358, 2343, 2340, 2341, 2346, 2345, 2344, 2359, 2339, 2343, 2318, 2322, 2323, 2354, 2357, 2355, 2340, 2324, 2326, 2333, 2321, 2370, 2346, 2353, 2356, 2323, 2334, 2320, 2318, 2320, 2316, 1499, 1504, 1503, 1479, 1481, 1490, 1503, 1504, 9407, 1500, 1501, 1401, 1499, 1502, 1480, 1485, 1478, 1475, 1502, 1499, 1503, 1480, 7643, 7642, 1485, 1486, 1492, 1487, 1486, 1475, 1487, 1492, 1486, 1485, 1475, 1486, 1481, 1478, 1485, 1485, 1492, 1488, 1490, 1499, 1479, 1501, 1500, 1490, 1499, 1490, 1500, 1480, 1477, 1479, 1500, 1401, 1504, 1485, 1488, 1481, 7642, 1477, 1480, 1478, 1481, 1479, 1489, 1501, 1490, 1490, 1481, 1489, 1499, 1500, 1504, 1489, 1481, 1488, 1477, 1478, 1479, 1479, 1499, 1480, 4069, 4068, 4123, 4069, 4126, 4143, 4069, 4123, 4126, 6937, 4492, 8069, 4489, 4495, 4499, 4496, 4497, 4501, 4500, 4502, 4504, 4489, 4526, 4495, 4447, 4511, 4508, 4447, 4508, 4448, 4505, 4500, 4504, 4509, 4448, 4508, 4527, 4495, 4526, 4448, 4509, 4449, 4495, 4497, 4496, 4495, 4498, 4497, 4499, 4495, 4496, 4527, 4498, 4495, 4455, 4449, 4515, 4505, 4510, 4509, 4519, 4478, 4456, 4509, 4508, 4505, 4456, 4518, 4519, 4496, 4501, 4502, 4456, 4517, 4518, 4449, 4509, 4510, 4456, 4455, 4517, 4510, 4515, 4449, 4489, 4499, 4447, 4496, 4500, 4499, 4500, 4505, 4508, 4499, 4500, 4511, 4447, 4499, 4511, 4500, 4496, 4502, 4511, 4500, 4508, 4515, 4517, 4455, 10469, 6581, 10404, 10469, 10404, 10405, 6078, 6079, 6074, 6155, 6157, 6156, 6077, 10402, 6075, 10406, 10399, 10404, 10399, 6078, 10400, 10406, 6079, 6078, 10406, 6078, 10399, 10401, 10404, 10399, 6075, 6076, 6077, 10404, 10401, 10405, 10469, 7585, 7584, 10404, 6581, 6079, 10402, 10400, 6078, 6078, 6075, 10402, 6158, 6155, 6156, 6074, 6616, 6581, 6077, 6076, 6157, 6581, 6616, 6079, 6078, 6074, 6075, 6157, 6155, 6077, 10402, 6077, 6155, 7584, 6581, 10469, 6074, 6079, 6616, 6074, 6076, 6075, 10404, 6079, 10406, 4680, 4679, 4681, 2812, 3579, 3576, 3, 2681, 5, 3571, 3569, 3562, 3568, 3567, 3571, 3577, 3575, 3573, 3572, 3571, 3562, 3587, 3585, 2649, 3577, 3581, 3582, 3, 5, 4, 3564, 3560, 3561, 3576, 3565, 3570, 3565, 5, 3563, 3577, 3572, 3578, 2645, 3581, 3578, 3569, 3567, 3561, 3562, 3563, 2678, 3571, 3574, 3568, 3572, 3573, 3571, 5, 2677, 3563, 3560, 3563, 3562, 2681, 3, 4, 3566, 3564, 3561, 3570, 3564, 3566, 3564, 3570, 3565, 3563, 2675, 2678, 3562, 2657, 3572, 3560, 3565, 3563, 3576, 2870, 2812, 3578, 3580, 2657, 3586, 3584, 3585, 3572, 3580, 3578, 3584, 2645, 2649, 3575, 3577, 3582, 2649, 3585, 3584, 3581, 3584, 3583, 3565, 2833, 5, 3569, 3561, 3562, 2675, 3563, 2677, 2834, 3579, 2812, 2645, 3584, 3581, 3576, 3579, 3565, 2833, 3565, 2834, 3571, 3573, 3574, 2657, 3562, 2678, 3567, 3569, 3571, 2657, 3580, 3572, 3578, 3581, 3577, 3584, 3586, 3583, 4, 5, 2833, 3574, 3573, 3575, 3577, 3573, 3572, 3583, 3582, 3581, 3561, 3567, 3566, 2681, 2677, 5, 2657, 2645, 3578, 3565, 3579, 2834, 3560, 3562, 3561, 3568, 3566, 3567, 3565, 3560, 3564, 7563, 10414, 10413, 10415, 10416, 2715, 10478, 10411, 10412, 10407, 10419, 10394, 2759, 2761, 2760, 10478, 2761, 2759, 3125, 10416, 3128, 10413, 7561, 7563, 10416, 2713, 2715, 2713, 2711, 2715, 10413, 10478, 10412, 10416, 3125, 2713, 10414, 10415, 2761, 10414, 7563, 3127, 10413, 2761, 10478, 10411, 7560, 10412, 10415, 10417, 2761, 10418, 10394, 10411, 10409, 10419, 10407, 10411, 10410, 7560, 10419, 10410, 10411, 10412, 7560, 7561, 3127, 3125, 3128, 10417, 10415, 2715, 2711, 2713, 2710, 2713, 3125, 3123, 10413, 10412, 7561, 2761, 10413, 10414, 10409, 10410, 10419, 10411, 10478, 10418, 10478, 2759, 2758, 2760, 2761, 10417, 2758, 10418, 10478, 10419, 10411, 10394, 10407, 10408, 10409, 10415, 10414, 3127, 2709, 2711, 2710, 3128, 10416, 3127, 10416, 10415, 3127, 7520, 7502, 8823, 8823, 7502, 7537, 7535, 7520, 8824, 8824, 7520, 8823, 8823, 8822, 8824, 8823, 7537, 8822, 7536, 7535, 8824, 7537, 7533, 8822, 7537, 7501, 7533, 5878, 7536, 5866, 8824, 8822, 8821, 8821, 8822, 8819, 8822, 7533, 8806, 5874, 5878, 5877, 7536, 8824, 8827, 8824, 8821, 8827, 8822, 8806, 8819, 5873, 5874, 5852, 5852, 5874, 5877, 5877, 5878, 5866, 5866, 7536, 5867, 7536, 8829, 5867, 7536, 8827, 8829, 8080, 8079, 8077, 8080, 8077, 8802, 8076, 8082, 8075, 8075, 8082, 8797, 5797, 5879, 5872, 5872, 5873, 5852, 8819, 8806, 8816, 8081, 8080, 8802, 8077, 8075, 8799, 8075, 8797, 8799, 8797, 8082, 8796, 8078, 7487, 8796, 5796, 5879, 5797, 5797, 5872, 5852, 5852, 5877, 5866, 8821, 8819, 8816, 7533, 7491, 8806, 7491, 8081, 8804, 8081, 8802, 8804, 8077, 8799, 8802, 8796, 7475, 7473, 5829, 5858, 5796, 5794, 5796, 5797, 5797, 5852, 5835, 8829, 8827, 8821, 7491, 8804, 8806, 8799, 8797, 8798, 8797, 7473, 8798, 8797, 8796, 7473, 5795, 5804, 5796, 5804, 5829, 5796, 5794, 5797, 5835, 5835, 5852, 5865, 5852, 5866, 5865, 5866, 5867, 5865, 5867, 8829, 8826, 8829, 8821, 8826, 8804, 8802, 8803, 8802, 8799, 8801, 8798, 7473, 8800, 7473, 7470, 8800, 8800, 7470, 8528, 5804, 7277, 7283, 5803, 7277, 5804, 5803, 5804, 5795, 5795, 5796, 5794, 5865, 5867, 8826, 8821, 8815, 8826, 8821, 8816, 8815, 8815, 8816, 8806, 8806, 8804, 8805, 8805, 8804, 8803, 8803, 8802, 8801, 8801, 8799, 8798, 8800, 8528, 8526, 3049, 3035, 3034, 3033, 3049, 3034, 3055, 3036, 3035, 3033, 3034, 3013, 3033, 3013, 3032, 3013, 3034, 3014, 3034, 3035, 3014, 3032, 3013, 2941, 3035, 3036, 3015, 3036, 3038, 3015, 3035, 3015, 3014, 3013, 3014, 3008, 3014, 3015, 3005, 3005, 3015, 3006, 2941, 3013, 2940, 3006, 3015, 3007, 2940, 3013, 2949, 3013, 3008, 2949, 3014, 3005, 3008, 2949, 3008, 2950, 3008, 3005, 2950, 5814, 5815, 5803, 5814, 5803, 5789, 5789, 5803, 5782, 5782, 5803, 5795, 5782, 5795, 5794, 5865, 8826, 8828, 8826, 8817, 8828, 8826, 8815, 8817, 8815, 8806, 8807, 8806, 8805, 8807, 8803, 8801, 8805, 8801, 8798, 8810, 8798, 8812, 8810, 8798, 8814, 8812, 8798, 8800, 8814, 3059, 3060, 3033, 3060, 3055, 3049, 3033, 3060, 3049, 10120, 3059, 3032, 3055, 3058, 3036, 3059, 3033, 3032, 3036, 3058, 3038, 3058, 3056, 3038, 10120, 3032, 2928, 2928, 3032, 2941, 3038, 3039, 3016, 3016, 3039, 3017, 3015, 3038, 3016, 2928, 2941, 2927, 3015, 3016, 3007, 2927, 2941, 2940, 3007, 3016, 2995, 3016, 3017, 2995, 2940, 2939, 2927, 3005, 3006, 3004, 2994, 3007, 2995, 3006, 3007, 3004, 3007, 2994, 3004, 2940, 2949, 2939, 2939, 2949, 2950, 3005, 3004, 2950, 2950, 2946, 2939, 3004, 2980, 2976, 2950, 2976, 2946, 2950, 3004, 2976, 2939, 2946, 2945, 5815, 5813, 5809, 5813, 5815, 5814, 5813, 5814, 5789, 5789, 5782, 5770, 5782, 5794, 5793, 5793, 5794, 5827, 5794, 5835, 5827, 5864, 5835, 5865, 5865, 8834, 5864, 5865, 8828, 8834, 8807, 8805, 8808, 8801, 8810, 8805, 8814, 8800, 8526, 3086, 3072, 3073, 3082, 3060, 3083, 3073, 3072, 3070, 3070, 3072, 3071, 3083, 3060, 3059, 3082, 3073, 3060, 3060, 3073, 3070, 3072, 3074, 3071, 10116, 3083, 3059, 3055, 3070, 3058, 3070, 3071, 3058, 3071, 3057, 3058, 3071, 3066, 3057, 10117, 3059, 10120, 3058, 3057, 3056, 3056, 3057, 3039, 3039, 3052, 3040, 10121, 10120, 2928, 3039, 3040, 3017, 10121, 2928, 2925, 3017, 3040, 3018, 3017, 3018, 2999, 2925, 2928, 2909, 2996, 3017, 2999, 2928, 2927, 2909, 3017, 2996, 2995, 2995, 2996, 2981, 2996, 2997, 2981, 2997, 2996, 2999, 2994, 2995, 2981, 2927, 2939, 2921, 3004, 2994, 2980, 2921, 2939, 2938, 2994, 2981, 2980, 2981, 2979, 2980, 2939, 2945, 2938, 2938, 2945, 2937, 2945, 2946, 2951, 2946, 2976, 2951, 2976, 2980, 2951, 2980, 2971, 2951, 5809, 5813, 5789, 5770, 5782, 5772, 5827, 5835, 5864, 8815, 8807, 8817, 8808, 8805, 8809, 8809, 8805, 8810, 8812, 8814, 8813, 8814, 8820, 8813, 8814, 8526, 8820, 3090, 3089, 3082, 3088, 3086, 3087, 3086, 3088, 3074, 3090, 3082, 3083, 3089, 3087, 3082, 10115, 3090, 3083, 3087, 3086, 3073, 3086, 3074, 3072, 10115, 3083, 10116, 3066, 3075, 3076, 3074, 3075, 3066, 3066, 3076, 3067, 3074, 3066, 3071, 10116, 3059, 10117, 3066, 3067, 3052, 3066, 3052, 3057, 3052, 3067, 3051, 3052, 3051, 3040, 3051, 3041, 3040, 10118, 10117, 10120, 10239, 10118, 10121, 10118, 10120, 10121, 10239, 10121, 2917, 3019, 3042, 3020, 3041, 3042, 3019, 3041, 3019, 3040, 2917, 10121, 2925, 3018, 3040, 3019, 3020, 3042, 3021, 3018, 3019, 2999, 3020, 3021, 3000, 2999, 3019, 3000, 3019, 3020, 3000, 2925, 2909, 2917, 2999, 3000, 2998, 2999, 2998, 2997, 2909, 2927, 2921, 2920, 2909, 2921, 2997, 2998, 2984, 2997, 2984, 2983, 2981, 2997, 2983, 2920, 2921, 2898, 2981, 2982, 2979, 2981, 2983, 2982, 2921, 2938, 2913, 2980, 2979, 2972, 2938, 2937, 2913, 2971, 2980, 2972, 2972, 2979, 2969, 2913, 2937, 2912, 2971, 2972, 2955, 2937, 2945, 2942, 2942, 2945, 2947, 2945, 2951, 2947, 2951, 2955, 2947, 2951, 2971, 2955, 2955, 2972, 2957, 2937, 2942, 2934, 5808, 5849, 5876, 5808, 5809, 5771, 5808, 5876, 5809, 5771, 5809, 5789, 5771, 5789, 5769, 5769, 5789, 5770, 5788, 5782, 5793, 5782, 5788, 5772, 8834, 8828, 5864, 8828, 8817, 8830, 8817, 8807, 8818, 8810, 8811, 8809, 8810, 8812, 8811, 8812, 8813, 8811, 8526, 8825, 8820, 8526, 8527, 8825, 8510, 3089, 3115, 3089, 8510, 3087, 8510, 8516, 3087, 3115, 3089, 3090, 8516, 3088, 3087, 10114, 3090, 10115, 3088, 3091, 3074, 3091, 3092, 3074, 3074, 3092, 3075, 10123, 10114, 10115, 10123, 10115, 10116, 10123, 10116, 10119, 3067, 3076, 3068, 10119, 10118, 10126, 10119, 10116, 10118, 3067, 3068, 3051, 3051, 3068, 3050, 3041, 3051, 3050, 10126, 10118, 10239, 3050, 3042, 3041, 3050, 3054, 3042, 3042, 3054, 3037, 10239, 2917, 10128, 2917, 2885, 10128, 3042, 3037, 3021, 3037, 3022, 3021, 3021, 3002, 3000, 3021, 3022, 3002, 3000, 3002, 3001, 3000, 3001, 2998, 2909, 2920, 2897, 2991, 2998, 3001, 2998, 2991, 2984, 2897, 2920, 2898, 2982, 2983, 2977, 2983, 2984, 2978, 2983, 2978, 2977, 2898, 2921, 2913, 2979, 2982, 2969, 2982, 2977, 2959, 2969, 2982, 2959, 2972, 2969, 2957, 2912, 2937, 2934, 5807, 5847, 5808, 2947, 2955, 2952, 2955, 2957, 2956, 5808, 5847, 5849, 2947, 2948, 2943, 2947, 2952, 2948, 2952, 2955, 2953, 2942, 2947, 2943, 5807, 5808, 5771, 5807, 5771, 5776, 5817, 5793, 5827, 5788, 5793, 5817, 5864, 8828, 8831, 8828, 8830, 8831, 8807, 8808, 8818, 8808, 8835, 8818, 8808, 8809, 8835, 8811, 8813, 8833, 8813, 8820, 8833, 8510, 8508, 8516, 10112, 3115, 3090, 3088, 8508, 8514, 10112, 3090, 10114, 3091, 8514, 3092, 10113, 10114, 10122, 10122, 10114, 10123, 3092, 3093, 3075, 3075, 3093, 3085, 3093, 3094, 3085, 10122, 10123, 10348, 3075, 3085, 3076, 3076, 3085, 3068, 3085, 3084, 3068, 3068, 3084, 3064, 10348, 10123, 10119, 3068, 3064, 3050, 3050, 3064, 3054, 3064, 3053, 3054, 10126, 10239, 10128, 3053, 3043, 3037, 3053, 3061, 3043, 3043, 3023, 3022, 3037, 3043, 3022, 3043, 3024, 3023, 2885, 2917, 2909, 3022, 3011, 3002, 3022, 3023, 3011, 2885, 2909, 2878, 3003, 3002, 3011, 3001, 3002, 3003, 2878, 2909, 2897, 3001, 3003, 2991, 2991, 3003, 2990, 2991, 2985, 2984, 2991, 2990, 2985, 2990, 2986, 2985, 2984, 2985, 2978, 2898, 2913, 2881, 2881, 2913, 2892, 2892, 2913, 2912, 2959, 2977, 2961, 5776, 5826, 5807, 5807, 5848, 5847, 5826, 5848, 5807, 2959, 2961, 2960, 2903, 2912, 2929, 2929, 2912, 2934, 2957, 2969, 2956, 2969, 2959, 2956, 2934, 2942, 2931, 5776, 5771, 5774, 2929, 2934, 2931, 2942, 2943, 2931, 2953, 2955, 2954, 2955, 2956, 2954, 5772, 5788, 5783, 5827, 5868, 5845, 5827, 5864, 5868, 5868, 5864, 8831, 8830, 8817, 8818, 8830, 8818, 8837, 8809, 8811, 8836, 8820, 8825, 8832, 8825, 8527, 7424, 8498, 8497, 8510, 8499, 3115, 10112, 8499, 8500, 3115, 8500, 8510, 3115, 8500, 8498, 8510, 8510, 8497, 8508, 8507, 8509, 8514, 8509, 8506, 8514, 8506, 3093, 8514, 8514, 3093, 3092, 10113, 10112, 10114, 10124, 10113, 10122, 3093, 3107, 3094, 3094, 3084, 3085, 3094, 3095, 3084, 10124, 10122, 10348, 3084, 3095, 3065, 3095, 3096, 3065, 3096, 3077, 3065, 10127, 10119, 10126, 3064, 3065, 3053, 3065, 3077, 3053, 3077, 3078, 3053, 3053, 3078, 3061, 3078, 3062, 3061, 10127, 10126, 10128, 3062, 3069, 3044, 3043, 3062, 3044, 3061, 3062, 3043, 3069, 3046, 3044, 3043, 3044, 3024, 10128, 2885, 2869, 3044, 3046, 3024, 3024, 3046, 3045, 3024, 3045, 3028, 3023, 3012, 3011, 3023, 3024, 3012, 3024, 3028, 3012, 3011, 3012, 3010, 3012, 3028, 3010, 2876, 2878, 2897, 3003, 3011, 2993, 3011, 3010, 2993, 3003, 2993, 2990, 2876, 2897, 2873, 2897, 2898, 2873, 2990, 2987, 2986, 2990, 2993, 2987, 2873, 2898, 2881, 2985, 2986, 2978, 2978, 2986, 2965, 2977, 2978, 2964, 2978, 2965, 2964, 5812, 5776, 5780, 5812, 5826, 5776, 2892, 2912, 2903, 2961, 2964, 2963, 5780, 5776, 5775, 2960, 2961, 2962, 5775, 5776, 5774, 2956, 2959, 2958, 2959, 2960, 2958, 2956, 2958, 2954, 5768, 5774, 5771, 5768, 5771, 5769, 2952, 2953, 3557, 2931, 2944, 2930, 2931, 2943, 2944, 2943, 2948, 2944, 2944, 2948, 3558, 2948, 2952, 3558, 2952, 3557, 3558, 5783, 5788, 5790, 5790, 5788, 5817, 5845, 5817, 5827, 5868, 8838, 5871, 5868, 8831, 8838, 8831, 8830, 8839, 8835, 8809, 8836, 8836, 8811, 8833, 8833, 8820, 8832, 8832, 8825, 7424, 8496, 8495, 8507, 10111, 8499, 10112, 8495, 8509, 8507, 10113, 10110, 10112, 10110, 10111, 10112, 3093, 8506, 3107, 8506, 8505, 3107, 3107, 8505, 3106, 10125, 10113, 10124, 3094, 3107, 3095, 3107, 3106, 3095, 3106, 3096, 3095, 3106, 3104, 3096, 3096, 3098, 3077, 10124, 10348, 10180, 10180, 10348, 10119, 3077, 3098, 3078, 10180, 10119, 10127, 3098, 3079, 3078, 3078, 3079, 3062, 3079, 3080, 3062, 3062, 3080, 3069, 10130, 10127, 10129, 10129, 10127, 10128, 3069, 3081, 3046, 10129, 10128, 2869, 3046, 3081, 3048, 3046, 3048, 3045, 2869, 2885, 2859, 3028, 3048, 3047, 3045, 3048, 3028, 2859, 2885, 2878, 3010, 3028, 3027, 2878, 2876, 2848, 2848, 2876, 2857, 2876, 2873, 2857, 2993, 3010, 3009, 2993, 3009, 2988, 2987, 2993, 2988, 5824, 7262, 5826, 5824, 5826, 5812, 2873, 2881, 2858, 2858, 2881, 2862, 2986, 2987, 2968, 2881, 2892, 2862, 2986, 2968, 2965, 2862, 2892, 2868, 2964, 2965, 2963, 2961, 2963, 2962, 2903, 2929, 2902, 2953, 2954, 3556, 2954, 3559, 3556, 2902, 2929, 2930, 2929, 2931, 2930, 3557, 2953, 3556, 5769, 5770, 5767, 3558, 3554, 2944, 3558, 3557, 3554, 5770, 5772, 5767, 5846, 5817, 5845, 8838, 8831, 8839, 8839, 8830, 8837, 8837, 8818, 8835, 8853, 8835, 8852, 8852, 8835, 8836, 8836, 8833, 8854, 8832, 7424, 8858, 8498, 8479, 8497, 8479, 8480, 8497, 8499, 8487, 8500, 8480, 8496, 8497, 8495, 8493, 8509, 8509, 8493, 8506, 10110, 10113, 10181, 8506, 8494, 8505, 10181, 10113, 10125, 3096, 3104, 3098, 3104, 3105, 3098, 10125, 10124, 10180, 10180, 10130, 10155, 3098, 3099, 3079, 10130, 10180, 10127, 3080, 3109, 3097, 3080, 3097, 3069, 3069, 3097, 3081, 10129, 2869, 10322, 3048, 509, 3047, 3047, 3031, 3027, 2878, 2848, 2859, 3027, 3031, 3030, 3009, 3027, 3030, 5825, 5824, 5805, 2857, 2873, 2858, 5805, 5824, 5812, 5805, 5812, 5780, 2858, 2862, 2840, 2974, 2988, 3009, 2988, 2974, 2968, 2965, 2966, 2963, 2965, 2967, 2966, 2965, 2968, 2967, 2967, 2968, 2973, 2892, 2903, 2902, 2962, 2963, 3551, 5768, 5769, 5767, 3559, 2954, 2960, 2954, 2958, 2960, 2902, 2930, 2926, 2926, 2930, 2935, 2935, 2930, 2944, 2935, 2944, 3555, 3555, 2944, 3554, 5767, 5772, 5773, 5783, 5790, 5791, 5790, 5817, 5846, 5845, 5868, 5871, 8839, 8837, 8846, 8855, 8836, 8854, 8833, 8832, 8854, 7424, 7413, 8858, 8498, 8478, 8479, 10111, 8486, 8499, 8478, 8498, 8487, 8496, 8480, 8495, 10109, 10111, 10110, 8494, 8503, 8505, 8505, 8503, 8504, 8505, 8504, 3106, 3106, 8504, 3104, 3105, 3099, 3098, 10154, 10125, 10180, 10154, 10180, 10155, 3080, 3116, 3109, 3109, 3122, 3097, 10131, 10130, 10129, 3097, 3122, 3081, 3081, 3122, 517, 10335, 10322, 2869, 10335, 2869, 2860, 2869, 2859, 2860, 2860, 2859, 2846, 3114, 3113, 3047, 3047, 3113, 3031, 3030, 3029, 3009, 5805, 5780, 5779, 3009, 3029, 2992, 5779, 5780, 5777, 3009, 2992, 2974, 2840, 2862, 2843, 2843, 2862, 2868, 2843, 2868, 2865, 5775, 5774, 5768, 2968, 2974, 2973, 2868, 2892, 2884, 2966, 3553, 2963, 2963, 3552, 3551, 2884, 2892, 2902, 3559, 2960, 3550, 2960, 2962, 3551, 3559, 3549, 3548, 3559, 3550, 3549, 3556, 3559, 3548, 3557, 3556, 3547, 3547, 3556, 3548, 2935, 3555, 2936, 3554, 3557, 3547, 3555, 3554, 3541, 3554, 3547, 3541, 5773, 5783, 5791, 5772, 5783, 5773, 5846, 5845, 5871, 8846, 8837, 8859, 8837, 8835, 8853, 8852, 8836, 8855, 8854, 8832, 8858, 8476, 8478, 8487, 8478, 8476, 8477, 8478, 8477, 8479, 8479, 8477, 8480, 8477, 8472, 8480, 8480, 8472, 8471, 10109, 8486, 10111, 8480, 8471, 8495, 8495, 8473, 8493, 10108, 10109, 10110, 10159, 10110, 10181, 8494, 8492, 8503, 10159, 10181, 10153, 10153, 10181, 10125, 10153, 10125, 10154, 3104, 8504, 8512, 3108, 3119, 3099, 3099, 3119, 3116, 3116, 3120, 3109, 10157, 10155, 10130, 10157, 10130, 10179, 10179, 10131, 10133, 10179, 10130, 10131, 3122, 3109, 515, 10131, 10129, 10132, 10131, 10132, 10133, 10322, 10132, 10129, 3114, 508, 3113, 2846, 2859, 2848, 2846, 2848, 2842, 10173, 7186, 5825, 10173, 5825, 5819, 5819, 5825, 5805, 2848, 2832, 2826, 2848, 2857, 2832, 3031, 3101, 3030, 3031, 3113, 3101, 5786, 5819, 5805, 3030, 3101, 3029, 5786, 5805, 5779, 2832, 2857, 2858, 2832, 2858, 2840, 2992, 3029, 3026, 2974, 2992, 2989, 2973, 2974, 2975, 2865, 2868, 2884, 2966, 2967, 2973, 5768, 5767, 5765, 3552, 2963, 3553, 2960, 3551, 3550, 2895, 2884, 2902, 2902, 2926, 2895, 2926, 2935, 2923, 2923, 2935, 2936, 2936, 3555, 3541, 5791, 5790, 5834, 5790, 5846, 5856, 5790, 5856, 5834, 8837, 8853, 8859, 8854, 8858, 8896, 8486, 8468, 8487, 8468, 8476, 8487, 8473, 8474, 8493, 8493, 8474, 8494, 8474, 8485, 8494, 8494, 8485, 8492, 10328, 10108, 10110, 10328, 10110, 10159, 8492, 8484, 8503, 8484, 8483, 8503, 8503, 8483, 8504, 8483, 8488, 8504, 8512, 8513, 3105, 3108, 8513, 8515, 3105, 8513, 3108, 3108, 8515, 3119, 3119, 8515, 3121, 10151, 10154, 10155, 3116, 3121, 3120, 3119, 3121, 3116, 10155, 10157, 10156, 3109, 3120, 521, 10156, 10157, 10179, 3109, 521, 515, 10135, 10322, 10177, 10177, 10322, 10335, 10177, 10335, 10166, 2860, 2846, 2861, 2845, 2846, 2842, 508, 498, 3113, 10173, 5819, 10171, 3113, 498, 3101, 7208, 7201, 7199, 2832, 2840, 2823, 5768, 5780, 5775, 5780, 5768, 5777, 2992, 3026, 3025, 2992, 3025, 2989, 2843, 2865, 2855, 2974, 2989, 2975, 2966, 2973, 3553, 3553, 2973, 3544, 5765, 5767, 5766, 2874, 2884, 2895, 5767, 5773, 5766, 2895, 2926, 2899, 2899, 2926, 2923, 3547, 3548, 3527, 3548, 3549, 3528, 2923, 2936, 2932, 3541, 3547, 3527, 2936, 3538, 2932, 2936, 3541, 3538, 3541, 3527, 3538, 5791, 5834, 5832, 5832, 5834, 5843, 5846, 5871, 5856, 5856, 5871, 8840, 8840, 5871, 8838, 8838, 8839, 8846, 8896, 8858, 7413, 8469, 8486, 10109, 8469, 8468, 8486, 8472, 8465, 8471, 8504, 8488, 8512, 10152, 10159, 10153, 8512, 8488, 8513, 8488, 8489, 8513, 8513, 8489, 8515, 10153, 10154, 10151, 8515, 8517, 3121, 10151, 10156, 10161, 10151, 10155, 10156, 3121, 489, 3120, 3120, 489, 521, 10179, 10136, 10139, 10179, 10133, 10136, 517, 515, 399, 2860, 2861, 10166, 7189, 10173, 10171, 499, 498, 430, 10171, 5819, 5820, 2826, 2842, 2848, 5820, 5786, 5781, 5820, 5819, 5786, 498, 499, 3101, 5786, 5779, 5781, 2826, 2832, 2823, 5779, 5778, 5781, 5779, 5777, 5778, 2823, 2840, 2825, 2825, 2840, 2843, 5777, 5768, 5763, 5763, 5768, 5765, 2855, 2865, 2856, 2973, 2975, 3545, 2856, 2865, 2884, 2973, 3545, 3544, 2856, 2884, 2874, 3552, 3542, 3543, 3552, 3553, 3542, 2874, 2895, 2877, 3551, 3552, 3526, 3550, 3551, 3531, 3531, 3551, 3532, 2877, 2895, 2899, 3530, 3550, 3531, 3549, 3529, 3528, 3549, 3530, 3529, 3549, 3550, 3530, 3548, 3528, 3527, 5834, 5856, 5843, 5856, 8840, 5860, 8859, 8853, 8863, 8863, 8853, 8862, 8862, 8853, 8852, 8852, 8855, 8862, 8893, 8855, 8854, 8896, 7413, 8901, 7413, 7414, 8901, 8468, 8460, 8476, 8477, 8458, 8459, 10107, 8469, 10109, 8459, 8465, 8472, 10107, 10109, 10108, 8465, 8461, 8471, 8474, 8462, 8485, 10358, 10108, 10328, 8485, 8464, 8484, 8484, 8481, 8483, 8483, 8481, 8482, 10328, 10159, 10152, 8483, 8482, 8488, 10152, 10153, 10151, 8489, 8502, 8515, 8517, 550, 3121, 10161, 10156, 10148, 3121, 550, 489, 10156, 10139, 10176, 10133, 10132, 10134, 2863, 2861, 2846, 2851, 2863, 2846, 7189, 10171, 10169, 2842, 2826, 2822, 5820, 5781, 5821, 2822, 2826, 2823, 2823, 2825, 2819, 3026, 3102, 3103, 3103, 3102, 476, 3026, 3103, 3025, 2839, 2825, 2843, 2839, 2843, 2855, 3025, 3111, 2989, 5765, 5766, 5761, 2839, 2855, 2827, 2975, 3546, 3545, 2975, 2989, 3546, 3544, 3545, 3536, 3553, 3544, 3542, 3551, 3526, 3532, 3552, 3543, 3526, 5773, 5791, 5792, 5791, 5832, 5792, 2932, 3538, 3522, 3522, 3538, 3517, 3538, 3527, 3517, 8840, 8838, 8841, 8838, 8846, 8841, 8841, 8846, 8849, 8846, 8859, 8849, 8862, 8855, 8893, 8896, 8901, 8900, 8901, 7414, 7408, 8449, 8468, 8469, 8450, 8460, 8468, 8471, 8461, 8473, 8473, 8461, 8474, 8461, 8462, 8474, 8464, 8457, 8481, 8484, 8464, 8481, 8482, 8467, 8488, 8488, 8467, 8489, 8489, 8467, 8491, 8489, 8491, 8502, 10152, 10151, 10150, 8502, 8511, 8515, 8515, 8511, 8517, 8517, 522, 550, 550, 488, 489, 10148, 10156, 10176, 10176, 10139, 10138, 10136, 10133, 10134, 10132, 10135, 10134, 10169, 7190, 7189, 2851, 2846, 2847, 10169, 10171, 10170, 2847, 2846, 2845, 2847, 2845, 2844, 10171, 5820, 10172, 2845, 2842, 2844, 10172, 5820, 5821, 5778, 5777, 5763, 5778, 5763, 5798, 3102, 480, 476, 2825, 2839, 2817, 5763, 5765, 5761, 3025, 3103, 3110, 3025, 3110, 3111, 2827, 2855, 2856, 2989, 3111, 3546, 3545, 3546, 3537, 3545, 3537, 3536, 3543, 3542, 3525, 3543, 3525, 3526, 2877, 2899, 2879, 2879, 2899, 2896, 2899, 2923, 2896, 5832, 5843, 5833, 2923, 2932, 2924, 3507, 3527, 3528, 3517, 3527, 3508, 5843, 5856, 5860, 5860, 8840, 8842, 8849, 8859, 8857, 8857, 8859, 8863, 8893, 8854, 8896, 8901, 7408, 7410, 8449, 8450, 8468, 8450, 8452, 8460, 8452, 8453, 8460, 8460, 8453, 8458, 8458, 8453, 8459, 8453, 8447, 8459, 10107, 8449, 8469, 8459, 8448, 8465, 8447, 8448, 8459, 8465, 8448, 8461, 8448, 8446, 8461, 10106, 10107, 10108, 8461, 8433, 8462, 8433, 8463, 8462, 10358, 10106, 10108, 8463, 8464, 8462, 8457, 8482, 8481, 10357, 10328, 10152, 10152, 10150, 10158, 10150, 10151, 10149, 8517, 8511, 522, 10149, 10161, 10148, 10138, 10139, 10136, 10135, 10177, 10134, 10164, 10177, 10166, 2866, 2861, 2863, 10165, 2861, 2866, 2866, 2863, 2851, 2866, 2851, 2907, 10168, 7190, 10169, 10169, 10170, 10168, 10170, 10171, 10172, 10172, 7105, 7100, 5822, 7105, 10172, 5822, 10172, 5821, 2844, 2842, 2822, 5823, 5822, 5781, 5822, 5821, 5781, 7200, 7199, 7198, 5823, 5781, 5799, 5799, 5781, 5778, 2821, 2822, 2823, 5799, 5778, 5798, 5799, 5798, 5800, 2825, 2817, 2819, 5763, 5761, 5762, 5758, 5761, 5766, 2827, 2856, 2852, 5766, 5773, 5756, 2856, 2874, 2852, 3536, 3537, 3535, 5773, 5792, 5756, 2852, 2874, 2877, 3542, 3536, 3524, 3542, 3544, 3536, 3542, 3524, 3525, 2852, 2877, 2853, 5792, 5832, 5833, 3532, 3512, 3531, 3532, 3526, 3512, 3530, 3531, 3512, 5833, 5843, 5860, 3529, 3530, 3511, 2896, 2923, 2924, 3528, 3529, 3510, 3510, 3529, 3511, 2924, 2932, 2933, 2932, 3522, 2933, 3527, 3507, 3508, 8840, 8841, 8842, 8847, 8841, 8849, 8862, 8893, 8894, 8893, 8896, 8895, 8895, 8896, 8899, 8896, 8900, 8899, 8900, 8901, 8909, 8901, 7410, 8909, 8450, 8425, 8452, 8446, 8433, 8461, 10103, 10106, 10358, 8463, 8437, 8464, 8464, 8437, 8457, 8437, 8438, 8457, 10357, 10103, 10358, 8456, 8467, 8482, 10357, 10152, 10158, 8491, 8511, 8502, 2907, 3063, 10168, 10168, 10170, 10174, 10168, 3063, 7191, 7191, 3063, 7205, 3063, 2907, 2850, 3063, 2850, 2836, 2850, 2907, 2851, 2850, 2851, 2847, 2850, 2847, 2849, 7103, 5870, 5859, 7103, 7097, 5870, 5870, 7097, 7102, 7100, 10170, 10172, 7102, 7100, 7105, 7097, 7100, 7102, 5870, 7102, 5823, 7197, 7203, 7216, 5859, 5870, 5842, 5823, 7102, 5822, 5842, 5870, 5841, 5870, 5823, 5841, 5842, 5841, 5839, 5841, 5823, 5799, 5816, 5799, 5800, 5841, 5799, 5816, 5800, 5798, 5785, 2821, 2823, 2819, 5798, 5763, 5785, 3110, 476, 497, 5760, 5761, 5758, 5760, 5758, 5754, 2817, 2839, 2827, 3546, 3111, 3112, 3546, 3112, 3540, 5758, 5766, 5756, 5802, 5792, 5833, 2853, 2877, 2879, 2879, 2896, 2880, 3528, 3510, 3507, 2924, 2933, 2922, 2933, 3522, 3516, 3522, 3517, 3516, 3517, 3508, 3515, 8841, 8847, 8842, 8863, 8862, 8865, 8862, 8894, 8865, 8894, 8895, 8865, 8894, 8893, 8895, 8899, 8900, 8911, 8900, 8909, 8911, 8909, 7410, 7423, 8449, 8425, 8450, 8425, 8423, 8452, 8452, 8423, 8453, 8453, 8424, 8447, 10107, 8429, 8449, 8424, 8448, 8447, 10105, 10107, 10106, 8463, 8431, 8437, 10103, 10357, 10099, 8457, 8438, 8439, 8467, 8475, 8491, 8491, 8501, 8511, 8511, 8501, 523, 8511, 523, 522, 10149, 10148, 10147, 488, 522, 426, 10144, 10148, 10176, 10137, 10176, 10138, 10136, 10137, 10138, 10163, 10134, 10164, 10164, 10166, 10165, 10165, 7107, 10164, 10165, 10167, 7107, 10165, 2866, 10167, 2866, 2907, 10167, 7116, 7099, 7117, 10174, 10170, 7096, 7291, 2836, 2837, 7291, 3063, 2836, 7116, 7117, 5885, 7117, 7099, 7103, 2836, 2849, 2835, 2850, 2849, 2836, 7099, 7097, 7103, 7099, 7098, 7097, 7098, 7094, 7097, 7094, 7096, 7097, 5885, 7117, 5859, 7097, 7096, 7100, 7096, 10170, 7100, 5885, 5859, 5883, 7117, 7103, 5859, 2838, 2847, 2844, 2849, 2847, 2838, 5883, 5859, 5850, 5850, 5859, 5842, 2838, 2844, 2854, 2844, 2822, 2854, 5850, 5842, 5839, 2854, 2822, 2824, 5839, 5841, 5816, 5839, 5816, 5831, 5831, 5816, 5810, 2822, 2821, 2820, 5810, 5816, 5800, 430, 377, 376, 5810, 5800, 5785, 5784, 5785, 5763, 5784, 5763, 5762, 2819, 2817, 2816, 5761, 5760, 5762, 2817, 2818, 2816, 2828, 2827, 2783, 3111, 3110, 3112, 5754, 5758, 5756, 2783, 2827, 2852, 5792, 5802, 5756, 3537, 3540, 3523, 2852, 2853, 2783, 3524, 3536, 3519, 3536, 3535, 3519, 3524, 3518, 3525, 3524, 3519, 3518, 3526, 3525, 3514, 3525, 3518, 3514, 3526, 3514, 3512, 3530, 3512, 3511, 2896, 2924, 2922, 3508, 3507, 3504, 2922, 2933, 3503, 3503, 2933, 3516, 8847, 8849, 8856, 8856, 8849, 8857, 8863, 8865, 8864, 8873, 8895, 8899, 8911, 8909, 8892, 8909, 7423, 8892, 7423, 7529, 8892, 8425, 8422, 8423, 8429, 8425, 8449, 10327, 8429, 10107, 8424, 8426, 8448, 8426, 8415, 8448, 8448, 8415, 8446, 10105, 10327, 10107, 8415, 8433, 8446, 8439, 8436, 8456, 8436, 8442, 8456, 8442, 8475, 8467, 10099, 10357, 10098, 10158, 10331, 10098, 8475, 8501, 8491, 10331, 10158, 10150, 10150, 10147, 10160, 10150, 10149, 10147, 10148, 10144, 10147, 10144, 10176, 10137, 10137, 10136, 10134, 10137, 10134, 10140, 10134, 10141, 10140, 6181, 6238, 6196, 6196, 6238, 7000, 7000, 7046, 7003, 7046, 7101, 7003, 6181, 6196, 6182, 6196, 7000, 7003, 6196, 7003, 7106, 7106, 7003, 7110, 7003, 7101, 7110, 7101, 7092, 7104, 6183, 6196, 5891, 6182, 6196, 6183, 6182, 6183, 4006, 6196, 7106, 5891, 7101, 7104, 7110, 7104, 7092, 7093, 7092, 7077, 7093, 5891, 7106, 5890, 5888, 7110, 7116, 7106, 7110, 5888, 7116, 7104, 7099, 7110, 7104, 7116, 7104, 7093, 7099, 5890, 7106, 5888, 7099, 7093, 7098, 7093, 7077, 7078, 6183, 5891, 5749, 6183, 5749, 4006, 5888, 7116, 5885, 7098, 7093, 7094, 7094, 7078, 7095, 7093, 7078, 7094, 7291, 2837, 2901, 5749, 5891, 5890, 5749, 5746, 4006, 7095, 10174, 7096, 7094, 7095, 7096, 5746, 5749, 5747, 5746, 5747, 5745, 5890, 5888, 5883, 2836, 2835, 2831, 5749, 5890, 5747, 5890, 5883, 5747, 5888, 5885, 5883, 2835, 2849, 2838, 5747, 5889, 5748, 5747, 5883, 5889, 5883, 5850, 5882, 5748, 5889, 5892, 5889, 5883, 5882, 5880, 5850, 5851, 5882, 5850, 5880, 5850, 5839, 5851, 2803, 2854, 2824, 5851, 5839, 5840, 5840, 5839, 5831, 2822, 2820, 2824, 5831, 5810, 5830, 5810, 5785, 5784, 2821, 2819, 2820, 5762, 5760, 5759, 5760, 5754, 5759, 2818, 2817, 2827, 3110, 497, 496, 3540, 3112, 3118, 3540, 3533, 3523, 3540, 3118, 3533, 5828, 5802, 5833, 3535, 3537, 3520, 5828, 5833, 5844, 3519, 3535, 3520, 2853, 2879, 2880, 3511, 3512, 3509, 3510, 3511, 3509, 5860, 8842, 5861, 3507, 3510, 3506, 3516, 3517, 3500, 3508, 3504, 3515, 3517, 3515, 3500, 8843, 8842, 8847, 8856, 8857, 8860, 8857, 8863, 8864, 8864, 8865, 8867, 8865, 8873, 8870, 8865, 8895, 8873, 8899, 8911, 8888, 8892, 7529, 7540, 8431, 8432, 8437, 10104, 10105, 10103, 8432, 8438, 8437, 8432, 8439, 8438, 8475, 8490, 8501, 10147, 10145, 10162, 10147, 10144, 10145, 10145, 10144, 10143, 10143, 10144, 10137, 10134, 10163, 10141, 6180, 6238, 6181, 6180, 6237, 6238, 6237, 6996, 6238, 7046, 6996, 7045, 6181, 4017, 6180, 6238, 6996, 7000, 6996, 7046, 7000, 7046, 7045, 7050, 6181, 4004, 4017, 7050, 7040, 7068, 7109, 10163, 10164, 6181, 4005, 4004, 7046, 7050, 7101, 7050, 7068, 7101, 6181, 6182, 4005, 7101, 7068, 7092, 7068, 7040, 7026, 7068, 7077, 7092, 7068, 7026, 7077, 6182, 4006, 4005, 7077, 7026, 7031, 7107, 10167, 7031, 7077, 7031, 7078, 7031, 10167, 10174, 7078, 7031, 10174, 7078, 10174, 7095, 2831, 2837, 2836, 2901, 2837, 2831, 2901, 2831, 2830, 4006, 5746, 5745, 2831, 2835, 2829, 5745, 5747, 3984, 3984, 5748, 3992, 5747, 5748, 3984, 2815, 2838, 2854, 5748, 3989, 3992, 5889, 5882, 5880, 2854, 2803, 2815, 5748, 5892, 3990, 5748, 3990, 3989, 5892, 5889, 5880, 5892, 5880, 3990, 5880, 5851, 5881, 2803, 2824, 2802, 5881, 5851, 5840, 5840, 5831, 5830, 5830, 5810, 5811, 5811, 5810, 5784, 2820, 2819, 2816, 5762, 5759, 5784, 5759, 5754, 5755, 2818, 2828, 2765, 2827, 2828, 2818, 5754, 5756, 5753, 5756, 5802, 5753, 3520, 3537, 3523, 2853, 2880, 2864, 3519, 3492, 3518, 5833, 5860, 5844, 5844, 5860, 5861, 3514, 3518, 3493, 3512, 3514, 3513, 2880, 2896, 2893, 3509, 3512, 3505, 8842, 8843, 5861, 2896, 2922, 2910, 3510, 3509, 3506, 3504, 3498, 3515, 8843, 8847, 8848, 8847, 8850, 8848, 8847, 8856, 8850, 8857, 8864, 8866, 8867, 8865, 8870, 8873, 8899, 8887, 8887, 8899, 8889, 8889, 8899, 8888, 8888, 8911, 8892, 8406, 8422, 8425, 8406, 8421, 8422, 8421, 8420, 8423, 10327, 8408, 8429, 8429, 8406, 8425, 8413, 8414, 8426, 8414, 8415, 8426, 8411, 8403, 8433, 10327, 10105, 10329, 8403, 8404, 8431, 10329, 10105, 10104, 10104, 10103, 10100, 8432, 8430, 8439, 10100, 10103, 10099, 8430, 8436, 8439, 8436, 8407, 8442, 8407, 8451, 8442, 8501, 8490, 528, 10331, 10160, 10356, 10143, 10137, 10140, 6179, 6988, 6237, 6179, 6237, 6180, 6237, 6988, 6995, 6179, 6180, 4017, 6996, 6995, 7045, 7045, 7027, 7050, 7050, 7027, 7040, 7027, 7024, 7040, 10164, 7108, 7109, 4004, 4005, 4003, 7024, 7025, 7026, 10164, 7107, 7108, 4003, 4005, 4006, 7026, 7025, 7030, 4003, 4006, 4007, 7026, 7030, 7031, 7030, 7107, 7031, 4007, 4006, 4001, 3576, 3588, 2870, 3588, 2813, 2870, 3588, 2901, 2813, 2901, 2830, 2813, 4001, 4006, 5745, 2831, 2829, 2830, 4001, 5745, 3984, 2829, 2835, 2838, 2829, 2838, 2815, 2815, 2803, 2801, 3990, 5880, 8073, 5880, 5887, 8073, 5880, 5881, 5887, 3989, 3990, 3988, 5887, 5881, 5886, 5881, 5840, 5886, 2824, 2820, 2804, 5811, 5784, 5801, 5755, 5754, 5750, 5754, 5753, 5750, 5753, 5802, 5828, 3520, 3523, 3495, 5844, 5861, 5862, 3512, 3513, 3505, 2887, 2880, 2893, 3509, 3505, 3490, 2893, 2896, 2910, 3506, 3509, 3489, 3503, 3516, 3499, 8856, 8860, 8850, 8857, 8866, 8860, 8866, 8864, 8867, 8888, 8892, 8891, 8891, 8892, 7541, 8408, 8406, 8429, 8420, 8412, 8423, 8430, 8402, 8436, 8402, 8407, 8436, 8451, 8466, 8475, 8475, 8466, 8490, 10146, 10143, 10175, 10146, 10145, 10143, 10175, 10143, 10140, 6173, 6985, 6988, 6173, 6988, 6179, 6988, 6987, 6994, 6988, 6994, 6995, 6994, 7028, 6995, 6995, 7028, 7045, 6179, 4017, 4020, 7045, 7028, 7027, 7027, 7022, 7024, 7022, 5714, 7024, 7025, 5714, 5712, 7025, 5712, 5716, 5716, 7108, 7107, 5716, 7107, 7030, 4003, 4007, 3997, 3997, 4007, 4001, 3997, 4001, 3993, 2813, 2830, 2808, 2808, 2830, 2829, 2829, 2805, 2808, 2829, 2815, 2805, 3980, 3984, 3992, 2815, 2801, 2805, 3992, 3978, 3980, 3992, 3989, 3978, 2803, 2802, 2801, 3989, 3988, 3977, 8073, 5887, 8072, 5887, 5886, 8072, 2804, 2802, 2824, 5840, 5857, 5886, 5840, 5830, 5857, 5830, 5811, 5818, 5801, 5784, 5787, 5784, 5759, 5764, 2765, 2828, 2749, 2828, 2783, 2749, 3117, 510, 3118, 2783, 2853, 2772, 3523, 3533, 3496, 2772, 2853, 2864, 3495, 3523, 3496, 2778, 2864, 2880, 3492, 3519, 3520, 2778, 2880, 2887, 3493, 3518, 3492, 3505, 3513, 3476, 8844, 5861, 8843, 3489, 3509, 3490, 3498, 3504, 3489, 3504, 3506, 3489, 3500, 3515, 3498, 3516, 3500, 3499, 8889, 8888, 8887, 8412, 8413, 8424, 10329, 10100, 10362, 8432, 8405, 8430, 10100, 10329, 10104, 10099, 10098, 10097, 8451, 8427, 8466, 8490, 8466, 527, 10098, 10331, 10096, 10147, 10162, 10341, 10145, 10146, 10162, 6174, 6985, 6173, 10175, 10140, 10142, 6987, 7002, 6994, 6173, 6171, 6172, 6173, 6179, 6171, 6179, 4020, 6171, 6994, 7002, 7028, 7028, 7022, 7027, 4020, 4017, 4018, 4018, 4017, 4016, 7022, 7023, 5714, 7023, 5687, 5714, 4016, 4017, 4004, 10163, 7109, 10178, 5714, 5678, 5712, 4004, 4003, 4002, 5713, 7108, 5716, 2812, 2870, 2813, 2813, 2808, 2812, 3993, 4001, 3984, 3984, 3979, 3974, 3979, 3984, 3980, 2805, 2801, 2800, 3979, 3980, 3978, 2801, 2802, 2797, 3989, 3977, 3978, 2802, 2804, 2797, 3990, 8073, 4053, 4053, 8073, 6400, 8073, 8072, 6400, 8072, 5886, 5857, 3988, 3976, 3977, 3988, 4053, 3976, 5857, 5830, 5818, 5818, 5811, 5801, 2820, 2816, 2787, 5764, 5787, 5784, 2787, 2816, 2782, 5759, 5755, 5764, 2816, 2818, 2782, 2782, 2818, 2781, 5750, 5753, 5752, 5752, 5753, 5838, 5753, 5828, 5838, 2746, 2783, 2768, 2749, 2783, 2746, 5853, 5828, 5844, 2768, 2783, 2772, 3118, 3534, 3533, 5862, 5861, 8844, 3513, 3514, 3493, 3476, 3513, 3477, 3513, 3493, 3477, 2887, 2893, 2888, 3505, 3476, 3475, 3490, 3505, 3475, 2888, 2893, 2910, 9122, 8843, 8848, 2922, 3503, 3502, 8867, 8870, 8869, 8870, 8873, 8869, 8873, 8887, 8875, 8877, 8887, 8888, 8888, 7498, 8877, 8888, 8891, 7498, 7498, 8891, 7426, 8891, 7541, 7426, 8406, 8397, 8421, 8421, 8397, 8420, 8397, 8388, 8420, 8420, 8388, 8412, 8388, 8387, 8412, 8412, 8387, 8413, 10310, 8408, 10327, 8377, 8378, 8411, 8379, 8403, 8411, 10310, 10327, 10329, 8405, 8401, 8430, 10097, 10101, 10100, 8407, 8427, 8451, 10097, 10098, 10096, 10331, 10356, 10096, 528, 527, 455, 10356, 10160, 10091, 10091, 10160, 10147, 10147, 10341, 10091, 6190, 6985, 6174, 6190, 6977, 6985, 6174, 6173, 6170, 6985, 6984, 6986, 6985, 6986, 6987, 6173, 6172, 6170, 6987, 6986, 7001, 6987, 7001, 7002, 6170, 6172, 6171, 7002, 7021, 7028, 7028, 7021, 7022, 7021, 5707, 7022, 6171, 4020, 4018, 7022, 5707, 7023, 5707, 5688, 7023, 10141, 10163, 10178, 4016, 4004, 4002, 3682, 3681, 3677, 3684, 3678, 3683, 3684, 3682, 3678, 3681, 3676, 3677, 5683, 7109, 5713, 4002, 4003, 3998, 5713, 7109, 7108, 3678, 3682, 3677, 3683, 3678, 3672, 4003, 3997, 3998, 3683, 3672, 3680, 3677, 3676, 3668, 3678, 3677, 3667, 3667, 3677, 3668, 3678, 3667, 3672, 3680, 3665, 3674, 3680, 3672, 3665, 3985, 3997, 3993, 3667, 3668, 3664, 3672, 3667, 3665, 3665, 3667, 3659, 2834, 2812, 2811, 3667, 3664, 3659, 2812, 2808, 2811, 3981, 3993, 3984, 2808, 2805, 2807, 3981, 3984, 3974, 2805, 2800, 2807, 3979, 3978, 3973, 2801, 2797, 2800, 3978, 3977, 3973, 8072, 6143, 6400, 6143, 5857, 6137, 8072, 5857, 6143, 4053, 6400, 4675, 6137, 5857, 6139, 2797, 2804, 2788, 5869, 5857, 5818, 5857, 5869, 6139, 3976, 4053, 3975, 5869, 5818, 5806, 2804, 2820, 2786, 5818, 5801, 5806, 5801, 5787, 5806, 2786, 2820, 2787, 5884, 5787, 5764, 5750, 5764, 5755, 2818, 2765, 2781, 5750, 5752, 5751, 5838, 5828, 5853, 5853, 5844, 5862, 3533, 3534, 3501, 2772, 2864, 2778, 5862, 8844, 8845, 3520, 3495, 3492, 8845, 8844, 8843, 8845, 8843, 9122, 3490, 3475, 3474, 3489, 3490, 3486, 2910, 2922, 2911, 2922, 3502, 2911, 8848, 8851, 9122, 3503, 3499, 3502, 3498, 3489, 3488, 8848, 8850, 8851, 8851, 8850, 8861, 8861, 8850, 8860, 8861, 8860, 8897, 8860, 8866, 8897, 8866, 8868, 8897, 8868, 8867, 8869, 8866, 8867, 8868, 8869, 8873, 8875, 8875, 8887, 8877, 8877, 7498, 7539, 7498, 7534, 7539, 8404, 8381, 8405, 10096, 10356, 10092, 10341, 10162, 10146, 10341, 10146, 10359, 6177, 6174, 6176, 6190, 6174, 6177, 10146, 10175, 10326, 6986, 6984, 6991, 6174, 6170, 6175, 10346, 10175, 10182, 6991, 7001, 6986, 10175, 10142, 10182, 6201, 6171, 4018, 10142, 10140, 10141, 10178, 10142, 10141, 3692, 3687, 3684, 3687, 3686, 3682, 4018, 4016, 3999, 935, 3683, 930, 935, 930, 812, 935, 3692, 3683, 3687, 3682, 3684, 3689, 3681, 3686, 3683, 3692, 3684, 10178, 7109, 10343, 3686, 3681, 3682, 10343, 7109, 7111, 10343, 7111, 5682, 930, 841, 812, 3681, 3675, 3676, 3998, 3997, 3721, 3997, 3985, 3721, 841, 930, 3680, 930, 3683, 3680, 3676, 3675, 3668, 3675, 3671, 3668, 3668, 3671, 3660, 841, 3674, 921, 841, 3680, 3674, 3664, 3668, 3660, 2834, 2811, 2833, 3981, 3985, 3993, 3659, 3664, 3650, 3650, 3664, 3660, 841, 921, 854, 2811, 2808, 2807, 3674, 3665, 3651, 3665, 3659, 3651, 3659, 3650, 3647, 921, 3674, 968, 921, 968, 854, 3674, 3651, 968, 3651, 3659, 3647, 3974, 3979, 3972, 3651, 3647, 3642, 2800, 2797, 2799, 2799, 2797, 2790, 3973, 3977, 3958, 6400, 6143, 6399, 3977, 3976, 3958, 4675, 6400, 6399, 2797, 2788, 2790, 2788, 2804, 2786, 3976, 3975, 3958, 3975, 4675, 4667, 5764, 5757, 7271, 5764, 5750, 5757, 5750, 5751, 5757, 5751, 5752, 5836, 5836, 5752, 5838, 2746, 2768, 2752, 2746, 2752, 2745, 2752, 2768, 2772, 3534, 3521, 3501, 2887, 2888, 2778, 3473, 3493, 3492, 2778, 2888, 2882, 3476, 3477, 3472, 2886, 2910, 2911, 2888, 2910, 2886, 3500, 3498, 3485, 3498, 3488, 3485, 3499, 3500, 3485, 8868, 8869, 8871, 8877, 7539, 8886, 8408, 8382, 8406, 8382, 8385, 8397, 8385, 8386, 8397, 8397, 8386, 8388, 8388, 8375, 8387, 10310, 8384, 8408, 8387, 8375, 8376, 10310, 10329, 10309, 8380, 8381, 8404, 8373, 8374, 8401, 10096, 10092, 10095, 10356, 10091, 10092, 6184, 6973, 6977, 6184, 6977, 6190, 6184, 6190, 6177, 10359, 10146, 10326, 10326, 10175, 10346, 6174, 6175, 6176, 6991, 6990, 7001, 10182, 10142, 10183, 6201, 6170, 6171, 5708, 5685, 5707, 934, 3725, 935, 10142, 10178, 10240, 3725, 3712, 3687, 3712, 3686, 3687, 3712, 3710, 3686, 934, 812, 813, 934, 935, 812, 935, 3725, 3692, 3725, 3687, 3692, 3686, 3710, 3689, 4018, 3999, 4000, 3689, 3710, 3690, 10178, 10343, 10240, 3689, 3690, 3681, 3999, 4016, 4002, 3681, 3690, 3685, 3681, 3685, 3675, 841, 782, 812, 3685, 3679, 3675, 3675, 3679, 3669, 782, 841, 785, 3675, 3669, 3671, 3671, 3669, 3660, 3985, 3719, 3721, 3985, 3981, 3719, 785, 854, 793, 841, 854, 785, 2833, 2811, 2810, 3660, 3669, 3649, 2810, 2811, 2807, 3660, 3649, 3650, 3650, 3649, 3643, 3647, 3650, 3643, 968, 937, 854, 968, 3651, 3641, 3647, 3631, 3642, 3647, 3643, 3631, 968, 3641, 937, 3651, 3642, 3641, 3972, 3979, 3973, 4675, 6399, 6398, 2788, 2786, 2785, 3975, 4667, 3961, 2786, 2787, 2780, 2787, 2782, 2780, 5757, 5855, 7271, 2782, 2781, 2764, 5855, 5751, 5837, 5757, 5751, 5855, 2781, 2765, 2764, 5751, 5836, 5837, 2765, 2749, 2739, 511, 510, 396, 5838, 5853, 5854, 2772, 2778, 2753, 5862, 8845, 9113, 3492, 3495, 3481, 8845, 9122, 9111, 3477, 3493, 3473, 3475, 3455, 3474, 3475, 3476, 3455, 3486, 3490, 3474, 9122, 8851, 9109, 3488, 3486, 3487, 3488, 3489, 3486, 8851, 8861, 9109, 3502, 3499, 3484, 3499, 3485, 3484, 3485, 3488, 3487, 8861, 8897, 8903, 8897, 8868, 8872, 8868, 8871, 8872, 8871, 8869, 8874, 8874, 8869, 8875, 7539, 7534, 7401, 8354, 8375, 8388, 8362, 8377, 8376, 8427, 8428, 8445, 10097, 10096, 10095, 10085, 10091, 10341, 6191, 6976, 6973, 6191, 6973, 6184, 6191, 6184, 6185, 6184, 6178, 6185, 6184, 6177, 6178, 6977, 6973, 6972, 10341, 10359, 10336, 6977, 6972, 6984, 6177, 6176, 6178, 6984, 6989, 6991, 10346, 10238, 10326, 6176, 6175, 6201, 10346, 10182, 10238, 6201, 6175, 6170, 7001, 6990, 7021, 10182, 10183, 10238, 973, 3737, 3729, 3729, 3736, 3728, 934, 973, 3725, 973, 3729, 3725, 3729, 3728, 3712, 7021, 5689, 5708, 934, 813, 857, 3726, 3710, 3728, 3725, 3729, 3712, 3712, 3728, 3710, 10183, 10142, 10184, 3726, 3711, 3710, 4000, 6201, 4018, 10142, 10240, 10184, 813, 812, 768, 3685, 3690, 3688, 10343, 5679, 5681, 10343, 5706, 5679, 812, 782, 768, 3999, 4002, 3998, 3685, 3688, 3679, 3679, 3688, 3673, 3998, 3721, 3723, 782, 785, 783, 3679, 3673, 3669, 3673, 3691, 3670, 785, 784, 783, 3669, 3673, 3661, 3673, 3670, 3661, 2833, 2810, 4, 785, 793, 784, 3669, 3661, 3649, 3661, 3670, 3611, 3719, 3981, 3733, 3649, 3661, 3611, 784, 793, 792, 3981, 3974, 3733, 793, 854, 792, 3643, 3649, 3628, 3649, 3612, 3628, 3974, 3972, 3733, 3628, 3612, 3615, 854, 855, 792, 3643, 3627, 3631, 855, 854, 937, 3643, 3628, 3627, 2807, 2800, 2809, 2809, 2800, 2799, 937, 3641, 942, 3641, 3642, 3630, 3642, 3631, 3630, 855, 937, 942, 3631, 3627, 3626, 3962, 3972, 3973, 3641, 3630, 3636, 3630, 3631, 3629, 3631, 3626, 3629, 3636, 3630, 3633, 3962, 3973, 3958, 2790, 2788, 2789, 2788, 2785, 2789, 3958, 3975, 3961, 3961, 4667, 4665, 3965, 3961, 4644, 3961, 4665, 4644, 2785, 2786, 2780, 2782, 2764, 2780, 5855, 5837, 6547, 2739, 2749, 2731, 2749, 2746, 2731, 5854, 5853, 5863, 3118, 3521, 3534, 5853, 5862, 5863, 2745, 2752, 2744, 2772, 2753, 2752, 9113, 8845, 9105, 8845, 9111, 9105, 3495, 3496, 3482, 9122, 9110, 9111, 3473, 3492, 3481, 2882, 2888, 2886, 9110, 9122, 9109, 3486, 3474, 3454, 2911, 3502, 2918, 3502, 3491, 2918, 3487, 3486, 3465, 3502, 3484, 3491, 3485, 3487, 3463, 8897, 8906, 8903, 8875, 8877, 8876, 8876, 8877, 8884, 8886, 7539, 8795, 8375, 8362, 8376, 8362, 8363, 8377, 8378, 8361, 8379, 10097, 10102, 10101, 10092, 10091, 10090, 6191, 6999, 6976, 6187, 6191, 6185, 6999, 6191, 6187, 10085, 10341, 10336, 4838, 10083, 10088, 10083, 10336, 10088, 4838, 10088, 4836, 4836, 10088, 10089, 4836, 10089, 4835, 10089, 10336, 4846, 10088, 10336, 10089, 4846, 10336, 10359, 6984, 6972, 6989, 10089, 4846, 4835, 4835, 4846, 4837, 6178, 6176, 6200, 4846, 10359, 10326, 4837, 10326, 10208, 4846, 10326, 4837, 6989, 6990, 6991, 6200, 6176, 6201, 10326, 10238, 10208, 931, 933, 973, 933, 3737, 973, 6200, 6201, 4021, 3736, 3735, 3728, 931, 973, 857, 3728, 3735, 3726, 10238, 10183, 10186, 3726, 3734, 3727, 3726, 3727, 3711, 10183, 10184, 10185, 857, 813, 692, 3711, 3727, 3714, 3999, 3778, 4000, 813, 768, 692, 3711, 3714, 3690, 3714, 3694, 3690, 10184, 10214, 5719, 10184, 10240, 10214, 3690, 3694, 3688, 3694, 3713, 3688, 3999, 3779, 3778, 10214, 10343, 5681, 10214, 10240, 10343, 3713, 3731, 3688, 768, 782, 781, 3688, 3731, 3691, 3779, 3999, 3998, 3779, 3998, 3723, 782, 783, 781, 3691, 3731, 3717, 3720, 3723, 3721, 3691, 3717, 3670, 3717, 3720, 3718, 3720, 3721, 3718, 3670, 3717, 3715, 3717, 3718, 3715, 3721, 3719, 3718, 4, 2810, 2841, 3670, 3715, 3611, 3649, 3611, 3612, 3609, 3611, 3695, 2807, 2809, 2810, 3612, 3611, 3606, 3606, 3611, 3609, 3733, 3972, 3773, 792, 855, 791, 3615, 3612, 3606, 3628, 3617, 3627, 3617, 3628, 3615, 2809, 2799, 2806, 3617, 3615, 3604, 791, 855, 798, 855, 942, 798, 3626, 3627, 3617, 2799, 2790, 2794, 3629, 3626, 3622, 942, 3641, 3636, 3630, 3629, 3633, 3626, 3617, 3622, 942, 3648, 936, 942, 3636, 3648, 3962, 3958, 3959, 2789, 2785, 2791, 3960, 3958, 3961, 3960, 3961, 3965, 4665, 6409, 4663, 4644, 4665, 4663, 3965, 4644, 4019, 4644, 4663, 4645, 3965, 4019, 3967, 4644, 4645, 4019, 2742, 2764, 2739, 5836, 5838, 4671, 2764, 2765, 2739, 5838, 4670, 4671, 2746, 2745, 2731, 5863, 5862, 9113, 2752, 2753, 2744, 3521, 3497, 3501, 3501, 3497, 3494, 3496, 3501, 3494, 3495, 3482, 3480, 3496, 3494, 3482, 2778, 2882, 2777, 3481, 3495, 3480, 3477, 3473, 3472, 2882, 2886, 2875, 3455, 3476, 3472, 2886, 2911, 2889, 9109, 8861, 8903, 8897, 8905, 8906, 8897, 8872, 8905, 8871, 8874, 8881, 8875, 8876, 8874, 8879, 8876, 8884, 8884, 8877, 8886, 8382, 8356, 8385, 8356, 8386, 8385, 8356, 8355, 8386, 8354, 8362, 8375, 8363, 8361, 8377, 10309, 8410, 10310, 8389, 8390, 8407, 8427, 8409, 8428, 8445, 8428, 529, 10097, 10095, 10332, 7004, 6187, 6192, 7004, 6999, 6187, 10085, 10090, 10091, 6999, 6992, 6976, 7004, 6992, 6999, 6187, 6185, 6186, 6187, 6186, 6188, 10085, 10336, 10083, 10086, 8541, 7577, 6186, 6185, 6178, 7577, 8541, 4828, 4828, 8541, 4826, 6186, 6178, 6200, 4834, 4837, 4839, 4837, 10208, 4839, 933, 3747, 3737, 3747, 3739, 3737, 3739, 3736, 3737, 3739, 3740, 3736, 933, 931, 828, 3740, 3735, 3736, 10209, 10238, 10186, 10208, 10238, 10209, 828, 931, 857, 3738, 3734, 3726, 6990, 5715, 5689, 5689, 5715, 5686, 828, 857, 730, 4021, 6201, 4000, 10186, 10183, 10185, 857, 692, 730, 3727, 3730, 3714, 3730, 3753, 3694, 10184, 5719, 10213, 3713, 3753, 3732, 3694, 3753, 3713, 5675, 10214, 5681, 3713, 3732, 3724, 3779, 3724, 3778, 3713, 3724, 3731, 3724, 3779, 3723, 3731, 3724, 3722, 3724, 3723, 3722, 3717, 3722, 3720, 3722, 3723, 3720, 3715, 3718, 3716, 3718, 3719, 3716, 4, 2841, 2681, 3716, 3719, 3733, 3716, 3733, 3695, 2810, 2806, 2841, 2657, 2678, 2664, 2806, 2810, 2809, 3695, 3733, 3773, 2657, 2651, 2645, 2649, 2645, 2643, 3972, 3774, 3773, 3972, 3962, 3774, 2806, 2799, 2794, 2649, 2643, 2654, 3962, 3775, 3774, 2655, 2654, 2643, 6405, 2654, 2655, 2794, 2790, 2792, 3617, 3604, 3614, 3775, 3962, 3959, 2790, 2789, 2792, 798, 942, 936, 798, 936, 877, 3617, 3614, 3622, 2682, 6404, 2655, 3648, 3637, 936, 3648, 3636, 3637, 3629, 3622, 3621, 3622, 3614, 3621, 3636, 3633, 3637, 3637, 3633, 3632, 3633, 3629, 3632, 3958, 3960, 3959, 3960, 3965, 3964, 6409, 6417, 6410, 2785, 2784, 2791, 6409, 6410, 4663, 2785, 2780, 2784, 4663, 6410, 4664, 4663, 4664, 4645, 4645, 4664, 4653, 3967, 4019, 3994, 4019, 4645, 4646, 4646, 4645, 4653, 2780, 2764, 2766, 3994, 4019, 4647, 4019, 4646, 4647, 5838, 5854, 4670, 5854, 5875, 4670, 5854, 5863, 5875, 2731, 2745, 2744, 3521, 512, 513, 2744, 2753, 2743, 3521, 513, 3497, 9105, 9111, 9042, 2753, 2777, 2747, 2753, 2778, 2777, 3481, 3480, 3473, 2777, 2882, 2875, 2886, 2889, 2875, 3474, 3455, 3454, 3465, 3486, 3454, 2911, 2918, 2889, 3487, 3465, 3464, 2918, 3491, 3362, 3487, 3464, 3463, 3484, 3462, 3361, 3484, 3485, 3462, 3485, 3463, 3462, 8874, 8876, 8878, 8879, 8884, 8886, 10307, 8410, 10309, 10307, 10309, 10308, 8344, 8383, 8374, 10330, 10308, 10101, 10102, 10097, 10332, 6192, 6187, 6189, 6992, 6974, 6976, 6187, 6188, 6189, 6976, 6974, 6971, 7578, 10086, 7577, 10086, 10080, 8541, 10080, 10083, 8541, 10080, 10081, 10083, 10081, 10085, 10083, 6200, 6188, 6186, 7577, 4828, 4830, 4818, 4817, 4812, 6971, 6969, 6972, 4817, 10206, 4816, 932, 3747, 933, 4817, 4839, 10206, 932, 933, 856, 10206, 4839, 10205, 933, 828, 856, 10205, 10208, 10209, 4839, 10208, 10205, 6964, 5715, 6990, 3734, 3741, 3727, 828, 730, 729, 3727, 3741, 3730, 4008, 4021, 4000, 3761, 3778, 3760, 3761, 4000, 3778, 5674, 5719, 5675, 3732, 3760, 3724, 3760, 3778, 3724, 768, 781, 691, 781, 783, 694, 783, 784, 694, 2675, 2677, 2676, 2677, 2681, 2676, 2678, 2675, 2674, 2681, 2841, 2676, 2678, 2674, 2664, 694, 792, 719, 2676, 2841, 2663, 2841, 2806, 2663, 3695, 3610, 3609, 3695, 3773, 3610, 2657, 2664, 2651, 2663, 2806, 2668, 3606, 3609, 3607, 3610, 3773, 3774, 2645, 2651, 2642, 2668, 2806, 2794, 2668, 2794, 2683, 791, 798, 720, 2643, 2645, 2642, 2643, 2642, 2636, 2794, 2792, 2683, 798, 721, 720, 3959, 3982, 3775, 2655, 2643, 2644, 2792, 2789, 2791, 798, 756, 721, 2682, 2655, 2644, 798, 877, 756, 2682, 2644, 2701, 877, 936, 953, 3959, 3960, 3963, 953, 3637, 3646, 936, 3637, 953, 3632, 3629, 3621, 3963, 3960, 3964, 2791, 2784, 2798, 3964, 3965, 3966, 3966, 3965, 3967, 6411, 6412, 4664, 4664, 6412, 4677, 2784, 2780, 2766, 4664, 4677, 4653, 3967, 3994, 3969, 4646, 4653, 4649, 4649, 4653, 4654, 4653, 4677, 4654, 2764, 2742, 2766, 3969, 3994, 3968, 4647, 4646, 4648, 4646, 4649, 4648, 4671, 4651, 4676, 3994, 4647, 4659, 4647, 4648, 4659, 2742, 2739, 2732, 513, 512, 419, 9042, 9111, 8997, 9111, 9110, 8997, 2777, 2875, 2776, 9110, 9109, 8997, 8997, 9109, 9019, 3450, 3472, 3451, 9109, 8903, 9019, 9019, 8903, 9021, 2889, 2918, 2894, 3362, 3484, 3361, 3491, 3484, 3362, 3462, 3463, 3353, 8905, 8872, 8890, 8872, 8871, 8890, 8871, 8881, 8890, 8878, 8876, 8879, 8410, 8359, 8384, 8347, 8345, 8380, 8373, 8344, 8374, 461, 361, 454, 10095, 10092, 10094, 10092, 10090, 10093, 7004, 6993, 6992, 6993, 6974, 6992, 6193, 6993, 6192, 6993, 7004, 6192, 6193, 6192, 6189, 10081, 10084, 10085, 6971, 6974, 6970, 6194, 6189, 6188, 4847, 7577, 4833, 7578, 7577, 4847, 3751, 3739, 3747, 6199, 6194, 6200, 6194, 6188, 6200, 7577, 4830, 4833, 4830, 4824, 4823, 4824, 4818, 4823, 4818, 4812, 4823, 932, 3755, 3747, 3755, 3751, 3747, 3748, 3746, 3739, 3739, 3735, 3740, 3739, 3746, 3735, 3746, 3738, 3735, 3746, 3745, 3738, 3745, 3744, 3738, 6972, 6957, 6989, 856, 828, 728, 3738, 3744, 3742, 6989, 6957, 6964, 3738, 3742, 3734, 6199, 4021, 4008, 6199, 6200, 4021, 10209, 10186, 10205, 728, 828, 729, 3742, 3741, 3734, 3730, 3741, 3753, 10186, 10185, 10187, 4000, 3761, 3768, 10184, 10213, 10185, 690, 730, 692, 3753, 3761, 3760, 5718, 10213, 5717, 10213, 5719, 5717, 781, 694, 691, 2675, 2676, 2673, 2673, 2676, 2665, 2665, 2676, 2663, 2674, 2673, 2664, 2664, 2673, 2665, 2665, 2663, 2652, 792, 791, 719, 2652, 2663, 2639, 2664, 2652, 2651, 2664, 2665, 2652, 2639, 2663, 2668, 791, 720, 719, 3607, 3610, 3608, 2651, 2652, 2642, 2642, 2652, 2637, 2652, 2639, 2637, 3607, 3608, 3605, 3608, 3610, 3774, 2639, 2668, 2626, 2668, 2683, 2626, 3607, 3605, 3606, 3605, 3608, 3644, 3606, 3605, 3604, 3774, 3644, 3608, 3774, 3775, 3644, 2642, 2637, 2635, 3604, 3605, 3595, 2642, 2635, 2636, 3604, 3595, 3603, 2644, 2643, 2636, 2644, 2636, 2638, 2792, 2791, 2793, 2644, 2638, 2648, 3614, 3603, 3616, 2647, 2648, 2638, 953, 946, 877, 3637, 3632, 3635, 3621, 3614, 3618, 3614, 3616, 3618, 953, 3646, 946, 3646, 3637, 3635, 3632, 3623, 3635, 3632, 3621, 3623, 3623, 3621, 3618, 3968, 3966, 3967, 3967, 3969, 3968, 4677, 4676, 4654, 4677, 6414, 4676, 2766, 2742, 2741, 4654, 4651, 4649, 4654, 4676, 4651, 3968, 3994, 3996, 4648, 4649, 4650, 4659, 4650, 4656, 4648, 4650, 4659, 4649, 4651, 4650, 4651, 4652, 4650, 4652, 4671, 4670, 4651, 4671, 4652, 4656, 4650, 4655, 4650, 4652, 4655, 2732, 2739, 2731, 4652, 4670, 4658, 4670, 5875, 4658, 5875, 5863, 4662, 4662, 5863, 5629, 5863, 9113, 5629, 9113, 9094, 5629, 9113, 9105, 9094, 2744, 2743, 2730, 9105, 9042, 9094, 2753, 2747, 2743, 9042, 8997, 9024, 3482, 3494, 3459, 3480, 3459, 3458, 3480, 3482, 3459, 2776, 2875, 2871, 3472, 3473, 3456, 3472, 3456, 3451, 3455, 3472, 3450, 2894, 2918, 2919, 2918, 3362, 3461, 3463, 3464, 3353, 8903, 8906, 9034, 3362, 3361, 3343, 8907, 8906, 8905, 8906, 8907, 9034, 8881, 8874, 8880, 8880, 8874, 8878, 8886, 8795, 8908, 8350, 8351, 8362, 8345, 8346, 8381, 8346, 8343, 8381, 8373, 8343, 8344, 8344, 8348, 8383, 10094, 10092, 10093, 10338, 10090, 10084, 6193, 6189, 6194, 6193, 6194, 6195, 7580, 10082, 10080, 10082, 10084, 10081, 7579, 7580, 10086, 7580, 10080, 10086, 10080, 10082, 10081, 7579, 10086, 7578, 7575, 7578, 4847, 7579, 7578, 7575, 6197, 6194, 6199, 928, 3755, 932, 3756, 3751, 3755, 3751, 3748, 3739, 6971, 6970, 6969, 6969, 6970, 6968, 4823, 4812, 4819, 4814, 4827, 4815, 4814, 4816, 4827, 928, 932, 856, 6969, 6968, 6957, 4816, 10361, 4827, 10361, 10206, 10204, 4816, 10206, 10361, 6969, 6957, 6972, 10206, 10205, 10204, 3744, 3743, 3742, 4009, 6199, 4008, 10205, 10186, 10204, 3742, 3743, 3741, 3762, 4008, 3768, 729, 730, 690, 3753, 3762, 3768, 4008, 4000, 3768, 10187, 10185, 10351, 5664, 5722, 5684, 690, 692, 691, 5684, 5722, 5718, 5722, 10213, 5718, 692, 768, 691, 2637, 2639, 2625, 2639, 2626, 2625, 3605, 3644, 3705, 3705, 3644, 3827, 3644, 3775, 3827, 2626, 2683, 2658, 2683, 2792, 2658, 3595, 3605, 3589, 3589, 3605, 3705, 2637, 2625, 2635, 2658, 2792, 2793, 3603, 3595, 3602, 3982, 3959, 3963, 2635, 2625, 2633, 3602, 3595, 3594, 2638, 2636, 2634, 2636, 2635, 2634, 2635, 2633, 2634, 2793, 2791, 2796, 3616, 3603, 3602, 2791, 2798, 2796, 3616, 3602, 3601, 2647, 2638, 2640, 2638, 2634, 2640, 877, 946, 876, 3646, 3635, 3645, 2659, 2798, 2784, 3645, 3635, 3634, 3635, 3623, 3634, 3964, 3966, 3970, 946, 3646, 969, 3646, 3645, 969, 3966, 3968, 3970, 3968, 3996, 3983, 2741, 2742, 2732, 4014, 3994, 4015, 3996, 3994, 4014, 3994, 4659, 4015, 4659, 4666, 4015, 4659, 4656, 4666, 4666, 4656, 4660, 4656, 4655, 4660, 4660, 4655, 4657, 4655, 4652, 4657, 4652, 4658, 4657, 4658, 5875, 4662, 2731, 2744, 2730, 2730, 2743, 2727, 9094, 9042, 9024, 2747, 2777, 2776, 3473, 3480, 3457, 3480, 3458, 3457, 3473, 3457, 3456, 2872, 2871, 2875, 2875, 2889, 2872, 2889, 2894, 2872, 3454, 3455, 3452, 3454, 3453, 3465, 3454, 3452, 3453, 8903, 9034, 9021, 2918, 3461, 2919, 3354, 3464, 3465, 3352, 3462, 3353, 3464, 3354, 3353, 3343, 3361, 3334, 3361, 3462, 3352, 3361, 3352, 3334, 8907, 8905, 8890, 8907, 8890, 8904, 8890, 8881, 8880, 8878, 8879, 8885, 8879, 8886, 8885, 8885, 8886, 8908, 8795, 7530, 8908, 8358, 8353, 8356, 8353, 8349, 8356, 8349, 8350, 8354, 8351, 8352, 8362, 8362, 8352, 8363, 10306, 10307, 10308, 10308, 10330, 10301, 8366, 8409, 8390, 10330, 10102, 10304, 10330, 10101, 10102, 10102, 10332, 10303, 6236, 6982, 6993, 10093, 10090, 10338, 6193, 6236, 6993, 6982, 6978, 6974, 6974, 6978, 6975, 10087, 10084, 10082, 10087, 10338, 10084, 6974, 6975, 6970, 7580, 10087, 10082, 7579, 7575, 7576, 3754, 3750, 3748, 3751, 3754, 3748, 4843, 4847, 4822, 7575, 4847, 4843, 926, 928, 688, 3748, 3750, 3746, 3746, 3749, 3745, 3750, 3749, 3746, 6197, 6199, 4009, 4847, 4825, 4822, 928, 856, 688, 3749, 3744, 3745, 6968, 6956, 6957, 3744, 3752, 3743, 6956, 6952, 6957, 3741, 3752, 3762, 10188, 10186, 10187, 10188, 10204, 10186, 4009, 3762, 3789, 4009, 4008, 3762, 10187, 10351, 10207, 5663, 5709, 5664, 5722, 10351, 10213, 719, 720, 717, 720, 721, 717, 3827, 3775, 3982, 3827, 3982, 3763, 2625, 2626, 2624, 2626, 2658, 2624, 3982, 3991, 3763, 2624, 2658, 2656, 2658, 2793, 2656, 3982, 3963, 3991, 2625, 2622, 2633, 2625, 2624, 2622, 3589, 3590, 3594, 3991, 3963, 3986, 2634, 2633, 2632, 2796, 2798, 2659, 3602, 3594, 3601, 3963, 3970, 3986, 3963, 3964, 3970, 2640, 2634, 2632, 877, 757, 756, 2694, 2640, 2693, 2640, 2641, 2693, 2640, 2632, 2641, 2641, 2632, 2646, 877, 876, 757, 3616, 3601, 3618, 876, 946, 969, 3623, 3618, 3619, 2659, 2784, 2795, 876, 969, 945, 3970, 3968, 3971, 3971, 3968, 3983, 4657, 4661, 4660, 4657, 4658, 4661, 5629, 9094, 5615, 3497, 513, 514, 3497, 3539, 3483, 3494, 3497, 3483, 3494, 3460, 3459, 8997, 9019, 8995, 2776, 2871, 2771, 9021, 9034, 8996, 3354, 3465, 3453, 3461, 3362, 3343, 8996, 9034, 8907, 8908, 7530, 8932, 8932, 7530, 7500, 7500, 7530, 7492, 8410, 8392, 8359, 8361, 8337, 8347, 8347, 8337, 8345, 10330, 10304, 10301, 8366, 8391, 8409, 10304, 10102, 10303, 10333, 10332, 10095, 10333, 10095, 10094, 6202, 6203, 6193, 10237, 10338, 10087, 6193, 6195, 6198, 3754, 3751, 3758, 926, 927, 928, 927, 3755, 928, 3758, 3751, 3756, 3754, 3757, 3750, 3757, 3749, 3750, 7573, 7575, 4843, 7576, 7575, 7573, 6198, 6195, 6197, 6970, 6981, 6980, 6975, 6981, 6970, 6970, 6980, 6968, 4819, 4821, 4822, 4819, 4820, 4821, 3749, 3759, 3744, 6197, 4009, 4010, 4829, 4827, 10215, 688, 856, 728, 6968, 6980, 6956, 4827, 10361, 10215, 10215, 10204, 10188, 10361, 10204, 10215, 6957, 6952, 5699, 3752, 3780, 3762, 3790, 4009, 3789, 3762, 3780, 3789, 10188, 10187, 10189, 728, 729, 689, 10207, 10351, 10345, 5692, 5723, 5709, 5723, 10345, 5709, 5709, 10345, 5722, 10345, 10351, 5722, 684, 694, 718, 694, 719, 718, 3827, 3763, 3589, 3589, 3763, 3591, 2624, 2656, 2623, 3589, 3591, 3590, 2624, 2623, 2622, 3763, 3991, 3986, 2623, 2793, 2796, 2656, 2793, 2623, 2633, 2622, 2630, 2632, 2633, 2630, 721, 756, 715, 2632, 2630, 2631, 756, 757, 715, 3970, 3693, 3986, 3601, 3594, 3600, 2632, 2631, 2646, 3601, 3600, 3618, 2641, 2646, 2695, 2814, 2659, 2795, 2795, 2784, 2766, 945, 969, 3658, 969, 3645, 3658, 3634, 3623, 3624, 3623, 3619, 3624, 3645, 3634, 3639, 3996, 4014, 4013, 4014, 4015, 4042, 4015, 4666, 4042, 4666, 4660, 4669, 2732, 2731, 2726, 4669, 4660, 4661, 2731, 2730, 2726, 4661, 4662, 4668, 4662, 5629, 5616, 5615, 9094, 5614, 2730, 2727, 2726, 2728, 2743, 2747, 2727, 2743, 2728, 9024, 8997, 8979, 3494, 3483, 3460, 2754, 2776, 2771, 2747, 2776, 2754, 2771, 2871, 2775, 2871, 2872, 2775, 3451, 3456, 3342, 2919, 3461, 3345, 3461, 3343, 3345, 3334, 3352, 3333, 8890, 8880, 8883, 8880, 8878, 8882, 8885, 8908, 8902, 8352, 8337, 8361, 8392, 8410, 10307, 10339, 10307, 10305, 10305, 10307, 10306, 10306, 10301, 10305, 8391, 495, 524, 525, 524, 437, 6219, 7075, 6236, 6219, 6236, 6203, 10093, 10338, 10237, 6202, 6193, 6198, 6979, 6983, 6975, 10340, 7574, 10360, 3755, 3771, 3756, 3771, 3758, 3756, 3758, 3757, 3754, 927, 926, 771, 6975, 6983, 6981, 7572, 7573, 4841, 7573, 4843, 4841, 926, 688, 771, 6198, 6197, 4010, 6981, 6955, 6980, 4843, 4821, 4841, 4821, 4820, 4831, 4831, 4829, 10215, 10191, 10215, 10189, 3764, 3780, 3752, 10215, 10188, 10189, 6956, 6951, 6952, 4010, 3790, 3795, 4010, 4009, 3790, 3780, 3790, 3789, 10190, 10207, 10203, 10190, 10187, 10207, 729, 690, 689, 5693, 5721, 5723, 5721, 10344, 5723, 10344, 10207, 10345, 5723, 10344, 10345, 690, 691, 686, 691, 694, 693, 694, 684, 693, 717, 721, 715, 3591, 3763, 3986, 3590, 3591, 3592, 3591, 3986, 3592, 2622, 2623, 2621, 3590, 3593, 3594, 3590, 3592, 3593, 2621, 2623, 2659, 2623, 2796, 2659, 3986, 3693, 3592, 2622, 2619, 2630, 2622, 2621, 2619, 3594, 3596, 3600, 3970, 3987, 3693, 2646, 2650, 2679, 2646, 2631, 2650, 2679, 2650, 2661, 3618, 3600, 3619, 3970, 3971, 3987, 945, 3658, 950, 3658, 3645, 3652, 3645, 3639, 3652, 3639, 3634, 3638, 3634, 3624, 3638, 2766, 2751, 2795, 2766, 2741, 2751, 3983, 3996, 4013, 2741, 2732, 2734, 2734, 2732, 2733, 4042, 4666, 4045, 4666, 4674, 4045, 4674, 4666, 4669, 4669, 4672, 4673, 4669, 4661, 4672, 4661, 4668, 4672, 4662, 5616, 4668, 5616, 5629, 5615, 9094, 9024, 9041, 8979, 8997, 8995, 8995, 9019, 8993, 9019, 9021, 8993, 3450, 3451, 3351, 8993, 9021, 8996, 2775, 2872, 2883, 3455, 3450, 3340, 2872, 2894, 2883, 3452, 3455, 3340, 2894, 2919, 2906, 3453, 3452, 3339, 3354, 3453, 3338, 3352, 3353, 3333, 3333, 3353, 3346, 3354, 3346, 3353, 8996, 8907, 9018, 8907, 8904, 9112, 9112, 8904, 8883, 8904, 8890, 8883, 8883, 8880, 8882, 8883, 8882, 9128, 8882, 8878, 8898, 8878, 8885, 8902, 8902, 8908, 8929, 8329, 8358, 8359, 8329, 8328, 8358, 8351, 8314, 8352, 8352, 8314, 8337, 8337, 8338, 8345, 8345, 8342, 8346, 8360, 8341, 8366, 10301, 10304, 10299, 10303, 10332, 10333, 461, 437, 353, 10094, 10093, 10333, 7063, 7075, 6219, 6219, 6203, 6204, 7061, 6979, 6978, 10360, 10237, 10087, 3770, 3757, 3758, 3757, 3767, 3766, 3772, 3755, 927, 3772, 3771, 3755, 10360, 7574, 4845, 3757, 3766, 3749, 7574, 4842, 4845, 927, 771, 769, 6983, 6963, 6981, 6198, 4010, 4012, 6981, 6963, 6955, 4840, 4831, 10191, 4832, 4831, 4840, 3759, 3765, 3764, 4831, 10215, 10191, 6956, 6955, 6949, 6956, 6949, 6951, 688, 728, 689, 3794, 4010, 3795, 5704, 5711, 5710, 5702, 5720, 5721, 5720, 10344, 5721, 686, 691, 693, 718, 719, 716, 719, 717, 716, 3593, 3592, 3693, 2621, 2659, 2620, 3594, 3593, 3596, 2621, 2620, 2619, 2620, 2659, 2814, 715, 757, 738, 3693, 3987, 3597, 2631, 2630, 2618, 2630, 2619, 2618, 3600, 3596, 3613, 2661, 2650, 2653, 2650, 2631, 2653, 2661, 2653, 2698, 3619, 3600, 3620, 3620, 3600, 3613, 876, 945, 800, 945, 950, 800, 3619, 3620, 3624, 3638, 3624, 3625, 3624, 3620, 3625, 950, 3658, 3663, 3658, 3652, 3663, 3652, 3639, 3653, 3639, 3638, 3653, 4011, 3983, 4013, 2751, 2741, 2736, 2741, 2734, 2736, 4040, 4013, 4014, 4040, 4014, 4041, 4014, 4042, 4041, 2732, 2726, 2733, 4669, 4673, 4674, 4668, 5616, 5606, 5614, 9094, 9041, 2726, 2727, 2725, 2727, 2728, 2725, 9041, 9024, 9023, 514, 418, 500, 9024, 8979, 9023, 2728, 2729, 2725, 3539, 514, 500, 2728, 2747, 2729, 8979, 8995, 8976, 2747, 2754, 2729, 8976, 8995, 8993, 2771, 2775, 2770, 3459, 3460, 3449, 2770, 2775, 2774, 3451, 3342, 3351, 3450, 3351, 3340, 2883, 2894, 2906, 3452, 3340, 3339, 2919, 3345, 2906, 3453, 3339, 3338, 3346, 3354, 3338, 3345, 3343, 3319, 3343, 3334, 3319, 3333, 3314, 3334, 8907, 9112, 9018, 8878, 8902, 8898, 8908, 8932, 8929, 8932, 8935, 8929, 8932, 7538, 8935, 8326, 8296, 8327, 8338, 8342, 8345, 10305, 10301, 10300, 524, 495, 437, 10333, 10093, 10236, 7063, 7062, 7075, 6204, 6203, 6202, 10360, 10196, 10210, 10210, 10237, 10360, 3770, 3767, 3757, 6979, 6997, 6983, 10196, 10360, 4848, 924, 3772, 927, 924, 927, 769, 3767, 3776, 3766, 6202, 6198, 4012, 4848, 10360, 4845, 4845, 4844, 4848, 4844, 4840, 10191, 6955, 6963, 6946, 4010, 3796, 4012, 6955, 6946, 6949, 3796, 4010, 3794, 10191, 10189, 10190, 10191, 10190, 6945, 5724, 10203, 10207, 5701, 5724, 5720, 5720, 5724, 10344, 5724, 10207, 10344, 689, 690, 686, 3593, 3693, 3597, 3593, 3597, 3596, 2619, 2620, 2615, 2628, 2814, 2795, 2620, 2814, 2628, 3596, 3597, 3598, 2618, 2619, 2617, 2619, 2615, 2617, 2615, 2620, 2628, 2628, 2795, 2672, 3597, 3987, 3599, 3596, 3598, 3613, 2631, 2600, 2653, 2631, 2618, 2600, 757, 800, 738, 757, 876, 800, 2660, 2653, 2600, 3987, 3983, 3995, 3971, 3983, 3987, 2660, 2600, 2601, 3983, 4011, 3995, 950, 947, 800, 3625, 3620, 3640, 950, 3663, 947, 3663, 3652, 3662, 3652, 3653, 3662, 3638, 3656, 3653, 3656, 3625, 3640, 3638, 3625, 3656, 2734, 2733, 2735, 4041, 4042, 4043, 4042, 4045, 4043, 4045, 4674, 4678, 4674, 4679, 4678, 4674, 4681, 4679, 4674, 4673, 4681, 5606, 5615, 5614, 4672, 4668, 5610, 4668, 5606, 5610, 5614, 9041, 5602, 2729, 2754, 2762, 2754, 2771, 2762, 3460, 3483, 3449, 3347, 3459, 3348, 3458, 3459, 3347, 3341, 3458, 3347, 3457, 3458, 3341, 3346, 3338, 3316, 3319, 3334, 3314, 3314, 3333, 3315, 3333, 3346, 3315, 8882, 8898, 8912, 8935, 7538, 7542, 8337, 8310, 8338, 8310, 8309, 8338, 10300, 10301, 10299, 10304, 10303, 10245, 6235, 6219, 6204, 6235, 7063, 6219, 3772, 3782, 3771, 3782, 3770, 3771, 3770, 3783, 3767, 6204, 6202, 6205, 10198, 10196, 10197, 10210, 10196, 10198, 6202, 4012, 6205, 924, 769, 670, 3776, 3777, 3769, 6997, 6961, 6960, 4848, 10194, 10196, 3769, 3777, 3765, 6997, 6960, 6963, 10194, 4844, 10193, 4848, 4844, 10194, 6963, 6960, 6946, 4844, 10191, 10193, 4012, 3796, 3797, 10191, 6945, 10192, 3780, 3791, 3793, 6946, 6942, 6948, 3793, 3796, 3794, 6948, 6942, 6938, 6950, 6938, 6939, 6945, 10190, 10202, 6945, 10202, 6941, 5710, 6939, 6944, 10202, 10190, 10203, 5710, 6944, 5705, 6944, 10202, 10203, 5705, 6944, 5724, 6944, 10203, 5724, 716, 717, 715, 715, 738, 699, 3597, 3599, 3598, 2628, 2672, 2614, 2628, 2614, 2615, 3599, 3987, 3696, 2600, 2618, 2612, 2618, 2617, 2612, 2617, 2615, 2612, 2615, 2614, 2612, 2672, 2795, 2751, 2600, 2612, 2597, 2600, 2597, 2599, 4011, 4013, 4044, 3620, 3654, 3640, 3640, 3654, 3699, 4013, 4040, 4044, 3662, 3653, 3697, 3656, 3640, 3700, 2671, 2736, 2735, 2736, 2734, 2735, 4678, 4679, 4680, 4680, 4681, 4673, 4673, 4672, 5619, 4672, 5610, 5608, 5602, 9023, 9012, 9041, 9023, 5602, 2762, 2771, 2770, 8976, 8993, 8983, 3459, 3449, 3348, 3456, 3457, 3341, 3342, 3456, 3341, 2774, 2775, 2867, 2775, 2883, 2867, 3351, 3342, 3337, 8993, 8996, 8994, 3340, 3351, 3336, 8994, 8996, 8987, 3338, 3339, 3305, 8996, 9018, 8987, 3345, 3319, 3344, 3315, 3346, 3316, 3314, 3315, 3313, 9018, 9112, 9017, 9128, 8882, 8912, 8912, 8898, 8910, 8898, 8902, 8910, 10339, 8370, 8392, 8342, 8313, 8340, 10299, 10304, 10245, 10245, 10303, 10302, 6235, 7036, 7063, 6235, 6204, 6205, 3784, 3783, 3782, 3767, 3786, 3776, 6998, 6961, 6997, 10197, 10196, 10195, 3777, 3781, 3765, 10196, 10194, 10195, 10195, 10194, 10193, 4012, 3797, 3829, 10192, 10193, 10191, 3793, 3797, 3796, 770, 688, 671, 6942, 6943, 6941, 6943, 6945, 6941, 6942, 6941, 6938, 6938, 6941, 6940, 688, 689, 666, 6940, 6941, 10202, 6940, 10202, 6944, 689, 686, 666, 716, 715, 697, 715, 699, 697, 3598, 3696, 3657, 3696, 3987, 3995, 2614, 2672, 2613, 2672, 2751, 2613, 3613, 3598, 3657, 738, 800, 740, 3613, 3657, 3655, 3995, 4011, 4022, 2597, 2612, 2596, 2612, 2614, 2596, 2614, 2613, 2596, 800, 852, 740, 2751, 2736, 2613, 3620, 3613, 3654, 2598, 2597, 2594, 2597, 2596, 2594, 2613, 2736, 2671, 800, 947, 852, 2594, 2596, 2592, 2590, 2592, 2591, 2594, 2592, 2590, 947, 948, 852, 947, 3663, 948, 948, 3663, 3698, 3663, 3662, 3698, 3697, 3653, 3656, 2671, 2735, 2669, 4040, 4041, 4033, 4041, 4043, 4046, 4043, 4045, 4046, 2733, 2726, 2737, 4046, 4045, 4678, 4678, 4680, 4682, 2726, 2724, 2737, 4680, 4673, 4682, 4673, 5619, 4682, 4672, 5608, 5619, 5610, 5606, 5592, 9012, 8979, 8975, 9023, 8979, 9012, 8979, 8976, 8975, 500, 507, 3539, 3483, 3539, 3469, 8993, 8978, 8983, 8978, 8994, 8988, 8993, 8994, 8978, 3336, 3351, 3337, 2890, 2883, 2906, 3306, 3339, 3340, 8994, 8987, 8988, 3345, 3344, 2906, 3338, 3305, 3316, 3339, 3306, 3305, 3344, 3319, 3318, 8902, 8929, 8922, 8929, 8935, 8933, 8935, 7542, 7139, 7139, 7542, 7523, 8294, 8296, 8307, 8370, 8324, 8329, 10305, 10300, 10311, 8336, 8367, 8368, 6321, 7036, 6235, 3785, 3784, 3782, 939, 924, 669, 939, 3772, 924, 939, 3785, 3772, 3785, 3782, 3772, 3783, 3786, 3767, 924, 670, 669, 6205, 6206, 6208, 10211, 10210, 10198, 6998, 6966, 6961, 10198, 10197, 10235, 10197, 10200, 10201, 10197, 10195, 10200, 10195, 10193, 10200, 769, 770, 671, 4012, 3829, 6207, 3829, 3797, 3793, 6954, 10192, 6947, 688, 666, 671, 3696, 3995, 3816, 738, 740, 699, 3995, 4022, 3816, 3654, 3613, 3655, 4022, 4044, 4023, 2596, 2613, 2610, 2596, 2610, 2592, 2610, 2613, 2629, 2613, 2671, 2629, 4044, 4033, 4023, 2592, 2610, 2595, 852, 948, 839, 4044, 4040, 4033, 2592, 2595, 2591, 2595, 2610, 2611, 2610, 2629, 2611, 2611, 2671, 2669, 2629, 2671, 2611, 3698, 3662, 3697, 3656, 3700, 3697, 2593, 2595, 2602, 2591, 2595, 2593, 2669, 2735, 2740, 2593, 2602, 2603, 4033, 4041, 4046, 2735, 2733, 2740, 4046, 4678, 4682, 5614, 5602, 5595, 5606, 5595, 5592, 5608, 5610, 5592, 5602, 9012, 5605, 2724, 2726, 2725, 2725, 2729, 2721, 8976, 8983, 8974, 2762, 2770, 2769, 3449, 3483, 3469, 2770, 2774, 2769, 2867, 2883, 2890, 2890, 2906, 2915, 3306, 3340, 3317, 3340, 3336, 3317, 9018, 9017, 8987, 9112, 8883, 9116, 8883, 9128, 9116, 9116, 9128, 8914, 9128, 8912, 8914, 8912, 8913, 8914, 8912, 8910, 8913, 8910, 8902, 8922, 8929, 8933, 8922, 8315, 8324, 8308, 8291, 8292, 8311, 10296, 10339, 10311, 10303, 10333, 10302, 6285, 6322, 6321, 6321, 6322, 7035, 6285, 6321, 6220, 7036, 7035, 7034, 6220, 6235, 6205, 3784, 3787, 3783, 7043, 7034, 7019, 3787, 3786, 3783, 3786, 3788, 3776, 10233, 10210, 10212, 7018, 7005, 6998, 3776, 3788, 3777, 3788, 3781, 3777, 10211, 10198, 10235, 670, 769, 671, 6206, 4012, 6207, 10201, 10200, 10354, 6959, 10199, 10192, 10199, 10200, 10192, 6958, 6959, 6954, 6959, 10192, 6954, 687, 686, 684, 686, 693, 684, 699, 740, 700, 3657, 3696, 3814, 3696, 3816, 3814, 4022, 4023, 3816, 3654, 3655, 3666, 852, 839, 740, 3699, 3654, 3666, 2611, 2669, 2627, 3700, 3640, 3706, 3640, 3699, 3706, 2602, 2595, 2604, 2595, 2607, 2604, 2595, 2611, 2607, 2607, 2611, 2616, 2611, 2627, 2616, 2627, 2669, 2670, 2669, 2740, 2670, 3698, 3697, 3703, 2602, 2604, 2603, 2605, 2604, 2606, 2603, 2604, 2605, 2604, 2607, 2606, 2605, 2606, 6446, 4682, 5619, 5620, 5595, 5602, 5601, 5601, 5602, 5605, 5619, 5608, 5607, 5592, 5595, 5588, 9012, 8975, 8982, 8974, 8978, 8977, 8983, 8978, 8974, 2774, 2867, 2769, 3347, 3348, 3322, 8978, 8988, 8977, 8977, 8988, 8984, 8988, 8987, 8984, 2890, 2915, 2891, 3317, 3336, 3325, 3316, 3305, 3304, 9017, 9112, 9016, 9112, 9116, 9016, 8910, 8922, 8913, 8933, 8935, 7137, 8935, 7139, 7137, 8309, 8293, 8312, 10311, 10325, 10296, 10300, 10299, 10246, 8367, 547, 8368, 6285, 6220, 6283, 7035, 7033, 7034, 7033, 7017, 7034, 939, 669, 918, 3784, 3798, 3787, 7034, 7017, 7019, 7017, 7018, 7019, 10216, 10212, 10211, 669, 670, 667, 6208, 6206, 3875, 10211, 10231, 10216, 10211, 10235, 10231, 10235, 10201, 10354, 670, 671, 667, 6206, 6207, 3875, 3875, 6207, 3874, 6959, 10354, 10199, 3829, 3873, 3874, 3791, 3873, 3829, 3874, 6207, 3829, 671, 666, 665, 3814, 3816, 3815, 3816, 3821, 3815, 3816, 4023, 3821, 3655, 3657, 3702, 3699, 3666, 3701, 839, 948, 954, 948, 3698, 3708, 3708, 3698, 3704, 3698, 3703, 3704, 3703, 3697, 3700, 2607, 2616, 2609, 2616, 2627, 2609, 2670, 2740, 2696, 4033, 4046, 4048, 2606, 2607, 2608, 2607, 2609, 2608, 2696, 2740, 2733, 2606, 2608, 2704, 4046, 4682, 4683, 5601, 5605, 5603, 5588, 5595, 5593, 5595, 5601, 5593, 5607, 5608, 5592, 5605, 9012, 5604, 2725, 2721, 2724, 8975, 8976, 8974, 2729, 2762, 2750, 3539, 505, 3469, 3539, 507, 505, 3348, 3449, 3322, 2867, 2890, 2891, 3336, 3337, 3325, 8984, 8987, 8985, 2906, 3344, 2915, 3318, 3319, 3310, 3319, 3314, 3309, 9116, 8914, 8917, 8293, 8303, 8312, 10246, 10325, 10300, 6243, 6285, 6283, 6322, 6285, 6243, 7035, 7037, 7033, 6283, 6220, 6221, 7037, 7032, 7033, 10302, 10333, 10355, 7033, 7032, 7017, 918, 976, 939, 976, 3785, 939, 3799, 3798, 3785, 3798, 3803, 3787, 3803, 3801, 3787, 10333, 10233, 10353, 918, 669, 668, 3787, 3801, 3786, 7017, 7013, 7018, 3802, 3800, 3788, 3788, 3800, 3781, 3781, 3800, 3877, 6208, 3875, 6209, 10216, 10231, 7079, 6965, 10231, 10354, 10231, 10235, 10354, 6962, 6965, 6959, 6965, 10354, 6959, 3873, 3875, 3874, 700, 740, 739, 3821, 4023, 3823, 3666, 3655, 3701, 3655, 3702, 3701, 901, 839, 954, 3699, 3707, 3706, 948, 3708, 954, 3703, 3700, 3706, 2627, 2662, 2609, 2627, 2670, 2662, 2670, 2696, 2662, 2608, 2609, 2667, 2609, 2666, 2667, 2696, 2733, 2697, 2733, 2737, 2738, 2737, 2724, 2738, 5601, 5603, 5593, 5603, 5605, 5604, 5604, 9012, 8982, 2724, 2721, 2723, 8982, 8975, 8961, 2721, 2729, 2720, 8975, 8974, 8961, 507, 457, 505, 2720, 2729, 2750, 8961, 8974, 8962, 3449, 3469, 3364, 8974, 8977, 8962, 2769, 2867, 2767, 3322, 3449, 3332, 3320, 3341, 3321, 3341, 3347, 3321, 3347, 3322, 3321, 3337, 3324, 3325, 3337, 3342, 3324, 8987, 9016, 8986, 9017, 9016, 8987, 3313, 3315, 3308, 3315, 3316, 3308, 3308, 3316, 3304, 8913, 8922, 8921, 7137, 7138, 7135, 8294, 8270, 8289, 8336, 8357, 8367, 10325, 10246, 10247, 10245, 10302, 10243, 6243, 6320, 6322, 6320, 7039, 6322, 6243, 6283, 6223, 7039, 7037, 7035, 1809, 3798, 3799, 10355, 10333, 10353, 7032, 7016, 7017, 3801, 3802, 3788, 7017, 7016, 7013, 7016, 7012, 7013, 7013, 7012, 7009, 10353, 10233, 10352, 7013, 7009, 7007, 10212, 10216, 10217, 10217, 10216, 7079, 7005, 7006, 6967, 3875, 3876, 6209, 6967, 7079, 6965, 667, 671, 665, 3657, 3815, 3702, 740, 839, 739, 3823, 4023, 4024, 3699, 3701, 3709, 3709, 3701, 3810, 4024, 4023, 4033, 3707, 3699, 3709, 4033, 4048, 4024, 2609, 2662, 2666, 4048, 4046, 4683, 2680, 2667, 2684, 2697, 2733, 2738, 4682, 4686, 4683, 291, 241, 248, 4686, 4682, 5620, 5620, 5619, 5609, 5619, 5607, 5609, 5592, 5588, 5581, 2723, 2721, 2717, 362, 356, 248, 2721, 2720, 2717, 3364, 3469, 505, 8962, 8977, 8965, 2762, 2769, 2750, 3332, 3449, 3364, 2769, 2767, 2750, 8977, 8984, 8965, 3341, 3320, 3324, 3306, 3317, 3287, 8985, 8987, 8986, 3305, 3306, 3282, 3282, 3306, 3284, 3304, 3305, 3282, 3319, 3309, 3310, 3309, 3314, 3307, 3313, 3307, 3314, 3313, 3308, 3307, 9016, 9014, 8986, 9016, 9116, 9014, 9014, 9116, 9013, 8917, 8914, 8915, 8915, 8914, 8913, 8286, 8308, 8317, 8289, 8271, 8290, 8272, 8292, 8291, 10295, 8396, 10296, 8303, 8302, 8313, 547, 548, 453, 7039, 7041, 7037, 6223, 6283, 6221, 6223, 6221, 6222, 7037, 7020, 7032, 10302, 10355, 10242, 976, 1809, 3799, 7020, 7016, 7032, 3801, 1810, 3802, 7016, 7011, 7012, 7012, 7011, 7009, 6208, 6210, 6215, 3800, 3885, 3877, 6208, 6209, 6210, 7009, 7008, 7007, 7007, 7008, 7006, 10217, 7079, 7006, 3879, 6209, 3876, 7006, 7079, 6967, 718, 716, 682, 699, 698, 697, 699, 700, 698, 3822, 3821, 3823, 3823, 4025, 3824, 3823, 4024, 4025, 739, 839, 736, 3701, 3702, 3810, 3810, 3702, 3813, 839, 840, 736, 839, 901, 840, 3707, 3709, 3806, 901, 954, 951, 954, 3708, 951, 3703, 3706, 3804, 3804, 3706, 3805, 3706, 3707, 3805, 2666, 2662, 2685, 2662, 2696, 2697, 2667, 2666, 2684, 2666, 2685, 2684, 2697, 2738, 2748, 2738, 2724, 2723, 4683, 4686, 4685, 5603, 5604, 5596, 4686, 5620, 5609, 5607, 5594, 5609, 5607, 5592, 5594, 5594, 5592, 5581, 2891, 2915, 2900, 3287, 3317, 3288, 3317, 3325, 3288, 3306, 3287, 3284, 2915, 3344, 3326, 3344, 3318, 3326, 8986, 9014, 9013, 8919, 9116, 8917, 9013, 9116, 8919, 8933, 7137, 7136, 8271, 8272, 8290, 8279, 8303, 8293, 10249, 10296, 10325, 10325, 10247, 10249, 10247, 10246, 10244, 10246, 10245, 10244, 10245, 10243, 10244, 6320, 7048, 7044, 6242, 6243, 6223, 6320, 6243, 6242, 6320, 7044, 7039, 7044, 7041, 7039, 7041, 7020, 7037, 7020, 7014, 7016, 919, 976, 918, 6215, 6222, 6221, 7016, 7014, 7011, 7011, 7010, 7009, 668, 669, 667, 7009, 7010, 7008, 10353, 10232, 10355, 7008, 10217, 7006, 6210, 6209, 3879, 6210, 3879, 3886, 3877, 3879, 3876, 700, 739, 736, 3822, 3823, 3824, 840, 901, 951, 3707, 3806, 3805, 3704, 3703, 3804, 2685, 2662, 2686, 4048, 4683, 4049, 2684, 2685, 2686, 4684, 4683, 4685, 5603, 5596, 5593, 5604, 5617, 5596, 5604, 8982, 5617, 5581, 5588, 5572, 5588, 5593, 5572, 4686, 5609, 4688, 8982, 8961, 5618, 2717, 2720, 2718, 505, 475, 3364, 2867, 2779, 2767, 3321, 3322, 3299, 2867, 2891, 2779, 3326, 3318, 3311, 3304, 3282, 3281, 9013, 8919, 9026, 8918, 8917, 8915, 8921, 8922, 8933, 8272, 8274, 8292, 8292, 8276, 8293, 10244, 10243, 10241, 7048, 7053, 7044, 6242, 6223, 6240, 6240, 6223, 6224, 10243, 10302, 10242, 3803, 1806, 3801, 919, 918, 662, 7011, 7014, 7010, 918, 668, 662, 7010, 6715, 7008, 7008, 6715, 10218, 3877, 3886, 3879, 666, 664, 665, 666, 686, 664, 686, 687, 664, 682, 716, 697, 4025, 4024, 4026, 3810, 3812, 3811, 3810, 3813, 3812, 840, 742, 736, 3709, 3810, 3809, 3810, 3811, 3809, 4026, 4024, 4030, 3806, 3709, 3807, 3807, 3709, 3809, 4024, 4048, 4030, 4048, 4049, 4030, 951, 3708, 3808, 951, 3808, 965, 3708, 3704, 3808, 3808, 3704, 3804, 2686, 2662, 2687, 2662, 2697, 2687, 2684, 2686, 2692, 2691, 2686, 2690, 2692, 2686, 2691, 2697, 2748, 2687, 4049, 4683, 4684, 2748, 2738, 2714, 2738, 2723, 2712, 5593, 5596, 5589, 5589, 5596, 5617, 4686, 4688, 4687, 8982, 5618, 5617, 5609, 5594, 4688, 2717, 2718, 2716, 8961, 8962, 8960, 2718, 2720, 2722, 2720, 2750, 2722, 2722, 2750, 2755, 2750, 2767, 2755, 3332, 3364, 3363, 8965, 8984, 8971, 3322, 3332, 3331, 8984, 8985, 8971, 3320, 3321, 3298, 3321, 3299, 3298, 8985, 8986, 8972, 3288, 3325, 3289, 3325, 3324, 3289, 3289, 3324, 3290, 2900, 2915, 3402, 2915, 3326, 3350, 8986, 9013, 8992, 3308, 3304, 3291, 3291, 3304, 3281, 3309, 3292, 3310, 3309, 3307, 3292, 3292, 3307, 3293, 3307, 3308, 3293, 3308, 3291, 3293, 8919, 8917, 8918, 8915, 8913, 8916, 8913, 8921, 8916, 8934, 8933, 7136, 8279, 8278, 8302, 8304, 8285, 8322, 10249, 10247, 10248, 10247, 10244, 10248, 10241, 10243, 10242, 6224, 6223, 6222, 7042, 7029, 7020, 7020, 7029, 7014, 7029, 7015, 7014, 1806, 1807, 3801, 3801, 1807, 1810, 6222, 6215, 6218, 7014, 7015, 6713, 3878, 1814, 3885, 1811, 1814, 3878, 6215, 6210, 6218, 6705, 10219, 6715, 6210, 3886, 3887, 3824, 4025, 3825, 3824, 3825, 3813, 3825, 4026, 3826, 4025, 4026, 3825, 3811, 3812, 3834, 840, 951, 868, 951, 965, 868, 3808, 3804, 3819, 3804, 3805, 3819, 2687, 2748, 2714, 2738, 2712, 2714, 5593, 5589, 5572, 4685, 4686, 4687, 2723, 2717, 2712, 4687, 4688, 4689, 5594, 5581, 4688, 2712, 2717, 2716, 5618, 8961, 8959, 8961, 8960, 8959, 8960, 8962, 8951, 8962, 8965, 8951, 8951, 8965, 8954, 8965, 8971, 8954, 3322, 3331, 3299, 8985, 8972, 8971, 3290, 3320, 3298, 2779, 2891, 2900, 3324, 3320, 3290, 8986, 8992, 8972, 3402, 2915, 3350, 3282, 3284, 3283, 8992, 9013, 9020, 3318, 3295, 3311, 3318, 3310, 3295, 3310, 3292, 3295, 9026, 8919, 8920, 8920, 8919, 8918, 8915, 8916, 8918, 8933, 8934, 8921, 8270, 8258, 8271, 8271, 8259, 8272, 8259, 8264, 8272, 10295, 10249, 10251, 6242, 6315, 7048, 6315, 7054, 7048, 6241, 6242, 6240, 7053, 7054, 7044, 7054, 7056, 7041, 7056, 7042, 7041, 6225, 6224, 6222, 6225, 6222, 6218, 919, 662, 923, 7015, 6711, 6713, 10242, 10355, 10230, 6218, 6210, 6212, 6210, 3887, 6211, 10221, 10355, 10220, 697, 696, 681, 697, 698, 696, 700, 736, 701, 3825, 3826, 3812, 3812, 3826, 3835, 3826, 4026, 3835, 742, 840, 844, 3809, 3811, 3828, 840, 868, 844, 3807, 3809, 3830, 965, 3808, 3819, 3819, 3805, 3818, 3805, 3817, 3818, 3805, 3806, 3817, 2690, 2686, 2688, 2688, 2687, 2689, 2686, 2687, 2688, 2689, 2687, 2714, 2689, 2714, 2709, 2714, 2712, 2709, 4684, 4685, 4690, 5617, 5618, 5589, 4687, 4689, 4685, 5581, 5572, 5580, 2712, 2716, 2711, 4689, 4688, 5591, 4688, 5584, 5591, 4688, 5581, 5584, 2716, 2718, 2719, 3364, 475, 3363, 3332, 3363, 3331, 2767, 2779, 2755, 3283, 3284, 3285, 3284, 3287, 3285, 9013, 9026, 9020, 3292, 3293, 3273, 7136, 7504, 7519, 8934, 7136, 7519, 8275, 8255, 8281, 8260, 8270, 8273, 8316, 8275, 8286, 8264, 8265, 8274, 10251, 10249, 10250, 10244, 10241, 10337, 6315, 6241, 6239, 6240, 6224, 6225, 7049, 7047, 7029, 1798, 1807, 1806, 7015, 6712, 6711, 10230, 10355, 10223, 668, 667, 660, 697, 681, 682, 698, 700, 701, 736, 742, 701, 3811, 3834, 3828, 3806, 3807, 3820, 3807, 3830, 3820, 868, 965, 851, 2690, 2688, 2691, 2691, 2688, 2699, 2688, 2689, 2699, 5589, 5618, 5587, 4685, 4689, 4691, 5584, 5581, 5580, 2711, 2716, 2715, 2718, 2722, 2719, 475, 485, 3356, 475, 3356, 3363, 2755, 2779, 2763, 2779, 2900, 2904, 2900, 3402, 2904, 3288, 3289, 3286, 8992, 9020, 9028, 3402, 3350, 3349, 9020, 9026, 8963, 3293, 3291, 3271, 3292, 3274, 3295, 3292, 3273, 3274, 8924, 8920, 8918, 8918, 8916, 8923, 8934, 7526, 8931, 8934, 7519, 7526, 8255, 8269, 8281, 10250, 10249, 10248, 10250, 10248, 10297, 10248, 10298, 10297, 10298, 10248, 10244, 6239, 6241, 6240, 7055, 7056, 7054, 7055, 7059, 7056, 7056, 7052, 7042, 1797, 1798, 1806, 923, 662, 874, 668, 660, 662, 6212, 6211, 6213, 1814, 3888, 3887, 3888, 6211, 3887, 6698, 10221, 6704, 684, 718, 682, 701, 742, 741, 3834, 3835, 3836, 3835, 4026, 3836, 3828, 3834, 3833, 4026, 4027, 3836, 4026, 4030, 4027, 868, 851, 844, 3830, 3809, 3831, 4031, 4030, 4049, 4030, 4031, 4027, 965, 964, 851, 965, 3819, 964, 2691, 2699, 2700, 2700, 2699, 2708, 2699, 2689, 2702, 2689, 2709, 2702, 4049, 4684, 4031, 2709, 2710, 2702, 4684, 4690, 4031, 5589, 5587, 5586, 2709, 2712, 2711, 4690, 4685, 4691, 5580, 5572, 5569, 5618, 8959, 5587, 5591, 5584, 5590, 2715, 2716, 2719, 2722, 2755, 2756, 8954, 8971, 8952, 8971, 8972, 8952, 3331, 3363, 3356, 2763, 2779, 2905, 2905, 2779, 2904, 8972, 8992, 8955, 8992, 9028, 8955, 9028, 9020, 8963, 3350, 3326, 3349, 3282, 3283, 3280, 3311, 3297, 3326, 3281, 3280, 3272, 3281, 3282, 3280, 3293, 3271, 3273, 3291, 3272, 3271, 3291, 3281, 3272, 9026, 8920, 9027, 8924, 8923, 8926, 8924, 8918, 8923, 8923, 8916, 8925, 8921, 8934, 8931, 7526, 7519, 7518, 10252, 8371, 10251, 6245, 6239, 6244, 6239, 7058, 7055, 6239, 6240, 6244, 7059, 7064, 7056, 6244, 6240, 6227, 7064, 7052, 7056, 6240, 6225, 6227, 7057, 7051, 7052, 999, 925, 1000, 1795, 1790, 1797, 10241, 10242, 10230, 10230, 10223, 10224, 6694, 10222, 6698, 660, 667, 665, 687, 684, 685, 684, 682, 685, 681, 696, 683, 742, 844, 741, 3836, 4027, 3837, 3809, 3828, 3831, 2708, 2699, 3100, 2699, 2702, 3100, 964, 3819, 3839, 3819, 3818, 3839, 3818, 3817, 3840, 5589, 5586, 5572, 5571, 5572, 5586, 4691, 4689, 4694, 4689, 5591, 4694, 5591, 5590, 4694, 2719, 2722, 2760, 2760, 2722, 2756, 485, 475, 424, 8954, 8950, 8951, 8954, 8952, 8950, 8952, 8972, 8955, 3287, 3288, 3286, 3311, 3295, 3297, 9026, 9027, 8963, 3295, 3277, 3297, 3277, 3295, 3274, 8916, 8921, 8925, 8248, 8252, 8277, 8253, 8251, 8278, 925, 923, 874, 6212, 6213, 6214, 1815, 6213, 3888, 6695, 10222, 6694, 10222, 10224, 10223, 687, 685, 560, 698, 701, 696, 3833, 3836, 3837, 3828, 3833, 3831, 844, 851, 741, 3820, 3830, 3841, 2708, 3100, 2970, 3100, 2914, 2970, 3100, 2702, 2914, 3817, 3820, 3840, 2702, 2710, 2713, 2702, 2713, 2914, 4690, 4691, 4692, 5572, 5571, 5569, 4691, 4694, 4692, 5584, 5580, 5579, 2715, 2719, 10417, 8960, 8951, 8959, 10417, 2719, 2760, 3298, 3299, 3270, 3290, 3269, 3268, 3290, 3298, 3269, 2904, 3402, 2916, 8955, 9028, 8963, 8920, 8924, 9027, 3212, 3274, 3273, 8924, 8926, 9027, 8926, 8923, 8927, 8921, 8931, 8925, 8931, 7526, 8936, 8316, 8371, 8364, 6245, 6319, 7058, 6245, 6244, 6246, 7060, 7067, 7059, 7067, 7064, 7059, 7049, 7073, 7074, 6226, 6216, 6227, 10241, 10230, 10228, 1797, 1794, 1798, 6226, 6218, 6216, 874, 662, 661, 6218, 6212, 6216, 10224, 10225, 10230, 664, 687, 560, 701, 741, 703, 3833, 3837, 3844, 3830, 3831, 3832, 4027, 4031, 4028, 851, 964, 963, 964, 3850, 963, 964, 3839, 3850, 3840, 3820, 3841, 3841, 3830, 3842, 2708, 2970, 3124, 3818, 3840, 3846, 4031, 4690, 4034, 5571, 5586, 5583, 5586, 5587, 5583, 5579, 5580, 5569, 5590, 5584, 5579, 4694, 5590, 5585, 8959, 8951, 8958, 8951, 8949, 8958, 2757, 2755, 2763, 2755, 2757, 2756, 3335, 3356, 3479, 2763, 2905, 2773, 3331, 3356, 3335, 3299, 3331, 3275, 3331, 3312, 3275, 3289, 3290, 3268, 8955, 8963, 8953, 3286, 3289, 3211, 3285, 3286, 3185, 3349, 3326, 3329, 3280, 3283, 3184, 8963, 9027, 8990, 3272, 3280, 3183, 3277, 3274, 3212, 3273, 3271, 3212, 8923, 8925, 8927, 8925, 8931, 8930, 8930, 8931, 7514, 8931, 8936, 7514, 8936, 7526, 7510, 10244, 10337, 10298, 6246, 6244, 6304, 6304, 6244, 6227, 7069, 7057, 7052, 7074, 6691, 6690, 7073, 6691, 7074, 1790, 1789, 1794, 1805, 1814, 1800, 6216, 6212, 6214, 10230, 10225, 10226, 1814, 1805, 1815, 661, 662, 660, 10225, 6708, 6707, 681, 683, 682, 696, 701, 702, 701, 703, 702, 3837, 4027, 3844, 3844, 4027, 4028, 741, 851, 754, 3832, 3833, 3838, 3831, 3833, 3832, 3843, 3830, 3832, 885, 851, 963, 851, 885, 754, 2970, 2914, 2713, 2970, 3123, 3124, 2970, 2713, 3123, 3839, 3818, 3846, 3839, 3846, 3851, 3840, 3841, 3846, 4690, 4693, 4034, 5571, 5583, 5582, 5583, 5587, 5611, 4690, 4692, 4693, 5587, 8959, 5611, 8949, 8951, 8950, 2760, 2756, 2759, 8952, 8955, 8953, 3269, 3298, 3270, 3270, 3299, 3275, 2904, 2908, 2905, 2904, 2916, 2908, 8953, 8963, 8956, 3211, 3289, 3268, 3402, 3349, 2916, 3185, 3286, 3211, 3283, 3285, 3184, 3183, 3280, 3184, 3180, 3271, 3181, 3271, 3272, 3181, 3181, 3272, 3183, 9027, 8926, 9114, 8926, 8927, 9121, 8925, 8930, 8928, 8371, 10252, 8364, 10250, 10297, 10254, 10297, 10298, 10254, 6295, 6245, 6247, 6319, 6245, 6295, 6247, 6245, 6246, 7065, 7060, 7058, 1785, 1790, 1795, 925, 874, 912, 6217, 6216, 6214, 6217, 6214, 1813, 1805, 1813, 1815, 665, 664, 660, 3833, 3844, 3838, 4028, 4031, 4034, 3124, 3125, 3126, 3124, 3123, 3125, 3850, 3839, 3851, 3846, 3841, 3849, 3841, 3842, 3849, 5583, 5611, 5582, 5611, 8959, 8958, 4692, 4694, 4698, 4694, 5585, 4698, 5585, 5590, 5579, 2756, 2757, 2758, 2757, 2763, 2773, 2905, 2908, 2773, 8956, 8963, 8990, 2916, 3349, 3329, 3184, 3285, 3185, 8990, 9027, 9008, 3329, 3326, 3297, 9008, 9027, 9114, 3212, 3271, 3180, 8927, 8928, 9121, 8927, 8925, 8928, 8936, 7510, 7514, 8393, 8364, 10252, 6296, 6295, 6247, 6246, 6304, 6228, 1788, 1784, 912, 1799, 1794, 1792, 10228, 10230, 10226, 912, 874, 661, 6701, 10226, 10225, 703, 754, 737, 703, 741, 754, 3832, 3838, 3847, 3832, 3845, 3843, 885, 963, 980, 3124, 3126, 3130, 3126, 3125, 3127, 963, 3850, 980, 5571, 5582, 5573, 5569, 5571, 5568, 5568, 5571, 5573, 4698, 5585, 5567, 2756, 2758, 2759, 8950, 8952, 8939, 8952, 8953, 8939, 8939, 8953, 8941, 3312, 3335, 3327, 8953, 8956, 8941, 3211, 3268, 3210, 3185, 3211, 3186, 8926, 9121, 9114, 8206, 8246, 8245, 6295, 7076, 7065, 10298, 10337, 10262, 7066, 7070, 7064, 10337, 10228, 10262, 6228, 6216, 6229, 6703, 6880, 6701, 6880, 10226, 6701, 661, 660, 659, 660, 664, 663, 664, 559, 663, 682, 553, 685, 3832, 3847, 3845, 3849, 3842, 3852, 3842, 3843, 3852, 3126, 3127, 3129, 3130, 3126, 3133, 5573, 5582, 5597, 4693, 4692, 4695, 5566, 5585, 5561, 5585, 5579, 5561, 8949, 8950, 8943, 3335, 3479, 3327, 2773, 2908, 10388, 3269, 3270, 3174, 3174, 3270, 3275, 2908, 2916, 10388, 3210, 3268, 3173, 3268, 3269, 3173, 3186, 3211, 3210, 3329, 3443, 2916, 3183, 3184, 3154, 3181, 3183, 3152, 3152, 3183, 3151, 3297, 3277, 3209, 3277, 3182, 3209, 3277, 3212, 3182, 3182, 3212, 3179, 3212, 3180, 3179, 3179, 3180, 3178, 3178, 3180, 3175, 9121, 8928, 9120, 8930, 8937, 8928, 8210, 8208, 8245, 8212, 8215, 8242, 8223, 8221, 8248, 8248, 8222, 8249, 10254, 10298, 10256, 6314, 6296, 6247, 7069, 7072, 7071, 6229, 6216, 6230, 912, 673, 911, 10226, 10227, 10228, 912, 661, 673, 1792, 1791, 1800, 6216, 6217, 1812, 6709, 6880, 6703, 1805, 1812, 1813, 685, 553, 560, 3838, 3844, 3853, 3844, 4028, 3853, 754, 885, 799, 3129, 3127, 3131, 3127, 7563, 3131, 885, 980, 891, 980, 3850, 1003, 3850, 3851, 1003, 4034, 4693, 4036, 5582, 5611, 5597, 4693, 4695, 4036, 4692, 4698, 4696, 5569, 5568, 5559, 5561, 5579, 5569, 4696, 4698, 4699, 4698, 5567, 4699, 5567, 5585, 5566, 8949, 8943, 8948, 8950, 8939, 8943, 2757, 10475, 2758, 2757, 2773, 10475, 10475, 2773, 10389, 10389, 2773, 10388, 8941, 8956, 8947, 3269, 3174, 3173, 8990, 9008, 8991, 3443, 3329, 3323, 3184, 3185, 3154, 9008, 9114, 9118, 3329, 3297, 3323, 3183, 3154, 3151, 3297, 3209, 3276, 3175, 3180, 3152, 3180, 3181, 3152, 9118, 9121, 9117, 9114, 9121, 9118, 9121, 9120, 9117, 9120, 8928, 8938, 8928, 8937, 8938, 8930, 7514, 8937, 7514, 7516, 8937, 10254, 10255, 10253, 10256, 10298, 10262, 6246, 6228, 6232, 6228, 6229, 6232, 10227, 6717, 10229, 6216, 1812, 1803, 6710, 6880, 6709, 6710, 10227, 6880, 673, 661, 659, 703, 737, 704, 3838, 3853, 3847, 754, 799, 737, 3853, 4028, 4029, 3845, 3847, 3848, 3843, 3845, 3854, 4028, 4034, 4029, 4029, 4034, 4036, 3129, 3131, 3132, 5568, 5573, 5574, 4692, 4696, 4695, 5569, 5559, 5561, 8943, 8939, 8942, 8939, 8941, 8940, 8941, 8947, 8940, 10389, 10388, 10472, 3312, 3327, 3296, 3275, 3312, 3188, 8956, 8990, 8947, 8990, 8991, 8947, 10388, 2916, 3443, 3186, 3210, 3164, 3154, 3185, 3163, 3185, 3186, 3163, 3323, 3297, 3276, 8937, 7516, 7528, 8230, 8267, 8263, 10254, 10256, 10255, 6314, 7080, 7076, 6247, 6246, 6248, 6246, 6232, 6248, 10228, 10229, 10078, 10228, 10227, 10229, 660, 663, 658, 664, 560, 559, 683, 553, 682, 696, 702, 695, 3853, 4029, 3859, 799, 885, 891, 3852, 3843, 3854, 891, 980, 1003, 1003, 3851, 3860, 3860, 3851, 3858, 3851, 3846, 3858, 3846, 3849, 3858, 3858, 3849, 3857, 3849, 3852, 3857, 5573, 5597, 5598, 5597, 5612, 5598, 5597, 5611, 5612, 5574, 5573, 5598, 5611, 8958, 5612, 5568, 5574, 5558, 10418, 2758, 10393, 10393, 2758, 10475, 8942, 8939, 8940, 3479, 483, 482, 3328, 3327, 3479, 3188, 3312, 3296, 3174, 3275, 3188, 3164, 3210, 3171, 3175, 3152, 3149, 3209, 3182, 3177, 9117, 8938, 9119, 9120, 8938, 9117, 8938, 8937, 9119, 8208, 8205, 8206, 10253, 10255, 10294, 6314, 6247, 6294, 1779, 911, 913, 10262, 10228, 10078, 911, 847, 913, 911, 673, 847, 6230, 1803, 1802, 659, 660, 658, 683, 696, 695, 737, 799, 745, 3854, 3845, 3855, 3845, 3848, 3855, 6613, 3131, 7562, 3132, 3131, 6613, 3131, 7563, 7562, 7563, 7561, 7562, 5612, 8958, 5613, 5559, 5568, 5558, 8958, 8949, 5613, 5566, 5561, 5562, 10389, 10387, 10475, 10387, 10389, 10472, 10388, 10378, 10472, 10388, 3443, 3447, 3171, 3210, 3170, 3210, 3173, 3170, 8991, 9008, 9039, 3163, 3186, 3164, 9008, 9118, 9103, 9118, 9117, 9103, 3323, 3276, 3294, 3276, 3209, 3177, 3182, 3179, 3157, 3157, 3179, 3150, 3179, 3178, 3150, 8071, 8937, 7528, 8393, 10294, 8395, 10255, 10256, 10257, 6252, 6247, 6248, 6294, 6247, 6252, 10256, 10262, 10261, 7080, 7089, 7081, 6232, 6229, 6231, 6229, 6230, 6231, 1781, 1775, 1791, 847, 673, 672, 10078, 10229, 6718, 10078, 6718, 6719, 737, 745, 704, 3853, 3859, 3847, 891, 864, 799, 891, 1003, 864, 3852, 3854, 3857, 3860, 3858, 3861, 5598, 5613, 5599, 5598, 5612, 5613, 4696, 4697, 4695, 4696, 5563, 4697, 5562, 5561, 5560, 5561, 5559, 5560, 8949, 8948, 5613, 4696, 4699, 5563, 4699, 5567, 5563, 5567, 5566, 5563, 10418, 10393, 10391, 3478, 3479, 482, 3296, 3327, 3328, 8947, 8991, 8970, 10388, 3447, 10378, 8991, 9039, 8970, 9008, 9103, 9039, 3447, 3443, 3355, 3153, 3154, 3163, 3443, 3323, 3355, 3151, 3154, 3153, 3355, 3323, 3294, 3152, 3151, 3140, 3276, 3207, 3294, 3276, 3177, 3207, 3150, 3178, 3175, 3177, 3182, 3157, 9119, 8937, 6612, 8937, 8071, 6612, 7528, 7531, 8071, 10258, 10294, 10255, 10256, 10261, 10257, 6252, 6248, 6251, 6248, 6232, 6251, 7081, 7083, 7072, 1791, 1783, 1803, 1803, 1783, 1802, 6230, 1796, 6231, 6230, 1802, 1796, 658, 663, 657, 559, 560, 551, 560, 553, 551, 683, 695, 553, 3856, 3848, 3859, 799, 864, 745, 3855, 3848, 3856, 6635, 7562, 6636, 7562, 7561, 6636, 864, 1003, 992, 992, 1003, 3869, 1003, 3860, 3869, 3858, 3857, 3862, 3862, 3857, 3863, 6613, 6635, 6596, 8948, 8943, 8944, 10418, 10391, 10394, 10391, 10393, 10390, 10393, 10475, 10390, 8940, 8947, 8945, 9039, 9103, 9033, 3151, 3153, 3141, 9103, 9117, 9106, 3149, 3152, 3140, 3175, 3149, 3150, 8205, 8207, 8206, 10261, 10262, 10263, 847, 672, 846, 6721, 10078, 6719, 672, 673, 659, 702, 703, 704, 3856, 3859, 3868, 3859, 4029, 3868, 745, 864, 807, 3868, 4029, 4032, 4029, 4036, 4032, 3863, 3854, 3864, 3857, 3854, 3863, 6636, 7561, 7560, 3858, 3862, 3861, 5599, 5613, 5621, 4036, 4695, 4697, 5558, 5574, 5575, 5560, 5559, 5550, 5559, 5558, 5550, 5566, 5562, 5563, 8940, 8945, 8942, 8945, 8947, 8970, 3188, 3296, 3187, 3173, 3174, 3172, 3174, 3188, 3172, 3447, 10377, 10378, 3163, 3164, 3159, 3159, 3164, 3162, 3162, 3164, 3171, 3447, 3355, 3432, 3161, 3163, 3159, 3141, 3153, 3144, 9117, 9119, 9106, 9106, 9119, 9123, 9119, 6612, 9123, 6612, 8071, 6625, 10294, 10258, 10260, 10255, 10257, 10258, 6299, 6294, 6252, 7089, 7086, 7081, 6251, 6232, 6298, 10262, 10079, 10263, 10262, 10078, 10079, 913, 847, 846, 6231, 1796, 1787, 745, 807, 711, 6634, 6636, 7559, 6636, 7560, 7559, 5599, 5621, 5622, 4036, 4697, 4050, 5550, 5558, 5553, 5563, 5562, 5557, 5562, 5560, 5557, 5557, 5560, 5550, 8943, 8942, 8944, 3478, 482, 465, 10475, 10385, 10390, 10475, 10387, 10385, 3296, 3328, 3300, 8970, 9039, 9033, 10472, 10378, 10387, 3187, 3296, 3300, 3172, 3188, 3187, 3170, 3173, 3168, 3168, 3173, 3172, 3162, 3171, 3167, 3171, 3170, 3167, 10377, 3447, 3432, 9103, 9106, 9100, 3153, 3163, 3161, 3140, 3151, 3141, 3150, 3149, 3143, 3149, 3140, 3143, 3177, 3157, 3155, 3155, 3157, 3146, 3146, 3157, 3150, 8223, 8193, 8217, 8218, 8190, 8219, 6299, 6252, 6249, 6252, 6251, 6249, 10257, 10261, 10268, 7082, 6685, 6686, 1762, 913, 914, 672, 659, 656, 657, 663, 559, 551, 553, 552, 704, 745, 711, 3854, 3855, 3866, 3855, 3856, 3866, 6634, 7559, 6632, 807, 864, 882, 864, 992, 882, 3864, 3854, 3867, 992, 3869, 991, 3860, 3861, 3869, 3869, 3861, 3870, 3870, 3861, 3871, 3861, 3862, 3871, 3863, 3865, 3862, 5575, 5622, 5600, 5621, 5613, 5623, 5558, 5575, 5553, 5613, 8948, 8944, 4050, 4697, 4700, 4697, 5563, 4700, 5563, 5556, 5564, 5563, 5557, 5556, 8944, 8942, 8946, 8942, 8945, 8946, 482, 432, 465, 8945, 8969, 8967, 8945, 8970, 8969, 8969, 8970, 9001, 3300, 3328, 3470, 8970, 9033, 9001, 9001, 9033, 9032, 9033, 9103, 9100, 3153, 3161, 3144, 3207, 3176, 3206, 3207, 3177, 3176, 3177, 3155, 3176, 3146, 3150, 3147, 8192, 8193, 8223, 8190, 8191, 8219, 10259, 10258, 10257, 8283, 8443, 8287, 10261, 10263, 10268, 659, 658, 656, 656, 658, 657, 657, 559, 561, 711, 807, 776, 3856, 3872, 3866, 3854, 3866, 3867, 6632, 7559, 6631, 7559, 7560, 7558, 7560, 10410, 7558, 882, 992, 991, 3865, 3863, 3864, 4036, 4050, 4032, 5622, 5621, 5623, 3862, 3865, 3871, 5613, 8944, 5623, 4700, 5563, 5564, 10394, 10391, 10392, 10391, 10390, 10386, 10385, 10387, 10369, 3167, 3170, 3168, 3432, 3355, 3359, 3355, 3267, 3359, 3355, 3294, 3267, 3294, 3206, 3267, 3294, 3207, 3206, 3147, 3150, 3143, 9123, 6605, 9132, 9123, 6606, 6605, 8394, 10260, 8416, 6299, 6249, 6300, 6249, 6251, 6250, 914, 846, 845, 10263, 10079, 10264, 845, 846, 672, 6234, 6231, 1777, 10079, 6724, 10264, 6231, 1787, 1777, 559, 551, 558, 553, 714, 678, 553, 695, 714, 695, 702, 705, 702, 704, 705, 3868, 4032, 3881, 6631, 7559, 7557, 7559, 7558, 7557, 3864, 3867, 3883, 5622, 5623, 5624, 5623, 8944, 8957, 4700, 5564, 4701, 4701, 5564, 5565, 5564, 5556, 5565, 5556, 5557, 5555, 5557, 5547, 5555, 5557, 5550, 5547, 5547, 5550, 5549, 10407, 10394, 10395, 10395, 10394, 10392, 8946, 8945, 8967, 10391, 10386, 10392, 10385, 10369, 10383, 10387, 10378, 10368, 9033, 9100, 9032, 10378, 10377, 10368, 9106, 9123, 9100, 3144, 3161, 3158, 6300, 6249, 6253, 7085, 6685, 7084, 6685, 6683, 6648, 6233, 6311, 6298, 6233, 6231, 6234, 1679, 1777, 1719, 704, 711, 707, 711, 776, 710, 3872, 3868, 3881, 3880, 3866, 3872, 6631, 7557, 6615, 7557, 7558, 7556, 7558, 10410, 7556, 882, 991, 990, 991, 3869, 990, 3865, 3864, 3883, 5624, 5623, 5905, 10410, 10409, 7556, 3870, 3871, 3890, 3871, 3865, 3892, 5553, 5575, 5600, 5550, 5553, 5552, 5549, 5550, 5551, 8957, 8944, 8946, 5565, 5556, 5548, 5556, 5555, 5548, 10407, 10395, 10397, 10390, 10385, 10386, 3187, 3300, 3301, 3161, 3159, 3158, 6605, 6623, 9132, 10259, 10257, 10266, 10257, 10267, 10266, 6300, 6253, 6254, 6253, 6249, 6250, 10257, 10268, 10267, 6683, 6647, 6648, 10263, 10264, 10265, 10264, 6885, 10265, 845, 672, 674, 6234, 1777, 1760, 559, 558, 557, 704, 706, 705, 704, 707, 706, 711, 710, 707, 807, 882, 776, 3867, 3866, 3882, 3866, 3880, 3882, 6615, 7557, 7555, 7557, 7556, 7555, 3883, 3867, 3884, 5624, 5905, 5904, 5905, 5623, 8964, 990, 3869, 1005, 3869, 3889, 1005, 3869, 3870, 3889, 3889, 3870, 3890, 3890, 3871, 3891, 3871, 3892, 3891, 5623, 8957, 8964, 7556, 10409, 10408, 5550, 5552, 5551, 10407, 10397, 10408, 4701, 5565, 5554, 4701, 5554, 4703, 5565, 5548, 5554, 5555, 5546, 5548, 5555, 5547, 5546, 8969, 9001, 8967, 10385, 10383, 10386, 6544, 6576, 6578, 10369, 10387, 10368, 10368, 10377, 10376, 3167, 3168, 3166, 10377, 3432, 10376, 3165, 3162, 3167, 9100, 9123, 9108, 10376, 3432, 3399, 3159, 3162, 3160, 3359, 3267, 3261, 3140, 3141, 3135, 3135, 3141, 3142, 3143, 3140, 3139, 3139, 3140, 3136, 3146, 3147, 3139, 8213, 8237, 8236, 8192, 8189, 8193, 8195, 8093, 8198, 6326, 7115, 7112, 6250, 6298, 6297, 6318, 6234, 1760, 6727, 10265, 6885, 558, 551, 554, 3872, 3881, 3880, 776, 882, 834, 4032, 4035, 3881, 882, 990, 895, 3867, 3882, 3884, 4032, 4050, 4035, 5904, 5905, 5903, 6615, 7555, 6598, 7555, 7556, 7554, 3865, 3883, 3892, 5905, 8964, 5903, 7554, 7556, 10408, 7554, 10408, 7547, 7547, 10408, 10397, 5546, 5547, 5545, 5547, 5549, 5545, 5545, 5549, 5551, 5554, 5548, 5542, 8957, 8946, 8966, 8966, 8967, 8980, 8967, 9001, 8980, 9001, 9032, 9011, 3187, 3301, 3278, 3189, 3187, 3278, 10368, 10376, 10366, 3168, 3172, 3169, 3169, 3172, 3187, 3162, 3165, 3160, 9123, 9129, 9108, 9123, 9132, 9129, 9132, 9134, 9129, 9132, 6623, 9134, 6623, 6620, 9134, 6623, 6608, 6620, 3432, 3359, 3399, 3159, 3160, 3158, 3144, 3142, 3141, 3267, 3206, 3261, 3147, 3143, 3139, 8149, 8194, 8204, 8084, 8085, 8191, 8093, 8148, 8198, 8198, 8148, 8199, 10260, 10259, 10271, 6254, 6250, 6255, 6254, 6253, 6250, 10268, 10263, 10349, 6726, 6676, 6728, 6726, 6677, 6676, 908, 914, 845, 10263, 10265, 10349, 10265, 6902, 10349, 552, 553, 679, 553, 678, 679, 776, 834, 710, 3881, 4035, 3893, 834, 882, 895, 990, 1005, 895, 6598, 7555, 6633, 7555, 7554, 6633, 6633, 7554, 7546, 5552, 5553, 5570, 6598, 6633, 6560, 7554, 7547, 7546, 4700, 4701, 4050, 8964, 8957, 8973, 238, 202, 224, 5548, 5546, 5542, 10392, 10386, 10471, 10471, 10386, 10384, 10386, 10383, 10384, 9001, 9011, 8980, 10384, 10383, 10381, 10383, 10369, 10381, 9040, 9032, 9100, 10365, 10369, 10368, 3166, 3168, 3169, 6592, 6619, 6608, 3165, 3167, 3166, 3399, 3359, 3360, 3144, 3158, 3142, 3359, 3261, 3360, 3140, 3135, 3136, 3206, 3190, 3261, 3206, 3176, 3190, 3146, 3139, 3145, 8151, 8150, 8202, 8416, 10260, 8417, 10259, 10266, 10270, 7118, 6652, 7085, 6648, 6646, 6669, 10268, 10349, 10267, 6311, 6234, 6318, 908, 845, 751, 845, 674, 751, 559, 557, 561, 695, 705, 714, 705, 706, 714, 3882, 3880, 3899, 3883, 3884, 3897, 5903, 8964, 5902, 1005, 3889, 3894, 3891, 3892, 3895, 4035, 4050, 4702, 8964, 8973, 5902, 6603, 7546, 7543, 6633, 7546, 6603, 7546, 7545, 7543, 7546, 7547, 7545, 5552, 5570, 5578, 7547, 7548, 7545, 4050, 4701, 4702, 4701, 4703, 4702, 8957, 8968, 8973, 7547, 10397, 7548, 8957, 8966, 8968, 10397, 10395, 10396, 10395, 10392, 10396, 8966, 8980, 8968, 3470, 465, 464, 9011, 9032, 9030, 3300, 3470, 3301, 9040, 9100, 9108, 10365, 10368, 10366, 3187, 3189, 3169, 3160, 3192, 3158, 3155, 3146, 3145, 8150, 8149, 8204, 8085, 8093, 8195, 8417, 10260, 10271, 10259, 10270, 10271, 6254, 6255, 6293, 10266, 10267, 10269, 6255, 6250, 6256, 908, 751, 909, 656, 657, 654, 654, 657, 561, 551, 552, 554, 710, 834, 786, 3897, 3882, 3900, 3884, 3882, 3897, 3882, 3899, 3900, 895, 870, 834, 870, 895, 974, 895, 1005, 974, 3894, 3889, 3890, 3890, 3891, 3895, 3895, 3892, 3898, 3892, 3883, 3898, 3883, 3897, 3898, 5578, 5570, 5899, 5551, 5543, 5545, 5551, 5552, 5543, 4702, 4703, 4704, 5542, 5545, 5541, 5546, 5545, 5542, 4703, 5554, 4704, 4704, 5542, 5538, 5554, 5542, 4704, 3301, 3470, 3302, 10381, 10369, 10365, 3301, 3302, 3278, 9108, 9129, 9127, 10366, 10376, 10480, 10376, 3399, 3394, 3399, 3360, 3394, 3137, 3139, 3136, 3176, 3156, 3190, 3176, 3155, 3156, 3155, 3145, 3156, 3145, 3139, 3137, 8116, 8083, 8189, 8197, 8239, 8241, 6293, 6255, 6257, 6255, 6256, 6257, 6250, 6286, 6256, 6250, 6297, 6286, 6297, 6309, 6286, 6297, 6311, 6309, 6309, 6311, 6318, 909, 1677, 908, 6318, 1760, 1680, 674, 672, 656, 3899, 3880, 3893, 5899, 5902, 5900, 5900, 8973, 8989, 5902, 8973, 5900, 6603, 7543, 6599, 5552, 5578, 5577, 8973, 8968, 8989, 5543, 5552, 5577, 5545, 5543, 5541, 8968, 8981, 8989, 5538, 5542, 5539, 5542, 5541, 5539, 10396, 10392, 10471, 8981, 8980, 9009, 10471, 10384, 10405, 8980, 9011, 9009, 9009, 9011, 9030, 9030, 9032, 9040, 3470, 464, 3302, 9127, 9129, 9130, 9129, 6621, 9130, 10480, 10376, 3394, 8111, 8151, 8152, 6257, 6256, 6258, 7118, 6653, 6652, 6678, 6672, 6645, 6318, 1680, 1674, 561, 557, 562, 706, 707, 708, 707, 710, 709, 3897, 3900, 9691, 1005, 3894, 974, 3894, 3890, 3895, 5897, 5899, 5900, 7543, 7545, 7544, 7544, 7548, 7549, 7545, 7548, 7544, 7548, 10397, 7549, 4702, 4704, 4705, 10397, 10396, 10398, 8981, 9009, 9010, 10405, 10384, 10469, 10469, 10381, 10382, 10384, 10381, 10469, 10381, 10365, 10363, 9040, 9108, 9125, 9108, 9127, 9125, 3169, 3189, 3204, 9130, 6621, 6622, 10366, 10480, 10375, 3160, 3198, 3192, 3160, 3165, 3196, 3142, 3158, 3191, 3190, 3156, 3203, 8399, 8398, 8418, 6293, 6257, 6288, 10266, 10269, 10272, 10267, 10349, 10269, 6309, 6316, 6312, 909, 751, 803, 751, 674, 675, 674, 656, 675, 710, 786, 709, 3899, 3893, 3906, 3900, 3899, 3908, 3893, 4035, 3906, 834, 870, 786, 3898, 3897, 9690, 3906, 4035, 4037, 3901, 3895, 3898, 3904, 3898, 9690, 4035, 4702, 4037, 5897, 5900, 5898, 5900, 8989, 8998, 6599, 7543, 6627, 3894, 3895, 3896, 5543, 5577, 5576, 5541, 5543, 5523, 8998, 8981, 8999, 8989, 8981, 8998, 5539, 5541, 5525, 8999, 8981, 9010, 4704, 5538, 0, 5538, 5539, 5537, 10396, 10471, 10401, 10471, 10405, 10401, 9009, 9030, 9031, 10382, 10363, 7582, 3302, 464, 479, 10382, 10381, 10363, 10363, 10365, 10364, 3278, 3302, 3303, 3189, 3278, 3204, 9127, 6602, 6617, 10365, 10366, 10364, 10366, 10375, 10364, 6602, 9130, 6622, 3166, 3169, 3197, 3160, 3196, 3198, 3165, 3166, 3196, 3191, 3192, 3193, 3158, 3192, 3191, 3192, 3198, 3199, 3360, 3262, 3394, 3360, 3261, 3262, 3190, 3213, 3261, 3213, 3190, 3203, 3145, 3137, 3138, 3156, 3148, 3203, 3156, 3145, 3148, 8144, 8145, 8225, 10271, 10334, 8417, 10271, 10270, 10334, 6256, 6286, 6258, 10269, 10349, 10313, 558, 554, 557, 708, 707, 709, 9690, 3897, 9691, 3900, 3908, 9691, 5898, 5900, 5901, 5900, 8998, 5901, 3895, 3901, 3896, 7543, 7544, 6627, 5576, 5577, 4533, 4702, 4705, 4047, 5543, 5576, 5523, 10397, 10398, 7549, 5541, 5523, 5525, 10398, 10396, 10399, 4704, 0, 4705, 0, 5538, 5537, 10396, 10401, 10399, 9009, 9029, 9010, 393, 343, 344, 9009, 9031, 9029, 10469, 10382, 7582, 9030, 9040, 9101, 10363, 10364, 9752, 9125, 9127, 6617, 3197, 3169, 3204, 10480, 3394, 10372, 3394, 3393, 10372, 3394, 3262, 3393, 3135, 3142, 3194, 3261, 3213, 3262, 3138, 3137, 3134, 3137, 3136, 3134, 3134, 3136, 3135, 3148, 3145, 3138, 8093, 8128, 8148, 6288, 6257, 6260, 6257, 6259, 6260, 6257, 6258, 6259, 6306, 6309, 6312, 909, 803, 944, 803, 751, 675, 6318, 1674, 6316, 3908, 3899, 9715, 9690, 9691, 9692, 870, 974, 883, 974, 3894, 1001, 3894, 3896, 1001, 3901, 3898, 3902, 3898, 3904, 3902, 4702, 4047, 4037, 5898, 5901, 5896, 6627, 7544, 6583, 4047, 4705, 4706, 5523, 5576, 4533, 7549, 10398, 10400, 5539, 5531, 5537, 5539, 5525, 5531, 9030, 9101, 9031, 10469, 7582, 7585, 9040, 9124, 9101, 7582, 10363, 7583, 9040, 9125, 9124, 10363, 9752, 7583, 9125, 6610, 9133, 6610, 6626, 9133, 10364, 9751, 9752, 10480, 10372, 10375, 3196, 3166, 3197, 3198, 3196, 3200, 3193, 3192, 3199, 3142, 3191, 3194, 803, 675, 676, 654, 561, 572, 561, 562, 572, 557, 554, 556, 9715, 3906, 4038, 786, 870, 787, 3906, 4037, 4038, 870, 883, 787, 974, 1001, 883, 6583, 7544, 6630, 7544, 7549, 7550, 7549, 10400, 10403, 10398, 10399, 10400, 4705, 0, 4706, 8999, 9010, 9007, 5537, 5536, 0, 9022, 9010, 9096, 9010, 9029, 9096, 9031, 9101, 9102, 6580, 7581, 6611, 6611, 7583, 6618, 3471, 3302, 479, 6618, 7583, 6626, 7583, 9752, 6626, 9133, 6626, 10370, 6626, 9752, 9751, 6626, 9751, 10370, 3278, 3303, 3279, 9751, 10364, 10367, 3204, 3278, 3205, 3205, 3278, 3279, 10364, 10375, 10367, 3191, 3193, 3201, 3201, 3193, 3199, 3194, 3191, 3202, 3202, 3191, 3201, 3134, 3135, 3195, 8110, 8098, 8115, 8417, 10334, 10279, 6288, 6260, 6292, 6260, 6259, 6261, 6258, 6286, 6259, 675, 656, 655, 656, 654, 655, 552, 679, 589, 678, 714, 680, 786, 787, 709, 9690, 9689, 3904, 9689, 9690, 9693, 9690, 9692, 9693, 9692, 9691, 9684, 9691, 3908, 9684, 5894, 5901, 9000, 5896, 5901, 5894, 5901, 8998, 9000, 6630, 7544, 7551, 7544, 7550, 7551, 1001, 3896, 3903, 3896, 3901, 3905, 3901, 3902, 3907, 8998, 8999, 9000, 7549, 10403, 7550, 5525, 5523, 5521, 5521, 5523, 4530, 5537, 5531, 5536, 9007, 9010, 9022, 9031, 9102, 9029, 7584, 7585, 7581, 9102, 9101, 9126, 7581, 7585, 7582, 479, 464, 422, 9101, 9124, 9126, 3303, 3302, 3471, 3197, 3204, 3205, 3198, 3200, 3199, 3393, 3262, 3263, 3195, 3135, 3194, 3262, 3213, 3263, 3138, 3134, 3208, 6292, 6260, 6262, 6260, 6261, 6262, 10320, 10318, 10314, 3908, 9715, 9697, 9692, 9684, 9693, 9684, 3908, 9697, 883, 1001, 972, 3902, 3904, 9683, 9683, 3904, 9689, 1001, 1013, 972, 1001, 3903, 1013, 3896, 3905, 3903, 7550, 7552, 7551, 7550, 10403, 7552, 4530, 4533, 4532, 5523, 4533, 4530, 10403, 10400, 10402, 5525, 5521, 5526, 0, 5535, 2, 0, 5536, 5535, 5531, 5525, 5526, 9124, 9133, 10373, 3471, 479, 478, 9133, 10370, 10373, 3303, 3471, 3279, 10370, 9751, 10367, 10372, 3393, 3430, 3393, 3392, 3430, 3393, 3263, 3392, 3263, 3213, 3225, 3208, 3134, 3195, 3213, 3203, 3224, 3224, 3203, 3223, 3203, 3148, 3223, 3223, 3148, 3214, 3148, 3138, 3214, 3138, 3208, 3214, 10270, 10272, 10273, 6287, 6286, 6306, 6287, 6259, 6286, 1625, 1622, 1630, 944, 804, 956, 944, 803, 804, 803, 676, 804, 10313, 10320, 10314, 6317, 6316, 1673, 10319, 10318, 6883, 562, 557, 563, 678, 680, 679, 708, 709, 712, 709, 787, 723, 9715, 4038, 4039, 9693, 9684, 9706, 4038, 4037, 4039, 883, 972, 867, 4037, 4047, 4039, 5894, 9000, 4483, 3905, 3901, 3907, 3907, 3902, 9683, 6630, 7551, 6629, 4706, 4707, 4047, 9000, 8999, 4483, 10403, 10402, 7552, 5535, 5536, 5534, 5536, 5531, 5534, 5531, 5533, 5534, 9029, 9102, 9131, 9102, 9126, 9131, 479, 422, 478, 9124, 10373, 9126, 10375, 10372, 10367, 3199, 3200, 3219, 3213, 3224, 3225, 10334, 10270, 10279, 10313, 10314, 10293, 9697, 9715, 9714, 9715, 4039, 9714, 787, 883, 867, 9683, 9689, 9688, 9689, 9693, 9688, 9706, 9684, 9680, 867, 972, 984, 972, 1013, 984, 6629, 7551, 6628, 4483, 8999, 4481, 7551, 7552, 6628, 7553, 7552, 6155, 7552, 10402, 6155, 5526, 5521, 5522, 8999, 9007, 9002, 0, 2, 1, 5533, 5531, 5526, 2, 5535, 1, 9131, 9126, 7635, 10373, 10370, 9095, 9095, 10370, 10371, 10370, 10367, 10371, 3197, 3205, 3221, 3201, 3199, 3215, 3208, 3195, 3228, 6292, 6262, 6265, 10274, 10270, 10273, 6287, 6306, 6307, 10272, 10269, 10273, 6313, 6312, 6317, 10269, 10313, 10293, 556, 554, 555, 554, 552, 555, 712, 709, 723, 9681, 9697, 9714, 9693, 9706, 9688, 9684, 9681, 9680, 3907, 9683, 9665, 4529, 4480, 4475, 4529, 5895, 4480, 4480, 4483, 4481, 5895, 4483, 4480, 3905, 3907, 9682, 6628, 7552, 7553, 5521, 4530, 5518, 4530, 4531, 5518, 4481, 8999, 9002, 7553, 6155, 6158, 4706, 0, 5633, 5522, 5521, 5518, 0, 1, 5633, 9096, 9029, 7636, 9029, 9131, 7636, 7635, 9126, 7634, 9126, 10374, 7634, 9126, 10373, 10374, 10374, 10373, 9095, 10367, 10372, 10371, 3200, 3196, 3220, 3219, 3200, 3218, 3202, 3201, 3215, 3215, 3219, 3217, 3199, 3219, 3215, 3194, 3202, 3216, 3202, 3215, 3216, 3208, 3228, 3232, 3195, 3194, 3231, 3214, 3208, 3232, 6265, 6262, 6264, 6262, 6263, 6264, 6262, 6261, 6263, 6306, 6312, 6307, 6312, 6313, 6307, 572, 562, 570, 562, 563, 570, 552, 589, 555, 706, 708, 713, 723, 787, 788, 787, 867, 788, 9688, 9706, 9671, 9706, 9680, 9671, 4039, 4047, 4051, 9683, 9667, 9665, 9683, 9688, 9667, 4475, 4480, 4474, 4480, 4481, 4474, 1013, 3903, 9699, 3903, 3905, 9699, 3905, 9682, 9687, 3907, 9672, 9682, 3907, 9665, 9672, 4047, 4707, 4051, 4707, 4706, 5633, 5633, 1, 5628, 5535, 5534, 1, 5534, 5533, 1, 422, 344, 433, 10371, 9098, 9095, 3196, 3197, 3220, 10372, 10379, 10371, 3218, 3200, 3220, 10372, 3430, 10379, 3226, 3194, 3216, 3195, 3230, 3228, 3230, 3195, 3231, 3231, 3194, 3226, 3233, 3232, 3228, 804, 676, 677, 563, 557, 564, 557, 556, 564, 708, 712, 713, 9714, 4039, 9709, 9680, 9681, 9675, 4473, 4475, 4474, 9688, 9671, 9667, 4474, 4481, 9003, 6579, 7553, 6158, 5528, 5526, 5522, 5533, 5526, 5528, 9007, 9022, 9002, 9022, 9096, 9015, 7636, 7635, 7632, 9131, 7635, 7636, 7635, 7634, 7632, 7634, 10374, 10380, 9095, 9098, 9081, 3205, 3279, 3330, 9098, 10371, 10379, 3221, 3205, 3235, 3197, 3221, 3220, 3220, 3221, 3222, 10379, 3430, 3438, 3217, 3219, 3218, 3226, 3216, 3227, 3214, 3232, 3233, 7126, 7127, 7125, 10269, 10293, 10273, 865, 804, 677, 6317, 1652, 6397, 10314, 10316, 10315, 10316, 10317, 10315, 714, 706, 713, 9714, 9709, 9681, 4473, 4474, 4472, 867, 984, 866, 9680, 9675, 9671, 984, 1013, 1004, 1013, 9699, 1004, 9699, 3905, 9687, 4481, 9002, 9003, 5628, 1, 5532, 1, 5533, 5532, 9002, 9022, 9015, 7632, 7631, 7624, 7632, 7634, 7631, 7634, 10380, 7631, 10380, 10374, 9095, 3330, 3279, 3466, 3235, 3205, 3330, 3221, 3235, 3222, 3430, 3392, 3388, 3392, 3263, 3388, 3230, 3231, 3229, 3225, 3239, 3263, 3224, 3223, 3236, 3223, 3214, 3234, 3214, 3233, 3234, 10279, 10278, 10312, 10279, 10274, 10278, 2578, 6265, 6266, 6265, 6264, 6266, 6261, 6287, 6284, 6738, 6663, 6668, 679, 680, 592, 714, 713, 680, 9675, 9681, 9709, 4039, 4051, 4052, 4473, 4472, 4471, 984, 1004, 866, 9699, 9687, 9698, 9687, 9682, 9686, 5518, 4531, 4535, 9015, 9096, 7633, 9096, 7636, 7633, 7633, 7632, 7624, 7636, 7632, 7633, 7631, 10380, 7630, 3471, 478, 3466, 478, 467, 3466, 3216, 3215, 3227, 3263, 3239, 3264, 3225, 3224, 3239, 3224, 3236, 3239, 6266, 6264, 6267, 6264, 6263, 6267, 10274, 10273, 10275, 1624, 865, 1636, 1604, 1612, 1618, 10314, 10315, 10293, 865, 677, 843, 676, 675, 653, 675, 655, 653, 572, 571, 573, 572, 570, 571, 723, 788, 774, 9709, 4039, 4052, 788, 867, 866, 9699, 9698, 1004, 9672, 9665, 9666, 9665, 9667, 9666, 9682, 9672, 9673, 4707, 5633, 5635, 5522, 5518, 5519, 5633, 5626, 5635, 5633, 5628, 5626, 5528, 5522, 5524, 5628, 5532, 5626, 5532, 5540, 5626, 5532, 5528, 5529, 5532, 5533, 5528, 7624, 7631, 7630, 7633, 7624, 7623, 7630, 10380, 9080, 10380, 9095, 9080, 9095, 9081, 9080, 9098, 10379, 10473, 3430, 3388, 3438, 3388, 3263, 3264, 3228, 3230, 3229, 3236, 3223, 3234, 8143, 8224, 8233, 8122, 8120, 8106, 10278, 10274, 10276, 1636, 865, 843, 6397, 1652, 1651, 677, 676, 653, 589, 679, 592, 9671, 9675, 9668, 4472, 4474, 9003, 866, 929, 871, 866, 1004, 929, 9667, 9668, 9666, 9667, 9671, 9668, 9686, 9682, 9673, 4051, 4707, 5641, 5518, 4535, 5519, 9003, 9002, 9004, 5532, 5529, 5540, 9002, 9015, 9004, 7624, 7630, 7622, 7633, 7623, 7621, 9081, 9098, 9077, 9097, 9098, 10473, 3228, 3229, 3246, 8088, 8103, 8104, 6267, 6263, 6268, 6308, 6397, 1651, 10347, 10315, 10323, 10323, 10315, 10321, 654, 572, 573, 712, 723, 713, 4456, 4478, 4470, 9675, 9709, 9685, 4478, 4479, 4470, 4479, 4471, 4470, 788, 866, 774, 9666, 9668, 9669, 9687, 9686, 9698, 9672, 9666, 9673, 5641, 4707, 5635, 5522, 5519, 5524, 5529, 5528, 5524, 7621, 7622, 7618, 7630, 9080, 7622, 9015, 7633, 7626, 7633, 7621, 7626, 467, 433, 328, 9098, 9097, 9077, 10473, 10379, 10420, 3238, 3217, 3218, 3227, 3215, 3237, 3229, 3231, 3243, 3236, 3234, 3250, 8434, 10287, 8789, 10274, 10275, 10276, 10275, 10273, 10280, 10280, 10273, 10281, 6287, 6301, 6284, 10281, 10273, 10293, 10281, 10293, 10291, 655, 654, 653, 556, 555, 566, 9709, 4052, 9685, 4472, 9003, 4433, 866, 871, 774, 9673, 9666, 9674, 9003, 9004, 4433, 5519, 4535, 4537, 7621, 7618, 7620, 7622, 9080, 10467, 7626, 7621, 7629, 7629, 7621, 7628, 467, 328, 452, 3235, 3330, 3369, 3218, 3220, 3253, 3215, 3217, 3238, 3438, 3388, 3428, 3231, 3226, 3243, 3246, 3229, 3244, 3244, 3229, 3243, 3239, 3259, 3260, 3239, 3236, 3259, 3236, 3250, 3259, 3250, 3234, 3247, 3234, 3233, 3247, 3233, 3228, 3247, 10342, 10312, 10278, 10342, 10278, 10277, 10277, 10278, 10276, 2578, 6266, 6273, 2575, 2567, 7132, 10277, 10275, 10280, 10277, 10276, 10275, 10277, 10280, 10292, 1636, 843, 971, 6308, 1651, 6310, 10347, 10323, 10291, 677, 653, 733, 9685, 4052, 5952, 9668, 9675, 9676, 9676, 9675, 9685, 4052, 4051, 5952, 4051, 5641, 5951, 929, 1004, 1006, 1004, 9698, 1006, 9698, 9686, 9695, 9686, 9673, 9674, 5635, 5626, 5627, 5626, 5540, 5544, 5540, 5529, 5544, 7618, 7622, 10467, 9071, 9081, 9077, 3257, 3222, 3258, 3222, 3235, 3258, 10423, 10473, 10420, 10379, 3438, 10420, 3237, 3215, 3238, 3226, 3227, 3240, 3227, 3237, 3240, 3428, 3388, 3265, 3388, 3264, 3265, 3264, 3260, 3265, 3264, 3239, 3260, 3228, 3246, 3247, 10342, 10286, 10312, 10342, 10292, 10284, 10342, 10277, 10292, 6273, 6266, 6271, 6266, 6267, 6271, 10292, 10280, 10282, 10280, 10281, 10282, 843, 677, 733, 570, 563, 565, 556, 566, 564, 555, 586, 566, 589, 592, 588, 592, 680, 595, 723, 774, 722, 4470, 4471, 4461, 9669, 9668, 9676, 1006, 9698, 9695, 9686, 9674, 9695, 5627, 5626, 5544, 5544, 5529, 5530, 9077, 9076, 9071, 9077, 9097, 9076, 10473, 10423, 9097, 3369, 3330, 3391, 3235, 3369, 3258, 3220, 3222, 3253, 3254, 3218, 3253, 10420, 3438, 3428, 3255, 3238, 3218, 3243, 3226, 3240, 8455, 8470, 8785, 10292, 10282, 10283, 6308, 6310, 6301, 10291, 10288, 10281, 894, 843, 842, 10291, 10323, 10288, 843, 733, 842, 563, 564, 565, 564, 566, 565, 555, 589, 586, 4456, 4470, 4461, 4461, 4471, 4472, 5952, 4051, 5951, 5641, 5635, 5636, 5635, 5627, 5636, 4433, 9004, 4432, 4432, 9004, 9005, 5529, 5524, 5530, 9004, 9015, 9005, 7619, 7618, 7610, 10467, 9080, 9079, 9080, 9081, 9071, 3253, 3222, 3257, 10420, 3428, 10421, 3218, 3254, 3255, 2559, 6273, 6274, 6273, 6271, 6274, 6284, 6301, 6289, 6791, 6895, 10324, 6775, 6895, 6791, 653, 654, 574, 592, 595, 591, 9670, 9669, 9677, 9666, 9669, 9670, 1006, 9695, 9703, 9695, 9674, 9694, 4426, 4433, 4432, 4247, 5524, 5519, 7610, 7618, 7616, 9005, 9015, 9025, 9015, 7626, 9025, 7618, 10467, 7616, 10467, 9079, 7616, 3466, 467, 3467, 9097, 9085, 9076, 3330, 3467, 3391, 9097, 10423, 9085, 10423, 10420, 10422, 10420, 10421, 10422, 3240, 3237, 3256, 3256, 3237, 3252, 3237, 3251, 3252, 3237, 3238, 3251, 3428, 3358, 3429, 3428, 3265, 3358, 3244, 3243, 3241, 3260, 3259, 3266, 3250, 3247, 3248, 3247, 3246, 3245, 3250, 3249, 3259, 3249, 3250, 3248, 2559, 6274, 2557, 10284, 10283, 8745, 6301, 6310, 6302, 1651, 1653, 6310, 653, 574, 652, 713, 723, 722, 4455, 4454, 4449, 4455, 4456, 4454, 4456, 4461, 4454, 4461, 4472, 4476, 4472, 4430, 4476, 4472, 4433, 4430, 774, 871, 849, 9677, 9676, 9679, 9669, 9676, 9677, 871, 896, 849, 871, 929, 896, 929, 982, 896, 929, 1006, 982, 5951, 5641, 5642, 4433, 4426, 4430, 9674, 9670, 9694, 5642, 5641, 5636, 5636, 5627, 5634, 5519, 4537, 4540, 5627, 5544, 5625, 4247, 5519, 5520, 5520, 5519, 4540, 4259, 5530, 5527, 5530, 5524, 5527, 5524, 4247, 5527, 7626, 7629, 7605, 7629, 7628, 7605, 9080, 9071, 9072, 3428, 3429, 10421, 3241, 3243, 3242, 3243, 3240, 3242, 3358, 3260, 3357, 3265, 3260, 3358, 3260, 3266, 3357, 3248, 3247, 3245, 3246, 3244, 3245, 3245, 3244, 3241, 8154, 8143, 8187, 8100, 8137, 8101, 10283, 10282, 8729, 6268, 6284, 6289, 10282, 10281, 8729, 971, 843, 894, 10288, 10289, 8728, 10288, 10290, 10289, 571, 570, 569, 589, 588, 586, 680, 713, 595, 9676, 9685, 9696, 9696, 5952, 5950, 9685, 5952, 9696, 5952, 5951, 5950, 9676, 9696, 9679, 5951, 5642, 5950, 982, 1006, 9703, 9694, 9670, 9678, 9678, 9670, 9677, 9703, 9695, 9694, 4540, 4537, 4539, 5544, 4259, 5625, 5544, 5530, 4259, 7626, 7605, 7604, 3238, 3255, 3251, 3242, 3240, 3256, 3259, 3249, 3266, 8745, 10283, 8733, 10283, 8729, 8733, 733, 653, 651, 570, 565, 569, 567, 565, 566, 588, 592, 591, 713, 597, 595, 713, 722, 597, 722, 774, 724, 9679, 9696, 9702, 9694, 9678, 9705, 4426, 4432, 4431, 5634, 5627, 5625, 9025, 7626, 7604, 9080, 9072, 9079, 2556, 2554, 2560, 6267, 6268, 6269, 971, 894, 960, 10289, 10290, 8739, 9696, 5950, 9707, 9677, 9679, 9700, 982, 9703, 1010, 9678, 9677, 9700, 9703, 9704, 9660, 9703, 9694, 9704, 4540, 4539, 4541, 7610, 7616, 7609, 9005, 9025, 9006, 9072, 9071, 9070, 9071, 9076, 9069, 3255, 3254, 3365, 3256, 3370, 3242, 8758, 8745, 8747, 8745, 8733, 8732, 8733, 8729, 8732, 8729, 8728, 8727, 8728, 10289, 8725, 651, 653, 652, 574, 654, 573, 591, 595, 594, 597, 722, 724, 9700, 9679, 9701, 896, 982, 959, 982, 1010, 959, 9705, 9678, 9700, 5642, 5636, 5632, 5636, 5634, 5632, 5634, 5625, 5632, 5520, 4540, 4362, 5625, 4259, 5630, 4432, 9005, 4431, 7609, 7616, 7615, 7615, 9079, 9099, 7616, 9079, 7615, 4259, 5527, 4245, 5527, 4247, 4245, 9005, 9006, 4431, 7605, 7603, 7604, 9070, 9071, 9069, 9069, 9076, 9085, 3258, 3369, 3379, 3253, 3257, 3366, 3254, 3253, 3365, 3251, 3255, 3380, 3252, 3251, 3380, 3358, 3357, 3390, 3248, 3245, 3372, 3245, 3241, 3371, 3266, 3249, 3385, 8745, 8732, 8747, 8727, 8728, 8725, 8725, 10289, 8731, 10289, 8739, 8731, 571, 569, 575, 567, 566, 586, 4448, 4449, 4441, 4454, 4461, 4462, 4461, 4476, 4462, 724, 774, 773, 9707, 5950, 5948, 774, 849, 773, 5948, 5950, 5949, 5950, 5642, 5949, 9679, 9702, 9701, 4430, 4426, 4423, 9700, 9701, 9664, 5642, 5632, 5949, 9704, 9694, 9705, 5632, 5625, 5630, 5520, 4362, 4249, 5630, 4259, 4258, 4247, 5520, 4249, 4258, 4259, 4245, 9025, 7604, 7613, 7613, 7604, 7601, 7601, 7603, 7602, 7604, 7603, 7601, 3467, 491, 3468, 3467, 501, 491, 10423, 10468, 9085, 10423, 10422, 10468, 3379, 3369, 3400, 3257, 3258, 3379, 3370, 3256, 3382, 3429, 3358, 3448, 3241, 3242, 3370, 3245, 3371, 3372, 3357, 3266, 3385, 6271, 6267, 6270, 6267, 6269, 6270, 6310, 1653, 1655, 573, 571, 574, 568, 565, 567, 586, 588, 587, 4448, 4441, 4447, 4476, 4430, 4423, 849, 896, 899, 9701, 9702, 9708, 9705, 9700, 9656, 9700, 9664, 9656, 4426, 4431, 4425, 4362, 4541, 4299, 7609, 7608, 7606, 7609, 7615, 7608, 3369, 3426, 3400, 3369, 3391, 3426, 10422, 10421, 10429, 3380, 3255, 3381, 10421, 3429, 10424, 3429, 3442, 10424, 3429, 3448, 3442, 3382, 3256, 3252, 3241, 3370, 3371, 3448, 3358, 3390, 3249, 3248, 3376, 8154, 8187, 8170, 8187, 8335, 1369, 2557, 6274, 2409, 6274, 6271, 6275, 6271, 6270, 6275, 6303, 6310, 1655, 6302, 6310, 6303, 894, 842, 755, 842, 733, 755, 588, 590, 587, 588, 591, 590, 4441, 4449, 4443, 9707, 5948, 9713, 899, 896, 959, 9664, 9701, 9663, 9704, 9658, 9660, 9704, 9705, 9658, 5949, 5632, 5640, 5632, 5630, 5631, 4249, 4362, 4299, 5630, 4258, 4257, 4258, 4245, 4243, 4247, 4249, 4246, 4431, 9006, 4425, 9006, 9025, 7613, 7601, 7602, 7600, 9079, 9072, 9073, 9072, 9068, 9073, 9072, 9070, 9068, 3391, 3468, 3426, 9091, 9085, 10468, 10468, 10422, 10429, 3257, 3379, 3378, 3365, 3253, 3366, 10429, 10421, 10424, 3381, 3255, 3365, 3371, 3370, 3377, 3390, 3357, 3389, 3248, 3372, 3376, 8746, 8732, 8737, 8747, 8732, 8746, 960, 894, 902, 894, 755, 902, 8725, 8731, 8730, 4449, 4454, 4453, 9710, 9707, 9713, 4476, 4423, 4477, 9708, 9710, 9711, 9708, 9702, 9710, 9702, 9707, 9710, 9701, 9708, 9663, 4423, 4426, 4422, 1010, 9703, 9659, 9703, 9660, 9659, 9656, 9664, 9663, 4426, 4425, 4422, 5631, 5630, 4257, 4245, 4247, 4246, 4425, 9006, 7627, 7606, 7608, 7607, 7607, 7615, 9099, 7608, 7615, 7607, 9099, 9079, 9073, 9070, 9069, 9068, 9069, 9085, 9067, 3366, 3257, 3378, 3252, 3380, 3382, 3372, 3371, 3373, 2409, 6274, 6276, 6274, 6275, 6276, 6269, 6289, 6290, 8732, 8727, 8726, 6290, 6289, 6303, 6303, 1655, 6386, 8730, 8731, 8739, 652, 574, 649, 571, 575, 574, 569, 565, 568, 4447, 4441, 4444, 4443, 4449, 4453, 5948, 5943, 9716, 4462, 4476, 4477, 5948, 5949, 5947, 5947, 5949, 5640, 9656, 9663, 9653, 9705, 9656, 9658, 5632, 5631, 5640, 4246, 4299, 4229, 4257, 4258, 4243, 4243, 4245, 4228, 4245, 4246, 4228, 7607, 9099, 7617, 9006, 7613, 7627, 7613, 7601, 7599, 7617, 9099, 9073, 10468, 10429, 10432, 3379, 3400, 3386, 3365, 3366, 3367, 3380, 3381, 3387, 3370, 3382, 3383, 3380, 3387, 3382, 3371, 3377, 3374, 3377, 3370, 3383, 3376, 3372, 3375, 3372, 3373, 3375, 3371, 3374, 3373, 3385, 3249, 3376, 8746, 8737, 8744, 8737, 8732, 8726, 8727, 8725, 8726, 960, 902, 1587, 733, 651, 755, 591, 594, 593, 595, 597, 596, 4447, 4444, 4489, 4453, 4454, 4462, 9711, 9710, 9713, 9663, 9708, 9648, 9708, 9711, 9648, 9660, 9658, 9659, 4257, 4243, 4242, 4228, 4246, 4229, 7600, 7597, 7599, 7600, 7606, 7597, 4425, 7627, 4427, 7627, 7613, 7612, 7613, 7599, 7612, 9068, 9069, 9067, 9067, 9085, 9091, 9091, 10468, 10432, 3378, 3379, 3386, 3367, 3366, 3368, 3368, 3366, 3378, 3381, 3384, 3387, 3381, 3365, 3384, 3365, 3367, 3384, 3357, 3385, 3389, 8725, 8730, 8723, 647, 574, 576, 574, 575, 576, 590, 591, 593, 9713, 9716, 9712, 5948, 5947, 5943, 4477, 4423, 4428, 9711, 9713, 9712, 9653, 9663, 9648, 9656, 9653, 9647, 5631, 5637, 5640, 4229, 4209, 4214, 4422, 4425, 4420, 5631, 4257, 5637, 4242, 4243, 4228, 4228, 4222, 4224, 4228, 4229, 4222, 4425, 4427, 4420, 7597, 7607, 7617, 7599, 7597, 7598, 10432, 10429, 10476, 10476, 10429, 10424, 902, 755, 861, 1655, 1621, 6379, 574, 647, 649, 569, 568, 578, 586, 587, 585, 4526, 4489, 6931, 4462, 4477, 4453, 724, 773, 726, 9712, 9716, 5943, 4477, 4428, 4467, 773, 849, 860, 5947, 5945, 5940, 849, 899, 860, 5947, 5640, 5945, 4423, 4422, 4418, 959, 1010, 9649, 1010, 9659, 9649, 9659, 9654, 9649, 9659, 9658, 9654, 9656, 9646, 9651, 9656, 9647, 9646, 4209, 4207, 4214, 5640, 5637, 5639, 4229, 4214, 4222, 4422, 4420, 4418, 5637, 4257, 4252, 4257, 4242, 4252, 4242, 4228, 4233, 7597, 7617, 7596, 7612, 7599, 7598, 9068, 9067, 9066, 9067, 9091, 9090, 10476, 10424, 10425, 6275, 6270, 6278, 6270, 6272, 6278, 6270, 6269, 6272, 8744, 8737, 8724, 8724, 8725, 8723, 8726, 8725, 8724, 651, 652, 649, 575, 569, 578, 567, 583, 568, 586, 585, 567, 590, 593, 598, 594, 595, 593, 4444, 4441, 4442, 597, 724, 726, 4453, 4477, 4467, 5943, 5940, 5942, 9712, 5943, 9662, 9648, 9711, 9655, 9655, 9712, 9657, 9711, 9712, 9655, 4428, 4423, 4419, 9653, 9648, 9647, 5945, 5640, 5639, 4423, 4418, 4419, 9654, 9658, 9651, 4233, 4228, 4224, 7596, 7617, 7625, 4420, 4427, 4435, 4427, 7614, 4435, 4427, 7627, 7614, 7614, 7612, 7598, 7627, 7612, 7614, 7617, 9093, 7625, 7617, 9073, 9093, 9073, 9068, 9066, 10432, 10476, 10431, 3387, 3384, 3422, 3377, 3383, 3403, 3374, 3396, 3395, 3374, 3397, 3396, 3374, 3377, 3397, 3389, 3385, 3408, 3385, 3407, 3408, 3373, 3374, 3395, 8766, 8762, 8755, 6276, 6275, 6277, 6275, 6278, 6277, 8744, 8724, 8743, 8723, 8730, 8734, 6898, 8741, 8734, 587, 590, 585, 590, 598, 601, 596, 597, 727, 4489, 4444, 4450, 4441, 4443, 4442, 4442, 4453, 4451, 4443, 4453, 4442, 597, 726, 727, 9662, 5942, 9661, 9662, 5943, 5942, 726, 773, 810, 9712, 9662, 9657, 773, 860, 810, 4428, 4419, 4429, 4214, 4213, 4221, 4214, 4207, 4213, 4418, 4420, 4419, 4222, 4214, 4221, 7596, 7625, 7611, 7598, 7611, 7590, 7598, 7596, 7611, 4420, 4435, 4436, 4435, 7614, 7590, 7614, 7598, 7590, 491, 423, 490, 3468, 491, 3445, 9091, 10432, 9090, 10432, 10431, 9090, 3426, 3468, 3446, 3386, 3400, 3444, 3368, 3378, 3418, 3378, 3386, 3418, 3368, 3419, 3367, 3403, 3383, 3406, 3383, 3382, 3406, 3424, 3390, 3408, 3390, 3389, 3408, 3385, 3401, 3407, 3373, 3395, 3375, 902, 861, 1587, 755, 651, 650, 650, 651, 649, 4450, 4444, 4445, 4444, 4442, 4445, 5939, 5942, 5940, 9657, 9662, 9661, 9648, 9655, 9643, 9647, 9648, 9645, 5945, 5639, 5638, 4213, 4207, 4205, 4419, 4420, 4421, 4224, 4221, 4226, 4224, 4222, 4221, 7611, 7625, 7591, 4420, 4436, 4437, 7590, 7589, 7588, 4439, 4436, 4435, 4435, 7588, 7587, 4435, 7590, 7588, 10431, 10476, 10428, 10476, 10425, 10428, 3368, 3418, 3419, 10425, 10424, 3442, 3406, 3382, 3387, 3448, 3390, 3424, 3376, 3375, 3401, 3375, 3395, 3398, 6276, 6277, 2403, 6272, 6269, 6280, 6290, 6305, 6291, 861, 755, 817, 755, 650, 817, 590, 601, 602, 6932, 4450, 4494, 4445, 4442, 4446, 4442, 4451, 4446, 4451, 4453, 4457, 4457, 4467, 4463, 4453, 4467, 4457, 4467, 4429, 4463, 9657, 9661, 9644, 9655, 9638, 9643, 9638, 9657, 9644, 9655, 9657, 9638, 8068, 8066, 4206, 4429, 4419, 4424, 899, 959, 955, 959, 9649, 955, 9646, 9647, 9645, 9645, 9648, 9643, 9649, 9654, 9650, 9654, 9651, 9650, 9651, 9646, 9650, 5639, 5637, 5638, 4221, 4213, 4223, 4419, 4421, 4424, 5637, 4252, 4244, 4252, 4233, 4244, 7589, 7590, 7591, 7590, 7611, 7591, 7593, 7625, 9093, 7591, 7625, 7593, 4437, 7588, 7589, 4440, 4439, 7587, 9073, 9066, 9074, 9066, 9067, 9065, 9067, 9090, 9065, 3444, 3400, 3446, 3400, 3426, 3446, 3386, 3431, 3418, 3384, 3367, 3421, 3367, 3419, 3420, 10425, 3442, 10426, 3422, 3421, 3423, 3422, 3384, 3421, 3442, 3448, 3424, 3401, 3375, 3398, 6278, 6272, 6280, 8743, 8724, 8742, 8724, 8723, 8722, 8722, 8723, 8721, 6379, 1621, 1638, 4450, 4445, 4494, 4494, 4445, 4493, 4446, 4451, 4452, 5942, 5939, 9661, 9644, 9661, 9652, 5945, 5643, 5940, 8066, 8065, 4204, 860, 955, 886, 860, 899, 955, 9641, 9646, 9645, 5945, 5638, 5643, 4211, 4205, 4203, 4424, 4438, 7595, 4223, 4213, 4211, 4213, 4205, 4211, 4424, 4421, 4438, 4421, 7589, 4438, 4438, 7592, 7594, 7589, 7592, 4438, 7592, 7593, 7594, 7592, 7591, 7593, 4233, 4226, 4244, 4226, 4221, 4223, 7593, 9093, 9074, 9093, 9073, 9074, 3468, 3445, 3446, 3421, 3367, 3420, 10426, 3442, 3440, 3406, 3387, 3404, 3387, 3405, 3404, 3405, 3422, 3423, 3387, 3422, 3405, 3442, 3424, 3440, 3411, 3397, 3403, 3401, 3398, 3415, 8766, 8755, 8753, 8753, 8743, 8742, 8755, 8743, 8753, 6277, 6278, 6279, 6278, 6280, 6279, 8742, 8724, 8735, 8723, 8734, 8721, 6379, 1638, 6378, 576, 575, 577, 593, 595, 596, 4493, 4445, 4488, 4445, 4446, 4488, 4446, 4452, 4482, 4451, 4457, 4452, 9652, 9661, 5939, 4463, 4429, 4434, 4429, 4424, 4434, 810, 860, 886, 9645, 9643, 9637, 4424, 7595, 4434, 9650, 9646, 9642, 9646, 9641, 9642, 7595, 7594, 9089, 7594, 7593, 9089, 5638, 5637, 4398, 5637, 4244, 4398, 4244, 4226, 4232, 9089, 7593, 9087, 7593, 9074, 9087, 3419, 3418, 3431, 10428, 10425, 10427, 10425, 10426, 10427, 3406, 3404, 3414, 3403, 3406, 3414, 3424, 3408, 3425, 6385, 6379, 6380, 568, 583, 582, 4446, 4482, 4488, 9652, 5939, 9644, 9638, 9644, 9633, 5940, 5643, 5938, 952, 955, 1008, 886, 955, 952, 955, 9649, 1008, 9637, 9632, 9627, 9637, 9643, 9632, 9643, 9638, 9632, 8063, 5957, 4202, 9649, 9650, 9639, 9639, 9650, 9642, 4211, 4203, 4212, 7595, 9088, 4434, 7595, 9089, 9088, 4223, 4211, 4220, 9087, 9074, 9075, 490, 436, 492, 9065, 9090, 9092, 3445, 490, 492, 9090, 10431, 10430, 3386, 3444, 3431, 3398, 3395, 3396, 1359, 8782, 1368, 8780, 8773, 8772, 8772, 8766, 8767, 2403, 6277, 2421, 6277, 6279, 2421, 8724, 8722, 8735, 861, 817, 892, 8721, 8734, 8715, 650, 649, 648, 647, 576, 645, 575, 578, 577, 583, 567, 584, 567, 585, 584, 593, 596, 598, 4492, 4482, 4485, 4488, 4482, 4492, 4485, 4452, 4459, 4482, 4452, 4485, 4493, 4488, 6937, 4452, 4457, 4458, 4457, 4463, 4458, 9644, 5939, 9640, 5939, 5940, 5938, 4463, 4434, 4465, 9638, 9633, 9632, 9649, 9639, 1008, 9645, 9637, 9641, 5638, 4398, 5643, 4211, 4212, 4220, 4227, 4223, 4220, 9088, 9089, 9087, 4398, 4244, 4253, 4244, 4232, 4253, 4232, 4226, 4231, 4226, 4223, 4231, 4223, 4227, 4231, 9064, 9066, 9065, 9074, 9066, 9064, 3444, 3446, 3445, 10431, 10428, 10430, 10428, 10427, 10430, 3398, 3396, 3409, 3408, 3407, 3417, 3401, 3415, 3416, 8766, 8753, 8767, 6279, 6280, 6327, 6280, 6281, 6327, 6378, 1638, 1609, 578, 568, 582, 4485, 4459, 4490, 5939, 5938, 5936, 4492, 4485, 8061, 4458, 4463, 4464, 727, 810, 811, 726, 810, 727, 9644, 9640, 9633, 4463, 4465, 4464, 810, 886, 811, 9642, 9641, 9635, 9641, 9637, 9631, 9637, 9627, 9631, 5643, 5644, 5938, 4434, 9088, 9035, 5643, 4398, 5644, 4253, 4232, 4235, 4232, 4231, 4234, 9075, 9074, 9064, 9092, 9090, 10430, 3444, 3445, 3441, 3431, 3444, 3441, 3419, 3431, 3436, 10426, 3440, 10427, 3440, 3424, 3439, 3424, 3425, 3439, 3396, 3397, 3410, 3397, 3411, 3410, 3411, 3403, 3412, 3425, 3408, 3427, 3415, 3398, 3413, 3398, 3409, 3413, 3401, 3416, 3407, 2421, 6279, 6282, 6279, 6327, 6282, 648, 649, 647, 576, 577, 645, 577, 578, 579, 584, 585, 624, 4452, 4458, 4459, 4434, 9035, 4465, 952, 1008, 1011, 9642, 9635, 9639, 9635, 9641, 9631, 4220, 4212, 4216, 4232, 4234, 4235, 9065, 9092, 9063, 3431, 3441, 3436, 3420, 3436, 3437, 3420, 3419, 3436, 3421, 3420, 3433, 3404, 3405, 3434, 3434, 3405, 3423, 3423, 3421, 3433, 3403, 3414, 3412, 3396, 3410, 3409, 3411, 3412, 3410, 2421, 6282, 2406, 2569, 2484, 9398, 8742, 8735, 8736, 6327, 6281, 6329, 6281, 6354, 6329, 8721, 8715, 8714, 892, 817, 805, 817, 650, 805, 650, 648, 805, 8715, 8741, 8740, 9640, 5936, 9636, 4460, 4458, 4487, 4459, 4458, 4460, 4458, 4486, 4487, 4458, 4464, 4486, 9633, 9640, 9636, 4465, 9035, 9036, 9627, 9632, 9625, 9632, 9633, 9625, 1008, 9639, 1011, 4216, 4215, 4217, 9035, 9088, 9087, 4231, 4227, 4238, 9064, 9065, 9063, 3433, 3420, 3437, 10427, 3440, 10474, 10474, 3440, 3439, 3414, 3404, 3435, 3439, 3425, 5212, 3409, 3410, 5218, 8779, 8780, 8774, 6354, 6362, 6361, 6362, 6380, 6377, 8722, 8721, 8714, 596, 727, 725, 5936, 5933, 9636, 4486, 4466, 4484, 4486, 4464, 4466, 4464, 4465, 4466, 9633, 9636, 9629, 5936, 5938, 5937, 4487, 4486, 5954, 9631, 9627, 9628, 9635, 9631, 9634, 4216, 4217, 4218, 5644, 4255, 4415, 5644, 4398, 4255, 4220, 4216, 4225, 9035, 9087, 9036, 9075, 9064, 9046, 518, 492, 436, 9092, 10430, 10433, 10427, 10474, 10430, 3404, 3434, 3435, 3439, 5216, 5244, 3412, 3414, 5200, 3414, 3435, 5200, 3439, 5212, 5216, 3425, 3427, 5212, 3427, 5210, 5212, 3417, 3416, 5217, 1337, 1368, 1367, 2586, 2569, 9397, 2569, 9398, 9397, 8742, 8748, 8753, 6282, 6327, 6328, 8742, 8736, 8748, 6327, 6329, 6328, 8736, 8722, 8714, 6378, 1596, 6377, 577, 579, 645, 601, 598, 600, 598, 596, 599, 599, 596, 725, 9628, 9627, 9626, 9627, 9625, 9626, 9625, 9633, 9622, 9633, 9629, 9622, 811, 886, 898, 886, 952, 898, 1011, 9639, 1015, 9631, 9628, 9634, 5938, 4415, 5937, 5938, 5644, 4415, 4225, 4216, 4218, 4227, 4220, 4239, 4220, 4225, 4239, 9036, 9087, 9043, 4398, 4253, 4255, 4255, 4253, 4236, 4253, 4235, 4236, 4235, 4234, 4236, 9087, 9075, 9043, 9043, 9075, 9046, 9064, 9063, 9046, 9063, 9092, 9082, 3441, 3445, 5196, 10433, 10430, 10434, 3436, 3441, 5206, 5210, 3417, 5217, 3427, 3417, 5210, 3416, 3415, 3413, 8779, 8774, 8775, 2396, 2406, 2404, 2406, 6282, 6328, 9398, 2439, 2551, 892, 805, 907, 8715, 8711, 8704, 725, 727, 775, 9636, 5933, 9629, 727, 811, 775, 4484, 4466, 4469, 9628, 9626, 9630, 4465, 9036, 9037, 898, 1011, 1015, 952, 1011, 898, 9639, 9635, 1015, 9634, 9628, 9630, 4218, 4217, 4219, 436, 460, 518, 3445, 5233, 5196, 3441, 5196, 5206, 3433, 3437, 5194, 3437, 3436, 5194, 10430, 10474, 10434, 10474, 3439, 5244, 5190, 3410, 5201, 5218, 3410, 5190, 3410, 3412, 5201, 3412, 5200, 5183, 3416, 3413, 5198, 3413, 3409, 5189, 8774, 8772, 8771, 2589, 2586, 7570, 2586, 9397, 7570, 9398, 2551, 9397, 6328, 6329, 6330, 6329, 6354, 6330, 907, 805, 806, 6372, 6377, 1598, 6377, 1596, 1598, 647, 645, 646, 579, 578, 580, 624, 585, 590, 725, 775, 734, 5933, 5936, 5931, 9626, 9625, 9624, 5936, 5937, 5931, 4469, 4466, 4468, 4466, 4465, 4468, 811, 898, 775, 9634, 9630, 9623, 4236, 4234, 4237, 4234, 4238, 4237, 4255, 4236, 4248, 5233, 519, 5197, 5233, 518, 519, 9082, 9092, 9107, 9092, 10433, 9107, 10433, 10434, 10435, 3436, 5206, 5170, 5243, 5242, 5241, 5243, 5246, 5242, 3434, 3433, 5194, 3435, 3434, 5179, 10474, 5244, 10440, 5244, 5216, 5249, 5249, 5216, 5236, 5216, 5214, 5236, 5216, 5212, 5214, 5214, 5212, 5211, 5212, 5210, 5211, 3412, 5183, 5201, 3413, 5192, 5198, 3413, 5189, 5192, 5189, 3409, 5218, 7570, 7568, 2589, 7568, 6778, 2589, 7570, 9397, 9396, 2406, 6328, 2404, 9397, 2551, 9396, 6370, 6372, 6369, 805, 648, 806, 648, 647, 641, 579, 644, 645, 578, 582, 581, 9629, 5933, 9620, 5933, 5931, 5932, 4469, 4468, 4491, 9630, 9626, 9624, 9625, 9622, 9624, 4465, 9037, 4468, 9635, 9603, 1015, 9635, 9623, 9603, 9635, 9634, 9623, 5937, 4415, 5944, 4415, 4400, 5944, 4400, 4415, 4255, 242, 245, 318, 5196, 5233, 5197, 5170, 5206, 5172, 5194, 3436, 5170, 5241, 5242, 5230, 3434, 5178, 5179, 3434, 5194, 5178, 5200, 3435, 5191, 3435, 5179, 5191, 5211, 5210, 5207, 5189, 5218, 5188, 5218, 5190, 5188, 5249, 5236, 9750, 5210, 5217, 5205, 5217, 3416, 5204, 7568, 7570, 7569, 6330, 6354, 6353, 8736, 8714, 8713, 8714, 8715, 8704, 578, 581, 580, 600, 598, 599, 599, 725, 622, 775, 898, 826, 9623, 9630, 9605, 9630, 9624, 9605, 4225, 4218, 4230, 9036, 9043, 9037, 4255, 4248, 4321, 4248, 4236, 4237, 5206, 5196, 5172, 10433, 10435, 9107, 5176, 5194, 5170, 5194, 5176, 5178, 10434, 10474, 10436, 10436, 10474, 10440, 5242, 5220, 5230, 5220, 5214, 5215, 5214, 5211, 5215, 5201, 5183, 5185, 5200, 5191, 5183, 5190, 5201, 5185, 10440, 5244, 5249, 5249, 9750, 9742, 5205, 5217, 5204, 7567, 6779, 7568, 7567, 7568, 7569, 7570, 9396, 7569, 2404, 6328, 6331, 9396, 2551, 9388, 6328, 6330, 6331, 6331, 6330, 6332, 6330, 6353, 6332, 8736, 8713, 8644, 6361, 6370, 6360, 8713, 8714, 8704, 624, 590, 603, 590, 602, 603, 600, 599, 619, 622, 725, 734, 9622, 9629, 9620, 9624, 9622, 9621, 4491, 4468, 4353, 826, 898, 915, 1015, 9603, 9602, 4218, 4219, 4230, 4468, 9037, 5657, 4239, 4225, 4230, 4400, 4255, 4373, 4255, 4321, 4373, 4237, 4238, 4241, 4241, 4238, 4239, 10435, 10434, 10436, 5241, 5230, 5235, 5210, 5205, 5207, 10440, 5249, 10438, 5249, 9742, 10441, 3416, 5199, 5204, 3416, 5198, 5199, 7567, 7571, 2314, 7567, 6780, 6779, 7567, 7569, 7571, 9396, 9388, 9385, 2404, 6331, 2405, 9388, 2436, 2547, 8713, 8704, 8695, 6372, 1627, 1662, 620, 599, 622, 734, 775, 826, 9620, 5932, 9619, 9622, 9620, 9621, 9605, 9624, 9606, 5931, 5937, 5935, 4353, 4468, 5657, 898, 1015, 915, 5937, 5944, 5935, 4295, 4294, 4230, 9603, 9601, 9598, 4239, 4230, 4240, 4321, 4248, 4280, 4248, 4237, 4251, 4237, 4250, 4251, 4237, 4241, 4250, 9043, 9046, 9045, 9046, 9063, 9051, 5196, 5197, 5173, 5170, 5171, 5174, 10435, 10436, 10437, 5176, 5170, 5174, 5235, 5230, 5229, 10436, 10440, 10438, 5230, 5215, 5229, 5183, 5191, 5181, 5215, 5213, 5229, 5215, 5211, 5213, 5188, 5187, 5189, 10438, 5249, 10441, 10441, 9742, 9740, 2272, 6774, 2270, 8775, 8771, 1366, 7569, 9396, 9385, 2405, 6331, 6333, 8748, 8736, 8647, 6331, 6332, 6333, 6370, 6369, 6360, 8695, 8704, 8701, 907, 806, 917, 6369, 6372, 1662, 806, 801, 917, 8704, 8710, 8701, 8710, 8759, 8709, 583, 584, 582, 603, 602, 601, 734, 826, 827, 827, 826, 900, 9624, 9621, 9611, 9621, 9620, 9613, 826, 915, 900, 4294, 4353, 4354, 4353, 5657, 4354, 915, 1015, 985, 1015, 9602, 985, 9602, 9603, 9598, 9623, 9605, 9601, 4230, 4256, 4240, 4321, 4280, 4373, 4250, 4241, 4254, 4241, 4239, 4254, 4239, 4240, 4254, 4280, 4248, 4251, 9037, 9043, 9038, 9043, 9045, 9044, 9046, 9051, 9045, 9051, 9063, 9082, 5197, 519, 5234, 9082, 9107, 9078, 5172, 5196, 5173, 9107, 10435, 10439, 5185, 5183, 5184, 5211, 5207, 5213, 5187, 5188, 5186, 5188, 5190, 5186, 5190, 5185, 5184, 5204, 5199, 5203, 5189, 5187, 5192, 9741, 9739, 9740, 7641, 2314, 9272, 2314, 7571, 9272, 2272, 2270, 2164, 7571, 9379, 9272, 7571, 7569, 9379, 7569, 9385, 9379, 8651, 8647, 8650, 9388, 9375, 9385, 2405, 6333, 2410, 9388, 2547, 9375, 8647, 8736, 8644, 9375, 2547, 2546, 8644, 8713, 8708, 8713, 8695, 8708, 8710, 8709, 8701, 584, 624, 582, 622, 734, 735, 9619, 5932, 5930, 5932, 5931, 5930, 9620, 9614, 9613, 9620, 9619, 9614, 9624, 9611, 9606, 9621, 9613, 9611, 5935, 5944, 4413, 4196, 4354, 4189, 5944, 4400, 4413, 4256, 4230, 4187, 4230, 4294, 4187, 4254, 4240, 4256, 5657, 9037, 9038, 9038, 9043, 9044, 519, 520, 5234, 9082, 9078, 9051, 5197, 5234, 5195, 9078, 9107, 10439, 10439, 10435, 10437, 5178, 5176, 5177, 5235, 5229, 5231, 5213, 5207, 5208, 5205, 5204, 5203, 10438, 10441, 10443, 10441, 9740, 10442, 9740, 9737, 10442, 9740, 9739, 9737, 7641, 2192, 2271, 1227, 1306, 1195, 2272, 2164, 2214, 6333, 6334, 2410, 6333, 6332, 6334, 6332, 6353, 6336, 6353, 6360, 6336, 648, 641, 801, 647, 646, 641, 625, 624, 603, 599, 620, 619, 9619, 5930, 9617, 735, 734, 827, 5930, 5931, 5929, 9611, 9613, 9612, 5931, 5935, 5929, 4188, 4189, 5656, 900, 915, 985, 9601, 9600, 9598, 9601, 9605, 9600, 9605, 9606, 9600, 4189, 4354, 5656, 4399, 4400, 4373, 4413, 4400, 4399, 4254, 4292, 4260, 4254, 4256, 4292, 520, 460, 486, 5171, 5172, 5169, 5172, 5173, 5169, 5175, 5174, 5171, 5176, 5174, 5175, 5179, 5178, 5177, 10436, 10438, 10437, 5190, 5184, 5186, 5208, 5207, 5202, 5207, 5205, 5202, 10441, 10442, 10443, 1025, 1142, 1141, 9379, 9385, 9369, 6334, 6332, 6335, 6332, 6336, 6335, 646, 645, 633, 644, 579, 629, 629, 579, 580, 5930, 5928, 9617, 4185, 4186, 4184, 5656, 4354, 5652, 4292, 4278, 4260, 4292, 4256, 4313, 5652, 5657, 9038, 4354, 5657, 5652, 4373, 4280, 4325, 4251, 4250, 4260, 5177, 5176, 5175, 5231, 5229, 5219, 5229, 5213, 5219, 5184, 5183, 5182, 5198, 5192, 5157, 5192, 5187, 5157, 9738, 9733, 9737, 9737, 9733, 9734, 9272, 9268, 9269, 9379, 9369, 9268, 9369, 9375, 9365, 9385, 9375, 9369, 9375, 2546, 9362, 1662, 1667, 6371, 641, 646, 638, 645, 644, 633, 601, 600, 604, 5930, 5929, 5928, 4192, 4198, 4195, 4198, 4188, 5659, 4190, 4188, 4198, 9611, 9612, 9610, 4188, 5656, 5659, 9606, 9610, 9609, 9606, 9611, 9610, 5659, 5656, 5654, 827, 900, 922, 900, 985, 922, 985, 9602, 9596, 9596, 9602, 9598, 9600, 9606, 9607, 5656, 5652, 5654, 4399, 4373, 4325, 4260, 4278, 4269, 4280, 4251, 4262, 9038, 9044, 9062, 9051, 9078, 9049, 9078, 10439, 10465, 10439, 10437, 10464, 5181, 5148, 5182, 5181, 5179, 5148, 5184, 5146, 5186, 10438, 10443, 10444, 5203, 5199, 5180, 10442, 10463, 10443, 10442, 9734, 10463, 2152, 2182, 2181, 7641, 9269, 8525, 1366, 1361, 1305, 8647, 8644, 8643, 2410, 6335, 2411, 2410, 6334, 6335, 6335, 6336, 6337, 6336, 6341, 6337, 6366, 6368, 6371, 917, 801, 920, 801, 814, 920, 8701, 8702, 8687, 801, 641, 814, 8702, 8709, 8719, 582, 624, 626, 600, 619, 618, 622, 735, 623, 5928, 5929, 5927, 9613, 9614, 9612, 735, 827, 838, 9607, 9606, 9608, 5935, 4413, 4408, 9598, 9600, 9594, 4278, 4281, 4269, 4325, 4280, 4262, 4260, 4269, 4261, 9062, 9044, 9047, 9044, 9045, 9047, 520, 486, 5167, 9049, 9078, 9050, 9078, 10465, 9050, 10439, 10464, 10465, 5171, 5169, 5153, 10437, 10479, 10464, 5231, 5219, 5222, 5183, 5181, 5182, 10437, 10438, 10479, 5219, 5213, 5209, 5186, 5146, 5142, 5157, 5187, 5158, 5187, 5186, 5141, 10438, 10444, 10479, 5198, 5157, 5199, 10463, 9734, 9735, 8525, 9269, 9276, 9375, 9362, 9365, 8644, 8708, 8641, 6336, 6359, 6341, 8695, 8701, 8687, 641, 640, 814, 641, 638, 640, 646, 633, 638, 604, 600, 618, 5928, 5927, 5926, 4200, 4198, 5653, 9612, 9614, 9615, 9614, 9616, 9615, 9614, 9617, 9616, 4303, 4193, 4197, 4197, 4193, 4195, 4198, 5659, 5653, 9610, 9612, 9604, 5927, 5929, 5934, 5659, 5645, 5653, 838, 827, 922, 5929, 5935, 5934, 5659, 5654, 5645, 5654, 5647, 5645, 4413, 4399, 4408, 5654, 5652, 5647, 9062, 9047, 9060, 9045, 9051, 9049, 5195, 5234, 5167, 5173, 5195, 5162, 5173, 5160, 5169, 5184, 5182, 5146, 5213, 5208, 5209, 5186, 5142, 5141, 5202, 5203, 5180, 9732, 9736, 9735, 2181, 2170, 2151, 9268, 9369, 9264, 9365, 9362, 9271, 8643, 8644, 8641, 2411, 6335, 6349, 6335, 6337, 6349, 9362, 2435, 2548, 8708, 8695, 8694, 8695, 8687, 8694, 582, 626, 617, 9617, 5928, 5926, 4199, 4309, 4306, 4199, 4200, 4309, 4309, 4200, 5653, 4197, 4306, 4303, 4197, 4199, 4306, 623, 735, 838, 9604, 9612, 9615, 9608, 9609, 9599, 9609, 9610, 9597, 9608, 9599, 9607, 5935, 4408, 5934, 922, 985, 938, 9598, 9594, 9593, 5645, 5647, 5646, 4399, 4325, 4326, 4269, 4281, 4267, 4326, 4325, 4262, 5647, 5652, 5651, 5652, 9038, 5651, 9038, 9062, 9061, 9062, 9060, 9061, 9045, 9048, 9047, 9045, 9049, 9048, 5160, 5173, 5162, 5169, 5160, 5155, 9050, 10465, 9086, 5175, 5153, 5154, 10465, 10466, 10477, 10465, 10464, 10466, 5177, 5175, 5149, 5222, 5221, 5223, 5182, 5148, 5145, 5222, 5219, 5221, 5180, 5199, 5156, 5199, 5157, 5156, 10444, 10443, 10445, 10443, 10463, 10445, 10463, 9735, 9725, 9269, 9270, 9276, 9266, 9268, 9264, 9369, 9365, 9263, 9362, 9277, 9271, 9362, 2548, 9277, 6337, 6341, 6340, 6341, 6359, 6340, 6760, 6759, 6761, 920, 814, 940, 6371, 1684, 6375, 1684, 1683, 6375, 8702, 8719, 8720, 622, 621, 620, 622, 623, 621, 5926, 5927, 5925, 4303, 4306, 4302, 5653, 5645, 5648, 9599, 9609, 9597, 4304, 4303, 4288, 838, 922, 938, 938, 985, 1018, 985, 9596, 1018, 9600, 9607, 9599, 5645, 5646, 5648, 9596, 9598, 9593, 4408, 4399, 4326, 4267, 4281, 4288, 4281, 4304, 4288, 5646, 5647, 5651, 4261, 4269, 4267, 9049, 9050, 9048, 5162, 5195, 5167, 5224, 5222, 5223, 5148, 5177, 5149, 5219, 5209, 5221, 10463, 9725, 9723, 9369, 9263, 9264, 6349, 6337, 6338, 8641, 8708, 8694, 6366, 6371, 6365, 814, 640, 815, 644, 629, 633, 626, 624, 625, 4306, 4309, 4302, 4286, 5653, 5648, 4309, 5653, 4286, 623, 838, 759, 9604, 9615, 9618, 5925, 5927, 5934, 9597, 9610, 9604, 4303, 4302, 4288, 838, 938, 859, 5648, 5649, 5650, 9600, 9599, 9594, 5649, 5648, 5646, 5646, 5651, 5649, 4326, 4262, 4322, 4262, 4261, 4263, 4261, 4267, 4264, 5651, 9038, 9061, 9047, 9048, 9052, 5167, 486, 5166, 9048, 9050, 9059, 9059, 9050, 9086, 9086, 10465, 10477, 5148, 5149, 5147, 10464, 10479, 10466, 5223, 5221, 5226, 5209, 5208, 5163, 5208, 5202, 5163, 5202, 5180, 5163, 5158, 5141, 5138, 9723, 9725, 9724, 9276, 9270, 9344, 9270, 9266, 9265, 9265, 9264, 9262, 9266, 9264, 9265, 9263, 9365, 9271, 6337, 6340, 6338, 8684, 8687, 8679, 6371, 6375, 6365, 6760, 6761, 6762, 8687, 8702, 8679, 6375, 1683, 1685, 621, 623, 759, 9615, 9616, 9618, 4302, 4286, 4287, 759, 838, 859, 5648, 5650, 4286, 4288, 4302, 4287, 9596, 9590, 1018, 9594, 9599, 9591, 5934, 4408, 5946, 5946, 4408, 4403, 5650, 5649, 9900, 4267, 4288, 4270, 5649, 5655, 9900, 4408, 4322, 4403, 4408, 4326, 4322, 4267, 4270, 4266, 5655, 5649, 5651, 4322, 4262, 4263, 4263, 4261, 4264, 4264, 4267, 4266, 5655, 5651, 9104, 5651, 9061, 9104, 5166, 486, 487, 9048, 9054, 9052, 5223, 5226, 5225, 5148, 5147, 5145, 5138, 5141, 5140, 5141, 5142, 5140, 5163, 5180, 5159, 5156, 5157, 5137, 5157, 5138, 5137, 5157, 5158, 5138, 9344, 9270, 9345, 9264, 9263, 9262, 9263, 9271, 9260, 2413, 2572, 2419, 9277, 2548, 9259, 6340, 6359, 6342, 6359, 6366, 6365, 8687, 8684, 8694, 940, 814, 941, 8702, 8720, 8703, 8787, 6881, 8765, 638, 633, 634, 582, 617, 581, 603, 601, 604, 5926, 9592, 9616, 5926, 5925, 5924, 9618, 9616, 9592, 9604, 9618, 9595, 4286, 5650, 5658, 9591, 9599, 9589, 9599, 9597, 9589, 5658, 5650, 9900, 5655, 9104, 9899, 9060, 9047, 9053, 9047, 9052, 9053, 9048, 9059, 9054, 5154, 5153, 5151, 5149, 5151, 5150, 5149, 5154, 5151, 5224, 5225, 5227, 5221, 5209, 5226, 5142, 5146, 5143, 10466, 10479, 10462, 10444, 10445, 10446, 10445, 10463, 9726, 1027, 1028, 1030, 1361, 8777, 1351, 8646, 8643, 8640, 9271, 9277, 9260, 6349, 6338, 2572, 6338, 6339, 2572, 6338, 6340, 6339, 6340, 6342, 6339, 2548, 2467, 9259, 6342, 6359, 6358, 6359, 6365, 6358, 814, 815, 941, 6365, 6375, 6373, 6375, 1685, 6373, 640, 639, 815, 8702, 8703, 8679, 640, 638, 639, 633, 629, 632, 619, 620, 621, 621, 759, 758, 5924, 5925, 5923, 9595, 9618, 9592, 759, 859, 858, 9597, 9604, 9595, 5925, 5934, 5923, 4286, 5658, 4285, 859, 938, 943, 4270, 4288, 4273, 4403, 4322, 4324, 4322, 4263, 4324, 9104, 9061, 9905, 9061, 9053, 9905, 9061, 9060, 9053, 487, 401, 493, 5162, 5161, 5160, 5162, 5166, 5161, 9086, 10477, 9115, 5224, 5227, 5228, 10477, 10462, 9115, 5146, 5145, 5144, 10477, 10466, 10462, 5140, 5142, 5143, 10479, 10444, 10447, 10444, 10446, 10447, 8523, 9344, 9345, 2169, 2308, 2187, 9270, 9265, 9267, 9265, 9262, 9267, 9262, 9263, 9260, 9277, 9256, 9260, 9277, 9259, 9256, 6342, 6358, 6344, 6762, 6784, 6783, 8679, 8703, 8697, 633, 632, 634, 604, 618, 607, 4286, 4285, 4282, 858, 859, 943, 4287, 4286, 4282, 938, 1018, 943, 5934, 5946, 5923, 9593, 9585, 9590, 4288, 4287, 4273, 9901, 9900, 9897, 5658, 9900, 9901, 9900, 9899, 9897, 9052, 9054, 9055, 9059, 9086, 9084, 9086, 9115, 9084, 4919, 5224, 5228, 5147, 5149, 5150, 5227, 5225, 5232, 5225, 5226, 5232, 5232, 5226, 5209, 5209, 5163, 5164, 5156, 5137, 5133, 10462, 10479, 10447, 10445, 9726, 10450, 9731, 9728, 9724, 9724, 9728, 9727, 9723, 9724, 9726, 2187, 2308, 2301, 2308, 2311, 2301, 9345, 9270, 9302, 9267, 9262, 9261, 1276, 1275, 1127, 9262, 9260, 9261, 2419, 2572, 2426, 2572, 6339, 2426, 6339, 6342, 6343, 8694, 8684, 8639, 8684, 8679, 8674, 632, 629, 631, 5922, 5924, 5923, 758, 759, 858, 9589, 9597, 9587, 9597, 9595, 9587, 4287, 4282, 4273, 4284, 5658, 9901, 4285, 5658, 4284, 1018, 9590, 9588, 4403, 4324, 4379, 4270, 4273, 4266, 4264, 4266, 4265, 9053, 9052, 9908, 5161, 5166, 5132, 5160, 5161, 5131, 5152, 5155, 4956, 5155, 5160, 4956, 5146, 5144, 4929, 5232, 5209, 5164, 5159, 5156, 5133, 10446, 10445, 10450, 9727, 9728, 9729, 9152, 9345, 9148, 2301, 2311, 8555, 2310, 2389, 2311, 2311, 2389, 8555, 8555, 2389, 8548, 2187, 2301, 2146, 9270, 9267, 9302, 1351, 1363, 1350, 2142, 2133, 2155, 9260, 9256, 9255, 2426, 6339, 6343, 6343, 6342, 6344, 9259, 2467, 9275, 6344, 6358, 6355, 815, 639, 853, 8674, 8679, 8677, 8679, 8697, 8677, 639, 638, 634, 5922, 5920, 5921, 5922, 5923, 5920, 4285, 4284, 4282, 943, 1018, 1017, 1018, 9588, 1017, 5923, 4403, 5941, 9588, 9590, 9582, 9590, 9585, 9582, 9591, 9583, 9585, 9591, 9589, 9583, 4266, 4273, 4272, 4275, 4263, 4265, 4263, 4264, 4265, 4265, 4266, 4268, 9899, 9104, 9897, 9104, 9905, 9896, 9905, 9053, 9904, 9908, 9052, 9909, 9052, 9055, 9909, 5166, 5239, 5132, 4956, 5160, 5131, 9054, 9059, 9056, 5150, 5151, 4943, 5150, 4952, 5147, 5228, 5227, 5232, 5144, 5145, 4928, 5147, 4928, 5145, 5147, 4952, 4928, 5164, 5163, 5136, 5136, 5163, 5135, 5135, 5159, 5134, 10450, 9726, 10451, 9726, 9727, 10451, 2301, 8555, 2300, 2141, 2140, 2142, 9261, 9260, 9253, 9253, 9260, 9255, 2426, 6343, 2558, 9256, 9259, 9257, 9259, 9275, 9257, 9275, 2467, 2464, 941, 815, 853, 6373, 1686, 6374, 634, 632, 635, 580, 581, 627, 625, 603, 609, 621, 758, 731, 9592, 5922, 9586, 802, 758, 858, 4282, 4284, 4283, 4283, 4284, 9901, 4272, 4282, 4283, 9585, 9583, 9571, 4403, 4379, 5941, 4273, 4282, 4272, 4379, 4324, 4275, 4268, 4266, 4271, 4266, 4272, 4271, 9104, 9896, 9897, 9905, 9904, 9896, 9904, 9053, 9908, 9059, 9084, 9056, 10447, 10446, 10448, 9727, 9814, 10451, 8546, 8547, 8543, 2300, 8555, 8554, 8555, 8548, 8546, 2146, 2301, 2300, 9302, 9267, 9303, 8648, 8645, 8642, 8640, 8639, 8637, 9256, 9257, 9254, 8639, 8684, 8683, 6344, 6345, 6343, 6344, 6355, 6345, 8684, 8674, 8683, 941, 853, 957, 853, 639, 764, 1686, 1706, 1708, 8677, 8697, 8696, 8738, 8750, 8696, 626, 625, 609, 604, 607, 606, 607, 618, 608, 618, 619, 608, 5920, 5923, 5941, 943, 1017, 970, 9588, 9582, 9581, 9585, 9571, 9582, 5941, 4379, 4410, 4379, 4361, 4410, 4379, 4275, 4361, 4275, 4265, 4276, 4276, 4265, 4274, 9901, 9897, 9902, 9909, 9055, 9057, 5161, 5132, 5131, 5152, 4956, 4951, 4943, 5151, 4945, 4919, 5228, 5193, 5228, 5168, 5193, 5144, 4928, 4929, 5228, 5232, 5168, 5140, 5143, 4934, 5232, 5164, 5168, 5164, 5136, 5168, 5133, 5137, 4935, 10462, 10447, 10449, 10447, 10448, 10449, 10446, 10450, 10448, 8554, 8555, 8553, 8555, 8546, 8553, 8546, 8543, 8545, 8546, 8545, 8553, 9148, 9302, 9303, 9303, 9267, 9278, 9267, 9261, 9278, 9253, 9255, 9254, 8645, 8640, 8637, 8637, 8639, 8638, 9257, 9275, 9258, 8674, 8675, 8683, 1686, 1708, 6374, 639, 634, 764, 580, 627, 628, 627, 581, 617, 603, 604, 605, 5921, 5920, 5919, 9595, 9592, 9568, 9592, 9586, 9568, 4283, 4291, 4290, 4291, 4283, 4314, 9587, 9595, 9568, 5920, 5941, 4410, 858, 943, 970, 1017, 9588, 9579, 9588, 9581, 9579, 9584, 9567, 9570, 9584, 9587, 9567, 4283, 4290, 4279, 4283, 9901, 4314, 4272, 4283, 4279, 9901, 9902, 4314, 4272, 4279, 4271, 4275, 4276, 4361, 4265, 4268, 4274, 9904, 9908, 9906, 9908, 9909, 9906, 9055, 9054, 9056, 4916, 4919, 4914, 4919, 5193, 4914, 5137, 5138, 4935, 4935, 5138, 4923, 9115, 10462, 10459, 5134, 5133, 4941, 5133, 4939, 4941, 10450, 10451, 10461, 8553, 8545, 8544, 8543, 8544, 8545, 9278, 9261, 9232, 9261, 9253, 9232, 6343, 6345, 6346, 9258, 9275, 9306, 6355, 6367, 6345, 853, 764, 873, 631, 629, 630, 629, 628, 630, 629, 580, 628, 626, 609, 617, 609, 603, 605, 606, 607, 608, 619, 621, 608, 731, 758, 802, 5919, 5920, 5917, 9568, 9586, 9561, 5917, 5920, 4410, 9570, 9567, 9565, 9587, 9568, 9567, 9582, 9580, 9581, 9582, 9571, 9580, 9583, 9570, 9571, 9583, 9584, 9570, 9902, 9897, 9895, 9897, 9896, 9895, 9896, 9904, 9892, 4945, 4951, 4948, 4952, 4943, 4942, 9115, 10459, 9084, 5139, 5168, 5130, 5168, 5136, 5130, 5140, 4934, 4923, 5130, 5135, 4958, 5136, 5135, 5130, 4958, 5134, 4941, 5135, 5134, 4958, 10462, 10460, 10459, 10462, 10449, 10460, 10449, 10448, 10470, 10448, 10450, 10461, 10451, 9814, 9754, 9303, 9278, 9150, 9253, 9254, 2162, 2162, 9254, 2163, 9254, 9258, 2208, 2427, 2558, 2475, 6343, 6346, 2558, 957, 853, 873, 8677, 8670, 8668, 8677, 8696, 8670, 8696, 8764, 8707, 605, 604, 606, 621, 731, 608, 9586, 5919, 9572, 796, 802, 863, 731, 802, 796, 802, 858, 863, 5917, 4410, 4411, 4291, 4314, 4315, 863, 858, 970, 9565, 9567, 9564, 4410, 4409, 4411, 9579, 9581, 9575, 9581, 9580, 9569, 9570, 9565, 9571, 4410, 4387, 4409, 4410, 4361, 4387, 4274, 4268, 4277, 4268, 4271, 4277, 9896, 9892, 9895, 9904, 9906, 9893, 9906, 9909, 9907, 9909, 9057, 9907, 4948, 4951, 4950, 4951, 4956, 4950, 4928, 4952, 4942, 5193, 5168, 5139, 10448, 10461, 10470, 10461, 10451, 10452, 8549, 8553, 8552, 8553, 8544, 8552, 8552, 8542, 8562, 8544, 8542, 8552, 2161, 8554, 2218, 2218, 8554, 8549, 9232, 9253, 9231, 8642, 8637, 8629, 8638, 8692, 8631, 2208, 9258, 6869, 2558, 6346, 2475, 9258, 9306, 2585, 2585, 9306, 2571, 6367, 6374, 6363, 8674, 8668, 8673, 6374, 1708, 6376, 6376, 1708, 1709, 8696, 8707, 8670, 631, 630, 643, 4291, 4315, 4308, 9564, 9561, 9560, 4290, 4291, 4298, 9581, 9569, 9575, 9571, 9569, 9580, 9571, 9565, 9569, 4290, 4298, 4289, 4271, 4279, 4289, 4279, 4290, 4289, 9892, 9904, 9893, 5239, 456, 5237, 9906, 9907, 9893, 4915, 4916, 4912, 9055, 9056, 9057, 4942, 4943, 4944, 4929, 4928, 4927, 4928, 4942, 4924, 9056, 9084, 9083, 9084, 10459, 9083, 10461, 10454, 10470, 10454, 10461, 10452, 10451, 9754, 10452, 8552, 8551, 8549, 8551, 8552, 8558, 8552, 8562, 8558, 2161, 2218, 2160, 2138, 2161, 2160, 9278, 9281, 9150, 9278, 9230, 9281, 2137, 2388, 9231, 8683, 8675, 8692, 6345, 6347, 6346, 2549, 2571, 2541, 8674, 8673, 8675, 957, 873, 1663, 873, 764, 762, 764, 634, 762, 8668, 8670, 8667, 6803, 6823, 6850, 8707, 8706, 8670, 8707, 6875, 8706, 608, 731, 732, 5916, 5918, 5917, 9561, 9572, 9559, 5918, 5919, 5917, 9564, 9560, 9562, 970, 1017, 9577, 1017, 9579, 9577, 9579, 9575, 9578, 4387, 4361, 4320, 4271, 4289, 4277, 4320, 4276, 4293, 4276, 4274, 4293, 4274, 4277, 4293, 4314, 9902, 9898, 9902, 9895, 9894, 9895, 9892, 9894, 9892, 9893, 9889, 5132, 5165, 5075, 4945, 4948, 4947, 4943, 4945, 4944, 4916, 4914, 4912, 5193, 5139, 4914, 2218, 8549, 8550, 8549, 8551, 8550, 9232, 9231, 9230, 8631, 8692, 8630, 6346, 6347, 6348, 6367, 6363, 6347, 873, 762, 888, 635, 632, 636, 632, 631, 642, 731, 796, 732, 9572, 5916, 9559, 5916, 5917, 5915, 4298, 4316, 4317, 4298, 4308, 4316, 863, 970, 978, 970, 9577, 978, 9569, 9566, 9573, 9569, 9565, 9566, 4411, 4409, 4404, 4409, 4387, 4404, 4387, 4320, 4319, 4277, 4289, 4296, 4315, 4314, 6072, 4320, 4293, 4319, 9902, 9894, 9898, 5131, 5132, 5075, 4918, 4915, 4913, 4944, 4945, 4947, 4912, 4914, 4902, 4929, 4927, 4930, 4927, 4928, 4924, 4929, 4930, 4932, 5139, 5130, 5129, 5130, 5037, 5129, 4921, 4923, 4922, 4923, 4934, 4932, 5037, 4958, 4957, 4958, 4941, 4957, 4941, 4939, 4938, 4935, 4921, 4937, 9083, 10459, 9951, 10459, 10460, 10458, 10449, 10470, 10457, 10452, 9754, 9755, 8550, 8551, 8556, 8556, 8551, 8557, 8551, 8558, 8557, 2218, 8550, 2160, 9150, 9281, 9339, 9281, 9230, 9229, 9229, 9230, 9220, 9230, 9231, 9220, 9231, 9219, 9220, 9231, 2388, 9219, 8631, 8630, 8629, 2475, 6346, 2476, 1700, 873, 888, 1663, 873, 1700, 6374, 6381, 6352, 8668, 8667, 8665, 8667, 8670, 8676, 634, 635, 762, 8670, 8706, 8676, 8706, 8705, 8676, 630, 628, 750, 9559, 5916, 5908, 5908, 5916, 5915, 4165, 4396, 4397, 4396, 6068, 4397, 4317, 4316, 4329, 4396, 4390, 6068, 796, 863, 872, 4390, 4315, 6068, 9575, 9569, 9573, 4404, 4387, 4385, 6068, 6072, 6057, 4315, 6072, 6068, 4387, 4319, 4385, 4319, 4293, 4312, 4277, 4296, 4297, 4314, 9898, 6072, 9894, 9892, 9891, 9892, 9889, 9891, 456, 466, 5237, 9893, 9907, 9888, 4956, 5131, 4950, 4948, 4949, 4947, 4948, 4950, 4949, 4915, 4912, 4913, 9056, 9083, 9058, 4923, 4932, 4922, 4939, 4935, 4938, 9951, 10459, 10458, 10449, 10457, 10458, 10470, 10454, 10457, 8556, 8557, 8560, 2130, 2149, 2143, 9219, 2388, 2144, 8692, 8675, 8691, 6348, 6347, 6350, 8675, 8673, 8678, 8678, 8673, 8671, 631, 643, 642, 627, 617, 743, 617, 609, 616, 616, 609, 615, 609, 605, 610, 9559, 5908, 9557, 4156, 5998, 5997, 4156, 4397, 5998, 4397, 6068, 5998, 5917, 4411, 5915, 9579, 9578, 9577, 9575, 9576, 9578, 4289, 4307, 4296, 4293, 4301, 4312, 4301, 4277, 4297, 9889, 9893, 9888, 4950, 5131, 5034, 4918, 4917, 4920, 4944, 4946, 4926, 4944, 4947, 4946, 9888, 9057, 9058, 9907, 9057, 9888, 4942, 4944, 4926, 9057, 9056, 9058, 4914, 5139, 4902, 9058, 9083, 9920, 9083, 9951, 9920, 10460, 10449, 10458, 10452, 9755, 10453, 8556, 8560, 8522, 9146, 9339, 9154, 9219, 2144, 2145, 8629, 8630, 8626, 8630, 8692, 8691, 8691, 8675, 8678, 6348, 6350, 6351, 6350, 6363, 6352, 8673, 8668, 8671, 8668, 8665, 8671, 6376, 1730, 6381, 762, 635, 763, 8667, 8676, 8666, 8676, 8693, 8689, 636, 632, 637, 628, 627, 746, 606, 608, 612, 5908, 5906, 9551, 5906, 5908, 5907, 5996, 5997, 5995, 5997, 5998, 5995, 5908, 5915, 5907, 809, 796, 872, 9558, 9559, 9557, 4329, 4149, 4330, 4329, 4164, 4149, 9558, 9556, 9563, 872, 863, 978, 5915, 4411, 4405, 9578, 9576, 9577, 9576, 9573, 9574, 9574, 9573, 9566, 6068, 6057, 5998, 4385, 4319, 4327, 4950, 4955, 4949, 4950, 5034, 4955, 4924, 4942, 4926, 4902, 5139, 5129, 9951, 10458, 9950, 10452, 10453, 10454, 10453, 9755, 9757, 9756, 9758, 9757, 8556, 8522, 8520, 8550, 8520, 2203, 9220, 9219, 9217, 1334, 8636, 1339, 2145, 2143, 2166, 8636, 8629, 8635, 6348, 6351, 2523, 6350, 6352, 6351, 8667, 8666, 8665, 8676, 8689, 8666, 746, 627, 743, 612, 608, 732, 4166, 4168, 5992, 4168, 5994, 5992, 4168, 5995, 5994, 4168, 5996, 5995, 732, 796, 809, 978, 9577, 9555, 4307, 4317, 4329, 4404, 4385, 4386, 5998, 6057, 6038, 4296, 4307, 4310, 4319, 4312, 4327, 6072, 9898, 9903, 9898, 9880, 9903, 9898, 9894, 9880, 7727, 7713, 7716, 466, 450, 5238, 5075, 5074, 5034, 4927, 4924, 4925, 4922, 4932, 4933, 7725, 7966, 7765, 10458, 10457, 9991, 10457, 10454, 10455, 9757, 9758, 9760, 9217, 9219, 9216, 9219, 2145, 9216, 9216, 2145, 9173, 2145, 2166, 9173, 2166, 2204, 9173, 8678, 8671, 8672, 1700, 888, 986, 888, 762, 887, 762, 837, 887, 762, 763, 837, 6381, 1730, 6382, 635, 636, 763, 632, 642, 637, 643, 630, 750, 750, 628, 748, 628, 746, 748, 617, 616, 743, 605, 611, 610, 5906, 5909, 5910, 5906, 5907, 5909, 4330, 4149, 4148, 5907, 5915, 5909, 5995, 5998, 6038, 9574, 9566, 9553, 9555, 9577, 9576, 9576, 9574, 9554, 4386, 4327, 4380, 4297, 4310, 4311, 4297, 4296, 4310, 6057, 9903, 9866, 9880, 9891, 9890, 9894, 9891, 9880, 9891, 9887, 9890, 9891, 9889, 9887, 4920, 4917, 4859, 9889, 9888, 9885, 4947, 4953, 4946, 4947, 4949, 4953, 4924, 4926, 4925, 9888, 9886, 9885, 4930, 4927, 4932, 9888, 9058, 9886, 5129, 5037, 4910, 4910, 5037, 4957, 4938, 4937, 4940, 9950, 10458, 9991, 9991, 10457, 10052, 10454, 10453, 10455, 9757, 9760, 10076, 2203, 8520, 2240, 8520, 8521, 2240, 9154, 9339, 9151, 9339, 9281, 9280, 9281, 9229, 9280, 9173, 2204, 2205, 9173, 2205, 9164, 8629, 8628, 8632, 8691, 8678, 8688, 8678, 8672, 8688, 2523, 6351, 2545, 6351, 6352, 2545, 6352, 6356, 2545, 6381, 6382, 6383, 8665, 8666, 8662, 1730, 1729, 6382, 8689, 8690, 8666, 609, 610, 614, 605, 606, 612, 5990, 5994, 6037, 5906, 5912, 9551, 5906, 5910, 5912, 5994, 5995, 6037, 732, 809, 808, 5910, 5909, 5911, 4332, 4148, 4135, 809, 872, 889, 9563, 9556, 9553, 5909, 4405, 4406, 9576, 9554, 9555, 9554, 9574, 9553, 4405, 4404, 4386, 6038, 6057, 6063, 6057, 9866, 6063, 5074, 5238, 5064, 9889, 9885, 9887, 7720, 7726, 7721, 4917, 4913, 4892, 4946, 4953, 4954, 4913, 4912, 4888, 4912, 4902, 4888, 4902, 5129, 4910, 9058, 9920, 9886, 9886, 9920, 9913, 9920, 9951, 9925, 9951, 9950, 9925, 9925, 9950, 9946, 9950, 9949, 9946, 9950, 9991, 9949, 10457, 10455, 10052, 10455, 10453, 10456, 9759, 9761, 9760, 9760, 9761, 8059, 9151, 9339, 9341, 9229, 9221, 9280, 9216, 9173, 9164, 2193, 1912, 2205, 2205, 9162, 9164, 2205, 1912, 9162, 2545, 6356, 6357, 8662, 8666, 8669, 8666, 8690, 8669, 5985, 5990, 6059, 5989, 5990, 5985, 5912, 5910, 5911, 5990, 6023, 6059, 5990, 6037, 6023, 4141, 4128, 4130, 9553, 9556, 9543, 4406, 4405, 4395, 9555, 9554, 9552, 4405, 4386, 4395, 4386, 4380, 4395, 4327, 4312, 4318, 6063, 9866, 9855, 5034, 5064, 5009, 5034, 5074, 5064, 4949, 4955, 4961, 4917, 4892, 4859, 4954, 4953, 4963, 9885, 9883, 9887, 9885, 9884, 9883, 9885, 9886, 9884, 4933, 4932, 4931, 4910, 4957, 4960, 4940, 4937, 4936, 4937, 4922, 4936, 7943, 7866, 7876, 9913, 9925, 9945, 9946, 9949, 9948, 9991, 10052, 9983, 10455, 10054, 10052, 10455, 10456, 10054, 9757, 10076, 10453, 7640, 9144, 9147, 2240, 8521, 8559, 9339, 9280, 9341, 9221, 9217, 9218, 1159, 1232, 1224, 9216, 9164, 9215, 9215, 9164, 9199, 9162, 9160, 9164, 9162, 1913, 9160, 8628, 8627, 8632, 8626, 8691, 8624, 986, 887, 977, 6383, 6382, 6387, 837, 763, 765, 6382, 1745, 6384, 1729, 1745, 6382, 763, 636, 765, 8669, 8712, 8700, 615, 609, 614, 611, 605, 612, 5984, 5985, 5978, 5984, 5989, 5985, 4146, 4175, 4176, 612, 732, 789, 6059, 6023, 5985, 9551, 5912, 9546, 4141, 4126, 4128, 4143, 4126, 4141, 4332, 4135, 4127, 4135, 4129, 4127, 808, 809, 889, 5909, 4406, 4416, 6037, 5995, 6038, 975, 9555, 9549, 9555, 9552, 9549, 4406, 4395, 4402, 4312, 4311, 4318, 6038, 6063, 6061, 9866, 9876, 9855, 9866, 9880, 9876, 7713, 7711, 7714, 9880, 9890, 9881, 4955, 5034, 5009, 9890, 9887, 9881, 4953, 4962, 4963, 4949, 4962, 4953, 4966, 4954, 4963, 4888, 4902, 4894, 4931, 4925, 4969, 4902, 4910, 4894, 9884, 9886, 9913, 4938, 4940, 4959, 7866, 7865, 7876, 9945, 9946, 9947, 9946, 9948, 9947, 10052, 9992, 9983, 10052, 10054, 9992, 10456, 10453, 10055, 10076, 8059, 8056, 10076, 9760, 8059, 2239, 2240, 8559, 9280, 9221, 9279, 9221, 9218, 9279, 9217, 9198, 9218, 9217, 9216, 9198, 9216, 9215, 9198, 9164, 9160, 9199, 1913, 1903, 1919, 1913, 1919, 9160, 9160, 1919, 9159, 8691, 8688, 8624, 2545, 6357, 2526, 6357, 6364, 2526, 6357, 6383, 6364, 6382, 6384, 6387, 765, 637, 795, 636, 637, 765, 642, 643, 760, 643, 750, 760, 5985, 6023, 6027, 789, 732, 808, 5913, 5912, 4641, 5912, 5911, 4641, 5911, 5909, 4641, 5909, 4416, 4641, 4333, 4332, 4334, 9553, 9543, 9534, 9552, 9554, 9541, 9554, 9553, 9541, 4395, 4380, 4384, 6060, 6038, 6061, 9876, 9880, 9879, 9880, 9881, 9879, 4961, 4955, 5009, 4856, 4859, 4858, 4859, 4892, 4858, 4892, 4888, 4858, 9884, 9911, 9882, 4894, 4910, 4901, 9947, 9948, 9952, 7863, 7894, 7898, 9948, 9982, 9952, 9948, 9949, 9982, 9949, 9983, 9982, 7896, 7895, 7897, 10054, 10456, 10055, 10055, 10453, 10053, 10453, 10076, 10053, 10053, 10076, 8056, 9280, 9340, 9341, 9340, 9280, 9279, 9198, 9215, 9199, 9199, 9160, 9181, 8635, 8632, 8634, 9160, 9159, 9163, 8632, 8627, 8633, 9159, 1919, 1892, 9163, 9159, 9158, 1919, 1888, 1892, 9159, 1892, 1923, 8671, 8665, 8672, 8665, 8662, 8663, 887, 837, 897, 6384, 1745, 1754, 8664, 8700, 8699, 4174, 5981, 4160, 5976, 5977, 5974, 5974, 5978, 6039, 6039, 5978, 6027, 5978, 5985, 6027, 4065, 4176, 4064, 6027, 6023, 6021, 4339, 4127, 4348, 4334, 4332, 4339, 808, 889, 875, 9543, 9544, 9536, 6023, 6037, 6022, 6037, 6038, 6022, 9549, 9552, 9539, 6022, 6038, 6060, 9541, 9553, 9534, 4402, 4395, 4384, 4384, 4360, 4366, 4380, 4360, 4384, 4360, 4318, 4355, 4318, 4311, 4323, 5238, 405, 5240, 5238, 5240, 5065, 9881, 9887, 9883, 4858, 4888, 4872, 4946, 4966, 4965, 4888, 4894, 4889, 4925, 4926, 4964, 7746, 7940, 7941, 4933, 4931, 4975, 4901, 4910, 4986, 4910, 4960, 4986, 4936, 4933, 4976, 9911, 9924, 9914, 7940, 7878, 7941, 7878, 7866, 7941, 9945, 9953, 9954, 7860, 7862, 7863, 9952, 9982, 10000, 7896, 7894, 7895, 7897, 7923, 8013, 10054, 10006, 9992, 10054, 10055, 10006, 8060, 8058, 8059, 8056, 8058, 8051, 8059, 8058, 8056, 2239, 8559, 8561, 8559, 7638, 8561, 9155, 9341, 9367, 9341, 9340, 9366, 2157, 2125, 2126, 9198, 9199, 9181, 9181, 9160, 9211, 9160, 9163, 9211, 9158, 9159, 1923, 8633, 8627, 8622, 1923, 1891, 9158, 8672, 8665, 8663, 2526, 6364, 2499, 837, 765, 897, 8669, 8664, 8662, 8699, 6888, 8754, 748, 746, 749, 614, 610, 613, 5975, 5974, 5973, 5975, 5976, 5974, 5974, 6039, 6051, 4068, 4066, 4122, 6027, 6021, 6024, 5913, 4641, 4640, 831, 808, 875, 789, 808, 831, 4339, 4348, 5742, 4333, 4334, 4335, 6023, 6022, 6021, 875, 889, 975, 9534, 9543, 9536, 9541, 9533, 9539, 6061, 6063, 6062, 6063, 9852, 6062, 6063, 9855, 9852, 4856, 4855, 4853, 4962, 4961, 4981, 9881, 9883, 9882, 4856, 4858, 4855, 4966, 4963, 4967, 4967, 4963, 4968, 4963, 4962, 4968, 9882, 9911, 9914, 4894, 4901, 4889, 4972, 4969, 4971, 4986, 4960, 4959, 4933, 4975, 4976, 7940, 7927, 7878, 9924, 9954, 9944, 9947, 9952, 9953, 10002, 9952, 10000, 7897, 7895, 7923, 9982, 9992, 10004, 1277, 1343, 1280, 9158, 9161, 9163, 9158, 1891, 9161, 9161, 1891, 1889, 2499, 6364, 2527, 6387, 6384, 6389, 6384, 1754, 6389, 8754, 6907, 8698, 743, 616, 744, 5972, 5974, 6070, 4098, 4145, 4059, 5974, 6051, 6070, 6039, 6027, 6024, 4063, 4121, 4066, 5913, 4640, 5914, 4066, 4121, 4122, 9547, 9550, 9542, 4641, 4416, 4414, 4334, 4339, 4358, 875, 975, 966, 975, 9549, 1019, 9549, 9540, 1019, 4416, 4402, 4407, 4366, 4360, 4355, 6060, 6061, 6062, 5240, 405, 406, 4961, 5009, 5008, 9881, 9882, 9878, 4965, 4966, 4967, 7745, 7942, 7940, 4888, 4889, 4872, 4971, 4969, 4970, 9914, 9924, 9944, 7878, 7864, 7866, 7865, 7864, 7860, 7894, 7846, 7895, 7861, 7846, 7894, 7895, 7922, 7923, 7923, 7922, 7921, 10004, 9992, 10006, 10055, 10010, 10006, 10055, 10053, 10010, 8056, 7992, 10053, 2239, 8561, 2236, 2188, 2236, 2125, 9366, 9340, 9305, 9305, 9279, 9196, 9218, 9198, 9196, 1900, 1893, 1899, 9177, 9211, 9206, 1899, 1893, 1886, 9211, 9163, 9206, 9163, 9161, 9165, 8633, 8622, 8619, 9161, 1889, 1890, 9161, 1890, 9165, 6364, 6390, 2527, 8663, 8662, 8660, 8664, 8698, 8657, 8698, 8757, 8716, 637, 642, 761, 642, 760, 761, 746, 743, 744, 613, 610, 611, 5970, 5972, 5971, 5972, 6070, 5971, 790, 612, 789, 4063, 4060, 4118, 4063, 4118, 4121, 5914, 4640, 4637, 4640, 4641, 4414, 4416, 4407, 4414, 4323, 4338, 4342, 4323, 4336, 4338, 4366, 4355, 4350, 6062, 9852, 9864, 9855, 9854, 9852, 9855, 9867, 9854, 9855, 9876, 9867, 9867, 9876, 9875, 9876, 9879, 9875, 4961, 5008, 4989, 9879, 9878, 9875, 9879, 9881, 9878, 9878, 9882, 9910, 4889, 4901, 4893, 4986, 4959, 4987, 9956, 9955, 9944, 7864, 7858, 7860, 7860, 7859, 7861, 9953, 10002, 9986, 7895, 7846, 7922, 7921, 7856, 7920, 7922, 7856, 7921, 10053, 10018, 10010, 10053, 7992, 10018, 2236, 8561, 2238, 9366, 9368, 9380, 9366, 9305, 9368, 2125, 2237, 2206, 9196, 9198, 9179, 9198, 9181, 9179, 8634, 8633, 8621, 9163, 9165, 9206, 9165, 1890, 1914, 9165, 1914, 9166, 9166, 1914, 1879, 8624, 8688, 8625, 8625, 8688, 8681, 8688, 8672, 8681, 8681, 8672, 8660, 8672, 8663, 8660, 8662, 8658, 8660, 8658, 8662, 8664, 765, 884, 897, 765, 795, 884, 1753, 1752, 6389, 8657, 8716, 8717, 637, 761, 795, 750, 748, 760, 4161, 5986, 4055, 5969, 5970, 5968, 5970, 5971, 5968, 611, 612, 790, 6051, 6039, 6035, 6035, 6024, 6025, 790, 789, 832, 832, 789, 831, 4607, 5914, 4637, 4637, 4640, 4414, 6024, 6021, 6020, 4414, 4407, 4383, 4338, 4336, 4337, 4336, 4335, 4337, 4383, 4366, 4365, 5008, 5065, 5066, 4981, 4961, 4989, 4985, 4962, 4981, 9875, 9878, 9877, 4855, 4858, 4860, 4983, 4965, 4982, 4965, 4967, 4982, 4858, 4872, 4860, 4893, 4901, 5028, 5028, 4986, 4991, 4901, 4986, 5028, 4991, 4986, 4987, 4987, 4959, 4978, 7927, 7877, 7878, 7878, 7877, 7864, 7859, 7850, 7861, 10002, 9980, 9986, 7861, 7850, 7846, 7846, 7845, 7922, 9981, 10004, 9989, 7920, 7957, 7960, 9368, 9305, 9307, 9305, 9196, 9180, 9196, 9179, 9180, 9181, 9177, 9179, 1343, 8634, 1342, 9167, 9165, 9166, 8619, 8622, 8620, 9166, 1879, 1908, 9166, 1908, 9167, 9167, 1908, 7645, 7645, 1908, 1904, 8624, 8625, 8623, 981, 897, 884, 6387, 6389, 6396, 8658, 8664, 8657, 8657, 8717, 8718, 748, 772, 760, 5966, 5969, 5968, 5971, 6051, 6035, 4118, 4113, 4116, 9542, 9550, 9528, 4117, 4115, 5738, 869, 831, 875, 5737, 4117, 5738, 6025, 6024, 6020, 4637, 4414, 4639, 4344, 4393, 4343, 4344, 4358, 4393, 203, 223, 265, 4366, 4350, 4365, 4350, 4342, 4341, 4342, 4338, 4341, 4338, 4337, 4341, 6060, 6062, 6064, 6062, 9832, 6064, 6062, 9864, 9832, 406, 434, 5240, 4849, 4853, 4851, 4851, 4853, 4854, 4967, 4968, 4990, 9877, 9878, 9870, 4970, 4964, 4984, 9878, 9910, 9870, 9910, 9923, 9870, 4889, 4893, 4880, 4972, 4971, 4973, 7929, 7928, 7927, 4978, 4976, 4979, 4979, 4976, 4977, 7927, 7928, 7877, 9955, 9956, 9943, 7860, 7858, 7859, 7850, 7843, 7846, 9990, 10010, 10009, 10018, 7992, 10009, 10009, 7992, 7990, 7960, 7990, 7992, 6168, 9380, 9392, 2206, 2238, 2283, 9307, 9305, 9180, 9206, 9165, 9205, 9165, 9167, 9205, 9167, 7645, 9168, 9168, 7645, 7644, 7644, 1904, 1897, 7645, 1904, 7644, 8620, 8624, 8623, 8658, 8657, 8655, 795, 824, 884, 8657, 8680, 8656, 8680, 8718, 8751, 795, 761, 824, 1752, 1768, 6389, 761, 760, 772, 746, 744, 747, 744, 616, 752, 616, 615, 752, 615, 614, 753, 5962, 5966, 5967, 5967, 5968, 6050, 5968, 5971, 6050, 5971, 6035, 6036, 4054, 4062, 4058, 4606, 4607, 4604, 4607, 4637, 4604, 5738, 4115, 4114, 869, 875, 966, 4383, 4392, 4414, 4335, 4343, 4340, 6020, 6021, 6019, 4365, 4350, 4357, 6022, 6060, 6064, 9852, 9853, 9838, 9854, 9867, 9853, 4981, 4992, 4985, 4981, 4989, 4992, 4860, 4872, 4880, 4973, 4971, 4980, 4972, 4973, 4974, 4978, 4988, 4987, 7877, 7858, 7864, 9955, 9943, 9942, 7859, 7849, 7850, 7849, 7847, 7850, 7847, 7843, 7850, 9980, 9981, 9975, 7856, 7857, 7920, 10009, 10003, 9990, 7990, 7991, 10009, 2238, 8563, 2284, 2283, 2238, 2231, 9380, 9368, 9307, 2206, 2283, 2118, 9180, 9179, 9178, 9177, 9206, 9207, 9207, 9206, 9201, 9206, 9205, 9201, 9167, 9168, 9205, 7644, 1897, 1898, 9168, 7644, 9169, 9169, 1898, 9170, 7644, 1898, 9169, 1898, 1894, 9170, 8625, 8681, 8682, 8681, 8660, 8682, 6391, 6396, 6392, 6396, 6389, 6395, 6389, 1768, 6393, 8680, 8751, 8752, 749, 746, 766, 766, 746, 747, 4169, 5964, 5961, 5964, 5963, 5961, 5963, 5962, 5961, 6050, 5971, 6036, 832, 831, 869, 4637, 4639, 4634, 4639, 4414, 4394, 869, 966, 967, 4414, 4392, 4394, 4383, 4365, 4374, 4350, 4341, 4357, 6021, 6022, 6019, 6022, 6064, 6065, 9864, 9852, 9848, 9848, 9852, 9839, 9852, 9838, 9839, 4849, 4851, 4850, 5008, 5066, 5061, 9867, 9865, 9853, 4989, 5008, 5027, 9867, 9875, 9865, 9875, 9877, 9865, 4982, 4997, 5005, 7953, 7948, 7929, 7929, 7948, 7928, 4991, 4987, 4993, 7877, 7868, 7858, 9986, 9971, 9943, 9980, 9975, 9970, 7957, 7857, 7958, 7958, 7959, 7991, 8563, 6161, 2313, 9392, 9380, 9384, 9384, 9380, 9355, 9380, 9307, 9355, 9307, 9180, 9182, 9182, 9180, 9178, 9179, 9176, 9178, 9176, 9177, 9175, 1198, 1206, 1205, 8619, 8610, 8615, 9170, 1894, 1896, 9169, 9170, 9171, 9171, 1896, 1895, 9170, 1896, 9171, 2517, 6391, 1495, 8657, 8656, 8655, 824, 893, 884, 8680, 8752, 8756, 824, 761, 816, 6393, 1768, 6394, 1768, 1841, 6394, 761, 772, 816, 4177, 5960, 4162, 4177, 5959, 5960, 4177, 5961, 5959, 5962, 5967, 5959, 613, 611, 767, 4605, 4604, 4603, 4605, 4606, 4604, 4604, 4637, 4634, 869, 967, 979, 6025, 6020, 6017, 4392, 4374, 4391, 6019, 6022, 6065, 9853, 9865, 9851, 4854, 4860, 4861, 9877, 9870, 9865, 4980, 4984, 5003, 9870, 9923, 9921, 7953, 7951, 7948, 4890, 5028, 5036, 4975, 4974, 5000, 4974, 4973, 5000, 7928, 7871, 7877, 9932, 9942, 9931, 9942, 9943, 9931, 7848, 7839, 7847, 7847, 7839, 7843, 9981, 9977, 9975, 7843, 7844, 7845, 9981, 9989, 9977, 9989, 9988, 9977, 7855, 7884, 7857, 7857, 7884, 7959, 7991, 7959, 8010, 9307, 9182, 9355, 9175, 9177, 9207, 2103, 2101, 2197, 9207, 9201, 9200, 1342, 8621, 1344, 1874, 1873, 1870, 9168, 9169, 9172, 9169, 9171, 9172, 9171, 1895, 1917, 9172, 1917, 9157, 9171, 1917, 9172, 8623, 8625, 8609, 1917, 1884, 9157, 8625, 8682, 1909, 8661, 8660, 7182, 8682, 8660, 8661, 7182, 8658, 7181, 8658, 8655, 7181, 6391, 6392, 1495, 8655, 8656, 8654, 8680, 8686, 8656, 824, 816, 893, 8756, 6859, 8686, 772, 749, 794, 749, 766, 794, 752, 615, 753, 4167, 5960, 5959, 614, 613, 753, 7179, 5967, 6050, 611, 790, 767, 6036, 6035, 6026, 6035, 6025, 6026, 5728, 5732, 8540, 790, 832, 833, 4603, 4604, 4602, 833, 832, 878, 878, 832, 869, 6025, 6017, 6026, 2373, 2358, 5744, 2358, 6000, 5744, 4634, 4639, 4389, 4345, 4340, 4349, 4357, 4341, 4356, 442, 373, 385, 9864, 9848, 9832, 4724, 4850, 4852, 9838, 9853, 9851, 4850, 4851, 4852, 4851, 4854, 4857, 9851, 9865, 9850, 4984, 4983, 5006, 4983, 5007, 5006, 9865, 9870, 9850, 4973, 5003, 5000, 9923, 9930, 9921, 5028, 4991, 4993, 4993, 4988, 4994, 4998, 4975, 5000, 7948, 7875, 7928, 9943, 9979, 9931, 9943, 9971, 9979, 7858, 7851, 7849, 9975, 9969, 9970, 7884, 7886, 7959, 10038, 7991, 8010, 7959, 7968, 8010, 8010, 7968, 8007, 2232, 2284, 2313, 9355, 9182, 9183, 9175, 9207, 9200, 9200, 9201, 9197, 9201, 9205, 9204, 1870, 1869, 1868, 9172, 9157, 7150, 9157, 1884, 1920, 7150, 1920, 9156, 9157, 1920, 7150, 1920, 1876, 9156, 1495, 6392, 1521, 6392, 6395, 1521, 8656, 8686, 8659, 816, 903, 893, 8659, 8686, 8685, 6859, 6858, 8686, 816, 772, 820, 766, 747, 794, 4134, 5958, 4133, 4134, 5959, 5958, 4134, 4167, 5959, 4077, 4134, 4088, 5959, 7179, 5958, 7179, 6050, 6054, 767, 790, 829, 4600, 4603, 4602, 5733, 4151, 8539, 5733, 5743, 4151, 790, 833, 829, 5743, 4110, 4151, 5999, 6000, 2358, 5999, 2379, 6000, 6000, 2379, 2380, 4382, 4391, 4371, 6017, 6020, 6019, 6064, 9832, 9831, 4719, 4724, 4722, 9832, 9848, 9837, 4724, 4852, 4722, 4852, 4731, 4722, 4985, 4992, 5012, 9851, 9850, 9844, 5005, 4997, 5013, 4878, 4890, 4887, 4977, 4998, 4996, 7947, 7875, 7948, 7928, 7875, 7871, 7868, 7871, 7851, 7851, 7848, 7849, 7844, 7853, 7855, 7855, 7881, 7884, 10003, 10036, 9988, 10003, 10038, 10036, 7959, 7886, 7968, 10038, 8010, 10037, 9384, 9355, 9356, 2118, 2194, 2119, 9182, 9178, 9183, 9178, 9176, 9174, 9201, 9202, 9197, 9205, 9168, 9212, 9168, 9172, 9212, 8615, 8610, 8606, 9156, 1909, 8661, 9156, 1876, 1909, 9156, 8661, 7150, 8661, 7182, 7150, 7182, 7148, 7150, 7182, 7181, 7148, 7181, 8655, 7180, 8656, 8659, 8654, 987, 903, 995, 816, 820, 903, 820, 772, 819, 6394, 1834, 4642, 772, 794, 819, 752, 753, 777, 4158, 5979, 4089, 4158, 5958, 5979, 4077, 4088, 4078, 5958, 7179, 7178, 753, 613, 778, 780, 613, 797, 613, 767, 797, 4600, 4608, 4643, 5733, 4153, 8537, 5733, 8539, 4153, 8539, 4150, 4153, 6036, 6026, 6029, 4600, 4601, 4608, 4600, 4602, 4601, 4601, 4602, 4633, 4602, 4632, 4633, 4602, 4604, 4632, 4604, 4634, 4632, 878, 979, 993, 5999, 2354, 2379, 2354, 2375, 2379, 4632, 4634, 1526, 6026, 6017, 6028, 4634, 4389, 1526, 9832, 9820, 9831, 9832, 9837, 9820, 4731, 4852, 4862, 5012, 4992, 5026, 5027, 5033, 5026, 9838, 9851, 9844, 9850, 9870, 9912, 7973, 7952, 7951, 9912, 9870, 9921, 4999, 5000, 5001, 5000, 5002, 5001, 5000, 5003, 5002, 5003, 5004, 5002, 4977, 4996, 4995, 7851, 7852, 7848, 9971, 9964, 9979, 9988, 10036, 10041, 10037, 8010, 7969, 7968, 7969, 8007, 8010, 8007, 7969, 2313, 2363, 2232, 9356, 9355, 9183, 9183, 9178, 9184, 9178, 9174, 9184, 9174, 9176, 9175, 9175, 9200, 9197, 1265, 1266, 1218, 9201, 9204, 9202, 9204, 9205, 9212, 9212, 9172, 9226, 9172, 7150, 9226, 7150, 7149, 9226, 8653, 1911, 8607, 7150, 7148, 7149, 7180, 8655, 7172, 8655, 8654, 7172, 2537, 2539, 6838, 6841, 6152, 6840, 8654, 8659, 7168, 6395, 6393, 1498, 6393, 6394, 1520, 8685, 6852, 4598, 6853, 6852, 8685, 747, 744, 779, 777, 753, 778, 7178, 7179, 6054, 778, 613, 780, 8536, 4157, 8538, 8536, 8537, 4157, 8537, 4154, 4157, 6036, 6029, 6034, 797, 767, 830, 4610, 4608, 4609, 4608, 4601, 4609, 767, 829, 830, 6029, 6026, 6028, 829, 833, 904, 833, 878, 904, 4389, 4381, 1526, 4382, 4371, 4381, 6019, 6065, 6069, 6065, 6064, 9831, 9839, 9838, 9837, 4857, 4870, 4868, 5016, 5005, 5014, 9844, 9850, 9849, 7759, 7952, 7973, 4870, 4861, 4879, 9850, 9912, 9849, 7952, 7947, 7951, 4998, 4999, 4996, 9921, 9928, 9922, 7871, 7870, 7851, 7872, 7870, 7871, 7851, 7870, 7852, 7848, 7852, 7837, 9970, 9969, 9967, 9977, 9988, 9987, 9384, 9356, 9357, 9174, 9175, 9189, 9190, 9197, 9195, 9175, 9197, 9190, 9197, 9202, 9203, 7149, 7153, 9226, 7149, 7147, 7153, 7147, 7149, 7148, 8607, 1921, 8605, 7148, 7181, 7146, 7181, 7180, 7146, 7172, 8654, 7168, 2539, 2580, 6152, 6840, 6152, 6153, 995, 903, 998, 8659, 8685, 7162, 8685, 7163, 7162, 7163, 4598, 4594, 820, 819, 903, 1520, 1838, 4631, 4642, 1838, 1520, 819, 794, 825, 1843, 1846, 4631, 794, 747, 779, 744, 752, 779, 779, 752, 777, 4101, 5979, 7183, 4101, 4163, 5979, 5979, 5958, 7178, 6054, 6050, 6041, 8536, 8538, 4170, 8538, 4131, 4170, 4611, 4610, 4609, 4601, 4625, 4609, 4601, 4633, 4625, 904, 878, 993, 4633, 4632, 1524, 1524, 4632, 1526, 6028, 6017, 6032, 1526, 4381, 4372, 4369, 4359, 4367, 4359, 4363, 4367, 6017, 6019, 6018, 6069, 6065, 9857, 6065, 9831, 9857, 9820, 9837, 9816, 9837, 9818, 9816, 9837, 9838, 9818, 4864, 4857, 4868, 9838, 9840, 9818, 9838, 9844, 9840, 9844, 9849, 9840, 5006, 5007, 5017, 5004, 5017, 5021, 7952, 7949, 7947, 5010, 4994, 4995, 9921, 9922, 9912, 7947, 7946, 7875, 7839, 7840, 7842, 9988, 10041, 9987, 9189, 9175, 9190, 9195, 9197, 9203, 8616, 8615, 8613, 8615, 8606, 8613, 7147, 7146, 7145, 7147, 7148, 7146, 7147, 7152, 7153, 7147, 7145, 7152, 7146, 7180, 7144, 7180, 7172, 7144, 6150, 6152, 6151, 6911, 6916, 6915, 6928, 6916, 6911, 6154, 6153, 6150, 7168, 8659, 7162, 7162, 7163, 7158, 998, 903, 997, 903, 819, 910, 1520, 4631, 1517, 819, 825, 910, 825, 794, 818, 4631, 4627, 4626, 1846, 4627, 4631, 794, 779, 818, 4101, 4588, 4092, 4101, 7183, 4588, 7178, 6054, 7177, 8534, 4171, 8535, 8534, 8536, 4171, 4611, 4609, 4612, 850, 797, 830, 830, 829, 905, 829, 904, 905, 9496, 9492, 9491, 9495, 9498, 9488, 9831, 9819, 9857, 5245, 463, 5247, 9831, 9820, 9819, 4718, 4722, 4731, 4731, 4862, 4863, 7740, 7741, 7758, 4863, 4862, 4864, 4868, 4870, 4874, 5007, 5016, 5018, 9928, 9929, 9922, 7870, 7869, 7852, 7842, 7840, 7854, 7854, 7882, 7853, 10036, 10032, 10041, 7885, 7888, 7887, 9183, 9184, 9185, 9203, 9202, 9208, 9204, 9212, 9213, 2021, 2020, 1867, 9212, 9226, 9225, 8606, 8608, 8613, 8564, 8565, 8593, 7145, 7144, 7143, 7145, 7146, 7144, 7145, 7143, 7152, 7143, 7144, 7142, 7142, 7144, 1851, 7144, 7171, 1851, 7144, 7172, 7171, 7171, 7172, 7170, 7172, 7168, 7170, 6150, 6151, 6148, 7170, 7168, 7169, 6154, 6150, 6149, 7169, 7168, 7164, 2371, 6154, 2296, 6927, 7643, 6923, 7168, 7162, 7164, 7643, 1480, 6923, 1520, 1505, 1498, 1505, 1520, 1506, 7158, 7157, 7155, 818, 779, 835, 779, 777, 821, 4092, 4588, 4094, 4588, 7183, 7175, 7183, 7178, 7175, 7183, 5979, 7178, 777, 778, 822, 778, 823, 822, 778, 780, 823, 8534, 8535, 4182, 797, 848, 780, 4613, 4612, 4609, 8535, 4096, 4155, 797, 850, 848, 850, 830, 905, 6030, 6034, 6029, 6029, 6028, 6030, 905, 996, 1002, 9488, 9482, 9479, 4625, 4633, 4638, 4638, 1524, 1523, 4638, 4633, 1524, 6032, 6017, 6015, 6018, 6058, 6055, 6018, 6019, 6058, 6019, 6069, 6058, 4716, 4719, 4718, 4731, 4863, 4718, 5018, 5016, 5019, 5016, 5020, 5019, 5016, 5014, 5020, 5017, 5007, 5018, 5023, 5002, 5022, 5002, 5021, 5022, 4887, 5036, 5062, 5001, 5002, 5023, 5015, 5010, 5029, 4996, 4999, 5024, 9976, 9987, 9984, 10041, 10032, 10042, 7883, 7891, 7885, 2365, 6164, 2366, 1943, 2364, 1952, 9183, 9185, 9186, 9184, 9174, 9185, 9174, 9189, 9185, 9191, 9189, 9190, 9190, 9195, 9192, 9195, 9203, 9209, 2083, 2108, 1990, 9202, 9204, 9208, 1353, 8616, 8613, 9226, 7153, 9228, 7153, 7152, 9228, 8608, 8592, 8596, 7152, 9293, 9228, 7140, 7143, 7142, 7152, 7143, 7140, 7152, 7140, 7151, 8593, 8594, 8576, 7140, 7142, 7141, 7141, 1851, 1849, 7142, 1851, 7141, 7140, 7141, 6146, 7140, 6146, 7151, 6146, 7141, 1907, 7141, 1850, 1907, 7141, 1849, 1850, 6149, 6148, 1918, 6154, 6149, 2331, 6150, 6148, 6149, 2296, 6154, 2331, 2305, 2296, 2085, 7164, 7162, 7161, 9393, 1502, 9360, 1502, 1503, 9360, 7157, 4599, 7156, 825, 879, 910, 4596, 4569, 4599, 825, 818, 879, 1517, 4626, 1497, 4631, 4626, 1517, 818, 835, 879, 4626, 4627, 4623, 4623, 4622, 4621, 779, 821, 835, 7184, 4588, 7175, 777, 822, 821, 7175, 7178, 7176, 7178, 7177, 7176, 2335, 8534, 2336, 4615, 4613, 4614, 7177, 6054, 6053, 8534, 4182, 8533, 780, 848, 823, 4182, 8535, 4181, 8535, 4155, 4181, 4613, 4609, 4614, 6041, 6034, 6033, 9487, 9493, 9469, 6033, 6034, 6030, 848, 850, 906, 850, 905, 906, 4609, 4625, 4628, 905, 1002, 906, 6030, 6028, 6031, 6028, 6032, 6031, 1523, 1524, 1515, 6015, 6017, 6016, 6017, 6018, 6016, 4711, 4716, 4715, 6069, 9857, 6058, 4716, 4718, 4717, 9819, 9820, 9816, 4718, 4863, 4865, 5042, 5026, 5053, 9841, 9818, 9840, 9849, 9912, 9869, 9869, 9912, 9915, 4995, 4996, 5024, 9912, 9922, 9915, 7872, 7873, 7870, 9961, 9964, 9963, 7852, 7869, 7838, 9968, 9969, 9985, 7836, 7841, 7840, 7840, 7841, 7854, 7854, 7913, 7882, 7883, 7892, 7891, 6164, 9357, 9353, 2177, 2232, 1943, 9353, 9357, 9186, 9357, 9356, 9186, 9190, 9192, 9191, 9192, 9195, 9209, 9203, 9208, 9209, 9208, 9204, 9210, 9204, 9213, 9210, 9225, 9226, 9228, 7152, 7151, 9293, 8593, 8576, 8592, 1907, 1850, 1883, 7154, 6921, 7151, 7171, 7169, 8576, 6144, 6146, 6145, 7154, 6146, 6144, 7154, 6144, 6921, 6146, 1906, 6145, 6146, 1907, 1906, 6145, 1906, 6147, 6147, 1906, 1905, 6145, 6147, 1918, 2331, 6149, 2367, 6149, 1918, 2367, 6913, 6923, 6922, 2062, 2296, 2331, 6923, 9360, 6922, 6923, 9393, 9360, 9360, 1503, 9407, 9360, 9407, 1504, 7161, 7155, 7159, 7155, 7157, 7156, 7156, 4599, 7160, 1517, 1497, 1496, 910, 879, 962, 1497, 4626, 1522, 879, 835, 880, 4626, 4623, 1522, 4623, 4621, 1522, 835, 836, 880, 835, 821, 836, 4622, 4618, 4621, 4582, 4597, 4593, 4597, 6007, 4593, 4597, 7175, 6007, 4597, 7184, 7175, 4618, 4617, 4616, 822, 823, 881, 4617, 4615, 4616, 7177, 6053, 7176, 4615, 4614, 4616, 2336, 8533, 8531, 2336, 8534, 8533, 6054, 6041, 6053, 823, 848, 881, 848, 906, 881, 4609, 4628, 4614, 9478, 9485, 9470, 4628, 4625, 4635, 4635, 4625, 4638, 4638, 1523, 1519, 6040, 6032, 6015, 4708, 4710, 4709, 4710, 4711, 4709, 9857, 9819, 9824, 9819, 9816, 9817, 5011, 5040, 5039, 5020, 5014, 5039, 7952, 7950, 7949, 5030, 5015, 5035, 5031, 4995, 5024, 7838, 7835, 7837, 7837, 7835, 7836, 9987, 10043, 9984, 9987, 10042, 10043, 7882, 7911, 7892, 7892, 7888, 7891, 2366, 2374, 1952, 1952, 1956, 1953, 1952, 2374, 1956, 2176, 2171, 2111, 9210, 9213, 9214, 1295, 1330, 1320, 9213, 9225, 9227, 6921, 2584, 6912, 1918, 2043, 2367, 2061, 2063, 2062, 7155, 7156, 7159, 1506, 1496, 1415, 7160, 4599, 6001, 1497, 1522, 1508, 6001, 6003, 6002, 6002, 6003, 6004, 880, 836, 862, 4621, 4624, 1522, 4104, 4555, 4556, 4593, 6007, 4592, 836, 821, 862, 4624, 4621, 4620, 4621, 4618, 4620, 7175, 7174, 6007, 7175, 7176, 7174, 821, 822, 862, 4087, 4102, 4097, 822, 890, 862, 4618, 4616, 4620, 822, 881, 890, 2370, 2336, 8531, 8533, 4083, 8531, 881, 988, 983, 4614, 4628, 4629, 9473, 9472, 9468, 4628, 4635, 4636, 4635, 4638, 1519, 1519, 1523, 1518, 1510, 4378, 1460, 4378, 4368, 1460, 6040, 6015, 6043, 4712, 4708, 4709, 363, 364, 416, 6016, 6018, 6055, 4711, 4715, 4714, 5019, 5020, 5044, 9840, 9849, 9841, 9849, 9869, 9841, 9915, 9922, 9926, 9922, 9927, 9926, 7825, 7833, 7869, 9960, 9961, 9963, 9963, 9964, 9965, 7838, 7833, 7835, 7892, 7893, 7888, 7888, 7893, 7890, 1943, 1952, 1929, 1929, 1952, 1953, 6164, 9353, 6165, 9352, 9186, 9187, 9353, 9186, 9352, 9185, 9191, 9188, 2112, 2111, 2171, 9191, 9192, 9194, 9209, 9208, 9223, 9213, 9227, 9214, 9225, 9228, 9227, 9228, 9293, 9282, 9293, 7151, 9286, 8592, 8576, 8579, 7151, 6921, 9292, 8576, 8574, 8575, 2331, 2367, 2307, 2307, 2367, 2043, 8575, 8574, 8573, 2241, 2331, 2307, 6922, 9360, 6926, 7161, 7159, 8573, 9360, 9354, 6926, 9360, 1504, 9354, 7159, 7156, 7160, 6001, 6002, 7167, 1508, 1522, 1507, 994, 880, 949, 6004, 6006, 6005, 880, 862, 916, 1522, 4624, 1507, 6006, 6007, 6005, 6007, 7174, 6005, 862, 890, 916, 4620, 4616, 4630, 2370, 8518, 2333, 9464, 9461, 9458, 2370, 8532, 8518, 4616, 4614, 4630, 8532, 8531, 4159, 4614, 4629, 4630, 6053, 6041, 6033, 4629, 4628, 4636, 6033, 6030, 6013, 6030, 6031, 6013, 4636, 4635, 1514, 4635, 1519, 1514, 2326, 2319, 2327, 6031, 6032, 6040, 4747, 4746, 4723, 4746, 4712, 4723, 4712, 4713, 4723, 4712, 4709, 4713, 6016, 6055, 6056, 4709, 4711, 4714, 6055, 9858, 9863, 6055, 6058, 9858, 6058, 9857, 9858, 9857, 9824, 9858, 9824, 9819, 9817, 4730, 4865, 4866, 9816, 9818, 9817, 9818, 9841, 9842, 4867, 4874, 4875, 5025, 5022, 5049, 5022, 5021, 5049, 7874, 7827, 7826, 9960, 9963, 9972, 9965, 9966, 9985, 7836, 7834, 7880, 9985, 9984, 10045, 7913, 7911, 7882, 7890, 7893, 7965, 2374, 1957, 1956, 6165, 9353, 9352, 9188, 9191, 9193, 9191, 9194, 9193, 9194, 9192, 9233, 9192, 9234, 9233, 9234, 9209, 9238, 9192, 9209, 9234, 9209, 9223, 9238, 9208, 9210, 9223, 9214, 9227, 9237, 9227, 9228, 9242, 9228, 9282, 9242, 2059, 2062, 2072, 2061, 2060, 2217, 1504, 9346, 9354, 1504, 1399, 9346, 1399, 1398, 9346, 7160, 7167, 7166, 1497, 1508, 1440, 7167, 6002, 7173, 6002, 6005, 7173, 1507, 4624, 1516, 4624, 4620, 1516, 4620, 4630, 1516, 7176, 4759, 7174, 2249, 8518, 8530, 2333, 8518, 2249, 1512, 4630, 1513, 8518, 4152, 8530, 8518, 8532, 4152, 7176, 6053, 4759, 4630, 4629, 1513, 4629, 4636, 1513, 6053, 6033, 4762, 6033, 4770, 4762, 4636, 1514, 1455, 1514, 1451, 1455, 4750, 4745, 4741, 4750, 4751, 4745, 1514, 1519, 1451, 4743, 4754, 4723, 4754, 4747, 4723, 4709, 4714, 4713, 6056, 6055, 9863, 4715, 4717, 4720, 9817, 9818, 9842, 5019, 5044, 5046, 9842, 9841, 9859, 9841, 9869, 9868, 9869, 9915, 9868, 9926, 9929, 9957, 7833, 7834, 7835, 9985, 10045, 10016, 7841, 7912, 7913, 7913, 7907, 7911, 10043, 10027, 10044, 10031, 10028, 10027, 10028, 10030, 7965, 7893, 7964, 7965, 1953, 1956, 1924, 1956, 1957, 1924, 1929, 1953, 1924, 9185, 9188, 9187, 9193, 9194, 9233, 9223, 9210, 9224, 9210, 9214, 9224, 9237, 9227, 9242, 9282, 9293, 9286, 1877, 1992, 2007, 7151, 9285, 9286, 7151, 9292, 9285, 9292, 6921, 6919, 6912, 6918, 6919, 6912, 6917, 6918, 2307, 2043, 2019, 8575, 8573, 8572, 8572, 8573, 7165, 1398, 9342, 9346, 7159, 7160, 7165, 7160, 7166, 7165, 7166, 7167, 8566, 7167, 7173, 8566, 1508, 1507, 1440, 7173, 6005, 4763, 1507, 1516, 1452, 6005, 4756, 4763, 7174, 4759, 4756, 4759, 6053, 4760, 2321, 2248, 2316, 2321, 2249, 2248, 2316, 2248, 2315, 6053, 4762, 4760, 1513, 4636, 1455, 6033, 6013, 4770, 4741, 4745, 4737, 4745, 4743, 4737, 6031, 6040, 6043, 4743, 4723, 4737, 4723, 4713, 4732, 6015, 6016, 6042, 4713, 4714, 4721, 4714, 4715, 4720, 4720, 4717, 4729, 4730, 4866, 4869, 9817, 9842, 9843, 5047, 5018, 5052, 5018, 5046, 5052, 5025, 5049, 5050, 5038, 5029, 5043, 5032, 5031, 5056, 7833, 7832, 7834, 10045, 10044, 10023, 10044, 10027, 10024, 7907, 7906, 7911, 1924, 1957, 1926, 1957, 1954, 1926, 1929, 1924, 1928, 2241, 2307, 2299, 2307, 2019, 2299, 6926, 9354, 9348, 8572, 7165, 8571, 9354, 9346, 9348, 1398, 9333, 9342, 1398, 1392, 9333, 1392, 1391, 9333, 8566, 7173, 4763, 4756, 4759, 4758, 4759, 4760, 4758, 2315, 1445, 1454, 2315, 2251, 1445, 4770, 6013, 4811, 4753, 4748, 4739, 4748, 4738, 4739, 6031, 6045, 6013, 4748, 4749, 4738, 4741, 4737, 4738, 6031, 6043, 6045, 6045, 6043, 6044, 4737, 4723, 4732, 6044, 6043, 6042, 6043, 6015, 6042, 4732, 4713, 4728, 9863, 9858, 9824, 4714, 4720, 4721, 9824, 9817, 9823, 5060, 5077, 5059, 9842, 9859, 9843, 4886, 4895, 4884, 9868, 9916, 9917, 7827, 7932, 7828, 7827, 7828, 7824, 9965, 10016, 10001, 7912, 7834, 7900, 10016, 10045, 10023, 10044, 10024, 10023, 10027, 10028, 10026, 1936, 1932, 1938, 9352, 9187, 9251, 9187, 9188, 9222, 9188, 9193, 9222, 9238, 9223, 9239, 9223, 9224, 9239, 9235, 9237, 9274, 9237, 9242, 9274, 9242, 9282, 9283, 9282, 9286, 9285, 9292, 6919, 9294, 2049, 2072, 2299, 6926, 9348, 9359, 2058, 2057, 2055, 7165, 7166, 8567, 7166, 8566, 8567, 6104, 1387, 1386, 8566, 4763, 4764, 4763, 4757, 4764, 4763, 4756, 4757, 4756, 4758, 4757, 1444, 1445, 1462, 1445, 2251, 7586, 2251, 2246, 7586, 6013, 6045, 6008, 4728, 4713, 4725, 4713, 4721, 4725, 6056, 9863, 9862, 4721, 4720, 4726, 5048, 5047, 5085, 4875, 4884, 4873, 9843, 9859, 9860, 7935, 7933, 7934, 9926, 9957, 9936, 7824, 7822, 7825, 7832, 7899, 7834, 7834, 7899, 7900, 10016, 10023, 10014, 7900, 7902, 7912, 7893, 7954, 7963, 1926, 1954, 1927, 6169, 6166, 9387, 1925, 1926, 1927, 1924, 1926, 1925, 1928, 1924, 1925, 1932, 1928, 1931, 9187, 9222, 9251, 9240, 9193, 9233, 9234, 9238, 9245, 1971, 1969, 1970, 9214, 9237, 9235, 9274, 9242, 9283, 8612, 8603, 8602, 9282, 9285, 9283, 9285, 9292, 9289, 9292, 9294, 9289, 9294, 6919, 9304, 2299, 2014, 2049, 2072, 2049, 2071, 9346, 9343, 9348, 9346, 9342, 9343, 8571, 7165, 8568, 8568, 8567, 8569, 1391, 1387, 6122, 1387, 6104, 6122, 8566, 4764, 8567, 1386, 1423, 6104, 1423, 1389, 6092, 1389, 1462, 6092, 2252, 2243, 2245, 1462, 1445, 6086, 4760, 4761, 4758, 4760, 4762, 4761, 7586, 2246, 2247, 4762, 4740, 4761, 4739, 4738, 4735, 4738, 4737, 4735, 6042, 6016, 6056, 9863, 9821, 9862, 4721, 4726, 4727, 9863, 9824, 9821, 9824, 9823, 9821, 5076, 5077, 5100, 5068, 5076, 5088, 9817, 9843, 9834, 5052, 5083, 5081, 9843, 9860, 9834, 5050, 5049, 5085, 9872, 9859, 9868, 7932, 7933, 7828, 7824, 7820, 7822, 9957, 9960, 9973, 9960, 9972, 9973, 10013, 10016, 10014, 10023, 10019, 10014, 10019, 10024, 10025, 10024, 10026, 10025, 7910, 7908, 7954, 7954, 7962, 7963, 7964, 7963, 7962, 1928, 1925, 1931, 9374, 9352, 9251, 9222, 9193, 9240, 9233, 9234, 9246, 9234, 9245, 9246, 9224, 9236, 9239, 9224, 9214, 9235, 9283, 9285, 9287, 9285, 9289, 9287, 8590, 8586, 8601, 6919, 6924, 9304, 8580, 8572, 8581, 6926, 9359, 6924, 9348, 9343, 9359, 9342, 9333, 9343, 8570, 8568, 8569, 1391, 6122, 9335, 6122, 6104, 6103, 8567, 4764, 4767, 4764, 4757, 4765, 4757, 4758, 4765, 6090, 1462, 6086, 1445, 7586, 6088, 7586, 2247, 6088, 4761, 4740, 4742, 4742, 4740, 4736, 4740, 4735, 4736, 4740, 4739, 4735, 4737, 4732, 4735, 6045, 6044, 6047, 6044, 6042, 6046, 6042, 6056, 6066, 4728, 4725, 4734, 4725, 4721, 4727, 5122, 5127, 5126, 9821, 9823, 9822, 9817, 9834, 9823, 5081, 5083, 5082, 4873, 4882, 4877, 4884, 4896, 4882, 4897, 4896, 5072, 4896, 5057, 5072, 5055, 5054, 5070, 9860, 9859, 9872, 9872, 9868, 9917, 7967, 7935, 7956, 7935, 7830, 7933, 9936, 9957, 9962, 9973, 9972, 9999, 10001, 9998, 9999, 10001, 10013, 9998, 10014, 10019, 10008, 7902, 7904, 7905, 1937, 1932, 1931, 9240, 9233, 9246, 9246, 9245, 9244, 1972, 1970, 1968, 9224, 9235, 9236, 9236, 9235, 9274, 9283, 9287, 9284, 9294, 9304, 9297, 8580, 8581, 8586, 9304, 6924, 9330, 8572, 8577, 8582, 9359, 9343, 9322, 8571, 8570, 8577, 9343, 9333, 9332, 8569, 8567, 4775, 8567, 4767, 4775, 6103, 1423, 6096, 6104, 1423, 6103, 6096, 6092, 6090, 6086, 1445, 6087, 4758, 4761, 4766, 1445, 6088, 6087, 6088, 2247, 2312, 2247, 2253, 2312, 4732, 4733, 4735, 6044, 6046, 6047, 5128, 5512, 5459, 6066, 6056, 9862, 5086, 5088, 5089, 5082, 5083, 5084, 5081, 5082, 5080, 5047, 5081, 5085, 7757, 7761, 7984, 4882, 4896, 4897, 5055, 5070, 5069, 7967, 7829, 7935, 9917, 9934, 9935, 7828, 7823, 7820, 10008, 10019, 10033, 7901, 7903, 7902, 10033, 10019, 10025, 7954, 7944, 7962, 1925, 1927, 1930, 1930, 1927, 1951, 9374, 9251, 9372, 9222, 9240, 9241, 9245, 9239, 9244, 9274, 9283, 9284, 9287, 9289, 9290, 9294, 9297, 9289, 9330, 9378, 9336, 6924, 9378, 9330, 2056, 2049, 2034, 9359, 9322, 9378, 2056, 2034, 2038, 9322, 9343, 9332, 8577, 8570, 8584, 9332, 9333, 9321, 8570, 8569, 8578, 9335, 6122, 9328, 8569, 4775, 8578, 4765, 4766, 4769, 2243, 2235, 2244, 4766, 4761, 4768, 4761, 4742, 4768, 6087, 6088, 6085, 6088, 2312, 6085, 6008, 6010, 6009, 6008, 6048, 6010, 6048, 6045, 6047, 6046, 6042, 6066, 4725, 4744, 4734, 6066, 9862, 9861, 9862, 9821, 9826, 5101, 5125, 5124, 5079, 5081, 5080, 4877, 4882, 4883, 9834, 9860, 9846, 7829, 7830, 7935, 9934, 9936, 9940, 7820, 7821, 7822, 9973, 9999, 9997, 7822, 7821, 7831, 7904, 7914, 7905, 10029, 7962, 7944, 9372, 9251, 9308, 9240, 9246, 9241, 9246, 9244, 9247, 9239, 9236, 9243, 1972, 1976, 1975, 9249, 9236, 9273, 9236, 9274, 9273, 9274, 9284, 9273, 9304, 9330, 9297, 9336, 9378, 9322, 9321, 9333, 9335, 6103, 6096, 6097, 6090, 6086, 6089, 2254, 2255, 2273, 2254, 2273, 2312, 2312, 2273, 6084, 6009, 6010, 6011, 6047, 6046, 6049, 4734, 4744, 4791, 4744, 4798, 4791, 9826, 9821, 9825, 9821, 9822, 9825, 9834, 9836, 9833, 9836, 9834, 9846, 9997, 9999, 9998, 7831, 7817, 7925, 10013, 10008, 9998, 10039, 10025, 10035, 1931, 1930, 1933, 1940, 1933, 1934, 1937, 1933, 1940, 9241, 9246, 9383, 9246, 9364, 9383, 9364, 9246, 9247, 9239, 9243, 9244, 9243, 9236, 9249, 9273, 9284, 9295, 9284, 9287, 9288, 9288, 9287, 9290, 9290, 9289, 9296, 9289, 9297, 9296, 9297, 9330, 9329, 8581, 8582, 8591, 9330, 9336, 9329, 9332, 9321, 9322, 8578, 4775, 8585, 4775, 4767, 4773, 6097, 6096, 6091, 4767, 4769, 4773, 6096, 6090, 6091, 6090, 6089, 6091, 6089, 6086, 6087, 4768, 4772, 4771, 6087, 6085, 6100, 4768, 4774, 4772, 2312, 6084, 6085, 6014, 6011, 6010, 6014, 6010, 6071, 6010, 6067, 6071, 6010, 6048, 6067, 6048, 6047, 6049, 6046, 6066, 6127, 9862, 9826, 9861, 4871, 4881, 4885, 5080, 5082, 5105, 9822, 9823, 9833, 9917, 9937, 9918, 9917, 9935, 9937, 9937, 9934, 9939, 9934, 9940, 9939, 9936, 9962, 9940, 9996, 9998, 10007, 10007, 10008, 10033, 7909, 7945, 7944, 1933, 1930, 1934, 1930, 1935, 1934, 1940, 1934, 1941, 9244, 9243, 9248, 9243, 9249, 9248, 2002, 1997, 1980, 5499, 8595, 5497, 8582, 8583, 8591, 9336, 9322, 9329, 9329, 9322, 9317, 9322, 9321, 9317, 9321, 9335, 9328, 2033, 2047, 2048, 9328, 6122, 6128, 6122, 6103, 6128, 6103, 6097, 6128, 8585, 4773, 4789, 2088, 2089, 2199, 4769, 4771, 4773, 6087, 6100, 6093, 6085, 6084, 6081, 6084, 6080, 6081, 6080, 2282, 6073, 6080, 6082, 6081, 6080, 6073, 6082, 4736, 4779, 4774, 6014, 6071, 6073, 6048, 6049, 6067, 5413, 5452, 5416, 6127, 6066, 9856, 6066, 9861, 9856, 9861, 9826, 9827, 5120, 5121, 5450, 9918, 9937, 9938, 7829, 7819, 7830, 9962, 9997, 9994, 7820, 7812, 7821, 9994, 9997, 9996, 9997, 9998, 9996, 7831, 7807, 7817, 1935, 1942, 1934, 9372, 9390, 9391, 1934, 1942, 1944, 9372, 9308, 9390, 1934, 1944, 1941, 9308, 9383, 9390, 1941, 1944, 1947, 1941, 1947, 1949, 1949, 1950, 2229, 1989, 2075, 1964, 9247, 9248, 1961, 1966, 1964, 1962, 9247, 9244, 9248, 9248, 9249, 9250, 9249, 9273, 9252, 9273, 9295, 9347, 1999, 1995, 2003, 1996, 1998, 2000, 9297, 9314, 9309, 9297, 9329, 9314, 9317, 9321, 9319, 9319, 9321, 9326, 9321, 9328, 9326, 9328, 6128, 9349, 6097, 6091, 6098, 6091, 6089, 6098, 6087, 6093, 6089, 6081, 6082, 6083, 6082, 6071, 6067, 6082, 6073, 6071, 6067, 6049, 6052, 6046, 6127, 6052, 5460, 5120, 5450, 5115, 5091, 5092, 7821, 7789, 7807, 7915, 7916, 7914, 7916, 7918, 7945, 1959, 1960, 9390, 1942, 1960, 1945, 1944, 1945, 1946, 1944, 1946, 1947, 9389, 2229, 1958, 2229, 1950, 1958, 9247, 1961, 1965, 9249, 9252, 9250, 9273, 9347, 9252, 9299, 9288, 9300, 5478, 5477, 5438, 9288, 9290, 9291, 9290, 9298, 9291, 9296, 9297, 9309, 9329, 9317, 9314, 8591, 8589, 8597, 6085, 6081, 6100, 6082, 6067, 6083, 6067, 6052, 6083, 9856, 9861, 9827, 9826, 9825, 9827, 9825, 9822, 9833, 5115, 5110, 5114, 9836, 9846, 9847, 7815, 7818, 7955, 7955, 7818, 7829, 7801, 7798, 7819, 9962, 9994, 9958, 9994, 9996, 9995, 7789, 7778, 7807, 9996, 10007, 10020, 10021, 10039, 10040, 7919, 7915, 7903, 7915, 7917, 7916, 7917, 7918, 7916, 10035, 7918, 7917, 1961, 9250, 1963, 9248, 9250, 1961, 9250, 9252, 1963, 9347, 9377, 9371, 9377, 9347, 9363, 2002, 2065, 2073, 2002, 2073, 2003, 9288, 9301, 9300, 1998, 1999, 2001, 9298, 9296, 9310, 9296, 9309, 9310, 9309, 9314, 9312, 9317, 9319, 9318, 9319, 9326, 9320, 9328, 9349, 9326, 6093, 6100, 6095, 6100, 6081, 6101, 6081, 6083, 6101, 5398, 5419, 5401, 5408, 5413, 5377, 5110, 5117, 5112, 5113, 5115, 5114, 7798, 7782, 7811, 7782, 7790, 7811, 7790, 7781, 7812, 9994, 9995, 9993, 9995, 9996, 10022, 7926, 7931, 7937, 10040, 10039, 7930, 1978, 1979, 2090, 1963, 9252, 9371, 1978, 2090, 1991, 9371, 9377, 2092, 9299, 9300, 9363, 9288, 9291, 9301, 5496, 5488, 5487, 2031, 2040, 2047, 9320, 9326, 9327, 9326, 9349, 9327, 9349, 6128, 6129, 5401, 5400, 5361, 6100, 6101, 6095, 6127, 9856, 6120, 5107, 5455, 5454, 9833, 9836, 9845, 9836, 9847, 9845, 9847, 9919, 9933, 7815, 7801, 7818, 9938, 9959, 9978, 7798, 7786, 7782, 7782, 7781, 7790, 9958, 9994, 9993, 7781, 7778, 7789, 9993, 9995, 10047, 7807, 7783, 7808, 7808, 7931, 7926, 10020, 10040, 7938, 7937, 7931, 7919, 1963, 9371, 2091, 2065, 1991, 2097, 2003, 2073, 2224, 2003, 2224, 2086, 9300, 9301, 9351, 9301, 9291, 9351, 9291, 9298, 9351, 2008, 2001, 2011, 2042, 2009, 2011, 9310, 9309, 9311, 5506, 5336, 5440, 9309, 9312, 9311, 9314, 9317, 9315, 9317, 9318, 9315, 9318, 9319, 9320, 9349, 6129, 9327, 6128, 6098, 6129, 6129, 6098, 6099, 6098, 6089, 6099, 5376, 5373, 5372, 6101, 6083, 6102, 6083, 6052, 6102, 6052, 6117, 6102, 6117, 6052, 6127, 9856, 9827, 9830, 5114, 5111, 5420, 9827, 9825, 9828, 9828, 9825, 9835, 9825, 9833, 9835, 7815, 7796, 7801, 9933, 9919, 9978, 9978, 9959, 10011, 7786, 7784, 7782, 7781, 7779, 7778, 10046, 9995, 10022, 7778, 7777, 7783, 7783, 7809, 7808, 7809, 7939, 7808, 7808, 7939, 7931, 7939, 7938, 7931, 10020, 7938, 7936, 7931, 7938, 7930, 7938, 10040, 7930, 2092, 9377, 2097, 2073, 2097, 2224, 9377, 9381, 2225, 9300, 9351, 9381, 9314, 9315, 9312, 6099, 6089, 6094, 6089, 6093, 6094, 6094, 6093, 6095, 6101, 6105, 6111, 5362, 5375, 5360, 6101, 6102, 6105, 2288, 2278, 2287, 6102, 6117, 6107, 5395, 5409, 5396, 2279, 2294, 2298, 6127, 6120, 6117, 6120, 9856, 9830, 9830, 9827, 9829, 9827, 9828, 9829, 9835, 9833, 9845, 9845, 9847, 9871, 9847, 9933, 9871, 7798, 7785, 7786, 7782, 7784, 7780, 7776, 7777, 7778, 7777, 8008, 7783, 9377, 2225, 2224, 2086, 2224, 2225, 2086, 2226, 2070, 9381, 9382, 2227, 2070, 2226, 2074, 9382, 9351, 9358, 9310, 9311, 9350, 9318, 9320, 9315, 9327, 6129, 6130, 6129, 6099, 6130, 4782, 4783, 4786, 5351, 5374, 5362, 4784, 4800, 4802, 2264, 2277, 2278, 5382, 5396, 5385, 6102, 6107, 6106, 6117, 6120, 6107, 8005, 8004, 7800, 9874, 9845, 9871, 7799, 7800, 7797, 7799, 7797, 7796, 7797, 7794, 7796, 7796, 7794, 7795, 7795, 7794, 7785, 7785, 7780, 7784, 9941, 10015, 10017, 7780, 7773, 7779, 7773, 7771, 7779, 7779, 7771, 7776, 7771, 7775, 7776, 10047, 7775, 7774, 2074, 2228, 3932, 2074, 3932, 2011, 2011, 3932, 3928, 2042, 2011, 2098, 9311, 9361, 9350, 2026, 2067, 2066, 9311, 9312, 9313, 9313, 9312, 9316, 9312, 9315, 9316, 9320, 9327, 9323, 9323, 9327, 6130, 4786, 4802, 4804, 6102, 6106, 6105, 5381, 5382, 5365, 5388, 5403, 5389, 6107, 6120, 6121, 6120, 9830, 6121, 7736, 8003, 7753, 9828, 9835, 9873, 7753, 8001, 8002, 8002, 8000, 8004, 9845, 9874, 9835, 8004, 8000, 7800, 7800, 8000, 7976, 7800, 7976, 7802, 7800, 7802, 7797, 7794, 7793, 7785, 7793, 7792, 7785, 7792, 7791, 7785, 7785, 7791, 7787, 7785, 7787, 7780, 7787, 7788, 7780, 7780, 7788, 7773, 7771, 7773, 7772, 7771, 7772, 7774, 9382, 9358, 3934, 2098, 3928, 3927, 2098, 3927, 2067, 9320, 9323, 9315, 6116, 6099, 6115, 6130, 6099, 6116, 6099, 6094, 6115, 6094, 6095, 6112, 6095, 6101, 6112, 6106, 6107, 6108, 6107, 6121, 6124, 2285, 8015, 7751, 7751, 8015, 8003, 6121, 9829, 6135, 9830, 9829, 6121, 8003, 7987, 8001, 7987, 7981, 8001, 8001, 7981, 8000, 7981, 7978, 8000, 8000, 7978, 7976, 7976, 7961, 7802, 7802, 7961, 7804, 7802, 7804, 7797, 7804, 7803, 7797, 7797, 7803, 7794, 7803, 7805, 7794, 7805, 7806, 7794, 7794, 7806, 7793, 7793, 7810, 7792, 7791, 7816, 7787, 3927, 3928, 3934, 9350, 9386, 3934, 2067, 3922, 3920, 2068, 3920, 3912, 2066, 3920, 2068, 9316, 9315, 9324, 9315, 9323, 9324, 6115, 6094, 6113, 6094, 6112, 6113, 6112, 6101, 6109, 6105, 6106, 6108, 2289, 8020, 2285, 6124, 6121, 6135, 2285, 8020, 8015, 8015, 7987, 8003, 8015, 8018, 7987, 7987, 8018, 8017, 7987, 8017, 7986, 9873, 10048, 9815, 10048, 10057, 7980, 7979, 7977, 7978, 7978, 7977, 7976, 7961, 7814, 7804, 10049, 10056, 7972, 7814, 7813, 7804, 7803, 7813, 7805, 3922, 3929, 3930, 3920, 3922, 3912, 9376, 9313, 9373, 9313, 9337, 9373, 9337, 9316, 9324, 6130, 6116, 9323, 6111, 6105, 6109, 2295, 8021, 2289, 2289, 8021, 8020, 8021, 8029, 8020, 6125, 6124, 10060, 8029, 8030, 8020, 10060, 6135, 10059, 8020, 8030, 8028, 8020, 8028, 8015, 8028, 8049, 8032, 8015, 8028, 8018, 8028, 8032, 8018, 8018, 8032, 8019, 10058, 8017, 8019, 8018, 8019, 8017, 3922, 3930, 3923, 3912, 3922, 3909, 3922, 3923, 3909, 3912, 3910, 2068, 2068, 3910, 3917, 2068, 3917, 2029, 2050, 2029, 2099, 2036, 2029, 2050, 9324, 9323, 9325, 2045, 2052, 2084, 6109, 6105, 6110, 6105, 6108, 6110, 2297, 8022, 2295, 2295, 8022, 8021, 8021, 8026, 8029, 8026, 8039, 8029, 8029, 8039, 8030, 8030, 8039, 8044, 8030, 8044, 8048, 8044, 8047, 8048, 8048, 8047, 8050, 8048, 8050, 8049, 10072, 8032, 8054, 8049, 8054, 8032, 8049, 8050, 8054, 3909, 3923, 3916, 3923, 3936, 3916, 3909, 3916, 3913, 3913, 3916, 3931, 3909, 3913, 3911, 3912, 3909, 3910, 3909, 3911, 3910, 9337, 9324, 9338, 9338, 9324, 9331, 9324, 9325, 9331, 6115, 6113, 6114, 6113, 6112, 6114, 8023, 8025, 8022, 8025, 8035, 8026, 8035, 8036, 8026, 8025, 8026, 8021, 8026, 8036, 8038, 8026, 8038, 8039, 6131, 10061, 10062, 8039, 8038, 8040, 8040, 8041, 8039, 8039, 8041, 8045, 8039, 8045, 8044, 8044, 8045, 8046, 8044, 8046, 8047, 8047, 8046, 8055, 3914, 3911, 3955, 3910, 3911, 3914, 3910, 3914, 3915, 3917, 3910, 3915, 3917, 3918, 2099, 9325, 6123, 9331, 2046, 2053, 2052, 9325, 6116, 6123, 6116, 6114, 6119, 2096, 2052, 2211, 6114, 6109, 6118, 6109, 6110, 6118, 8024, 8027, 8023, 8031, 8033, 8027, 8023, 8027, 8025, 8027, 8033, 8025, 8033, 8031, 8034, 8033, 8034, 8035, 3914, 3955, 3954, 2050, 2099, 3918, 2050, 3918, 2087, 2050, 2087, 2053, 2053, 2087, 2100, 6123, 9334, 9331, 6116, 6119, 6123, 2053, 2100, 2216, 6119, 6114, 6126, 2276, 3938, 3943, 6114, 6118, 6126, 2276, 3943, 8024, 8024, 3943, 8027, 3943, 3947, 8027, 3947, 3949, 8027, 8027, 3949, 8031, 3949, 8042, 8031, 8031, 8042, 8037, 8042, 8053, 8037, 8037, 8053, 8529, 3914, 3951, 3915, 3915, 3951, 3952, 3918, 3915, 3919, 3919, 3915, 3953, 3918, 3919, 3921, 3918, 3921, 2087, 2087, 3921, 3925, 2100, 2087, 3926, 2087, 3925, 3926, 9334, 6119, 6132, 2216, 3926, 3935, 2216, 3935, 3938, 6132, 6126, 6133, 6119, 6126, 6132, 3938, 3935, 3939, 3938, 3939, 3943, 3939, 3941, 3943, 3943, 3941, 3947, 3947, 3948, 3949, 3949, 3948, 3950, 3949, 3950, 8043, 3921, 3919, 3924, 3921, 3924, 3925, 3925, 3924, 3937, 3926, 3925, 3933, 3925, 3937, 3933, 3935, 3926, 3933, 3933, 3937, 3940, 3940, 3937, 3942, 3935, 3933, 3939, 3933, 3940, 3939, 3939, 3940, 3941, 3940, 3944, 3941, 3940, 3942, 3944, 3942, 3945, 3944, 3944, 3945, 3946, 3944, 3946, 3948, 9399, 10074, 9406, 7466, 7462, 7520, 7462, 7502, 7520, 7502, 7501, 7537, 7536, 7481, 7535, 7481, 7520, 7535, 7481, 7466, 7520, 7462, 7464, 7502, 7464, 7501, 7502, 7482, 7481, 7536, 7464, 7490, 7501, 7482, 7536, 5878, 7469, 7466, 7481, 7463, 7464, 7462, 7467, 7490, 7464, 7490, 7533, 7501, 5874, 7482, 5878, 7469, 7481, 7482, 7457, 7462, 7466, 7457, 7463, 7462, 7490, 7491, 7533, 7290, 5873, 5872, 5873, 7446, 5874, 7446, 7482, 5874, 7457, 7466, 7469, 7463, 7467, 7464, 7467, 7491, 7490, 8079, 8074, 8077, 8077, 8074, 8075, 8074, 8076, 8075, 8076, 8078, 8082, 8078, 8796, 8082, 7289, 5872, 5879, 7289, 7290, 5872, 7290, 7338, 5873, 5873, 7338, 7446, 7446, 7340, 7482, 7340, 7469, 7482, 7454, 7491, 7467, 7454, 7483, 7491, 7491, 7483, 8081, 7483, 8080, 8081, 7483, 8079, 8080, 7483, 7479, 8079, 8079, 7479, 8074, 7479, 7476, 8074, 8074, 7476, 8076, 7476, 7478, 8076, 8076, 7478, 8078, 7478, 7487, 8078, 7487, 7475, 8796, 5796, 5858, 5879, 7289, 7284, 7290, 7284, 7338, 7290, 7337, 7340, 7446, 7428, 7469, 7340, 7469, 7428, 7457, 7452, 7467, 7463, 7452, 7454, 7467, 7479, 7477, 7476, 7477, 7472, 7476, 7472, 7474, 7476, 7476, 7474, 7478, 7474, 7480, 7478, 7478, 7480, 7487, 7480, 7475, 7487, 7282, 5879, 5858, 7282, 7289, 5879, 7282, 7284, 7289, 7337, 7446, 7338, 7341, 7428, 7340, 7453, 7452, 7463, 7454, 7460, 7483, 7460, 7479, 7483, 7461, 7477, 7479, 7472, 7471, 7474, 7471, 7473, 7474, 7474, 7475, 7480, 7473, 7475, 7474, 5804, 7283, 5829, 7283, 5858, 5829, 7283, 7282, 5858, 7283, 7235, 7282, 7282, 7281, 7284, 7235, 7281, 7282, 7335, 7338, 7284, 7335, 7337, 7338, 7341, 7457, 7428, 7341, 7453, 7457, 7457, 7453, 7463, 7430, 7460, 7454, 7460, 7461, 7479, 7461, 7472, 7477, 7432, 7471, 7472, 7471, 7470, 7473, 7277, 7234, 7283, 7234, 7235, 7283, 7335, 7284, 7281, 7336, 7337, 7335, 7336, 7340, 7337, 7452, 7389, 7454, 7389, 7430, 7454, 7460, 7431, 7461, 7461, 7432, 7472, 7432, 7470, 7471, 7484, 8528, 7470, 7484, 8526, 8528, 3055, 3035, 3049, 5815, 7226, 5803, 7226, 7227, 5803, 7227, 7277, 5803, 7227, 7231, 7277, 7231, 7234, 7277, 7232, 7234, 7231, 7232, 7235, 7234, 7232, 7281, 7235, 7360, 7335, 7281, 7339, 7341, 7340, 7339, 7373, 7341, 7341, 7374, 7453, 7453, 7374, 7452, 7374, 7389, 7452, 7430, 7431, 7460, 7431, 7432, 7461, 7432, 7436, 7470, 7433, 7436, 7432, 7470, 7436, 7484, 7436, 7485, 7484, 3060, 3070, 3055, 3056, 3039, 3038, 5809, 5893, 5815, 7225, 7227, 7226, 7225, 7231, 7227, 7225, 7232, 7231, 7233, 7232, 7225, 7274, 7281, 7232, 7360, 7281, 7274, 7320, 7336, 7335, 7373, 7374, 7341, 7485, 8526, 7484, 3087, 3073, 3082, 3057, 3052, 3039, 5893, 7224, 5815, 7224, 7226, 5815, 7225, 7226, 7224, 7274, 7232, 7233, 7334, 7335, 7360, 7334, 7320, 7335, 7336, 7339, 7340, 7336, 7319, 7339, 7364, 7389, 7374, 7389, 7384, 7430, 7386, 7432, 7431, 7386, 7433, 7432, 7433, 7404, 7436, 7404, 7447, 7436, 7436, 7447, 7485, 7485, 7527, 8526, 7527, 8527, 8526, 10118, 10116, 10117, 5849, 7221, 5876, 5876, 5893, 5809, 5876, 7223, 5893, 7222, 7224, 7223, 7223, 7224, 5893, 7222, 7225, 7224, 7228, 7225, 7222, 7233, 7225, 7228, 7319, 7363, 7339, 7339, 7363, 7373, 7373, 7363, 7374, 7363, 7364, 7374, 7364, 7384, 7389, 7384, 7385, 7430, 7385, 7431, 7430, 7447, 7439, 7485, 7439, 7527, 7485, 8508, 3088, 8516, 8514, 3091, 3088, 3053, 3037, 3054, 5847, 7221, 5849, 7221, 7223, 5876, 7222, 7223, 7221, 7229, 7228, 7222, 7228, 7264, 7233, 7264, 7274, 7233, 7359, 7360, 7274, 7334, 7360, 7359, 7322, 7320, 7334, 7385, 7386, 7431, 7386, 7398, 7433, 7398, 7404, 7433, 7404, 7405, 7447, 7405, 7439, 7447, 8508, 8507, 8514, 3084, 3065, 3064, 2977, 2964, 2961, 7220, 5847, 5848, 7220, 7219, 5847, 7219, 7221, 5847, 7218, 7221, 7219, 7218, 7222, 7221, 7230, 7229, 7222, 7359, 7274, 7264, 7359, 7322, 7334, 7322, 7321, 7320, 7320, 7319, 7336, 7319, 7361, 7363, 7361, 7362, 7363, 7362, 7364, 7363, 7362, 7369, 7364, 7369, 7384, 7364, 7369, 7385, 7384, 7369, 7380, 7385, 7380, 7386, 7385, 7527, 7424, 8527, 7439, 7424, 7527, 8497, 8496, 8508, 8496, 8507, 8508, 7262, 7214, 5826, 7214, 5848, 5826, 7215, 7218, 7219, 7230, 7222, 7218, 7230, 7249, 7229, 7258, 7264, 7228, 7258, 7279, 7264, 7279, 7359, 7264, 7318, 7320, 7321, 7318, 7319, 7320, 7317, 7361, 7319, 7380, 7398, 7386, 7380, 7393, 7398, 7393, 7404, 7398, 7405, 7412, 7439, 7412, 7424, 7439, 8487, 8498, 8500, 3047, 3027, 3028, 3027, 3009, 3010, 5824, 7263, 7262, 7262, 7213, 7214, 7214, 7220, 5848, 2988, 2968, 2987, 7215, 7220, 7214, 7215, 7219, 7220, 7251, 7229, 7249, 7251, 7228, 7229, 7258, 7228, 7251, 7258, 7272, 7279, 7361, 7347, 7362, 7368, 7369, 7362, 7368, 7380, 7369, 7393, 7405, 7404, 7393, 7403, 7405, 7403, 7412, 7405, 8494, 8506, 8493, 3099, 3116, 3079, 3116, 3080, 3079, 3081, 517, 3048, 517, 509, 3048, 509, 3114, 3047, 7263, 7213, 7262, 7213, 7210, 7214, 7210, 7215, 7214, 7217, 7215, 7210, 7218, 7215, 7217, 7218, 7248, 7230, 7248, 7249, 7230, 7279, 7322, 7359, 7358, 7322, 7279, 7325, 7321, 7322, 7317, 7319, 7318, 7347, 7368, 7362, 7412, 7413, 7424, 8486, 8487, 8499, 3104, 8512, 3105, 3105, 3108, 3099, 509, 508, 3114, 7185, 5824, 5825, 7185, 7263, 5824, 7185, 7207, 7263, 7208, 7213, 7207, 7207, 7213, 7263, 7210, 7213, 7208, 7243, 7218, 7217, 7243, 7248, 7218, 7333, 7279, 7272, 7358, 7279, 7333, 7358, 7325, 7322, 7325, 7318, 7321, 7317, 7347, 7361, 7379, 7380, 7368, 7367, 7379, 7368, 7392, 7393, 7380, 7400, 7403, 7393, 7403, 7407, 7412, 7407, 7413, 7412, 8473, 8495, 8471, 10135, 10132, 10322, 515, 517, 3122, 7186, 7185, 5825, 7201, 7207, 7185, 7201, 7208, 7207, 7209, 7210, 7208, 7217, 7210, 7209, 7209, 7243, 7217, 7248, 7246, 7249, 7246, 7251, 7249, 7311, 7325, 7358, 7318, 7314, 7317, 7314, 7316, 7317, 7316, 7347, 7317, 7379, 7392, 7380, 7394, 7393, 7392, 7394, 7400, 7393, 7406, 7407, 7403, 399, 427, 517, 427, 509, 517, 427, 508, 509, 7189, 7186, 10173, 7187, 7185, 7186, 7194, 7185, 7187, 7195, 7185, 7194, 7201, 7185, 7195, 7199, 7209, 7208, 3101, 3102, 3029, 3102, 3026, 3029, 7242, 7243, 7209, 7242, 7248, 7243, 7260, 7258, 7251, 7272, 7258, 7260, 7333, 7311, 7358, 7323, 7347, 7316, 7367, 7368, 7347, 7408, 7407, 7406, 7407, 7414, 7413, 8476, 8460, 8477, 8460, 8458, 8477, 8459, 8472, 8477, 8485, 8484, 8492, 425, 399, 515, 2860, 10166, 10335, 427, 428, 508, 428, 498, 508, 428, 398, 498, 398, 430, 498, 7199, 7201, 7195, 7211, 7209, 7199, 499, 480, 3101, 480, 3102, 3101, 7211, 7242, 7209, 7242, 7244, 7248, 7244, 7246, 7248, 7253, 7251, 7246, 7260, 7251, 7253, 7355, 7333, 7272, 7311, 7308, 7325, 7308, 7318, 7325, 7308, 7314, 7318, 7323, 7367, 7347, 7399, 7400, 7394, 7399, 7403, 7400, 7399, 7406, 7403, 7408, 7414, 7407, 8462, 8464, 8485, 10179, 10139, 10156, 489, 410, 521, 521, 425, 515, 410, 425, 521, 7188, 7186, 7189, 7188, 7187, 7186, 7188, 7193, 7187, 7187, 7193, 7194, 7193, 7195, 7194, 7196, 7195, 7193, 7199, 7195, 7196, 7355, 7272, 7260, 7355, 7310, 7333, 7311, 7333, 7310, 7366, 7367, 7323, 7366, 7365, 7367, 7365, 7379, 7367, 7387, 7392, 7379, 7387, 7395, 7392, 7395, 7394, 7392, 7402, 7406, 7399, 7402, 7408, 7406, 10161, 10149, 10151, 522, 488, 550, 399, 308, 427, 308, 428, 427, 308, 304, 428, 7190, 7188, 7189, 304, 398, 428, 7197, 7196, 7193, 430, 480, 499, 7211, 7241, 7242, 7241, 7244, 7242, 7245, 7244, 7241, 7245, 7246, 7244, 7247, 7246, 7245, 7247, 7253, 7246, 3546, 3540, 3537, 7247, 7255, 7253, 7255, 7260, 7253, 7255, 7278, 7260, 7278, 7355, 7260, 7311, 7303, 7308, 7302, 7314, 7308, 7365, 7387, 7379, 7396, 7394, 7395, 7396, 7399, 7394, 7409, 7408, 7402, 10357, 10358, 10328, 8457, 8456, 8482, 488, 410, 489, 10164, 10134, 10177, 311, 399, 425, 10165, 10166, 2861, 7191, 7190, 10168, 7191, 7188, 7190, 7192, 7193, 7188, 7102, 7105, 5822, 7203, 7197, 7193, 7197, 7198, 7196, 7196, 7198, 7199, 7211, 7199, 7200, 430, 404, 480, 7239, 7241, 7211, 476, 3110, 3103, 7309, 7310, 7355, 7310, 7303, 7311, 7302, 7313, 7314, 7313, 7316, 7314, 7312, 7323, 7316, 7315, 7365, 7366, 7396, 7402, 7399, 7409, 7410, 7408, 8423, 8424, 8453, 8433, 8431, 8463, 8439, 8456, 8457, 488, 372, 410, 410, 311, 425, 311, 307, 399, 399, 307, 308, 7205, 7192, 7191, 304, 303, 398, 7192, 7188, 7191, 7203, 7193, 7192, 398, 377, 430, 7202, 7200, 7198, 7212, 7200, 7202, 430, 376, 404, 7212, 7211, 7200, 7239, 7211, 7212, 404, 476, 480, 7239, 7254, 7241, 7250, 7247, 7245, 7247, 7259, 7255, 7259, 7278, 7255, 7303, 7302, 7308, 7313, 7312, 7316, 7315, 7366, 7323, 7372, 7387, 7365, 7390, 7395, 7372, 7372, 7395, 7387, 7396, 7415, 7402, 7415, 7409, 7402, 8442, 8467, 8456, 426, 372, 488, 299, 311, 410, 10174, 10167, 10168, 10167, 2907, 10168, 7205, 3063, 7291, 7291, 7204, 7205, 303, 271, 398, 7237, 7216, 3566, 7237, 7197, 7216, 7238, 3566, 3568, 7238, 7237, 3566, 7237, 7198, 7197, 3568, 7286, 7238, 271, 377, 398, 7238, 7202, 7237, 7202, 7198, 7237, 7286, 7236, 7238, 7236, 7202, 7238, 7236, 7212, 7202, 7240, 7212, 7236, 7240, 7239, 7212, 7252, 7245, 7241, 7250, 7245, 7252, 7250, 7256, 7247, 3110, 3117, 3112, 7278, 7309, 7355, 7307, 7309, 7278, 7302, 7299, 7313, 7312, 7315, 7323, 7390, 7396, 7395, 7390, 7391, 7396, 7391, 7397, 7396, 7397, 7415, 7396, 7411, 7409, 7415, 7411, 7410, 7409, 7411, 7423, 7410, 8415, 8411, 8433, 8403, 8431, 8433, 10103, 10105, 10106, 10158, 10098, 10357, 528, 523, 8501, 372, 299, 410, 311, 231, 307, 231, 228, 307, 307, 228, 308, 2901, 7204, 7291, 228, 304, 308, 7204, 7192, 7205, 7203, 7192, 7204, 228, 303, 304, 7216, 7203, 7206, 3566, 7216, 3570, 3570, 7216, 7206, 3574, 7286, 3568, 7285, 7286, 3574, 271, 376, 377, 7285, 7236, 7286, 7240, 7236, 7285, 7254, 7239, 7240, 376, 378, 404, 7261, 7252, 7254, 404, 409, 476, 409, 497, 476, 7252, 7241, 7254, 7257, 7250, 7252, 7256, 7250, 7257, 496, 3117, 3110, 7256, 7259, 7247, 7280, 7278, 7259, 7280, 7307, 7278, 7309, 7303, 7310, 3506, 3504, 3507, 7313, 7297, 7312, 7298, 7300, 7312, 7300, 7315, 7312, 7324, 7365, 7315, 7381, 7391, 7390, 7397, 7411, 7415, 7427, 7423, 7411, 8413, 8426, 8424, 8451, 8475, 8442, 10160, 10331, 10150, 528, 455, 523, 523, 455, 522, 522, 455, 426, 299, 229, 311, 6995, 6996, 6237, 229, 231, 311, 7040, 7024, 7026, 231, 151, 228, 2901, 3588, 7204, 3588, 7206, 7204, 7206, 7203, 7204, 230, 303, 228, 230, 271, 303, 3575, 7288, 3574, 7288, 7285, 3574, 271, 268, 376, 7285, 7265, 7240, 7265, 7254, 7240, 7265, 7261, 7254, 378, 409, 404, 7267, 7266, 7257, 7266, 7256, 7257, 7256, 6515, 7259, 6515, 7280, 7259, 3117, 3118, 3112, 7304, 7303, 7309, 7304, 7301, 7303, 7303, 7301, 7302, 7301, 7299, 7302, 7297, 7313, 7299, 7297, 7298, 7312, 7300, 7324, 7315, 7365, 7342, 7372, 7371, 7390, 7372, 7378, 7397, 7391, 7422, 7411, 7397, 7422, 7427, 7411, 7529, 7423, 7427, 8421, 8423, 8422, 8423, 8412, 8424, 8404, 8432, 8431, 282, 299, 372, 229, 118, 231, 5714, 7025, 7024, 118, 151, 231, 5716, 7030, 7025, 3576, 7206, 3588, 3570, 7206, 3576, 228, 32, 230, 230, 222, 271, 222, 268, 271, 3575, 7287, 7288, 7288, 7265, 7285, 7288, 7287, 7265, 268, 378, 376, 7265, 7267, 7261, 7261, 7267, 7252, 7267, 7257, 7252, 409, 496, 497, 7266, 7276, 7256, 7276, 6541, 7256, 6541, 6515, 7256, 6515, 7307, 7280, 7307, 7304, 7309, 7301, 7296, 7299, 7371, 7381, 7390, 7383, 7397, 7378, 7383, 7422, 7397, 7420, 7421, 7383, 7383, 7421, 7422, 7421, 7427, 7422, 7421, 7529, 7427, 7540, 7529, 7421, 8377, 8415, 8414, 8377, 8411, 8415, 8404, 8405, 8432, 8490, 527, 528, 426, 352, 372, 352, 282, 372, 282, 221, 299, 6985, 6987, 6988, 221, 229, 299, 5713, 5716, 5712, 151, 32, 228, 32, 28, 230, 3582, 7287, 3575, 3990, 4053, 3988, 7273, 7265, 7287, 268, 269, 378, 7267, 7265, 7273, 7273, 7269, 7267, 378, 379, 409, 6515, 7435, 7307, 7297, 7299, 7296, 7300, 7327, 7324, 7342, 7371, 7372, 7381, 7378, 7391, 7419, 7420, 7383, 7426, 7420, 7419, 7541, 7421, 7420, 7541, 7540, 7421, 8892, 7540, 7541, 8387, 8414, 8413, 8387, 8376, 8414, 8376, 8377, 8414, 8378, 8379, 8411, 10101, 10362, 10100, 10097, 10100, 10099, 8445, 8466, 8427, 455, 352, 426, 281, 282, 352, 221, 118, 229, 5688, 5687, 7023, 5687, 5678, 5714, 5678, 5683, 5712, 5683, 5713, 5712, 28, 222, 230, 28, 29, 222, 7287, 6141, 7273, 219, 269, 268, 7267, 7268, 7266, 7268, 7275, 7266, 7266, 7275, 7276, 409, 396, 496, 6543, 6541, 7276, 496, 510, 3117, 6541, 6505, 6515, 6504, 7307, 7435, 6504, 7306, 7307, 7307, 7306, 7304, 3533, 3501, 3496, 7305, 7301, 7304, 6548, 7296, 7301, 7292, 7298, 7297, 7342, 7365, 7324, 7342, 7346, 7371, 7370, 7378, 7381, 7382, 7419, 7383, 7541, 7420, 7426, 8380, 8404, 8403, 8401, 8402, 8430, 281, 178, 282, 6977, 6984, 6985, 178, 221, 282, 7001, 7021, 7002, 117, 118, 221, 5688, 5676, 5687, 5676, 5678, 5687, 5678, 5682, 5683, 5682, 7111, 5683, 7111, 7109, 5683, 118, 32, 151, 3583, 6140, 3582, 6138, 6140, 3583, 6140, 7287, 3582, 6140, 6141, 7287, 4675, 3975, 4053, 222, 219, 268, 6141, 7269, 7273, 7269, 7270, 7268, 7268, 7267, 7269, 7275, 6543, 7276, 379, 396, 409, 396, 510, 496, 6505, 6541, 6543, 6515, 6504, 7435, 510, 511, 3118, 7306, 7305, 7304, 7305, 6548, 7301, 7292, 7297, 7296, 7292, 7300, 7298, 7294, 7300, 7292, 7300, 7294, 7326, 7326, 7327, 7300, 7327, 7342, 7324, 7327, 7343, 7342, 7371, 7370, 7381, 7370, 7376, 7378, 7378, 7382, 7383, 7382, 7416, 7419, 7498, 7426, 7419, 7416, 7498, 7419, 7416, 7534, 7498, 8382, 8397, 8406, 8379, 8380, 8403, 8373, 8401, 8405, 8445, 527, 8466, 454, 455, 527, 454, 352, 455, 352, 302, 281, 5708, 5707, 7021, 5685, 5676, 5707, 5707, 5676, 5688, 5680, 5682, 5678, 3586, 6138, 3583, 3586, 6137, 6138, 6143, 6137, 3586, 3586, 6399, 6143, 6137, 6139, 6138, 6139, 6140, 6138, 5869, 6140, 6139, 5869, 5806, 6140, 5806, 6141, 6140, 6401, 4667, 4675, 5806, 6142, 6141, 5787, 6142, 5806, 6142, 7269, 6141, 5884, 6142, 5787, 219, 218, 269, 6142, 7270, 7269, 269, 270, 378, 7270, 5855, 7268, 270, 379, 378, 6505, 6504, 6515, 6548, 7295, 7296, 7295, 7292, 7296, 7330, 7343, 7327, 7343, 7346, 7342, 7346, 7370, 7371, 7376, 7382, 7378, 8384, 8382, 8408, 10308, 10309, 10329, 8381, 8373, 8405, 10362, 10308, 10329, 8383, 8407, 8402, 8445, 529, 527, 529, 454, 527, 454, 360, 352, 302, 179, 281, 179, 178, 281, 178, 117, 221, 5708, 5677, 5685, 5677, 5672, 5685, 5685, 5672, 5676, 5672, 5673, 5676, 3711, 3690, 3710, 5673, 5678, 5676, 5673, 5679, 5678, 5679, 5680, 5678, 5679, 5706, 5680, 5706, 5682, 5680, 5706, 10343, 5682, 115, 32, 118, 3586, 6406, 6399, 6406, 6398, 6399, 222, 30, 219, 6398, 6401, 4675, 5884, 7271, 6142, 5764, 7271, 5884, 7271, 7270, 6142, 218, 270, 269, 7271, 5855, 7270, 7275, 7268, 5855, 5855, 6547, 7275, 6547, 6543, 7275, 6547, 6491, 6543, 6491, 6505, 6543, 6469, 6504, 6505, 7293, 7294, 7292, 7330, 7327, 7326, 7330, 7344, 7343, 7382, 7401, 7416, 7401, 7534, 7416, 8386, 8354, 8388, 8377, 8361, 8378, 8347, 8380, 8379, 8374, 8402, 8401, 8374, 8383, 8402, 8383, 8389, 8407, 360, 302, 352, 3737, 3736, 3729, 6990, 5689, 7021, 857, 973, 934, 178, 116, 117, 5689, 5677, 5708, 5668, 5673, 5672, 117, 115, 118, 3688, 3691, 3673, 115, 27, 32, 3587, 6407, 3585, 6406, 3586, 3585, 6407, 6406, 3585, 6406, 6403, 6398, 6407, 6403, 6406, 29, 30, 222, 6398, 6403, 6401, 6403, 6402, 6401, 6402, 4667, 6401, 6402, 6409, 4667, 6409, 4665, 4667, 270, 254, 379, 254, 396, 379, 6506, 6491, 6547, 6491, 6470, 6505, 6470, 6469, 6505, 396, 512, 511, 6459, 7306, 6504, 511, 3521, 3118, 511, 512, 3521, 7306, 6516, 7305, 6516, 6548, 7305, 7295, 6499, 7292, 6499, 6514, 7292, 6514, 7293, 7292, 7294, 7328, 7326, 7329, 7330, 7326, 7349, 7346, 7343, 7346, 7354, 7370, 7370, 7375, 7376, 7377, 7382, 7376, 7377, 7401, 7382, 8410, 8384, 10310, 10101, 10308, 10362, 8409, 8427, 8390, 6976, 6971, 6973, 6971, 6972, 6973, 4838, 8541, 10083, 154, 178, 179, 5686, 5670, 5689, 5670, 5677, 5689, 5670, 5666, 5677, 3730, 3694, 3714, 5666, 5672, 5677, 5666, 5668, 5672, 5674, 5673, 5668, 5674, 5675, 5673, 5675, 5681, 5673, 5681, 5679, 5673, 3722, 3717, 3731, 27, 24, 32, 3716, 3611, 3715, 24, 28, 32, 3716, 3695, 3611, 24, 29, 28, 3587, 2654, 6407, 2649, 2654, 3587, 2654, 6405, 6407, 6407, 6405, 6403, 6405, 6404, 6403, 6403, 6404, 6402, 6404, 2701, 6402, 6402, 6408, 6409, 2701, 6408, 6402, 6408, 6417, 6409, 218, 220, 270, 220, 254, 270, 5836, 6461, 5837, 5837, 6506, 6547, 6461, 6506, 5837, 6492, 6491, 6506, 6467, 6470, 6491, 419, 512, 396, 6469, 6459, 6504, 6459, 6501, 7306, 6501, 6516, 7306, 6516, 6507, 6548, 6507, 6508, 6548, 6548, 6508, 7295, 6508, 6499, 7295, 7293, 7328, 7294, 7328, 7329, 7326, 7345, 7344, 7330, 7329, 7345, 7330, 7354, 7346, 7349, 7354, 7375, 7370, 7417, 7401, 7377, 7401, 7417, 7539, 7417, 8795, 7539, 8355, 8354, 8386, 8384, 8358, 8382, 8361, 8347, 8379, 8390, 8427, 8407, 461, 454, 529, 294, 302, 360, 10084, 10090, 10085, 168, 179, 302, 4838, 4826, 8541, 4836, 4826, 4838, 4836, 4835, 4826, 4835, 4834, 4826, 4835, 4837, 4834, 6989, 6964, 6990, 3735, 3738, 3726, 154, 116, 178, 5665, 5666, 5670, 116, 115, 117, 5667, 5668, 5666, 5667, 5669, 5668, 5668, 5669, 5674, 5675, 5719, 10214, 3606, 3604, 3615, 3604, 3603, 3614, 2655, 6404, 6405, 2682, 2701, 6404, 30, 218, 219, 6417, 6416, 6410, 30, 31, 218, 6416, 6411, 6410, 6410, 6411, 4664, 31, 220, 218, 4671, 6461, 5836, 6461, 6492, 6506, 6467, 6491, 6492, 7331, 7329, 7328, 7349, 7343, 7344, 7425, 7417, 7377, 7417, 7530, 8795, 8358, 8356, 8382, 8359, 8358, 8384, 8345, 8381, 8380, 8343, 8373, 8381, 8383, 8360, 8389, 8428, 525, 529, 361, 360, 454, 294, 168, 302, 168, 154, 179, 4828, 4826, 4824, 4826, 4818, 4824, 4818, 4826, 4817, 4826, 4834, 4817, 4834, 4839, 4817, 5690, 5686, 5715, 5690, 5671, 5686, 5686, 5671, 5670, 5671, 5661, 5670, 5661, 5665, 5670, 5661, 5664, 5665, 5664, 5666, 5665, 5664, 5667, 5666, 3753, 3760, 3732, 5669, 5717, 5674, 5718, 5717, 5669, 5717, 5719, 5674, 2673, 2674, 2675, 784, 792, 694, 24, 25, 29, 3610, 3607, 3609, 25, 30, 29, 2701, 2648, 6408, 2644, 2648, 2701, 2648, 6417, 6408, 2648, 2647, 6417, 2647, 6416, 6417, 6416, 6418, 6411, 6419, 6418, 6416, 6418, 6412, 6411, 6412, 6413, 4677, 6413, 6414, 4677, 4671, 6415, 6461, 4676, 6415, 4671, 6441, 6492, 6461, 6415, 6441, 6461, 6441, 6467, 6492, 6441, 6431, 6467, 254, 374, 396, 6467, 6433, 6470, 374, 419, 396, 6433, 6469, 6470, 6433, 6439, 6469, 6439, 6459, 6469, 6501, 6468, 6516, 6507, 6479, 6508, 6479, 6499, 6508, 6499, 6496, 6514, 6514, 6512, 7293, 6512, 7331, 7293, 7293, 7331, 7328, 7332, 7329, 7331, 7348, 7344, 7345, 7375, 7377, 7376, 7375, 7388, 7377, 7388, 7425, 7377, 7425, 7493, 7417, 7493, 7530, 7417, 8360, 8390, 8389, 525, 461, 529, 6982, 6974, 6993, 4828, 4824, 4830, 4812, 4817, 4816, 168, 114, 154, 6964, 5690, 5715, 5698, 5690, 6964, 3741, 3762, 3753, 5660, 5671, 5690, 5660, 5661, 5671, 3768, 3761, 3753, 5663, 5664, 5661, 5664, 5684, 5667, 5667, 5684, 5669, 5684, 5718, 5669, 2647, 2640, 6416, 2640, 6419, 6416, 2640, 2694, 6419, 2694, 6418, 6419, 2694, 6423, 6418, 6423, 6422, 6418, 6422, 6412, 6418, 6412, 6420, 6413, 6420, 6421, 6413, 6413, 6421, 6414, 6414, 6415, 4676, 220, 188, 254, 6415, 6425, 6441, 6425, 6431, 6441, 188, 277, 254, 6431, 6430, 6467, 277, 374, 254, 6430, 6433, 6467, 6439, 6440, 6459, 6440, 6447, 6459, 6447, 6501, 6459, 6468, 6507, 6516, 6512, 6514, 6496, 7354, 7356, 7375, 7437, 7425, 7388, 8356, 8349, 8355, 8355, 8349, 8354, 8350, 8362, 8354, 8360, 8366, 8390, 361, 294, 360, 174, 168, 294, 4830, 4823, 4833, 4812, 4816, 4814, 6957, 5699, 6964, 3752, 3741, 3743, 5699, 5698, 6964, 114, 116, 154, 5698, 5695, 5690, 5690, 5691, 5660, 5695, 5691, 5690, 5660, 5662, 5661, 5691, 5662, 5660, 116, 114, 115, 114, 26, 115, 5662, 5663, 5661, 10213, 10351, 10185, 5709, 5722, 5664, 26, 27, 115, 3589, 3594, 3595, 2694, 2693, 6423, 6423, 2693, 6422, 6422, 6420, 6412, 6428, 6421, 6420, 92, 220, 31, 6414, 6424, 6415, 6421, 6424, 6414, 92, 188, 220, 6424, 6425, 6415, 6425, 6430, 6431, 6438, 6440, 6439, 6447, 6468, 6501, 6447, 6458, 6468, 418, 513, 419, 6468, 6479, 6507, 6479, 6478, 6499, 6478, 6496, 6499, 6496, 6497, 6512, 6510, 7331, 6512, 6510, 7332, 7331, 7357, 7329, 7332, 7357, 7345, 7329, 7348, 7349, 7344, 7356, 7388, 7375, 7418, 7437, 7388, 7425, 7492, 7493, 7492, 7530, 7493, 8352, 8361, 8363, 10301, 10306, 10308, 8348, 8360, 8383, 8409, 524, 8428, 524, 525, 8428, 461, 353, 361, 7075, 6982, 6236, 6193, 6203, 6236, 172, 168, 174, 172, 113, 168, 7576, 7580, 7579, 6197, 6195, 6194, 4833, 4825, 4847, 4833, 4823, 4825, 4823, 4819, 4825, 4819, 4812, 4813, 4812, 4814, 4813, 4814, 4815, 4813, 113, 114, 168, 5699, 5697, 5698, 5697, 5695, 5698, 5695, 5694, 5691, 5694, 5662, 5691, 5662, 5692, 5663, 5692, 5709, 5663, 26, 23, 27, 23, 24, 27, 3827, 3589, 3705, 25, 31, 30, 2693, 2695, 6422, 2641, 2695, 2693, 2695, 6420, 6422, 2695, 6428, 6420, 2695, 6427, 6428, 6427, 6421, 6428, 6427, 2698, 6421, 2698, 6424, 6421, 188, 276, 277, 6430, 6432, 6433, 277, 276, 374, 6433, 6438, 6439, 6438, 6447, 6440, 4662, 4661, 4658, 374, 418, 419, 514, 3539, 3497, 6497, 6503, 6512, 6503, 6510, 6512, 6511, 7357, 7332, 7357, 7348, 7345, 7351, 7354, 7349, 7351, 7356, 7354, 7356, 7418, 7388, 7437, 7492, 7425, 8358, 8326, 8353, 8328, 8326, 8358, 8326, 8327, 8353, 8327, 8349, 8353, 8327, 8333, 8349, 8333, 8350, 8349, 8340, 8344, 8343, 8391, 524, 8409, 437, 461, 525, 353, 285, 361, 361, 285, 294, 285, 174, 294, 6982, 7061, 6978, 6979, 6975, 6978, 7574, 10340, 7580, 7580, 10340, 10087, 7576, 7574, 7580, 7573, 7574, 7576, 4825, 4819, 4822, 4819, 4813, 4820, 4813, 4829, 4820, 4813, 4815, 4829, 4815, 4827, 4829, 3759, 3764, 3744, 3764, 3752, 3744, 5711, 5699, 6952, 5711, 5704, 5699, 5704, 5700, 5699, 5699, 5700, 5697, 10190, 10189, 10187, 5700, 5696, 5697, 5697, 5696, 5695, 5696, 5694, 5695, 5694, 5693, 5662, 5662, 5693, 5692, 5693, 5723, 5692, 2646, 2679, 2695, 2695, 2679, 6427, 92, 90, 188, 6425, 6429, 6430, 6429, 6432, 6430, 6432, 6438, 6433, 6457, 6468, 6458, 6468, 6448, 6479, 513, 418, 514, 6448, 6478, 6479, 6510, 6511, 7332, 7350, 7349, 7348, 7350, 7351, 7349, 7418, 7456, 7437, 7437, 7500, 7492, 8350, 8333, 8351, 8392, 8329, 8359, 10339, 8392, 10307, 8340, 8348, 8344, 7075, 7061, 6982, 10360, 10087, 10340, 7572, 7574, 7573, 3766, 3769, 3749, 3769, 3759, 3749, 4822, 4821, 4843, 4820, 4829, 4831, 6955, 6956, 6980, 6951, 5711, 6952, 3795, 3790, 3780, 5704, 5703, 5700, 5703, 5701, 5700, 5700, 5701, 5696, 5701, 5702, 5696, 5702, 5694, 5696, 5702, 5693, 5694, 5702, 5721, 5693, 23, 21, 24, 21, 25, 24, 25, 91, 31, 91, 92, 31, 2679, 2661, 6427, 2661, 2698, 6427, 2698, 2601, 6424, 2601, 6425, 6424, 6438, 6436, 6447, 276, 275, 374, 6443, 6458, 6447, 6457, 6448, 6468, 6465, 6496, 6478, 6466, 6503, 6497, 6503, 6509, 6510, 6509, 6511, 6510, 6511, 6518, 7357, 6518, 7348, 7357, 7356, 7429, 7418, 7434, 7456, 7418, 7456, 7489, 7437, 7437, 7507, 7500, 7489, 7507, 7437, 7500, 7538, 8932, 7507, 7538, 7500, 8296, 8333, 8327, 8314, 8351, 8333, 8342, 8343, 8346, 8342, 8340, 8343, 8340, 8339, 8348, 8348, 8341, 8360, 8366, 8368, 8391, 7075, 7062, 7061, 10210, 10236, 10237, 10236, 10093, 10237, 3771, 3770, 3758, 6983, 6997, 6963, 3776, 3769, 3766, 7572, 4842, 7574, 3769, 3765, 3759, 4841, 4842, 7572, 172, 112, 113, 4841, 4832, 4842, 4821, 4832, 4841, 4821, 4831, 4832, 6949, 6950, 6951, 3794, 3795, 3780, 6950, 5711, 6951, 5704, 5705, 5703, 5705, 5701, 5703, 114, 110, 26, 5701, 5720, 5702, 2653, 2660, 2698, 2698, 2660, 2601, 6426, 6425, 2601, 6426, 6429, 6425, 6429, 6434, 6432, 188, 275, 276, 6432, 6436, 6438, 6436, 6437, 6447, 6437, 6443, 6447, 275, 380, 374, 6443, 6444, 6458, 374, 380, 418, 5615, 5606, 5616, 6463, 6478, 6448, 6465, 6497, 6496, 6465, 6466, 6497, 6466, 6490, 6503, 7352, 7350, 7348, 7350, 7353, 7351, 7353, 7356, 7351, 7353, 7429, 7356, 7429, 7434, 7418, 7489, 7525, 7507, 8307, 8296, 8326, 8296, 8297, 8333, 8297, 8314, 8333, 8314, 8311, 8337, 8338, 8312, 8342, 8339, 8341, 8348, 8341, 8365, 8366, 8365, 8368, 8366, 8368, 495, 8391, 285, 173, 174, 173, 172, 174, 771, 770, 769, 4842, 4844, 4845, 4842, 4840, 4844, 3765, 3791, 3764, 4832, 4840, 4842, 688, 770, 771, 3791, 3780, 3764, 6946, 6948, 6949, 3780, 3793, 3794, 6949, 6938, 6950, 6948, 6938, 6949, 113, 110, 114, 6950, 6939, 5711, 6939, 5710, 5711, 5710, 5705, 5704, 5705, 5724, 5701, 2601, 2599, 6426, 2600, 2599, 2601, 2599, 2598, 6426, 2598, 6429, 6426, 185, 188, 90, 188, 186, 275, 6434, 6435, 6432, 6432, 6435, 6436, 6435, 6437, 6436, 6444, 6457, 6458, 380, 397, 418, 397, 500, 418, 6463, 6465, 6478, 6509, 6513, 6511, 6513, 6518, 6511, 6518, 7352, 7348, 7352, 7353, 7350, 7352, 7440, 7353, 7434, 7489, 7456, 7525, 7524, 7507, 7524, 7538, 7507, 8328, 8307, 8326, 8324, 8328, 8329, 8298, 8314, 8297, 8298, 8311, 8314, 8370, 8329, 8392, 8311, 8310, 8337, 8309, 8312, 8338, 10311, 10339, 10305, 8313, 8339, 8340, 547, 495, 8368, 7043, 7061, 7062, 10210, 10234, 10236, 3782, 3783, 3770, 7061, 6998, 6979, 6998, 6997, 6979, 6960, 6953, 6946, 6953, 6947, 6946, 6947, 6943, 6946, 112, 110, 113, 6943, 6942, 6946, 6938, 6940, 6939, 6940, 6944, 6939, 3599, 3696, 3598, 91, 90, 92, 2597, 2598, 2599, 2598, 2594, 6429, 2594, 6434, 6429, 2594, 2590, 6434, 2590, 2593, 6434, 185, 186, 188, 6434, 2593, 6435, 186, 187, 275, 6437, 6442, 6443, 6442, 6444, 6443, 6444, 6448, 6457, 6490, 6488, 6503, 6488, 6509, 6503, 7488, 7489, 7434, 7488, 7508, 7489, 7508, 7525, 7489, 7542, 7538, 7524, 8324, 8315, 8328, 8315, 8307, 8328, 8290, 8298, 8297, 8291, 8311, 8298, 8396, 8370, 10339, 8312, 8313, 8342, 8339, 8321, 8341, 8336, 8368, 8365, 495, 365, 437, 293, 285, 353, 7036, 7062, 7063, 7036, 7043, 7062, 10234, 10333, 10236, 10233, 10333, 10234, 7019, 6998, 7061, 6206, 6205, 4012, 6961, 6953, 6960, 6958, 6953, 6961, 3781, 3791, 3765, 3792, 3791, 3781, 3829, 3793, 3791, 6954, 6947, 6953, 6947, 10192, 6945, 6947, 6945, 6943, 4011, 4044, 4022, 2591, 2593, 2590, 2593, 2603, 6435, 6435, 2603, 6437, 6437, 2605, 6442, 2603, 2605, 6437, 187, 291, 275, 291, 380, 275, 6445, 6448, 6444, 5614, 5595, 5606, 6448, 6453, 6463, 6453, 6464, 6463, 6464, 6465, 6463, 397, 507, 500, 6464, 6466, 6465, 6480, 6490, 6466, 6509, 6489, 6513, 6489, 6498, 6513, 6498, 6518, 6513, 7445, 7352, 6518, 7445, 7440, 7352, 7440, 7442, 7353, 7442, 7429, 7353, 7429, 7438, 7434, 7508, 7524, 7525, 7508, 7523, 7524, 7524, 7523, 7542, 8289, 8297, 8296, 8289, 8290, 8297, 8290, 8291, 8298, 8319, 8339, 8313, 8319, 8321, 8339, 8321, 8336, 8341, 8336, 8365, 8341, 365, 353, 437, 293, 171, 285, 7035, 7036, 6321, 171, 173, 285, 6220, 6321, 6235, 7036, 7034, 7043, 7043, 7019, 7061, 10210, 10233, 10234, 167, 172, 173, 7018, 6998, 7019, 6966, 6962, 6961, 10192, 10200, 10193, 6958, 6954, 6953, 17, 26, 110, 18, 21, 23, 2605, 6446, 6442, 6442, 2704, 6444, 6446, 2704, 6442, 2704, 6445, 6444, 291, 356, 380, 356, 397, 380, 397, 457, 507, 6480, 6488, 6490, 6488, 6489, 6509, 7442, 7441, 7429, 7441, 7438, 7429, 7438, 7468, 7434, 7468, 7488, 7434, 7503, 7508, 7488, 7503, 7522, 7508, 7522, 7523, 7508, 8295, 8307, 8315, 8294, 8289, 8296, 8311, 8292, 8310, 10296, 8396, 10339, 10300, 10325, 10311, 547, 453, 495, 453, 365, 495, 7038, 7035, 6322, 171, 167, 173, 6208, 6220, 6205, 10211, 10212, 10210, 7005, 6966, 6998, 167, 112, 172, 6962, 6959, 6961, 10197, 10201, 10235, 6961, 6959, 6958, 10199, 10354, 10200, 90, 89, 185, 185, 187, 186, 2606, 2704, 6446, 6445, 6449, 6448, 6498, 6517, 6518, 6517, 7445, 6518, 7444, 7440, 7445, 7440, 7443, 7442, 7444, 7443, 7440, 7443, 7441, 7442, 7139, 7523, 7522, 8295, 8294, 8307, 8308, 8295, 8315, 8325, 8308, 8324, 8370, 8325, 8324, 8292, 8309, 8310, 8303, 8313, 8312, 10245, 10246, 10299, 365, 293, 353, 3785, 3798, 3784, 6208, 6221, 6220, 10212, 10352, 10233, 7018, 7013, 7005, 7007, 7005, 7013, 3781, 3877, 3792, 3792, 3873, 3791, 17, 23, 26, 21, 22, 25, 25, 88, 91, 91, 88, 90, 3814, 3815, 3657, 2704, 2703, 6445, 2608, 2703, 2704, 187, 241, 291, 6449, 6453, 6448, 362, 457, 397, 6456, 6466, 6464, 6456, 6462, 6466, 6462, 6480, 6466, 6487, 6489, 6488, 3341, 3324, 3342, 6494, 6498, 6489, 7468, 7503, 7488, 7503, 7506, 7522, 7506, 7138, 7522, 7522, 7138, 7139, 7139, 7138, 7137, 8396, 8325, 8370, 8292, 8293, 8309, 8367, 548, 547, 7039, 7038, 6322, 7039, 7035, 7038, 976, 3799, 3785, 3801, 3788, 3786, 7005, 6967, 6966, 6966, 6967, 6962, 6967, 6965, 6962, 6965, 7079, 10231, 3877, 3873, 3792, 2608, 2680, 2703, 2667, 2680, 2608, 2703, 6450, 6445, 2680, 6450, 2703, 6450, 6449, 6445, 291, 248, 356, 6452, 6464, 6453, 356, 362, 397, 6480, 6487, 6488, 6519, 7444, 7445, 7441, 7455, 7438, 7455, 7468, 7438, 7468, 7506, 7503, 8295, 8273, 8294, 8325, 8317, 8308, 8290, 8272, 8291, 8302, 8319, 8313, 8302, 8301, 8319, 8301, 8321, 8319, 1809, 1808, 3798, 7007, 7006, 7005, 3876, 3873, 3877, 3873, 3876, 3875, 88, 89, 90, 3821, 3822, 3815, 3815, 3822, 3702, 6449, 6452, 6453, 6452, 6456, 6464, 6480, 6481, 6487, 6487, 6494, 6489, 6494, 6502, 6498, 6502, 6517, 6498, 6519, 7445, 6517, 7506, 7135, 7138, 7135, 7136, 7137, 8281, 8273, 8295, 8273, 8270, 8294, 8301, 8304, 8321, 8304, 8322, 8321, 8322, 8336, 8321, 8322, 8357, 8336, 8357, 548, 8367, 274, 293, 365, 274, 171, 293, 989, 1809, 976, 1808, 3803, 3798, 3802, 3878, 3800, 6208, 6215, 6221, 10212, 10232, 10352, 10232, 10353, 10352, 3878, 3885, 3800, 167, 111, 112, 185, 189, 187, 2680, 2692, 6450, 2684, 2692, 2680, 187, 189, 241, 6450, 6451, 6449, 2692, 6451, 6450, 6451, 6452, 6449, 362, 420, 457, 420, 505, 457, 6462, 6481, 6480, 6482, 6494, 6487, 6500, 6502, 6494, 6502, 6519, 6517, 7443, 7450, 7441, 7455, 7486, 7468, 7468, 7486, 7506, 7506, 7521, 7135, 7486, 7521, 7506, 7521, 7134, 7135, 7134, 7136, 7135, 8308, 8281, 8295, 8286, 8281, 8308, 8282, 8273, 8281, 8270, 8271, 8289, 8274, 8276, 8292, 10295, 10251, 8396, 10249, 10295, 10296, 453, 366, 365, 6242, 7048, 6320, 366, 274, 365, 919, 989, 976, 1808, 1804, 3803, 10218, 10232, 10212, 7008, 10218, 10217, 10217, 10218, 10212, 111, 110, 112, 3822, 3824, 3702, 3824, 3813, 3702, 89, 190, 185, 185, 190, 189, 189, 248, 241, 6451, 6454, 6452, 248, 249, 362, 6455, 6462, 6456, 420, 475, 505, 6481, 6482, 6487, 6483, 6500, 6494, 6535, 7444, 6519, 6535, 7443, 7444, 7450, 7451, 7441, 7451, 7455, 7441, 7451, 7459, 7455, 7459, 7486, 7455, 7486, 7505, 7521, 7497, 7505, 7486, 7505, 7134, 7521, 8372, 8317, 8325, 10251, 8372, 8396, 8396, 8372, 8325, 8276, 8279, 8293, 8303, 8279, 8302, 7042, 7020, 7041, 989, 1801, 1809, 1804, 1806, 3803, 170, 167, 171, 1810, 3878, 3802, 6713, 7010, 7014, 7010, 6713, 6715, 6713, 6705, 6715, 6715, 10219, 10218, 10219, 10232, 10218, 3885, 3886, 3877, 19, 22, 21, 22, 87, 25, 87, 88, 25, 2692, 2705, 6451, 2691, 2705, 2692, 2705, 6454, 6451, 6454, 6455, 6452, 6452, 6455, 6456, 6462, 6471, 6481, 6500, 6521, 6502, 6521, 6520, 6502, 6520, 6519, 6502, 6535, 7448, 7443, 7505, 7136, 7134, 8269, 8282, 8281, 8282, 8269, 8273, 8264, 8274, 8272, 8278, 8301, 8302, 8322, 8331, 8357, 8357, 534, 548, 534, 453, 548, 7048, 7054, 7053, 7044, 7054, 7041, 204, 171, 274, 919, 923, 989, 1809, 1801, 1808, 1810, 1811, 3878, 170, 111, 167, 6699, 6705, 6713, 10219, 10220, 10232, 10220, 10355, 10232, 3887, 3886, 3885, 18, 19, 21, 3825, 3812, 3813, 2691, 2706, 2705, 6460, 6462, 6455, 367, 420, 362, 6460, 6471, 6462, 6483, 6494, 6482, 7443, 7449, 7450, 7448, 7449, 7443, 7459, 7497, 7486, 7497, 7504, 7505, 7505, 7504, 7136, 8286, 8275, 8281, 8317, 8316, 8286, 8371, 8317, 8372, 8277, 8279, 8276, 8278, 8280, 8301, 8280, 8304, 8301, 8280, 8285, 8304, 534, 369, 453, 453, 369, 366, 6241, 6315, 6242, 7051, 7029, 7042, 7029, 7047, 7015, 204, 170, 171, 923, 999, 989, 999, 1801, 989, 1801, 1804, 1808, 1797, 1806, 1804, 1799, 1810, 1807, 6711, 6699, 6713, 6211, 6212, 6210, 10221, 10223, 10355, 6699, 6704, 6705, 6704, 10219, 6705, 6704, 10220, 10219, 18, 23, 17, 87, 75, 88, 3835, 3834, 3812, 2706, 6454, 2705, 189, 249, 248, 6454, 6460, 6455, 249, 367, 362, 6471, 6482, 6481, 6471, 6483, 6482, 6520, 6522, 6519, 6522, 6535, 6519, 7449, 7451, 7450, 7459, 7496, 7497, 7497, 7496, 7504, 7496, 7517, 7504, 8258, 8259, 8271, 8371, 8316, 8317, 10251, 8371, 8372, 8299, 8322, 8285, 8331, 534, 8357, 6315, 7055, 7054, 369, 274, 366, 7052, 7051, 7042, 7051, 7049, 7029, 999, 1793, 1801, 1801, 1795, 1804, 1795, 1797, 1804, 6218, 6226, 6225, 7047, 6712, 7015, 6712, 6693, 6711, 6693, 6699, 6711, 6693, 6698, 6699, 1814, 3887, 3885, 6698, 6704, 6699, 6704, 10221, 10220, 89, 73, 190, 3806, 3820, 3817, 2691, 2700, 2706, 2706, 2707, 6454, 2707, 6460, 6454, 6472, 6471, 6460, 367, 475, 420, 6471, 6484, 6483, 6500, 6523, 6521, 6521, 6522, 6520, 7519, 7504, 7517, 7517, 7518, 7519, 8269, 8260, 8273, 8260, 8258, 8270, 8265, 8276, 8274, 8265, 8248, 8276, 8277, 8278, 8279, 8277, 8253, 8278, 10250, 10252, 10251, 8251, 8280, 8278, 8263, 8285, 8280, 8318, 8331, 8322, 535, 534, 8331, 6239, 7055, 6315, 10228, 10337, 10241, 7049, 7074, 7047, 1798, 1799, 1807, 1799, 1811, 1810, 6692, 6693, 6712, 6692, 6694, 6693, 170, 119, 111, 3888, 6213, 6211, 6694, 6698, 6693, 6698, 10222, 10221, 10222, 10223, 10221, 109, 110, 111, 2700, 2707, 2706, 189, 184, 249, 6473, 6472, 6460, 6484, 6493, 6483, 6533, 6500, 6483, 6523, 6522, 6521, 6542, 7448, 6535, 7458, 7449, 7448, 7458, 7465, 7449, 7449, 7465, 7451, 7465, 7459, 7451, 7465, 7496, 7459, 7496, 7509, 7517, 7509, 7518, 7517, 8248, 8277, 8276, 8251, 8262, 8280, 8299, 8318, 8322, 6226, 6227, 6225, 1000, 1793, 999, 1793, 1795, 1801, 923, 925, 999, 1799, 1800, 1811, 1800, 1814, 1811, 6696, 6692, 6712, 6696, 6695, 6692, 1815, 3888, 1814, 6695, 6694, 6692, 109, 17, 110, 88, 73, 89, 3836, 3833, 3834, 2708, 2707, 2700, 2707, 6477, 6460, 6477, 6473, 6460, 367, 424, 475, 6493, 6533, 6483, 6533, 6528, 6500, 6528, 6523, 6500, 3286, 3285, 3287, 6523, 6524, 6522, 6522, 6531, 6535, 6531, 6542, 6535, 6542, 7458, 7448, 7509, 7526, 7518, 8255, 8254, 8269, 8254, 8256, 8269, 8256, 8260, 8269, 8264, 8243, 8265, 8262, 8263, 8280, 8263, 8299, 8285, 8318, 535, 8331, 535, 368, 534, 534, 368, 369, 6245, 7058, 6239, 7058, 7059, 7055, 7058, 7060, 7059, 261, 274, 369, 261, 204, 274, 1794, 1799, 1798, 7074, 6700, 7047, 6700, 6712, 7047, 6700, 6696, 6712, 1815, 6214, 6213, 6695, 6708, 10222, 6708, 10224, 10222, 73, 189, 190, 73, 184, 189, 184, 256, 249, 256, 367, 249, 6472, 6484, 6471, 6485, 6484, 6472, 424, 484, 485, 485, 484, 3356, 7465, 7494, 7496, 7494, 7499, 7496, 7499, 7509, 7496, 7509, 7510, 7526, 8257, 8255, 8275, 8256, 8245, 8260, 8245, 8258, 8260, 8316, 8288, 8275, 8246, 8244, 8258, 8244, 8259, 8258, 8244, 8242, 8259, 8242, 8264, 8259, 8242, 8243, 8264, 8243, 8248, 8265, 8248, 8249, 8252, 8252, 8253, 8277, 8263, 8268, 8299, 8268, 8318, 8299, 7057, 7049, 7051, 7057, 7073, 7049, 1793, 1785, 1795, 1790, 1794, 1797, 6690, 6706, 7074, 6706, 6700, 7074, 6700, 6697, 6696, 6696, 6697, 6695, 6697, 6708, 6695, 6708, 10225, 10224, 119, 109, 111, 2708, 6593, 2707, 3124, 6593, 2708, 6593, 6477, 2707, 6473, 6474, 6472, 6493, 6532, 6533, 6524, 6531, 6522, 6542, 6588, 7458, 7458, 6594, 7465, 7499, 7510, 7509, 8288, 8257, 8275, 8364, 8288, 8316, 8268, 8300, 8318, 6319, 7065, 7058, 368, 261, 369, 7064, 7069, 7052, 6706, 6702, 6700, 1815, 1813, 6214, 6707, 6708, 6697, 3843, 3842, 3830, 6477, 3133, 6473, 381, 424, 367, 424, 381, 484, 6485, 6493, 6484, 484, 3479, 3356, 6533, 6525, 6528, 6528, 6525, 6523, 6525, 6524, 6523, 6526, 6531, 6524, 6588, 6587, 7458, 6587, 6594, 7458, 6594, 7494, 7465, 8216, 8243, 8242, 8249, 8250, 8252, 8250, 8253, 8252, 10253, 10252, 10250, 8300, 535, 8318, 530, 368, 535, 6295, 7065, 6319, 6227, 6228, 6304, 7069, 7071, 7057, 7071, 7073, 7057, 200, 204, 261, 925, 912, 1000, 1000, 1784, 1793, 912, 1784, 1000, 6714, 6706, 6690, 120, 119, 170, 6702, 6701, 6700, 6701, 6697, 6700, 6701, 6707, 6697, 6701, 10225, 6707, 19, 20, 22, 3124, 3130, 6593, 3130, 6477, 6593, 3130, 3133, 6477, 3133, 6474, 6473, 256, 255, 367, 6474, 6475, 6472, 255, 381, 367, 6475, 6485, 6472, 6485, 6550, 6493, 3335, 3312, 3331, 6525, 6526, 6524, 6536, 6542, 6531, 6536, 6588, 6542, 6594, 7495, 7494, 7494, 7512, 7499, 7495, 7512, 7494, 7511, 7510, 7499, 8231, 8254, 8255, 8210, 8256, 8254, 8210, 8245, 8256, 8245, 8246, 8258, 8212, 8242, 8244, 8216, 8223, 8243, 10253, 8393, 10252, 8250, 8251, 8253, 8228, 8263, 8262, 10254, 10253, 10250, 7060, 7066, 7067, 7066, 7064, 7067, 7064, 7070, 7069, 6216, 6228, 6227, 7071, 6691, 7073, 1784, 1785, 1793, 200, 170, 204, 1792, 1800, 1799, 164, 120, 170, 6706, 6703, 6702, 6709, 6703, 6706, 6703, 6701, 6702, 75, 73, 88, 73, 72, 184, 184, 255, 256, 6550, 6549, 6493, 483, 3479, 484, 6549, 6532, 6493, 6549, 6546, 6532, 6532, 6525, 6533, 7512, 7511, 7499, 7514, 7510, 7511, 8257, 8231, 8255, 8235, 8231, 8257, 8206, 8244, 8246, 8364, 8332, 8288, 8215, 8216, 8242, 8223, 8248, 8243, 8222, 8250, 8249, 8251, 8228, 8262, 8300, 530, 535, 6296, 7076, 6295, 7065, 7066, 7060, 7071, 6689, 6691, 6689, 6690, 6691, 1785, 1782, 1790, 1782, 1786, 1790, 1786, 1789, 1790, 1780, 1794, 1789, 164, 170, 200, 6714, 6710, 6706, 1791, 1805, 1800, 6710, 6709, 6706, 1812, 6217, 1813, 3126, 6582, 3133, 3129, 6582, 3126, 72, 201, 184, 6582, 6474, 3133, 201, 255, 184, 6526, 6530, 6531, 6530, 6536, 6531, 6536, 6587, 6588, 7515, 7512, 7495, 7511, 7516, 7514, 8231, 8211, 8254, 8211, 8210, 8254, 8288, 8284, 8257, 8208, 8206, 8245, 8332, 8284, 8288, 8206, 8212, 8244, 8221, 8222, 8248, 8222, 8220, 8250, 8250, 8229, 8251, 8228, 8230, 8263, 8263, 8267, 8268, 8267, 8300, 8268, 6314, 7076, 6296, 471, 368, 530, 368, 259, 261, 1788, 1779, 1784, 1786, 1780, 1789, 912, 911, 1788, 6716, 6710, 6714, 6880, 10227, 10226, 120, 109, 119, 109, 108, 17, 16, 18, 17, 18, 14, 19, 20, 87, 22, 6582, 6476, 6474, 6476, 6475, 6474, 370, 484, 381, 370, 483, 484, 6532, 6527, 6525, 6534, 6527, 6532, 6530, 6558, 6536, 6558, 6585, 6536, 6585, 6587, 6536, 6586, 6594, 6587, 6624, 7495, 6594, 7513, 7511, 7512, 7513, 7516, 7511, 8284, 8235, 8257, 8220, 8219, 8250, 8219, 8229, 8250, 8229, 8228, 8251, 10294, 8393, 10253, 7080, 7065, 7076, 7080, 7066, 7065, 7066, 7072, 7070, 7070, 7072, 7069, 259, 200, 261, 6689, 6688, 6690, 6688, 6714, 6690, 1781, 1794, 1780, 1781, 1792, 1794, 6720, 6716, 6714, 1803, 1805, 1791, 1803, 6230, 6216, 6716, 6717, 6710, 6717, 10227, 6710, 1803, 1812, 1805, 3132, 6582, 3129, 3132, 6476, 6582, 253, 381, 255, 6495, 6485, 6475, 6485, 6495, 6550, 6495, 6549, 6550, 6546, 6534, 6532, 6527, 6526, 6525, 6527, 6529, 6526, 6529, 6530, 6526, 6557, 6585, 6558, 6585, 6586, 6587, 6586, 6624, 6594, 6624, 7515, 7495, 7515, 7513, 7512, 7513, 7528, 7516, 8207, 8212, 8206, 8369, 8332, 8364, 8393, 8369, 8364, 8267, 8287, 8300, 8300, 531, 530, 7080, 7081, 7066, 471, 322, 368, 322, 259, 368, 7072, 6687, 7071, 6687, 6689, 7071, 911, 1779, 1788, 1779, 1776, 1784, 1784, 1776, 1785, 1776, 1782, 1785, 6688, 6720, 6714, 1781, 1791, 1792, 6720, 6719, 6716, 6716, 6718, 6717, 6719, 6718, 6716, 6718, 10229, 6717, 108, 16, 17, 16, 14, 18, 75, 74, 73, 73, 74, 71, 71, 72, 73, 6476, 6486, 6475, 201, 253, 255, 253, 370, 381, 6495, 6552, 6549, 6549, 6552, 6546, 6552, 6534, 6546, 6529, 6558, 6530, 7515, 7528, 7513, 8232, 8231, 8235, 8211, 8200, 8210, 8210, 8209, 8208, 8221, 8217, 8222, 8218, 8220, 8222, 8287, 531, 8300, 531, 471, 530, 6294, 7088, 6314, 7088, 7087, 6314, 6314, 7087, 7080, 7081, 7072, 7066, 7082, 6687, 7072, 6687, 6688, 6689, 913, 1778, 1779, 1774, 1786, 1782, 164, 122, 120, 107, 108, 109, 3859, 3848, 3847, 6613, 6476, 3132, 6486, 6495, 6475, 370, 482, 483, 3478, 3328, 3479, 6584, 6586, 6585, 6624, 7532, 7515, 7531, 7528, 7515, 8231, 8200, 8211, 8214, 8200, 8231, 8209, 8210, 8200, 8284, 8232, 8235, 8209, 8205, 8208, 8223, 8217, 8221, 8217, 8218, 8222, 8218, 8219, 8220, 8393, 8395, 8369, 8240, 8267, 8230, 8267, 8283, 8287, 1764, 1776, 1779, 1776, 1774, 1782, 1774, 1780, 1786, 1775, 1783, 1791, 6722, 6720, 6688, 7562, 6635, 6613, 6613, 6596, 6476, 5599, 5574, 5598, 6596, 6486, 6476, 6551, 6552, 6495, 6534, 6537, 6527, 6527, 6540, 6529, 6537, 6540, 6527, 6545, 6558, 6529, 6545, 6557, 6558, 6604, 6607, 6586, 6607, 6624, 6586, 6607, 6625, 6624, 6625, 7532, 6624, 7531, 7515, 7532, 8284, 8266, 8232, 8203, 8215, 8212, 8369, 8330, 8332, 8330, 8284, 8332, 7087, 7090, 7080, 7090, 7089, 7080, 7083, 7082, 7072, 7082, 6686, 6687, 6687, 6684, 6688, 1774, 1717, 1780, 6684, 6722, 6688, 1780, 1765, 1781, 1765, 1775, 1781, 6722, 6721, 6720, 6721, 6719, 6720, 1783, 1796, 1802, 121, 109, 120, 77, 75, 87, 72, 70, 201, 201, 202, 253, 6486, 6551, 6495, 432, 482, 370, 6540, 6545, 6529, 6545, 6555, 6557, 6557, 6584, 6585, 6584, 6604, 6586, 6625, 7531, 7532, 6625, 8071, 7531, 8232, 8214, 8231, 8203, 8212, 8207, 8194, 8216, 8215, 8194, 8192, 8216, 8192, 8223, 8216, 8395, 8330, 8369, 8191, 8229, 8219, 8199, 8230, 8228, 6294, 6299, 7088, 7088, 7090, 7087, 6686, 6684, 6687, 199, 200, 259, 1778, 1764, 1779, 1776, 1763, 1774, 199, 164, 200, 1717, 1765, 1780, 6721, 10077, 10078, 164, 163, 122, 14, 20, 19, 20, 77, 87, 6636, 6596, 6635, 6636, 6634, 6596, 6596, 6614, 6486, 6634, 6614, 6596, 5599, 5575, 5574, 8213, 8214, 8232, 8200, 8201, 8209, 8330, 8266, 8284, 8191, 8195, 8229, 8195, 8228, 8229, 10294, 10260, 8395, 8199, 8240, 8230, 8287, 8443, 531, 6299, 7090, 7088, 7086, 7083, 7081, 6233, 6298, 6232, 6231, 6233, 6232, 1764, 1763, 1776, 913, 1762, 1778, 1762, 1764, 1778, 6684, 6679, 6722, 199, 163, 164, 6679, 6723, 6722, 6722, 6723, 6721, 6723, 10077, 6721, 10077, 10079, 10078, 1783, 1787, 1796, 121, 107, 109, 70, 202, 201, 5622, 5575, 5599, 6614, 6595, 6486, 202, 252, 253, 252, 370, 253, 357, 432, 370, 6552, 6538, 6534, 6538, 6537, 6534, 6557, 6555, 6584, 6607, 6612, 6625, 8266, 8213, 8232, 8201, 8205, 8209, 8205, 8203, 8207, 8217, 8193, 8218, 8193, 8190, 8218, 10260, 8394, 8395, 8195, 8198, 8228, 8283, 8267, 8240, 8443, 506, 531, 506, 471, 531, 400, 322, 471, 7086, 7084, 7083, 6685, 6684, 6686, 1720, 1763, 1764, 1763, 1682, 1774, 1682, 1717, 1774, 846, 914, 913, 1765, 1719, 1775, 1719, 1783, 1775, 6723, 10079, 10077, 121, 120, 122, 15, 16, 108, 77, 76, 75, 3868, 3872, 3856, 6632, 6614, 6634, 6632, 6595, 6614, 6551, 6553, 6552, 6553, 6538, 6552, 3470, 3328, 3478, 6545, 6544, 6555, 6544, 6556, 6555, 6612, 6606, 9123, 6606, 6612, 6607, 8320, 8266, 8330, 8394, 8330, 8395, 8198, 8199, 8228, 506, 400, 471, 7091, 7089, 7090, 6685, 7082, 7083, 6685, 6648, 6684, 1716, 1720, 1764, 1720, 1681, 1763, 1763, 1681, 1682, 6648, 6679, 6684, 6724, 6723, 6679, 1719, 1777, 1783, 1777, 1787, 1783, 71, 70, 72, 6631, 6595, 6632, 6595, 6554, 6486, 6554, 6551, 6486, 6554, 6553, 6551, 252, 357, 370, 6538, 6539, 6537, 6539, 6540, 6537, 465, 3470, 3478, 6539, 6544, 6540, 6540, 6544, 6545, 6584, 6600, 6604, 6604, 6606, 6607, 8266, 8237, 8213, 8201, 8202, 8205, 8202, 8203, 8205, 8204, 8194, 8215, 8394, 8320, 8330, 10259, 10260, 10258, 6300, 7112, 6299, 6299, 7112, 7090, 7091, 7086, 7089, 7084, 6685, 7083, 322, 258, 259, 258, 199, 259, 1762, 1716, 1764, 6670, 6679, 6648, 1717, 1678, 1765, 1678, 1719, 1765, 6670, 6725, 6679, 6725, 6724, 6679, 6724, 10079, 6723, 5624, 5600, 5622, 413, 432, 357, 6591, 6555, 6556, 6591, 6584, 6555, 6591, 6592, 6584, 6600, 6605, 6604, 6605, 6606, 6604, 8203, 8204, 8215, 8240, 8241, 8283, 7090, 7113, 7091, 7091, 7084, 7086, 6298, 6250, 6251, 1716, 1681, 1720, 6234, 6311, 6233, 1682, 1678, 1717, 74, 69, 71, 71, 69, 70, 5624, 5904, 5600, 6631, 6615, 6595, 6615, 6554, 6595, 6560, 6553, 6554, 202, 238, 252, 6561, 6539, 6538, 413, 465, 432, 6576, 6544, 6539, 6544, 6578, 6556, 6578, 6591, 6556, 6584, 6592, 6600, 8200, 8152, 8201, 8201, 8151, 8202, 8193, 8189, 8190, 8190, 8084, 8191, 8199, 8197, 8240, 8241, 8443, 8283, 6254, 6326, 6300, 6326, 7112, 6300, 7112, 7113, 7090, 7115, 7113, 7112, 7091, 7085, 7084, 319, 322, 400, 7085, 6683, 6685, 7085, 6650, 6683, 258, 198, 199, 914, 1677, 1762, 1762, 1677, 1716, 6677, 6726, 6670, 1678, 1679, 1719, 6726, 6725, 6670, 6726, 6727, 6725, 1679, 1711, 1777, 6727, 6724, 6725, 6727, 6885, 6724, 6724, 6885, 10264, 147, 122, 163, 123, 121, 122, 76, 74, 75, 6553, 6559, 6538, 6559, 6561, 6538, 6561, 6563, 6539, 6563, 6576, 6539, 6592, 6608, 6600, 6608, 6605, 6600, 6608, 6623, 6605, 8213, 8130, 8214, 8214, 8130, 8200, 8130, 8152, 8200, 8152, 8151, 8201, 8202, 8150, 8203, 8150, 8204, 8203, 8189, 8084, 8190, 8416, 8398, 8394, 8085, 8195, 8191, 7113, 7114, 7091, 7114, 7118, 7091, 7118, 7085, 7091, 6650, 6647, 6683, 319, 258, 322, 6311, 6297, 6298, 6648, 6669, 6670, 6669, 6676, 6670, 908, 1677, 914, 1716, 1677, 1681, 1670, 1678, 1682, 6676, 6677, 6670, 198, 163, 199, 1669, 1671, 1678, 1671, 1679, 1678, 1711, 1760, 1777, 107, 15, 108, 5903, 5600, 5904, 5903, 5570, 5600, 6615, 6598, 6554, 5570, 5553, 5600, 6598, 6560, 6554, 6560, 6559, 6553, 8946, 8967, 8966, 413, 464, 465, 8145, 8130, 8213, 8320, 8237, 8266, 8194, 8149, 8192, 8192, 8116, 8189, 8398, 8320, 8394, 8440, 8443, 8241, 8440, 532, 8443, 532, 506, 8443, 6254, 6325, 6326, 6325, 7115, 6326, 506, 408, 400, 7085, 6652, 6650, 1677, 1676, 1681, 1675, 1682, 1681, 1675, 1670, 1682, 1670, 1669, 1678, 6729, 6727, 6726, 6727, 6902, 10265, 76, 69, 74, 6633, 6603, 6560, 6603, 6559, 6560, 238, 292, 252, 292, 357, 252, 6562, 6561, 6559, 357, 393, 413, 6562, 6563, 6561, 6563, 6575, 6576, 6590, 6591, 6578, 6590, 6592, 6591, 6619, 6620, 6608, 8145, 8213, 8236, 8305, 8236, 8237, 8320, 8305, 8237, 8417, 8398, 8416, 8197, 8241, 8240, 6652, 6643, 6650, 6643, 6647, 6650, 6647, 6646, 6648, 6643, 6646, 6647, 6669, 6672, 6676, 6672, 6728, 6676, 1671, 1711, 1679, 6728, 6729, 6726, 6902, 6727, 6729, 121, 106, 107, 14, 13, 20, 13, 77, 20, 3893, 3880, 3881, 6576, 6577, 6578, 6590, 6601, 6592, 6601, 6619, 6592, 6619, 6621, 6620, 6621, 9134, 6620, 8398, 8305, 8320, 8149, 8116, 8192, 8083, 8084, 8189, 6293, 6325, 6254, 532, 408, 506, 7120, 7115, 6325, 7119, 7113, 7115, 7119, 7114, 7113, 7114, 7130, 7118, 408, 319, 400, 6646, 6672, 6669, 1676, 1675, 1681, 6731, 6728, 6672, 6728, 6730, 6729, 6730, 6902, 6729, 147, 123, 122, 70, 68, 202, 5902, 5570, 5903, 5902, 5899, 5570, 68, 224, 202, 6603, 6573, 6559, 6599, 6573, 6603, 6573, 6562, 6559, 8980, 8981, 8968, 292, 343, 357, 343, 393, 357, 393, 464, 413, 6577, 6589, 6578, 6589, 6590, 6578, 9129, 9134, 6621, 8148, 8197, 8199, 8241, 8239, 8440, 7120, 7119, 7115, 7130, 6653, 7118, 6653, 6643, 6652, 1635, 1675, 1676, 1635, 1632, 1675, 1632, 1670, 1675, 6678, 6731, 6672, 1711, 1680, 1760, 78, 76, 77, 76, 65, 69, 5899, 5577, 5578, 6575, 6577, 6576, 6590, 6597, 6601, 6597, 6602, 6601, 6602, 6619, 6601, 8236, 8225, 8145, 8130, 8114, 8152, 8112, 8111, 8152, 8115, 8116, 8149, 6293, 6324, 6325, 6325, 7121, 7120, 7119, 7130, 7114, 319, 247, 258, 6643, 6645, 6646, 6642, 6645, 6643, 247, 198, 258, 6646, 6645, 6672, 1677, 1637, 1676, 1637, 1635, 1676, 6318, 6316, 6309, 1634, 1680, 1671, 6731, 6795, 6728, 1680, 1711, 1671, 6795, 6730, 6728, 6730, 6905, 6902, 6902, 10320, 10349, 6905, 10320, 6902, 10, 14, 16, 68, 70, 69, 5897, 5577, 5899, 6599, 6583, 6573, 6583, 6568, 6573, 6568, 6562, 6573, 6568, 6567, 6562, 6567, 6565, 6562, 6562, 6564, 6563, 6565, 6564, 6562, 6564, 6575, 6563, 6589, 6597, 6590, 6597, 6617, 6602, 6602, 6622, 6619, 6622, 6621, 6619, 8144, 8125, 8145, 8145, 8125, 8130, 8125, 8114, 8130, 8114, 8112, 8152, 8111, 8150, 8151, 8111, 8110, 8150, 8110, 8115, 8150, 8115, 8149, 8150, 8399, 8305, 8398, 8083, 8085, 8084, 8417, 8418, 8398, 10272, 10270, 10266, 6288, 6324, 6293, 6324, 7121, 6325, 7121, 7119, 7120, 6309, 6306, 6286, 6640, 6643, 6653, 6640, 6642, 6643, 10320, 10313, 10349, 1634, 1671, 1669, 149, 163, 198, 15, 10, 16, 6627, 6583, 6599, 6564, 6580, 6575, 6580, 6577, 6575, 6577, 6611, 6589, 6589, 6609, 6597, 6611, 6609, 6589, 9127, 9130, 6602, 8399, 8306, 8305, 8090, 8083, 8116, 8086, 8085, 8083, 8087, 8093, 8085, 8087, 8094, 8093, 8238, 8440, 8239, 7123, 7121, 6324, 7121, 7122, 7119, 7119, 7124, 7130, 7124, 6653, 7130, 7124, 7131, 6653, 7131, 6638, 6653, 6638, 6640, 6653, 347, 247, 319, 6641, 6645, 6642, 909, 1637, 1677, 944, 1637, 909, 1632, 1631, 1670, 1631, 1669, 1670, 1626, 1634, 1669, 6732, 6731, 6678, 149, 147, 163, 6795, 6905, 6730, 9, 10, 15, 5898, 5896, 5897, 5897, 4533, 5577, 5896, 4533, 5897, 6569, 6567, 6568, 238, 239, 292, 6580, 6611, 6577, 6609, 6610, 6597, 6610, 6617, 6597, 8261, 8225, 8236, 8098, 8116, 8115, 8090, 8086, 8083, 8238, 533, 8440, 533, 532, 8440, 7123, 7122, 7121, 7122, 7124, 7119, 408, 347, 319, 6640, 6641, 6642, 6641, 6680, 6645, 6645, 6680, 6678, 1631, 1626, 1669, 6680, 6732, 6678, 1674, 1680, 1634, 6733, 6795, 6731, 6733, 6899, 6795, 6899, 6905, 6795, 107, 9, 15, 13, 78, 77, 79, 65, 76, 3906, 9715, 3899, 66, 224, 68, 6583, 6574, 6568, 6574, 6569, 6568, 224, 239, 238, 6567, 6566, 6565, 239, 343, 292, 239, 344, 343, 6566, 6564, 6565, 6611, 6618, 6609, 6618, 6610, 6609, 6618, 6626, 6610, 9125, 6617, 6610, 8111, 8109, 8110, 8305, 8261, 8236, 8306, 8261, 8305, 8098, 8097, 8116, 8086, 8087, 8085, 8419, 8418, 8417, 8094, 8128, 8093, 8196, 8197, 8148, 8196, 8239, 8197, 8196, 8238, 8239, 7125, 7131, 7124, 6638, 6639, 6640, 6639, 6641, 6640, 1633, 1635, 1637, 1635, 1630, 1632, 1630, 1631, 1632, 6732, 6733, 6731, 6734, 6733, 6732, 6872, 6899, 6733, 6899, 10318, 6905, 10318, 10320, 6905, 6630, 6574, 6583, 6569, 6570, 6567, 6570, 6566, 6567, 6566, 6074, 6564, 6074, 6581, 6564, 6564, 6581, 6580, 6581, 7584, 6580, 7584, 7581, 6580, 7581, 7582, 6611, 7582, 7583, 6611, 9125, 9133, 9124, 8114, 8113, 8112, 8113, 8109, 8112, 8109, 8111, 8112, 8107, 8110, 8109, 8107, 8098, 8110, 8097, 8090, 8116, 8128, 8196, 8148, 6288, 6323, 6324, 6292, 6323, 6288, 6324, 7129, 7123, 533, 317, 532, 7125, 7124, 7122, 317, 408, 532, 7131, 7125, 6638, 6639, 6667, 6641, 6641, 6667, 6680, 944, 1633, 1637, 956, 1633, 944, 1622, 1631, 1630, 6317, 6312, 6316, 6680, 6734, 6732, 1626, 1629, 1634, 1629, 1674, 1634, 1629, 1672, 1674, 1672, 1673, 1674, 1673, 6316, 1674, 123, 106, 121, 106, 9, 107, 14, 12, 13, 78, 79, 76, 81, 65, 79, 65, 68, 69, 5894, 4533, 5896, 422, 464, 393, 8225, 8142, 8144, 8119, 8113, 8125, 8113, 8114, 8125, 8088, 8087, 8086, 10279, 8419, 8417, 6323, 7129, 6324, 7129, 7128, 7123, 7128, 7122, 7123, 317, 347, 408, 7125, 6637, 6638, 6664, 6667, 6639, 1633, 1625, 1635, 1625, 1630, 1635, 1619, 1626, 1631, 6736, 6680, 6667, 6734, 6735, 6733, 6735, 6872, 6733, 6872, 6883, 6899, 6883, 10318, 6899, 5894, 5895, 4533, 6630, 6629, 6574, 5895, 4532, 4533, 6574, 6572, 6569, 6570, 6076, 6566, 6076, 6074, 6566, 344, 422, 393, 8144, 8142, 8125, 8142, 8126, 8125, 8126, 8119, 8125, 8261, 8224, 8225, 8106, 8098, 8107, 8106, 8102, 8098, 8091, 8097, 8098, 8092, 8086, 8090, 8092, 8089, 8086, 7128, 7126, 7122, 7126, 7125, 7122, 6287, 6261, 6259, 6637, 6639, 6638, 247, 225, 198, 1619, 1613, 1626, 1613, 1629, 1626, 6734, 6680, 6736, 6735, 6883, 6872, 10, 12, 14, 6629, 6572, 6574, 6572, 6571, 6569, 6569, 6571, 6570, 237, 239, 224, 8225, 8224, 8142, 8108, 8107, 8109, 8091, 8090, 8097, 8091, 8092, 8090, 8087, 8095, 8094, 8088, 8095, 8087, 8226, 8238, 8196, 10274, 10279, 10270, 542, 533, 8238, 6292, 2574, 6323, 7129, 7133, 7128, 533, 477, 317, 6649, 6637, 7125, 6637, 6644, 6639, 6644, 6664, 6639, 6664, 6736, 6667, 1633, 1624, 1625, 1622, 1619, 1631, 1613, 1620, 1629, 6736, 6737, 6734, 6737, 6735, 6734, 124, 106, 123, 9697, 9681, 9684, 4483, 5895, 5894, 5895, 4529, 4532, 6628, 6572, 6629, 4529, 4530, 4532, 4529, 4531, 4530, 6571, 6157, 6570, 6570, 6157, 6076, 8108, 8106, 8107, 8306, 8224, 8261, 8102, 8099, 8098, 8098, 8099, 8091, 8086, 8089, 8088, 8095, 8096, 8094, 8434, 8418, 8419, 8096, 8128, 8094, 10279, 8434, 8419, 8183, 8196, 8128, 8183, 8226, 8196, 6265, 2574, 6292, 2574, 2576, 6323, 6323, 7133, 7129, 2576, 7133, 6323, 6649, 6644, 6637, 6663, 6664, 6644, 956, 1624, 1633, 1625, 1618, 1622, 6664, 6737, 6736, 198, 193, 149, 1668, 6317, 1673, 1672, 1668, 1673, 6735, 6878, 6883, 6878, 10319, 6883, 10319, 10316, 10318, 149, 145, 147, 145, 146, 147, 146, 125, 147, 147, 125, 123, 4475, 4534, 4529, 152, 224, 66, 4534, 4531, 4529, 6628, 6579, 6572, 6579, 6571, 6572, 6571, 6156, 6157, 433, 478, 422, 8113, 8117, 8109, 8306, 8323, 8224, 8454, 8323, 8399, 8399, 8323, 8306, 8418, 8435, 8399, 8434, 8435, 8418, 8096, 8129, 8128, 8129, 8183, 8128, 8400, 542, 8238, 542, 477, 533, 7133, 2577, 7128, 317, 247, 347, 6661, 6663, 6644, 6663, 6738, 6664, 225, 193, 198, 804, 865, 956, 1620, 1668, 1629, 1668, 1652, 6317, 6737, 6790, 6735, 10316, 10314, 10318, 1629, 1668, 1672, 6878, 10316, 10319, 124, 105, 106, 86, 78, 13, 7553, 6579, 6628, 6579, 6158, 6571, 6158, 6156, 6571, 8142, 8127, 8126, 8143, 8127, 8142, 8118, 8113, 8119, 8435, 8454, 8399, 8226, 8400, 8238, 2577, 7126, 7128, 7132, 7127, 7126, 7127, 6649, 7125, 6661, 6668, 6663, 286, 225, 247, 865, 1624, 956, 1624, 1618, 1625, 1622, 1612, 1619, 6664, 6738, 6737, 6790, 6878, 6735, 105, 9, 106, 4473, 4534, 4475, 152, 237, 224, 3466, 3279, 3471, 8127, 8119, 8126, 8118, 8117, 8113, 8117, 8108, 8109, 10350, 8434, 10279, 6265, 2578, 2574, 2576, 2577, 7133, 7127, 6654, 6649, 6651, 6644, 6649, 6651, 6661, 6644, 317, 286, 247, 1612, 1622, 1618, 1612, 1613, 1619, 6397, 6313, 6317, 6738, 6768, 6737, 153, 149, 193, 1650, 1668, 1620, 6768, 6790, 6737, 6768, 6878, 6790, 6878, 10317, 10316, 6889, 10317, 6878, 4473, 4525, 4534, 4525, 4531, 4534, 237, 244, 239, 8323, 8233, 8224, 8099, 8100, 8091, 8091, 8101, 8092, 8101, 8089, 8092, 2574, 2573, 2576, 2573, 2577, 2576, 2577, 7132, 7126, 6284, 6263, 6261, 6654, 6651, 6649, 6308, 6307, 6313, 1616, 1618, 1624, 1613, 1611, 1620, 1614, 1650, 1620, 153, 145, 149, 4525, 4535, 4531, 244, 344, 239, 244, 328, 344, 328, 433, 344, 433, 467, 478, 8224, 8143, 8142, 8127, 8118, 8119, 8124, 8123, 8117, 8117, 8123, 8108, 8108, 8122, 8106, 8123, 8122, 8108, 8106, 8120, 8102, 8104, 8095, 8088, 8434, 8470, 8435, 8129, 8182, 8183, 8182, 8226, 8183, 8226, 8441, 8400, 8441, 542, 8400, 8441, 543, 542, 2578, 2566, 2574, 2566, 2573, 2574, 6654, 6655, 6651, 6651, 6662, 6661, 6662, 6668, 6661, 1636, 1616, 1624, 6397, 6308, 6313, 225, 181, 193, 1612, 1606, 1613, 1603, 1606, 1612, 1606, 1611, 1613, 1611, 1614, 1620, 1650, 1652, 1668, 6768, 6889, 6878, 12, 7, 13, 7, 86, 13, 86, 85, 78, 4471, 4524, 4473, 4524, 4525, 4473, 8124, 8117, 8118, 8120, 8099, 8102, 8089, 8103, 8088, 8104, 8096, 8095, 10312, 10350, 10279, 2575, 7132, 2577, 477, 315, 317, 6655, 6662, 6651, 315, 286, 317, 6308, 6287, 6307, 1616, 1615, 1618, 6739, 6738, 6668, 10315, 10347, 10293, 1650, 1651, 1652, 6791, 6889, 6768, 6889, 10321, 10317, 10321, 10315, 10317, 125, 124, 123, 80, 79, 78, 7622, 7623, 7624, 8323, 8334, 8233, 8120, 8121, 8099, 8099, 8121, 8100, 8455, 8334, 8454, 8454, 8334, 8323, 8100, 8101, 8091, 8470, 8455, 8435, 8455, 8454, 8435, 8096, 8131, 8129, 8131, 8182, 8129, 8182, 8227, 8226, 2573, 2575, 2577, 543, 315, 542, 542, 315, 477, 7132, 6654, 7127, 6301, 6287, 6308, 6662, 6739, 6668, 1604, 1618, 1615, 1604, 1603, 1612, 6739, 6740, 6738, 181, 153, 193, 1614, 1649, 1650, 6740, 6768, 6738, 6791, 10324, 6889, 10324, 10321, 6889, 9, 11, 10, 65, 66, 68, 4519, 4479, 4478, 4519, 4518, 4479, 4479, 4524, 4471, 4479, 4523, 4524, 4523, 4525, 4524, 4523, 4522, 4525, 4525, 4536, 4535, 4522, 4536, 4525, 7621, 7623, 7622, 8127, 8132, 8118, 8101, 8103, 8089, 8104, 8105, 8096, 8789, 8470, 8434, 8105, 8131, 8096, 8227, 8441, 8226, 2566, 2564, 2573, 2573, 2568, 2575, 6284, 6268, 6263, 6655, 6666, 6662, 6662, 6666, 6739, 1636, 1607, 1616, 10347, 10291, 10293, 1606, 1605, 1611, 1605, 1614, 1611, 1623, 1649, 1614, 6740, 6775, 6768, 1649, 1651, 1650, 6775, 6791, 6768, 66, 67, 152, 4518, 4521, 4479, 4521, 4523, 4479, 4536, 4537, 4535, 7620, 7628, 7621, 243, 328, 244, 8118, 8132, 8124, 10350, 10287, 8434, 2578, 2559, 2566, 6273, 2559, 2578, 2564, 2565, 2573, 2565, 2568, 2573, 2568, 2567, 2575, 2567, 2570, 7132, 7132, 2570, 6654, 2570, 6655, 6654, 6656, 6666, 6655, 286, 251, 225, 971, 1607, 1636, 1607, 1615, 1616, 1602, 1604, 1615, 1602, 1601, 1604, 233, 181, 225, 10, 7, 12, 4522, 4523, 4521, 67, 237, 152, 7620, 7618, 7619, 243, 327, 328, 8136, 8123, 8124, 10284, 10286, 10342, 10286, 10350, 10312, 2559, 2564, 2566, 2570, 6656, 6655, 1607, 1602, 1615, 1605, 1594, 1614, 1594, 1623, 1614, 6895, 10323, 10321, 10324, 6895, 10321, 80, 81, 79, 4517, 4521, 4518, 4521, 4520, 4522, 4522, 4538, 4536, 4520, 4538, 4522, 9670, 9674, 9666, 4536, 4538, 4537, 3466, 3467, 3330, 8143, 8153, 8127, 8136, 8124, 8132, 8135, 8122, 8123, 8135, 8120, 8122, 10286, 10287, 10350, 8234, 8227, 8182, 8234, 8441, 8227, 8234, 8444, 8441, 8441, 8444, 543, 8444, 544, 543, 10283, 10284, 10292, 2560, 2565, 2564, 543, 544, 315, 544, 470, 315, 6656, 6671, 6666, 315, 251, 286, 316, 251, 315, 1649, 1653, 1651, 6895, 10290, 10323, 104, 9, 105, 11, 7, 10, 78, 85, 80, 4517, 4516, 4521, 4516, 4520, 4521, 237, 243, 244, 7610, 7620, 7619, 7610, 7605, 7620, 7605, 7628, 7620, 8153, 8146, 8127, 8146, 8132, 8127, 8233, 8187, 8143, 8335, 8233, 8334, 8120, 8134, 8121, 8134, 8100, 8121, 8785, 8334, 8455, 8137, 8103, 8101, 8139, 8104, 8103, 8139, 8140, 8104, 8140, 8105, 8104, 8184, 8234, 8182, 2565, 2563, 2568, 2563, 2567, 2568, 470, 316, 315, 6657, 6665, 6656, 6665, 6671, 6656, 251, 233, 225, 1589, 1599, 1607, 6739, 6741, 6740, 1603, 1605, 1606, 10290, 10288, 10323, 126, 105, 124, 67, 235, 237, 235, 243, 237, 327, 452, 328, 452, 501, 467, 501, 3467, 467, 8133, 8134, 8120, 8785, 8335, 8334, 8139, 8103, 8137, 8786, 8785, 8470, 8140, 8141, 8105, 8789, 8786, 8470, 8155, 8182, 8131, 8155, 8184, 8182, 8788, 8789, 10287, 10285, 10287, 10286, 2559, 2556, 2564, 2560, 2563, 2565, 2563, 2562, 2567, 2567, 2562, 2570, 2562, 2561, 2570, 2561, 6656, 2570, 6302, 6289, 6301, 6671, 6742, 6666, 6742, 6739, 6666, 1599, 1602, 1607, 1599, 1590, 1602, 1602, 1590, 1601, 1601, 1592, 1604, 1590, 1592, 1601, 1592, 1603, 1604, 1591, 1594, 1605, 1594, 1617, 1623, 1617, 1649, 1623, 1617, 1654, 1649, 1654, 1653, 1649, 6775, 6897, 6895, 6897, 10290, 6895, 125, 126, 124, 65, 64, 66, 4515, 4516, 4517, 4539, 4537, 4538, 8154, 8153, 8143, 8146, 8147, 8132, 8147, 8136, 8132, 8136, 8135, 8123, 8335, 8187, 8233, 8133, 8120, 8135, 8134, 8138, 8100, 8138, 8137, 8100, 8141, 8155, 8105, 8155, 8131, 8105, 10285, 8788, 10287, 10284, 10285, 10286, 8745, 10285, 10284, 2556, 2560, 2564, 8728, 8729, 10281, 6742, 6741, 6739, 971, 1589, 1607, 10288, 8728, 10281, 1591, 1603, 1592, 1603, 1591, 1605, 6740, 6785, 6775, 6785, 6897, 6775, 64, 67, 66, 4515, 4514, 4516, 4514, 4520, 4516, 2557, 2556, 2559, 2554, 2563, 2560, 2552, 2562, 2563, 2561, 6657, 6656, 6665, 6673, 6671, 148, 145, 153, 4510, 4514, 4515, 4514, 4513, 4520, 4513, 4538, 4520, 7610, 7603, 7605, 6658, 6657, 2561, 6673, 6742, 6671, 1599, 1588, 1590, 960, 1589, 971, 6897, 8739, 10290, 104, 11, 9, 9707, 9702, 9696, 4513, 4514, 4510, 4512, 4513, 4510, 4543, 4538, 4513, 4543, 4539, 4538, 4543, 4541, 4539, 7609, 7603, 7610, 8147, 8135, 8136, 8758, 8788, 10285, 8758, 10285, 8745, 2554, 2459, 2563, 2459, 2552, 2563, 6658, 6659, 6657, 6659, 6665, 6657, 1589, 1588, 1599, 1590, 1583, 1592, 1593, 1594, 1591, 6741, 6757, 6740, 1617, 1628, 1654, 1628, 1653, 1654, 6757, 6785, 6740, 4512, 4543, 4513, 4541, 4362, 4540, 7609, 7602, 7603, 8147, 8159, 8135, 8164, 8134, 8133, 8134, 8163, 8138, 8783, 8335, 8785, 8137, 8157, 8139, 8157, 8156, 8139, 8156, 8140, 8139, 8784, 8785, 8786, 8140, 8165, 8141, 2552, 2561, 2562, 6289, 6269, 6268, 6659, 6673, 6665, 8727, 8732, 8729, 1583, 1584, 1592, 1592, 1584, 1591, 1566, 1593, 1591, 1593, 1617, 1594, 81, 61, 65, 61, 64, 65, 4505, 4512, 4510, 4543, 4542, 4541, 240, 327, 243, 327, 423, 452, 423, 501, 452, 3467, 3468, 3391, 8170, 8153, 8154, 8166, 8146, 8153, 8146, 8160, 8147, 8138, 8162, 8137, 8783, 1369, 8335, 8162, 8157, 8137, 8156, 8165, 8140, 8784, 8783, 8785, 8165, 8155, 8141, 8784, 8786, 8789, 8778, 8789, 8788, 8763, 8788, 8758, 8763, 8778, 8788, 1372, 544, 8444, 544, 468, 470, 468, 316, 470, 250, 233, 251, 1588, 1583, 1590, 232, 181, 233, 181, 148, 153, 7, 36, 86, 82, 84, 81, 4507, 4543, 4512, 67, 234, 235, 64, 234, 67, 7606, 7602, 7609, 423, 491, 501, 8166, 8161, 8146, 8161, 8160, 8146, 8160, 8159, 8147, 8159, 8158, 8135, 1369, 8188, 8187, 8135, 8158, 8133, 8158, 8164, 8133, 8164, 8163, 8134, 8163, 8162, 8138, 8169, 8184, 8155, 8778, 8784, 8789, 8234, 1372, 8444, 8746, 8758, 8747, 1372, 545, 544, 2555, 2554, 2556, 545, 468, 544, 468, 320, 316, 320, 251, 316, 320, 250, 251, 6303, 6289, 6302, 250, 232, 233, 1589, 1581, 1588, 232, 148, 181, 1584, 1566, 1591, 1610, 1617, 1593, 6743, 6757, 6741, 1628, 1655, 1653, 6757, 6787, 6785, 6787, 6897, 6785, 102, 104, 105, 84, 61, 81, 4507, 4512, 4505, 4504, 4507, 4505, 234, 240, 235, 240, 243, 235, 7606, 7600, 7602, 240, 338, 327, 8170, 8166, 8153, 8188, 8170, 8187, 8165, 8169, 8155, 8169, 8186, 8184, 8186, 8234, 8184, 8186, 8247, 8234, 8746, 8763, 8758, 2409, 2556, 2557, 2409, 2555, 2556, 2460, 2459, 2554, 2459, 2450, 2552, 2552, 2461, 2561, 1581, 1533, 1588, 1533, 1583, 1588, 6743, 6741, 6742, 1610, 1628, 1617, 11, 6, 7, 4504, 4543, 4507, 4504, 4210, 4543, 4210, 4542, 4543, 4299, 4541, 4542, 4246, 4249, 4299, 338, 423, 327, 8162, 8167, 8157, 8167, 8156, 8157, 8167, 8168, 8156, 8168, 8165, 8156, 8247, 1372, 8234, 8746, 8744, 8763, 2450, 2461, 2552, 960, 1582, 1589, 1582, 1581, 1589, 1531, 1584, 1583, 1566, 1580, 1593, 1580, 1610, 1593, 128, 125, 146, 36, 85, 86, 80, 82, 81, 5948, 9716, 9713, 4502, 4506, 4504, 4506, 4210, 4504, 4210, 4209, 4542, 4209, 4299, 4542, 4209, 4229, 4299, 7597, 7606, 7607, 7600, 7599, 7601, 8171, 8158, 8159, 8778, 8773, 8784, 8762, 8778, 8763, 8744, 8762, 8763, 2460, 2554, 2555, 2460, 2446, 2459, 2446, 2450, 2459, 2461, 6658, 2561, 6659, 6674, 6673, 6674, 6742, 6673, 6386, 6305, 6303, 1587, 1582, 960, 1533, 1531, 1583, 1531, 1566, 1584, 1621, 1628, 1610, 1621, 1655, 1628, 6787, 6898, 6897, 6898, 8739, 6897, 4501, 4506, 4502, 8170, 8176, 8166, 8188, 1360, 8170, 1369, 1360, 8188, 8179, 8163, 8164, 8163, 8179, 8162, 8178, 8167, 8162, 8781, 8783, 8784, 2461, 2483, 6658, 2483, 6659, 6658, 468, 321, 320, 6379, 6386, 1655, 9658, 9656, 9651, 8176, 8174, 8166, 8174, 8161, 8166, 8161, 8174, 8160, 8177, 8176, 8170, 8174, 8173, 8160, 8173, 8172, 8160, 8160, 8172, 8159, 8172, 8171, 8159, 8171, 8175, 8158, 8158, 8175, 8164, 8175, 8179, 8164, 8782, 1369, 8783, 8782, 1359, 1369, 8178, 8162, 8179, 8168, 8181, 8165, 8773, 8781, 8784, 8181, 8169, 8165, 8181, 1340, 8169, 1346, 1372, 8247, 2409, 2407, 2555, 2407, 2460, 2555, 2446, 2447, 2450, 2447, 2461, 2450, 546, 468, 545, 6305, 6290, 6303, 6385, 6305, 6386, 1582, 1534, 1581, 1534, 1533, 1581, 1530, 1531, 1533, 6744, 6743, 6742, 1531, 1547, 1566, 1580, 1560, 1610, 1560, 1621, 1610, 6866, 6898, 6787, 128, 146, 145, 33, 6, 11, 6, 8, 7, 8, 36, 7, 6933, 4527, 4526, 4497, 4503, 4501, 4501, 4208, 4506, 4503, 4208, 4501, 4506, 4208, 4210, 4208, 4209, 4210, 4208, 4207, 4209, 7596, 7598, 7597, 1360, 8177, 8170, 1359, 1360, 1369, 8167, 8180, 8168, 8782, 8783, 8781, 1340, 8186, 8169, 8186, 1346, 8247, 8762, 8766, 8778, 8766, 8773, 8778, 8755, 8762, 8744, 2408, 2407, 2409, 2553, 2460, 2407, 2553, 2446, 2460, 546, 469, 468, 8724, 8737, 8726, 468, 469, 321, 321, 250, 320, 6674, 6744, 6742, 278, 232, 250, 1587, 1534, 1582, 1534, 1530, 1533, 6379, 6385, 6386, 1547, 1580, 1566, 8734, 8730, 8739, 6787, 6865, 6866, 6865, 6898, 6866, 127, 126, 125, 126, 102, 105, 33, 34, 6, 6931, 6933, 4526, 5947, 5940, 5943, 3385, 3376, 3401, 8180, 8181, 8168, 1346, 546, 1372, 8743, 8755, 8744, 546, 545, 1372, 6276, 2408, 2409, 2449, 2446, 2553, 2449, 2445, 2446, 2446, 2442, 2447, 2483, 6660, 6659, 6660, 6674, 6659, 321, 278, 250, 1530, 1528, 1531, 1528, 1547, 1531, 1547, 1560, 1580, 8734, 8739, 6898, 148, 144, 145, 144, 128, 145, 128, 127, 125, 4450, 6931, 4489, 63, 64, 61, 6932, 6933, 6931, 6933, 4528, 4527, 6932, 4528, 6933, 4528, 4498, 4527, 4498, 8070, 4497, 8070, 4503, 4497, 4206, 4208, 4503, 4206, 4207, 4208, 3397, 3377, 3403, 8175, 1147, 8179, 1340, 1346, 8186, 2407, 2390, 2553, 2390, 2449, 2553, 2442, 2443, 2447, 6660, 6675, 6674, 6281, 6269, 6290, 6675, 6744, 6674, 6744, 6745, 6743, 6745, 6757, 6743, 6757, 6758, 6787, 6758, 6865, 6787, 104, 102, 11, 102, 103, 11, 4450, 6932, 6931, 4528, 6936, 4498, 6936, 8070, 4498, 8070, 8068, 4503, 8068, 4206, 4503, 4206, 4205, 4207, 4437, 4421, 4420, 4252, 4242, 4233, 4440, 4436, 4439, 4440, 4437, 4436, 7587, 4439, 4435, 1308, 8177, 1360, 8177, 1156, 8176, 1156, 8174, 8176, 8172, 8173, 8171, 1345, 1308, 1360, 8178, 1144, 8167, 8779, 8782, 8781, 1340, 1225, 1346, 2403, 2408, 6276, 2408, 2394, 2407, 2403, 2394, 2408, 2445, 2442, 2446, 2441, 2443, 2442, 2447, 2451, 2461, 2443, 2451, 2447, 2451, 2483, 2461, 6281, 6280, 6269, 6291, 6281, 6290, 6385, 6291, 6305, 1532, 1530, 1534, 1546, 1560, 1547, 1560, 1600, 1621, 6745, 6758, 6757, 1600, 1645, 1621, 6865, 6896, 6898, 6896, 8741, 6898, 127, 102, 126, 4494, 6934, 6932, 6932, 6936, 4528, 6934, 6936, 6932, 6936, 8068, 8070, 8067, 8066, 8068, 4428, 4429, 4467, 8066, 4204, 4206, 4204, 4205, 4206, 4233, 4224, 4226, 7587, 7588, 4437, 4440, 7587, 4437, 436, 490, 423, 491, 490, 3445, 1156, 8185, 8174, 8174, 8185, 8173, 8171, 1136, 8175, 1359, 1345, 1360, 1148, 1147, 8175, 1147, 1146, 8179, 1146, 8178, 8179, 1145, 1144, 8178, 8167, 1144, 8180, 8780, 8779, 8781, 8180, 1149, 8181, 8773, 8780, 8781, 2390, 2391, 2449, 2394, 2390, 2407, 2391, 2445, 2449, 2445, 2444, 2442, 2440, 2441, 2442, 324, 321, 469, 321, 279, 278, 1539, 1534, 1587, 1532, 1527, 1530, 1528, 1530, 1527, 1528, 1546, 1547, 1645, 1638, 1621, 4493, 6934, 4494, 6934, 6935, 6936, 6935, 8069, 6936, 6936, 8069, 8068, 8069, 8067, 8068, 8067, 8064, 8066, 8064, 8065, 8066, 8065, 4202, 4204, 4204, 4203, 4205, 4202, 4203, 4204, 4437, 7589, 4421, 7589, 7591, 7592, 338, 436, 423, 8185, 1138, 8173, 8173, 1137, 8171, 1137, 1136, 8171, 1146, 1145, 8178, 1149, 8180, 1144, 1149, 1150, 8181, 8181, 1150, 1340, 1150, 1225, 1340, 1225, 1226, 1346, 1346, 1226, 546, 2448, 2444, 2445, 2444, 2440, 2442, 541, 469, 546, 541, 324, 469, 6681, 6744, 6675, 6681, 6749, 6744, 278, 279, 232, 1539, 1535, 1534, 1535, 1532, 1534, 4493, 6935, 6934, 8069, 8064, 8067, 8064, 8063, 8065, 8063, 4202, 8065, 4438, 7594, 7595, 240, 345, 338, 1308, 1155, 8177, 1138, 1137, 8173, 1359, 1332, 1345, 1136, 1148, 8175, 1226, 541, 546, 2390, 2392, 2391, 2441, 2452, 2443, 2452, 2451, 2443, 6660, 6681, 6675, 324, 279, 321, 6380, 6291, 6385, 227, 148, 232, 861, 892, 1587, 892, 1539, 1587, 1527, 1529, 1528, 1544, 1546, 1528, 4493, 6937, 6935, 6937, 8069, 6935, 5957, 4201, 4202, 4201, 4203, 4202, 4201, 4212, 4203, 242, 240, 234, 1156, 1140, 8185, 1140, 1139, 8185, 1139, 1138, 8185, 8772, 8773, 8766, 2395, 2394, 2403, 2395, 2393, 2394, 2394, 2393, 2390, 2393, 2392, 2390, 2391, 2392, 2445, 2392, 2448, 2445, 2452, 2484, 2451, 2484, 2483, 2451, 6749, 6746, 6744, 279, 227, 232, 1537, 1529, 1527, 1529, 1544, 1528, 6746, 6745, 6744, 1548, 1560, 1546, 1560, 1551, 1600, 1600, 1638, 1645, 6758, 6796, 6865, 6876, 6896, 6865, 6796, 6876, 6865, 6876, 6901, 6896, 6896, 6901, 8741, 4488, 4492, 6937, 4492, 8061, 8069, 8061, 8064, 8069, 8061, 8063, 8064, 8063, 5956, 5957, 5956, 4201, 5957, 5956, 5955, 4201, 63, 191, 64, 64, 236, 234, 1155, 1156, 8177, 1352, 1332, 1359, 1368, 1352, 1359, 1133, 1132, 1145, 1145, 1132, 1144, 1368, 8782, 8779, 1132, 1143, 1144, 1144, 1143, 1149, 2392, 2417, 2448, 2421, 2395, 2403, 2448, 2440, 2444, 2569, 2483, 2484, 6682, 6681, 6660, 6362, 6281, 6291, 6362, 6291, 6380, 6746, 6747, 6745, 227, 166, 148, 1544, 1548, 1546, 6378, 6380, 6379, 166, 144, 148, 1548, 1551, 1560, 8741, 8715, 8734, 6796, 6873, 6876, 6873, 6901, 6876, 129, 127, 128, 103, 33, 11, 34, 8, 6, 5936, 9640, 5939, 4490, 8061, 4485, 8061, 8062, 8063, 8062, 5956, 8063, 4215, 4212, 4201, 4215, 4216, 4212, 236, 242, 234, 345, 436, 338, 3408, 3417, 3427, 1332, 1308, 1345, 1148, 1135, 1147, 1147, 1135, 1146, 1135, 1134, 1146, 1134, 1145, 1146, 1134, 1133, 1145, 1083, 1150, 1149, 1150, 1154, 1225, 2569, 2579, 2483, 2579, 6660, 2483, 2579, 6682, 6660, 2448, 2438, 2440, 2440, 2439, 2441, 2438, 2439, 2440, 2439, 2452, 2441, 6682, 6750, 6681, 6750, 6749, 6681, 6362, 6354, 6281, 1535, 1527, 1532, 6745, 6753, 6758, 6747, 6753, 6745, 6758, 6753, 6796, 1600, 1609, 1638, 6753, 6873, 6796, 6873, 6900, 6901, 6900, 8741, 6901, 62, 191, 63, 4490, 8062, 8061, 8062, 5954, 5956, 5954, 5955, 5956, 5955, 4215, 4201, 191, 236, 64, 242, 345, 240, 3407, 3416, 3417, 1080, 1143, 1132, 1143, 1083, 1149, 2586, 2579, 2569, 2406, 2395, 2421, 2417, 2416, 2448, 2587, 6682, 2579, 2439, 2484, 2452, 2439, 9398, 2484, 549, 516, 541, 516, 324, 541, 892, 1554, 1539, 1554, 1538, 1539, 1538, 1535, 1539, 1536, 1527, 1535, 1537, 1541, 1529, 1551, 1595, 1600, 1595, 1609, 1600, 6900, 8740, 8741, 144, 129, 128, 127, 101, 102, 35, 36, 8, 61, 62, 63, 4459, 4460, 4490, 4460, 8062, 4490, 4460, 4487, 8062, 4487, 5954, 8062, 5954, 4217, 5955, 4217, 4215, 5955, 1308, 1160, 1155, 1332, 1160, 1308, 1136, 1135, 1148, 1081, 1083, 1143, 1154, 1226, 1225, 2393, 2398, 2392, 2398, 2417, 2392, 2586, 2587, 2579, 1365, 541, 1226, 1365, 549, 541, 2406, 2396, 2395, 2396, 2393, 2395, 2587, 6750, 6682, 324, 301, 279, 6378, 6377, 6380, 1544, 1545, 1548, 1545, 1551, 1548, 6874, 6900, 6873, 6753, 6874, 6873, 6874, 8792, 6900, 8792, 8740, 6900, 35, 8, 34, 36, 80, 85, 4484, 5954, 4486, 4484, 4217, 5954, 492, 518, 3445, 1155, 1094, 1156, 1094, 1140, 1156, 1094, 1139, 1140, 1139, 1093, 1138, 1137, 1095, 1136, 1136, 1087, 1135, 1087, 1088, 1135, 1337, 1352, 1368, 1082, 1134, 1135, 1134, 1082, 1133, 1133, 1079, 1132, 1080, 1081, 1143, 8772, 8774, 8780, 1083, 1096, 1150, 1096, 1154, 1150, 1154, 1223, 1226, 1223, 1365, 1226, 2588, 2587, 2586, 2588, 6750, 2587, 2398, 2416, 2417, 2416, 2438, 2448, 2438, 2437, 2439, 6750, 6748, 6749, 8736, 8735, 8722, 6748, 6746, 6749, 6377, 6361, 6362, 301, 227, 279, 1538, 1536, 1535, 1536, 1537, 1527, 1541, 1545, 1529, 1529, 1545, 1544, 1609, 1596, 6378, 1595, 1596, 1609, 6753, 6877, 6874, 6877, 8792, 6874, 100, 103, 102, 35, 34, 33, 37, 80, 36, 4484, 5953, 4217, 191, 192, 236, 4238, 4227, 4239, 3445, 518, 5233, 3423, 3433, 3434, 1160, 1125, 1155, 1125, 1094, 1155, 1092, 1139, 1094, 1092, 1093, 1139, 1138, 1093, 1137, 1093, 1095, 1137, 1227, 1332, 1352, 1227, 1160, 1332, 1095, 1087, 1136, 1088, 1082, 1135, 8775, 1368, 8779, 8775, 1367, 1368, 1079, 1080, 1132, 2589, 2588, 2586, 2437, 2551, 2439, 6750, 6767, 6748, 516, 314, 324, 314, 301, 324, 6377, 6370, 6361, 6746, 6748, 6747, 6752, 6753, 6747, 1595, 1597, 1596, 6770, 6877, 6753, 8792, 8711, 8740, 8740, 8711, 8715, 35, 37, 36, 4469, 5953, 4484, 5953, 4219, 4217, 4234, 4231, 4238, 345, 460, 436, 1337, 1227, 1352, 1082, 1079, 1133, 8767, 8771, 8772, 6778, 2588, 2589, 6778, 6776, 2588, 6776, 6750, 2588, 2396, 2397, 2393, 2397, 2398, 2393, 6776, 6767, 6750, 8748, 8651, 8753, 2400, 2416, 2398, 2416, 2430, 2438, 2430, 2437, 2438, 6372, 6370, 6377, 6748, 6751, 6747, 907, 1554, 892, 1538, 1540, 1536, 1542, 1537, 1536, 6751, 6752, 6747, 1545, 1550, 1551, 1550, 1595, 1551, 1597, 1598, 1596, 6752, 6770, 6753, 82, 83, 84, 4469, 4219, 5953, 4491, 4219, 4469, 236, 245, 242, 318, 345, 242, 9762, 5246, 5243, 6777, 6776, 6778, 8651, 8767, 8753, 6776, 6771, 6767, 2397, 2400, 2398, 549, 540, 516, 540, 314, 516, 6353, 6354, 6361, 6764, 6748, 6767, 1554, 1540, 1538, 1540, 1542, 1536, 1537, 1543, 1541, 1542, 1543, 1537, 207, 166, 227, 1543, 1545, 1541, 1550, 1597, 1595, 6770, 6879, 6877, 6877, 8791, 8792, 6879, 8791, 6877, 8791, 8711, 8792, 8791, 8760, 8711, 129, 130, 127, 131, 101, 127, 100, 33, 103, 58, 61, 84, 192, 191, 62, 192, 245, 236, 318, 460, 345, 460, 519, 518, 9762, 9763, 5246, 5246, 5220, 5242, 9763, 5220, 5246, 9763, 9797, 5220, 5236, 5214, 5220, 5220, 9749, 5236, 9797, 9749, 5220, 9749, 9750, 5236, 1160, 1098, 1125, 1098, 1090, 1125, 1090, 1094, 1125, 1094, 1091, 1092, 1091, 1093, 1092, 1088, 1078, 1082, 6779, 6778, 7568, 8771, 8775, 8774, 1081, 1073, 1083, 1083, 1077, 1096, 8651, 8771, 8767, 1154, 1222, 1223, 2404, 2399, 2396, 2399, 2397, 2396, 1371, 549, 1365, 2424, 2430, 2416, 6771, 6764, 6767, 2430, 2436, 2437, 2436, 2551, 2437, 6764, 6763, 6748, 6763, 6751, 6748, 1549, 1550, 1545, 1627, 6372, 1598, 1627, 1598, 1597, 101, 100, 102, 100, 35, 33, 4491, 4295, 4219, 9764, 9763, 9762, 9749, 9742, 9750, 1090, 1091, 1094, 1142, 1160, 1227, 1142, 1098, 1160, 1091, 1086, 1093, 1093, 1086, 1095, 1086, 1087, 1095, 1087, 1084, 1088, 1078, 1079, 1082, 1047, 1080, 1079, 1047, 1052, 1080, 1080, 1052, 1081, 6774, 6778, 6779, 1052, 1073, 1081, 6778, 6774, 6777, 6774, 6773, 6777, 1077, 1154, 1096, 6777, 6773, 6776, 1222, 1365, 1223, 6773, 6771, 6776, 2399, 2400, 2397, 2400, 2418, 2416, 2418, 2424, 2416, 549, 1371, 540, 2436, 9388, 2551, 6361, 6360, 6353, 314, 300, 301, 300, 227, 301, 300, 207, 227, 1555, 1540, 1554, 1543, 1549, 1545, 6752, 6754, 6770, 8711, 8710, 8704, 6770, 6788, 6879, 8710, 8711, 8760, 6879, 8759, 8791, 8759, 8760, 8791, 80, 83, 82, 5932, 9620, 5933, 4353, 4295, 4491, 4295, 4230, 4219, 9603, 9623, 9601, 5220, 5215, 5230, 9797, 9741, 9749, 9741, 9742, 9749, 1086, 1085, 1087, 1085, 1084, 1087, 2314, 6780, 7567, 6780, 6774, 6779, 2272, 6773, 6774, 1073, 1077, 1083, 1077, 1153, 1154, 1153, 1222, 1154, 6773, 6772, 6771, 1220, 1365, 1222, 2405, 2399, 2404, 2399, 2401, 2400, 2401, 2418, 2400, 2430, 2433, 2436, 2433, 2547, 2436, 907, 1573, 1554, 1573, 1555, 1554, 1555, 1542, 1540, 6751, 6754, 6752, 166, 129, 144, 1608, 1627, 1597, 6788, 6887, 6879, 6887, 8759, 6879, 8759, 8710, 8760, 99, 100, 101, 38, 37, 35, 60, 192, 62, 4353, 4294, 4295, 9766, 9796, 9763, 9796, 9797, 9763, 9741, 9740, 9742, 1025, 1024, 1098, 1024, 1090, 1098, 1024, 1032, 1090, 1090, 1032, 1091, 2314, 2270, 6780, 1306, 1227, 1337, 1084, 1078, 1088, 6780, 2270, 6774, 1367, 1366, 1337, 8775, 1366, 1367, 1078, 1047, 1079, 2272, 2214, 6773, 8650, 8771, 8651, 8650, 8776, 8771, 2214, 6772, 6773, 8748, 8647, 8651, 1365, 1220, 1371, 1371, 539, 540, 539, 314, 540, 539, 331, 314, 331, 300, 314, 1543, 1552, 1549, 6755, 6754, 6751, 648, 801, 806, 1549, 1556, 1550, 1556, 1597, 1550, 1608, 1662, 1627, 6754, 6788, 6770, 6788, 6886, 6887, 6887, 8769, 8759, 6886, 8769, 6887, 130, 131, 127, 58, 60, 61, 60, 62, 61, 245, 330, 318, 460, 318, 330, 460, 520, 519, 5170, 5172, 5171, 9783, 9765, 9764, 9765, 9763, 9764, 5191, 5179, 5181, 9796, 9741, 9797, 9796, 9739, 9741, 7641, 2271, 2314, 1039, 1086, 1091, 2271, 2270, 2314, 2271, 2191, 2270, 1195, 1142, 1227, 2191, 2164, 2270, 1306, 1337, 1366, 1084, 1046, 1078, 1046, 1047, 1078, 8776, 1366, 8771, 2269, 6772, 2214, 1153, 1220, 1222, 2269, 2275, 6772, 2275, 6771, 6772, 2410, 2402, 2405, 2402, 2399, 2405, 2402, 2401, 2399, 2401, 2415, 2418, 2415, 2422, 2418, 2422, 2424, 2418, 2433, 2546, 2547, 6771, 2275, 6764, 6763, 6764, 2275, 6763, 6765, 6751, 6369, 6368, 6360, 917, 1573, 907, 1573, 1559, 1555, 1559, 1542, 1555, 1553, 1543, 1542, 1553, 1552, 1543, 1549, 1552, 1556, 8769, 8709, 8759, 97, 35, 100, 97, 38, 35, 38, 39, 37, 37, 39, 80, 83, 58, 84, 4294, 4354, 4196, 4196, 4187, 4294, 214, 246, 192, 246, 245, 192, 9765, 9766, 9763, 9796, 9738, 9739, 9766, 9738, 9796, 9738, 9737, 9739, 7641, 2377, 2192, 1142, 1025, 1098, 1032, 1039, 1091, 1039, 1089, 1086, 1037, 1085, 1086, 1085, 1044, 1084, 2402, 2415, 2401, 2422, 2430, 2424, 2422, 2432, 2430, 2432, 2433, 2430, 2275, 6765, 6763, 6765, 6755, 6751, 1558, 1542, 1559, 1558, 1553, 1542, 6368, 6369, 1662, 6755, 6756, 6754, 1556, 1608, 1597, 166, 159, 129, 6754, 6756, 6788, 4189, 4187, 4196, 4188, 4187, 4189, 246, 330, 245, 330, 486, 460, 5173, 5197, 5195, 9782, 9765, 9783, 5205, 5203, 5202, 7641, 8525, 2377, 2377, 2182, 2192, 2192, 2191, 2271, 2182, 2191, 2192, 1023, 1024, 1025, 1089, 1037, 1086, 1037, 1044, 1085, 1084, 1044, 1046, 1046, 1048, 1047, 1047, 1050, 1052, 8776, 1361, 1366, 2410, 2411, 2402, 2431, 2432, 2422, 2432, 2434, 2433, 2434, 2546, 2433, 331, 335, 300, 1558, 1563, 1553, 1552, 1562, 1556, 1562, 1608, 1556, 8702, 8701, 8709, 1608, 1667, 1662, 6789, 6886, 6788, 6756, 6789, 6788, 6789, 6890, 6886, 6886, 8770, 8769, 6890, 8770, 6886, 8770, 8709, 8769, 9617, 9614, 9619, 4192, 4191, 4190, 4191, 4186, 4190, 4191, 4184, 4186, 4186, 4188, 4190, 4186, 4187, 4188, 4185, 4187, 4186, 4256, 4187, 4185, 4313, 4256, 4185, 4260, 4250, 4254, 9782, 9781, 9765, 9766, 9768, 9738, 9768, 9733, 9738, 9734, 10442, 9737, 2377, 2361, 2182, 1024, 1022, 1032, 1036, 1039, 1032, 2182, 2152, 2191, 1195, 1141, 1142, 2191, 2152, 2164, 1366, 1305, 1306, 1044, 1048, 1046, 9268, 9272, 9379, 2164, 2189, 2214, 1052, 1051, 1073, 2189, 2269, 2214, 1153, 1219, 1220, 2269, 2189, 2275, 1219, 1197, 1220, 1220, 1197, 1371, 2189, 2267, 2275, 1197, 539, 1371, 2415, 2428, 2422, 2428, 2431, 2422, 2434, 9362, 2546, 6359, 6336, 6360, 917, 1559, 1573, 1563, 1557, 1553, 1553, 1557, 1552, 6371, 6368, 1662, 207, 159, 166, 1646, 1667, 1608, 1562, 1646, 1608, 8770, 8719, 8709, 159, 130, 129, 4195, 4193, 4192, 4192, 4190, 4198, 4193, 4191, 4192, 4193, 4183, 4191, 4183, 4184, 4191, 4300, 4185, 4183, 4183, 4185, 4184, 4292, 4313, 4300, 4313, 4185, 4300, 4278, 4292, 4300, 520, 5167, 5234, 9768, 9732, 9733, 9732, 9734, 9733, 8525, 2361, 2377, 2361, 2181, 2182, 1022, 1024, 1023, 9272, 9269, 7641, 1028, 1025, 1141, 1025, 1028, 1023, 1036, 1037, 1039, 1037, 1089, 1039, 1161, 1141, 1195, 1037, 1043, 1044, 1305, 1195, 1306, 2152, 2154, 2164, 1051, 1052, 1050, 8777, 1361, 8776, 8652, 8776, 8650, 8646, 8650, 8647, 8643, 8646, 8647, 2423, 2428, 2415, 538, 331, 539, 2431, 2434, 2432, 2434, 2435, 9362, 2267, 2268, 2275, 2268, 6765, 2275, 335, 295, 300, 6360, 6366, 6359, 6368, 6366, 6360, 300, 295, 207, 6759, 6756, 6755, 1561, 1562, 1552, 6759, 6760, 6756, 1684, 6371, 1667, 1646, 1684, 1667, 6789, 6891, 6890, 6891, 8770, 6890, 99, 97, 100, 39, 41, 80, 41, 83, 80, 4194, 4183, 4193, 4305, 4300, 4194, 4300, 4183, 4194, 4305, 4281, 4300, 4304, 4281, 4305, 213, 192, 60, 4278, 4300, 4281, 4262, 4251, 4261, 4251, 4260, 4261, 9806, 9780, 9782, 9780, 9781, 9782, 5148, 5179, 5177, 9765, 9767, 9766, 9767, 9768, 9766, 9768, 9793, 9732, 9732, 9735, 9734, 8525, 8524, 2361, 2361, 2183, 2181, 8524, 2183, 2361, 1032, 1022, 1036, 9268, 9266, 9269, 1045, 1054, 1044, 1047, 1049, 1050, 2164, 2154, 2189, 8652, 8777, 8776, 1060, 1077, 1073, 1060, 1074, 1077, 1074, 1153, 1077, 1153, 1197, 1219, 1151, 1197, 1153, 8650, 8646, 8652, 2190, 2267, 2189, 1197, 538, 539, 2411, 2412, 2402, 2402, 2412, 2415, 2431, 2435, 2434, 394, 335, 331, 6765, 6766, 6755, 336, 295, 335, 920, 1559, 917, 1569, 1564, 1559, 1564, 1558, 1559, 1564, 1565, 1558, 1565, 1563, 1558, 1557, 1561, 1552, 6756, 6760, 6789, 6789, 6793, 6891, 6891, 6906, 8770, 6793, 6906, 6891, 6906, 8719, 8770, 4199, 4198, 4200, 4195, 4198, 4199, 4199, 4197, 4195, 4303, 4194, 4193, 4304, 4194, 4303, 4305, 4194, 4304, 9606, 9609, 9608, 213, 214, 192, 214, 283, 246, 283, 330, 246, 5175, 5171, 5153, 9793, 9736, 9732, 9276, 8524, 8525, 2183, 2170, 2181, 2181, 2151, 2152, 1305, 1161, 1195, 2150, 2154, 2152, 1048, 1044, 1054, 1053, 1048, 1054, 1053, 1049, 1048, 1049, 1047, 1048, 1049, 1051, 1050, 1051, 1060, 1073, 1074, 1151, 1153, 2154, 2190, 2189, 1358, 538, 1197, 2412, 2423, 2415, 538, 394, 331, 2455, 2431, 2428, 2455, 2454, 2431, 394, 336, 335, 2268, 6766, 6765, 6766, 6759, 6755, 920, 1569, 1559, 1562, 1647, 1646, 6760, 6793, 6789, 6906, 8749, 8719, 6893, 6906, 6793, 98, 38, 97, 40, 39, 38, 283, 401, 330, 330, 487, 486, 9781, 9771, 9765, 9771, 9767, 9765, 5158, 5187, 5141, 9736, 9725, 9735, 9276, 9344, 8524, 9266, 9270, 9269, 1028, 1027, 1023, 1036, 1038, 1037, 1161, 1128, 1141, 1038, 1043, 1037, 2150, 2153, 2154, 1276, 1161, 1305, 2154, 2156, 2190, 2413, 2412, 2411, 2190, 2268, 2267, 2429, 2428, 2423, 2431, 2453, 2435, 2454, 2453, 2431, 2453, 2548, 2435, 2230, 6766, 2268, 295, 215, 207, 940, 1569, 920, 1569, 1570, 1564, 215, 159, 207, 1557, 1567, 1561, 1567, 1576, 1561, 1561, 1576, 1562, 1576, 1579, 1562, 1579, 1647, 1562, 159, 142, 130, 1683, 1684, 1646, 1647, 1683, 1646, 6781, 6893, 6793, 6760, 6781, 6793, 101, 96, 99, 9617, 5926, 9616, 5153, 5169, 5155, 5149, 5175, 5154, 5146, 5182, 5145, 9344, 8523, 8524, 8524, 2184, 2183, 8523, 2184, 8524, 2184, 2170, 2183, 2184, 2185, 2170, 1027, 1026, 1023, 1026, 1022, 1023, 1026, 1034, 1022, 1022, 1034, 1036, 1034, 1038, 1036, 2151, 2150, 2152, 1128, 1028, 1141, 1043, 1045, 1044, 2153, 2156, 2154, 6349, 2413, 2411, 2190, 2230, 2268, 336, 306, 295, 1563, 1567, 1557, 8749, 8720, 8719, 6781, 6882, 6893, 6893, 8787, 6906, 6882, 8787, 6893, 8787, 8749, 6906, 58, 59, 60, 4286, 4302, 4309, 401, 487, 330, 9806, 9786, 9780, 9731, 9724, 9725, 2290, 2185, 2184, 1361, 1351, 1305, 1351, 1276, 1305, 1059, 1060, 1051, 1363, 8777, 8652, 1178, 1358, 1197, 2156, 2186, 2190, 2413, 2414, 2412, 2419, 2414, 2413, 2190, 2186, 2230, 2414, 2429, 2423, 2429, 2455, 2428, 2458, 2454, 2455, 6766, 6761, 6759, 306, 215, 295, 1564, 1571, 1565, 1647, 1685, 1683, 6762, 6781, 6760, 6762, 6782, 6781, 6782, 6882, 6781, 131, 133, 101, 133, 96, 101, 96, 97, 99, 59, 213, 60, 9593, 9590, 9596, 280, 283, 214, 5166, 5162, 5167, 9810, 9786, 7768, 5223, 5225, 5224, 5180, 5156, 5159, 9769, 9768, 9767, 9793, 9792, 9736, 9792, 9725, 9736, 2184, 2291, 2290, 8523, 2291, 2184, 2291, 2185, 2290, 2291, 2169, 2185, 2169, 2170, 2185, 2147, 2151, 2170, 2147, 2150, 2151, 1351, 1275, 1276, 2150, 2141, 2153, 1049, 1057, 1051, 1058, 1059, 1051, 1059, 1061, 1060, 1061, 1074, 1060, 1075, 1151, 1074, 8646, 8648, 8652, 1151, 1178, 1197, 8640, 8643, 8641, 2414, 2423, 2412, 6349, 2572, 2413, 2457, 2458, 2455, 2458, 2462, 2454, 2462, 2453, 2454, 394, 351, 336, 336, 351, 306, 1570, 1571, 1564, 1563, 1568, 1567, 8703, 8720, 8749, 8765, 8749, 8787, 8765, 8703, 8749, 6881, 8787, 6882, 6782, 6881, 6882, 98, 40, 38, 5924, 9592, 5926, 211, 213, 59, 9594, 9591, 9593, 213, 280, 214, 280, 395, 283, 395, 401, 283, 5153, 5155, 5152, 9810, 9807, 9786, 9780, 9779, 9781, 9779, 9771, 9781, 9771, 9769, 9767, 9769, 9770, 9768, 9770, 9793, 9768, 9770, 9792, 9793, 9792, 9800, 9725, 9800, 9731, 9725, 9723, 9726, 10463, 2308, 2169, 2291, 2170, 2169, 2147, 1027, 1029, 1026, 1029, 1034, 1026, 1276, 1127, 1161, 1127, 1128, 1161, 1053, 1056, 1049, 1057, 1058, 1051, 2153, 2142, 2156, 1364, 1363, 8652, 1061, 1075, 1074, 8652, 8648, 1364, 8645, 8648, 8646, 2156, 2155, 2186, 2155, 2178, 2186, 8639, 8640, 8641, 538, 536, 394, 2186, 2198, 2230, 2429, 2456, 2455, 2456, 2457, 2455, 8694, 8639, 8641, 2462, 2467, 2453, 2453, 2467, 2548, 2233, 6766, 2230, 941, 1569, 940, 941, 1575, 1569, 1575, 1570, 1569, 1571, 1572, 1565, 1572, 1568, 1565, 1565, 1568, 1563, 1567, 1577, 1576, 1639, 1579, 1576, 1686, 6373, 1685, 1647, 1686, 1685, 6762, 6783, 6782, 6782, 6863, 6881, 6863, 8765, 6881, 55, 83, 41, 9585, 9593, 9591, 5655, 9899, 9900, 7768, 9811, 9810, 9807, 9777, 9786, 9777, 9780, 9786, 9152, 2291, 8523, 9152, 2309, 2291, 9345, 9152, 8523, 2309, 2308, 2291, 2147, 2141, 2150, 1128, 1030, 1028, 1029, 1035, 1034, 1035, 1040, 1034, 1034, 1040, 1038, 1042, 1043, 1038, 1055, 1054, 1045, 1055, 1053, 1054, 1049, 1056, 1057, 2141, 2142, 2153, 1363, 1351, 8777, 2142, 2155, 2156, 8640, 8645, 8646, 1354, 538, 1358, 1354, 536, 538, 2178, 2198, 2186, 2198, 2233, 2230, 2233, 6761, 6766, 1570, 1574, 1571, 1577, 1567, 1568, 6769, 6762, 6761, 1577, 1639, 1576, 1640, 1639, 1577, 1639, 1641, 1579, 6769, 6784, 6762, 175, 142, 159, 1641, 1647, 1579, 6782, 6843, 6863, 6783, 6843, 6782, 6863, 8768, 8765, 142, 132, 130, 95, 98, 97, 401, 395, 493, 9811, 9807, 9810, 9777, 9779, 9780, 9779, 9774, 9771, 9774, 9769, 9771, 9772, 9770, 9769, 9800, 9728, 9731, 9727, 9726, 9724, 2309, 2310, 2308, 2310, 2311, 2308, 2187, 2146, 2169, 2146, 2147, 2169, 1030, 1029, 1027, 1127, 1030, 1128, 1040, 1041, 1038, 1043, 1042, 1055, 1055, 1045, 1043, 1055, 1056, 1053, 1059, 1063, 1061, 1151, 1177, 1178, 1354, 1358, 1178, 2420, 2414, 2419, 2414, 2456, 2429, 2457, 2462, 2458, 2233, 6769, 6761, 6355, 6358, 6365, 1575, 1574, 1570, 215, 175, 159, 1639, 1640, 1641, 6786, 6784, 6769, 6784, 6792, 6783, 1647, 1666, 1686, 8768, 8703, 8765, 6862, 8768, 6863, 6843, 6862, 6863, 132, 131, 130, 96, 95, 97, 40, 41, 39, 5922, 9592, 5924, 5946, 4403, 5923, 4324, 4263, 4275, 211, 280, 213, 487, 5239, 5166, 7766, 7767, 7768, 7767, 9811, 7768, 5151, 5153, 5152, 5163, 5159, 5135, 9800, 9802, 9728, 9802, 9729, 9728, 9152, 9139, 2309, 2309, 9139, 2310, 2310, 8548, 2389, 2146, 2141, 2147, 1041, 1042, 1038, 1056, 1062, 1057, 1062, 1058, 1057, 1063, 1075, 1061, 1075, 1152, 1151, 1076, 1152, 1075, 1152, 1177, 1151, 1178, 1177, 1354, 2155, 2158, 2178, 2426, 2420, 2419, 449, 351, 394, 2462, 2464, 2467, 306, 216, 215, 1568, 1572, 1577, 216, 175, 215, 1641, 1666, 1647, 6792, 6843, 6783, 8738, 8703, 8768, 8738, 8697, 8703, 6843, 6836, 6862, 6836, 6868, 6862, 6862, 8738, 8768, 6868, 8738, 6862, 132, 133, 131, 94, 95, 96, 83, 55, 58, 165, 211, 59, 493, 5239, 487, 5138, 5140, 4923, 5134, 5159, 5133, 9792, 9802, 9800, 9148, 9139, 9152, 2310, 8547, 8548, 9139, 8547, 2310, 8547, 8546, 8548, 2146, 2140, 2141, 1108, 1030, 1127, 1350, 1275, 1351, 1058, 1064, 1059, 1059, 1064, 1063, 8648, 1362, 1364, 1063, 1076, 1075, 2133, 2158, 2155, 1354, 537, 536, 2420, 2425, 2414, 2414, 2425, 2456, 2158, 2198, 2178, 536, 449, 394, 2463, 2464, 2462, 2233, 6786, 6769, 6367, 6365, 6373, 957, 1575, 941, 1575, 1585, 1574, 1574, 1578, 1571, 1571, 1578, 1572, 1572, 1643, 1577, 1643, 1640, 1577, 6786, 6792, 6784, 1640, 1642, 1641, 6792, 6799, 6843, 1706, 1686, 1666, 8794, 8738, 6868, 6868, 6867, 8794, 6836, 6867, 6868, 57, 59, 58, 9589, 9587, 9584, 9583, 9589, 9584, 260, 280, 211, 7762, 7763, 7766, 7763, 7767, 7766, 4945, 5151, 5152, 7767, 9812, 9811, 9812, 9807, 9811, 5143, 5146, 4929, 9807, 9778, 9777, 9774, 9772, 9769, 9791, 9792, 9770, 9792, 9799, 9802, 9799, 9730, 9802, 9802, 9730, 9729, 9730, 9727, 9729, 9730, 9814, 9727, 9139, 9137, 8547, 9135, 8543, 8547, 9302, 9148, 9345, 1035, 1071, 1040, 1275, 1157, 1127, 1042, 1068, 1055, 2140, 2133, 2142, 1066, 1062, 1056, 1062, 1065, 1058, 1065, 1064, 1058, 2135, 2158, 2133, 2558, 2420, 2426, 2425, 2466, 2456, 2158, 2233, 2198, 2456, 2465, 2457, 2457, 2463, 2462, 340, 306, 351, 340, 272, 306, 272, 216, 306, 6786, 6794, 6792, 1643, 1642, 1640, 1642, 1644, 1641, 6794, 6799, 6792, 1644, 1666, 1641, 6799, 6808, 6843, 6808, 6836, 6843, 8696, 8697, 8738, 8794, 8750, 8738, 6867, 8750, 8794, 6836, 6847, 6867, 6847, 8750, 6867, 133, 94, 96, 165, 212, 211, 260, 375, 280, 375, 395, 280, 9777, 9774, 9779, 9772, 9773, 9770, 9773, 9791, 9770, 9791, 9799, 9792, 9142, 9137, 9139, 9137, 9135, 8547, 9148, 9142, 9139, 9149, 9142, 9148, 9303, 9149, 9148, 8554, 2161, 2300, 2138, 2140, 2146, 1031, 1029, 1030, 1031, 1033, 1029, 1029, 1033, 1035, 1033, 1071, 1035, 1071, 1041, 1040, 1157, 1108, 1127, 1041, 1068, 1042, 1250, 1157, 1275, 1068, 1067, 1055, 1055, 1067, 1056, 1067, 1066, 1056, 1250, 1275, 1350, 1362, 1350, 1363, 1362, 1363, 1364, 8648, 8642, 1362, 1152, 1194, 1177, 2134, 2135, 2133, 2135, 2163, 2158, 9256, 9254, 9255, 537, 449, 536, 2427, 2420, 2558, 2158, 2234, 2233, 8683, 8638, 8639, 2466, 2465, 2456, 2234, 2280, 2233, 448, 340, 351, 2457, 2465, 2463, 2280, 6786, 2233, 2463, 2468, 2464, 2468, 2470, 2464, 2470, 9275, 2464, 6367, 6355, 6365, 957, 1586, 1575, 1586, 1585, 1575, 1585, 1578, 1574, 1648, 1643, 1572, 216, 176, 175, 1666, 1708, 1706, 6836, 6846, 6847, 6847, 8764, 8750, 6846, 6848, 6847, 6848, 8764, 6847, 8764, 8696, 8750, 142, 143, 132, 42, 41, 40, 5919, 5922, 5921, 57, 165, 59, 4951, 4945, 5152, 7767, 7769, 9812, 4952, 5150, 4943, 9812, 9808, 9807, 4929, 4934, 5143, 9808, 9778, 9807, 4939, 5133, 4935, 9776, 9774, 9777, 9776, 9772, 9774, 9730, 9801, 9814, 9137, 9136, 9135, 9135, 9136, 8543, 9136, 8542, 8543, 8542, 8544, 8543, 2161, 2146, 2300, 1108, 1031, 1030, 2140, 2132, 2133, 1062, 1099, 1065, 1106, 1076, 1063, 8637, 8642, 8645, 1354, 1348, 537, 2427, 2425, 2420, 9257, 9258, 9254, 2474, 2466, 2425, 449, 448, 351, 2470, 9306, 9275, 2280, 6797, 6786, 6797, 6794, 6786, 1578, 1648, 1572, 6373, 6374, 6367, 272, 176, 216, 1648, 1658, 1643, 6798, 6799, 6794, 8668, 8674, 8677, 1642, 1665, 1644, 6798, 6808, 6799, 175, 157, 142, 6808, 6803, 6836, 1666, 1701, 1708, 6803, 6846, 6836, 142, 157, 143, 6846, 6849, 6848, 6849, 8764, 6848, 95, 40, 98, 55, 57, 58, 9586, 5922, 5919, 212, 260, 211, 456, 395, 375, 456, 5239, 493, 7731, 7723, 7748, 5165, 5132, 5239, 7769, 7767, 7763, 9778, 9776, 9777, 9801, 9754, 9814, 9137, 9138, 9136, 9149, 9145, 9142, 9142, 9138, 9137, 9145, 9138, 9142, 2161, 2138, 2146, 2138, 2132, 2140, 1097, 1033, 1031, 1158, 1107, 1157, 1107, 1108, 1157, 1069, 1068, 1041, 1338, 1250, 1350, 2132, 2134, 2133, 1099, 1064, 1065, 1106, 1063, 1064, 1111, 1152, 1076, 1152, 1162, 1194, 2134, 2137, 2135, 1177, 1348, 1354, 2137, 2162, 2135, 2162, 2163, 2135, 2208, 2163, 9254, 2163, 2208, 2158, 2208, 2234, 2158, 8692, 8638, 8683, 2427, 2474, 2425, 2208, 6869, 2234, 6869, 2280, 2234, 2473, 2465, 2466, 2473, 2469, 2465, 2469, 2463, 2465, 2469, 2468, 2463, 2468, 2472, 2470, 6347, 6345, 6367, 1656, 1585, 1586, 1658, 1642, 1643, 1665, 1666, 1644, 6798, 6801, 6808, 1665, 1701, 1666, 6801, 6803, 6808, 6803, 6850, 6846, 6846, 6850, 6849, 6849, 8790, 8764, 6850, 6851, 6849, 6851, 8790, 6849, 8790, 8707, 8764, 43, 55, 41, 9567, 9568, 9564, 456, 493, 395, 7748, 7749, 7762, 9776, 9784, 9772, 9784, 9775, 9772, 9775, 9773, 9772, 9773, 9789, 9791, 9789, 9799, 9791, 9799, 9801, 9730, 9138, 8562, 9136, 9136, 8562, 8542, 8549, 8554, 8553, 1107, 1031, 1108, 1070, 1041, 1071, 1250, 1158, 1157, 1066, 1099, 1062, 2162, 9231, 9253, 8649, 1362, 8642, 1106, 1111, 1076, 1177, 1194, 1348, 1348, 504, 537, 504, 449, 537, 504, 448, 449, 2473, 2466, 2474, 6869, 2585, 2280, 2585, 6797, 2280, 2585, 2549, 6797, 2549, 2550, 6797, 2469, 2471, 2468, 2471, 2472, 2468, 2470, 2571, 9306, 2550, 6794, 6797, 340, 273, 272, 2472, 2479, 2470, 2550, 6798, 6794, 1663, 1586, 957, 1663, 1656, 1586, 1656, 1660, 1585, 1660, 1657, 1585, 1657, 1578, 1585, 1578, 1659, 1648, 1659, 1658, 1648, 1661, 1664, 1642, 1664, 1665, 1642, 175, 176, 157, 1701, 1709, 1708, 6851, 6875, 8790, 6875, 8707, 8790, 5918, 9572, 5919, 5916, 9572, 5918, 9561, 9586, 9572, 9564, 9568, 9561, 4361, 4276, 4320, 257, 260, 212, 5165, 5239, 5237, 7722, 7723, 7731, 7723, 7749, 7748, 7749, 7763, 7762, 7769, 7770, 9812, 9789, 9798, 9799, 9798, 9801, 9799, 9150, 9149, 9303, 9150, 9145, 9149, 9232, 9230, 9278, 1107, 1097, 1031, 1072, 1071, 1033, 1071, 1072, 1070, 1070, 1069, 1041, 1221, 1158, 1250, 2132, 2130, 2134, 1104, 1099, 1066, 1362, 1338, 1350, 2130, 2136, 2134, 8649, 1338, 1362, 2136, 2137, 2134, 8636, 8649, 8642, 1111, 1162, 1152, 2162, 2137, 9231, 8629, 8636, 8642, 8637, 8631, 8629, 8638, 8631, 8637, 2475, 2474, 2427, 9258, 2585, 6869, 2482, 2478, 2473, 2478, 2469, 2473, 2571, 2549, 2585, 2478, 2471, 2469, 340, 341, 273, 2479, 2571, 2470, 2550, 2540, 6798, 272, 273, 176, 1657, 1659, 1578, 2540, 6800, 6798, 1658, 1661, 1642, 6800, 6801, 6798, 6800, 6802, 6801, 6802, 6803, 6801, 1696, 1701, 1665, 6802, 6804, 6803, 1712, 1709, 1701, 6804, 6823, 6803, 6850, 6823, 6851, 6823, 6875, 6851, 6823, 6871, 6875, 6871, 8706, 6875, 143, 134, 132, 42, 40, 95, 56, 57, 55, 9559, 9560, 9561, 4298, 4291, 4308, 9564, 9562, 9565, 9813, 9812, 7770, 9813, 9808, 9812, 5130, 4958, 5037, 4935, 4923, 4921, 9813, 7995, 9808, 9809, 9778, 9808, 9801, 9753, 9754, 9140, 9138, 9145, 9140, 8562, 9138, 9150, 9146, 9145, 9146, 9140, 9145, 2160, 2139, 2138, 2138, 2129, 2132, 1069, 1100, 1068, 1101, 1067, 1068, 1101, 1103, 1067, 2129, 2130, 2132, 1103, 1066, 1067, 1103, 1104, 1066, 1110, 1106, 1064, 2136, 2144, 2137, 2144, 2388, 2137, 1162, 1196, 1194, 2474, 2481, 2473, 2481, 2482, 2473, 2471, 2477, 2472, 2479, 2541, 2571, 2541, 2540, 2549, 2540, 2550, 2549, 2477, 2479, 2472, 2480, 2529, 2540, 2529, 6800, 2540, 1663, 1660, 1656, 1664, 1696, 1665, 176, 156, 157, 1696, 1703, 1701, 6802, 6805, 6804, 1703, 1712, 1701, 6805, 6823, 6804, 6805, 6809, 6823, 156, 143, 157, 6823, 6809, 6871, 8793, 8706, 6871, 132, 134, 133, 93, 42, 95, 4308, 4390, 4316, 4315, 4390, 4308, 183, 212, 165, 257, 371, 260, 371, 375, 260, 375, 466, 456, 7719, 7721, 7722, 7721, 7723, 7722, 7749, 7765, 7763, 7763, 7770, 7769, 7765, 7770, 7763, 8012, 9813, 7770, 4929, 4932, 4934, 7995, 9809, 9808, 9778, 9785, 9776, 9785, 9784, 9776, 9775, 9789, 9773, 9805, 9753, 9801, 9753, 9755, 9754, 9140, 9141, 8562, 9141, 8558, 8562, 9141, 8560, 8558, 8558, 8560, 8557, 2139, 2129, 2138, 1100, 1101, 1068, 1334, 1250, 1338, 2130, 2143, 2136, 1099, 1109, 1064, 1109, 1110, 1064, 1112, 1111, 1106, 2143, 2144, 2136, 1194, 1196, 1348, 504, 503, 448, 448, 412, 340, 2475, 2476, 2474, 6348, 2476, 6346, 2476, 2481, 2474, 412, 341, 340, 2481, 2493, 2482, 6363, 6350, 6347, 2491, 2471, 2478, 2479, 2480, 2541, 2541, 2480, 2540, 2477, 2480, 2479, 1660, 1692, 1657, 1657, 1687, 1659, 1659, 1687, 1658, 1688, 1661, 1658, 6376, 6381, 6374, 2529, 6812, 6800, 1661, 1696, 1664, 6800, 6812, 6802, 6812, 6806, 6802, 6806, 6805, 6802, 1712, 6376, 1709, 1730, 6376, 1712, 8793, 8705, 8706, 6871, 6864, 8793, 6809, 6864, 6871, 6864, 8705, 8793, 94, 93, 95, 44, 43, 42, 42, 43, 41, 50, 56, 55, 4165, 4316, 4396, 4316, 4390, 4396, 57, 56, 165, 9558, 9560, 9559, 9565, 9562, 9566, 9558, 9562, 9560, 56, 183, 165, 4289, 4298, 4307, 183, 257, 212, 5237, 5075, 5165, 7721, 7724, 7723, 9809, 9787, 9778, 9778, 9787, 9785, 9790, 9789, 9775, 9798, 9805, 9801, 9805, 9756, 9753, 9756, 9755, 9753, 9146, 9144, 9140, 2202, 2160, 8550, 9150, 9339, 9146, 2160, 2159, 2139, 1126, 1107, 1158, 1126, 1113, 1107, 1113, 1097, 1107, 1097, 1105, 1033, 1105, 1072, 1033, 1072, 1102, 1070, 1334, 1221, 1250, 8649, 1334, 1338, 8636, 1334, 8649, 1110, 1112, 1106, 1347, 1348, 1196, 412, 448, 503, 2476, 2524, 2481, 2525, 2493, 2481, 2493, 2490, 2482, 2490, 2478, 2482, 2490, 2491, 2478, 2491, 2485, 2471, 2485, 2477, 2471, 2485, 2486, 2477, 2477, 2520, 2480, 2520, 2528, 2480, 2528, 2529, 2480, 1692, 1691, 1657, 1691, 1687, 1657, 6374, 6352, 6363, 1687, 1688, 1658, 2529, 2519, 6812, 2528, 2519, 2529, 1696, 1699, 1703, 6806, 6807, 6805, 1730, 1712, 1703, 6807, 6809, 6805, 6807, 6810, 6809, 6809, 6810, 6864, 8693, 8676, 8705, 6864, 8693, 8705, 6810, 6856, 6864, 6856, 8693, 6864, 133, 141, 94, 93, 44, 42, 43, 50, 55, 4165, 4397, 4156, 4156, 4164, 4165, 4164, 4316, 4165, 4329, 4316, 4164, 9566, 9562, 9563, 9563, 9562, 9558, 9576, 9575, 9573, 183, 263, 257, 4293, 4277, 4301, 7717, 7718, 7719, 7718, 7720, 7719, 7720, 7721, 7719, 5034, 5131, 5075, 4918, 4913, 4917, 7723, 7725, 7749, 7724, 7725, 7723, 7725, 7765, 7749, 7765, 8012, 7770, 4938, 4935, 4937, 9785, 9775, 9784, 9785, 9788, 9775, 9788, 9790, 9775, 9790, 9794, 9789, 9756, 9757, 9755, 9144, 9143, 9140, 9140, 9143, 9141, 9141, 9143, 8560, 9143, 8522, 8560, 2202, 2159, 2160, 9217, 9229, 9220, 1113, 1105, 1097, 1105, 1102, 1072, 2128, 2130, 2129, 1102, 1069, 1070, 1102, 1100, 1069, 1221, 1126, 1158, 1109, 1099, 1104, 2143, 2145, 2144, 1196, 1214, 1347, 8626, 8628, 8629, 1347, 504, 1348, 1347, 503, 504, 2522, 2524, 2476, 2524, 2525, 2481, 2494, 2493, 2525, 2488, 2491, 2490, 2488, 2485, 2491, 2477, 2486, 2520, 1700, 1698, 1663, 1698, 1660, 1663, 1698, 1692, 1660, 1691, 1690, 1687, 1688, 1693, 1661, 1693, 1695, 1661, 1661, 1695, 1696, 1695, 1699, 1696, 6812, 6807, 6806, 6812, 6811, 6807, 6856, 8761, 8693, 6810, 6854, 6856, 6854, 8761, 6856, 8761, 8689, 8693, 4140, 5997, 5996, 4156, 5997, 4140, 9557, 5908, 9551, 4411, 4404, 4405, 4307, 4298, 4317, 7716, 7715, 7717, 450, 466, 375, 7715, 7718, 7717, 7971, 8012, 7765, 4957, 4941, 4938, 8012, 7995, 9813, 9794, 9798, 9789, 9805, 9759, 9756, 9759, 9758, 9756, 9146, 9154, 9144, 8556, 8520, 8550, 2203, 2202, 8550, 2131, 2129, 2139, 9217, 9221, 9229, 2131, 2128, 2129, 1105, 1114, 1102, 1101, 1119, 1103, 2128, 2149, 2130, 1122, 1104, 1103, 1117, 1109, 1104, 2165, 2143, 2149, 2165, 2166, 2143, 2165, 2204, 2166, 1162, 1214, 1196, 2523, 2476, 6348, 2522, 2525, 2524, 2522, 2494, 2525, 2520, 2519, 2528, 1689, 1693, 1688, 2519, 2516, 6812, 1699, 1707, 1703, 1707, 1729, 1703, 1703, 1729, 1730, 6811, 6810, 6807, 6811, 6813, 6810, 156, 155, 143, 155, 134, 143, 6810, 6814, 6854, 6813, 6814, 6810, 6814, 6855, 6854, 6855, 8761, 6854, 134, 135, 133, 53, 93, 94, 4166, 4139, 4168, 4140, 5996, 4168, 4139, 4140, 4168, 4139, 4138, 4140, 4138, 4148, 4140, 4140, 4149, 4156, 4148, 4149, 4140, 4149, 4164, 4156, 9558, 9557, 9548, 262, 263, 183, 263, 354, 257, 354, 371, 257, 7709, 7712, 7727, 371, 450, 375, 7713, 7715, 7716, 5238, 5237, 466, 5074, 5075, 5237, 7721, 7725, 7724, 7966, 7971, 7765, 7971, 7943, 8012, 7943, 7988, 8012, 4921, 4922, 4937, 7988, 7995, 8012, 7995, 7996, 9809, 7996, 9787, 9809, 7996, 7989, 9787, 9788, 8014, 9790, 9798, 9804, 9805, 9804, 9759, 9805, 9759, 9760, 9758, 9144, 8519, 9143, 9151, 9144, 9154, 8519, 8522, 9143, 8519, 8520, 8522, 2203, 2159, 2202, 2159, 2157, 2139, 2157, 2131, 2139, 1159, 1113, 1126, 1159, 1124, 1113, 1232, 1126, 1221, 1232, 1221, 1334, 1120, 1119, 1101, 1119, 1122, 1103, 1122, 1118, 1104, 1118, 1117, 1104, 2149, 2167, 2165, 1117, 1165, 1109, 1176, 1214, 1162, 8691, 8626, 8630, 2523, 2522, 2476, 412, 342, 341, 2522, 2501, 2494, 342, 273, 341, 2488, 2487, 2485, 2487, 2486, 2485, 273, 177, 176, 1700, 1710, 1698, 1702, 1692, 1698, 1692, 1690, 1691, 1689, 1687, 1690, 1689, 1688, 1687, 6381, 6356, 6352, 2486, 2514, 2520, 2514, 2519, 2520, 1689, 1694, 1693, 2516, 2542, 6812, 177, 156, 176, 6812, 6819, 6811, 2542, 6819, 6812, 6819, 6813, 6811, 6855, 8690, 8761, 8690, 8689, 8761, 135, 141, 133, 141, 53, 94, 45, 43, 44, 4180, 4142, 4166, 4179, 4142, 4180, 4166, 5992, 4180, 4142, 4139, 4166, 4130, 4138, 4139, 9548, 9556, 9558, 9548, 9557, 9551, 4329, 4330, 4331, 4385, 4327, 4386, 4311, 4301, 4297, 6072, 9903, 6057, 7712, 7713, 7727, 5238, 5074, 5237, 7718, 7726, 7720, 7721, 7732, 7725, 7732, 7966, 7725, 7966, 7943, 7971, 7943, 7876, 7988, 7988, 7876, 7995, 7876, 7879, 7995, 7879, 7996, 7995, 7989, 9785, 9787, 7989, 7999, 9785, 7999, 9788, 9785, 8014, 9795, 9790, 9794, 9804, 9798, 8519, 8521, 8520, 2157, 2126, 2131, 2131, 2127, 2128, 1114, 1115, 1102, 1232, 1159, 1126, 1102, 1116, 1100, 1116, 1121, 1100, 2127, 2149, 2128, 1121, 1101, 1100, 1121, 1120, 1101, 8635, 1339, 8636, 2167, 2193, 2165, 1164, 1163, 1110, 1163, 1112, 1110, 2193, 2204, 2165, 1175, 1176, 1111, 1176, 1162, 1111, 2193, 2205, 2204, 8632, 8635, 8629, 1349, 503, 1347, 2523, 2518, 2522, 2501, 2522, 2518, 2494, 2492, 2493, 2492, 2490, 2493, 2489, 2488, 2490, 273, 296, 177, 1710, 1702, 1698, 1702, 1705, 1692, 1705, 1690, 1692, 1697, 1694, 1689, 2487, 2495, 2486, 2495, 2514, 2486, 2514, 2516, 2519, 887, 986, 888, 1694, 1695, 1693, 6819, 6815, 6813, 6815, 6814, 6813, 6857, 8690, 6855, 6814, 6857, 6855, 6857, 8712, 8690, 54, 53, 141, 53, 45, 93, 93, 45, 44, 4179, 4180, 5991, 4180, 5990, 5991, 4142, 4141, 4139, 5992, 5990, 4180, 5992, 5994, 5990, 4141, 4130, 4139, 4130, 4135, 4138, 4135, 4148, 4138, 4330, 4148, 4332, 5915, 4405, 5909, 4331, 4330, 4332, 169, 183, 56, 4328, 4329, 4331, 4307, 4329, 4328, 4312, 4301, 4311, 7708, 7707, 7709, 7707, 7712, 7709, 7713, 7714, 7715, 7714, 7726, 7715, 7726, 7718, 7715, 7726, 7732, 7721, 7941, 7966, 7732, 4932, 4927, 4931, 4931, 4927, 4925, 7941, 7943, 7966, 7867, 7879, 7876, 7879, 7989, 7996, 7879, 7898, 7989, 7989, 7898, 7999, 7999, 8011, 9788, 8011, 8014, 9788, 9795, 9794, 9790, 9794, 9803, 9804, 9804, 9761, 9759, 7640, 8521, 8519, 2203, 2195, 2159, 2126, 2127, 2131, 1113, 1124, 1105, 1124, 1123, 1105, 1123, 1114, 1105, 1115, 1116, 1102, 2127, 2167, 2149, 1339, 1232, 1334, 1118, 1167, 1117, 1165, 1110, 1109, 1165, 1164, 1110, 1112, 1175, 1111, 1163, 1175, 1112, 1214, 1228, 1347, 1228, 1349, 1347, 8627, 8628, 8626, 1349, 474, 503, 503, 474, 412, 2545, 2518, 2523, 2501, 2492, 2494, 342, 339, 273, 2492, 2489, 2490, 339, 296, 273, 2489, 2487, 2488, 986, 1710, 1700, 1705, 1697, 1690, 1690, 1697, 1689, 6383, 6356, 6381, 2514, 2515, 2516, 2515, 2542, 2516, 1704, 1699, 1695, 1704, 1707, 1699, 1707, 1731, 1729, 6816, 6814, 6815, 8712, 8669, 8690, 6861, 8712, 6857, 6814, 6861, 6857, 46, 50, 43, 4175, 5991, 5993, 5991, 5989, 5993, 5991, 5990, 5989, 4144, 4179, 4175, 4146, 4144, 4175, 4179, 5991, 4175, 4144, 4143, 4142, 4142, 4179, 4144, 4143, 4141, 4142, 4128, 4129, 4130, 50, 169, 56, 9546, 9548, 9551, 4129, 4135, 4130, 872, 975, 889, 872, 978, 975, 978, 9555, 975, 9563, 9553, 9566, 4310, 4307, 4328, 262, 354, 263, 7699, 7707, 7708, 9903, 9880, 9866, 371, 405, 450, 7726, 7746, 7732, 4913, 4888, 4892, 9920, 9925, 9913, 7865, 7867, 7876, 7867, 7863, 7879, 7863, 7898, 7879, 7898, 7896, 7999, 7896, 8011, 7999, 9795, 8009, 9794, 9803, 8060, 9804, 8060, 9761, 9804, 8060, 8059, 9761, 7640, 8519, 9144, 9147, 9144, 9151, 7640, 8559, 8521, 2239, 2203, 2240, 2239, 2195, 2203, 2195, 2157, 2159, 1169, 1122, 1119, 1122, 1167, 1118, 1173, 1165, 1117, 2193, 1901, 1912, 2167, 1901, 2193, 1901, 1902, 1912, 1912, 1913, 9162, 1902, 1913, 1912, 1913, 1902, 1903, 1176, 1228, 1214, 411, 342, 412, 2518, 2502, 2501, 2502, 2492, 2501, 6383, 6357, 6356, 1710, 1715, 1702, 1714, 1697, 1705, 2515, 2500, 2542, 1704, 1695, 1694, 2544, 6819, 2542, 6819, 6820, 6815, 1745, 1729, 1731, 6820, 6816, 6815, 6816, 6817, 6814, 6814, 6821, 6861, 6817, 6821, 6814, 6861, 8700, 8712, 6821, 8700, 6861, 135, 54, 141, 45, 46, 43, 4173, 4176, 4178, 4178, 5989, 5984, 4175, 5993, 4178, 4178, 4176, 4175, 5993, 5989, 4178, 4069, 4144, 4146, 4069, 4143, 4144, 4331, 4332, 4333, 9543, 9556, 9548, 4328, 4331, 4333, 354, 405, 371, 7707, 7713, 7712, 4946, 4954, 4966, 7746, 7941, 7732, 4933, 4936, 4922, 7941, 7866, 7943, 4957, 4938, 4960, 4938, 4959, 4960, 9925, 9946, 9945, 7894, 7896, 7898, 9991, 9983, 9949, 7896, 7897, 8011, 7897, 8014, 8011, 7897, 8013, 8014, 8013, 9795, 8014, 8013, 8009, 9795, 9155, 9147, 9151, 9341, 9155, 9151, 2124, 2127, 2126, 1159, 1192, 1124, 1192, 1166, 1124, 1166, 1123, 1124, 2124, 2167, 2127, 1277, 1224, 1232, 1339, 1277, 1232, 1170, 1119, 1120, 1168, 1169, 1119, 1169, 1167, 1122, 1167, 1173, 1117, 1165, 1174, 1164, 1181, 1176, 1175, 1902, 1899, 1903, 1901, 1899, 1902, 1217, 1228, 1176, 1903, 1888, 1919, 1899, 1888, 1903, 474, 411, 412, 411, 339, 342, 2545, 2526, 2518, 2526, 2502, 2518, 2497, 2489, 2492, 2495, 2487, 2489, 1702, 1713, 1705, 1713, 1714, 1705, 1714, 1718, 1697, 1718, 1694, 1697, 2495, 2500, 2514, 2514, 2500, 2515, 1718, 1725, 1694, 1725, 1724, 1694, 1724, 1704, 1694, 2500, 2544, 2542, 177, 155, 156, 1731, 1707, 1704, 1704, 1724, 1731, 2544, 6820, 6819, 6820, 6818, 6816, 6818, 6817, 6816, 8664, 8669, 8700, 155, 150, 134, 6821, 6892, 8700, 4173, 5983, 4172, 4172, 4136, 4173, 5983, 5978, 5977, 4173, 5984, 5983, 5984, 5978, 5983, 4173, 4178, 5984, 4067, 4146, 4176, 4069, 4146, 4067, 4068, 4069, 4067, 9547, 9546, 5912, 4126, 4127, 4128, 4125, 4127, 4126, 4127, 4129, 4128, 9548, 9546, 9544, 4332, 4127, 4339, 9543, 9548, 9544, 4406, 4402, 4416, 4347, 4328, 4333, 4380, 4327, 4360, 4360, 4327, 4318, 262, 355, 354, 7700, 7707, 7699, 405, 5238, 450, 7707, 7711, 7713, 5238, 5065, 5064, 7745, 7746, 7726, 4949, 4961, 4962, 9884, 9913, 9911, 9945, 9924, 9913, 7860, 7863, 7867, 9147, 7637, 7640, 7637, 7638, 7640, 7638, 8559, 7640, 2188, 2157, 2195, 1166, 1130, 1123, 1130, 1129, 1123, 1123, 1129, 1114, 1114, 1129, 1115, 1129, 1131, 1115, 1131, 1116, 1115, 1116, 1172, 1121, 2124, 2123, 2167, 1171, 1120, 1121, 1343, 1277, 1339, 1170, 1168, 1119, 2123, 1901, 2167, 8635, 1343, 1339, 1174, 1193, 1164, 1179, 1163, 1164, 1163, 1181, 1175, 1181, 1217, 1176, 1349, 1355, 474, 2496, 2489, 2497, 2496, 2495, 2489, 6388, 6364, 6383, 986, 1721, 1710, 977, 1721, 986, 1721, 1715, 1710, 1715, 1713, 1702, 6387, 6388, 6383, 2498, 2500, 2495, 1722, 1718, 1714, 2500, 2504, 2544, 1732, 1745, 1731, 1732, 1754, 1745, 6817, 6822, 6821, 6822, 6892, 6821, 6892, 8699, 8700, 4174, 5983, 5981, 5983, 5976, 5981, 46, 49, 50, 4172, 5983, 4174, 4174, 4160, 4172, 5983, 5977, 5976, 4160, 4136, 4172, 5977, 5978, 5974, 4136, 4064, 4173, 4064, 4176, 4173, 4067, 4176, 4065, 4066, 4067, 4065, 4066, 4068, 4067, 4068, 4122, 4123, 4123, 4125, 4126, 4124, 4127, 4125, 9544, 9546, 9545, 169, 203, 183, 203, 262, 183, 4323, 4310, 4347, 4310, 4328, 4347, 4311, 4310, 4323, 7688, 7694, 7699, 7694, 7700, 7699, 355, 405, 354, 7700, 7710, 7707, 7710, 7711, 7707, 7711, 7735, 7714, 7735, 7726, 7714, 7735, 7745, 7726, 7745, 7940, 7746, 4964, 4926, 4965, 4926, 4946, 4965, 9884, 9882, 9883, 4931, 4969, 4972, 9913, 9924, 9911, 7865, 7860, 7867, 9947, 9953, 9945, 7862, 7894, 7863, 9983, 9992, 9982, 7923, 8009, 8013, 8009, 9803, 9794, 9155, 9153, 9147, 9153, 7637, 9147, 9366, 9367, 9341, 2188, 2195, 2239, 2188, 2125, 2157, 2125, 2124, 2126, 1224, 1192, 1159, 1131, 1172, 1116, 1172, 1171, 1121, 1171, 1170, 1120, 2123, 1900, 1901, 1173, 1174, 1165, 8634, 1343, 8635, 1193, 1179, 1164, 1900, 1899, 1901, 1179, 1180, 1163, 1163, 1180, 1181, 8633, 8634, 8632, 1899, 1886, 1888, 1888, 1887, 1892, 1886, 1887, 1888, 1228, 1249, 1349, 1892, 1891, 1923, 1887, 1891, 1892, 8622, 8627, 8626, 8624, 8622, 8626, 458, 411, 474, 2499, 2502, 2526, 2502, 2499, 2492, 2499, 2497, 2492, 2496, 2498, 2495, 296, 206, 177, 1713, 1722, 1714, 2498, 2503, 2500, 2503, 2504, 2500, 1722, 1727, 1718, 887, 897, 977, 1727, 1725, 1718, 177, 206, 155, 1726, 1724, 1725, 1724, 1732, 1731, 6824, 6817, 6818, 6888, 8699, 6892, 6822, 6888, 6892, 6822, 6884, 6888, 6884, 8754, 6888, 134, 136, 135, 4145, 5981, 5975, 4160, 5981, 4145, 5981, 5976, 5975, 4145, 4098, 4160, 4136, 4160, 4098, 4098, 4061, 4136, 4136, 4061, 4064, 4061, 4063, 4064, 4063, 4065, 4064, 4063, 4066, 4065, 9550, 5912, 5913, 9547, 5912, 9550, 4122, 4120, 4123, 4123, 4124, 4125, 4120, 4124, 4123, 9545, 9546, 9547, 50, 49, 169, 4348, 4127, 4124, 9536, 9544, 9545, 9537, 9536, 9545, 49, 203, 169, 9549, 9539, 9540, 4346, 4347, 4333, 9552, 9541, 9539, 9541, 9534, 9533, 4323, 4347, 4346, 203, 264, 262, 264, 355, 262, 406, 405, 355, 7710, 7735, 7711, 4969, 4925, 4970, 4925, 4964, 4970, 4959, 4940, 4978, 4940, 4936, 4976, 7864, 7865, 7866, 9945, 9954, 9924, 7862, 7861, 7894, 7923, 7921, 8009, 7921, 7924, 8009, 7924, 9803, 8009, 7924, 8016, 9803, 9803, 8016, 8060, 8016, 8058, 8060, 7637, 7639, 7638, 7639, 8561, 7638, 9367, 9153, 9155, 2236, 2188, 2239, 1169, 1173, 1167, 1203, 1217, 1181, 1217, 1249, 1228, 1249, 1355, 1349, 1887, 1889, 1891, 1355, 458, 474, 339, 297, 296, 297, 206, 296, 6388, 6390, 6364, 2506, 2498, 2496, 1721, 1713, 1715, 1723, 1722, 1713, 1723, 1727, 1722, 6387, 6390, 6388, 2504, 2505, 2544, 1723, 1728, 1727, 1728, 1725, 1727, 2544, 2505, 6820, 2505, 6818, 6820, 2505, 6824, 6818, 6825, 6817, 6824, 1744, 1754, 1732, 6825, 6822, 6817, 6822, 6860, 6884, 6829, 6860, 6822, 8699, 8698, 8664, 8754, 8698, 8699, 6907, 8754, 6884, 6860, 6907, 6884, 6860, 8698, 6907, 150, 136, 134, 47, 46, 45, 4099, 5975, 5980, 5975, 5973, 5980, 4145, 5975, 4099, 4099, 4059, 4145, 5974, 5972, 5973, 4098, 4059, 4061, 4059, 4060, 4061, 4060, 4063, 4061, 4121, 4120, 4122, 9545, 9547, 9537, 4358, 4339, 5742, 4336, 4333, 4335, 4336, 4346, 4333, 4318, 4323, 4355, 7681, 7688, 7687, 407, 406, 355, 5066, 5065, 5240, 8006, 7745, 7735, 4975, 4931, 4974, 4931, 4972, 4974, 9954, 9953, 9956, 7860, 7861, 7862, 9952, 10002, 9953, 10000, 9982, 10005, 7921, 7920, 7924, 7920, 8016, 7924, 8016, 8051, 8058, 9153, 6168, 7637, 7637, 6162, 7639, 6168, 6162, 7637, 9367, 9366, 9153, 2236, 2237, 2125, 9279, 9305, 9340, 9196, 9279, 9218, 2125, 2117, 2124, 2117, 2123, 2124, 1187, 1172, 1131, 1280, 1224, 1277, 1182, 1170, 1171, 1182, 1168, 1170, 2120, 1900, 2123, 1168, 1183, 1169, 1183, 1185, 1169, 1169, 1185, 1173, 1185, 1186, 1173, 1186, 1174, 1173, 9181, 9211, 9177, 1234, 1249, 1217, 458, 429, 411, 429, 339, 411, 429, 348, 339, 348, 297, 339, 2527, 2513, 2499, 2499, 2513, 2497, 2498, 2508, 2503, 2503, 2505, 2504, 2530, 2505, 2503, 977, 1738, 1721, 1734, 1713, 1721, 1734, 1733, 1713, 1733, 1723, 1713, 6396, 6390, 6387, 1728, 1726, 1725, 6824, 6826, 6825, 6825, 6829, 6822, 1754, 1753, 6389, 6829, 6842, 6860, 1744, 1753, 1754, 6842, 8757, 6860, 6842, 6903, 8757, 8757, 8698, 6860, 6903, 8716, 8757, 137, 54, 135, 4147, 5980, 5982, 4099, 5980, 4147, 4147, 4056, 4099, 5980, 5970, 5982, 4056, 4057, 4099, 5980, 5973, 5970, 5973, 5972, 5970, 4099, 4057, 4059, 4057, 4058, 4059, 4058, 4060, 4059, 9550, 5913, 5914, 4118, 4119, 4121, 4119, 4120, 4121, 9537, 9547, 9542, 5742, 4348, 4120, 4348, 4124, 4120, 4358, 4344, 4334, 9535, 9536, 9537, 975, 1019, 966, 1019, 9540, 9532, 9530, 9534, 9535, 9534, 9536, 9535, 9540, 9539, 9532, 9539, 9533, 9532, 9533, 9534, 9530, 4402, 4383, 4407, 4402, 4384, 4383, 4384, 4366, 4383, 4323, 4346, 4336, 373, 355, 264, 7681, 7693, 7688, 7693, 7694, 7688, 7729, 7730, 7710, 7730, 7735, 7710, 7730, 7752, 7735, 5009, 5064, 5065, 7752, 8006, 7735, 8006, 7942, 7745, 7942, 7927, 7940, 7929, 7927, 7942, 9954, 9956, 9944, 10000, 9980, 10002, 10000, 10005, 9980, 10004, 10005, 9982, 7920, 7960, 8016, 8016, 7960, 8051, 7992, 8056, 8051, 9366, 6168, 9153, 9380, 6168, 9366, 7639, 2238, 8561, 8563, 2238, 7639, 2238, 2237, 2236, 2206, 2148, 2125, 2148, 2117, 2125, 2117, 2120, 2123, 1199, 1192, 1224, 1172, 1188, 1171, 1188, 1184, 1171, 1184, 1182, 1171, 2122, 1900, 2120, 1182, 1183, 1168, 2122, 2197, 1900, 2197, 1893, 1900, 1174, 1210, 1193, 1193, 1207, 1179, 1207, 1180, 1179, 1180, 1203, 1181, 1885, 1886, 1893, 1203, 1234, 1217, 1886, 1880, 1887, 1885, 1880, 1886, 1887, 1880, 1889, 1880, 1890, 1889, 1880, 1879, 1890, 1879, 1914, 1890, 8624, 8620, 8622, 1355, 459, 458, 459, 429, 458, 2497, 2512, 2496, 2512, 2506, 2496, 981, 1738, 977, 2505, 6826, 6824, 2530, 6826, 2505, 897, 981, 977, 1738, 1734, 1721, 1741, 1734, 1738, 206, 180, 155, 1739, 1732, 1724, 1739, 1744, 1732, 155, 160, 150, 1744, 1752, 1753, 6829, 6835, 6842, 8657, 8698, 8716, 6835, 6903, 6842, 6903, 8717, 8716, 136, 137, 135, 4147, 5986, 4161, 4161, 4055, 4147, 4147, 5982, 5986, 5982, 5969, 5986, 5982, 5970, 5969, 4055, 4056, 4147, 6070, 6051, 5971, 6039, 6024, 6035, 4058, 4118, 4060, 9550, 5914, 9528, 4118, 4117, 4119, 4116, 4117, 4118, 4117, 4120, 4119, 4117, 5737, 4120, 9538, 9537, 9542, 5736, 5742, 5737, 4358, 5742, 5736, 5742, 4120, 5737, 49, 223, 203, 9535, 9537, 9538, 4335, 4334, 4344, 1019, 9532, 9531, 9533, 9530, 9532, 4355, 4323, 4342, 7680, 7681, 7687, 373, 407, 355, 406, 407, 434, 9854, 9853, 9852, 7694, 7728, 7700, 7728, 7729, 7700, 7700, 7729, 7710, 5009, 5065, 5008, 4968, 4962, 4985, 7953, 7942, 8006, 4964, 4965, 4983, 4971, 4970, 4980, 9914, 9910, 9882, 4940, 4976, 4978, 9944, 9932, 9914, 9953, 9986, 9956, 7845, 7856, 7922, 10004, 9981, 10005, 10006, 10010, 10004, 7960, 7992, 8051, 6162, 8563, 7639, 2206, 2237, 2238, 1199, 1198, 1192, 1198, 1166, 1192, 1198, 1191, 1166, 1191, 1130, 1166, 1191, 1129, 1130, 1191, 1190, 1129, 1129, 1189, 1131, 1190, 1189, 1129, 1189, 1187, 1131, 2103, 2122, 2120, 1187, 1188, 1172, 1280, 1264, 1224, 1342, 1280, 1343, 1186, 1210, 1174, 2197, 1885, 1893, 1210, 1211, 1193, 1207, 1212, 1180, 1212, 1203, 1180, 8619, 8621, 8633, 1249, 1356, 1355, 1879, 1878, 1908, 1878, 1904, 1908, 2513, 2512, 2497, 6390, 2517, 2527, 2512, 2510, 2506, 2507, 2506, 2510, 2507, 2498, 2506, 2507, 2508, 2498, 2508, 2531, 2503, 2531, 2530, 2503, 2530, 2532, 6826, 297, 180, 206, 1735, 1733, 1734, 1733, 1728, 1723, 1735, 1728, 1733, 1728, 1737, 1726, 6826, 6827, 6825, 1737, 1724, 1726, 1737, 1739, 1724, 1739, 1742, 1744, 6829, 6830, 6835, 1744, 1743, 1752, 6835, 6894, 6903, 6903, 8718, 8717, 6894, 8718, 6903, 160, 136, 150, 749, 772, 748, 4105, 5986, 5987, 4055, 5986, 4105, 4105, 4071, 4055, 5986, 5966, 5987, 5986, 5969, 5966, 4071, 4054, 4055, 4054, 4056, 4055, 4054, 4057, 4056, 48, 49, 46, 4054, 4058, 4057, 4058, 4113, 4118, 9528, 5914, 4607, 4113, 4115, 4116, 4116, 4115, 4117, 5736, 5737, 5734, 4358, 5736, 4417, 4417, 4393, 4358, 223, 49, 194, 9530, 9535, 9529, 9529, 9535, 9538, 4335, 4344, 4343, 966, 1019, 1020, 1020, 1019, 9526, 1019, 9531, 9526, 203, 265, 264, 4355, 4342, 4350, 7693, 7706, 7694, 7706, 7728, 7694, 7729, 7743, 7730, 7743, 7752, 7730, 4853, 4855, 4854, 7752, 7974, 8006, 4990, 4968, 4985, 7974, 7953, 8006, 7953, 7929, 7942, 7843, 7845, 7846, 10005, 9981, 9980, 10010, 9990, 10004, 7857, 7957, 7920, 7957, 7958, 7960, 7960, 7958, 7990, 10018, 10009, 10010, 6160, 6161, 6162, 6161, 8563, 6162, 2116, 2117, 2148, 1264, 1199, 1224, 2103, 2197, 2122, 1279, 1264, 1280, 1342, 1279, 1280, 1183, 1208, 1185, 1208, 1186, 1185, 1208, 1209, 1186, 1211, 1207, 1193, 1212, 1233, 1203, 1885, 1875, 1880, 1233, 1234, 1203, 1880, 1873, 1879, 1875, 1873, 1880, 1249, 1296, 1356, 1873, 1878, 1879, 1878, 1897, 1904, 2517, 2513, 2527, 2511, 2512, 2513, 2511, 2510, 2512, 348, 298, 297, 6390, 6391, 2517, 2507, 2509, 2508, 2531, 2532, 2530, 297, 298, 180, 6396, 6391, 6390, 1748, 1741, 1738, 1736, 1728, 1735, 1736, 1737, 1728, 1740, 1739, 1737, 6827, 6828, 6825, 6828, 6829, 6825, 180, 160, 155, 1740, 1742, 1739, 1742, 1743, 1744, 6830, 6834, 6835, 8718, 8680, 8657, 1743, 1766, 1752, 6834, 6894, 6835, 6834, 6904, 6894, 6894, 8751, 8718, 6904, 8751, 6894, 1766, 1768, 1752, 137, 138, 54, 5988, 4093, 5965, 5987, 5965, 4093, 5987, 5966, 5965, 5966, 5962, 5965, 4105, 5987, 4093, 4093, 4071, 4105, 5968, 5967, 5966, 4071, 4070, 4054, 4072, 4070, 4071, 47, 48, 46, 4070, 4062, 4054, 9525, 9542, 9528, 9538, 9542, 9525, 4417, 5736, 5735, 4393, 4417, 5735, 5736, 5734, 5735, 5734, 5737, 5738, 9531, 9532, 9527, 9532, 9530, 9527, 9530, 9529, 9527, 4340, 4337, 4335, 7675, 7677, 7680, 265, 373, 264, 7677, 7681, 7680, 7681, 7695, 7693, 7695, 7706, 7693, 7728, 7742, 7729, 7742, 7743, 7729, 7743, 7974, 7752, 4997, 4967, 4990, 4982, 4967, 4997, 4984, 4964, 4983, 4872, 4889, 4880, 4980, 4970, 4984, 9910, 9932, 9923, 9910, 9914, 9932, 9944, 9942, 9932, 9944, 9955, 9942, 7849, 7859, 7858, 9956, 9986, 9943, 10004, 9990, 9989, 7856, 7855, 7857, 7958, 7991, 7990, 6168, 6160, 6162, 2284, 2231, 2238, 2231, 2118, 2283, 2118, 2148, 2206, 2118, 2116, 2148, 2117, 2114, 2120, 9177, 9176, 9179, 1213, 1215, 1182, 1215, 1183, 1182, 2197, 2101, 1885, 8621, 1342, 8634, 1209, 1210, 1186, 1260, 1296, 1249, 8610, 8619, 8620, 1873, 1874, 1878, 1874, 1897, 1878, 1356, 459, 1355, 1874, 1898, 1897, 1874, 1894, 1898, 2517, 2511, 2513, 348, 359, 298, 2509, 6930, 2508, 6930, 2531, 2508, 6930, 2533, 2531, 2533, 2532, 2531, 2532, 6827, 6826, 981, 1748, 1738, 1734, 1749, 1735, 1741, 1749, 1734, 1749, 1736, 1735, 1736, 1746, 1737, 6828, 6830, 6829, 6830, 6832, 6834, 6832, 6904, 6834, 6832, 6870, 6904, 6904, 8752, 8751, 6870, 8752, 6904, 5988, 5963, 5964, 5964, 4091, 5988, 4169, 4091, 5964, 5988, 5965, 5963, 5965, 5962, 5963, 4091, 4093, 5988, 4091, 4075, 4093, 4075, 4071, 4093, 4062, 4112, 4058, 9522, 4606, 4605, 4058, 4112, 4113, 9522, 4607, 4606, 9528, 4607, 9522, 4112, 4114, 4113, 48, 194, 49, 4114, 4115, 4113, 9525, 9528, 9521, 2387, 5734, 5731, 5735, 5734, 2387, 2387, 4393, 5735, 5734, 5738, 4114, 9524, 9538, 9525, 9529, 9538, 9524, 4351, 4343, 4393, 966, 1020, 967, 9531, 9527, 9526, 4383, 4374, 4392, 7677, 7685, 7681, 7685, 7696, 7681, 7681, 7696, 7695, 373, 434, 407, 7695, 7728, 7706, 5240, 5099, 5066, 7742, 7974, 7743, 7974, 7951, 7953, 4855, 4860, 4854, 4983, 4982, 5005, 4978, 4979, 4988, 4977, 4976, 4975, 7849, 7848, 7847, 9986, 9974, 9971, 9986, 9970, 9974, 9986, 9980, 9970, 7844, 7856, 7845, 7857, 7959, 7958, 6160, 2386, 6161, 9392, 6160, 6168, 2386, 2313, 6161, 2313, 2284, 8563, 2116, 2114, 2117, 2114, 2103, 2120, 1205, 1191, 1198, 1204, 1189, 1190, 1201, 1187, 1189, 1200, 1188, 1187, 1188, 1202, 1184, 1183, 1216, 1208, 2101, 1875, 1885, 1234, 1260, 1249, 1874, 1870, 1894, 1870, 1871, 1894, 1356, 1357, 459, 1871, 1896, 1894, 1871, 1895, 1896, 502, 429, 459, 429, 443, 348, 443, 359, 348, 1494, 2511, 2517, 2511, 2507, 2510, 2511, 2521, 2507, 2521, 2509, 2507, 2533, 2534, 2532, 2532, 2534, 6827, 309, 180, 298, 2535, 6828, 6827, 981, 1756, 1748, 987, 1756, 981, 1748, 1755, 1741, 1755, 1749, 1741, 1749, 1750, 1736, 1750, 1746, 1736, 884, 987, 981, 1746, 1740, 1737, 6395, 6392, 6396, 6828, 6831, 6830, 180, 182, 160, 1740, 1743, 1742, 6831, 6832, 6830, 1767, 1766, 1743, 6393, 6395, 6389, 6870, 8756, 8752, 1767, 1768, 1766, 1767, 1844, 1768, 1844, 1841, 1768, 54, 52, 53, 53, 52, 45, 45, 51, 47, 52, 51, 45, 4169, 5961, 4177, 4177, 4162, 4169, 4162, 4077, 4169, 5961, 5962, 5959, 4077, 4091, 4169, 4077, 4075, 4091, 4075, 4072, 4071, 4073, 4070, 4072, 4108, 4062, 4070, 4108, 4111, 4062, 4605, 9519, 9522, 2357, 5725, 2355, 4062, 4111, 4112, 5725, 5726, 2355, 5725, 5727, 5726, 5727, 5730, 5726, 2372, 5725, 2357, 5744, 5725, 2372, 2373, 5744, 2372, 5744, 2385, 5725, 5744, 6000, 2385, 5725, 2385, 5727, 6000, 2383, 2385, 9521, 9528, 9522, 2385, 2387, 5727, 2384, 2387, 2385, 2383, 2384, 2385, 5727, 5731, 5730, 2387, 5731, 5727, 5740, 4114, 4112, 195, 194, 48, 4412, 2387, 2384, 5734, 5739, 5731, 5739, 4114, 5740, 5734, 4114, 5739, 4412, 4393, 2387, 4401, 4393, 4412, 217, 223, 194, 4401, 4351, 4393, 967, 1020, 1021, 1020, 9526, 9520, 9529, 9524, 9518, 9526, 9527, 9520, 9527, 9529, 9518, 4340, 4343, 4351, 4341, 4337, 4345, 4337, 4340, 4345, 4365, 4357, 4374, 265, 385, 373, 442, 441, 373, 441, 434, 373, 441, 5245, 434, 5245, 5240, 434, 5066, 5099, 5061, 7742, 7973, 7974, 4992, 4989, 5026, 7973, 7951, 7974, 4983, 5005, 5007, 4880, 4893, 4890, 5003, 4973, 4980, 4893, 5028, 4890, 4987, 4988, 4993, 9932, 9930, 9923, 7871, 7868, 7877, 7839, 7842, 7843, 7842, 7844, 7843, 7844, 7855, 7856, 9990, 9988, 9989, 9990, 10003, 9988, 10009, 7991, 10003, 9384, 6160, 9392, 2231, 2194, 2118, 2118, 2115, 2116, 2115, 2114, 2116, 2114, 2121, 2103, 2121, 2102, 2103, 1205, 1190, 1191, 1205, 1204, 1190, 1204, 1201, 1189, 2102, 2101, 2103, 1218, 1199, 1264, 1218, 1206, 1199, 1206, 1198, 1199, 1201, 1200, 1187, 1200, 1202, 1188, 1279, 1265, 1264, 1202, 1182, 1184, 1213, 1182, 1202, 1215, 1216, 1183, 1344, 1279, 1342, 1237, 1209, 1208, 1236, 1211, 1210, 8615, 8621, 8619, 8615, 8618, 8621, 1207, 1239, 1212, 1212, 1239, 1233, 1233, 1260, 1234, 1875, 1869, 1873, 1873, 1869, 1870, 8610, 8620, 8623, 1871, 1872, 1895, 8609, 8610, 8623, 1895, 1884, 1917, 1872, 1884, 1895, 1909, 8609, 8625, 1357, 502, 459, 8658, 7182, 8660, 1495, 1494, 2517, 2509, 6929, 6930, 6929, 2533, 6930, 6929, 2536, 2533, 2533, 2535, 2534, 2536, 2535, 2533, 2535, 6827, 2534, 309, 182, 180, 1756, 1755, 1748, 1755, 1758, 1749, 1750, 1747, 1746, 1746, 1747, 1740, 893, 987, 884, 1751, 1740, 1747, 1751, 1743, 1740, 6831, 6833, 6832, 1751, 1767, 1743, 6833, 6870, 6832, 8756, 8686, 8680, 6859, 8756, 6870, 6833, 6859, 6870, 160, 161, 136, 1767, 1836, 1844, 1836, 1841, 1844, 138, 52, 54, 4162, 5960, 4167, 4167, 4134, 4162, 4134, 4077, 4162, 5967, 7179, 5959, 4074, 4072, 4075, 4074, 4073, 4072, 4073, 4107, 4070, 4109, 4107, 4073, 4070, 4107, 4108, 4107, 4110, 4108, 9519, 4605, 4603, 2355, 5726, 2356, 2356, 5726, 5728, 5726, 5732, 5728, 4110, 4111, 4108, 5726, 5730, 5732, 5730, 8540, 5732, 5730, 5739, 8540, 5739, 5741, 8540, 5741, 4112, 4111, 5739, 5740, 5741, 5740, 4112, 5741, 6000, 2380, 2383, 5731, 5739, 5730, 9525, 9521, 9516, 2383, 2382, 2384, 2380, 2382, 2383, 195, 217, 194, 9515, 9524, 9516, 9524, 9525, 9516, 2384, 4352, 4412, 2382, 4352, 2384, 4639, 4394, 4389, 4412, 4351, 4401, 4352, 4351, 4412, 967, 1021, 979, 1020, 9520, 1021, 9527, 9518, 9513, 9518, 9524, 9515, 9520, 9527, 9513, 4392, 4391, 4394, 4341, 4345, 4356, 7695, 7747, 7728, 7747, 7744, 7728, 5099, 5240, 5245, 7744, 7742, 7728, 5008, 5061, 5027, 4989, 5027, 5026, 4880, 4878, 4860, 5003, 4984, 5004, 4880, 4890, 4878, 7947, 7948, 7951, 4977, 4975, 4998, 9932, 9931, 9930, 7868, 7851, 7858, 7991, 10038, 10003, 2232, 2231, 2284, 2115, 2113, 2114, 2109, 2121, 2114, 1265, 1218, 1264, 1285, 1265, 1279, 1216, 1237, 1208, 2101, 2079, 1875, 1237, 1238, 1209, 1238, 1210, 1209, 1238, 1236, 1210, 1236, 1235, 1211, 1235, 1207, 1211, 2079, 1869, 1875, 1235, 1239, 1207, 1302, 1356, 1296, 1870, 1868, 1871, 1302, 1357, 1356, 1871, 1868, 1872, 1868, 1884, 1872, 1884, 1876, 1920, 1868, 1876, 1884, 8682, 8661, 1909, 502, 443, 429, 502, 494, 443, 1484, 2511, 1494, 359, 309, 298, 1484, 1483, 2511, 2511, 1483, 2521, 1483, 1491, 2521, 2521, 1491, 2509, 1491, 6929, 2509, 6828, 6838, 6831, 1756, 1757, 1755, 1757, 1758, 1755, 1758, 1750, 1749, 6838, 6837, 6831, 6831, 6837, 6833, 1747, 1759, 1751, 9717, 1767, 1751, 6833, 6845, 6859, 6845, 6858, 6859, 182, 161, 160, 9717, 1836, 1767, 1832, 1836, 9717, 161, 137, 136, 1834, 1836, 1832, 1834, 1841, 1836, 1834, 6394, 1841, 1832, 1831, 1834, 4133, 4088, 4134, 4076, 4074, 4075, 4074, 4106, 4073, 4106, 4109, 4073, 2356, 5728, 2359, 5728, 5729, 2359, 5728, 5733, 5729, 4107, 4150, 4110, 4600, 9523, 4603, 5728, 5743, 5733, 4150, 4151, 4110, 47, 195, 48, 9523, 9519, 4603, 5728, 8540, 5743, 5743, 4111, 4110, 9516, 9521, 9505, 9505, 9522, 9519, 9521, 9522, 9505, 8540, 5741, 5743, 5741, 4111, 5743, 2375, 2378, 2379, 869, 979, 878, 2379, 2378, 2380, 2380, 2381, 2382, 2378, 2381, 2380, 2381, 4352, 2382, 4394, 4382, 4389, 4349, 4351, 4352, 4394, 4391, 4382, 4340, 4351, 4349, 217, 290, 223, 4391, 4374, 4371, 4374, 4375, 4371, 4374, 4357, 4375, 4375, 4357, 4356, 290, 265, 223, 7669, 7674, 7675, 290, 385, 265, 386, 385, 290, 7674, 7677, 7675, 7674, 7684, 7677, 7684, 7685, 7677, 7695, 7740, 7747, 7744, 7759, 7742, 4851, 4857, 4852, 7759, 7973, 7742, 4854, 4861, 4857, 4860, 4878, 4861, 5004, 4984, 5006, 4890, 5036, 4887, 5028, 4993, 5036, 4988, 4979, 4994, 9974, 9967, 9971, 9974, 9970, 9967, 7848, 7837, 7839, 7842, 7853, 7844, 7853, 7881, 7855, 7884, 7885, 7886, 6163, 2386, 6160, 9384, 6163, 6160, 2232, 2194, 2231, 2119, 2115, 2118, 2113, 2109, 2114, 2083, 2101, 2102, 2083, 2079, 2101, 1285, 1266, 1265, 1202, 1229, 1213, 1229, 1230, 1213, 1344, 1285, 1279, 1230, 1215, 1213, 8618, 1344, 8621, 2079, 2021, 1869, 1261, 1302, 1260, 1302, 1296, 1260, 1867, 1868, 1869, 1865, 1876, 1868, 1909, 8653, 8609, 1876, 1866, 1909, 1865, 1866, 1876, 1866, 8653, 1909, 1495, 1482, 1494, 1482, 1484, 1494, 358, 309, 359, 1491, 6928, 6929, 2537, 2535, 2536, 1521, 1482, 1495, 1471, 1472, 1483, 1483, 1472, 1491, 1472, 1476, 1491, 1476, 6928, 1491, 6928, 2536, 6929, 6928, 6911, 2536, 2537, 6828, 2535, 2537, 6838, 6828, 309, 310, 182, 6841, 6837, 6838, 6841, 6840, 6837, 1769, 1750, 1758, 987, 1761, 1756, 1756, 1761, 1757, 1757, 1769, 1758, 1769, 1770, 1750, 1770, 1747, 1750, 1816, 1759, 1747, 893, 903, 987, 1770, 1816, 1747, 1816, 1818, 1759, 1818, 1833, 1759, 1759, 9717, 1751, 1833, 9717, 1759, 6858, 8685, 8686, 205, 161, 182, 6858, 6845, 6853, 6853, 8685, 6858, 1833, 1832, 9717, 6845, 6852, 6853, 1831, 1837, 1834, 1837, 1838, 1834, 4133, 5958, 4158, 4158, 4089, 4133, 4089, 4088, 4133, 4078, 4076, 4077, 4077, 4076, 4075, 6036, 6034, 6050, 2359, 5729, 2362, 4154, 4107, 4109, 4154, 4153, 4107, 4107, 4153, 4150, 4151, 4150, 8539, 196, 195, 47, 9505, 9519, 9508, 9508, 9519, 9523, 2349, 2375, 2354, 9514, 9515, 9505, 9515, 9516, 9505, 9512, 9514, 9517, 979, 1021, 9507, 1021, 9506, 9507, 9512, 9515, 9514, 2376, 2381, 2378, 1021, 9520, 9506, 9520, 9513, 9506, 9506, 9513, 9512, 9513, 9518, 9512, 9518, 9515, 9512, 4349, 4352, 2381, 4359, 4349, 2376, 4345, 4349, 4359, 4356, 4345, 4359, 7666, 7673, 7669, 7673, 7674, 7669, 5245, 441, 442, 7696, 7740, 7695, 9848, 9839, 9837, 7740, 7744, 7747, 5097, 5099, 5245, 5061, 5099, 5097, 5027, 5061, 5033, 4997, 5011, 5013, 4997, 4990, 5011, 4990, 4985, 5011, 5011, 4985, 5012, 4861, 4870, 4857, 4979, 4995, 4994, 4979, 4977, 4995, 7875, 7872, 7871, 9931, 9928, 9930, 9931, 9979, 9928, 9971, 9967, 9964, 7853, 7882, 7881, 7881, 7885, 7884, 7886, 7887, 7968, 7887, 7969, 7968, 2386, 2363, 2313, 2109, 2108, 2121, 2108, 2102, 2121, 2108, 2083, 2102, 1204, 1242, 1201, 1218, 1240, 1206, 1231, 1229, 1202, 2083, 2018, 2079, 1245, 1237, 1216, 2018, 2021, 2079, 1237, 1246, 1238, 8615, 8616, 8618, 1248, 1239, 1235, 1233, 1261, 1260, 1258, 1261, 1233, 2021, 1867, 1869, 1867, 1865, 1868, 8609, 8606, 8610, 1865, 1864, 1866, 8607, 8609, 8653, 8607, 8606, 8609, 1911, 8653, 1866, 1866, 1864, 1911, 1864, 1910, 1911, 1910, 8607, 1911, 443, 431, 359, 431, 358, 359, 1467, 1484, 1482, 2536, 2538, 2537, 6911, 2538, 2536, 2538, 2539, 2537, 1467, 1468, 1484, 1484, 1468, 1483, 1468, 1471, 1483, 1468, 1470, 1471, 1470, 1472, 1471, 2539, 6841, 6838, 2539, 6152, 6841, 358, 310, 309, 6840, 6153, 6837, 6837, 6839, 6833, 6153, 6839, 6837, 1498, 1521, 6395, 6839, 6844, 6833, 310, 205, 182, 995, 1761, 987, 1773, 1757, 1761, 6844, 6845, 6833, 6844, 4591, 6845, 1817, 1816, 1770, 1817, 1818, 1816, 4591, 4587, 6845, 1826, 1818, 1817, 1826, 1833, 1818, 4587, 6852, 6845, 1826, 1832, 1833, 1826, 1831, 1832, 1834, 1838, 4642, 1837, 1843, 1838, 138, 139, 52, 4089, 5979, 4163, 4163, 4090, 4089, 140, 51, 52, 4089, 4078, 4088, 4078, 4079, 4076, 4076, 4095, 4074, 4095, 4106, 4074, 2362, 8536, 2337, 4095, 4131, 4106, 2362, 5729, 8536, 4131, 4109, 4106, 4131, 4157, 4109, 5729, 5733, 8536, 5733, 8537, 8536, 4157, 4154, 4109, 4608, 4610, 4643, 4153, 4154, 8537, 9510, 4600, 4643, 9510, 9523, 4600, 9508, 9523, 9510, 9505, 9508, 9501, 9498, 9505, 9501, 196, 217, 195, 9514, 9505, 9498, 9511, 9517, 9514, 2349, 2350, 2375, 979, 9507, 993, 2375, 2376, 2378, 2350, 2376, 2375, 9495, 9512, 9511, 9512, 9517, 9511, 9506, 9512, 9495, 4349, 2381, 2376, 4389, 4382, 4381, 4371, 4375, 4369, 4356, 4359, 4369, 4375, 4356, 4369, 7665, 7664, 7669, 7664, 7666, 7669, 7673, 7684, 7674, 385, 463, 442, 7741, 7740, 7696, 4852, 4857, 4862, 4861, 4878, 4879, 5004, 5006, 5017, 4993, 4994, 5010, 4998, 5000, 4999, 9930, 9928, 9921, 7837, 7836, 7839, 9975, 9976, 9969, 9975, 9977, 9976, 7854, 7853, 7842, 7882, 7883, 7881, 7883, 7885, 7881, 7885, 7887, 7886, 10038, 10037, 10036, 6163, 2365, 2386, 2365, 2363, 2386, 2168, 2194, 2232, 2194, 2168, 2119, 2168, 2115, 2119, 2115, 2176, 2113, 2110, 2109, 2113, 1240, 1205, 1206, 1205, 1243, 1204, 1266, 1241, 1218, 1241, 1240, 1218, 1201, 1231, 1200, 1200, 1231, 1202, 1304, 1266, 1285, 1344, 1304, 1285, 1244, 1215, 1230, 1353, 1344, 8618, 1215, 1244, 1216, 1245, 1246, 1237, 1238, 1247, 1236, 1236, 1248, 1235, 1248, 1251, 1239, 1251, 1233, 1239, 1251, 1258, 1233, 1303, 1357, 1302, 8607, 8605, 8606, 494, 502, 1357, 1910, 1921, 8607, 1910, 1859, 1921, 1864, 1859, 1910, 1859, 8605, 1921, 494, 431, 443, 6910, 2538, 6911, 2538, 2543, 2539, 6908, 2543, 2538, 2543, 2580, 2539, 1521, 1466, 1482, 1466, 1467, 1482, 358, 350, 310, 1467, 1469, 1468, 1473, 1476, 1472, 1468, 1469, 1470, 1470, 1473, 1472, 1498, 1466, 1521, 6839, 4590, 6844, 4590, 4591, 6844, 310, 312, 205, 995, 998, 1761, 998, 1773, 1761, 1773, 1771, 1757, 1757, 1771, 1769, 1771, 1770, 1769, 1520, 1498, 6393, 1771, 1772, 1770, 1772, 1817, 1770, 4587, 4598, 6852, 1772, 1825, 1817, 1825, 1826, 1817, 4598, 7163, 8685, 1825, 1827, 1826, 4580, 4594, 4598, 4642, 1520, 6394, 1827, 1830, 1826, 1830, 1831, 1826, 1843, 4631, 1838, 161, 162, 137, 1846, 1843, 1837, 137, 162, 138, 139, 140, 52, 4101, 4082, 4090, 4090, 4163, 4101, 4090, 4078, 4089, 4082, 4078, 4090, 4086, 4076, 4079, 4076, 4096, 4095, 4086, 4096, 4076, 4096, 4171, 4095, 4171, 4170, 4095, 4095, 4170, 4131, 4643, 4610, 4611, 4157, 4131, 8538, 140, 196, 47, 9499, 9501, 9508, 9498, 9501, 9497, 2347, 2348, 2349, 196, 284, 217, 993, 9507, 9496, 9507, 9492, 9496, 9511, 9514, 9498, 2348, 2350, 2349, 2348, 2369, 2350, 9507, 9506, 9492, 9492, 9506, 9494, 9506, 9495, 9494, 4364, 2376, 2350, 4363, 2376, 4364, 284, 290, 217, 4381, 4371, 4372, 4359, 2376, 4363, 363, 386, 290, 7673, 7683, 7684, 7684, 7698, 7685, 7685, 7698, 7696, 7698, 7741, 7696, 463, 5245, 442, 5095, 5097, 5245, 7758, 7744, 7740, 4857, 4864, 4862, 7758, 7759, 7744, 7982, 7952, 7759, 5007, 5005, 5016, 5005, 5013, 5014, 4878, 4887, 4879, 7949, 7946, 7947, 5036, 4993, 5030, 4993, 5010, 5015, 9928, 9961, 9929, 9928, 9979, 9961, 9967, 9969, 9968, 7836, 7840, 7839, 10037, 7887, 10036, 7969, 7887, 10037, 9357, 6163, 9384, 9357, 6164, 6163, 2365, 2364, 2363, 2364, 2232, 2363, 2176, 2111, 2113, 2113, 2111, 2110, 1240, 1243, 1205, 1243, 1242, 1204, 2083, 1990, 2018, 1242, 1231, 1201, 1229, 1256, 1230, 1353, 1304, 1344, 1256, 1244, 1230, 1244, 1245, 1216, 2004, 2021, 2018, 1246, 1247, 1238, 8618, 8616, 1353, 1247, 1248, 1236, 1299, 1302, 1261, 1299, 1303, 1302, 1867, 1860, 1865, 1860, 1864, 1865, 8605, 8592, 8606, 1370, 494, 1357, 1860, 1859, 1864, 1916, 8605, 1859, 1859, 1863, 1916, 1863, 8564, 1916, 431, 414, 358, 6910, 6908, 2538, 6915, 6910, 6911, 2580, 2581, 6152, 2543, 2581, 2580, 414, 350, 358, 2581, 6151, 6152, 1466, 1465, 1467, 1465, 1469, 1467, 1476, 6916, 6928, 6150, 6153, 6152, 1498, 1464, 1466, 1463, 1469, 1465, 1463, 1474, 1469, 1473, 6916, 1476, 6154, 6839, 6153, 6154, 2371, 6839, 1474, 1470, 1469, 1470, 1474, 1473, 2371, 4590, 6839, 1474, 1477, 1473, 4590, 4586, 4591, 4586, 4587, 4591, 4580, 4598, 4587, 1819, 1773, 998, 1821, 1771, 1773, 1821, 1772, 1771, 910, 997, 903, 1772, 1824, 1825, 4574, 7163, 4594, 4574, 7158, 7163, 1824, 1827, 1825, 4580, 4574, 4594, 4580, 4573, 4574, 1827, 1829, 1830, 1829, 1831, 1830, 1829, 1837, 1831, 205, 162, 161, 1845, 1846, 1837, 4627, 1846, 1845, 4092, 4082, 4101, 4081, 4078, 4082, 4081, 4080, 4078, 4080, 4079, 4078, 2337, 8536, 8534, 6050, 6034, 6041, 51, 140, 47, 8536, 4170, 4171, 9509, 4611, 4612, 9510, 4611, 9509, 9510, 4643, 4611, 9499, 9508, 9510, 9497, 9501, 9499, 2344, 2348, 2347, 9495, 9511, 9498, 2368, 2369, 2348, 4364, 2350, 2369, 2369, 4376, 4364, 7663, 7664, 7665, 4371, 4370, 4372, 4370, 4369, 4367, 284, 363, 290, 4371, 4369, 4370, 7683, 7697, 7684, 462, 385, 386, 462, 463, 385, 7697, 7698, 7684, 7737, 7741, 7698, 5247, 5095, 5245, 4722, 4718, 4719, 5012, 5042, 5011, 5042, 5012, 5026, 7758, 7982, 7759, 5014, 5013, 5011, 5002, 5004, 5021, 4993, 5015, 5030, 7946, 7874, 7875, 7874, 7872, 7875, 7874, 7873, 7872, 9979, 9964, 9961, 7838, 7837, 7852, 9967, 9966, 9964, 9967, 9968, 9966, 9977, 9987, 9976, 10041, 10042, 9987, 7891, 7888, 7885, 10036, 7887, 10032, 7889, 7887, 7888, 6163, 6164, 2365, 1943, 2232, 2364, 2175, 2115, 2168, 2110, 2107, 2109, 2107, 2108, 2109, 1257, 1240, 1241, 1257, 1259, 1240, 1254, 1231, 1242, 1304, 1295, 1266, 1252, 1229, 1231, 1252, 1255, 1229, 1990, 2004, 2018, 1255, 1256, 1229, 9225, 9213, 9212, 1251, 1278, 1258, 1258, 1299, 1261, 1867, 1862, 1860, 1303, 1370, 1357, 8592, 8608, 8606, 1860, 1858, 1859, 1858, 1857, 1859, 1916, 8592, 8605, 1857, 1863, 1859, 8564, 8592, 1916, 8593, 8592, 8564, 1915, 8564, 1863, 1915, 8565, 8564, 1863, 1853, 1915, 1857, 1853, 1863, 1915, 8593, 8565, 526, 431, 494, 6908, 2582, 2543, 2543, 2582, 2581, 2582, 2583, 2581, 2583, 6151, 2581, 2583, 6148, 6151, 1464, 1465, 1466, 6927, 6923, 6916, 6923, 6915, 6916, 2305, 4590, 2371, 2296, 2305, 2371, 1463, 1465, 1464, 1473, 1477, 6916, 1477, 6927, 6916, 4589, 4590, 2305, 4589, 4586, 4590, 4589, 4581, 4586, 1474, 1478, 1477, 1477, 7642, 6927, 7642, 7643, 6927, 4585, 4587, 4586, 4581, 4585, 4586, 350, 312, 310, 4585, 4580, 4587, 4585, 4584, 4580, 997, 1819, 998, 7158, 7155, 7162, 1819, 1820, 1773, 1820, 1821, 1773, 1821, 1822, 1772, 4584, 4579, 4580, 1822, 1824, 1772, 4580, 4579, 4573, 4574, 7157, 7158, 1822, 1835, 1824, 1824, 1828, 1827, 1828, 1829, 1827, 4573, 4572, 4574, 4579, 4571, 4573, 4572, 7157, 4574, 4596, 7157, 4572, 4571, 4572, 4573, 205, 226, 162, 4571, 4570, 4572, 4570, 4596, 4572, 1839, 1829, 1828, 1839, 1837, 1829, 1839, 1845, 1837, 1839, 9504, 1845, 4623, 4627, 1845, 162, 139, 138, 139, 158, 140, 4080, 4084, 4079, 4079, 4084, 4086, 2337, 8534, 2335, 4084, 4155, 4086, 4155, 4096, 4086, 9493, 4612, 4613, 8535, 4171, 4096, 9509, 4612, 9493, 9487, 9510, 9509, 197, 196, 140, 9487, 9499, 9510, 9483, 9486, 9487, 9486, 9499, 9487, 9482, 9486, 9483, 9497, 9486, 9482, 9497, 9499, 9486, 904, 996, 905, 9489, 9488, 9481, 9488, 9497, 9482, 904, 993, 996, 993, 9496, 996, 9496, 9491, 996, 9488, 9498, 9497, 9492, 9489, 9491, 9492, 9494, 9489, 9494, 9495, 9489, 9495, 9488, 9489, 2352, 2348, 2344, 2352, 2368, 2348, 4376, 2369, 2368, 1526, 1525, 1524, 4363, 4364, 4376, 1526, 4372, 1525, 7663, 7660, 7664, 364, 363, 284, 7661, 7666, 7664, 7666, 7683, 7673, 5096, 5095, 5247, 5063, 5061, 5097, 5026, 5033, 5053, 5033, 5061, 5063, 5041, 5011, 5042, 4870, 4879, 4874, 4879, 4887, 4886, 5036, 5030, 5062, 5024, 4999, 5023, 4999, 5001, 5023, 9922, 9929, 9927, 9976, 9984, 9969, 7882, 7892, 7883, 2366, 2364, 2365, 2232, 2177, 2168, 2177, 2175, 2168, 9183, 9186, 9356, 2111, 2107, 2110, 2107, 2104, 2108, 2104, 1990, 2108, 1243, 1262, 1242, 1266, 1257, 1241, 1259, 1243, 1240, 1262, 1263, 1242, 1263, 1254, 1242, 1254, 1253, 1231, 1990, 1986, 2004, 1266, 1295, 1257, 1256, 1273, 1244, 2004, 1985, 2021, 1985, 2020, 2021, 1246, 1267, 1247, 1274, 1278, 1251, 1299, 1331, 1303, 1862, 1858, 1860, 1331, 1370, 1303, 526, 494, 1370, 1854, 1915, 1853, 1854, 1922, 1915, 1853, 1848, 1854, 1915, 8594, 8593, 1922, 8594, 1915, 1851, 1922, 1854, 1851, 8594, 1922, 1848, 1851, 1854, 7171, 8594, 1851, 1848, 1849, 1851, 1848, 1850, 1849, 481, 414, 431, 2584, 6144, 2583, 6913, 6909, 6910, 6909, 6908, 6910, 6908, 2584, 2582, 6909, 2584, 6908, 2582, 2584, 2583, 6144, 6145, 2583, 6915, 6913, 6910, 6145, 6148, 2583, 6145, 1918, 6148, 1498, 1414, 1464, 1464, 1414, 1463, 2085, 4589, 2305, 1413, 1463, 1414, 1463, 1475, 1474, 1480, 9393, 6923, 2085, 2330, 4589, 2330, 4581, 4589, 349, 312, 350, 1475, 1478, 1474, 1502, 9393, 1480, 4584, 4585, 4581, 4581, 4562, 4584, 7155, 7161, 7162, 4562, 4560, 4584, 4584, 4560, 4579, 997, 1007, 1819, 1007, 1842, 1819, 1842, 1820, 1819, 1820, 1823, 1821, 1517, 1506, 1520, 1823, 1822, 1821, 1823, 1835, 1822, 4577, 4571, 4579, 312, 226, 205, 1835, 1828, 1824, 1840, 1828, 1835, 4596, 4599, 7157, 4571, 4568, 4570, 4570, 4569, 4596, 4568, 4569, 4570, 4568, 4557, 4569, 4557, 4599, 4569, 4623, 1845, 9504, 9504, 9490, 4623, 4622, 4623, 9490, 4094, 4588, 4583, 4588, 7184, 4583, 4094, 4087, 4092, 4087, 4082, 4092, 4087, 4081, 4082, 9503, 9500, 4617, 9500, 4615, 4617, 4081, 4083, 4080, 208, 140, 158, 9500, 4613, 4615, 9474, 4613, 9500, 4080, 4083, 4084, 4083, 4181, 4084, 9493, 4613, 9474, 4181, 4155, 4084, 9487, 9509, 9493, 9480, 9482, 9483, 9484, 9481, 9477, 9481, 9479, 9477, 9479, 9482, 9480, 996, 9491, 1002, 9491, 9484, 1002, 9489, 9481, 9484, 289, 284, 196, 9491, 9489, 9484, 9488, 9479, 9481, 2341, 2351, 2344, 2351, 2352, 2344, 4377, 2368, 2352, 4377, 4376, 2368, 332, 364, 284, 1525, 1515, 1524, 4368, 4363, 4377, 4363, 4376, 4377, 7668, 7658, 7663, 4367, 4363, 4368, 7658, 7660, 7663, 1525, 4372, 1515, 7660, 7661, 7664, 363, 438, 386, 7682, 7683, 7666, 438, 462, 386, 5247, 463, 462, 7760, 7758, 7741, 5063, 5097, 5095, 5053, 5033, 5063, 5039, 5014, 5011, 7982, 7950, 7952, 4879, 4886, 4874, 4886, 4887, 5062, 5062, 5030, 5035, 5029, 5010, 4995, 7870, 7825, 7869, 10032, 10031, 10042, 7888, 7890, 7889, 7887, 7889, 10032, 2366, 1952, 2364, 2175, 2176, 2115, 9189, 9191, 9185, 1259, 1262, 1243, 1253, 1252, 1231, 1353, 1330, 1304, 1273, 1270, 1244, 1270, 1245, 1244, 1272, 1271, 1245, 1271, 1246, 1245, 1271, 1267, 1246, 1353, 8613, 8617, 1267, 1268, 1247, 1268, 1269, 1247, 1247, 1269, 1248, 1248, 1274, 1251, 2020, 1862, 1867, 1278, 1299, 1258, 2020, 1881, 1862, 1307, 1331, 1299, 1881, 1858, 1862, 1858, 1856, 1857, 1857, 1856, 1853, 1331, 5517, 1370, 1370, 5517, 526, 1853, 1852, 1848, 1852, 1850, 1848, 7171, 8576, 8594, 481, 431, 526, 7154, 7151, 6146, 2584, 6921, 6144, 1883, 1906, 1907, 1883, 1905, 1906, 7170, 7169, 7171, 1905, 1918, 6147, 6913, 6915, 6923, 403, 350, 414, 2062, 2085, 2296, 2062, 2063, 2085, 403, 349, 350, 2063, 2330, 2085, 1505, 1414, 1498, 1413, 1412, 1463, 1412, 1475, 1463, 2063, 2306, 2330, 2306, 4581, 2330, 1412, 1493, 1475, 4566, 4581, 2306, 4566, 4562, 4581, 1487, 1475, 1493, 1493, 1492, 1487, 4560, 4577, 4579, 313, 226, 312, 910, 1007, 997, 962, 1007, 910, 1847, 1842, 1007, 1842, 9411, 1820, 9411, 1823, 1820, 9411, 9441, 1823, 9441, 1835, 1823, 1517, 1496, 1506, 4577, 4548, 4571, 4571, 4548, 4568, 1828, 1840, 1839, 1840, 9442, 1839, 4548, 4557, 4568, 4548, 4550, 4557, 9442, 9504, 1839, 4557, 4595, 4599, 226, 210, 162, 4563, 4595, 4557, 4563, 6001, 4595, 9442, 9490, 9504, 162, 210, 139, 9490, 9502, 4622, 139, 210, 158, 210, 209, 158, 4104, 4583, 4582, 4583, 4597, 4582, 9502, 4619, 4622, 4094, 4583, 4104, 4104, 4103, 4094, 4583, 7184, 4597, 4619, 4618, 4622, 9503, 4617, 4619, 4617, 4618, 4619, 4103, 4087, 4094, 4081, 4085, 4083, 208, 197, 140, 4083, 4182, 4181, 9469, 9493, 9474, 9480, 9475, 9485, 9475, 9487, 9469, 9478, 9480, 9485, 9480, 9483, 9475, 9483, 9487, 9475, 9473, 9477, 9476, 9476, 9477, 9478, 9479, 9480, 9478, 9484, 9468, 1012, 9484, 9473, 9468, 9477, 9479, 9478, 197, 289, 196, 1002, 1012, 906, 1012, 1002, 9484, 9484, 9477, 9473, 2328, 2342, 2341, 2342, 2351, 2341, 4377, 2352, 2351, 1515, 4372, 1510, 4372, 4378, 1510, 4372, 4370, 4378, 4378, 4367, 4368, 4370, 4367, 4378, 7679, 7666, 7661, 7679, 7682, 7666, 7683, 7682, 7697, 5248, 5247, 462, 7697, 7737, 7698, 5247, 5248, 5096, 7737, 7760, 7741, 5011, 5041, 5040, 7758, 7985, 7982, 7932, 7949, 7950, 7932, 7946, 7949, 5029, 4995, 5032, 7873, 7825, 7870, 9968, 9985, 9966, 7880, 7841, 7836, 9984, 9985, 9969, 7841, 7913, 7854, 10032, 7889, 10030, 6167, 2374, 2366, 2112, 2107, 2111, 2104, 2016, 1990, 1987, 1986, 1990, 2004, 1977, 1985, 1986, 1977, 2004, 1304, 1330, 1295, 1255, 1273, 1256, 8617, 1330, 1353, 1270, 1272, 1245, 8614, 8617, 8613, 1274, 1248, 1269, 8608, 8614, 8613, 8604, 8614, 8608, 1278, 1307, 1299, 8596, 8604, 8608, 1881, 1877, 1858, 1877, 1856, 1858, 1856, 1855, 1853, 1853, 1855, 1852, 1883, 1850, 1852, 1852, 1882, 1883, 1882, 1905, 1883, 6909, 6912, 2584, 7169, 8574, 8576, 6913, 6912, 6909, 1882, 1918, 1905, 1882, 2043, 1918, 447, 403, 414, 7164, 8574, 7169, 2241, 2062, 2331, 7164, 7161, 8574, 2063, 2061, 2306, 2061, 2217, 2306, 1412, 1417, 1493, 4567, 4566, 2306, 2217, 4567, 2306, 1415, 1403, 1414, 1403, 1413, 1414, 1417, 1492, 1493, 1492, 1417, 1488, 4567, 4561, 4566, 2217, 4544, 4567, 4561, 4562, 4566, 349, 333, 312, 1505, 1415, 1414, 1417, 1407, 1488, 1488, 1407, 1489, 4561, 4560, 4562, 1407, 1501, 1489, 1501, 1407, 1401, 4545, 4560, 4561, 1506, 1415, 1505, 333, 313, 312, 4545, 4546, 4560, 4546, 4577, 4560, 4577, 4546, 4548, 962, 1847, 1007, 1847, 9412, 1842, 9412, 9411, 1842, 9409, 1835, 9441, 9411, 9409, 9441, 9409, 1840, 1835, 879, 958, 962, 9409, 9417, 1840, 9417, 9429, 1840, 4595, 6001, 4599, 1840, 9429, 9442, 4552, 4557, 4550, 4552, 4563, 4557, 880, 958, 879, 4552, 4564, 4563, 4564, 6001, 4563, 9429, 9428, 9442, 9428, 9490, 9442, 4564, 6003, 6001, 4553, 4564, 4552, 9435, 9490, 9428, 4564, 6004, 6003, 9435, 9443, 9490, 9443, 9502, 9490, 4555, 4593, 4592, 4104, 4582, 4555, 4582, 4593, 4555, 9454, 9502, 9443, 4556, 4103, 4104, 9454, 4619, 9502, 9454, 9503, 4619, 9460, 9503, 9454, 4103, 4102, 4087, 209, 208, 158, 4097, 4081, 4087, 4097, 4085, 4081, 9460, 9500, 9503, 9465, 9500, 9460, 9465, 9474, 9500, 9459, 9474, 9465, 4085, 4159, 4083, 4159, 8531, 4083, 8533, 4182, 4083, 9459, 9469, 9474, 906, 988, 881, 9471, 9475, 9457, 9457, 9469, 9459, 9470, 9485, 9471, 9485, 9475, 9471, 9475, 9469, 9457, 9472, 9478, 9470, 9476, 9478, 9472, 906, 1012, 988, 988, 1012, 9467, 1012, 9468, 9467, 9473, 9476, 9472, 287, 289, 197, 2327, 2328, 2326, 2327, 2360, 2328, 2360, 2342, 2328, 4388, 2351, 2342, 289, 332, 284, 1523, 1515, 1518, 1509, 2351, 4388, 1509, 4377, 2351, 7671, 7656, 7668, 4368, 4377, 1509, 7656, 7658, 7668, 1460, 4368, 1509, 7658, 7659, 7660, 7659, 7661, 7660, 416, 438, 363, 7702, 7697, 7682, 4716, 4717, 4715, 5248, 462, 438, 4718, 4730, 4717, 4718, 4865, 4730, 5060, 5053, 5067, 5053, 5063, 5067, 5042, 5053, 5060, 7760, 7998, 7758, 4864, 4867, 4863, 7998, 7985, 7758, 4864, 4868, 4867, 4868, 4874, 4867, 7985, 7950, 7982, 7934, 7932, 7950, 5024, 5023, 5025, 5025, 5023, 5022, 5015, 5029, 5035, 5032, 4995, 5031, 7946, 7827, 7874, 7826, 7873, 7874, 9929, 9926, 9927, 7826, 7825, 7873, 9961, 9960, 9929, 7869, 7833, 7838, 9966, 9965, 9964, 7834, 7836, 7835, 7911, 7910, 7892, 10032, 10030, 10031, 7889, 7890, 10030, 6165, 2366, 6164, 1929, 1936, 1943, 1943, 1936, 2177, 2177, 2173, 2175, 2175, 2171, 2176, 2112, 2106, 2107, 2106, 2104, 2107, 2016, 1987, 1990, 1281, 1259, 1257, 1320, 1282, 1295, 1295, 1282, 1257, 1977, 1974, 1985, 1283, 1268, 1267, 1284, 1269, 1268, 1985, 1982, 2020, 1982, 1881, 2020, 1300, 1301, 1274, 1301, 1278, 1274, 1341, 1331, 1307, 1877, 1855, 1856, 1341, 5517, 1331, 481, 526, 5517, 1855, 1861, 1852, 1852, 1861, 1882, 1861, 2044, 1882, 447, 414, 481, 1882, 2044, 2043, 8573, 8574, 7161, 2062, 2059, 2061, 1403, 1412, 1413, 349, 402, 333, 1401, 1399, 1504, 4544, 4561, 4567, 2217, 2266, 4544, 1403, 1402, 1412, 1412, 1402, 1417, 1402, 1407, 1417, 1411, 1403, 1415, 4544, 4545, 4561, 4544, 4546, 4545, 1438, 1411, 1415, 4547, 4546, 4544, 2266, 4547, 4544, 2266, 2293, 4547, 1496, 1438, 1415, 4547, 4548, 4546, 1497, 1438, 1496, 2293, 2292, 4547, 2292, 4548, 4547, 6001, 7167, 7160, 1440, 1438, 1497, 2242, 4549, 2292, 4549, 4548, 2292, 4549, 4550, 4548, 313, 267, 226, 962, 9416, 1847, 9416, 9412, 1847, 9416, 9413, 9412, 9412, 9408, 9411, 9408, 9409, 9411, 9410, 9417, 9409, 2242, 4559, 4549, 958, 994, 962, 994, 9416, 962, 9408, 9410, 9409, 9413, 9408, 9412, 9408, 9418, 9410, 9410, 9423, 9417, 267, 266, 226, 880, 994, 958, 9418, 9423, 9410, 9417, 9428, 9429, 4551, 4550, 4549, 4551, 4552, 4550, 266, 210, 226, 9416, 9415, 9413, 9413, 9414, 9408, 9413, 9415, 9414, 9417, 9423, 9428, 9414, 9418, 9408, 4551, 4553, 4552, 9419, 9418, 9414, 9418, 9427, 9423, 9427, 9428, 9423, 9419, 9427, 9418, 9427, 9435, 9428, 4553, 4565, 4564, 4565, 6004, 4564, 9427, 9432, 9435, 4554, 4553, 4551, 4554, 4555, 4553, 4555, 4565, 4553, 4565, 6006, 6004, 9419, 9430, 9427, 9430, 9432, 9427, 9432, 9443, 9435, 266, 209, 210, 4555, 4592, 4565, 4592, 6006, 4565, 4556, 4555, 4554, 6007, 6006, 4592, 9430, 9436, 9432, 9436, 9443, 9432, 4556, 4137, 4103, 9436, 9454, 9443, 4137, 4102, 4103, 4137, 4097, 4102, 9447, 9448, 9436, 9448, 9453, 9436, 9453, 9454, 9436, 9453, 9460, 9454, 9449, 9448, 9447, 4097, 4100, 4085, 9450, 9448, 9449, 9465, 9460, 9453, 4100, 4132, 4085, 9456, 9450, 9449, 9448, 9465, 9453, 881, 983, 890, 9452, 9462, 9456, 9448, 9459, 9465, 4132, 4152, 4085, 9456, 9457, 9450, 9457, 9448, 9450, 8531, 8532, 2370, 4152, 4159, 4085, 9463, 9462, 9452, 9462, 9457, 9456, 9457, 9459, 9448, 9461, 9463, 9452, 208, 287, 197, 9471, 9457, 9462, 988, 9464, 983, 988, 9467, 9464, 9467, 9461, 9464, 9467, 9468, 9461, 9468, 9466, 9461, 9461, 9466, 9463, 9472, 9470, 9463, 9466, 9472, 9463, 9470, 9462, 9463, 9470, 9471, 9462, 9468, 9472, 9466, 2329, 2327, 2319, 287, 325, 289, 1456, 4388, 2360, 4755, 4752, 4751, 4752, 4745, 4751, 4388, 2342, 2360, 4755, 7671, 4752, 325, 332, 289, 4755, 7656, 7671, 1518, 1515, 1461, 1515, 1510, 1461, 1510, 1460, 1461, 7656, 7657, 7658, 7657, 7659, 7658, 7659, 7679, 7661, 7679, 7686, 7682, 7702, 7737, 7697, 5104, 5096, 5248, 7757, 7760, 7737, 5095, 5096, 5073, 5067, 5063, 5073, 5073, 5063, 5095, 4865, 4863, 4866, 5059, 5041, 5060, 5041, 5042, 5060, 5040, 5041, 5058, 5058, 5041, 5059, 5020, 5039, 5044, 5021, 5017, 5047, 5017, 5018, 5047, 7985, 7956, 7950, 4886, 5062, 4895, 7946, 7932, 7827, 7880, 7912, 7841, 10042, 10031, 10043, 7910, 7893, 7892, 10030, 7890, 7965, 6167, 6159, 2374, 6166, 6167, 2366, 6159, 1957, 2374, 6165, 6166, 2366, 1936, 1938, 2177, 1938, 2173, 2177, 2173, 2171, 2175, 2106, 2105, 2104, 2105, 2016, 2104, 1987, 1971, 1986, 1971, 1977, 1986, 1282, 1281, 1257, 1281, 1262, 1259, 1262, 1291, 1263, 1290, 1253, 1254, 1290, 1252, 1253, 1330, 1333, 1320, 1252, 1288, 1255, 1289, 1288, 1252, 1288, 1273, 1255, 8617, 1333, 1330, 1287, 1286, 1270, 1286, 1272, 1270, 1286, 1271, 1272, 1271, 1283, 1267, 1283, 1284, 1268, 1284, 1297, 1269, 1297, 1274, 1269, 1297, 1300, 1274, 1982, 1992, 1881, 1301, 1307, 1278, 1881, 1992, 1877, 8592, 8579, 8596, 1877, 2007, 1855, 8575, 8579, 8576, 6914, 6912, 6913, 447, 446, 403, 2241, 2072, 2062, 446, 402, 403, 403, 402, 349, 2059, 2060, 2061, 2060, 2266, 2217, 2060, 2196, 2266, 1411, 1410, 1403, 1403, 1396, 1402, 1394, 1407, 1402, 1394, 1401, 1407, 1394, 1399, 1401, 2196, 2293, 2266, 1438, 1410, 1411, 1410, 1404, 1403, 1404, 1396, 1403, 1394, 1397, 1399, 1397, 1398, 1399, 329, 313, 333, 1408, 1404, 1410, 2293, 2080, 2292, 2196, 2080, 2293, 1438, 1408, 1410, 2080, 2242, 2292, 329, 267, 313, 2242, 2325, 4559, 4559, 4551, 4549, 2325, 2304, 4559, 994, 9424, 9416, 9424, 9415, 9416, 4559, 4558, 4551, 4558, 4554, 4551, 949, 1014, 994, 1014, 9424, 994, 9424, 9420, 9415, 9420, 9414, 9415, 9420, 9421, 9414, 2304, 4558, 4559, 6004, 6005, 6002, 9421, 9419, 9414, 9421, 9426, 9419, 916, 949, 880, 1014, 9420, 9424, 9420, 9422, 9421, 9426, 9430, 9419, 4558, 4556, 4554, 1014, 9433, 9420, 9433, 9434, 9420, 9434, 9422, 9420, 9422, 9425, 9421, 9425, 9426, 9421, 4558, 4137, 4556, 949, 1016, 1014, 1016, 9433, 1014, 9434, 9425, 9422, 9425, 9431, 9426, 9431, 9430, 9426, 9433, 9440, 9434, 9438, 9425, 9434, 916, 961, 949, 961, 1016, 949, 1016, 9439, 9433, 9439, 9440, 9433, 9440, 9438, 9434, 9438, 9437, 9425, 9425, 9437, 9431, 9431, 9436, 9430, 9445, 9438, 9440, 9447, 9436, 9431, 9439, 9444, 9440, 9444, 9445, 9440, 9445, 9446, 9438, 9446, 9437, 9438, 9455, 9451, 9437, 9451, 9431, 9437, 9451, 9447, 9431, 890, 961, 916, 9446, 9455, 9437, 9451, 9449, 9447, 961, 1009, 1016, 1009, 9439, 1016, 9444, 9446, 9445, 890, 983, 961, 983, 1009, 961, 1009, 9444, 9439, 9452, 9455, 9446, 1009, 9458, 9444, 9444, 9452, 9446, 9452, 9456, 9455, 9455, 9456, 9451, 9456, 9449, 9451, 983, 9464, 1009, 9464, 9458, 1009, 9458, 9461, 9444, 9461, 9452, 9444, 2249, 2321, 2333, 8532, 4159, 4152, 208, 288, 287, 2316, 2317, 2318, 2315, 2317, 2316, 2317, 2319, 2318, 2317, 1459, 2319, 1459, 2329, 2319, 1459, 1511, 2329, 326, 325, 287, 1511, 2327, 2329, 1456, 2360, 1511, 2360, 2327, 1511, 4755, 4751, 4750, 4750, 7651, 4755, 1518, 1451, 1519, 1457, 1509, 1456, 1518, 1450, 1451, 1509, 4388, 1456, 1518, 1461, 1450, 1460, 1457, 1450, 7651, 7656, 4755, 325, 392, 332, 1461, 1460, 1450, 1460, 1509, 1457, 392, 364, 332, 7686, 7702, 7682, 438, 5250, 5248, 7702, 7733, 7737, 7733, 7757, 7737, 4863, 4867, 4866, 5040, 5058, 5045, 5044, 5039, 5045, 5039, 5040, 5045, 5018, 5019, 5046, 5048, 5049, 5021, 4886, 4884, 4874, 7956, 7934, 7950, 5062, 5035, 4895, 5035, 5029, 5038, 5031, 5024, 5051, 9915, 9926, 9916, 7824, 7825, 7826, 9985, 10016, 9965, 7834, 7912, 7880, 7912, 7907, 7913, 9984, 10044, 10045, 9984, 10043, 10044, 10043, 10031, 10027, 10030, 10028, 10031, 6166, 6159, 6167, 9185, 9187, 9186, 2173, 2172, 2171, 2105, 2017, 2016, 2016, 1971, 1987, 1281, 1291, 1262, 1291, 1290, 1263, 1263, 1290, 1254, 1288, 1287, 1273, 1974, 1982, 1985, 1287, 1270, 1273, 8611, 8617, 8614, 1286, 1283, 1271, 1298, 1284, 1283, 1298, 1297, 1284, 8604, 8611, 8614, 1984, 1992, 1982, 1301, 5491, 1307, 8596, 8603, 8604, 5491, 1341, 1307, 8596, 8590, 8603, 8579, 8590, 8596, 5493, 5517, 1341, 2007, 1861, 1855, 5517, 5514, 481, 6919, 6921, 6912, 1861, 2012, 2044, 5514, 447, 481, 6914, 6917, 6912, 2044, 2012, 2043, 2012, 2019, 2043, 6913, 6920, 6914, 6922, 6920, 6913, 7165, 8573, 7159, 2059, 2058, 2060, 389, 333, 402, 2058, 2196, 2060, 1396, 1394, 1402, 389, 329, 333, 1404, 1405, 1396, 1395, 1390, 1396, 1396, 1390, 1394, 1393, 1397, 1394, 1408, 1405, 1404, 1390, 1393, 1394, 1397, 1392, 1398, 1409, 1400, 1405, 1392, 1397, 1393, 1438, 1409, 1408, 1408, 1409, 1405, 2080, 2215, 2242, 1440, 1418, 1438, 1418, 1409, 1438, 2242, 2215, 2325, 2215, 2304, 2325, 2304, 4575, 4558, 1452, 1453, 1507, 4558, 4576, 4137, 305, 209, 266, 7174, 4756, 6005, 4100, 4097, 4137, 4576, 4100, 4137, 209, 305, 208, 4630, 1512, 1516, 305, 288, 208, 4100, 2250, 4132, 4578, 2250, 4100, 4132, 2250, 8530, 2250, 2249, 8530, 8530, 4152, 4132, 2248, 2251, 2315, 2315, 2332, 2317, 2332, 1458, 2317, 288, 326, 287, 1458, 1459, 2317, 1456, 1511, 1459, 4750, 4741, 4749, 7667, 4750, 4749, 1450, 1449, 1446, 7667, 7651, 4750, 1450, 1457, 1449, 7655, 7656, 7651, 7655, 7657, 7656, 7657, 7676, 7659, 7659, 7676, 7679, 7676, 7686, 7679, 5250, 438, 416, 7703, 7702, 7686, 5104, 5248, 5250, 4717, 4730, 4729, 5090, 5096, 5104, 5067, 5073, 5090, 5073, 5096, 5090, 5068, 5044, 5045, 7998, 7967, 7985, 7967, 7956, 7985, 4874, 4884, 4875, 5048, 5021, 5047, 5051, 5025, 5050, 5035, 5038, 4895, 5024, 5025, 5051, 5029, 5032, 5043, 9915, 9916, 9868, 7827, 7824, 7826, 9929, 9960, 9957, 7906, 7910, 7911, 7910, 7954, 7893, 6159, 1954, 1957, 1928, 1936, 1929, 1928, 1932, 1936, 2172, 2112, 2171, 2172, 2179, 2112, 2179, 2106, 2112, 2017, 1971, 2016, 1970, 1973, 1971, 1971, 1973, 1977, 1973, 1974, 1977, 1320, 1294, 1282, 1294, 1281, 1282, 1294, 1293, 1281, 1321, 1294, 1320, 1290, 1289, 1252, 1333, 1321, 1320, 1974, 1975, 1982, 8611, 1333, 8617, 8611, 1336, 1333, 1983, 1984, 1982, 8603, 8611, 8604, 1300, 1327, 1301, 1327, 5480, 1301, 5480, 5491, 1301, 5491, 5481, 1341, 5481, 5493, 1341, 5493, 5484, 5517, 5484, 5514, 5517, 5514, 446, 447, 6920, 6917, 6914, 2299, 2072, 2241, 6922, 6926, 6920, 2072, 2071, 2059, 446, 444, 402, 2071, 2057, 2059, 2057, 2058, 2059, 444, 389, 402, 2058, 2055, 2196, 1405, 1395, 1396, 2055, 2080, 2196, 389, 388, 329, 1400, 1395, 1405, 1390, 1392, 1393, 1390, 1391, 1392, 1383, 1391, 1390, 329, 334, 267, 1434, 1418, 1440, 2213, 2304, 2215, 2213, 2223, 2304, 2304, 2223, 4575, 334, 266, 267, 334, 323, 266, 1507, 1434, 1440, 4576, 4558, 4575, 4575, 2223, 4576, 1507, 1453, 1434, 2223, 2256, 4576, 323, 305, 266, 2256, 2252, 4576, 1512, 1452, 1516, 4578, 4100, 4576, 4576, 2252, 4578, 305, 337, 288, 4578, 2245, 2250, 1512, 1513, 1439, 1513, 1437, 1439, 337, 346, 288, 2250, 2245, 2249, 2249, 2245, 2248, 2245, 2246, 2248, 2246, 2251, 2248, 2315, 1454, 2332, 1513, 1455, 1437, 1455, 1448, 1437, 1454, 1458, 2332, 346, 326, 288, 1443, 1458, 1454, 4811, 4753, 4770, 1443, 1459, 1458, 1455, 1436, 1448, 1456, 1459, 1443, 4753, 7649, 4748, 1436, 1446, 1433, 1456, 1443, 1449, 7667, 4749, 4748, 7649, 7667, 4748, 1449, 1457, 1456, 4741, 4738, 4749, 326, 390, 325, 1451, 1436, 1455, 1451, 1450, 1436, 1450, 1446, 1436, 7649, 7651, 7667, 390, 392, 325, 392, 415, 364, 415, 416, 364, 7690, 7703, 7686, 7733, 7754, 7757, 5090, 5104, 5122, 5077, 5067, 5090, 5060, 5067, 5077, 5076, 5058, 5059, 4866, 4867, 4873, 5068, 5045, 5058, 9841, 9868, 9859, 5043, 5032, 5054, 5031, 5051, 5056, 7935, 7934, 7956, 7933, 7932, 7934, 7825, 7832, 7833, 9963, 10001, 9972, 9963, 9965, 10001, 7912, 7902, 7907, 10027, 10026, 10024, 7965, 7964, 10028, 7963, 7964, 7893, 6166, 1955, 6159, 1955, 1954, 6159, 9374, 6165, 9352, 1938, 1939, 2173, 2179, 2094, 2106, 2094, 2105, 2106, 1969, 1971, 2017, 1973, 1975, 1974, 1292, 1291, 1281, 1293, 1292, 1281, 1289, 1310, 1288, 1975, 1983, 1982, 1310, 1287, 1288, 1286, 1309, 1283, 1309, 1298, 1283, 8611, 8603, 8612, 1984, 1993, 1992, 1297, 1327, 1300, 1993, 2007, 1992, 8590, 8602, 8603, 5480, 5481, 5491, 5481, 5484, 5493, 2007, 2005, 1861, 2005, 2012, 1861, 8579, 8575, 8580, 6917, 6925, 6918, 2012, 2014, 2019, 2019, 2014, 2299, 8572, 8580, 8575, 2054, 2055, 2057, 2055, 2039, 2080, 2039, 2078, 2080, 1400, 1382, 1395, 1385, 1382, 1400, 1382, 1390, 1395, 2080, 2078, 2215, 388, 387, 329, 1409, 1385, 1400, 1382, 1383, 1390, 2078, 2213, 2215, 387, 334, 329, 1418, 1406, 1409, 1406, 1385, 1409, 1383, 1387, 1391, 1434, 1416, 1418, 2213, 2082, 2223, 1418, 1416, 1406, 1383, 1386, 1387, 2082, 2207, 2223, 1453, 1422, 1434, 1434, 1422, 1416, 2223, 2207, 2256, 323, 337, 305, 1452, 1422, 1453, 2256, 2262, 2252, 1452, 1421, 1422, 1452, 1439, 1421, 1512, 1439, 1452, 1439, 1424, 1421, 1439, 1437, 1424, 2252, 2245, 4578, 1437, 1426, 1424, 1441, 1442, 1444, 1442, 1445, 1444, 1437, 1429, 1426, 1431, 1442, 1441, 1454, 1445, 1442, 1437, 1435, 1429, 1437, 1447, 1435, 1448, 1447, 1437, 1433, 1429, 1435, 1432, 1442, 1431, 1433, 1432, 1429, 1432, 1443, 1442, 1443, 1454, 1442, 4770, 4740, 4762, 346, 390, 326, 1447, 1436, 1435, 1448, 1436, 1447, 1436, 1433, 1435, 4753, 4740, 4770, 1433, 1446, 1432, 1449, 1443, 1432, 6013, 6012, 4811, 6008, 6012, 6013, 4811, 7646, 4753, 6012, 7646, 4811, 4753, 4739, 4740, 1446, 1449, 1432, 4753, 7646, 7649, 7649, 7650, 7651, 7650, 7654, 7651, 7654, 7655, 7651, 7655, 7672, 7657, 7672, 7676, 7657, 7672, 7689, 7676, 5250, 416, 415, 5516, 5250, 415, 7703, 7733, 7702, 5128, 5104, 5250, 5127, 5104, 5128, 5122, 5104, 5127, 4729, 4726, 4720, 4730, 4726, 4729, 4730, 4869, 4726, 5076, 5059, 5077, 4866, 4873, 4869, 5068, 5058, 5076, 7757, 7997, 7760, 5086, 5044, 5068, 5046, 5044, 5083, 7760, 7997, 7998, 4875, 4873, 4867, 7997, 7967, 7998, 4884, 4895, 4896, 4895, 5038, 5057, 5038, 5043, 5057, 5043, 5054, 5055, 5032, 5056, 5054, 9926, 9934, 9916, 10001, 10016, 10013, 7902, 7906, 7907, 7908, 7910, 7906, 1955, 1927, 1954, 1932, 1937, 1938, 1937, 1939, 1938, 1939, 2174, 2173, 2174, 2172, 2173, 2094, 2017, 2105, 1291, 1319, 1290, 1319, 1318, 1290, 1318, 1289, 1290, 1311, 1310, 1289, 1336, 1321, 1333, 1315, 1314, 1287, 1287, 1314, 1286, 1983, 1994, 1984, 8612, 1336, 8611, 1314, 1309, 1286, 1994, 1993, 1984, 1326, 1325, 1298, 1298, 1325, 1297, 1325, 1328, 1297, 1328, 1327, 1297, 8586, 8590, 8579, 5475, 5484, 5481, 2006, 2012, 2005, 8579, 8580, 8586, 5483, 5514, 5484, 6918, 6924, 6919, 6925, 6924, 6918, 2013, 2014, 2012, 6920, 6925, 6917, 6926, 6925, 6920, 5510, 446, 5514, 5510, 444, 446, 2049, 2056, 2071, 445, 389, 444, 2071, 2056, 2057, 2056, 2054, 2057, 7165, 8567, 8568, 1391, 9335, 9333, 2078, 2082, 2213, 1374, 1382, 1385, 1373, 1385, 1406, 1373, 1374, 1385, 387, 323, 334, 387, 383, 323, 1416, 1373, 1406, 1374, 1376, 1382, 1376, 1383, 1382, 1376, 1386, 1383, 1376, 1388, 1386, 1416, 1380, 1373, 1373, 1375, 1374, 1375, 1376, 1374, 1388, 1423, 1386, 1422, 1380, 1416, 1380, 1375, 1373, 1376, 1379, 1388, 2088, 2221, 2207, 1420, 1380, 1422, 2207, 2221, 2256, 1375, 1377, 1376, 1388, 1389, 1423, 1421, 1420, 1422, 1419, 1375, 1380, 1377, 1379, 1376, 323, 383, 337, 1420, 1419, 1380, 1377, 1384, 1379, 1384, 1388, 1379, 2221, 2262, 2256, 1421, 1419, 1420, 1419, 1381, 1375, 1384, 1389, 1388, 1377, 1430, 1384, 1421, 1424, 1419, 1419, 1425, 1381, 1378, 1428, 1377, 1384, 1444, 1389, 1430, 1444, 1384, 1444, 1462, 1389, 2262, 2222, 2252, 1424, 1425, 1419, 1427, 1378, 1381, 1428, 1430, 1377, 1425, 1427, 1381, 1427, 1428, 1378, 2222, 2243, 2252, 1426, 1425, 1424, 1426, 1427, 1425, 1430, 1441, 1444, 1431, 1428, 1427, 1431, 1441, 1428, 1428, 1441, 1430, 337, 382, 346, 1429, 1427, 1426, 382, 391, 346, 1429, 1431, 1427, 1429, 1432, 1431, 2245, 2244, 2246, 2243, 2244, 2245, 2244, 2247, 2246, 391, 390, 346, 7647, 7649, 7646, 7647, 7650, 7649, 390, 417, 392, 7654, 7672, 7655, 7689, 7690, 7676, 7676, 7690, 7686, 7704, 7703, 7690, 7734, 7733, 7703, 7733, 7750, 7754, 5090, 5122, 5102, 5101, 5090, 5102, 5077, 5090, 5101, 7754, 7761, 7757, 5052, 5046, 5083, 5044, 5086, 5083, 5049, 5048, 5085, 4895, 5057, 4896, 5057, 5043, 5055, 9916, 9934, 9917, 9926, 9936, 9934, 7825, 7831, 7832, 7831, 7899, 7832, 10001, 9999, 9972, 7899, 7901, 7900, 7901, 7902, 7900, 7905, 7906, 7902, 10023, 10024, 10019, 10028, 7964, 7962, 6166, 1927, 1955, 6169, 1927, 6166, 6165, 9387, 6166, 2017, 1988, 1969, 9239, 9245, 9238, 1968, 1970, 1969, 1972, 1973, 1970, 1981, 1983, 1975, 1292, 1319, 1291, 1318, 1311, 1289, 1336, 1335, 1321, 1311, 1312, 1310, 1312, 1313, 1310, 1313, 1287, 1310, 8612, 5507, 1336, 1313, 1315, 1287, 1316, 1314, 1315, 1314, 1317, 1309, 1316, 1317, 1314, 1317, 1298, 1309, 1317, 1326, 1298, 8612, 8602, 5507, 5474, 1327, 1328, 5474, 5480, 1327, 5475, 5481, 5480, 5510, 5514, 5483, 6926, 6924, 6925, 5510, 5509, 444, 5509, 445, 444, 8571, 8577, 8572, 2056, 2038, 2054, 2054, 2039, 2055, 2039, 2051, 2078, 2051, 2082, 2078, 2082, 2051, 2207, 2051, 2088, 2207, 1375, 1378, 1377, 1381, 1378, 1375, 2221, 2222, 2262, 384, 337, 383, 1462, 6090, 6092, 384, 382, 337, 2244, 2253, 2247, 6012, 7647, 7646, 6048, 6008, 6045, 421, 417, 390, 7652, 7654, 7650, 417, 415, 392, 7691, 7690, 7689, 5516, 5512, 5250, 5512, 5128, 5250, 7734, 7750, 7733, 7750, 7755, 7754, 5100, 5077, 5101, 5086, 5068, 5088, 4873, 4877, 4869, 5047, 5052, 5081, 7757, 7984, 7997, 4873, 4884, 4882, 5051, 5050, 5078, 5054, 5071, 5070, 5054, 5056, 5071, 5056, 5051, 5071, 7828, 7820, 7824, 7822, 7831, 7825, 7925, 7901, 7899, 7905, 7908, 7906, 7944, 7954, 7908, 10028, 10029, 10026, 10028, 7962, 10029, 9387, 1951, 6169, 9374, 9387, 6165, 2174, 2179, 2172, 2094, 1988, 2017, 1988, 1966, 1969, 1969, 1966, 1968, 1972, 1975, 1973, 1294, 1324, 1293, 1324, 1292, 1293, 1335, 1294, 1321, 1318, 1322, 1311, 1336, 5507, 1335, 1993, 1996, 2007, 1996, 2005, 2007, 8590, 8601, 8602, 5474, 5464, 5480, 5464, 5475, 5480, 5442, 5484, 5475, 5442, 5483, 5484, 2013, 2015, 2014, 2022, 2015, 2013, 2015, 2049, 2014, 9378, 6924, 9359, 8572, 8582, 8581, 445, 440, 389, 8568, 8570, 8571, 440, 388, 389, 2209, 2221, 2088, 6092, 6096, 1423, 4764, 4765, 4767, 2209, 2222, 2221, 2209, 2210, 2222, 2210, 2243, 2222, 4758, 4766, 4765, 2244, 2254, 2253, 391, 421, 390, 451, 421, 391, 6009, 6012, 6008, 6012, 7648, 7647, 7648, 7650, 7647, 7648, 7652, 7650, 5516, 415, 417, 4728, 4733, 4732, 7704, 7734, 7703, 5126, 5127, 5128, 5102, 5122, 5126, 4726, 4798, 4727, 4726, 4871, 4798, 4726, 4869, 4871, 7755, 7761, 7754, 5076, 5100, 5088, 4869, 4877, 4871, 5083, 5086, 5084, 7984, 7955, 7997, 7955, 7967, 7997, 5051, 5078, 5071, 5057, 5055, 5069, 9957, 9973, 9962, 10014, 10008, 10013, 7903, 7904, 7902, 7905, 7909, 7908, 1951, 1927, 6169, 1930, 1931, 1925, 9372, 9387, 9374, 1937, 2174, 1939, 1937, 1940, 2174, 2174, 2180, 2179, 2180, 2094, 2179, 2180, 2081, 2094, 2081, 1988, 2094, 1976, 1981, 1975, 1981, 1997, 1983, 1997, 1994, 1983, 1335, 1329, 1294, 1319, 1323, 1318, 1322, 1312, 1311, 1994, 1995, 1993, 8602, 5505, 5507, 1316, 5466, 1317, 1317, 5476, 1326, 5476, 1325, 1326, 1996, 2000, 2005, 1325, 5463, 1328, 2000, 2006, 2005, 5463, 5474, 1328, 5463, 5464, 5474, 5441, 5442, 5464, 5442, 5475, 5464, 2006, 2013, 2012, 8586, 8581, 8595, 5442, 5425, 5483, 5482, 5510, 5483, 2015, 2034, 2049, 8577, 8583, 8582, 5509, 5508, 445, 2038, 2039, 2054, 440, 387, 388, 440, 439, 387, 2039, 2048, 2051, 439, 383, 387, 439, 435, 383, 435, 384, 383, 2210, 2235, 2243, 2235, 2255, 2244, 382, 451, 391, 2244, 2255, 2254, 2254, 2312, 2253, 6009, 7648, 6012, 4733, 4736, 4735, 7652, 2302, 7654, 2302, 7672, 7654, 7672, 7692, 7689, 4728, 4734, 4733, 7692, 7691, 7689, 7691, 7704, 7690, 7692, 7704, 7691, 5452, 5128, 5459, 4727, 4744, 4725, 5126, 5128, 5452, 5101, 5102, 5125, 5125, 5102, 5126, 5123, 5101, 5124, 5100, 5101, 5123, 5089, 5088, 5120, 5120, 5088, 5100, 5084, 5086, 5089, 9834, 9833, 9823, 5079, 5085, 5081, 4882, 4897, 4883, 5078, 5050, 5087, 5057, 5069, 5072, 9872, 9846, 9860, 7955, 7829, 7967, 9872, 9917, 9918, 7933, 7823, 7828, 7807, 7831, 7821, 7831, 7925, 7899, 7914, 7909, 7905, 10025, 10026, 10034, 7909, 7944, 7908, 10026, 10029, 7944, 9372, 9391, 9387, 1931, 1933, 1937, 9222, 9241, 9251, 2081, 1989, 1988, 1989, 1966, 1988, 1966, 1967, 1968, 1997, 1995, 1994, 1294, 1329, 1324, 1324, 1323, 1292, 1292, 1323, 1319, 1323, 1322, 1318, 1995, 1996, 1993, 5507, 5504, 1335, 5504, 1329, 1335, 1313, 5485, 1315, 5486, 1316, 1315, 5486, 5471, 1316, 5471, 5466, 1316, 5466, 5476, 1317, 8601, 5505, 8602, 5476, 5465, 1325, 5465, 5463, 1325, 5463, 5437, 5464, 8586, 8595, 8601, 5437, 5441, 5464, 2010, 2013, 2006, 2010, 2022, 2013, 5425, 5482, 5483, 5444, 5510, 5482, 5444, 5509, 5510, 8584, 8583, 8577, 440, 445, 5508, 2032, 2039, 2038, 8570, 8578, 8584, 2033, 2048, 2039, 2048, 2076, 2051, 2076, 2088, 2051, 2088, 2199, 2209, 4765, 4769, 4767, 2209, 2199, 2210, 472, 384, 435, 384, 472, 382, 472, 473, 382, 473, 451, 382, 4742, 4736, 4768, 7670, 2302, 7652, 5515, 5516, 417, 5459, 5512, 5516, 5125, 5126, 5452, 7704, 7738, 7734, 4744, 4727, 4798, 4798, 4871, 4876, 5121, 5100, 5123, 5120, 5100, 5121, 4877, 4881, 4871, 5050, 5085, 5087, 5085, 5079, 5087, 4897, 5103, 4883, 4897, 5072, 5103, 5070, 5071, 5091, 5071, 5078, 5091, 9872, 9918, 9846, 7830, 7811, 7933, 7811, 7823, 7933, 7811, 7820, 7823, 9973, 9997, 9962, 7925, 7903, 7901, 7903, 7915, 7904, 7915, 7914, 7904, 10033, 10025, 10039, 10026, 7945, 10034, 10026, 7944, 7945, 9241, 9308, 9251, 2174, 1940, 2180, 1940, 2081, 2180, 5485, 1313, 1312, 5485, 5486, 1315, 5505, 5504, 5507, 5503, 5504, 5505, 5486, 5473, 5471, 5503, 5505, 8601, 5466, 5465, 5476, 8601, 5499, 5503, 8595, 5499, 8601, 5435, 5426, 5463, 5426, 5437, 5463, 5441, 5425, 5442, 5340, 5425, 5441, 8581, 8591, 8595, 2022, 2023, 2015, 5425, 5444, 5482, 2023, 2034, 2015, 5444, 5508, 5509, 2034, 2032, 2038, 2032, 2033, 2039, 8578, 8587, 8584, 5492, 439, 440, 5508, 5492, 440, 5492, 5511, 439, 5511, 435, 439, 4766, 4771, 4769, 4766, 4768, 4771, 2255, 2282, 2273, 4736, 4774, 4768, 2282, 6084, 2273, 2282, 6080, 6084, 451, 5513, 421, 6014, 7566, 6011, 7564, 7566, 6014, 6011, 7648, 6009, 7566, 7648, 6011, 5513, 417, 421, 5513, 5515, 417, 7648, 7653, 7652, 7566, 7653, 7648, 7653, 7670, 7652, 4733, 4779, 4736, 4733, 4780, 4779, 4733, 4734, 4780, 2302, 7692, 7672, 5458, 5516, 5515, 4734, 4791, 4780, 5459, 5516, 5458, 5125, 5452, 5451, 5124, 5125, 5451, 7738, 7750, 7734, 5082, 5084, 5109, 5084, 5089, 5109, 7970, 7761, 7755, 4877, 4883, 4881, 7983, 7984, 7761, 5103, 5072, 5094, 5091, 5078, 5092, 5078, 5087, 5092, 5072, 5069, 5094, 5094, 5069, 5098, 5098, 5069, 5093, 5069, 5070, 5093, 5070, 5091, 5093, 7819, 7811, 7830, 9935, 9934, 9937, 7811, 7812, 7820, 10008, 10007, 9998, 10025, 10034, 10035, 7914, 7916, 7909, 7916, 7945, 7909, 9387, 9391, 1951, 9383, 9308, 9241, 1941, 1949, 1940, 1940, 1949, 2081, 1949, 2075, 2081, 2075, 1989, 2081, 1964, 1966, 1989, 1966, 1962, 1967, 1967, 1972, 1968, 1976, 1980, 1981, 1980, 1997, 1981, 1997, 2002, 1995, 1995, 1998, 1996, 5477, 1324, 1329, 1324, 5479, 1323, 5478, 5479, 1324, 5470, 5469, 1322, 5504, 5477, 1329, 5477, 5478, 1324, 5469, 1312, 1322, 5469, 5468, 1312, 5468, 5485, 1312, 5503, 5501, 5504, 5428, 5466, 5471, 2000, 2009, 2006, 2006, 2009, 2010, 5499, 5501, 5503, 5434, 5435, 5465, 5435, 5463, 5465, 8591, 5497, 8595, 5426, 5340, 5437, 5340, 5441, 5437, 2010, 2024, 2022, 2024, 2023, 2022, 2023, 2032, 2034, 5443, 5508, 5444, 8578, 8585, 8587, 4775, 4773, 8585, 2076, 2089, 2088, 472, 435, 5511, 2257, 2255, 2235, 5494, 5513, 451, 2282, 7764, 6073, 6073, 7564, 6014, 7564, 7662, 7566, 7662, 7653, 7566, 5513, 5462, 5515, 7653, 2303, 7670, 2303, 2302, 7670, 5458, 5515, 5462, 4780, 4791, 4792, 5416, 5459, 5458, 5452, 5459, 5416, 5447, 5124, 5451, 4798, 4796, 4791, 4798, 4799, 4796, 5124, 5447, 5448, 5121, 5123, 5448, 5123, 5124, 5448, 4798, 4876, 4799, 5089, 5120, 5109, 4876, 4871, 4885, 5118, 5079, 5080, 4881, 4883, 4891, 5087, 5079, 5118, 7970, 7983, 7761, 4883, 4900, 4891, 5103, 4900, 4883, 7801, 7819, 7829, 7811, 7790, 7812, 7926, 7925, 7817, 7926, 7903, 7925, 9391, 1930, 1951, 1935, 1930, 9391, 1942, 1945, 1944, 1947, 1948, 1949, 1948, 1950, 1949, 2229, 2075, 1949, 1967, 1978, 1972, 1978, 1976, 1972, 9284, 9288, 9295, 2002, 2003, 1995, 1999, 1998, 1995, 5479, 1322, 1323, 5479, 5470, 1322, 5472, 5485, 5468, 5502, 5477, 5504, 5472, 5473, 5485, 5473, 5486, 5485, 5501, 5502, 5504, 2000, 2008, 2009, 5473, 5428, 5471, 5428, 5429, 5466, 5429, 5434, 5466, 5466, 5434, 5465, 5499, 5498, 5501, 5498, 5500, 5501, 5342, 5426, 5435, 5341, 5340, 5426, 8583, 8589, 8591, 5344, 5444, 5425, 5344, 5443, 5444, 2032, 2031, 2033, 5492, 5508, 5443, 2031, 2047, 2033, 8585, 8600, 8587, 2047, 2064, 2048, 4789, 8600, 8585, 2064, 2076, 2048, 2089, 2200, 2199, 2200, 2210, 2199, 5490, 472, 5511, 4771, 4776, 4773, 2210, 2219, 2235, 5490, 473, 472, 5495, 473, 5490, 2219, 2257, 2235, 5494, 473, 5495, 5494, 451, 473, 2255, 2263, 2282, 2263, 2281, 2282, 2282, 2281, 7764, 5461, 5513, 5494, 7764, 7565, 6073, 2281, 7565, 7764, 7565, 7564, 6073, 7565, 2288, 7564, 2288, 7662, 7564, 7662, 7678, 7653, 4780, 4785, 4779, 7653, 7678, 2303, 5461, 5462, 5513, 2303, 2287, 2302, 2287, 2298, 2302, 2302, 2298, 7692, 4791, 4796, 4792, 5447, 5451, 5413, 5451, 5452, 5413, 7701, 7705, 7692, 7705, 7704, 7692, 5450, 5121, 5449, 5121, 5448, 5449, 5109, 5120, 5460, 7738, 7756, 7750, 4876, 4885, 4799, 5108, 5082, 5109, 5105, 5082, 5108, 5118, 5080, 5105, 7750, 7756, 7755, 4885, 4881, 4891, 7756, 7970, 7755, 5092, 5087, 5117, 5117, 5087, 5118, 5093, 5115, 5113, 4900, 5103, 4905, 5103, 5094, 4905, 4905, 5098, 5119, 5093, 5091, 5115, 5094, 5098, 4905, 5119, 5098, 5113, 5098, 5093, 5113, 7983, 7815, 7984, 7984, 7815, 7955, 9846, 9918, 9919, 9940, 9962, 9958, 7812, 7789, 7821, 7926, 7937, 7903, 10007, 10033, 10021, 10034, 7945, 7918, 9391, 1960, 1935, 1960, 1942, 1935, 9390, 1960, 9391, 1945, 1959, 1946, 9383, 9389, 9390, 1946, 1948, 1947, 9383, 2229, 9389, 9364, 2229, 9383, 1948, 1958, 1950, 9364, 1965, 2229, 1965, 2075, 2229, 9247, 1965, 9364, 2075, 1965, 1964, 1965, 1961, 1964, 1964, 1961, 1962, 1962, 1979, 1967, 1979, 1978, 1967, 1978, 1980, 1976, 1978, 1991, 1980, 1991, 2065, 1980, 2065, 2002, 1980, 9295, 9299, 9347, 9288, 9299, 9295, 5470, 5433, 5469, 1998, 2001, 2000, 2001, 2008, 2000, 9296, 9298, 9290, 5430, 5472, 5468, 5431, 5473, 5472, 5501, 5500, 5502, 5431, 5427, 5473, 5427, 5428, 5473, 2009, 2037, 2010, 5332, 5434, 5429, 5423, 5435, 5434, 2037, 2024, 2010, 5332, 5423, 5434, 5423, 5342, 5435, 5497, 5498, 5499, 5342, 5341, 5426, 8591, 8597, 5497, 2025, 2032, 2023, 5340, 5344, 5425, 8583, 8588, 8589, 8584, 8588, 8583, 2025, 2031, 2032, 8584, 8587, 8588, 5414, 5492, 5443, 5467, 5492, 5414, 2064, 2077, 2076, 2077, 2089, 2076, 5489, 5492, 5467, 5489, 5511, 5492, 6098, 6128, 6097, 5490, 5511, 5489, 4771, 4777, 4776, 4772, 4777, 4771, 2219, 2258, 2257, 4772, 4778, 4777, 2258, 2259, 2257, 2257, 2259, 2255, 2259, 2263, 2255, 4774, 4778, 4772, 4779, 4778, 4774, 2281, 2288, 7565, 2288, 7678, 7662, 5462, 5461, 5419, 5458, 5462, 5419, 4792, 4785, 4780, 5398, 5458, 5419, 5416, 5458, 5398, 5413, 5416, 5398, 6046, 6052, 6049, 2298, 7701, 7692, 5407, 5447, 5408, 5447, 5413, 5408, 5449, 5448, 5407, 5448, 5447, 5407, 7705, 7739, 7704, 7704, 7739, 7738, 4799, 4801, 4796, 7739, 7756, 7738, 4799, 4885, 4801, 5107, 5105, 5108, 4891, 4900, 4905, 5115, 5092, 5110, 9846, 9919, 9847, 7818, 7801, 7829, 9919, 9918, 9938, 7819, 7798, 7811, 9940, 9958, 9939, 7781, 7789, 7812, 10007, 10021, 10020, 7937, 7919, 7903, 7919, 7917, 7915, 10033, 10039, 10021, 10034, 7918, 10035, 1959, 1945, 1960, 9390, 1958, 1959, 9389, 1958, 9390, 1958, 1946, 1959, 1958, 1948, 1946, 1961, 1963, 1962, 1963, 1979, 1962, 9347, 9371, 9252, 9363, 9347, 9299, 5479, 5436, 5470, 5502, 5439, 5477, 5439, 5438, 5477, 5478, 5438, 5479, 5438, 5436, 5479, 5433, 5432, 5469, 5432, 5468, 5469, 5432, 5430, 5468, 5500, 5506, 5502, 5502, 5506, 5439, 5430, 5431, 5472, 5498, 5496, 5500, 5496, 5506, 5500, 5428, 5332, 5429, 5498, 5497, 5496, 5334, 5329, 5423, 5423, 5329, 5342, 5329, 5333, 5342, 8589, 8599, 8597, 5342, 5335, 5341, 5333, 5335, 5342, 2024, 2025, 2023, 5335, 5340, 5341, 5335, 5321, 5340, 5321, 5344, 5340, 5343, 5414, 5344, 5414, 5443, 5344, 4789, 4790, 8600, 5446, 5467, 5414, 4789, 4788, 4790, 5446, 5489, 5467, 4773, 4788, 4789, 4773, 4781, 4788, 4773, 4776, 4781, 5457, 5489, 5446, 5457, 5490, 5489, 2210, 2200, 2219, 5400, 5490, 5457, 5400, 5495, 5490, 5400, 5494, 5495, 5401, 5494, 5400, 5401, 5461, 5494, 2263, 2265, 2281, 4779, 4785, 4778, 5419, 5461, 5401, 2265, 2288, 2281, 7678, 2287, 2303, 2288, 2287, 7678, 5377, 5413, 5398, 4796, 4797, 4792, 5450, 5449, 5406, 5449, 5407, 5406, 5460, 5450, 5456, 5456, 5108, 5460, 5108, 5109, 5460, 5107, 5108, 5455, 4885, 4891, 4898, 5106, 5105, 5107, 5112, 5118, 5106, 5118, 5105, 5106, 4891, 4904, 4898, 5092, 5117, 5110, 5117, 5118, 5112, 4891, 4905, 4904, 7756, 8005, 7970, 4905, 5116, 4904, 4905, 5119, 5116, 5119, 5113, 5116, 5116, 5113, 5114, 7783, 7807, 7778, 7807, 7808, 7817, 7817, 7808, 7926, 10021, 10040, 10020, 7919, 7930, 7917, 10035, 7917, 10039, 2091, 1991, 2090, 2065, 2097, 2073, 2003, 2086, 1999, 2070, 2001, 1999, 5436, 5433, 5470, 2008, 2011, 2009, 5440, 5439, 5506, 2009, 2035, 2037, 5327, 5428, 5427, 2035, 2024, 2037, 5428, 5331, 5332, 5497, 5488, 5496, 8597, 5488, 5497, 5334, 5423, 5332, 8589, 8598, 8599, 8588, 8598, 8589, 5333, 5320, 5335, 5308, 5320, 5333, 5320, 5321, 5335, 8587, 8598, 8588, 8587, 8600, 8598, 5304, 5321, 5320, 5304, 5306, 5321, 5306, 5344, 5321, 5306, 5343, 5344, 5338, 5414, 5343, 2040, 2064, 2047, 5338, 5343, 5306, 5306, 5300, 5338, 5387, 5414, 5338, 5387, 5446, 5414, 5378, 5446, 5387, 5378, 5457, 5446, 4777, 4781, 4776, 5400, 5457, 5378, 2220, 2219, 2200, 2220, 2258, 2219, 4778, 4783, 4777, 5361, 5386, 5401, 2259, 2264, 2263, 2264, 2265, 2263, 5384, 5398, 5386, 5398, 5401, 5386, 2265, 2278, 2288, 5377, 5398, 5384, 4792, 4794, 4785, 5407, 5408, 5376, 5408, 5377, 5376, 4792, 4797, 4794, 2294, 7701, 2298, 5450, 5406, 5410, 5456, 5450, 5410, 2294, 7705, 7701, 4796, 4801, 4797, 5409, 5455, 5456, 5455, 5108, 5456, 4801, 4898, 4899, 4885, 4898, 4801, 7739, 7753, 7756, 7753, 8002, 7756, 4898, 4904, 4906, 5110, 5112, 5111, 8002, 8005, 7756, 7970, 7815, 7983, 7801, 7795, 7798, 9937, 9959, 9938, 9937, 9941, 9959, 9937, 9939, 9941, 9939, 9958, 9941, 7782, 7780, 7781, 9996, 10020, 10022, 7930, 7919, 7931, 10039, 7917, 7930, 1963, 2091, 1979, 2091, 2090, 1979, 2091, 2092, 1991, 2092, 2097, 1991, 9300, 9381, 9363, 2086, 2070, 1999, 2070, 2074, 2001, 2074, 2011, 2001, 5421, 5436, 5438, 5438, 5422, 5421, 5421, 5418, 5436, 5436, 5418, 5433, 5418, 5424, 5433, 5424, 5432, 5433, 5422, 5438, 5439, 5440, 5422, 5439, 2042, 2035, 2009, 5326, 5431, 5430, 5328, 5326, 5430, 5496, 5336, 5506, 5326, 5427, 5431, 5326, 5327, 5427, 5487, 5336, 5496, 5327, 5331, 5428, 2035, 2026, 2024, 2026, 2025, 2024, 5330, 5334, 5332, 8599, 5488, 8597, 5330, 5332, 5331, 5330, 5329, 5334, 5308, 5333, 5329, 5303, 5320, 5308, 8600, 4805, 8598, 5303, 5304, 5320, 2040, 2069, 2064, 5299, 5304, 5303, 5304, 5299, 5306, 5299, 5300, 5306, 2069, 2077, 2064, 5298, 5300, 5299, 5296, 5337, 5300, 5337, 5338, 5300, 5337, 5387, 5338, 2093, 2089, 2077, 5378, 5387, 5337, 2093, 2200, 2089, 5296, 5339, 5337, 5339, 5378, 5337, 5361, 5378, 5339, 5361, 5400, 5378, 4777, 4783, 4782, 5359, 5386, 5361, 5373, 5384, 5359, 5384, 5386, 5359, 4778, 4784, 4783, 4778, 4785, 4784, 5376, 5377, 5373, 5377, 5384, 5373, 2264, 2278, 2265, 5406, 5407, 5375, 5375, 5407, 5376, 5405, 5406, 5375, 2287, 2279, 2298, 5405, 5383, 5410, 5410, 5406, 5405, 5409, 5456, 5410, 2294, 7736, 7705, 5395, 5455, 5409, 4801, 4899, 4797, 5454, 5455, 5395, 5107, 5454, 5106, 4898, 4906, 4899, 5453, 5111, 5454, 5111, 5112, 5454, 5112, 5106, 5454, 5116, 5114, 5415, 5114, 5110, 5111, 7799, 7970, 8005, 7799, 7815, 7970, 7799, 7796, 7815, 9938, 9978, 9919, 9941, 9958, 9993, 7780, 7779, 7781, 7776, 7778, 7779, 9995, 10046, 10047, 7936, 7939, 7809, 10020, 7936, 10022, 9371, 2092, 2091, 9363, 9381, 9377, 5418, 5323, 5424, 5424, 5325, 5432, 5328, 5430, 5432, 5325, 5328, 5432, 5326, 5314, 5327, 5314, 5315, 5327, 5315, 5305, 5327, 5305, 5331, 5327, 8599, 4810, 5488, 5488, 4810, 5487, 5305, 5330, 5331, 5305, 5309, 5330, 5309, 5307, 5330, 5307, 5329, 5330, 8598, 4810, 8599, 5307, 5308, 5329, 2025, 2028, 2031, 2028, 2040, 2031, 4805, 4810, 8598, 5294, 5308, 5307, 5294, 5303, 5308, 5294, 5299, 5303, 8600, 4795, 4805, 5291, 5299, 5294, 8600, 4790, 4795, 5291, 5298, 5299, 2069, 2095, 2077, 5292, 5298, 5291, 5292, 5296, 5298, 5296, 5300, 5298, 5295, 5296, 5292, 5295, 5297, 5296, 5297, 5339, 5296, 2093, 2201, 2200, 5297, 5361, 5339, 2201, 2220, 2200, 4777, 4782, 4781, 5295, 5359, 5297, 5359, 5361, 5297, 5360, 5359, 5295, 5360, 5372, 5359, 5359, 5372, 5373, 5360, 5375, 5372, 5375, 5376, 5372, 4784, 4785, 4793, 5374, 5375, 5362, 4794, 4793, 4785, 5405, 5375, 5374, 2278, 2279, 2287, 5383, 5405, 5374, 5409, 5410, 5383, 4794, 4797, 4800, 4797, 4903, 4800, 4797, 4899, 4903, 4899, 4907, 4903, 5454, 5394, 5453, 5454, 5395, 5394, 4899, 4908, 4907, 7736, 7753, 7705, 7705, 7753, 7739, 4899, 4906, 4908, 4908, 5116, 5415, 5415, 5114, 5420, 5420, 5111, 5453, 4906, 4904, 4908, 4904, 5116, 4908, 8004, 8005, 8002, 7800, 7799, 8005, 7796, 7795, 7801, 7795, 7785, 7798, 7785, 7784, 7786, 9993, 10015, 9941, 9993, 10047, 10015, 7776, 7775, 7777, 10022, 8008, 10046, 7783, 7936, 7809, 10022, 7783, 8008, 10022, 7936, 7783, 7936, 7938, 7939, 2224, 2097, 9377, 2086, 2225, 2226, 9351, 9382, 9381, 2226, 2228, 2074, 9298, 9358, 9351, 9310, 9358, 9298, 5324, 5421, 5422, 5421, 5322, 5418, 2042, 2026, 2035, 5336, 5422, 5440, 5324, 5322, 5421, 5322, 5323, 5418, 5325, 5424, 5323, 2042, 2067, 2026, 5336, 5324, 5422, 5319, 5336, 5487, 5325, 5313, 5328, 2026, 2027, 2025, 4810, 5319, 5487, 5313, 5326, 5328, 2027, 2028, 2025, 5313, 5314, 5326, 5314, 5312, 5315, 5312, 5305, 5315, 5282, 5309, 5305, 4805, 4806, 4810, 5282, 5293, 5309, 5309, 5293, 5307, 5293, 5294, 5307, 2041, 2069, 2040, 5289, 5290, 5293, 5290, 5294, 5293, 5290, 5291, 5294, 5287, 5291, 5290, 2077, 2095, 2093, 4790, 4788, 4795, 5287, 5292, 5291, 5288, 5292, 5287, 4781, 4787, 4788, 5292, 5288, 5295, 4781, 4786, 4787, 4782, 4786, 4781, 5301, 5295, 5288, 5360, 5295, 5301, 5362, 5360, 5301, 2260, 2259, 2258, 5367, 5374, 5351, 4793, 4800, 4784, 5383, 5374, 5367, 4794, 4800, 4793, 2277, 2279, 2278, 5396, 5382, 5393, 5385, 5396, 5383, 5396, 5409, 5383, 5393, 5395, 5396, 5392, 5394, 5393, 2279, 2286, 2294, 5394, 5395, 5393, 4903, 4907, 4911, 5399, 5394, 5392, 2286, 7751, 2294, 5399, 5453, 5394, 7751, 7736, 2294, 4907, 4908, 4909, 4908, 5415, 4909, 4909, 5415, 5402, 5415, 5404, 5402, 5420, 5453, 5403, 5403, 5453, 5399, 5415, 5420, 5404, 9959, 9941, 10017, 7774, 7775, 7771, 10046, 7775, 10047, 7775, 8008, 7777, 10046, 8008, 7775, 2225, 2227, 2226, 9381, 2227, 2225, 2227, 2228, 2226, 3928, 2098, 2011, 9310, 9350, 9358, 9313, 9361, 9311, 2098, 2067, 2042, 5318, 5324, 5336, 5324, 5317, 5322, 5318, 5317, 5324, 5311, 5325, 5323, 2066, 2027, 2026, 5319, 5318, 5336, 5322, 5316, 5323, 5316, 5311, 5323, 5311, 5313, 5325, 4810, 5445, 5319, 5313, 5284, 5312, 5312, 5314, 5313, 2028, 2030, 2040, 5283, 5305, 5312, 4810, 5417, 5445, 5284, 5283, 5312, 5283, 5282, 5305, 4806, 5417, 4810, 5282, 5289, 5293, 4795, 4803, 4805, 4805, 4803, 4806, 5281, 5289, 5282, 5287, 5290, 5289, 5279, 5287, 5289, 4788, 4787, 4795, 4795, 4787, 4803, 5286, 5287, 5279, 5286, 5288, 5287, 5286, 5301, 5288, 5285, 5301, 5286, 5362, 5285, 5351, 2220, 2260, 2258, 4783, 4802, 4786, 5285, 5362, 5301, 2260, 2264, 2259, 4784, 4802, 4783, 5352, 5366, 5367, 4800, 4807, 4802, 5365, 5382, 5366, 5385, 5383, 5366, 5366, 5383, 5367, 5382, 5385, 5366, 5381, 5393, 5382, 4800, 4903, 4807, 4903, 4911, 4807, 2277, 2285, 2279, 5380, 5392, 5393, 2285, 2286, 2279, 4911, 4907, 4909, 4909, 5402, 5391, 5402, 5404, 5390, 5390, 5404, 5388, 5403, 5399, 5389, 5389, 5399, 5392, 2285, 7751, 2286, 5404, 5403, 5388, 5404, 5420, 5403, 8003, 7736, 7751, 8003, 8001, 7753, 8001, 8000, 8002, 9933, 10012, 9871, 9933, 9978, 10012, 9978, 10011, 10012, 9959, 10017, 10011, 7788, 8052, 7773, 10015, 10051, 10017, 10015, 7772, 10051, 10015, 10047, 7772, 10047, 7774, 7772, 9382, 2228, 2227, 2228, 3928, 3932, 3927, 3922, 2067, 2067, 3920, 2066, 5317, 5316, 5322, 2068, 2027, 2066, 5319, 5310, 5318, 5318, 5302, 5317, 5445, 5310, 5319, 5310, 5302, 5318, 5263, 5316, 5317, 5317, 5264, 5263, 5316, 5261, 5311, 5268, 5313, 5311, 5268, 5284, 5313, 5267, 5302, 5310, 5261, 5268, 5311, 5417, 5310, 5445, 2030, 2041, 2040, 5273, 5310, 5417, 5280, 5282, 5283, 5268, 5280, 5284, 5280, 5283, 5284, 2041, 2045, 2069, 5268, 5256, 5280, 4803, 4809, 4806, 4806, 4809, 5417, 5280, 5277, 5282, 5277, 5281, 5282, 2045, 2095, 2069, 5276, 5277, 5280, 5279, 5289, 5281, 5277, 5279, 5281, 2095, 2096, 2093, 5275, 5277, 5276, 4787, 4809, 4803, 5277, 5278, 5279, 2096, 2201, 2093, 5275, 5278, 5277, 5278, 5285, 5279, 4787, 4808, 4809, 5285, 5286, 5279, 4786, 4804, 4787, 4804, 4808, 4787, 5278, 5351, 5285, 5275, 5352, 5278, 5349, 5352, 5275, 5351, 5278, 5352, 4802, 5397, 4804, 4802, 5412, 5397, 5365, 5352, 5349, 5352, 5367, 5351, 5350, 5365, 5349, 5365, 5366, 5352, 5364, 5365, 5350, 2274, 2277, 2264, 4802, 4807, 5412, 4807, 5411, 5412, 5363, 5380, 5364, 5380, 5381, 5364, 5381, 5365, 5364, 4807, 4911, 5411, 4911, 5379, 5411, 5380, 5393, 5381, 5379, 5391, 5371, 5390, 5368, 5370, 5388, 5369, 5368, 5369, 5389, 5380, 2289, 2285, 2277, 5371, 5390, 5370, 5388, 5368, 5390, 5388, 5389, 5369, 5389, 5392, 5380, 5391, 5390, 5371, 4911, 4909, 5379, 4909, 5391, 5379, 5402, 5390, 5391, 7986, 7981, 7987, 9828, 9873, 9829, 7981, 7980, 7978, 7980, 7979, 7978, 9835, 10048, 9873, 9835, 9874, 10048, 7976, 7975, 7961, 9874, 10049, 10048, 9871, 10049, 9874, 10012, 10049, 9871, 7804, 7813, 7803, 10011, 10050, 10012, 7994, 7793, 7806, 10011, 10017, 10050, 7810, 7791, 7792, 10017, 7816, 10050, 7816, 7788, 7787, 10051, 7816, 10017, 10051, 8052, 7816, 8052, 7772, 7773, 10051, 7772, 8052, 9382, 3928, 2228, 3934, 3928, 9382, 9358, 9350, 3934, 9350, 9361, 9386, 3934, 3929, 3927, 3929, 3922, 3927, 9313, 9376, 9361, 2029, 2028, 2027, 5263, 5262, 5316, 2028, 2029, 2030, 5267, 5264, 5302, 5302, 5264, 5317, 5262, 5261, 5316, 2030, 2036, 2041, 5273, 5267, 5310, 5267, 5265, 5264, 5265, 5259, 5264, 5259, 5263, 5264, 5252, 5268, 5261, 5265, 5266, 5259, 5262, 5258, 5261, 5258, 5255, 5261, 4809, 5272, 5417, 5417, 5272, 5273, 5273, 5272, 5267, 5259, 5262, 5263, 5259, 5258, 5262, 5255, 5252, 5261, 5252, 5256, 5268, 2045, 2084, 2095, 5269, 5265, 5267, 5265, 5269, 5266, 5256, 5276, 5280, 5272, 5269, 5267, 2084, 2096, 2095, 5253, 5274, 5256, 5274, 5276, 5256, 5271, 5269, 5272, 5252, 5253, 5256, 5251, 5253, 5252, 5274, 5275, 5276, 4809, 4808, 5272, 4808, 5271, 5272, 2096, 2212, 2201, 2201, 2212, 2220, 4808, 5345, 5271, 5350, 5274, 5253, 5349, 5275, 5274, 2212, 2260, 2220, 5251, 5353, 5253, 4804, 5397, 4808, 5397, 5345, 4808, 5353, 5350, 5253, 5350, 5349, 5274, 6111, 6109, 6101, 5397, 5357, 5345, 5357, 5347, 5345, 5353, 5364, 5350, 5357, 5356, 5347, 5358, 5363, 5353, 2274, 2264, 2260, 5356, 5355, 5347, 5363, 5364, 5353, 5412, 5357, 5397, 5354, 5358, 5348, 2274, 2295, 2277, 5357, 5371, 5356, 5356, 5370, 5355, 5370, 5354, 5355, 5411, 5357, 5412, 5371, 5370, 5356, 5370, 5368, 5354, 5354, 5368, 5358, 5358, 5368, 5369, 5358, 5369, 5363, 5369, 5380, 5363, 2295, 2289, 2277, 5411, 5379, 5357, 5379, 5371, 5357, 6107, 6125, 6108, 6107, 6124, 6125, 9829, 9873, 6135, 8017, 9815, 7986, 7986, 7980, 7981, 7977, 7975, 7976, 10048, 10049, 10057, 7975, 7972, 7961, 10049, 7972, 10057, 7972, 7814, 7961, 10012, 10056, 10049, 10012, 7993, 10056, 10012, 10050, 7993, 7813, 7993, 7805, 7805, 7994, 7806, 7993, 7994, 7805, 10050, 7994, 7993, 7994, 7810, 7793, 10050, 7816, 7994, 7994, 7816, 7810, 7810, 7816, 7791, 7816, 8052, 7788, 9386, 3929, 3934, 9376, 9386, 9361, 9316, 9337, 9313, 2068, 2029, 2027, 2029, 2036, 2030, 2036, 2045, 2041, 2036, 2046, 2045, 5270, 5266, 5269, 5259, 5257, 5258, 5257, 5255, 5258, 5257, 5254, 5255, 5271, 5270, 5269, 5270, 5259, 5266, 5260, 5257, 5259, 5254, 5252, 5255, 5252, 5254, 5251, 5270, 5260, 5259, 5257, 5348, 5254, 5254, 5353, 5251, 5271, 5345, 5270, 5345, 5347, 5270, 5348, 5353, 5254, 5346, 5260, 5270, 5347, 5346, 5270, 5346, 5257, 5260, 5346, 5348, 5257, 5358, 5353, 5348, 5347, 5355, 5346, 5355, 5354, 5346, 5346, 5354, 5348, 2297, 2295, 2274, 6124, 6135, 10060, 8030, 8049, 8028, 8048, 8049, 8030, 10072, 8019, 8032, 6135, 10058, 10059, 9873, 10058, 6135, 10058, 9815, 8017, 9873, 9815, 10058, 10048, 7980, 9815, 9815, 7980, 7986, 7980, 10057, 7979, 10057, 7977, 7979, 10057, 7975, 7977, 10057, 7972, 7975, 7972, 7813, 7814, 10056, 7813, 7972, 10056, 7993, 7813, 9401, 3930, 3929, 9386, 9401, 3929, 9376, 9401, 9386, 3930, 3936, 3923, 9376, 9400, 9401, 9373, 9400, 9376, 3917, 2099, 2029, 2050, 2046, 2036, 2046, 2052, 2045, 6116, 9325, 9323, 2096, 2211, 2212, 2212, 2211, 2260, 2211, 2261, 2260, 2261, 2274, 2260, 2261, 2297, 2274, 8023, 8022, 2297, 8025, 8021, 8022, 6125, 6131, 6108, 6125, 10061, 6131, 6125, 10060, 10061, 10059, 10064, 10060, 8055, 8050, 8047, 10059, 8019, 10072, 10058, 8019, 10059, 9401, 9405, 3930, 9405, 3936, 3930, 9400, 9405, 9401, 9404, 9405, 9400, 3936, 3956, 3916, 3956, 3931, 3916, 9373, 9404, 9400, 9373, 9395, 9404, 9337, 9395, 9373, 2052, 2096, 2084, 8024, 2297, 2261, 8024, 8023, 2297, 6108, 6131, 6110, 8033, 8035, 8025, 8034, 8036, 8035, 8036, 9744, 8038, 8038, 8041, 8040, 10060, 10062, 10061, 8041, 8057, 8045, 10060, 10064, 10062, 8057, 8046, 8045, 10064, 10065, 10062, 10064, 10059, 10065, 10075, 8050, 8055, 10065, 8054, 10075, 8054, 8050, 10075, 10059, 10072, 10065, 10072, 8054, 10065, 9405, 3956, 3936, 3931, 3956, 9405, 9404, 3931, 9405, 3931, 3911, 3913, 9337, 9394, 9395, 3915, 3918, 3917, 2050, 2053, 2046, 2053, 2216, 2052, 6115, 6114, 6116, 2216, 2211, 2052, 2216, 2276, 2211, 2276, 2261, 2211, 6112, 6109, 6114, 2261, 2276, 8024, 8037, 8034, 8031, 8037, 9745, 8034, 6131, 6134, 6110, 9745, 9746, 8034, 8034, 9746, 8036, 6131, 10063, 6134, 6131, 10062, 10063, 10063, 10062, 9746, 9746, 9744, 8036, 9747, 9744, 9746, 10062, 9747, 9746, 9747, 9743, 9744, 9743, 8038, 9744, 10062, 10068, 9747, 10068, 9743, 9747, 9743, 8041, 8038, 9743, 8057, 8041, 10068, 8057, 9743, 10062, 10065, 10068, 10068, 10073, 8057, 10073, 8046, 8057, 10065, 10073, 10068, 10073, 8055, 8046, 10075, 8055, 10073, 10065, 10075, 10073, 9404, 3955, 3931, 3955, 3911, 3931, 9402, 3955, 9404, 9395, 9402, 9404, 9394, 9402, 9395, 9331, 9370, 9338, 3926, 2216, 2100, 2216, 3938, 2276, 3949, 8043, 8042, 6110, 6134, 6118, 8043, 8053, 8042, 8529, 9745, 8037, 10063, 10066, 6134, 10066, 9746, 9745, 10063, 9746, 10066, 9402, 3951, 3955, 3951, 3954, 3955, 3954, 3951, 3914, 9338, 9394, 9337, 3952, 3953, 3915, 9370, 9394, 9338, 9331, 9334, 9370, 6119, 9334, 6123, 3941, 3944, 3947, 6126, 6118, 6133, 6118, 6136, 6133, 3944, 3948, 3947, 3946, 3950, 3948, 3946, 9748, 3950, 6118, 10067, 6136, 6134, 10067, 6118, 3950, 8529, 8043, 6134, 10066, 10067, 10066, 10071, 10067, 8043, 8529, 8053, 10066, 9745, 10071, 10071, 9745, 8529, 9402, 3952, 3951, 3953, 3952, 9402, 9394, 3953, 9402, 9394, 9403, 3953, 9394, 9370, 9403, 3919, 3953, 3924, 3953, 9403, 3924, 9334, 9399, 9370, 9403, 3937, 3924, 9403, 9718, 3937, 9334, 6132, 9399, 3937, 9718, 3942, 9718, 9719, 3942, 9719, 3945, 3942, 3945, 3957, 3946, 9722, 3957, 3945, 6136, 10069, 6133, 6136, 10067, 10069, 3957, 9748, 3946, 10071, 9748, 10067, 9748, 8529, 3950, 10071, 8529, 9748, 9399, 9403, 9370, 9399, 9406, 9403, 9406, 9718, 9403, 9720, 9718, 9406, 6132, 10074, 9399, 9721, 9718, 9720, 9721, 9719, 9718, 6133, 10074, 6132, 6133, 10069, 10074, 9719, 9722, 3945, 9721, 9722, 9719, 9722, 10070, 3957, 10069, 10067, 10070, 10070, 9748, 3957, 10067, 9748, 10070, 10074, 9720, 9406, 10074, 9721, 9720, 10069, 9721, 10074, 10069, 10070, 9721, 9721, 10070, 9722]
    point3f[] points = [(0.07727841, 0.3182825, 0.31882077), (0.053347252, 0.3229694, 0.31581253), (0.06649346, 0.32042107, 0.31784275), (0.29110536, 0.014831984, 0.25186583), (0.2865974, 0.016901128, 0.25006458), (0.2905557, 0.016062438, 0.255561), (-0.046342272, 0.0006572811, -0.49941754), (-0.005240503, 0.0077312915, -0.49951226), (-0.06503161, 0.042346776, -0.49934775), (0.04354724, -0.11983629, -0.4991454), (0.051236693, -0.06048595, -0.4994625), (-0.021785855, -0.07237533, -0.4992658), (0.040824473, -0.015927913, -0.4995227), (0.076614164, 0.04766711, -0.49940062), (0.10437421, -0.018722365, -0.49935567), (0.10723497, -0.109168954, -0.49930447), (0.13149893, -0.060424976, -0.49933413), (0.20362344, -0.10557546, -0.49925485), (0.1852395, -0.041681547, -0.49916613), (0.17542952, 0.01364093, -0.49911857), (0.13817877, 0.047207426, -0.49920157), (0.23947275, 0.024292266, -0.49887258), (0.20565851, 0.056749415, -0.49893543), (0.25573555, -0.029045764, -0.49876848), (0.27155468, 0.041082967, -0.49903476), (0.26139432, 0.08577218, -0.49888974), (0.25856075, -0.07672883, -0.49914542), (0.27423635, -0.031822655, -0.4990329), (0.2991447, 0.045289773, -0.49989766), (0.28985676, 0.07270558, -0.49963418), (0.27893153, 0.09700511, -0.49949056), (0.27029675, 0.123736694, -0.49942577), (0.30293977, 0.025531117, -0.49986228), (-0.06492093, -0.05835729, -0.4991703), (-0.07353181, -0.012632195, -0.49918884), (-0.10719065, 0.0019393632, -0.49911562), (-0.06539853, 0.08334982, -0.4993582), (-0.109261796, 0.1005914, -0.49924234), (-0.13366756, 0.03587249, -0.49900144), (-0.14344266, 0.092544265, -0.4989835), (-0.18056312, 0.04083586, -0.49866202), (-0.18463592, 0.11504923, -0.49883187), (-0.20536359, 0.038862806, -0.4984521), (-0.22072698, 0.0947943, -0.49858764), (-0.22010039, 0.029649992, -0.49843624), (-0.2632786, 0.015573487, -0.49870712), (-0.24736568, 0.10959561, -0.49915105), (-0.2900828, 0.0904172, -0.4997958), (-0.27579832, 0.1328085, -0.4999074), (-0.25937486, 0.16614309, -0.49992982), (-0.24264166, 0.18300705, -0.49983385), (-0.29931834, 0.05625764, -0.49986967), (-0.29484537, -0.01792969, -0.49954125), (-0.2629163, -0.03663419, -0.4987667), (-0.26016158, -0.07368624, -0.49913323), (-0.193016, 0.16222622, -0.49924797), (-0.22228675, 0.2034675, -0.4997737), (-0.20318778, 0.22155513, -0.49973762), (-0.14960788, 0.23222174, -0.4996032), (-0.17183301, 0.25130773, -0.49992514), (-0.13479683, 0.2760011, -0.499919), (-0.059238765, 0.26502964, -0.49957857), (-0.09621416, 0.28662187, -0.5), (-0.0677961, 0.2937538, -0.4999469), (-0.048587307, 0.3000185, -0.49982762), (0.046570458, 0.2538342, -0.4994781), (0.057347305, 0.29253903, -0.49992374), (0.0027047119, 0.3021317, -0.49986127), (0.08048335, 0.28494328, -0.49979484), (0.117478505, 0.25914976, -0.4995127), (0.12227433, 0.2681596, -0.49972707), (0.15362595, 0.23280321, -0.49958596), (0.15583518, 0.24921265, -0.49980065), (0.18367039, 0.22237137, -0.49968252), (0.13941869, 0.2135979, -0.49949265), (0.162986, 0.17342114, -0.4993107), (0.10546894, 0.18840574, -0.4992133), (0.11814647, 0.10819461, -0.49922144), (0.067561746, 0.1444149, -0.4992258), (0.052117027, 0.19931814, -0.49924156), (-0.072543584, 0.15157981, -0.499224), (0.01749992, 0.22819982, -0.49930674), (-0.056651548, 0.19958767, -0.49926236), (-0.1365692, 0.18285626, -0.49934974), (-0.06867783, 0.231935, -0.49939707), (-0.02715942, 0.12850258, -0.49930832), (0.016962647, 0.06356993, -0.4994719), (0.18090834, 0.118177265, -0.49906135), (0.21228918, 0.17743991, -0.49923286), (0.2106609, 0.20060694, -0.49942577), (0.24623904, 0.16434047, -0.49948734), (0.23909345, 0.13929178, -0.49917537), (0.2586107, 0.14896882, -0.4995231), (-0.21993299, -0.031994984, -0.49838203), (-0.20241337, -0.10704525, -0.4987321), (-0.1934349, -0.066374026, -0.4985532), (-0.16269459, -0.13340221, -0.49880126), (-0.14387071, -0.05292331, -0.4988676), (-0.17328188, -0.033638075, -0.4986955), (-0.14169993, -0.1295802, -0.49869668), (-0.11649379, -0.10465962, -0.49882826), (-0.12409309, -0.1788508, -0.49859503), (-0.074968375, -0.1783315, -0.49840155), (-0.09051814, -0.108695865, -0.49886787), (-0.029040163, -0.1477057, -0.49883857), (0.002378323, -0.18261363, -0.4985071), (0.0745355, -0.20193247, -0.49870571), (0.11424548, -0.18674523, -0.49908888), (0.14442949, -0.13106945, -0.49925408), (0.1882586, -0.19123411, -0.4995511), (0.22826761, -0.14291525, -0.499384), (0.20764083, -0.20632343, -0.49994105), (0.23772162, -0.17308058, -0.49985468), (0.25721547, -0.14808144, -0.49979502), (0.26561406, -0.12737279, -0.4997366), (0.28234074, -0.06145716, -0.4995147), (0.28148955, -0.09413983, -0.49982503), (0.29228282, -0.07407068, -0.4998246), (0.3019327, -0.041024897, -0.49980757), (0.18180437, -0.23228727, -0.49979025), (0.16333468, -0.24889827, -0.49974298), (0.114558496, -0.22829218, -0.49904162), (0.13649581, -0.26317966, -0.49962252), (0.08159847, -0.25942042, -0.4990373), (0.043393098, -0.21080326, -0.49827367), (0.014352068, -0.25558835, -0.49850333), (-0.017814038, -0.21442783, -0.4981829), (-0.08356472, -0.21853298, -0.4982942), (-0.06016876, -0.2693113, -0.4988773), (-0.1163051, -0.28328004, -0.49970445), (-0.14083448, -0.2694722, -0.4995758), (-0.13831045, -0.21940708, -0.4989461), (-0.18689977, -0.22736035, -0.49937284), (-0.19580875, -0.16655414, -0.49906003), (-0.23812567, -0.18720888, -0.4994346), (-0.24553901, -0.12634775, -0.4992955), (-0.2721656, -0.14317381, -0.4996379), (-0.28756723, -0.10565963, -0.4996748), (-0.2978791, -0.070223376, -0.49974534), (-0.3050788, -0.04144357, -0.4996579), (-0.30323488, 0.046882372, -0.49977824), (-0.22727802, -0.08878341, -0.4987448), (-0.17081212, -0.25763673, -0.4994846), (-0.20332576, -0.22147053, -0.49922577), (-0.08257412, -0.29631466, -0.499752), (0.005537261, -0.29946405, -0.49967363), (0.016571369, -0.27292356, -0.49888718), (0.085261725, -0.2856498, -0.49964723), (-0.04823928, -0.30408758, -0.4998805), (0.06158472, -0.2960402, -0.4996702), (-0.25946444, -0.17061205, -0.4993902), (0.30476058, -0.012339872, -0.49976334), (0.041193467, 0.2987992, -0.49977362), (0.031677168, -0.30233878, -0.49990943), (0.27533123, -0.11751211, -0.49947885), (-0.25017393, -0.19564167, -0.49823487), (-0.22455655, -0.22276731, -0.4978049), (-0.20193487, -0.23812595, -0.4982588), (-0.30868897, 0.011737865, -0.49927914), (-0.15503035, -0.27796227, -0.498032), (-0.2753168, -0.16261077, -0.4981452), (-0.29393598, -0.12106045, -0.49818814), (-0.30712044, -0.07896872, -0.49823204), (0.12221414, -0.281588, -0.4982049), (0.15630811, -0.26476863, -0.49827623), (-0.19650999, 0.24384466, -0.49824864), (-0.10265032, -0.29880694, -0.49849138), (0.22454125, -0.20565848, -0.4983489), (0.27627978, -0.15385744, -0.49661312), (-0.24153043, 0.19776358, -0.4984868), (0.18566269, -0.24626584, -0.4980092), (0.22580346, -0.2228513, -0.4962816), (0.2505498, -0.17772551, -0.49796033), (0.24428432, -0.20065829, -0.49634907), (0.26230294, -0.177335, -0.4962995), (-0.17639984, -0.26212323, -0.49840307), (-0.21372819, -0.24666968, -0.49609572), (-0.23658413, -0.22649318, -0.49608302), (0.29556337, -0.11196499, -0.49664614), (0.28832117, -0.13208489, -0.49631587), (-0.27552092, -0.18010212, -0.49648482), (0.010643007, -0.31266788, -0.49832168), (-0.28743473, -0.15862632, -0.496647), (-0.23043883, 0.22571485, -0.49627945), (0.18380277, 0.25562167, -0.49607262), (0.23359698, 0.18921754, -0.49810687), (0.24486263, 0.19619675, -0.49613613), (0.23478417, 0.20977166, -0.49590418), (0.2648067, 0.17031528, -0.4961695), (0.20593762, 0.23619734, -0.49608758), (0.20783173, 0.21266444, -0.49826202), (-0.09053865, 0.2953083, -0.4987267), (-0.1155969, 0.29929966, -0.49668172), (0.04563642, -0.30906275, -0.4982837), (-0.27009866, 0.16765216, -0.4982417), (-0.2835534, 0.13836227, -0.49839863), (-0.30487323, 0.10833567, -0.4965968), (-0.31609565, 0.06606229, -0.496648), (0.096147, -0.3043189, -0.49627402), (0.13042602, -0.29029578, -0.49629107), (0.160624, -0.2761134, -0.49608564), (0.1563021, 0.27372453, -0.49618915), (0.12988453, 0.2865077, -0.4962137), (-0.25699034, 0.19951066, -0.4963753), (0.19291075, -0.25373623, -0.49620962), (-0.30129507, -0.12554884, -0.4966874), (-0.25934258, -0.2016073, -0.49631137), (-0.12865044, -0.3001539, -0.49636582), (-0.32336128, 0.031096442, -0.49642944), (-0.32323706, -0.005808474, -0.49663436), (-0.31933984, -0.051241715, -0.49685782), (-0.17801088, 0.27132314, -0.49645284), (-0.20046602, 0.25467947, -0.49619228), (-0.15864983, 0.28401205, -0.49629942), (-0.1474079, 0.29020044, -0.49606603), (-0.16544245, -0.2833783, -0.49621192), (-0.18000434, -0.27429804, -0.4961943), (-0.2899985, 0.1515551, -0.49631366), (0.29117745, 0.12300142, -0.49586803), (0.29916173, 0.103530996, -0.49560666), (0.28025952, 0.1470765, -0.4959086), (0.3069134, -0.08613133, -0.4964988), (0.30729234, 0.07764625, -0.49612665), (-0.2776298, 0.17379452, -0.49631804), (0.08637312, 0.30320108, -0.49604973), (0.043939434, -0.31962943, -0.49608994), (-0.31472993, -0.08227671, -0.49659365), (-0.085120894, -0.3159768, -0.49593338), (0.32084113, 0.005792774, -0.49621418), (0.31533265, -0.05911947, -0.49610612), (0.31673053, 0.04206896, -0.49625328), (0.31947273, -0.03351555, -0.4961355), (-0.050071057, -0.32096472, -0.4961272), (0.0010463125, -0.32223025, -0.49621812), (-0.043760937, 0.31719938, -0.49585178), (-0.0025504362, 0.31741947, -0.49623471), (-0.09243369, 0.30791873, -0.4956453), (0.038024675, 0.31678182, -0.49541494), (0.10306005, 0.30288383, -0.49458534), (0.06957093, 0.31956515, -0.49238053), (-0.039227955, 0.3291067, -0.49223185), (0.22620627, 0.22552381, -0.49418354), (-0.084066026, 0.3216218, -0.4919763), (-0.0015385135, 0.33037585, -0.49201462), (0.034939602, 0.32734865, -0.49206468), (-0.11091331, 0.31442478, -0.4920552), (-0.13743174, 0.30361208, -0.49281767), (0.070562996, -0.32393047, -0.49234185), (0.21810244, 0.23825535, -0.49285942), (0.20094009, 0.2541488, -0.49264646), (-0.028895982, -0.33461842, -0.49180597), (-0.0034534375, -0.33563513, -0.49165538), (0.12510203, 0.30131602, -0.49218738), (0.1481566, 0.2890915, -0.49260813), (0.28120282, 0.16185397, -0.49295422), (0.16841634, 0.2783483, -0.49255103), (0.18272245, 0.26835167, -0.4926732), (-0.21613339, 0.25541958, -0.4922853), (0.11562258, -0.307924, -0.49259302), (0.15052491, -0.29308102, -0.49236917), (-0.19532192, 0.27292928, -0.4922615), (0.176907, -0.27777705, -0.49237657), (-0.24139993, 0.22980814, -0.4925143), (-0.22703883, 0.2431966, -0.49254644), (-0.26206195, 0.20873255, -0.49268264), (-0.27768993, 0.18950656, -0.4927156), (-0.32847133, -0.043627527, -0.49379912), (-0.3286073, -0.05717092, -0.4928054), (0.31383237, 0.08488144, -0.49298364), (0.300958, 0.12356153, -0.4923486), (0.29219285, 0.14103049, -0.49270654), (0.32106015, 0.058245085, -0.4930599), (-0.19607401, -0.275358, -0.49217704), (-0.21729061, -0.25740248, -0.49222264), (0.2036293, -0.25676107, -0.4927383), (0.25351614, 0.19985066, -0.49278525), (0.2634076, 0.18644881, -0.4931234), (0.27250853, 0.17395425, -0.49301016), (-0.05130507, -0.3320001, -0.492036), (-0.080519654, -0.325855, -0.49249765), (-0.17147318, 0.28770375, -0.4925992), (0.3009385, -0.12482109, -0.49296868), (0.30890745, -0.10267779, -0.49328452), (-0.15046865, 0.29861555, -0.4927053), (-0.30742538, 0.13001366, -0.4929229), (0.2548201, -0.20269932, -0.49270082), (0.037953675, -0.33155233, -0.49179173), (-0.32529095, 0.06550964, -0.49325204), (-0.3304525, 0.04168671, -0.49296823), (-0.31744888, 0.09495678, -0.49321353), (-0.29291323, 0.16492847, -0.4928533), (0.23755443, 0.21896864, -0.4927048), (0.095371805, 0.3114691, -0.49231556), (0.23036924, -0.2307454, -0.49283648), (0.27564302, -0.1720409, -0.49298742), (-0.14721222, -0.3020256, -0.49261054), (-0.24573365, -0.23092641, -0.4922689), (-0.26499614, -0.21086568, -0.49212354), (-0.27891922, -0.19132696, -0.49248594), (0.31855687, -0.07488449, -0.4932062), (-0.12529837, -0.31127405, -0.49259064), (-0.09785728, -0.3238305, -0.49150032), (0.29087082, -0.14512359, -0.49293962), (0.32453707, 0.039298873, -0.49317923), (0.32677066, 0.022353604, -0.4929709), (-0.3328104, -0.00069938146, -0.49260175), (-0.16875893, -0.2920642, -0.49233204), (0.3270972, -0.022949543, -0.49308836), (0.32748318, 0.0010027932, -0.49337855), (-0.2890235, -0.17502475, -0.49260488), (-0.29890445, -0.15486775, -0.49274713), (0.32326937, -0.05579159, -0.4929139), (-0.30843464, -0.12820588, -0.4932514), (-0.32104373, -0.09126606, -0.49281392), (-0.1082083, -0.32627773, -0.48862514), (0.022966275, -0.34003344, -0.48828524), (-0.00044383184, -0.3404341, -0.48915803), (0.049483057, -0.33614147, -0.48837757), (-0.11053687, 0.32109168, -0.48872527), (0.09894796, -0.321643, -0.4885907), (-0.030246675, -0.33961248, -0.48912373), (-0.055187237, -0.33698305, -0.48890465), (0.13199233, -0.30899787, -0.4885533), (-0.33840868, -0.033668157, -0.48869786), (-0.0839521, -0.33263236, -0.48849934), (-0.32727408, 0.093715765, -0.48823535), (-0.3334338, 0.06916787, -0.48835063), (0.0007776247, 0.33569458, -0.4891585), (0.03378739, 0.33399, -0.48817188), (-0.33233446, -0.082355, -0.4878291), (-0.13479619, 0.31047794, -0.4892711), (-0.12568925, -0.31969115, -0.48821718), (-0.31804222, 0.12124886, -0.48834115), (-0.3251442, -0.10671746, -0.48801976), (-0.33735222, -0.052464463, -0.48826686), (-0.1360124, -0.3143781, -0.4883525), (-0.14933877, -0.30857548, -0.48846245), (-0.33912888, 0.0044156224, -0.48888832), (-0.03805333, 0.33434263, -0.48926342), (-0.24802822, -0.2388507, -0.48801744), (-0.19968559, -0.28099826, -0.48829192), (-0.22050518, -0.2640684, -0.48820972), (-0.23501156, -0.24871546, -0.48874202), (0.08930924, 0.32015008, -0.4885893), (0.06309888, 0.32823777, -0.4882148), (-0.084929354, 0.32738188, -0.4885683), (-0.33762124, 0.04461576, -0.48849174), (0.06286276, -0.33198506, -0.4888323), (-0.2687414, -0.21595308, -0.48836142), (-0.31757015, -0.12871222, -0.48797703), (-0.30605763, -0.15490286, -0.48871687), (-0.17332797, -0.29725263, -0.4882249), (0.3039905, -0.13429469, -0.4887784), (0.25142217, -0.21670091, -0.4887287), (-0.23440316, 0.24525774, -0.48841226), (-0.24446693, 0.23884638, -0.4872149), (0.23370442, 0.23373507, -0.48805097), (0.12738287, 0.30669233, -0.48843166), (-0.29556474, -0.17725344, -0.48834667), (-0.28517646, -0.19395685, -0.48829558), (0.28377673, -0.17068769, -0.48897645), (0.26871786, -0.19591972, -0.4879994), (0.21677142, 0.25342673, -0.48633328), (-0.30513424, 0.15522695, -0.48805815), (-0.315518, 0.13590167, -0.4867045), (0.2294407, -0.24333195, -0.48746863), (0.20994279, -0.259497, -0.48865333), (0.1941689, 0.26818922, -0.48825648), (0.17214008, -0.2896298, -0.487303), (0.18968941, -0.27768725, -0.48742926), (0.14835662, 0.29941508, -0.48656973), (-0.21964163, 0.260873, -0.4881213), (0.32089677, -0.094632186, -0.4876176), (-0.26759967, 0.21601194, -0.4867371), (0.2684077, 0.19226827, -0.48819035), (-0.19745861, 0.27771384, -0.48884547), (0.32244447, 0.087957725, -0.48697206), (0.32602122, 0.06952435, -0.48789874), (0.3076964, 0.12848298, -0.48680097), (0.30037516, 0.1446497, -0.4865385), (0.24777903, 0.22142138, -0.48650312), (0.1699092, 0.28900287, -0.48568875), (-0.35281548, 0.024410317, -0.4790115), (-0.3503963, -0.031094046, -0.48067242), (-0.35376206, 0.00095649424, -0.4788605), (-0.2880083, 0.18884, -0.4870048), (-0.29744932, 0.17156224, -0.48789635), (-0.34882504, -0.05313701, -0.480238), (-0.34271547, -0.08162055, -0.4807932), (-0.33802873, -0.10194378, -0.4801436), (-0.3431507, 0.067726225, -0.48192868), (-0.34852007, 0.043245554, -0.48101005), (-0.33758742, 0.096356, -0.4806466), (0.09076457, 0.32876757, -0.48245135), (-0.17082052, -0.3081971, -0.48134235), (-0.17347191, 0.2954955, -0.48701665), (0.2895465, 0.16818571, -0.48539165), (0.24004759, 0.23928094, -0.48194167), (0.3353914, 0.041568585, -0.485135), (0.33849475, -0.02549814, -0.48458704), (0.12022928, -0.3209326, -0.48343816), (-0.15347321, 0.3051418, -0.48735744), (-0.32901305, -0.12682287, -0.48031732), (-0.32094353, -0.14657268, -0.48055696), (0.33071482, 0.09669065, -0.47896388), (-0.24887341, 0.26048428, -0.47263175), (-0.2574495, 0.25296092, -0.47282803), (-0.26434225, 0.23085807, -0.4806139), (0.08869278, -0.33277133, -0.48273733), (0.3150414, 0.13527344, -0.4795998), (0.33279338, -0.06736913, -0.48396057), (-0.2495755, -0.25036424, -0.48058498), (-0.22683354, -0.27296692, -0.47974932), (0.114599295, 0.3217472, -0.48109823), (-0.31226978, -0.16593662, -0.48070064), (-0.33970746, 0.12152859, -0.47276887), (-0.33153966, 0.14366604, -0.472854), (-0.34820783, 0.09751917, -0.47248572), (0.25840282, 0.2229036, -0.47948462), (0.2766752, 0.19768652, -0.4805336), (0.20291062, 0.27116665, -0.48231193), (-0.3551639, 0.06838455, -0.47268283), (0.06734068, 0.33726963, -0.48066488), (-0.036732122, 0.34336182, -0.4823375), (0.18409456, 0.28693572, -0.48079208), (0.33828092, -0.050405607, -0.48208734), (0.31705076, -0.12612812, -0.4816847), (0.34249905, -0.00027398183, -0.4818355), (0.34283036, 0.021467386, -0.48058173), (-0.2731506, -0.22808821, -0.4794605), (0.3373134, 0.0691376, -0.4794187), (-0.30185023, -0.18358722, -0.48157436), (0.13718367, 0.3151848, -0.4791903), (0.036198013, 0.34277856, -0.48098892), (-0.2724651, 0.23719008, -0.472555), (-0.3597523, -0.023735637, -0.47353148), (-0.08106802, 0.3387285, -0.48020002), (0.25217032, -0.22658393, -0.48309436), (-0.31632993, 0.17510356, -0.4731552), (-0.3580419, -0.052316323, -0.47300836), (-0.35393184, -0.08129448, -0.47208422), (-0.28345892, 0.22466579, -0.4726355), (-0.29104856, 0.21383488, -0.4726921), (-0.29103005, -0.20408617, -0.47973147), (-0.3401628, -0.12551536, -0.4722483), (-0.3467898, -0.107128054, -0.47201127), (-0.33362103, -0.14220394, -0.47206002), (-0.32688063, -0.15752493, -0.4721617), (-0.20490088, -0.29002193, -0.47999096), (-0.1914848, -0.29961815, -0.47909775), (-0.23250335, 0.27458823, -0.47297242), (-0.3579635, 0.04793882, -0.47290117), (-0.0009855387, 0.34437785, -0.4821563), (0.21452735, -0.26571676, -0.48252386), (0.29077125, -0.17645116, -0.48182395), (0.30925816, -0.14338812, -0.48191655), (-0.20582356, 0.29508573, -0.47328576), (0.2240008, 0.26084784, -0.47801802), (-0.25649703, -0.25727326, -0.47247145), (-0.27117833, -0.24287707, -0.4721532), (-0.11090272, 0.3293345, -0.48211798), (0.27485254, -0.2050941, -0.479573), (-0.30993894, 0.18619165, -0.4727443), (-0.3014964, 0.19945587, -0.47274572), (0.09455203, 0.33915362, -0.47342843), (0.12029436, 0.32992834, -0.47294065), (-0.21689174, 0.28693864, -0.47277254), (0.037954003, 0.35203272, -0.47280344), (-0.031117022, -0.34819803, -0.4820727), (-0.053608116, -0.34504294, -0.48243755), (-0.0013309466, -0.34826025, -0.48269412), (0.14060839, -0.312226, -0.4829436), (-0.36164948, -0.0006404109, -0.47225434), (-0.36140236, 0.021320514, -0.47173575), (-0.24087647, -0.2718554, -0.4722257), (0.20833535, 0.2809479, -0.4728472), (0.3316969, 0.116929166, -0.4722475), (0.04484036, -0.34443927, -0.48215047), (0.061452094, 0.34773082, -0.4730236), (0.08069124, 0.34286034, -0.47319344), (0.33883318, 0.09658792, -0.47251412), (-0.31802565, -0.1763199, -0.4723586), (0.14210503, 0.32092866, -0.47299027), (0.16456927, 0.3093662, -0.4728246), (0.17721173, 0.30178484, -0.4731436), (0.19400685, 0.29154333, -0.4721725), (-0.1462515, 0.32625493, -0.47333917), (-0.16132319, 0.31907126, -0.47320443), (0.33742535, -0.10393277, -0.4720452), (0.34342638, -0.08874335, -0.4704039), (-0.058802683, 0.35110918, -0.472815), (-0.037206337, 0.35450286, -0.4727133), (-0.07922346, 0.3475702, -0.4729437), (-0.18081388, 0.31004253, -0.47305644), (-0.30178994, -0.20278032, -0.47268507), (0.24974148, -0.24770162, -0.47253132), (0.31620783, 0.15086603, -0.472459), (0.32260847, 0.1384723, -0.4726229), (0.35024217, 0.04421919, -0.47234857), (0.34517214, 0.070294686, -0.47261772), (0.24776639, 0.2452428, -0.47363502), (-0.0012648668, 0.3553615, -0.47264108), (-0.2862262, -0.22425205, -0.47254893), (-0.22788264, -0.28328887, -0.47226414), (-0.20913437, -0.29752415, -0.47256413), (0.2249218, 0.26802498, -0.4721626), (0.12020287, -0.33066636, -0.47561058), (0.23883969, 0.25415772, -0.47311002), (0.35282102, 0.01864635, -0.4720975), (0.35417745, -0.000015681866, -0.47170433), (0.30095053, 0.17793234, -0.4726237), (0.29296088, 0.18975115, -0.47250414), (0.2832134, 0.20353986, -0.47295335), (0.2737453, 0.21600713, -0.47253948), (0.25758955, 0.23530053, -0.47262967), (0.3499023, -0.050489955, -0.47209543), (-0.092586085, -0.33915266, -0.48117948), (0.3532865, -0.023354154, -0.47166425), (-0.090098165, 0.34443945, -0.47339895), (-0.109427236, 0.3394322, -0.47362635), (-0.12549973, 0.3341092, -0.47321266), (0.34753305, -0.07115701, -0.47055575), (0.32912225, -0.13009787, -0.47058585), (0.32317722, -0.14471759, -0.4702452), (0.2580718, -0.23858729, -0.4722963), (0.26918125, -0.2257511, -0.47197422), (-0.31114095, -0.18834768, -0.47238323), (0.30386278, -0.18012935, -0.47015622), (0.31280148, -0.1654783, -0.46975785), (0.283244, -0.20775431, -0.47205538), (0.16496448, -0.31183982, -0.47306558), (0.14409477, -0.3220225, -0.4738004), (0.09172645, -0.34260213, -0.473658), (0.068111666, -0.34907493, -0.4733579), (0.19952448, -0.2913316, -0.4725567), (0.1840632, -0.30275673, -0.47155795), (-0.17704797, -0.3158489, -0.47265765), (-0.19088632, -0.30841506, -0.47254205), (-0.14802565, -0.32921568, -0.47233728), (-0.130623, -0.3339141, -0.4745696), (-0.111867756, -0.33186626, -0.48277235), (-0.07055642, -0.3525014, -0.47311726), (0.04464222, -0.35448357, -0.4732056), (0.022424456, -0.35683316, -0.47357723), (-0.0015844412, -0.3585485, -0.47341824), (-0.032041542, -0.35785255, -0.47324872), (-0.05199631, -0.3560594, -0.4727064), (0.23221575, -0.264859, -0.47209066), (0.22051713, -0.2757591, -0.4719614), (-0.094909795, -0.34698594, -0.4730871), (0.34071937, -0.10401983, -0.4681568), (0.1299474, 0.022346048, 0.4877542), (0.09171045, 0.07269144, 0.48878917), (0.13871959, 0.08661849, 0.48768255), (0.086385004, 0.019166717, 0.48911235), (0.036830716, 0.041536517, 0.49086425), (0.04516224, -0.016993746, 0.49066186), (0.09126269, -0.078955494, 0.48875844), (0.108286954, -0.037099335, 0.48832935), (0.15043274, -0.08452462, 0.48703566), (0.16116455, -0.013874395, 0.48706484), (0.09914004, -0.15336725, 0.48762232), (0.07384962, -0.13839912, 0.48875746), (0.03809738, -0.10148571, 0.4906347), (0.0296442, -0.072451636, 0.4911714), (-0.0067988257, -0.08303255, 0.4927016), (0.007692286, -0.0040832423, 0.4920954), (-0.042009726, -0.008884291, 0.49457297), (-0.04942565, -0.07543831, 0.49482045), (-0.020755911, -0.1220212, 0.49286067), (0.025467422, -0.14067215, 0.4906525), (-0.0044919257, -0.18348272, 0.491131), (0.056557536, -0.17826122, 0.48879814), (0.015868284, -0.2112862, 0.4897564), (-0.021342091, -0.2577819, 0.49027038), (-0.042968247, -0.15806204, 0.4931149), (-0.058173854, -0.19633643, 0.49282083), (-0.07893569, -0.1629128, 0.49426687), (-0.062917195, -0.096053265, 0.49510956), (-0.10120094, -0.123341285, 0.49576068), (-0.14210378, -0.087436326, 0.4977655), (-0.15198813, -0.043831818, 0.49868324), (-0.13830946, -0.028428737, 0.4983323), (-0.080055475, -0.028745998, 0.49611065), (-0.090080254, 0.0069425553, 0.49636772), (-0.06815826, 0.06285337, 0.49519813), (-0.01140628, 0.046062224, 0.4926956), (-0.030573556, 0.09380355, 0.49303994), (-0.0023203257, 0.114085265, 0.49144512), (0.036210533, 0.088080175, 0.4903939), (-0.03803402, 0.14247607, 0.49246398), (-0.012217483, 0.17285275, 0.49100098), (0.022952229, 0.14851967, 0.49002323), (-0.053486962, 0.21222417, 0.49180475), (-0.024093857, 0.22053859, 0.4907098), (-0.008426495, 0.23169053, 0.48997515), (-0.07003027, 0.2653569, 0.49167338), (-0.031860676, 0.27872437, 0.48993996), (-0.09434707, 0.22539221, 0.49263003), (-0.10751717, 0.2429851, 0.49278003), (-0.11711, 0.1949854, 0.49373722), (-0.11465933, 0.15968998, 0.494328), (-0.09099319, 0.1282556, 0.4944399), (-0.15791242, 0.09078938, 0.49716827), (-0.17627575, 0.16086273, 0.49542376), (-0.21700731, 0.12357034, 0.49685553), (-0.20615138, 0.16899647, 0.49570933), (-0.17707428, 0.18227796, 0.49490303), (-0.21020082, 0.19690718, 0.49544075), (-0.20457107, 0.06033267, 0.4986508), (-0.2385107, 0.09548092, 0.4977491), (-0.26937488, 0.12465748, 0.49692315), (-0.24663799, 0.16278426, 0.4958044), (-0.2833828, 0.073809244, 0.49808797), (-0.2714146, 0.060582284, 0.49869832), (-0.2732961, 0.024463011, 0.4994189), (-0.25083795, 0.0021434736, 0.49990544), (-0.20715216, -0.0018411466, 0.49987555), (-0.16449569, 0.19239742, 0.4947895), (-0.14955267, 0.20975225, 0.49452648), (-0.15298328, 0.23089695, 0.49444383), (-0.17245024, 0.23893206, 0.494819), (-0.13230501, 0.2614545, 0.49397936), (-0.14954275, 0.26289147, 0.49419203), (-0.1127023, 0.05514149, 0.49678177), (-0.16162325, 0.04973176, 0.497988), (-0.16498314, 0.0077572474, 0.4987235), (-0.2079246, -0.03674159, 0.49982485), (-0.21309376, -0.07508631, 0.49925885), (-0.14580199, -0.1348837, 0.49653977), (-0.20775081, -0.124581784, 0.49763831), (-0.19579591, -0.15416712, 0.4963575), (-0.19060577, -0.17023921, 0.49585482), (-0.14329542, -0.21499501, 0.49459377), (-0.1927225, -0.23058365, 0.49457783), (-0.21993375, -0.20739116, 0.49501762), (-0.22924553, -0.1896065, 0.49521625), (-0.25150383, -0.1690114, 0.4953835), (-0.15996572, -0.25764072, 0.49416333), (-0.18238857, -0.2565801, 0.49406794), (-0.15597002, -0.27166867, 0.4937129), (-0.13471732, -0.2783756, 0.49351865), (-0.24251345, -0.14799775, 0.4965754), (-0.21184891, -0.13470219, 0.49733248), (-0.12970236, -0.17166245, 0.49528077), (-0.10799683, -0.21168825, 0.49396682), (-0.12558563, -0.24731652, 0.49375662), (-0.08137671, -0.27121088, 0.49217996), (-0.112471804, -0.29050386, 0.49286443), (-0.052818906, -0.2853136, 0.4910241), (-0.06509896, -0.30341518, 0.49135065), (-0.0365477, -0.3027025, 0.49021426), (-0.026606271, -0.28696445, 0.48990238), (0.021757135, -0.2955606, 0.48825362), (0.05590334, -0.22735313, 0.48803934), (0.053640652, -0.25796577, 0.48782012), (0.10917357, -0.26022676, 0.48599353), (0.124633364, -0.1775546, 0.48656046), (0.14308567, -0.19343641, 0.4858605), (0.14449985, -0.24530289, 0.48524454), (0.1739651, -0.212644, 0.4852098), (0.17109609, -0.24880257, 0.48482043), (0.20171946, -0.22504883, 0.48481366), (0.15510866, -0.13357466, 0.48643664), (0.18862002, -0.09392225, 0.48649314), (0.20456824, -0.17659947, 0.4855177), (0.23901232, -0.1188356, 0.4860537), (0.21895264, -0.18955356, 0.4855348), (0.22094445, -0.2067403, 0.48529527), (0.2329974, -0.19255166, 0.4855195), (0.24044219, -0.18083593, 0.48582572), (0.23604043, -0.17129941, 0.48564205), (0.13203767, -0.2716442, 0.4852641), (0.15928134, -0.25695205, 0.48475415), (0.1105883, -0.28280598, 0.4857459), (0.07582677, -0.29162008, 0.48707408), (0.06297827, -0.29856247, 0.48734394), (0.039113253, -0.3067453, 0.4878986), (0.0927058, 0.15269615, 0.48812008), (0.069258794, 0.124052964, 0.48896998), (0.042913787, 0.19523683, 0.4889687), (0.20948666, 0.11621135, 0.4869719), (0.17763548, 0.07160336, 0.48717162), (0.16505897, 0.13743936, 0.48711112), (0.24148436, 0.010415682, 0.48649216), (0.18013448, 0.009041344, 0.48690176), (0.24990158, -0.06984197, 0.48633504), (0.2096082, -0.043048453, 0.48657402), (0.25992295, -0.14946115, 0.48618194), (0.2517933, -0.11309447, 0.48619902), (0.26479444, -0.08814305, 0.48646775), (0.27016428, -0.047860816, 0.48660806), (0.28692532, -0.07481732, 0.48689768), (0.25472263, 0.003296904, 0.48647213), (0.2703781, 0.014993741, 0.4868596), (0.13616778, 0.18700753, 0.48723197), (0.16557625, 0.19129011, 0.48708898), (0.22852875, 0.112276286, 0.48704505), (0.20006746, 0.16985999, 0.4871695), (0.24071507, 0.15217608, 0.48751536), (0.22232226, 0.17722706, 0.48752016), (0.19469976, 0.20224197, 0.48778993), (0.15836212, 0.20114487, 0.48729077), (0.1765252, 0.22333346, 0.48794323), (0.14033554, 0.24656925, 0.4881542), (0.10770642, 0.21817137, 0.48772252), (0.08328008, 0.23711313, 0.48806185), (0.109439865, 0.25750118, 0.4884744), (0.078632705, 0.2543496, 0.48839015), (0.07892854, 0.28040034, 0.48876894), (0.10330668, 0.27602506, 0.48864427), (0.13067004, 0.26145273, 0.48819962), (0.04446607, 0.27861074, 0.48901185), (0.025483899, 0.25649545, 0.48898104), (0.08465363, 0.21864742, 0.4879314), (0.2599719, 0.12276227, 0.48750076), (0.2428238, 0.073825456, 0.48680007), (0.25587368, 0.08213859, 0.4871121), (0.2547278, 0.042143356, 0.48660016), (0.2696618, 0.068221405, 0.4869471), (0.27788308, 0.08883663, 0.48771632), (0.27369714, 0.10076539, 0.4879567), (0.0042111194, 0.29717, 0.48933262), (0.05136782, 0.29239145, 0.48885864), (-0.02771208, 0.30048662, 0.489881), (-0.092468575, 0.284975, 0.49270013), (-0.051711082, 0.29828095, 0.4910344), (-0.08117846, 0.29229525, 0.49226147), (0.27105728, -0.121799804, 0.48673818), (0.27861714, -0.10044607, 0.48699236), (0.2832149, -0.08419371, 0.48696303), (-0.196722, 0.22993128, 0.4949674), (-0.22856292, 0.1993141, 0.49534205), (-0.009052482, -0.3083514, 0.48953676), (-0.11915395, 0.27810252, 0.4934922), (-0.13664, 0.27396587, 0.49365452), (0.2130911, 0.19979435, 0.4875698), (0.16373536, 0.24229722, 0.4878838), (0.25043577, 0.14834364, 0.48736215), (0.2227888, 0.19156113, 0.48722082), (0.23534061, 0.17864972, 0.4871056), (0.18787313, 0.22782864, 0.4875054), (0.20705104, 0.21195173, 0.4873608), (-0.2496736, -0.017239885, 0.5), (-0.27868062, -0.0073260018, 0.49982676), (0.14728814, 0.2580624, 0.48765922), (-0.26146194, -0.0569968, 0.4993221), (-0.29269475, -0.05560761, 0.4989299), (-0.24079664, -0.08272507, 0.49891925), (-0.2729969, -0.08427822, 0.49840048), (-0.25585973, -0.11920557, 0.49757865), (0.097988404, -0.2903588, 0.48608577), (-0.2861132, -0.00043713345, 0.499512), (-0.28905374, 0.03292419, 0.49902093), (0.17302582, 0.24406092, 0.48724368), (-0.03759107, -0.31098175, 0.48984215), (0.2727086, 0.11262445, 0.4874735), (0.26033843, 0.140243, 0.486884), (-0.17799105, 0.25027114, 0.49440423), (-0.16515376, 0.25978884, 0.49398157), (-0.27580506, -0.121075206, 0.49711376), (-0.27161416, -0.14744245, 0.49581864), (-0.21382514, -0.236822, 0.4939886), (-0.23392348, -0.21193723, 0.4945487), (-0.19726686, -0.24958539, 0.49391705), (-0.25168833, -0.19457419, 0.49432904), (-0.28202745, -0.07319128, 0.49835238), (-0.28867704, 0.10082443, 0.49715057), (0.29032612, -0.051907115, 0.48725638), (0.2490899, -0.16722453, 0.48609114), (0.25065872, -0.16180249, 0.48603353), (0.25501814, -0.15855247, 0.4858083), (-0.28546378, -0.11995688, 0.49666938), (-0.035757776, 0.30536532, 0.48993686), (0.015837558, 0.30384022, 0.48861578), (-0.10431093, 0.2918007, 0.49233177), (0.11954417, 0.27516162, 0.4878977), (-0.3041352, 0.0041451487, 0.49872753), (-0.30380115, 0.03403701, 0.4983789), (-0.30518642, -0.043545738, 0.49846506), (-0.30634028, 0.057184655, 0.49758676), (0.28527632, -0.03223515, 0.487565), (0.29349858, -0.024342448, 0.48799816), (0.2888751, 0.007612361, 0.4878544), (0.2896693, 0.03198544, 0.48811007), (0.29463938, 0.003928539, 0.4879785), (0.088146746, 0.28815207, 0.48810145), (0.069332406, 0.29408842, 0.48809633), (0.04686114, 0.2991824, 0.48817784), (-0.25779873, 0.16716556, 0.4952352), (-0.2792733, 0.12811176, 0.49635792), (0.28586558, 0.068295404, 0.48768938), (0.2895395, 0.050876968, 0.4878957), (0.29383874, 0.036865164, 0.48765314), (-0.29816002, -0.07732973, 0.49747682), (-0.26472434, -0.17604479, 0.4944377), (-0.21309143, 0.22677964, 0.49447685), (-0.3019031, 0.07779395, 0.49692014), (0.28364775, 0.08789035, 0.48709905), (0.15529364, 0.25776318, 0.4868682), (0.24864012, 0.16679779, 0.4862923), (-0.12973356, -0.28915235, 0.4925837), (-0.18785226, 0.24814393, 0.49389285), (0.078447916, -0.29965404, 0.48605427), (0.06063572, -0.30515912, 0.4863868), (-0.09158433, -0.30168787, 0.4915798), (-0.10963024, -0.29766375, 0.49164525), (0.12833792, 0.27417243, 0.48691916), (-0.24501468, 0.1958991, 0.49429956), (-0.23178142, 0.21122633, 0.49423116), (-0.069224365, 0.30294606, 0.49066618), (-0.0878376, 0.29878515, 0.49125785), (0.2961591, -0.041390613, 0.48688152), (0.2909422, -0.07037155, 0.4862739), (-0.15102218, -0.28048196, 0.4925488), (-0.17121519, -0.27003583, 0.49273953), (-0.2864061, -0.14183678, 0.49499053), (-0.07279621, -0.305217, 0.49112085), (-0.309616, -0.074807115, 0.4964553), (-0.30005074, -0.11038844, 0.49565905), (-0.2948053, -0.1275021, 0.49495378), (-0.31719851, -0.0023156889, 0.4972244), (-0.3174877, 0.018950751, 0.4969228), (-0.31416655, 0.04785466, 0.49668968), (-0.2770991, -0.15859354, 0.49433124), (-0.30793294, -0.092027016, 0.49546382), (-0.11369221, 0.28990388, 0.4922001), (-0.13299684, 0.2828078, 0.49237293), (0.28012797, -0.105264984, 0.4864418), (-0.29801056, 0.11196701, 0.49537766), (-0.30346286, 0.097426176, 0.49546397), (-0.26575136, 0.16987519, 0.49408647), (-0.2785522, 0.14642745, 0.4947427), (-0.2912884, 0.12903374, 0.49470007), (0.10078102, 0.28702408, 0.48716563), (-0.31347358, -0.05218993, 0.49703795), (-0.3180611, -0.034379296, 0.49659696), (-0.2404522, -0.21063325, 0.4940059), (-0.1487864, 0.2747905, 0.49256375), (0.23223038, 0.19132742, 0.48593268), (0.21448813, 0.21084066, 0.48614967), (0.2986295, -0.0031112288, 0.4871202), (-0.0028489907, -0.3119961, 0.48870674), (0.024566468, -0.3134087, 0.48687518), (0.19894516, 0.22287375, 0.48678103), (0.11629017, -0.2834528, 0.48492253), (0.13110404, -0.27529144, 0.48474193), (0.1461828, -0.26670933, 0.48434353), (-0.31212467, 0.066313885, 0.4959112), (-0.022747496, 0.3087067, 0.48878488), (-0.308646, 0.081946, 0.49527717), (0.18915786, 0.23537937, 0.48584265), (0.24157801, 0.17682597, 0.48606795), (-0.19017711, -0.25899544, 0.49270204), (0.2954589, 0.043339644, 0.4868172), (0.28940412, 0.07292026, 0.48640803), (0.2731351, -0.12426206, 0.4859669), (0.28617325, -0.08940013, 0.4857298), (-0.1850119, 0.25469816, 0.49263397), (-0.15898937, 0.27039686, 0.49230263), (-0.05230213, 0.30851093, 0.48913252), (-0.053984236, -0.31255358, 0.48927143), (-0.32257968, -0.009687693, 0.4957515), (-0.20675169, 0.23795304, 0.49307984), (0.14399545, 0.26927426, 0.4849816), (0.04761857, -0.30989775, 0.48598185), (0.041905396, 0.30599958, 0.48648065), (0.05732054, 0.3025169, 0.4863658), (0.20495398, 0.22278704, 0.485446), (-0.27617416, 0.16124527, 0.4929671), (0.09168402, 0.29202726, 0.4865932), (0.021107797, 0.3084123, 0.4868007), (-0.22481793, 0.22227499, 0.4930364), (-0.20406006, -0.24970877, 0.49265888), (0.18359321, -0.24178357, 0.48412022), (-0.2597208, 0.1859198, 0.49262193), (0.2636253, 0.1406362, 0.48580202), (0.2770631, 0.110905945, 0.48625946), (-0.2911926, 0.13682121, 0.49291414), (-0.31457317, -0.07514109, 0.4948351), (-0.3208461, -0.04873895, 0.49474746), (-0.31961074, 0.04258278, 0.49501628), (0.12191178, 0.27973613, 0.48588234), (0.07397104, 0.29884604, 0.48577085), (-0.27277556, -0.17311455, 0.49258646), (0.1684346, 0.25207338, 0.48566952), (-0.07324723, 0.30622348, 0.48918533), (-0.23658098, -0.21949357, 0.49261326), (-0.22057404, -0.23574467, 0.49257588), (-0.24104908, 0.20690367, 0.49259958), (-0.32298428, 0.024008673, 0.49441501), (0.1563448, 0.26106954, 0.4850856), (-0.07952272, -0.30930662, 0.48900038), (-0.28469554, -0.15122472, 0.49339122), (-0.0067954254, -0.31638056, 0.48689258), (0.10856607, 0.28698286, 0.4856194), (-0.005972596, 0.311887, 0.48652953), (-0.25867397, -0.19230941, 0.49247018), (-0.10086414, 0.2998115, 0.48912695), (-0.04225157, 0.31154191, 0.4875805), (-0.124364585, 0.2892886, 0.49080452), (0.2219002, 0.20455329, 0.48541972), (-0.036181312, -0.3160015, 0.48716217), (-0.29595476, -0.13213532, 0.49324027), (-0.30016848, 0.11779371, 0.49308062), (-0.30884776, 0.0929819, 0.49343014), (-0.31436267, 0.07801325, 0.4928941), (-0.108394235, -0.30202717, 0.48922095), (0.10711443, -0.29236335, 0.48266947), (0.094867125, -0.29778415, 0.4828959), (-0.30863905, -0.101814106, 0.49308097), (0.15937449, -0.2637546, 0.48129186), (0.1730802, -0.25527012, 0.48075646), (0.142597, -0.27398017, 0.48169923), (0.12277366, -0.28523573, 0.4818068), (-0.11861382, 0.2936252, 0.48914766), (-0.32450965, -0.010234994, 0.49458516), (-0.1291873, -0.2949254, 0.48931852), (0.22261891, -0.21124595, 0.48238814), (0.21062249, -0.22237188, 0.4823301), (-0.14429322, -0.28833592, 0.4893451), (0.29967508, 0.026752621, 0.4848001), (-0.14247946, 0.28237647, 0.48988953), (0.20263645, -0.23142342, 0.4809493), (0.24778372, -0.18075997, 0.48154798), (0.18020543, -0.24964385, 0.4810383), (0.26483324, -0.15070647, 0.48271278), (0.25877872, -0.16343234, 0.48163053), (0.27016607, -0.1420234, 0.4820377), (0.023130367, 0.31026077, 0.48533735), (0.29970643, -0.027019635, 0.48506615), (0.28630254, -0.102080174, 0.48283264), (0.276126, -0.12943125, 0.48220515), (0.2828462, -0.113556385, 0.48196414), (0.29417023, -0.07303831, 0.48330903), (0.29861277, -0.054618288, 0.48312768), (0.28379163, 0.10146158, 0.48361632), (0.29459578, 0.066064216, 0.48355252), (-0.1570011, 0.27605733, 0.48873925), (0.23462918, -0.19954447, 0.48093805), (-0.1554494, -0.28334484, 0.48911828), (-0.17456107, -0.27299175, 0.4893832), (0.29009372, 0.083814405, 0.48290026), (-0.17704146, 0.26419425, 0.48876846), (0.07694587, -0.3043342, 0.48273316), (0.2600684, 0.1525822, 0.48352912), (0.27332604, 0.12709047, 0.48319995), (0.24881828, 0.17484628, 0.48202577), (0.23787011, 0.19001383, 0.48215628), (-0.3253174, -0.024506908, 0.49287444), (0.2561079, 0.16163711, 0.48269904), (0.21588792, 0.21630244, 0.48182663), (-0.07917037, 0.30636975, 0.48788753), (0.27900186, 0.11396839, 0.48299885), (0.22537296, 0.20582917, 0.48220432), (-0.06121558, 0.310745, 0.4861644), (0.062045075, -0.3086813, 0.48288047), (-0.19098276, -0.26367158, 0.48875278), (-0.3187858, -0.07098812, 0.49201855), (-0.033420183, 0.3141066, 0.48501834), (-0.01875539, -0.31822804, 0.48510063), (-0.32588232, 0.0011432607, 0.49279058), (-0.316722, -0.08196839, 0.49112034), (0.17979953, 0.2473723, 0.4822878), (0.19109336, 0.23856965, 0.48222756), (0.20750625, 0.22460073, 0.4821998), (-0.26572567, 0.18469784, 0.48860085), (-0.27721047, 0.16741304, 0.48884198), (0.29831237, 0.050875075, 0.48258796), (0.26693526, 0.14323772, 0.48142937), (-0.19655223, 0.25137767, 0.48855388), (0.008717969, -0.3174562, 0.48434946), (0.07013565, 0.30176482, 0.48387292), (0.29046428, -0.09109648, 0.48086745), (0.0903808, 0.29576743, 0.48335817), (-0.24559145, 0.20837809, 0.48824763), (0.22249056, -0.21448888, 0.47991037), (-0.2530725, -0.20515786, 0.4887042), (-0.22290014, 0.22988088, 0.48846108), (-0.28735584, 0.15055016, 0.4887877), (0.16832587, 0.25570747, 0.4824841), (-0.27110082, -0.18146397, 0.48882565), (0.0026084008, 0.31366017, 0.4837647), (-0.32340688, 0.034630556, 0.4923496), (0.05368706, 0.30524215, 0.4843266), (-0.13308181, 0.28867754, 0.48741275), (-0.23699218, -0.22411455, 0.48874456), (-0.28564087, -0.15779682, 0.48885173), (-0.31875148, 0.06354701, 0.49128675), (0.21233252, -0.2248767, 0.47869733), (0.1181157, 0.28490448, 0.48249072), (0.1257718, 0.2813536, 0.48245555), (0.13807736, 0.27476302, 0.48226827), (-0.29849422, 0.12927681, 0.4890531), (-0.32307792, -0.053066425, 0.49102366), (-0.29658797, -0.13694076, 0.48960614), (-0.30637243, 0.10950538, 0.48882276), (-0.30710196, -0.1113479, 0.48991442), (-0.30048433, -0.12923843, 0.48893288), (0.19573073, -0.23935147, 0.4782328), (0.18721041, -0.24601759, 0.4786551), (0.07732255, 0.30067465, 0.48128742), (-0.31141135, 0.094001755, 0.48930913), (0.15431657, 0.26571733, 0.4806512), (0.03496189, 0.31046498, 0.48134378), (0.10595565, 0.29072347, 0.48094282), (0.017987402, 0.31327134, 0.48106727), (-0.31169477, -0.09984486, 0.48854893), (-0.07440558, 0.3088866, 0.4846345), (-0.32571828, 0.022837985, 0.48949578), (-0.022619765, 0.31491828, 0.48251414), (-0.08541134, 0.3058415, 0.48523405), (-0.31536302, 0.08074687, 0.4890541), (0.059586253, 0.30546987, 0.48071852), (-0.3260621, -0.03016815, 0.489836), (-0.10417134, 0.30071887, 0.48445952), (-0.32702878, -0.0037773747, 0.4898489), (-0.19331618, 0.25466302, 0.48602873), (-0.16603938, 0.27224216, 0.48517558), (-0.26290017, 0.18963867, 0.48558858), (-0.27169183, 0.17786413, 0.48517403), (-0.28448874, 0.15807067, 0.4845514), (-0.14504074, -0.38038328, 0.07758717), (-0.14380854, -0.3800468, 0.09906661), (-0.12607047, -0.38695797, 0.08651202), (-0.12695114, -0.3858517, 0.10389606), (-0.16091065, -0.37392345, 0.08143176), (-0.16045202, -0.3731002, 0.10370821), (-0.15548144, -0.37382114, 0.11482934), (-0.17579523, -0.3672546, 0.08355033), (-0.17660835, -0.36597896, 0.10846284), (-0.19304723, -0.35844824, 0.106325164), (-0.12628718, -0.38679868, 0.06629191), (-0.20300704, -0.35384005, 0.08963371), (-0.16238867, -0.37250668, 0.029334724), (-0.17730948, -0.36627194, 0.056485787), (-0.14401634, -0.37963194, 0.026066579), (-0.13974988, -0.37893024, -0.040586844), (-0.16011629, -0.37105873, -0.0341571), (-0.12649843, -0.3853884, 0.016633432), (-0.17873088, -0.3646416, 0.019580495), (-0.18135749, -0.36134014, -0.032634687), (-0.17906842, -0.36048263, -0.07378907), (-0.15941209, -0.36850575, -0.08565699), (-0.1323903, -0.3772, -0.11878112), (-0.15987386, -0.36680967, -0.11937111), (-0.12853374, -0.37378657, -0.22033009), (-0.12738252, -0.36987624, -0.29232916), (-0.1341035, -0.37117714, -0.2284147), (-0.15742183, -0.35958895, -0.2767946), (-0.13415259, -0.3657032, -0.3149756), (-0.15396218, -0.35620272, -0.35041568), (-0.12546411, -0.36643428, -0.35907504), (-0.159122, -0.36172515, -0.22779705), (-0.1593811, -0.36432114, -0.17610879), (-0.17800272, -0.35795134, -0.13586184), (-0.18040179, -0.35086995, -0.2520452), (-0.16960685, -0.35300124, -0.29379117), (-0.17481947, -0.34801573, -0.33624023), (-0.16657062, -0.3491179, -0.37030444), (-0.15426838, -0.35152802, -0.40957648), (-0.16667277, -0.34621727, -0.41016686), (-0.18947342, -0.34429353, -0.28578952), (-0.18631975, -0.3374472, -0.40650782), (-0.1877868, -0.34005567, -0.35996187), (-0.18833251, -0.34208307, -0.3300615), (-0.1927924, -0.34502855, -0.24836557), (-0.19777334, -0.34692937, -0.16007762), (-0.2019597, -0.3486754, -0.08149612), (-0.2078604, -0.34761575, -0.037236623), (-0.20842414, -0.34916598, 0.010327616), (-0.19231336, -0.3581578, 0.030557739), (-0.20741394, -0.3508012, 0.049516864), (-0.12883495, -0.36095187, -0.4079585), (-0.15287514, -0.34985775, -0.42839792), (-0.17103966, -0.34210697, -0.42807776), (-0.18652739, -0.33490324, -0.42776078), (-0.12826811, -0.3588007, -0.42812034), (-0.11252661, -0.37812424, -0.23552205), (-0.10056719, -0.3782426, -0.29751047), (-0.09638988, -0.37730223, -0.3357762), (-0.09715918, -0.3750779, -0.3635791), (-0.10277511, -0.38168564, -0.22651534), (-0.096199274, -0.37171248, -0.401757), (-0.119181454, -0.3811279, -0.12935263), (-0.117300734, -0.38338223, -0.09332146), (-0.11761492, -0.3855923, -0.049233027), (-0.10247266, -0.38718107, -0.10906659), (-0.10245712, -0.38505176, -0.1522477), (-0.12874128, -0.38277712, -0.03372623), (-0.11373735, -0.39085218, 0.082927905), (-0.115633115, -0.3885859, 0.017769929), (-0.10226332, -0.39290395, 0.0461543), (-0.10283452, -0.392008, 0.014614746), (-0.09952831, -0.39452663, 0.08029953), (-0.10033252, -0.39046842, -0.049370848), (-0.09686916, -0.3683994, -0.42748225), (-0.20927607, -0.3502963, 0.10490489), (-0.11413407, -0.38981286, 0.10409392), (-0.2081478, -0.3319733, -0.31317517), (-0.2220259, -0.33882916, -0.04678421), (-0.2176428, -0.3377097, -0.11121379), (-0.2240414, -0.34017393, 0.0029268702), (-0.21494228, -0.33576736, -0.17920323), (-0.2123631, -0.33260664, -0.26641867), (-0.22289294, -0.3426697, 0.08982297), (-0.20371044, -0.32765076, -0.40658402), (-0.20815578, -0.3498407, 0.121533096), (-0.19274294, -0.3571365, 0.12162293), (-0.22344597, -0.3204755, -0.34240758), (-0.22298248, -0.31831565, -0.3778982), (-0.21956667, -0.31598043, -0.4267138), (-0.22091466, -0.31689686, -0.4123846), (-0.22330388, -0.34198055, 0.115326315), (-0.23814178, -0.33224878, 0.044354912), (-0.23752974, -0.33177263, 0.0071977824), (-0.23827913, -0.33003753, -0.017734407), (-0.23235688, -0.3188784, -0.27940866), (-0.23275268, -0.32041013, -0.24367274), (-0.23515531, -0.32251635, -0.17416763), (-0.23618425, -0.32600334, -0.10061746), (-0.23720616, -0.32852653, -0.04876334), (-0.23518877, -0.32027435, -0.21605864), (-0.23892605, -0.33232087, 0.08988728), (-0.238253, -0.33237502, 0.11485289), (-0.099317506, -0.39387938, 0.10236331), (-0.22351986, -0.33971766, 0.13184212), (-0.1754601, -0.3628213, 0.13183972), (-0.16330612, -0.36855128, 0.1275215), (-0.25610515, -0.31933016, 0.02658277), (-0.25540254, -0.32025388, 0.06935849), (-0.25513375, -0.31925434, 0.0070242495), (-0.083479784, -0.38088325, -0.32480636), (-0.08545885, -0.38294762, -0.2739033), (-0.08418495, -0.3859818, -0.22266002), (-0.08457583, -0.38902992, -0.15051363), (-0.07564369, -0.39423758, -0.08320338), (-0.075843304, -0.39528003, -0.05906024), (-0.077098295, -0.3965488, -0.0055249445), (-0.07859608, -0.3973534, 0.03587799), (-0.079771265, -0.39823428, 0.07042973), (-0.14167568, -0.3773551, 0.12530258), (-0.124795295, -0.38329378, 0.12614599), (-0.08385755, -0.37829524, -0.36097914), (-0.06729895, -0.38282576, -0.34650108), (-0.06758368, -0.38667464, -0.26743206), (-0.06833517, -0.3891185, -0.2187268), (-0.06777247, -0.39138842, -0.16924176), (-0.073101476, -0.39290535, -0.11791766), (-0.06728057, -0.37884414, -0.3928081), (-0.068594314, -0.374621, -0.4274353), (-0.15528303, -0.34533048, -0.44135228), (-0.18557899, -0.33184263, -0.4403967), (-0.12835415, -0.354764, -0.44278285), (-0.097970225, -0.36420047, -0.44229355), (-0.08006169, -0.39766818, 0.10484615), (-0.07661514, -0.39885646, 0.08980026), (-0.19337702, -0.3546884, 0.1329015), (-0.2085546, -0.34719908, 0.13434598), (-0.23705621, -0.33152097, 0.12990075), (-0.09767584, -0.3919388, 0.1189313), (-0.15271309, -0.37119073, 0.13441007), (-0.2177744, -0.31263876, -0.44166058), (-0.23764336, -0.3046895, -0.41130933), (-0.23894078, -0.3063533, -0.38107833), (-0.23752522, -0.31201807, -0.31498864), (-0.25397024, -0.3211686, 0.09966992), (-0.2464414, -0.30984092, -0.25047514), (-0.2531356, -0.30954435, -0.16168575), (-0.25390637, -0.30637687, -0.21571834), (-0.25460008, -0.31035858, -0.13149709), (-0.25389165, -0.3128634, -0.09251313), (-0.2543348, -0.31603098, -0.040558074), (-0.25292838, -0.30317798, -0.2756338), (-0.255772, -0.2968433, -0.32194054), (-0.23830692, -0.30198714, -0.4264551), (-0.23670793, -0.29944855, -0.4386759), (-0.18328537, -0.32850543, -0.45363778), (-0.168877, -0.33480635, -0.45414233), (-0.25476703, -0.29278308, -0.39215824), (-0.25465348, -0.29097185, -0.4108068), (-0.25164112, -0.29079762, -0.42793587), (-0.26722008, -0.29998356, -0.1363204), (-0.26729167, -0.29706615, -0.17491998), (-0.2670009, -0.30222923, -0.09023591), (-0.26511317, -0.29671806, -0.22191957), (-0.2618634, -0.2962604, -0.26787096), (-0.27065212, -0.30446273, -0.020996628), (-0.26821053, -0.30310255, -0.06394624), (-0.27204862, -0.3055745, 0.003106573), (-0.27361608, -0.30536222, 0.024523081), (-0.2723023, -0.30657783, 0.06544029), (-0.25444505, -0.31939915, 0.122115396), (-0.2552038, -0.2952486, -0.34904602), (-0.20087449, -0.31872782, -0.4530377), (-0.12900299, -0.37954757, 0.13632062), (-0.2154812, -0.31007424, -0.45281357), (-0.15036225, -0.34292802, -0.45397207), (-0.27114165, -0.30655858, 0.103725135), (-0.27125874, -0.30485907, 0.121826075), (-0.28639635, -0.2901159, -0.021162122), (-0.28676087, -0.29182065, -0.0003091909), (-0.28375185, -0.287119, -0.08528208), (-0.26621526, -0.2777908, -0.4278287), (-0.28906575, -0.2911019, 0.022425702), (-0.28853318, -0.2917716, 0.06551514), (-0.28796905, -0.2910511, 0.10228152), (-0.2733888, -0.2756433, -0.390574), (-0.28074777, -0.28154826, -0.22741853), (-0.27940524, -0.2806161, -0.25603354), (-0.2762591, -0.27879158, -0.30923706), (-0.2742521, -0.2772227, -0.35192472), (-0.2719283, -0.27489093, -0.41178355), (-0.28546253, -0.2829739, -0.13199127), (-0.22831349, -0.30091158, -0.45213902), (-0.2853254, -0.27961183, -0.17318305), (-0.2848827, -0.27872565, -0.19717939), (-0.2492202, -0.28861046, -0.44042128), (-0.2876482, -0.2898183, 0.121328115), (-0.1378522, -0.3473212, -0.4540507), (-0.12830992, -0.35101122, -0.45437115), (-0.21790788, -0.33864072, 0.14515501), (-0.11659759, -0.354343, -0.45434847), (-0.0988877, -0.36000535, -0.45391583), (-0.2512064, -0.31874153, 0.13522929), (-0.070036255, -0.36997977, -0.4435516), (-0.07076926, -0.3662196, -0.4542899), (-0.10944868, -0.38540667, 0.13481453), (-0.24419297, -0.28816408, -0.4519524), (-0.2989972, -0.27155128, -0.08786839), (-0.29728615, -0.27119905, -0.12601282), (-0.30171043, -0.273661, -0.028542314), (-0.23498365, -0.32798222, 0.14514232), (-0.28499973, -0.2587202, -0.42863876), (-0.2686177, -0.27081627, -0.44149533), (-0.2882651, -0.26036346, -0.38931736), (-0.2897606, -0.26137686, -0.3488602), (-0.29051614, -0.26981556, -0.24625264), (-0.2910367, -0.2647373, -0.29270005), (-0.28754523, -0.25860208, -0.4130017), (-0.30304775, -0.2755544, 0.10222088), (-0.30239958, -0.27491984, 0.12184215), (-0.30257007, -0.27656823, 0.01710654), (-0.30314583, -0.27647686, 0.060693026), (-0.3037191, -0.25848022, -0.18488176), (-0.30293348, -0.2578248, -0.21671441), (-0.30281162, -0.25602123, -0.24909477), (-0.3036264, -0.2491126, -0.30775395), (-0.3020086, -0.24530308, -0.38480628), (-0.26576516, -0.26866663, -0.45263407), (-0.20373441, -0.34506363, 0.14735593), (-0.3011073, -0.24334921, -0.4117425), (-0.31745222, -0.25524694, -0.03537624), (-0.31769842, -0.25626424, -0.017372392), (-0.3178087, -0.25784454, 0.0076756505), (-0.31591126, -0.25261644, -0.083811134), (-0.3080938, -0.25796115, -0.1358433), (-0.31589052, -0.25980484, 0.121266134), (-0.30050263, -0.24093269, -0.42873713), (-0.31756216, -0.2592574, 0.08949029), (-0.284468, -0.25411147, -0.44244605), (-0.29794267, -0.23918042, -0.44087675), (-0.3171342, -0.2599805, 0.062054068), (-0.31726086, -0.25937787, 0.028035166), (-0.27392092, -0.29791054, 0.13594824), (-0.28657687, -0.28616425, 0.13741584), (-0.3004427, -0.27263108, 0.13731514), (-0.314137, -0.24058767, -0.26746973), (-0.31769216, -0.23187485, -0.30942452), (-0.31800902, -0.22789516, -0.3606189), (-0.31714958, -0.24183665, -0.19114995), (-0.3157582, -0.24066173, -0.24248448), (-0.31695703, -0.24096832, -0.21293528), (-0.31755304, -0.24578875, -0.14237759), (-0.31698495, -0.22485767, -0.4018128), (-0.17629851, -0.3570404, 0.14740643), (-0.16128384, -0.3636245, 0.14613493), (-0.25194028, -0.31420517, 0.14530478), (-0.31518292, -0.22392994, -0.4212988), (-0.28277886, -0.28509817, 0.14902887), (-0.2638244, -0.30222517, 0.14758264), (-0.3286738, -0.24489571, 0.09636574), (-0.32699528, -0.24575475, 0.12180083), (-0.32958993, -0.22136877, -0.25969863), (-0.32689244, -0.21965504, -0.3121561), (-0.2956004, -0.27343044, 0.14786935), (-0.33156934, -0.22244774, -0.1944982), (-0.33193424, -0.22456476, -0.15959658), (-0.33392334, -0.22748375, -0.093276896), (-0.33850527, -0.22636072, -0.045179226), (-0.33951616, -0.2283701, -0.002612398), (-0.33908993, -0.23049861, 0.05457999), (-0.34167272, -0.22713652, 0.09168339), (-0.34045067, -0.22858553, 0.10449888), (-0.34068665, -0.22741246, 0.120472156), (-0.3140628, -0.25704452, 0.1373786), (-0.28183842, -0.2518057, -0.45257536), (-0.3321125, -0.20834176, -0.36057705), (-0.33541808, -0.20771822, -0.31016317), (-0.31283793, -0.22200827, -0.4363043), (-0.32980812, -0.20679937, -0.39947024), (-0.32856217, -0.20572862, -0.41642138), (-0.29480246, -0.23732108, -0.45172745), (-0.30445322, -0.22474572, -0.45164678), (-0.30769247, -0.26098907, 0.14652959), (-0.14227279, -0.37069523, 0.14714016), (-0.12735105, -0.37688032, 0.14581677), (-0.3244052, -0.20641375, -0.43407455), (-0.07561497, -0.39563483, 0.12201357), (-0.33920944, -0.2058512, -0.26843235), (-0.33948317, -0.21846917, -0.09683763), (-0.34620455, -0.21409565, -0.049745202), (-0.3583934, -0.1938649, -0.05925718), (-0.3567429, -0.19191977, -0.09452339), (-0.34423828, -0.20245628, -0.19944093), (-0.3535381, -0.19072518, -0.16105017), (-0.35119843, -0.19001706, -0.21471253), (-0.3487807, -0.19047394, -0.2627933), (-0.34853527, -0.21457036, 0.0013188878), (-0.34838873, -0.2157536, 0.042698767), (-0.3251434, -0.24266274, 0.137359), (-0.33730632, -0.22729635, 0.13312723), (-0.36086038, -0.19459985, -0.00009236289), (-0.361098, -0.1950667, 0.051764257), (-0.35887656, -0.19876459, 0.09731196), (-0.34809843, -0.1841619, -0.3353401), (-0.34742257, -0.18895514, -0.29894271), (-0.33794346, -0.1926156, -0.40153953), (-0.34774688, -0.18107568, -0.3643034), (-0.35918322, -0.19651297, 0.11950422), (-0.31946102, -0.24504541, 0.14777641), (-0.31727064, -0.2061384, -0.45195985), (-0.081004456, -0.39198935, 0.13305806), (-0.33443812, -0.22574785, 0.14524561), (-0.22434096, -0.32829005, 0.15656467), (-0.34915504, -0.20482765, 0.13810398), (-0.3431548, -0.20977174, 0.14768982), (-0.1120796, -0.3808086, 0.14600694), (-0.20835868, -0.33606467, 0.15887235), (-0.23849756, -0.3162804, 0.1594799), (-0.052847054, -0.37671304, -0.42790815), (-0.32541224, -0.19398995, -0.45044443), (-0.2757251, -0.28580448, 0.15736528), (-0.2549795, -0.30165145, 0.1605101), (-0.29139954, -0.2714316, 0.1569738), (-0.06522429, -0.3951283, 0.13059214), (-0.052758936, -0.36908066, -0.4536955), (-0.22545554, -0.29514456, -0.46198955), (-0.21215379, -0.3043153, -0.4629398), (-0.23994128, -0.2826326, -0.4627864), (-0.19220498, -0.34370792, 0.15917034), (-0.17459434, -0.35107478, 0.159455), (-0.0834746, -0.38745192, 0.14438726), (-0.30573624, -0.25442138, 0.15808938), (-0.18104534, -0.32202235, -0.46356198), (-0.2623952, -0.26212275, -0.46313265), (-0.27836555, -0.24658671, -0.4620125), (-0.29073638, -0.23149475, -0.46243966), (-0.15188935, -0.33610034, -0.46214548), (-0.052820902, -0.39129427, 0.14531592), (-0.049298096, -0.39731428, 0.12967716), (-0.1466351, -0.3611733, 0.16006643), (-0.19387084, -0.3325104, 0.17431538), (-0.17542917, -0.34531683, 0.16725376), (-0.1755036, -0.3418403, 0.17249459), (-0.09740707, -0.3524525, -0.46510515), (-0.12490339, -0.36950135, 0.15907748), (-0.10735304, -0.3780491, 0.1526055), (-0.081464045, -0.38250297, 0.15382989), (-0.027061747, -0.393216, 0.14488938), (-0.31093383, -0.20284037, -0.46277192), (-0.12621282, -0.33763176, -0.47256956), (-0.033120546, -0.36622676, -0.46173233), (-0.34149033, -0.032243505, 0.3049483), (-0.34149346, -0.038087748, 0.29361662), (-0.34282032, -0.019085187, 0.29820314), (-0.34184772, -0.03137608, 0.2791156), (-0.34342983, -0.0035391543, 0.27965394), (-0.34331375, -0.00052706857, 0.28795934), (-0.34205124, -0.01657521, 0.26996627), (-0.34141788, -0.022628412, 0.3135279), (-0.342431, -0.0012403734, 0.30064094), (-0.33879626, -0.053361177, 0.28563854), (-0.33768517, -0.05488005, 0.27227488), (-0.34223226, -0.001095797, 0.269242), (-0.33811566, -0.053943958, 0.30094624), (-0.339008, -0.033045497, 0.26046696), (-0.33642274, -0.05291439, 0.259491), (-0.34028447, -0.021911297, 0.26262262), (-0.3406011, -0.0025620402, 0.25990117), (-0.33172083, -0.08105996, 0.27280325), (-0.3339859, -0.06239987, 0.25829938), (-0.3309909, -0.075787075, 0.2577151), (-0.33014405, -0.0845093, 0.2652594), (-0.32673612, -0.097450696, 0.26897648), (-0.3309963, -0.082892604, 0.2875123), (-0.32806405, -0.09412086, 0.2828379), (-0.32736573, -0.09068585, 0.2589011), (-0.3270531, -0.092140794, 0.25586098), (-0.3224144, -0.10577324, 0.25551546), (-0.3321422, -0.07630533, 0.29287377), (-0.31991577, -0.11365264, 0.25644615), (-0.32297724, -0.10895982, 0.28705847), (-0.32292533, -0.10866732, 0.30760714), (-0.3254351, -0.09834665, 0.30780578), (-0.32975918, -0.083130226, 0.29483995), (-0.33700383, -0.052620616, 0.31195337), (-0.320679, -0.11433984, 0.27274945), (-0.32684848, -0.08183337, 0.31844333), (-0.33113483, -0.0683982, 0.31836793), (-0.32391167, -0.09863789, 0.31771055), (-0.32100824, -0.10908123, 0.31932777), (-0.31620127, -0.12669732, 0.30243823), (-0.31599247, -0.12719966, 0.3123321), (-0.31456143, -0.1289936, 0.32160196), (-0.31787252, -0.118449815, 0.32174855), (-0.33843386, -0.03633019, 0.31956393), (-0.31831712, -0.1199897, 0.28821588), (-0.33357835, -0.055512533, 0.32341012), (-0.34022546, -0.002257196, 0.31893274), (-0.3397233, -0.011779123, 0.3234822), (-0.33924887, -0.00058483344, 0.32859293), (-0.33804622, -0.020531904, 0.32675302), (-0.3409101, -0.023636892, 0.25961587), (-0.33837435, 0.01419096, 0.32630017), (-0.34051982, 0.014381758, 0.3072806), (-0.33788475, 0.036185086, 0.32313308), (-0.33984226, 0.028695202, 0.30199564), (-0.34139705, 0.022261923, 0.2803196), (-0.33768266, 0.041850783, 0.31766188), (-0.34113842, 0.015863933, 0.2698747), (-0.33896202, 0.04201855, 0.28599957), (-0.3372762, 0.05495943, 0.29216763), (-0.33402663, 0.070675895, 0.31540722), (-0.3330582, -0.040750246, 0.33236945), (-0.3360638, 0.051176764, 0.32013395), (-0.33262262, 0.07957678, 0.32119045), (-0.3341797, 0.04895885, 0.33413836), (-0.3219762, -0.08350335, 0.33111757), (-0.33529955, 0.019252757, 0.33561185), (-0.33018932, -0.052801065, 0.33350155), (-0.33913797, 0.035643723, 0.27223575), (-0.33672413, 0.05218161, 0.2662599), (-0.33487612, 0.06606439, 0.2740194), (-0.33941633, 0.013930841, 0.26010588), (-0.3366904, 0.05027563, 0.2588311), (-0.33205009, 0.08027315, 0.30370614), (-0.33432168, 0.056684215, 0.32408366), (-0.33250186, 0.064122744, 0.33021244), (-0.33103853, 0.084475994, 0.2983106), (-0.32898694, 0.09723054, 0.3218187), (-0.3290755, 0.095680445, 0.3230828), (-0.33513862, -0.0038270743, 0.33753413), (-0.33500978, -0.016691104, 0.3350304), (-0.33606076, 0.051503293, 0.26063704), (-0.33003813, 0.06618477, 0.33529443), (-0.33059672, 0.080936484, 0.27363953), (-0.32625723, 0.09909218, 0.29090488), (-0.33271855, 0.06685771, 0.26392972), (-0.3311823, 0.075084105, 0.2669778), (-0.32177544, 0.115522884, 0.31169832), (-0.32547045, 0.10579201, 0.32084635), (-0.34022936, 0.0132138515, 0.2586795), (-0.30691126, -0.14367305, 0.31295386), (-0.30496392, -0.14877467, 0.32120505), (-0.30252331, -0.15412427, 0.31465402), (-0.3005122, -0.1612753, 0.31938827), (-0.29824886, -0.16585214, 0.31656146), (-0.29543522, -0.16487733, 0.29843098), (-0.29799032, -0.15709138, 0.29550532), (-0.2976482, -0.15707645, 0.28973874), (-0.29086494, -0.17158972, 0.28474626), (-0.29304767, -0.16710475, 0.27584004), (-0.29983693, -0.15351029, 0.27605355), (-0.30423784, -0.14371862, 0.28860813), (-0.31088, -0.13245764, 0.28722918), (-0.2963415, -0.16333878, 0.26224107), (-0.30782384, -0.13818353, 0.27029502), (-0.30815804, -0.1361858, 0.27822924), (-0.3103553, -0.13101657, 0.26827276), (-0.30839106, -0.13847646, 0.263178), (-0.31352994, -0.124864586, 0.27442145), (-0.29267874, -0.17689689, 0.3156971), (-0.28723535, -0.17860128, 0.28510702), (-0.28850207, -0.17958583, 0.29850578), (-0.31347457, -0.12597302, 0.28086585), (-0.31262144, -0.12823626, 0.28410447), (-0.31380463, -0.12637739, 0.2888876), (-0.31636393, -0.11958764, 0.2791719), (-0.31640208, -0.1168226, 0.27379733), (-0.31519485, -0.12261254, 0.26826748), (-0.28689763, -0.17810799, 0.26554054), (-0.31590173, -0.12214561, 0.28519648), (-0.3143964, -0.12775518, 0.2915142), (-0.28464445, -0.18927601, 0.31253904), (-0.28774506, -0.1847315, 0.315289), (-0.31665593, -0.094954684, 0.33527848), (-0.31786853, -0.07179398, 0.3440259), (-0.30241027, -0.14392288, 0.33050996), (-0.31183985, -0.13058186, 0.26533505), (-0.3163661, -0.12155589, 0.26248378), (-0.31845608, -0.11456851, 0.27197522), (-0.31072637, -0.13644652, 0.25902984), (-0.31229544, -0.1327482, 0.25500917), (-0.31943518, -0.12553962, 0.25530484), (-0.30980316, -0.12927936, 0.32980856), (-0.3131974, -0.10530925, 0.33523962), (-0.32612395, -0.034988932, 0.34426737), (-0.32341754, -0.053845044, 0.343254), (-0.31982106, 0.114011794, 0.28751546), (-0.3155657, 0.12753682, 0.32040343), (-0.3279416, 0.08478705, 0.26901275), (-0.33117694, 0.02415443, 0.34109998), (-0.33027753, 0.050079003, 0.339121), (-0.32596162, 0.07981636, 0.33551717), (-0.3122143, 0.13145581, 0.32437292), (-0.32930237, -0.0014253145, 0.34473366), (-0.3095315, -0.089403205, 0.34592032), (-0.32060504, 0.10467198, 0.3318676), (-0.3195263, 0.10065378, 0.33514816), (-0.30123043, -0.12800035, 0.33945313), (-0.2962251, -0.16087921, 0.32431754), (-0.31792736, -0.050326213, 0.34969312), (-0.3145805, 0.112150885, 0.3355053), (-0.30849263, 0.12644541, 0.33374968), (-0.30531555, 0.13868806, 0.33072573), (-0.29929066, 0.14451417, 0.33522052), (-0.07957061, -0.31124496, 0.43841952), (-0.058750685, -0.31283167, 0.40944734), (-0.07608933, -0.31074524, 0.42121768), (-0.050260857, -0.3162359, 0.44069383), (-0.03723552, -0.31594616, 0.40838534), (-0.06457626, -0.31457573, 0.45995635), (-0.03338566, -0.3178441, 0.43822807), (-0.048264235, -0.3173739, 0.48192403), (-0.07747699, -0.31232515, 0.4787376), (-0.093692936, -0.30852282, 0.4585403), (-0.08371812, -0.31018448, 0.43662813), (-0.09236241, -0.30872726, 0.48147592), (-0.07271585, -0.3127807, 0.48516262), (-0.104372814, -0.30569354, 0.47113988), (-0.09704114, -0.30499038, 0.41530544), (-0.11150318, -0.30286282, 0.44689405), (-0.11235277, -0.3003629, 0.4108607), (-0.07717781, -0.30710268, 0.39367312), (-0.099605404, -0.30145097, 0.3935813), (-0.062319882, -0.30802792, 0.37990132), (-0.051100757, -0.31060094, 0.38428774), (-0.079997316, -0.3037457, 0.3761776), (-0.1148054, -0.294958, 0.37782457), (-0.10846741, -0.2941577, 0.36389384), (-0.08174555, -0.30090943, 0.36445943), (-0.12839705, -0.291123, 0.381406), (-0.12553573, -0.29648513, 0.42184377), (-0.101956196, -0.30592975, 0.4853537), (-0.11394209, -0.30253392, 0.48121253), (-0.12549931, -0.28907683, 0.36461592), (-0.14352024, -0.28663787, 0.39544252), (-0.13261366, -0.2947425, 0.44333097), (-0.12960003, -0.2966447, 0.48455846), (-0.059886876, -0.305366, 0.3652714), (-0.14446774, -0.28420296, 0.378073), (-0.14037721, -0.28337348, 0.36556712), (-0.14603053, -0.28747278, 0.41597995), (-0.14495939, -0.28981015, 0.46340904), (-0.15329783, -0.2851426, 0.4332657), (-0.030648053, -0.31271905, 0.38379472), (-0.16007464, -0.2790099, 0.39782655), (-0.1746102, -0.27315408, 0.4122661), (-0.15429552, -0.28519338, 0.48568743), (-0.16117018, -0.28204563, 0.48113808), (-0.17162034, -0.2763137, 0.4399612), (-0.18090887, -0.26995367, 0.41554913), (-0.12483953, -0.29819408, 0.48561314), (-0.17819586, -0.27282932, 0.451036), (-0.17613545, -0.2740396, 0.48500875), (-0.15633535, -0.2785636, 0.38375545), (-0.17554177, -0.27033323, 0.3985568), (-0.19129658, -0.2642075, 0.42880523), (-0.16110933, -0.27154472, 0.36503378), (-0.038401894, -0.30866155, 0.3682972), (-0.025926854, -0.31872803, 0.47089323), (-0.03491006, -0.3184933, 0.48183143), (-0.019639134, -0.31736463, 0.41613755), (-0.021912543, -0.31533578, 0.3977659), (-0.19301178, -0.26365224, 0.46498662), (-0.19231065, -0.26381728, 0.48538324), (-0.05148749, -0.31622002, 0.4856163), (-0.015485421, -0.31879243, 0.45981905), (-0.006299639, -0.3192674, 0.48183912), (-0.0020254573, -0.3184911, 0.44261461), (-0.0014458091, -0.31328925, 0.38279414), (-0.0013501308, -0.31684998, 0.4111407), (-0.0154208345, -0.3091166, 0.36527655), (0.001068229, -0.30976427, 0.36583826), (-0.08832705, -0.29780787, 0.36042982), (-0.093531854, -0.2935169, 0.35255584), (-0.10503153, -0.29137045, 0.35413003), (-0.10240504, -0.291282, 0.3509125), (0.0022364815, -0.31877878, 0.47157684), (-0.07138705, -0.30083802, 0.3589549), (0.014572801, -0.31709266, 0.42987895), (0.016548224, -0.3176624, 0.4582861), (0.019645002, -0.31367895, 0.39421648), (0.023140656, -0.31594405, 0.4211291), (0.015044911, -0.31133908, 0.37678114), (0.023928871, -0.3123552, 0.38760608), (0.018206457, -0.31762272, 0.48128504), (-0.12501669, -0.28557602, 0.35596675), (-0.08595979, -0.2951886, 0.35338542), (-0.030429475, -0.30576232, 0.3593769), (0.03628975, -0.308773, 0.37440532), (0.043451276, -0.3119214, 0.40491447), (0.049101364, -0.30745953, 0.3778733), (0.03488522, -0.3068734, 0.3654431), (0.026800113, -0.3162898, 0.45604914), (0.035096977, -0.3154933, 0.48114857), (-0.004051427, -0.3062794, 0.35740143), (0.045273185, -0.31283507, 0.42818388), (0.063260496, -0.30727527, 0.39623457), (0.049185246, -0.3046999, 0.3657346), (-0.042449024, -0.30174306, 0.35375482), (0.062316746, -0.30875158, 0.4127207), (0.017234255, -0.30611584, 0.35955405), (0.046811875, -0.3131615, 0.4814532), (0.062657475, -0.3093637, 0.4423413), (0.07859813, -0.30115816, 0.37865868), (-0.10774571, -0.28852114, 0.35049063), (-0.02392611, -0.30337283, 0.3538087), (0.065003514, -0.30127436, 0.3652673), (0.07379613, -0.3065211, 0.4330546), (0.076068774, -0.3046748, 0.40272194), (0.08508127, -0.3028278, 0.41975635), (0.06853361, -0.30787274, 0.47737056), (0.085911065, -0.29650533, 0.36673835), (0.08375201, -0.3036783, 0.44996083), (0.028974181, -0.31582075, 0.48293856), (0.08517359, -0.3027894, 0.47752562), (-0.0713242, -0.29774153, 0.35354462), (-0.17023805, -0.2691811, 0.38194543), (-0.17714678, -0.26622942, 0.38585433), (-0.17373559, -0.26374963, 0.36477244), (-0.1916731, -0.25497743, 0.3724626), (-0.19106594, -0.25961453, 0.39692962), (-0.19017337, -0.2535833, 0.36337635), (-0.06711625, -0.2985333, 0.3542987), (-0.1392494, -0.27850652, 0.3551562), (-0.15546197, -0.2698578, 0.3557763), (-0.19378233, -0.26124093, 0.41760966), (0.021739785, -0.30262697, 0.35358322), (0.03484948, -0.3011451, 0.3538218), (0.023268625, -0.30205894, 0.35198706), (0.045205384, -0.2997549, 0.35220644), (-0.0053498363, -0.30389494, 0.35108435), (0.00037219748, -0.30373782, 0.35330546), (-0.029267807, -0.30416065, 0.35188583), (-0.20742314, -0.25337768, 0.4803115), (-0.20742966, -0.25302094, 0.4503664), (-0.20811315, -0.24773926, 0.4005346), (-0.20688218, -0.25232935, 0.4260082), (-0.20974874, -0.2513875, 0.46850953), (-0.20947401, -0.24411719, 0.3865931), (-0.12251057, -0.28274933, 0.3500178), (-0.20888945, -0.2513979, 0.48759335), (-0.20850351, -0.24075995, 0.3681274), (-0.19973958, -0.24618436, 0.3635446), (-0.18723553, -0.25098947, 0.3560514), (-0.13188763, -0.2785316, 0.3498805), (0.047068957, -0.29817155, 0.35302156), (0.098698564, -0.2948071, 0.38068113), (0.09937903, -0.29670924, 0.40032956), (0.10605275, -0.28961545, 0.3662667), (0.066562414, -0.2948302, 0.3536798), (0.06674695, -0.2942991, 0.3517598), (0.08276124, -0.2899227, 0.35124514), (0.1040174, -0.29611626, 0.422143), (0.10455924, -0.29602906, 0.45093235), (0.101090685, -0.29675013, 0.47800136), (0.11909586, -0.2864182, 0.37875423), (0.11513897, -0.28581357, 0.3656432), (0.090796106, -0.28741235, 0.35088128), (0.1188049, -0.2901852, 0.43606967), (0.12375847, -0.2866824, 0.40246034), (-0.15174618, -0.2679169, 0.34984657), (-0.14173205, -0.2734986, 0.34992492), (-0.16355936, -0.2608866, 0.3500338), (-0.17602, -0.25336838, 0.35003716), (-0.21215828, -0.24739358, 0.42334294), (-0.22029506, -0.23830006, 0.40757626), (-0.23249818, -0.23013097, 0.42492306), (-0.22894745, -0.23399995, 0.43524098), (-0.22100225, -0.24082881, 0.44396183), (-0.22228469, -0.24019659, 0.45163015), (-0.22897732, -0.22821896, 0.39329115), (-0.23741274, -0.22120032, 0.39463428), (-0.22702342, -0.22550572, 0.3747564), (-0.21080062, -0.23658098, 0.36298585), (-0.23912331, -0.2231491, 0.41832995), (-0.2230451, -0.23963809, 0.48113123), (-0.22252116, -0.2261704, 0.3636647), (-0.22264333, -0.2390785, 0.48822007), (-0.20186113, -0.23612535, 0.35034758), (-0.23629062, -0.22637591, 0.45947114), (-0.21687181, -0.22589338, 0.35446045), (-0.24066816, -0.2119498, 0.375509), (-0.23506945, -0.22682846, 0.44217834), (-0.18592368, -0.24699198, 0.34999487), (-0.23826781, -0.21055235, 0.3647852), (-0.19531316, -0.24029733, 0.34974384), (-0.20520993, -0.23376366, 0.34895754), (-0.23814112, -0.22400373, 0.48404124), (0.1095893, -0.2833426, 0.35607874), (-0.21109164, -0.22780079, 0.3500555), (-0.25348857, -0.20679012, 0.4434237), (-0.24253558, -0.21857767, 0.4264963), (-0.24630608, -0.21514061, 0.4668399), (0.121693686, -0.28795013, 0.470551), (0.12787625, -0.2839503, 0.3945694), (-0.24467999, -0.21452461, 0.4055229), (0.12783417, -0.27989966, 0.36643267), (0.12886588, -0.28509182, 0.45184854), (-0.25460422, -0.20488717, 0.48380256), (-0.24705306, -0.21275572, 0.4212165), (-0.2549033, -0.20394063, 0.42678407), (-0.25536472, -0.19470704, 0.37726972), (-0.25023726, -0.204813, 0.39235988), (-0.25955537, -0.19282535, 0.39092755), (-0.2515979, -0.20429806, 0.4069657), (-0.2640512, -0.18995838, 0.41082242), (-0.2317328, -0.20721757, 0.3502428), (-0.22171225, -0.21780394, 0.3501951), (-0.24293351, -0.2040276, 0.36359635), (-0.2541053, -0.1913083, 0.36468706), (-0.26192856, -0.19544305, 0.4373474), (-0.26858163, -0.18700747, 0.4583973), (-0.2702831, -0.18435295, 0.4460594), (-0.27247152, -0.17960921, 0.42199615), (-0.27079827, -0.17825563, 0.39436224), (-0.2665639, -0.18893927, 0.48526642), (-0.2654328, -0.1790714, 0.37256536), (-0.27583864, -0.16857657, 0.38473982), (-0.27376154, -0.17939863, 0.47182477), (-0.27086115, -0.16989292, 0.36866137), (-0.27743468, -0.16019541, 0.36631986), (-0.2674519, -0.17245324, 0.3654203), (-0.2424583, -0.19412719, 0.35061973), (-0.2764538, -0.17149198, 0.40579954), (-0.2837405, -0.15868057, 0.39408478), (-0.27813318, -0.17231292, 0.4830948), (-0.2772278, -0.1739094, 0.44723406), (-0.28455633, -0.16017534, 0.4233909), (-0.28589514, -0.14775953, 0.36841607), (-0.2663104, -0.16191375, 0.3514004), (-0.25976074, -0.17112014, 0.35140815), (-0.2541131, -0.17918292, 0.35138452), (-0.28075644, -0.16779278, 0.46906057), (-0.28470054, -0.16112608, 0.4850388), (-0.28924686, -0.15315072, 0.46055564), (-0.28544307, -0.16035934, 0.4509354), (-0.2866558, -0.14744446, 0.3723132), (0.106724076, -0.28126416, 0.35061368), (-0.2917379, -0.1483782, 0.48460254), (0.12982085, -0.28311175, 0.47873655), (0.13337609, -0.28276408, 0.43503672), (0.1354009, -0.2811028, 0.46736172), (0.13687715, -0.27679217, 0.3766982), (-0.27249607, -0.15400004, 0.35307002), (-0.28362924, -0.14571142, 0.36216077), (-0.2759455, -0.14703378, 0.3508566), (-0.2907105, -0.14890483, 0.43553156), (-0.29179826, -0.14375336, 0.4111685), (-0.30060524, -0.129019, 0.45583782), (-0.3001171, -0.12669209, 0.42832872), (-0.29967153, -0.13080052, 0.4713064), (0.1458847, -0.27520466, 0.42139912), (0.1432376, -0.27133906, 0.3668951), (0.14790964, -0.27427807, 0.45220214), (0.120984636, -0.2746096, 0.35039353), (0.14475825, -0.27442616, 0.47880042), (0.15352933, -0.2697143, 0.477552), (0.15348151, -0.26826084, 0.3920159), (0.1511701, -0.26834315, 0.37985733), (0.15695226, -0.26833597, 0.42917997), (0.13946308, -0.26950788, 0.3589769), (0.1682354, -0.2606465, 0.46999708), (0.17395675, -0.25705802, 0.45243675), (0.15917018, -0.26595894, 0.412076), (0.13131855, -0.26884922, 0.3504548), (0.16599111, -0.2612469, 0.478658), (0.17362021, -0.255848, 0.41232443), (0.18057278, -0.25163555, 0.4289355), (0.16134262, -0.25850525, 0.36594734), (0.16566575, -0.25759527, 0.37761205), (0.18481018, -0.24895927, 0.46800485), (0.17749415, -0.251799, 0.39942777), (0.19192843, -0.24342215, 0.45248723), (0.14009209, -0.2633171, 0.35025984), (0.19375414, -0.24071632, 0.42204106), (0.19202489, -0.2404246, 0.4026462), (0.18961458, -0.23906036, 0.3803837), (0.18057509, -0.24323621, 0.36590263), (0.20328389, -0.23410687, 0.46507025), (0.14867854, -0.25764313, 0.35005486), (0.15553902, -0.25280038, 0.34960628), (0.2066626, -0.23029222, 0.4345736), (0.17633203, -0.24190181, 0.35646713), (0.20728627, -0.22769578, 0.408888), (0.20536819, -0.22736406, 0.3936796), (0.21249573, -0.22555469, 0.45309302), (0.21647635, -0.22161391, 0.46018305), (0.2084296, -0.2218548, 0.38136962), (0.20036443, -0.22540884, 0.3669713), (0.16343395, -0.24667145, 0.349521), (0.17581774, -0.23735335, 0.34913367), (0.19198759, -0.22782503, 0.35626447), (0.18679121, -0.22823778, 0.35006467), (-0.29006308, -0.14442419, 0.39806136), (-0.29585883, -0.13116795, 0.3996806), (-0.29134393, -0.1358314, 0.38834697), (-0.30601937, -0.11534309, 0.48415047), (-0.31063634, -0.10252484, 0.47006413), (-0.30436912, -0.1187591, 0.45347738), (-0.30489448, -0.11493806, 0.42809808), (-0.31076816, -0.100525774, 0.43407723), (-0.30454612, -0.10958462, 0.39791048), (-0.29880807, -0.12282847, 0.39915466), (-0.29483536, -0.12721327, 0.38934502), (-0.30091688, -0.1153515, 0.39198235), (-0.30814737, -0.095132805, 0.38254756), (-0.3033779, -0.100918874, 0.37240994), (-0.29872796, -0.11091373, 0.37537587), (-0.29483712, -0.11293942, 0.36241922), (-0.2880175, -0.12740143, 0.36288875), (-0.29130813, -0.12928492, 0.37988216), (-0.28913608, -0.11547347, 0.35207635), (-0.30979893, -0.09868407, 0.40509406), (-0.2836859, -0.1288632, 0.35323825), (-0.3007005, -0.09810649, 0.36164153), (-0.29252726, -0.10772405, 0.352356), (-0.30913147, -0.083763786, 0.36963806), (-0.31418297, -0.08190058, 0.39101556), (-0.2840149, -0.12865487, 0.35129485), (-0.31113216, -0.10070195, 0.47357315), (-0.29628244, -0.09879523, 0.35308403), (-0.27965453, -0.14020696, 0.35260808), (-0.3057715, -0.08101436, 0.3595076), (-0.30029982, -0.087070554, 0.3534519), (-0.31662616, -0.084724575, 0.4842771), (-0.3128136, -0.18843809, 0.21018529), (-0.3081913, -0.17764238, 0.21117628), (-0.31183547, -0.17778125, 0.21082146), (-0.3068662, -0.18297984, 0.21051253), (-0.32065687, -0.18231247, 0.21267518), (-0.31117326, -0.19617555, 0.20926283), (-0.30827436, -0.18861963, 0.20911722), (-0.3227182, -0.18446198, 0.21225958), (-0.32078135, -0.1990416, 0.209394), (-0.31066012, -0.20497543, 0.20793077), (-0.31489018, -0.20989297, 0.20812102), (-0.30008227, -0.20767821, 0.20628054), (-0.3094688, -0.2156011, 0.20723304), (-0.32747078, -0.17218125, 0.21420701), (-0.31233746, -0.22490264, 0.20522413), (-0.3037289, -0.2005103, 0.20601316), (-0.2987608, -0.2132093, 0.20669241), (-0.29550746, -0.22572227, 0.20591043), (-0.29174674, -0.21884467, 0.20544392), (-0.3043026, -0.23607671, 0.20468159), (-0.28927544, -0.23100618, 0.20596148), (-0.2885299, -0.25345325, 0.20475337), (-0.28236395, -0.24397258, 0.20523766), (-0.281707, -0.23847218, 0.20565814), (-0.28498015, -0.23225844, 0.20598024), (-0.2802217, -0.25768608, 0.20532615), (-0.2775948, -0.2489808, 0.20552365), (-0.28144825, -0.26611573, 0.20463505), (-0.2877704, -0.2224265, 0.20734939), (-0.32520697, -0.20351212, 0.20809267), (-0.27275234, -0.25290257, 0.20629352), (-0.26594758, -0.2592285, 0.20770252), (-0.26901856, -0.27091455, 0.20724045), (-0.32324222, -0.21345247, 0.20587786), (-0.32268938, -0.16810228, 0.21596596), (-0.31833693, -0.17766336, 0.21343108), (-0.2842475, -0.22669992, 0.20766881), (-0.2687014, -0.28045574, 0.20721513), (-0.25830507, -0.2873501, 0.20904826), (-0.25895992, -0.27413255, 0.20809795), (-0.24829341, -0.2849823, 0.20943826), (-0.25896603, -0.26710072, 0.20860946), (-0.26112106, -0.2632106, 0.2088624), (-0.25512865, -0.26999667, 0.20901322), (-0.24813163, -0.27734444, 0.20907535), (-0.26204684, -0.29154894, 0.20864062), (-0.27623215, -0.23869318, 0.20779003), (-0.279808, -0.23384987, 0.20713814), (-0.27701965, -0.23489633, 0.20809506), (-0.27303472, -0.24634138, 0.20747258), (-0.27443358, -0.23996891, 0.20901272), (-0.25247797, -0.2918701, 0.21106465), (-0.2593982, -0.30300102, 0.20917082), (-0.24739364, -0.30253237, 0.21311793), (-0.24439383, -0.29747483, 0.21289934), (-0.24152574, -0.2939718, 0.21329167), (-0.26982838, -0.24861866, 0.20819308), (-0.31751186, -0.16760345, 0.21512529), (-0.31463996, -0.1687117, 0.21491566), (-0.31334507, -0.17595202, 0.21471992), (-0.26648936, -0.25197375, 0.20905666), (-0.2871206, -0.2198515, 0.2067477), (-0.29557142, -0.21169256, 0.20560384), (-0.29308322, -0.21243781, 0.20475888), (-0.23780778, -0.2999197, 0.21640018), (-0.24212483, -0.29520625, 0.21477562), (-0.26317462, -0.25953534, 0.20924097), (-0.3061181, -0.19261445, 0.20641015), (-0.30065224, -0.20080166, 0.20456482), (-0.28159937, -0.22809249, 0.2090754), (-0.31670755, -0.16128242, 0.22029223), (-0.24548207, -0.2854933, 0.21239962), (-0.28544676, -0.2235373, 0.20885767), (-0.29646924, -0.2086811, 0.20431344), (-0.30685687, -0.18811348, 0.2062044), (-0.25203276, -0.27272147, 0.20967978), (-0.33618057, -0.37706652, 0.15005158), (-0.34664446, -0.37186232, 0.14622363), (-0.33929223, -0.37865287, 0.14200053), (-0.35105765, -0.37527716, 0.13462006), (-0.33842686, -0.37241438, 0.1541898), (-0.33194986, -0.37335908, 0.15975441), (-0.36537036, -0.3605308, 0.13692611), (-0.35226408, -0.3647277, 0.14849338), (-0.34562698, -0.36383903, 0.15566303), (-0.36348638, -0.34820572, 0.15173903), (-0.36715636, -0.34778884, 0.14763382), (-0.3695578, -0.35509908, 0.13732825), (-0.33082348, -0.36904013, 0.16391723), (-0.3546014, -0.3492443, 0.15851393), (-0.3321993, -0.35966194, 0.1684537), (-0.34770533, -0.34917167, 0.16367522), (-0.36398467, -0.3346078, 0.15804686), (-0.36780718, -0.33461618, 0.15368104), (-0.3717192, -0.3483774, 0.13873401), (-0.31668732, -0.37284383, 0.16552126), (-0.3720868, -0.33526433, 0.14417918), (-0.37416124, -0.34057054, 0.13892849), (-0.37485194, -0.329077, 0.1422555), (-0.37195843, -0.32737666, 0.14575134), (-0.37380219, -0.32089803, 0.14584963), (-0.36976358, -0.3102599, 0.15271635), (-0.371456, -0.31279057, 0.14981826), (-0.36211014, -0.3649073, 0.13623418), (-0.3178684, -0.37722597, 0.15850654), (-0.3264245, -0.3777131, 0.1535539), (-0.33913603, -0.38108447, 0.13450618), (-0.3420221, -0.38101357, 0.13398029), (-0.32331005, -0.38015053, 0.14975804), (-0.33005735, -0.38103196, 0.14115916), (-0.3735403, -0.31561995, 0.14867792), (-0.37512287, -0.33812156, 0.13995367), (-0.37238917, -0.34876534, 0.13903764), (-0.3768786, -0.2673273, 0.16076197), (-0.37449178, -0.2649927, 0.16203628), (-0.38046652, -0.25340757, 0.16245598), (-0.371765, -0.28395453, 0.15818506), (-0.3722812, -0.29429328, 0.15548229), (-0.36493778, -0.28527367, 0.16270638), (-0.36901906, -0.2583662, 0.16757819), (-0.35891867, -0.25533044, 0.17388658), (-0.3442603, -0.28435218, 0.17390428), (-0.34368142, -0.26318988, 0.18047273), (-0.3353877, -0.27204958, 0.18269023), (-0.36327085, -0.24853048, 0.17367618), (-0.33832312, -0.2517516, 0.18668889), (-0.33160198, -0.24252486, 0.19291894), (-0.34314233, -0.23771113, 0.18792596), (-0.3650486, -0.24081662, 0.17484084), (-0.32975242, -0.25224856, 0.19156459), (-0.37687802, -0.25158447, 0.16472241), (-0.38200203, -0.25041598, 0.16196725), (-0.36856753, -0.23317115, 0.17547525), (-0.361496, -0.23454547, 0.17923339), (-0.33127558, -0.22209251, 0.20036203), (-0.3445207, -0.22003356, 0.19394568), (-0.33544096, -0.20952493, 0.2029665), (-0.32065424, -0.24522208, 0.19744433), (-0.32017288, -0.26289785, 0.192656), (-0.32394984, -0.27509686, 0.18805705), (-0.35501233, -0.29205686, 0.16670898), (-0.3654338, -0.2935662, 0.16031788), (-0.31430733, -0.27430484, 0.19257554), (-0.3786269, -0.23019582, 0.16930428), (-0.3308619, -0.2079374, 0.20560652), (-0.34928107, -0.19492076, 0.20052612), (-0.3513978, -0.20810315, 0.19567233), (-0.36334437, -0.20711207, 0.1902735), (-0.361696, -0.1843541, 0.19793051), (-0.36437568, -0.21407212, 0.18666485), (-0.37049282, -0.18332827, 0.19393122), (-0.38052204, -0.18054447, 0.18897457), (-0.36849937, -0.16930807, 0.2002153), (-0.3796892, -0.16874708, 0.19446431), (-0.3732691, -0.20817307, 0.18388839), (-0.38040313, -0.19376665, 0.18403696), (-0.3122429, -0.25736395, 0.19713534), (-0.34728852, -0.17445005, 0.20714743), (-0.3573578, -0.16486964, 0.20618613), (-0.3372508, -0.18223703, 0.20861313), (-0.37903705, -0.1593171, 0.19934157), (-0.3800025, -0.14905843, 0.20372021), (-0.36646307, -0.14663683, 0.2098665), (-0.39443246, -0.14658211, 0.19565055), (-0.3380612, -0.15572709, 0.21620359), (-0.348459, -0.14757009, 0.21509767), (-0.34457314, -0.13886023, 0.22083983), (-0.3580473, -0.12631737, 0.22063147), (-0.32859612, -0.283537, 0.18429151), (-0.3430329, -0.29170552, 0.1734934), (-0.3023617, -0.27327663, 0.19746083), (-0.33772308, -0.1470991, 0.22088629), (-0.31828618, -0.23755966, 0.20043543), (-0.3008926, -0.2556013, 0.20153452), (-0.36096928, -0.13330692, 0.21662067), (-0.37011534, -0.11933734, 0.2191808), (-0.3800916, -0.12488588, 0.21391389), (-0.3842073, -0.10268532, 0.21991786), (-0.39226076, -0.11729231, 0.21097511), (-0.4058541, -0.09167018, 0.21305038), (-0.40067288, -0.08360589, 0.21911141), (-0.41039065, -0.08391452, 0.21391402), (-0.40654597, -0.07151472, 0.22056842), (-0.37860334, -0.08359011, 0.2285374), (-0.3728421, -0.099844456, 0.225817), (-0.36541972, -0.08375932, 0.23449449), (-0.36116216, -0.108400166, 0.22795673), (-0.3899096, -0.12518677, 0.20959967), (-0.41122282, -0.064996764, 0.22115439), (-0.37881416, -0.13884957, 0.20883285), (-0.35764298, -0.097404815, 0.2346229), (-0.34769523, -0.08049485, 0.2452187), (-0.39040926, -0.07190834, 0.22669137), (-0.40502152, -0.06124253, 0.22430675), (-0.39580166, -0.13025683, 0.20391554), (-0.32409555, -0.15922675, 0.22083531), (-0.32544217, -0.16470836, 0.21725142), (-0.40931284, -0.05205272, 0.22500807), (-0.4167576, -0.053002816, 0.22157824), (-0.3726392, -0.06427964, 0.23517029), (-0.3613927, -0.05228549, 0.24363984), (-0.3489662, -0.1249058, 0.22683303), (-0.42160422, -0.057578612, 0.21687515), (-0.3498355, -0.052378006, 0.249746), (-0.42103434, -0.028145446, 0.22420521), (-0.42380694, -0.03583037, 0.22151986), (-0.3468064, -0.099679485, 0.24078384), (-0.3406704, -0.09479722, 0.24491796), (-0.35100323, -0.11073839, 0.23399237), (-0.33861935, -0.11600231, 0.24148855), (-0.33347404, -0.113050856, 0.2446175), (-0.33175457, -0.13114823, 0.24119565), (-0.3295519, -0.122668564, 0.24451075), (-0.32271862, -0.13682301, 0.24479562), (-0.3226568, -0.14621575, 0.24129479), (-0.31792054, -0.14373946, 0.24543363), (-0.37627864, -0.051904038, 0.23561664), (-0.3810864, -0.21833424, 0.17231429), (-0.40316033, -0.10427707, 0.20907202), (-0.40022847, -0.12042496, 0.20377769), (-0.40955892, -0.09265624, 0.2097852), (-0.3951373, -0.051631145, 0.22915171), (-0.39028805, -0.16948386, 0.18585324), (-0.34120354, -0.12157655, 0.23707739), (-0.3359123, -0.13238463, 0.23603739), (-0.3820516, -0.20808399, 0.17702033), (-0.39360392, -0.15513615, 0.19095458), (-0.37143314, -0.29966027, 0.15411519), (-0.36752692, -0.036066316, 0.24257953), (-0.38483298, -0.0356577, 0.23444414), (-0.34429196, -0.06893398, 0.2485116), (-0.2916251, -0.27349818, 0.20080401), (-0.33186626, -0.08492398, 0.24915065), (-0.36274505, -0.30761188, 0.16003956), (-0.34385675, -0.048855193, 0.25226015), (-0.30226988, -0.2888762, 0.19556734), (-0.41271028, -0.030636895, 0.22676513), (-0.31502017, -0.1457959, 0.24555773), (-0.39029092, -0.18597932, 0.17805567), (-0.42661992, -0.052900832, 0.21415342), (-0.3535545, -0.03170963, 0.24987109), (-0.38094229, -0.024139319, 0.23708458), (-0.38274798, -0.24241874, 0.16232081), (-0.38478777, -0.23883079, 0.16226651), (-0.38823396, -0.22483568, 0.16289373), (-0.39424, -0.011119639, 0.23273477), (-0.35017475, -0.30517182, 0.16840453), (-0.40033942, -0.032256108, 0.22985508), (-0.41251764, -0.019547852, 0.22759584), (-0.39179185, -0.21193762, 0.16485518), (-0.3992207, -0.12989241, 0.20099059), (-0.4202722, -0.06697433, 0.21339878), (-0.42652354, -0.03547404, 0.21926033), (-0.2838094, -0.2866057, 0.20160215), (-0.29226056, -0.2914998, 0.19796987), (-0.27732825, -0.30305758, 0.20252332), (-0.31669995, -0.30246788, 0.18941577), (-0.3324042, -0.30230036, 0.18039791), (-0.3324038, -0.31041816, 0.17948872), (-0.31669495, -0.30968034, 0.18792696), (-0.30855715, -0.30111405, 0.19279702), (-0.29666653, -0.31040195, 0.19455689), (-0.30430642, -0.31921077, 0.18999736), (-0.3165203, -0.32535878, 0.18449691), (-0.3303979, -0.31906348, 0.17978184), (-0.2975456, -0.32838422, 0.18943037), (-0.28559074, -0.32740167, 0.19455196), (-0.29755977, -0.34856254, 0.18495102), (-0.27929074, -0.3432885, 0.19319704), (-0.26976016, -0.3334486, 0.19936441), (-0.28397205, -0.34961212, 0.18956456), (-0.29254025, -0.35263076, 0.1849334), (-0.26565146, -0.31324762, 0.20506088), (-0.29124284, -0.30460933, 0.19768006), (-0.26967934, -0.30512077, 0.2053392), (-0.25904563, -0.31361565, 0.2080376), (-0.25263527, -0.3343875, 0.20830406), (-0.2602545, -0.34930602, 0.1974112), (-0.24133907, -0.34736848, 0.20858195), (-0.24043262, -0.33502057, 0.21331868), (-0.22870772, -0.33752576, 0.21751796), (-0.2148708, -0.35046995, 0.21892907), (-0.21656936, -0.33501118, 0.22336328), (-0.2324487, -0.34987512, 0.21166833), (-0.20422427, -0.34704712, 0.22547847), (-0.1874439, -0.33105156, 0.23943289), (-0.19831294, -0.33644563, 0.23204896), (-0.19372723, -0.31904715, 0.24065882), (-0.21033198, -0.326624, 0.22894426), (-0.20305116, -0.31817088, 0.23679675), (-0.20662068, -0.36672187, 0.21613991), (-0.21871242, -0.3639348, 0.2116418), (-0.18628444, -0.35997462, 0.22844404), (-0.17452945, -0.36652318, 0.23152229), (-0.1749703, -0.345804, 0.2393869), (-0.22087035, -0.31700408, 0.2255879), (-0.21830992, -0.31210315, 0.22908556), (-0.22362332, -0.31253985, 0.22569776), (-0.18647444, -0.38069764, 0.2189127), (-0.17257713, -0.38022095, 0.22630198), (-0.26918775, -0.346466, 0.19473289), (-0.22656305, -0.32887778, 0.22023588), (-0.16119707, -0.3703755, 0.23549838), (-0.1545975, -0.384336, 0.23289885), (-0.13926306, -0.3831327, 0.23964795), (-0.15981783, -0.35583827, 0.24128498), (-0.15112445, -0.3603448, 0.24284297), (-0.1749813, -0.3305175, 0.24417743), (-0.16114342, -0.34504938, 0.24416453), (-0.24429904, -0.3557671, 0.20257148), (-0.19136515, -0.30878958, 0.2441302), (-0.22872065, -0.36759803, 0.20443064), (-0.21209013, -0.37644354, 0.20818794), (-0.19982018, -0.38095346, 0.21191914), (-0.20090401, -0.31328785, 0.2403461), (-0.19889449, -0.30893597, 0.24277909), (-0.13131016, -0.3779049, 0.24387205), (-0.22872214, -0.31663814, 0.22105454), (-0.2260566, -0.30910122, 0.22483976), (-0.23952773, -0.31911826, 0.21551383), (-0.30563197, -0.36393294, 0.1760663), (-0.16577008, -0.3891725, 0.22469167), (-0.1523886, -0.39071035, 0.2303357), (-0.32875854, -0.33686057, 0.17767596), (-0.3409419, -0.33456174, 0.1720828), (-0.33174965, -0.34950227, 0.17345089), (-0.35704172, -0.33404967, 0.16292426), (-0.32150456, -0.34925064, 0.17735161), (-0.31137967, -0.33600196, 0.18396504), (-0.3214421, -0.36329103, 0.1709182), (-0.17479764, -0.3165544, 0.24742083), (-0.34495318, -0.3218166, 0.17138809), (-0.35997158, -0.32127014, 0.16183864), (-0.14292732, -0.39240187, 0.23320861), (-0.13494743, -0.39151478, 0.23687924), (-0.14947404, -0.39450917, 0.23060146), (-0.15877979, -0.3962629, 0.22489461), (-0.15790921, -0.39185604, 0.226412), (-0.16113912, -0.32871136, 0.24812144), (-0.17447697, -0.38884094, 0.22035082), (-0.25613368, -0.36221388, 0.1920598), (-0.14067906, -0.34904155, 0.24794488), (-0.15292732, -0.3365375, 0.24808556), (-0.13079329, -0.3844368, 0.24123922), (-0.12677175, -0.390349, 0.24094489), (-0.23446766, -0.3066392, 0.21805392), (-0.29174218, -0.36345887, 0.17934465), (-0.24824978, -0.3640791, 0.19503835), (-0.33153626, -0.09686405, 0.24646093), (-0.27849156, -0.29268536, 0.20277238), (-0.17417388, -0.3101422, 0.24843156), (-0.36430758, -0.014359616, 0.24547134), (-0.38505304, 0.0015998203, 0.23605785), (-0.39759153, 0.0010954579, 0.23180328), (-0.22351378, -0.37666008, 0.2014133), (-0.23095635, -0.37720552, 0.19667616), (-0.23042321, -0.3068986, 0.22066368), (-0.23448841, -0.30344716, 0.2189278), (-0.2674134, -0.35721686, 0.18836153), (-0.34096944, -0.032891616, 0.25364524), (-0.199514, -0.30091098, 0.2445369), (-0.35685468, -0.021140374, 0.24860199), (-0.3577748, 0.0018394656, 0.248326), (-0.420777, 0.0012620923, 0.22504425), (-0.41115433, 0.0032030342, 0.22858083), (-0.3370333, -0.052939553, 0.2527716), (-0.12614727, -0.36201888, 0.24793684), (-0.33332303, -0.059681155, 0.2520388), (-0.42625275, -0.019033993, 0.22125071), (-0.3231026, -0.12777562, 0.24545851), (-0.20646575, -0.3813073, 0.207825), (-0.3773154, 0.0128414715, 0.23922184), (-0.39326346, 0.015259499, 0.23274407), (-0.34919053, -0.01797826, 0.25126407), (-0.34796727, 0.0044944356, 0.25122586), (-0.33639488, -0.045972817, 0.2538546), (-0.39259368, -0.20456327, 0.16785404), (-0.3955192, -0.1884698, 0.17220937), (-0.39601868, -0.17269906, 0.17846099), (-0.3985739, -0.171057, 0.1777794), (-0.39975548, -0.1616438, 0.18137784), (-0.37222466, -0.31049165, 0.15166351), (-0.16075547, -0.3120964, 0.2503268), (-0.28285602, -0.36548346, 0.18022741), (-0.30411282, -0.37003198, 0.17228495), (-0.17642173, -0.29914883, 0.2480486), (-0.19488756, -0.2974821, 0.24460432), (-0.3633954, 0.022976024, 0.24464409), (-0.2625101, -0.36563388, 0.18408068), (-0.26483375, -0.36084792, 0.18603931), (-0.26931754, -0.36820614, 0.17884782), (-0.25081292, -0.37328434, 0.18598165), (-0.24010727, -0.37732893, 0.19020799), (-0.32784912, -0.14595312, 0.23631494), (-0.32786912, -0.07634475, 0.25071773), (-0.34904298, 0.024953002, 0.2500877), (-0.3473161, 0.04907667, 0.25024226), (-0.3379328, 0.03921636, 0.25311852), (-0.33972836, 0.051356796, 0.2524038), (-0.34763882, 0.054775435, 0.25148562), (-0.33321708, 0.041555878, 0.25498506), (-0.3290134, 0.032949198, 0.2533758), (-0.33238068, 0.02888437, 0.25190574), (-0.33559763, 0.050195288, 0.2555312), (-0.3378656, 0.0086477585, 0.25271052), (-0.35080993, 0.054412972, 0.24851075), (-0.35555518, 0.054548264, 0.24600415), (-0.36381623, 0.044212125, 0.24229945), (-0.33785406, -0.015191543, 0.2541389), (-0.37155542, 0.030484641, 0.2403736), (-0.3820834, 0.03265266, 0.23559442), (-0.38116732, 0.040668137, 0.23514237), (-0.4103825, 0.028102145, 0.22694169), (-0.4194618, 0.014937994, 0.22445644), (-0.34054363, -0.0028048663, 0.25295222), (-0.377342, 0.050915457, 0.23589404), (-0.3953521, 0.058298938, 0.22905694), (-0.38249856, 0.066911824, 0.23300433), (-0.325959, -0.11385708, 0.2453483), (-0.14016002, -0.32791016, 0.25039387), (-0.15103477, -0.31938082, 0.25030777), (-0.1269413, -0.3575094, 0.24837191), (-0.11852665, -0.38175902, 0.24339883), (-0.12540217, -0.38708147, 0.24122533), (-0.116598874, -0.377463, 0.24476008), (-0.36229667, 0.059788533, 0.24163981), (-0.41186282, 0.04029116, 0.2248918), (-0.12838063, -0.33218196, 0.25054485), (-0.4238595, 0.0070737232, 0.22255611), (-0.40014255, 0.07192416, 0.22545168), (-0.38980818, 0.06955388, 0.22975452), (-0.39493772, 0.09068996, 0.22521792), (-0.19786331, -0.2867099, 0.24365465), (-0.37436414, 0.062385958, 0.23556876), (-0.36460006, 0.061053943, 0.23969886), (-0.27327853, -0.3621255, 0.18338196), (-0.27997473, -0.36901563, 0.17757323), (-0.40247697, 0.09676936, 0.22019492), (-0.39751723, 0.11010702, 0.22077228), (-0.3836142, 0.082926914, 0.22955328), (-0.37877354, 0.07099623, 0.23266299), (-0.40624326, 0.07425258, 0.22118795), (-0.16237874, -0.39632246, 0.22123492), (-0.16667263, -0.39688522, 0.21727398), (-0.32331386, -0.08576701, 0.24881169), (-0.32556352, -0.096754454, 0.2461363), (-0.39382038, 0.11262966, 0.22155596), (-0.41065162, 0.06459407, 0.22093016), (-0.31161794, -0.15322939, 0.24097452), (-0.4146606, 0.049740948, 0.2213923), (-0.37976873, 0.1046352, 0.22683515), (-0.33848646, -0.14028464, 0.22587687), (-0.18777989, -0.38477206, 0.2145743), (-0.18003349, -0.3877215, 0.21677911), (-0.36346704, 0.10391535, 0.22935274), (-0.36941037, 0.08880796, 0.23070137), (-0.33211708, -0.048594393, 0.25291106), (-0.308027, -0.14889899, 0.24398811), (-0.3176726, -0.13199289, 0.24468428), (-0.33053315, -0.15001914, 0.22564644), (-0.1717026, -0.393889, 0.21457861), (-0.17367893, -0.3964594, 0.21319267), (-0.17677465, -0.3940965, 0.21016526), (-0.17614923, -0.39196098, 0.21115287), (-0.3544209, 0.05695399, 0.24896874), (-0.2915231, -0.376174, 0.16946569), (-0.11827849, -0.38516715, 0.24460608), (-0.33266443, 0.05090948, 0.25969723), (-0.32740423, 0.04438034, 0.25947273), (-0.33019397, 0.0699779, 0.2640439), (-0.32702008, 0.06813764, 0.2644896), (-0.32447737, 0.07803397, 0.26685822), (-0.32491705, 0.055475406, 0.2622628), (-0.32702047, 0.03560716, 0.25806853), (-0.32406938, 0.06961768, 0.2651927), (-0.3130934, 0.06780736, 0.2627234), (-0.31101152, 0.08057799, 0.26567987), (-0.33034214, -0.05727358, 0.25186336), (-0.3203265, 0.08643872, 0.26924706), (-0.3235734, 0.09084252, 0.26815897), (-0.31832016, 0.09739212, 0.26974225), (-0.32609555, 0.08289265, 0.26715726), (-0.31291762, -0.13938463, 0.24474761), (-0.31817338, -0.1550514, 0.23466612), (-0.33400866, 0.05688452, 0.26143456), (-0.32433912, 0.030837564, 0.25537267), (-0.3154393, 0.056066174, 0.26056597), (-0.30830738, 0.04491576, 0.25671163), (-0.31292298, 0.03504829, 0.25513017), (-0.3008815, 0.061913777, 0.2594809), (-0.30127543, 0.07462265, 0.26200515), (-0.29961467, 0.0874879, 0.265069), (-0.31188953, 0.09186954, 0.26825917), (-0.3157274, 0.10168201, 0.27046135), (-0.31908622, 0.10526708, 0.27143255), (-0.30350202, 0.0988035, 0.26931143), (-0.3087019, 0.112740666, 0.27065563), (-0.29516396, 0.10724061, 0.27240387), (-0.29661942, 0.12175979, 0.27495122), (-0.30257767, 0.12614098, 0.27138084), (-0.30341545, 0.12928388, 0.2705928), (-0.2955329, 0.13502112, 0.27183163), (-0.29874223, 0.13906218, 0.27060845), (-0.31582797, 0.11341466, 0.27199304), (-0.31290862, 0.118080445, 0.27175775), (-0.2886306, 0.13012055, 0.27375996), (-0.2909505, 0.1382063, 0.2727474), (-0.27832192, 0.1303955, 0.27358136), (-0.28126612, 0.11562222, 0.2690523), (-0.27858114, 0.14063431, 0.28285912), (-0.2837836, 0.14617516, 0.27815786), (-0.28658417, 0.094648786, 0.2651054), (-0.32376656, 0.09426738, 0.27031118), (-0.1411703, -0.39359802, 0.2346167), (-0.2919333, 0.08137619, 0.26085472), (-0.29981288, -0.37701622, 0.16625762), (-0.30946466, -0.37670916, 0.16341425), (-0.30626413, -0.37871966, 0.16491131), (-0.31662455, -0.37912476, 0.16013412), (-0.32229075, -0.15733846, 0.22467794), (-0.30866483, 0.12614474, 0.27162948), (-0.30364946, 0.13426721, 0.27146497), (-0.31808102, 0.031683102, 0.25354666), (-0.3065991, -0.15396163, 0.23966783), (-0.27894783, 0.1446709, 0.28058726), (-0.28115755, 0.14692895, 0.27866346), (-0.32154816, -0.3810733, 0.15121505), (-0.2932923, 0.14134255, 0.2690619), (-0.29627872, 0.14855884, 0.27216575), (-0.13097002, -0.39253467, 0.24011467), (-0.29028255, 0.14910078, 0.26864952), (-0.2879007, 0.14544165, 0.26819578), (-0.28560117, 0.15090846, 0.26771918), (-0.2912099, 0.15462689, 0.27099296), (-0.28624892, 0.15513, 0.26775956), (-0.28148523, 0.15102482, 0.26754838), (-0.27861676, 0.15397514, 0.26511985), (-0.27840623, 0.14963917, 0.26676598), (-0.2965936, -0.37746134, 0.1685232), (-0.27625993, 0.1563126, 0.26215976), (-0.20917442, -0.31555152, 0.23443392), (-0.17879173, -0.39266044, 0.20467468), (-0.057963934, -0.35803834, 0.2975774), (-0.06410936, -0.356951, 0.29151294), (-0.076911986, -0.35465422, 0.28786388), (-0.086573415, -0.3516885, 0.29995003), (-0.06252038, -0.3560909, 0.30750665), (-0.07765874, -0.35211238, 0.31126076), (-0.09882191, -0.34730724, 0.30773377), (-0.10216627, -0.3472418, 0.2955971), (-0.09697308, -0.3490975, 0.28599775), (-0.11320801, -0.34213105, 0.3079258), (-0.109412014, -0.344774, 0.28583303), (-0.11837572, -0.3411359, 0.29547563), (-0.13196492, -0.33470142, 0.30833292), (-0.065113746, -0.35377693, 0.31465423), (-0.10608106, -0.34294003, 0.31399915), (-0.11701719, -0.33878183, 0.3144971), (-0.09148264, -0.34717345, 0.31460458), (-0.051742047, -0.35719675, 0.3066832), (-0.045884658, -0.3567909, 0.31283477), (-0.039542552, -0.3571052, 0.3144697), (-0.1291916, -0.33346677, 0.3146758), (-0.14125814, -0.328411, 0.31350514), (-0.14895622, -0.3255761, 0.30803064), (-0.15563005, -0.32119292, 0.3131035), (-0.1735625, -0.31116575, 0.3092501), (-0.13121216, -0.33467814, 0.29014927), (-0.09536895, -0.34848678, 0.27443343), (-0.08373446, -0.35209575, 0.2816547), (-0.11526762, -0.3410443, 0.27903745), (-0.16470547, -0.31622836, 0.31258002), (-0.18537353, -0.30314356, 0.31278455), (-0.07430774, -0.35099456, 0.31521425), (-0.1283591, -0.33398876, 0.2768858), (-0.15134999, -0.32271832, 0.2979096), (-0.11408743, -0.33954138, 0.26958284), (-0.18959746, -0.30004102, 0.31164005), (-0.17665876, -0.30636716, 0.31708673), (-0.19468905, -0.29422796, 0.3157833), (-0.14346927, -0.32389182, 0.27550325), (-0.1584862, -0.31583577, 0.28902918), (-0.112230174, -0.33809653, 0.26182428), (-0.14140883, -0.322052, 0.26273453), (-0.13164271, -0.32793745, 0.2630333), (-0.12318598, -0.3321735, 0.2590579), (-0.13669889, -0.32491207, 0.25913978), (-0.14273143, -0.32149377, 0.25786227), (-0.11144233, -0.33746773, 0.25697163), (-0.10038317, -0.34088078, 0.25694695), (-0.09347879, -0.34332716, 0.26003647), (-0.08778264, -0.3442322, 0.2542953), (-0.070274115, -0.34819078, 0.25923693), (-0.06882838, -0.34852755, 0.2551423), (-0.053332224, -0.35210282, 0.26035556), (-0.06139748, -0.35115904, 0.2494784), (-0.06519571, -0.35079122, 0.26767138), (-0.053610716, -0.35461, 0.28286004), (-0.042141963, -0.3555527, 0.2788494), (-0.046756465, -0.3527188, 0.25256187), (-0.07930814, -0.34928235, 0.26944408), (-0.05239273, -0.35746312, 0.292878), (-0.03330813, -0.35479876, 0.26410642), (-0.06276361, -0.3515167, 0.24568775), (-0.07186939, -0.3494993, 0.24979776), (-0.15664792, -0.31144258, 0.2593341), (-0.154011, -0.3129818, 0.26367742), (-0.15633464, -0.3147359, 0.28038687), (-0.1784374, -0.30143568, 0.28852156), (-0.17334531, -0.3008156, 0.27555254), (-0.16658245, -0.30355874, 0.26754522), (-0.023048332, -0.35615587, 0.2761111), (-0.036525384, -0.3566537, 0.29229853), (-0.04349581, -0.35204032, 0.24685517), (-0.17456718, -0.29590726, 0.2640518), (-0.18893777, -0.2841973, 0.26316664), (-0.18269664, -0.28903222, 0.25819093), (-0.19227086, -0.28609976, 0.2786071), (-0.19231275, -0.29292554, 0.30020064), (-0.17211306, -0.29840598, 0.2581547), (-0.19426617, -0.2782522, 0.25958824), (-0.19929156, -0.27716696, 0.27383077), (-0.19473015, -0.27784228, 0.2551827), (-0.20655718, -0.266898, 0.26530734), (-0.20168525, -0.26977, 0.25570732), (-0.19820492, -0.28350657, 0.29361033), (-0.20642734, -0.28173, 0.31419164), (-0.20628843, -0.28183427, 0.31721774), (-0.21790157, -0.26933813, 0.31779143), (-0.21018232, -0.2589976, 0.25318754), (-0.20633791, -0.26948, 0.2808076), (-0.20654157, -0.26428622, 0.25166044), (-0.2120916, -0.25910777, 0.24354282), (-0.21058829, -0.2714171, 0.3037432), (-0.2067126, -0.27274042, 0.2936896), (-0.073032, -0.35058576, 0.24275757), (-0.07466753, -0.35141575, 0.24586728), (-0.22108042, -0.24740879, 0.27036926), (-0.22353947, -0.24203911, 0.25434965), (-0.23264565, -0.23308979, 0.26163113), (-0.22733395, -0.24191162, 0.27918327), (-0.23999254, -0.23276508, 0.28927097), (-0.21962623, -0.25175303, 0.29491898), (-0.21895729, -0.25048295, 0.27747968), (-0.2391978, -0.23819105, 0.3064773), (-0.22007424, -0.25232723, 0.29795253), (-0.22434549, -0.25126594, 0.30536446), (-0.24073935, -0.22420998, 0.25670326), (-0.25539994, -0.2169926, 0.28789878), (-0.25498155, -0.22133401, 0.3033128), (-0.25652453, -0.21004312, 0.25678894), (-0.2539122, -0.22682075, 0.31667274), (-0.24717064, -0.21816303, 0.24445885), (-0.23648049, -0.2453422, 0.315528), (-0.24751495, -0.23383342, 0.3167187), (-0.2583197, -0.20907103, 0.2470196), (-0.25425982, -0.2111401, 0.24348281), (-0.26226258, -0.20333979, 0.24261324), (-0.26362008, -0.20509025, 0.2698144), (-0.2715982, -0.19688812, 0.2711694), (-0.2665993, -0.20007771, 0.2557176), (-0.27929333, -0.18761368, 0.26043966), (-0.2710813, -0.19895722, 0.28362566), (-0.27964273, -0.19137016, 0.2965724), (-0.26678538, -0.20564386, 0.2967749), (-0.26575124, -0.2113829, 0.31244576), (-0.23201422, -0.23284377, 0.24585924), (-0.23906037, -0.22562823, 0.2442409), (-0.230303, -0.23292659, 0.24076854), (-0.27435386, -0.2015026, 0.31412897), (-0.23636816, -0.24767514, 0.3194877), (-0.22321433, -0.24152176, 0.24021275), (-0.21906841, -0.24798097, 0.24581525), (-0.28032115, -0.18709697, 0.2768253), (-0.2244145, -0.2604029, 0.31578913), (-0.22742021, -0.2584849, 0.32029682), (-0.21804716, -0.2645665, 0.31001192), (-0.21872377, -0.2575666, 0.30334553), (-0.24685587, -0.23430844, 0.3189348), (-0.26349667, -0.21359667, 0.3151981), (-0.21802032, -0.24913909, 0.24125932), (-0.21301508, -0.25513443, 0.23979469), (-0.2666869, -0.20200694, 0.24446921), (-0.27375072, -0.19656758, 0.24649541), (-0.27544156, -0.19428839, 0.24335307), (-0.28106654, -0.18969491, 0.24602191), (-0.28253, -0.18705197, 0.24261634), (-0.2882156, -0.1806162, 0.24032494), (-0.2897882, -0.17923181, 0.24521841), (-0.29354498, -0.17549098, 0.24015127), (-0.29692715, -0.17282419, 0.24110354), (-0.2984181, -0.17125131, 0.2352724), (-0.20888135, -0.26437128, 0.24075677), (-0.20712939, -0.26784676, 0.24588788), (-0.23794398, -0.22266366, 0.24074012), (-0.3061391, -0.169634, 0.23138388), (-0.25211835, -0.20916542, 0.24110503), (-0.23895545, -0.24362503, 0.32086346), (-0.12846865, -0.33019263, 0.25701767), (-0.12028949, -0.33464363, 0.2563985), (-0.15533571, -0.31368476, 0.2573457), (-0.20485692, -0.27465996, 0.24298844), (-0.20494796, -0.2727297, 0.24080408), (-0.104115814, -0.3409132, 0.25441417), (-0.012782815, -0.35425717, 0.26281053), (-0.04753268, -0.35723007, 0.29820132), (-0.011514598, -0.35650888, 0.2891493), (-0.033993516, -0.35671163, 0.30515555), (-0.010775147, -0.3571017, 0.30627528), (-0.0066977493, -0.35756794, 0.31407693), (-0.19008996, -0.29602304, 0.3182769), (0.013177806, -0.35673305, 0.3125327), (0.0074629574, -0.35617125, 0.29579175), (-0.009836627, -0.3505534, 0.24723439), (-0.0012432504, -0.35198694, 0.25580224), (0.0003239121, -0.35504085, 0.27519208), (0.020038106, -0.3555509, 0.3056256), (0.014783011, -0.35510823, 0.28844237), (0.032042492, -0.35511848, 0.31150067), (0.012519566, -0.35179904, 0.26333797), (0.019403132, -0.3537069, 0.28127328), (-0.080076836, -0.35202536, 0.24565814), (0.01531481, -0.34893098, 0.25266242), (-0.20453602, -0.2732678, 0.2465956), (-0.16668172, -0.31184042, 0.31712478), (0.03516237, -0.3531802, 0.3061841), (0.048091464, -0.35253656, 0.3113537), (0.026514366, -0.35139108, 0.27522445), (0.049880564, -0.34964213, 0.304987), (0.040880516, -0.34886682, 0.28548756), (0.038522013, -0.35349646, 0.31348583), (-0.08070893, -0.35269722, 0.24258468), (-0.30041453, -0.16956125, 0.23279372), (-0.30657125, -0.1676735, 0.22900645), (-0.31125435, -0.16863503, 0.22993441), (-0.31075844, -0.16787979, 0.2269228), (-0.31537482, -0.16838074, 0.22584394), (-0.2026268, -0.2844126, 0.24460869), (-0.088213146, -0.35480812, 0.24528964), (-0.08476851, -0.35352406, 0.24103184), (-0.093619786, -0.35854113, 0.24294338), (-0.096174195, -0.36088958, 0.24487), (0.24489564, 0.18138167, 0.27372754), (0.24211572, 0.18088321, 0.27127677), (0.24278578, 0.17494835, 0.27046087), (0.24207102, 0.1897788, 0.26933795), (0.24491327, 0.17301062, 0.27458876), (0.23934779, 0.18651065, 0.26311678), (0.24339259, 0.17070562, 0.26924592), (0.24664958, 0.16164929, 0.2761641), (0.24592982, 0.1696008, 0.27673858), (0.24827358, 0.16296408, 0.27876005), (0.25011602, 0.15293452, 0.28174362), (0.2531723, 0.15433724, 0.28505746), (0.23886049, 0.19012222, 0.26472384), (0.23865537, 0.19510204, 0.26522598), (0.23666786, 0.19431461, 0.2596708), (0.23885155, 0.20267244, 0.26205266), (0.2353309, 0.2028919, 0.25721222), (0.23439948, 0.19842753, 0.2510603), (0.2319562, 0.20942304, 0.2520264), (0.23079239, 0.20341325, 0.24325491), (0.24172477, 0.17621191, 0.24672323), (0.23937896, 0.18461125, 0.23838308), (0.24765612, 0.15635096, 0.26174077), (0.24383919, 0.16721247, 0.23624675), (0.24856187, 0.15120876, 0.24033785), (0.25121218, 0.1447135, 0.2485544), (0.23587176, 0.19349001, 0.23914681), (0.2516054, 0.14630039, 0.25973716), (0.25301766, 0.1440082, 0.26548982), (0.2571725, 0.13001679, 0.24988864), (0.25649464, 0.13087793, 0.23999897), (0.259949, 0.12145229, 0.24431099), (0.26507613, 0.10842108, 0.24979049), (0.26505843, 0.10853454, 0.24059452), (0.26838243, 0.099651664, 0.24888983), (0.2712224, 0.093253374, 0.25349343), (0.27527338, 0.08298202, 0.2475505), (0.23557808, 0.19475067, 0.2324427), (0.25249162, 0.14245403, 0.23987852), (0.24221456, 0.17656955, 0.236563), (0.26300544, 0.123102434, 0.26810798), (0.26073298, 0.13098517, 0.27642268), (0.26632547, 0.12090594, 0.28550154), (0.26875168, 0.109011486, 0.2692502), (0.27056795, 0.11347749, 0.29580295), (0.27388507, 0.09636308, 0.27477422), (0.27530122, 0.09967594, 0.29424235), (0.2758297, 0.08164841, 0.2585469), (0.27111804, 0.11329394, 0.30123183), (0.27778274, 0.0735181, 0.25133204), (0.26971942, 0.11758893, 0.3043165), (0.26620573, 0.12467372, 0.29805118), (0.27784252, 0.08409327, 0.27638313), (0.28213185, 0.07917134, 0.3013581), (0.27674362, 0.102480195, 0.3086481), (0.2854167, 0.06275933, 0.29303277), (0.26203898, 0.13193804, 0.29291466), (0.27315533, 0.11139282, 0.3075243), (0.27433097, 0.10906148, 0.30836383), (0.28552523, 0.07425476, 0.30917245), (0.25841966, 0.13802773, 0.2879662), (0.28032747, 0.06997996, 0.27326208), (0.2779934, 0.06930189, 0.25713098), (0.2539482, 0.14531448, 0.28541693), (0.28290176, 0.08369625, 0.3080788), (0.27985397, 0.09362427, 0.30887622), (0.2686566, 0.100185, 0.24073216), (0.28612024, 0.049233258, 0.28658307), (0.27224973, 0.092323065, 0.24266091), (0.26089448, 0.12116874, 0.23713873), (0.2525613, 0.15023394, 0.28585544), (0.2564892, 0.14321251, 0.28923014), (0.22612402, 0.20756951, 0.22853577), (0.2799876, 0.0565414, 0.25014877), (0.2801377, 0.05706515, 0.26788896), (0.27896848, 0.053821277, 0.25693235), (0.22636133, 0.2089417, 0.23945743), (0.22728911, 0.21275416, 0.24686526), (0.2793126, 0.0720936, 0.24575587), (0.24055749, 0.18572848, 0.22984795), (0.23537698, 0.1961527, 0.22788656), (0.24397276, 0.17650789, 0.23276481), (0.25205222, 0.14498323, 0.23692015), (0.2793631, 0.032676302, 0.2621207), (0.28036258, 0.03554501, 0.26834363), (0.28073382, 0.019946044, 0.2662162), (0.27992147, 0.028925816, 0.25686255), (0.28084803, 0.016396552, 0.26140416), (0.28515294, 0.02879393, 0.28197214), (0.25938642, 0.14015153, 0.290617), (0.22355534, 0.22132142, 0.2472635), (0.28238294, 0.016254678, 0.2551306), (0.28082788, 0.09650788, 0.31186733), (0.2777921, 0.08107544, 0.24234155), (0.22093804, 0.21820146, 0.24314752), (0.21839333, 0.21575908, 0.23468411), (0.2114956, 0.2225346, 0.2352535), (0.21076761, 0.22348143, 0.22777317), (0.2035786, 0.231104, 0.23342058), (0.20097856, 0.23393507, 0.22953713), (0.20739825, 0.22879237, 0.23706765), (0.20586476, 0.23289339, 0.23943952), (0.21545187, 0.22751941, 0.24399036), (0.2678201, 0.12717529, 0.30032432), (0.26922533, 0.12240255, 0.30405185), (0.26440027, 0.13482442, 0.2962092), (0.22792357, 0.20721492, 0.22370195), (0.21905698, 0.21622194, 0.22358328), (0.2562607, 0.14748481, 0.28854635), (0.19773501, 0.23613825, 0.23381312), (0.1994963, 0.23899141, 0.23909089), (0.28057435, 0.103440195, 0.3126113), (0.19216748, 0.23880704, 0.22974719), (0.22953242, 0.21813543, 0.25136626), (0.2356724, 0.21548179, 0.25444585), (0.20894684, 0.2363971, 0.24209729), (0.20171991, 0.23933531, 0.24046351), (0.1925811, 0.2461404, 0.23912911), (0.19258071, 0.23999834, 0.23718767), (0.20182367, 0.23714994, 0.22370379), (0.19490069, 0.24248016, 0.22402047), (0.19534512, 0.2511991, 0.2197246), (0.2054126, 0.24174252, 0.2194424), (0.18345146, 0.24548241, 0.22807251), (0.20705248, 0.23168038, 0.22363539), (0.18743473, 0.2579965, 0.21881272), (0.20639044, 0.2589941, 0.20808978), (0.2171523, 0.25415185, 0.20499778), (0.20786282, 0.26961467, 0.20125233), (0.19293953, 0.2713804, 0.20685537), (0.22119424, 0.27131099, 0.19158214), (0.22886416, 0.25127652, 0.19974574), (0.20597264, 0.28574422, 0.19157891), (0.21575233, 0.24157555, 0.2122808), (0.23160397, 0.23537958, 0.20669594), (0.24128789, 0.24001901, 0.19895267), (0.25518578, 0.21255894, 0.20565891), (0.2649231, 0.22187164, 0.1946389), (0.25665495, 0.23813188, 0.19067986), (0.23754214, 0.25659055, 0.1902759), (0.26841593, 0.21050183, 0.19845916), (0.2773513, 0.18395099, 0.20805247), (0.27161738, 0.17798579, 0.21496178), (0.23958312, 0.20180456, 0.21924108), (0.2582749, 0.17428914, 0.22423835), (0.24393103, 0.18655837, 0.22528209), (0.24871133, 0.17448314, 0.2297412), (0.23751797, 0.21210054, 0.2148228), (0.21847194, 0.22471681, 0.21820638), (0.28370404, 0.1745236, 0.20869915), (0.23795964, 0.19544178, 0.22419752), (0.27015772, 0.16026178, 0.22346884), (0.279151, 0.16382407, 0.2162318), (0.2728687, 0.22419749, 0.18745989), (0.2864479, 0.2091784, 0.18573308), (0.29368666, 0.19625658, 0.18841575), (0.2985577, 0.18629248, 0.19054243), (0.26719216, 0.2453448, 0.17774951), (0.21468513, 0.22298038, 0.22234176), (0.30017406, 0.17669165, 0.19417104), (0.21916638, 0.2834431, 0.18388811), (0.24693432, 0.16462772, 0.23428197), (0.29727232, 0.20400481, 0.18015394), (0.28679317, 0.22372994, 0.1753357), (0.25928363, 0.25338402, 0.17702478), (0.2000614, 0.30010632, 0.18386413), (0.19039789, 0.29903919, 0.18956314), (0.17439939, 0.3119354, 0.18874604), (0.16128656, 0.29823053, 0.20393197), (0.17438704, 0.29128143, 0.20170523), (0.18215351, 0.2850963, 0.20206091), (0.16990887, 0.2710797, 0.21504399), (0.24127948, 0.26265106, 0.1822197), (0.19170009, 0.30925056, 0.18100694), (0.28938967, 0.15258642, 0.21303882), (0.2993301, 0.16565785, 0.19926922), (0.26921198, 0.15167609, 0.22684155), (0.21439761, 0.29948655, 0.17243606), (0.30529878, 0.19069411, 0.18084165), (0.22978124, 0.286709, 0.17081517), (0.2466225, 0.27228126, 0.16892585), (0.26243252, 0.2571626, 0.17001076), (0.30177632, 0.20526119, 0.1745461), (0.17369084, 0.32150277, 0.18003991), (0.2441957, 0.28409427, 0.15973784), (0.2565223, 0.27703694, 0.15464185), (0.26979426, 0.25232527, 0.16803272), (0.28600505, 0.23801664, 0.16264072), (0.29855028, 0.22218114, 0.16276143), (0.20230299, 0.3127554, 0.1684955), (0.28648806, 0.13055168, 0.22151689), (0.29786503, 0.14285894, 0.20929351), (0.29669788, 0.13205333, 0.21330099), (0.31971008, 0.17596598, 0.17402866), (0.27606335, 0.13015153, 0.2283413), (0.28706205, 0.11244666, 0.22659603), (0.29821268, 0.101994045, 0.22162062), (0.29835156, 0.124452434, 0.21435882), (0.29733485, 0.091895, 0.22633803), (0.2862689, 0.09526043, 0.23239137), (0.292122, 0.083568625, 0.23228891), (0.28166163, 0.102838024, 0.23235343), (0.27401534, 0.09289188, 0.23992774), (0.26952273, 0.101170555, 0.23859307), (0.28007022, 0.07692718, 0.24172914), (0.2541857, 0.14352691, 0.23579772), (0.26466253, 0.112409815, 0.23752952), (0.3022824, 0.07954674, 0.22649083), (0.27698216, 0.12199691, 0.22983378), (0.28826994, 0.07526903, 0.2365226), (0.2984228, 0.07197986, 0.23128247), (0.30917993, 0.0677915, 0.22629966), (0.31067142, 0.075818725, 0.22139068), (0.3163809, 0.06773499, 0.22077128), (0.3039039, 0.08776098, 0.22181736), (0.30735564, 0.044688486, 0.23253155), (0.2828676, 0.0664088, 0.24238351), (0.2932755, 0.040190637, 0.24070776), (0.30701354, 0.032444768, 0.2353986), (0.28724414, 0.05504928, 0.24109615), (0.2876553, 0.027601695, 0.24720019), (0.2989712, 0.021444686, 0.24160913), (0.31008518, 0.011844723, 0.23906283), (0.3128015, 0.015801456, 0.23590279), (0.25660145, 0.13438024, 0.23648162), (0.31419915, 0.057276536, 0.2249669), (0.31124553, 0.12632585, 0.20221166), (0.331837, 0.1262113, 0.18402871), (0.32135645, 0.13844264, 0.18928581), (0.33230725, 0.101788685, 0.19107085), (0.31478286, 0.09490004, 0.20739783), (0.33029336, 0.09272149, 0.1959821), (0.33236244, 0.07014031, 0.20355049), (0.34420946, 0.08847996, 0.18562168), (0.32501683, 0.06967559, 0.2104954), (0.34241134, 0.10510605, 0.1806765), (0.3453326, 0.06870887, 0.19199324), (0.33233958, 0.14667937, 0.17563652), (0.31602854, 0.16269, 0.18427452), (0.31545842, 0.034451146, 0.22808118), (0.3160818, 0.015564699, 0.23207568), (0.32022187, 0.018381605, 0.22871757), (0.35433948, 0.07210174, 0.18186882), (0.2950296, 0.009163955, 0.245201), (0.30374327, 0.009869759, 0.24166802), (0.32096797, 0.033407167, 0.22310302), (0.3262949, 0.018714359, 0.22328494), (0.32370603, 0.015332694, 0.22724573), (0.32483384, 0.043366574, 0.21556057), (0.3391789, 0.12743837, 0.17615986), (0.35295838, 0.09829836, 0.1724367), (0.2835084, 0.033265013, 0.24977632), (0.34756047, 0.050739914, 0.1936197), (0.3518756, 0.11082727, 0.16789995), (0.33250242, 0.044576503, 0.20669615), (0.34341857, 0.038854443, 0.19877316), (0.34865576, 0.022010954, 0.19694693), (0.33471906, 0.033487443, 0.2083126), (0.35926616, 0.049633477, 0.18247862), (0.32580346, 0.0317182, 0.21835855), (0.3319362, 0.017889876, 0.21927564), (0.33631048, 0.01862352, 0.21138796), (0.33121943, 0.17537391, 0.16087769), (0.32592762, 0.18488547, 0.16018319), (0.32524374, 0.059362296, 0.21144304), (0.34699586, 0.127108, 0.16705301), (0.3447111, 0.14716616, 0.16022064), (0.36080888, 0.06861426, 0.17558038), (0.36221996, 0.0828866, 0.1677764), (0.36121494, 0.01930654, 0.18484588), (0.35466534, -0.0003970126, 0.19361314), (0.3389423, 0.00003703258, 0.21014397), (0.36377618, 0.09792653, 0.15795554), (0.33838183, 0.01186819, 0.21008791), (0.31210676, 0.2047689, 0.16142261), (0.35274634, 0.12831186, 0.15847142), (0.33136618, 0.006613323, 0.2195548), (0.22786471, 0.2978608, 0.1607607), (0.36185068, 0.113607176, 0.15171745), (0.36265796, -0.0018248587, 0.18487713), (0.31302142, 0.012893667, 0.23765877), (0.27160794, 0.25794268, 0.15888654), (0.26807874, 0.2731298, 0.1458925), (0.36863285, 0.069575205, 0.163594), (0.34567186, 0.16081947, 0.14877622), (0.28233534, 0.25417194, 0.1494953), (0.36976963, 0.050191797, 0.1676066), (0.34101355, 0.17486782, 0.14517383), (0.37270916, 0.02316911, 0.16875662), (0.3328992, 0.187582, 0.14635196), (0.32535493, 0.20049925, 0.14500609), (0.3709439, 0.08401601, 0.15279476), (0.29038247, 0.2407638, 0.1528348), (0.25092652, 0.2911735, 0.14323641), (0.35393757, 0.1447316, 0.14568654), (0.37454528, 0.0009926455, 0.16858372), (0.2910269, 0.25407994, 0.1358491), (0.30975604, 0.22085762, 0.14623308), (0.30485412, 0.23563625, 0.13477053), (0.28031787, 0.26828578, 0.13407958), (0.23797579, 0.3006309, 0.14522777), (0.22594817, 0.30464357, 0.1530701), (0.3710685, 0.09844412, 0.14362769), (0.31541955, 0.22413039, 0.13110879), (0.2694239, 0.28230768, 0.12984434), (0.35421032, 0.15979376, 0.13142623), (0.33087045, 0.20327148, 0.1300561), (0.37642702, 0.051362995, 0.15476102), (0.37601763, 0.06767592, 0.14978321), (0.34736922, 0.17550594, 0.13044779), (0.20440768, 0.32001948, 0.15498976), (0.32122555, 0.015065072, 0.23212123), (0.36159462, 0.1437537, 0.12929307), (0.37082475, 0.11552, 0.13091587), (0.19461511, 0.32366112, 0.15962763), (0.18946652, 0.31857163, 0.17201242), (0.24674495, 0.30078626, 0.13286576), (0.3310237, 0.011584616, 0.22152056), (0.1728636, 0.332987, 0.16484214), (0.3808873, 0.023159225, 0.15231533), (0.31012312, 0.2362577, 0.12128806), (0.29562923, 0.25440717, 0.12423467), (0.37672275, 0.097991414, 0.12935533), (0.37935656, 0.08466071, 0.13119149), (0.18503514, 0.24290186, 0.23075327), (0.22078218, 0.31731796, 0.13635546), (0.17332429, 0.3401008, 0.15234813), (0.38073564, -0.0009316971, 0.1558986), (0.2855379, 0.27002132, 0.11741287), (0.270417, 0.284474, 0.12326948), (0.3807941, 0.05252926, 0.14311077), (0.3837475, 0.060889523, 0.13134733), (0.31793952, 0.22848654, 0.11403078), (0.34894642, 0.17695679, 0.12111643), (0.33282527, 0.20673041, 0.114313036), (0.38370526, 0.00044065702, 0.14796616), (0.3580691, 0.1591081, 0.11634523), (0.38798136, 0.024025593, 0.13015671), (0.3890964, -0.00004551067, 0.13127117), (0.37138224, 0.12455915, 0.11549061), (0.36681795, 0.14475268, 0.10049626), (0.37356684, 0.12633348, 0.100004226), (0.3468806, 0.18732698, 0.09982914), (0.33385792, 0.20958985, 0.09928908), (0.379046, 0.108825184, 0.10096109), (0.36094004, 0.15905549, 0.10009737), (0.35345483, 0.17559452, 0.09952622), (0.38422891, 0.08847403, 0.10143339), (0.3883139, 0.06574841, 0.10357988), (0.38974586, 0.05639964, 0.1034641), (0.39292774, 0.022860337, 0.10507229), (0.394041, -0.00024981087, 0.10604481), (0.38123226, 0.10554899, 0.077766165), (0.37466946, 0.12627296, 0.07374096), (0.36763555, 0.14498356, 0.077358), (0.38763994, 0.07879103, 0.070549674), (0.3903695, 0.06323446, 0.06846167), (0.38220844, 0.10234908, 0.053993534), (0.37448052, 0.12645514, 0.056451164), (0.39365792, 0.02393485, 0.090775885), (0.39176494, 0.051381648, 0.069281526), (0.38692835, 0.08089068, 0.042435084), (0.37287962, 0.12734486, 0.01943538), (0.3714473, 0.12842509, -0.017590066), (0.37013915, 0.12642838, -0.07368707), (0.3797747, 0.10316867, -0.026708864), (0.37445143, 0.11373081, -0.07765389), (0.37851644, 0.10187908, -0.07600279), (0.3686113, 0.1259339, -0.11181872), (0.37513778, 0.099443726, -0.1622907), (0.36624634, 0.12576678, -0.16479065), (0.37359366, 0.09964298, -0.19859767), (0.36501113, 0.12355456, -0.21441595), (0.3623138, 0.122041926, -0.27966), (0.3696957, 0.098907866, -0.2787937), (0.36578867, 0.10194253, -0.34414542), (0.3598335, 0.12165727, -0.33919507), (0.35928363, 0.12010163, -0.3592108), (0.36360255, 0.103304945, -0.37395072), (0.37726513, 0.10045108, -0.10804003), (0.18493763, 0.24372767, 0.2349259), (0.38503549, 0.0814477, -0.013574905), (0.3819876, 0.08601702, -0.0692471), (0.35681513, 0.12451057, -0.37319785), (0.35966972, 0.10353516, -0.41449487), (0.35050362, 0.12995452, -0.41499433), (0.3894526, 0.06497431, 0.029072767), (0.37720925, 0.082022086, -0.19848938), (0.37344566, 0.08648146, -0.25674945), (0.38322112, 0.072092935, -0.098405674), (0.38749054, 0.06316395, -0.04038969), (0.38409272, 0.060081515, -0.12853059), (0.38040674, 0.07273091, -0.1594092), (0.38059786, 0.05998936, -0.20705022), (0.3784686, 0.058097187, -0.256474), (0.37373787, 0.07334594, -0.30518103), (0.3708804, 0.07902441, -0.34779295), (0.36929765, 0.07934769, -0.3717131), (0.36449307, 0.08299692, -0.41410327), (0.34955207, 0.12500173, -0.43271703), (0.37354654, 0.057234213, -0.36749044), (0.37632406, 0.055901095, -0.30627194), (0.35743406, 0.10134386, -0.43224865), (0.36961588, 0.055363003, -0.4151207), (0.38927555, 0.04838876, -0.044066317), (0.38994715, 0.026162252, -0.091684885), (0.38779014, 0.025823494, -0.13495807), (0.38382986, 0.04636333, -0.16697106), (0.378376, 0.042793475, -0.29244483), (0.3844926, 0.024833247, -0.19468245), (0.38041228, 0.0228553, -0.28825015), (0.3777957, 0.031467117, -0.32538098), (0.3766153, 0.020708725, -0.37223944), (0.37449226, 0.042806856, -0.37502855), (0.39063254, 0.048797216, 0.007473736), (0.39409205, 0.02095999, 0.04535831), (0.3930653, 0.02096664, -0.010997684), (0.39167476, 0.025051191, -0.048361063), (0.39450008, 0.02152297, 0.07132881), (0.36319196, 0.0762384, -0.43250996), (0.36850902, 0.051440556, -0.42910635), (0.3730825, 0.024701105, -0.41356143), (0.37160206, 0.022055905, -0.4281158), (0.3950266, -0.00089572434, 0.08814912), (0.3956179, -0.0002755082, 0.06616284), (0.3939619, 0.0003681934, -0.022723213), (0.3921542, 0.00081391097, -0.07279716), (0.3898006, 0.00027860896, -0.121519715), (0.38467303, 0.000021223868, -0.20968494), (0.38235152, -0.00035501886, -0.2589847), (0.38121668, -0.00001371885, -0.2894112), (0.37939507, 0.00023367233, -0.32881242), (0.37755856, -0.00012920573, -0.3726851), (0.37439135, 0.00030016957, -0.4125759), (0.37263653, 0.000011353745, -0.42806244), (0.34494072, 0.118873775, -0.4527692), (0.35062325, 0.10069649, -0.45370927), (0.3649826, 0.049223762, -0.4432931), (0.3686868, 0.021463698, -0.43996036), (0.35497487, 0.083914965, -0.45300156), (0.3584387, 0.067846395, -0.45335594), (0.36177456, 0.0489166, -0.4536433), (0.393112, -0.023647154, 0.10583785), (0.39354658, -0.028783735, 0.09110645), (0.39457127, -0.023719551, 0.06918404), (0.39397955, -0.020911215, 0.03016149), (0.3932237, -0.021244261, -0.01559613), (0.3768965, -0.023641797, -0.3697254), (0.3912887, -0.022005113, -0.07175377), (0.38892546, -0.025834145, -0.11747032), (0.38427573, -0.024780257, -0.2010071), (0.38185528, -0.0253003, -0.24793305), (0.37998578, -0.02358639, -0.2969267), (0.37411994, -0.023610454, -0.4086518), (0.37177384, -0.023176482, -0.42908543), (0.36920494, 0.0005191256, -0.44130105), (0.36880657, -0.022989804, -0.44056976), (0.36445406, 0.020794539, -0.45389718), (0.3654617, -0.0010097538, -0.45362723), (0.39321864, -0.038469158, 0.06986841), (0.3781493, -0.050273705, -0.28856212), (0.38020456, -0.05385547, -0.23180826), (0.38351992, -0.05032714, -0.1708061), (0.37429398, -0.049625784, -0.37459195), (0.3765298, -0.045427848, -0.3332094), (0.39026234, -0.05716385, 0.026619367), (0.389714, -0.036084816, -0.07609435), (0.38710195, -0.04998551, -0.09891228), (0.38993865, -0.047156952, -0.03079803), (0.38967493, -0.056225162, 0.10669677), (0.39064896, -0.059780337, 0.07182801), (0.3716993, -0.044793773, -0.4127881), (0.36942753, -0.047262605, -0.42954862), (0.33144778, 0.016396588, 0.22480246), (0.37401414, -0.073520035, -0.3167451), (0.3723614, -0.07502978, -0.3477503), (0.38313445, -0.06672626, -0.13593991), (0.38018137, -0.06789014, -0.19805108), (0.3784452, -0.068849914, -0.23178825), (0.36636806, -0.045439415, -0.4417621), (0.3883396, -0.06971016, 0.020593558), (0.3859384, -0.064657114, -0.07534131), (0.38548952, -0.081890605, -0.0071236542), (0.3864888, -0.08262444, 0.033289842), (0.3823704, -0.08651928, -0.07124767), (0.37971604, -0.08610813, -0.13908155), (0.37782693, -0.08268893, -0.19231279), (0.37108988, -0.074455686, -0.3709689), (0.3680175, -0.07123902, -0.41255435), (0.36604893, -0.07104012, -0.42926526), (0.363298, -0.06983956, -0.43974066), (0.36442167, -0.02515053, -0.45408583), (0.3866104, -0.08291482, 0.0714423), (0.3847519, -0.082481876, 0.1082152), (0.3735369, -0.087037764, -0.26748472), (0.3745454, -0.08929617, -0.22891079), (0.38330588, -0.09505018, 0.006037418), (0.38140684, -0.10641476, 0.038029667), (0.38055426, -0.10723582, 0.006824874), (0.38093546, -0.10844992, 0.07006856), (0.37922475, -0.1067865, 0.10782068), (0.37835574, -0.10631339, -0.0680012), (0.37572217, -0.105726875, -0.13178104), (0.3737082, -0.10506047, -0.17345351), (0.3716437, -0.10250847, -0.22433873), (0.36979407, -0.10099468, -0.27959138), (0.36645612, -0.09751452, -0.3627521), (0.36249116, -0.046910964, -0.45327735), (0.3638696, -0.092467055, -0.4078303), (0.3610798, -0.09342802, -0.4282426), (0.1903304, 0.23947258, 0.2335389), (0.3507889, 0.0698182, -0.46472964), (0.3438644, 0.099017315, -0.46464086), (0.3391817, 0.11544838, -0.46304384), (0.36190915, -0.113195226, -0.36857638), (0.35883218, -0.11135003, -0.40854463), (0.3656526, -0.11294554, -0.29395112), (0.36897147, -0.11224972, -0.22202684), (0.35629272, -0.11088658, -0.428552), (0.35824296, -0.0699202, -0.4547844), (0.3288821, 0.14361008, -0.4615502), (0.33391002, 0.14516802, -0.4534485), (0.32560572, 0.16087341, -0.45366222), (0.35599902, 0.044723645, -0.4639489), (0.35889465, 0.021201374, -0.46291852), (0.37258422, -0.12862018, 0.107220896), (0.35772747, -0.09159156, -0.44134542), (0.3116353, 0.16122095, -0.47133383), (0.31137455, 0.18560502, -0.45396835), (0.3529008, -0.10885111, -0.44195628), (0.35332358, -0.08984657, -0.45511928), (0.34840146, -0.10620487, -0.4562854), (0.35685986, -0.04527826, -0.46294156), (0.18020196, 0.24680458, 0.23027633), (0.18005064, 0.24828485, 0.23566882), (0.17565258, 0.25130555, 0.2300461), (0.17241089, 0.2553509, 0.23442094), (0.17006285, 0.2556094, 0.23018381), (0.17418045, 0.25139147, 0.22834313), (0.16490528, 0.25923097, 0.23308522), (0.17427619, 0.25559637, 0.23653042), (0.15950578, 0.26133406, 0.23018311), (0.15730837, 0.26385725, 0.23290153), (0.17355834, 0.26041788, 0.23646915), (0.08083127, 0.387827, -0.017609563), (0.097812295, 0.37965018, -0.09697725), (0.096980974, 0.3819142, -0.054133166), (0.095691666, 0.38500273, 0.0013900708), (0.08130257, 0.3891122, 0.013389298), (0.10955434, 0.38008684, -0.006584863), (0.13258691, 0.36973953, -0.06242886), (0.13128166, 0.36722976, -0.11571151), (0.09861383, 0.3771941, -0.14734267), (0.12729429, 0.3738743, -0.011994563), (0.12950665, 0.365074, -0.16582315), (0.096730664, 0.38656026, 0.062132586), (0.12518288, 0.3769136, 0.064275585), (0.12591691, 0.375455, 0.026735079), (0.08095297, 0.39058384, 0.06428789), (0.14072418, 0.3682785, -0.024485514), (0.14035784, 0.36988688, 0.02275112), (0.15717216, 0.35765845, -0.10799158), (0.15975277, 0.35885626, -0.06593989), (0.14905687, 0.356739, -0.17577082), (0.15451059, 0.35500628, -0.16858), (0.1250399, 0.37729606, 0.08747065), (0.09616928, 0.38695812, 0.08958217), (0.14279109, 0.37031308, 0.07666112), (0.10037758, 0.37407368, -0.20676866), (0.13394128, 0.3589823, -0.25844535), (0.09920793, 0.37011886, -0.28937122), (0.13240346, 0.3619661, -0.21241553), (0.1308143, 0.35771105, -0.32347092), (0.15029581, 0.3531428, -0.24645959), (0.1497559, 0.35063106, -0.30990925), (0.10050431, 0.36719558, -0.33798966), (0.1004121, 0.36491033, -0.37565723), (0.1277989, 0.35635763, -0.36429358), (0.12598222, 0.35456795, -0.3949106), (0.10078059, 0.36213398, -0.40660775), (0.14819889, 0.34706387, -0.38223392), (0.14952764, 0.34831607, -0.35642892), (0.12994215, 0.35105023, -0.41417888), (0.1498695, 0.34495524, -0.39723408), (0.15001574, 0.34311187, -0.41312435), (0.16092433, 0.36015016, -0.01052863), (0.124287456, 0.37726906, 0.1017007), (0.14353913, 0.3696032, 0.10016965), (0.16128686, 0.3607638, 0.02884575), (0.16010179, 0.3621928, 0.06297938), (0.17088263, 0.35545754, -0.009285165), (0.17452592, 0.3519468, -0.059874948), (0.15941283, 0.3627688, 0.085130036), (0.17630988, 0.3489809, -0.10124203), (0.17548294, 0.34522706, -0.16370313), (0.1732762, 0.34377542, -0.21748117), (0.16490258, 0.345133, -0.26504722), (0.12958251, 0.34892672, -0.42979828), (0.14804178, 0.3413351, -0.43003708), (0.10076821, 0.35929352, -0.42981336), (0.09616885, 0.3855887, 0.114329256), (0.08349311, 0.3791539, -0.19112034), (0.09946465, 0.37151173, -0.2600794), (0.08222564, 0.3763026, -0.2512525), (0.06516567, 0.38516805, -0.15311614), (0.06912062, 0.3872065, -0.07974725), (0.06902577, 0.37296763, -0.36781257), (0.0679851, 0.37166545, -0.38760906), (0.08813313, 0.3717937, -0.3077688), (0.0698047, 0.3774626, -0.27938905), (0.06784722, 0.37479314, -0.33874154), (0.06671446, 0.380078, -0.24719253), (0.06632605, 0.3823487, -0.20561609), (0.081402026, 0.39051428, 0.09491275), (0.07973156, 0.36465263, -0.42973858), (0.06739815, 0.3675117, -0.43050566), (0.12362911, 0.37642175, 0.115327656), (0.14183989, 0.36898133, 0.11398586), (0.0657392, 0.39158508, -0.004759277), (0.15854006, 0.36264208, 0.09981553), (0.16432291, 0.34055552, -0.36138085), (0.17649497, 0.33814937, -0.2845221), (0.17680006, 0.35383475, 0.08344216), (0.08184236, 0.38905174, 0.11576159), (0.06388144, 0.39369413, 0.055244684), (0.04342273, 0.384009, -0.25667349), (0.049368776, 0.38516226, -0.21070759), (0.043058522, 0.3817041, -0.29756334), (0.039965503, 0.3798666, -0.33279246), (0.061448336, 0.37766346, -0.30692142), (0.042821743, 0.37625104, -0.3839855), (0.052697517, 0.37025237, -0.4290185), (0.039849736, 0.3739989, -0.41334376), (0.062900335, 0.3941276, 0.083485596), (0.061452825, 0.39402342, 0.098426424), (0.06330961, 0.392446, 0.11673771), (0.04180047, 0.3884008, -0.16716635), (0.035928182, 0.3867626, -0.22352661), (0.036228012, 0.39384955, -0.04299441), (0.038323313, 0.3909384, -0.10515216), (0.0539184, 0.3900952, -0.06750229), (0.041059688, 0.3898457, -0.12796621), (0.058877677, 0.39320782, 0.014187295), (0.03559635, 0.39644656, 0.013414577), (0.03523232, 0.39778438, 0.061528325), (0.039376743, 0.37228245, -0.4293944), (0.034548294, 0.39790806, 0.09403359), (0.021763297, 0.3878976, -0.23510501), (0.018811226, 0.3850675, -0.28934473), (0.034919787, 0.3965468, 0.11585326), (0.01168052, 0.39078945, -0.18297766), (0.0018201476, 0.39418337, -0.09485512), (0.001469451, 0.392154, -0.16605802), (0.021507036, 0.3905529, -0.1590421), (0.021603972, 0.39372104, -0.07124216), (0.00040970906, 0.39614403, -0.04153757), (0.01849981, 0.39481217, -0.052251168), (0.02349176, 0.3971908, 0.012235491), (0.0010000882, 0.39830664, 0.015689367), (-0.0023681463, 0.3998593, 0.08188378), (0.02184757, 0.39864185, 0.063877754), (0.0010611587, 0.38773012, -0.27331945), (0.0014577092, 0.3894102, -0.24037544), (0.00062402163, 0.37972796, -0.38369057), (0.0008568833, 0.38290885, -0.3392869), (0.00059934333, 0.38479674, -0.31726405), (0.0019269418, 0.39048484, -0.20970011), (0.0011686933, 0.37717867, -0.41151094), (0.00033034274, 0.37534988, -0.42895055), (0.016942335, 0.39906684, 0.09585692), (0.017967986, 0.39774466, 0.11612791), (0.09888441, 0.3819736, 0.1315717), (0.083074674, 0.38628802, 0.1315935), (0.06236665, 0.3903894, 0.13117711), (0.034296215, 0.39457133, 0.13086234), (0.018720668, 0.39570132, 0.131791), (-0.0003767691, 0.39955384, 0.10061649), (0.12522452, 0.37306842, 0.13017689), (0.17732629, 0.3335935, -0.36133835), (0.17865804, 0.33017138, -0.39365906), (0.17842905, 0.32781053, -0.4156264), (0.19021471, 0.34495854, -0.012809273), (0.18788987, 0.34437898, -0.0670919), (0.1900366, 0.34615624, 0.051544644), (0.19032148, 0.346515, 0.08417226), (0.17721395, 0.32642773, -0.42981786), (0.15778501, 0.36105028, 0.11501063), (0.17884013, 0.35181764, 0.09839512), (0.097749196, 0.35572836, -0.44411966), (0.06722009, 0.3607861, -0.45179322), (0.18895452, 0.34064817, -0.117855884), (0.21245028, 0.32968283, -0.06907473), (0.2135099, 0.3258242, -0.12331445), (0.19577616, 0.33353284, -0.16068491), (0.21204206, 0.32358265, -0.16531114), (0.18830264, 0.3357203, -0.19943607), (0.1909345, 0.3304352, -0.26240164), (0.21162538, 0.32084167, -0.20595603), (0.20833156, 0.31956843, -0.2585533), (0.2072243, 0.31738567, -0.31084812), (0.203616, 0.31633404, -0.36763257), (0.21074799, 0.3324578, -0.026140317), (0.20554426, 0.33785015, 0.08436165), (0.2103643, 0.33366245, 0.036264934), (0.14002037, 0.36675707, 0.12908499), (0.20330067, 0.33777964, 0.098552145), (0.14615883, 0.33854485, -0.44131112), (0.17359549, 0.3522057, 0.115259536), (0.20033856, 0.31502086, -0.4082405), (0.19797601, 0.31393236, -0.4281084), (0.1270533, 0.34219965, -0.4522513), (0.10938189, 0.3485663, -0.45237523), (0.09761816, 0.35288945, -0.45252278), (0.08359459, 0.35634473, -0.452539), (0.22105451, 0.32374126, -0.0748059), (0.23629403, 0.31091833, -0.11691559), (0.23586456, 0.30896634, -0.14731131), (0.2193656, 0.32804543, 0.04618462), (0.21952954, 0.3266747, -0.021761801), (0.22103156, 0.3283103, 0.084276475), (0.22043698, 0.32714555, 0.0999134), (0.20601802, 0.3338303, 0.113034494), (0.17579418, 0.32391337, -0.44019556), (0.24112222, 0.31319696, 0.044611227), (0.2495713, 0.30874172, 0.08412268), (0.24505799, 0.3088338, -0.0026654592), (0.24229583, 0.30860713, -0.07630843), (0.23236139, 0.3064504, -0.20616859), (0.2276954, 0.32088864, 0.109407015), (0.24802887, 0.3086129, 0.100463614), (0.22071937, 0.30305994, -0.38018543), (0.2199338, 0.30033442, -0.41321212), (0.21981974, 0.29800785, -0.42934555), (0.1559721, 0.35773996, 0.13256961), (0.2198262, 0.3070208, -0.3279816), (0.22380319, 0.3076737, -0.26596683), (0.20396063, 0.33263132, 0.12380066), (0.16389425, 0.32569978, -0.4520176), (0.14428511, 0.3351257, -0.4524111), (0.17225437, 0.3481928, 0.13467681), (0.03801269, 0.36589858, -0.45144063), (0.19504897, 0.31120563, -0.44266498), (0.21683137, 0.2954917, -0.44317603), (0.26010236, 0.29959333, 0.05509417), (0.26245755, 0.29873428, 0.08478925), (0.17516187, 0.31964824, -0.45234263), (0.24038847, 0.29692292, -0.24226132), (0.23983918, 0.2936479, -0.28349957), (0.25210264, 0.29981154, -0.08846085), (0.25156692, 0.2963464, -0.14738268), (0.24912696, 0.29382086, -0.19936323), (0.24002555, 0.28736392, -0.378638), (0.24052839, 0.29078177, -0.3176142), (0.26291296, 0.29690903, 0.10091737), (0.23853688, 0.31116948, 0.11996763), (0.25341678, 0.30114028, 0.11781775), (0.25489375, 0.30010477, -0.015387552), (0.24015218, 0.28380275, -0.41265756), (0.23959537, 0.2817042, -0.42987874), (0.18779315, 0.33838168, 0.1366416), (0.20390537, 0.32939887, 0.13462274), (0.24919875, 0.28608102, -0.27426094), (0.2680581, 0.29279545, 0.056947857), (0.26725316, 0.29063, 0.013834976), (0.26568645, 0.29019672, -0.016291706), (0.14388691, 0.3617531, 0.13805722), (0.19388436, 0.30697614, -0.45445377), (-0.003479631, 0.39858323, 0.11516526), (0.000090454996, 0.39630005, 0.13208228), (0.12407519, 0.37057623, 0.13834873), (0.09622795, 0.37995008, 0.1396956), (0.27768907, 0.28478715, 0.08514844), (0.27555704, 0.28521734, 0.10210065), (0.20473751, 0.29909903, -0.4547718), (0.21568422, 0.29117894, -0.4547859), (-0.017654238, 0.38330853, -0.33472523), (-0.022390932, 0.37956363, -0.38587898), (-0.04007277, 0.3815074, -0.35565424), (-0.039521426, 0.37958327, -0.3818101), (0.00048215035, 0.37097338, -0.44473395), (-0.018623427, 0.3919061, -0.17368959), (-0.015529245, 0.39444074, -0.08313252), (-0.01943869, 0.39668092, -0.021839788), (-0.036682446, 0.39551538, -0.045304), (-0.03594549, 0.39384717, -0.091211885), (-0.037196804, 0.39739028, 0.014441953), (-0.035104707, 0.39865288, 0.06279654), (-0.035024807, 0.39215034, -0.15603888), (-0.03942777, 0.37675524, -0.41352555), (-0.024757676, 0.37524813, -0.42969552), (-0.018499153, 0.3878976, -0.26773793), (-0.025830967, 0.3844827, -0.3168186), (-0.03716306, 0.38908482, -0.22996375), (-0.034531374, 0.3908437, -0.18887569), (-0.039749235, 0.38351738, -0.3228331), (-0.033597805, 0.39888138, 0.09837269), (-0.039596505, 0.3749436, -0.42946818), (-0.038265757, 0.38757342, -0.25967234), (0.03526764, 0.3919344, 0.13910188), (-0.036203362, 0.39733896, 0.11688), (-0.033387817, 0.39564043, 0.12971312), (-0.0007446556, 0.36816746, -0.45266038), (0.060995895, 0.3876741, 0.13994965), (0.08003256, 0.38064674, 0.14836907), (0.09523183, 0.37589556, 0.1498172), (-0.054787867, 0.3940723, -0.047705997), (-0.05662256, 0.39222145, -0.09253108), (-0.05562321, 0.39117196, -0.12507749), (-0.06562853, 0.3941705, -0.015577444), (0.10833087, 0.37153628, 0.14977418), (-0.037741546, 0.372183, -0.43980303), (-0.062415596, 0.3963196, 0.077551), (0.20036827, 0.32732743, 0.1458093), (-0.061946884, 0.38887426, -0.17204222), (-0.0705051, 0.38525733, -0.22499791), (-0.06579065, 0.38415718, -0.25820836), (-0.05614979, 0.38761047, -0.21387035), (-0.06260997, 0.39607918, 0.10200454), (-0.057638213, 0.3955909, 0.11639945), (-0.082276225, 0.3913783, -0.039836336), (-0.08345655, 0.38824323, -0.110092916), (-0.07127318, 0.38924375, -0.12286363), (-0.08475546, 0.38636482, -0.14705598), (-0.082638435, 0.39243963, -0.00671087), (-0.07724005, 0.3849087, -0.20587018), (-0.08234888, 0.39303613, 0.02905468), (-0.08365497, 0.39385605, 0.07770912), (-0.082288325, 0.39384243, 0.10061804), (-0.052921336, 0.3754715, -0.41140297), (-0.06326497, 0.37595046, -0.38995427), (-0.06509395, 0.37849772, -0.35153), (-0.06469883, 0.38050887, -0.3193666), (-0.045758475, 0.3855636, -0.27559647), (-0.06801174, 0.3826709, -0.274352), (-0.056797583, 0.39365065, 0.13134705), (-0.079311244, 0.3915808, 0.13210174), (-0.03810135, 0.36818182, -0.45173466), (-0.081468694, 0.39264023, 0.119869195), (0.018276472, 0.38988993, 0.14872016), (0.00039300366, 0.39064866, 0.14820844), (0.052579403, 0.3856515, 0.14853929), (-0.070163764, 0.37136745, -0.4243758), (0.12517063, 0.36533725, 0.14927517), (-0.090822354, 0.3765279, -0.31402054), (-0.0937725, 0.37877646, -0.26386806), (-0.094800584, 0.38052884, -0.22819832), (-0.085492745, 0.37188023, -0.39417383), (-0.08849394, 0.37459022, -0.35048187), (0.03283148, 0.38805017, 0.14951569), (-0.08039081, 0.3879524, 0.1472955), (-0.07412603, 0.38756412, 0.1493829), (-0.08214274, 0.3690189, -0.42606083), (-0.04982833, 0.38829187, 0.14799598), (0.15738137, 0.3493519, 0.15072288), (-0.0626167, 0.3697964, -0.43616834), (-0.07924565, 0.36245006, -0.4528633), (-0.07349066, 0.36330587, -0.45281366), (0.14408413, 0.35551193, 0.15150684), (-0.039450392, 0.3918591, 0.14041752), (0.23671447, 0.27837917, -0.4452745), (0.2713517, 0.268482, -0.24298461), (0.26900193, 0.266288, -0.28640184), (0.26712185, 0.28003353, -0.16319641), (0.26138145, 0.29022035, -0.10040683), (0.274712, 0.2726189, -0.16374357), (0.27313963, 0.27064303, -0.20225602), (0.2663158, 0.26395103, -0.3529064), (0.26509392, 0.2629382, -0.38138002), (0.26318294, 0.2614087, -0.41381297), (0.2617816, 0.26026767, -0.42979202), (0.2592793, 0.2571899, -0.44360244), (0.2718391, 0.28582558, 0.115418054), (0.28031656, 0.2813849, 0.06433083), (0.28211805, 0.27748242, 0.03591392), (0.27929962, 0.2768955, -0.011555936), (0.27736828, 0.2757652, -0.07166905), (0.038648117, 0.35752162, -0.46522808), (-0.000335869, 0.3627533, -0.46218896), (-0.036826856, 0.36281314, -0.4610673), (0.23597725, 0.27392554, -0.4552579), (0.12153905, 0.33695474, -0.46294847), (0.06478716, 0.35324815, -0.46433255), (0.290086, 0.24410218, -0.27758446), (0.28329873, 0.24414867, -0.3664573), (0.2936991, 0.24806331, -0.19019125), (0.30336007, 0.23428656, -0.22171102), (0.30353674, 0.23081772, -0.2568489), (0.30299294, 0.229083, -0.27989677), (0.14271656, 0.3283746, -0.46301228), (0.16942443, 0.3167226, -0.46075788), (0.28460658, 0.23756342, -0.41336572), (0.287371, 0.23823063, -0.3785245), (0.2827778, 0.2367042, -0.42915645), (0.2565283, 0.25452742, -0.45498592), (0.28994608, 0.2706746, 0.08564739), (0.29178712, 0.2673683, 0.062122926), (0.2938799, 0.2548716, -0.097252674), (0.29230493, 0.26237977, 0.0022292833), (0.2984137, 0.2550577, 0.005700576), (0.307958, 0.2384027, -0.08654849), (0.30574533, 0.23625702, -0.15669845), (0.28896317, 0.26995087, 0.10169069), (0.3021884, 0.2209879, -0.37203246), (0.30318877, 0.2235553, -0.33094049), (0.27992213, 0.23521948, -0.44119456), (0.30017325, 0.2184193, -0.41482487), (0.2987156, 0.21706846, -0.4298282), (0.27873975, 0.22989877, -0.45420372), (0.3076335, 0.24373138, 0.016590524), (0.307183, 0.24817675, 0.08473861), (0.30905414, 0.24474546, 0.061522223), (0.29544437, 0.21503802, -0.44336802), (0.30250165, 0.25194868, 0.1034722), (0.3190532, 0.23092139, 0.0998431), (0.31800437, 0.22765899, -0.021615135), (0.3131512, 0.21981345, -0.23175627), (0.31787455, 0.22460972, -0.080741026), (0.32959023, 0.2105567, -0.030062648), (0.33213305, 0.20986684, 0.019132702), (0.3179593, 0.21967606, -0.14512844), (0.32739463, 0.2103235, -0.08404721), (0.32699963, 0.20535375, -0.15315147), (0.32482365, 0.20254916, -0.23102818), (0.3128268, 0.21458846, -0.28473467), (0.3232925, 0.19813985, -0.2946563), (0.3121709, 0.23707339, 0.011580635), (0.32304314, 0.22619954, 0.083106376), (0.3341002, 0.20988685, 0.06780495), (0.32322693, 0.19324552, -0.3480519), (0.32331744, 0.18963373, -0.38202628), (0.31897333, 0.1921591, -0.40905896), (0.29286328, 0.21201004, -0.4543906), (0.33479273, 0.20900983, 0.085262954), (0.3174923, 0.1891645, -0.43177813), (0.3320631, 0.1799928, -0.34613478), (0.33420983, 0.18116352, -0.28724754), (0.33591825, 0.18173583, -0.25144243), (0.34509265, 0.18790159, 0.007360809), (0.34206617, 0.18769847, -0.059350822), (0.34099028, 0.1864699, -0.09948361), (0.33799464, 0.18733463, -0.15147632), (0.3395209, 0.18197252, -0.18446094), (0.3378318, 0.18188561, -0.21897112), (0.31445116, 0.18733661, -0.44339886), (0.3025812, 0.19834222, -0.45395324), (0.3295387, 0.1766338, -0.4001368), (0.3325022, 0.17484215, -0.38132852), (0.33367446, 0.16613804, -0.41629934), (0.34692234, 0.18874778, 0.07736192), (0.2525889, 0.24961111, -0.46455458), (0.33290485, 0.1620557, -0.43350065), (0.3549153, 0.17424993, 0.0714508), (0.34212175, 0.16244428, -0.34237975), (0.3415245, 0.16858351, -0.27813154), (0.34594232, 0.1516525, -0.37193438), (0.3431536, 0.14976467, -0.41166466), (0.34006983, 0.14859886, -0.43291694), (0.35519215, 0.17065549, 0.025703155), (0.35381252, 0.16629058, -0.05214589), (0.35226858, 0.16537645, -0.09939779), (0.35134524, 0.16304827, -0.14062247), (0.35120192, 0.15677352, -0.21295658), (0.34963316, 0.15443715, -0.26328036), (0.3480892, 0.15140192, -0.33970883), (0.3609881, 0.1602074, 0.055303317), (0.36106694, 0.16048634, 0.08263979), (0.3637869, 0.14630115, -0.025548005), (0.36573112, 0.14468233, 0.009368072), (0.3680291, 0.14306702, 0.051263157), (0.36213174, 0.14362518, -0.091036305), (0.3035095, 0.030808762, 0.26256925), (0.31321815, 0.04019576, 0.26319125), (0.3034806, 0.039120417, 0.27075604), (0.29199064, 0.020194897, 0.26241708), (0.3150572, 0.033110965, 0.25453463), (0.30523267, 0.020339375, 0.24971949), (0.32814053, 0.04765915, 0.25653705), (0.3211167, 0.048355907, 0.26428306), (0.32826367, 0.057579536, 0.268308), (0.31160966, 0.047644228, 0.2702668), (0.32111025, 0.026918095, 0.24616943), (0.31023166, 0.05545636, 0.27576134), (0.30171442, 0.05864029, 0.2844258), (0.3103668, 0.062005416, 0.2813261), (0.3245663, 0.06778881, 0.2751629), (0.31915435, 0.07191961, 0.28379115), (0.31593207, 0.015568563, 0.24074993), (0.30343512, 0.06571347, 0.2871942), (0.29744235, 0.05701952, 0.28684404), (0.30830267, 0.015259233, 0.24404585), (0.2947499, 0.05461397, 0.28664005), (0.3033488, 0.07370162, 0.29386222), (0.3111486, 0.08148061, 0.2903127), (0.30145544, 0.082604736, 0.30443), (0.29677647, 0.0768537, 0.30248824), (0.29360256, 0.08147141, 0.3097845), (0.29918277, 0.08397305, 0.3055942), (0.2886393, 0.07774243, 0.31168476), (0.31776297, 0.015562902, 0.23695435), (0.27082717, 0.09776682, 0.35833254), (0.2658657, 0.112338945, 0.356048), (0.26373467, 0.10539983, 0.35011247), (0.26091704, 0.11601555, 0.34939373), (0.25761595, 0.12817231, 0.35015061), (0.2671235, 0.11912361, 0.3635563), (0.27650732, 0.09538143, 0.36719823), (0.25784373, 0.13897207, 0.3611048), (0.25268838, 0.13971914, 0.34974003), (0.25284773, 0.14659555, 0.35759702), (0.24890588, 0.14755856, 0.35009754), (0.26326054, 0.13401033, 0.37283844), (0.26760158, 0.12628207, 0.3758903), (0.27181002, 0.111890234, 0.37214282), (0.27691403, 0.1018169, 0.3778907), (0.28346235, 0.081736304, 0.37578753), (0.2758317, 0.08888942, 0.35575107), (0.28508693, 0.06638548, 0.36224222), (0.27899298, 0.07762371, 0.35563987), (0.27649835, 0.08011916, 0.34929276), (0.28462476, 0.056848373, 0.35574007), (0.27985758, 0.0643249, 0.349412), (0.2907996, 0.03911344, 0.36082667), (0.29049805, 0.04892326, 0.36685532), (0.25068414, 0.1588538, 0.37118104), (0.28303948, 0.09404141, 0.3952627), (0.2882317, 0.0654903, 0.37622744), (0.27230287, 0.11953232, 0.38989156), (0.2882359, 0.08063378, 0.40253034), (0.27137497, 0.1289053, 0.40970168), (0.260831, 0.1521548, 0.40737793), (0.25321957, 0.16422656, 0.39847505), (0.28005582, 0.112196505, 0.42910168), (0.2854303, 0.09503308, 0.41755924), (0.2730345, 0.13128586, 0.4357838), (0.25867447, 0.1590914, 0.4157408), (0.25423327, 0.16871859, 0.41768524), (0.29017344, 0.08018466, 0.42010513), (0.2918149, 0.069787115, 0.40764114), (0.29250783, 0.05371877, 0.3855476), (0.28833312, 0.09097177, 0.44033512), (0.29199123, 0.08028993, 0.44992414), (0.29472917, 0.068174355, 0.43571174), (0.28132606, 0.11108656, 0.45542496), (0.2869444, 0.09614071, 0.45158306), (0.2685202, 0.14188614, 0.44475526), (0.27504095, 0.12752844, 0.46245858), (0.28917757, 0.09037976, 0.476149), (0.2830813, 0.1060763, 0.47740173), (0.256726, 0.16417003, 0.42946067), (0.2619247, 0.15569323, 0.45840555), (0.25125724, 0.17325075, 0.41512084), (0.29370728, 0.07532759, 0.47759774), (0.29619157, 0.0649998, 0.46161497), (0.2960427, 0.050213408, 0.4090761), (0.27436173, 0.08969542, 0.34855083), (0.27068615, 0.13712637, 0.47326267), (0.2755746, 0.12477757, 0.4781927), (0.29884857, 0.049434833, 0.44210282), (0.28625154, 0.097267896, 0.4818126), (0.29469413, 0.031556215, 0.37481493), (0.2991886, 0.029866315, 0.40796852), (0.29971144, 0.047551606, 0.47730532), (0.25585923, 0.1664885, 0.47213975), (0.25178972, 0.17317072, 0.44881314), (0.24501997, 0.17520389, 0.39180142), (0.23980154, 0.1754425, 0.3669941), (0.2505162, 0.1741265, 0.42959365), (0.23808019, 0.17402129, 0.35961103), (0.262904, 0.15079942, 0.48024368), (0.30196956, 0.027532209, 0.45466143), (0.29767954, 0.027370155, 0.3942811), (0.294235, 0.02008594, 0.36624447), (0.2493343, 0.17655672, 0.46912932), (0.25177634, 0.17225373, 0.47794855), (0.30128714, 0.008871325, 0.417078), (0.30212402, 0.02152229, 0.478464), (0.2359625, 0.18403672, 0.37900737), (0.30295843, 0.0021812418, 0.44548282), (0.30198753, 0.000018534209, 0.42006823), (0.29556483, 0.0017519814, 0.37095383), (0.2931848, 0.015451, 0.3612566), (0.29774436, -0.00049073325, 0.38990736), (0.3031809, -0.00095457106, 0.47646207), (0.29416353, -0.0022822553, 0.36309797), (0.30164316, 0.022102611, 0.48209748), (0.297691, -0.022478515, 0.39283782), (0.30134305, -0.014619618, 0.4181211), (0.30220276, -0.019774375, 0.43648505), (0.30272016, -0.019102555, 0.46326235), (0.29486692, -0.02434974, 0.37252676), (0.30234402, -0.00065596966, 0.48321337), (0.3000759, -0.034108985, 0.41625828), (0.30188456, -0.030872509, 0.4469853), (0.30197257, -0.023846725, 0.48179117), (0.30167383, -0.037042655, 0.4750557), (0.29446438, -0.037379928, 0.37705788), (0.2995083, -0.05005685, 0.43198454), (0.3000603, -0.051723335, 0.46778196), (0.2923974, -0.034910418, 0.3638993), (0.2988418, -0.050040923, 0.42212653), (0.2936617, -0.05261694, 0.38268188), (0.29257542, -0.0065779914, 0.3588459), (0.30003247, -0.051232703, 0.4778531), (0.2578663, 0.12982576, 0.34784195), (0.28925973, -0.057645567, 0.36451584), (0.28328905, 0.044516303, 0.34928253), (0.24331349, 0.15690397, 0.35000494), (0.23949268, 0.18980579, 0.4503868), (0.23888415, 0.19034654, 0.47698244), (0.23609774, 0.18851575, 0.39875668), (0.2381175, 0.18996736, 0.42839676), (0.22650434, 0.19216055, 0.3663977), (0.22488984, 0.191049, 0.3600418), (0.22664443, 0.20581281, 0.45732987), (0.22503003, 0.20792045, 0.47025833), (0.27362478, 0.091556236, 0.35580337), (0.22457205, 0.206262, 0.42993706), (0.22388133, 0.20572159, 0.4178753), (0.22594772, 0.20637025, 0.47871256), (0.22010995, 0.20592129, 0.39522806), (0.29525018, -0.06911583, 0.42242408), (0.29154673, -0.06896201, 0.39014083), (0.29625785, -0.06998176, 0.4563455), (0.28957215, -0.048970707, 0.3613912), (0.28801054, -0.07169849, 0.37268522), (0.28742456, 0.016895454, 0.35123682), (0.28474185, 0.03551477, 0.35002828), (0.28881025, -0.0043055136, 0.35253304), (0.28709024, 0.012269449, 0.3492111), (0.28697965, 0.015644062, 0.34830254), (0.28782105, -0.004597644, 0.3500273), (0.28993493, -0.0046235514, 0.3466112), (0.28655872, -0.018334102, 0.35051298), (0.28712747, -0.016095772, 0.34862414), (0.28394592, -0.03618256, 0.34984073), (0.29562643, -0.07203477, 0.48083296), (0.29001337, -0.08542616, 0.40962172), (0.28662702, -0.08319394, 0.3801413), (0.29190361, -0.084620506, 0.43501624), (0.2920394, -0.087060906, 0.47650507), (0.28344032, -0.08296427, 0.36471948), (0.28895202, -0.023999754, 0.3548088), (0.28492585, -0.054059524, 0.3554076), (0.28565717, 0.040220607, 0.34722856), (0.28144312, -0.10388808, 0.38884345), (0.28553757, -0.10170696, 0.4202345), (0.28727704, -0.100017086, 0.4492695), (0.2872337, -0.103065826, 0.46994847), (0.27961305, -0.11471487, 0.4043412), (0.27712128, -0.1294437, 0.44319993), (0.280666, -0.118562944, 0.44365454), (0.27562073, -0.10663459, 0.36436278), (0.2762948, -0.114273034, 0.37788162), (0.27126256, -0.12311234, 0.3675465), (0.26953226, -0.13352768, 0.37640515), (0.27035564, -0.13537404, 0.38747007), (0.27430272, -0.13084954, 0.40873495), (0.27781183, -0.12869656, 0.47624558), (0.27155057, -0.14165224, 0.4307634), (0.26536185, -0.14801587, 0.39039123), (0.26711607, -0.1483395, 0.41457745), (0.27062055, -0.14535108, 0.45909205), (0.26782486, -0.12985739, 0.3645492), (0.28088436, -0.07995122, 0.35842618), (0.26332432, -0.15818095, 0.43006095), (0.26656723, -0.15171805, 0.47792825), (0.26654822, -0.15288864, 0.4684168), (0.25831988, -0.16636449, 0.4202761), (0.2612318, -0.1631479, 0.45489877), (0.2629959, -0.14677507, 0.37754774), (0.27992797, -0.060106486, 0.3498355), (0.27657774, -0.07518314, 0.3498395), (0.26898992, -0.101604044, 0.35013047), (0.26435345, 0.09720297, 0.3498424), (0.2613743, -0.14283201, 0.3654278), (0.250343, -0.16343044, 0.3654617), (0.2587048, -0.1612866, 0.3977965), (0.25081363, -0.1769825, 0.40901008), (0.2727512, -0.08949059, 0.3502409), (0.2555048, -0.16062294, 0.3790781), (0.2516421, -0.17825852, 0.43420076), (0.25244412, -0.17711166, 0.466266), (0.2515582, -0.17663832, 0.47985122), (0.28162694, 0.06202387, 0.3473839), (0.2789242, 0.078980975, 0.34663886), (0.27478862, 0.0908617, 0.34689087), (0.24375981, -0.18255758, 0.38728485), (0.2428911, -0.17954467, 0.37512898), (0.28237197, -0.055243507, 0.34774077), (0.2857834, -0.03532966, 0.34760445), (0.2627344, -0.1301035, 0.3570045), (0.23884541, -0.1814574, 0.36571386), (0.24571653, -0.18700631, 0.4639689), (0.24261792, -0.19045067, 0.42690858), (0.23830831, -0.19694643, 0.45187214), (0.23095393, -0.2056071, 0.47806722), (0.23680384, -0.19435067, 0.39864823), (0.23555762, -0.19875899, 0.4192103), (0.23432028, -0.19275154, 0.3786823), (0.264812, -0.11223764, 0.3501631), (0.26077107, -0.122445166, 0.34995517), (0.2442312, -0.16385268, 0.35585338), (0.23646145, -0.17929827, 0.35940972), (0.24789803, -0.14945108, 0.3502937), (0.25309315, -0.13874052, 0.34963116), (0.2570409, -0.1305544, 0.34981927), (0.24913862, -0.147638, 0.34897637), (0.24489586, -0.15571062, 0.34859264), (0.22873592, -0.20848082, 0.44701937), (0.22802818, -0.20963113, 0.4681454), (0.2284978, -0.19521418, 0.3667911), (0.22413412, -0.2098125, 0.40134495), (0.22093001, -0.20844598, 0.37936148), (0.22381051, -0.21193635, 0.41708928), (0.2122242, 0.2215303, 0.45979515), (0.21081242, 0.22152382, 0.43345636), (0.20840664, 0.22196347, 0.41545781), (0.20615439, 0.22155474, 0.39879224), (0.2109286, 0.22276333, 0.47760254), (0.20373698, 0.21956693, 0.3768243), (0.21822505, 0.20064291, 0.36546856), (0.20868546, 0.21023819, 0.36302838), (0.20888269, 0.20762406, 0.3574498), (0.21265201, 0.20184068, 0.35640338), (0.23566978, 0.16789812, 0.3501858), (0.23010774, 0.17415805, 0.34934768), (0.23760968, 0.16669156, 0.34726778), (0.19907148, 0.23294489, 0.4346187), (0.19435968, 0.23788667, 0.4518938), (0.20210123, 0.23112503, 0.4762321), (0.19288963, 0.23666531, 0.41741583), (0.22578958, 0.17984214, 0.34847355), (0.22029038, 0.18659405, 0.3499013), (0.2212484, 0.18614477, 0.3477866), (0.2161699, 0.19106825, 0.34905773), (0.20883773, 0.19964434, 0.3491743), (0.2055691, 0.20414431, 0.34901077), (0.26663116, 0.09537662, 0.35095665), (0.19798882, 0.22112133, 0.3652618), (0.24009171, -0.16211574, 0.34942886), (0.19023834, 0.23448232, 0.39187777), (0.18464515, 0.2341086, 0.36879402), (0.17776181, 0.24055769, 0.3694454), (0.18927017, 0.2261272, 0.35878608), (0.20360371, 0.21152692, 0.35710216), (0.20107237, 0.20795289, 0.3494696), (0.19401342, 0.21515173, 0.34953222), (0.18586065, 0.22305809, 0.34995043), (0.17402706, 0.23882379, 0.35782436), (0.18564795, 0.24478844, 0.47310627), (0.18391909, 0.24556746, 0.43931898), (0.18553245, 0.2431027, 0.42304727), (0.17284702, 0.2516448, 0.4113072), (0.16451381, 0.25411797, 0.38599485), (0.17432009, 0.233726, 0.35029975), (0.16200663, 0.2531482, 0.37106624), (0.17517316, 0.2527714, 0.44797757), (0.16126406, 0.24943605, 0.35883656), (0.15558681, 0.25519428, 0.3625634), (0.16837026, 0.25632772, 0.42365673), (0.1767751, 0.25103566, 0.4787933), (0.17064625, 0.25600874, 0.46821886), (0.15714332, 0.2622287, 0.40476602), (0.16048405, 0.24501753, 0.35027155), (0.14124916, 0.2691587, 0.37884194), (0.1423153, 0.2668134, 0.3704719), (0.14165834, 0.26514828, 0.3630798), (0.14930534, 0.26834434, 0.41249746), (0.15004528, 0.2695093, 0.4378943), (0.14952743, 0.25316706, 0.35040963), (0.14737514, 0.2711382, 0.4697538), (0.13755664, 0.27722287, 0.4414279), (0.13921773, 0.27495047, 0.4235169), (0.13561517, 0.275285, 0.4025257), (0.13094331, 0.27717575, 0.3928766), (0.12634751, 0.28159618, 0.4092355), (0.1258998, 0.2750225, 0.36492053), (0.12591493, 0.27792966, 0.3779896), (0.13601168, 0.2618572, 0.35058844), (0.12951647, 0.28060713, 0.47840557), (0.12638257, 0.28326756, 0.44975963), (0.12384322, 0.28354633, 0.42866823), (0.12658276, 0.27143043, 0.3576619), (0.22833958, -0.18015307, 0.3501373), (0.2333071, -0.17163265, 0.34899977), (0.22892067, -0.17958723, 0.3482632), (0.2223815, -0.18695757, 0.34962982), (0.22509533, -0.1934051, 0.35924238), (0.21562625, -0.2098617, 0.36713004), (0.21784449, -0.19309925, 0.34985706), (0.11099177, 0.28088096, 0.36007795), (0.11560786, 0.2734255, 0.350549), (0.110279955, 0.28350022, 0.3675774), (0.11390114, 0.2854641, 0.39240438), (0.11246854, 0.28471807, 0.37930202), (0.20808916, -0.21156321, 0.35754478), (0.21229203, -0.19980219, 0.34991714), (0.20474267, -0.2089611, 0.3498139), (0.19648583, -0.21852264, 0.35022417), (0.11184502, 0.28931147, 0.4640822), (0.10685845, 0.29164457, 0.44908893), (0.112879455, 0.28883478, 0.43867117), (0.11000306, 0.28835323, 0.4141579), (0.09800883, 0.28129303, 0.35096025), (0.09273059, 0.2963395, 0.47632697), (0.095439464, 0.2951459, 0.4345972), (0.08013947, 0.30099675, 0.4599445), (0.096622564, 0.2906587, 0.380797), (0.09276947, 0.29399046, 0.40817282), (0.096103534, 0.28661603, 0.36083606), (0.094775885, 0.2892738, 0.3686272), (0.07956342, 0.30037794, 0.4335488), (0.07907879, 0.29857573, 0.410084), (0.070146, 0.30363104, 0.47061795), (0.08239662, 0.29607654, 0.40118954), (0.062175907, 0.3061856, 0.44660136), (0.083380036, 0.28638187, 0.35139298), (0.06415379, 0.3045405, 0.42851162), (0.07627043, 0.29271564, 0.3610899), (-0.41578963, -0.10459085, 0.18547225), (-0.41723838, -0.091347545, 0.19778337), (-0.42183152, -0.096165925, 0.18099855), (-0.41019568, -0.1040988, 0.19975886), (-0.4191049, -0.102550015, 0.17942518), (-0.4257773, -0.08444597, 0.18829702), (-0.42868564, -0.073158145, 0.19608787), (-0.41832933, -0.10535133, 0.17643917), (-0.41477722, -0.08405601, 0.20894863), (-0.42573598, -0.06662753, 0.20655182), (-0.43078655, -0.06409294, 0.1993623), (-0.40667248, -0.109303705, 0.20227702), (-0.43139467, -0.0545594, 0.2039168), (-0.40697864, -0.12027974, 0.1953331), (-0.4147844, -0.11368895, 0.18055728), (-0.43336153, -0.053389896, 0.20060551), (-0.43179092, -0.044084597, 0.20730828), (-0.4305637, -0.0343794, 0.21285626), (-0.4050346, -0.13015632, 0.19374077), (-0.40302393, -0.14482096, 0.18802913), (-0.40755638, -0.12641264, 0.19223517), (-0.41324824, -0.12050269, 0.18212083), (-0.42210707, -0.10102164, 0.17722349), (-0.39913556, -0.15482484, 0.18549044), (-0.4326506, -0.025861727, 0.20836309), (-0.40667573, -0.13428365, 0.1905662), (-0.4296078, -0.019930843, 0.21581301), (-0.41731307, -0.113188654, 0.17714444), (-0.43391153, -0.0331852, 0.20117913), (-0.42610735, -0.00006669156, 0.22050975), (-0.42988807, -0.0012746705, 0.21257815), (-0.43248662, -0.009669335, 0.20656303), (-0.4315712, 0.002045584, 0.20672049), (-0.43370816, -0.0073431823, 0.19989255), (-0.42593822, 0.011008647, 0.21744905), (-0.4320252, 0.0070678145, 0.19930081), (-0.43413088, -0.005160568, 0.19713767), (-0.43238896, 0.012729407, 0.19588761), (-0.42828697, 0.016142538, 0.20663346), (-0.43015566, 0.014925714, 0.19693713), (-0.42769796, 0.023354331, 0.20242947), (-0.43015486, 0.024217892, 0.19769092), (-0.42958006, -0.07816175, 0.19116929), (-0.4311225, -0.07178615, 0.19448927), (-0.43380174, -0.061878733, 0.19886397), (-0.426827, -0.08583407, 0.18659772), (-0.42368665, -0.09420961, 0.18175593), (-0.4204674, -0.10638087, 0.17603223), (-0.4357511, 0.006732545, 0.19594163), (0.2945961, 0.09860876, 0.32870644), (0.27712816, 0.100544654, 0.34273615), (0.28400242, 0.1121936, 0.33444664), (0.29635417, 0.108594924, 0.32457465), (0.287207, 0.08273689, 0.33961934), (0.273071, 0.10829296, 0.34331748), (0.2717976, 0.12741244, 0.34025797), (0.29002684, 0.1192736, 0.32655248), (0.2772215, 0.13121314, 0.3348362), (0.28275758, 0.13706225, 0.32812986), (0.2722147, 0.15859668, 0.33159128), (0.27955738, 0.15274574, 0.32677826), (0.26569647, 0.13245697, 0.34321952), (0.26165858, 0.14981003, 0.341582), (0.2909206, 0.0600707, 0.34075087), (0.29894578, 0.07955758, 0.32896304), (0.29509395, 0.04333669, 0.33971107), (0.30116114, 0.10138442, 0.3235259), (0.30523306, 0.093605824, 0.32308596), (0.30293953, 0.08952612, 0.3247737), (0.307101, 0.07198894, 0.32340428), (0.304237, 0.0546414, 0.32827878), (0.3102335, 0.05652011, 0.3224494), (0.29711905, 0.026327169, 0.3397347), (0.27283233, 0.094729334, 0.34671706), (0.26664174, 0.16158947, 0.33422437), (0.31447676, 0.044061743, 0.31931677), (0.29871503, 0.0010835404, 0.33884376), (0.26261994, 0.1151991, 0.3479729), (0.25255167, 0.14823057, 0.34701273), (0.3108603, 0.08673684, 0.32094422), (0.31642967, 0.073341265, 0.32047898), (0.3150414, 0.08032682, 0.3199559), (0.2669667, 0.0999132, 0.34730852), (0.31367636, 0.061374336, 0.32031825), (0.30555114, 0.021400852, 0.3312081), (0.28072882, 0.15826273, 0.32320985), (0.24260317, 0.1626307, 0.3466129), (0.26815084, 0.16885175, 0.3291554), (0.30576435, -0.00005208033, 0.3311739), (0.29367012, -0.024105387, 0.34263498), (0.29077193, -0.049709212, 0.3412408), (0.28428763, -0.07988502, 0.34188867), (0.3149666, 0.02684338, 0.31989956), (0.2991259, -0.03434375, 0.33520472), (0.3148297, -0.023712361, 0.3185222), (0.31535158, -0.036134265, 0.3166119), (0.31803703, -0.023684025, 0.31596124), (0.31824574, 0.0041498775, 0.31667942), (0.31557447, 0.00012219569, 0.31888592), (0.2760314, -0.10415292, 0.34303218), (0.26744068, -0.1279823, 0.34274682), (0.2592334, -0.14434788, 0.34298527), (0.24685153, 0.16633962, 0.3423216), (0.24835777, -0.16188967, 0.34323075), (0.2517903, 0.17209184, 0.3351868), (0.26787218, 0.17592071, 0.32478014), (0.26963437, 0.17877528, 0.321025), (0.3038461, -0.045104865, 0.3266459), (0.31249785, -0.048489284, 0.3162342), (0.30497262, -0.054342154, 0.322254), (0.28744078, 0.13591388, 0.32286695), (0.30732197, -0.06309517, 0.3162548), (0.2823984, -0.09998745, 0.33704567), (0.243426, 0.16712485, 0.34285626), (0.2322551, 0.18465929, 0.34217143), (0.21711957, 0.20468125, 0.34266064), (0.21356548, 0.19551784, 0.34795597), (0.20630756, 0.21154761, 0.34530595), (0.18881443, 0.22824351, 0.34585312), (0.17117716, 0.24434988, 0.3459651), (0.15384927, 0.25760943, 0.34597385), (0.20328666, 0.22157769, 0.34129566), (0.19032177, 0.23729993, 0.33902422), (0.12610455, 0.27376333, 0.3464068), (0.23409401, 0.191673, 0.3366656), (0.17437224, 0.25327966, 0.3378152), (0.10297973, 0.28519237, 0.3464187), (0.15022342, 0.26760682, 0.34006512), (0.08124188, 0.29336536, 0.34691167), (0.07041056, 0.29063475, 0.35162047), (0.054561343, 0.29555348, 0.35176593), (0.24752623, 0.17853288, 0.33213097), (0.24682151, 0.18918248, 0.32564616), (0.25668988, 0.19535969, 0.31661808), (0.24637227, 0.19862653, 0.31922278), (0.24664001, 0.17196727, 0.33731693), (0.25212428, 0.20763597, 0.3098785), (0.23977965, 0.20777598, 0.31828058), (0.07125901, 0.30063882, 0.343437), (0.22220916, 0.20728604, 0.3367876), (0.20702781, 0.2247071, 0.33607414), (0.12763019, 0.28444046, 0.33641425), (0.041518677, 0.3029058, 0.34808508), (0.03330513, 0.2981936, 0.3535057), (0.30847737, 0.08958562, 0.31976968), (-0.26953578, 0.12624736, 0.24727628), (-0.2647191, 0.09078293, 0.24208593), (-0.2622661, 0.10736075, 0.24375859), (-0.26077384, 0.12104474, 0.24495949), (-0.26962093, 0.14156514, 0.2484855), (-0.25627458, 0.1277019, 0.24509501), (-0.25826514, 0.1556471, 0.2489643), (-0.25302958, 0.15285358, 0.24828066), (-0.2777795, 0.12506992, 0.24717763), (-0.25374737, 0.16394547, 0.25068912), (-0.24979107, 0.15962942, 0.24938688), (-0.24665481, 0.16735554, 0.25010026), (-0.25019428, 0.16868107, 0.25055993), (-0.24416518, 0.17392358, 0.25026828), (-0.24746558, 0.17649022, 0.25044444), (-0.24217287, 0.18188085, 0.25013015), (-0.27737278, 0.10618074, 0.2463419), (-0.2704871, 0.08702928, 0.24375013), (-0.28026286, 0.08837334, 0.24580121), (-0.28523263, 0.08797808, 0.24619953), (-0.28784657, 0.07098014, 0.2454428), (-0.28243902, 0.066444315, 0.24423914), (-0.29395145, 0.06034905, 0.24450624), (-0.28089252, 0.050913822, 0.24121715), (-0.29717925, 0.039558195, 0.2419533), (-0.30133012, 0.051662985, 0.24445793), (-0.30730376, 0.037391517, 0.24321288), (-0.31342155, 0.022773935, 0.24320018), (-0.30040783, 0.016810706, 0.23984326), (-0.31598437, 0.049924873, 0.24463937), (-0.31128988, 0.05611752, 0.24463746), (-0.3193531, 0.038240205, 0.24488087), (-0.30457997, 0.06250414, 0.24496351), (-0.31343967, 0.014941243, 0.24266414), (-0.2887954, 0.03761101, 0.23989594), (-0.29154366, 0.02385428, 0.23817705), (-0.29534885, 0.01586692, 0.23798807), (-0.2734655, 0.06420423, 0.24135719), (-0.3040988, 0.0014554948, 0.23742545), (-0.26993403, 0.07034365, 0.24114396), (-0.30929402, -0.0040341727, 0.23779584), (-0.2988071, 0.07380942, 0.24535161), (-0.30494303, 0.0656706, 0.24610181), (-0.32413715, 0.008443318, 0.24619778), (-0.25158113, 0.13505828, 0.24482334), (-0.25566933, 0.113833785, 0.24182582), (-0.32993123, 0.021761816, 0.24825668), (-0.2983798, 0.00804364, 0.23699136), (-0.31947392, 0.002061903, 0.24384531), (-0.31413215, -0.005925933, 0.24002963), (-0.31463763, -0.015328992, 0.2388003), (-0.26714787, 0.08000006, 0.24126743), (-0.29370064, 0.0819313, 0.24536684), (-0.2885588, 0.10448243, 0.24608658), (-0.2832322, 0.113682896, 0.24626914), (-0.29203165, 0.091534585, 0.24566765), (-0.28711957, 0.1269707, 0.24813272), (-0.28474653, 0.13801636, 0.24837029), (-0.28027454, 0.14855663, 0.2483083), (-0.2730349, 0.15459654, 0.24799776), (-0.2766303, 0.1572821, 0.2490896), (-0.27251935, 0.16217503, 0.24839349), (-0.2673199, 0.1615966, 0.24793008), (-0.26691282, 0.17109339, 0.24845405), (-0.26186028, 0.1610172, 0.24872032), (-0.26333916, 0.17286435, 0.2478284), (-0.26050055, 0.18155706, 0.24818483), (-0.25925195, 0.17263538, 0.24778898), (-0.25445062, 0.17812698, 0.2477865), (-0.24965218, 0.1833394, 0.24733536), (-0.25502843, 0.18729158, 0.24821953), (-0.24931294, 0.18934554, 0.24700381), (-0.24393946, 0.19026387, 0.24708265), (-0.24755108, 0.19601206, 0.24834518), (-0.240449, 0.19481964, 0.24643336), (-0.24213244, 0.20019697, 0.24769068), (-0.23323376, 0.20089744, 0.24508162), (-0.29855847, 0.08046105, 0.24722141), (-0.32841605, 0.029639166, 0.24811813), (-0.28740346, 0.031538386, 0.23803876), (-0.28473186, 0.033832997, 0.23719734), (-0.23742594, 0.20582344, 0.24826176), (-0.24807318, 0.15355475, 0.24608538), (-0.32579955, -0.01216772, 0.24772234), (-0.22970773, 0.20703012, 0.24522434), (-0.22922756, 0.19962192, 0.24467103), (-0.22192141, 0.20727357, 0.24189845), (-0.23662123, 0.1944617, 0.2473056), (-0.23447865, 0.1890246, 0.24713539), (-0.24115396, 0.18837562, 0.24988583), (-0.23656231, 0.18722479, 0.24909043), (-0.25145, 0.12319686, 0.24159764), (-0.24031265, 0.18116947, 0.24904425), (-0.25970256, 0.102406345, 0.24135599), (-0.23255503, 0.21040687, 0.24769929), (-0.2278227, 0.21469185, 0.24765013), (-0.29050028, 0.10783645, 0.24768412), (-0.2889147, 0.12545429, 0.24862033), (-0.3256529, 0.03550113, 0.24794658), (-0.2923332, 0.10495637, 0.24847972), (-0.29439786, 0.0921889, 0.24726605), (-0.3088365, 0.061952904, 0.2475132), (-0.2180172, 0.21458371, 0.24119782), (-0.29602692, 0.090099655, 0.2483332), (-0.2893112, 0.02476189, 0.23699327), (-0.32181212, 0.042529535, 0.24814358), (-0.24902485, 0.13416699, 0.24274503), (-0.26291987, 0.09190739, 0.24102923), (-0.2801603, 0.046171855, 0.23881927), (-0.29375377, 0.016462822, 0.23697197), (-0.22195724, 0.21925186, 0.2465375), (-0.21587583, 0.22192408, 0.24324095), (-0.22758357, 0.19814853, 0.2429333), (-0.28259766, 0.037191886, 0.23688552), (-0.22519055, 0.1995016, 0.24095526), (-0.2764915, 0.054455258, 0.23840219), (-0.30021656, 0.078610405, 0.24822757), (-0.30342615, 0.07144088, 0.2482741), (-0.24449001, 0.14976893, 0.24145535), (-0.24208064, 0.16296189, 0.24204673), (-0.24716723, 0.13545804, 0.24124853), (-0.2363235, 0.1754416, 0.2414093), (-0.24409223, 0.16745244, 0.24650803), (-0.27825716, 0.04723802, 0.23707761), (-0.24011879, 0.164831, 0.23995171), (-0.23264426, 0.18625724, 0.24258573), (-0.22929005, 0.19114235, 0.2405582), (-0.31200626, 0.057726767, 0.24781802), (-0.31452924, 0.054155204, 0.24803936), (-0.13467826, 0.28382504, 0.26557317), (-0.13147514, 0.2856601, 0.25720093), (-0.13146445, 0.28989613, 0.26202002), (-0.12972388, 0.28723052, 0.25545552), (-0.12717985, 0.29119503, 0.25407672), (-0.12948862, 0.2808864, 0.25113264), (-0.1262425, 0.28440318, 0.24927554), (-0.13102607, 0.27554992, 0.25587747), (-0.13165131, 0.27736402, 0.25860366), (-0.1343424, 0.27199736, 0.26028284), (-0.13857156, 0.2712084, 0.2639826), (-0.1390496, 0.27587593, 0.27066937), (-0.13952576, 0.26713642, 0.26153198), (-0.12354592, 0.2882215, 0.24934718), (-0.14374669, 0.2690472, 0.26538095), (-0.13866231, 0.2673927, 0.257202), (-0.14139484, 0.2650509, 0.26034153), (-0.14235635, 0.26395988, 0.25626874), (-0.07227588, 0.30732572, 0.25486928), (-0.06409432, 0.30794817, 0.25810343), (-0.0650036, 0.31127858, 0.2599216), (-0.057778552, 0.30880553, 0.26256445), (-0.05776387, 0.31419727, 0.2665741), (-0.050807897, 0.31003183, 0.26734516), (-0.04442157, 0.31512514, 0.27421534), (-0.04382639, 0.31084874, 0.2712327), (-0.03694185, 0.31740668, 0.27606666), (-0.03416007, 0.3125667, 0.27284428), (-0.06300664, 0.31460655, 0.26535302), (-0.072315656, 0.3119564, 0.26031387), (-0.052574195, 0.31735906, 0.27490008), (-0.043235585, 0.31778926, 0.27933988), (-0.0823727, 0.3073651, 0.25556734), (-0.08304532, 0.31076315, 0.26110178), (-0.09047743, 0.30483687, 0.25423154), (-0.09922994, 0.3055533, 0.2592471), (-0.10205073, 0.30221078, 0.25476125), (-0.08040663, 0.31346703, 0.268711), (-0.053311396, 0.3186883, 0.28008324), (-0.044536915, 0.3204737, 0.28748924), (-0.06324019, 0.31755215, 0.2782982), (-0.04635995, 0.3216244, 0.2961788), (-0.10170451, 0.3068659, 0.26608467), (-0.060095392, 0.31970793, 0.298205), (-0.079548694, 0.31463253, 0.2772782), (-0.03299179, 0.32504898, 0.29284203), (-0.032184966, 0.32270452, 0.28087318), (-0.11702817, 0.30061385, 0.26298416), (-0.07793221, 0.31637847, 0.2996459), (-0.073921494, 0.31861934, 0.31424108), (-0.05078975, 0.32173863, 0.30846047), (-0.08503008, 0.31552392, 0.310497), (-0.08195121, 0.3172448, 0.32292253), (-0.09626288, 0.3144578, 0.32149), (-0.10845767, 0.30975896, 0.3105914), (-0.10282017, 0.309048, 0.29330093), (-0.10926923, 0.30648744, 0.28028935), (-0.12028045, 0.3011109, 0.2727156), (-0.11523396, 0.30572912, 0.29740608), (-0.040799886, 0.32426414, 0.31404167), (-0.030677339, 0.32628706, 0.3023163), (-0.05985181, 0.32039052, 0.32042783), (-0.016841654, 0.3296626, 0.29005605), (-0.025180945, 0.32603514, 0.28256762), (-0.014573119, 0.32941294, 0.2860519), (-0.107247934, 0.3107874, 0.32287592), (-0.015327258, 0.32674426, 0.27905014), (-0.121151924, 0.304543, 0.3104728), (-0.12275175, 0.30413935, 0.31897697), (-0.05069129, 0.32111272, 0.3215796), (-0.07915969, 0.31697902, 0.32835007), (-0.12152555, 0.30223843, 0.29461846), (-0.09440479, 0.31329536, 0.3352457), (-0.12529308, 0.297468, 0.2673358), (-0.03281063, 0.3243953, 0.31908387), (-0.014282275, 0.32754028, 0.30780268), (0.0006096714, 0.32975844, 0.3037765), (-0.13285296, 0.29757863, 0.3093557), (-0.14500815, 0.29162344, 0.31599304), (-0.14448899, 0.2919906, 0.32195276), (-0.16430162, 0.28222948, 0.32152206), (-0.16293335, 0.28308818, 0.31631106), (-0.18074217, 0.27479962, 0.314621), (-0.1713551, 0.277882, 0.3036954), (-0.15426661, 0.28533104, 0.30494836), (-0.1878844, 0.2703803, 0.3059827), (-0.14238092, 0.29095745, 0.30608138), (-0.16137931, 0.2809299, 0.29940984), (-0.19324784, 0.26532337, 0.29554895), (-0.18242797, 0.2663745, 0.28327805), (-0.17701125, 0.26812476, 0.28158247), (-0.19288154, 0.2677208, 0.31428108), (-0.18481094, 0.27125257, 0.32796773), (-0.19310512, 0.2673615, 0.32063994), (-0.2056754, 0.2574105, 0.29844368), (-0.13409713, 0.29302543, 0.29730734), (-0.19378005, 0.25993186, 0.28174537), (-0.121616855, 0.30353576, 0.32551888), (-0.14030853, 0.28683186, 0.29391602), (-0.17566876, 0.26054534, 0.26161104), (-0.18532129, 0.2517541, 0.2505957), (-0.17780276, 0.256447, 0.25241506), (-0.1718592, 0.25912133, 0.25344083), (-0.16265492, 0.2612982, 0.2552685), (-0.16248617, 0.26807934, 0.27087972), (-0.15571767, 0.27741528, 0.28807053), (-0.2088555, 0.24965964, 0.2800647), (-0.19424485, 0.25246271, 0.26474598), (-0.19577102, 0.24533689, 0.25024658), (-0.12921493, 0.29546967, 0.28879866), (-0.2116481, 0.25384197, 0.30727777), (-0.12140494, 0.2932796, 0.2528861), (-0.111348666, 0.29795557, 0.25368366), (-0.21950552, 0.24284649, 0.28530678), (-0.2236414, 0.24164976, 0.29337397), (-0.20711271, 0.24044377, 0.25952667), (-0.026751643, 0.32207048, 0.27628118), (-0.13473864, 0.28786367, 0.2840049), (-0.2210002, 0.24532196, 0.30149323), (-0.15461665, 0.26660636, 0.26472956), (-0.14354974, 0.27341548, 0.2727249), (-0.14323238, 0.28019518, 0.28516892), (-0.138375, 0.28223625, 0.28234467), (-0.14907098, 0.26588932, 0.2610576), (-0.22122395, 0.23562288, 0.27214232), (-0.2058825, 0.23469096, 0.2463046), (-0.14675476, 0.26223195, 0.2541061), (-0.23788586, 0.22472806, 0.2836335), (-0.24163553, 0.22462186, 0.29441243), (-0.22531036, 0.24185798, 0.30943272), (-0.12920783, 0.29414728, 0.27144593), (-0.19377118, 0.24685962, 0.24868907), (-0.20359956, 0.23792106, 0.24600351), (-0.21165693, 0.22791936, 0.24397732), (-0.21732417, 0.22985393, 0.25847998), (-0.24625482, 0.22133689, 0.30579874), (-0.21606895, 0.24894138, 0.32024217), (-0.20610392, 0.2562013, 0.32306194), (-0.10738863, 0.30857348, 0.3322151), (-0.15712912, 0.2826947, 0.33466402), (-0.25550234, 0.20961167, 0.29574153), (-0.17119361, 0.27559504, 0.33404055), (-0.13883348, 0.29210603, 0.33336967), (-0.15090819, 0.28505412, 0.33547917), (-0.22906066, 0.23717546, 0.31959552), (-0.23851795, 0.22161424, 0.27966714), (-0.22196324, 0.22384071, 0.25722817), (-0.22729626, 0.21712106, 0.25498942), (-0.23422053, 0.21383351, 0.26449278), (-0.23994744, 0.20396037, 0.25809136), (-0.2458636, 0.20255524, 0.26795545), (-0.25273347, 0.19310233, 0.26192805), (-0.26327756, 0.1903825, 0.27422062), (-0.25804418, 0.1986205, 0.2820987), (-0.27031595, 0.18764514, 0.28331563), (-0.2623823, 0.19847658, 0.29401395), (-0.2498462, 0.19343978, 0.25722095), (-0.27971807, 0.173153, 0.2751222), (-0.27582207, 0.18505688, 0.2974528), (-0.26583198, 0.19691736, 0.30379885), (-0.27466884, 0.17570123, 0.27056974), (-0.26328903, 0.18367518, 0.2647527), (-0.28246725, 0.1749864, 0.28675053), (-0.25596288, 0.20581926, 0.28912473), (-0.24794547, 0.21124905, 0.2815184), (-0.2536871, 0.18975301, 0.2503745), (-0.289661, 0.16006397, 0.2747162), (-0.26858932, 0.19427574, 0.3105457), (-0.28298596, 0.16554783, 0.2705828), (-0.28754905, 0.15949796, 0.27030292), (-0.11433578, 0.2919244, 0.24796456), (-0.12139699, 0.2911726, 0.24799833), (-0.25840557, 0.20711511, 0.30949295), (-0.28663972, 0.17198782, 0.3011688), (-0.28331128, 0.17616294, 0.31114513), (-0.2605762, 0.1816729, 0.26038876), (-0.2939772, 0.15877742, 0.28838107), (-0.24674274, 0.21886653, 0.31891838), (-0.18982185, 0.26600906, 0.33470428), (-0.011359955, 0.32282034, 0.2725786), (-0.3044818, 0.14211959, 0.28761834), (-0.3018534, 0.14091049, 0.27439415), (-0.27025497, 0.19065379, 0.32249302), (-0.258913, 0.20402433, 0.32145083), (-0.3072348, 0.14023279, 0.2988463), (-0.3141781, 0.12749077, 0.29201582), (-0.29821998, 0.15424642, 0.3051044), (-0.308515, 0.13975495, 0.3131723), (-0.29465377, 0.15806776, 0.31825095), (-0.30649108, 0.14198576, 0.3229102), (-0.12126488, 0.30087307, 0.33491033), (-0.2826807, 0.17527144, 0.32042602), (-0.29100516, 0.16514795, 0.31053257), (-0.30515915, 0.13546, 0.2745392), (-0.31182906, 0.124462746, 0.27588388), (-0.31540546, 0.1282308, 0.31098866), (-0.18226671, 0.26954892, 0.33635506), (-0.235194, 0.22739515, 0.32789376), (-0.29520866, 0.1515426, 0.33196422), (-0.29138172, 0.15805915, 0.32735476), (-0.26791897, 0.18837003, 0.3336781), (-0.25180194, 0.20613235, 0.33380884), (-0.21878761, 0.24019147, 0.33289218), (-0.23217846, 0.22715145, 0.3334302), (-0.20455523, 0.25113672, 0.33545414), (-0.32040006, 0.10568047, 0.2744929), (-0.28810978, 0.15635262, 0.33704597), (-0.21099395, 0.23029755, 0.24139823), (-0.2844971, 0.16731635, 0.32833475), (-0.27473742, 0.17851527, 0.33412206), (-0.27422863, 0.16865125, 0.26499453), (-0.2819412, 0.16386175, 0.33766395), (-0.24323802, 0.21383138, 0.33570606), (-0.21342474, 0.22313802, 0.24043466), (-0.215788, 0.22180447, 0.23967981), (-0.07864827, 0.31497988, 0.33607084), (-0.13813773, 0.2878497, 0.34099638), (-0.11115165, 0.30210495, 0.34064806), (-0.28105628, 0.16248564, 0.2669448), (-0.24396689, 0.20898011, 0.34065145), (-0.16764294, 0.2714732, 0.3426265), (-0.21534729, 0.23730685, 0.34010497), (-0.2284584, 0.22176386, 0.3437043), (-0.23849468, 0.21006168, 0.34538373), (-0.2598093, 0.19129325, 0.34050104), (-0.14623234, 0.280908, 0.34440437), (-0.19885403, 0.25033504, 0.3416851), (-0.1908849, 0.25826284, 0.3416509), (-0.20462988, 0.24094804, 0.3455856), (-0.27998513, 0.15904301, 0.26539338), (-0.13007097, 0.28865734, 0.34505188), (-0.26887566, 0.1762321, 0.3436283), (-0.09405283, 0.30700257, 0.34358218), (-0.25106207, 0.19541344, 0.34547687), (-0.26806906, 0.17089792, 0.26166922), (-0.043177534, 0.3105676, 0.24583794), (-0.052048672, 0.30691525, 0.2452797), (-0.04364664, 0.32183027, 0.2455929), (-0.05520292, 0.31656823, 0.24521518), (-0.03168896, 0.31048548, 0.24586524), (-0.028704721, 0.30239752, 0.24747533), (-0.060361166, 0.30591732, 0.24353062), (-0.025462672, 0.32306626, 0.24382345), (-0.0071910694, 0.310646, 0.24505807), (-0.03853248, 0.32570422, 0.24523583), (-0.04395594, 0.30087844, 0.24728572), (-0.059490606, 0.29966983, 0.24578542), (-0.00008773639, 0.30568796, 0.24642102), (-0.009334573, 0.32111797, 0.24267325), (0.0036154606, 0.31922087, 0.24183449), (0.021231247, 0.310002, 0.243935), (-0.070316136, 0.30376804, 0.24125876), (-0.047071382, 0.3272563, 0.2478891), (-0.048445053, 0.32418633, 0.24801025), (-0.053060066, 0.32308173, 0.24822764), (-0.060530983, 0.31072846, 0.2423792), (-0.050545283, 0.32915467, 0.25215995), (-0.055197433, 0.32559064, 0.25448623), (-0.03231852, 0.28334987, 0.26797956), (-0.049355038, 0.28396982, 0.26407477), (-0.03664201, 0.28496245, 0.2627765), (-0.041804757, 0.28214192, 0.27302903), (-0.05581186, 0.28326344, 0.27008516), (-0.058607303, 0.28443277, 0.2656937), (-0.02518318, 0.28317806, 0.27626163), (-0.0035315573, 0.28585535, 0.27297235), (-0.0029550053, 0.28803763, 0.26424935), (-0.053623095, 0.2829619, 0.27545244), (-0.053576965, 0.28747123, 0.2568533), (-0.06907931, 0.28897575, 0.2574973), (-0.046006598, 0.2885882, 0.25536358), (-0.0051722922, 0.291647, 0.25794357), (0.010126993, 0.2880872, 0.2645453), (0.028119596, 0.2906166, 0.25998902), (-0.06490101, 0.29220557, 0.2514886), (-0.07863422, 0.2918172, 0.25232792), (-0.08105472, 0.29041848, 0.25792855), (-0.08597484, 0.2909557, 0.25650433), (0.00030976345, 0.29599816, 0.25288805), (-0.028911425, 0.29292393, 0.253339), (-0.062647596, 0.2949766, 0.24823631), (-0.084276386, 0.29336295, 0.24715027), (-0.089506656, 0.2946454, 0.24460827), (-0.09562732, 0.29263315, 0.24684191), (-0.050242215, 0.29530132, 0.2490312), (-0.10873569, 0.29240227, 0.24661346), (-0.09853977, 0.29135928, 0.2484987), (0.027975779, 0.29592097, 0.25447518), (0.0337615, 0.2987529, 0.25042376), (0.02988797, 0.29943413, 0.24840751), (0.043177024, 0.2988419, 0.2493636), (0.050823886, 0.29959652, 0.24692653), (0.054637395, 0.29922017, 0.24830773), (-0.008108116, 0.29941916, 0.24928816), (-0.03327745, 0.29662985, 0.2498715), (0.033230294, 0.29329047, 0.2577769), (0.03259951, 0.29715306, 0.25448865), (0.05617612, 0.3010765, 0.24688168), (0.056392334, 0.30298695, 0.24375273), (-0.06843399, 0.28750956, 0.26226687), (0.060169093, 0.3010288, 0.24426183), (-0.09195103, 0.29371217, 0.249751), (-0.07320992, 0.2894762, 0.26272064), (-0.08573621, 0.29348204, 0.25091532), (-0.08469493, 0.29294762, 0.2547767), (-0.0678241, 0.28757492, 0.2675653), (-0.032692097, 0.2833448, 0.2799396), (-0.08028383, 0.29092863, 0.26042318), (-0.10655146, 0.2927699, 0.24905215), (-0.072765216, 0.29062918, 0.26548347), (-0.06355862, 0.28708953, 0.272397), (-0.0561327, 0.28494367, 0.2757397), (-0.037049886, 0.29549325, 0.27922785), (-0.0352796, 0.29973847, 0.275226), (-0.042921767, 0.30079958, 0.2755802), (-0.045401648, 0.29572117, 0.28099856), (-0.027576096, 0.29313037, 0.27766928), (-0.023925584, 0.2992336, 0.2732113), (-0.03534094, 0.30528536, 0.27242854), (-0.027051575, 0.3054133, 0.27100268), (-0.04523728, 0.3067249, 0.27089086), (-0.025149198, 0.30673733, 0.2689554), (-0.016161688, 0.30458415, 0.2663856), (-0.034933284, 0.3083909, 0.27187937), (-0.01820356, 0.30874354, 0.2662723), (-0.019127183, 0.29209226, 0.27249065), (-0.008272786, 0.29386514, 0.26799896), (-0.004073387, 0.29973754, 0.26419696), (-0.02492286, 0.290062, 0.2761711), (-0.014953992, 0.3061954, 0.26445097), (-0.0035048504, 0.30832657, 0.2613053), (-0.000693704, 0.30513608, 0.26043078), (0.004438209, 0.2986798, 0.26353815), (0.01035787, 0.3039466, 0.25766596), (0.010902711, 0.29842222, 0.26199633), (0.025232136, 0.29827598, 0.25760722), (0.033229593, 0.2955972, 0.2580291), (0.011131784, 0.3073961, 0.25702423), (0.0257209, 0.30189037, 0.2543797), (0.025524965, 0.30749956, 0.2530953), (0.027378686, 0.30382565, 0.25242198), (0.034192983, 0.30209088, 0.25168243), (0.03876993, 0.3078594, 0.25135955), (-0.038003102, 0.28710368, 0.2843767), (-0.040651795, 0.29254982, 0.2844341), (-0.05091621, 0.2930727, 0.28056166), (0.059495173, 0.30709073, 0.2491515), (0.06759957, 0.31162506, 0.25587466), (0.051838767, 0.31185824, 0.25384027), (0.06685391, 0.30704665, 0.2487909), (0.0789788, 0.30642176, 0.24965271), (0.056611855, 0.30815208, 0.25051263), (0.04049897, 0.31200892, 0.25395092), (0.028106038, 0.31143984, 0.25421074), (0.01600511, 0.31832898, 0.26332423), (0.013034439, 0.31321916, 0.25870603), (0.002366432, 0.31827635, 0.26520827), (0.0024691506, 0.3221672, 0.27017853), (-0.010214359, 0.3187832, 0.26844862), (-0.01881577, 0.31617725, 0.26935276), (-0.0119752055, 0.31253088, 0.26534098), (-0.32263663, -0.11805999, 0.24477552), (-0.31998762, -0.11552007, 0.23906396), (-0.32064182, -0.100013964, 0.23902087), (-0.32230806, -0.09025614, 0.24535747), (-0.3183611, -0.08253011, 0.23900636), (-0.32338363, -0.0731345, 0.24836577), (-0.3177131, -0.07027352, 0.23908617), (-0.32193932, -0.049417164, 0.243231), (-0.31675524, -0.06327089, 0.23637529), (-0.31869566, -0.045292772, 0.23605953), (-0.32115316, -0.031052902, 0.24104488), (-0.31885764, -0.02963613, 0.23679802), (-0.32135332, -0.021439092, 0.24308553), (-0.31183168, -0.077508815, 0.23241048), (-0.3259019, -0.03174993, 0.2468154), (-0.32589933, -0.06418637, 0.24966985), (-0.315732, -0.11797883, 0.23545693), (-0.31941804, -0.11870542, 0.23994792), (-0.31562606, -0.12684613, 0.23623772), (-0.31411594, -0.066752486, 0.23187183), (-0.3177538, -0.046680924, 0.2317827), (-0.3193604, -0.033630308, 0.23184073), (-0.3165698, -0.13105142, 0.24115975), (-0.31983495, -0.12249328, 0.24459895), (-0.31253695, -0.08246231, 0.23409052), (-0.3097858, -0.080433585, 0.22962154), (-0.30813533, -0.0924698, 0.23147279), (-0.3105383, -0.09465235, 0.23368472), (-0.30586985, -0.09523777, 0.2297338), (-0.30364898, -0.112753235, 0.23061591), (-0.30254924, -0.11316528, 0.22787768), (-0.33363584, -0.038566012, 0.2527976), (-0.33408916, -0.013479499, 0.25282487), (-0.31550768, -0.104174644, 0.23564844), (-0.33555612, 0.018632257, 0.2522359), (-0.3083972, -0.11326831, 0.23317745), (-0.3000424, -0.121034265, 0.23029396), (-0.31095496, -0.13771838, 0.23866239), (-0.31412455, -0.017078042, 0.23621826), (-0.30966488, -0.0070630414, 0.23567757), (-0.31054735, -0.12968054, 0.23502828), (-0.30726373, -0.1389487, 0.23491228), (-0.30472478, -0.14574385, 0.23692177), (-0.30312428, -0.14299375, 0.23353882), (-0.3053853, 0.00056095375, 0.2337663), (-0.30861145, -0.14572938, 0.24384665), (-0.30308804, -0.15083818, 0.23790388), (-0.30116308, -0.14350043, 0.23299369), (-0.31792486, -0.027404118, 0.23280141), (-0.31520706, -0.016624512, 0.23247732), (-0.3000846, -0.12006053, 0.22728086), (-0.31371555, -0.06787329, 0.22907937), (-0.30821484, -0.09231399, 0.22790018), (-0.3128732, -0.014666795, 0.23334274), (-0.29628143, -0.12384609, 0.2293466), (-0.31231013, -0.07932761, 0.22790109), (-0.28939053, 0.110992566, 0.35325053), (-0.29598144, 0.11324041, 0.350225), (-0.2895736, 0.1251958, 0.35023862), (-0.2842796, 0.12221237, 0.35301697), (-0.28123146, 0.14638285, 0.3498104), (-0.27923003, 0.13267024, 0.35332662), (-0.2734466, 0.14342934, 0.35346207), (-0.2669945, 0.1535324, 0.35370928), (-0.29272908, 0.10122497, 0.35310173), (-0.30633488, 0.08197678, 0.35057694), (-0.29684046, 0.09172458, 0.35289365), (-0.29998338, 0.079854935, 0.3536143), (-0.30293122, 0.06949429, 0.35373092), (-0.30673748, 0.051418513, 0.35413456), (-0.31762564, 0.048178438, 0.3493242), (-0.30823293, 0.04080249, 0.35431647), (-0.3196342, 0.029656736, 0.35030842), (-0.31112432, 0.019027824, 0.3543764), (-0.31517044, 0.0022562358, 0.3536028), (-0.3130747, -0.0032156599, 0.3546681), (-0.3230005, 0.0018937333, 0.35000768), (-0.3165603, -0.027602782, 0.35239542), (-0.31218097, -0.02721459, 0.35443932), (-0.30834204, -0.056578565, 0.35441625), (-0.32160735, -0.021876523, 0.34992576), (-0.30660528, 0.10500145, 0.34598634), (-0.3121508, -0.06823054, 0.35036322), (-0.30448166, -0.07326533, 0.35394973), (-0.31772566, 0.07220614, 0.3450301), (-0.32333001, 0.050894875, 0.3450679), (-0.3265707, 0.031801112, 0.34524834), (-0.30618992, -0.08652692, 0.34971294), (-0.29531658, 0.13492362, 0.34348), (-0.2972363, 0.124971494, 0.3453091), (-0.28568372, 0.14687109, 0.34648648), (-0.3187402, 0.08751567, 0.34069756), (-0.32485583, 0.06797864, 0.3401714), (-0.26943657, 0.16311146, 0.3500486), (-0.31165704, 0.10783874, 0.34086412), (-0.27443168, 0.16627115, 0.34465948), (-0.25746772, 0.17926642, 0.35032746), (-0.25064513, 0.18897352, 0.34990913), (-0.29506198, -0.115283124, 0.34860384), (-0.2964349, 0.091948085, 0.3540493), (0.2919527, 0.11893092, 0.32367715), (0.28714398, 0.13666639, 0.3127814), (0.2837277, 0.15121463, 0.31249434), (0.28204128, 0.15812652, 0.32003248), (0.27975106, 0.16474853, 0.31464767), (0.27981153, 0.16480418, 0.3034525), (0.27725366, 0.17399883, 0.30456498), (0.27999887, 0.16381069, 0.2892542), (0.2766159, 0.1815351, 0.28666055), (0.28297758, 0.14788036, 0.29891032), (0.28038192, 0.15862575, 0.29191104), (0.27434778, 0.18516308, 0.296147), (0.27543283, 0.17824027, 0.30758357), (0.2708068, 0.19581115, 0.29205137), (0.27264825, 0.19631965, 0.27929306), (0.27510652, 0.17335953, 0.3180785), (0.26815176, 0.19812253, 0.29782194), (0.266384, 0.20582728, 0.28776303), (0.26666403, 0.20679945, 0.2714685), (0.2883391, 0.12690698, 0.31169394), (0.28484088, 0.13723835, 0.30165377), (0.29197976, 0.11507415, 0.31976902), (0.26829496, 0.18812118, 0.31195858), (0.29766825, 0.10430394, 0.32016242), (0.26347074, 0.21023615, 0.2779584), (0.2601909, 0.20757695, 0.2996457), (0.27747622, 0.1836022, 0.28302258), (0.28246182, 0.16056886, 0.2878229), (0.25279602, 0.21976358, 0.28744298), (0.25118977, 0.21897322, 0.293938), (0.2531818, 0.21183437, 0.30481988), (0.29932114, 0.094180465, 0.31329197), (0.27941874, 0.15810528, 0.28907663), (0.28159112, 0.1447382, 0.29559106), (0.24796762, 0.21577618, 0.30564004), (0.25062934, 0.21531862, 0.301043), (0.2474596, 0.21796507, 0.30121103), (0.25059465, 0.21713793, 0.29672703), (0.23825341, 0.22564076, 0.30574903), (0.22555155, 0.22585507, 0.3174574), (0.20671992, 0.23638532, 0.3262776), (0.20905453, 0.24473211, 0.31631884), (0.21843213, 0.24296305, 0.30949286), (0.20926905, 0.24969381, 0.31222376), (0.20817465, 0.2543594, 0.30757788), (0.20105374, 0.25900882, 0.31165248), (0.19052935, 0.25316277, 0.32535508), (0.19451249, 0.25750792, 0.3176911), (0.17843118, 0.27061108, 0.3179651), (0.17417178, 0.26152816, 0.3305177), (0.18626866, 0.27017164, 0.3127319), (0.15811789, 0.2717328, 0.33151314), (0.15774208, 0.28273118, 0.31981605), (0.14313053, 0.28655013, 0.32521844), (0.17295396, 0.27732146, 0.31419843), (0.1604905, 0.28447115, 0.31547973), (0.12749046, 0.2938094, 0.3265305), (0.12260208, 0.29670754, 0.3251171), (0.096877545, 0.29942775, 0.33552054), (0.11121181, 0.30232975, 0.3253792), (0.09739754, 0.31322414, 0.3194862), (0.08925579, 0.30948317, 0.32663363), (0.07479965, 0.30993772, 0.33131224), (0.047486324, 0.31002453, 0.33904043), (-0.31600252, 0.15080608, 0.2065143), (-0.31956837, 0.15279953, 0.20372994), (-0.31049597, 0.16359723, 0.20441335), (-0.31207442, 0.17430492, 0.19929898), (-0.31779385, 0.14484572, 0.20840722), (-0.3307176, 0.14167689, 0.20046286), (-0.3261461, 0.15970697, 0.1954962), (-0.32095587, 0.17523566, 0.1929358), (-0.30914316, 0.19038282, 0.1940908), (-0.32367063, 0.19466452, 0.18113104), (-0.3112202, 0.20707384, 0.1844307), (-0.29601896, 0.20943074, 0.19513144), (-0.3322332, 0.17614205, 0.18331377), (-0.34085307, 0.15269946, 0.18697377), (-0.29198933, 0.22351456, 0.19066773), (-0.3260865, 0.1292756, 0.208172), (-0.28037962, 0.22994833, 0.19499189), (-0.3472322, 0.14335072, 0.18527171), (-0.34212202, 0.1742477, 0.17522274), (-0.34823188, 0.16058362, 0.17631619), (-0.34081283, 0.12982601, 0.19599366), (-0.33478016, 0.18411382, 0.17635433), (-0.3255894, 0.20181392, 0.17472188), (-0.29582474, 0.22697747, 0.18502195), (-0.33856583, 0.11673093, 0.20197572), (-0.35634592, 0.09494099, 0.19416343), (-0.35542947, 0.12564541, 0.18408822), (-0.3503875, 0.074864045, 0.20456426), (-0.3580448, 0.07093028, 0.19933042), (-0.33391425, 0.09572635, 0.21054152), (-0.334983, 0.07482032, 0.21594685), (-0.33557662, 0.0692574, 0.21751612), (-0.3369366, 0.063113995, 0.21825531), (-0.3265419, 0.08451834, 0.21791537), (-0.34970933, 0.05291174, 0.21009552), (-0.32586643, 0.105748594, 0.21318696), (-0.35675547, 0.14166506, 0.17619054), (-0.32232022, 0.092904985, 0.2169272), (-0.32101172, 0.12929966, 0.21056324), (-0.32460806, 0.12146365, 0.21049371), (-0.33243203, 0.07037337, 0.22058281), (-0.32915074, 0.07753132, 0.22001553), (-0.32522714, 0.08488449, 0.22122003), (-0.3217852, 0.09172781, 0.21891333), (-0.3181058, 0.097364224, 0.21877287), (-0.33380887, 0.06866429, 0.22190233), (-0.32316795, 0.11344338, 0.21254036), (-0.32179353, 0.09290361, 0.22135718), (-0.33473113, 0.00420932, 0.22294225), (-0.34174362, 0.0014644888, 0.21905959), (-0.34094465, 0.021062214, 0.21808389), (-0.33019334, 0.027312122, 0.22313319), (-0.3354745, 0.04228036, 0.22016945), (-0.3461633, 0.04292614, 0.21369438), (-0.33177954, 0.0564578, 0.22196712), (-0.33531693, -0.025226094, 0.22319265), (-0.34209076, -0.025578817, 0.21913059), (-0.34945983, 0.0012008369, 0.21360108), (-0.3543134, 0.021792283, 0.20826261), (-0.35325396, -0.02739694, 0.2108082), (-0.35552052, 0.04691457, 0.20593123), (-0.35914302, -0.0010305977, 0.20556182), (-0.33093652, 0.063270785, 0.22314878), (-0.36567688, 0.0027338655, 0.19925554), (-0.36577144, 0.038328458, 0.19697739), (-0.36741483, -0.022041654, 0.19757493), (-0.36598247, 0.052543882, 0.19495973), (-0.35606205, -0.03853442, 0.20709632), (-0.3733501, 0.00029947548, 0.19093639), (-0.3753428, 0.02386853, 0.18721153), (-0.37530556, 0.043657485, 0.18552536), (-0.36607975, 0.07166678, 0.19058502), (-0.36409354, 0.09133918, 0.18686482), (-0.38690162, 0.00023798089, 0.1739368), (-0.3901114, 0.024051161, 0.16873278), (-0.39373183, 0.038565647, 0.16265272), (-0.39276212, 0.048910923, 0.16168633), (-0.37937674, 0.06978452, 0.17397733), (-0.39554474, 0.01868924, 0.1616828), (-0.39633596, -0.00012995335, 0.16142218), (-0.3880906, -0.020152617, 0.17122796), (-0.37225157, -0.034849677, 0.1903378), (-0.38727763, -0.034124956, 0.17048334), (-0.36242676, 0.12694989, 0.17573206), (-0.36825755, 0.10178829, 0.17737876), (-0.38941205, 0.06763784, 0.16036992), (-0.3847551, 0.08619965, 0.15967923), (-0.39413014, -0.032434586, 0.16118145), (-0.37113526, 0.12910528, 0.16077663), (-0.38368294, 0.112706475, 0.14704484), (-0.35766146, 0.15465926, 0.16765675), (-0.36535132, 0.14730935, 0.1599675), (-0.39225954, 0.07851605, 0.14982623), (-0.37852067, 0.1324966, 0.144924), (-0.39731705, 0.046324007, 0.15216437), (-0.39675683, -0.031482022, 0.15571527), (-0.40037492, 0.019879414, 0.14888445), (-0.3911774, -0.05917207, 0.16002771), (-0.3962391, -0.054421287, 0.15002267), (-0.39593157, 0.07163303, 0.14289203), (-0.40280405, 0.00018346927, 0.1430222), (-0.40097344, -0.02869601, 0.14457299), (-0.39070818, -0.08841861, 0.14866044), (-0.33352515, 0.06899131, 0.22450785), (0.27470165, -0.13761923, 0.24083716), (0.269948, -0.14275251, 0.23651752), (0.2737296, -0.13741985, 0.23235047), (0.26930344, -0.14178966, 0.22957084), (0.2762176, -0.13411596, 0.22884561), (0.28085575, -0.12944913, 0.22895019), (0.281508, -0.13113737, 0.24617973), (0.2683273, -0.14426757, 0.25006768), (0.26554102, -0.14680207, 0.23610741), (0.26095733, -0.15168695, 0.24781351), (0.265429, -0.14803955, 0.2529078), (0.27406418, -0.1376312, 0.2531737), (0.2806081, -0.1318083, 0.25334612), (0.26974323, -0.1436969, 0.25332293), (0.2846778, -0.12628698, 0.24757688), (0.268714, -0.14063239, 0.2286388), (0.28442565, -0.12899986, 0.2549427), (0.2635879, -0.1456586, 0.23015335), (0.2774837, -0.13600172, 0.25612915), (0.25786695, -0.1507021, 0.23270896), (0.25546518, -0.15537031, 0.2350072), (0.27321336, -0.14090036, 0.25608653), (0.28446504, -0.12190364, 0.23076744), (0.28873286, -0.11812284, 0.2401395), (0.288578, -0.12130544, 0.2510163), (0.2874009, -0.11581733, 0.22894418), (0.2872416, -0.12560768, 0.251511), (0.28275022, -0.12082111, 0.22823519), (0.25318584, -0.15506436, 0.2330874), (0.26059803, -0.1562272, 0.24799198), (0.2572541, -0.1616504, 0.23858058), (0.2652814, -0.15258765, 0.25269175), (0.2523275, -0.16122553, 0.23218088), (0.25459084, -0.16903177, 0.23526506), (0.28929487, -0.115814775, 0.22817652), (0.2719536, -0.14657511, 0.2551052), (0.2508877, -0.17353666, 0.23491617), (-0.27157325, 0.26165998, 0.18061234), (-0.2781802, 0.25241128, 0.18311106), (-0.2807708, 0.25981456, 0.17507826), (-0.2842168, 0.2513455, 0.17869714), (-0.25570524, 0.2796017, 0.18035927), (-0.277125, 0.27297848, 0.16786666), (-0.26444328, 0.28614676, 0.16827713), (-0.24538939, 0.29261154, 0.17827737), (-0.29498264, 0.2502554, 0.1686928), (-0.25101447, 0.30114853, 0.16530803), (-0.2382691, 0.2997142, 0.1769977), (-0.27889967, 0.2802141, 0.15859841), (-0.2854307, 0.27074537, 0.16037372), (-0.29776004, 0.23482014, 0.17661008), (-0.3123907, 0.22525771, 0.16935012), (-0.3074317, 0.23746066, 0.16429602), (-0.31877685, 0.2141224, 0.17121612), (-0.3295385, 0.20742407, 0.16485082), (-0.32605752, 0.21966358, 0.15726656), (-0.303303, 0.24574351, 0.1619133), (-0.34124535, 0.1920037, 0.16220996), (-0.29599276, 0.25793782, 0.15894188), (-0.35245594, 0.17434248, 0.16068807), (-0.26187328, 0.29965726, 0.15437955), (-0.340437, 0.20849845, 0.1461235), (-0.31832933, 0.24085742, 0.14345105), (-0.32952058, 0.22410308, 0.14587213), (-0.35887268, 0.16069326, 0.1615042), (-0.35280132, 0.19054823, 0.14420633), (-0.28971928, 0.27602926, 0.1457995), (-0.30134976, 0.26230422, 0.14255293), (-0.27568573, 0.29080048, 0.14797913), (-0.36120397, 0.17765935, 0.14142804), (-0.34929574, 0.20608759, 0.13089125), (-0.35997763, 0.18969503, 0.13014424), (-0.33833423, 0.22183956, 0.1303679), (-0.37137115, 0.15506436, 0.14224105), (-0.320481, 0.24495862, 0.13118607), (-0.29549092, 0.27485734, 0.13282776), (-0.2418197, 0.3141498, 0.15779231), (-0.25925344, 0.3059091, 0.14782958), (-0.28211355, 0.28798455, 0.13919164), (-0.3679307, 0.17419493, 0.12945603), (-0.23982231, 0.3104241, 0.16471818), (-0.27150536, 0.29820317, 0.14075759), (-0.24498823, 0.3178752, 0.14695105), (-0.3330394, 0.23412883, 0.11608539), (-0.34205908, 0.22150157, 0.11764761), (-0.35239065, 0.20679954, 0.11783038), (-0.38024464, 0.14450051, 0.12808046), (-0.38448516, 0.13090937, 0.13004093), (-0.36803523, 0.17905304, 0.119159974), (-0.25491774, 0.314338, 0.13510653), (-0.22868463, 0.32933712, 0.14580578), (-0.39147303, 0.09762042, 0.13849398), (-0.38123736, 0.15061416, 0.11031783), (-0.37009916, 0.17760652, 0.11001639), (-0.38219854, 0.1447084, 0.1183129), (-0.3908622, 0.11105611, 0.12776992), (-0.38885668, 0.1288552, 0.11141305), (-0.39434126, 0.10837239, 0.113594584), (-0.23906676, 0.3275639, 0.13064523), (-0.39508793, 0.0918425, 0.13027482), (-0.21970128, 0.3300801, 0.1535905), (-0.226062, 0.3204524, 0.16225988), (-0.20715976, 0.3412164, 0.14491054), (-0.1993136, 0.334016, 0.16391073), (-0.19280155, 0.3420979, 0.15651165), (-0.22625689, 0.31513077, 0.16828403), (-0.20833476, 0.32397878, 0.16979668), (-0.17450377, 0.35022312, 0.15725514), (-0.2185377, 0.31259024, 0.17489761), (-0.20597145, 0.3485361, 0.009864943), (-0.22677745, 0.33493033, -0.017100563), (-0.19840324, 0.35109127, -0.033005234), (-0.21878912, 0.3285666, -0.195994), (-0.23572654, 0.31988907, -0.16770428), (-0.2323794, 0.3182156, -0.23329161), (-0.22194025, 0.32977918, -0.14771493), (-0.19448921, 0.34428513, -0.18860985), (-0.19697155, 0.3470959, -0.12660491), (-0.20807867, 0.34083983, -0.11525973), (-0.23809366, 0.32342944, -0.084570244), (-0.21853559, 0.33782604, -0.053308442), (-0.24229725, 0.32472342, -0.027512679), (-0.19787909, 0.34950167, -0.07021891), (-0.19771169, 0.35370505, 0.008565844), (-0.24244635, 0.32588932, 0.0052790837), (-0.22371623, 0.3380428, 0.030632166), (-0.2280349, 0.33736905, 0.08377745), (-0.19846463, 0.3555477, 0.06377625), (-0.2425949, 0.32625237, 0.035729844), (-0.19955593, 0.3553895, 0.086391725), (-0.19584727, 0.34116477, -0.23462816), (-0.19243054, 0.3400341, -0.28213334), (-0.20563094, 0.33303684, -0.26571703), (-0.1922334, 0.33594176, -0.33739713), (-0.2321174, 0.31588647, -0.27918828), (-0.22315316, 0.31652743, -0.35004523), (-0.19445099, 0.33247188, -0.37008226), (-0.22542922, 0.3118485, -0.40020022), (-0.21501549, 0.3165359, -0.42012352), (-0.19097206, 0.33232328, -0.39872992), (-0.19325373, 0.34326896, -0.2234216), (-0.22935499, 0.310316, -0.3811934), (-0.23355108, 0.31256288, -0.3127286), (-0.22479911, 0.3102297, -0.42089787), (-0.19123623, 0.33016142, -0.4207566), (-0.23185526, 0.3344514, 0.111378565), (-0.19967823, 0.35494363, 0.1009283), (-0.24665208, 0.32426816, 0.0922214), (-0.2426875, 0.32687062, 0.1113206), (-0.25073838, 0.29061577, -0.41959193), (-0.25113896, 0.29145497, -0.40744954), (-0.24327035, 0.30085933, -0.35589978), (-0.25661176, 0.3000516, -0.21937776), (-0.25582975, 0.29658446, -0.2782454), (-0.24363795, 0.30445427, -0.30714956), (-0.26231635, 0.2879489, -0.31729126), (-0.2582361, 0.28837794, -0.35449553), (-0.24502318, 0.3143774, -0.13948692), (-0.25877222, 0.3004849, -0.18135123), (-0.2627499, 0.30068117, -0.12894398), (-0.2535526, 0.31034452, -0.08685716), (-0.27500874, 0.29212165, -0.09746817), (-0.27470973, 0.2947249, -0.061571036), (-0.27573168, 0.29661402, -0.02741389), (-0.26097092, 0.31059745, -0.0013725648), (-0.27670613, 0.29728457, -0.0035621752), (-0.26446673, 0.30867958, 0.052387208), (-0.2766644, 0.29814267, 0.018853681), (-0.27552888, 0.2890689, -0.14035335), (-0.26400614, 0.28050548, -0.406838), (-0.26947996, 0.28496495, -0.27582207), (-0.2702516, 0.28570288, -0.25137502), (-0.27453488, 0.28579158, -0.19322251), (-0.2729031, 0.2733316, -0.38266107), (-0.25575322, 0.31585816, 0.1208518), (-0.26997927, 0.3042038, 0.109245114), (-0.27759174, 0.29723626, 0.08059449), (-0.2709204, 0.2729106, -0.42017287), (-0.27411747, 0.27372178, -0.35352904), (-0.27409306, 0.30000508, 0.12140934), (-0.2736407, 0.27141953, -0.40832824), (-0.28820896, 0.28699914, 0.112507835), (-0.29010755, 0.28536457, 0.07220222), (-0.3004176, 0.27499115, 0.016775763), (-0.2992449, 0.27531648, -0.002513327), (-0.27887467, 0.27125743, -0.3234512), (-0.28571117, 0.28736922, -0.016704667), (-0.29708013, 0.27537087, -0.029670523), (-0.2848285, 0.2846174, -0.058790844), (-0.29502144, 0.2745339, -0.06127576), (-0.2929627, 0.27387983, -0.10048521), (-0.28473067, 0.27981386, -0.13612708), (-0.29160488, 0.2727212, -0.13988575), (-0.28666112, 0.26761973, -0.27701116), (-0.28881916, 0.2713521, -0.19130756), (-0.28752136, 0.2684184, -0.24728847), (-0.27040675, 0.2704218, -0.4332297), (-0.24887198, 0.2883419, -0.4349352), (-0.30155003, 0.27377698, 0.05660795), (-0.299989, 0.24606404, -0.35975796), (-0.29804334, 0.24565521, -0.3931794), (-0.2941636, 0.25571123, -0.31150725), (-0.30595934, 0.2442293, -0.30094814), (-0.30647168, 0.26795897, 0.09463916), (-0.302846, 0.2508143, -0.26468837), (-0.31152734, 0.24674496, -0.18115866), (-0.30948585, 0.2458711, -0.2269185), (-0.30880508, 0.24520956, -0.25230917), (-0.3077927, 0.24487558, -0.27478635), (-0.3130439, 0.24891306, -0.1363309), (-0.31493136, 0.24910744, -0.10099227), (-0.3118647, 0.2562465, -0.049720343), (-0.3198366, 0.25090203, -0.012278837), (-0.31756514, 0.25009078, -0.048888467), (-0.29684457, 0.24521911, -0.41655052), (-0.2845848, 0.25619096, -0.43012434), (-0.27421892, 0.29828453, 0.13185544), (-0.32135734, 0.25121555, 0.087530516), (-0.30226615, 0.27150294, 0.11358492), (-0.32106575, 0.25069866, 0.010077752), (-0.32306093, 0.24862134, 0.05304957), (-0.29608732, 0.24340823, -0.42978814), (-0.221785, 0.30886534, -0.43438235), (-0.31979343, 0.252201, 0.10596343), (-0.2912507, 0.28174037, 0.12649137), (-0.21223624, 0.3458572, 0.11712426), (-0.33150825, 0.2383794, 0.10230281), (-0.31838608, 0.22899428, -0.29966846), (-0.3181159, 0.22661045, -0.33259773), (-0.31657013, 0.22525533, -0.3665594), (-0.3130328, 0.22650954, -0.3959598), (-0.3350035, 0.23430873, 0.08525315), (-0.3303662, 0.21654308, -0.2691102), (-0.32849422, 0.21522352, -0.30558053), (-0.33191666, 0.21648642, -0.23010547), (-0.33328432, 0.21912321, -0.1640839), (-0.33465418, 0.22080213, -0.12946641), (-0.33616242, 0.22188157, -0.09079349), (-0.33812076, 0.22400643, -0.041988753), (-0.340221, 0.2236274, -0.018606653), (-0.33256346, 0.21843791, -0.18660153), (-0.3121459, 0.22547938, -0.4153756), (-0.34004393, 0.2259284, 0.042744532), (-0.3444045, 0.22173706, 0.08492759), (-0.34049758, 0.22471036, 0.008318731), (-0.34412518, 0.22174579, 0.10283406), (-0.3319732, 0.20701222, -0.33913893), (-0.32963222, 0.2074272, -0.36767796), (-0.32766354, 0.20565383, -0.4010623), (-0.29423705, 0.23918569, -0.44802547), (-0.31609112, 0.2537096, 0.121451795), (-0.31273732, 0.22134578, -0.42899904), (-0.2452279, 0.28582186, -0.451476), (-0.25266525, 0.27888656, -0.45201737), (-0.26742315, 0.26609343, -0.45220664), (-0.32653165, 0.204274, -0.4172321), (-0.33768854, 0.20155038, -0.3048226), (-0.35556847, 0.2051805, 0.09205457), (-0.3531975, 0.20609456, 0.046087984), (-0.35013545, 0.20996016, 0.010565245), (-0.35479602, 0.2055611, 0.10776864), (-0.32512125, 0.2026452, -0.43055817), (-0.22951856, 0.2973644, -0.451555), (-0.21791324, 0.3063585, -0.45150298), (-0.34128216, 0.19071062, -0.35303575), (-0.33622694, 0.19210294, -0.40123165), (-0.35256857, 0.20376414, -0.019503653), (-0.35997787, 0.18276048, -0.09579415), (-0.3576412, 0.18000846, -0.15795472), (-0.34931943, 0.19379118, -0.15712872), (-0.35466468, 0.18000624, -0.21585914), (-0.34212586, 0.19916727, -0.24259993), (-0.3531848, 0.1801373, -0.24160759), (-0.35086346, 0.19755898, -0.096471675), (-0.34300864, 0.19584969, -0.27120054), (-0.36209586, 0.18504806, -0.04565311), (-0.34964335, 0.18034297, -0.31238854), (-0.35230073, 0.17940736, -0.27349395), (-0.33253428, 0.1918136, -0.428706), (-0.36314997, 0.18792991, 0.008572754), (-0.3633175, 0.18523704, -0.023090128), (-0.36346748, 0.18927123, 0.05860132), (-0.36397862, 0.18993731, 0.10837301), (-0.3085973, 0.21786954, -0.45093176), (-0.31794167, 0.20423761, -0.4506985), (-0.29558605, 0.2354871, -0.4515807), (-0.3636829, 0.19085655, 0.09390977), (-0.2816662, 0.25079718, -0.4521106), (-0.34857598, 0.17680843, -0.35705182), (-0.34595338, 0.17386118, -0.40341103), (-0.34495428, 0.17184438, -0.41866675), (-0.36248735, 0.19007267, 0.11840259), (-0.32925418, 0.18663506, -0.45079514), (-0.36705548, 0.16130857, -0.15947026), (-0.3785596, 0.14493228, -0.10221451), (-0.37645102, 0.14476039, -0.1384978), (-0.371367, 0.14813146, -0.19475745), (-0.36715856, 0.15018877, -0.2425431), (-0.37718397, 0.15740187, 0.002005686), (-0.3822458, 0.14548728, -0.014766084), (-0.37976998, 0.14607078, -0.06683118), (-0.37075916, 0.1744718, 0.057381902), (-0.382759, 0.1468221, 0.026960932), (-0.36940482, 0.17585887, 0.017595408), (-0.38286915, 0.14770788, 0.09300664), (-0.3717854, 0.16535431, -0.03837763), (-0.3695944, 0.16664897, -0.06980369), (-0.37008157, 0.1779071, 0.09498841), (-0.36392012, 0.15130016, -0.30090672), (-0.3607898, 0.15307851, -0.34378332), (-0.3418365, 0.17207254, -0.4335603), (-0.35940003, 0.15207984, -0.3696816), (-0.35749206, 0.15071842, -0.3990543), (-0.35487843, 0.15085092, -0.4190141), (-0.3520863, 0.15117389, -0.43299437), (-0.33874977, 0.16831915, -0.45027348), (-0.34701338, 0.15071394, -0.4507044), (-0.2260655, 0.3353745, 0.13150951), (-0.19647482, 0.3549821, 0.116302356), (-0.18894717, 0.32791057, -0.4355186), (-0.18852095, 0.32352093, -0.4522816), (-0.18155615, 0.36388648, 0.06580717), (-0.18241902, 0.3638383, 0.087348305), (-0.18354738, 0.36298245, 0.10060528), (-0.18988259, 0.35834754, 0.11485528), (-0.16798761, 0.3680784, 0.01275066), (-0.16475447, 0.36764038, -0.0169277), (-0.20568228, 0.34675464, 0.13108425), (-0.17074099, 0.36228132, -0.05262845), (-0.15012754, 0.3712897, -0.05396845), (-0.15111247, 0.36916453, -0.083803274), (-0.17866327, 0.35739806, -0.07900725), (-0.17106459, 0.35654217, -0.15393), (-0.1510111, 0.36473924, -0.16496971), (-0.1514788, 0.36713275, -0.12106762), (-0.1605001, 0.3585478, -0.2111359), (-0.15068062, 0.36264226, -0.21426052), (-0.1523791, 0.35950688, -0.26061702), (-0.17175594, 0.35065234, -0.25953808), (-0.1705883, 0.34641716, -0.32655445), (-0.1769682, 0.33943567, -0.38595185), (-0.15227069, 0.35206473, -0.36771944), (-0.1515991, 0.3548985, -0.32852814), (-0.153141, 0.34734464, -0.42072123), (-0.15360403, 0.37509987, 0.035569463), (-0.15211973, 0.37492692, 0.016049514), (-0.14954533, 0.37393966, -0.017742304), (-0.16850038, 0.36981085, 0.086111575), (-0.15228193, 0.3454224, -0.4319853), (-0.17535274, 0.32979137, -0.45119366), (-0.15219773, 0.34313968, -0.44185424), (-0.1680716, 0.36914992, 0.10113187), (-0.17632987, 0.36371663, 0.11536249), (-0.20421551, 0.31413344, -0.45234376), (-0.16100535, 0.33549473, -0.45337728), (-0.15264776, 0.33949462, -0.45352915), (-0.19028248, 0.35531598, 0.1264509), (-0.1353454, 0.35371792, -0.42032117), (-0.11018396, 0.3660454, -0.38042697), (-0.11991303, 0.36212984, -0.38519278), (-0.109981716, 0.36229768, -0.42164406), (-0.12713121, 0.35323772, -0.43709153), (-0.11781989, 0.36629012, -0.33745077), (-0.14209165, 0.35812148, -0.32980362), (-0.113847755, 0.36894915, -0.3228272), (-0.14022186, 0.36367768, -0.2620981), (-0.112241514, 0.37207645, -0.2858729), (-0.113885835, 0.37415567, -0.24107815), (-0.14986718, 0.37637886, 0.079626374), (-0.12607539, 0.37160164, -0.20296328), (-0.14292707, 0.36739582, -0.16326559), (-0.11148302, 0.3786721, -0.1522415), (-0.12063771, 0.37754494, -0.115785584), (-0.11267337, 0.3801123, -0.12001983), (-0.13476701, 0.37465173, -0.0799931), (-0.1172369, 0.38297746, -0.03978698), (-0.11130649, 0.38391593, -0.057388477), (-0.111024946, 0.38564706, -0.03084157), (-0.108283326, 0.38316882, -0.085042365), (-0.1105247, 0.3771458, -0.19272606), (-0.112858675, 0.38620764, -0.0024849453), (-0.19463311, 0.34808305, 0.1418026), (-0.097433835, 0.3729682, -0.33887583), (-0.1372155, 0.3457034, -0.45183548), (-0.10872163, 0.35783285, -0.44387057), (-0.10923179, 0.355081, -0.45297903), (-0.113464035, 0.3868483, 0.026987586), (-0.11412659, 0.3871463, 0.06361763), (-0.09376822, 0.38215464, -0.18852155), (-0.09889182, 0.38456598, -0.10828051), (-0.13246292, 0.38022262, 0.10036116), (-0.13074033, 0.38180515, 0.08362613), (-0.11498251, 0.3867385, 0.08391114), (-0.11313223, 0.38651517, 0.099302545), (-0.09777986, 0.3656039, -0.4226955), (-0.11288955, 0.38447365, 0.11577104), (-0.13330193, 0.37809294, 0.113462225), (-0.1578431, 0.36997634, 0.11514227), (-0.09457248, 0.38991877, 0.11563389), (-0.10402482, 0.38544804, 0.12758763), (-0.09270985, 0.38781413, 0.13604428), (-0.12375574, 0.37901804, 0.12387864), (-0.09941865, 0.38568118, 0.1356487), (-0.10865047, 0.3819844, 0.13253336), (-0.090829484, 0.38802856, 0.14197169), (-0.0933735, 0.39164725, 0.09916738), (-0.08637379, 0.3893479, -0.06754378), (-0.14163975, 0.3722587, 0.12714946), (-0.10050334, 0.38309112, 0.14004886), (-0.15355548, 0.36874405, 0.12381631), (-0.13929474, 0.36569443, 0.15012309), (-0.15235564, 0.36356694, 0.1384466), (-0.15573229, 0.3588149, 0.14993735), (-0.16168833, 0.36049956, 0.13334525), (-0.15973234, 0.3653591, 0.1252899), (-0.16919318, 0.35721007, 0.13928041), (-0.17893, 0.35295802, 0.14464971), (-0.11900254, 0.37779862, 0.13249952), (-0.10782635, 0.37789065, 0.14132868), (-0.12839939, 0.37059438, 0.14619881), (-0.17925924, 0.35861495, 0.12772457), (-0.092409484, 0.35905138, -0.45326066), (-0.12966347, 0.34695894, -0.4546152), (-0.11665794, 0.37376893, 0.14510946), (-0.09897501, 0.38730562, 0.14040686), (-0.20985557, 0.29961818, -0.4655326), (-0.24077865, 0.2783876, -0.46289667), (-0.18605573, 0.31731287, -0.46147552), (-0.2636265, 0.25836614, -0.46295154), (-0.10004683, 0.37661967, 0.14789233), (-0.09976961, 0.3797433, 0.14437175), (-0.096076354, 0.3795549, 0.14809547), (-0.09622506, 0.3873987, 0.1472668), (-0.2887023, 0.2304415, -0.4631908), (-0.0975079, 0.38159394, 0.14593743), (-0.30886865, 0.20106754, -0.46380228), (-0.3226117, 0.18264507, -0.46169803), (-0.099813946, 0.38872513, 0.14429432), (-0.34048375, 0.14935648, -0.45997545), (-0.40519464, -0.0021422412, -0.07010669), (-0.40419102, -0.035934083, -0.069431566), (-0.40449423, -0.0021100417, -0.10090896), (-0.4065192, -0.0011338799, -0.034957178), (-0.40549502, -0.03370785, -0.032021362), (-0.40334424, -0.035066374, -0.101452686), (-0.40706158, -0.00067058956, -0.0011211501), (-0.40586376, -0.035169978, -0.0035482135), (-0.40627402, -0.034589782, 0.04142611), (-0.4072794, -0.00009439057, 0.03923745), (-0.40223506, -0.06896095, -0.03028339), (-0.4024525, -0.07085116, -0.00321659), (-0.40274185, -0.069793135, 0.033459708), (-0.4026142, -0.070274904, 0.06709135), (-0.40364045, -0.057774503, 0.084007606), (-0.40599367, -0.033671573, 0.06756647), (-0.4030126, -0.060039327, 0.108667895), (-0.40018997, -0.066075325, -0.09588398), (-0.40507928, -0.032350402, 0.10718381), (-0.4068678, 0.00015806743, 0.07404903), (-0.40580288, -0.00074853725, 0.12903105), (-0.40422076, -0.029194206, 0.13185002), (-0.40206802, -0.0581439, 0.1289857), (-0.40274903, -0.0017791373, -0.13752338), (-0.4005824, 0.00008105108, -0.18316786), (-0.40008086, -0.036205545, -0.16859399), (-0.3987613, -0.033441003, -0.19849245), (-0.3988693, 0.0015016075, -0.23061724), (-0.39736998, -0.019733164, -0.25123245), (-0.39878044, -0.050746605, -0.16344336), (-0.39703116, -0.03650856, -0.23451893), (-0.39508137, -0.06269401, -0.21827741), (-0.3957886, -0.06626025, -0.18966734), (-0.39792502, -0.06626029, -0.14117025), (-0.3966902, 0.0017293912, -0.27517805), (-0.3955711, 0.0013445816, -0.29392844), (-0.39324248, -0.018336304, -0.3282851), (-0.39361292, 0.0018198673, -0.33183783), (-0.39448637, -0.036866415, -0.2776206), (-0.39248434, -0.03855062, -0.31387538), (-0.39023665, -0.040427644, -0.35077947), (-0.39006564, -0.020087188, -0.3731578), (-0.39172614, -0.06073626, -0.27809438), (-0.3879415, -0.06436722, -0.33982125), (-0.3904766, 0.002447925, -0.37684226), (-0.38657779, -0.023042798, -0.41471067), (-0.38785592, 0.0017470191, -0.40897226), (-0.38577676, -0.04126354, -0.40676153), (-0.38453862, -0.052598596, -0.40647307), (-0.38344148, -0.047925636, -0.42232227), (-0.39296368, 0.015212822, -0.33298), (-0.40007776, -0.08239389, 0.10129701), (-0.38464156, -0.06467297, -0.38090214), (-0.3828492, -0.06577948, -0.40318426), (-0.39245158, -0.08152502, -0.20544505), (-0.381341, -0.064893186, -0.41993186), (-0.38778567, -0.08243961, -0.27850616), (-0.38447464, -0.08285973, -0.3378877), (-0.39063635, -0.080740504, -0.23572566), (-0.3996222, -0.07760525, 0.12675734), (-0.39761814, -0.09290215, -0.03441599), (-0.39294574, -0.08287338, -0.16915436), (-0.39535484, -0.09278059, -0.08824793), (-0.39246076, -0.090640195, -0.14948182), (-0.3890307, -0.09923593, -0.17927198), (-0.39775816, -0.09488285, -0.010257013), (-0.3981152, -0.09488575, 0.06342555), (-0.39654872, -0.100333676, 0.10693912), (-0.3952976, -0.101458594, 0.12401791), (-0.38055906, -0.08177583, -0.38996798), (-0.37810603, -0.08239172, -0.41856384), (-0.39387357, -0.11539372, 0.05787465), (-0.39368746, -0.114198685, -0.0035461686), (-0.39381155, -0.1136368, 0.10307479), (-0.3921055, -0.1158334, -0.041404936), (-0.38704604, -0.11840037, -0.13421543), (-0.3849159, -0.116571896, -0.17727783), (-0.38946515, -0.1176994, -0.08354118), (-0.3790144, -0.11020424, -0.3138889), (-0.38551202, -0.100101225, -0.23882587), (-0.38416392, -0.113735765, -0.20458595), (-0.38154083, -0.112942874, -0.24582033), (-0.3786048, -0.1050067, -0.34474918), (-0.38047293, -0.11193104, -0.2738383), (-0.3755105, -0.09929175, -0.39873326), (-0.3928549, -0.11312253, 0.12260102), (-0.38362393, -0.022225214, -0.4328379), (-0.38076687, -0.05055905, -0.43499395), (-0.38547993, 0.00024479217, -0.4265801), (-0.36981034, -0.112885505, -0.41925567), (-0.37194613, -0.11335952, -0.39690483), (-0.3753417, -0.11710379, -0.34242684), (-0.37792686, -0.069522925, -0.4337205), (-0.37491375, -0.083919555, -0.43445376), (-0.4053142, 0.022771029, 0.12589687), (-0.40651855, 0.022496, 0.03948386), (-0.4059706, 0.026439603, 0.075487114), (-0.405906, 0.026119519, -0.003855228), (-0.4000994, 0.03287418, -0.16434617), (-0.40271553, 0.031101022, -0.10450598), (-0.39661136, 0.035448402, -0.24685147), (-0.39824173, 0.03489186, -0.20735727), (-0.40406808, 0.029887896, -0.05976678), (-0.40423936, 0.052560393, 0.010781967), (-0.40446874, 0.051015563, 0.042341266), (-0.40381843, 0.051224258, 0.09978761), (-0.40398708, 0.04470075, 0.122967266), (-0.403432, 0.052753396, -0.027698517), (-0.38637605, 0.03056837, -0.41144845), (-0.39046505, 0.034181293, -0.35401678), (-0.38434005, 0.028116934, -0.427415), (-0.393292, 0.035603385, -0.29973418), (-0.4018635, 0.05571924, -0.057665415), (-0.4004028, 0.053991735, -0.099456355), (-0.397797, 0.053272627, -0.16461119), (-0.3963371, 0.05679859, -0.19870706), (-0.39460278, 0.054476187, -0.24413642), (-0.40246218, 0.06870764, 0.005713833), (-0.40197548, 0.06670248, -0.027383005), (-0.4022867, 0.07005768, 0.038236413), (-0.4010761, 0.075674, 0.09202714), (-0.38742712, 0.047742747, -0.37233528), (-0.38453856, 0.048400957, -0.41000327), (-0.3895251, 0.07242332, -0.28240964), (-0.38629887, 0.06983991, -0.34110633), (-0.38358194, 0.06895593, -0.38189802), (-0.38071194, 0.069351554, -0.4167247), (-0.38219494, -0.0003426352, -0.44089356), (-0.40034673, 0.07608462, 0.1179322), (-0.4001877, 0.070357755, -0.05094914), (-0.39632043, 0.07339844, -0.12770066), (-0.394657, 0.07197573, -0.16811486), (-0.39183232, 0.07290264, -0.24859348), (-0.38255447, 0.05195854, -0.42212504), (-0.3938214, 0.07403787, -0.20114417), (-0.3816888, 0.04754204, -0.43021107), (-0.3810328, -0.026302364, -0.44210815), (-0.3985248, 0.09186949, 0.0009292672), (-0.397293, 0.092948765, -0.032821685), (-0.39874905, 0.09159767, 0.048299454), (-0.397978, 0.09443639, 0.089905255), (-0.3942629, 0.095579974, -0.07936186), (-0.39349943, 0.0787552, -0.16006888), (-0.38959548, 0.1090722, -0.12238791), (-0.3879625, 0.10780039, -0.15914258), (-0.3894802, 0.09292176, -0.1930127), (-0.4024291, 0.034795888, 0.13735104), (-0.37765023, 0.0699821, -0.4333778), (-0.39186403, 0.1106334, -0.06399281), (-0.3797126, 0.024852691, -0.44539735), (-0.37835637, 0.04262073, -0.4446271), (-0.3943352, 0.11165721, 0.08577347), (-0.3934049, 0.111048885, -0.026735201), (-0.39398476, 0.11175437, 0.015426458), (-0.38509908, 0.08753589, -0.2950867), (-0.3792082, 0.101103745, -0.33871597), (-0.37726188, 0.10154194, -0.3638024), (-0.37463644, 0.101690724, -0.39341956), (-0.386512, 0.103606656, -0.2010481), (-0.38318384, 0.10101101, -0.27044404), (-0.39940804, 0.070162885, 0.12901743), (-0.40059072, 0.049767386, 0.13827786), (-0.37262285, 0.100777596, -0.41621602), (-0.3769356, -0.055476706, -0.44541472), (-0.3895838, 0.1286009, 0.092052944), (-0.36949667, 0.101284154, -0.4335638), (-0.39876124, -0.05606394, 0.14227214), (-0.38682705, -0.13723695, 0.036442876), (-0.37442738, 0.06890314, -0.44434765), (-0.38909313, 0.12799618, 0.017439961), (-0.38683748, -0.1369279, 0.07152893), (-0.38613293, -0.13672805, 0.110095575), (-0.37273556, -0.1333652, -0.28654036), (-0.38573554, -0.13777699, -0.009745863), (-0.3657769, -0.11466776, -0.4361789), (-0.36351126, -0.14404646, -0.37436166), (-0.37540382, -0.14663264, -0.16564672), (-0.3725986, -0.1478781, -0.20149766), (-0.36962247, -0.1486359, -0.23759115), (-0.37793142, -0.14978588, -0.09304039), (-0.3769465, -0.14733338, -0.13391033), (-0.38000536, -0.149918, -0.046340227), (-0.38047636, -0.15320647, -0.0016603996), (-0.36839008, -0.14673246, -0.27760568), (-0.36509278, -0.14606252, -0.3421797), (-0.3805115, -0.15499766, 0.038139775), (-0.36040133, -0.14475037, -0.40178052), (-0.37883314, -0.1580252, 0.093335584), (-0.37796673, -0.15827538, 0.11864276), (-0.38718265, -0.13029581, 0.120527856), (-0.35850152, -0.14459072, -0.4176728), (-0.3547217, -0.14517891, -0.43458152), (-0.36902815, -0.085003816, -0.4510248), (-0.36215284, -0.110108174, -0.45079195), (-0.3947994, -0.08303929, 0.14004336), (-0.3788848, -0.022415608, -0.44773966), (-0.3665569, 0.12797838, -0.3926701), (-0.3683569, 0.12863576, -0.36873645), (-0.37090346, 0.12743126, -0.3375442), (-0.37463364, 0.12507303, -0.28749344), (-0.36441278, 0.12685463, -0.41543227), (-0.3623524, 0.12365858, -0.43312648), (-0.39005634, 0.12100353, -0.031017607), (-0.38376302, 0.12995261, -0.10487258), (-0.38020846, 0.1279967, -0.17517103), (-0.37839735, 0.12004547, -0.2390647), (-0.37921724, 0.00007992012, -0.44800738), (-0.36411527, 0.1025561, -0.45033795), (-0.35833034, 0.12140759, -0.44921055), (-0.3733876, 0.13329795, -0.24325056), (-0.37157732, 0.068720356, -0.4517618), (-0.36735913, 0.08667099, -0.45159274), (-0.35693082, -0.16229194, -0.36129096), (-0.35089308, -0.16374171, -0.41490674), (-0.3611929, -0.1632496, -0.28146398), (-0.3611568, -0.16850764, -0.23621069), (-0.37305018, -0.050806835, -0.45429537), (-0.36880153, -0.17333922, -0.060954187), (-0.36806163, -0.17773205, -0.02652546), (-0.36666626, -0.1828899, -0.0002395944), (-0.36139446, -0.17057432, -0.21505512), (-0.37100545, -0.16384651, -0.100143395), (-0.36741284, -0.1619237, -0.1801668), (-0.34556782, -0.17844683, -0.40184093), (-0.34603304, -0.1655693, -0.43395403), (-0.35708296, -0.17159832, -0.2854997), (-0.36867675, -0.17804942, 0.11941735), (-0.3669719, -0.18264186, 0.09749931), (-0.36734346, -0.1824022, 0.049323972), (-0.34187016, -0.18182637, -0.41823918), (-0.33889595, -0.17993854, -0.43590757), (-0.35598734, -0.12734234, -0.4505838), (-0.3489014, -0.14533722, -0.4507065), (-0.34050202, -0.16435681, -0.45076603), (-0.36419883, -0.17841555, -0.09305337), (-0.3615115, -0.17426142, -0.17528103), (-0.3901694, -0.109132074, 0.13282007), (-0.3832401, -0.10962418, 0.15134007), (-0.37342814, -0.022878615, -0.45763475), (-0.3729018, 0.00018877831, -0.45918173), (-0.33284274, -0.1921109, -0.4335821), (-0.36934257, -0.052469864, -0.46005553), (-0.3335532, -0.17894082, -0.4508931), (-0.37048498, 0.040823977, -0.4593686), (-0.37229803, 0.022840058, -0.4589716), (-0.3785509, -0.1316057, 0.13783342), (-0.3732226, -0.12395982, 0.16095553), (-0.37236607, -0.13606341, 0.1507228), (-0.3675232, -0.1406846, 0.15941842), (-0.3745299, -0.14825036, 0.13170716), (-0.36478844, -0.16523655, 0.14622173), (-0.3712829, -0.1633825, 0.12837216), (-0.36197296, -0.16505688, 0.15402846), (-0.36392778, -0.17733462, 0.13476983), (-0.35877177, -0.1761986, 0.15128408), (-0.3772987, -0.1443214, 0.12830299), (-0.3497002, -0.1966763, 0.14979485), (-0.3626553, -0.081605196, -0.46196577), (-0.35373458, -0.111918904, -0.46215358), (-0.34940743, -0.12422401, -0.46210134), (-0.36932632, -0.027119642, -0.46285248), (-0.35100865, 0.13751137, -0.4520128), (-0.3650281, 0.06550132, -0.46182036), (-0.3389806, -0.1491751, -0.4626413), (-0.36130232, 0.099789254, -0.45566577), (-0.3512787, 0.12077306, -0.45968312), (-0.32617074, -0.1778322, -0.46213305), (0.047314025, 0.31497335, 0.25980377), (0.02501276, 0.31888956, 0.26485717), (-0.0038028501, 0.3253307, 0.27683264), (0.06943221, 0.31342232, 0.262212), (0.04719749, 0.31766093, 0.26849723), (0.08311581, 0.31049067, 0.2589091), (0.021904761, 0.32239202, 0.2770131), (0.08017765, 0.31325436, 0.26904777), (0.061906975, 0.31659153, 0.2728017), (-0.003930131, 0.3296926, 0.2951792), (0.043477233, 0.3214614, 0.29167172), (0.027424287, 0.325808, 0.30734813), (0.0075911735, 0.3288038, 0.3027547), (0.07700249, 0.31488177, 0.27787822), (0.046556924, 0.32341984, 0.3147054), (0.051024213, 0.32047787, 0.29527473), (0.06265504, 0.31902954, 0.30320203), (0.06580935, 0.32053694, 0.31539166), (0.07306388, 0.31686246, 0.30433074), (0.079725996, 0.3153255, 0.30243823), (0.09659416, 0.31157857, 0.30715176), (0.09451226, 0.3108126, 0.29466683), (0.032002907, 0.3251579, 0.3140536), (0.09524427, 0.30877146, 0.27506128), (0.10523551, 0.3086639, 0.31046122), (0.09455704, 0.30632874, 0.25942296), (0.0113221975, 0.32693857, 0.31366548), (0.10502928, 0.3058994, 0.28458253), (0.11389152, 0.30413336, 0.2980538), (0.12291109, 0.3006265, 0.29066887), (0.121041834, 0.30256712, 0.31140864), (0.11991424, 0.2999835, 0.28371352), (0.12799002, 0.29804066, 0.28600684), (0.10812371, 0.30180413, 0.27179667), (0.108738825, 0.29797938, 0.2584325), (0.12745471, 0.29076457, 0.2560512), (0.11101915, 0.3065356, 0.31886443), (0.1210326, 0.30089313, 0.29699913), (0.12688112, 0.30081123, 0.30913383), (0.13241966, 0.29698998, 0.29853752), (0.14387964, 0.28417847, 0.2590111), (0.15251067, 0.28340188, 0.27362332), (0.13730948, 0.29331326, 0.2856673), (0.15646529, 0.28369436, 0.2851989), (0.14421707, 0.29194036, 0.29901516), (0.13808474, 0.29594347, 0.3159585), (0.12865096, 0.29982728, 0.31911114), (0.12447016, 0.30074188, 0.31784558), (0.16080454, 0.28445703, 0.30723017), (0.16217372, 0.2838611, 0.31274113), (0.16793932, 0.2713179, 0.25862917), (0.17567879, 0.2687382, 0.2650209), (0.11067893, 0.2911684, 0.24477094), (0.17813773, 0.26429603, 0.25375763), (0.20550105, 0.24951185, 0.25661087), (0.1668903, 0.2681833, 0.24841344), (0.15219003, 0.27646068, 0.2499739), (0.13254559, 0.28601176, 0.25059873), (0.085569575, 0.30697507, 0.25326052), (0.096368425, 0.30168477, 0.25088668), (0.10127106, 0.29697996, 0.24833101), (0.17701167, 0.2707838, 0.28023872), (0.19799615, 0.25609964, 0.2692302), (0.2075886, 0.25121385, 0.27376413), (0.17408568, 0.2628252, 0.24429125), (0.18177524, 0.2590251, 0.24460636), (0.19797647, 0.25953826, 0.29729062), (0.17787829, 0.27514815, 0.3121283), (0.19226179, 0.25362584, 0.24681321), (0.19299166, 0.25312197, 0.24503008), (0.22834776, 0.23776262, 0.2695308), (0.20574607, 0.24619114, 0.24824393), (0.18833186, 0.26675957, 0.29983276), (0.20356123, 0.25781146, 0.30791563), (0.23645781, 0.23371711, 0.27684584), (0.2202601, 0.2402718, 0.2586879), (0.2140574, 0.2480623, 0.28744733), (0.24018636, 0.22854182, 0.2654371), (0.2171281, 0.2390523, 0.24933061), (0.16389099, 0.26715818, 0.24401116), (0.15428053, 0.27114075, 0.24379708), (0.145305, 0.2751098, 0.24361362), (0.12241213, 0.2868588, 0.24549842), (0.23662952, 0.22736365, 0.25560564), (0.24437985, 0.22248638, 0.25697875), (0.22848432, 0.2326389, 0.25444886), (0.22285415, 0.23568529, 0.2503732), (0.23218764, 0.23046088, 0.25254416), (0.25145686, 0.22034074, 0.26979896), (0.2291073, 0.2380228, 0.28996065), (0.23783302, 0.23284839, 0.2805279), (0.21751237, 0.24614115, 0.30153742), (0.24960464, 0.22310491, 0.27783307), (0.1667706, 0.26711306, 0.24243978), (0.15420882, 0.27141404, 0.2419844), (0.1441207, 0.27636757, 0.24061504), (0.24901271, 0.21923192, 0.2595496), (0.25630817, 0.21493736, 0.26309845), (0.26189002, 0.21061246, 0.26796174), (0.2109074, 0.2431923, 0.24737528), (0.20332676, 0.24799095, 0.24558756), (0.23430678, 0.23212993, 0.29769784), (0.22793233, 0.2353201, 0.3062164), (0.13443644, 0.27832887, 0.24087149), (0.13188832, 0.28018776, 0.24300219), (0.13171688, 0.2805795, 0.23970428), (0.122331165, 0.28176707, 0.24066524), (-0.0011435706, 0.32553026, 0.32029852), (0.033750243, 0.32185137, 0.32314223), (0.013027092, 0.32213905, 0.3263506), (0.049102835, 0.3197105, 0.32386282), (0.26635358, 0.20889877, 0.2683255), (-0.016682606, 0.3246281, 0.32092094), (-0.025730466, 0.32221678, 0.3275745), (-0.013954334, 0.3193221, 0.33481133), (0.05022305, 0.31505895, 0.33192557), (-0.0019020708, 0.31990507, 0.33344287), (0.026096163, 0.31597918, 0.33532247), (0.002297085, 0.31693816, 0.33782655), (-0.050769642, 0.3182762, 0.3290207), (-0.060661487, 0.3151354, 0.33618703), (-0.047308087, 0.31576216, 0.3344391), (-0.03605328, 0.3163758, 0.3361174), (0.016751355, 0.30797487, 0.346309), (-0.001998775, 0.3107914, 0.34554893), (-0.06983065, 0.30788833, 0.3449708), (-0.08154556, 0.30900404, 0.34381112), (-0.14424114, 0.2731506, 0.2498452), (-0.14749128, 0.28010237, 0.2512337), (-0.14617139, 0.28778303, 0.25071293), (-0.15239306, 0.2637911, 0.25280106), (-0.15765515, 0.27833062, 0.2558351), (-0.15867414, 0.26752034, 0.25673625), (-0.1530191, 0.28701264, 0.25224766), (-0.13969798, 0.29157397, 0.24925861), (-0.14819835, 0.26401797, 0.25183508), (-0.1385563, 0.2791367, 0.24970382), (-0.15896916, 0.2841189, 0.2546432), (-0.13129255, 0.28139302, 0.24971835), (-0.12436366, 0.29529992, 0.24696489), (-0.16343306, 0.26619098, 0.25601214), (-0.13825458, 0.27496552, 0.25101304), (0.2742825, -0.10122436, 0.26103982), (0.27424836, -0.08959913, 0.25921056), (0.26486573, -0.09208598, 0.25962904), (0.2687147, -0.08285639, 0.258284), (0.27036434, -0.07611885, 0.25685444), (0.28100327, -0.08119078, 0.2580504), (0.28397787, -0.07568613, 0.2565972), (0.2752135, -0.07282304, 0.25622383), (0.28735906, -0.065778546, 0.2530537), (0.27748227, -0.063937865, 0.25284442), (0.28369913, -0.08839043, 0.2608916), (0.27830935, -0.0943664, 0.26086614), (0.29181427, -0.06753468, 0.25439325), (0.2906339, -0.05614609, 0.24958241), (0.27946344, -0.059369665, 0.2506009), (0.28177664, -0.054903183, 0.24842705), (0.299596, -0.060373817, 0.2534318), (0.2923521, -0.08044363, 0.2606288), (0.30512276, -0.04605032, 0.2466219), (0.28944266, -0.046019804, 0.24476896), (0.29632407, -0.04532113, 0.24518584), (0.2856943, -0.049487915, 0.24525438), (0.29789472, -0.038369343, 0.24105355), (0.3057621, -0.03341632, 0.24017377), (0.27253798, -0.0689468, 0.2532089), (0.2992948, -0.07319103, 0.26028475), (0.28501678, -0.09540901, 0.2642062), (0.3075327, -0.053021222, 0.2519895), (0.3043861, -0.061595194, 0.25595257), (0.29033914, -0.090258054, 0.26494858), (0.2764274, -0.106392875, 0.2636997), (0.27013755, -0.1011651, 0.26002583), (0.26429874, -0.08616865, 0.2573533), (0.2602602, -0.093008265, 0.25772867), (0.26060933, -0.099284, 0.2594324), (0.26904318, -0.10728479, 0.26042846), (0.25993404, -0.107332826, 0.25939482), (0.26634783, -0.11297388, 0.2605109), (0.27193725, -0.113262646, 0.26318946), (0.26840207, -0.12066073, 0.26343226), (0.2624643, -0.11594168, 0.25972292), (0.2534032, -0.110507004, 0.2583173), (0.2558812, -0.10302369, 0.2577551), (0.25818017, -0.117843315, 0.25877902), (0.26016864, -0.12476331, 0.25870174), (0.24964325, -0.115239255, 0.25714368), (0.2924532, -0.043840513, 0.2425679), (0.3038714, -0.06733103, 0.26033905), (0.29553777, -0.082564615, 0.26401752), (0.26628685, -0.07914174, 0.25446242), (0.2495318, -0.1227075, 0.25604206), (0.25901368, -0.12996133, 0.25781375), (0.31147337, -0.03198255, 0.24353132), (0.30796406, -0.025389217, 0.23726319), (0.31264567, -0.041273937, 0.24978514), (0.28076905, -0.105303235, 0.2676784), (0.31169266, -0.016137538, 0.23652238), (0.27708206, -0.059923824, 0.24899328), (0.27542937, -0.06349462, 0.25042906), (0.2798844, -0.05643989, 0.24700339), (0.2545102, -0.10265033, 0.2556586), (0.2580677, -0.095054075, 0.25559062), (0.2694516, -0.072538234, 0.25164104), (0.2624416, -0.08643322, 0.25428414), (0.25108272, -0.10967598, 0.25323874), (-0.27676788, 0.14368466, 0.27339625), (-0.27882558, 0.13433342, 0.2638575), (-0.27773252, 0.14752877, 0.26299402), (-0.2826272, 0.11844705, 0.25818792), (-0.28816584, 0.095853, 0.25640252), (-0.27922782, 0.14491811, 0.25817078), (-0.27601635, 0.15512279, 0.2577211), (-0.28098652, 0.13227408, 0.2586463), (-0.28795305, 0.10050483, 0.25465202), (-0.27263382, 0.16179913, 0.25716066), (-0.27193505, 0.16321996, 0.2605073), (-0.26653656, 0.1717325, 0.2593924), (-0.26441655, 0.17587443, 0.25342926), (-0.27158606, 0.16552687, 0.25093463), (-0.28080538, 0.14843014, 0.25369248), (-0.28063086, 0.14966847, 0.25071818), (-0.2841189, 0.14023146, 0.25050923), (-0.25779122, 0.18426472, 0.2554931), (-0.2876138, 0.12738678, 0.25021216), (-0.27923086, 0.14864743, 0.2767125), (0.3183847, 0.030487789, 0.31733787), (0.32355356, 0.021515874, 0.31623852), (0.32450342, 0.04248514, 0.3163492), (0.3221583, 0.05549477, 0.31714568), (0.3252166, 0.02062639, 0.3150881), (0.3016952, 0.1467205, 0.28147292), (0.29739228, 0.15300684, 0.2836159), (0.30268767, 0.16302745, 0.27989984), (0.31102553, 0.1678525, 0.27467847), (0.3197687, 0.15536684, 0.2693233), (0.31044185, 0.13978001, 0.2750402), (0.32511193, 0.1679485, 0.26404282), (0.2973016, 0.14119269, 0.2853531), (0.33061606, 0.15293589, 0.26017898), (0.31577826, 0.13328809, 0.27042237), (0.32587445, 0.13130409, 0.2628054), (0.3348286, 0.13163693, 0.25510153), (0.32284513, 0.11786292, 0.2666837), (0.33096945, 0.11243413, 0.25945765), (0.29919907, 0.13229698, 0.28584838), (0.342668, 0.13017352, 0.24761418), (0.3362708, 0.15514985, 0.2545186), (0.35516512, 0.1512909, 0.23507023), (0.35625875, 0.12161184, 0.23335077), (0.37645224, 0.13881628, 0.2144758), (0.379833, 0.14957003, 0.21087278), (0.37637696, 0.12900236, 0.21395274), (0.3700361, 0.16500181, 0.21948302), (0.34417894, 0.16924141, 0.24464028), (0.36386922, 0.118487045, 0.22668806), (0.36176988, 0.10876409, 0.22949786), (0.3721896, 0.10614756, 0.21812162), (0.33971095, 0.1005813, 0.25068256), (0.33678323, 0.088181436, 0.2539912), (0.35406578, 0.08707301, 0.2386767), (0.3632809, 0.09892339, 0.22965737), (0.3354332, 0.07296775, 0.25443408), (0.390904, 0.16614752, 0.19809058), (0.36286145, 0.17753462, 0.22451562), (0.3215036, 0.10322313, 0.27048236), (0.326829, 0.09492491, 0.26658517), (0.35099941, 0.07350864, 0.23982458), (0.30264148, 0.11572703, 0.28603956), (0.373458, 0.17753318, 0.21337594), (0.3857818, 0.1456881, 0.20360324), (0.36164194, 0.18749195, 0.22341059), (0.34932038, 0.17693359, 0.2377577), (0.32981753, 0.17529197, 0.2574151), (0.3857304, 0.17740157, 0.20061065), (0.39849973, 0.17792435, 0.1880187), (0.39686924, 0.16668446, 0.19148223), (0.40589258, 0.17110561, 0.18226686), (0.4132292, 0.17676768, 0.17606086), (0.33369118, 0.09646994, 0.25766683), (0.33312812, 0.07384609, 0.25859132), (0.33067825, 0.08814086, 0.26270166), (0.3049563, 0.10491969, 0.2866653), (0.3162259, 0.17452404, 0.26945436), (0.39683452, 0.1524683, 0.18942621), (0.40126893, 0.16292904, 0.18595669), (0.35650116, 0.073253736, 0.23314776), (0.3035802, 0.10054078, 0.28849912), (0.37598795, 0.11026899, 0.21301809), (0.38073963, 0.11988351, 0.20749359), (0.385703, 0.12785998, 0.20060164), (0.32435083, 0.08604124, 0.27287158), (0.31465754, 0.0952824, 0.28054756), (0.36778906, 0.093499534, 0.22199018), (0.38834867, 0.13964742, 0.19868036), (0.39279288, 0.14907634, 0.1941171), (0.39100626, 0.14184487, 0.19308224), (0.32907993, 0.07606604, 0.26976195), (0.3686032, 0.18776168, 0.21371152), (0.305646, 0.09753193, 0.28957438), (0.3498882, 0.0620135, 0.23702788), (0.34049252, 0.0589001, 0.24439397), (0.33580709, 0.06365965, 0.25093317), (0.33244196, 0.05694157, 0.25371426), (0.33234918, 0.062559955, 0.25775546), (0.36242813, 0.069347225, 0.2223866), (0.35713002, 0.05451945, 0.22455531), (0.37020397, 0.08919065, 0.21592443), (0.3785351, 0.19088404, 0.20073074), (0.3135902, 0.17738831, 0.27017677), (0.4034, 0.16352817, 0.1828039), (0.31571537, 0.088692985, 0.28319955), (0.3234348, 0.07897965, 0.27835143), (0.34316632, 0.18500282, 0.23921387), (0.3301105, 0.18786213, 0.24999095), (0.35423893, 0.19106849, 0.22678761), (0.39348772, 0.19154602, 0.18435588), (0.28806397, 0.15722789, 0.28704515), (0.29129335, 0.15500583, 0.2860024), (0.2977824, 0.17477481, 0.2788925), (0.32500127, 0.06689122, 0.28406575), (0.31667387, 0.08264848, 0.2878976), (0.33148652, 0.06746767, 0.26855898), (0.32950884, 0.05896349, 0.27625802), (0.33900076, 0.19532967, 0.2360424), (0.3132723, 0.19266558, 0.26042387), (0.36800826, 0.19324024, 0.2100645), (0.35973078, 0.19427598, 0.21902095), (0.37661052, 0.106080145, 0.20956196), (0.37155405, 0.09176721, 0.21315917), (0.38075534, 0.116142206, 0.2057603), (0.32569635, 0.052790433, 0.29058293), (0.3221258, 0.0683888, 0.29114747), (0.41202506, 0.18800454, 0.16817981), (0.2989926, 0.19364432, 0.26992053), (0.28860098, 0.19219993, 0.27536815), (0.29475978, 0.14934307, 0.2842216), (0.34687883, 0.20387186, 0.22297955), (0.3064114, 0.08941101, 0.29785544), (0.4063857, 0.16894226, 0.17989367), (0.3278806, 0.04102141, 0.28647313), (0.33531046, 0.20606482, 0.22917716), (0.31889504, 0.20573394, 0.2436665), (0.29786974, 0.20655806, 0.26023912), (0.28397152, 0.20513703, 0.26999718), (0.3794506, 0.20379671, 0.18664947), (0.3967484, 0.2060758, 0.16563731), (0.40937504, 0.20269656, 0.1566574), (0.4072607, 0.2079945, 0.15386254), (0.3720243, 0.20409514, 0.19386819), (0.3042626, 0.09641402, 0.2917923), (0.33135578, 0.045431115, 0.27138057), (0.35898602, 0.20622341, 0.20562358), (0.41771364, 0.17922392, 0.17167994), (0.41788554, 0.18493962, 0.16649137), (0.4200268, 0.18994077, 0.16166186), (0.27583688, 0.19628201, 0.2775901), (0.38339907, 0.12267824, 0.20142037), (0.4115888, 0.19794337, 0.15988189), (0.42397952, 0.1981326, 0.1543667), (0.41130686, 0.17366746, 0.17610478), (0.31801215, 0.06962524, 0.3075517), (0.31686172, 0.07701913, 0.29856008), (0.32163233, 0.055106357, 0.30685997), (0.32392243, 0.040043812, 0.30557945), (0.3003778, 0.119966686, 0.28620455), (0.32628632, 0.026078433, 0.29392996), (0.3102468, 0.08619885, 0.29762232), (0.31427526, 0.07973087, 0.3063104), (0.32531622, 0.019045088, 0.3032409), (0.32139635, 0.056747597, 0.31192812), (0.32609752, 0.017256828, 0.31177157), (0.3267522, 0.0025364396, 0.31307852), (0.32070342, 0.061437886, 0.31593567), (0.38659528, 0.13085671, 0.19776453), (0.06997093, 0.29949582, 0.24560413), (0.060069256, 0.30313447, 0.2468061), (0.083726645, 0.29874974, 0.24585988), (0.09222227, 0.29642186, 0.24582201), (0.08627772, 0.2956614, 0.24484365), (0.09927016, 0.2932201, 0.24320132), (0.09366399, 0.29355952, 0.24184902), (0.08292574, 0.2968707, 0.24295078), (0.10178563, 0.29100156, 0.24042839), (0.11017273, 0.28696394, 0.24086459), (0.12100501, 0.28421772, 0.24256366), (0.12045128, 0.2841938, 0.23944502), (-0.22559527, 0.20399775, 0.353922), (-0.22580212, 0.21172142, 0.35165262), (-0.2183669, 0.21145746, 0.35398993), (-0.23565616, 0.20672418, 0.34954554), (-0.23244224, 0.19639806, 0.35388273), (-0.2393006, 0.19565639, 0.35196972), (-0.24021393, 0.18787126, 0.35393026), (-0.25009277, 0.17544267, 0.3540509), (-0.25847825, 0.16485801, 0.35396996), (-0.21989521, 0.22118188, 0.35013708), (-0.21025838, 0.21929565, 0.35395297), (-0.20840183, 0.23118444, 0.35013765), (-0.20199876, 0.22691697, 0.3537832), (-0.19436954, 0.23335187, 0.35371852), (-0.1871525, 0.2470754, 0.34986025), (-0.1832583, 0.24088007, 0.35369587), (-0.17527595, 0.2462243, 0.35379466), (-0.17498443, 0.25786436, 0.34964752), (-0.1675521, 0.25051585, 0.35399675), (-0.15842155, 0.26129407, 0.35270447), (-0.15142474, 0.25917098, 0.35467497), (-0.14632635, 0.26991552, 0.35227257), (-0.13830608, 0.26721895, 0.3548404), (-0.13379246, 0.2758558, 0.35267216), (-0.12792349, 0.2733911, 0.3547346), (-0.11448264, 0.28570414, 0.35226792), (-0.11283887, 0.2810639, 0.35441342), (-0.100253515, 0.28630748, 0.35420674), (-0.15858877, 0.26916295, 0.34923887), (-0.12687884, 0.28571612, 0.34923077), (-0.08630573, 0.29058394, 0.35415047), (-0.100332074, 0.29766607, 0.34896585), (-0.078440234, 0.3016997, 0.34961846), (-0.06886626, 0.29451728, 0.35396278), (-0.05176283, 0.2999194, 0.3508363), (-0.18478794, 0.25851348, 0.34497502), (-0.048325334, 0.29646403, 0.3535713), (-0.04166094, 0.29765356, 0.3538229), (-0.10876827, 0.29980534, 0.3444241), (-0.048921444, 0.3062958, 0.3455352), (-0.16386817, 0.2705671, 0.34571272), (-0.03681431, 0.30505854, 0.3480355), (-0.014760173, 0.30213642, 0.35333318), (-0.017761903, 0.30931276, 0.34668094), (-0.0039359503, 0.3030132, 0.35342646), (0.00613059, 0.30426174, 0.3513975), (0.008925483, 0.30179843, 0.35322344), (-0.09517177, 0.2991666, 0.2519061), (-0.08581758, 0.29846355, 0.25223693), (-0.07905273, 0.30407932, 0.253531), (-0.07682961, 0.3011169, 0.2530265), (-0.06957597, 0.3031667, 0.25545982), (-0.2897202, 0.03226227, 0.23362789), (-0.28283042, 0.04666906, 0.23296012), (-0.2809083, 0.04643238, 0.23475829), (-0.27732095, 0.05425132, 0.23493584), (-0.273787, 0.06959915, 0.23244397), (-0.27444017, 0.062523864, 0.23488937), (-0.27484637, 0.056043576, 0.23682354), (-0.271276, 0.06811814, 0.23587479), (-0.26792824, 0.08128319, 0.23333167), (-0.27633002, 0.07743453, 0.22894312), (-0.26876137, 0.09666244, 0.2292519), (-0.26473752, 0.09164611, 0.23371786), (-0.2607349, 0.10467743, 0.23355787), (-0.26654118, 0.10959344, 0.22892565), (-0.25736678, 0.11842115, 0.23253965), (-0.25548995, 0.117262006, 0.2349859), (-0.25194097, 0.13508949, 0.2326314), (-0.251633, 0.12256644, 0.23803975), (-0.24883206, 0.13651659, 0.23556143), (-0.24498178, 0.15068126, 0.23602688), (-0.24474007, 0.16030185, 0.2332522), (-0.29355395, 0.024270037, 0.23397227), (-0.2556312, 0.1123989, 0.23876365), (-0.24845015, 0.13275403, 0.23874073), (-0.25934735, 0.101938896, 0.2388178), (-0.24436906, 0.1485022, 0.23876344), (-0.24071674, 0.16342905, 0.23731256), (-0.24306263, 0.17285335, 0.23310108), (-0.26336864, 0.09021785, 0.2389302), (-0.2672172, 0.078149, 0.23868537), (-0.27268246, 0.063938536, 0.23916155), (-0.238284, 0.17423548, 0.23612258), (-0.23507565, 0.18637435, 0.23601574), (-0.23318203, 0.18562235, 0.23897405), (-0.22818674, 0.1985525, 0.23848054), (-0.23694691, 0.17363492, 0.23891714), (-0.23059627, 0.19931813, 0.23663549), (-0.22853638, 0.2061203, 0.23660925), (-0.2233147, 0.20643362, 0.23938592), (-0.21979138, 0.21406509, 0.23934798), (-0.22129692, 0.21909629, 0.23773344), (-0.2869124, 0.14200418, 0.27377033), (-0.28340098, 0.14978217, 0.2690783), (-0.31636983, -0.06539305, 0.22731914), (-0.3204803, -0.055341627, 0.22616646), (-0.31776473, -0.048038047, 0.22919345), (-0.32017457, -0.04602988, 0.22805361), (-0.3261569, -0.025693236, 0.2272939), (-0.32158616, -0.027561255, 0.22912823), (-0.31840166, -0.015976425, 0.22959651), (-0.34741312, 0.070883065, 0.22855735), (-0.35699657, 0.06823422, 0.22893368), (-0.35703582, 0.074416004, 0.23200531), (-0.35882422, 0.070606045, 0.23018149), (-0.3475211, 0.0698981, 0.22722064), (-0.3283141, 0.07083975, 0.224926), (-0.36145425, 0.0699325, 0.23251511), (-0.32154495, 0.13701814, 0.23095389), (-0.32449394, 0.14523864, 0.23035643), (-0.29690623, 0.159781, 0.23085819), (-0.30518243, 0.16441338, 0.23086786), (-0.2885939, 0.18113407, 0.23168793), (-0.27730596, 0.1753435, 0.23194614), (-0.2556761, 0.1934581, 0.23365645), (-0.26347786, 0.19873187, 0.23338716), (-0.24171743, 0.19275364, 0.23429938), (-0.260209, 0.16390556, 0.23068805), (-0.272812, 0.14848137, 0.22932962), (-0.2898263, 0.12088305, 0.22664334), (-0.25159153, 0.16573754, 0.23139769), (-0.30037713, 0.111883566, 0.22620617), (-0.30003273, 0.097556695, 0.22550568), (-0.31665775, 0.07770625, 0.22523075), (-0.32452467, 0.07922987, 0.22580135), (-0.30842835, 0.12699859, 0.22863697), (-0.32297945, 0.0658902, 0.22459818), (-0.3025055, 0.07908069, 0.22553565), (-0.2705961, 0.12689541, 0.22826846), (-0.28609177, 0.096388996, 0.22606944), (-0.23534133, 0.19943732, 0.2353635), (-0.23199971, 0.22940873, 0.23621072), (-0.2541744, 0.1508658, 0.23092829), (-0.3204626, 0.12015363, 0.2296496), (-0.31653282, 0.055382226, 0.2254825), (-0.34235302, 0.12272403, 0.23173468), (-0.3292542, 0.113406286, 0.23064221), (-0.3416392, 0.108350016, 0.23178615), (-0.3460603, 0.09485176, 0.23159443), (-0.3603969, 0.10476804, 0.23285577), (-0.35467783, 0.09642604, 0.23294659), (-0.3628164, 0.08397382, 0.23439373), (-0.3678266, 0.08700474, 0.2344438), (-0.2821811, 0.08107701, 0.22721042), (-0.25861064, 0.13593006, 0.23022372), (-0.37752834, 0.08045616, 0.23465858), (-0.32433203, 0.05099455, 0.22414605), (-0.3013645, 0.050442003, 0.22769809), (-0.31785634, 0.16491961, 0.22944441), (-0.3320454, 0.15148179, 0.22896443), (-0.22383127, 0.24111024, 0.23817839), (-0.31121337, 0.17645878, 0.2288987), (-0.23958015, 0.18350498, 0.23431666), (-0.25780857, 0.21068074, 0.23340908), (-0.24243009, 0.23117115, 0.23444436), (-0.25781617, 0.2278365, 0.23204832), (-0.24074437, 0.24128321, 0.23380303), (-0.27267382, 0.21266577, 0.2308491), (-0.28860784, 0.19776142, 0.22996247), (-0.35263494, 0.12971833, 0.22967929), (-0.36965913, 0.07260018, 0.23709798), (-0.21633871, 0.22973981, 0.23934348), (-0.30285823, 0.18488337, 0.2290281), (-0.26050213, 0.12443131, 0.23027273), (-0.36733904, 0.072130956, 0.23611946), (-0.22013384, 0.25031585, 0.24079351), (-0.36831397, 0.06876327, 0.23517163), (0.072198875, 0.32681537, 0.21345322), (0.06643788, 0.32183805, 0.2097338), (0.06740654, 0.32279125, 0.21840331), (0.062343817, 0.3234524, 0.21169871), (0.07265652, 0.3199431, 0.20812277), (0.07686648, 0.32540634, 0.206339), (-0.36538184, 0.06396919, 0.24141896), (-0.36959985, 0.0626379, 0.24126862), (-0.36873084, 0.06816361, 0.23933874), (-0.3788799, 0.06698596, 0.23744377), (-0.3609355, 0.05948482, 0.24493623), (-0.36015344, 0.05384937, 0.24666895), (-0.34790564, 0.0261091, 0.25496686), (-0.3579866, 0.031344883, 0.24990436), (-0.3485839, 0.053542335, 0.25295082), (-0.3757201, 0.0002410847, 0.24353075), (-0.35080516, 0.0021309857, 0.2549752), (-0.36369273, -0.002284886, 0.24922307), (-0.3421224, -0.008384076, 0.25878283), (-0.3760798, 0.013192356, 0.24278769), (-0.39160648, -0.0019459259, 0.23680866), (-0.38897306, 0.018807793, 0.2368901), (-0.350476, -0.024445476, 0.25541165), (-0.3645274, -0.023882074, 0.2484855), (-0.37643415, -0.020256406, 0.24269955), (-0.39086604, -0.01710769, 0.23629963), (-0.3721726, 0.043738253, 0.24166942), (-0.38359666, 0.04234845, 0.23727123), (-0.38761777, 0.06833404, 0.23433845), (-0.3542279, -0.037850577, 0.25273907), (-0.3396853, -0.0416826, 0.25909343), (-0.40267155, 0.052154187, 0.2304218), (-0.39735508, 0.071680635, 0.23004878), (-0.3957875, 0.092652194, 0.2276806), (-0.40625116, 0.07175735, 0.22545801), (-0.4140564, 0.0223063, 0.22944702), (-0.41976914, 0.031913903, 0.22518992), (-0.3992689, 0.037518196, 0.23285682), (-0.41134557, 0.011421047, 0.23123108), (-0.41035014, -0.0009943127, 0.231946), (-0.4197427, -0.00050239713, 0.22870128), (-0.41149935, -0.018816365, 0.23112558), (-0.41630533, -0.025101116, 0.22927609), (-0.39044183, 0.09366015, 0.22935739), (-0.42366463, 0.019068824, 0.22470078), (-0.4251661, -0.016051413, 0.22534935), (-0.3907965, 0.11218336, 0.22535796), (-0.40038306, 0.11210355, 0.2216087), (-0.3481203, -0.052134853, 0.2543967), (-0.42336664, -0.033031777, 0.22517449), (-0.40394384, 0.09404462, 0.22290114), (-0.4065719, 0.08013204, 0.2231655), (-0.42534685, -0.0020799374, 0.22548059), (-0.37725073, 0.105445586, 0.2304122), (-0.37216035, -0.0313243, 0.24406376), (-0.38581997, -0.038551155, 0.23659854), (-0.3950329, -0.036893606, 0.23371334), (-0.4142364, 0.0613284, 0.2226107), (-0.42974785, -0.02018613, 0.22087622), (-0.42858297, -0.0013513664, 0.22191466), (-0.42003083, 0.04341436, 0.22157155), (-0.40410516, 0.112834714, 0.2170061), (-0.4263906, 0.013717607, 0.22209898), (0.30365837, 0.08898324, 0.30007556), (0.30276132, 0.085760534, 0.29903224), (0.30373806, 0.09241259, 0.29443866), (0.30407742, 0.08903378, 0.29116803), (0.304103, 0.10191656, 0.28435782), (0.3010606, 0.11770606, 0.28429034), (0.3021766, 0.087691784, 0.30344954), (-0.31408843, -0.17019741, 0.22263558), (-0.31345248, -0.16766053, 0.22113197), (-0.3132939, -0.1773956, 0.21828401), (-0.31516197, -0.16593248, 0.21785106), (-0.31081983, -0.16303913, 0.2262209), (-0.31283778, -0.1603419, 0.22763674), (-0.30575687, -0.1597543, 0.23344322), (-0.30717057, -0.16395313, 0.22862399), (-0.2984958, -0.16558117, 0.23352592), (-0.30187133, -0.1583667, 0.23643269), (-0.30780593, -0.15691066, 0.23689455), (0.058251884, 0.3162047, 0.21669605), (0.056717772, 0.319357, 0.22157711), (0.062308565, 0.32026222, 0.22150744), (0.053166162, 0.31752202, 0.2198523), (-0.3366541, -0.3821288, 0.13798903), (-0.2887136, -0.37711832, 0.17123276), (-0.27638423, -0.37726882, 0.17004439), (-0.26695818, -0.37697893, 0.17256849), (-0.29949036, -0.37684023, 0.16965643), (-0.31261364, -0.37550429, 0.16726702), (-0.33176553, -0.37425017, 0.1610199), (-0.33570635, -0.37773567, 0.15344186), (-0.3249924, -0.380895, 0.15200663), (-0.2666022, -0.37393972, 0.1759283), (-0.34680846, -0.37320945, 0.14606984), (0.29992542, -0.08775396, 0.31635514), (0.30413836, -0.07459148, 0.316212), (0.30492455, -0.08204605, 0.31506878), (0.30999193, -0.08694663, 0.313967), (0.30480272, -0.10064862, 0.31456318), (0.29656127, -0.0972495, 0.31676242), (0.29288322, -0.10737719, 0.31712598), (0.29579598, -0.11756106, 0.31587416), (0.2881713, -0.120207034, 0.31761903), (0.3138208, -0.07334715, 0.31415823), (0.31862748, -0.057558443, 0.3137761), (0.32365826, -0.038810425, 0.31344667), (0.3250032, -0.014572626, 0.3145065), (0.3258395, 0.0030609956, 0.31431845), (0.29496056, -0.12531611, 0.31454557), (0.2885221, -0.1345095, 0.31633273), (0.28420547, -0.12863536, 0.3190943), (0.2844559, -0.14670926, 0.31659707), (0.28078806, -0.13873462, 0.31976375), (0.27770337, -0.14908811, 0.319964), (0.2998682, -0.11305657, 0.31444559), (0.29118142, -0.13371629, 0.3146786), (0.27996603, -0.15389425, 0.3163345), (0.27076, -0.16367283, 0.31967136), (0.2744778, -0.14723107, 0.32417908), (0.26623908, -0.16146515, 0.32534078), (0.32575825, -0.026776554, 0.31221497), (0.26677352, -0.14561126, 0.33453667), (0.25884372, -0.15869305, 0.33509234), (0.2738622, -0.12565203, 0.3363487), (0.2818158, -0.11588374, 0.33041587), (0.28966388, -0.085753135, 0.33304772), (0.25582188, -0.17517753, 0.32759014), (0.26214167, -0.17797948, 0.31963456), (0.24754645, -0.19276236, 0.32402936), (0.2383483, -0.19398248, 0.33118308), (0.23633628, -0.18215036, 0.3407575), (0.23654245, -0.16843396, 0.34819326), (0.23101857, -0.19139071, 0.3406465), (0.22435251, -0.19244184, 0.3458003), (0.21094802, -0.20877145, 0.3460093), (0.20125161, -0.21473798, 0.34860703), (0.19625588, -0.22496179, 0.3457508), (0.19408174, -0.22198786, 0.34855765), (0.18618254, -0.2296359, 0.34824353), (0.21529496, -0.20929031, 0.34199205), (0.17196077, -0.25149062, 0.34192413), (0.1696707, -0.24305606, 0.34853715), (0.19825618, -0.22764692, 0.342341), (0.2539764, -0.19104324, 0.31874666), (0.23442513, -0.20668057, 0.3247897), (0.225658, -0.21115144, 0.32909673), (0.21377638, -0.22431803, 0.3300825), (0.21655838, -0.22878677, 0.3245381), (0.20604408, -0.24014597, 0.32422632), (0.19939393, -0.24497798, 0.3254354), (0.18873289, -0.2480586, 0.33184513), (0.18372282, -0.261272, 0.32430753), (0.16948682, -0.27697906, 0.32087842), (0.15687905, -0.27326468, 0.33293962), (0.15881357, -0.26041743, 0.34326902), (0.13685314, -0.2736674, 0.3449165), (0.1531842, -0.2869362, 0.32226613), (0.12712519, -0.29516524, 0.32874155), (0.1134721, -0.2863667, 0.34459624), (0.2425826, -0.20272842, 0.31835806), (0.26699603, -0.17661135, 0.31289372), (0.3189938, -0.059061687, 0.31177622), (0.32303965, -0.043463703, 0.31177834), (0.19266258, -0.2696446, 0.3162357), (0.19937639, -0.25119072, 0.32155585), (0.20303108, -0.2571241, 0.31952477), (0.20699959, -0.2547968, 0.31948036), (0.22280255, -0.23583068, 0.3209052), (0.188194, -0.2636955, 0.3194068), (0.18567003, -0.2762214, 0.3158354), (0.169621, -0.28261617, 0.3170055), (0.15909772, -0.29810342, 0.31482866), (0.15001577, -0.29601154, 0.31659806), (0.12870032, -0.31715146, 0.3146963), (0.11199209, -0.31735384, 0.31674492), (0.13434856, -0.30466795, 0.31667998), (0.14138864, -0.31058794, 0.3144459), (0.118991956, -0.32312253, 0.31443062), (0.112003356, -0.32817438, 0.3134497), (0.105702184, -0.32938, 0.3146213), (0.09561565, -0.3251634, 0.31663126), (0.090478234, -0.33630452, 0.3148014), (0.08424701, -0.32939997, 0.31663626), (0.075339705, -0.33269545, 0.31629026), (0.07761527, -0.34125206, 0.31473255), (0.059503518, -0.33670855, 0.3159654), (0.06327519, -0.3456275, 0.3147262), (0.045721117, -0.3403163, 0.31567883), (0.04712389, -0.3464916, 0.3154131), (0.048264857, -0.35083628, 0.31383), (0.036101416, -0.3508465, 0.315216), (0.02228841, -0.3457253, 0.31595778), (0.014409434, -0.3422852, 0.31662938), (-0.03628539, -0.34182617, 0.3166326), (-0.03664023, -0.34588498, 0.3159491), (0.008040398, -0.35082775, 0.31623885), (-0.054897208, -0.34230933, 0.3151476), (0.014850292, -0.35505942, 0.3146835), (0.0010698753, -0.35529307, 0.31562963), (-0.042334884, -0.35136887, 0.31674296), (-0.0439834, -0.3550542, 0.3157725), (-0.064144224, -0.35118088, 0.31656095), (-0.054526392, -0.346118, 0.31585857), (-0.07228481, -0.347618, 0.31666124), (-0.065046184, -0.34054485, 0.31499276), (-0.072498225, -0.33318415, 0.31723028), (-0.08661903, -0.34608352, 0.31626108), (0.22842576, -0.21530214, 0.32448947), (0.019951297, -0.33489904, 0.32122648), (0.23281251, -0.22109295, 0.3209786), (0.08680264, -0.32283634, 0.3201412), (0.04715742, -0.33300665, 0.32001916), (0.085759155, -0.34045318, 0.31342342), (-0.007502685, -0.3374053, 0.32012957), (-0.043016855, -0.33603987, 0.32001823), (-0.066425346, -0.32999715, 0.3207264), (0.06777731, -0.34640002, 0.31328323), (0.0961102, -0.33588234, 0.31334478), (0.14581805, -0.30999675, 0.3129693), (0.17398046, -0.2885258, 0.31378254), (0.1685325, -0.29301414, 0.31387737), (0.106117375, -0.3142534, 0.32074028), (0.12215859, -0.3051992, 0.32169694), (0.13233955, -0.31872156, 0.3120733), (0.1219559, -0.3241904, 0.31240338), (0.02054632, -0.32456753, 0.33012798), (-0.002099971, -0.32182738, 0.33354053), (-0.028992323, -0.32557893, 0.3301732), (0.17920114, -0.2708389, 0.3197536), (-0.043964762, -0.32733688, 0.32768738), (0.077754356, -0.32126004, 0.32355475), (0.046692535, -0.32646996, 0.3254708), (0.02767122, -0.31934175, 0.3344469), (0.091091044, -0.31272128, 0.32736006), (0.0065774666, -0.31524625, 0.3395351), (0.11064359, -0.3009518, 0.3310928), (0.07656036, -0.31365302, 0.33095053), (0.048567157, -0.316894, 0.3344276), (0.1588426, -0.301199, 0.3124354), (0.20141234, -0.26117387, 0.3168416), (0.08109436, -0.29706222, 0.34647414), (0.05927106, -0.3032727, 0.34664357), (0.10056199, -0.29069573, 0.3459338), (0.18111767, -0.2819565, 0.31423968), (0.22043107, -0.24013022, 0.31961384), (0.2396361, -0.20853822, 0.31932566), (0.23183627, -0.22466992, 0.3196268), (0.06644777, -0.34757686, 0.31104153), (0.084937595, -0.3412598, 0.31137633), (0.10033244, -0.33430314, 0.3112255), (0.11366232, -0.32778326, 0.3117516), (-0.08078521, -0.33910027, 0.31500116), (-0.10240544, -0.34110484, 0.3164908), (-0.091772735, -0.33356887, 0.31563392), (-0.1041927, -0.33155277, 0.31553718), (-0.11348351, -0.33734238, 0.31637672), (-0.11949332, -0.32538432, 0.31579146), (-0.12240116, -0.3333751, 0.3165705), (-0.13140245, -0.32953745, 0.31677526), (-0.13834578, -0.3258985, 0.3173043), (-0.13282773, -0.31769305, 0.3165255), (-0.14781119, -0.31740776, 0.31748793), (-0.16119327, -0.31185338, 0.31821585), (-0.17224373, -0.30564556, 0.31854224), (-0.15804939, -0.30416524, 0.31749505), (-0.1438631, -0.31216216, 0.31691733), (-0.16776095, -0.29891637, 0.31738943), (-0.18195574, -0.3008264, 0.31844684), (-0.17977877, -0.29199678, 0.3177996), (-0.19811355, -0.2760929, 0.3192614), (-0.2081124, -0.2765973, 0.32013148), (-0.20674543, -0.26714897, 0.32016158), (-0.21765214, -0.26741955, 0.32058397), (-0.1531863, -0.3190486, 0.31721216), (-0.21570657, -0.25909397, 0.3213962), (-0.22855304, -0.25327325, 0.32185546), (-0.2274054, -0.2447453, 0.32425755), (-0.11807877, -0.32285586, 0.31668633), (-0.095233664, -0.3306256, 0.31664833), (-0.18872227, -0.28204986, 0.31931838), (-0.23263842, -0.23886546, 0.3246304), (-0.23967952, -0.23301795, 0.32372072), (-0.17289166, -0.2904804, 0.32047686), (-0.15132353, -0.3023696, 0.3202527), (-0.12157497, -0.3148113, 0.32089767), (-0.095437884, -0.32443023, 0.3207125), (-0.08378895, -0.32680306, 0.3212446), (-0.21329093, -0.2565859, 0.3238913), (-0.25013334, -0.22167559, 0.32216346), (-0.1752045, -0.2805201, 0.3269039), (-0.14848211, -0.29605746, 0.3260908), (-0.19376622, -0.27008462, 0.32544824), (-0.12930454, -0.299184, 0.3310257), (-0.11605054, -0.30106795, 0.3345921), (-0.09883117, -0.31915623, 0.32459792), (-0.14267384, -0.28360367, 0.33996987), (-0.10848334, -0.30067125, 0.33806762), (-0.17214109, -0.26623172, 0.34127745), (-0.19346343, -0.25270063, 0.341186), (-0.1569459, -0.27418587, 0.3418549), (-0.2153433, -0.23323838, 0.34343496), (-0.08809419, -0.31007847, 0.33831105), (-0.08337213, -0.30191353, 0.3486556), (-0.049593426, -0.3066694, 0.34855574), (-0.081586175, -0.3140882, 0.33645195), (-0.22115155, -0.2337397, 0.33895898), (-0.23724668, -0.21094915, 0.34402162), (-0.23819704, -0.22410019, 0.33233398), (-0.24974331, -0.1929081, 0.34621853), (-0.05235289, -0.31916973, 0.33483854), (-0.03476842, -0.31681073, 0.3389035), (-0.2513532, -0.2002674, 0.33953184), (-0.2516778, -0.20686004, 0.33356678), (-0.2689631, -0.16746756, 0.34619722), (-0.26388535, -0.20622978, 0.319166), (-0.2778022, -0.18639715, 0.32093588), (-0.28266165, -0.17439666, 0.32553032), (-0.28817388, -0.14288236, 0.34341696), (-0.29061496, -0.12959039, 0.34716848), (-0.2815469, -0.15893711, 0.33969316), (-0.27084732, -0.1776369, 0.3367039), (0.04014974, -0.3059605, 0.34741092), (0.2942815, 0.091496065, 0.30956382), (0.29871696, 0.08796459, 0.30549878), (0.3029279, 0.08945201, 0.30971017), (0.2937172, 0.09985589, 0.31423953), (0.29042616, 0.10230512, 0.3139663), (0.2893725, 0.094846025, 0.3111208), (0.28370947, 0.09657416, 0.31171227), (0.28322595, 0.086743854, 0.30894822), (0.29231465, 0.08702275, 0.30846894), (0.28821352, 0.085386366, 0.309429), (0.28662395, 0.10905371, 0.31408983), (0.28994703, 0.111274704, 0.31634653), (0.2860627, 0.123227745, 0.3085448), (0.28367966, 0.1306047, 0.30303407), (0.2806214, 0.13438961, 0.2988862), (0.27995393, 0.14120157, 0.29525238), (0.2774547, 0.14855774, 0.29087627), (0.27782625, 0.15901932, 0.28710797), (0.28274754, 0.120032, 0.30710176), (0.2844512, 0.115396775, 0.30981463), (0.27731994, 0.12925234, 0.30125523), (0.2771084, 0.119866416, 0.30533972), (0.27488762, 0.13845877, 0.2952653), (0.27374646, 0.14526546, 0.29222172), (0.27166045, 0.13069613, 0.2996447), (0.27137205, 0.12676422, 0.30200598), (0.26937795, 0.15851739, 0.28665337), (0.27235883, 0.16778459, 0.28311643), (0.25205854, 0.16451032, 0.27998677), (0.2633099, 0.14180745, 0.2920297), (0.26965433, 0.13974054, 0.29448217), (0.2491995, 0.17399167, 0.27672398), (0.272909, 0.17557128, 0.28083307), (0.27622843, 0.17111108, 0.28272042), (0.25885686, 0.19262269, 0.2740153), (0.27304363, 0.18826148, 0.27656546), (0.2483423, 0.18544316, 0.27391812), (0.24850775, 0.19551022, 0.26993266), (0.25583315, 0.19941658, 0.26976728), (0.24965931, 0.20349179, 0.2656281), (0.26407197, 0.19733176, 0.27188644), (0.2761333, 0.19790904, 0.2720025), (0.27271858, 0.20269856, 0.26934654), (0.27832425, 0.16441107, 0.28439823), (0.24425508, 0.20954162, 0.26028842), (0.2515319, 0.20875552, 0.26226342), (0.24333304, 0.2153646, 0.25616094), (0.23252647, 0.22073701, 0.2520003), (0.23819683, 0.20837682, 0.25800106), (0.26720092, 0.20639761, 0.26508185), (0.24701175, 0.22927737, 0.24715295), (0.2290797, 0.22727796, 0.24750079), (0.22533682, 0.2243276, 0.2481656), (0.21726891, 0.23194417, 0.24475445), (0.21921256, 0.24296497, 0.24069817), (0.23323993, 0.23340239, 0.24454346), (0.20787889, 0.24091662, 0.2413086), (0.21027441, 0.248898, 0.23861712), (0.22160392, 0.25815946, 0.23402303), (0.25591007, 0.22261603, 0.25157258), (0.26618826, 0.21690373, 0.2558597), (0.28272724, 0.20301582, 0.26858804), (0.20131929, 0.2542417, 0.2375243), (0.28304097, 0.15974863, 0.28623903), (0.22067963, 0.2687934, 0.23057854), (0.24881442, 0.24105617, 0.23842144), (0.23762499, 0.248629, 0.23474249), (0.25074267, 0.25328824, 0.2312317), (0.24908192, 0.26441196, 0.22633068), (0.27925333, 0.17506221, 0.28019473), (0.2713712, 0.21859522, 0.25371224), (0.28539577, 0.19490092, 0.27185842), (0.28607392, 0.18296191, 0.27608415), (0.20165165, 0.2956532, 0.22543405), (0.19282824, 0.281816, 0.23022972), (0.19021325, 0.2596805, 0.23678759), (0.17294635, 0.2686924, 0.23466097), (0.16939493, 0.2848373, 0.23079883), (0.16083771, 0.2712266, 0.23381975), (0.1855656, 0.25580052, 0.23768945), (0.2638134, 0.24663414, 0.2320096), (0.2723416, 0.2326225, 0.24080662), (0.23561941, 0.27782884, 0.22412582), (0.21330975, 0.29278728, 0.22410536), (0.21602373, 0.30003822, 0.22079237), (0.20316555, 0.31071904, 0.21991187), (0.19459762, 0.29759294, 0.22588322), (0.17158855, 0.29404566, 0.22893453), (0.14232199, 0.28000033, 0.23211072), (0.22630054, 0.29086035, 0.22119634), (0.23818406, 0.28431094, 0.22125156), (0.24061091, 0.29641545, 0.21397008), (0.24718946, 0.27801162, 0.22045222), (0.2925747, 0.1642667, 0.2804145), (0.28340197, 0.16220702, 0.28376564), (0.18624824, 0.30458415, 0.22568838), (0.22153012, 0.30839285, 0.21516183), (0.1544532, 0.29533646, 0.22916031), (0.2711527, 0.25563207, 0.22334199), (0.26629928, 0.26437885, 0.21968256), (0.23562638, 0.31582505, 0.20757665), (0.28250256, 0.24682449, 0.2251431), (0.21028227, 0.32035953, 0.21452107), (0.28243127, 0.20786758, 0.2636277), (0.21862589, 0.3287343, 0.20838001), (0.25809187, 0.2767191, 0.2163827), (0.2942684, 0.19650811, 0.26742372), (0.29869235, 0.17657547, 0.2741074), (0.2902076, 0.15557265, 0.28363308), (0.28177586, 0.22504959, 0.24464014), (0.28575298, 0.23422591, 0.23390895), (0.25120804, 0.292214, 0.21117607), (0.26687804, 0.28198344, 0.20947938), (0.26328745, 0.29755938, 0.20248158), (0.274984, 0.2678637, 0.21332453), (0.25147498, 0.30106077, 0.20723425), (0.28406355, 0.2548562, 0.21803474), (0.3149214, 0.17315637, 0.2681161), (0.2859872, 0.21579659, 0.2536936), (0.22994347, 0.32439342, 0.20520988), (0.25037158, 0.31808558, 0.19895169), (0.22021212, 0.33288896, 0.20508994), (0.20700046, 0.33594295, 0.20972991), (0.20539482, 0.32895288, 0.21377864), (0.20043854, 0.34143752, 0.20914331), (0.19260055, 0.33064863, 0.21894549), (0.18819098, 0.33674914, 0.21610339), (0.17216668, 0.33247405, 0.22158417), (0.17183422, 0.33973432, 0.21778858), (0.15359297, 0.33551115, 0.22151655), (0.19017334, 0.32732987, 0.22085147), (0.15738003, 0.34386915, 0.21619117), (0.1627467, 0.3461807, 0.21411711), (0.17923902, 0.3466643, 0.21118072), (0.17049778, 0.32430488, 0.22465014), (0.18997137, 0.321413, 0.2216453), (0.1502592, 0.32770765, 0.22430837), (0.2044905, 0.34393206, 0.20552747), (0.17009932, 0.35384652, 0.20589025), (0.14159638, 0.33168852, 0.2218182), (0.12590265, 0.32231435, 0.22374088), (0.12376102, 0.33067077, 0.22087128), (0.13569693, 0.33933035, 0.2166354), (0.31142107, 0.16878076, 0.2711486), (0.18837461, 0.35264674, 0.20226891), (0.30393735, 0.16621162, 0.27486047), (0.12445502, 0.34537464, 0.21093188), (0.14415061, 0.34835806, 0.21060908), (0.16719185, 0.31684086, 0.22628804), (0.29347584, 0.1513894, 0.28336498), (0.2971311, 0.22305478, 0.23920499), (0.16945253, 0.3073122, 0.22716938), (0.16925491, 0.29883662, 0.22861384), (0.13550486, 0.2933703, 0.23013036), (0.14398806, 0.31036296, 0.22721414), (0.12438414, 0.30517113, 0.2274768), (0.12311241, 0.28957278, 0.23024312), (0.13027075, 0.36043477, 0.1980334), (0.1243415, 0.35455287, 0.20326371), (0.15380494, 0.35833168, 0.2004855), (0.15788968, 0.3525718, 0.20748344), (0.1065776, 0.30460832, 0.22564644), (0.11192107, 0.29429084, 0.2286197), (0.11547865, 0.32253036, 0.22143482), (0.098553926, 0.31763488, 0.22009042), (0.11043488, 0.33070308, 0.21652633), (0.08368497, 0.32900846, 0.21260925), (0.086389676, 0.3204602, 0.21756336), (0.0789485, 0.32378042, 0.21585427), (0.088037476, 0.31511846, 0.22088897), (0.09064387, 0.30411288, 0.22502732), (0.07490643, 0.31265455, 0.22539265), (0.07278606, 0.31924367, 0.22154208), (0.058860205, 0.31619495, 0.22493502), (0.064983316, 0.3093346, 0.22739036), (0.099800564, 0.30255273, 0.22494411), (0.07445945, 0.3056152, 0.22761805), (0.09290706, 0.33594832, 0.21090966), (0.11627325, 0.34124216, 0.21159922), (0.09398611, 0.34545764, 0.20541169), (0.115194686, 0.350401, 0.20456095), (0.054710574, 0.31424695, 0.22498353), (0.08163512, 0.33501923, 0.20802723), (0.075931095, 0.33315736, 0.2074974), (0.1668299, 0.2626748, 0.23480439), (0.08518085, 0.3003958, 0.22538884), (0.13496907, 0.36692223, 0.19053102), (0.15903626, 0.36406618, 0.19398855), (0.15754408, 0.37636366, 0.18087289), (0.1719593, 0.37135947, 0.18494743), (0.1784896, 0.3626366, 0.19332926), (0.09532575, 0.34957924, 0.20141768), (0.09757164, 0.3568999, 0.1958188), (0.122871384, 0.36059263, 0.19622001), (0.113730386, 0.3639, 0.1908149), (0.1821728, 0.25174838, 0.23749278), (0.1728182, 0.37713867, 0.17712067), (0.13076095, 0.2812888, 0.23106685), (0.14773785, 0.27223063, 0.23267835), (0.089351915, 0.3591502, 0.19036078), (0.11340764, 0.28677306, 0.22904107), (0.100061774, 0.29725152, 0.22482954), (0.123607375, 0.37032634, 0.18440588), (0.09979157, 0.3624075, 0.18953706), (0.09161983, 0.3621676, 0.18725277), (0.103168175, 0.29473832, 0.2252866), (0.13101074, 0.37437588, 0.18025625), (0.12203158, 0.37383977, 0.18122157), (0.13156113, 0.37779176, 0.17739941), (0.13726802, 0.3787515, 0.1744411), (0.112995744, 0.36953184, 0.18230727), (0.08388453, 0.35549375, 0.19082604), (0.08330753, 0.3584193, 0.18856546), (0.07984256, 0.34820226, 0.19488584), (0.13901645, 0.38166654, 0.17328468), (0.15034404, 0.2676576, 0.23272468), (0.13853274, 0.27712044, 0.23149852), (0.117736265, 0.28321987, 0.22905193), (0.068050995, 0.33029202, 0.20721766), (0.08422459, 0.36132744, 0.1852835), (0.07986203, 0.35265136, 0.19003834), (0.105410874, 0.36551142, 0.18488523), (0.10853269, 0.3698131, 0.18198629), (0.10372504, 0.3677692, 0.18459296), (0.08811045, 0.36469558, 0.1848272), (0.115798205, 0.37215963, 0.18248652), (0.15808439, 0.38114938, 0.17194733), (0.14110546, 0.38112977, 0.17040959), (0.07957006, 0.3577642, 0.18595047), (0.086921774, 0.298381, 0.22484167), (0.05962229, 0.30660006, 0.22486268), (0.06937528, 0.30401114, 0.22636178), (0.07196484, 0.30191326, 0.22628838), (0.12562105, 0.2784772, 0.22918366), (0.13310914, 0.2751185, 0.22923343), (0.1091317, 0.2909991, 0.22643103), (0.1398289, 0.2729135, 0.22984464), (0.14802223, 0.2687486, 0.23104943), (0.14115381, 0.27073795, 0.2275156), (0.06626008, -0.32909706, 0.24537115), (0.076293066, -0.3254341, 0.24380025), (0.07149905, -0.32424912, 0.24091542), (0.08416186, -0.32206333, 0.24057844), (0.080769315, -0.31820598, 0.23639229), (0.089861594, -0.31830606, 0.23628856), (0.09786672, -0.31670922, 0.23657851), (0.058211796, -0.3310644, 0.24415149), (0.09262527, -0.3113548, 0.23189439), (0.1014714, -0.31058085, 0.23235612), (0.11434201, -0.308108, 0.23649086), (0.11761545, -0.30128253, 0.23283616), (0.054401204, -0.33539477, 0.24933258), (0.11270512, -0.31360292, 0.24295403), (0.04244674, -0.33774304, 0.24451998), (0.10507378, -0.3174126, 0.24379101), (0.091702856, -0.3221436, 0.24549553), (0.032889236, -0.34369156, 0.25059378), (0.030567182, -0.3416963, 0.24409105), (0.014947252, -0.34546503, 0.24410656), (0.0034087845, -0.34661373, 0.24363336), (-0.012600315, -0.34948337, 0.24459945), (-0.01901552, -0.3475056, 0.24294451), (-0.06619941, -0.34721893, 0.24069479), (0.050061624, -0.3329834, 0.24335751), (0.03706698, -0.3353921, 0.24211499), (0.056822184, -0.32717064, 0.24173613), (0.06477104, -0.3228069, 0.24050066), (0.0050942497, -0.34337762, 0.24226208), (0.024827907, -0.33856288, 0.24200718), (0.07176217, -0.31986183, 0.23876068), (0.046755116, -0.32989472, 0.24189202), (0.11198075, -0.30142224, 0.23069179), (0.121304564, -0.2945325, 0.23016576), (0.009219022, -0.33987373, 0.2419519), (0.10347216, -0.30199784, 0.22972146), (-0.018200092, -0.34337282, 0.24162781), (-0.044585854, -0.3432626, 0.24119331), (-0.05985033, -0.34453377, 0.24023603), (0.11085381, -0.2954254, 0.22899954), (0.115973175, -0.29235953, 0.22888827), (0.09375344, -0.30745193, 0.23090847), (0.13262865, -0.28499892, 0.229812), (0.080012396, -0.3102151, 0.23427498), (-0.07177429, -0.34243277, 0.24016403), (-0.08253129, -0.35122347, 0.24052781), (0.1216965, -0.30706787, 0.24261352), (0.14171678, -0.28283575, 0.23657815), (0.1283873, -0.30302843, 0.24550097), (0.13862789, -0.2936433, 0.24438679), (0.14966509, -0.28689262, 0.24605554), (0.15321527, -0.27460584, 0.23778492), (0.16271842, -0.27359283, 0.2435285), (0.17103142, -0.26098052, 0.23965204), (0.17579107, -0.26139295, 0.24365959), (0.19632106, -0.22899453, 0.23448716), (0.20042378, -0.22384964, 0.23490489), (0.19386613, -0.22079512, 0.23307675), (0.18891782, -0.22577539, 0.2327323), (0.19072747, -0.23532125, 0.23387305), (0.18082114, -0.2359023, 0.23128769), (0.19713257, -0.21720608, 0.23310545), (0.20624952, -0.21619165, 0.23499972), (0.18518561, -0.2426127, 0.23400682), (0.1751035, -0.23704782, 0.22914353), (0.17838284, -0.24532874, 0.23219076), (0.17094767, -0.24448921, 0.22935599), (0.202613, -0.21245371, 0.23306152), (0.21111703, -0.20899136, 0.23415032), (0.17591344, -0.2514203, 0.23379916), (0.1811478, -0.23081025, 0.22957894), (0.1850189, -0.22727475, 0.22977181), (0.16827045, -0.24938874, 0.22913845), (0.16493824, -0.25239542, 0.22796829), (0.20422898, -0.22450773, 0.23733377), (0.19903238, -0.23182976, 0.23763233), (0.20980313, -0.21996514, 0.23943585), (0.16870269, -0.25840572, 0.23387271), (0.21581504, -0.20542647, 0.2354027), (0.16335818, -0.25873208, 0.2296728), (0.16073936, -0.25461647, 0.22585331), (0.15445407, -0.2591731, 0.22524774), (0.14987035, -0.26349422, 0.22541302), (0.1531026, -0.2684986, 0.2297345), (0.14226456, -0.27035612, 0.22576666), (0.14294627, -0.27648145, 0.22965841), (0.13383113, -0.27533793, 0.22565334), (0.12505832, -0.2795269, 0.22580303), (0.12338505, -0.28342488, 0.22757736), (0.116019525, -0.28729123, 0.22856519), (0.116228424, -0.28334466, 0.22650415), (0.10241007, -0.2892608, 0.22988138), (0.10618567, -0.285375, 0.2290831), (0.09362291, -0.28626236, 0.22980495), (0.08571504, -0.29300618, 0.23254347), (0.081017606, -0.30030727, 0.23337065), (0.08052191, -0.29026157, 0.23311208), (0.068046615, -0.29812884, 0.23633806), (0.06274043, -0.2942708, 0.23634702), (0.06453595, -0.30885184, 0.2388037), (0.05275802, -0.30207986, 0.24073929), (0.043615416, -0.30673662, 0.24226017), (0.025371445, -0.3197737, 0.24189682), (0.01357371, -0.30532005, 0.24239832), (-0.005119217, -0.30988875, 0.24236411), (-0.026627718, -0.33392653, 0.2416872), (-0.0339085, -0.31018576, 0.24279833), (-0.051441163, -0.32277307, 0.24260668), (-0.06593168, -0.30479357, 0.2446108), (-0.08445055, -0.32261488, 0.24336815), (-0.08618497, -0.30983743, 0.24493814), (-0.102987334, -0.32371762, 0.24511532), (-0.07923323, -0.33156788, 0.24157268), (-0.089716695, -0.3508972, 0.24064592), (-0.117009155, -0.31113064, 0.24671435), (-0.100770466, -0.29592437, 0.24617782), (-0.08399361, -0.29566488, 0.2451893), (-0.11955644, -0.28744954, 0.24707016), (-0.13189328, -0.30385745, 0.24746546), (-0.13317908, -0.27917072, 0.24745072), (-0.025745714, -0.30472428, 0.24218388), (-0.06902569, -0.30068782, 0.24453366), (-0.1474084, -0.29484767, 0.24744791), (-0.14557497, -0.27306554, 0.2475806), (-0.16253202, -0.2845728, 0.24693634), (-0.1597671, -0.26443988, 0.24698189), (-0.11462009, -0.32143274, 0.24670427), (-0.11307132, -0.32773426, 0.24676816), (-0.1342644, -0.3152143, 0.2485537), (-0.16171758, -0.29710585, 0.2480764), (-0.09850315, -0.33920372, 0.24322304), (0.03737974, -0.29846463, 0.24166815), (-0.17678013, -0.2820589, 0.2458574), (-0.10479019, -0.288156, 0.24554102), (-0.11037708, -0.35019594, 0.2467793), (-0.11865023, -0.3499329, 0.24837086), (-0.113452815, -0.3621326, 0.24688599), (-0.112494126, -0.37731543, 0.24402879), (0.014211743, -0.3008005, 0.24173345), (-0.10014978, -0.36064515, 0.24317756), (-0.10378872, -0.36348578, 0.24377212), (-0.09993514, -0.36507356, 0.24368547), (-0.10933136, -0.37732852, 0.24409556), (-0.11490169, -0.38264036, 0.24402075), (-0.15168819, -0.26063958, 0.24583012), (-0.1630499, -0.25367832, 0.24584535), (-0.16842908, -0.2550928, 0.24596536), (-0.1715272, -0.26453683, 0.24542728), (-0.00770304, -0.3021933, 0.24110602), (-0.18755639, -0.28450233, 0.24470247), (-0.036456916, -0.30063248, 0.24179289), (-0.12038906, -0.27964386, 0.24572505), (-0.13544849, -0.27214527, 0.24616238), (0.047706638, -0.29859483, 0.2404807), (0.017401533, -0.29882842, 0.24132434), (-0.18042713, -0.2584425, 0.24296778), (-0.14286217, -0.26652834, 0.24546945), (-0.19951162, -0.26852727, 0.24014007), (0.0839804, -0.28985682, 0.23170316), (-0.07379993, -0.29673785, 0.24401942), (-0.19980195, -0.27616715, 0.24068457), (-0.20329928, -0.2604588, 0.23874855), (-0.18657485, -0.25187248, 0.23987041), (-0.2092091, -0.25372776, 0.23779197), (-0.2033602, -0.24672073, 0.2363925), (-0.20969696, -0.23955844, 0.23550205), (-0.20117965, -0.23781979, 0.2363097), (-0.20756546, -0.23506035, 0.23545799), (-0.21409015, -0.22957885, 0.23537534), (-0.21802215, -0.23282939, 0.23560797), (-0.22133324, -0.22029974, 0.23492117), (-0.19340935, -0.24897587, 0.23764452), (-0.21196887, -0.21476726, 0.23612341), (-0.21863882, -0.20623618, 0.23595116), (-0.22627957, -0.22099118, 0.23524545), (-0.22232866, -0.23552182, 0.23716702), (-0.22951072, -0.21038379, 0.23507567), (-0.23590814, -0.1892315, 0.2354082), (-0.2355899, -0.20696495, 0.23556256), (-0.24135013, -0.1981037, 0.23555656), (-0.24888803, -0.18585499, 0.23496735), (-0.2477187, -0.19554529, 0.23586823), (-0.23472112, -0.21431854, 0.23649073), (-0.24560295, -0.20288256, 0.2369968), (-0.2420683, -0.18191476, 0.23359235), (-0.2529013, -0.17859131, 0.23312633), (-0.2052014, -0.21987194, 0.2372945), (-0.25750095, -0.1969545, 0.23871534), (-0.26263586, -0.1816828, 0.23747642), (-0.27039742, -0.19435613, 0.2411295), (-0.27893752, -0.18537584, 0.24035971), (-0.28887352, -0.17596029, 0.23876315), (-0.2654567, -0.17603813, 0.23630147), (-0.27177146, -0.16633303, 0.23515563), (-0.2854969, -0.16673292, 0.2369088), (-0.27703923, -0.15134047, 0.23305455), (-0.2856035, -0.14831409, 0.23289631), (-0.27160966, -0.15679878, 0.23332821), (-0.26645473, -0.16263373, 0.23328067), (-0.18298903, -0.24171075, 0.24001877), (-0.2919053, -0.15889455, 0.23674217), (-0.2921023, -0.17213294, 0.23674859), (-0.29963234, -0.1542059, 0.23640886), (-0.2944008, -0.16247126, 0.23658168), (-0.2931584, -0.16734281, 0.23579772), (-0.26054853, -0.16842882, 0.2332225), (-0.17554237, -0.24617657, 0.24211809), (-0.2965823, -0.1462238, 0.23323111), (-0.2902069, -0.13905856, 0.23103519), (-0.19184875, -0.23265201, 0.23894966), (-0.18668804, -0.23240057, 0.23792835), (-0.19074929, -0.22848043, 0.23785861), (-0.19466957, -0.22465125, 0.23774141), (-0.20029803, -0.22514173, 0.23800746), (-0.19938017, -0.22016862, 0.23745611), (-0.29301417, -0.12694436, 0.22929704), (-0.28992286, -0.12984236, 0.22898191), (-0.22219102, -0.19727515, 0.23419094), (-0.22690699, -0.19275802, 0.23407692), (-0.21821164, -0.20135938, 0.234423), (-0.23210354, -0.18773979, 0.23399787), (-0.28629166, -0.13638525, 0.2291943), (-0.28327376, -0.14125437, 0.2291761), (-0.25715688, -0.1717579, 0.23249121), (-0.23507133, -0.18499441, 0.2335573), (-0.17254096, -0.24346653, 0.24092713), (-0.16718195, -0.24783859, 0.24241701), (-0.21493748, -0.20509721, 0.23423655), (-0.06661631, -0.29689494, 0.24229966), (-0.03814047, -0.29881617, 0.24103826), (-0.18253592, -0.23651212, 0.23798108), (-0.17807324, -0.24126902, 0.23896623), (-0.2021299, -0.2938984, 0.24463803), (-0.27962506, -0.14836267, 0.23103999), (-0.20877242, -0.21300933, 0.23421745), (0.07126689, -0.29036343, 0.23349102), (-0.0839199, -0.29267955, 0.2430337), (-0.08581626, -0.2906932, 0.24174353), (-0.20291564, -0.21706143, 0.23462762), (-0.06992982, -0.2947338, 0.24154405), (-0.0962763, -0.2879819, 0.24216153), (0.050143935, -0.29424924, 0.23636042), (-0.10742974, -0.2836976, 0.24234211), (0.1680584, -0.24630682, 0.22720738), (-0.16052961, -0.2513176, 0.24199025), (-0.15672189, -0.25549227, 0.24377945), (0.060827237, -0.2919847, 0.23320763), (-0.2534011, -0.17567827, 0.23146003), (0.11825442, -0.281556, 0.22515474), (-0.12413238, -0.27575517, 0.24321316), (-0.11603103, -0.27942154, 0.24240403), (-0.25055945, -0.177016, 0.22909114), (0.03770742, -0.29593384, 0.23754975), (-0.1327634, -0.2715457, 0.24314342), (-0.139321, -0.2678526, 0.2431174), (-0.249144, -0.17864381, 0.23096636), (-0.1477356, -0.26206627, 0.24352625), (-0.2687905, -0.15826993, 0.23099281), (0.0130685475, -0.29973406, 0.2386179), (-0.06592753, -0.29590854, 0.2390837), (-0.008225795, -0.30178264, 0.2395048), (-0.036382712, -0.2992775, 0.23878706), (0.07794209, -0.28945205, 0.23072338), (-0.083368614, -0.29155126, 0.23930843), (-0.071140304, -0.29453787, 0.23850021), (0.10443996, -0.284695, 0.22638802), (-0.26426485, -0.16424751, 0.2308912), (-0.2734347, -0.1541937, 0.23088612), (0.083712235, -0.28875273, 0.22783431), (-0.14478768, -0.26386636, 0.23981105), (-0.25459933, -0.17343624, 0.22909065), (-0.3077844, -0.16865681, 0.2348797), (-0.31658924, -0.16344993, 0.23399399), (-0.30267343, -0.16688208, 0.24486817), (-0.29507828, -0.17008768, 0.2506896), (-0.32229647, -0.16304699, 0.22530204), (-0.31739533, -0.15697157, 0.24276054), (-0.32725883, -0.1497051, 0.23801896), (-0.30437028, -0.1582058, 0.2530224), (-0.30313697, -0.15220952, 0.26158988), (-0.33296916, -0.14577691, 0.23372047), (-0.33396032, -0.15137301, 0.22526015), (-0.33748493, -0.15240544, 0.22087418), (-0.330243, -0.14186165, 0.24224897), (-0.31905434, -0.16991284, 0.22210202), (-0.32088062, -0.1451575, 0.24936932), (-0.308827, -0.14484093, 0.2598164), (-0.3471069, -0.13185218, 0.22662705), (-0.3395288, -0.1388147, 0.23056564), (-0.332767, -0.13191749, 0.24574324), (-0.30697638, -0.14494728, 0.26254964), (-0.29698503, -0.16413142, 0.25667688), (-0.28692433, -0.17986, 0.25449196), (-0.2781474, -0.1893228, 0.25525886), (-0.045580093, 0.28439945, 0.28005144), (-0.050875824, 0.28770113, 0.28063112), (-0.041416068, 0.28913617, 0.28405643), (-0.05811521, 0.28910714, 0.27634618), (-0.06408757, 0.29206908, 0.27197888), (-0.055267636, 0.2947922, 0.27737272), (-0.06955295, 0.29252338, 0.26763055), (0.24717718, -0.13670388, 0.24896358), (0.24717605, -0.12808274, 0.252998), (0.24650627, -0.13330415, 0.2482717), (0.24625881, -0.14247784, 0.24316663), (0.2477007, -0.1437002, 0.24693556), (0.24602333, -0.14952272, 0.24353436), (0.24731459, -0.122533135, 0.25051397), (0.24657223, -0.14858925, 0.23943302), (0.25356898, -0.15249518, 0.25050557), (0.24411955, -0.15185852, 0.24136078), (0.25170147, -0.14421089, 0.25006944), (0.25602466, -0.14530993, 0.2537453), (0.25358114, -0.13655834, 0.25356612), (0.25894827, -0.13905694, 0.2573691), (0.26545238, -0.13062084, 0.2648346), (0.24670136, -0.16247517, 0.24558333), (0.24124962, -0.15946493, 0.24030703), (0.25703043, -0.15252236, 0.2565742), (0.26279065, -0.13744137, 0.26355007), (0.2694425, -0.12559779, 0.26820487), (0.23979427, -0.17205659, 0.24384779), (0.23613945, -0.1711382, 0.2396421), (0.24962713, -0.16678509, 0.25146717), (0.24356267, -0.18050587, 0.2525121), (0.23335873, -0.18373609, 0.2443303), (0.25403103, -0.16204822, 0.2563635), (0.27471766, -0.11537901, 0.26756313), (0.23002242, -0.18488462, 0.2396526), (0.23547912, -0.1892035, 0.25156912), (0.2270313, -0.18987246, 0.2401273), (0.26932666, -0.14138564, 0.28208178), (0.2748638, -0.13420752, 0.2880219), (0.27016723, -0.14453395, 0.28519952), (0.2791236, -0.13357867, 0.29385242), (0.2795649, -0.123261645, 0.28932703), (0.2939467, -0.12687734, 0.31206483), (0.27578557, -0.15679553, 0.30261868), (0.2626485, -0.16620219, 0.28319955), (0.2900513, -0.13632366, 0.31270602), (0.29934797, -0.11374866, 0.31190667), (0.26740476, -0.17604703, 0.29987958), (0.25726223, -0.17816724, 0.28262115), (0.26448727, -0.14493749, 0.272563), (0.26092756, -0.15705393, 0.2715005), (0.2696755, -0.17657533, 0.30557925), (0.2582176, -0.16848788, 0.27417535), (0.29695082, -0.10607726, 0.30267248), (0.30856332, -0.091447785, 0.31195816), (0.30168092, -0.09338236, 0.30062047), (0.30753306, -0.085170455, 0.30636942), (0.31400937, -0.07489178, 0.3116942), (0.28391454, -0.11231679, 0.28746915), (0.28810564, -0.10457053, 0.2862271), (0.2962014, -0.09755835, 0.29325798), (0.28017065, -0.15365584, 0.30884993), (0.27435338, -0.16662239, 0.30854538), (0.3102671, -0.0741719, 0.302148), (0.31533778, -0.061282244, 0.30470234), (0.31848857, -0.051783737, 0.30482075), (0.25088224, -0.17804019, 0.2663709), (0.24433091, -0.18441659, 0.26424575), (0.28723314, -0.14341381, 0.31401467), (0.32277676, -0.033910837, 0.3053783), (0.30069923, -0.08777917, 0.2894244), (0.30562457, -0.079325266, 0.2913877), (0.3242338, -0.020981487, 0.30315557), (0.27979964, -0.15570402, 0.31154472), (0.23094682, -0.19314887, 0.24990381), (0.22242181, -0.19571061, 0.23737657), (0.22845374, -0.19645943, 0.2495781), (0.22007851, -0.20245677, 0.23990758), (0.22332343, -0.20525561, 0.25086313), (0.21673523, -0.2124649, 0.24245176), (0.22014906, -0.21381463, 0.24928449), (0.22496843, -0.20696262, 0.25486618), (0.2306589, -0.19596961, 0.26016065), (0.21358493, -0.22500435, 0.24743436), (0.20820187, -0.2308314, 0.2450157), (0.22288904, -0.21473747, 0.26121956), (0.23135991, -0.20290509, 0.274142), (0.23273909, -0.19587924, 0.26636955), (0.23669171, -0.19546846, 0.27776963), (0.21698627, -0.22637112, 0.26288006), (0.30055436, -0.08001923, 0.27186894), (0.31105557, -0.05472648, 0.25957856), (0.3086799, -0.056589022, 0.2564714), (0.31659734, -0.03647396, 0.25415504), (0.31632054, -0.027969828, 0.24809733), (0.32007095, -0.018469209, 0.25107566), (0.31420723, -0.052070994, 0.26787868), (0.30846936, -0.06950321, 0.28066742), (0.20600389, -0.23746061, 0.25217766), (0.3160881, -0.0042945943, 0.23635978), (0.3183328, 0.0030914242, 0.23624773), (0.22691813, -0.21368858, 0.2793154), (0.2325319, -0.21147752, 0.30130142), (0.23581243, -0.20564674, 0.30228016), (0.23507653, -0.21380262, 0.3126886), (0.24096398, -0.20508562, 0.3162835), (0.22347638, -0.22472408, 0.29551977), (0.23107772, -0.22004923, 0.31263918), (0.22174916, -0.23214236, 0.31154528), (0.31911093, -0.032177757, 0.2590687), (0.21377583, -0.23793523, 0.29511595), (0.20529574, -0.24360977, 0.269895), (0.2398896, -0.1968608, 0.29250294), (0.21409373, -0.24156366, 0.31098706), (0.31655812, -0.051703323, 0.286595), (0.32122016, -0.037662257, 0.29937366), (0.20003866, -0.23987067, 0.24410586), (0.21216598, -0.24930051, 0.31805965), (0.19353472, -0.25024706, 0.25072035), (0.319692, -0.039230753, 0.27750394), (0.19511223, -0.2515839, 0.25767556), (0.19251734, -0.25809827, 0.2699244), (0.20919462, -0.24890362, 0.3130719), (0.20108257, -0.25630906, 0.30952284), (0.19435698, -0.263924, 0.3092206), (0.19892761, -0.2551479, 0.29225925), (0.19003022, -0.25748938, 0.2598805), (0.18696481, -0.27281, 0.31078207), (0.1921417, -0.26422414, 0.30177033), (0.17719917, -0.27966374, 0.3032753), (0.2504332, -0.18638617, 0.28670916), (0.24692763, -0.19318819, 0.30037263), (0.25044954, -0.19535954, 0.31534806), (0.1815828, -0.27149376, 0.28155294), (0.16945317, -0.2876821, 0.30492565), (0.16360274, -0.287886, 0.28775606), (0.17932495, -0.27484575, 0.29082167), (0.32130748, -0.026032772, 0.26345864), (0.17394742, -0.2738525, 0.2645695), (0.16399986, -0.28409076, 0.27267894), (0.16704449, -0.27454317, 0.24978887), (0.15665211, -0.2851697, 0.2534538), (0.17919232, -0.26221704, 0.24837352), (0.19256301, -0.24690908, 0.24394305), (0.26177946, -0.18468024, 0.30880725), (0.1647812, -0.29589647, 0.31193495), (0.32347733, -0.004568799, 0.25433886), (0.32027024, 0.008794161, 0.23930722), (0.22674881, -0.19090231, 0.23662236), (0.15475544, -0.2992471, 0.3038689), (0.1481684, -0.29842502, 0.28326938), (0.13828635, -0.29593167, 0.24809359), (0.1356956, -0.3010851, 0.26112613), (0.12371932, -0.3105127, 0.26229122), (0.114775814, -0.31508008, 0.25228772), (0.12854856, -0.30852756, 0.2696066), (0.14511873, -0.30701968, 0.3055447), (0.14599416, -0.30999932, 0.3114058), (0.13827196, -0.30600914, 0.28605103), (0.13186768, -0.3155156, 0.30541024), (0.11646442, -0.3164902, 0.27261907), (0.32349336, -0.018010454, 0.27114204), (0.32551762, 0.0015260939, 0.26096055), (0.32480168, 0.024518713, 0.247528), (0.32210732, 0.016291352, 0.24110617), (0.32492256, 0.02672687, 0.24165426), (0.32806894, 0.03663787, 0.25014573), (0.32746756, 0.020458778, 0.26387593), (0.32762393, 0.015553738, 0.26973414), (0.32908735, 0.038807075, 0.2446668), (0.32323796, -0.0239807, 0.28963375), (0.33038574, 0.04551008, 0.25475195), (0.3301333, 0.036236506, 0.2720711), (0.3258098, -0.0023332033, 0.27206892), (0.33241656, 0.047579877, 0.24670738), (0.3252731, -0.004953053, 0.30390915), (0.31563008, -0.006556001, 0.23429155), (0.30946633, -0.022141559, 0.23512954), (0.30421627, -0.033713173, 0.23588021), (0.32567975, -0.0010531924, 0.28881022), (0.3014244, -0.035878558, 0.23893203), (0.121651165, -0.3209643, 0.30572388), (0.1114254, -0.321599, 0.28628862), (0.109467454, -0.32055026, 0.27568623), (0.1074803, -0.3274823, 0.305388), (0.32689053, 0.0149397, 0.28593808), (0.32807907, 0.028102346, 0.28294063), (0.10609423, -0.31973994, 0.25758538), (0.087113276, -0.3299464, 0.27894834), (0.09701447, -0.33178827, 0.30533463), (0.08805686, -0.3358049, 0.30541882), (0.0780792, -0.33456942, 0.28352392), (0.077562205, -0.3403021, 0.3058247), (0.082479075, -0.32994124, 0.2720008), (0.06866566, -0.33173233, 0.25546756), (0.053796746, -0.34232387, 0.27471924), (0.040672574, -0.34381875, 0.25986922), (0.06649161, -0.34397992, 0.30366918), (0.06831709, -0.34489587, 0.3076572), (0.09785061, -0.32398438, 0.26754415), (0.08068483, -0.3266941, 0.25290796), (0.03356245, -0.34797782, 0.26689515), (0.058173623, -0.34729603, 0.30542862), (0.21691458, 0.37762684, 0.13607475), (0.22542095, 0.37375942, 0.13530912), (0.21371324, 0.38033104, 0.13731119), (0.23054652, 0.37429398, 0.13599873), (0.23093846, 0.37317246, 0.13436761), (0.237612, 0.37135562, 0.13287126), (-0.31152934, -0.1813991, 0.21811767), (-0.30874944, -0.17788184, 0.21460272), (-0.30637902, -0.18488643, 0.2140482), (-0.30683225, -0.19103284, 0.21468227), (-0.30298078, -0.18359883, 0.21222728), (-0.30472374, -0.20195107, 0.2133856), (-0.29970846, -0.19823858, 0.21073994), (-0.30057126, -0.20970738, 0.21280555), (-0.29378727, -0.20863199, 0.20988427), (-0.296337, -0.2184382, 0.21248409), (-0.29377, -0.22575961, 0.21201862), (-0.31670642, -0.17838018, 0.21935898), (-0.31027701, -0.20056126, 0.21448243), (-0.30682793, -0.21184804, 0.21321897), (-0.31551483, -0.17613629, 0.22052929), (-0.30950484, -0.12099963, 0.22120643), (-0.3178019, -0.10398103, 0.22005545), (-0.30602387, -0.10334851, 0.22593778), (-0.3045717, -0.11559568, 0.22471763), (-0.32394278, -0.119929045, 0.21336198), (-0.32595623, -0.08369558, 0.22053324), (-0.31687987, -0.1407722, 0.21215226), (-0.30514374, -0.13180149, 0.2203138), (-0.29988855, -0.12339024, 0.22528653), (-0.31420627, -0.14811465, 0.21226338), (-0.33642554, -0.08734454, 0.21330282), (-0.3314488, -0.072877795, 0.21948364), (-0.32616684, -0.07041076, 0.22252749), (-0.303713, -0.15353516, 0.21530554), (-0.31353712, -0.164559, 0.2099258), (-0.30881262, -0.1692727, 0.21120647), (-0.30687475, -0.17816234, 0.21007459), (-0.30204374, -0.17715791, 0.21256398), (-0.3318528, -0.041152865, 0.22339523), (-0.32645932, 0.0004532913, 0.22624432), (-0.31561965, 0.0020940194, 0.22911039), (-0.32195073, 0.019805983, 0.22603482), (-0.3083538, 0.036073208, 0.2279135), (-0.29920465, 0.035552017, 0.23004194), (-0.28620958, 0.0570348, 0.22945534), (-0.2983866, -0.19051415, 0.21098456), (-0.29389843, -0.20309761, 0.20991375), (-0.28636244, -0.21460514, 0.2091558), (-0.30261484, 0.009229868, 0.23312695), (-0.31028384, -0.0046437434, 0.2327433), (0.35710132, 0.061121047, 0.22479527), (0.35173672, 0.043364838, 0.22501315), (0.34719443, 0.041911453, 0.22758089), (0.33923694, 0.030179318, 0.2292751), (0.34317127, 0.029160077, 0.22785349), (0.3360445, 0.02144982, 0.22836238), (0.3324191, 0.018544167, 0.22846724), (0.32804018, 0.030660234, 0.2366866), (0.34140697, 0.047429897, 0.23585731), (0.3506252, 0.05242336, 0.22849636), (0.34868106, 0.06327907, 0.23563638), (0.34118694, 0.062577285, 0.2430605), (0.33196968, 0.05332367, 0.24705233), (0.33206815, 0.06420392, 0.2516165), (0.34252447, 0.07469772, 0.24522816), (0.33519828, 0.074484244, 0.25162715), (0.3523321, 0.074531384, 0.23553364), (0.3314876, 0.07497662, 0.25598767), (0.32736328, 0.03592621, 0.2402741), (0.32158494, 0.01623, 0.23416731), (0.3296598, 0.018309616, 0.22945704), (0.3215855, 0.028002352, 0.24298407), (0.36045954, 0.07233808, 0.22340715), (0.35679638, 0.08519019, 0.2317346), (0.35463205, 0.09138846, 0.23547998), (0.3609013, 0.09552361, 0.22860101), (0.339291, 0.08655446, 0.24799156), (0.33117968, 0.09122099, 0.25716087), (0.36427796, 0.08210148, 0.21920794), (0.3692049, 0.09004737, 0.21505556), (0.36750087, 0.10426768, 0.22051863), (0.32838228, 0.04502407, 0.24663602), (0.36074522, 0.10187767, 0.228804), (0.37242177, 0.116696686, 0.21508193), (0.3736668, 0.104302935, 0.21167107), (0.3715336, 0.097615555, 0.21249326), (0.3804803, 0.120013036, 0.20457047), (0.38082364, 0.13573027, 0.20572342), (0.38351524, 0.13109341, 0.20086598), (0.38774958, 0.14113358, 0.19596821), (0.38997644, 0.153178, 0.19564745), (0.39131504, 0.14633502, 0.19178353), (0.39439595, 0.1498863, 0.18847492), (0.3799891, 0.15457985, 0.20825668), (0.37638205, 0.14376067, 0.21204944), (0.3712565, 0.13407648, 0.21713302), (0.39513397, 0.15739408, 0.18747793), (0.39442104, 0.17115332, 0.19066407), (0.38691005, 0.16557516, 0.20001736), (0.3985089, 0.16308849, 0.18316753), (0.40107834, 0.17383762, 0.18188412), (0.32802674, 0.085078605, 0.2624722), (0.3292055, 0.052707132, 0.2554926), (0.32894287, 0.06665596, 0.26139146), (0.33108488, 0.10530958, 0.256779), (0.32429397, 0.09432294, 0.2662866), (0.33637184, 0.12203584, 0.2511951), (0.34428573, 0.1036529, 0.24293584), (0.35588682, 0.11242992, 0.23173778), (0.346339, 0.12381431, 0.24048127), (0.33852163, 0.13617256, 0.2491405), (0.3515884, 0.14772058, 0.23645292), (0.33585796, 0.15693296, 0.25250745), (0.3567771, 0.12272777, 0.23029473), (0.36188796, 0.14564443, 0.22606146), (0.33029634, 0.15078616, 0.2576468), (0.35692084, 0.1588564, 0.23098117), (0.324252, 0.13295856, 0.26149738), (0.34515217, 0.15716666, 0.24262282), (0.32577065, 0.11348772, 0.2617798), (0.33779228, 0.16913624, 0.24933144), (0.3195383, 0.15630691, 0.2670118), (0.32165053, 0.13739583, 0.26356694), (0.36777917, 0.16951372, 0.21901636), (0.32362628, 0.16566442, 0.26280785), (0.3436497, 0.1748793, 0.24174339), (0.3190166, 0.11905469, 0.26732522), (0.36651707, 0.07967261, 0.21745357), (0.36239386, 0.06808245, 0.22084533), (0.3764167, 0.175817, 0.20870571), (0.31849927, 0.09791007, 0.27149191), (0.31095257, 0.14250669, 0.27169245), (0.312342, 0.13583982, 0.26984775), (0.3026474, 0.14450863, 0.2780196), (0.3023698, 0.12114226, 0.28161973), (0.29886535, 0.13408361, 0.28296843), (0.2970401, 0.13620043, 0.2844762), (0.35669985, 0.18094957, 0.2276552), (0.30942565, 0.104697034, 0.27813214), (0.388008, 0.17603847, 0.19650045), (0.29944262, 0.15102455, 0.279677), (0.30998933, 0.15544938, 0.2727828), (0.3978503, 0.15435024, 0.18574394), (0.32896388, 0.17493778, 0.25600567), (0.3640082, 0.18522426, 0.21888612), (0.32241005, 0.17304401, 0.2621594), (0.39802667, 0.18021871, 0.18390037), (0.40494028, 0.17017888, 0.17881906), (0.40065324, 0.1617702, 0.18226595), (0.40577292, 0.18250664, 0.17558518), (0.3236698, 0.0808052, 0.27122623), (0.3280452, 0.07298957, 0.2648567), (0.31027323, 0.091163546, 0.2824044), (0.31956282, 0.082585424, 0.2763104), (0.4106474, 0.17585663, 0.17413917), (0.41403517, 0.17997336, 0.17009044), (0.32774353, 0.015255242, 0.22782487), (0.29894516, 0.2512065, 0.2111045), (0.28612027, 0.26530844, 0.2086414), (0.29459077, 0.2708772, 0.19847171), (0.29595387, 0.23533256, 0.22738881), (0.31287405, 0.23196632, 0.21869524), (0.3143725, 0.24738285, 0.20261112), (0.31683514, 0.25581905, 0.19234912), (0.32041, 0.23546182, 0.20915622), (0.31132752, 0.27074456, 0.18407848), (0.31536388, 0.2145134, 0.23459321), (0.32878745, 0.22029296, 0.21741147), (0.33178708, 0.20608388, 0.22962965), (0.31194964, 0.20455061, 0.2478499), (0.29576793, 0.2127681, 0.2511346), (0.29445782, 0.20434499, 0.26115984), (0.31761336, 0.18958023, 0.25627074), (0.3434379, 0.21225135, 0.21283129), (0.3284989, 0.18990517, 0.24712503), (0.33546695, 0.19428284, 0.2371307), (0.34706885, 0.20201516, 0.22203848), (0.32860392, 0.25353232, 0.18382034), (0.32968, 0.23490098, 0.20068455), (0.34379247, 0.22920166, 0.1924283), (0.32560772, 0.28095722, 0.16067933), (0.34365204, 0.24211061, 0.17917514), (0.35912603, 0.2267055, 0.17884521), (0.36746866, 0.21055414, 0.18814033), (0.3777375, 0.22105847, 0.1647246), (0.37637693, 0.20693178, 0.1831004), (0.37153494, 0.20177707, 0.19408078), (0.365824, 0.19312699, 0.2101872), (0.3439531, 0.25412402, 0.16643603), (0.31828564, 0.28553164, 0.16396284), (0.3534151, 0.2030896, 0.21315989), (0.29661283, 0.28556284, 0.18510121), (0.3057498, 0.29246932, 0.1711525), (0.28515923, 0.28182614, 0.19769423), (0.28180847, 0.29506746, 0.1904203), (0.29681072, 0.29864183, 0.17516464), (0.28072256, 0.28456283, 0.19956748), (0.27036825, 0.29002905, 0.20284021), (0.3578796, 0.18715183, 0.22411214), (0.3832031, 0.19051023, 0.19276246), (0.3968314, 0.1903135, 0.17882074), (0.38534248, 0.2035449, 0.17690046), (0.40645608, 0.20029108, 0.15881588), (0.41109934, 0.18862468, 0.16570248), (0.38887683, 0.21891567, 0.15616937), (0.40629008, 0.20462573, 0.1553448), (0.40057805, 0.21782075, 0.14746009), (0.3123505, 0.30044845, 0.15487377), (0.29787454, 0.30823588, 0.16337307), (0.29040802, 0.30684835, 0.17348444), (0.28044882, 0.303682, 0.18541436), (0.29938284, 0.317928, 0.15159068), (0.35381854, 0.25392762, 0.15410772), (0.26665363, 0.31607386, 0.18901491), (0.27630427, 0.3287837, 0.1680847), (0.25885564, 0.3293008, 0.18421035), (0.26331145, 0.33925274, 0.16977927), (0.25053805, 0.328811, 0.19130701), (0.2529948, 0.34183675, 0.17594987), (0.28285876, 0.33139563, 0.15790118), (0.3398819, 0.18459626, 0.24014203), (0.26775306, 0.3449488, 0.15818083), (0.26612896, 0.30562153, 0.19572692), (0.35897824, 0.19139731, 0.22038968), (0.37198922, 0.18830395, 0.20728874), (0.38818657, 0.18636434, 0.1907058), (0.36960977, 0.23611565, 0.1549796), (0.3700776, 0.251542, 0.13681322), (0.38008478, 0.23444815, 0.14568336), (0.379866, 0.25143528, 0.1268134), (0.3295496, 0.28600073, 0.14915247), (0.3398037, 0.27021837, 0.15402374), (0.35127848, 0.27207106, 0.13537109), (0.36528236, 0.26377657, 0.12723444), (0.37096113, 0.26034144, 0.12466049), (0.29834965, 0.32989365, 0.13891459), (0.31301934, 0.30870587, 0.1438606), (0.3265183, 0.29840156, 0.13743149), (0.39008972, 0.22760217, 0.14478143), (0.38862532, 0.23917115, 0.13391282), (0.2791315, 0.34465915, 0.14456029), (0.29129273, 0.3454825, 0.12886216), (0.2854289, 0.35201582, 0.12710646), (0.31368414, 0.331611, 0.11433856), (0.34981582, 0.28237998, 0.12283907), (0.36871505, 0.2807181, 0.0976273), (0.3123615, 0.32505146, 0.12365343), (0.30096444, 0.34721878, 0.11202595), (0.31550333, 0.34550425, 0.09280335), (0.37926292, 0.26305324, 0.110730335), (0.37969062, 0.27270508, 0.096369624), (0.37988028, 0.28180626, 0.08267745), (0.3359995, 0.29602432, 0.12477931), (0.27720463, 0.35047525, 0.1382385), (0.3901158, 0.25148505, 0.118515275), (0.32644686, 0.30899906, 0.121483594), (0.32508528, 0.32337937, 0.10442068), (0.3513641, 0.2940055, 0.102134496), (0.366058, 0.29646745, 0.07659861), (0.34761965, 0.3014675, 0.0964345), (0.33242053, 0.3072006, 0.11317468), (0.3329613, 0.3178387, 0.09719272), (0.3237461, 0.33427674, 0.09218586), (0.37583062, 0.29030558, 0.07349808), (0.34559804, 0.3137615, 0.08136442), (0.35489598, 0.30636004, 0.07698922), (0.2930243, 0.35513473, 0.11015749), (0.33784, 0.32746127, 0.07197312), (0.3614675, 0.30897152, 0.06010558), (0.3766744, 0.29537234, 0.06290897), (0.3739521, 0.2998551, 0.05926503), (0.35059404, 0.32121962, 0.05735768), (0.35855448, 0.31828046, 0.04842518), (0.3435684, 0.3312502, 0.054735437), (0.33399162, 0.3369798, 0.06179606), (0.33165535, 0.34187794, 0.059204422), (0.32778576, 0.342796, 0.065347426), (0.3654722, 0.31190187, 0.047112223), (0.36009252, 0.31882107, 0.04628877), (0.3458228, 0.3307212, 0.05281984), (0.33198392, 0.33031625, 0.07946046), (0.30146965, 0.35084352, 0.10368938), (0.2839534, 0.35975415, 0.11431523), (0.26398548, 0.35486928, 0.14586797), (0.30734238, 0.34754384, 0.1009149), (0.3126062, 0.34949753, 0.08954374), (0.31637284, 0.35049513, 0.08200006), (0.3195471, 0.34690496, 0.08135102), (0.3246389, 0.34873092, 0.064906225), (0.3664803, 0.31413037, 0.04466182), (0.28040037, 0.3585827, 0.12104211), (0.30829132, 0.35001993, 0.09452366), (0.32161728, 0.34809396, 0.07186792), (0.4054691, 0.21571817, 0.14601068), (0.24906446, 0.35204276, 0.16398661), (0.38771617, 0.26552173, 0.10067988), (0.3892286, 0.27535814, 0.08453216), (0.39041886, 0.2791877, 0.076976314), (0.38781735, 0.28345618, 0.07383936), (0.2497631, 0.36094794, 0.14884616), (0.3103802, 0.18772255, 0.26253983), (0.39171574, 0.29251868, 0.060950115), (0.26665094, 0.36107624, 0.12927079), (0.23803048, 0.36184308, 0.15759085), (0.37699452, 0.30507827, 0.048265252), (0.2496194, 0.33673707, 0.18340108), (0.2348841, 0.35698643, 0.1673302), (0.24325702, 0.34413064, 0.17864645), (0.22300528, 0.3465962, 0.18919091), (0.22789215, 0.33898363, 0.1940604), (0.23791277, 0.32960343, 0.19697104), (0.41530877, 0.19080818, 0.16157667), (0.38149282, 0.29820013, 0.056625437), (0.20122385, 0.34947625, 0.20013462), (0.20190583, 0.36080864, 0.18453993), (0.21678692, 0.35889742, 0.17629729), (0.2051771, 0.3719686, 0.16613655), (0.405726, 0.24616624, 0.11530833), (0.39961052, 0.23441327, 0.13227098), (0.41030326, 0.25399202, 0.1037252), (0.22333373, 0.3689412, 0.15684976), (0.26074505, 0.36170208, 0.13489795), (0.41082606, 0.22144234, 0.13923754), (0.18959217, 0.36490673, 0.18607606), (0.20584825, 0.3758803, 0.15843575), (0.40059146, 0.2649772, 0.0937868), (0.39899078, 0.27595043, 0.07770426), (0.43432078, 0.22454661, 0.12509288), (0.41100916, 0.23404455, 0.12724924), (0.43113562, 0.23712124, 0.11388799), (0.19055746, 0.376836, 0.16691862), (0.43373767, 0.21853192, 0.13153024), (0.41659012, 0.25155884, 0.10436018), (0.22977749, 0.36952338, 0.14954573), (0.41284013, 0.21266127, 0.1457751), (0.40354592, 0.29209298, 0.056048993), (0.4030988, 0.284676, 0.065226495), (0.40605706, 0.2799421, 0.06990631), (0.40487027, 0.28813308, 0.059558395), (0.40715092, 0.2846175, 0.060920395), (0.41017535, 0.28679344, 0.055418815), (0.41348022, 0.27552146, 0.068651356), (0.4071454, 0.2754453, 0.07469701), (0.41401142, 0.27918816, 0.05922903), (0.41262254, 0.26810065, 0.08277814), (0.41074544, 0.28338623, 0.055711303), (0.4307679, 0.20879173, 0.14172405), (0.42392135, 0.20091757, 0.15119933), (0.41150507, 0.26223955, 0.092164285), (0.39536515, 0.29750052, 0.052951384), (0.3881458, 0.30046427, 0.051288683), (0.22090755, 0.37318623, 0.14855403), (0.4150683, 0.28266448, 0.054913446), (0.2446637, 0.3647341, 0.14438803), (0.2547882, 0.3638029, 0.1345131), (0.42463872, 0.24796733, 0.10526726), (0.4160289, 0.25669155, 0.09941262), (0.26902524, 0.36544845, 0.11495986), (0.2770658, 0.36200994, 0.114748955), (0.1855084, 0.38373357, 0.15528578), (0.17329295, 0.38283208, 0.16446497), (0.19791383, 0.38179335, 0.14924575), (0.21071053, 0.37775412, 0.1458992), (0.3055872, 0.35140684, 0.10084213), (0.18413262, 0.3860093, 0.15012611), (0.26409388, 0.36569557, 0.11865355), (0.43225256, 0.24409606, 0.107124925), (0.43799856, 0.23071598, 0.11844723), (0.23666988, 0.36845294, 0.14250597), (0.206416, 0.38140246, 0.13758267), (0.21344782, 0.37776315, 0.13916625), (0.22888853, 0.37176567, 0.14091012), (0.25735065, 0.36585584, 0.12259312), (0.24571663, 0.36643568, 0.13357647), (0.19344085, 0.38498628, 0.14271653), (0.18240926, 0.38922435, 0.14744605), (0.17418993, 0.38739267, 0.15441155), (0.16908799, 0.38525185, 0.15863183), (0.1645096, 0.38698933, 0.15918374), (0.17378965, 0.38911062, 0.15394941), (0.15623577, 0.38525084, 0.16354322), (0.16569957, 0.38897282, 0.15815791), (0.20212777, 0.3818376, 0.14129724), (0.19878088, 0.3853994, 0.13870023), (0.20292847, 0.38452184, 0.13893673), (0.43777454, 0.21769866, 0.13178353), (0.22168699, 0.37464035, 0.13876483), (0.23667082, 0.36956063, 0.1339126), (0.24047764, 0.36982727, 0.13031113), (0.24882635, 0.36765742, 0.12848923), (0.25277093, 0.3655137, 0.12680572), (0.19118191, 0.38789657, 0.14371866), (0.38095832, 0.30530393, 0.04783516), (0.15813094, 0.387813, 0.16232038), (0.3198623, 0.3520763, 0.07398522), (0.27424434, 0.3653865, 0.11397479), (0.14961615, 0.38475645, 0.16662246), (0.1508876, 0.381661, 0.16954882), (0.42079142, 0.25304326, 0.102651216), (0.30244628, 0.3530963, 0.103044614), (0.43420464, 0.21055748, 0.14032486), (0.43006638, 0.20508973, 0.14694746), (0.43601352, 0.23892675, 0.111897185), (0.2548978, 0.36906856, 0.124787845), (0.29345158, 0.35651904, 0.11021136), (0.31638318, 0.35304186, 0.08305892), (0.3131878, 0.3512948, 0.089536265), (0.24994801, 0.36939836, 0.12837549), (0.09945344, 0.29623184, 0.22212592), (0.08471544, 0.2990038, 0.22228958), (0.10190937, 0.29583633, 0.21736741), (0.10839288, 0.29103065, 0.22214136), (0.10979524, 0.2932176, 0.21518813), (0.10063188, 0.29783675, 0.2144928), (0.085884534, 0.30152497, 0.2153649), (0.07500181, 0.30164555, 0.21982177), (0.07016403, 0.3024197, 0.2223598), (0.06669408, 0.30813643, 0.21638572), (0.055769026, 0.30999318, 0.22387134), (0.11325607, 0.28690568, 0.22192974), (0.11419347, 0.2848855, 0.22667465), (0.11845437, 0.28387025, 0.2207777), (0.12303872, 0.279207, 0.2265478), (0.12694441, 0.27771932, 0.22244611), (0.1328308, 0.2748747, 0.22651733), (0.13772018, 0.27458087, 0.22224368), (0.14841422, 0.2684759, 0.2241512), (0.14915992, 0.26658723, 0.22780716), (0.1588879, 0.26188746, 0.22668065), (-0.36757952, 0.06908881, 0.23196758), (-0.37334958, 0.06810274, 0.2335016), (-0.3619273, 0.0723658, 0.22961476), (-0.1124802, -0.3790146, 0.2457436), (-0.103828385, -0.3707064, 0.24492304), (-0.11440583, -0.369247, 0.24942221), (-0.10262597, -0.35498428, 0.24902648), (-0.11773133, -0.3767025, 0.2480429), (0.2601265, -0.16213518, 0.24155053), (0.263383, -0.15813129, 0.24719074), (0.2597322, -0.16546237, 0.23764023), (0.26875734, -0.15295802, 0.2524305), (0.26679605, -0.15893961, 0.24461447), (0.2840578, -0.1312948, 0.25443414), (0.27466395, -0.14557458, 0.25308967), (0.27013633, -0.15397625, 0.24922667), (0.2677109, -0.16004768, 0.24043213), (0.07584482, 0.34100688, 0.19870624), (0.07651681, 0.345072, 0.19341937), (0.079326116, 0.34819412, 0.19044337), (0.075373426, 0.33672345, 0.20325293), (0.07561341, 0.33663055, 0.19854772), (-0.34387654, 0.05335869, 0.25406837), (-0.052828077, 0.32713956, 0.25099838), (-0.04987406, 0.32515708, 0.24573126), (-0.05540499, 0.3187577, 0.24409254), (-0.04690293, 0.32509306, 0.2426449), (-0.05723992, 0.3168879, 0.22923182), (-0.059399895, 0.3144215, 0.23655806), (-0.06270914, 0.31450498, 0.2291687), (-0.06310415, 0.31042087, 0.23704912), (-0.0647133, 0.3066628, 0.24043685), (-0.046347093, 0.32237428, 0.22399628), (-0.03819401, 0.3250434, 0.22317727), (-0.04168541, 0.32676873, 0.23129171), (-0.03234716, 0.33000955, 0.23388167), (-0.02625824, 0.33021033, 0.2280517), (-0.016846241, 0.33312526, 0.23098055), (-0.0112652555, 0.331231, 0.22334214), (-0.0035803448, 0.33250302, 0.2238408), (-0.0065269046, 0.33402082, 0.23180166), (0.0029285299, 0.33484206, 0.22493389), (-0.025006594, 0.3281917, 0.2246448), (-0.027081028, 0.32551515, 0.21988304), (-0.01955342, 0.32666215, 0.21906465), (-0.013624976, 0.32831368, 0.21969138), (-0.0007625426, 0.32835564, 0.21846572), (-0.052463803, 0.31993273, 0.22841498), (-0.03648761, 0.3289301, 0.23926874), (-0.022585222, 0.3317353, 0.23621199), (-0.04352288, 0.3266855, 0.24483003), (-0.015473007, 0.3280043, 0.21547343), (-0.0018138057, 0.32851443, 0.21531512), (-0.039652422, 0.3250163, 0.21926308), (0.02569491, 0.32826966, 0.21501552), (0.023253184, 0.3281754, 0.217762), (0.025940958, 0.33158502, 0.22097634), (0.034855794, 0.33411098, 0.22406955), (0.030984223, 0.3287216, 0.21320423), (0.037135508, 0.33444834, 0.2213954), (0.044563472, 0.33439332, 0.21737523), (-0.051089346, 0.3213771, 0.22336152), (0.01606178, 0.33314657, 0.22992298), (-0.03717187, 0.32793984, 0.24265526), (0.021844283, 0.3346461, 0.22442725), (0.017917948, 0.33464134, 0.2266915), (0.033331193, 0.33019227, 0.2118903), (0.043555774, 0.3341082, 0.20961885), (0.048474193, 0.3350535, 0.21745393), (0.03742749, 0.33334, 0.22543165), (0.05439728, 0.33844614, 0.20714194), (0.058562167, 0.3378477, 0.21065067), (0.0459766, 0.3331518, 0.22312552), (-0.25490105, -0.37779287, 0.17784563), (-0.25300667, -0.3773136, 0.17724153), (-0.26082534, -0.37713248, 0.17308676), (-0.2427525, -0.38140363, 0.18214656), (-0.12618642, -0.38737208, 0.24426931), (-0.3062728, -0.13775063, 0.26784292), (-0.3064394, -0.14234933, 0.26137406), (-0.27413118, -0.24751061, 0.21076004), (-0.27036333, -0.25052455, 0.21037672), (-0.3387979, 0.07011264, 0.2241235), (-0.34527805, 0.071820974, 0.22495279), (-0.35697007, 0.0747177, 0.22839665), (-0.33439097, 0.075213745, 0.22300747), (-0.3413403, 0.08474319, 0.22574493), (-0.3288337, 0.10070419, 0.22494271), (-0.356274, 0.089249805, 0.22905736), (-0.3674543, 0.08146595, 0.23109195), (-0.34648484, 0.100889966, 0.22854635), (-0.33361578, 0.11004882, 0.22725801), (-0.32272014, 0.113480814, 0.2250977), (-0.32869762, 0.12445757, 0.22714752), (-0.3163623, 0.12830725, 0.22506173), (-0.32340318, 0.1368681, 0.22663727), (-0.31364077, 0.13924994, 0.22538842), (-0.31408638, 0.14801261, 0.22587334), (-0.3719498, 0.07230817, 0.23195003), (-0.30350533, 0.13325207, 0.22161971), (-0.3014708, 0.1568387, 0.22503297), (-0.2915246, 0.1491428, 0.22113648), (-0.3041952, 0.16615373, 0.22575347), (-0.33032355, 0.07700488, 0.22183985), (-0.3105686, 0.11794299, 0.22117949), (-0.2838105, 0.1728244, 0.22509734), (-0.36462831, 0.09223311, 0.23032145), (-0.31634253, 0.10438281, 0.22102457), (-0.35131454, 0.114487566, 0.2286149), (-0.2982525, 0.17824158, 0.2259337), (-0.29081967, 0.18587166, 0.22607395), (-0.27792063, 0.18956377, 0.22621012), (-0.3348025, 0.13455471, 0.22697228), (-0.27992952, 0.1995498, 0.2262876), (-0.375015, 0.081157245, 0.23138592), (-0.3217433, 0.15073943, 0.22580628), (-0.26764506, 0.20114154, 0.22677019), (-0.26762766, 0.21787554, 0.22576961), (-0.31747556, 0.1708493, 0.22469753), (-0.30808538, 0.17766659, 0.224958), (-0.29784152, 0.1928769, 0.22483651), (-0.28260142, 0.20942461, 0.22471157), (-0.3303719, 0.15563007, 0.2247196), (-0.2569697, 0.2151892, 0.22690798), (-0.25132355, 0.22918886, 0.22740538), (-0.34734192, 0.12621821, 0.22734128), (-0.34136236, 0.14946787, 0.22387049), (-0.34941795, 0.13203408, 0.2261561), (-0.36106795, 0.12592347, 0.22582427), (-0.267803, 0.22855881, 0.2248717), (-0.25664893, 0.24111585, 0.2245685), (-0.28426403, 0.23370767, 0.22054155), (-0.28835285, 0.219666, 0.22117801), (-0.3148369, 0.18928288, 0.22151993), (-0.30471218, 0.20367777, 0.22086409), (-0.24124752, 0.24103165, 0.22781429), (-0.25486037, 0.25292182, 0.22275877), (-0.37672043, 0.11988366, 0.22414084), (-0.33190665, 0.17395528, 0.22090314), (-0.3396479, 0.16463843, 0.22075711), (-0.36180905, 0.14360034, 0.22088066), (-0.38125053, 0.1282841, 0.22083355), (-0.270713, 0.23968144, 0.22131297), (-0.24170384, 0.26389933, 0.22595146), (-0.22963706, 0.247342, 0.22932136), (-0.2287653, 0.25140846, 0.22913013), (-0.25569713, 0.26279277, 0.22153467), (-0.24258499, 0.28320912, 0.22735101), (-0.23385121, 0.26518732, 0.228722), (-0.23696771, 0.2768686, 0.22971003), (-0.23932643, 0.28700984, 0.22832467), (-0.22598031, 0.28562126, 0.23357493), (-0.21693768, 0.27759603, 0.23652358), (-0.2162947, 0.28513572, 0.23615825), (-0.22234002, 0.2989275, 0.2313463), (-0.20874907, 0.30069387, 0.23262617), (-0.2218607, 0.31141454, 0.22784573), (-0.2241551, 0.3246808, 0.22402462), (-0.19472578, 0.31316924, 0.2292763), (-0.20788036, 0.32724017, 0.22387557), (-0.22304952, 0.328212, 0.22331399), (-0.22466913, 0.33386073, 0.22140838), (-0.24105442, 0.29903522, 0.22590536), (-0.22261944, 0.26563397, 0.2334021), (-0.28036022, 0.24935053, 0.21453454), (-0.26823097, 0.26135042, 0.21659169), (-0.26576832, 0.27510688, 0.21682593), (-0.18548164, 0.31633386, 0.22795397), (-0.2334, 0.3239722, 0.22110517), (-0.33838814, 0.175068, 0.2183962), (-0.35061496, 0.16475822, 0.2173344), (-0.25662643, 0.28498694, 0.22122808), (-0.39513418, 0.12591879, 0.21703953), (-0.31895778, 0.20306942, 0.21583325), (-0.36750865, 0.14666237, 0.21808425), (-0.3786534, 0.1418527, 0.21628481), (-0.29579216, 0.23225832, 0.2156416), (-0.30601633, 0.21927112, 0.21492116), (-0.2816062, 0.26249596, 0.2107539), (-0.2746124, 0.27156404, 0.21257843), (-0.29224166, 0.24857777, 0.21009158), (-0.2522895, 0.2999298, 0.22056913), (-0.24321693, 0.31265315, 0.22074929), (-0.2875066, 0.23535553, 0.21866886), (-0.18083571, 0.32523552, 0.22388902), (-0.21000539, 0.33460444, 0.22060262), (-0.36060062, 0.16991988, 0.21131541), (-0.399121, 0.11719246, 0.21761534), (-0.2665114, 0.2806639, 0.21554033), (-0.39504778, 0.14025491, 0.21037222), (-0.34391916, 0.18547973, 0.21186773), (-0.36211404, 0.1747388, 0.2086608), (-0.37691975, 0.15992537, 0.20869301), (-0.33149394, 0.20549507, 0.20934808), (-0.312867, 0.23788843, 0.20539752), (-0.2959843, 0.2575279, 0.20522186), (-0.32958254, 0.21575089, 0.20524238), (-0.35062176, 0.19446744, 0.20465028), (-0.17765586, 0.3306331, 0.2207727), (-0.19634527, 0.33858898, 0.21698086), (-0.36919618, 0.062412553, 0.23708275), (-0.2219069, 0.33905238, 0.21772851), (-0.16941327, 0.33942726, 0.21356915), (-0.17969887, 0.3460163, 0.20912068), (-0.15549016, 0.34684184, 0.20656282), (-0.19950666, 0.34325033, 0.21270014), (-0.20829464, 0.3445331, 0.21110068), (-0.39492252, 0.24870892, 0.09678361), (-0.39865637, 0.24037632, 0.101646475), (-0.3983902, 0.23522024, 0.10685486), (-0.39643753, 0.24933639, 0.09478766), (-0.3937989, 0.25916824, 0.08736657), (-0.3910526, 0.25748774, 0.09389623), (-0.39018926, 0.26755172, 0.08182945), (-0.382914, 0.2694829, 0.0942488), (-0.39029285, 0.25192815, 0.1034318), (-0.39324212, 0.23696677, 0.116498664), (-0.38221404, 0.25449127, 0.11529395), (-0.38539878, 0.24111821, 0.12687624), (-0.38832515, 0.27518076, 0.07567341), (-0.38916144, 0.23375764, 0.12865281), (-0.3946041, 0.21942484, 0.13619666), (-0.38783148, 0.22668898, 0.13975525), (-0.399514, 0.22409344, 0.119083606), (-0.39910883, 0.22931153, 0.112319), (-0.37889493, 0.26886955, 0.10187169), (-0.3777532, 0.25143015, 0.12649398), (-0.40038323, 0.2167683, 0.1256802), (-0.400634, 0.21306567, 0.13035056), (-0.40285036, 0.20523146, 0.13616973), (-0.39599606, 0.20079522, 0.1565689), (-0.3894348, 0.20571373, 0.16259284), (-0.3900502, 0.18913077, 0.18029496), (-0.39620647, 0.18851835, 0.17045337), (-0.38194886, 0.22600062, 0.14914161), (-0.39076394, 0.17463388, 0.19308732), (-0.39421356, 0.1699927, 0.19160973), (-0.3839252, 0.20406227, 0.1726127), (-0.39858913, 0.1750475, 0.17842616), (-0.40290853, 0.18664396, 0.1564422), (-0.40328473, 0.17884389, 0.16438317), (-0.4038581, 0.19336976, 0.148), (-0.40278676, 0.19873028, 0.14285874), (-0.37454483, 0.28485426, 0.0849981), (-0.383444, 0.2850904, 0.06888588), (-0.38610154, 0.28137398, 0.069169976), (-0.40295574, 0.21044755, 0.13032354), (-0.36802164, 0.24877992, 0.14181578), (-0.36753818, 0.26442236, 0.12379861), (-0.40688562, 0.18373677, 0.15435281), (-0.4066277, 0.17421919, 0.1641595), (-0.3822812, 0.18890922, 0.1904222), (-0.40184888, 0.22009414, 0.12126204), (-0.37037453, 0.2914988, 0.08107186), (-0.37780705, 0.20437051, 0.17976986), (-0.37167442, 0.2305968, 0.15666805), (-0.3558644, 0.27247417, 0.12849091), (-0.35804278, 0.28482887, 0.10780982), (-0.34319487, 0.28743556, 0.12573674), (-0.36239806, 0.25267318, 0.14433502), (-0.3412759, 0.2775117, 0.14017332), (-0.3340982, 0.2941863, 0.12923546), (-0.32756415, 0.28422478, 0.14956363), (-0.32718906, 0.27307692, 0.16213733), (-0.34610498, 0.2629946, 0.1507993), (-0.3570827, 0.22728942, 0.17679343), (-0.35508388, 0.2462865, 0.15823668), (-0.35485053, 0.29688662, 0.093794696), (-0.33993924, 0.29922518, 0.11323306), (-0.32738075, 0.30137175, 0.12898818), (-0.33174798, 0.31321776, 0.10477529), (-0.32170016, 0.3134472, 0.12083269), (-0.31107718, 0.3309652, 0.11590064), (-0.30164316, 0.33058763, 0.12947895), (-0.31620523, 0.31367114, 0.1282657), (-0.29086792, 0.34541717, 0.12638503), (-0.30651662, 0.34589726, 0.10519949), (-0.31875858, 0.3368437, 0.09672085), (-0.2883134, 0.35574496, 0.11659442), (-0.27423668, 0.36074406, 0.12966545), (-0.28290734, 0.3703888, 0.105364285), (-0.2684821, 0.3731072, 0.12284027), (-0.2609685, 0.36856768, 0.14006318), (-0.27348477, 0.3474843, 0.14648093), (-0.28994977, 0.32979622, 0.14460246), (-0.27641156, 0.3368725, 0.15557714), (-0.2662312, 0.35863772, 0.14219995), (-0.28767255, 0.31702885, 0.16188192), (-0.303466, 0.3160569, 0.14102082), (-0.29320595, 0.36601967, 0.09735081), (-0.31136653, 0.3461803, 0.098011665), (-0.2813906, 0.3785673, 0.09812956), (-0.2701297, 0.37755838, 0.11598935), (-0.27643502, 0.38945204, 0.09227443), (-0.270336, 0.329762, 0.1731242), (-0.2686775, 0.3413867, 0.16210045), (-0.25671023, 0.34453297, 0.17516126), (-0.26013544, 0.35728505, 0.15466294), (-0.25460076, 0.35456258, 0.16622703), (-0.24404079, 0.36030614, 0.17522733), (-0.26105753, 0.32995865, 0.18520804), (-0.2445246, 0.3443931, 0.19145663), (-0.25051162, 0.331571, 0.19799899), (-0.24206059, 0.3544861, 0.18333979), (-0.28031194, 0.3145898, 0.17627677), (-0.30926514, 0.3033858, 0.14776047), (-0.300388, 0.30305257, 0.15906098), (-0.28856158, 0.30498672, 0.17371757), (-0.30144945, 0.29570252, 0.16549651), (-0.31213337, 0.29182297, 0.15771778), (-0.31065962, 0.2829131, 0.16907978), (-0.29367805, 0.2927629, 0.17838012), (-0.23360895, 0.34980714, 0.1982161), (-0.27125674, 0.31426793, 0.18757622), (-0.25653782, 0.3247786, 0.19650045), (-0.23420674, 0.36205515, 0.18371591), (-0.32241288, 0.3258248, 0.103627264), (-0.29225874, 0.37829375, 0.08102832), (-0.308113, 0.35638744, 0.087008364), (-0.30587, 0.36874762, 0.07237921), (-0.2836538, 0.38950968, 0.0787126), (-0.30058604, 0.37834597, 0.06798317), (-0.28944117, 0.38974902, 0.07029442), (-0.29834032, 0.3901007, 0.05747981), (-0.30922842, 0.3781536, 0.0567366), (-0.3113406, 0.38433158, 0.047467854), (-0.31628925, 0.38270482, 0.043562625), (-0.30972886, 0.3714048, 0.062146336), (-0.3168892, 0.3610841, 0.06356256), (-0.3300197, 0.36521935, 0.042429302), (-0.24902642, 0.3649258, 0.1636069), (-0.2501837, 0.37820542, 0.1463612), (-0.2414213, 0.37693003, 0.15971322), (-0.24720223, 0.3833084, 0.14338838), (-0.23588537, 0.37175584, 0.1709127), (-0.3475247, 0.30640516, 0.08980484), (-0.33814573, 0.32577568, 0.07523605), (-0.3495937, 0.31557116, 0.07250719), (-0.34414354, 0.32662156, 0.06409807), (-0.3679158, 0.3068561, 0.057752732), (-0.35053694, 0.32524946, 0.05683634), (-0.35039708, 0.33018687, 0.051677387), (-0.340569, 0.34020162, 0.053200085), (-0.3303766, 0.342803, 0.06358646), (-0.34301585, 0.34244642, 0.047611173), (-0.361003, 0.3313214, 0.036342148), (-0.33203816, 0.35561186, 0.047755163), (-0.32494447, 0.35123548, 0.062678255), (-0.33181155, 0.32869595, 0.082256556), (-0.31848273, 0.34682572, 0.08181137), (-0.35719833, 0.32590657, 0.04647327), (-0.3703111, 0.31044087, 0.04783209), (-0.36704913, 0.3227087, 0.036466356), (-0.37626398, 0.30958644, 0.038899764), (-0.37242258, 0.3187991, 0.03380318), (-0.38033152, 0.29930457, 0.047002397), (-0.26130912, 0.39384076, 0.111316085), (-0.25619012, 0.3897612, 0.124072626), (-0.26054794, 0.3784595, 0.12990414), (-0.25215548, 0.3894401, 0.12950595), (-0.25648683, 0.3937208, 0.11801921), (-0.35823813, 0.30419838, 0.078338735), (-0.37123045, 0.29665142, 0.070239976), (-0.26111344, 0.31487715, 0.20015289), (-0.27412665, 0.30737552, 0.19004786), (-0.27005896, 0.2986014, 0.20290847), (-0.38299304, 0.2969759, 0.046843566), (-0.38455442, 0.29031882, 0.055195183), (-0.32766622, 0.25900608, 0.17554337), (-0.34850967, 0.2519867, 0.15994479), (-0.32812515, 0.25149092, 0.18332407), (-0.35086262, 0.23387636, 0.17610168), (-0.38900426, 0.28173694, 0.06469006), (-0.3768733, 0.298479, 0.056601003), (-0.38659814, 0.29090726, 0.051439088), (-0.38752306, 0.2826516, 0.0594558), (-0.25118107, 0.31635016, 0.21077153), (-0.23813856, 0.3303147, 0.21317576), (-0.26430336, 0.2987319, 0.20961477), (-0.22992176, 0.3441377, 0.207545), (-0.35828552, 0.34496444, 0.027039202), (-0.3668431, 0.33152798, 0.028724255), (-0.30526274, 0.2782365, 0.17935799), (-0.29850593, 0.2810126, 0.18399973), (-0.28203598, 0.2943578, 0.19042742), (-0.30805248, 0.26853836, 0.18592446), (-0.31691483, 0.2514293, 0.1936319), (-0.28506956, 0.28237063, 0.19786699), (-0.29998937, 0.26176307, 0.1995954), (-0.27220196, 0.29128715, 0.20584795), (-0.34408787, 0.35597262, 0.034542546), (-0.36323202, 0.20817928, 0.19044921), (-0.33149952, 0.2379965, 0.19208857), (-0.26868698, 0.393022, 0.100785084), (-0.2723147, 0.39869675, 0.08814264), (-0.2801138, 0.3979451, 0.07778316), (-0.2667899, 0.3992466, 0.093506716), (-0.40327814, 0.16960171, 0.17196877), (-0.34741437, 0.35953355, 0.027814317), (-0.33874497, 0.36744243, 0.031661306), (-0.33342987, 0.37003565, 0.03454212), (-0.3230916, 0.37748784, 0.040469635), (-0.22802502, 0.33481675, 0.21841608), (-0.3451829, 0.22465779, 0.18970367), (-0.28564626, 0.4020783, 0.06523393), (-0.2939077, 0.39548075, 0.059187673), (-0.3838909, 0.181983, 0.19417569), (-0.22519045, 0.34228197, 0.21343721), (-0.4067881, 0.1689027, 0.16969007), (-0.28720617, 0.26968187, 0.20528378), (-0.27570602, 0.27789217, 0.20985302), (-0.40640917, 0.1618963, 0.17586082), (-0.40363422, 0.1593536, 0.18106553), (-0.40675312, 0.15344885, 0.18181573), (-0.4028768, 0.15311132, 0.18671513), (-0.40640247, 0.14583808, 0.18877742), (-0.40641832, 0.14075981, 0.19256264), (-0.4032971, 0.1391993, 0.19664747), (-0.3076702, 0.25236255, 0.20047992), (-0.3765757, 0.1908176, 0.19369297), (-0.36105025, 0.20618135, 0.19361864), (-0.32180744, 0.23659676, 0.20032726), (-0.40617892, 0.13134074, 0.19849315), (-0.40346342, 0.12573458, 0.20659193), (-0.22800599, 0.34959054, 0.20280665), (-0.23065197, 0.37113497, 0.17576422), (-0.270017, 0.40160292, 0.08890813), (-0.2760774, 0.40095565, 0.08253303), (-0.26453942, 0.40220243, 0.09403994), (-0.4054319, 0.1933897, 0.14689802), (-0.40392575, 0.2014424, 0.14020963), (-0.22561467, 0.35685936, 0.19525842), (-0.2293578, 0.36434057, 0.18440376), (-0.34484142, 0.21728738, 0.19509639), (-0.3317325, 0.22350097, 0.20007645), (-0.23324719, 0.37743253, 0.16532212), (-0.39827624, 0.15513162, 0.19586463), (-0.39900362, 0.13845497, 0.20734064), (-0.3943775, 0.15145752, 0.20465833), (-0.39966306, 0.12679522, 0.21322864), (-0.3950423, 0.15790905, 0.19970773), (-0.3887737, 0.1687, 0.19791938), (-0.26192757, 0.28867355, 0.21637197), (-0.28680518, 0.4042721, 0.06287703), (-0.39027345, 0.27217573, 0.07745693), (-0.24967602, 0.3924037, 0.12537105), (-0.28289616, 0.4031688, 0.07051047), (-0.23714948, 0.38151512, 0.15569475), (-0.22239001, 0.34548765, 0.2104629), (-0.24530773, 0.38815537, 0.13693042), (-0.23665439, 0.38495398, 0.14858611), (-0.403961, 0.10922346, 0.2147216), (-0.25799844, 0.39667594, 0.10855324), (-0.4073886, 0.11975121, 0.20189986), (-0.40766102, 0.11340923, 0.20408244), (-0.40944126, 0.11627624, 0.20120148), (-0.40603307, 0.0955544, 0.21496524), (-0.41186962, 0.070883214, 0.21355385), (-0.41466996, 0.057858903, 0.2179246), (-0.41804817, 0.042401604, 0.21935095), (-0.42088082, 0.024601007, 0.22115432), (-0.41771668, 0.051850624, 0.21373555), (-0.41568542, 0.065854214, 0.20500031), (-0.42248946, 0.031247996, 0.2138158), (-0.4099189, 0.10317713, 0.20317797), (-0.41148797, 0.07804653, 0.21021378), (-0.41159618, 0.08866327, 0.20395051), (-0.42286474, 0.037942275, 0.2049843), (-0.4105756, 0.10957269, 0.19752535), (-0.4203228, 0.047298543, 0.20707713), (-0.42062384, 0.05252093, 0.20337301), (-0.4184518, 0.05420401, 0.20452753), (-0.41910574, 0.057649028, 0.20132728), (-0.42476797, 0.03719124, 0.20287237), (-0.41846734, 0.065754734, 0.197723), (-0.41469884, 0.07233363, 0.199621), (-0.41727865, 0.07301411, 0.19554894), (-0.41883415, 0.073883966, 0.19373801), (-0.4264428, 0.028452696, 0.20075852), (-0.42861372, 0.025450898, 0.1993716), (-0.4149962, 0.08737322, 0.19270578), (-0.41791064, 0.08179094, 0.18984076), (-0.41846418, 0.08988954, 0.18622844), (-0.4145155, 0.09320409, 0.18934695), (-0.41234478, 0.09839775, 0.19599599), (-0.41099545, 0.103671774, 0.19658147), (-0.41450343, 0.101189, 0.18951626), (-0.25857374, 0.40131518, 0.09640777), (-0.39987496, 0.23220825, 0.10941731), (-0.4265522, 0.034627385, 0.20109501), (-0.4144211, 0.103448376, 0.19346097), (-0.41841522, 0.09421665, 0.18665272), (-0.25319976, 0.40275517, 0.09894984), (-0.41944885, 0.0818073, 0.18994088), (-0.24946003, 0.40103048, 0.09928866), (-0.24692483, 0.40198195, 0.101325005), (-0.24633805, 0.4004716, 0.1013341), (-0.07502129, 0.2940935, 0.2619712), (-0.081912026, 0.2965177, 0.2549364), (-0.070459545, 0.29904544, 0.2564192), (-0.06551363, 0.299234, 0.2604136), (-0.060392495, 0.30536735, 0.2603569), (-0.057357833, 0.30484816, 0.26336026), (-0.05883328, 0.3002046, 0.2665024), (-0.05359974, 0.30347675, 0.26776662), (-0.065210685, 0.295075, 0.26921907), (-0.05065793, 0.30109414, 0.27219936), (0.14650159, 0.3846644, 0.168881), (0.3065751, 0.08644957, 0.3067922), (0.31394622, 0.08017188, 0.31331214), (0.416185, 0.27304375, 0.07412303), (0.41782403, 0.27421972, 0.07391707), (0.4178023, 0.27584285, 0.06663552), (0.41815093, 0.26963457, 0.08178059), (0.41776994, 0.2794008, 0.05884054), (0.4171888, 0.26757818, 0.08284294), (0.41758013, 0.26513326, 0.08782836), (0.41526332, 0.26054356, 0.09511808), (0.41845107, 0.2795637, 0.06061546), (0.09500099, -0.37470844, -0.27837417), (0.09620878, -0.3713795, -0.34049565), (0.09644668, -0.3698912, -0.36639258), (0.07382956, -0.37736595, -0.32830206), (0.074917346, -0.3746555, -0.36926702), (0.05208223, -0.37966633, -0.36282673), (0.052761834, -0.3814004, -0.33409286), (0.07251563, -0.38007185, -0.2719151), (0.05288122, -0.38643777, -0.23093858), (0.054709837, -0.3837024, -0.27510232), (0.096784264, -0.36651832, -0.40602165), (0.07162128, -0.37222752, -0.40728718), (0.05167074, -0.37749967, -0.39043856), (0.05037783, -0.37562135, -0.4137912), (0.072732225, -0.38287735, -0.22511771), (0.069037996, -0.38642853, -0.16859865), (0.0516949, -0.39004573, -0.16601272), (0.019777237, -0.3915935, -0.2281405), (0.02004946, -0.38816687, -0.28859773), (0.052126262, -0.39054194, -0.14866203), (0.02048244, -0.38419983, -0.35823455), (0.019682756, -0.38210762, -0.38554394), (0.019323166, -0.3794993, -0.41285396), (0.053979002, -0.3918654, -0.11211223), (0.069891885, -0.3899541, -0.0850411), (0.053827073, -0.39358205, -0.06942127), (0.065004006, -0.39433038, -0.015975913), (0.08452703, -0.38635823, -0.094611324), (0.08141423, -0.38991278, -0.032342833), (0.08274878, -0.3917233, 0.011318431), (0.06523495, -0.39629626, 0.029667405), (0.08096282, -0.39351922, 0.046060376), (0.085355386, -0.38313973, -0.1604328), (0.094104305, -0.37854326, -0.21752594), (0.04173007, -0.39840257, 0.002986489), (0.03086579, -0.4021075, 0.069508895), (0.061220527, -0.39821517, 0.074721865), (0.023419665, -0.39438727, -0.14668259), (0.020047775, -0.3932765, -0.19057728), (0.02386443, -0.39615923, -0.102820575), (0.022621246, -0.3980951, -0.05563774), (0.027443552, -0.40037355, 0.007926078), (0.07665297, -0.39539427, 0.08588276), (0.05887509, -0.39858538, 0.09062294), (0.029175442, -0.40259996, 0.090208955), (0.06947474, -0.3701589, -0.4285786), (0.047791746, -0.37451246, -0.4280754), (0.10016174, -0.38969177, 0.0837142), (0.020529687, -0.37745896, -0.42872283), (0.015639104, -0.40317702, 0.065802515), (-0.0032503451, -0.39670375, -0.1344176), (-0.0016545374, -0.39508086, -0.1858441), (-0.0028796557, -0.39875773, -0.07947874), (-0.0020280872, -0.40170205, -0.009608186), (-0.003823239, -0.3904462, -0.2804446), (-0.0035368036, -0.39292032, -0.2351008), (-0.0039397767, -0.38585624, -0.36012504), (-0.0039984034, -0.38334367, -0.3910709), (-0.0035127033, -0.38100696, -0.41431597), (0.060047045, -0.39768976, 0.10974343), (0.026764173, -0.40204164, 0.11014021), (0.07910084, -0.39406675, 0.10931944), (0.09883167, -0.38944647, 0.10946759), (-0.001517729, -0.4042721, 0.07260347), (-0.0042243428, -0.40243438, 0.01032282), (0.0952854, -0.36400014, -0.4287749), (0.09840963, -0.37969768, -0.16101016), (0.10203681, -0.38225272, -0.081936404), (0.101498775, -0.38440555, -0.02987198), (0.10128379, -0.38757545, 0.032058682), (-0.0014591546, -0.40420154, 0.091316156), (-0.0026531008, -0.4035592, 0.108893044), (-0.003621155, -0.37907043, -0.42865464), (-0.021118877, -0.3842396, -0.37922642), (-0.022018436, -0.38616374, -0.3524902), (-0.026604058, -0.3976685, -0.105638705), (-0.025922675, -0.40036735, -0.040243972), (-0.026182607, -0.40228575, 0.011610321), (-0.025586197, -0.40369335, 0.059909657), (-0.026057156, -0.39127156, -0.26086092), (-0.029117484, -0.3928218, -0.2271987), (-0.027628375, -0.394951, -0.18109101), (-0.03159667, -0.38064235, -0.4153409), (-0.026893, -0.40389693, 0.08719706), (-0.037114948, -0.38558668, -0.3543845), (-0.03534222, -0.38327706, -0.38482475), (-0.03296564, -0.37870273, -0.42897746), (-0.027471328, -0.40297332, 0.10897463), (-0.049247913, -0.39771485, -0.07272262), (-0.0480177, -0.39941585, -0.03147686), (-0.04765029, -0.40123492, 0.024095172), (-0.048316687, -0.40233815, 0.067905396), (-0.048905496, -0.3953661, -0.12975632), (-0.049104974, -0.40230963, 0.09112408), (-0.05085199, -0.4013604, 0.10782597), (-0.04462876, -0.38837075, -0.2902396), (-0.045062117, -0.3916924, -0.2259243), (-0.052544016, -0.38210306, -0.37785757), (-0.0512231, -0.3787951, -0.41348892), (0.02152774, -0.37370777, -0.4427646), (0.047938555, -0.37081125, -0.44184196), (-0.0030174796, -0.3751892, -0.44322774), (-0.065367535, -0.4002665, 0.07145753), (-0.033031385, -0.37481287, -0.44315556), (-0.002542416, -0.3995856, 0.12913617), (-0.026653495, -0.39892513, 0.12892097), (0.10868269, -0.3713147, -0.25961927), (0.123532206, -0.3644473, -0.30774933), (0.124632105, -0.36080292, -0.36673838), (0.12138993, -0.37001565, -0.19769692), (0.1209345, -0.3685988, -0.23429662), (0.121435426, -0.37161943, -0.16100734), (0.12421244, -0.3589129, -0.39333314), (0.07073902, -0.36641115, -0.44158462), (0.09531148, -0.36017105, -0.44252822), (0.12401836, -0.3571521, -0.4112966), (0.12409855, -0.35463008, -0.4293921), (0.1362926, -0.3771475, 0.06772485), (0.12492935, -0.37970653, 0.03132665), (0.12116718, -0.37756598, -0.0390902), (0.120956846, -0.375912, -0.08026316), (0.1164676, -0.37478936, -0.13746998), (0.13601129, -0.37384704, -0.0034026743), (0.16076298, -0.36215052, -0.058062512), (0.13758156, -0.37029263, -0.07036889), (0.16107094, -0.36431646, -0.0006232918), (0.1399823, -0.37434825, 0.034527946), (0.16080979, -0.36633018, 0.039881237), (0.15903294, -0.36801046, 0.068106286), (0.16180874, -0.35796982, -0.12834835), (0.12448681, -0.38097632, 0.109399185), (0.13043447, -0.37942758, 0.09032735), (0.15985824, -0.35751462, -0.1454186), (0.16193683, -0.35479346, -0.1759377), (0.14069629, -0.3606907, -0.23048604), (0.13888887, -0.35876685, -0.2953349), (0.15475602, -0.34851888, -0.36427498), (0.15745378, -0.34859797, -0.34104967), (0.16164179, -0.35161272, -0.23571037), (0.1608921, -0.34976575, -0.28102016), (0.16221017, -0.3534893, -0.20021978), (0.05295481, -0.394668, 0.12944911), (0.074083135, -0.39190373, 0.12480582), (0.04665465, -0.36732137, -0.453724), (0.022196589, -0.37002644, -0.4542172), (0.15395951, -0.34499544, -0.41282895), (0.15383068, -0.34643048, -0.39876765), (0.15179242, -0.34346586, -0.42885986), (0.15968983, -0.36755437, 0.08849915), (0.14459017, -0.37299317, 0.10974597), (0.024458596, -0.39798248, 0.12992106), (-0.003025277, -0.37165162, -0.45441565), (0.1584988, -0.36698285, 0.10949234), (0.09752887, -0.38513896, 0.12914146), (0.115890704, -0.37901095, 0.12886922), (0.07269598, -0.36109096, -0.45552278), (0.093806185, -0.35597, -0.4555345), (0.12526742, -0.3497345, -0.44391614), (0.11225032, -0.34951493, -0.45600832), (0.17977199, -0.3466994, -0.1623352), (0.17874768, -0.34497437, -0.20377979), (0.17678759, -0.35101268, -0.12309854), (0.1756409, -0.35734776, 0.007095891), (0.17688121, -0.354575, -0.048477903), (-0.03348506, -0.37124076, -0.453995), (0.18260825, -0.340646, -0.23707041), (0.1737218, -0.3425512, -0.2870819), (0.16598436, -0.34305298, -0.35860384), (0.17944275, -0.333257, -0.39342588), (0.18392871, -0.33593744, -0.30253336), (0.18298924, -0.33213705, -0.37935117), (0.17783412, -0.3585711, 0.07158932), (0.18273556, -0.35589293, 0.089995235), (0.18300316, -0.3550798, 0.047015373), (0.1786132, -0.35706383, 0.10941569), (0.18862787, -0.348539, -0.046616673), (0.18958616, -0.34401476, -0.12684307), (0.18824689, -0.35047874, 0.005827359), (0.07179962, -0.3901184, 0.13272974), (0.17986138, -0.33104214, -0.41252974), (0.17778592, -0.32981518, -0.42916816), (0.19093356, -0.34050065, -0.16398288), (0.18989131, -0.33901292, -0.19976068), (0.12916058, -0.3740748, 0.12931493), (0.15202512, -0.3387658, -0.44269326), (0.17356132, -0.32743752, -0.44338584), (0.19239515, -0.35000223, 0.059852753), (0.21154323, -0.3359759, -0.029604418), (0.21185146, -0.3347421, -0.055461776), (0.2123943, -0.33065513, -0.12458679), (0.21136615, -0.33684212, 0.013321076), (0.2102174, -0.32839987, -0.17145118), (0.19149809, -0.34954372, 0.10980626), (0.20749106, -0.32571808, -0.23503374), (0.18941253, -0.33116516, -0.3258377), (0.20440382, -0.31763634, -0.3905258), (0.20635906, -0.32017493, -0.32795742), (0.1994274, -0.31842786, -0.41505644), (0.2125799, -0.33762175, 0.08448484), (0.21143602, -0.33774462, 0.048402965), (0.13242143, -0.34173906, -0.45651004), (0.15490103, -0.36358523, 0.12750344), (0.19964746, -0.31597325, -0.43013722), (0.21187907, -0.3365979, 0.109227344), (0.14811032, -0.3345486, -0.45693758), (0.17623773, -0.35290924, 0.12742609), (0.22614682, -0.32578078, -0.03203046), (0.23227844, -0.320128, -0.06380518), (0.23246123, -0.3166659, -0.12412524), (0.22762324, -0.3156839, -0.17605136), (0.22378378, -0.31077078, -0.2819423), (0.23026621, -0.32402802, 0.029842418), (0.22303334, -0.33015475, 0.08457016), (0.24605195, -0.3120601, -0.007886396), (0.24678499, -0.31028906, -0.046120964), (0.24340169, -0.30905786, -0.110581), (0.19291429, -0.3158018, -0.4439443), (0.1680347, -0.3248867, -0.45659128), (0.21386763, -0.30820367, -0.413946), (0.21418963, -0.31016067, -0.39327952), (0.21952698, -0.30975232, -0.33595818), (0.21245874, -0.3071073, -0.42832744), (0.09708419, -0.3790334, 0.14581163), (0.07210068, -0.3847419, 0.14671074), (0.24341926, -0.31469765, 0.057348866), (0.22776784, -0.3249124, 0.108911306), (0.23882528, -0.30088884, -0.26320222), (0.24208352, -0.30318332, -0.19987378), (0.24481803, -0.3031479, -0.17068277), (0.23587924, -0.29822403, -0.32200378), (0.23370208, -0.29573083, -0.38241267), (0.25009158, -0.30214924, -0.13150494), (0.23750041, -0.31916973, 0.086525984), (0.1942066, -0.342318, 0.12772627), (0.20959944, -0.33200663, 0.1283068), (0.18752617, -0.31351155, -0.45710945), (0.23175094, -0.2944072, -0.4131007), (0.12002962, -0.37063888, 0.14645463), (0.23015495, -0.29317886, -0.42877397), (0.20594452, -0.30678064, -0.44401014), (0.048764817, -0.38924566, 0.14574957), (0.24090025, -0.31445432, 0.110053904), (0.22312865, -0.32175627, 0.12839712), (0.25456786, -0.30565605, 0.06606955), (0.25626674, -0.30374873, 0.008567924), (0.25523525, -0.30466834, 0.0840748), (0.2542311, -0.30309382, 0.110716514), (0.13314705, -0.36467493, 0.14808173), (0.19968602, -0.3049938, -0.4578806), (0.15361755, -0.3575485, 0.14310265), (0.2562891, -0.30218923, -0.044558357), (0.021682318, -0.39245468, 0.14502215), (-0.0030173725, -0.39345777, 0.14566976), (0.22855978, -0.29000068, -0.4417876), (0.25444508, -0.29378802, -0.18014081), (0.25099546, -0.29113412, -0.25027734), (0.2486251, -0.27901694, -0.4139162), (0.25165042, -0.27840313, -0.39168313), (0.24772988, -0.27731475, -0.4288858), (0.2502275, -0.28489223, -0.3218694), (0.2663467, -0.2676018, -0.34823352), (0.26440972, -0.26585832, -0.3957908), (0.2706342, -0.27263382, -0.24945062), (0.26801723, -0.2687462, -0.31502843), (0.27283904, -0.27393737, -0.20927234), (0.2637699, -0.2646649, -0.41332194), (0.26574287, -0.29460636, -0.0026774462), (0.26547933, -0.29339677, -0.047868952), (0.26266775, -0.2932465, -0.08601404), (0.2616731, -0.29136974, -0.12999946), (0.26575735, -0.29519314, 0.06017137), (0.27732795, -0.28176233, -0.044399384), (0.27782568, -0.28236273, -0.01087358), (0.27847335, -0.28267077, 0.050744463), (0.21321502, -0.29503345, -0.4576493), (0.27279824, -0.28783956, 0.08752431), (0.27201825, -0.28617775, 0.11053889), (0.26407906, -0.2618273, -0.4283121), (0.27374098, -0.27554056, -0.1743632), (0.27433217, -0.28049466, -0.10025093), (0.2743905, -0.27804565, -0.1360719), (0.17545742, -0.3458564, 0.14353095), (0.24658947, -0.2730256, -0.4431591), (0.26137313, -0.2589479, -0.44336775), (0.22920474, -0.28205335, -0.45740765), (0.24530078, -0.2672234, -0.45772365), (0.1482843, -0.3536701, 0.1559665), (0.23862611, -0.30877566, 0.12981796), (0.18963955, -0.3362697, 0.14573088), (0.20527127, -0.32669997, 0.14471501), (0.28738174, -0.24456266, -0.35248038), (0.2848338, -0.24356638, -0.39340857), (0.2930235, -0.26205102, -0.06023051), (0.2983448, -0.25307015, -0.098989874), (0.29753986, -0.2522645, -0.1292591), (0.29688978, -0.24950571, -0.17076047), (0.29640752, -0.24800164, -0.20020138), (0.29145962, -0.24722636, -0.27256975), (0.28926945, -0.24610525, -0.30893227), (0.28824452, -0.27132362, 0.08498259), (0.28348428, -0.24272901, -0.4137362), (0.2860413, -0.2709156, 0.11087926), (0.2907405, -0.2687388, 0.059457175), (0.2899097, -0.26882014, 0.010743467), (0.3011104, -0.25232717, -0.060073018), (0.30035618, -0.25508785, -0.024203708), (0.28253773, -0.24091852, -0.4288952), (0.27702212, -0.24117388, -0.44364688), (0.25840986, -0.2546058, -0.45763686), (0.25566283, -0.29398277, 0.12934497), (0.16392566, -0.34338617, 0.15945642), (0.12299822, -0.36103034, 0.16156279), (0.13996835, -0.35396597, 0.16166362), (0.23005359, -0.30702958, 0.1460355), (0.30138153, -0.2558518, 0.052712273), (0.09780521, -0.36884478, 0.1634524), (0.07295798, -0.37750256, 0.15922281), (0.044735055, -0.36138922, -0.46348634), (0.30073822, -0.22432733, -0.3901985), (0.3007721, -0.22145721, -0.41375715), (0.31128013, -0.2255195, -0.2408573), (0.3071155, -0.22591585, -0.29086107), (0.3027438, -0.22607383, -0.34697196), (0.30263934, -0.2540651, 0.08353665), (0.30014336, -0.21939966, -0.42864615), (0.30100146, -0.25290683, 0.11112246), (0.27037734, -0.24156325, -0.4572919), (0.2740661, -0.27536118, 0.12978433), (0.31396398, -0.22728392, -0.17011094), (0.3082268, -0.24450642, -0.03031371), (0.3108432, -0.2396369, -0.05943967), (0.311002, -0.23693801, -0.09053147), (0.31682563, -0.22607389, -0.13421579), (0.11594683, -0.36060655, 0.16651782), (0.095524505, -0.36427975, 0.17287487), (0.07217134, -0.37211514, 0.16744204), (0.06975617, -0.36955327, 0.17306434), (0.3089211, -0.24456085, 0.01419632), (0.3101649, -0.24405083, 0.05759767), (0.32237664, -0.22720924, 0.0593721), (0.32331258, -0.22537132, 0.036370106), (0.32205474, -0.22465211, -0.048376013), (0.32285088, -0.22657004, 0.08429558), (0.31848636, -0.22620215, -0.09295172), (0.29568008, -0.21785027, -0.44460124), (0.2875398, -0.22029623, -0.4578626), (0.32050115, -0.22743125, 0.10999897), (0.3092946, -0.2123819, -0.38993272), (0.32349858, -0.20660837, -0.25030974), (0.3136831, -0.21173398, -0.33504462), (0.3261397, -0.20678924, -0.20225638), (0.046435717, -0.37431616, 0.17159936), (0.046720125, -0.37664694, 0.1670057), (0.31818065, -0.19597317, -0.41409835), (0.32242844, -0.20147751, -0.30921277), (0.3222058, -0.19669762, -0.35546643), (0.32143244, -0.19473803, -0.38672036), (0.092247374, -0.3479154, -0.46695364), (0.023073262, -0.363953, -0.46340457), (0.31826568, -0.19235876, -0.42926016), (0.12287371, -0.3327726, -0.47254953), (-0.0021239247, -0.36580232, -0.463277), (0.29492015, -0.21060225, -0.45799407), (0.32697067, -0.2103719, -0.1361905), (0.33081773, -0.20985132, -0.055847377), (0.32901633, -0.20959382, -0.092521526), (0.3329303, -0.20856272, 0.109877124), (0.3338697, -0.20949006, 0.08621072), (0.31332254, -0.19446401, -0.44086805), (0.3334282, -0.21038726, 0.061076898), (0.33184102, -0.21046044, -0.016064478), (0.047021158, -0.38332108, 0.1569776), (0.023293696, -0.38529572, 0.157563), (0.329738, -0.17828202, -0.40692115), (0.3324353, -0.1786537, -0.36785015), (0.3413759, -0.19500825, -0.004797072), (0.3403986, -0.19422188, -0.046267632), (0.34189385, -0.19640906, 0.06246178), (0.33716255, -0.19373448, -0.12710002), (0.3411914, -0.18004124, -0.2075939), (0.32926878, -0.19718887, -0.24682443), (0.33632165, -0.1789713, -0.2985736), (0.33850682, -0.19398113, -0.08687106), (0.30674154, -0.19420786, -0.45717937), (0.3313889, -0.17000173, -0.42935666), (0.3437304, -0.19206674, 0.09472547), (0.3420007, -0.19331124, 0.109786585), (0.023872534, -0.37834767, 0.16752476), (0.34817964, -0.17486979, -0.11483901), (0.3491318, -0.17724057, -0.05843253), (0.346716, -0.17474513, -0.14612885), (0.34499547, -0.17514274, -0.182043), (0.32165053, -0.17773761, -0.44532314), (0.35036567, -0.18064785, 0.06896172), (0.35086417, -0.17784387, 0.005509944), (0.35762966, -0.16654085, 0.07040322), (0.35918063, -0.16224144, 0.0220572), (0.3582203, -0.16174138, -0.020156957), (0.33931828, -0.16574098, -0.3693503), (0.33631447, -0.16601002, -0.40750468), (0.34642965, -0.15127376, -0.3753693), (0.34799185, -0.15408796, -0.32190928), (0.34683228, -0.16552214, -0.23429471), (0.35394466, -0.17073381, 0.10870386), (0.35777637, -0.16506766, 0.09095485), (0.34477016, -0.14837098, -0.4114116), (0.34273908, -0.14737602, -0.42922845), (0.3140459, -0.18162099, -0.45740533), (0.33006966, -0.16221061, -0.44533592), (0.3517797, -0.15226944, -0.26338542), (0.3579269, -0.14924267, -0.15703423), (0.35569742, -0.14948031, -0.20887563), (0.36044648, -0.14935404, -0.109609336), (0.36510396, -0.14600569, -0.029911749), (0.36755517, -0.1441862, 0.01794466), (0.36730605, -0.14628573, 0.071404435), (0.36550206, -0.14644916, 0.10819412), (0.36718318, -0.14493392, 0.090016946), (0.32361844, -0.16422155, -0.45749572), (0.3387833, -0.14448696, -0.44463632), (0.35555372, -0.13659316, -0.31902742), (0.35506296, -0.13130976, -0.37126917), (0.36306256, -0.12542568, -0.25831348), (0.3663594, -0.12716927, -0.16984792), (0.36971706, -0.13038544, -0.07813888), (0.3724597, -0.13197167, 0.0111475075), (0.3674325, -0.13022001, -0.12892592), (0.3739901, -0.13007797, 0.06789397), (0.3331504, -0.14457536, -0.45737752), (0.35034475, -0.13395901, -0.41271484), (0.34868562, -0.13264261, -0.42860413), (0.37413758, -0.11852666, -0.0743329), (0.34456614, -0.12952498, -0.4450204), (0.3771051, -0.11896001, 0.016202703), (0.34107864, -0.1257804, -0.4565746), (-0.32605135, 0.032397706, 0.25140446), (-0.2340638, -0.3830092, 0.18722704), (-0.23060548, -0.38151702, 0.18816762), (-0.23676428, -0.38087684, 0.18537347), (-0.22700228, -0.38346076, 0.1878733), (-0.16295941, -0.3966493, 0.22286554), (-0.1504034, -0.39537632, 0.2307874), (-0.1372259, -0.392473, 0.23871139), (0.39268896, 0.30117097, 0.05189587), (0.37853608, 0.30735004, 0.04731322), (0.39983696, 0.29620242, 0.054599665), (-0.427085, 0.03398679, 0.20254497), (-0.3292088, 0.03139367, 0.2518807), (-0.31939876, 0.046038125, 0.24856123), (-0.32398555, 0.03616449, 0.2496831), (-0.31630954, 0.04803754, 0.24946593), (-0.3072716, 0.05122033, 0.25480482), (-0.30642918, 0.06259121, 0.2503938), (-0.29527256, 0.07833774, 0.2545311), (-0.29391238, 0.09174027, 0.25034714), (-0.2982931, 0.079671204, 0.25041997), (-0.2902623, 0.10720611, 0.25045177), (-0.2841077, 0.13619924, 0.25365955), (0.2861797, -0.12770504, 0.24883538), (-0.1985553, -0.38895607, 0.18548255), (-0.19120185, -0.39044762, 0.19236287), (-0.19533741, -0.38827434, 0.18866213), (-0.19087361, -0.38846081, 0.19320184), (-0.1870933, -0.38889003, 0.19870828), (-0.18545564, -0.3927532, 0.19886285), (-0.18127483, -0.3925979, 0.2024055), (-0.20561619, -0.38470462, 0.20102507), (-0.21700142, -0.38080305, 0.20007567), (-0.20928493, -0.38519984, 0.19093251), (-0.20461644, -0.3874175, 0.18775053), (-0.1976672, -0.386274, 0.20187736), (-0.19625427, -0.38467115, 0.20848134), (-0.18444176, -0.38836986, 0.20918252), (-0.22010595, -0.3825248, 0.19268335), (-0.21415184, -0.38507143, 0.18596353), (-0.21019867, -0.38677502, 0.1872128), (-0.24655636, -0.37760463, 0.18307064), (-0.21843567, -0.38501772, 0.18644534), (-0.25983554, -0.37378028, 0.17685434), (-0.2092146, -0.3886232, 0.18554376), (-0.27275595, -0.37383512, 0.17276621), (-0.3038816, -0.19973128, 0.20180176), (-0.30538532, -0.19331126, 0.20355134), (-0.3373998, -0.048652243, 0.21939522), (-0.34426174, -0.057720866, 0.21383604), (-0.34243932, -0.08412243, 0.20945372), (-0.35149887, -0.05705084, 0.20810127), (-0.35043797, -0.08526621, 0.2022149), (-0.34341908, -0.10273919, 0.20319419), (-0.33852756, -0.12618047, 0.19993486), (-0.32723182, -0.13568968, 0.2065064), (-0.32048473, -0.15662424, 0.20515741), (-0.32837054, -0.15852366, 0.19789802), (-0.31691864, -0.17964527, 0.20011072), (-0.35142484, -0.10142899, 0.19638684), (-0.3596235, -0.055270944, 0.20094277), (-0.33213013, -0.1765156, 0.18737449), (-0.3431499, -0.14854088, 0.18698195), (-0.3522692, -0.13034405, 0.18457794), (-0.35469565, -0.12023029, 0.18571228), (-0.3640517, -0.101290956, 0.18318622), (-0.36359003, -0.08546097, 0.18857525), (-0.36480275, -0.05090117, 0.19640997), (-0.3472117, -0.16177173, 0.17699002), (-0.36767295, -0.07845033, 0.1854693), (-0.37620333, -0.08667747, 0.1735709), (-0.37448084, -0.10000574, 0.17138584), (-0.33763674, -0.17846702, 0.18032761), (-0.36743906, -0.11952793, 0.17127584), (-0.3098667, -0.19999033, 0.19634552), (-0.30843833, -0.19183539, 0.20166934), (-0.3094894, -0.18598326, 0.20309575), (-0.36058843, -0.13742934, 0.17113933), (-0.32482973, -0.196174, 0.18334861), (-0.3788716, -0.110342525, 0.16108683), (-0.38528258, -0.08696075, 0.16170092), (-0.38221464, -0.10092429, 0.16091195), (-0.3793496, -0.05388095, 0.1770594), (-0.35262683, -0.16535771, 0.1681942), (-0.34822804, -0.18009393, 0.16523208), (-0.3342298, -0.19985983, 0.17008), (-0.32537666, -0.20789896, 0.17476286), (-0.29955363, -0.207315, 0.20143284), (-0.29806846, -0.22220185, 0.19412683), (-0.29594737, -0.21161051, 0.20223536), (-0.31107348, -0.21818916, 0.1823701), (-0.28755686, -0.22506577, 0.20060064), (-0.28795263, -0.23315093, 0.19507177), (-0.3346926, -0.21220617, 0.15971802), (-0.34028018, -0.20388903, 0.15819219), (-0.31229746, -0.23369288, 0.16850898), (-0.32321563, -0.22626692, 0.16215841), (-0.29280582, -0.24706878, 0.17918749), (-0.3022943, -0.24922365, 0.16739698), (-0.3242651, -0.23515089, 0.15178818), (-0.2920925, -0.26222107, 0.16623527), (-0.2723274, -0.2628014, 0.18432733), (-0.274117, -0.25115418, 0.19185525), (-0.27951643, -0.2736568, 0.16744457), (-0.2588921, -0.26471555, 0.19253704), (-0.27437395, -0.23993419, 0.19908693), (-0.25708225, -0.24865401, 0.20380265), (-0.2753164, -0.23077215, 0.20569761), (-0.2368541, -0.27606404, 0.19789048), (-0.24466604, -0.27880684, 0.19109434), (-0.23003536, -0.29226395, 0.19004849), (-0.20792206, -0.3094732, 0.19201623), (-0.21961507, -0.28490776, 0.2019435), (-0.20636117, -0.30367437, 0.19714317), (-0.24127752, -0.29662874, 0.17844294), (-0.25618485, -0.28060198, 0.18131141), (-0.2619696, -0.2874471, 0.16995457), (-0.23878993, -0.30721, 0.16987354), (-0.20689712, -0.31610152, 0.18624486), (-0.19330053, -0.3119497, 0.19667707), (-0.19462538, -0.30425826, 0.20166306), (-0.17955601, -0.30663756, 0.20499918), (-0.176502, -0.31933215, 0.19698304), (-0.14846317, -0.3208888, 0.20488623), (-0.197637, -0.3193246, 0.18826549), (-0.15184127, -0.33042118, 0.1966046), (-0.12745854, -0.32859075, 0.20486543), (-0.17448652, -0.3283374, 0.18970685), (-0.1541993, -0.3349362, 0.19170801), (-0.12871942, -0.34189218, 0.19338581), (-0.17362134, -0.33481055, 0.18280235), (-0.20760724, -0.32496446, 0.17487131), (-0.12803243, -0.3494276, 0.1851577), (-0.111594215, -0.35028026, 0.19003333), (-0.14793073, -0.34649426, 0.18032289), (-0.29153115, -0.2183222, 0.20194294), (-0.29069087, -0.16690724, 0.21758811), (-0.27941567, -0.18225752, 0.21856648), (-0.27974406, -0.16351198, 0.22203158), (-0.26634815, -0.17043927, 0.22447069), (-0.26958525, -0.19689323, 0.21818875), (-0.29442957, -0.14009157, 0.22204095), (-0.2749134, -0.21359544, 0.21249072), (-0.2862871, -0.21900848, 0.20868188), (-0.25084183, -0.2104701, 0.21930568), (-0.25415552, -0.22142132, 0.21551037), (-0.25256836, -0.18259533, 0.22463667), (-0.23124965, -0.23164217, 0.21798757), (-0.22920966, -0.20263016, 0.2251582), (-0.21360438, -0.22731791, 0.22296453), (-0.19886015, -0.24901183, 0.22189379), (-0.24190833, -0.19039877, 0.22490478), (-0.20746006, -0.22507867, 0.22537854), (-0.22824095, -0.24670969, 0.21465738), (-0.24748035, -0.24044386, 0.2112432), (-0.20927879, -0.25524563, 0.2177474), (-0.17906281, -0.26665086, 0.22208735), (-0.20726782, -0.27431005, 0.21260233), (-0.2192895, -0.21218912, 0.22551034), (-0.1884506, -0.2505151, 0.22497986), (-0.22455254, -0.26120558, 0.21112995), (-0.16530348, -0.27478376, 0.22313884), (-0.2772116, -0.1568305, 0.22496012), (-0.26876217, -0.2323212, 0.20770195), (-0.2799811, -0.22209479, 0.20855361), (-0.19369312, -0.28801695, 0.21078394), (-0.17619881, -0.29175836, 0.21353614), (-0.29122522, -0.13252679, 0.22548983), (-0.2848149, -0.14608182, 0.22506054), (-0.14599627, -0.28848934, 0.22289246), (-0.25413483, -0.2441577, 0.20743231), (-0.22656938, -0.19578214, 0.22875077), (-0.22998756, -0.19040316, 0.22987637), (-0.23188035, -0.26735622, 0.20568958), (-0.20773226, -0.2862922, 0.20699175), (-0.21735653, -0.20357428, 0.22972476), (-0.1659958, -0.3030583, 0.2108496), (-0.12784307, -0.3048561, 0.21954669), (-0.19325793, -0.23207378, 0.22949454), (-0.17800573, -0.24902672, 0.22980903), (-0.25913897, -0.17391627, 0.22584859), (-0.24983019, -0.18074498, 0.22664589), (-0.24118987, -0.18233316, 0.22979416), (-0.12975979, -0.2960265, 0.22356036), (-0.15041544, -0.27489537, 0.22847232), (-0.16824216, -0.251811, 0.2332029), (-0.110213034, -0.29468182, 0.22889963), (-0.21431786, -0.2077595, 0.22970842), (-0.20775251, -0.21542716, 0.22955815), (-0.20298664, -0.21984948, 0.22987673), (-0.13063338, -0.31676182, 0.2121655), (-0.12680127, -0.278114, 0.23469207), (-0.1147095, -0.2832313, 0.23503257), (-0.09977527, -0.28829893, 0.23524328), (-0.23493522, -0.18639934, 0.23002565), (-0.11447869, -0.31978768, 0.21363923), (-0.097485244, -0.32027465, 0.21635462), (-0.08407422, -0.29966977, 0.23010194), (-0.26281032, -0.16793482, 0.22771698), (-0.26665238, -0.16411176, 0.22759204), (-0.27028877, -0.15983012, 0.22774096), (-0.14060722, -0.2697409, 0.23538063), (-0.15569493, -0.26383695, 0.23244615), (-0.07664047, -0.30900165, 0.22519395), (-0.081237674, -0.32216692, 0.21749109), (-0.051568445, -0.3146646, 0.22375731), (-0.05410184, -0.3368062, 0.21060005), (-0.023120923, -0.32175782, 0.22319454), (-0.040547635, -0.3361776, 0.21246244), (-0.018653767, -0.33621076, 0.21553434), (-0.0013228168, -0.31950718, 0.22531043), (-0.0020237227, -0.33734447, 0.21591575), (-0.031429417, -0.3112588, 0.22868703), (-0.01624337, -0.30725715, 0.23262526), (-0.013692925, -0.34967032, 0.20764442), (-0.0021657054, -0.3518829, 0.20731357), (-0.06640921, -0.29974574, 0.23283228), (-0.07949187, -0.33555847, 0.20904376), (-0.098578356, -0.3353396, 0.20604539), (-0.035530604, -0.34452066, 0.20705803), (-0.1785245, -0.24186781, 0.23391692), (-0.025557173, -0.3024531, 0.23638749), (-0.08699732, -0.29171965, 0.23570013), (-0.06711166, -0.2977124, 0.23497702), (-0.07857171, -0.34694153, 0.20009288), (-0.051677372, -0.35230413, 0.19853468), (-0.04222883, -0.35453486, 0.19755511), (-0.0008321068, -0.3625596, 0.1989146), (-0.028228696, -0.35545468, 0.19955176), (-0.0147566125, -0.35902938, 0.19983001), (-0.10209688, -0.34337732, 0.19871984), (-0.15332198, -0.26022264, 0.23636176), (-0.1851811, -0.23431963, 0.23368776), (-0.27420703, -0.15545157, 0.22786216), (-0.27791244, -0.15103775, 0.22795404), (-0.0832755, -0.3554327, 0.19156297), (-0.25405908, -0.17670277, 0.22701636), (-0.05272881, -0.35906947, 0.19179475), (-0.28102413, -0.14815134, 0.22710852), (-0.25902763, -0.16965955, 0.22929604), (-0.017693102, -0.3647014, 0.192881), (-0.11502469, -0.27986568, 0.23841749), (-0.10797996, -0.28434592, 0.23642628), (-0.22333486, -0.19645981, 0.23093344), (-0.04025237, -0.3653203, 0.18593715), (-0.02239487, -0.36644733, 0.18776429), (-0.19187063, -0.22754027, 0.23466091), (-0.16487901, -0.24914736, 0.23829882), (-0.057514507, -0.36410764, 0.18534335), (-0.090775065, -0.35938513, 0.18497464), (-0.17238995, -0.24418987, 0.23776637), (-0.123925634, -0.27596685, 0.2386848), (-0.13541767, -0.27044132, 0.23909344), (-0.11205873, -0.36372423, 0.17147243), (-0.08526026, -0.36738527, 0.17522795), (-0.052492514, -0.3726891, 0.17442432), (-0.09730343, -0.36872947, 0.16916898), (-0.110982135, -0.37063688, 0.16265476), (-0.1259225, -0.3601018, 0.17084402), (-0.15146704, -0.3530175, 0.16868454), (-0.029039146, -0.37179396, 0.1787087), (-0.07560926, -0.37729737, 0.16302241), (-0.075418234, -0.372665, 0.16919105), (-0.046924416, -0.37629175, 0.1688803), (-0.050559774, -0.38582006, 0.15527068), (-0.027584769, -0.3855729, 0.15811025), (-0.028052209, -0.37821165, 0.1681461), (-0.00036913372, -0.3846122, 0.16049889), (-0.0015195222, -0.37914652, 0.1676865), (-0.15693426, -0.25540146, 0.23917939), (-0.0020198296, -0.37145752, 0.18316838), (-0.00077844126, -0.37528303, 0.17591792), (-0.19793002, -0.22110124, 0.23479827), (-0.10609041, -0.28375754, 0.23930067), (-0.09540539, -0.2878753, 0.23959866), (-0.21079418, -0.20999543, 0.2326146), (-0.18064958, -0.23831338, 0.23588431), (0.2853917, 0.36026025, 0.1147065), (0.4148851, 0.2838124, 0.056067288), (0.40951926, 0.28081298, 0.066698), (0.39530763, 0.28436726, 0.071738735), (0.40710482, 0.27754387, 0.07357201), (0.39376813, 0.2959914, 0.05889938), (0.3914998, 0.27584833, 0.08437463), (0.40475297, 0.26898664, 0.0875578), (0.39541844, 0.26730773, 0.09566639), (0.4027956, 0.2625191, 0.09781261), (0.3885816, 0.26308632, 0.10544594), (0.404154, 0.25229552, 0.110627316), (0.38508388, 0.2506409, 0.12524907), (0.379737, 0.25910336, 0.11813366), (0.37626934, 0.2700087, 0.10557759), (0.38688555, 0.28037262, 0.08074323), (0.37601447, 0.2836904, 0.08586034), (0.38803607, 0.28442663, 0.074245125), (0.3786349, 0.29044327, 0.07211757), (0.38847247, 0.29355073, 0.06252358), (0.39021885, 0.24036701, 0.13341464), (0.40186206, 0.23752765, 0.12965332), (0.38134247, 0.23940004, 0.1407382), (0.37265122, 0.2528567, 0.13394906), (0.415057, 0.23573536, 0.12542492), (0.37599805, 0.29903322, 0.060934216), (0.4021489, 0.2297668, 0.13760777), (0.42867163, 0.23650803, 0.11850822), (0.43726906, 0.226384, 0.12458088), (0.4316322, 0.219841, 0.13395892), (0.37535325, 0.30361205, 0.05400806), (0.397401, 0.22184968, 0.1474622), (0.41012695, 0.22135536, 0.14194384), (0.38403937, 0.22202452, 0.15941876), (0.40444008, 0.21424946, 0.1499841), (0.3714716, 0.23570523, 0.15497115), (0.37228307, 0.21985072, 0.17424226), (0.36758974, 0.3058169, 0.059472583), (0.37061942, 0.29511356, 0.07426674), (0.38539925, 0.20886575, 0.17375289), (0.3708697, 0.26204404, 0.12406896), (0.36824426, 0.28241196, 0.097629905), (0.3648978, 0.25091282, 0.14542924), (0.34791636, 0.2252075, 0.1952193), (0.35934857, 0.23090649, 0.17561318), (0.34339604, 0.21346423, 0.21385211), (0.33345568, 0.22845624, 0.20639937), (0.323981, 0.22866933, 0.21482866), (0.31558114, 0.23278444, 0.21850492), (0.30848384, 0.2219085, 0.23502645), (0.29763848, 0.22555284, 0.23918256), (0.34689984, 0.24479038, 0.17492193), (0.32823247, 0.24242522, 0.19728236), (0.3107833, 0.24414803, 0.2112286), (0.33109704, 0.2528694, 0.18460783), (0.30792633, 0.25704992, 0.20168407), (0.29745463, 0.25510857, 0.21164583), (0.3563397, 0.27902168, 0.11932815), (0.35420215, 0.26762792, 0.13877505), (0.3527313, 0.30249506, 0.08894204), (0.35116005, 0.28987727, 0.110992715), (0.32077715, 0.25533172, 0.19206347), (0.32800937, 0.26952747, 0.17130975), (0.35749888, 0.31063715, 0.06714251), (0.3449109, 0.25509262, 0.16630578), (0.31002977, 0.2742043, 0.18484025), (0.29466555, 0.26605546, 0.20464416), (0.33631152, 0.28471646, 0.14255194), (0.32828727, 0.2808526, 0.15950006), (0.32125854, 0.28460267, 0.16414802), (0.32306808, 0.2993168, 0.14365894), (0.30634972, 0.29444093, 0.17100598), (0.31327286, 0.3012717, 0.15507677), (0.29789358, 0.2985788, 0.17650531), (0.29801074, 0.32226565, 0.15052134), (0.31293052, 0.30926424, 0.14566961), (0.29424042, 0.30475864, 0.17362265), (0.2903998, 0.29850805, 0.18267661), (0.31453398, 0.31634444, 0.13356546), (0.2831645, 0.3303918, 0.1605768), (0.29720777, 0.33141103, 0.14104268), (0.28814286, 0.3428696, 0.13853121), (0.2947653, 0.346855, 0.12484023), (0.266655, 0.345301, 0.16141838), (0.2801044, 0.34796336, 0.14151046), (0.2674972, 0.33154428, 0.17580609), (0.2772891, 0.31814578, 0.17859024), (0.2524016, 0.34438768, 0.17591926), (0.25177214, 0.32977095, 0.19197132), (0.28609845, 0.34892786, 0.13467781), (0.26646662, 0.35525298, 0.14519478), (0.28510723, 0.35465962, 0.1262945), (0.3106564, 0.3294166, 0.123634666), (0.31441072, 0.34592152, 0.09780971), (0.3144749, 0.33124208, 0.1160894), (0.26789218, 0.3163109, 0.18937016), (0.31142923, 0.35102254, 0.09459318), (0.31594086, 0.3515778, 0.08736516), (0.3375062, 0.29740235, 0.122073226), (0.32908678, 0.2992674, 0.1342589), (0.32706955, 0.31225613, 0.11751236), (0.34189484, 0.315723, 0.086988196), (0.29785216, 0.2872759, 0.18504551), (0.25271997, 0.3480578, 0.17002062), (0.32733637, 0.32018143, 0.10687651), (0.33367997, 0.3252436, 0.08687129), (0.33947355, 0.32907596, 0.06748211), (0.2527152, 0.36203223, 0.14782675), (0.28204015, 0.27810773, 0.20511201), (0.26429573, 0.31286234, 0.19504929), (0.27839527, 0.29397228, 0.19625224), (0.28528732, 0.2849854, 0.1979397), (0.2664712, 0.2980514, 0.20253038), (0.2644455, 0.36193123, 0.13457705), (0.33066043, 0.33511296, 0.07598405), (0.2396109, 0.36145145, 0.15996404), (0.3257839, 0.33387598, 0.09082905), (0.24665837, 0.34713033, 0.17523022), (0.2334641, 0.3609231, 0.16538213), (0.22872522, 0.34983695, 0.18342131), (0.21620022, 0.3611033, 0.17648162), (0.20441946, 0.37314424, 0.16759484), (0.22095631, 0.34550714, 0.1941293), (0.20351876, 0.3573876, 0.19047122), (0.21201606, 0.34193146, 0.2048877), (0.20526613, 0.3438968, 0.20858851), (0.20616885, 0.37681532, 0.16032359), (0.22919485, 0.3707167, 0.15161507), (0.1922904, 0.36390448, 0.18826655), (0.19499668, 0.35125422, 0.20351171), (0.18047108, 0.37759426, 0.17552419), (0.18635565, 0.3573112, 0.200028), (0.17638443, 0.3733034, 0.18343027), (0.17497428, 0.37776273, 0.17907777), (0.2505014, 0.36526915, 0.14215319), (0.17524506, 0.38298234, 0.16820456), (0.18783861, 0.38511032, 0.15512542), (0.2644959, 0.3666999, 0.1209869), (0.22552076, 0.3739725, 0.14668155), (0.2026086, 0.3817629, 0.15063699), (0.24522479, 0.36921656, 0.13594563), (0.18168849, 0.38872048, 0.15085918), (0.1588864, 0.3834649, 0.17213207), (0.15881579, 0.37846464, 0.18178293), (0.16772512, 0.30592617, 0.23156932), (0.15775202, 0.32241866, 0.22903438), (0.16825059, 0.32225212, 0.22866651), (0.14170669, 0.3078852, 0.23140164), (0.15665838, 0.29511178, 0.23355639), (0.12924479, 0.29684827, 0.23420863), (0.13366063, 0.3207166, 0.22814287), (0.12069751, 0.30522785, 0.23174088), (0.15295361, 0.33496624, 0.2253428), (0.15022606, 0.29024613, 0.23517057), (0.16929041, 0.2775949, 0.23761915), (0.17946346, 0.2962432, 0.23176007), (0.19761588, 0.2836985, 0.23307887), (0.18302664, 0.3073946, 0.22890887), (0.17939562, 0.3226925, 0.22679037), (0.20049065, 0.29440564, 0.22934464), (0.18837234, 0.32790738, 0.22424152), (0.17040914, 0.33181933, 0.22524253), (0.10975059, 0.29865012, 0.2343419), (0.16751227, 0.27384278, 0.23922628), (0.19031475, 0.26689327, 0.23942858), (0.19447169, 0.2678984, 0.23845352), (0.22260785, 0.2592752, 0.23672906), (0.21547796, 0.2778209, 0.23157969), (0.19009106, 0.33364338, 0.22121969), (0.11038961, 0.2883074, 0.2383644), (0.20869735, 0.29305267, 0.22774723), (0.10985455, 0.3109349, 0.22950378), (0.118293814, 0.31898963, 0.22715513), (0.104081355, 0.30422983, 0.23279957), (0.12410625, 0.328349, 0.2245843), (0.14295594, 0.33468252, 0.223754), (0.20619677, 0.30059227, 0.2259459), (0.19720379, 0.31025243, 0.22482643), (0.10611893, 0.29164216, 0.23787214), (0.23211391, 0.27470455, 0.22892804), (0.2359229, 0.24988163, 0.23745005), (0.24600646, 0.26035616, 0.23148061), (0.23324428, 0.28696418, 0.22374095), (0.2380576, 0.2832904, 0.22480415), (0.2520624, 0.24656796, 0.23748672), (0.10701543, 0.3214009, 0.22448803), (0.09771147, 0.31477806, 0.2275565), (0.22062334, 0.24631476, 0.24347322), (0.24132025, 0.27848682, 0.22485499), (0.22465493, 0.297059, 0.2212208), (0.21642487, 0.30500948, 0.22050835), (0.2177004, 0.32265612, 0.21402289), (0.23386481, 0.30900812, 0.21349892), (0.2383488, 0.2958293, 0.21740972), (0.09307616, 0.2962018, 0.23961198), (0.17184083, 0.34141424, 0.21976231), (0.15639201, 0.3429097, 0.22055157), (0.20254523, 0.32391313, 0.21979307), (0.24871796, 0.27900538, 0.22184831), (0.2438084, 0.29431528, 0.21556728), (0.25653604, 0.25806317, 0.2297051), (0.25280842, 0.29224408, 0.21313803), (0.27150175, 0.24622637, 0.23269704), (0.08434037, 0.29770523, 0.24122082), (0.0766844, 0.30833852, 0.23694715), (0.06954869, 0.29991612, 0.24339171), (0.12314504, 0.3342843, 0.22162281), (0.048665848, 0.31524706, 0.23828478), (0.04002704, 0.30558255, 0.2445742), (0.024982411, 0.3189786, 0.23948245), (0.0040113074, 0.32531115, 0.2383405), (-0.015504114, 0.32804698, 0.23989566), (0.05728857, 0.31937066, 0.2340028), (0.16087104, 0.3481707, 0.21665917), (0.090871364, 0.3245586, 0.22144462), (0.09046864, 0.3168684, 0.2274809), (0.10513541, 0.33439738, 0.21760292), (0.2424607, 0.2385041, 0.24402632), (0.21686554, 0.33243757, 0.20980783), (0.22155683, 0.33119082, 0.20901999), (0.033462577, 0.3270327, 0.23273124), (0.226289, 0.3269075, 0.2083554), (0.2385815, 0.3171964, 0.20827791), (0.25005767, 0.30826533, 0.20668869), (0.27153662, 0.26215544, 0.22139293), (0.19975069, 0.33270985, 0.21755758), (0.26541364, 0.2758063, 0.2163411), (0.058581356, 0.32324597, 0.23073585), (0.24947007, 0.23692395, 0.24458711), (0.2684119, 0.23770443, 0.2404812), (-0.008930902, 0.33084083, 0.2361046), (0.20369127, 0.3409452, 0.21134171), (0.18457553, 0.346365, 0.21312858), (0.191031, 0.33054757, 0.22326533), (0.07380682, 0.3312324, 0.2187841), (0.08803866, 0.33544642, 0.21409136), (0.081612416, 0.33170363, 0.21653119), (0.12229716, 0.3464839, 0.21317491), (0.13988805, 0.34660518, 0.21523185), (0.26969704, 0.28413096, 0.20953156), (-0.07997544, 0.30352545, 0.24006426), (-0.09485299, 0.30258095, 0.2405692), (-0.11033652, 0.30023235, 0.24292314), (-0.1314464, 0.29607183, 0.24652228), (0.14878607, 0.34722823, 0.21624772), (0.09265229, 0.3469558, 0.2071774), (0.25057223, 0.2256217, 0.25370002), (0.27677667, 0.23201942, 0.242758), (-0.105981156, 0.3139447, 0.23129538), (-0.12734672, 0.31572315, 0.23025016), (-0.13652563, 0.3268325, 0.22211477), (-0.104827784, 0.32680988, 0.22155103), (-0.1498378, 0.31465358, 0.23106149), (-0.14834942, 0.32962248, 0.22067857), (-0.1379438, 0.3376011, 0.21458475), (-0.1456636, 0.34731883, 0.20798245), (-0.13025072, 0.3380162, 0.21411061), (-0.16921796, 0.32055262, 0.22845215), (-0.1689631, 0.3044807, 0.23752458), (-0.17021355, 0.33506387, 0.22009295), (-0.17556502, 0.32626936, 0.22593419), (-0.20469666, 0.33781123, 0.22200562), (-0.2098883, 0.33111796, 0.22596776), (-0.22417839, 0.33812103, 0.22326533), (-0.15968646, 0.34381464, 0.21276557), (-0.15810335, 0.30456236, 0.23794639), (-0.15502636, 0.2959207, 0.24419175), (-0.13837044, 0.30298957, 0.24008556), (-0.09351894, 0.34523803, 0.20765436), (-0.08670407, 0.33369693, 0.21506141), (-0.069027886, 0.35078403, 0.20096943), (-0.05283357, 0.34032193, 0.2071834), (-0.030734722, 0.35826364, 0.1941013), (-0.035131473, 0.34026146, 0.2060829), (-0.015589176, 0.3585532, 0.19365235), (-0.0139944535, 0.3471647, 0.20039023), (0.009387042, 0.34254166, 0.20133807), (-0.0006264309, 0.33894283, 0.20497634), (-0.038169116, 0.33205923, 0.21190503), (-0.057533998, 0.33077782, 0.21433379), (-0.07676733, 0.3208043, 0.22393318), (0.010157649, 0.35582092, 0.19156268), (0.02320589, 0.3539879, 0.19075073), (-0.13008125, 0.34671316, 0.20669453), (-0.0028946975, 0.33322737, 0.20951034), (0.025128132, 0.33461225, 0.20673127), (0.04019507, 0.35133892, 0.1909837), (-0.109077744, 0.34807327, 0.20565848), (-0.20496702, 0.34329045, 0.21745984), (-0.19431926, 0.34591404, 0.21427342), (-0.012249263, 0.36307794, 0.18936938), (-0.15535913, 0.34971383, 0.20726985), (-0.07780098, 0.3144653, 0.22959608), (-0.07309769, 0.30984908, 0.23420434), (-0.067005314, 0.31331795, 0.22988921), (-0.054632902, 0.3609317, 0.1920395), (-0.04130986, 0.36337957, 0.18961984), (-0.082012005, 0.36005265, 0.19372928), (-0.05583809, 0.32353756, 0.22056462), (0.268271, 0.21977094, 0.25660002), (0.051368903, 0.35093814, 0.19085212), (0.06392226, 0.32777157, 0.22545302), (0.020268578, 0.3627592, 0.18340552), (0.043628447, 0.3625591, 0.17891686), (-0.02424056, 0.32914537, 0.21409771), (0.12350056, 0.35635853, 0.20456201), (0.07971547, 0.34124044, 0.20715019), (0.07309609, 0.33765417, 0.21021216), (0.14972481, 0.3545074, 0.20825379), (-0.16664708, 0.28536925, 0.25001523), (0.28304482, 0.22356595, 0.24905716), (0.13162462, 0.36382905, 0.19749355), (-0.1128878, 0.3600893, 0.19312787), (0.100628585, 0.35972217, 0.19651948), (0.28343707, 0.25684413, 0.21924694), (0.2821868, 0.24389485, 0.23007396), (0.28506827, 0.23562633, 0.23577233), (0.24829206, 0.32183224, 0.20027389), (0.28377917, 0.21586639, 0.2582046), (0.17112952, 0.3556029, 0.20665653), (-0.17171207, 0.35256723, 0.2052902), (0.22788718, 0.3335841, 0.20195647), (0.15523747, 0.36613494, 0.19461337), (0.15973529, 0.35989082, 0.20257924), (0.15291831, 0.37778845, 0.18157168), (0.16262037, 0.37207484, 0.18765697), (0.1712195, 0.3693468, 0.19009262), (0.29824883, 0.24377632, 0.22080323), (0.12703596, 0.3687063, 0.19010279), (0.07409287, 0.34693354, 0.1989921), (0.088820264, 0.3573167, 0.19412528), (0.065435715, 0.34290048, 0.20182814), (0.09369546, 0.3621228, 0.19115865), (0.25007123, 0.3367132, 0.18544334), (0.105116375, 0.36802593, 0.18670806), (0.092768505, 0.3652724, 0.18652974), (0.061686587, 0.3345321, 0.21654192), (0.11702262, 0.37070653, 0.1853557), (0.072953485, 0.35438067, 0.189107), (0.10755815, 0.3699131, 0.1838463), (-0.19013165, -0.39231595, 0.19427314), (-0.19628568, -0.39164144, 0.19093604), (-0.19315144, -0.39121723, 0.1988046), (-0.20091137, -0.38925952, 0.19924785), (-0.1812814, -0.39315513, 0.20934907), (-0.21119334, -0.3851488, 0.19913664), (-0.21518818, -0.38586634, 0.1896785), (-0.19195423, -0.38922566, 0.20707904), (-0.22793727, -0.3843632, 0.1879448), (-0.22848907, -0.38122556, 0.19632098), (-0.204904, -0.38564703, 0.20535661), (-0.21232918, -0.38035193, 0.20810042), (-0.24555153, -0.37904373, 0.18516904), (-0.18375078, -0.38771397, 0.21717998), (-0.19902766, -0.38452956, 0.21049082), (-0.20587361, -0.38058084, 0.21183044), (-0.2350747, -0.37838367, 0.19554979), (-0.1729472, -0.39516896, 0.21725106), (-0.25606346, -0.37066394, 0.1860748), (-0.22321829, -0.37921524, 0.20198983), (-0.2497764, -0.37148672, 0.1900341), (-0.2885605, -0.22333843, 0.21003968), (-0.28490677, -0.22785112, 0.20991008), (-0.25555018, -0.27348447, 0.21271361), (-0.24841711, -0.28350133, 0.2134796), (-0.24578512, -0.29469067, 0.2160725), (-0.25973183, -0.2688834, 0.21289653), (-0.23978421, -0.2986608, 0.21718852), (-0.25776437, -0.27865443, 0.21322857), (-0.23970287, -0.3029364, 0.21825622), (-0.26350158, -0.2656147, 0.21289292), (-0.2665315, -0.2600053, 0.2111332), (-0.269862, -0.26044962, 0.21167517), (-0.27866206, -0.24932241, 0.21158195), (-0.27939755, -0.24420607, 0.21142371), (-0.27752313, -0.23733273, 0.20996141), (-0.2808914, -0.23531166, 0.21037821), (-0.29016986, -0.23421961, 0.21117142), (-0.23118515, -0.30813676, 0.22173408), (-0.29795116, -0.32801402, 0.1914039), (-0.28759003, -0.30541953, 0.20088904), (-0.27935997, -0.3143466, 0.20181185), (-0.26803452, -0.30346215, 0.20852414), (-0.28480437, -0.33448818, 0.19550501), (-0.266571, -0.3189379, 0.2057158), (-0.2706209, -0.3358386, 0.20065218), (-0.25853994, -0.30527538, 0.2117143), (-0.2820494, -0.346444, 0.19337678), (-0.29590818, -0.34870365, 0.18762799), (-0.2999266, -0.33741686, 0.18919648), (-0.31969798, -0.3379031, 0.18310992), (-0.3176128, -0.35136905, 0.1800421), (-0.3313365, -0.35022017, 0.17569187), (-0.331917, -0.33635575, 0.17855251), (-0.30254713, -0.3192157, 0.19260213), (-0.30320576, -0.3046045, 0.19607186), (-0.3169327, -0.3159696, 0.18829496), (-0.31524414, -0.3025845, 0.19228883), (-0.33366787, -0.3202946, 0.18027423), (-0.32431638, -0.3103161, 0.18610899), (-0.3043339, -0.29110926, 0.19726396), (-0.25995147, -0.33341697, 0.20634401), (-0.2918586, -0.28242967, 0.20154369), (-0.25115788, -0.32751176, 0.21204466), (-0.24327259, -0.30676925, 0.21720882), (-0.28918797, -0.2896585, 0.20197509), (-0.28179884, -0.27278274, 0.20617774), (-0.3003045, -0.26835078, 0.20100398), (-0.30442616, -0.28038862, 0.19792184), (-0.3027071, -0.257095, 0.20269567), (-0.277287, -0.26404876, 0.20947592), (-0.26558658, -0.28480127, 0.21058531), (-0.28179216, -0.287757, 0.20415352), (-0.3156286, -0.26798975, 0.19528952), (-0.31749934, -0.28217828, 0.19262391), (-0.31988692, -0.25473586, 0.19693375), (-0.25415763, -0.2897112, 0.21398468), (-0.29783958, -0.24337657, 0.20801432), (-0.31213394, -0.24714938, 0.20217781), (-0.32712442, -0.24861512, 0.19570859), (-0.2418793, -0.32244384, 0.21660481), (-0.23138519, -0.32267883, 0.22077608), (-0.22716327, -0.33528456, 0.22067279), (-0.25395486, -0.33448586, 0.20952521), (-0.21573624, -0.3255104, 0.22810833), (-0.21823922, -0.33224455, 0.22535196), (-0.23315243, -0.34500334, 0.21530384), (-0.34537712, -0.33544862, 0.17151298), (-0.33068645, -0.2724117, 0.18690903), (-0.3314236, -0.25477108, 0.1918575), (-0.3143037, -0.23406322, 0.20518188), (-0.3016555, -0.22367048, 0.2113587), (-0.32373405, -0.22614631, 0.20413223), (-0.3145233, -0.21447621, 0.21083146), (-0.22244698, -0.3506396, 0.21756506), (-0.20689759, -0.3502084, 0.2251008), (-0.20488612, -0.3250058, 0.23426977), (-0.19743572, -0.34295765, 0.23202667), (-0.33441558, -0.30834052, 0.18081154), (-0.3325467, -0.29553512, 0.1828955), (-0.34451392, -0.23526996, 0.18947409), (-0.35609138, -0.24130683, 0.18154128), (-0.3313698, -0.23393218, 0.19784993), (-0.332976, -0.28204888, 0.18394303), (-0.34645045, -0.27351373, 0.17808262), (-0.35024112, -0.3218991, 0.17051564), (-0.3581601, -0.3308019, 0.16491675), (-0.33294648, -0.20863181, 0.20685191), (-0.36217505, -0.24743421, 0.17610401), (-0.35850137, -0.28467238, 0.1683597), (-0.34613734, -0.28539577, 0.17494105), (-0.35474247, -0.30077273, 0.16814117), (-0.36565652, -0.28451347, 0.16392674), (-0.37159076, -0.25976992, 0.16697827), (-0.36559728, -0.24310984, 0.17572804), (-0.37432715, -0.25251606, 0.16765732), (-0.34768724, -0.34815407, 0.16632278), (-0.3742364, -0.23449424, 0.17268455), (-0.19045705, -0.33172995, 0.2399068), (-0.19335108, -0.30855712, 0.24533427), (-0.18156232, -0.32506824, 0.24558361), (-0.17499986, -0.30712026, 0.25247443), (-0.18879901, -0.29471514, 0.25049183), (-0.195755, -0.2854415, 0.24980827), (-0.1711704, -0.3043602, 0.25482118), (-0.17341024, -0.3312014, 0.24673516), (-0.17424196, -0.35115463, 0.24011503), (-0.16575658, -0.35037345, 0.24349289), (-0.15840347, -0.34140593, 0.2482794), (-0.1502769, -0.35689148, 0.24669419), (-0.16040881, -0.36567506, 0.2401421), (-0.1487349, -0.3674522, 0.24393015), (-0.17434208, -0.36341026, 0.2347384), (-0.1379702, -0.3646293, 0.24805693), (-0.13940309, -0.37982267, 0.24360177), (-0.16765556, -0.37613803, 0.23265621), (-0.15948689, -0.31898186, 0.2531929), (-0.1254571, -0.37948495, 0.24747181), (-0.3630978, -0.23107861, 0.18160242), (-0.3425951, -0.22460188, 0.19460738), (-0.1864507, -0.289032, 0.2538823), (-0.14994417, -0.39103615, 0.2345241), (-0.15806507, -0.31600592, 0.2544936), (-0.1935232, -0.36612186, 0.22431768), (-0.25377613, -0.34212956, 0.206438), (-0.24058697, -0.35075894, 0.20930627), (-0.21490943, -0.36212462, 0.21635844), (-0.32941926, -0.20658204, 0.20880719), (-0.3465269, -0.20562916, 0.20079717), (-0.35819778, -0.20443906, 0.19567932), (-0.3405592, -0.17399296, 0.21183833), (-0.332068, -0.18298826, 0.21298261), (-0.34957245, -0.179627, 0.20695536), (-0.37063953, -0.17875767, 0.19734399), (-0.3532778, -0.16287829, 0.2104342), (-0.3620387, -0.17216519, 0.20385666), (-0.3783481, -0.16440028, 0.19911705), (-0.3283231, -0.17009093, 0.21765898), (-0.3183678, -0.19181852, 0.21539748), (-0.34534115, -0.15190619, 0.21703564), (-0.36506096, -0.2096463, 0.19034486), (-0.36797068, -0.14884172, 0.2104631), (-0.35724035, -0.13688864, 0.21848306), (-0.37932533, -0.15384284, 0.20360605), (-0.37298882, -0.20692478, 0.18629353), (-0.38112268, -0.18318474, 0.18937777), (-0.37924594, -0.17356189, 0.19459271), (-0.17793512, -0.38276118, 0.22466849), (-0.19871533, -0.38027963, 0.21500035), (-0.34732997, -0.14046742, 0.22105312), (-0.26322198, -0.34575394, 0.19907354), (-0.19701555, -0.27792764, 0.25223935), (-0.27391315, -0.35017547, 0.19321792), (-0.36458936, -0.33607498, 0.15884951), (-0.37984332, -0.12726173, 0.2152731), (-0.38172323, -0.14241959, 0.20792703), (-0.39117196, -0.1255844, 0.21090148), (-0.38516894, -0.121449575, 0.21531385), (-0.4018192, -0.102218434, 0.21328928), (-0.38031998, -0.111075774, 0.22089674), (-0.39819837, -0.07765527, 0.22468852), (-0.40383056, -0.085041136, 0.21944317), (-0.3719648, -0.09566609, 0.23006028), (-0.38379702, -0.08387627, 0.2287103), (-0.37410417, -0.08169475, 0.23352839), (-0.38851878, -0.070603095, 0.23027866), (-0.3631502, -0.08371503, 0.23851734), (-0.35908124, -0.09899637, 0.23561777), (-0.4064149, -0.053911146, 0.22838819), (-0.41066244, -0.065660626, 0.22376232), (-0.41419378, -0.052034672, 0.225729), (-0.37714702, -0.05825185, 0.23694208), (-0.38851553, -0.054925382, 0.23340316), (-0.36777785, -0.05398221, 0.2427487), (-0.3679381, -0.109209254, 0.22650655), (-0.3528121, -0.12631272, 0.22530274), (-0.42086142, -0.052513868, 0.22176285), (-0.3558446, -0.08509484, 0.24241115), (-0.3434285, -0.08194968, 0.25071824), (-0.42704576, -0.037343837, 0.22191495), (-0.34824675, -0.0626655, 0.25202394), (-0.35932982, -0.11135757, 0.22972964), (-0.4120227, -0.083167955, 0.21536787), (-0.42320344, -0.062380634, 0.21580596), (-0.22517158, -0.3674372, 0.20873427), (-0.2507271, -0.35182092, 0.20291193), (-0.24649766, -0.36113608, 0.20012905), (-0.33903763, -0.0963336, 0.25004286), (-0.3447773, -0.10160173, 0.24546579), (-0.15878086, -0.39242542, 0.22919522), (-0.17326708, -0.38901705, 0.22347166), (-0.33431202, -0.111937925, 0.24985099), (-0.3710227, -0.22321737, 0.1796987), (-0.33730933, -0.11812995, 0.2464201), (-0.37844107, -0.050439943, 0.23738074), (-0.39632362, -0.1301926, 0.20538828), (-0.38733098, -0.16141334, 0.19386509), (-0.33238137, -0.36461085, 0.1676894), (-0.31911573, -0.3656885, 0.17232415), (-0.32904097, -0.12855637, 0.2497058), (-0.285424, -0.35432324, 0.18841103), (-0.29829198, -0.3612666, 0.1812849), (-0.30322036, -0.36616984, 0.17718618), (-0.3956072, -0.14074883, 0.19954252), (-0.34344694, -0.11706323, 0.24133681), (-0.31574297, -0.13590921, 0.2568947), (-0.40202522, -0.119257346, 0.20484497), (-0.13880584, -0.32634678, 0.2556301), (-0.37918195, -0.2085586, 0.18090215), (-0.36756214, -0.3025059, 0.1585688), (-0.15089284, -0.32744738, 0.25258797), (-0.25786263, -0.36254966, 0.19205022), (-0.25397822, -0.36463824, 0.19366384), (-0.26591173, -0.35664982, 0.19101438), (-0.14058296, -0.34927103, 0.2504959), (-0.42807394, -0.052930605, 0.21583953), (-0.38057238, -0.22804686, 0.16958521), (-0.36383763, -0.34689617, 0.15410468), (-0.41022152, -0.097180985, 0.20939653), (-0.34261557, -0.36365727, 0.16084997), (-0.1283086, -0.33335763, 0.25500345), (-0.4068194, -0.10346333, 0.20862955), (-0.38362724, -0.2091402, 0.1760194), (-0.3519173, -0.1120051, 0.2356122), (-0.12548597, -0.36621207, 0.25020778), (-0.26643813, -0.3625836, 0.18641037), (-0.3884737, -0.18285896, 0.18267478), (-0.39487332, -0.15947263, 0.18815874), (-0.36678618, -0.31978977, 0.15894766), (-0.2834284, -0.36598137, 0.18163393), (-0.12492705, -0.34435257, 0.25314355), (-0.40417534, -0.12875783, 0.19723223), (-0.35002348, -0.36570135, 0.15229298), (-0.11805591, -0.3382287, 0.25425187), (-0.37149394, -0.32565984, 0.15188648), (-0.37071592, -0.33625087, 0.15150902), (-0.3668996, -0.34947017, 0.14859958), (-0.27206925, -0.36723584, 0.18217526), (-0.31231368, -0.13948706, 0.2589233), (-0.42702568, -0.06533174, 0.20869964), (-0.41526687, -0.08878313, 0.20714088), (-0.106262416, -0.34561047, 0.2513846), (-0.09512743, -0.34873772, 0.24936938), (-0.08955421, -0.34674618, 0.25024933), (-0.43151158, -0.03581516, 0.21590644), (-0.41132766, -0.102789976, 0.20219135), (-0.4107565, -0.118353374, 0.19147103), (-0.42596295, -0.07686838, 0.19959809), (-0.4352737, -0.055873264, 0.2005766), (-0.41533494, -0.096474096, 0.19935256), (-0.41612193, -0.11064309, 0.18410607), (-0.43689033, -0.037576657, 0.203517), (-0.31655326, -0.12822013, 0.2551091), (-0.32030088, -0.063428625, 0.44362682), (-0.3163991, -0.081220545, 0.41724002), (-0.318953, -0.06802886, 0.41481698), (-0.31642124, -0.082581125, 0.45352364), (-0.31789097, -0.07717977, 0.46937203), (-0.3215583, -0.05941777, 0.4686413), (-0.32244998, -0.053045016, 0.44416478), (-0.3230782, -0.053009905, 0.47224474), (-0.32296482, -0.05621235, 0.48532543), (-0.3178205, -0.07127182, 0.4014448), (-0.32137844, -0.050021693, 0.41250882), (-0.32351446, -0.03914173, 0.41893947), (-0.32522723, -0.035299126, 0.46822315), (-0.32479858, -0.03371864, 0.4438289), (-0.3263857, -0.024909567, 0.4518445), (-0.31991145, -0.054626133, 0.39723995), (-0.3256007, -0.037170306, 0.48386362), (-0.326264, -0.017945517, 0.44004533), (-0.32464308, -0.028108634, 0.42507833), (-0.32107338, -0.039488077, 0.39294204), (-0.31787777, -0.054831803, 0.37940964), (-0.31740806, -0.06269656, 0.38405144), (-0.3239329, -0.022605628, 0.40828195), (-0.32592526, -0.0020672327, 0.41991043), (-0.32103866, -0.021820948, 0.38059124), (-0.32657123, -0.021967443, 0.48155877), (-0.32645363, -0.015014136, 0.46400174), (-0.31808814, -0.040696353, 0.37298447), (-0.3214581, -0.00092293235, 0.37698448), (-0.3265881, -0.0007208302, 0.43868345), (-0.32648098, -0.0029121472, 0.45731515), (-0.32665274, 0.005840939, 0.48255157), (-0.32633677, -0.004672773, 0.4742012), (-0.31327525, -0.092344314, 0.43446314), (-0.3142563, -0.067145094, 0.37332964), (-0.31826812, -0.022600628, 0.36762366), (-0.32494396, 0.023285601, 0.4738997), (-0.32501695, 0.007414392, 0.4642025), (-0.3250633, 0.011973408, 0.4569195), (-0.32328072, 0.012414406, 0.40316412), (-0.32118887, 0.02366844, 0.38750336), (-0.32388932, 0.019088965, 0.41557732), (-0.32184598, 0.032033157, 0.40266714), (-0.32443413, 0.013868654, 0.4218447), (-0.3230453, 0.034452066, 0.45189226), (-0.31977838, 0.021714913, 0.37546766), (-0.31920362, -0.0007952554, 0.36733264), (-0.32499242, 0.013631032, 0.4426433), (-0.322707, 0.02951817, 0.42548507), (-0.31873515, 0.053745817, 0.39312938), (-0.3241521, 0.03314972, 0.48004082), (-0.31800768, 0.051707257, 0.38491988), (-0.31843355, 0.019154094, 0.36853573), (-0.3220498, 0.045414623, 0.47260725), (-0.32055053, 0.04285678, 0.41395617), (-0.3203017, 0.049726415, 0.43560708), (-0.32307732, 0.04255665, 0.48911834), (-0.31743094, 0.034977537, 0.37256572), (-0.3192832, 0.059315946, 0.4573389), (-0.31891322, 0.06449532, 0.48550558), (-0.3167788, 0.07370096, 0.4722728), (-0.3142999, 0.06694551, 0.3778618), (-0.31614524, 0.0659975, 0.4197629), (-0.3170976, 0.057873957, 0.40901756), (-0.3172671, 0.06699881, 0.45265287), (-0.31456336, 0.080811836, 0.45639727), (-0.31398588, 0.048216667, 0.36738828), (-0.31480563, 0.06822225, 0.3874459), (-0.31395873, 0.076852396, 0.44495317), (-0.31198758, 0.08965171, 0.4442683), (-0.31372255, 0.07512459, 0.42201242), (-0.30999932, 0.09563179, 0.42039824), (-0.31077296, 0.07862366, 0.39898902), (-0.30896118, 0.10327908, 0.43660766), (-0.30667844, 0.10359848, 0.4060168), (-0.3083068, 0.08666103, 0.3894888), (-0.30994946, 0.099564835, 0.46994424), (-0.31334034, 0.07029685, 0.40577805), (-0.30466294, 0.09977484, 0.3870886), (-0.30806515, 0.08538905, 0.37389806), (-0.30442348, 0.11569015, 0.42000753), (-0.30547714, 0.11416112, 0.43972328), (-0.31428623, -0.051044267, 0.36546233), (-0.30576035, 0.1119655, 0.47255233), (-0.30156967, 0.12511931, 0.4628144), (-0.31080315, 0.06654252, 0.3671352), (-0.30063272, 0.12782678, 0.4502715), (-0.3001394, 0.12785068, 0.4335323), (-0.30006745, 0.12712806, 0.48507383), (-0.30215994, 0.112498984, 0.39703658), (-0.30041417, 0.12413879, 0.41405022), (-0.30397606, 0.0945266, 0.37109432), (-0.31352738, 0.034484856, 0.36188528), (-0.29710916, 0.11352107, 0.3724282), (-0.31545767, -0.020658676, 0.36035523), (-0.31568712, 0.014844409, 0.36139107), (-0.31128004, -0.06764959, 0.36490944), (-0.28978005, 0.13190818, 0.3756905), (-0.29267624, 0.14515069, 0.46317026), (-0.2931864, 0.14178564, 0.48541215), (-0.29593977, 0.11176735, 0.36612326), (-0.30725113, 0.07701599, 0.36565486), (-0.30234218, 0.09186488, 0.3646583), (-0.29609507, 0.13450043, 0.4247858), (-0.2892327, 0.14986359, 0.4374417), (-0.2857338, 0.15689494, 0.44336954), (-0.29198134, 0.13688754, 0.40372682), (-0.28471714, 0.1537596, 0.41036436), (-0.28467005, 0.14385921, 0.38035855), (-0.29211962, 0.14065404, 0.42235667), (-0.2832198, 0.15834914, 0.42110902), (-0.28622058, 0.12983897, 0.36222827), (-0.28471035, 0.15902482, 0.4538604), (-0.2820093, 0.14555159, 0.37361655), (-0.27943376, 0.14334494, 0.36298543), (-0.29144797, 0.11476269, 0.3593837), (-0.27968413, 0.16017374, 0.40518567), (-0.2744868, 0.16067946, 0.38294482), (-0.2735695, 0.17555259, 0.46690872), (-0.27551427, 0.1717202, 0.44456178), (-0.2716093, 0.15800472, 0.3668166), (-0.2691421, 0.17763892, 0.41989836), (-0.26284322, 0.18754856, 0.43104586), (-0.26774952, 0.18298508, 0.4613506), (-0.26205033, 0.191052, 0.46339753), (-0.25237605, 0.203777, 0.44394717), (-0.2509056, 0.20454429, 0.42453286), (-0.26148537, 0.18672289, 0.4141583), (-0.25373483, 0.19718643, 0.41234133), (-0.25867453, 0.18504685, 0.39808124), (-0.26802155, 0.17432247, 0.39973456), (-0.2502142, 0.2065409, 0.46034813), (-0.25311947, 0.2022131, 0.4767884), (-0.24358362, 0.21386562, 0.4405296), (-0.26122558, 0.17254736, 0.37109253), (-0.2429516, 0.208591, 0.40840402), (-0.2456789, 0.19985074, 0.3931449), (-0.25208062, 0.18767406, 0.3858274), (-0.24146919, 0.1945404, 0.36924905), (-0.25191507, 0.1815105, 0.3676983), (-0.23656297, 0.2059337, 0.3816719), (-0.24844444, 0.2063642, 0.4854332), (-0.25979194, 0.17136222, 0.36507705), (-0.23036237, 0.20665944, 0.36785465), (-0.2438827, 0.21318047, 0.4614066), (-0.24014005, 0.21551533, 0.42405507), (-0.2386182, 0.21870089, 0.4465527), (-0.23106344, 0.22366488, 0.48481408), (-0.23107487, 0.21428317, 0.39039144), (-0.22087507, 0.21692932, 0.36957058), (-0.21683426, 0.22396417, 0.38023388), (-0.21156102, 0.22620496, 0.36844817), (-0.20373645, 0.23642059, 0.37729543), (-0.19968233, 0.23895687, 0.3718075), (-0.20854826, 0.23355532, 0.39299935), (-0.22232784, 0.22216636, 0.39337942), (-0.19785562, 0.24451877, 0.39453915), (-0.20195812, 0.24535239, 0.42514315), (-0.21514149, 0.23203902, 0.41439885), (-0.1930916, 0.25050047, 0.40512663), (-0.1935104, 0.24662411, 0.38580653), (-0.2025918, 0.24654406, 0.44044486), (-0.19332537, 0.25371656, 0.43245107), (-0.1931452, 0.2544692, 0.44266495), (-0.20309953, 0.23131292, 0.36254176), (-0.2180214, 0.23411533, 0.44085383), (-0.22782427, 0.2264379, 0.43689972), (-0.20292306, 0.24812666, 0.46667138), (-0.22070037, 0.23301572, 0.46066388), (-0.22168545, 0.2317481, 0.48563823), (-0.21664561, 0.2359045, 0.4718959), (-0.19856608, 0.25122887, 0.48088387), (-0.19676466, 0.25203142, 0.44483662), (-0.19379197, 0.25536498, 0.4690852), (-0.18646717, 0.26105, 0.46296734), (-0.18374328, 0.26143864, 0.44080997), (-0.18260334, 0.2600473, 0.42033732), (-0.17571837, 0.26701015, 0.44836912), (-0.19384953, 0.2417254, 0.36751455), (-0.18625611, 0.25485134, 0.40178), (-0.18059506, 0.26374626, 0.47981334), (-0.17425795, 0.26558274, 0.4238689), (-0.16539942, 0.27322158, 0.46837887), (-0.16652268, 0.27113795, 0.43758398), (-0.17610303, 0.25257465, 0.36831036), (-0.15685706, 0.27769688, 0.46067938), (-0.15097775, 0.2802201, 0.45068696), (-0.17291845, 0.25740522, 0.3830998), (-0.14623518, 0.2829749, 0.48182184), (-0.1585241, 0.2703412, 0.4084498), (-0.13009995, 0.29086834, 0.46552372), (-0.15461117, 0.2753741, 0.4273393), (-0.13528031, 0.28725228, 0.44747078), (-0.11194858, 0.29777303, 0.44631162), (-0.11879679, 0.29547235, 0.48200843), (-0.10906165, 0.29918048, 0.45828596), (-0.15123783, 0.26960692, 0.3906419), (-0.117467016, 0.29222602, 0.42272356), (-0.12411313, 0.28839645, 0.41722944), (-0.14001124, 0.2832905, 0.4367992), (-0.14251047, 0.27962247, 0.42573333), (-0.14127623, 0.27827057, 0.4103691), (-0.13657087, 0.27829802, 0.39892262), (-0.1252449, 0.283693, 0.3957306), (-0.1373978, 0.2762146, 0.38780382), (-0.12631021, 0.28272778, 0.37804154), (-0.13158068, 0.27808186, 0.3707533), (-0.14940329, 0.26774785, 0.3769983), (-0.1541897, 0.2627567, 0.36686167), (-0.1375944, 0.27257037, 0.3654759), (-0.1583837, 0.26391992, 0.3819491), (-0.12160785, 0.28204852, 0.3659221), (-0.11422799, 0.2869164, 0.36899894), (-0.1156067, 0.288014, 0.38541546), (-0.107980356, 0.29088083, 0.37686265), (-0.10813972, 0.29821354, 0.4376949), (-0.109797545, 0.29025745, 0.39590788), (-0.08455139, 0.30074382, 0.3931753), (-0.094976336, 0.29621127, 0.40036297), (-0.07897515, 0.30337045, 0.39959043), (-0.088758856, 0.30063725, 0.41016376), (-0.10202661, 0.29175147, 0.36892632), (-0.09694559, 0.29936957, 0.4181863), (-0.08047609, 0.30466944, 0.4187739), (-0.07221645, 0.30500278, 0.38848314), (-0.080312476, 0.30078375, 0.3748097), (-0.09123445, 0.3035984, 0.43642807), (-0.0941839, 0.30372873, 0.45095295), (-0.086929396, 0.29667068, 0.36833802), (-0.067578904, 0.30731097, 0.40930948), (-0.060225014, 0.30735987, 0.37904423), (-0.08241477, 0.30733752, 0.46627608), (-0.07838315, 0.29761568, 0.36308867), (-0.07022221, 0.30926374, 0.4371959), (-0.0737698, 0.30933037, 0.45412293), (-0.05858163, 0.30861402, 0.38912496), (-0.060391515, 0.30542383, 0.3724498), (-0.058871716, 0.30941033, 0.41160333), (-0.049093876, 0.3129344, 0.4269954), (-0.0445595, 0.31212062, 0.41024095), (-0.043590266, 0.31106013, 0.3943578), (-0.053307425, 0.31315866, 0.48084426), (-0.057701975, 0.31244507, 0.4586494), (-0.048628688, 0.31384897, 0.445071), (-0.060667463, 0.3016606, 0.36514765), (-0.034298312, 0.31326598, 0.40536794), (-0.042911176, 0.31449625, 0.47195283), (-0.048075557, 0.3091698, 0.38111812), (-0.030757511, 0.31462806, 0.4271243), (-0.051082473, 0.30655876, 0.37263232), (-0.029299203, 0.31554, 0.4503514), (-0.03157872, 0.31514677, 0.47696185), (-0.017692147, 0.3158992, 0.46479988), (-0.05486196, 0.3007779, 0.3634408), (-0.046047855, 0.30083197, 0.36151502), (-0.026136937, 0.31275833, 0.4009624), (-0.016499475, 0.31414726, 0.4132556), (0.048850805, 0.3053058, 0.40861803), (0.027142288, 0.3097005, 0.41210243), (0.046303965, 0.30376074, 0.39301002), (0.03076134, 0.3050623, 0.38244262), (0.020753032, 0.3079045, 0.39108422), (0.011196201, 0.31268048, 0.41574353), (0.046357814, 0.30161235, 0.37873116), (0.0436227, 0.3083161, 0.42119637), (0.028895592, 0.3120458, 0.43185157), (0.017648764, 0.31350833, 0.4262969), (0.044202026, 0.30050734, 0.36584663), (0.01234082, 0.30591774, 0.36873323), (-0.00050957495, 0.3116021, 0.39761254), (-0.0007069134, 0.31376725, 0.41301712), (-0.0011281134, 0.30933338, 0.37924415), (0.054782476, 0.2984714, 0.36760333), (0.05400713, 0.29745126, 0.3603337), (0.052625336, 0.3081995, 0.43797293), (0.06450498, 0.3009068, 0.40306836), (0.06552527, 0.2973996, 0.36703816), (0.0174557, 0.30311266, 0.35991162), (0.0315379, 0.31198916, 0.44358438), (0.04297803, 0.31052792, 0.4501244), (0.05805638, 0.30073753, 0.39544815), (0.070690036, 0.29572633, 0.38713825), (0.08432924, 0.29414484, 0.39136225), (0.0793398, 0.293565, 0.36799884), (0.07602765, 0.29429975, 0.3750023), (0.06396744, 0.29537654, 0.380781), (-0.0012491316, 0.31553826, 0.4448097), (0.016678419, 0.31419712, 0.45862082), (-0.00045901246, 0.30577537, 0.36266467), (0.06580745, 0.29581964, 0.36140496), (0.030373812, 0.31212202, 0.46954396), (0.051529966, 0.30785075, 0.47687843), (-0.007825687, 0.31379282, 0.4131139), (-0.012977244, 0.31201416, 0.39706305), (-0.015284619, 0.30919003, 0.3751809), (-0.00048029926, 0.31527278, 0.4769702), (-0.011624298, 0.3160481, 0.45414162), (-0.014068539, 0.31566077, 0.4423442), (0.06050607, 0.29647154, 0.37830448), (-0.01752676, 0.30731353, 0.3670079), (-0.022313511, 0.31000227, 0.38676247), (0.042348053, 0.2970057, 0.35393035), (-0.024649307, 0.3081815, 0.37300852), (-0.034835324, 0.30834627, 0.3822215), (-0.04087892, 0.30576292, 0.37250987), (-0.031111183, 0.30419594, 0.3646501), (0.05441371, 0.29424682, 0.35330722), (0.073085696, 0.29002413, 0.35355628), (-0.035442065, 0.30255753, 0.36287057), (-0.2877435, -0.1380102, 0.36661538), (-0.4353397, -0.027777633, 0.20113838), (-0.43638748, -0.0067822346, 0.19976513), (-0.43732378, -0.02406688, 0.20400319), (-0.43777773, -0.0061190706, 0.201124), (-0.43799856, -0.000007295833, 0.19706222), (-0.1582836, 0.39537287, 0.12488423), (-0.16777532, 0.3950659, 0.12094064), (-0.1496757, 0.39347246, 0.123641506), (-0.16971377, 0.39650962, 0.12292277), (-0.17538364, 0.3971096, 0.119585805), (-0.16903746, 0.39332563, 0.11853474), (-0.1752204, 0.3953217, 0.118972905), (-0.18592599, 0.3948511, 0.11739841), (-0.16727333, 0.3931695, 0.12083092), (-0.13739103, 0.3896744, 0.12952724), (-0.12761185, 0.3890384, 0.13023809), (-0.13321759, 0.39315, 0.13069847), (-0.14197502, 0.39376011, 0.12726694), (-0.14195311, 0.39267698, 0.12664276), (-0.12797564, 0.39109525, 0.13247977), (-0.12557234, 0.38882348, 0.13256241), (-0.11726769, 0.38920543, 0.13390315), (-0.11727428, 0.39073634, 0.13655593), (-0.114226684, 0.38807172, 0.13767779), (-0.10981882, 0.38978666, 0.13883534), (-0.42020538, 0.07198574, 0.19821201), (-0.41967797, 0.06495233, 0.19943224), (-0.4243376, 0.04418932, 0.20354499), (-0.42149743, 0.058470096, 0.20369624), (-0.42052805, 0.06350222, 0.2037511), (-0.43353367, 0.018204577, 0.19744955), (-0.105212025, 0.38697794, 0.14034177), (-0.10056993, 0.38939342, 0.14236557), (0.07782104, 0.36043262, 0.18071121), (0.08068803, 0.35444808, 0.18368742), (-0.20964924, 0.39879295, 0.111307554), (-0.19946985, 0.3986867, 0.115003645), (-0.2131282, 0.40060613, 0.111244515), (-0.2186609, 0.3988563, 0.10950016), (-0.21911639, 0.40119997, 0.109932125), (-0.22150198, 0.40107685, 0.10702127), (-0.22990507, 0.39959538, 0.106081896), (-0.23186791, 0.4015353, 0.10530286), (-0.23353522, 0.40100121, 0.10305984), (-0.09711266, 0.37940434, 0.15308972), (-0.106198095, 0.38213354, 0.1475423), (-0.10071909, 0.37783846, 0.15867725), (-0.13289535, 0.3781784, 0.15514348), (-0.12765689, 0.38550976, 0.14184603), (-0.14560167, 0.3833436, 0.1461979), (-0.14582725, 0.38780272, 0.1371306), (-0.16907239, 0.38037235, 0.1524125), (-0.17355227, 0.38709584, 0.13791887), (-0.16092142, 0.37567762, 0.16104776), (-0.18057115, 0.380299, 0.15290949), (-0.20036411, 0.3868693, 0.1394141), (-0.18323562, 0.3752632, 0.16437499), (-0.20809615, 0.3818212, 0.15255107), (-0.19385901, 0.37255272, 0.16983885), (-0.18287298, 0.3678417, 0.1783187), (-0.19785942, 0.36677635, 0.18085618), (-0.17287077, 0.3709734, 0.171087), (-0.14850917, 0.36821675, 0.17348762), (-0.14365025, 0.37327862, 0.16426478), (-0.12964791, 0.3635488, 0.17950924), (-0.12207611, 0.3686504, 0.17168438), (-0.20801167, 0.37919006, 0.15930256), (-0.22532237, 0.37744322, 0.16615954), (-0.15380539, 0.3560188, 0.1952193), (-0.22731397, 0.3731486, 0.17363323), (-0.22845264, 0.38022444, 0.1604027), (-0.20836392, 0.3918893, 0.12915607), (-0.21703063, 0.38696197, 0.14142232), (-0.1870602, 0.3916986, 0.12653798), (-0.17424472, 0.39129555, 0.12801), (-0.14652462, 0.38963768, 0.13182506), (-0.22980842, 0.39406067, 0.12330072), (-0.23834705, 0.3883014, 0.13955471), (-0.120411456, 0.38518497, 0.14119625), (-0.10455785, 0.38442242, 0.14107329), (-0.20838143, 0.39546904, 0.11875438), (-0.19010384, 0.3932109, 0.12171389), (-0.17144255, 0.39271408, 0.12418926), (-0.20186967, 0.39632082, 0.11465806), (-0.17559116, 0.39329502, 0.11979551), (-0.25152367, 0.39689383, 0.11053452), (-0.229751, 0.3972799, 0.11011172), (-0.21311577, 0.39704055, 0.11116787), (-0.14195578, 0.35687414, 0.19061323), (-0.17271751, 0.35970214, 0.19016674), (-0.19754906, 0.36154267, 0.1889879), (-0.2220252, 0.36334363, 0.1870425), (-0.16062824, 0.35036424, 0.20325017), (-0.17400712, 0.3502013, 0.20433354), (-0.18416692, 0.35210776, 0.20152521), (-0.21797606, 0.35292327, 0.20079829), (-0.1880508, 0.39766598, 0.115542434), (-0.40669546, 0.13099568, 0.19975914), (-0.30997935, 0.22131805, 0.21506874), (-0.3210172, 0.20834272, 0.21581922), (-0.3054868, 0.23665656, 0.21186823), (-0.3101234, 0.20525412, 0.22155328), (-0.29498473, 0.22022815, 0.22171941), (-0.34666365, 0.16644841, 0.22143327), (-0.35719985, 0.16888021, 0.21609113), (-0.3485253, 0.17833655, 0.21608406), (-0.33652765, 0.17644377, 0.2219263), (-0.37584355, 0.15721318, 0.21322927), (-0.36345345, 0.14940394, 0.22154814), (-0.3791144, 0.13676618, 0.22128053), (-0.3950167, 0.1408922, 0.21300364), (-0.39924064, 0.1281105, 0.21697274), (-0.3948516, 0.123849876, 0.2207244), (-0.29333788, 0.20901062, 0.22596501), (-0.2804125, 0.21757846, 0.22761078), (-0.38029492, 0.16931942, 0.20509353), (-0.34383565, 0.20822175, 0.2043513), (-0.39594406, 0.14922398, 0.20794043), (-0.37008423, 0.19165601, 0.1993625), (-0.29033569, 0.23178455, 0.22102803), (-0.28485173, 0.24920239, 0.21591625), (-0.2839467, 0.24052761, 0.22019964), (-0.30468327, 0.24997343, 0.20635311), (-0.3175052, 0.2371665, 0.20561187), (-0.32971382, 0.21912687, 0.20592213), (-0.33413914, 0.20843934, 0.20935154), (-0.29150367, 0.25726408, 0.21030988), (-0.39266717, 0.16386195, 0.20098501), (-0.3647679, 0.20615064, 0.1941544), (-0.38109514, 0.19018394, 0.1935903), (-0.28480768, 0.2342906, 0.22303088), (-0.30030414, 0.25786823, 0.20468125), (-0.28845423, 0.2680217, 0.20804535), (-0.28354084, 0.2596525, 0.21359524), (-0.26100257, 0.23930512, 0.22801574), (-0.27184948, 0.25036952, 0.2202136), (-0.26413828, 0.25486645, 0.22229712), (-0.24631391, 0.2530343, 0.22996747), (-0.37567344, 0.12760842, 0.22537777), (-0.3116302, 0.19131939, 0.2251974), (-0.32784864, 0.17555645, 0.22503127), (-0.337382, 0.22221369, 0.1994646), (-0.3445646, 0.21457224, 0.19970703), (-0.36230797, 0.1361426, 0.22591127), (-0.34655982, 0.15142296, 0.22566773), (-0.33192518, 0.1652723, 0.2261504), (-0.2686063, 0.2279818, 0.22919352), (-0.27834618, 0.27274734, 0.21338348), (-0.23251921, 0.25452492, 0.23502955), (-0.26914293, 0.26541287, 0.21918418), (-0.33255848, 0.23707975, 0.19439246), (-0.31568953, 0.25186944, 0.19717653), (-0.27681533, 0.28274465, 0.20916899), (-0.3934227, 0.17260073, 0.19501571), (-0.34635895, 0.22511835, 0.19052495), (-0.4010627, 0.13145928, 0.21284124), (-0.39550725, 0.16362767, 0.1988037), (-0.26553717, 0.27849153, 0.22003464), (-0.24629414, 0.2697302, 0.22915672), (-0.26996395, 0.2816823, 0.21586576), (-0.25759876, 0.29226297, 0.22213826), (-0.24926223, 0.28103277, 0.22800383), (-0.23769689, 0.27806118, 0.23341276), (-0.24814118, 0.29114795, 0.2275682), (-0.25284994, 0.3017751, 0.22236954), (-0.24536769, 0.30282408, 0.22616802), (-0.23824374, 0.32205185, 0.22282203), (-0.23109874, 0.32038411, 0.2266731), (-0.22910836, 0.33503488, 0.22250175), (-0.23791024, 0.3011569, 0.22973062), (-0.22210672, 0.325875, 0.22772305), (-0.21925211, 0.29173562, 0.23750484), (-0.23041618, 0.28657117, 0.2354209), (-0.22148152, 0.28430697, 0.23922169), (-0.20017393, 0.28650916, 0.24227096), (-0.2015949, 0.30450863, 0.23568101), (-0.21606557, 0.2774669, 0.24152628), (-0.19848737, 0.27458203, 0.24610858), (-0.18426168, 0.2847946, 0.24569312), (-0.183288, 0.27524224, 0.24937594), (-0.21909907, 0.263883, 0.2415365), (-0.16314714, 0.28229567, 0.25319916), (-0.16160868, 0.2751517, 0.25599056), (-0.17903265, 0.2629139, 0.252273), (-0.19817692, 0.26367688, 0.24716106), (-0.22745775, 0.26410687, 0.23818706), (-0.18573953, 0.29513985, 0.2411348), (-0.17105813, 0.29137784, 0.24479498), (-0.1952384, 0.3099417, 0.23421519), (-0.20832424, 0.3236053, 0.22904418), (-0.18004955, 0.30575824, 0.23640886), (-0.18652126, 0.3153842, 0.23210452), (-0.26360437, 0.30098286, 0.21217221), (-0.2471178, 0.31885314, 0.21695851), (-0.2994424, 0.2689029, 0.19698614), (-0.23733327, 0.3341342, 0.21522698), (-0.25588697, 0.31229967, 0.21204133), (-0.31774658, 0.257172, 0.19019036), (-0.33206725, 0.2522063, 0.18072686), (-0.34798717, 0.23455462, 0.18015309), (-0.35890087, 0.223742, 0.18037169), (-0.37514064, 0.20573963, 0.18424688), (-0.22548683, 0.34643236, 0.21330063), (-0.2900726, 0.2834263, 0.19400568), (-0.30954775, 0.2809332, 0.17446014), (-0.27294093, 0.2945833, 0.20536812), (-0.24450274, 0.33163375, 0.2090601), (-0.23179388, 0.3505407, 0.20307311), (-0.32516417, 0.2777966, 0.16118194), (-0.3115723, 0.281297, 0.17206241), (-0.2946752, 0.3000886, 0.17268208), (-0.30751243, 0.2958408, 0.16034192), (-0.2832967, 0.29598936, 0.19028126), (-0.28240335, 0.31477043, 0.17612249), (-0.2705031, 0.31239912, 0.19269605), (-0.38924947, 0.19015065, 0.18365577), (-0.3454595, 0.25416288, 0.16293244), (-0.35412568, 0.24553223, 0.16161159), (-0.34523964, 0.26813546, 0.14830215), (-0.37240833, 0.2323879, 0.15538168), (-0.3747159, 0.21823727, 0.16913512), (-0.37315962, 0.24446355, 0.14231917), (-0.36339545, 0.25359663, 0.14433987), (-0.38550982, 0.23002172, 0.14195941), (-0.2745945, 0.3153452, 0.1846737), (-0.2753038, 0.32395598, 0.17516175), (-0.25594044, 0.33174315, 0.19337608), (-0.24043787, 0.34575176, 0.19860752), (-0.23298067, 0.35960755, 0.19158371), (-0.2418966, 0.35574692, 0.18620764), (-0.23962858, 0.36704454, 0.17733884), (-0.23478055, 0.37247658, 0.17574933), (-0.22895853, 0.36365864, 0.18995456), (-0.22477247, 0.35049927, 0.20798436), (-0.24558611, 0.3619135, 0.17550226), (-0.25194782, 0.34937364, 0.18011065), (-0.24962743, 0.34082788, 0.1919565), (-0.26406315, 0.33145905, 0.18206999), (-0.25882104, 0.34387872, 0.17588346), (-0.33075088, 0.28381863, 0.14786652), (-0.3770861, 0.2522651, 0.12890461), (-0.38470042, 0.22273225, 0.15108424), (-0.32839343, 0.29547426, 0.13654105), (-0.3031676, 0.30220917, 0.15854137), (-0.3586026, 0.2715196, 0.1279029), (-0.32639495, 0.30427888, 0.12824757), (-0.30541658, 0.3122661, 0.14475104), (-0.32252133, 0.30903745, 0.12765561), (-0.31132802, 0.32265186, 0.12743519), (-0.29112676, 0.3310718, 0.14456925), (-0.3017697, 0.33214563, 0.13061787), (-0.29660666, 0.34115246, 0.12660109), (-0.28060806, 0.34369418, 0.143565), (-0.28142193, 0.32914802, 0.15922266), (-0.33124167, 0.29895145, 0.12916023), (-0.3458852, 0.2845102, 0.12764539), (-0.27736482, 0.33895093, 0.15425742), (-0.2802691, 0.3574188, 0.12772253), (-0.29943192, 0.34692213, 0.115948595), (-0.28187793, 0.36563957, 0.11559454), (-0.38854772, 0.20521392, 0.16713439), (-0.28984275, 0.31694254, 0.16133073), (-0.26571283, 0.36026368, 0.14331405), (-0.26439258, 0.36924183, 0.13598484), (-0.24834886, 0.37941507, 0.15117225), (-0.23915236, 0.37849128, 0.16386913), (-0.31322667, 0.34644163, 0.097959764), (-0.3156598, 0.33027387, 0.112579755), (-0.2643184, 0.34691787, 0.16417848), (-0.30539864, 0.35529923, 0.09685927), (-0.2877215, 0.3746271, 0.09629671), (-0.2706811, 0.3726699, 0.12256527), (-0.27164423, 0.37885386, 0.114591), (-0.23226206, 0.37747985, 0.17089069), (-0.24780004, 0.3877122, 0.14018227), (-0.38245764, 0.25066164, 0.12270707), (-0.37014765, 0.26743832, 0.11771481), (-0.37894776, 0.27003363, 0.10207456), (-0.37021586, 0.28361645, 0.09545457), (-0.35897335, 0.2796372, 0.11526088), (-0.35325977, 0.2978159, 0.096912295), (-0.34287712, 0.29491073, 0.11637569), (-0.25093445, 0.36728013, 0.16117778), (-0.33633053, 0.30000174, 0.11939542), (-0.2564065, 0.35769606, 0.16314588), (-0.27903607, 0.38548493, 0.09491818), (-0.25791553, 0.3840566, 0.13099378), (-0.25576368, 0.3748391, 0.14455451), (-0.25360265, 0.39168864, 0.12940314), (-0.36407104, 0.2984488, 0.081579275), (-0.35395667, 0.3089709, 0.079241514), (-0.27053154, 0.39795855, 0.09386859), (-0.25931072, 0.39440972, 0.11619243), (-0.39313766, 0.20450075, 0.1607265), (-0.39620832, 0.18686837, 0.17585433), (-0.3470296, 0.30250773, 0.0987029), (-0.34043217, 0.31522608, 0.08954804), (-0.38873628, 0.24220279, 0.12208578), (-0.33278868, 0.31545365, 0.10190004), (-0.39549318, 0.22158645, 0.13411772), (-0.2623294, 0.3980455, 0.10595392), (-0.34323955, 0.32739347, 0.06616869), (-0.37891173, 0.28594607, 0.07846379), (-0.37066504, 0.29395208, 0.07892424), (-0.38311255, 0.2790813, 0.081526354), (-0.3348304, 0.32822785, 0.07947269), (-0.33315286, 0.34038633, 0.06428144), (-0.34747273, 0.3293796, 0.058294095), (-0.34150472, 0.34254566, 0.051227972), (-0.32626608, 0.34995228, 0.06376694), (-0.332009, 0.35686162, 0.04827273), (-0.34812686, 0.35146067, 0.03418469), (-0.31515303, 0.37721556, 0.05096774), (-0.317695, 0.36250925, 0.06292318), (-0.30574542, 0.3770608, 0.063117936), (-0.35867947, 0.31283355, 0.06462304), (-0.35621405, 0.32849362, 0.04672648), (-0.3672799, 0.31496155, 0.046901528), (-0.28992617, 0.3839787, 0.07775598), (-0.29212564, 0.39053172, 0.06677327), (-0.28426048, 0.38994157, 0.078746475), (-0.36999297, 0.3071095, 0.054912426), (-0.37559837, 0.2985536, 0.06057336), (-0.2956395, 0.3765854, 0.08005992), (-0.3101425, 0.36155823, 0.07815181), (-0.31597266, 0.35279885, 0.08048353), (-0.3267957, 0.34007207, 0.07692713), (-0.3285384, 0.3286502, 0.09108854), (-0.38589445, 0.2692829, 0.090583876), (-0.3888685, 0.2530353, 0.10778952), (-0.401568, 0.1437718, 0.20289253), (-0.39922276, 0.17518222, 0.1817835), (-0.3988831, 0.20082016, 0.15331289), (-0.3951549, 0.23655377, 0.11580679), (-0.2360975, 0.383733, 0.15740074), (-0.2521313, 0.39618185, 0.12031152), (-0.2404326, 0.3883996, 0.14439423), (-0.25190794, 0.3934451, 0.12759899), (-0.40476164, 0.1793415, 0.16423023), (-0.40592036, 0.15571193, 0.18332118), (-0.40704182, 0.116157636, 0.20845053), (-0.40818498, 0.11028077, 0.21027738), (-0.4101331, 0.08742019, 0.21598986), (-0.41191903, 0.07320042, 0.2190677), (-0.41617736, 0.07148554, 0.21157779), (-0.41949382, 0.05415482, 0.21650398), (-0.41114447, 0.09328827, 0.21068375), (-0.41681173, 0.09417481, 0.19532442), (-0.42313334, 0.039810844, 0.21560323), (-0.42883313, 0.017465608, 0.21405907), (-0.41971964, 0.0750542, 0.19963123), (-0.43304482, 0.0005534648, 0.21205974), (-0.436897, 0.0042375326, 0.19878112), (-0.4274624, 0.029213227, 0.20824462), (-0.41156843, 0.1088769, 0.19923882), (-0.41986445, 0.08608326, 0.19130954), (-0.4339994, -0.023232343, 0.21272306), (-0.41737998, 0.096249536, 0.19062698), (-0.23309402, 0.40128514, 0.10847349), (0.1393102, -0.27194846, 0.22372714), (0.14637958, -0.26695845, 0.22334847), (0.13284382, -0.27598256, 0.22294112), (0.2759348, -0.14860126, 0.23293446), (0.27768248, -0.14580321, 0.22440237), (0.26957083, -0.15963395, 0.22425407), (0.28476387, -0.13219848, 0.22453909), (0.27523112, -0.16400036, 0.21029021), (0.28230625, -0.1456467, 0.21646795), (0.28168193, -0.13535632, 0.24901246), (0.26621512, -0.16326784, 0.22499855), (0.2885104, -0.12334471, 0.24131516), (0.28924122, -0.11946127, 0.24047951), (0.27953586, -0.16148342, 0.20674016), (0.28985628, -0.14477302, 0.20689832), (0.28830793, -0.17812665, 0.19616733), (0.26158962, -0.18101723, 0.20983131), (0.26219538, -0.18980637, 0.20581855), (0.28427225, -0.19659439, 0.19189551), (0.2995645, -0.1934943, 0.18429391), (0.2907554, -0.20710471, 0.18426542), (0.31558686, -0.1846569, 0.17493342), (0.31840584, -0.19279122, 0.16719249), (0.3102859, -0.20784138, 0.16494481), (0.288539, -0.22266789, 0.17477188), (0.2743281, -0.22610639, 0.1848401), (0.32742104, -0.1932384, 0.1516913), (0.31605992, -0.20962013, 0.15340738), (0.32232764, -0.21068026, 0.13824366), (0.33113116, -0.19663942, 0.13834718), (0.3327605, -0.20153295, 0.12578264), (0.34538206, -0.17281222, 0.13577211), (0.3493532, -0.17350085, 0.1222804), (0.36008716, -0.14325982, 0.1338588), (0.36294472, -0.14637439, 0.11954949), (0.36922944, -0.12779981, 0.123234786), (0.36641526, -0.12699334, 0.13383397), (0.37670466, -0.104271084, 0.12155467), (0.38105282, -0.08405929, 0.12371583), (0.38365698, -0.06304147, 0.1298674), (0.3848114, -0.053410262, 0.13107374), (0.38092867, -0.05417447, 0.14252211), (0.37500262, -0.07062692, 0.15090656), (0.38808313, -0.026576547, 0.12994525), (0.38440886, -0.022425164, 0.14258981), (0.37318403, -0.10070893, 0.13662623), (0.37740695, -0.08382638, 0.13657095), (0.36810687, -0.10086926, 0.15055837), (0.363527, -0.11546005, 0.15151198), (0.37609938, -0.05502443, 0.15476468), (0.3676503, -0.060792852, 0.16940266), (0.37335432, -0.023533208, 0.16820768), (0.35995245, -0.038841322, 0.18462265), (0.36110294, -0.0657981, 0.17746584), (0.3555695, -0.055056054, 0.18699259), (0.35131982, -0.047398306, 0.19135398), (0.3505625, -0.05675695, 0.19108997), (0.3281754, -0.052755162, 0.20686701), (0.34433958, -0.03795676, 0.19795851), (0.3315003, -0.070172146, 0.20091668), (0.3226487, -0.08937692, 0.20309477), (0.3305925, -0.08363966, 0.19783568), (0.339308, -0.0790929, 0.19317941), (0.3078408, -0.075601384, 0.21962567), (0.3086298, -0.06123915, 0.22259003), (0.29527187, -0.07870584, 0.22932482), (0.31670183, -0.09669849, 0.20687765), (0.32198083, -0.104516074, 0.19639185), (0.31389707, -0.112472266, 0.20061798), (0.30396816, -0.10870922, 0.21384697), (0.31649712, -0.12718703, 0.19567227), (0.33565176, -0.09980721, 0.18833128), (0.33395946, -0.12884921, 0.18382204), (0.32658902, -0.14611022, 0.18411495), (0.3414942, -0.124442086, 0.17837855), (0.34089956, -0.14804667, 0.16849063), (0.34930634, -0.12805079, 0.16873786), (0.35506514, -0.11109334, 0.1690869), (0.3552574, -0.08267144, 0.17859024), (0.34725615, -0.08492611, 0.18514839), (0.35200632, -0.07469512, 0.18497908), (0.32592174, -0.16184743, 0.17721348), (0.34945562, -0.14850774, 0.1531718), (0.3141394, -0.14587682, 0.19233981), (0.3415457, -0.10765978, 0.18331286), (0.30346546, -0.12085641, 0.20542642), (0.31115782, -0.050225545, 0.22354302), (0.32623652, -0.028482363, 0.21608731), (0.331685, -0.0006047223, 0.21844824), (0.33952522, -0.011409282, 0.20741877), (0.32486972, 0.0059292177, 0.2288191), (0.3306779, 0.016052596, 0.23085073), (0.3354093, 0.025633892, 0.23191117), (0.328489, 0.029901303, 0.23910534), (0.34376052, 0.04637088, 0.235589), (0.33579728, 0.05079588, 0.24452041), (0.35116816, 0.042414248, 0.22644936), (0.32162222, 0.010124969, 0.23606306), (0.30385798, -0.099400744, 0.21902962), (0.3303883, -0.09395103, 0.19239447), (0.34223202, -0.023902778, 0.20235522), (0.29989073, -0.053443495, 0.23247007), (0.35150242, -0.066657886, 0.18915643), (0.3624496, -0.086091146, 0.16896808), (0.36059225, -0.12778936, 0.14878686), (0.29476675, -0.09502579, 0.2271707), (0.2911322, -0.08744928, 0.23032328), (0.28568769, -0.07000145, 0.23730853), (0.27613252, -0.0829445, 0.23784888), (0.2759043, -0.0987873, 0.23304552), (0.26795956, -0.0938917, 0.23810434), (0.26284432, -0.12916042, 0.23068586), (0.256231, -0.13153276, 0.23436792), (0.2516824, -0.13159056, 0.23829374), (0.2518371, -0.15135752, 0.23351146), (0.24172023, -0.1609622, 0.23775615), (0.24523272, -0.16294843, 0.2342828), (0.24582301, -0.16817348, 0.23272961), (0.24223405, -0.17190768, 0.23287009), (0.24920164, -0.17651261, 0.2351937), (0.24631687, -0.17850012, 0.23475806), (0.24492437, -0.18216488, 0.23425707), (0.23698221, -0.17083798, 0.23701231), (0.23862635, -0.17351219, 0.23384169), (0.23927963, -0.1793944, 0.23389414), (0.247596, -0.12683968, 0.24590535), (0.25147074, -0.1153317, 0.24546345), (0.26888162, -0.12839773, 0.22860876), (0.27647653, -0.11962575, 0.22831888), (0.27731073, -0.12582898, 0.22747025), (0.25852916, -0.09755585, 0.24619721), (0.28593662, -0.11065279, 0.228591), (0.2799828, -0.10904985, 0.2296735), (0.24592361, -0.18664394, 0.22329003), (0.2376161, -0.18942751, 0.23414673), (0.22397146, -0.20215952, 0.22937538), (0.2712346, -0.07216971, 0.24741645), (0.2844348, -0.054308232, 0.24421939), (0.26038688, -0.14197047, 0.22988759), (0.230729, -0.19439854, 0.23409496), (0.2203052, -0.20062001, 0.23516177), (0.2162637, -0.20451598, 0.23273307), (0.20973183, -0.20775239, 0.2311124), (0.20293164, -0.21164522, 0.2304921), (0.19847487, -0.2148629, 0.2303778), (0.19226088, -0.22087878, 0.23112911), (0.1955336, -0.2203357, 0.22783925), (0.19068328, -0.22493914, 0.22756834), (0.18089518, -0.2333018, 0.22727528), (0.16957808, -0.24712922, 0.22448324), (0.1644863, -0.25213248, 0.22405453), (0.17090385, -0.2642161, 0.2151758), (0.16025317, -0.25617963, 0.22384559), (0.1972764, -0.2276771, 0.22273332), (0.2314999, -0.18622519, 0.2362992), (0.21607415, -0.20729263, 0.2253765), (0.23330955, -0.19967495, 0.21773118), (0.24073853, -0.19573276, 0.21515118), (0.2336918, -0.18617928, 0.23510937), (0.2509027, -0.18956755, 0.21212475), (0.25742686, -0.17743608, 0.21973164), (0.2897166, -0.098341875, 0.2292015), (0.3791236, -0.025757426, 0.15620689), (0.29182798, -0.06014096, 0.23660517), (0.20336618, -0.25371823, 0.20798957), (0.20454271, -0.23247221, 0.21721284), (0.2171867, -0.2425896, 0.20688605), (0.20413642, -0.28127414, 0.19408649), (0.2325624, -0.25387657, 0.19405673), (0.22597088, -0.2768897, 0.18590125), (0.2143706, -0.2878129, 0.1855886), (0.20425318, -0.29551587, 0.18576531), (0.20622295, -0.304224, 0.17485395), (0.19060911, -0.3161909, 0.17387037), (0.20410217, -0.32050195, 0.15694657), (0.1881915, -0.3306181, 0.15726642), (0.16215144, -0.33436993, 0.17359261), (0.16549525, -0.32264557, 0.18492), (0.15198141, -0.33067843, 0.18457165), (0.15797703, -0.31411344, 0.19286041), (0.1363484, -0.32029063, 0.19568418), (0.13764468, -0.33811477, 0.18420725), (0.120065495, -0.34520483, 0.18473737), (0.124222495, -0.35203117, 0.17449427), (0.13610251, -0.29654062, 0.20925853), (0.1547702, -0.28152978, 0.21197993), (0.12445429, -0.28708878, 0.21840839), (0.124673486, -0.28027833, 0.22307003), (0.11633732, -0.28408504, 0.22308949), (0.106247336, -0.33525813, 0.1943854), (0.111273706, -0.31756777, 0.2031913), (0.11939806, -0.3027091, 0.21023147), (0.077948235, -0.31954384, 0.20864797), (0.082271114, -0.34936425, 0.19113263), (0.095786154, -0.35527533, 0.18442993), (0.07933296, -0.33680466, 0.19890776), (0.034476306, -0.33499518, 0.20786878), (0.031072916, -0.3483968, 0.2002021), (0.029646235, -0.3424722, 0.20443395), (0.028945422, -0.3531002, 0.19745103), (0.024063697, -0.35276434, 0.2019301), (0.029058682, -0.3604565, 0.19169828), (0.056378882, -0.36341438, 0.1856735), (0.02502095, -0.3383742, 0.21001324), (0.01620238, -0.32893592, 0.21820855), (0.013529897, -0.33841145, 0.21391776), (0.009550031, -0.35188803, 0.2068405), (0.013174625, -0.36336142, 0.19754693), (-0.0008059095, -0.3676264, 0.1923444), (0.019332452, -0.36720008, 0.19128804), (0.012777369, -0.37066057, 0.18282744), (0.011474704, -0.3101328, 0.22971469), (-0.000714057, -0.30719674, 0.23285662), (0.0067819557, -0.30263662, 0.23621875), (0.020180738, -0.3203914, 0.22194964), (0.018201865, -0.3512657, 0.20573315), (0.04064625, -0.3211432, 0.21479304), (0.1475948, -0.342028, 0.1737524), (0.21616077, -0.31088597, 0.15756603), (0.22917728, -0.3005804, 0.157524), (0.18518339, -0.30964193, 0.18507971), (0.1770081, -0.30231586, 0.19263145), (0.23883007, -0.26459974, 0.1854138), (0.24003132, -0.27578315, 0.17408128), (0.2600838, -0.25746393, 0.17213468), (0.22412692, -0.23438881, 0.20711522), (0.24595168, -0.22889246, 0.19813614), (0.2552122, -0.24744268, 0.18499552), (0.25277364, -0.27910697, 0.15754558), (0.26423663, -0.2677312, 0.15746364), (0.26839086, -0.2725621, 0.14425682), (0.2808795, -0.24737649, 0.16030385), (0.28553522, -0.2523005, 0.14590879), (0.29286492, -0.253368, 0.13085395), (0.24197865, -0.28984314, 0.15707709), (0.027554188, -0.36522612, 0.18784502), (0.07576675, -0.30756262, 0.21629222), (0.055773407, -0.30859748, 0.21985814), (0.040759303, -0.2993062, 0.23163278), (0.05231043, -0.29567835, 0.23098096), (0.037551448, -0.29674605, 0.23537245), (0.0722045, -0.29290098, 0.2275921), (0.05977933, -0.29329947, 0.23149163), (0.08901412, -0.29016265, 0.22452985), (0.026744714, -0.29906622, 0.23588628), (0.356012, -0.026364677, 0.1899643), (0.024009014, -0.30527976, 0.23100755), (0.0251631, -0.2978794, 0.23930454), (0.22510521, -0.29034078, 0.17331867), (0.29070106, -0.11114609, 0.22731286), (0.31621814, -0.2245979, 0.12957822), (0.34495425, -0.16061191, 0.15111521), (0.31122786, -0.21881208, 0.14974527), (0.27218363, -0.24371983, 0.17288241), (0.31485617, -0.16857152, 0.1841734), (0.27353677, -0.20943616, 0.19244128), (0.24332115, -0.21003355, 0.20754802), (0.080323555, -0.35826078, 0.18548022), (0.35470232, -0.013132761, 0.19223171), (0.28679878, -0.1266742, 0.22472757), (0.18359333, -0.27346087, 0.20596254), (0.2679745, -0.17381965, 0.20960899), (0.24893335, -0.29049885, 0.14624028), (0.2604566, -0.16703361, 0.23332377), (0.29852095, -0.12765583, 0.20640028), (0.022976441, -0.3635748, 0.19459878), (0.29654783, -0.041756876, 0.23967883), (0.2577255, -0.09577371, 0.25060865), (0.26356438, -0.08465595, 0.24946317), (0.29598647, -0.10185214, 0.22594963), (0.030273778, -0.3110241, 0.2255391), (0.372077, -0.08406366, 0.15096572), (0.104557395, -0.28854293, 0.2222656), (0.021151125, -0.36853126, 0.18508324), (0.266227, -0.08228455, 0.24677408), (0.22661628, -0.20304027, 0.22133201), (0.22255914, -0.20662682, 0.22070028), (0.23343633, -0.17896378, 0.2350837), (0.21089922, -0.21338324, 0.22357187), (0.30501738, -0.16282558, 0.19213751), (0.32876083, -0.17375794, 0.1679701), (0.33613458, -0.17788543, 0.15121794), (0.29127938, -0.1187082, 0.2225645), (0.25432512, -0.17332138, 0.23243128), (0.26755008, -0.13659917, 0.22837402), (0.30085465, -0.22097412, 0.16366296), (0.08369196, 0.3475989, 0.18876), (0.08326096, 0.35984614, 0.17741556), (0.095537916, 0.35486847, 0.17857903), (0.09947771, 0.3616204, 0.16998862), (0.06994383, 0.36661625, 0.17188726), (0.123285934, 0.35367864, 0.16896766), (0.11996678, 0.34229508, 0.18255709), (0.07387447, 0.3601953, 0.18111983), (0.059677538, 0.36791074, 0.17132893), (0.0794814, 0.37405467, 0.15918), (0.06642036, 0.35035676, 0.19218363), (0.053619564, 0.34254652, 0.20006855), (0.08274942, 0.36822584, 0.16717845), (0.10933186, 0.36385015, 0.1621491), (0.12244219, 0.35973924, 0.16061537), (0.13739988, 0.34692276, 0.16959593), (0.042900454, 0.379967, 0.15930264), (0.047388356, 0.3373119, 0.20496774), (0.102621295, 0.34256226, 0.1874952), (0.088631906, 0.34367955, 0.19114877), (0.117516376, 0.33667117, 0.18778685), (0.101256125, 0.33069012, 0.19513178), (0.12625924, 0.33383334, 0.18814336), (0.11608143, 0.32075694, 0.1971259), (0.14043982, 0.33556533, 0.18194935), (0.16560921, 0.33376724, 0.16898091), (0.16164112, 0.32507133, 0.18243743), (0.13172713, 0.3246014, 0.19352084), (0.14269623, 0.30908963, 0.20095482), (0.10958829, 0.31164896, 0.20371938), (0.15303414, 0.31231052, 0.1965393), (0.14044544, 0.30202895, 0.20587912), (0.11319079, 0.30448085, 0.20685875), (0.09494996, 0.309936, 0.20664608), (0.10800808, 0.29998934, 0.21092752), (0.087373234, 0.30723572, 0.21172579), (0.08233323, 0.3148768, 0.20771769), (0.07690782, 0.3105198, 0.21186301), (0.08808887, 0.31784818, 0.20392542), (0.06544833, 0.3126789, 0.21395761), (0.07334388, 0.30608177, 0.21495551), (0.082011834, 0.3231185, 0.20339692), (0.08963809, 0.32430485, 0.20046787), (0.078284815, 0.32067573, 0.20604278), (0.12349269, 0.29702455, 0.21174207), (0.117204644, 0.29002196, 0.21585758), (0.12358435, 0.28516352, 0.2163236), (0.13086945, 0.2778269, 0.21814242), (0.14356054, 0.2869205, 0.21184856), (0.15151133, 0.27302232, 0.21762802), (0.15735957, 0.26990536, 0.21963096), (0.16441548, 0.26567423, 0.2211099), (0.17565039, 0.2624852, 0.21937661), (0.17659138, 0.25512213, 0.22452195), (0.18594433, 0.26665932, 0.2124979), (0.15402852, 0.30000836, 0.20495279), (0.13163309, 0.2883398, 0.21344836), (0.019346546, 0.37935108, 0.16390727), (0.0014520084, 0.38496432, 0.15768915), (0.00052691624, 0.3792568, 0.16723394), (-0.0010000599, 0.37026054, 0.17929079), (-0.032483388, 0.38744697, 0.1506391), (-0.04982619, 0.38087842, 0.16063504), (-0.061929755, 0.38447094, 0.1553187), (-0.0779453, 0.3777216, 0.17327094), (-0.05825869, 0.3726447, 0.17688975), (-0.029782249, 0.3784501, 0.16758335), (-0.07939562, 0.37545723, 0.1769527), (-0.051048804, 0.36762413, 0.18340798), (-0.041870095, 0.36842197, 0.1831267), (-0.0938668, 0.3629732, 0.19023253), (-0.10014312, 0.37073845, 0.17894535), (-0.11280957, 0.36415723, 0.18684487), (-0.1224869, 0.37050706, 0.1749758), (-0.13010274, 0.3663302, 0.18022938), (-0.12891425, 0.3790282, 0.15917881), (-0.12849079, 0.3545716, 0.1971242), (-0.109937124, 0.379243, 0.1616988), (-0.11732129, 0.3906021, 0.13942045), (-0.1284175, 0.39190188, 0.13555676), (-0.13137862, 0.38482055, 0.14865598), (-0.14676586, 0.37971202, 0.15761504), (-0.16274635, 0.38810313, 0.14137162), (-0.17386535, 0.38731888, 0.1437666), (-0.1769657, 0.3772332, 0.164942), (-0.18459158, 0.3777083, 0.16519915), (-0.1975418, 0.37222943, 0.17635849), (-0.18082283, 0.39004365, 0.13732636), (-0.18876061, 0.39725986, 0.11941255), (-0.20425002, 0.3956311, 0.12631361), (-0.23364767, 0.39641187, 0.12353179), (-0.20776886, 0.3886965, 0.14353885), (-0.23253982, 0.38628152, 0.15174207), (-0.24056987, 0.3933107, 0.13175313), (-0.2242415, 0.38176554, 0.16318741), (-0.2260925, 0.37465, 0.1754376), (-0.20156401, 0.3587596, 0.19665973), (-0.20061196, 0.36707917, 0.1847165), (-0.19475104, 0.39139447, 0.13527724), (-0.1764322, 0.36670625, 0.18374954), (-0.14787234, 0.39425707, 0.12889875), (-0.14235106, 0.36200857, 0.18700528), (-0.14230955, 0.35424292, 0.1986633), (-0.15160769, 0.3608597, 0.1909282), (0.024723269, 0.32927984, 0.212804), (-0.019694677, 0.36985373, 0.18110573), (0.082383275, 0.3368917, 0.19708584), (-0.20645444, 0.37989017, 0.16304518), (0.09698069, 0.31729478, 0.20246592), (0.14953977, 0.33514494, 0.17792523), (0.030372081, 0.37128517, 0.17161041), (-0.089241974, 0.37927565, 0.16696043), (0.15057804, 0.32286045, 0.18996987), (-0.046961997, 0.37588313, 0.17045274), (-0.15600985, 0.3577408, 0.1971386), (0.15936679, 0.28090557, 0.21152413), (-0.14663166, 0.37091035, 0.17293599), (0.09159342, 0.3696777, 0.16188037)]
}

