#usda 1.0
(
    defaultPrim = "Mesh"
)

def Mesh "Mesh"
{
    int[] faceVertexCounts = [3, 3, 3, 3, 3, 3, 3, 3, 3, 3, 3, 3, 3, 3, 3, 3, 3, 3, 3, 3, 3, 3, 3, 3, 3, 3, 3, 3, 3, 3, 3, 3, 3, 3, 3, 3, 3, 3, 3, 3, 3, 3, 3, 3, 3, 3, 3, 3, 3, 3, 3, 3, 3, 3, 3, 3, 3, 3, 3, 3, 3, 3, 3, 3, 3, 3, 3, 3, 3, 3, 3, 3, 3, 3, 3, 3, 3, 3, 3, 3, 3, 3, 3, 3, 3, 3, 3, 3, 3, 3, 3, 3, 3, 3, 3, 3, 3, 3, 3, 3, 3, 3, 3, 3, 3, 3, 3, 3, 3, 3, 3, 3, 3, 3, 3, 3, 3, 3, 3, 3, 3, 3, 3, 3, 3, 3, 3, 3, 3, 3, 3, 3, 3, 3, 3, 3, 3, 3, 3, 3, 3, 3, 3, 3, 3, 3, 3, 3, 3, 3, 3, 3, 3, 3, 3, 3, 3, 3, 3, 3, 3, 3, 3, 3, 3, 3, 3, 3, 3, 3, 3, 3, 3, 3, 3, 3, 3, 3, 3, 3, 3, 3, 3, 3, 3, 3, 3, 3, 3, 3, 3, 3, 3, 3, 3, 3, 3, 3, 3, 3, 3, 3, 3, 3, 3, 3, 3, 3, 3, 3, 3, 3, 3, 3, 3, 3, 3, 3, 3, 3, 3, 3, 3, 3, 3, 3, 3, 3, 3, 3, 3, 3, 3, 3, 3, 3, 3, 3, 3, 3, 3, 3, 3, 3, 3, 3, 3, 3, 3, 3, 3, 3, 3, 3, 3, 3, 3, 3, 3, 3, 3, 3, 3, 3, 3, 3, 3, 3, 3, 3, 3, 3, 3, 3, 3, 3, 3, 3, 3, 3, 3, 3, 3, 3, 3, 3, 3, 3, 3, 3, 3, 3, 3, 3, 3, 3, 3, 3, 3, 3, 3, 3, 3, 3, 3, 3, 3, 3, 3, 3, 3, 3, 3, 3, 3, 3, 3, 3, 3, 3, 3, 3, 3, 3, 3, 3, 3, 3, 3, 3, 3, 3, 3, 3, 3, 3, 3, 3, 3, 3, 3, 3, 3, 3, 3, 3, 3, 3, 3, 3, 3, 3, 3, 3, 3, 3, 3, 3, 3, 3, 3, 3, 3, 3, 3, 3, 3, 3, 3, 3, 3, 3, 3, 3, 3, 3, 3, 3, 3, 3, 3, 3, 3, 3, 3, 3, 3, 3, 3, 3, 3, 3, 3, 3, 3, 3, 3, 3, 3, 3, 3, 3, 3, 3, 3, 3, 3, 3, 3, 3, 3, 3, 3, 3, 3, 3, 3, 3, 3, 3, 3, 3, 3, 3, 3, 3, 3, 3, 3, 3, 3, 3, 3, 3, 3, 3, 3, 3, 3, 3, 3, 3, 3, 3, 3, 3, 3, 3, 3, 3, 3, 3, 3, 3, 3, 3, 3, 3, 3, 3, 3, 3, 3, 3, 3, 3, 3, 3, 3, 3, 3, 3, 3, 3, 3, 3, 3, 3, 3, 3, 3, 3, 3, 3, 3, 3, 3, 3, 3, 3, 3, 3, 3, 3, 3, 3, 3, 3, 3, 3, 3, 3, 3, 3, 3, 3, 3, 3, 3, 3, 3, 3, 3, 3, 3, 3, 3, 3, 3, 3, 3, 3, 3, 3, 3, 3, 3, 3, 3, 3, 3, 3, 3, 3, 3, 3, 3, 3, 3, 3, 3, 3, 3, 3, 3, 3, 3, 3, 3, 3, 3, 3, 3, 3, 3, 3, 3, 3, 3, 3, 3, 3, 3, 3, 3, 3, 3, 3, 3, 3, 3, 3, 3, 3, 3, 3, 3, 3, 3, 3, 3, 3, 3, 3, 3, 3, 3, 3, 3, 3, 3, 3, 3, 3, 3, 3, 3, 3, 3, 3, 3, 3, 3, 3, 3, 3, 3, 3, 3, 3, 3, 3, 3, 3, 3, 3, 3, 3, 3, 3, 3, 3, 3, 3, 3, 3, 3, 3, 3, 3, 3, 3, 3, 3, 3, 3, 3, 3, 3, 3, 3, 3, 3, 3, 3, 3, 3, 3, 3, 3, 3, 3, 3, 3, 3, 3, 3, 3, 3, 3, 3, 3, 3, 3, 3, 3, 3, 3, 3, 3, 3, 3, 3, 3, 3, 3, 3, 3, 3, 3, 3, 3, 3, 3, 3, 3, 3, 3, 3, 3, 3, 3, 3, 3, 3, 3, 3, 3, 3, 3, 3, 3, 3, 3, 3, 3, 3, 3, 3, 3, 3, 3, 3, 3, 3, 3, 3, 3, 3, 3, 3, 3, 3, 3, 3, 3, 3, 3, 3, 3, 3, 3, 3, 3, 3, 3, 3, 3, 3, 3, 3, 3, 3, 3, 3, 3, 3, 3, 3, 3, 3, 3, 3, 3, 3, 3, 3, 3, 3, 3, 3, 3, 3, 3, 3, 3, 3, 3, 3, 3, 3, 3, 3, 3, 3, 3, 3, 3, 3, 3, 3, 3, 3, 3, 3, 3, 3, 3, 3, 3, 3, 3, 3, 3, 3, 3, 3, 3, 3, 3, 3, 3, 3, 3, 3, 3, 3, 3, 3, 3, 3, 3, 3, 3, 3, 3, 3, 3, 3, 3, 3, 3, 3, 3, 3, 3, 3, 3, 3, 3, 3, 3, 3, 3, 3, 3, 3, 3, 3, 3, 3, 3, 3, 3, 3, 3, 3, 3, 3, 3, 3, 3, 3, 3, 3, 3, 3, 3, 3, 3, 3, 3, 3, 3, 3, 3, 3, 3, 3, 3, 3, 3, 3, 3, 3, 3, 3, 3, 3, 3, 3, 3, 3, 3, 3, 3, 3, 3, 3, 3, 3, 3, 3, 3, 3, 3, 3, 3, 3, 3, 3, 3, 3, 3, 3, 3, 3, 3, 3, 3, 3, 3, 3, 3, 3, 3, 3, 3, 3, 3, 3, 3, 3, 3, 3, 3, 3, 3, 3, 3, 3, 3, 3, 3, 3, 3, 3, 3, 3, 3, 3, 3, 3, 3, 3, 3, 3, 3, 3, 3, 3, 3, 3, 3, 3, 3, 3, 3, 3, 3, 3, 3, 3, 3, 3, 3, 3, 3, 3, 3, 3, 3, 3, 3, 3, 3, 3, 3, 3, 3, 3, 3, 3, 3, 3, 3, 3, 3, 3, 3, 3, 3, 3, 3, 3, 3, 3, 3, 3, 3, 3, 3, 3, 3, 3, 3, 3, 3, 3, 3, 3, 3, 3, 3, 3, 3, 3, 3, 3, 3, 3, 3, 3, 3, 3, 3, 3, 3, 3, 3, 3, 3, 3, 3, 3, 3, 3, 3, 3, 3, 3, 3, 3, 3, 3, 3, 3, 3, 3, 3, 3, 3, 3, 3, 3, 3, 3, 3, 3, 3, 3, 3, 3, 3, 3, 3, 3, 3, 3, 3, 3, 3, 3, 3, 3, 3, 3, 3, 3, 3, 3, 3, 3, 3, 3, 3, 3, 3, 3, 3, 3, 3, 3, 3, 3, 3, 3, 3, 3, 3, 3, 3, 3, 3, 3, 3, 3, 3, 3, 3, 3, 3, 3, 3, 3, 3, 3, 3, 3, 3, 3, 3, 3, 3, 3, 3, 3, 3, 3, 3, 3, 3, 3, 3, 3, 3, 3, 3, 3, 3, 3, 3, 3, 3, 3, 3, 3, 3, 3, 3, 3, 3, 3, 3, 3, 3, 3, 3, 3, 3, 3, 3, 3, 3, 3, 3, 3, 3, 3, 3, 3, 3, 3, 3, 3, 3, 3, 3, 3, 3, 3, 3, 3, 3, 3, 3, 3, 3, 3, 3, 3, 3, 3, 3, 3, 3, 3, 3, 3, 3, 3, 3, 3, 3, 3, 3, 3, 3, 3, 3, 3, 3, 3, 3, 3, 3, 3, 3, 3, 3, 3, 3, 3, 3, 3, 3, 3, 3, 3, 3, 3, 3, 3, 3, 3, 3, 3, 3, 3, 3, 3, 3, 3, 3, 3, 3, 3, 3, 3, 3, 3, 3, 3, 3, 3, 3, 3, 3, 3, 3, 3, 3, 3, 3, 3, 3, 3, 3, 3, 3, 3, 3, 3, 3, 3, 3, 3, 3, 3, 3, 3, 3, 3, 3, 3, 3, 3, 3, 3, 3, 3, 3, 3, 3, 3, 3, 3, 3, 3, 3, 3, 3, 3, 3, 3, 3, 3, 3, 3, 3, 3, 3, 3, 3, 3, 3, 3, 3, 3, 3, 3, 3, 3, 3, 3, 3, 3, 3, 3, 3, 3, 3, 3, 3, 3, 3, 3, 3, 3, 3, 3, 3, 3, 3, 3, 3, 3, 3, 3, 3, 3, 3, 3, 3, 3, 3, 3, 3, 3, 3, 3, 3, 3, 3, 3, 3, 3, 3, 3, 3, 3, 3, 3, 3, 3, 3, 3, 3, 3, 3, 3, 3, 3, 3, 3, 3, 3, 3, 3, 3, 3, 3, 3, 3, 3, 3, 3, 3, 3, 3, 3, 3, 3, 3, 3, 3, 3, 3, 3, 3, 3, 3, 3, 3, 3, 3, 3, 3, 3, 3, 3, 3, 3, 3, 3, 3, 3, 3, 3, 3, 3, 3, 3, 3, 3, 3, 3, 3, 3, 3, 3, 3, 3, 3, 3, 3, 3, 3, 3, 3, 3, 3, 3, 3, 3, 3, 3, 3, 3, 3, 3, 3, 3, 3, 3, 3, 3, 3, 3, 3, 3, 3, 3, 3, 3, 3, 3, 3, 3, 3, 3, 3, 3, 3, 3, 3, 3, 3, 3, 3, 3, 3, 3, 3, 3, 3, 3, 3, 3, 3, 3, 3, 3, 3, 3, 3, 3, 3, 3, 3, 3, 3, 3, 3, 3, 3, 3, 3, 3, 3, 3, 3, 3, 3, 3, 3, 3, 3, 3, 3, 3, 3, 3, 3, 3, 3, 3, 3, 3, 3, 3, 3, 3, 3, 3, 3, 3, 3, 3, 3, 3, 3, 3, 3, 3, 3, 3, 3, 3, 3, 3, 3, 3, 3, 3, 3, 3, 3, 3, 3, 3, 3, 3, 3, 3, 3, 3, 3, 3, 3, 3, 3, 3, 3, 3, 3, 3, 3, 3, 3, 3, 3, 3, 3, 3, 3, 3, 3, 3, 3, 3, 3, 3, 3, 3, 3, 3, 3, 3, 3, 3, 3, 3, 3, 3, 3, 3, 3, 3, 3, 3, 3, 3, 3, 3, 3, 3, 3, 3, 3, 3, 3, 3, 3, 3, 3, 3, 3, 3, 3, 3, 3, 3, 3, 3, 3, 3, 3, 3, 3, 3, 3, 3, 3, 3, 3, 3, 3, 3, 3, 3, 3, 3, 3, 3, 3, 3, 3, 3, 3, 3, 3, 3, 3, 3, 3, 3, 3, 3, 3, 3, 3, 3, 3, 3, 3, 3, 3, 3, 3, 3, 3, 3, 3, 3, 3, 3, 3, 3, 3, 3, 3, 3, 3, 3, 3, 3, 3, 3, 3, 3, 3, 3, 3, 3, 3, 3, 3, 3, 3, 3, 3, 3, 3, 3, 3, 3, 3, 3, 3, 3, 3, 3, 3, 3, 3, 3, 3, 3, 3, 3, 3, 3, 3, 3, 3, 3, 3, 3, 3, 3, 3, 3, 3, 3, 3, 3, 3, 3, 3, 3, 3, 3, 3, 3, 3, 3, 3, 3, 3, 3, 3, 3, 3, 3, 3, 3, 3, 3, 3, 3, 3, 3, 3, 3, 3, 3, 3, 3, 3, 3, 3, 3, 3, 3, 3, 3, 3, 3, 3, 3, 3, 3, 3, 3, 3, 3, 3, 3, 3, 3, 3, 3, 3, 3, 3, 3, 3, 3, 3, 3, 3, 3, 3, 3, 3, 3, 3, 3, 3, 3, 3, 3, 3, 3, 3, 3, 3, 3, 3, 3, 3, 3, 3, 3, 3, 3, 3, 3, 3, 3, 3, 3, 3, 3, 3, 3, 3, 3, 3, 3, 3, 3, 3, 3, 3, 3, 3, 3, 3, 3, 3, 3, 3, 3, 3, 3, 3, 3, 3, 3, 3, 3, 3, 3, 3, 3, 3, 3, 3, 3, 3, 3, 3, 3, 3, 3, 3, 3, 3, 3, 3, 3, 3, 3, 3, 3, 3, 3, 3, 3, 3, 3, 3, 3, 3, 3, 3, 3, 3, 3, 3, 3, 3, 3, 3, 3, 3, 3, 3, 3, 3, 3, 3, 3, 3, 3, 3, 3, 3, 3, 3, 3, 3, 3, 3, 3, 3, 3, 3, 3, 3, 3, 3, 3, 3, 3, 3, 3, 3, 3, 3, 3, 3, 3, 3, 3, 3, 3, 3, 3, 3, 3, 3, 3, 3, 3, 3, 3, 3, 3, 3, 3, 3, 3, 3, 3, 3, 3, 3, 3, 3, 3, 3, 3, 3, 3, 3, 3, 3, 3, 3, 3, 3, 3, 3, 3, 3, 3, 3, 3, 3, 3, 3, 3, 3, 3, 3, 3, 3, 3, 3, 3, 3, 3, 3, 3, 3, 3, 3, 3, 3, 3, 3, 3, 3, 3, 3, 3, 3, 3, 3, 3, 3, 3, 3, 3, 3, 3, 3, 3, 3, 3, 3, 3, 3, 3, 3, 3, 3, 3, 3, 3, 3, 3, 3, 3, 3, 3, 3, 3, 3, 3, 3, 3, 3, 3, 3, 3, 3, 3, 3, 3, 3, 3, 3, 3, 3, 3, 3, 3, 3, 3, 3, 3, 3, 3, 3, 3, 3, 3, 3, 3, 3, 3, 3, 3, 3, 3, 3, 3, 3, 3, 3, 3, 3, 3, 3, 3, 3, 3, 3, 3, 3, 3, 3, 3, 3, 3, 3, 3, 3, 3, 3, 3, 3, 3, 3, 3, 3, 3, 3, 3, 3, 3, 3, 3, 3, 3, 3, 3, 3, 3, 3, 3, 3, 3, 3, 3, 3, 3, 3, 3, 3, 3, 3, 3, 3, 3, 3, 3, 3, 3, 3, 3, 3, 3, 3, 3, 3, 3, 3, 3, 3, 3, 3, 3, 3, 3, 3, 3, 3, 3, 3, 3, 3, 3, 3, 3, 3, 3, 3, 3, 3, 3, 3, 3, 3, 3, 3, 3, 3, 3, 3, 3, 3, 3, 3, 3, 3, 3, 3, 3, 3, 3, 3, 3, 3, 3, 3, 3, 3, 3, 3, 3, 3, 3, 3, 3, 3, 3, 3, 3, 3, 3, 3, 3, 3, 3, 3, 3, 3, 3, 3, 3, 3, 3, 3, 3, 3, 3, 3, 3, 3, 3, 3, 3, 3, 3, 3, 3, 3, 3, 3, 3, 3, 3, 3, 3, 3, 3, 3, 3, 3, 3, 3, 3, 3, 3, 3, 3, 3, 3, 3, 3, 3, 3, 3, 3, 3, 3, 3, 3, 3, 3, 3, 3, 3, 3, 3, 3, 3, 3, 3, 3, 3, 3, 3, 3, 3, 3, 3, 3, 3, 3, 3, 3, 3, 3, 3, 3, 3, 3, 3, 3, 3, 3, 3, 3, 3, 3, 3, 3, 3, 3, 3, 3, 3, 3, 3, 3, 3, 3, 3, 3, 3, 3, 3, 3, 3, 3, 3, 3, 3, 3, 3, 3, 3, 3, 3, 3, 3, 3, 3, 3, 3, 3, 3, 3, 3, 3, 3, 3, 3, 3, 3, 3, 3, 3, 3, 3, 3, 3, 3, 3, 3, 3, 3, 3, 3, 3, 3, 3, 3, 3, 3, 3, 3, 3, 3, 3, 3, 3, 3, 3, 3, 3, 3, 3, 3, 3, 3, 3, 3, 3, 3, 3, 3, 3, 3, 3, 3, 3, 3, 3, 3, 3, 3, 3, 3, 3, 3, 3, 3, 3, 3, 3, 3, 3, 3, 3, 3, 3, 3, 3, 3, 3, 3, 3, 3, 3, 3, 3, 3, 3, 3, 3, 3, 3, 3, 3, 3, 3, 3, 3, 3, 3, 3, 3, 3, 3, 3, 3, 3, 3, 3, 3, 3, 3, 3, 3, 3, 3, 3, 3, 3, 3, 3, 3, 3, 3, 3, 3, 3, 3, 3, 3, 3, 3, 3, 3, 3, 3, 3, 3, 3, 3, 3, 3, 3, 3, 3, 3, 3, 3, 3, 3, 3, 3, 3, 3, 3, 3, 3, 3, 3, 3, 3, 3, 3, 3, 3, 3, 3, 3, 3, 3, 3, 3, 3, 3, 3, 3, 3, 3, 3, 3, 3, 3, 3, 3, 3, 3, 3, 3, 3, 3, 3, 3, 3, 3, 3, 3, 3, 3, 3, 3, 3, 3, 3, 3, 3, 3, 3, 3, 3, 3, 3, 3, 3, 3, 3, 3, 3, 3, 3, 3, 3, 3, 3, 3, 3, 3, 3, 3, 3, 3, 3, 3, 3, 3, 3, 3, 3, 3, 3, 3, 3, 3, 3, 3, 3, 3, 3, 3, 3, 3, 3, 3, 3, 3, 3, 3, 3, 3, 3, 3, 3, 3, 3, 3, 3, 3, 3, 3, 3, 3, 3, 3, 3, 3, 3, 3, 3, 3, 3, 3, 3, 3, 3, 3, 3, 3, 3, 3, 3, 3, 3, 3, 3, 3, 3, 3, 3, 3, 3, 3, 3, 3, 3, 3, 3, 3, 3, 3, 3, 3, 3, 3, 3, 3, 3, 3, 3, 3, 3, 3, 3, 3, 3, 3, 3, 3, 3, 3, 3, 3, 3, 3, 3, 3, 3, 3, 3, 3, 3, 3, 3, 3, 3, 3, 3, 3, 3, 3, 3, 3, 3, 3, 3, 3, 3, 3, 3, 3, 3, 3, 3, 3, 3, 3, 3, 3, 3, 3, 3, 3, 3, 3, 3, 3, 3, 3, 3, 3, 3, 3, 3, 3, 3, 3, 3, 3, 3, 3, 3, 3, 3, 3, 3, 3, 3, 3, 3, 3, 3, 3, 3, 3, 3, 3, 3, 3, 3, 3, 3, 3, 3, 3, 3, 3, 3, 3, 3, 3, 3, 3, 3, 3, 3, 3, 3, 3, 3, 3, 3, 3, 3, 3, 3, 3, 3, 3, 3, 3, 3, 3, 3, 3, 3, 3, 3, 3, 3, 3, 3, 3, 3, 3, 3, 3, 3, 3, 3, 3, 3, 3, 3, 3, 3, 3, 3, 3, 3, 3, 3, 3, 3, 3, 3, 3, 3, 3, 3, 3, 3, 3, 3, 3, 3, 3, 3, 3, 3, 3, 3, 3, 3, 3, 3, 3, 3, 3, 3, 3, 3, 3, 3, 3, 3, 3, 3, 3, 3, 3, 3, 3, 3, 3, 3, 3, 3, 3, 3, 3, 3, 3, 3, 3, 3, 3, 3, 3, 3, 3, 3, 3, 3, 3, 3, 3, 3, 3, 3, 3, 3, 3, 3, 3, 3, 3, 3, 3, 3, 3, 3, 3, 3, 3, 3, 3, 3, 3, 3, 3, 3, 3, 3, 3, 3, 3, 3, 3, 3, 3, 3, 3, 3, 3, 3, 3, 3, 3, 3, 3, 3, 3, 3, 3, 3, 3, 3, 3, 3, 3, 3, 3, 3, 3, 3, 3, 3, 3, 3, 3, 3, 3, 3, 3, 3, 3, 3, 3, 3, 3, 3, 3, 3, 3, 3, 3, 3, 3, 3, 3, 3, 3, 3, 3, 3, 3, 3, 3, 3, 3, 3, 3, 3, 3, 3, 3, 3, 3, 3, 3, 3, 3, 3, 3, 3, 3, 3, 3, 3, 3, 3, 3, 3, 3, 3, 3, 3, 3, 3, 3, 3, 3, 3, 3, 3, 3, 3, 3, 3, 3, 3, 3, 3, 3, 3, 3, 3, 3, 3, 3, 3, 3, 3, 3, 3, 3, 3, 3, 3, 3, 3, 3, 3, 3, 3, 3, 3, 3, 3, 3, 3, 3, 3, 3, 3, 3, 3, 3, 3, 3, 3, 3, 3, 3, 3, 3, 3, 3, 3, 3, 3, 3, 3, 3, 3, 3, 3, 3, 3, 3, 3, 3, 3, 3, 3, 3, 3, 3, 3, 3, 3, 3, 3, 3, 3, 3, 3, 3, 3, 3, 3, 3, 3, 3, 3, 3, 3, 3, 3, 3, 3, 3, 3, 3, 3, 3, 3, 3, 3, 3, 3, 3, 3, 3, 3, 3, 3, 3, 3, 3, 3, 3, 3, 3, 3, 3, 3, 3, 3, 3, 3, 3, 3, 3, 3, 3, 3, 3, 3, 3, 3, 3, 3, 3, 3, 3, 3, 3, 3, 3, 3, 3, 3, 3, 3, 3, 3, 3, 3, 3, 3, 3, 3, 3, 3, 3, 3, 3, 3, 3, 3, 3, 3, 3, 3, 3, 3, 3, 3, 3, 3, 3, 3, 3, 3, 3, 3, 3, 3, 3, 3, 3, 3, 3, 3, 3, 3, 3, 3, 3, 3, 3, 3, 3, 3, 3, 3, 3, 3, 3, 3, 3, 3, 3, 3, 3, 3, 3, 3, 3, 3, 3, 3, 3, 3, 3, 3, 3, 3, 3, 3, 3, 3, 3, 3, 3, 3, 3, 3, 3, 3, 3, 3, 3, 3, 3, 3, 3, 3, 3, 3, 3, 3, 3, 3, 3, 3, 3, 3, 3, 3, 3, 3, 3, 3, 3, 3, 3, 3, 3, 3, 3, 3, 3, 3, 3, 3, 3, 3, 3, 3, 3, 3, 3, 3, 3, 3, 3, 3, 3, 3, 3, 3, 3, 3, 3, 3, 3, 3, 3, 3, 3, 3, 3, 3, 3, 3, 3, 3, 3, 3, 3, 3, 3, 3, 3, 3, 3, 3, 3, 3, 3, 3, 3, 3, 3, 3, 3, 3, 3, 3, 3, 3, 3, 3, 3, 3, 3, 3, 3, 3, 3, 3, 3, 3, 3, 3, 3, 3, 3, 3, 3, 3, 3, 3, 3, 3, 3, 3, 3, 3, 3, 3, 3, 3, 3, 3, 3, 3, 3, 3, 3, 3, 3, 3, 3, 3, 3, 3, 3, 3, 3, 3, 3, 3, 3, 3, 3, 3, 3, 3, 3, 3, 3, 3, 3, 3, 3, 3, 3, 3, 3, 3, 3, 3, 3, 3, 3, 3, 3, 3, 3, 3, 3, 3, 3, 3, 3, 3, 3, 3, 3, 3, 3, 3, 3, 3, 3, 3, 3, 3, 3, 3, 3, 3, 3, 3, 3, 3, 3, 3, 3, 3, 3, 3, 3, 3, 3, 3, 3, 3, 3, 3, 3, 3, 3, 3, 3, 3, 3, 3, 3, 3, 3, 3, 3, 3, 3, 3, 3, 3, 3, 3, 3, 3, 3, 3, 3, 3, 3, 3, 3, 3, 3, 3, 3, 3, 3, 3, 3, 3, 3, 3, 3, 3, 3, 3, 3, 3, 3, 3, 3, 3, 3, 3, 3, 3, 3, 3, 3, 3, 3, 3, 3, 3, 3, 3, 3, 3, 3, 3, 3, 3, 3, 3, 3, 3, 3, 3, 3, 3, 3, 3, 3, 3, 3, 3, 3, 3, 3, 3, 3, 3, 3, 3, 3, 3, 3, 3, 3, 3, 3, 3, 3, 3, 3, 3, 3, 3, 3, 3, 3, 3, 3, 3, 3, 3, 3, 3, 3, 3, 3, 3, 3, 3, 3, 3, 3, 3, 3, 3, 3, 3, 3, 3, 3, 3, 3, 3, 3, 3, 3, 3, 3, 3, 3, 3, 3, 3, 3, 3, 3, 3, 3, 3, 3, 3, 3, 3, 3, 3, 3, 3, 3, 3, 3, 3, 3, 3, 3, 3, 3, 3, 3, 3, 3, 3, 3, 3, 3, 3, 3, 3, 3, 3, 3, 3, 3, 3, 3, 3, 3, 3, 3, 3, 3, 3, 3, 3, 3, 3, 3, 3, 3, 3, 3, 3, 3, 3, 3, 3, 3, 3, 3, 3, 3, 3, 3, 3, 3, 3, 3, 3, 3, 3, 3, 3, 3, 3, 3, 3, 3, 3, 3, 3, 3, 3, 3, 3, 3, 3, 3, 3, 3, 3, 3, 3, 3, 3, 3, 3, 3, 3, 3, 3, 3, 3, 3, 3, 3, 3, 3, 3, 3, 3, 3, 3, 3, 3, 3, 3, 3, 3, 3, 3, 3, 3, 3, 3, 3, 3, 3, 3, 3, 3, 3, 3, 3, 3, 3, 3, 3, 3, 3, 3, 3, 3, 3, 3, 3, 3, 3, 3, 3, 3, 3, 3, 3, 3, 3, 3, 3, 3, 3, 3, 3, 3, 3, 3, 3, 3, 3, 3, 3, 3, 3, 3, 3, 3, 3, 3, 3, 3, 3, 3, 3, 3, 3, 3, 3, 3, 3, 3, 3, 3, 3, 3, 3, 3, 3, 3, 3, 3, 3, 3, 3, 3, 3, 3, 3, 3, 3, 3, 3, 3, 3, 3, 3, 3, 3, 3, 3, 3, 3, 3, 3, 3, 3, 3, 3, 3, 3, 3, 3, 3, 3, 3, 3, 3, 3, 3, 3, 3, 3, 3, 3, 3, 3, 3, 3, 3, 3, 3, 3, 3, 3, 3, 3, 3, 3, 3, 3, 3, 3, 3, 3, 3, 3, 3, 3, 3, 3, 3, 3, 3, 3, 3, 3, 3, 3, 3, 3, 3, 3, 3, 3, 3, 3, 3, 3, 3, 3, 3, 3, 3, 3, 3, 3, 3, 3, 3, 3, 3, 3, 3, 3, 3, 3, 3, 3, 3, 3, 3, 3, 3, 3, 3, 3, 3, 3, 3, 3, 3, 3, 3, 3, 3, 3, 3, 3, 3, 3, 3, 3, 3, 3, 3, 3, 3, 3, 3, 3, 3, 3, 3, 3, 3, 3, 3, 3, 3, 3, 3, 3, 3, 3, 3, 3, 3, 3, 3, 3, 3, 3, 3, 3, 3, 3, 3, 3, 3, 3, 3, 3, 3, 3, 3, 3, 3, 3, 3, 3, 3, 3, 3, 3, 3, 3, 3, 3, 3, 3, 3, 3, 3, 3, 3, 3, 3, 3, 3, 3, 3, 3, 3, 3, 3, 3, 3, 3, 3, 3, 3, 3, 3, 3, 3, 3, 3, 3, 3, 3, 3, 3, 3, 3, 3, 3, 3, 3, 3, 3, 3, 3, 3, 3, 3, 3, 3, 3, 3, 3, 3, 3, 3, 3, 3, 3, 3, 3, 3, 3, 3, 3, 3, 3, 3, 3, 3, 3, 3, 3, 3, 3, 3, 3, 3, 3, 3, 3, 3, 3, 3, 3, 3, 3, 3, 3, 3, 3, 3, 3, 3, 3, 3, 3, 3, 3, 3, 3, 3, 3, 3, 3, 3, 3, 3, 3, 3, 3, 3, 3, 3, 3, 3, 3, 3, 3, 3, 3, 3, 3, 3, 3, 3, 3, 3, 3, 3, 3, 3, 3, 3, 3, 3, 3, 3, 3, 3, 3, 3, 3, 3, 3, 3, 3, 3, 3, 3, 3, 3, 3, 3, 3, 3, 3, 3, 3, 3, 3, 3, 3, 3, 3, 3, 3, 3, 3, 3, 3, 3, 3, 3, 3, 3, 3, 3, 3, 3, 3, 3, 3, 3, 3, 3, 3, 3, 3, 3, 3, 3, 3, 3, 3, 3, 3, 3, 3, 3, 3, 3, 3, 3, 3, 3, 3, 3, 3, 3, 3, 3, 3, 3, 3, 3, 3, 3, 3, 3, 3, 3, 3, 3, 3, 3, 3, 3, 3, 3, 3, 3, 3, 3, 3, 3, 3, 3, 3, 3, 3, 3, 3, 3, 3, 3, 3, 3, 3, 3, 3, 3, 3, 3, 3, 3, 3, 3, 3, 3, 3, 3, 3, 3, 3, 3, 3, 3, 3, 3, 3, 3, 3, 3, 3, 3, 3, 3, 3, 3, 3, 3, 3, 3, 3, 3, 3, 3, 3, 3, 3, 3, 3, 3, 3, 3, 3, 3, 3, 3, 3, 3, 3, 3, 3, 3, 3, 3, 3, 3, 3, 3, 3, 3, 3, 3, 3, 3, 3, 3, 3, 3, 3, 3, 3, 3, 3, 3, 3, 3, 3, 3, 3, 3, 3, 3, 3, 3, 3, 3, 3, 3, 3, 3, 3, 3, 3, 3, 3, 3, 3, 3, 3, 3, 3, 3, 3, 3, 3, 3, 3, 3, 3, 3, 3, 3, 3, 3, 3, 3, 3, 3, 3, 3, 3, 3, 3, 3, 3, 3, 3, 3, 3, 3, 3, 3, 3, 3, 3, 3, 3, 3, 3, 3, 3, 3, 3, 3, 3, 3, 3, 3, 3, 3, 3, 3, 3, 3, 3, 3, 3, 3, 3, 3, 3, 3, 3, 3, 3, 3, 3, 3, 3, 3, 3, 3, 3, 3, 3, 3, 3, 3, 3, 3, 3, 3, 3, 3, 3, 3, 3, 3, 3, 3, 3, 3, 3, 3, 3, 3, 3, 3, 3, 3, 3, 3, 3, 3, 3, 3, 3, 3, 3, 3, 3, 3, 3, 3, 3, 3, 3, 3, 3, 3, 3, 3, 3, 3, 3, 3, 3, 3, 3, 3, 3, 3, 3, 3, 3, 3, 3, 3, 3, 3, 3, 3, 3, 3, 3, 3, 3, 3, 3, 3, 3, 3, 3, 3, 3, 3, 3, 3, 3, 3, 3, 3, 3, 3, 3, 3, 3, 3, 3, 3, 3, 3, 3, 3, 3, 3, 3, 3, 3, 3, 3, 3, 3, 3, 3, 3, 3, 3, 3, 3, 3, 3, 3, 3, 3, 3, 3, 3, 3, 3, 3, 3, 3, 3, 3, 3, 3, 3, 3, 3, 3, 3, 3, 3, 3, 3, 3, 3, 3, 3, 3, 3, 3, 3, 3, 3, 3, 3, 3, 3, 3, 3, 3, 3, 3, 3, 3, 3, 3, 3, 3, 3, 3, 3, 3, 3, 3, 3, 3, 3, 3, 3, 3, 3, 3, 3, 3, 3, 3, 3, 3, 3, 3, 3, 3, 3, 3, 3, 3, 3, 3, 3, 3, 3, 3, 3, 3, 3, 3, 3, 3, 3, 3, 3, 3, 3, 3, 3, 3, 3, 3, 3, 3, 3, 3, 3, 3, 3, 3, 3, 3, 3, 3, 3, 3, 3, 3, 3, 3, 3, 3, 3, 3, 3, 3, 3, 3, 3, 3, 3, 3, 3, 3, 3, 3, 3, 3, 3, 3, 3, 3, 3, 3, 3, 3, 3, 3, 3, 3, 3, 3, 3, 3, 3, 3, 3, 3, 3, 3, 3, 3, 3, 3, 3, 3, 3, 3, 3, 3, 3, 3, 3, 3, 3, 3, 3, 3, 3, 3, 3, 3, 3, 3, 3, 3, 3, 3, 3, 3, 3, 3, 3, 3, 3, 3, 3, 3, 3, 3, 3, 3, 3, 3, 3, 3, 3, 3, 3, 3, 3, 3, 3, 3, 3, 3, 3, 3, 3, 3, 3, 3, 3, 3, 3, 3, 3, 3, 3, 3, 3, 3, 3, 3, 3, 3, 3, 3, 3, 3, 3, 3, 3, 3, 3, 3, 3, 3, 3, 3, 3, 3, 3, 3, 3, 3, 3, 3, 3, 3, 3, 3, 3, 3, 3, 3, 3, 3, 3, 3, 3, 3, 3, 3, 3, 3, 3, 3, 3, 3, 3, 3, 3, 3, 3, 3, 3, 3, 3, 3, 3, 3, 3, 3, 3, 3, 3, 3, 3, 3, 3, 3, 3, 3, 3, 3, 3, 3, 3, 3, 3, 3, 3, 3, 3, 3, 3, 3, 3, 3, 3, 3, 3, 3, 3, 3, 3, 3, 3, 3, 3, 3, 3, 3, 3, 3, 3, 3, 3, 3, 3, 3, 3, 3, 3, 3, 3, 3, 3, 3, 3, 3, 3, 3, 3, 3, 3, 3, 3, 3, 3, 3, 3, 3, 3, 3, 3, 3, 3, 3, 3, 3, 3, 3, 3, 3, 3, 3, 3, 3, 3, 3, 3, 3, 3, 3, 3, 3, 3, 3, 3, 3, 3, 3, 3, 3, 3, 3, 3, 3, 3, 3, 3, 3, 3, 3, 3, 3, 3, 3, 3, 3, 3, 3, 3, 3, 3, 3, 3, 3, 3, 3, 3, 3, 3, 3, 3, 3, 3, 3, 3, 3, 3, 3, 3, 3, 3, 3, 3, 3, 3, 3, 3, 3, 3, 3, 3, 3, 3, 3, 3, 3, 3, 3, 3, 3, 3, 3, 3, 3, 3, 3, 3, 3, 3, 3, 3, 3, 3, 3, 3, 3, 3, 3, 3, 3, 3, 3, 3, 3, 3, 3, 3, 3, 3, 3, 3, 3, 3, 3, 3, 3, 3, 3, 3, 3, 3, 3, 3, 3, 3, 3, 3, 3, 3, 3, 3, 3, 3, 3, 3, 3, 3, 3, 3, 3, 3, 3, 3, 3, 3, 3, 3, 3, 3, 3, 3, 3, 3, 3, 3, 3, 3, 3, 3, 3, 3, 3, 3, 3, 3, 3, 3, 3, 3, 3, 3, 3, 3, 3, 3, 3, 3, 3, 3, 3, 3, 3, 3, 3, 3, 3, 3, 3, 3, 3, 3, 3, 3, 3, 3, 3, 3, 3, 3, 3, 3, 3, 3, 3, 3, 3, 3, 3, 3, 3, 3, 3, 3, 3, 3, 3, 3, 3, 3, 3, 3, 3, 3, 3, 3, 3, 3, 3, 3, 3, 3, 3, 3, 3, 3, 3, 3, 3, 3, 3, 3, 3, 3, 3, 3, 3, 3, 3, 3, 3, 3, 3, 3, 3, 3, 3, 3, 3, 3, 3, 3, 3, 3, 3, 3, 3, 3, 3, 3, 3, 3, 3, 3, 3, 3, 3, 3, 3, 3, 3, 3, 3, 3, 3, 3, 3, 3, 3, 3, 3, 3, 3, 3, 3, 3, 3, 3, 3, 3, 3, 3, 3, 3, 3, 3, 3, 3, 3, 3, 3, 3, 3, 3, 3, 3, 3, 3, 3, 3, 3, 3, 3, 3, 3, 3, 3, 3, 3, 3, 3, 3, 3, 3, 3, 3, 3, 3, 3, 3, 3, 3, 3, 3, 3, 3, 3, 3, 3, 3, 3, 3, 3, 3, 3, 3, 3, 3, 3, 3, 3, 3, 3, 3, 3, 3, 3, 3, 3, 3, 3, 3, 3, 3, 3, 3, 3, 3, 3, 3, 3, 3, 3, 3, 3, 3, 3, 3, 3, 3, 3, 3, 3, 3, 3, 3, 3, 3, 3, 3, 3, 3, 3, 3, 3, 3, 3, 3, 3, 3, 3, 3, 3, 3, 3, 3, 3, 3, 3, 3, 3, 3, 3, 3, 3, 3, 3, 3, 3, 3, 3, 3, 3, 3, 3, 3, 3, 3, 3, 3, 3, 3, 3, 3, 3, 3, 3, 3, 3, 3, 3, 3, 3, 3, 3, 3, 3, 3, 3, 3, 3, 3, 3, 3, 3, 3, 3, 3, 3, 3, 3, 3, 3, 3, 3, 3, 3, 3, 3, 3, 3, 3, 3, 3, 3, 3, 3, 3, 3, 3, 3, 3, 3, 3, 3, 3, 3, 3, 3, 3, 3, 3, 3, 3, 3, 3, 3, 3, 3, 3, 3, 3, 3, 3, 3, 3, 3, 3, 3, 3, 3, 3, 3, 3, 3, 3, 3, 3, 3, 3, 3, 3, 3, 3, 3, 3, 3, 3, 3, 3, 3, 3, 3, 3, 3, 3, 3, 3, 3, 3, 3, 3, 3, 3, 3, 3, 3, 3, 3, 3, 3, 3, 3, 3, 3, 3, 3, 3, 3, 3, 3, 3, 3, 3, 3, 3, 3, 3, 3, 3, 3, 3, 3, 3, 3, 3, 3, 3, 3, 3, 3, 3, 3, 3, 3, 3, 3, 3, 3, 3, 3, 3, 3, 3, 3, 3, 3, 3, 3, 3, 3, 3, 3, 3, 3, 3, 3, 3, 3, 3, 3, 3, 3, 3, 3, 3, 3, 3, 3, 3, 3, 3, 3, 3, 3, 3, 3, 3, 3, 3, 3, 3, 3, 3, 3, 3, 3, 3, 3, 3, 3, 3, 3, 3, 3, 3, 3, 3, 3, 3, 3, 3, 3, 3, 3, 3, 3, 3, 3, 3, 3, 3, 3, 3, 3, 3, 3, 3, 3, 3, 3, 3, 3, 3, 3, 3, 3, 3, 3, 3, 3, 3, 3, 3, 3, 3, 3, 3, 3, 3, 3, 3, 3, 3, 3, 3, 3, 3, 3, 3, 3, 3, 3, 3, 3, 3, 3, 3, 3, 3, 3, 3, 3, 3, 3, 3, 3, 3, 3, 3, 3, 3, 3, 3, 3, 3, 3, 3, 3, 3, 3, 3, 3, 3, 3, 3, 3, 3, 3, 3, 3, 3, 3, 3, 3, 3, 3, 3, 3, 3, 3, 3, 3, 3, 3, 3, 3, 3, 3, 3, 3, 3, 3, 3, 3, 3, 3, 3, 3, 3, 3, 3, 3, 3, 3, 3, 3, 3, 3, 3, 3, 3, 3, 3, 3, 3, 3, 3, 3, 3, 3, 3, 3, 3, 3, 3, 3, 3, 3, 3, 3, 3, 3, 3, 3, 3, 3, 3, 3, 3, 3, 3, 3, 3, 3, 3, 3, 3, 3, 3, 3, 3, 3, 3, 3, 3, 3, 3, 3, 3, 3, 3, 3, 3, 3, 3, 3, 3, 3, 3, 3, 3, 3, 3, 3, 3, 3, 3, 3, 3, 3, 3, 3, 3, 3, 3, 3, 3, 3, 3, 3, 3, 3, 3, 3, 3, 3, 3, 3, 3, 3, 3, 3, 3, 3, 3, 3, 3, 3, 3, 3, 3, 3, 3, 3, 3, 3, 3, 3, 3, 3, 3, 3, 3, 3, 3, 3, 3, 3, 3, 3, 3, 3, 3, 3, 3, 3, 3, 3, 3, 3, 3, 3, 3, 3, 3, 3, 3, 3, 3, 3, 3, 3, 3, 3, 3, 3, 3, 3, 3, 3, 3, 3, 3, 3, 3, 3, 3, 3, 3, 3, 3, 3, 3, 3, 3, 3, 3, 3, 3, 3, 3, 3, 3, 3, 3, 3, 3, 3, 3, 3, 3, 3, 3, 3, 3, 3, 3, 3, 3, 3, 3, 3, 3, 3, 3, 3, 3, 3, 3, 3, 3, 3, 3, 3, 3, 3, 3, 3, 3, 3, 3, 3, 3, 3, 3, 3, 3, 3, 3, 3, 3, 3, 3, 3, 3, 3, 3, 3, 3, 3, 3, 3, 3, 3, 3, 3, 3, 3, 3, 3, 3, 3, 3, 3, 3, 3, 3, 3, 3, 3, 3, 3, 3, 3, 3, 3, 3, 3, 3, 3, 3, 3, 3, 3, 3, 3, 3, 3, 3, 3, 3, 3, 3, 3, 3, 3, 3, 3, 3, 3, 3, 3, 3, 3, 3, 3, 3, 3, 3, 3, 3, 3, 3, 3, 3, 3, 3, 3, 3, 3, 3, 3, 3, 3, 3, 3, 3, 3, 3, 3, 3, 3, 3, 3, 3, 3, 3, 3, 3, 3, 3, 3, 3, 3, 3, 3, 3, 3, 3, 3, 3, 3, 3, 3, 3, 3, 3, 3, 3, 3, 3, 3, 3, 3, 3, 3, 3, 3, 3, 3, 3, 3, 3, 3, 3, 3, 3, 3, 3, 3, 3, 3, 3, 3, 3, 3, 3, 3, 3, 3, 3, 3, 3, 3, 3, 3, 3, 3, 3, 3, 3, 3, 3, 3, 3, 3, 3, 3, 3, 3, 3, 3, 3, 3, 3, 3, 3, 3, 3, 3, 3, 3, 3, 3, 3, 3, 3, 3, 3, 3, 3, 3, 3, 3, 3, 3, 3, 3, 3, 3, 3, 3, 3, 3, 3, 3, 3, 3, 3, 3, 3, 3, 3, 3, 3, 3, 3, 3, 3, 3, 3, 3, 3, 3, 3, 3, 3, 3, 3, 3, 3, 3, 3, 3, 3, 3, 3, 3, 3, 3, 3, 3, 3, 3, 3, 3, 3, 3, 3, 3, 3, 3, 3, 3, 3, 3, 3, 3, 3, 3, 3, 3, 3, 3, 3, 3, 3, 3, 3, 3, 3, 3, 3, 3, 3, 3, 3, 3, 3, 3, 3, 3, 3, 3, 3, 3, 3, 3, 3, 3, 3, 3, 3, 3, 3, 3, 3, 3, 3, 3, 3, 3, 3, 3, 3, 3, 3, 3, 3, 3, 3, 3, 3, 3, 3, 3, 3, 3, 3, 3, 3, 3, 3, 3, 3, 3, 3, 3, 3, 3, 3, 3, 3, 3, 3, 3, 3, 3, 3, 3, 3, 3, 3, 3, 3, 3, 3, 3, 3, 3, 3, 3, 3, 3, 3, 3, 3, 3, 3, 3, 3, 3, 3, 3, 3, 3, 3, 3, 3, 3, 3, 3, 3, 3, 3, 3, 3, 3, 3, 3, 3, 3, 3, 3, 3, 3, 3, 3, 3, 3, 3, 3, 3, 3, 3, 3, 3, 3, 3, 3, 3, 3, 3, 3, 3, 3, 3, 3, 3, 3, 3, 3, 3, 3, 3, 3, 3, 3, 3, 3, 3, 3, 3, 3, 3, 3, 3, 3, 3, 3, 3, 3, 3, 3, 3, 3, 3, 3, 3, 3, 3, 3, 3, 3, 3, 3, 3, 3, 3, 3, 3, 3, 3, 3, 3, 3, 3, 3, 3, 3, 3, 3, 3, 3, 3, 3, 3, 3, 3, 3, 3, 3, 3, 3, 3, 3, 3, 3, 3, 3, 3, 3, 3, 3, 3, 3, 3, 3, 3, 3, 3, 3, 3, 3, 3, 3, 3, 3, 3, 3, 3, 3, 3, 3, 3, 3, 3, 3, 3, 3, 3, 3, 3, 3, 3, 3, 3, 3, 3, 3, 3, 3, 3, 3, 3, 3, 3, 3, 3, 3, 3, 3, 3, 3, 3, 3, 3, 3, 3, 3, 3, 3, 3, 3, 3, 3, 3, 3, 3, 3, 3, 3, 3, 3, 3, 3, 3, 3, 3, 3, 3, 3, 3, 3, 3, 3, 3, 3, 3, 3, 3, 3, 3, 3, 3, 3, 3, 3, 3, 3, 3, 3, 3, 3, 3, 3, 3, 3, 3, 3, 3, 3, 3, 3, 3, 3, 3, 3, 3, 3, 3, 3, 3, 3, 3, 3, 3, 3, 3, 3, 3, 3, 3, 3, 3, 3, 3, 3, 3, 3, 3, 3, 3, 3, 3, 3, 3, 3, 3, 3, 3, 3, 3, 3, 3, 3, 3, 3, 3, 3, 3, 3, 3, 3, 3, 3, 3, 3, 3, 3, 3, 3, 3, 3, 3, 3, 3, 3, 3, 3, 3, 3, 3, 3, 3, 3, 3, 3, 3, 3, 3, 3, 3, 3, 3, 3, 3, 3, 3, 3, 3, 3, 3, 3, 3, 3, 3, 3, 3, 3, 3, 3, 3, 3, 3, 3, 3, 3, 3, 3, 3, 3, 3, 3, 3, 3, 3, 3, 3, 3, 3, 3, 3, 3, 3, 3, 3, 3, 3, 3, 3, 3, 3, 3, 3, 3, 3, 3, 3, 3, 3, 3, 3, 3, 3, 3, 3, 3, 3, 3, 3, 3, 3, 3, 3, 3, 3, 3, 3, 3, 3, 3, 3, 3, 3, 3, 3, 3, 3, 3, 3, 3, 3, 3, 3, 3, 3, 3, 3, 3, 3, 3, 3, 3, 3, 3, 3, 3, 3, 3, 3, 3, 3, 3, 3, 3, 3, 3, 3, 3, 3, 3, 3, 3, 3, 3, 3, 3, 3, 3, 3, 3, 3, 3, 3, 3, 3, 3, 3, 3, 3, 3, 3, 3, 3, 3, 3, 3, 3, 3, 3, 3, 3, 3, 3, 3, 3, 3, 3, 3, 3, 3, 3, 3, 3, 3, 3, 3, 3, 3, 3, 3, 3, 3, 3, 3, 3, 3, 3, 3, 3, 3, 3, 3, 3, 3, 3, 3, 3, 3, 3, 3, 3, 3, 3, 3, 3, 3, 3, 3, 3, 3, 3, 3, 3, 3, 3, 3, 3, 3, 3, 3, 3, 3, 3, 3, 3, 3, 3, 3, 3, 3, 3, 3, 3, 3, 3, 3, 3, 3, 3, 3, 3, 3, 3, 3, 3, 3, 3, 3, 3, 3, 3, 3, 3, 3, 3, 3, 3, 3, 3, 3, 3, 3, 3, 3, 3, 3, 3, 3, 3, 3, 3, 3, 3, 3, 3, 3, 3, 3, 3, 3, 3, 3, 3, 3, 3, 3, 3, 3, 3, 3, 3, 3, 3, 3, 3, 3, 3, 3, 3, 3, 3, 3, 3, 3, 3, 3, 3, 3, 3, 3, 3, 3, 3, 3, 3, 3, 3, 3, 3, 3, 3, 3, 3, 3, 3, 3, 3, 3, 3, 3, 3, 3, 3, 3, 3, 3, 3, 3, 3, 3, 3, 3, 3, 3, 3, 3, 3, 3, 3, 3, 3, 3, 3, 3, 3, 3, 3, 3, 3, 3, 3, 3, 3, 3, 3, 3, 3, 3, 3, 3, 3, 3, 3, 3, 3, 3, 3, 3, 3, 3, 3, 3, 3, 3, 3, 3, 3, 3, 3, 3, 3, 3, 3, 3, 3, 3, 3, 3, 3, 3, 3, 3, 3, 3, 3, 3, 3, 3, 3, 3, 3, 3, 3, 3, 3, 3, 3, 3, 3, 3, 3, 3, 3, 3, 3, 3, 3, 3, 3, 3, 3, 3, 3, 3, 3, 3, 3, 3, 3, 3, 3, 3, 3, 3, 3, 3, 3, 3, 3, 3, 3, 3, 3, 3, 3, 3, 3, 3, 3, 3, 3, 3, 3, 3, 3, 3, 3, 3, 3, 3, 3, 3, 3, 3, 3, 3, 3, 3, 3, 3, 3, 3, 3, 3, 3, 3, 3, 3, 3, 3, 3, 3, 3, 3, 3, 3, 3, 3, 3, 3, 3, 3, 3, 3, 3, 3, 3, 3, 3, 3, 3, 3, 3, 3, 3, 3, 3, 3, 3, 3, 3, 3, 3, 3, 3, 3, 3, 3, 3, 3, 3, 3, 3, 3, 3, 3, 3, 3, 3, 3, 3, 3, 3, 3, 3, 3, 3, 3, 3, 3, 3, 3, 3, 3, 3, 3, 3, 3, 3, 3, 3, 3, 3, 3, 3, 3, 3, 3, 3, 3, 3, 3, 3, 3, 3, 3, 3, 3, 3, 3, 3, 3, 3, 3, 3, 3, 3, 3, 3, 3, 3, 3, 3, 3, 3, 3, 3, 3, 3, 3, 3, 3, 3, 3, 3, 3, 3, 3, 3, 3, 3, 3, 3, 3, 3, 3, 3, 3, 3, 3, 3, 3, 3, 3, 3, 3, 3, 3, 3, 3, 3, 3, 3, 3, 3, 3, 3, 3, 3, 3, 3, 3, 3, 3, 3, 3, 3, 3, 3, 3, 3, 3, 3, 3, 3, 3, 3, 3, 3, 3, 3, 3, 3, 3, 3, 3, 3, 3, 3, 3, 3, 3, 3, 3, 3, 3, 3, 3, 3, 3, 3, 3, 3, 3, 3, 3, 3, 3, 3, 3, 3, 3, 3, 3, 3, 3, 3, 3, 3, 3, 3, 3, 3, 3, 3, 3, 3, 3, 3, 3, 3, 3, 3, 3, 3, 3, 3, 3, 3, 3, 3, 3, 3, 3, 3, 3, 3, 3, 3, 3, 3, 3, 3, 3, 3, 3, 3, 3, 3, 3, 3, 3, 3, 3, 3, 3, 3, 3, 3, 3, 3, 3, 3, 3, 3, 3, 3, 3, 3, 3, 3, 3, 3, 3, 3, 3, 3, 3, 3, 3, 3, 3, 3, 3, 3, 3, 3, 3, 3, 3, 3, 3, 3, 3, 3, 3, 3, 3, 3, 3, 3, 3, 3, 3, 3, 3, 3, 3, 3, 3, 3, 3, 3, 3, 3, 3, 3, 3, 3, 3, 3, 3, 3, 3, 3, 3, 3, 3, 3, 3, 3, 3, 3, 3, 3, 3, 3, 3, 3, 3, 3, 3, 3, 3, 3, 3, 3, 3, 3, 3, 3, 3, 3, 3, 3, 3, 3, 3, 3, 3, 3, 3, 3, 3, 3, 3, 3, 3, 3, 3, 3, 3, 3, 3, 3, 3, 3, 3, 3, 3, 3, 3, 3, 3, 3, 3, 3, 3, 3, 3, 3, 3, 3, 3, 3, 3, 3, 3, 3, 3, 3, 3, 3, 3, 3, 3, 3, 3, 3, 3, 3, 3, 3, 3, 3, 3, 3, 3, 3, 3, 3, 3, 3, 3, 3, 3, 3, 3, 3, 3, 3, 3, 3, 3, 3, 3, 3, 3, 3, 3, 3, 3, 3, 3, 3, 3, 3, 3, 3, 3, 3, 3, 3, 3, 3, 3, 3, 3, 3, 3, 3, 3, 3, 3, 3, 3, 3, 3, 3, 3, 3, 3, 3, 3, 3, 3, 3, 3, 3, 3, 3, 3, 3, 3, 3, 3, 3, 3, 3, 3, 3, 3, 3, 3, 3, 3, 3, 3, 3, 3, 3, 3, 3, 3, 3, 3, 3, 3, 3, 3, 3, 3, 3, 3, 3, 3, 3, 3, 3, 3, 3, 3, 3, 3, 3, 3, 3, 3, 3, 3, 3, 3, 3, 3, 3, 3, 3, 3, 3, 3, 3, 3, 3, 3, 3, 3, 3, 3, 3, 3, 3, 3, 3, 3, 3, 3, 3, 3, 3, 3, 3, 3, 3, 3, 3, 3, 3, 3, 3, 3, 3, 3, 3, 3, 3, 3, 3, 3, 3, 3, 3, 3, 3, 3, 3, 3, 3, 3, 3, 3, 3, 3, 3, 3, 3, 3, 3, 3, 3, 3, 3, 3, 3, 3, 3, 3, 3, 3, 3, 3, 3, 3, 3, 3, 3, 3, 3, 3, 3, 3, 3, 3, 3, 3, 3, 3, 3, 3, 3, 3, 3, 3, 3, 3, 3, 3, 3, 3, 3, 3, 3, 3, 3, 3, 3, 3, 3, 3, 3, 3, 3, 3, 3, 3, 3, 3, 3, 3, 3, 3, 3, 3, 3, 3, 3, 3, 3, 3, 3, 3, 3, 3, 3, 3, 3, 3, 3, 3, 3, 3, 3, 3, 3, 3, 3, 3, 3, 3, 3, 3, 3, 3, 3, 3, 3, 3, 3, 3, 3, 3, 3, 3, 3, 3, 3, 3, 3, 3, 3, 3, 3, 3, 3, 3, 3, 3, 3, 3, 3, 3, 3, 3, 3, 3, 3, 3, 3, 3, 3, 3, 3, 3, 3, 3, 3, 3, 3, 3, 3, 3, 3, 3, 3, 3, 3, 3, 3, 3, 3, 3, 3, 3, 3, 3, 3, 3, 3, 3, 3, 3, 3, 3, 3, 3, 3, 3, 3, 3, 3, 3, 3, 3, 3, 3, 3, 3, 3, 3, 3, 3, 3, 3, 3, 3, 3, 3, 3, 3, 3, 3, 3, 3, 3, 3, 3, 3, 3, 3, 3, 3, 3, 3, 3, 3, 3, 3, 3, 3, 3, 3, 3, 3, 3, 3, 3, 3, 3, 3, 3, 3, 3, 3, 3, 3, 3, 3, 3, 3, 3, 3, 3, 3, 3, 3, 3, 3, 3, 3, 3, 3, 3, 3, 3, 3, 3, 3, 3, 3, 3, 3, 3, 3, 3, 3, 3, 3, 3, 3, 3, 3, 3, 3, 3, 3, 3, 3, 3, 3, 3, 3, 3, 3, 3, 3, 3, 3, 3, 3, 3, 3, 3, 3, 3, 3, 3, 3, 3, 3, 3, 3, 3, 3, 3, 3, 3, 3, 3, 3, 3, 3, 3, 3, 3, 3, 3, 3, 3, 3, 3, 3, 3, 3, 3, 3, 3, 3, 3, 3, 3, 3, 3, 3, 3, 3, 3, 3, 3, 3, 3, 3, 3, 3, 3, 3, 3, 3, 3, 3, 3, 3, 3, 3, 3, 3, 3, 3, 3, 3, 3, 3, 3, 3, 3, 3, 3, 3, 3, 3, 3, 3, 3, 3, 3, 3, 3, 3, 3, 3, 3, 3, 3, 3, 3, 3, 3, 3, 3, 3, 3, 3, 3, 3, 3, 3, 3, 3, 3, 3, 3, 3, 3, 3, 3, 3, 3, 3, 3, 3, 3, 3, 3, 3, 3, 3, 3, 3, 3, 3, 3, 3, 3, 3, 3, 3, 3, 3, 3, 3, 3, 3, 3, 3, 3, 3, 3, 3, 3, 3, 3, 3, 3, 3, 3, 3, 3, 3, 3, 3, 3, 3, 3, 3, 3, 3, 3, 3, 3, 3, 3, 3, 3, 3, 3, 3, 3, 3, 3, 3, 3, 3, 3, 3, 3, 3, 3, 3, 3, 3, 3, 3, 3, 3, 3, 3, 3, 3, 3, 3, 3, 3, 3, 3, 3, 3, 3, 3, 3, 3, 3, 3, 3, 3, 3, 3, 3, 3, 3, 3, 3, 3, 3, 3, 3, 3, 3, 3, 3, 3, 3, 3, 3, 3, 3, 3, 3, 3, 3, 3, 3, 3, 3, 3, 3, 3, 3, 3, 3, 3, 3, 3, 3, 3, 3, 3, 3, 3, 3, 3, 3, 3, 3, 3, 3, 3, 3, 3, 3, 3, 3, 3, 3, 3, 3, 3, 3, 3, 3, 3, 3, 3, 3, 3, 3, 3, 3, 3, 3, 3, 3, 3, 3, 3, 3, 3, 3, 3, 3, 3, 3, 3, 3, 3, 3, 3, 3, 3, 3, 3, 3, 3, 3, 3, 3, 3, 3, 3, 3, 3, 3, 3, 3, 3, 3, 3, 3, 3, 3, 3, 3, 3, 3, 3, 3, 3, 3, 3, 3, 3, 3, 3, 3, 3, 3, 3, 3, 3, 3, 3, 3, 3, 3, 3, 3, 3, 3, 3, 3, 3, 3, 3, 3, 3, 3, 3, 3, 3, 3, 3, 3, 3, 3, 3, 3, 3, 3, 3, 3, 3, 3, 3, 3, 3, 3, 3, 3, 3, 3, 3, 3, 3, 3, 3, 3, 3, 3, 3, 3, 3, 3, 3, 3, 3, 3, 3, 3, 3, 3, 3, 3, 3, 3, 3, 3, 3, 3, 3, 3, 3, 3, 3, 3, 3, 3, 3, 3, 3, 3, 3, 3, 3, 3, 3, 3, 3, 3, 3, 3, 3, 3, 3, 3, 3, 3, 3, 3, 3, 3, 3, 3, 3, 3, 3, 3, 3, 3, 3, 3, 3, 3, 3, 3, 3, 3, 3, 3, 3, 3, 3, 3, 3, 3, 3, 3, 3, 3, 3, 3, 3, 3, 3, 3, 3, 3, 3, 3, 3, 3, 3, 3, 3, 3, 3, 3, 3, 3, 3, 3, 3, 3, 3, 3, 3, 3, 3, 3, 3, 3, 3, 3, 3, 3, 3, 3, 3, 3, 3, 3, 3, 3, 3, 3, 3, 3, 3, 3, 3, 3, 3, 3, 3, 3, 3, 3, 3, 3, 3, 3, 3, 3, 3, 3, 3, 3, 3, 3, 3, 3, 3, 3, 3, 3, 3, 3, 3, 3, 3, 3, 3, 3, 3, 3, 3, 3, 3, 3, 3, 3, 3, 3, 3, 3, 3, 3, 3, 3, 3, 3, 3, 3, 3, 3, 3, 3, 3, 3, 3, 3, 3, 3, 3, 3, 3, 3, 3, 3, 3, 3, 3, 3, 3, 3, 3, 3, 3, 3, 3, 3, 3, 3, 3, 3, 3, 3, 3, 3, 3, 3, 3, 3, 3, 3, 3, 3, 3, 3, 3, 3, 3, 3, 3, 3, 3, 3, 3, 3, 3, 3, 3, 3, 3, 3, 3, 3, 3, 3, 3, 3, 3, 3, 3, 3, 3, 3, 3, 3, 3, 3, 3, 3, 3, 3, 3, 3, 3, 3, 3, 3, 3, 3, 3, 3, 3, 3, 3, 3, 3, 3, 3, 3, 3, 3, 3, 3, 3, 3, 3, 3, 3, 3, 3, 3, 3, 3, 3, 3, 3, 3, 3, 3, 3, 3, 3, 3, 3, 3, 3, 3, 3, 3, 3, 3, 3, 3, 3, 3, 3, 3, 3, 3, 3, 3, 3, 3, 3, 3, 3, 3, 3, 3, 3, 3, 3, 3, 3, 3, 3, 3, 3, 3, 3, 3, 3, 3, 3, 3, 3, 3, 3, 3, 3, 3, 3, 3, 3, 3, 3, 3, 3, 3, 3, 3, 3, 3, 3, 3, 3, 3, 3, 3, 3, 3, 3, 3, 3, 3, 3, 3, 3, 3, 3, 3, 3, 3, 3, 3, 3, 3, 3, 3, 3, 3, 3, 3, 3, 3, 3, 3, 3, 3, 3, 3, 3, 3, 3, 3, 3, 3, 3, 3, 3, 3, 3, 3, 3, 3, 3, 3, 3, 3, 3, 3, 3, 3, 3, 3, 3, 3, 3, 3, 3, 3, 3, 3, 3, 3, 3, 3, 3, 3, 3, 3, 3, 3, 3, 3, 3, 3, 3, 3, 3, 3, 3, 3, 3, 3, 3, 3, 3, 3, 3, 3, 3, 3, 3, 3, 3, 3, 3, 3, 3, 3, 3, 3, 3, 3, 3, 3, 3, 3, 3, 3, 3, 3, 3, 3, 3, 3, 3, 3, 3, 3, 3, 3, 3, 3, 3, 3, 3, 3, 3, 3, 3, 3, 3, 3, 3, 3, 3, 3, 3, 3, 3, 3, 3, 3, 3, 3, 3, 3, 3, 3, 3, 3, 3, 3, 3, 3, 3, 3, 3, 3, 3, 3, 3, 3, 3, 3, 3, 3, 3, 3, 3, 3, 3, 3, 3, 3, 3, 3, 3, 3, 3, 3, 3, 3, 3, 3, 3, 3, 3, 3, 3, 3, 3, 3, 3, 3, 3, 3, 3, 3, 3, 3, 3, 3, 3, 3, 3, 3, 3, 3, 3, 3, 3, 3, 3, 3, 3, 3, 3, 3, 3, 3, 3, 3, 3, 3, 3, 3, 3, 3, 3, 3, 3, 3, 3, 3, 3, 3, 3, 3, 3, 3, 3, 3, 3, 3, 3, 3, 3, 3, 3, 3, 3, 3, 3, 3, 3, 3, 3, 3, 3, 3, 3, 3, 3, 3, 3, 3, 3, 3, 3, 3, 3, 3, 3, 3, 3, 3, 3, 3, 3, 3, 3, 3, 3, 3, 3, 3, 3, 3, 3, 3, 3, 3, 3, 3, 3, 3, 3, 3, 3, 3, 3, 3, 3, 3, 3, 3, 3, 3, 3, 3, 3, 3, 3, 3, 3, 3, 3, 3, 3, 3, 3, 3, 3, 3, 3, 3, 3, 3, 3, 3, 3, 3, 3, 3, 3, 3, 3, 3, 3, 3, 3, 3, 3, 3, 3, 3, 3, 3, 3, 3, 3, 3, 3, 3, 3, 3, 3, 3, 3, 3, 3, 3, 3, 3, 3, 3, 3, 3, 3, 3, 3, 3, 3, 3, 3, 3, 3, 3, 3, 3, 3, 3, 3, 3, 3, 3, 3, 3, 3, 3, 3, 3, 3, 3, 3, 3, 3, 3, 3, 3, 3, 3, 3, 3, 3, 3, 3, 3, 3, 3, 3, 3, 3, 3, 3, 3, 3, 3, 3, 3, 3, 3, 3, 3, 3, 3, 3, 3, 3, 3, 3, 3, 3, 3, 3, 3, 3, 3, 3, 3, 3, 3, 3, 3, 3, 3, 3, 3, 3, 3, 3, 3, 3, 3, 3, 3, 3, 3, 3, 3, 3, 3, 3, 3, 3, 3, 3, 3, 3, 3, 3, 3, 3, 3, 3, 3, 3, 3, 3, 3, 3, 3, 3, 3, 3, 3, 3, 3, 3, 3, 3, 3, 3, 3, 3, 3, 3, 3, 3, 3, 3, 3, 3, 3, 3, 3, 3, 3, 3, 3, 3, 3, 3, 3, 3, 3, 3, 3, 3, 3, 3, 3, 3, 3, 3, 3, 3, 3, 3, 3, 3, 3, 3, 3, 3, 3, 3, 3, 3, 3, 3, 3, 3, 3, 3, 3, 3, 3, 3, 3, 3, 3, 3, 3, 3, 3, 3, 3, 3, 3, 3, 3, 3, 3, 3, 3, 3, 3, 3, 3, 3, 3, 3, 3, 3, 3, 3, 3, 3, 3, 3, 3, 3, 3, 3, 3, 3, 3, 3, 3, 3, 3, 3, 3, 3, 3, 3, 3, 3, 3, 3, 3, 3, 3, 3, 3, 3, 3, 3, 3, 3, 3, 3, 3, 3, 3, 3, 3, 3, 3, 3, 3, 3, 3, 3, 3, 3, 3, 3, 3, 3, 3, 3, 3, 3, 3, 3, 3, 3, 3, 3, 3, 3, 3, 3, 3, 3, 3, 3, 3, 3, 3, 3, 3, 3, 3, 3, 3, 3, 3, 3, 3, 3, 3, 3, 3, 3, 3, 3, 3, 3, 3, 3, 3, 3, 3, 3, 3, 3, 3, 3, 3, 3, 3, 3, 3, 3, 3, 3, 3, 3, 3, 3, 3, 3, 3, 3, 3, 3, 3, 3, 3, 3, 3, 3, 3, 3, 3, 3, 3, 3, 3, 3, 3, 3, 3, 3, 3, 3, 3, 3, 3, 3, 3, 3, 3, 3, 3, 3, 3, 3, 3, 3, 3, 3, 3, 3, 3, 3, 3, 3, 3, 3, 3, 3, 3, 3, 3, 3, 3, 3, 3, 3, 3, 3, 3, 3, 3, 3, 3, 3, 3, 3, 3, 3, 3, 3, 3, 3, 3, 3, 3, 3, 3, 3, 3, 3, 3, 3, 3, 3, 3, 3, 3, 3, 3, 3, 3, 3, 3, 3, 3, 3, 3, 3, 3, 3, 3, 3, 3, 3, 3, 3, 3, 3, 3, 3, 3, 3, 3, 3, 3, 3, 3, 3, 3, 3, 3, 3, 3, 3, 3, 3, 3, 3, 3, 3, 3, 3, 3, 3, 3, 3, 3, 3, 3, 3, 3, 3, 3, 3, 3, 3, 3, 3, 3, 3, 3, 3, 3, 3, 3, 3, 3, 3, 3, 3, 3, 3, 3, 3, 3, 3, 3, 3, 3, 3, 3, 3, 3, 3, 3, 3, 3, 3, 3, 3, 3, 3, 3, 3, 3, 3, 3, 3, 3, 3, 3, 3, 3, 3, 3, 3, 3, 3, 3, 3, 3, 3, 3, 3, 3, 3, 3, 3, 3, 3, 3, 3, 3, 3, 3, 3, 3, 3, 3, 3, 3, 3, 3, 3, 3, 3, 3, 3, 3, 3, 3, 3, 3, 3, 3, 3, 3, 3, 3, 3, 3, 3, 3, 3, 3, 3, 3, 3, 3, 3, 3, 3, 3, 3, 3, 3, 3, 3, 3, 3, 3, 3, 3, 3, 3, 3, 3, 3, 3, 3, 3, 3, 3, 3, 3, 3, 3, 3, 3, 3, 3, 3, 3, 3, 3, 3, 3, 3, 3, 3, 3, 3, 3, 3, 3, 3, 3, 3, 3, 3, 3, 3, 3, 3, 3, 3, 3, 3, 3, 3, 3, 3, 3, 3, 3, 3, 3, 3, 3, 3, 3, 3, 3, 3, 3, 3, 3, 3, 3, 3, 3, 3, 3, 3, 3, 3, 3, 3, 3, 3, 3, 3, 3, 3, 3, 3, 3, 3, 3, 3, 3, 3, 3, 3, 3, 3, 3, 3, 3, 3, 3, 3, 3, 3, 3, 3, 3, 3, 3, 3, 3, 3, 3, 3, 3, 3, 3, 3, 3, 3, 3, 3, 3, 3, 3, 3, 3, 3, 3, 3, 3, 3, 3, 3, 3, 3, 3, 3, 3, 3, 3, 3, 3, 3, 3, 3, 3, 3, 3, 3, 3, 3, 3, 3, 3, 3, 3, 3, 3, 3, 3, 3, 3, 3, 3, 3, 3, 3, 3, 3, 3, 3, 3, 3, 3, 3, 3, 3, 3, 3, 3, 3, 3, 3, 3, 3, 3, 3, 3, 3, 3, 3, 3, 3, 3, 3, 3, 3, 3, 3, 3, 3, 3, 3, 3, 3, 3, 3, 3, 3, 3, 3, 3, 3, 3, 3, 3, 3, 3, 3, 3, 3, 3, 3, 3, 3, 3, 3, 3, 3, 3, 3, 3, 3, 3, 3, 3, 3, 3, 3, 3, 3, 3, 3, 3, 3, 3, 3, 3, 3, 3, 3, 3, 3, 3, 3, 3, 3, 3, 3, 3, 3, 3, 3, 3, 3, 3, 3, 3, 3, 3, 3, 3, 3, 3, 3, 3, 3, 3, 3, 3, 3, 3, 3, 3, 3, 3, 3, 3, 3, 3, 3, 3, 3, 3, 3, 3, 3, 3, 3, 3, 3, 3, 3, 3, 3, 3, 3, 3, 3, 3, 3, 3, 3, 3, 3, 3, 3, 3, 3, 3, 3, 3, 3, 3, 3, 3, 3, 3, 3, 3, 3, 3, 3, 3, 3, 3, 3, 3, 3, 3, 3, 3, 3, 3, 3, 3, 3, 3, 3, 3, 3, 3, 3, 3, 3, 3, 3, 3, 3, 3, 3, 3, 3, 3, 3, 3, 3, 3, 3, 3, 3, 3, 3, 3, 3, 3, 3, 3, 3, 3, 3, 3, 3, 3, 3, 3, 3, 3, 3, 3, 3, 3, 3, 3, 3, 3, 3, 3, 3, 3, 3, 3, 3, 3, 3, 3, 3, 3, 3, 3, 3, 3, 3, 3, 3, 3, 3, 3, 3, 3, 3, 3, 3, 3, 3, 3, 3, 3, 3, 3, 3, 3, 3, 3, 3, 3, 3, 3, 3, 3, 3, 3, 3, 3, 3, 3, 3, 3, 3, 3, 3, 3, 3, 3, 3, 3, 3, 3, 3, 3, 3, 3, 3, 3, 3, 3, 3, 3, 3, 3, 3, 3, 3, 3, 3, 3, 3, 3, 3, 3, 3, 3, 3, 3, 3, 3, 3, 3, 3, 3, 3, 3, 3, 3, 3, 3, 3, 3, 3, 3, 3, 3, 3, 3, 3, 3, 3, 3, 3, 3, 3, 3, 3, 3, 3, 3, 3, 3, 3, 3, 3, 3, 3, 3, 3, 3, 3, 3, 3, 3, 3, 3, 3, 3, 3, 3, 3, 3, 3, 3, 3, 3, 3, 3, 3, 3, 3, 3, 3, 3, 3, 3, 3, 3, 3, 3, 3, 3, 3, 3, 3, 3, 3, 3, 3, 3, 3, 3, 3, 3, 3, 3, 3, 3, 3, 3, 3, 3, 3, 3, 3, 3, 3, 3, 3, 3, 3, 3, 3, 3, 3, 3, 3, 3, 3, 3, 3, 3, 3, 3, 3, 3, 3, 3, 3, 3, 3, 3, 3, 3, 3, 3, 3, 3, 3, 3, 3, 3, 3, 3, 3, 3, 3, 3, 3, 3, 3, 3, 3, 3, 3, 3, 3, 3, 3, 3, 3, 3, 3, 3, 3, 3, 3, 3, 3, 3, 3, 3, 3, 3, 3, 3, 3, 3, 3, 3, 3, 3, 3, 3, 3, 3, 3, 3, 3, 3, 3, 3, 3, 3, 3, 3, 3, 3, 3, 3, 3, 3, 3, 3, 3, 3, 3, 3, 3, 3, 3, 3, 3, 3, 3, 3, 3, 3, 3, 3, 3, 3, 3, 3, 3, 3, 3, 3, 3, 3, 3, 3, 3, 3, 3, 3, 3, 3, 3, 3, 3, 3, 3, 3, 3, 3, 3, 3, 3, 3, 3, 3, 3, 3, 3, 3, 3, 3, 3, 3, 3, 3, 3, 3, 3, 3, 3, 3, 3, 3, 3, 3, 3, 3, 3, 3, 3, 3, 3, 3, 3, 3, 3, 3, 3, 3, 3, 3, 3, 3, 3, 3, 3, 3, 3, 3, 3, 3, 3, 3, 3, 3, 3, 3, 3, 3, 3, 3, 3, 3, 3, 3, 3, 3, 3, 3, 3, 3, 3, 3, 3, 3, 3, 3, 3, 3, 3, 3, 3, 3, 3, 3, 3, 3, 3, 3, 3, 3, 3, 3, 3, 3, 3, 3, 3, 3, 3, 3, 3, 3, 3, 3, 3, 3, 3, 3, 3, 3, 3, 3, 3, 3, 3, 3, 3, 3, 3, 3, 3, 3, 3, 3, 3, 3, 3, 3, 3, 3, 3, 3, 3, 3, 3, 3, 3, 3, 3, 3, 3, 3, 3, 3, 3, 3, 3, 3, 3, 3, 3, 3, 3, 3, 3, 3, 3, 3, 3, 3, 3, 3, 3, 3, 3, 3, 3, 3, 3, 3, 3, 3, 3, 3, 3, 3, 3, 3, 3, 3, 3, 3, 3, 3, 3, 3, 3, 3, 3, 3, 3, 3, 3, 3, 3, 3, 3, 3, 3, 3, 3, 3, 3, 3, 3, 3, 3, 3, 3, 3, 3, 3, 3, 3, 3, 3, 3, 3, 3, 3, 3, 3, 3, 3, 3, 3, 3, 3, 3, 3, 3, 3, 3, 3, 3, 3, 3, 3, 3, 3, 3, 3, 3, 3, 3, 3, 3, 3, 3, 3, 3, 3, 3, 3, 3, 3, 3, 3, 3, 3, 3, 3, 3, 3, 3, 3, 3, 3, 3, 3, 3, 3, 3, 3, 3, 3, 3, 3, 3, 3, 3, 3, 3, 3, 3, 3, 3, 3, 3, 3, 3, 3, 3, 3, 3, 3, 3, 3, 3, 3, 3, 3, 3, 3, 3, 3, 3, 3, 3, 3, 3, 3, 3, 3, 3, 3, 3, 3, 3, 3, 3, 3, 3, 3, 3, 3, 3, 3, 3, 3, 3, 3, 3, 3, 3, 3, 3, 3, 3, 3, 3, 3, 3, 3, 3, 3, 3, 3, 3, 3, 3, 3, 3, 3, 3, 3, 3, 3, 3, 3, 3, 3, 3, 3, 3, 3, 3, 3, 3, 3, 3, 3, 3, 3, 3, 3, 3, 3, 3, 3, 3, 3, 3, 3, 3, 3, 3, 3, 3, 3, 3, 3, 3, 3, 3, 3, 3, 3, 3, 3, 3, 3, 3, 3, 3, 3, 3, 3, 3, 3, 3, 3, 3, 3, 3, 3, 3, 3, 3, 3, 3, 3, 3, 3, 3, 3, 3, 3, 3, 3, 3, 3, 3, 3, 3, 3, 3, 3, 3, 3, 3, 3, 3, 3, 3, 3, 3, 3, 3, 3, 3, 3, 3, 3, 3, 3, 3, 3, 3, 3, 3, 3, 3, 3, 3, 3, 3, 3, 3, 3, 3, 3, 3, 3, 3, 3, 3, 3, 3, 3, 3, 3, 3, 3, 3, 3, 3, 3, 3, 3, 3, 3, 3, 3, 3, 3, 3, 3, 3, 3, 3, 3, 3, 3, 3, 3, 3, 3, 3, 3, 3, 3, 3, 3, 3, 3, 3, 3, 3, 3, 3, 3, 3, 3, 3, 3, 3, 3, 3, 3, 3, 3, 3, 3, 3, 3, 3, 3, 3, 3, 3, 3, 3, 3, 3, 3, 3, 3, 3, 3, 3, 3, 3, 3, 3, 3, 3, 3, 3, 3, 3, 3, 3, 3, 3, 3, 3, 3, 3, 3, 3, 3, 3, 3, 3, 3, 3, 3, 3, 3, 3, 3, 3, 3, 3, 3, 3, 3, 3, 3, 3, 3, 3, 3, 3, 3, 3, 3, 3, 3, 3, 3, 3, 3, 3, 3, 3, 3, 3, 3, 3, 3, 3, 3, 3, 3, 3, 3, 3, 3, 3, 3, 3, 3, 3, 3, 3, 3, 3, 3, 3, 3, 3, 3, 3, 3, 3, 3, 3, 3, 3, 3, 3, 3, 3, 3, 3, 3, 3, 3, 3, 3, 3, 3, 3, 3, 3, 3, 3, 3, 3, 3, 3, 3, 3, 3, 3, 3, 3, 3, 3, 3, 3, 3, 3, 3, 3, 3, 3, 3, 3, 3, 3, 3, 3, 3, 3, 3, 3, 3, 3, 3, 3, 3, 3, 3, 3, 3, 3, 3, 3, 3, 3, 3, 3, 3, 3, 3, 3, 3, 3, 3, 3, 3, 3, 3, 3, 3, 3, 3, 3, 3, 3, 3, 3, 3, 3, 3, 3, 3, 3, 3, 3, 3, 3, 3, 3, 3, 3, 3, 3, 3, 3, 3, 3, 3, 3, 3, 3, 3, 3, 3, 3, 3, 3, 3, 3, 3, 3, 3, 3, 3, 3, 3, 3, 3, 3, 3, 3, 3, 3, 3, 3, 3, 3, 3, 3, 3, 3, 3, 3, 3, 3, 3, 3, 3, 3, 3, 3, 3, 3, 3, 3, 3, 3, 3, 3, 3, 3, 3, 3, 3, 3, 3, 3, 3, 3, 3, 3, 3, 3, 3, 3, 3, 3, 3, 3, 3, 3, 3, 3, 3, 3, 3, 3, 3, 3, 3, 3, 3, 3, 3, 3, 3, 3, 3, 3, 3, 3, 3, 3, 3, 3, 3, 3, 3, 3, 3, 3, 3, 3, 3, 3, 3, 3, 3, 3, 3, 3, 3, 3, 3, 3, 3, 3, 3, 3, 3, 3, 3, 3, 3, 3, 3, 3, 3, 3, 3, 3, 3, 3, 3, 3, 3, 3, 3, 3, 3, 3, 3, 3, 3, 3, 3, 3, 3, 3, 3, 3, 3, 3, 3, 3, 3, 3, 3, 3, 3, 3, 3, 3, 3, 3, 3, 3, 3, 3, 3, 3, 3, 3, 3, 3, 3, 3, 3, 3, 3, 3, 3, 3, 3, 3, 3, 3, 3, 3, 3, 3, 3, 3, 3, 3, 3, 3, 3, 3, 3, 3, 3, 3, 3, 3, 3, 3, 3, 3, 3, 3, 3, 3, 3, 3, 3, 3, 3, 3, 3, 3, 3, 3, 3, 3, 3, 3, 3, 3, 3, 3, 3, 3, 3, 3, 3, 3, 3, 3, 3, 3, 3, 3, 3, 3, 3, 3, 3, 3, 3, 3, 3, 3, 3, 3, 3, 3, 3, 3, 3, 3, 3, 3, 3, 3, 3, 3, 3, 3, 3, 3, 3, 3, 3, 3, 3, 3, 3, 3, 3, 3, 3, 3, 3, 3, 3, 3, 3, 3, 3, 3, 3, 3, 3, 3, 3, 3, 3, 3, 3, 3, 3, 3, 3, 3, 3, 3, 3, 3, 3, 3, 3, 3, 3, 3, 3, 3, 3, 3, 3, 3, 3, 3, 3, 3, 3, 3, 3, 3, 3, 3, 3, 3, 3, 3, 3, 3, 3, 3, 3, 3, 3, 3, 3, 3, 3, 3, 3, 3, 3, 3, 3, 3, 3, 3, 3, 3, 3, 3, 3, 3, 3, 3, 3, 3, 3, 3, 3, 3, 3, 3, 3, 3, 3, 3, 3, 3, 3, 3, 3, 3, 3, 3, 3, 3, 3, 3, 3, 3, 3, 3, 3, 3, 3, 3, 3, 3, 3, 3, 3, 3, 3, 3, 3, 3, 3, 3, 3, 3, 3, 3, 3, 3, 3, 3, 3, 3, 3, 3, 3, 3, 3, 3, 3, 3, 3, 3, 3, 3, 3, 3, 3, 3, 3, 3, 3, 3, 3, 3, 3, 3, 3, 3, 3, 3, 3, 3, 3, 3, 3, 3, 3, 3, 3, 3, 3, 3, 3, 3, 3, 3, 3, 3, 3, 3, 3, 3, 3, 3, 3, 3, 3, 3, 3, 3, 3, 3, 3, 3, 3, 3, 3, 3, 3, 3, 3, 3, 3, 3, 3, 3, 3, 3, 3, 3, 3, 3, 3, 3, 3, 3, 3, 3, 3, 3, 3, 3, 3, 3, 3, 3, 3, 3, 3, 3, 3, 3, 3, 3, 3, 3, 3, 3, 3, 3, 3, 3, 3, 3, 3, 3, 3, 3, 3, 3, 3, 3, 3, 3, 3, 3, 3, 3, 3, 3, 3, 3, 3, 3, 3, 3, 3, 3, 3, 3, 3, 3, 3, 3, 3, 3, 3, 3, 3, 3, 3, 3, 3, 3, 3, 3, 3, 3, 3, 3, 3, 3, 3, 3, 3, 3, 3, 3, 3, 3, 3, 3, 3, 3, 3, 3, 3, 3, 3, 3, 3, 3, 3, 3, 3, 3, 3, 3, 3, 3, 3, 3, 3, 3, 3, 3, 3, 3, 3, 3, 3, 3, 3, 3, 3, 3, 3, 3, 3, 3, 3, 3, 3, 3, 3, 3, 3, 3, 3, 3, 3, 3, 3, 3, 3, 3, 3, 3, 3, 3, 3, 3, 3, 3, 3, 3, 3, 3, 3, 3, 3, 3, 3, 3, 3, 3, 3, 3, 3, 3, 3, 3, 3, 3, 3, 3, 3, 3, 3, 3, 3, 3, 3, 3, 3, 3, 3, 3, 3, 3, 3, 3, 3, 3, 3, 3, 3, 3, 3, 3, 3, 3, 3, 3, 3, 3, 3, 3, 3, 3, 3, 3, 3, 3, 3, 3, 3, 3, 3, 3, 3, 3, 3, 3, 3, 3, 3, 3, 3, 3, 3, 3, 3, 3, 3, 3, 3, 3, 3, 3, 3, 3, 3, 3, 3, 3, 3, 3, 3, 3, 3, 3, 3, 3, 3, 3, 3, 3, 3, 3, 3, 3, 3, 3, 3, 3, 3, 3, 3, 3, 3, 3, 3, 3, 3, 3, 3, 3, 3, 3, 3, 3, 3, 3, 3, 3, 3, 3, 3, 3, 3, 3, 3, 3, 3, 3, 3, 3, 3, 3, 3, 3, 3, 3, 3, 3, 3, 3, 3, 3, 3, 3, 3, 3, 3, 3, 3, 3, 3, 3, 3, 3, 3, 3, 3, 3, 3, 3, 3, 3, 3, 3, 3, 3, 3, 3, 3, 3, 3, 3, 3, 3, 3, 3, 3, 3, 3, 3, 3, 3, 3, 3, 3, 3, 3, 3, 3, 3, 3, 3, 3, 3, 3, 3, 3, 3, 3, 3, 3, 3, 3, 3, 3, 3, 3, 3, 3, 3, 3, 3, 3, 3, 3, 3, 3, 3, 3, 3, 3, 3, 3, 3, 3, 3, 3, 3, 3, 3, 3, 3, 3, 3, 3, 3, 3, 3, 3, 3, 3, 3, 3, 3, 3, 3, 3, 3, 3, 3, 3, 3, 3, 3, 3, 3, 3, 3, 3, 3, 3, 3, 3, 3, 3, 3, 3, 3, 3, 3, 3, 3, 3, 3, 3, 3, 3, 3, 3, 3, 3, 3, 3, 3, 3, 3, 3, 3, 3, 3, 3, 3, 3, 3, 3, 3, 3, 3, 3, 3, 3, 3, 3, 3, 3, 3, 3, 3, 3, 3, 3, 3, 3, 3, 3, 3, 3, 3, 3, 3, 3, 3, 3, 3, 3, 3, 3, 3, 3, 3, 3, 3, 3, 3, 3, 3, 3, 3, 3, 3, 3, 3, 3, 3, 3, 3, 3, 3, 3, 3, 3, 3, 3, 3, 3, 3, 3, 3, 3, 3, 3, 3, 3, 3, 3, 3, 3, 3, 3, 3, 3, 3, 3, 3, 3, 3, 3, 3, 3, 3, 3, 3, 3, 3, 3, 3, 3, 3, 3, 3, 3, 3, 3, 3, 3, 3, 3, 3, 3, 3, 3, 3, 3, 3, 3, 3, 3, 3, 3, 3, 3, 3, 3, 3, 3, 3, 3, 3, 3, 3, 3, 3, 3, 3, 3, 3, 3, 3, 3, 3, 3, 3, 3, 3, 3, 3, 3, 3, 3, 3, 3, 3, 3, 3, 3, 3, 3, 3, 3, 3, 3, 3, 3, 3, 3, 3, 3, 3, 3, 3, 3, 3, 3, 3, 3, 3, 3, 3, 3, 3, 3, 3, 3, 3, 3, 3, 3, 3, 3, 3, 3, 3, 3, 3, 3, 3, 3, 3, 3, 3, 3, 3, 3, 3, 3, 3, 3, 3, 3, 3, 3, 3, 3, 3, 3, 3, 3, 3, 3, 3, 3, 3, 3, 3, 3, 3, 3, 3, 3, 3, 3, 3, 3, 3, 3, 3, 3, 3, 3, 3, 3, 3, 3, 3, 3, 3, 3, 3, 3, 3, 3, 3, 3, 3, 3, 3, 3, 3, 3, 3, 3, 3, 3, 3, 3, 3, 3, 3, 3, 3, 3, 3, 3, 3, 3, 3, 3, 3, 3, 3, 3, 3, 3, 3, 3, 3, 3, 3, 3, 3, 3, 3, 3, 3, 3, 3, 3, 3, 3, 3, 3, 3, 3, 3, 3, 3, 3, 3, 3, 3, 3, 3, 3, 3, 3, 3, 3, 3, 3, 3, 3, 3, 3, 3, 3, 3, 3, 3, 3, 3, 3, 3, 3, 3, 3, 3, 3, 3, 3, 3, 3, 3, 3, 3, 3, 3, 3, 3, 3, 3, 3, 3, 3, 3, 3, 3, 3, 3, 3, 3, 3, 3, 3, 3, 3, 3, 3, 3, 3, 3, 3, 3, 3, 3, 3, 3, 3, 3, 3, 3, 3, 3, 3, 3, 3, 3, 3, 3, 3, 3, 3, 3, 3, 3, 3, 3, 3, 3, 3, 3, 3, 3, 3, 3, 3, 3, 3, 3, 3, 3, 3, 3, 3, 3, 3, 3, 3, 3, 3, 3, 3, 3, 3, 3, 3, 3, 3, 3, 3, 3, 3, 3, 3, 3, 3, 3, 3, 3, 3, 3, 3, 3, 3, 3, 3, 3, 3, 3, 3, 3, 3, 3, 3, 3, 3, 3, 3, 3, 3, 3, 3, 3, 3, 3, 3, 3, 3, 3, 3, 3, 3, 3, 3, 3, 3, 3, 3, 3, 3, 3, 3, 3, 3, 3, 3, 3, 3, 3, 3, 3, 3, 3, 3, 3, 3, 3, 3, 3, 3, 3, 3, 3, 3, 3, 3, 3, 3, 3, 3, 3, 3, 3, 3, 3, 3, 3, 3, 3, 3, 3, 3, 3, 3, 3, 3, 3, 3, 3, 3, 3, 3, 3, 3, 3, 3, 3, 3, 3, 3, 3, 3, 3, 3, 3, 3, 3, 3, 3, 3, 3, 3, 3, 3, 3, 3, 3, 3, 3, 3, 3, 3, 3, 3, 3, 3, 3, 3, 3, 3, 3, 3, 3, 3, 3, 3, 3, 3, 3, 3, 3, 3, 3, 3, 3, 3, 3, 3, 3, 3, 3, 3, 3, 3, 3, 3, 3, 3, 3, 3, 3, 3, 3, 3, 3, 3, 3, 3, 3, 3, 3, 3, 3, 3, 3, 3, 3, 3, 3, 3, 3, 3, 3, 3, 3, 3, 3, 3, 3, 3, 3, 3, 3, 3, 3, 3, 3, 3, 3, 3, 3, 3, 3, 3, 3, 3, 3, 3, 3, 3, 3, 3, 3, 3, 3, 3, 3, 3, 3, 3, 3, 3, 3, 3, 3, 3, 3, 3, 3, 3, 3, 3, 3, 3, 3, 3, 3, 3, 3, 3, 3, 3, 3, 3, 3, 3, 3, 3, 3, 3, 3, 3, 3, 3, 3, 3, 3, 3, 3, 3, 3, 3, 3, 3, 3, 3, 3, 3, 3, 3, 3, 3, 3, 3, 3, 3, 3, 3, 3, 3, 3, 3, 3, 3, 3, 3, 3, 3, 3, 3, 3, 3, 3, 3, 3, 3, 3, 3, 3, 3, 3, 3, 3, 3, 3, 3, 3, 3, 3, 3, 3, 3, 3, 3, 3, 3, 3, 3, 3, 3, 3, 3, 3, 3, 3, 3, 3, 3, 3, 3, 3, 3, 3, 3, 3, 3, 3, 3, 3, 3, 3, 3, 3, 3, 3, 3, 3, 3, 3, 3, 3, 3, 3, 3, 3, 3, 3, 3, 3, 3, 3, 3, 3, 3, 3, 3, 3, 3, 3, 3, 3, 3, 3, 3, 3, 3, 3, 3, 3, 3, 3, 3, 3, 3, 3, 3, 3, 3, 3, 3, 3, 3, 3, 3, 3, 3, 3, 3, 3, 3, 3, 3, 3, 3, 3, 3, 3, 3, 3, 3, 3, 3, 3, 3, 3, 3, 3, 3, 3, 3, 3, 3, 3, 3, 3, 3, 3, 3, 3, 3, 3, 3, 3, 3, 3, 3, 3, 3, 3, 3, 3, 3, 3, 3, 3, 3, 3, 3, 3, 3, 3, 3, 3, 3, 3, 3, 3, 3, 3, 3, 3, 3, 3, 3, 3, 3, 3, 3, 3, 3, 3, 3, 3, 3, 3, 3, 3, 3, 3, 3, 3, 3, 3, 3, 3, 3, 3, 3, 3, 3, 3, 3, 3, 3, 3, 3, 3, 3, 3, 3, 3, 3, 3, 3, 3, 3, 3, 3, 3, 3, 3, 3, 3, 3, 3, 3, 3, 3, 3, 3, 3, 3, 3, 3, 3, 3, 3, 3, 3, 3, 3, 3, 3, 3, 3, 3, 3, 3, 3, 3, 3, 3, 3, 3, 3, 3, 3, 3, 3, 3, 3, 3, 3, 3, 3, 3, 3, 3, 3, 3, 3, 3, 3, 3, 3, 3, 3, 3, 3, 3, 3, 3, 3, 3, 3, 3, 3, 3, 3, 3, 3, 3, 3, 3, 3, 3, 3, 3, 3, 3, 3, 3, 3, 3, 3, 3, 3, 3, 3, 3, 3, 3, 3, 3, 3, 3, 3, 3, 3, 3, 3, 3, 3, 3, 3, 3, 3, 3, 3, 3, 3, 3, 3, 3, 3, 3, 3, 3, 3, 3, 3, 3, 3, 3, 3, 3, 3, 3, 3, 3, 3, 3, 3, 3, 3, 3, 3, 3, 3, 3, 3, 3, 3, 3, 3, 3, 3, 3, 3, 3, 3, 3, 3, 3, 3, 3, 3, 3, 3, 3, 3, 3, 3, 3, 3, 3, 3, 3, 3, 3, 3, 3, 3, 3, 3, 3, 3, 3, 3, 3, 3, 3, 3, 3, 3, 3, 3, 3, 3, 3, 3, 3, 3, 3, 3, 3, 3, 3, 3, 3, 3, 3, 3, 3, 3, 3, 3, 3, 3, 3, 3, 3, 3, 3, 3, 3, 3, 3, 3, 3, 3, 3, 3, 3, 3, 3, 3, 3, 3, 3, 3, 3, 3, 3, 3, 3, 3, 3, 3, 3, 3, 3, 3, 3, 3, 3, 3, 3, 3, 3, 3, 3, 3, 3, 3, 3, 3, 3, 3, 3, 3, 3, 3, 3, 3, 3, 3, 3, 3, 3, 3, 3, 3, 3, 3, 3, 3, 3, 3, 3, 3, 3, 3, 3, 3, 3, 3, 3, 3, 3, 3, 3, 3, 3, 3, 3, 3, 3, 3, 3, 3, 3, 3, 3, 3, 3, 3, 3, 3, 3, 3, 3, 3, 3, 3, 3, 3, 3, 3, 3, 3, 3, 3, 3, 3, 3, 3, 3, 3, 3, 3, 3, 3, 3, 3, 3, 3, 3, 3, 3, 3, 3, 3, 3, 3, 3, 3, 3, 3, 3, 3, 3, 3, 3, 3, 3, 3, 3, 3, 3, 3, 3, 3, 3, 3, 3, 3, 3, 3, 3, 3, 3, 3, 3, 3, 3, 3, 3, 3, 3, 3, 3, 3, 3, 3, 3, 3, 3, 3, 3, 3, 3, 3, 3, 3, 3, 3, 3, 3, 3, 3, 3, 3, 3, 3, 3, 3, 3, 3, 3, 3, 3, 3, 3, 3, 3, 3, 3, 3, 3, 3, 3, 3, 3, 3, 3, 3, 3, 3, 3, 3, 3, 3, 3, 3, 3, 3, 3, 3, 3, 3, 3, 3, 3, 3, 3, 3, 3, 3, 3, 3, 3, 3, 3, 3, 3, 3, 3, 3, 3, 3, 3, 3, 3, 3, 3, 3, 3, 3, 3, 3, 3, 3, 3, 3, 3, 3, 3, 3, 3, 3, 3, 3, 3, 3, 3, 3, 3, 3, 3, 3, 3, 3, 3, 3, 3, 3, 3, 3, 3, 3, 3, 3, 3, 3, 3, 3, 3, 3, 3, 3, 3, 3, 3, 3, 3, 3, 3, 3, 3, 3, 3, 3, 3, 3, 3, 3, 3, 3, 3, 3, 3, 3, 3, 3, 3, 3, 3, 3, 3, 3, 3, 3, 3, 3, 3, 3, 3, 3, 3, 3, 3, 3, 3, 3, 3, 3, 3, 3, 3, 3, 3, 3, 3, 3, 3, 3, 3, 3, 3, 3, 3, 3, 3, 3, 3, 3, 3, 3, 3, 3, 3, 3, 3, 3, 3, 3, 3, 3, 3, 3, 3, 3, 3, 3, 3, 3, 3, 3, 3, 3, 3, 3, 3, 3, 3, 3, 3, 3, 3, 3, 3, 3, 3, 3, 3, 3, 3, 3, 3, 3, 3, 3, 3, 3, 3, 3, 3, 3, 3, 3, 3, 3, 3, 3, 3, 3, 3, 3, 3, 3, 3, 3, 3, 3, 3, 3, 3, 3, 3, 3, 3, 3, 3, 3, 3, 3, 3, 3, 3, 3, 3, 3, 3, 3, 3, 3, 3, 3, 3, 3, 3, 3, 3, 3, 3, 3, 3, 3, 3, 3, 3, 3, 3, 3, 3, 3, 3, 3, 3, 3, 3, 3, 3, 3, 3, 3, 3, 3, 3, 3, 3, 3, 3, 3, 3, 3, 3, 3, 3, 3, 3, 3, 3, 3, 3, 3, 3, 3, 3, 3, 3, 3, 3, 3, 3, 3, 3, 3, 3, 3, 3, 3, 3, 3, 3, 3, 3, 3, 3, 3, 3, 3, 3, 3, 3, 3, 3, 3, 3, 3, 3, 3, 3, 3, 3, 3, 3, 3, 3, 3, 3, 3, 3, 3, 3, 3, 3, 3, 3, 3, 3, 3, 3, 3, 3, 3, 3, 3, 3, 3, 3, 3, 3, 3, 3, 3, 3, 3, 3, 3, 3, 3, 3, 3, 3, 3, 3, 3, 3, 3, 3, 3, 3, 3, 3, 3, 3, 3, 3, 3, 3, 3, 3, 3, 3, 3, 3, 3, 3, 3, 3, 3, 3, 3, 3, 3, 3, 3, 3, 3, 3, 3, 3, 3, 3, 3, 3, 3, 3, 3, 3, 3, 3, 3, 3, 3, 3, 3, 3, 3, 3, 3, 3, 3, 3, 3, 3, 3, 3, 3, 3, 3, 3, 3, 3, 3, 3, 3, 3, 3, 3, 3, 3, 3, 3, 3, 3, 3, 3, 3, 3, 3, 3, 3, 3, 3, 3, 3, 3, 3, 3, 3, 3, 3, 3, 3, 3, 3, 3, 3, 3, 3, 3, 3, 3, 3, 3, 3, 3, 3, 3, 3, 3, 3, 3, 3, 3, 3, 3, 3, 3, 3, 3, 3, 3, 3, 3, 3, 3, 3, 3, 3, 3, 3, 3, 3, 3, 3, 3, 3, 3, 3, 3, 3, 3, 3, 3, 3, 3, 3, 3, 3, 3, 3, 3, 3, 3, 3, 3, 3, 3, 3, 3, 3, 3, 3, 3, 3, 3, 3, 3, 3, 3, 3, 3, 3, 3, 3, 3, 3, 3, 3, 3, 3, 3, 3, 3, 3, 3, 3, 3, 3, 3, 3, 3, 3, 3, 3, 3, 3, 3, 3, 3, 3, 3, 3, 3, 3, 3, 3, 3, 3, 3, 3, 3, 3, 3, 3, 3, 3, 3, 3, 3, 3, 3, 3, 3, 3, 3, 3, 3, 3, 3, 3, 3, 3, 3, 3, 3, 3, 3, 3, 3, 3, 3, 3, 3, 3, 3, 3, 3, 3, 3, 3, 3, 3, 3, 3, 3, 3, 3, 3, 3, 3, 3, 3, 3, 3, 3, 3, 3, 3, 3, 3, 3, 3, 3, 3, 3, 3, 3, 3, 3, 3, 3, 3, 3, 3, 3, 3, 3, 3, 3, 3, 3, 3, 3, 3, 3, 3, 3, 3, 3, 3, 3, 3, 3, 3, 3, 3, 3, 3, 3, 3, 3, 3, 3, 3, 3, 3, 3, 3, 3, 3, 3, 3, 3, 3, 3, 3, 3, 3, 3, 3, 3, 3, 3, 3, 3, 3, 3, 3, 3, 3, 3, 3, 3, 3, 3, 3, 3, 3, 3, 3, 3, 3, 3, 3, 3, 3, 3, 3, 3, 3, 3, 3, 3, 3, 3, 3, 3, 3, 3, 3, 3, 3, 3, 3, 3, 3, 3, 3, 3, 3, 3, 3, 3, 3, 3, 3, 3, 3, 3, 3, 3, 3, 3, 3, 3, 3, 3, 3, 3, 3, 3, 3, 3, 3, 3, 3, 3, 3, 3, 3, 3, 3, 3, 3, 3, 3, 3, 3, 3, 3, 3, 3, 3, 3, 3, 3, 3, 3, 3, 3, 3, 3, 3, 3, 3, 3, 3, 3, 3, 3, 3, 3, 3, 3, 3, 3, 3, 3, 3, 3, 3, 3, 3, 3, 3, 3, 3, 3, 3, 3, 3, 3, 3, 3, 3, 3, 3, 3, 3, 3, 3, 3, 3, 3, 3, 3, 3, 3, 3, 3, 3, 3, 3, 3, 3, 3, 3, 3, 3, 3, 3, 3, 3, 3, 3, 3, 3, 3, 3, 3, 3, 3, 3, 3, 3, 3, 3, 3, 3, 3, 3, 3, 3, 3, 3, 3, 3, 3, 3, 3, 3, 3, 3, 3, 3, 3, 3, 3, 3, 3, 3, 3, 3, 3, 3, 3, 3, 3, 3, 3, 3, 3, 3, 3, 3, 3, 3, 3, 3, 3, 3, 3, 3, 3, 3, 3, 3, 3, 3, 3, 3, 3, 3, 3, 3, 3, 3, 3, 3, 3, 3, 3, 3, 3, 3, 3, 3, 3, 3, 3, 3, 3, 3, 3, 3, 3, 3, 3, 3, 3, 3, 3, 3, 3, 3, 3, 3, 3, 3, 3, 3, 3, 3, 3, 3, 3, 3, 3, 3, 3, 3, 3, 3, 3, 3, 3, 3, 3, 3, 3, 3, 3, 3, 3, 3, 3, 3, 3, 3, 3, 3, 3, 3, 3, 3, 3, 3, 3, 3, 3, 3, 3, 3, 3, 3, 3, 3, 3, 3, 3, 3, 3, 3, 3, 3, 3, 3, 3, 3, 3, 3, 3, 3, 3, 3, 3, 3, 3, 3, 3, 3, 3, 3, 3, 3, 3, 3, 3, 3, 3, 3, 3, 3, 3, 3, 3, 3, 3, 3, 3, 3, 3, 3, 3, 3, 3, 3, 3, 3, 3, 3, 3, 3, 3, 3, 3, 3, 3, 3, 3, 3, 3, 3, 3, 3, 3, 3, 3, 3, 3, 3, 3, 3, 3, 3, 3, 3, 3, 3, 3, 3, 3, 3, 3, 3, 3, 3, 3, 3, 3, 3, 3, 3, 3, 3, 3, 3, 3, 3, 3, 3, 3, 3, 3, 3, 3, 3, 3, 3, 3, 3, 3, 3, 3, 3, 3, 3, 3, 3, 3, 3, 3, 3, 3, 3, 3, 3, 3, 3, 3, 3, 3, 3, 3, 3, 3, 3, 3, 3, 3, 3, 3, 3, 3, 3, 3, 3, 3, 3, 3, 3, 3, 3, 3, 3, 3, 3, 3, 3, 3, 3, 3, 3, 3, 3, 3, 3, 3, 3, 3, 3, 3, 3, 3, 3, 3, 3, 3, 3, 3, 3, 3, 3, 3, 3, 3, 3, 3, 3, 3, 3, 3, 3, 3, 3, 3, 3, 3, 3, 3, 3, 3, 3, 3, 3, 3, 3, 3, 3, 3, 3, 3, 3, 3, 3, 3, 3, 3, 3, 3, 3, 3, 3, 3, 3, 3, 3, 3, 3, 3, 3, 3, 3, 3, 3, 3, 3, 3, 3, 3, 3, 3, 3, 3, 3, 3, 3, 3, 3, 3, 3, 3, 3, 3, 3, 3, 3, 3, 3, 3, 3, 3, 3, 3, 3, 3, 3, 3, 3, 3, 3, 3, 3, 3, 3, 3, 3, 3, 3, 3, 3, 3, 3, 3, 3, 3, 3, 3, 3, 3, 3, 3, 3, 3, 3, 3, 3, 3, 3, 3, 3, 3, 3, 3, 3, 3, 3, 3, 3, 3, 3, 3, 3, 3, 3, 3, 3, 3, 3, 3, 3, 3, 3, 3, 3, 3, 3, 3, 3, 3, 3, 3, 3, 3, 3, 3, 3, 3, 3, 3, 3, 3, 3, 3, 3, 3, 3, 3, 3, 3, 3, 3, 3, 3, 3, 3, 3, 3, 3, 3, 3, 3, 3, 3, 3, 3, 3, 3, 3, 3, 3, 3, 3, 3, 3, 3, 3, 3, 3, 3, 3, 3, 3, 3, 3, 3, 3, 3, 3, 3, 3, 3, 3, 3, 3, 3, 3, 3, 3, 3, 3, 3, 3, 3, 3, 3, 3, 3, 3, 3, 3, 3, 3, 3, 3, 3, 3, 3, 3, 3, 3, 3, 3, 3, 3, 3, 3, 3, 3, 3, 3, 3, 3, 3, 3, 3, 3, 3, 3, 3, 3, 3, 3, 3, 3, 3, 3, 3, 3, 3, 3, 3, 3, 3, 3, 3, 3, 3, 3, 3, 3, 3, 3, 3, 3, 3, 3, 3, 3, 3, 3, 3, 3, 3, 3, 3, 3, 3, 3, 3, 3, 3, 3, 3, 3, 3, 3, 3, 3, 3, 3, 3, 3, 3, 3, 3, 3, 3, 3, 3, 3, 3, 3, 3, 3, 3, 3, 3, 3, 3, 3, 3, 3, 3, 3, 3, 3, 3, 3, 3, 3, 3, 3, 3, 3, 3, 3, 3, 3, 3, 3, 3, 3, 3, 3, 3, 3, 3, 3, 3, 3, 3, 3, 3, 3, 3, 3, 3, 3, 3, 3, 3, 3, 3, 3, 3, 3, 3, 3, 3, 3, 3, 3, 3, 3, 3, 3, 3, 3, 3, 3, 3, 3, 3, 3, 3, 3, 3, 3, 3, 3, 3, 3, 3, 3, 3, 3, 3, 3, 3, 3, 3, 3, 3, 3, 3, 3, 3, 3, 3, 3, 3, 3, 3, 3, 3, 3, 3, 3, 3, 3, 3, 3, 3, 3, 3, 3, 3, 3, 3, 3, 3, 3, 3, 3, 3, 3, 3, 3, 3, 3, 3, 3, 3, 3, 3, 3, 3, 3, 3, 3, 3, 3, 3, 3, 3, 3, 3, 3, 3, 3, 3, 3, 3, 3, 3, 3, 3, 3, 3, 3, 3, 3, 3, 3, 3, 3, 3, 3, 3, 3, 3, 3, 3, 3, 3, 3, 3, 3, 3, 3, 3, 3, 3, 3, 3, 3, 3, 3, 3, 3, 3, 3, 3, 3, 3, 3, 3, 3, 3, 3, 3, 3, 3, 3, 3, 3, 3, 3, 3, 3, 3, 3, 3, 3, 3, 3, 3, 3, 3, 3, 3, 3, 3, 3, 3, 3, 3, 3, 3, 3, 3, 3, 3, 3, 3, 3, 3, 3, 3, 3, 3, 3, 3, 3, 3, 3, 3, 3, 3, 3, 3, 3, 3, 3, 3, 3, 3, 3, 3, 3, 3, 3, 3, 3, 3, 3, 3, 3, 3, 3, 3, 3, 3, 3, 3, 3, 3, 3, 3, 3, 3, 3, 3, 3, 3, 3, 3, 3, 3, 3, 3, 3, 3, 3, 3, 3, 3, 3, 3, 3, 3, 3, 3, 3, 3, 3, 3, 3, 3, 3, 3, 3, 3, 3, 3, 3, 3, 3, 3, 3, 3, 3, 3, 3, 3, 3, 3, 3, 3, 3, 3, 3, 3, 3, 3, 3, 3, 3, 3, 3, 3, 3, 3, 3, 3, 3, 3, 3, 3, 3, 3, 3, 3, 3, 3, 3, 3, 3, 3, 3, 3, 3, 3, 3, 3, 3, 3, 3, 3, 3, 3, 3, 3, 3, 3, 3, 3, 3, 3, 3, 3, 3, 3, 3, 3, 3, 3, 3, 3, 3, 3, 3, 3, 3, 3, 3, 3, 3, 3, 3, 3, 3, 3, 3, 3, 3, 3, 3, 3, 3, 3, 3, 3, 3, 3, 3, 3, 3, 3, 3, 3, 3, 3, 3, 3, 3, 3, 3, 3, 3, 3, 3, 3, 3, 3, 3, 3, 3, 3, 3, 3, 3, 3, 3, 3, 3, 3, 3, 3, 3, 3, 3, 3, 3, 3, 3, 3, 3, 3, 3, 3, 3, 3, 3, 3, 3, 3, 3, 3, 3, 3, 3, 3, 3, 3, 3, 3, 3, 3, 3, 3, 3, 3, 3, 3, 3, 3, 3, 3, 3, 3, 3, 3, 3, 3, 3, 3, 3, 3, 3, 3, 3, 3, 3, 3, 3, 3, 3, 3, 3, 3, 3, 3, 3, 3, 3, 3, 3, 3, 3, 3, 3, 3, 3, 3, 3, 3, 3, 3, 3, 3, 3, 3, 3, 3, 3, 3, 3, 3, 3, 3, 3, 3, 3, 3, 3, 3, 3, 3, 3, 3, 3, 3, 3, 3, 3, 3, 3, 3, 3, 3, 3, 3, 3, 3, 3, 3, 3, 3, 3, 3, 3, 3, 3, 3, 3, 3, 3, 3, 3, 3, 3, 3, 3, 3, 3, 3, 3, 3, 3, 3, 3, 3, 3, 3, 3, 3, 3, 3, 3, 3, 3, 3, 3, 3, 3, 3, 3, 3, 3, 3, 3, 3, 3, 3, 3, 3, 3, 3, 3, 3, 3, 3, 3, 3, 3, 3, 3, 3, 3, 3, 3, 3, 3, 3, 3, 3, 3, 3, 3, 3, 3, 3, 3, 3, 3, 3, 3, 3, 3, 3, 3, 3, 3, 3, 3, 3, 3, 3, 3, 3, 3, 3, 3, 3, 3, 3, 3, 3, 3, 3, 3, 3, 3, 3, 3, 3, 3, 3, 3, 3, 3, 3, 3, 3, 3, 3, 3, 3, 3, 3, 3, 3, 3, 3, 3, 3, 3, 3, 3, 3, 3, 3, 3, 3, 3, 3, 3, 3, 3, 3, 3, 3, 3, 3, 3, 3, 3, 3, 3, 3, 3, 3, 3, 3, 3, 3, 3, 3, 3, 3, 3, 3, 3, 3, 3, 3, 3, 3, 3, 3, 3, 3, 3, 3, 3, 3, 3, 3, 3, 3, 3, 3, 3, 3, 3, 3, 3, 3, 3, 3, 3, 3, 3, 3, 3, 3, 3, 3, 3, 3, 3, 3, 3, 3, 3, 3, 3, 3, 3, 3, 3, 3, 3, 3, 3, 3, 3, 3, 3, 3, 3, 3, 3, 3, 3, 3, 3, 3, 3, 3, 3, 3, 3, 3, 3, 3, 3, 3, 3, 3, 3, 3, 3, 3, 3, 3, 3, 3, 3, 3, 3, 3, 3, 3, 3, 3, 3, 3, 3, 3, 3, 3, 3, 3, 3, 3, 3, 3, 3, 3, 3, 3, 3, 3, 3, 3, 3, 3, 3, 3, 3, 3, 3, 3, 3, 3, 3, 3, 3, 3, 3, 3, 3, 3, 3, 3, 3, 3, 3, 3, 3, 3, 3, 3, 3, 3, 3, 3, 3, 3, 3, 3, 3, 3, 3, 3, 3, 3, 3, 3, 3, 3, 3, 3, 3, 3, 3, 3, 3, 3, 3, 3, 3, 3, 3, 3, 3, 3, 3, 3, 3, 3, 3, 3, 3, 3, 3, 3, 3, 3, 3, 3, 3, 3, 3, 3, 3, 3, 3, 3, 3, 3, 3, 3, 3, 3, 3, 3, 3, 3, 3, 3, 3, 3, 3, 3, 3, 3, 3, 3, 3, 3, 3, 3, 3, 3, 3, 3, 3, 3, 3, 3, 3, 3, 3, 3, 3, 3, 3, 3, 3, 3, 3, 3, 3, 3, 3, 3, 3, 3, 3, 3, 3, 3, 3, 3, 3, 3, 3, 3, 3, 3, 3, 3, 3, 3, 3, 3, 3, 3, 3, 3, 3, 3, 3, 3, 3, 3, 3, 3, 3, 3, 3, 3, 3, 3, 3, 3, 3, 3, 3, 3, 3, 3, 3, 3, 3, 3, 3, 3, 3, 3, 3, 3, 3, 3, 3, 3, 3, 3, 3, 3, 3, 3, 3, 3, 3, 3, 3, 3, 3, 3, 3, 3, 3, 3, 3, 3, 3, 3, 3, 3, 3, 3, 3, 3, 3, 3, 3, 3, 3, 3, 3, 3, 3, 3, 3, 3, 3, 3, 3, 3, 3, 3, 3, 3, 3, 3, 3, 3, 3, 3, 3, 3, 3, 3, 3, 3, 3, 3, 3, 3, 3, 3, 3, 3, 3, 3, 3, 3, 3, 3, 3, 3, 3, 3, 3, 3, 3, 3, 3, 3, 3, 3, 3, 3, 3, 3, 3, 3, 3, 3, 3, 3, 3, 3, 3, 3, 3, 3, 3, 3, 3, 3, 3, 3, 3, 3, 3, 3, 3, 3, 3, 3, 3, 3, 3, 3, 3, 3, 3, 3, 3, 3, 3, 3, 3, 3, 3, 3, 3, 3, 3, 3, 3, 3, 3, 3, 3, 3, 3, 3, 3, 3, 3, 3, 3, 3, 3, 3, 3, 3, 3, 3, 3, 3, 3, 3, 3, 3, 3, 3, 3, 3, 3, 3, 3, 3, 3, 3, 3, 3, 3, 3, 3, 3, 3, 3, 3, 3, 3, 3, 3, 3, 3, 3, 3, 3, 3, 3, 3, 3, 3, 3, 3, 3, 3, 3, 3, 3, 3, 3, 3, 3, 3, 3, 3, 3, 3, 3, 3, 3, 3, 3, 3, 3, 3, 3, 3, 3, 3, 3, 3, 3, 3, 3, 3, 3, 3, 3, 3, 3, 3, 3, 3, 3, 3, 3, 3, 3, 3, 3, 3, 3, 3, 3, 3, 3, 3, 3, 3, 3, 3, 3, 3, 3, 3, 3, 3, 3, 3, 3, 3, 3, 3, 3, 3, 3, 3, 3, 3, 3, 3, 3, 3, 3, 3, 3, 3, 3, 3, 3, 3, 3, 3, 3, 3, 3, 3, 3, 3, 3, 3, 3, 3, 3, 3, 3, 3, 3, 3, 3, 3, 3, 3, 3, 3, 3, 3, 3, 3, 3, 3, 3, 3, 3, 3, 3, 3, 3, 3, 3, 3, 3, 3, 3, 3, 3, 3, 3, 3, 3, 3, 3, 3, 3, 3, 3, 3, 3, 3, 3, 3, 3, 3, 3, 3, 3, 3, 3, 3, 3, 3, 3, 3, 3, 3, 3, 3, 3, 3, 3, 3, 3, 3, 3, 3, 3, 3, 3, 3, 3, 3, 3, 3, 3, 3, 3, 3, 3, 3, 3, 3, 3, 3, 3, 3, 3, 3, 3, 3, 3, 3, 3, 3, 3, 3, 3, 3, 3, 3, 3, 3, 3, 3, 3, 3, 3, 3, 3, 3, 3, 3, 3, 3, 3, 3, 3, 3, 3, 3, 3, 3, 3, 3, 3, 3, 3, 3, 3, 3, 3, 3, 3, 3, 3, 3, 3, 3, 3, 3, 3, 3, 3, 3, 3, 3, 3, 3, 3, 3, 3, 3, 3, 3, 3, 3, 3, 3, 3, 3, 3, 3, 3, 3, 3, 3, 3, 3, 3, 3, 3, 3, 3, 3, 3, 3, 3, 3, 3, 3, 3, 3, 3, 3, 3, 3, 3, 3, 3, 3, 3, 3, 3, 3, 3, 3, 3, 3, 3, 3, 3, 3, 3, 3, 3, 3, 3, 3, 3, 3, 3, 3, 3, 3, 3, 3, 3, 3, 3, 3, 3, 3, 3, 3, 3, 3, 3, 3, 3, 3, 3, 3, 3, 3, 3, 3, 3, 3, 3, 3, 3, 3, 3, 3, 3, 3, 3, 3, 3, 3, 3, 3, 3, 3, 3, 3, 3, 3, 3, 3, 3, 3, 3, 3, 3, 3, 3, 3, 3, 3, 3, 3, 3, 3, 3, 3, 3, 3, 3, 3, 3, 3, 3, 3, 3, 3, 3, 3, 3, 3, 3, 3, 3, 3, 3, 3, 3, 3, 3, 3, 3, 3, 3, 3, 3, 3, 3, 3, 3, 3, 3, 3, 3, 3, 3, 3, 3, 3, 3, 3, 3, 3, 3, 3, 3, 3, 3, 3, 3, 3, 3, 3, 3, 3, 3, 3, 3, 3, 3, 3, 3, 3, 3, 3, 3, 3, 3, 3, 3, 3, 3, 3, 3, 3, 3, 3, 3, 3, 3, 3, 3, 3, 3, 3, 3, 3, 3, 3, 3, 3, 3, 3, 3, 3, 3, 3, 3, 3, 3, 3, 3, 3, 3, 3, 3, 3, 3, 3, 3, 3, 3, 3, 3, 3, 3, 3, 3, 3, 3, 3, 3, 3, 3, 3, 3, 3, 3, 3, 3, 3, 3, 3, 3, 3, 3, 3, 3, 3, 3, 3, 3, 3, 3, 3, 3, 3, 3, 3, 3, 3, 3, 3, 3, 3, 3, 3, 3, 3, 3, 3, 3, 3, 3, 3, 3, 3, 3, 3, 3, 3, 3, 3, 3, 3, 3, 3, 3, 3, 3, 3, 3, 3, 3, 3, 3, 3, 3, 3, 3, 3, 3, 3, 3, 3, 3, 3, 3, 3, 3, 3, 3, 3, 3, 3, 3, 3, 3, 3, 3, 3, 3, 3, 3, 3, 3, 3, 3, 3, 3, 3, 3, 3, 3, 3, 3, 3, 3, 3, 3, 3, 3, 3, 3, 3, 3, 3, 3, 3, 3, 3, 3, 3, 3, 3, 3, 3, 3, 3, 3, 3, 3, 3, 3, 3, 3, 3, 3, 3, 3, 3, 3, 3, 3, 3, 3, 3, 3, 3, 3, 3, 3, 3, 3, 3, 3, 3, 3, 3, 3, 3, 3, 3, 3, 3, 3, 3, 3, 3, 3, 3, 3, 3, 3, 3, 3, 3, 3, 3, 3, 3, 3, 3, 3, 3, 3, 3, 3, 3, 3, 3, 3, 3, 3, 3, 3, 3, 3, 3, 3, 3, 3, 3, 3, 3, 3, 3, 3, 3, 3, 3, 3, 3, 3, 3, 3, 3, 3, 3, 3, 3, 3, 3, 3, 3, 3, 3, 3, 3, 3, 3, 3, 3, 3, 3, 3, 3, 3, 3, 3, 3, 3, 3, 3, 3, 3, 3, 3, 3, 3, 3, 3, 3, 3, 3, 3, 3, 3, 3, 3, 3, 3, 3, 3, 3, 3, 3, 3, 3, 3, 3, 3, 3, 3, 3, 3, 3, 3, 3, 3, 3, 3, 3, 3, 3, 3, 3, 3, 3, 3, 3, 3, 3, 3, 3, 3, 3, 3, 3, 3, 3, 3, 3, 3, 3, 3, 3, 3, 3, 3, 3, 3, 3, 3, 3, 3, 3, 3, 3, 3, 3, 3, 3, 3, 3, 3, 3, 3, 3, 3, 3, 3, 3, 3, 3, 3, 3, 3, 3, 3, 3, 3, 3, 3, 3, 3, 3, 3, 3, 3, 3, 3, 3, 3, 3, 3, 3, 3, 3, 3, 3, 3, 3, 3, 3, 3, 3, 3, 3, 3, 3, 3, 3, 3, 3, 3, 3, 3, 3, 3, 3, 3, 3, 3, 3, 3, 3, 3, 3, 3, 3, 3, 3, 3, 3, 3, 3, 3, 3, 3, 3, 3, 3, 3, 3, 3, 3, 3, 3, 3, 3, 3, 3, 3, 3, 3, 3, 3, 3, 3, 3, 3, 3, 3, 3, 3, 3, 3, 3, 3, 3, 3, 3, 3, 3, 3, 3, 3, 3, 3, 3, 3, 3, 3, 3, 3, 3, 3, 3, 3, 3, 3, 3, 3, 3, 3, 3, 3, 3, 3, 3, 3, 3, 3, 3, 3, 3, 3, 3, 3, 3, 3, 3, 3, 3, 3, 3, 3, 3, 3, 3, 3, 3, 3, 3, 3, 3, 3, 3, 3, 3, 3, 3, 3, 3, 3, 3, 3, 3, 3, 3, 3, 3, 3, 3, 3, 3, 3, 3, 3, 3, 3, 3, 3, 3, 3, 3, 3, 3, 3, 3, 3, 3, 3, 3, 3, 3, 3, 3, 3, 3, 3, 3, 3, 3, 3, 3, 3, 3, 3, 3, 3, 3, 3, 3, 3, 3, 3, 3, 3, 3, 3, 3, 3, 3, 3, 3, 3, 3, 3, 3, 3, 3, 3, 3, 3, 3, 3, 3, 3, 3, 3, 3, 3, 3, 3, 3, 3, 3, 3, 3, 3, 3, 3, 3, 3, 3, 3, 3, 3, 3, 3, 3, 3, 3, 3, 3, 3, 3, 3, 3, 3, 3, 3, 3, 3, 3, 3, 3, 3, 3, 3, 3, 3, 3, 3, 3, 3, 3, 3, 3, 3, 3, 3, 3, 3, 3, 3, 3, 3, 3, 3, 3, 3, 3, 3, 3, 3, 3, 3, 3, 3, 3, 3, 3, 3, 3, 3, 3, 3, 3, 3, 3, 3, 3, 3, 3, 3, 3, 3, 3, 3, 3, 3, 3, 3, 3, 3, 3, 3, 3, 3, 3, 3, 3, 3, 3, 3, 3, 3, 3, 3, 3, 3, 3, 3, 3, 3, 3, 3, 3, 3, 3, 3, 3, 3, 3, 3, 3, 3, 3, 3, 3, 3, 3, 3, 3, 3, 3, 3, 3, 3, 3, 3, 3, 3, 3, 3, 3, 3, 3, 3, 3, 3, 3, 3, 3, 3, 3, 3, 3, 3, 3, 3, 3, 3, 3, 3, 3, 3, 3, 3, 3, 3, 3, 3, 3, 3, 3, 3, 3, 3, 3, 3, 3, 3, 3, 3, 3, 3, 3, 3, 3, 3, 3, 3, 3, 3, 3, 3, 3, 3, 3, 3, 3, 3, 3, 3, 3, 3, 3, 3, 3, 3, 3, 3, 3, 3, 3, 3, 3, 3, 3, 3, 3, 3, 3, 3, 3, 3, 3, 3, 3, 3, 3, 3, 3, 3, 3, 3, 3, 3, 3, 3, 3, 3, 3, 3, 3, 3, 3, 3, 3, 3, 3, 3, 3, 3, 3, 3, 3, 3, 3, 3, 3, 3, 3, 3, 3, 3, 3, 3, 3, 3, 3, 3, 3, 3, 3, 3, 3, 3, 3, 3, 3, 3, 3, 3, 3, 3, 3, 3, 3, 3, 3, 3, 3, 3, 3, 3, 3, 3, 3, 3, 3, 3, 3, 3, 3, 3, 3, 3, 3, 3, 3, 3, 3, 3, 3, 3, 3, 3, 3, 3, 3, 3, 3, 3, 3, 3, 3, 3, 3, 3, 3, 3, 3, 3, 3, 3, 3, 3, 3, 3, 3, 3, 3, 3, 3, 3, 3, 3, 3, 3, 3, 3, 3, 3, 3, 3, 3, 3, 3, 3, 3, 3, 3, 3, 3, 3, 3, 3, 3, 3, 3, 3, 3, 3, 3, 3, 3, 3, 3, 3, 3, 3, 3, 3, 3, 3, 3, 3, 3, 3, 3, 3, 3, 3, 3, 3, 3, 3, 3, 3, 3, 3, 3, 3, 3, 3, 3, 3, 3, 3, 3, 3, 3, 3, 3]
    int[] faceVertexIndices = [6680, 6679, 6677, 6676, 6677, 6675, 6678, 6677, 6679, 6675, 6677, 6678, 6691, 6683, 1, 6692, 1, 2, 6693, 1, 6692, 6691, 1, 6693, 6287, 6690, 4, 6284, 4, 5, 6286, 4, 6284, 6287, 4, 6286, 6648, 6665, 6666, 6796, 6797, 7, 6798, 6, 6797, 6797, 6, 7, 1070, 1041, 1027, 1041, 1034, 1027, 1070, 1027, 1016, 1027, 1033, 1014, 1016, 1027, 1014, 1014, 1033, 1028, 7766, 1070, 1090, 1070, 1016, 1090, 1090, 1016, 1015, 1016, 1014, 1015, 1015, 1014, 1008, 1014, 1028, 1013, 1008, 1014, 1013, 1090, 1015, 1032, 1015, 1008, 1032, 1075, 1048, 1034, 1048, 1046, 1034, 1034, 1046, 1035, 1046, 1055, 1035, 7751, 1075, 1041, 1075, 1034, 1041, 1055, 1052, 1035, 7751, 1041, 1070, 1035, 1052, 1033, 1034, 1035, 1033, 7751, 1070, 7766, 7751, 7766, 7721, 1052, 1060, 1028, 7721, 7766, 7746, 1013, 1028, 1031, 7766, 1090, 1032, 1013, 1007, 1008, 7766, 1032, 7746, 1013, 1031, 1007, 7746, 1032, 1026, 1032, 1008, 1026, 1008, 1007, 1005, 1007, 1006, 1005, 1007, 1031, 1006, 1026, 1008, 1005, 1087, 1049, 1155, 1155, 1049, 1048, 1049, 1051, 1046, 1155, 1048, 7749, 1051, 1072, 1055, 1049, 1046, 1048, 1046, 1051, 1055, 7749, 1075, 7751, 7749, 1048, 1075, 7749, 7751, 7719, 1052, 1055, 1073, 1052, 1073, 1060, 7751, 7721, 7719, 1060, 1073, 1074, 1028, 1060, 1059, 1060, 1074, 1059, 7746, 7731, 7721, 7731, 7746, 1079, 1031, 1059, 997, 1006, 1031, 997, 7746, 1026, 1079, 1026, 1005, 1079, 1079, 1005, 1004, 1005, 998, 1004, 1005, 1006, 998, 1006, 997, 998, 1079, 1004, 7743, 1004, 1003, 7743, 1003, 998, 996, 1004, 998, 1003, 998, 997, 995, 996, 998, 995, 1158, 1068, 1087, 1068, 1067, 1049, 1067, 1066, 1049, 1087, 1155, 7734, 1068, 1049, 1087, 1049, 1066, 1051, 1051, 1066, 1072, 7734, 1155, 7711, 1155, 7749, 7711, 1072, 1170, 1055, 7749, 7719, 7711, 1055, 1171, 1073, 7711, 7719, 7624, 7719, 7720, 7624, 1073, 842, 1074, 7720, 7721, 7630, 7721, 7731, 7630, 7731, 1079, 7743, 1059, 1061, 997, 995, 997, 984, 1003, 996, 1011, 7743, 1011, 7744, 1003, 1011, 7743, 1011, 996, 991, 996, 995, 991, 1162, 1069, 1068, 1068, 1069, 1067, 1162, 1158, 7736, 1162, 1068, 1158, 1067, 1078, 1066, 7736, 1158, 7734, 7736, 7734, 7735, 7734, 1158, 1087, 1078, 1170, 1072, 7735, 7734, 7710, 7734, 7711, 7710, 7710, 7711, 7622, 7711, 7624, 7622, 7624, 7720, 7638, 7638, 7639, 7632, 1074, 930, 1059, 1061, 1059, 929, 7630, 7731, 7737, 7731, 7738, 7737, 7743, 7744, 7738, 991, 995, 985, 1011, 991, 990, 1011, 990, 7744, 995, 984, 985, 2197, 2182, 1069, 2197, 1069, 1162, 1069, 2182, 1071, 2197, 1162, 7736, 1069, 1071, 1067, 1071, 1076, 1067, 1067, 1076, 1078, 7736, 7735, 7710, 1076, 1170, 1078, 7710, 7622, 7637, 7624, 7623, 7622, 7638, 7632, 7623, 7639, 7630, 7632, 1059, 930, 929, 7630, 7737, 7629, 7738, 7609, 7737, 7738, 7740, 7609, 984, 1061, 982, 985, 984, 983, 7740, 7744, 7745, 7744, 990, 7745, 990, 985, 989, 990, 991, 985, 990, 989, 7745, 2196, 2181, 2182, 2196, 2182, 2197, 1071, 2194, 1076, 1076, 2194, 1268, 2197, 7736, 7725, 7725, 7736, 7678, 1076, 1268, 1170, 7736, 7710, 7678, 7710, 7637, 7621, 7637, 7622, 7620, 1182, 1186, 1185, 1186, 1182, 1191, 1182, 1185, 1184, 1167, 1168, 1169, 842, 802, 799, 843, 802, 842, 802, 801, 799, 1167, 1182, 1183, 1182, 1184, 1183, 7623, 7632, 7625, 799, 801, 800, 1184, 1160, 1183, 1167, 1183, 1151, 1183, 1160, 1151, 7625, 7632, 7631, 1151, 1160, 1125, 799, 800, 796, 1167, 1151, 1149, 1151, 1125, 1149, 930, 842, 827, 842, 799, 827, 1167, 1149, 1150, 1149, 1125, 1124, 1124, 1125, 1122, 1125, 1160, 1122, 7632, 7630, 7631, 799, 796, 798, 827, 799, 798, 930, 827, 929, 1124, 1123, 1149, 1124, 1122, 1123, 7740, 7741, 7609, 7740, 7745, 7741, 983, 984, 982, 1045, 989, 992, 7745, 989, 1045, 989, 987, 992, 989, 985, 987, 985, 986, 987, 985, 983, 986, 2181, 2196, 2245, 2245, 2196, 2197, 2245, 2197, 7725, 2181, 2175, 2182, 2182, 2175, 1071, 2175, 2170, 1071, 2170, 2194, 1071, 1170, 1268, 1091, 1176, 1091, 845, 7620, 7622, 7567, 1188, 1186, 1191, 1186, 1187, 1185, 1188, 1187, 1186, 7622, 7623, 7567, 1176, 845, 843, 1191, 1169, 755, 845, 802, 843, 1169, 1191, 1182, 802, 807, 803, 802, 803, 801, 1169, 1182, 1167, 1184, 1281, 1160, 803, 740, 801, 801, 740, 800, 1168, 1167, 727, 727, 1167, 1150, 800, 740, 796, 796, 740, 766, 796, 797, 798, 796, 766, 797, 1159, 1120, 1122, 7631, 7630, 7607, 827, 798, 805, 7630, 7629, 7607, 827, 805, 806, 1123, 1122, 1116, 827, 806, 929, 1123, 1116, 1149, 7629, 7737, 7609, 1061, 929, 982, 982, 981, 983, 986, 983, 1036, 983, 981, 1036, 1045, 992, 1044, 1045, 7755, 7745, 1045, 1044, 7755, 2192, 2181, 2245, 2192, 2169, 2181, 2169, 2175, 2181, 2245, 7725, 7724, 7724, 7725, 7677, 2194, 2252, 1268, 7725, 7678, 7677, 7678, 7642, 7677, 7678, 7621, 7642, 7621, 7637, 7620, 1091, 808, 845, 808, 807, 802, 845, 808, 802, 1187, 1286, 1185, 1185, 1286, 1281, 807, 754, 803, 803, 754, 741, 754, 739, 741, 755, 1169, 728, 729, 730, 713, 719, 724, 720, 728, 1169, 1168, 734, 731, 733, 730, 729, 731, 729, 713, 714, 713, 719, 715, 719, 720, 716, 7625, 7562, 7623, 803, 741, 740, 739, 738, 741, 739, 734, 733, 713, 715, 714, 7625, 7535, 7562, 738, 739, 733, 733, 731, 732, 719, 716, 715, 741, 738, 740, 731, 729, 732, 726, 728, 727, 728, 1168, 727, 716, 720, 721, 720, 725, 721, 725, 726, 721, 732, 729, 735, 715, 716, 717, 738, 733, 737, 733, 735, 736, 733, 732, 735, 735, 729, 722, 729, 714, 722, 714, 715, 722, 723, 715, 717, 716, 721, 718, 721, 726, 727, 740, 738, 737, 733, 736, 737, 722, 715, 723, 716, 718, 717, 736, 735, 762, 717, 718, 758, 740, 737, 765, 762, 735, 761, 735, 722, 760, 717, 758, 759, 718, 721, 767, 718, 767, 758, 722, 723, 760, 723, 717, 759, 737, 736, 765, 761, 735, 760, 723, 759, 760, 767, 721, 770, 721, 727, 770, 727, 1150, 770, 736, 762, 763, 758, 767, 768, 765, 736, 764, 740, 765, 766, 762, 761, 763, 765, 764, 766, 760, 759, 773, 759, 758, 772, 758, 768, 778, 1150, 1149, 770, 770, 1149, 771, 797, 766, 781, 797, 781, 804, 798, 804, 805, 798, 797, 804, 771, 1149, 785, 1116, 1120, 1119, 806, 805, 804, 899, 1149, 1116, 1149, 899, 785, 7629, 7609, 7607, 929, 806, 839, 1116, 1117, 1115, 929, 874, 961, 929, 961, 982, 7609, 7741, 7608, 7608, 7741, 7593, 982, 961, 981, 7741, 7752, 7593, 7741, 7745, 7752, 7745, 7755, 7752, 1044, 992, 993, 1044, 993, 7755, 992, 987, 993, 2169, 2192, 2189, 2192, 2245, 7724, 2169, 2170, 2175, 2194, 2200, 2252, 2170, 2200, 2194, 7677, 7642, 7640, 1091, 849, 826, 7621, 7620, 7590, 1189, 1190, 1187, 1091, 826, 808, 1191, 1189, 1188, 1189, 1187, 1188, 826, 809, 808, 1191, 755, 810, 808, 809, 807, 807, 809, 756, 752, 751, 742, 756, 752, 754, 742, 751, 750, 750, 751, 743, 752, 742, 753, 743, 745, 744, 752, 753, 754, 743, 744, 750, 746, 747, 724, 747, 748, 724, 753, 742, 734, 745, 713, 744, 746, 724, 719, 754, 753, 739, 742, 750, 731, 731, 750, 730, 745, 749, 713, 713, 749, 719, 749, 746, 719, 748, 755, 728, 1286, 1314, 1281, 739, 753, 734, 750, 744, 730, 748, 725, 724, 748, 728, 725, 742, 731, 734, 725, 728, 726, 724, 725, 720, 1281, 1282, 1160, 7535, 7631, 7548, 1160, 1212, 1159, 736, 763, 764, 761, 760, 774, 760, 773, 774, 768, 767, 769, 763, 761, 775, 775, 761, 774, 773, 759, 772, 767, 770, 769, 772, 758, 778, 769, 770, 771, 763, 775, 776, 766, 764, 780, 764, 763, 777, 774, 773, 784, 768, 769, 778, 769, 771, 785, 764, 779, 780, 776, 775, 782, 775, 774, 783, 774, 784, 783, 781, 766, 780, 779, 764, 777, 777, 763, 776, 775, 783, 782, 784, 773, 786, 773, 772, 786, 786, 772, 789, 772, 778, 789, 778, 769, 788, 769, 793, 788, 793, 769, 785, 776, 782, 777, 806, 804, 836, 804, 781, 836, 1116, 1119, 1118, 899, 1116, 1115, 1116, 1118, 1117, 806, 836, 839, 1115, 1117, 1121, 7606, 7608, 7592, 7608, 7593, 7592, 7755, 7753, 7752, 7755, 993, 7754, 987, 986, 988, 986, 1036, 988, 993, 999, 7754, 993, 987, 994, 987, 988, 994, 993, 994, 999, 2189, 2166, 2169, 2166, 2167, 2169, 2189, 2192, 7748, 2169, 2167, 2170, 2192, 7697, 7748, 2192, 7724, 7697, 7697, 7724, 7677, 1268, 2191, 849, 7621, 7605, 7642, 2239, 1190, 1189, 849, 848, 826, 826, 848, 809, 848, 825, 809, 809, 825, 756, 1189, 1191, 1175, 823, 822, 752, 823, 752, 756, 813, 746, 749, 1175, 1191, 810, 1190, 1312, 1286, 822, 821, 752, 7620, 7567, 7590, 821, 751, 752, 746, 819, 747, 813, 749, 745, 747, 820, 757, 819, 820, 747, 757, 748, 747, 757, 810, 755, 7623, 7562, 7567, 7535, 7414, 7539, 1160, 1282, 1241, 7414, 7535, 7344, 1160, 1241, 1212, 7535, 7548, 7344, 1159, 1212, 1285, 1120, 1264, 1119, 783, 784, 787, 784, 786, 787, 793, 785, 794, 1119, 1264, 1118, 778, 788, 789, 794, 785, 795, 777, 782, 811, 782, 783, 787, 787, 786, 791, 791, 786, 790, 777, 811, 779, 782, 787, 811, 786, 789, 790, 789, 788, 792, 788, 793, 792, 793, 794, 792, 795, 785, 899, 7607, 7609, 7606, 7606, 7609, 7608, 836, 781, 837, 780, 779, 835, 781, 780, 837, 874, 839, 841, 899, 1115, 898, 839, 836, 841, 961, 874, 935, 7592, 7593, 7591, 961, 935, 981, 7593, 7752, 7591, 7752, 7753, 7591, 1036, 981, 980, 7753, 7755, 7754, 7754, 999, 7772, 999, 1000, 7772, 999, 994, 1000, 7677, 7640, 7641, 1268, 2326, 2191, 2252, 2326, 1268, 7640, 7642, 7641, 2239, 1189, 2186, 1189, 1175, 2186, 7621, 7590, 7605, 825, 823, 756, 818, 743, 751, 814, 813, 745, 815, 817, 813, 813, 817, 819, 820, 824, 810, 821, 818, 751, 820, 810, 757, 824, 1175, 810, 7567, 7562, 7566, 7562, 7539, 7566, 7539, 7414, 7718, 1282, 1234, 1225, 7718, 7414, 7185, 7414, 7344, 7185, 7344, 7548, 7405, 811, 833, 779, 811, 787, 812, 787, 791, 812, 789, 792, 828, 837, 780, 835, 812, 791, 790, 790, 789, 829, 789, 828, 829, 792, 840, 828, 792, 794, 840, 795, 899, 898, 836, 838, 841, 838, 836, 837, 7606, 7592, 7534, 874, 841, 897, 7753, 7756, 7591, 988, 1036, 980, 1000, 1085, 7772, 1000, 994, 1001, 994, 1017, 1001, 2190, 2166, 2189, 2190, 2189, 7747, 2166, 2130, 2167, 2167, 2193, 2170, 7747, 7748, 7695, 2189, 7748, 7747, 7748, 7697, 7695, 7697, 7677, 7641, 2238, 2236, 2239, 7642, 7643, 7641, 2239, 2236, 2240, 849, 2191, 2188, 849, 2188, 848, 2238, 2239, 2186, 7642, 7605, 7643, 816, 815, 814, 824, 2186, 1175, 847, 814, 818, 814, 815, 813, 7590, 7568, 7605, 7590, 7567, 7568, 7567, 7566, 7568, 7566, 7718, 7709, 7566, 7539, 7718, 7185, 7344, 7216, 7344, 7405, 7216, 1212, 1209, 1285, 7405, 7607, 7406, 7406, 7606, 7382, 832, 811, 812, 812, 790, 831, 790, 830, 831, 830, 790, 829, 835, 779, 834, 834, 779, 833, 811, 832, 833, 794, 795, 840, 832, 812, 831, 898, 1115, 844, 1115, 1121, 1128, 1115, 1128, 844, 1121, 1126, 1127, 1121, 1127, 1128, 874, 897, 935, 1128, 1127, 1129, 935, 960, 981, 7591, 7756, 7574, 1085, 1000, 1002, 1000, 1001, 1002, 2190, 2132, 2166, 2132, 2130, 2166, 2130, 2136, 2167, 7695, 7697, 7648, 7697, 7641, 7648, 2237, 2236, 2238, 2326, 2179, 2191, 2191, 2179, 2188, 2238, 2186, 2185, 2188, 2187, 848, 848, 2187, 825, 814, 2184, 816, 2184, 817, 815, 2184, 815, 816, 847, 818, 822, 820, 2186, 824, 7568, 7566, 7186, 7566, 7709, 7186, 1310, 1252, 1234, 1241, 1225, 1218, 7185, 7216, 6960, 1241, 1218, 1212, 1285, 1209, 1264, 7405, 7406, 7216, 1118, 1264, 1255, 1126, 1255, 1254, 7606, 7534, 7382, 828, 840, 846, 840, 795, 844, 829, 828, 850, 832, 831, 858, 828, 846, 850, 795, 898, 844, 837, 835, 866, 833, 832, 859, 831, 830, 855, 830, 829, 850, 838, 837, 866, 841, 868, 897, 841, 838, 868, 1128, 1138, 844, 7592, 7591, 7490, 1138, 1128, 1130, 1128, 1129, 1130, 7756, 7757, 7767, 7756, 7754, 7757, 7754, 7758, 7757, 7754, 7772, 7758, 7772, 7769, 7758, 7772, 1085, 7769, 1017, 988, 1023, 1085, 1002, 7769, 1017, 1023, 1001, 2135, 2129, 2132, 2132, 2129, 2130, 2129, 2124, 2130, 2124, 2136, 2130, 2135, 2132, 2190, 2135, 2190, 7733, 2190, 7696, 7733, 2190, 7747, 7696, 7696, 7747, 7695, 2167, 2172, 2193, 2193, 2172, 2201, 2200, 2179, 2326, 2235, 2236, 2237, 2235, 2237, 2257, 2237, 2180, 2257, 2237, 2185, 2180, 2237, 2238, 2185, 2188, 2162, 2187, 2179, 2162, 2188, 2154, 822, 823, 2154, 2155, 822, 2155, 847, 822, 2160, 823, 2187, 2184, 814, 2183, 819, 2177, 2178, 2178, 2185, 820, 820, 2185, 2186, 7709, 7718, 6959, 7718, 7185, 6959, 1225, 1234, 1217, 6959, 7185, 6958, 1225, 1217, 1218, 6958, 7185, 6960, 1218, 1210, 1212, 6960, 7216, 6962, 1212, 1210, 1209, 7406, 7208, 7216, 7406, 7382, 7208, 1126, 1254, 1127, 835, 834, 862, 858, 831, 855, 840, 844, 846, 835, 865, 866, 862, 834, 833, 859, 832, 858, 830, 854, 855, 830, 850, 854, 846, 844, 863, 844, 1138, 863, 7591, 7574, 7490, 935, 870, 960, 1002, 1010, 7769, 1002, 1009, 1010, 1002, 1001, 1009, 2128, 2129, 2135, 2135, 7733, 2128, 2126, 2124, 2129, 7696, 7695, 7649, 7695, 7648, 7649, 7648, 7646, 7649, 7648, 7641, 7646, 2233, 2235, 2257, 2233, 2234, 2235, 7641, 7644, 7646, 2176, 2162, 2179, 2235, 2234, 2236, 7641, 7643, 7644, 2162, 2160, 2187, 2160, 2161, 823, 2161, 2154, 823, 2184, 2153, 817, 2152, 2153, 2184, 2178, 2180, 2185, 2337, 2338, 1312, 7643, 7605, 7645, 1310, 1309, 1252, 7186, 7709, 7134, 7709, 6959, 7134, 1234, 1251, 1235, 1252, 1251, 1234, 1234, 1235, 1217, 6962, 7216, 7208, 7382, 7534, 7366, 835, 862, 865, 857, 858, 855, 854, 850, 853, 838, 866, 868, 833, 859, 860, 857, 855, 856, 851, 846, 852, 850, 846, 851, 852, 846, 863, 863, 1138, 864, 897, 868, 870, 864, 1138, 1152, 1138, 1130, 1152, 960, 870, 901, 980, 960, 901, 7757, 7758, 7767, 988, 1047, 1023, 988, 980, 1047, 7769, 7768, 7758, 7768, 7769, 7770, 1010, 7770, 7769, 1010, 1012, 7770, 1001, 1023, 1009, 2124, 2125, 2136, 2136, 2125, 2172, 7732, 7733, 7675, 7733, 7696, 7675, 7696, 7649, 7675, 2232, 2231, 2233, 2232, 2233, 2256, 2233, 2231, 2234, 2234, 2327, 2335, 2257, 2180, 2165, 2155, 2157, 2183, 2152, 2184, 2183, 2153, 2177, 817, 7645, 7605, 7186, 1309, 1259, 1252, 1217, 1235, 1231, 1217, 1231, 1211, 6958, 6960, 6924, 1217, 1211, 1210, 1210, 1211, 1208, 1209, 1210, 1208, 1209, 1208, 1207, 1207, 1213, 1255, 7208, 7382, 7217, 7217, 7382, 7366, 7366, 7534, 7490, 1127, 1192, 1145, 866, 865, 867, 862, 833, 861, 855, 854, 856, 863, 864, 852, 868, 866, 867, 862, 861, 865, 861, 833, 860, 859, 857, 860, 859, 858, 857, 853, 850, 851, 868, 867, 870, 864, 1152, 869, 7490, 7574, 7501, 7574, 7573, 7501, 7574, 7767, 7573, 1130, 1132, 1133, 7767, 7758, 7573, 7758, 7576, 7573, 7758, 7768, 7576, 1009, 1023, 1025, 1023, 1043, 1025, 1023, 1047, 1043, 7770, 1012, 1050, 1010, 1009, 1012, 2127, 2113, 2126, 2127, 2128, 7732, 2127, 2126, 2128, 2128, 7733, 7732, 2125, 2173, 2172, 7675, 7649, 7650, 2201, 2172, 2174, 2176, 2164, 2162, 2164, 2163, 2162, 2256, 2233, 2257, 2256, 2257, 2149, 2257, 2165, 2149, 2158, 2161, 2160, 2154, 2156, 2155, 2156, 2157, 2155, 2146, 2147, 2151, 2151, 2177, 2153, 2177, 2151, 2178, 2151, 2147, 2178, 2147, 2165, 2180, 7644, 7643, 7645, 7645, 7186, 7116, 2338, 2319, 1309, 1309, 2319, 1259, 1252, 1259, 1251, 7134, 6959, 6919, 1251, 1267, 1235, 1235, 1267, 1250, 6959, 6958, 6920, 1235, 1250, 1231, 1231, 1250, 1245, 6958, 6924, 6920, 1231, 1245, 1244, 6924, 6960, 6928, 6960, 6962, 6928, 1207, 1208, 1206, 6962, 7208, 6929, 1207, 1206, 1205, 7208, 7217, 6929, 1207, 1205, 1213, 1213, 1205, 1203, 1213, 1203, 1254, 852, 869, 871, 852, 864, 869, 865, 861, 888, 860, 857, 887, 887, 857, 884, 856, 854, 876, 854, 853, 875, 867, 865, 892, 870, 867, 901, 1130, 1133, 1152, 1050, 1012, 1019, 1012, 1018, 1019, 1012, 1009, 1018, 1009, 1025, 1018, 2121, 2113, 2127, 2113, 2124, 2126, 2127, 7732, 2121, 7650, 7649, 7646, 2230, 2231, 2232, 2174, 2139, 2164, 2230, 2232, 2256, 2163, 2158, 2162, 2159, 2161, 2158, 2142, 2143, 2152, 2148, 2152, 2157, 2153, 2144, 2151, 2144, 2146, 2151, 2147, 2149, 2165, 7646, 7644, 7647, 7644, 7645, 7657, 7186, 7134, 6963, 1259, 1263, 1260, 7134, 6919, 6963, 1251, 1260, 1267, 6919, 6959, 6920, 1211, 1244, 1226, 1211, 1226, 1208, 1208, 1226, 1216, 6962, 6929, 6928, 1208, 1216, 1206, 861, 860, 888, 852, 871, 851, 867, 892, 894, 865, 888, 892, 857, 883, 884, 871, 869, 873, 901, 867, 894, 869, 1152, 873, 7501, 7573, 7502, 975, 901, 913, 1152, 1133, 1153, 7576, 7768, 7575, 2113, 2085, 2124, 2124, 2085, 2125, 7732, 7675, 7674, 7674, 7675, 7650, 2230, 2229, 2231, 7646, 7647, 7652, 2327, 2329, 2335, 2118, 2158, 2163, 2161, 2159, 2154, 2159, 2156, 2154, 2145, 2141, 2146, 2335, 2300, 2314, 7657, 7645, 7116, 7186, 6963, 7116, 2319, 2318, 1259, 1259, 2318, 1263, 1226, 1238, 1216, 1216, 1238, 1237, 1205, 1206, 1204, 1205, 1204, 1203, 6929, 7217, 6946, 1254, 1203, 1192, 7217, 7366, 7365, 7490, 7501, 7365, 1145, 1193, 1147, 888, 860, 887, 857, 881, 883, 857, 856, 881, 854, 875, 876, 853, 851, 875, 1152, 1153, 873, 7573, 7576, 7502, 7502, 7576, 7575, 7768, 7771, 7575, 7770, 7771, 7768, 7770, 1050, 7773, 1050, 1019, 1020, 1050, 1020, 7773, 1019, 1018, 1020, 2112, 2085, 2113, 2112, 2113, 2121, 2112, 2121, 7723, 2121, 7732, 7723, 7723, 7732, 7674, 2125, 2171, 2173, 7674, 7650, 7655, 7650, 7651, 7655, 7650, 7646, 7651, 2172, 2140, 2174, 2228, 2230, 2256, 2231, 2322, 2329, 2164, 2139, 2163, 2163, 2139, 2118, 2256, 2149, 2150, 2117, 2159, 2158, 2159, 2120, 2156, 2141, 2150, 2149, 7644, 7657, 7647, 7657, 7116, 7169, 2319, 2314, 2318, 6905, 6963, 6919, 1267, 1290, 1296, 6928, 6927, 6924, 6928, 6929, 6927, 1206, 1216, 1204, 1203, 1204, 1202, 1203, 1194, 1192, 7217, 7365, 7192, 875, 851, 872, 851, 871, 872, 894, 892, 891, 901, 894, 913, 873, 1153, 895, 1133, 1136, 1153, 1133, 1135, 1136, 1133, 1134, 1135, 7770, 7773, 7771, 1018, 1025, 1024, 1020, 1018, 1021, 1018, 1024, 1021, 7773, 1020, 1022, 1020, 1021, 1022, 2090, 2085, 2112, 2085, 2111, 2125, 2125, 2111, 2171, 2228, 2229, 2230, 7651, 7646, 7652, 2174, 2140, 2139, 2256, 2150, 2134, 2122, 2123, 2148, 2118, 2117, 2158, 2117, 2119, 2159, 2119, 2120, 2159, 2120, 2122, 2148, 2148, 2123, 2142, 2142, 2097, 2143, 2097, 2144, 2143, 2134, 2150, 2141, 7116, 6904, 7169, 2314, 2315, 2318, 1263, 1298, 1290, 6905, 6919, 6895, 6895, 6919, 6872, 6919, 6920, 6872, 6872, 6920, 6921, 6920, 6924, 6921, 6924, 6923, 6921, 6924, 6927, 6923, 1237, 1233, 1216, 1216, 1233, 1222, 6929, 6933, 6927, 1216, 1222, 1204, 1203, 1202, 1194, 7217, 7192, 6946, 1194, 1202, 1196, 1192, 1194, 1193, 7501, 7502, 7365, 892, 888, 889, 881, 856, 876, 887, 889, 888, 889, 887, 885, 887, 884, 885, 884, 883, 882, 876, 875, 877, 871, 873, 872, 913, 894, 923, 923, 894, 900, 962, 913, 923, 7575, 7771, 7585, 1025, 1043, 1053, 1025, 1053, 1024, 1022, 1021, 1029, 2090, 2112, 2116, 2116, 2112, 7722, 2090, 2076, 2085, 2076, 2081, 2085, 2085, 2081, 2111, 2112, 7723, 7722, 7722, 7723, 7673, 7673, 7723, 7674, 2226, 2228, 2256, 2226, 2227, 2228, 2228, 2227, 2229, 2140, 2114, 2139, 2107, 2120, 2119, 2097, 2145, 2144, 2123, 2097, 2142, 2141, 2133, 2134, 7647, 7657, 7658, 2314, 2299, 2315, 2300, 2299, 2314, 7116, 6905, 6904, 1263, 2324, 1298, 2318, 2324, 1263, 1204, 1222, 1202, 7365, 7502, 7367, 891, 892, 889, 884, 882, 885, 883, 881, 882, 881, 876, 880, 872, 873, 895, 877, 875, 878, 875, 872, 878, 872, 895, 879, 895, 1153, 896, 1153, 1136, 896, 1136, 1137, 896, 1136, 1135, 1137, 975, 962, 936, 1022, 1030, 7773, 1021, 1024, 1029, 1022, 1029, 1030, 2116, 2076, 2090, 7673, 7674, 7654, 7674, 7655, 7654, 2171, 2195, 2140, 2226, 2256, 2110, 2256, 2134, 2110, 2106, 2107, 2117, 2114, 2117, 2118, 2107, 2108, 2120, 2108, 2122, 2120, 2102, 2123, 2122, 2145, 2095, 2141, 2095, 2133, 2141, 7657, 7169, 7658, 7169, 6904, 6945, 2315, 2324, 2318, 2324, 2330, 1298, 6923, 6927, 6933, 1222, 1228, 1202, 1222, 1319, 1228, 1194, 1196, 1195, 7365, 7367, 7193, 7502, 7503, 7367, 7502, 7575, 7503, 894, 891, 900, 889, 890, 891, 890, 889, 886, 889, 885, 886, 880, 876, 877, 900, 891, 893, 7575, 7585, 7503, 962, 923, 936, 1135, 1139, 1137, 7585, 7771, 7582, 7771, 7773, 7774, 2075, 2076, 2116, 2081, 2082, 2111, 7655, 7651, 7654, 2224, 2225, 2226, 2226, 2225, 2227, 2138, 2114, 2140, 2114, 2106, 2117, 2102, 2100, 2123, 2100, 2097, 2123, 2096, 2133, 2095, 2133, 2096, 2110, 7647, 7658, 7652, 7658, 7169, 7168, 7169, 6945, 7168, 2315, 2299, 2324, 6904, 6905, 6894, 6905, 6895, 6894, 6895, 6872, 6871, 6921, 6923, 6922, 6933, 6946, 6936, 6936, 6946, 6943, 6946, 7192, 6943, 1196, 1202, 1219, 7192, 7193, 6943, 1195, 1196, 1197, 886, 885, 882, 881, 880, 882, 891, 890, 893, 878, 872, 879, 895, 896, 879, 896, 1137, 1140, 1140, 1137, 1139, 7582, 7771, 7584, 1024, 1053, 1040, 7773, 1030, 1311, 1029, 1024, 1040, 2075, 2054, 2076, 2054, 2081, 2076, 2075, 2116, 7694, 2116, 7722, 7694, 7694, 7722, 7673, 2171, 2082, 2195, 7673, 7654, 7661, 2226, 2110, 2109, 2322, 2250, 2251, 2104, 2103, 2108, 2103, 2102, 2108, 2097, 2099, 2098, 2294, 2295, 2299, 2324, 2310, 2330, 6933, 6934, 6923, 1196, 1219, 1197, 1193, 1195, 1253, 7367, 7503, 7335, 890, 886, 905, 7503, 7585, 7582, 923, 900, 924, 936, 923, 924, 914, 896, 1140, 896, 914, 915, 1053, 936, 937, 7771, 7774, 7584, 7773, 1311, 7774, 1053, 1077, 1040, 1030, 1037, 1311, 1030, 1029, 1037, 2226, 2109, 2091, 2138, 2092, 2114, 2104, 2108, 2107, 2094, 2109, 2096, 2093, 2105, 2106, 2105, 2107, 2106, 2096, 2109, 2110, 7651, 7652, 7653, 7652, 7658, 7662, 7168, 6945, 6967, 2299, 2310, 2324, 6871, 6894, 6895, 6872, 6921, 6835, 6921, 6922, 6926, 6922, 6923, 6935, 6923, 6934, 6935, 1228, 1243, 1219, 1197, 1219, 1224, 6943, 7193, 7213, 7193, 7367, 7335, 1195, 1199, 1253, 900, 893, 902, 893, 890, 904, 890, 905, 904, 882, 880, 906, 880, 877, 907, 878, 879, 910, 896, 915, 879, 1311, 1037, 1302, 7806, 2053, 2075, 2053, 2054, 2075, 2054, 1984, 2081, 7806, 2075, 7694, 7694, 7673, 7661, 2222, 2224, 2223, 2224, 2222, 2225, 2224, 2226, 2091, 2069, 2095, 2098, 7654, 7651, 7653, 2114, 2093, 2106, 2092, 2093, 2114, 2105, 2104, 2107, 2068, 2099, 2100, 2322, 2251, 2321, 7662, 7658, 7167, 7658, 7168, 7167, 6904, 6894, 6870, 6894, 6871, 6870, 6921, 6925, 6835, 1219, 1243, 1239, 1219, 1239, 1224, 1197, 1224, 1198, 1195, 1198, 1199, 900, 902, 924, 905, 886, 911, 886, 882, 911, 907, 877, 908, 877, 878, 908, 878, 910, 909, 910, 879, 914, 879, 915, 914, 936, 924, 937, 914, 1140, 1142, 1140, 1141, 1142, 7584, 7774, 7583, 7774, 7775, 7583, 7774, 1311, 7775, 1302, 1037, 1039, 1037, 1038, 1039, 1037, 1029, 1038, 1029, 1042, 1038, 1029, 1040, 1042, 7806, 7679, 2053, 7806, 7694, 7679, 2223, 2224, 2084, 2115, 2092, 2131, 2224, 2091, 2084, 7654, 7653, 7656, 2103, 2071, 2101, 2094, 2091, 2109, 7652, 7662, 7653, 2321, 2287, 2293, 7167, 7168, 6967, 2294, 2286, 2295, 6945, 6904, 6902, 6902, 6904, 6870, 5954, 5957, 5958, 6871, 6872, 6835, 6925, 6921, 6926, 6933, 6936, 6934, 1253, 1199, 1200, 902, 893, 903, 893, 904, 903, 905, 911, 912, 882, 906, 911, 878, 909, 908, 1141, 1177, 1179, 937, 924, 902, 1142, 1141, 1143, 1077, 1086, 1054, 1311, 1302, 7775, 7775, 1302, 7834, 1040, 1054, 1042, 1984, 1985, 2082, 7679, 7694, 7663, 7694, 7661, 7663, 7661, 7654, 7659, 2221, 2222, 2223, 2221, 2223, 2084, 2083, 2080, 2092, 2078, 2071, 2103, 2069, 2073, 2094, 2321, 2251, 2317, 6967, 6945, 6902, 6870, 6871, 6834, 6871, 6835, 6834, 6926, 6922, 7001, 6936, 6937, 6934, 6936, 6943, 6937, 6943, 7213, 6964, 7213, 7193, 6964, 1199, 1198, 1200, 7193, 7335, 7234, 7335, 7503, 7487, 905, 912, 904, 1179, 1177, 1261, 921, 902, 903, 906, 880, 907, 7582, 7584, 7487, 7584, 7583, 7487, 914, 1142, 922, 7775, 7841, 7583, 7834, 1302, 1039, 7834, 1039, 1056, 1039, 1038, 1056, 2055, 2047, 2053, 2047, 1984, 2053, 2055, 2053, 7714, 7714, 7679, 7680, 2053, 7679, 7714, 1984, 1983, 1985, 7663, 7661, 7659, 2195, 2088, 2115, 2221, 2219, 2222, 7654, 7656, 7659, 2061, 2077, 2105, 2071, 2068, 2101, 2068, 2069, 2099, 2105, 2077, 2104, 2077, 2078, 2104, 2073, 2091, 2094, 7653, 7662, 7656, 2317, 2281, 2287, 2287, 2286, 2293, 7167, 6967, 6903, 6967, 6902, 6903, 6835, 6925, 6842, 6925, 7198, 6842, 7198, 6925, 7197, 6925, 6926, 7197, 6922, 6935, 7001, 6937, 6943, 6939, 6943, 6964, 6939, 1224, 1239, 1230, 1224, 1201, 1198, 1198, 1201, 1200, 7193, 7234, 6964, 7335, 7487, 7336, 1253, 1200, 1261, 910, 914, 922, 937, 902, 948, 1142, 1144, 922, 1142, 1143, 1144, 1077, 937, 1086, 7775, 7834, 7841, 2079, 2055, 7714, 7680, 7679, 7669, 7679, 7663, 7669, 2221, 2084, 2220, 2115, 2088, 2083, 2073, 2084, 2091, 2251, 2323, 2317, 7656, 7662, 7664, 7662, 7167, 7143, 2287, 2281, 2286, 2295, 2302, 2309, 5962, 5386, 5963, 6834, 6835, 6833, 6835, 6842, 6833, 7197, 7260, 7198, 7197, 6926, 7196, 6926, 7001, 7196, 7335, 7336, 7234, 921, 903, 920, 912, 911, 917, 911, 906, 917, 902, 921, 931, 948, 902, 931, 922, 1144, 1154, 937, 948, 949, 7583, 7841, 7993, 1042, 1054, 1064, 1056, 1057, 7834, 1056, 1038, 1057, 2046, 2047, 2079, 2046, 1984, 2047, 7669, 7663, 7659, 2220, 2204, 2219, 2220, 2084, 2168, 2062, 2078, 2077, 2072, 2073, 2069, 2251, 2246, 2323, 2065, 2080, 2083, 2080, 2063, 2061, 2070, 2068, 2071, 2067, 2069, 2068, 2073, 2074, 2084, 7664, 7662, 7143, 6879, 6902, 6870, 6870, 6834, 6825, 6934, 6937, 6939, 1201, 1230, 1229, 6964, 7234, 6988, 1200, 1215, 1261, 1261, 1289, 1179, 920, 903, 918, 903, 904, 918, 904, 912, 916, 912, 917, 916, 919, 906, 907, 909, 910, 925, 1144, 1271, 1154, 1144, 1269, 1271, 1057, 1038, 1058, 7714, 2046, 2079, 2046, 1982, 1984, 2060, 2061, 2063, 2062, 2077, 2061, 2070, 2058, 2068, 7659, 7656, 7660, 2074, 2168, 2084, 2279, 2277, 2281, 2277, 2288, 2286, 2286, 2288, 2291, 7143, 7167, 6903, 2286, 2291, 2302, 5384, 5385, 5964, 6902, 6879, 6903, 6834, 6833, 6823, 6833, 6842, 6841, 6842, 6849, 6841, 6849, 6842, 7198, 7198, 7260, 7262, 7260, 7197, 7261, 7197, 7196, 7261, 7001, 6935, 6947, 6935, 6934, 6947, 6939, 6964, 6942, 6964, 6988, 6942, 1201, 1223, 1214, 1201, 1214, 1200, 7234, 7336, 7235, 7336, 7487, 7337, 7487, 7583, 7512, 904, 916, 918, 906, 919, 917, 907, 908, 919, 908, 909, 927, 927, 909, 926, 909, 925, 926, 921, 920, 931, 922, 1154, 928, 948, 931, 949, 7993, 7841, 7598, 1038, 1042, 1058, 2045, 7714, 1995, 2045, 1982, 2046, 2089, 1983, 2087, 2204, 2220, 2203, 2056, 2070, 2071, 2072, 2050, 2066, 2064, 2063, 2065, 2060, 2062, 2061, 2058, 2067, 2068, 2305, 2278, 2279, 7664, 7143, 7144, 5964, 5385, 5967, 5961, 5963, 5966, 6879, 6870, 6868, 6825, 6834, 6823, 7198, 7262, 6849, 7262, 7260, 7348, 7001, 7195, 7196, 7001, 7110, 7195, 7001, 6947, 7110, 6934, 6939, 6940, 6939, 6942, 6940, 1215, 1221, 1261, 7337, 7487, 7512, 920, 918, 939, 916, 917, 932, 919, 908, 927, 910, 922, 925, 922, 928, 925, 931, 920, 940, 920, 939, 940, 918, 932, 938, 918, 916, 932, 917, 919, 933, 919, 927, 934, 1154, 1271, 1272, 7841, 7833, 7598, 7841, 7834, 7833, 7834, 7832, 7833, 7834, 1057, 7832, 1058, 1042, 1062, 1042, 1064, 1062, 1057, 1058, 1065, 1057, 1065, 7832, 1995, 1982, 2045, 1995, 7714, 7750, 2087, 2086, 2089, 7659, 7660, 7667, 2203, 2220, 2168, 2059, 2056, 2062, 2066, 2057, 2074, 7656, 7664, 7660, 2277, 2289, 2288, 2289, 2291, 2288, 6868, 6870, 6825, 6833, 6832, 6823, 6833, 6841, 6832, 7260, 7261, 7348, 7261, 7196, 7272, 6934, 6940, 6947, 1223, 1229, 1240, 7234, 7235, 6988, 1215, 1214, 1220, 7336, 7337, 7235, 918, 938, 939, 917, 933, 932, 919, 934, 933, 949, 931, 963, 978, 949, 963, 7993, 7598, 7512, 1086, 978, 1096, 1065, 1058, 1063, 1058, 1062, 1063, 1995, 1937, 1982, 1994, 1937, 1995, 7750, 7714, 7681, 7714, 7680, 7681, 7680, 7669, 7683, 7683, 7669, 7667, 2202, 2204, 2203, 2202, 2205, 2204, 2203, 2168, 2057, 2086, 2064, 2065, 2058, 2070, 2056, 2057, 2168, 2074, 2278, 2277, 2279, 7143, 6900, 7144, 7143, 6903, 6900, 2289, 2298, 2291, 5965, 5967, 4953, 5966, 5965, 4953, 6841, 6849, 7464, 7464, 6849, 7262, 7262, 7465, 7464, 7262, 7348, 7465, 7196, 7195, 7272, 1220, 1223, 1240, 1223, 1220, 1214, 1215, 1220, 1221, 7235, 7337, 7371, 7337, 7512, 7371, 938, 932, 941, 941, 932, 944, 944, 932, 933, 944, 933, 942, 933, 934, 943, 926, 925, 950, 925, 928, 954, 928, 1154, 954, 7598, 7833, 7599, 7832, 1065, 1080, 1065, 1063, 1080, 1994, 1995, 7750, 1994, 7750, 1993, 1937, 1934, 1982, 7681, 7680, 7683, 2063, 2034, 2060, 2056, 2052, 2058, 7667, 7660, 7666, 2323, 2316, 2305, 7660, 7664, 7665, 7664, 7144, 7692, 2278, 2275, 2277, 4954, 4950, 4947, 5967, 4947, 4939, 6900, 6903, 6879, 6825, 6823, 6817, 6832, 6841, 6884, 6884, 6841, 6885, 6841, 7464, 6885, 7465, 7348, 8822, 8822, 7348, 7436, 7348, 7261, 7436, 7436, 7261, 7272, 7272, 7195, 7227, 7195, 7110, 7227, 6942, 6988, 6941, 6988, 7235, 6989, 963, 931, 940, 942, 933, 943, 934, 927, 945, 925, 954, 951, 1063, 1062, 1081, 1993, 7750, 1992, 7681, 7683, 7682, 7683, 7667, 7682, 2202, 2206, 2205, 1935, 2086, 2087, 2203, 2057, 2051, 2060, 2035, 2059, 2059, 2028, 2056, 2050, 2051, 2057, 7664, 7692, 7665, 7692, 7144, 7000, 2275, 2276, 2277, 2277, 2276, 2289, 6868, 6825, 6824, 7272, 7227, 7386, 5092, 5291, 5218, 6947, 6940, 6948, 1221, 1227, 1232, 1221, 1220, 1227, 1289, 1232, 1288, 7371, 7512, 7511, 7512, 7598, 7511, 7511, 7598, 7599, 943, 934, 946, 934, 945, 946, 927, 926, 945, 945, 926, 950, 925, 951, 950, 954, 1154, 5946, 1154, 1272, 5946, 963, 947, 977, 5946, 1272, 1274, 1272, 1273, 1274, 7833, 7831, 7599, 7833, 7832, 7831, 1081, 1062, 1082, 1993, 1992, 1937, 2086, 1946, 2064, 2030, 2052, 2056, 2052, 2048, 2058, 2034, 2035, 2060, 7660, 7665, 7666, 7000, 7144, 6900, 6900, 6879, 6869, 6817, 6823, 6795, 6823, 6832, 6795, 6832, 6884, 6839, 5321, 5320, 5427, 6884, 6885, 6883, 6885, 7464, 7368, 8822, 7436, 8765, 7436, 7272, 8764, 7272, 7386, 8764, 7110, 7226, 7227, 6948, 6940, 6941, 6940, 6942, 6941, 6988, 6989, 6941, 7511, 7599, 7600, 944, 942, 957, 942, 943, 959, 951, 954, 955, 963, 940, 947, 940, 939, 947, 954, 5946, 955, 7505, 7599, 7594, 7599, 7831, 7594, 7832, 7829, 7831, 1062, 1096, 1166, 1989, 1937, 1992, 1992, 7750, 7739, 7750, 7681, 7684, 2064, 2034, 2063, 1960, 2034, 2064, 2028, 2030, 2056, 2030, 2031, 2052, 2032, 2039, 2048, 2203, 2051, 2042, 2041, 2050, 2049, 2050, 2042, 2051, 2276, 2285, 2289, 2289, 2285, 2298, 4950, 4952, 4942, 4941, 4950, 4942, 6869, 6879, 6868, 6824, 6817, 6813, 6824, 6825, 6817, 6832, 6838, 6795, 6832, 6839, 6838, 6885, 7368, 6883, 7368, 7464, 7370, 7370, 7464, 7465, 7370, 7465, 7461, 7465, 8822, 7461, 7461, 8822, 8708, 7436, 8764, 8765, 7386, 7227, 7385, 7385, 7227, 7226, 7110, 6947, 7109, 1220, 1242, 1227, 6989, 7235, 7112, 939, 938, 952, 938, 953, 952, 938, 941, 953, 941, 956, 953, 941, 944, 956, 944, 957, 956, 943, 946, 959, 946, 945, 958, 950, 951, 968, 7600, 7599, 7505, 1273, 1270, 1299, 1274, 1273, 1275, 1096, 977, 1178, 7832, 1157, 7829, 7832, 1080, 1157, 1080, 1081, 1157, 7739, 2044, 1992, 7739, 7750, 7684, 2202, 2203, 2042, 2035, 2028, 2059, 2041, 2048, 2039, 2048, 2041, 2049, 2320, 2313, 2316, 7692, 7000, 6998, 7000, 6900, 6901, 2285, 2303, 2298, 4939, 4935, 4937, 6817, 6795, 6801, 5320, 5317, 5446, 6883, 7368, 6886, 6886, 7368, 7369, 5428, 5543, 5546, 7368, 7370, 7369, 5428, 5546, 5426, 7369, 7370, 7399, 7370, 7461, 7399, 7461, 7633, 7399, 7461, 8708, 7633, 8822, 8765, 8708, 8765, 8764, 8580, 7110, 7225, 7226, 6947, 6948, 7109, 6941, 6989, 6950, 1220, 1249, 1242, 7371, 7511, 7505, 7511, 7600, 7505, 945, 950, 964, 947, 939, 952, 7831, 7830, 7594, 1157, 1084, 1156, 1157, 1081, 1084, 7684, 7682, 7685, 7682, 7667, 7671, 2202, 2207, 2206, 2208, 2207, 2202, 2041, 2042, 2050, 2275, 2273, 2276, 2274, 2273, 2275, 2276, 2273, 2285, 6868, 6824, 6826, 6813, 6817, 6801, 6839, 6884, 6883, 6839, 6883, 6845, 6845, 6883, 6882, 6882, 6883, 6886, 6886, 7369, 7478, 7633, 8708, 7522, 8708, 8707, 7522, 8708, 8706, 8707, 8708, 8765, 8706, 8765, 8580, 8706, 8764, 7386, 8581, 8581, 7386, 8778, 8778, 7386, 7385, 7385, 7226, 7332, 7110, 7109, 7225, 1236, 1227, 1246, 7235, 7371, 7265, 7265, 7371, 7379, 1288, 1236, 1247, 7371, 7505, 7379, 1299, 1288, 1300, 957, 942, 959, 959, 946, 958, 1180, 1166, 1178, 7831, 7829, 7830, 1081, 1082, 1083, 1989, 1927, 1937, 7739, 7684, 7686, 7686, 7684, 7685, 7671, 7667, 7666, 2032, 2033, 2039, 2248, 2249, 2320, 7666, 7665, 7668, 7665, 7692, 7668, 2272, 2273, 2274, 6998, 7000, 6901, 4942, 4952, 4951, 6869, 6868, 6826, 6813, 6801, 6799, 7479, 7480, 7478, 7479, 7482, 7480, 7479, 7399, 7482, 7482, 7399, 7513, 7399, 7522, 7513, 8580, 8764, 8581, 7385, 7332, 8778, 7332, 7226, 7331, 6948, 6941, 6949, 6941, 6950, 6949, 7235, 7265, 7112, 1300, 1288, 1247, 957, 959, 971, 951, 955, 969, 947, 952, 979, 977, 947, 1095, 1275, 1299, 1304, 1178, 977, 1095, 7594, 7830, 7595, 1157, 1156, 7829, 1083, 1082, 1088, 1084, 1081, 1083, 1932, 1933, 1934, 2208, 2202, 2017, 1938, 1940, 1946, 2017, 2202, 2043, 2027, 2026, 2034, 2026, 2028, 2035, 2026, 2029, 2028, 2025, 2023, 2030, 2030, 2023, 2031, 2018, 2033, 2023, 2039, 2038, 2041, 2041, 2038, 2016, 2202, 2042, 2043, 2041, 2016, 2042, 2016, 2043, 2042, 2249, 2241, 2320, 7668, 7692, 7693, 4935, 4943, 4933, 6901, 6869, 6873, 6901, 6900, 6869, 6826, 6824, 6813, 5348, 5442, 5441, 6795, 6836, 8, 6795, 6838, 6836, 6838, 6839, 6845, 5446, 5533, 5532, 6845, 6882, 6881, 6882, 6886, 7477, 7478, 7480, 7477, 7482, 7513, 8701, 8707, 8706, 8705, 8706, 8580, 8705, 5502, 5542, 5435, 8581, 8524, 8580, 7226, 7225, 7331, 7109, 6948, 7107, 6948, 6949, 6966, 1227, 1242, 1248, 1246, 1227, 1248, 7112, 7265, 7111, 1247, 1236, 1246, 979, 952, 976, 956, 957, 973, 973, 957, 972, 958, 945, 965, 945, 964, 965, 950, 968, 964, 968, 951, 969, 5946, 1274, 1277, 1277, 1274, 1276, 1274, 1275, 1276, 1082, 1180, 1088, 1156, 1084, 1089, 1156, 1089, 7829, 2044, 7727, 1990, 7727, 7739, 7686, 2044, 7739, 7727, 1936, 1907, 1932, 7693, 7692, 6999, 7692, 6998, 6999, 4937, 4935, 4936, 6801, 6795, 6, 6795, 8, 6, 5441, 5539, 5445, 6844, 6845, 6881, 7480, 7482, 8616, 8616, 7482, 8633, 7482, 8701, 8633, 8705, 8580, 8525, 8580, 8524, 8525, 8581, 8778, 8524, 5298, 5219, 4631, 7331, 7225, 7330, 6948, 6966, 7107, 1242, 1249, 1248, 7505, 7594, 7514, 976, 952, 974, 952, 953, 974, 953, 956, 973, 957, 971, 972, 971, 959, 970, 958, 965, 959, 7514, 7594, 7595, 1095, 947, 979, 955, 5946, 969, 969, 5946, 5945, 5946, 1277, 5945, 1276, 1275, 1304, 1084, 1083, 1089, 1990, 7727, 1991, 2033, 2019, 2039, 7671, 7666, 7670, 2312, 2271, 2272, 6998, 6897, 6999, 6998, 6901, 6897, 4945, 4951, 4946, 6873, 6869, 6860, 6826, 6813, 6812, 6801, 6, 6799, 6838, 6845, 6836, 6845, 6844, 6836, 6881, 6882, 7476, 6882, 7477, 7476, 7477, 8616, 8579, 7477, 7480, 8616, 8633, 8701, 8632, 8701, 8705, 8638, 8705, 8525, 8800, 5436, 5541, 5437, 8524, 8778, 8554, 8808, 8778, 7332, 8778, 8808, 8554, 7225, 7109, 7107, 6950, 7112, 6951, 1248, 1249, 1283, 7112, 7111, 6951, 1299, 1300, 1304, 953, 973, 974, 970, 959, 965, 965, 964, 966, 966, 964, 967, 964, 968, 967, 968, 969, 967, 1113, 1178, 1095, 7595, 7830, 7596, 1178, 1113, 1180, 7830, 7828, 7596, 7830, 7829, 7828, 7828, 7829, 7823, 7829, 1089, 7823, 7686, 7685, 7687, 1932, 1907, 1931, 7671, 7670, 7676, 2207, 2241, 2249, 2019, 2033, 2018, 7670, 7666, 7668, 7668, 7693, 7200, 2283, 2303, 2285, 6897, 6901, 6873, 4943, 4945, 4944, 6869, 6826, 6860, 6, 8, 7, 7, 8, 6796, 5442, 5510, 5539, 7476, 8579, 8577, 7476, 7477, 8579, 8616, 8633, 8589, 8701, 8638, 8632, 8800, 8525, 8526, 8525, 8489, 8526, 8525, 8524, 8489, 7332, 7331, 8555, 8555, 7331, 7330, 7225, 7107, 7254, 1256, 1247, 1246, 7379, 7505, 7361, 7514, 7595, 7596, 7823, 1089, 1097, 1089, 1083, 1097, 1975, 1991, 2199, 7685, 7671, 7687, 7671, 7676, 7687, 2208, 2017, 2210, 2022, 2018, 2023, 4936, 4934, 4938, 6813, 6799, 6812, 6799, 6, 6798, 5442, 5443, 5510, 6797, 6796, 8, 6797, 8, 6806, 6836, 6844, 6843, 6844, 6881, 7452, 8577, 8579, 8578, 8579, 8586, 8578, 8586, 8579, 8616, 8589, 8633, 8614, 8633, 8632, 8617, 8638, 8763, 8636, 8638, 8800, 8763, 8489, 8524, 8488, 8524, 8554, 8488, 5541, 5495, 5545, 8808, 8555, 8554, 4630, 4631, 4613, 8808, 7332, 8555, 7225, 7254, 7330, 7107, 6966, 6965, 6966, 6949, 6965, 6950, 6951, 6949, 7379, 7361, 7265, 973, 972, 1092, 970, 965, 1103, 1095, 979, 976, 1277, 1276, 1278, 1088, 1181, 1173, 1097, 1083, 1108, 1108, 1088, 1109, 1083, 1088, 1108, 1927, 1907, 1936, 2024, 2022, 2023, 2015, 2017, 2016, 7670, 7668, 7672, 2272, 2269, 2273, 7693, 6999, 6978, 4934, 4933, 4930, 6860, 6826, 6827, 6826, 6812, 6827, 6812, 6799, 6802, 5346, 5444, 5443, 6836, 6837, 6806, 6836, 6843, 6837, 6843, 6844, 7452, 7452, 6881, 7476, 8576, 7476, 8577, 4233, 4199, 4209, 8586, 8616, 8589, 8633, 8617, 8614, 8617, 8632, 8619, 8632, 8638, 8619, 8526, 8527, 8800, 8488, 8554, 8487, 8554, 8555, 8487, 8555, 7330, 8858, 1256, 1246, 1257, 7361, 7505, 7514, 974, 1092, 1093, 974, 973, 1092, 972, 971, 1098, 969, 5945, 1107, 5945, 1277, 5944, 5944, 1277, 1278, 1278, 1276, 1279, 7596, 7828, 7597, 7823, 1097, 7813, 1088, 1173, 1109, 1970, 1975, 2199, 1975, 1970, 1927, 2199, 7727, 1970, 7727, 7686, 7688, 2210, 2017, 2212, 2017, 2020, 2212, 7672, 7668, 7200, 7200, 7693, 6978, 6999, 6897, 6978, 6802, 6799, 6800, 6799, 6798, 6800, 6798, 6797, 6806, 6843, 7452, 7403, 8576, 8577, 8575, 4198, 4078, 4199, 8619, 8638, 8636, 8763, 8800, 8527, 8526, 8489, 8527, 7330, 7254, 7327, 7254, 7107, 7255, 6949, 6952, 6965, 6949, 6951, 6952, 7111, 7265, 7149, 1256, 1258, 1306, 976, 974, 1094, 974, 1093, 1094, 971, 970, 1106, 970, 1105, 1106, 970, 1103, 1105, 965, 966, 1103, 1095, 976, 1113, 5945, 5944, 1107, 7828, 7823, 7824, 7813, 1097, 1108, 1970, 7727, 7728, 7686, 7687, 7688, 2003, 2018, 2022, 2018, 2009, 2019, 7670, 7672, 7676, 2270, 2269, 2271, 6978, 6897, 6898, 6802, 6800, 6803, 6798, 6806, 6800, 7452, 8576, 8574, 8576, 8575, 8574, 8577, 8578, 8575, 8578, 8586, 8587, 8586, 8589, 8588, 8589, 8614, 8608, 8617, 8619, 8618, 4207, 4154, 4158, 8763, 8527, 8637, 8489, 8488, 8363, 8363, 8488, 8487, 8555, 8858, 8556, 4630, 4629, 5403, 7327, 7254, 7255, 1248, 1262, 1257, 7265, 7361, 7282, 972, 1098, 1092, 1103, 966, 1099, 966, 967, 1099, 969, 1107, 967, 1301, 1113, 1163, 1278, 1279, 1280, 1180, 1301, 1181, 7828, 7824, 7597, 1173, 1181, 1287, 7727, 7688, 7728, 7688, 7687, 7691, 7687, 7676, 7691, 2212, 2020, 2012, 6898, 6897, 6856, 6897, 6873, 6856, 5347, 5449, 5444, 6803, 6800, 6804, 5444, 5449, 5540, 6804, 6800, 6815, 6800, 6806, 6815, 6806, 6837, 6840, 7403, 7452, 7453, 7453, 7452, 8572, 7452, 8574, 8572, 8575, 8578, 8587, 8587, 8586, 8588, 8618, 8619, 8620, 8619, 8636, 8621, 8636, 8637, 8621, 8527, 8634, 8637, 8555, 8556, 8487, 7330, 7327, 8858, 7255, 7107, 7108, 7107, 6965, 7108, 6965, 6952, 6981, 6951, 7111, 6953, 7111, 7149, 6953, 7149, 7265, 7282, 1258, 1265, 1306, 1098, 971, 1106, 967, 1100, 1099, 1163, 1113, 1094, 1280, 1279, 1307, 1278, 1280, 5944, 7597, 7824, 7874, 7823, 7815, 7824, 7823, 7813, 7815, 7813, 7814, 7815, 7813, 1108, 7814, 2013, 1970, 7728, 2212, 2012, 2213, 7691, 7676, 7690, 2003, 2009, 2018, 2014, 2007, 2015, 2015, 2012, 2020, 2280, 2304, 2283, 4949, 4967, 2304, 4929, 4948, 4949, 6873, 6860, 6856, 6812, 6802, 6808, 6815, 6806, 6840, 6837, 7403, 7372, 8574, 8575, 8573, 8575, 8587, 8598, 8589, 8608, 8597, 8634, 8527, 8635, 8527, 8489, 8490, 8363, 8487, 8362, 8556, 8858, 8565, 8858, 8856, 8565, 6951, 6953, 6952, 1262, 1283, 1284, 1248, 1283, 1262, 1306, 1317, 1307, 1112, 1093, 1111, 1093, 1092, 1111, 1111, 1092, 1098, 967, 1107, 1100, 7992, 7597, 7874, 1181, 1301, 1287, 7814, 1108, 1165, 1108, 1109, 1165, 7676, 7672, 7689, 2267, 2268, 2269, 2269, 2268, 2280, 2280, 2301, 2304, 6856, 6860, 6827, 6827, 6812, 6814, 7372, 7403, 7453, 8574, 8573, 8572, 8573, 8598, 8610, 8598, 8587, 8588, 8614, 8607, 8608, 8607, 8614, 8611, 8614, 8617, 8611, 8620, 8619, 8621, 8637, 8634, 8621, 4215, 4117, 4116, 8527, 8490, 8635, 8363, 8491, 8490, 8856, 7327, 8851, 8858, 7327, 8856, 7255, 7108, 7256, 1258, 1257, 1265, 7361, 7514, 7492, 1306, 1292, 1317, 1099, 1100, 1101, 1100, 1107, 1110, 1107, 5944, 1110, 1163, 1094, 1114, 7492, 7597, 7992, 5944, 1280, 5943, 1280, 1307, 1308, 7824, 7822, 7840, 7824, 7815, 7822, 1165, 1109, 1172, 1109, 1173, 1174, 2013, 7728, 7729, 7728, 7688, 7729, 1902, 1900, 1903, 2213, 2012, 2215, 7676, 7689, 7690, 6814, 6812, 6808, 5540, 5521, 5488, 6840, 7372, 8486, 8572, 8573, 8571, 8610, 8598, 8595, 8598, 8588, 8595, 8617, 8618, 8611, 8620, 8621, 8622, 4221, 4577, 4575, 8487, 8556, 8515, 6965, 6981, 7108, 1257, 1262, 1266, 1265, 1257, 1266, 1094, 1093, 1114, 1114, 1093, 1112, 1111, 1098, 2796, 1106, 1105, 1104, 1105, 1103, 1104, 1103, 1102, 1104, 1103, 1099, 1102, 1099, 1101, 1102, 1163, 1114, 1164, 5944, 5943, 1110, 5943, 1280, 2834, 1280, 1308, 2834, 1174, 1173, 1287, 7814, 1165, 7815, 1109, 1174, 1172, 7729, 7688, 7705, 7688, 7691, 7702, 2215, 2012, 2011, 1999, 1998, 2006, 2005, 2009, 2003, 7689, 7672, 7199, 7672, 7200, 7199, 4929, 4949, 4955, 6858, 6856, 6828, 6856, 6827, 6828, 6827, 6814, 6828, 6808, 6802, 6805, 6804, 6815, 8284, 6815, 6840, 8380, 7372, 8570, 8486, 7372, 7453, 8570, 7453, 8572, 8570, 8597, 8608, 8607, 8621, 8634, 8623, 8634, 8635, 8623, 4116, 4114, 4577, 8487, 8515, 8362, 8556, 8565, 8515, 1262, 1284, 1291, 1266, 1262, 1291, 7361, 7492, 7357, 7492, 7992, 7493, 1100, 1110, 1161, 7705, 7688, 7702, 1996, 1997, 1999, 2242, 2244, 2258, 7199, 7200, 6977, 7200, 6978, 6977, 6802, 6803, 6805, 6803, 6804, 6807, 6804, 8284, 6807, 8284, 6815, 8326, 8326, 6815, 8380, 8380, 6840, 8486, 8571, 8610, 8612, 8610, 8595, 8594, 4074, 4084, 4081, 8611, 8618, 8641, 8618, 8620, 8641, 4237, 4135, 4173, 8621, 8623, 8622, 8363, 8190, 8491, 8190, 8363, 8362, 8362, 8515, 8189, 8565, 8856, 8851, 8851, 7327, 7328, 7327, 7255, 7328, 7328, 7255, 7256, 1293, 1266, 1291, 1265, 1266, 1292, 7361, 7357, 7282, 1307, 1317, 1315, 1301, 1164, 2806, 7815, 1165, 2802, 7691, 7690, 7702, 2243, 2244, 2214, 1987, 1997, 1996, 4956, 2301, 4962, 6803, 6807, 6805, 8641, 8620, 8685, 8623, 8635, 8626, 8565, 8851, 8823, 7108, 6981, 7141, 6981, 6954, 6982, 6981, 6952, 6954, 6952, 6953, 6954, 6953, 7149, 7126, 1292, 1266, 1293, 1114, 1112, 2797, 1104, 1102, 2795, 1110, 5943, 1161, 1164, 1114, 2806, 7874, 7840, 7992, 1165, 1172, 2785, 2021, 7729, 2037, 2215, 2011, 2216, 2280, 2292, 2301, 6977, 6898, 6880, 8570, 8572, 8571, 8571, 8612, 8613, 8612, 8610, 8594, 8595, 8588, 8590, 8588, 8589, 8597, 8607, 8611, 8609, 8620, 8679, 8685, 8635, 8704, 8626, 8190, 8362, 8189, 7108, 7141, 7256, 6981, 6982, 7141, 7149, 7282, 7126, 7126, 7282, 7283, 7282, 7357, 7283, 7357, 7492, 7493, 2794, 2796, 1098, 1106, 2795, 1098, 1106, 1104, 2795, 1100, 1161, 1101, 2949, 2806, 2935, 7840, 7822, 7837, 1174, 1287, 2810, 1172, 1174, 2798, 2802, 1165, 2785, 1899, 1901, 1900, 7702, 7690, 7699, 1997, 1998, 1999, 2001, 1504, 2003, 1504, 2004, 2003, 1509, 1507, 2011, 7690, 7689, 7698, 2258, 2260, 2261, 6880, 6898, 6856, 6828, 6814, 6816, 6814, 6808, 6810, 6807, 8284, 8283, 8319, 8284, 8326, 8380, 8486, 8485, 8613, 8612, 8594, 8609, 8611, 8680, 8611, 8641, 8680, 8683, 8622, 8624, 8622, 8623, 8624, 8623, 8625, 8624, 8704, 8490, 8491, 8565, 8564, 8515, 8565, 8823, 8564, 7328, 7256, 7329, 7256, 7277, 7329, 7256, 7141, 7277, 1293, 1291, 1297, 1294, 1292, 1293, 7357, 7493, 7364, 7493, 7992, 7494, 1112, 1111, 2793, 2793, 1111, 2794, 1111, 2796, 2794, 2795, 1102, 2778, 7840, 7837, 7992, 7822, 7821, 7837, 7822, 7815, 7821, 1174, 2810, 2798, 2785, 1172, 2798, 2802, 2785, 2786, 2002, 2037, 2137, 1925, 1924, 1905, 7726, 7729, 7705, 2037, 7729, 7726, 2000, 2001, 1998, 2216, 2011, 1507, 2244, 2243, 2259, 7690, 7698, 7699, 7698, 7689, 7199, 4956, 4962, 4959, 6880, 6856, 6857, 4955, 4956, 4959, 6856, 6858, 6857, 6808, 6805, 6809, 6805, 6807, 6809, 8486, 8568, 8485, 8486, 8570, 8568, 8570, 8571, 8569, 8569, 8571, 8613, 8588, 8597, 8591, 8606, 8607, 8609, 8597, 8607, 8606, 8609, 8680, 8671, 8641, 8685, 8686, 8685, 8679, 8686, 8515, 8564, 8492, 8823, 8851, 8829, 4626, 4606, 4592, 6954, 6953, 6955, 6953, 6956, 6955, 6953, 7126, 6956, 7283, 7357, 7364, 1315, 1317, 1318, 2797, 1112, 2793, 1102, 1101, 2775, 1161, 5943, 2774, 7494, 7992, 7978, 2810, 2949, 2935, 7815, 7816, 7821, 7815, 2802, 7816, 2802, 2786, 7816, 2137, 2037, 7726, 7726, 7705, 7703, 2216, 1507, 2218, 7702, 7699, 7704, 1901, 1942, 1941, 4959, 4962, 4963, 4955, 4959, 4960, 6810, 6808, 6809, 8282, 6807, 8283, 8570, 8569, 8568, 8569, 8613, 8596, 8613, 8594, 8596, 8599, 8597, 8606, 8680, 8641, 8686, 8680, 8686, 8780, 8679, 8622, 8688, 8626, 8627, 8625, 8190, 8189, 8187, 8187, 8189, 8184, 8189, 8515, 8492, 8823, 8829, 8564, 4626, 4628, 5405, 7493, 7494, 7364, 2794, 1098, 2779, 1098, 2795, 2779, 1102, 2775, 2776, 2775, 1101, 1161, 1114, 2797, 2803, 2935, 2806, 2804, 2806, 1114, 2803, 2806, 2803, 2804, 2774, 5943, 5941, 5943, 2834, 5941, 5941, 2834, 2832, 2834, 1316, 2832, 7992, 7837, 7978, 2785, 2798, 2784, 7703, 7705, 7704, 7705, 7702, 7704, 1507, 1506, 2218, 1501, 1508, 2004, 1508, 1505, 1509, 4957, 4955, 4961, 6816, 6814, 6810, 6807, 8282, 6809, 8380, 8485, 8379, 4062, 4068, 4063, 8594, 8590, 8593, 8594, 8595, 8590, 8591, 8597, 8599, 8609, 8801, 8606, 8609, 8671, 8801, 8780, 8686, 8687, 8686, 8679, 8687, 8679, 8688, 8687, 8622, 8690, 8688, 8683, 8624, 8682, 8704, 8491, 8773, 8491, 8190, 8773, 8189, 8183, 8184, 8189, 8492, 8183, 8851, 8830, 8829, 4626, 4592, 4628, 8851, 7328, 8830, 7328, 7329, 8830, 7126, 7283, 7159, 1294, 2967, 1318, 2793, 2794, 2781, 2794, 2779, 2780, 2795, 2778, 2779, 1161, 2774, 2773, 7837, 7839, 7978, 7837, 7821, 7839, 1503, 1501, 2004, 7704, 7699, 7700, 6816, 6810, 6818, 8319, 8326, 8324, 8326, 8380, 8379, 8590, 8588, 8591, 8671, 8680, 8663, 8680, 8780, 8663, 8687, 8688, 8689, 8690, 8682, 8693, 8626, 8704, 8639, 8830, 7329, 8826, 7329, 7277, 7334, 7141, 7142, 7277, 7142, 7141, 6982, 1102, 2776, 2778, 2775, 1161, 2773, 7494, 7978, 7565, 2831, 1316, 2938, 2798, 2810, 2809, 7821, 7816, 7817, 1955, 2137, 2333, 2333, 2137, 7726, 1760, 2253, 2243, 7199, 6977, 6975, 2282, 2284, 2290, 6977, 6880, 6975, 6810, 6811, 6818, 5448, 5519, 5522, 6809, 8282, 8280, 8282, 8283, 8281, 8283, 8319, 8281, 8326, 8379, 8324, 8569, 8596, 8558, 8801, 8671, 8660, 8682, 8624, 8630, 8624, 8625, 8630, 8625, 8627, 8628, 4121, 4109, 4125, 4121, 4125, 4124, 8626, 8639, 8627, 8704, 8773, 8639, 8492, 8564, 8493, 6954, 6955, 6982, 1297, 1303, 1313, 1293, 1297, 1305, 1294, 1293, 2914, 2967, 1294, 2914, 7364, 7363, 7283, 7364, 7494, 7363, 2962, 1318, 2967, 7494, 7491, 7363, 7494, 7565, 7491, 2781, 2794, 2780, 2810, 2935, 2807, 7821, 7817, 7839, 2333, 7726, 7742, 7742, 7726, 7707, 7726, 7703, 7707, 1654, 2218, 1496, 1486, 1487, 1986, 6975, 6880, 6887, 4960, 4959, 4968, 6858, 6828, 6857, 5424, 5433, 5519, 6810, 6809, 6811, 8281, 8319, 8324, 3922, 3926, 4058, 8485, 8568, 8420, 8568, 8569, 8558, 8596, 8594, 8593, 8591, 8599, 8602, 8599, 8606, 8817, 8817, 8606, 8801, 8671, 8663, 8660, 8663, 8780, 8669, 8780, 8687, 8724, 8687, 8697, 8724, 8687, 8689, 8697, 8689, 8690, 8691, 8688, 8690, 8689, 8691, 8690, 8693, 8693, 8682, 8630, 8630, 8625, 8628, 8773, 8190, 8187, 8187, 8184, 8185, 4570, 4129, 4434, 8564, 8753, 8493, 8564, 8829, 8753, 4628, 4592, 4611, 6955, 6956, 6957, 6956, 7159, 6957, 1305, 1297, 1313, 1293, 1305, 2913, 2914, 1293, 2913, 2797, 2793, 2763, 2763, 2793, 2781, 5941, 2832, 2801, 2832, 2831, 2801, 2799, 2798, 2809, 7817, 7816, 2769, 7816, 2786, 2769, 2769, 2785, 2761, 2786, 2785, 2769, 2785, 2784, 2761, 1654, 1496, 1652, 1484, 1505, 1508, 7700, 7699, 7698, 6857, 6828, 6829, 6828, 6816, 6829, 6816, 6818, 6821, 8280, 8282, 8281, 8379, 8485, 8420, 8780, 8724, 8669, 4177, 4130, 4053, 8628, 8627, 6064, 4570, 4434, 4565, 8492, 8493, 8183, 8829, 8830, 8753, 8830, 8826, 8753, 7329, 7334, 8826, 6982, 6955, 6984, 2781, 2780, 2651, 2779, 2778, 2777, 2778, 2776, 2777, 2776, 2775, 2646, 2774, 5941, 5939, 5939, 5941, 5940, 2935, 2804, 2807, 5941, 2801, 5940, 2801, 2831, 2800, 7839, 7817, 7827, 1955, 2333, 1949, 7703, 7706, 7707, 7703, 7704, 7706, 1493, 1502, 1503, 4960, 4968, 4970, 4960, 4970, 4971, 4961, 4971, 4972, 6829, 6816, 6822, 8281, 8324, 8325, 8324, 8379, 8378, 8420, 8568, 8343, 8568, 8558, 8343, 8558, 8596, 8604, 8596, 8593, 8604, 8697, 8689, 8692, 8691, 8693, 8694, 8693, 8630, 8694, 8694, 8630, 8702, 8702, 8630, 8631, 8630, 8628, 8631, 6064, 8627, 8629, 8627, 8639, 8629, 8639, 8773, 8503, 8773, 8187, 8503, 8185, 8184, 8181, 8826, 7334, 8825, 7334, 7277, 7322, 7277, 7142, 7322, 7283, 7363, 7278, 2775, 2773, 2647, 7491, 7565, 7968, 2803, 2797, 2763, 2780, 2779, 2642, 2777, 2776, 2645, 2773, 2774, 2650, 2804, 2771, 2807, 7978, 7839, 7968, 7839, 7827, 7968, 2761, 2784, 2783, 2784, 2799, 2783, 7730, 7742, 7707, 2333, 7742, 7730, 7706, 7704, 7700, 4969, 4985, 4984, 6887, 6880, 6859, 6880, 6857, 6859, 6822, 6816, 6821, 6811, 6809, 6819, 6809, 8280, 8278, 8324, 8338, 8325, 8324, 8378, 8338, 8593, 8590, 8592, 8602, 8599, 8813, 8813, 8599, 8817, 8817, 8801, 8665, 8801, 8660, 8665, 8629, 8639, 8640, 8639, 8503, 8640, 8187, 8185, 8503, 8184, 8183, 8181, 8493, 8753, 8552, 7142, 6982, 6984, 6955, 6957, 6984, 7159, 7283, 7278, 2938, 2962, 2956, 2763, 2781, 2640, 2640, 2781, 2651, 2780, 2642, 2651, 2642, 2779, 2643, 2643, 2779, 2777, 2775, 2647, 2646, 2773, 2650, 2647, 2774, 5939, 2650, 2771, 2803, 2763, 7817, 7818, 7827, 7817, 2769, 7818, 1949, 2333, 2036, 1483, 1496, 1506, 7698, 7199, 7701, 4972, 4973, 4979, 6819, 6809, 8278, 8379, 8420, 8378, 8813, 8817, 8816, 8817, 8665, 8816, 8665, 8660, 8658, 8660, 8663, 8655, 4028, 3875, 4031, 8663, 8669, 8655, 8724, 8697, 8698, 8697, 8692, 8698, 8689, 8691, 8692, 4050, 4047, 4057, 8631, 8628, 8642, 4161, 4411, 4055, 8183, 8182, 8181, 8493, 8552, 8186, 1305, 1313, 2936, 2911, 2914, 2913, 2962, 2914, 2911, 2962, 2911, 2956, 2777, 2644, 2643, 2777, 2645, 2644, 2645, 2776, 2646, 2771, 2763, 2770, 7968, 7827, 7967, 2809, 2807, 2808, 2799, 2809, 2808, 2783, 2799, 2808, 7818, 2769, 2760, 2769, 2761, 2760, 7730, 7707, 7708, 7707, 7706, 7708, 1495, 1652, 1496, 7706, 7700, 7811, 7700, 7701, 7811, 7701, 7199, 7139, 7199, 6975, 7139, 6821, 6818, 6820, 6818, 6811, 6820, 6811, 6819, 6820, 8378, 8420, 8343, 8507, 8558, 8604, 8558, 8507, 8343, 8656, 8669, 8810, 8669, 8724, 8810, 8724, 8698, 8810, 8698, 8692, 8696, 4031, 3880, 3882, 8692, 8691, 8696, 8691, 8694, 8695, 8702, 8631, 8643, 8643, 8631, 8642, 8628, 6063, 8642, 8628, 6064, 6063, 6064, 8629, 6054, 8629, 8640, 6054, 8503, 8185, 8388, 8183, 8186, 8182, 8183, 8493, 8186, 4611, 4559, 4594, 8753, 8826, 8768, 8826, 8825, 8768, 6957, 7159, 6986, 2913, 1305, 2912, 2912, 1305, 2936, 7278, 7363, 7360, 7363, 7491, 7360, 2772, 2771, 2770, 2807, 2771, 2772, 2782, 2801, 2800, 2760, 2761, 2758, 2761, 2783, 2758, 1486, 1476, 1487, 1476, 1475, 1487, 1487, 1475, 1488, 1491, 1489, 1492, 1492, 1480, 1493, 1479, 1485, 1493, 1481, 1484, 1485, 4984, 4987, 4986, 5451, 5536, 5433, 8281, 8325, 8287, 8325, 8338, 8287, 8604, 8593, 8603, 8593, 8592, 8603, 8592, 8590, 8591, 8655, 8669, 8656, 8691, 8695, 8696, 8684, 8694, 8702, 8684, 8702, 8643, 6064, 6054, 6053, 6054, 5655, 6053, 6054, 8640, 8754, 8753, 8768, 8552, 4632, 4594, 4623, 7322, 7142, 7323, 6984, 6957, 6985, 6957, 6986, 6985, 7491, 7510, 7360, 2763, 2640, 2648, 2651, 2642, 2637, 2642, 2643, 2641, 2801, 2782, 5940, 7827, 7842, 7967, 7818, 2760, 2759, 2760, 2758, 2759, 7759, 2036, 2333, 7759, 2333, 7730, 1652, 1495, 1650, 4971, 4970, 4978, 6829, 6822, 6830, 6822, 6821, 6830, 6819, 8278, 8274, 8280, 8279, 8278, 8280, 8281, 8279, 8281, 8287, 8286, 8604, 8603, 8507, 8816, 8665, 8670, 8665, 8666, 8670, 8665, 8658, 8666, 8810, 8698, 8811, 8811, 8698, 8696, 3883, 3881, 3884, 8696, 8695, 8699, 8642, 6063, 6065, 6063, 6053, 6055, 5655, 6054, 8754, 5655, 8754, 5642, 8640, 8503, 8754, 8388, 8185, 8386, 8185, 8180, 8386, 8185, 8181, 8180, 8181, 8182, 8180, 5261, 4632, 4623, 8825, 7334, 7355, 7355, 7334, 7322, 7323, 7142, 7172, 7142, 6984, 7172, 6984, 6985, 7093, 7159, 7278, 7194, 2913, 2912, 2911, 7491, 7967, 7510, 2637, 2642, 2641, 5939, 5940, 2650, 2036, 7759, 1947, 1922, 1913, 1914, 1913, 1908, 1914, 7708, 7706, 7712, 7139, 6975, 6976, 6975, 6887, 6889, 4970, 4986, 4978, 6857, 6829, 6859, 8286, 8287, 8331, 8287, 8338, 8331, 8331, 8338, 8323, 8338, 8378, 8323, 3870, 3871, 3543, 8591, 8602, 8600, 8615, 8813, 8814, 8602, 8813, 8615, 8813, 8816, 8814, 8810, 8811, 8656, 3883, 3884, 4474, 8699, 8695, 8806, 8806, 8695, 8684, 8684, 8642, 8644, 8642, 6065, 8644, 4414, 4437, 4412, 6053, 6052, 6055, 5652, 6052, 5655, 6052, 6053, 5655, 5652, 5655, 5642, 5652, 5642, 5623, 5642, 8754, 5646, 8754, 8503, 8387, 8503, 8388, 8387, 8180, 8182, 8179, 8552, 8768, 8547, 7159, 7194, 6986, 2770, 2763, 2648, 2651, 2637, 2640, 2643, 2644, 2478, 2647, 2650, 2634, 7967, 7842, 7873, 7842, 7818, 7825, 7759, 7730, 7713, 7730, 7708, 7713, 7706, 7811, 7712, 2254, 2311, 2253, 7811, 7701, 7715, 7701, 7139, 7715, 6975, 6889, 6976, 4986, 4987, 4978, 6830, 6821, 6831, 6820, 6819, 6846, 6819, 8274, 6846, 8281, 8286, 8279, 8241, 8343, 8341, 4020, 4172, 4216, 4020, 4216, 4019, 3543, 3876, 3560, 8600, 8602, 8615, 8816, 8670, 8814, 8658, 8660, 8655, 8656, 8811, 8804, 8696, 8804, 8811, 8804, 8696, 8805, 8696, 8699, 8805, 8805, 8699, 8806, 8649, 8684, 8644, 8806, 8684, 8649, 8644, 6065, 8645, 6065, 6055, 6061, 6055, 6060, 6061, 6055, 6052, 6056, 5652, 5623, 5641, 5623, 5642, 5640, 5640, 5642, 5646, 5646, 8387, 8781, 8754, 8387, 5646, 8388, 8386, 8387, 8182, 8186, 8179, 8768, 8825, 7355, 6984, 7093, 7172, 6986, 7194, 6987, 2929, 2936, 2951, 2912, 2936, 2929, 2956, 2911, 2901, 2637, 2641, 2639, 2645, 2646, 2636, 7510, 7967, 8010, 2650, 5940, 2649, 2649, 5940, 5942, 5940, 2782, 5942, 8010, 7967, 7873, 2783, 2808, 2753, 7818, 7819, 7825, 7818, 2759, 7819, 2758, 2783, 2737, 7713, 7708, 7712, 1908, 1912, 1911, 1495, 1512, 1648, 1495, 1494, 1512, 1477, 1480, 1489, 1479, 1481, 1485, 7715, 7139, 7140, 4978, 4987, 4989, 6887, 6859, 6867, 4978, 4982, 4981, 8274, 8278, 8276, 8278, 8279, 8276, 8323, 8378, 8241, 8378, 8343, 8241, 8343, 8507, 8342, 8603, 8592, 8605, 3560, 3876, 3561, 8592, 8600, 8601, 8592, 8591, 8600, 8656, 8804, 8657, 8804, 8805, 8657, 8805, 8649, 8657, 8805, 8806, 8649, 6052, 5652, 6051, 6159, 5647, 6266, 5640, 5646, 5637, 5646, 8781, 5637, 8387, 8385, 8781, 8387, 8386, 8385, 7322, 7323, 7355, 6985, 6986, 6987, 2901, 2911, 2897, 2648, 2640, 2493, 2640, 2637, 2638, 2641, 2488, 2639, 2644, 2645, 2478, 2646, 2647, 2636, 2636, 2647, 2634, 2634, 2650, 2649, 2753, 2808, 2792, 2737, 2783, 2753, 7819, 2759, 2744, 2744, 2758, 2731, 2759, 2758, 2744, 2758, 2737, 2731, 2311, 1844, 1845, 7139, 6976, 7140, 6821, 6820, 6831, 8279, 8286, 8300, 8286, 8331, 8300, 8300, 8331, 8323, 8343, 8342, 8341, 8507, 8351, 8342, 8507, 8603, 8351, 3996, 4217, 4172, 8592, 8601, 8605, 3561, 3581, 3562, 8655, 8656, 8652, 8656, 8657, 8652, 8649, 8644, 8645, 4442, 4441, 4470, 6065, 8646, 8645, 6065, 6067, 8646, 6065, 6061, 6067, 6058, 6060, 6056, 6058, 6056, 6057, 6155, 6153, 6267, 6155, 6139, 6153, 6153, 6139, 6140, 6139, 6129, 6140, 6057, 6056, 6052, 6141, 6062, 6051, 6062, 6057, 6051, 6057, 6052, 6051, 6268, 6267, 6266, 6153, 6140, 6159, 6141, 6051, 5650, 6267, 6153, 6159, 6140, 5651, 6159, 5651, 6140, 5650, 6140, 6141, 5650, 6267, 6159, 6266, 5650, 6051, 5641, 5651, 5639, 5647, 5639, 5651, 5618, 5651, 5650, 5618, 6266, 5647, 5643, 5647, 5639, 5643, 5650, 5641, 5618, 5641, 5615, 5618, 5615, 5641, 5616, 5641, 5623, 5616, 5639, 5618, 5613, 5616, 5623, 5617, 5643, 5639, 5614, 5639, 5613, 5614, 5623, 5640, 5617, 8386, 8180, 8385, 8186, 8552, 8349, 8552, 8547, 8349, 2912, 2929, 2897, 2901, 2897, 2898, 7510, 8010, 7359, 2640, 2638, 2493, 2770, 2648, 2496, 2772, 2770, 2633, 8010, 7873, 7862, 2792, 2808, 2790, 1947, 7759, 1951, 7713, 7712, 7717, 1471, 1489, 1470, 1464, 1482, 1481, 4989, 4988, 4993, 6889, 6887, 6867, 6859, 6829, 6848, 6820, 6846, 6847, 8351, 8603, 8521, 8603, 8605, 8521, 8615, 8544, 8600, 8814, 8560, 8544, 8814, 8670, 8560, 8652, 8657, 8649, 8645, 8646, 6068, 8646, 6067, 6068, 6155, 6127, 6139, 6139, 6127, 6129, 6072, 6059, 6057, 6059, 6058, 6057, 6129, 6062, 6140, 6140, 6062, 6141, 6062, 6072, 6057, 6268, 6155, 6267, 6268, 6266, 6273, 6273, 6266, 6276, 6266, 6271, 6276, 6266, 5643, 6271, 5643, 6272, 6271, 5613, 5618, 5611, 5618, 5615, 5611, 5643, 5638, 6272, 5643, 5614, 5638, 5617, 5640, 5637, 5638, 5614, 5609, 5614, 5605, 5609, 5614, 5613, 5605, 8385, 8188, 8781, 4591, 4616, 4622, 2950, 2956, 2901, 7510, 7359, 7360, 2637, 2639, 2638, 2633, 2770, 2496, 2772, 2633, 2790, 7873, 7842, 7862, 7842, 7825, 7862, 7819, 2744, 2730, 2744, 2731, 2730, 1951, 7759, 7776, 7712, 7812, 7717, 7811, 7715, 7712, 4978, 4989, 4982, 6829, 6830, 6848, 8276, 8279, 8285, 8279, 8300, 8285, 3996, 4228, 3572, 8600, 8544, 8561, 8655, 8652, 8654, 8649, 8645, 8648, 8648, 8645, 8647, 8645, 6068, 8647, 4442, 5457, 4468, 6127, 6122, 6129, 6152, 6127, 6155, 6122, 6128, 6129, 6128, 6062, 6129, 6128, 6072, 6062, 6152, 6155, 6268, 6269, 6268, 6277, 6268, 6273, 6277, 6273, 6276, 6614, 6272, 6274, 6271, 5611, 5615, 5612, 5615, 5616, 5612, 5616, 5617, 5612, 6272, 5638, 5610, 5638, 5609, 5610, 5613, 5611, 5605, 5617, 5637, 5619, 8385, 8180, 8188, 8188, 8180, 8178, 8768, 8725, 8547, 8768, 7355, 8725, 7355, 7323, 7354, 6985, 6987, 7092, 2895, 2897, 2929, 2648, 2493, 2495, 2643, 2478, 2641, 2645, 2476, 2478, 2476, 2645, 2477, 2645, 2636, 2477, 2636, 2634, 2479, 2787, 2932, 2813, 2782, 2787, 2749, 1951, 7776, 2040, 7776, 7759, 7760, 7759, 7713, 7760, 1471, 1477, 1489, 7712, 7715, 7812, 4982, 4992, 4981, 6859, 6848, 6862, 6830, 6831, 6851, 6831, 6820, 6852, 6820, 6847, 6852, 8274, 8276, 8273, 8300, 8323, 8299, 8323, 8241, 8377, 8342, 8351, 8228, 8521, 8605, 8562, 8605, 8601, 8562, 8601, 8600, 8562, 8600, 8561, 8562, 8560, 8670, 8667, 8670, 8666, 8667, 8654, 8652, 8653, 8652, 8651, 8653, 8652, 8649, 8651, 8651, 8649, 8650, 8650, 8649, 8648, 6068, 6067, 6066, 6152, 6121, 6127, 6121, 6122, 6127, 5457, 3624, 4468, 6128, 6070, 6072, 4468, 3624, 4469, 6152, 6268, 6269, 6277, 6273, 6613, 6613, 6273, 6614, 6276, 6271, 6615, 6615, 6271, 6616, 6271, 6274, 6616, 5611, 5612, 5608, 5608, 5612, 5607, 5612, 5617, 5607, 5607, 5617, 5619, 5605, 5611, 5608, 5609, 5605, 5604, 5619, 5637, 5620, 5620, 5637, 5644, 5637, 8781, 5644, 8781, 8798, 5644, 8781, 8188, 8798, 8178, 8180, 8179, 8179, 8186, 8349, 4591, 4610, 4616, 8725, 7355, 7354, 7323, 7172, 7284, 6985, 7092, 7093, 2886, 2901, 2898, 7278, 7360, 7359, 2950, 2901, 2886, 2496, 2648, 2764, 2764, 2648, 2495, 2639, 2488, 2490, 2750, 2782, 2749, 7825, 7826, 7862, 7819, 7820, 7826, 7820, 7819, 2730, 2731, 2737, 2728, 7761, 7713, 7717, 4995, 4996, 4993, 4982, 4989, 4992, 4981, 4992, 4998, 6848, 6830, 6850, 6855, 8274, 8273, 6846, 8274, 6855, 8273, 8276, 8277, 8276, 8285, 8277, 8285, 8300, 8299, 8299, 8323, 8377, 8241, 8341, 8228, 8341, 8342, 8228, 8562, 8561, 8233, 8561, 8544, 8250, 8544, 8560, 8553, 8658, 8655, 8654, 8647, 6074, 8648, 6121, 6120, 6122, 6120, 6123, 6122, 6123, 6124, 6128, 6123, 6128, 6122, 6128, 6124, 6070, 6124, 6071, 6070, 6270, 6152, 6269, 6071, 6069, 6070, 6269, 6277, 6605, 6277, 6607, 6605, 6277, 6613, 6607, 6614, 6615, 6450, 6274, 6272, 6275, 6272, 5610, 6275, 5605, 5602, 5604, 5605, 5608, 5602, 5608, 5607, 5602, 5602, 5607, 5601, 5603, 5619, 5620, 5607, 5619, 5603, 5609, 5604, 5610, 5610, 5604, 5606, 4447, 4389, 4556, 7354, 7323, 7284, 7172, 7093, 7181, 2897, 2895, 2894, 2932, 2950, 2813, 7359, 8010, 7538, 2638, 2639, 2492, 2488, 2641, 2487, 2487, 2641, 2478, 2634, 2649, 2484, 2649, 5942, 2484, 2484, 2782, 2750, 5942, 2782, 2484, 2792, 2790, 2762, 2040, 7776, 7762, 1646, 1648, 1511, 1648, 1512, 1511, 1471, 1466, 1477, 5408, 5453, 5450, 6847, 6846, 6855, 8273, 8277, 8291, 8277, 8285, 8299, 8299, 8377, 8298, 8228, 8351, 8229, 8351, 8521, 8229, 8521, 8562, 8230, 8561, 8250, 8233, 8250, 8544, 8543, 8544, 8553, 8543, 8666, 8658, 8667, 8658, 8654, 8659, 6120, 6124, 6123, 6126, 6071, 6124, 6068, 6066, 6069, 6607, 6613, 6580, 6580, 6614, 6450, 6580, 6613, 6614, 6608, 6450, 6615, 6615, 6616, 6608, 6274, 6275, 6617, 5607, 5603, 5601, 5606, 5604, 5598, 8798, 8188, 8710, 8178, 8179, 8177, 8179, 8349, 8177, 7172, 7181, 7284, 7093, 7092, 7181, 6987, 7194, 7078, 2929, 2930, 2895, 7278, 7359, 7220, 2493, 2638, 2492, 2636, 2479, 2477, 2634, 2482, 2479, 2632, 2633, 2496, 2762, 2790, 2633, 8010, 7862, 8011, 2753, 2792, 2791, 2737, 2753, 2741, 2730, 2731, 2728, 1473, 1472, 1475, 1469, 1471, 1470, 1461, 1462, 1478, 1462, 1512, 1478, 4994, 4989, 4993, 6831, 6852, 6851, 8291, 8277, 8293, 8277, 8299, 8293, 8299, 8298, 8293, 8241, 8228, 8231, 8521, 8230, 8229, 8230, 8562, 8233, 8543, 8553, 8483, 8553, 8560, 8674, 8560, 8667, 8674, 8667, 8658, 8659, 8651, 8650, 8676, 8676, 8650, 8675, 8650, 8648, 8675, 8648, 6080, 8675, 8648, 6074, 6080, 6125, 6124, 6120, 6125, 6126, 6124, 6148, 6152, 6270, 6571, 6269, 6605, 6605, 6607, 6606, 6603, 6607, 6580, 6603, 6580, 6449, 6449, 6580, 6450, 6608, 6616, 6617, 6617, 6644, 6608, 6617, 6275, 6279, 5610, 5606, 5634, 5610, 5634, 6275, 5604, 5602, 5598, 5598, 5602, 5599, 5602, 5601, 5599, 5644, 8798, 5645, 5645, 8798, 8710, 8188, 8178, 8710, 8348, 8349, 8120, 8349, 8547, 8120, 4621, 4616, 4610, 4624, 4616, 4621, 7092, 6987, 7079, 2895, 2930, 2915, 7278, 7220, 7194, 2886, 2898, 2894, 2639, 2490, 2492, 2634, 2484, 2482, 8010, 8011, 7538, 2633, 2632, 2762, 2484, 2750, 2833, 7862, 7826, 7863, 2753, 2791, 2741, 2728, 2737, 2741, 7820, 2730, 2729, 1950, 1923, 1952, 7776, 7760, 7762, 7761, 7717, 7778, 7717, 7812, 7778, 7812, 7715, 7716, 7715, 7140, 7162, 6976, 6889, 6888, 5453, 4928, 5537, 6847, 6855, 6853, 6855, 8273, 8271, 8273, 8291, 8275, 8654, 8653, 8664, 8653, 8651, 8664, 6080, 6074, 6073, 6148, 6119, 6121, 6119, 6120, 6121, 6075, 6073, 6071, 6568, 6270, 6569, 6569, 6269, 6571, 6270, 6269, 6569, 6571, 6606, 6646, 6571, 6605, 6606, 6603, 6449, 6444, 6449, 6450, 6443, 6608, 6451, 6450, 6608, 6644, 6451, 6275, 6278, 6279, 6275, 5634, 6278, 5606, 5598, 5596, 5599, 5601, 5595, 5601, 5600, 5595, 5601, 5603, 5600, 5603, 5621, 5600, 5603, 5620, 5621, 5620, 5644, 5621, 5644, 5645, 5621, 6987, 7078, 7079, 2730, 2728, 2729, 7162, 7140, 6979, 7140, 6976, 6979, 4993, 4996, 4997, 6888, 6889, 6867, 4992, 4999, 4998, 4992, 4994, 4999, 6830, 6851, 6850, 6851, 6852, 7462, 8273, 8275, 8271, 8291, 8293, 8292, 8293, 8298, 8292, 8231, 8228, 8226, 8228, 8229, 8227, 8229, 8230, 8227, 8233, 8250, 8232, 8250, 8543, 8372, 8543, 8483, 8372, 8674, 8667, 8672, 8659, 8654, 8661, 8661, 8654, 8664, 8676, 8675, 8703, 8675, 6080, 8703, 6080, 6076, 6079, 6077, 6076, 6075, 6076, 6073, 6075, 6076, 6080, 6073, 6606, 6603, 6444, 6444, 6449, 6443, 6443, 6450, 6440, 6450, 6451, 6440, 6644, 6617, 6618, 5634, 5606, 5596, 5596, 5598, 5594, 8178, 8176, 8710, 8178, 8177, 8176, 4621, 4610, 4620, 2894, 2895, 2876, 7359, 7538, 7358, 2496, 2764, 2495, 2487, 2478, 2486, 2749, 2813, 2788, 8011, 7862, 7863, 7863, 7826, 7835, 7762, 7760, 7761, 7716, 7715, 7162, 6979, 6976, 6888, 4993, 5001, 4994, 6852, 6847, 6853, 8275, 8291, 8288, 8292, 8298, 8320, 8298, 8321, 8320, 8377, 8241, 8321, 8321, 8241, 8242, 8228, 8227, 8226, 8227, 8233, 8232, 8230, 8233, 8227, 8674, 8672, 8677, 8667, 8659, 8668, 8664, 8651, 8678, 8651, 8676, 8678, 8676, 8703, 8678, 8703, 6080, 6081, 6080, 6079, 6081, 6117, 6101, 6125, 6148, 6270, 6147, 6077, 6078, 6076, 6078, 6079, 6076, 6646, 6606, 6446, 6606, 6444, 6446, 6618, 6279, 6619, 5599, 5595, 5594, 5600, 5621, 5622, 5621, 5645, 5622, 7354, 7284, 7351, 7284, 7181, 7182, 7181, 7092, 7182, 7078, 7194, 7220, 2886, 2894, 2876, 7220, 7359, 7358, 2495, 2493, 2464, 2488, 2489, 2490, 2488, 2487, 2486, 2479, 2482, 2481, 2484, 2485, 2482, 2788, 2813, 2928, 2833, 2750, 2748, 2750, 2749, 2748, 2958, 2729, 2717, 7820, 2729, 2958, 2729, 2728, 2717, 2040, 7762, 2336, 7762, 7761, 7763, 7763, 7761, 7777, 7761, 7778, 7777, 1646, 1511, 1643, 1438, 1468, 1467, 6867, 6862, 6863, 8275, 8288, 8271, 8291, 8292, 8288, 8298, 8377, 8321, 8242, 8241, 8222, 8241, 8231, 8222, 8232, 8250, 8369, 8250, 8372, 8369, 8372, 8483, 6250, 8483, 6253, 6250, 8483, 8674, 6253, 6259, 8674, 6716, 8674, 8677, 6716, 8667, 8668, 8672, 8659, 8662, 8668, 8659, 8661, 8662, 8661, 8664, 8678, 8678, 8703, 5692, 5692, 8703, 6081, 6147, 6116, 6119, 6101, 6078, 6077, 6558, 6270, 6568, 6147, 6270, 6558, 6451, 6644, 6487, 4403, 4451, 4406, 6279, 6280, 6619, 6279, 6278, 6280, 5634, 5596, 5624, 5634, 5624, 6278, 5596, 5590, 5624, 5596, 5594, 5590, 5590, 5594, 5592, 5594, 5595, 5592, 5595, 5600, 5592, 5645, 8710, 8510, 8710, 8176, 8510, 8177, 8173, 8176, 8177, 8348, 8173, 8173, 8348, 8120, 8725, 7354, 7407, 2875, 2886, 2876, 2496, 2495, 2465, 2492, 2491, 2462, 2492, 2490, 2491, 2484, 2833, 2485, 2762, 2632, 2471, 2632, 2496, 2471, 8011, 7863, 7612, 2741, 2791, 2743, 7820, 2958, 7835, 1643, 1511, 1644, 6888, 6867, 6863, 6850, 6851, 6866, 6851, 7526, 6866, 5453, 4921, 4924, 6853, 6855, 8271, 8292, 8294, 8288, 8292, 8320, 8294, 8320, 8317, 8294, 3579, 3606, 3558, 8226, 8227, 8225, 8369, 8372, 8370, 8372, 6250, 8370, 6252, 6259, 6716, 8678, 5692, 5690, 6081, 6079, 5693, 6115, 6114, 6117, 6117, 6102, 6101, 6102, 6082, 6101, 6082, 6078, 6101, 6078, 5693, 6079, 6568, 6569, 6570, 6569, 6645, 6570, 6446, 6444, 6442, 6444, 6443, 6442, 6443, 6440, 6441, 6440, 6435, 6441, 6440, 6451, 6438, 6451, 6487, 6438, 6644, 6610, 6487, 6644, 6618, 6610, 6618, 6619, 6610, 5622, 5645, 5625, 5645, 8510, 5649, 8120, 8547, 8118, 8547, 8725, 8118, 7407, 7354, 7351, 2876, 2895, 2873, 2873, 2895, 2915, 2495, 2464, 2465, 2464, 2493, 2463, 2493, 2492, 2462, 2488, 2486, 2489, 2476, 2477, 2475, 2477, 2479, 2475, 2479, 2474, 2475, 2479, 2481, 2480, 2762, 2471, 2547, 2748, 2749, 2747, 2791, 2762, 2547, 2717, 2728, 2701, 2701, 2728, 2698, 2728, 2741, 2698, 2336, 7762, 7764, 7762, 7763, 7764, 7778, 7716, 7777, 1433, 1465, 1431, 1433, 1434, 1465, 7778, 7812, 7716, 8271, 8267, 6853, 8271, 8288, 8272, 8272, 8294, 8295, 8288, 8294, 8272, 8294, 8317, 8295, 8317, 8320, 8321, 8222, 8231, 8226, 6262, 6252, 6711, 6252, 6716, 6711, 6716, 8677, 6720, 8677, 8672, 8711, 8672, 8668, 8681, 8681, 8668, 8673, 8668, 8662, 8673, 5692, 5693, 5691, 5692, 6081, 5693, 6147, 6108, 6116, 6116, 6108, 6115, 6108, 6114, 6115, 6082, 5693, 6078, 6567, 6568, 6570, 6558, 6568, 6567, 6570, 6645, 6602, 6442, 6443, 6441, 4472, 4259, 4471, 6619, 6280, 6620, 6280, 6278, 6281, 6278, 5624, 5630, 5590, 5592, 5591, 4394, 4399, 4384, 5600, 5622, 5625, 5625, 5645, 5649, 8510, 8176, 8174, 8176, 8173, 8174, 7079, 7078, 7077, 2489, 2486, 2466, 2479, 2480, 2474, 2482, 2485, 2481, 7863, 7835, 7867, 7835, 2958, 7836, 2698, 2741, 2712, 2712, 2741, 2743, 2958, 2717, 2702, 2717, 2701, 2702, 1979, 2336, 1980, 1645, 1763, 1764, 7777, 7716, 7558, 6862, 6848, 6863, 7526, 6851, 7462, 7462, 6852, 6854, 8271, 8272, 8267, 8225, 8227, 8232, 8370, 6250, 6260, 6711, 6716, 6720, 8677, 8711, 6720, 8672, 8681, 8714, 8661, 8678, 5686, 5686, 8678, 5690, 5690, 5691, 5689, 6083, 5691, 5693, 6108, 6106, 6114, 6106, 6087, 6114, 6114, 6087, 6102, 6087, 6083, 6082, 6083, 5693, 6082, 6645, 6445, 6602, 6645, 6446, 6445, 4471, 4259, 4257, 6435, 6440, 6438, 6619, 6620, 6610, 6280, 6281, 6620, 6278, 5630, 6281, 5591, 5592, 5593, 5624, 5591, 5630, 5624, 5590, 5591, 5593, 5592, 5597, 5592, 5600, 5597, 5600, 5625, 5597, 8118, 8725, 8541, 8725, 7407, 8541, 4620, 4590, 4627, 7351, 7284, 7285, 2873, 2915, 2916, 7220, 7358, 7338, 7358, 8011, 7612, 2478, 2476, 2468, 2481, 2485, 2483, 2493, 2462, 2463, 2471, 2496, 2469, 7716, 7469, 7558, 6979, 6888, 6961, 5001, 5002, 3226, 4994, 5001, 3230, 4994, 3230, 4999, 6848, 6850, 6864, 6852, 6853, 6854, 3915, 3914, 4166, 8272, 8268, 8267, 8272, 8295, 8268, 8295, 8296, 8268, 8295, 8317, 8296, 8226, 8225, 8224, 8225, 8232, 8237, 8232, 8369, 8366, 6248, 6262, 6251, 6262, 6711, 6710, 6711, 6720, 6718, 6720, 8711, 6718, 8711, 8672, 8713, 8681, 8673, 8700, 8662, 8661, 5686, 6106, 6088, 6087, 3475, 3375, 3458, 6146, 6108, 6147, 6556, 6147, 6558, 6146, 6147, 6556, 6567, 6570, 6602, 6445, 6446, 6442, 6442, 6441, 6430, 4471, 4257, 4256, 6438, 6487, 6439, 6487, 6610, 6439, 6281, 5630, 6282, 5591, 5593, 5626, 8174, 8173, 8116, 7092, 7079, 7094, 7079, 7077, 7094, 2875, 2876, 2872, 2491, 2490, 2466, 2490, 2489, 2466, 2466, 2486, 2467, 2486, 2468, 2467, 2486, 2478, 2468, 2468, 2476, 2475, 2788, 2928, 2789, 2496, 2465, 2469, 2485, 2833, 2424, 2833, 2748, 2424, 2747, 2788, 2789, 7612, 7863, 7867, 1980, 2336, 1973, 7716, 7162, 7161, 6890, 6888, 6863, 6854, 6853, 6861, 6853, 8267, 8261, 8267, 8268, 8265, 8317, 8354, 8318, 8317, 8321, 8354, 3558, 3596, 3519, 8232, 8366, 8237, 3479, 3450, 3590, 8369, 8370, 8366, 6251, 6262, 6712, 6262, 6710, 6712, 6710, 6711, 6713, 6711, 6718, 6713, 8672, 8714, 8713, 8700, 8673, 8726, 8673, 5680, 8726, 8673, 8662, 5680, 8662, 5686, 5680, 5690, 5689, 5688, 6088, 6084, 6087, 6083, 5689, 5691, 6146, 6109, 6108, 6108, 6107, 6106, 6109, 6107, 6108, 6556, 6558, 6557, 6558, 6567, 6566, 6567, 6600, 6566, 6602, 6448, 6600, 6602, 6445, 6448, 6620, 6281, 6621, 6281, 6282, 6621, 5591, 5626, 5628, 5591, 5628, 5630, 5597, 5625, 5631, 5625, 5649, 5636, 5649, 8510, 8785, 8173, 8120, 8116, 7358, 7612, 7415, 2462, 2491, 2461, 2491, 2466, 2461, 7867, 7835, 7864, 7835, 7836, 7864, 2712, 2743, 2711, 1973, 2336, 7779, 7763, 7777, 7613, 1447, 1644, 1460, 7469, 7716, 7161, 6961, 6888, 6890, 4999, 3230, 5006, 6863, 6848, 6865, 6865, 6848, 6864, 6850, 6866, 6864, 7526, 7462, 7454, 5410, 4917, 4921, 7462, 6854, 7454, 4921, 4922, 4924, 5473, 5472, 5471, 8268, 8296, 8265, 8317, 8318, 8296, 8225, 8237, 8234, 8366, 8370, 8371, 8370, 6260, 6265, 6260, 6249, 6256, 8714, 8681, 8797, 8681, 8700, 8797, 5686, 5684, 5680, 5686, 5688, 5684, 5688, 5689, 5687, 6084, 5689, 6083, 6557, 6558, 6566, 6566, 6600, 6599, 6448, 6445, 6447, 6447, 6445, 6430, 6445, 6442, 6430, 6610, 6621, 6612, 6610, 6620, 6621, 4384, 4399, 4382, 6282, 5630, 6283, 5628, 5626, 5629, 5626, 5593, 5627, 5593, 5597, 5627, 5597, 5631, 5627, 5625, 5636, 5631, 8785, 8510, 8511, 8510, 8174, 8511, 8116, 8120, 8118, 4546, 4544, 4545, 4627, 4590, 4596, 7285, 7284, 7182, 7094, 7077, 7095, 7077, 7078, 7076, 7078, 7220, 7076, 2928, 2875, 2874, 2547, 2471, 2470, 2471, 2469, 2470, 7612, 7867, 7611, 7611, 7867, 7864, 7836, 2958, 7838, 7838, 2702, 2732, 2958, 2702, 7838, 2702, 2700, 2732, 2702, 2701, 2700, 2336, 7765, 7779, 2336, 7764, 7765, 7764, 7763, 7765, 7613, 7777, 7558, 1430, 1432, 1431, 1432, 1433, 1431, 7161, 7162, 6961, 7162, 6979, 6961, 6866, 7526, 7454, 6861, 6853, 8260, 6853, 8261, 8260, 8267, 8265, 8261, 8265, 8296, 8297, 8296, 8318, 8297, 8237, 8366, 8367, 8370, 6265, 8371, 6251, 6254, 6247, 6254, 6251, 6264, 6251, 6712, 6264, 6247, 6256, 6249, 6712, 6710, 6714, 6710, 6717, 6714, 6710, 6713, 6717, 6713, 6718, 6717, 6718, 8711, 6717, 8711, 8713, 8712, 8797, 8700, 8726, 5688, 5687, 5684, 6142, 6110, 6109, 6110, 6107, 6109, 6110, 6111, 6107, 6107, 6118, 6088, 6557, 6566, 6599, 6600, 6448, 6599, 6447, 6430, 6454, 6430, 6441, 6434, 6441, 6435, 6434, 6435, 6438, 6437, 6438, 6439, 6437, 6610, 6612, 6439, 4382, 4399, 4400, 6283, 5630, 5635, 5630, 5628, 5635, 5626, 5627, 5629, 5649, 8785, 5636, 4596, 4590, 4534, 7407, 7351, 7285, 7182, 7092, 7094, 7220, 7338, 7219, 2875, 2872, 2874, 7415, 7612, 7611, 2469, 2465, 2458, 2465, 2464, 2458, 2475, 2474, 2419, 2480, 2481, 2421, 2743, 2547, 2498, 7864, 7836, 7843, 3227, 3226, 3225, 6890, 6863, 6876, 5410, 5402, 4917, 3915, 4166, 3934, 8265, 8297, 8270, 8270, 8297, 8318, 3890, 3904, 4007, 8321, 8242, 8389, 8222, 8226, 8224, 8224, 8225, 8223, 8225, 8234, 8223, 8366, 8371, 8504, 6254, 6264, 6257, 6265, 6256, 6261, 6264, 6712, 6715, 6712, 6714, 6715, 6714, 6717, 6721, 6717, 8712, 6721, 6717, 8711, 8712, 8712, 8713, 8714, 5680, 5684, 5679, 5685, 5684, 5687, 6085, 5687, 6084, 6111, 6118, 6107, 6088, 6085, 6084, 6554, 6556, 6555, 6555, 6557, 6572, 6556, 6557, 6555, 6557, 6599, 6572, 6599, 6448, 6452, 6452, 6448, 6447, 6434, 6435, 6431, 6437, 6439, 6453, 6621, 6622, 6612, 6621, 6282, 6622, 6282, 6283, 6622, 7182, 7094, 7204, 7076, 7220, 7219, 7358, 7415, 7338, 2458, 2464, 2457, 2464, 2463, 2457, 2457, 2463, 2459, 2463, 2462, 2459, 2462, 2461, 2459, 2461, 2460, 2459, 2461, 2466, 2460, 2467, 2468, 2413, 2481, 2483, 2422, 2483, 2485, 2424, 2547, 2470, 2498, 7836, 7838, 7843, 7779, 7765, 7780, 7763, 7613, 7765, 1644, 1447, 1444, 6961, 6890, 6896, 6896, 6890, 6876, 8260, 8261, 8262, 8261, 8265, 8264, 3915, 3934, 3933, 8265, 8270, 8264, 3441, 3607, 3383, 3383, 3385, 3265, 8366, 8504, 8367, 8371, 6265, 6263, 6261, 6256, 6255, 6264, 6715, 6257, 6715, 6714, 6721, 8712, 8714, 5683, 8797, 8726, 5674, 8726, 5680, 5674, 5679, 5684, 5677, 5684, 5685, 5677, 6085, 5685, 5687, 6142, 6556, 6151, 6092, 6088, 6118, 6572, 6599, 6601, 6601, 6599, 6452, 6447, 6455, 6452, 6454, 6430, 6429, 6430, 6424, 6429, 6430, 6434, 6424, 6439, 6612, 6581, 6283, 5635, 6624, 5635, 5628, 5633, 5636, 5654, 5648, 5636, 8785, 5654, 8511, 8174, 8512, 2468, 2475, 2415, 2480, 2421, 2474, 2481, 2422, 2421, 2748, 2747, 2628, 2701, 2698, 2700, 2698, 2712, 2711, 1973, 7779, 1972, 7765, 7613, 7618, 3227, 3225, 3229, 5004, 5006, 5011, 6866, 6891, 6864, 8261, 8264, 8262, 4032, 4212, 3999, 8264, 8270, 8269, 8270, 8318, 8269, 3890, 4007, 4012, 3569, 3605, 3552, 8354, 8321, 8355, 8355, 8321, 8389, 3265, 3385, 3302, 8234, 8237, 8236, 8504, 8371, 8505, 8371, 6263, 8505, 6257, 6715, 6719, 6719, 6715, 6722, 6715, 6721, 6722, 6721, 8755, 6722, 6721, 8712, 8755, 8712, 5683, 8715, 8714, 5682, 5683, 8714, 8797, 5682, 3329, 3314, 3292, 8797, 5674, 5682, 5680, 5679, 5674, 5681, 5685, 6085, 5681, 5677, 5685, 6110, 6112, 6111, 6112, 6113, 6111, 6113, 6092, 6111, 6555, 6572, 6601, 6455, 6447, 6433, 6447, 6454, 6433, 6424, 6434, 6423, 6434, 6431, 6423, 6431, 6435, 6436, 6435, 6437, 6436, 6612, 6626, 6581, 6612, 6622, 6626, 6622, 6283, 6623, 6283, 6624, 6623, 5633, 5628, 5632, 5628, 5629, 5632, 5629, 5627, 6228, 5627, 5631, 6227, 5631, 5648, 6227, 5631, 5636, 5648, 8785, 8511, 8512, 8512, 8174, 8175, 8174, 8116, 8175, 8116, 8118, 8117, 8118, 8541, 8117, 8117, 8541, 8419, 7182, 7204, 7279, 7095, 7077, 7075, 7077, 7076, 7075, 2873, 2902, 2893, 2861, 2873, 2893, 2872, 2873, 2861, 2468, 2415, 2413, 2419, 2474, 2421, 2747, 2789, 2751, 2424, 2748, 2628, 6876, 6863, 6875, 6863, 6865, 6875, 7454, 6854, 6877, 6854, 6861, 6877, 8262, 8264, 8266, 8264, 8269, 8266, 8269, 8318, 8289, 8223, 8234, 8235, 8236, 8367, 8368, 8237, 8367, 8236, 8368, 8367, 8769, 8367, 8760, 8769, 8367, 8759, 8760, 8759, 8504, 8505, 6258, 6719, 8792, 6719, 6722, 8792, 8755, 8712, 8715, 6113, 6086, 6092, 6151, 6556, 6554, 6555, 6601, 6560, 6433, 6454, 6429, 4248, 4247, 4461, 6453, 6439, 6476, 6439, 6494, 6476, 6439, 6581, 6494, 6622, 6623, 6626, 5632, 5629, 6228, 6228, 5627, 6227, 8541, 7407, 8546, 8546, 7407, 7404, 7407, 7285, 7404, 7182, 7279, 7285, 2874, 2872, 2862, 2862, 2872, 2861, 7338, 7415, 7333, 2466, 2467, 2460, 2470, 2469, 2425, 2628, 2747, 2627, 7611, 7864, 7628, 7843, 7838, 7844, 2732, 2700, 2695, 2700, 2698, 2695, 7613, 7558, 7559, 3225, 3226, 1851, 3230, 3229, 3219, 6861, 8260, 8251, 8260, 8263, 8251, 8260, 8262, 8263, 8318, 8354, 8289, 8389, 8242, 8219, 8242, 8222, 8219, 8222, 8224, 8223, 8235, 8234, 8236, 8759, 8505, 8760, 8505, 6263, 8793, 6722, 8755, 8787, 8715, 5683, 8716, 5682, 5674, 5672, 5674, 5673, 5672, 5673, 5674, 5677, 6151, 6104, 6110, 6104, 6112, 6110, 6086, 5681, 6085, 6151, 6554, 6105, 6554, 6555, 6552, 6555, 6560, 6552, 6560, 6601, 6530, 6530, 6601, 6452, 6530, 6452, 6396, 6396, 6452, 6457, 6452, 6455, 6457, 3524, 3389, 3523, 3524, 3390, 3389, 6423, 6431, 6427, 6427, 6431, 6436, 7076, 7219, 7080, 7219, 7338, 7333, 7415, 7424, 7333, 2475, 2419, 2415, 2422, 2483, 2424, 2789, 2927, 2751, 2469, 2458, 2405, 2498, 2470, 2427, 2424, 2628, 2624, 7628, 7864, 7866, 2711, 2743, 2746, 7845, 2732, 2733, 7838, 2732, 7845, 2732, 2695, 2733, 2695, 2698, 2683, 1794, 1795, 1804, 6961, 6896, 6938, 6865, 6864, 6874, 6861, 8251, 8249, 8263, 8262, 8316, 8262, 8266, 8316, 8266, 8269, 8289, 8289, 8354, 8356, 3297, 3385, 3597, 8236, 8368, 8373, 8769, 8760, 8761, 8793, 8792, 8788, 8792, 6722, 8787, 3259, 3267, 3257, 8715, 8716, 8721, 6089, 5675, 5681, 5675, 5678, 5681, 6104, 6151, 6105, 6552, 6560, 6551, 4461, 4247, 4241, 6437, 6453, 6436, 6228, 6227, 6222, 5648, 5654, 6245, 5654, 8785, 8729, 7404, 7285, 7279, 2469, 2405, 2425, 2460, 2467, 2416, 2467, 2413, 2416, 2470, 2425, 2427, 7779, 7780, 7782, 7618, 7613, 7559, 7558, 7469, 7160, 6866, 7454, 7481, 6877, 6861, 6878, 8316, 8266, 8290, 8266, 8289, 8290, 8290, 8289, 8357, 3544, 3605, 3610, 8356, 8354, 8355, 8222, 8223, 8221, 8235, 8236, 8373, 8760, 8505, 8761, 8505, 8793, 8770, 8793, 8788, 8770, 8792, 8787, 8788, 8787, 8755, 8722, 8755, 8721, 8722, 8755, 8715, 8721, 8716, 5683, 5676, 5672, 5683, 5682, 5671, 5673, 5675, 6103, 6090, 6089, 6105, 6554, 6100, 6559, 6560, 6530, 6551, 6560, 6559, 6457, 6455, 6456, 6455, 6433, 6456, 6433, 6429, 6425, 6424, 6423, 6422, 6436, 6453, 6477, 6581, 6626, 6611, 6626, 6627, 6611, 5635, 5633, 5653, 5632, 6228, 6223, 6228, 6222, 6223, 6224, 5648, 6245, 6227, 5648, 6224, 8785, 8512, 8729, 8541, 8546, 8419, 7094, 7095, 7173, 2893, 2902, 2896, 2407, 2459, 2409, 2457, 2459, 2407, 2459, 2460, 2409, 2460, 2416, 2417, 2422, 2424, 2423, 2424, 2624, 2423, 7864, 7843, 7866, 7843, 7844, 7866, 1972, 7782, 1981, 1972, 7779, 7782, 1635, 1444, 1459, 7558, 7160, 7559, 7469, 7161, 7160, 3219, 3229, 3214, 6875, 6865, 6874, 6874, 6864, 6891, 7454, 6877, 7481, 8263, 8254, 8251, 8263, 8316, 8254, 8316, 8290, 8254, 8357, 8289, 8356, 4010, 4159, 4202, 8221, 8223, 8238, 8373, 8421, 8235, 8373, 8368, 8796, 8881, 8876, 8877, 8881, 8877, 8885, 8788, 8787, 8723, 8787, 8722, 8723, 6090, 6091, 5675, 6091, 5671, 5675, 6096, 6105, 6100, 6553, 6554, 6552, 6100, 6554, 6553, 6574, 6559, 6530, 6574, 6530, 6394, 6530, 6396, 6394, 6396, 6457, 6460, 6433, 6425, 6432, 6453, 6476, 6477, 6494, 6581, 6611, 6623, 6624, 6625, 6624, 6229, 6625, 6624, 5635, 6229, 5635, 5653, 6229, 6222, 6227, 6224, 5633, 6223, 5653, 8512, 8175, 8729, 7075, 7076, 7066, 2458, 2457, 2405, 2405, 2457, 2407, 2460, 2417, 2409, 2415, 2419, 2418, 2419, 2421, 2420, 2627, 2751, 2625, 2711, 2746, 2720, 7845, 2733, 2682, 2733, 2695, 2682, 7780, 7765, 7781, 7161, 6983, 7160, 7161, 6961, 6983, 1851, 1833, 3224, 3229, 3225, 3224, 3219, 3214, 3212, 6866, 7481, 6891, 6878, 6861, 8249, 8251, 8254, 8253, 8290, 8259, 8254, 3999, 4212, 4211, 8290, 8303, 8259, 8290, 8358, 8303, 8290, 8357, 8358, 8357, 8356, 8358, 8238, 8223, 8235, 8772, 8761, 8771, 8769, 8761, 8772, 8771, 8761, 8770, 8770, 8761, 8505, 8881, 8885, 8883, 8722, 8721, 8718, 8721, 8716, 8718, 6429, 6424, 6425, 6623, 6625, 6628, 5654, 8729, 8774, 8116, 8117, 8115, 7204, 7094, 7173, 2856, 2861, 2893, 2862, 2861, 2857, 7424, 7611, 7416, 2421, 2422, 2420, 2498, 2427, 2542, 2628, 2627, 2622, 2746, 2498, 2542, 7844, 7845, 7846, 2683, 2711, 2705, 2682, 2695, 2683, 7782, 7780, 7781, 7765, 7615, 7781, 7765, 7618, 7615, 7618, 7559, 7615, 1386, 1427, 1388, 6961, 6938, 6983, 3229, 3224, 3228, 8249, 8251, 8252, 8254, 8258, 8253, 8254, 8259, 8258, 8356, 8355, 8359, 8219, 8222, 8221, 8422, 8421, 8373, 8373, 8796, 8422, 8796, 8772, 8422, 5676, 5672, 5669, 6098, 6100, 6553, 6553, 6552, 6550, 6550, 6552, 6551, 6456, 6433, 6432, 6425, 6424, 6422, 6422, 6423, 6421, 6423, 6427, 6421, 6436, 6477, 6427, 4444, 4241, 4246, 6477, 6476, 6478, 6476, 6494, 6478, 6611, 6627, 6628, 6223, 6222, 6220, 6224, 6245, 6244, 5653, 6223, 6226, 6245, 5654, 6244, 5654, 8774, 6244, 8175, 8116, 8114, 8116, 8115, 8114, 8419, 8546, 8545, 8546, 7404, 8545, 2857, 2861, 2856, 2417, 2416, 2412, 2418, 2419, 2353, 2419, 2420, 2353, 2624, 2628, 2623, 2623, 2628, 2622, 2622, 2627, 2625, 7628, 7866, 7865, 7866, 7844, 7865, 7844, 7846, 7865, 7846, 7845, 7847, 7845, 2682, 7847, 8251, 8253, 8252, 3999, 4001, 4000, 3999, 4211, 4001, 8259, 8303, 8302, 8303, 8358, 8302, 8358, 8356, 8359, 8235, 8421, 8423, 8421, 8422, 8750, 8772, 8771, 8422, 8795, 8770, 8794, 8883, 8885, 8886, 8885, 8880, 8886, 8885, 8877, 8880, 8723, 8722, 8719, 8722, 8718, 8719, 8716, 5676, 8717, 6094, 6093, 6090, 6098, 6097, 6095, 6097, 6094, 6095, 6550, 6551, 6535, 6394, 6396, 6395, 6396, 6460, 6395, 6457, 6456, 6458, 6478, 6494, 6504, 6223, 6220, 6221, 6224, 6244, 6225, 8117, 8419, 8115, 7404, 7279, 7280, 7279, 7204, 7173, 7080, 7219, 7205, 2893, 2896, 2856, 2926, 2927, 2857, 2416, 2413, 2412, 7416, 7628, 7589, 7589, 7628, 7634, 7628, 7865, 7634, 1632, 1634, 1459, 1641, 1852, 1873, 6896, 6876, 6893, 6906, 6877, 6878, 6906, 7481, 6877, 8252, 8253, 8255, 8253, 8256, 8255, 8253, 8258, 8256, 3936, 3939, 3938, 8258, 8259, 8256, 8302, 8358, 8360, 8358, 8359, 8360, 3593, 3611, 3555, 8750, 8422, 8739, 8422, 8820, 8739, 8422, 8771, 8820, 8770, 8790, 8794, 8889, 8881, 8882, 8770, 8788, 8790, 8881, 8883, 8882, 8790, 8788, 8789, 8723, 8719, 8789, 8719, 8718, 8717, 8718, 8716, 8717, 5676, 5669, 5666, 6157, 6098, 6553, 6099, 6098, 6157, 6535, 6551, 6559, 6395, 6460, 6459, 6456, 6475, 6461, 6456, 6432, 6475, 6425, 6426, 6432, 6426, 6425, 6422, 6494, 6611, 6504, 6229, 5653, 6226, 6222, 6219, 6220, 6222, 6224, 6219, 6224, 6225, 6219, 8774, 8729, 8528, 8729, 8175, 8528, 7280, 7279, 7173, 7219, 7333, 7205, 7333, 7424, 7416, 2805, 2625, 2926, 2405, 2407, 2404, 2409, 2417, 2408, 2417, 2412, 2408, 2412, 2413, 2414, 2413, 2415, 2414, 2423, 2624, 2623, 7847, 2682, 2680, 2682, 2683, 2681, 6899, 6896, 6893, 6938, 6896, 6899, 8256, 8259, 8301, 8259, 8302, 8301, 8302, 8304, 8301, 8302, 8305, 8304, 8302, 8360, 8305, 8355, 8389, 8390, 8747, 8421, 8750, 8747, 8750, 8739, 8739, 8820, 8777, 8820, 8795, 8777, 8820, 8771, 8795, 8795, 8794, 8819, 8871, 8873, 8872, 8872, 8873, 8878, 8788, 8723, 8789, 8717, 5676, 5663, 5676, 5666, 5661, 6130, 6099, 6132, 6502, 6553, 6550, 6157, 6553, 6502, 6559, 6574, 6573, 6574, 6394, 6573, 6457, 6458, 6460, 6458, 6456, 6461, 6427, 6479, 6421, 6427, 6477, 6479, 6504, 6611, 6643, 6611, 6628, 6643, 8175, 8114, 8528, 8419, 8545, 8400, 7404, 7280, 7410, 2856, 2896, 2841, 2405, 2404, 2406, 2407, 2409, 2404, 2409, 2408, 2404, 2415, 2418, 2414, 2418, 2352, 2414, 2418, 2353, 2352, 2542, 2427, 2426, 2427, 2425, 2426, 2746, 2542, 2499, 2720, 2746, 2499, 2682, 2681, 2680, 2681, 2683, 2687, 2683, 2705, 2687, 3224, 1827, 3223, 3224, 3223, 3228, 8249, 8252, 8315, 8255, 8256, 8257, 8256, 8301, 8257, 8305, 8360, 8310, 8359, 8355, 8390, 8221, 8238, 8244, 8423, 8803, 8238, 8777, 8795, 8819, 8777, 8819, 8749, 8889, 8882, 8888, 8882, 8884, 8888, 8882, 8883, 8884, 8883, 8886, 8884, 8886, 8880, 8884, 8790, 8789, 8791, 6157, 6132, 6099, 6550, 6535, 6502, 6535, 6559, 6573, 6573, 6394, 6380, 6394, 6395, 6393, 6395, 6459, 6393, 6459, 6460, 6458, 6643, 6628, 6633, 6633, 6628, 6631, 6628, 6629, 6631, 6229, 6226, 6216, 6226, 6221, 6216, 8115, 8419, 8400, 5128, 5278, 5268, 7066, 7080, 7068, 7080, 7122, 7068, 7080, 7205, 7122, 2926, 2857, 2840, 2425, 2405, 2406, 2625, 2805, 2631, 2687, 2705, 2720, 7782, 7781, 7783, 7781, 7615, 7783, 1966, 1446, 1445, 7160, 6983, 7102, 8255, 8257, 8340, 3435, 3444, 3501, 8389, 8219, 8390, 8747, 8739, 8740, 8739, 8777, 8736, 8777, 8749, 8736, 8819, 8794, 8749, 8738, 8790, 5938, 8794, 8790, 8738, 8884, 8880, 8887, 8887, 8878, 8879, 8880, 8878, 8887, 8790, 8791, 5938, 8789, 8719, 8791, 8717, 5663, 5664, 5663, 5661, 5658, 6145, 6132, 6157, 6145, 6157, 6502, 6502, 6535, 6503, 6380, 6394, 6393, 6475, 6432, 6426, 6479, 6477, 6478, 6221, 6220, 6215, 6225, 6244, 6241, 6243, 6244, 8807, 6244, 8774, 8807, 8528, 8114, 8079, 8545, 7404, 7410, 4618, 4522, 4619, 7280, 7281, 7410, 7280, 7173, 7281, 7075, 7066, 7067, 2839, 2926, 2840, 2426, 2425, 2406, 7865, 7846, 7872, 2720, 2499, 2735, 1981, 7782, 2198, 7559, 7160, 7466, 6876, 6892, 6893, 6876, 6875, 6892, 6875, 6907, 6892, 6875, 6874, 6907, 8252, 8255, 8476, 8301, 8304, 8257, 8359, 8361, 8360, 8359, 8390, 8361, 8390, 8219, 8215, 8803, 8747, 8746, 8740, 8739, 8735, 8739, 8736, 8735, 8738, 8749, 8794, 8749, 8738, 8736, 8888, 8884, 8887, 5938, 8791, 6050, 8791, 6049, 6050, 8791, 8719, 8720, 8720, 8719, 5664, 8719, 8717, 5664, 5664, 5663, 5658, 6133, 6134, 6135, 6145, 6134, 6132, 6145, 6502, 6500, 6461, 6475, 6467, 6422, 6421, 6419, 6421, 6479, 6420, 4464, 4258, 4245, 6629, 6625, 6232, 6625, 6229, 6232, 6219, 6241, 6217, 6219, 6225, 6241, 6241, 6244, 6243, 8774, 8528, 8529, 8079, 8114, 8078, 2841, 2896, 2900, 7589, 7634, 7392, 2404, 2408, 2343, 2412, 2414, 2339, 2353, 2420, 2358, 2420, 2422, 2359, 2423, 2456, 2360, 2423, 2623, 2456, 2623, 2622, 2456, 2622, 2625, 2620, 2680, 2681, 2675, 2675, 2681, 2678, 2681, 2687, 2678, 7782, 7783, 7784, 1631, 1632, 1373, 7615, 7559, 7586, 7466, 7160, 7211, 7160, 7102, 7211, 6983, 6938, 6899, 6874, 6891, 7214, 6891, 7481, 7516, 6878, 8249, 8248, 8248, 8249, 8315, 8315, 8252, 8476, 8476, 8255, 8454, 8454, 8255, 8456, 8255, 8340, 8456, 8340, 8339, 8477, 8340, 8257, 8339, 8304, 8305, 8306, 8305, 8310, 8306, 8310, 8360, 8361, 8215, 8219, 8218, 8219, 8221, 8218, 8221, 8244, 8218, 8244, 8238, 8506, 5910, 5938, 5937, 5938, 6050, 6042, 6050, 6049, 6042, 8791, 8720, 6049, 6135, 6137, 6133, 6145, 6500, 6165, 6144, 6134, 6145, 5657, 5660, 5656, 6502, 6503, 6501, 6503, 6535, 6380, 6459, 6458, 6462, 6475, 6426, 6492, 6421, 6420, 6419, 6630, 6631, 6629, 6232, 6229, 6216, 6220, 6219, 6218, 6219, 6217, 6218, 6216, 6221, 6215, 4326, 4391, 4392, 8528, 8079, 8529, 8115, 8400, 8119, 7173, 7095, 7133, 7095, 7075, 7133, 7416, 7589, 7392, 2408, 2339, 2343, 2408, 2412, 2339, 2414, 2352, 2341, 2422, 2360, 2359, 2422, 2423, 2360, 7392, 7634, 7635, 2406, 2404, 2363, 2456, 2622, 2621, 2620, 2625, 2631, 2621, 2622, 2620, 7847, 2680, 2725, 2680, 2676, 2725, 2680, 2675, 2676, 2198, 7782, 7784, 7616, 7615, 7586, 7559, 7466, 7586, 6983, 6899, 7102, 3228, 3223, 3217, 6874, 7214, 6907, 7214, 6891, 7516, 8315, 8476, 8454, 8257, 8307, 8339, 4001, 4214, 4137, 8306, 8310, 8364, 8310, 8361, 8364, 8361, 8390, 8494, 8506, 8238, 8803, 8740, 8741, 8746, 8740, 8735, 8741, 8736, 8738, 8737, 8738, 5910, 8737, 5909, 5910, 5937, 5937, 6046, 5909, 5937, 5938, 6042, 5937, 6042, 6046, 6049, 8720, 5695, 5695, 8720, 5662, 8720, 5664, 5662, 6047, 6137, 6135, 5662, 5664, 5658, 6043, 6143, 6137, 6143, 6043, 6160, 6459, 6462, 6393, 6458, 6461, 6462, 6461, 6467, 6462, 6426, 6422, 6428, 6633, 6631, 6630, 6630, 6629, 6232, 6215, 6220, 6218, 6241, 6243, 6235, 8078, 8114, 8113, 8114, 8115, 8113, 7410, 7281, 7409, 7174, 7173, 7133, 7075, 7067, 7133, 2841, 2900, 2899, 2857, 2856, 2840, 2856, 2841, 2840, 7205, 7333, 7309, 7333, 7416, 7392, 2420, 2359, 2358, 2363, 2404, 2346, 2339, 2414, 2341, 2499, 2426, 2411, 7634, 7865, 7635, 2687, 2720, 2699, 1784, 1817, 1787, 3217, 3223, 3222, 8477, 8339, 8516, 8257, 8304, 8307, 8304, 8306, 8311, 4235, 4016, 4017, 8390, 8214, 8495, 8390, 8215, 8214, 8244, 8506, 8243, 8735, 8736, 8734, 8734, 8736, 8737, 8737, 5910, 5935, 5907, 5910, 5909, 5908, 6046, 5923, 5908, 5909, 6046, 5926, 5923, 6044, 5923, 6046, 6044, 6046, 6042, 6044, 6044, 6042, 6035, 6035, 6042, 6037, 6042, 6049, 6037, 6049, 5695, 6037, 6037, 5695, 5694, 5926, 6044, 6045, 5926, 6045, 6048, 6045, 6044, 6038, 6044, 6035, 6038, 6035, 6036, 6038, 6035, 6037, 6036, 5694, 5662, 5659, 5695, 5662, 5694, 6048, 6045, 6047, 6038, 6036, 6040, 6144, 6136, 6134, 6136, 6135, 6134, 6045, 6043, 6047, 6045, 6038, 6043, 6038, 6040, 6043, 5662, 5658, 5659, 6043, 6040, 6161, 6040, 6162, 6161, 6162, 5659, 5656, 6500, 6502, 6501, 6161, 6162, 5656, 6503, 6380, 6378, 6378, 6380, 6379, 6380, 6393, 6379, 6467, 6475, 6474, 6475, 6492, 6474, 6479, 6478, 6482, 6478, 6504, 6482, 6643, 6633, 6635, 6633, 6630, 6635, 6217, 6241, 6240, 6240, 6241, 6235, 6216, 6215, 6214, 8400, 8545, 8401, 7281, 7173, 7174, 2404, 2343, 2346, 2411, 2426, 2410, 2426, 2406, 2410, 7635, 7865, 7872, 7846, 7848, 7872, 7848, 7847, 7849, 2720, 2735, 2699, 7847, 2725, 7849, 2678, 2687, 2699, 7616, 7586, 7617, 1631, 1373, 1630, 6899, 6909, 6914, 6899, 6893, 6909, 3217, 3222, 3221, 7214, 7215, 6907, 6906, 6878, 8172, 6878, 8248, 8172, 8315, 8454, 8517, 8339, 8307, 8516, 8306, 8364, 8311, 8364, 8322, 8311, 8364, 8361, 8322, 8494, 8390, 8495, 8244, 8243, 8218, 8803, 8746, 8854, 8746, 8741, 8744, 8737, 5935, 5931, 5908, 5923, 5906, 5923, 5916, 5906, 5924, 5926, 6048, 5924, 6047, 5920, 5924, 6048, 6047, 6036, 6037, 6039, 6039, 5694, 5659, 6037, 5694, 6039, 6136, 5920, 6135, 5920, 6047, 6135, 6036, 6039, 6041, 6039, 5659, 6041, 6040, 6036, 6041, 6041, 5659, 6162, 6503, 6378, 6501, 6393, 6462, 6463, 6463, 6462, 6465, 6465, 6462, 6466, 6462, 6467, 6466, 6492, 6426, 6428, 6422, 6419, 6428, 6232, 6216, 6214, 6235, 6243, 8807, 8529, 8079, 8072, 8401, 8545, 8534, 2410, 2406, 2363, 2735, 2499, 2411, 2198, 7784, 1741, 7615, 7616, 7783, 7481, 6906, 7556, 8248, 8315, 8517, 8517, 8454, 8453, 8741, 8735, 8742, 8737, 5931, 5925, 5935, 5907, 5931, 6165, 6500, 6158, 6501, 6378, 6377, 6379, 6393, 6464, 6464, 6393, 6463, 6466, 6467, 6472, 6467, 6474, 6472, 6420, 6479, 6418, 6482, 6504, 6538, 6538, 6504, 6636, 4464, 4245, 4255, 6504, 6635, 6636, 6635, 6634, 6636, 6630, 6232, 6632, 6215, 6218, 6213, 6218, 6217, 6213, 6214, 6215, 6213, 8545, 7410, 8534, 7066, 7068, 7067, 7333, 7392, 7309, 2839, 2837, 2631, 2341, 2352, 2351, 7788, 7784, 7785, 7784, 7783, 7785, 8453, 8454, 8451, 8454, 8455, 8451, 8454, 8456, 8455, 8455, 8456, 8834, 8456, 8477, 8834, 8477, 8870, 8834, 8477, 8516, 8870, 8322, 8361, 8494, 8243, 8506, 8812, 8854, 8746, 8744, 5931, 5907, 5914, 6464, 6463, 6469, 6469, 6463, 6299, 6474, 6492, 6473, 6213, 6217, 6207, 6217, 6240, 6207, 6232, 6214, 6230, 6235, 8807, 8849, 8530, 8529, 8072, 8807, 8529, 8530, 8534, 7410, 7411, 2343, 2339, 2342, 2352, 2353, 2351, 2358, 2359, 2356, 1741, 7784, 7788, 3217, 3221, 3215, 6893, 6892, 6909, 7556, 6906, 8171, 6906, 8172, 8171, 8248, 8517, 8727, 8451, 8455, 8509, 8455, 8832, 8509, 8455, 8834, 8832, 8870, 8869, 8841, 8516, 8307, 8559, 8304, 8308, 8307, 8304, 8311, 8308, 3556, 3591, 3585, 8474, 8322, 8496, 8322, 8494, 8496, 8854, 8855, 8812, 8744, 8741, 8743, 8742, 8735, 8731, 8735, 8734, 8731, 5916, 5920, 5915, 5921, 5915, 5920, 6158, 6500, 6499, 6378, 6379, 6374, 6299, 6463, 6300, 6463, 6465, 6300, 6479, 6482, 6480, 6482, 6538, 6480, 6207, 6235, 6233, 6240, 6235, 6207, 6632, 6232, 6230, 8807, 8530, 8849, 4529, 4604, 4635, 7410, 7409, 7411, 7409, 7281, 7303, 7281, 7174, 7303, 2841, 2880, 2843, 2363, 2346, 2345, 2360, 2456, 2361, 2620, 2631, 2619, 2675, 2678, 2677, 7586, 7466, 7474, 3193, 3217, 3215, 8517, 8453, 8452, 8453, 8451, 8452, 8509, 8832, 8833, 4235, 4017, 4018, 8311, 8322, 8313, 8322, 8474, 8313, 8494, 8495, 8779, 8779, 8495, 8502, 8495, 8214, 8502, 8218, 8243, 8220, 8855, 8854, 8752, 8854, 8744, 8752, 8744, 8743, 8752, 8731, 8734, 8733, 8734, 5925, 8733, 5931, 5914, 5925, 6158, 5919, 5921, 5919, 5915, 5921, 6500, 6501, 6497, 6501, 6377, 6497, 6377, 6378, 6374, 6379, 6464, 6374, 6465, 6466, 6300, 6472, 6474, 6473, 6473, 6492, 6411, 6492, 6428, 6411, 6636, 6634, 6637, 6638, 6634, 6632, 6638, 6632, 6231, 6632, 6230, 6231, 6233, 6235, 8849, 6230, 6214, 6212, 6214, 6213, 6212, 8072, 8079, 8078, 7174, 7133, 7175, 7133, 7101, 7175, 7133, 7067, 7101, 2880, 2899, 2884, 2346, 2343, 2345, 2353, 2354, 2351, 2359, 2360, 2356, 2631, 2837, 2619, 7849, 2725, 7851, 2678, 2699, 2677, 7617, 7586, 7610, 7610, 7586, 7474, 6892, 6907, 6908, 6907, 7215, 6908, 8172, 8248, 8381, 8833, 8834, 8835, 8832, 8834, 8833, 8841, 8868, 8867, 8559, 8307, 8542, 8311, 8313, 8308, 8496, 8494, 8809, 8212, 8215, 8217, 8215, 8218, 8217, 8218, 8220, 8217, 8220, 8243, 8812, 8743, 8741, 8742, 5905, 5925, 5914, 6158, 6499, 6163, 6419, 6420, 6418, 6479, 6480, 6418, 6538, 6636, 6637, 6207, 6233, 6206, 8119, 8400, 8330, 4636, 4635, 4604, 2880, 2884, 2843, 2342, 2339, 2340, 2339, 2341, 2340, 2456, 2621, 2361, 2735, 2411, 2494, 7783, 7616, 7619, 7474, 7466, 7211, 3215, 3221, 3216, 8727, 8517, 8452, 8841, 8867, 8842, 8542, 8307, 6778, 8307, 8309, 8424, 8307, 8308, 8309, 8809, 8494, 8779, 8502, 8214, 8213, 8214, 8212, 8213, 8214, 8215, 8212, 8733, 5925, 5901, 5901, 5925, 5905, 6497, 6377, 6376, 6374, 6464, 6468, 6464, 6469, 6357, 6411, 6428, 6415, 6428, 6419, 6415, 6417, 6419, 6418, 6538, 6637, 6641, 6207, 6206, 6199, 6230, 6212, 6231, 6212, 6213, 6208, 6213, 6207, 6208, 6233, 8849, 8848, 8414, 8530, 8072, 8849, 8530, 8414, 8078, 8113, 8083, 8113, 8119, 8083, 8400, 8401, 8330, 7409, 7303, 7408, 7101, 7067, 7064, 2840, 2841, 2838, 2839, 2840, 2838, 2343, 2342, 2344, 2340, 2341, 2351, 2360, 2361, 2356, 2411, 2410, 2402, 7872, 7848, 7871, 7848, 7849, 7850, 7849, 7851, 7850, 1741, 7788, 1740, 7616, 7617, 7619, 7102, 6899, 6914, 6909, 6892, 6910, 8451, 8509, 8508, 8835, 8834, 8836, 8834, 8841, 8836, 8841, 8840, 8836, 8841, 8842, 8840, 8542, 6778, 8865, 8474, 8496, 8473, 8779, 8502, 8482, 8220, 8812, 8766, 8812, 8855, 8766, 8752, 8743, 8748, 8743, 8742, 8730, 8731, 8733, 8732, 6163, 6499, 6506, 6464, 6357, 6468, 6357, 6469, 6290, 6469, 6299, 6290, 6290, 6299, 6293, 6299, 6300, 6293, 6300, 6301, 6293, 6300, 6466, 6301, 6301, 6466, 6472, 6419, 6414, 6415, 6414, 6419, 6417, 6480, 6538, 6537, 6538, 6641, 6537, 6638, 6231, 6639, 6208, 6207, 6199, 8849, 8414, 8848, 8072, 8078, 8067, 7409, 7408, 7411, 7068, 7122, 7065, 7122, 7205, 7123, 7309, 7392, 7310, 2345, 2343, 2344, 2361, 2621, 2597, 2735, 2724, 2699, 2725, 2676, 2673, 2676, 2675, 2673, 7211, 7103, 7210, 7211, 7102, 7103, 7215, 7214, 7356, 8459, 8452, 8450, 8452, 8451, 8450, 8842, 8866, 8840, 8842, 8867, 8866, 4235, 4018, 4229, 8482, 8502, 8213, 8212, 8217, 8247, 8855, 8752, 8748, 8743, 8730, 8745, 8742, 8731, 8730, 8731, 8732, 8523, 8733, 5901, 5934, 5903, 5895, 5900, 6164, 6163, 6506, 6377, 6374, 6373, 6373, 6374, 6371, 6374, 6468, 6371, 6637, 6638, 6641, 6199, 6206, 6200, 6206, 6233, 6234, 6639, 6231, 6211, 6231, 6212, 6211, 4364, 4369, 4366, 8119, 8330, 8083, 7303, 7174, 7175, 7205, 7309, 7123, 7578, 7635, 7636, 2402, 2410, 2400, 7635, 7872, 7636, 2673, 2675, 2672, 2675, 2677, 2672, 7102, 6914, 7103, 3216, 3165, 3162, 3193, 3215, 3164, 6910, 6892, 6913, 6892, 6908, 6913, 8172, 8381, 8169, 4875, 4874, 4872, 8727, 8452, 8459, 8509, 8833, 8508, 3958, 3957, 3959, 8313, 8474, 8473, 8496, 8809, 8815, 8815, 8809, 8828, 8809, 8779, 8828, 8828, 8779, 8482, 8217, 8220, 8766, 8730, 8731, 8523, 8732, 8733, 5934, 5913, 5912, 6515, 5899, 5898, 5917, 6499, 6497, 6498, 6376, 6377, 6373, 6472, 6473, 6470, 6471, 6473, 6411, 6418, 6480, 6481, 6480, 6537, 6481, 6640, 6641, 6638, 6640, 6638, 6639, 6206, 6234, 6200, 6234, 6233, 8848, 6211, 6212, 6210, 6212, 6197, 6210, 6212, 6208, 6197, 6208, 6199, 6197, 8072, 8067, 8071, 8078, 8083, 8077, 2841, 2843, 2842, 7309, 7310, 7123, 2838, 2841, 2842, 2363, 2345, 2362, 2342, 2340, 2349, 2351, 2350, 2340, 2351, 2354, 2350, 2354, 2353, 2355, 2353, 2358, 2355, 2410, 2363, 2400, 2400, 2363, 2362, 2411, 2402, 2494, 2621, 2620, 2597, 2620, 2619, 2597, 7617, 7610, 7619, 7474, 7211, 7210, 3164, 3215, 3162, 8171, 8172, 8169, 8169, 8381, 8167, 8167, 8727, 8728, 8381, 8727, 8167, 8727, 8459, 8728, 8840, 8866, 6777, 8473, 8496, 8815, 3331, 3347, 3332, 8732, 5934, 8523, 5890, 5934, 5901, 5898, 5895, 5903, 6164, 6506, 6515, 6506, 6499, 6498, 6497, 6376, 6375, 6375, 6376, 6373, 6468, 6357, 6397, 6357, 6290, 6291, 6417, 6418, 6416, 6481, 6537, 6561, 6561, 6537, 6642, 6642, 6641, 6647, 6537, 6641, 6642, 8414, 8072, 8071, 8067, 8078, 8077, 4636, 4604, 4601, 7067, 7068, 7064, 7065, 7122, 7123, 7310, 7392, 7412, 7412, 7392, 7578, 2347, 2345, 2344, 2358, 2356, 2355, 2356, 2357, 2355, 2356, 2361, 2357, 7636, 7872, 7871, 2672, 2677, 2674, 1576, 1352, 1575, 1576, 1630, 1352, 7214, 7556, 7460, 7556, 8170, 7460, 7556, 8171, 8170, 4872, 4874, 4873, 8450, 8451, 8449, 8451, 8508, 8449, 8508, 8833, 8846, 8833, 8835, 8846, 6778, 8424, 6776, 8309, 8308, 8312, 8308, 8313, 8312, 8213, 8212, 8206, 8766, 8748, 8410, 8748, 8745, 8520, 8730, 8523, 8519, 6497, 6375, 6498, 6357, 6291, 6397, 6301, 6472, 6470, 6411, 6415, 6410, 6666, 6647, 6648, 6200, 6234, 6202, 6640, 6639, 6211, 8413, 8414, 8071, 8848, 8414, 8413, 8401, 8534, 8415, 2345, 2347, 2362, 2344, 2342, 2349, 2354, 2355, 2350, 7871, 7848, 7850, 2696, 2699, 2724, 7851, 2725, 2734, 2725, 2673, 2734, 2674, 2677, 2696, 6914, 6909, 6911, 7214, 7460, 7356, 4042, 4043, 4133, 4169, 4168, 4170, 8840, 6777, 8843, 6776, 8424, 8425, 8313, 8314, 8312, 3585, 3626, 3599, 8473, 8815, 8391, 8815, 8828, 8827, 8828, 8482, 8827, 8482, 8213, 8337, 8217, 8766, 8410, 8745, 8518, 8520, 8745, 8519, 8518, 8745, 8730, 8519, 8519, 8523, 5936, 8523, 5934, 5936, 6375, 6373, 6372, 6371, 6468, 6397, 6290, 6293, 6292, 6471, 6411, 6407, 6411, 6410, 6407, 6410, 6415, 6414, 6416, 6418, 6483, 6418, 6481, 6483, 6561, 6642, 6650, 6650, 6666, 6665, 6642, 6666, 6650, 6202, 6234, 6236, 6234, 8859, 6236, 6197, 6199, 6196, 8077, 8083, 8049, 8401, 8415, 8330, 7064, 7068, 7065, 2347, 2344, 2348, 2344, 2349, 2348, 2349, 2340, 2350, 7785, 7783, 7786, 7783, 7619, 7786, 8843, 6777, 6774, 8313, 8473, 8391, 8815, 8827, 8861, 8827, 8482, 8337, 8337, 8213, 8206, 8212, 8247, 8208, 8247, 8217, 8410, 5936, 5934, 5880, 6506, 6498, 6507, 6498, 6375, 6382, 6372, 6373, 6371, 6301, 6470, 6302, 6473, 6471, 6470, 6414, 6417, 6413, 6417, 6416, 6413, 6650, 6648, 6649, 6665, 6648, 6650, 6649, 6648, 6640, 6196, 6200, 6201, 6200, 6202, 6201, 6640, 6211, 6209, 6211, 6210, 6209, 8083, 8082, 8049, 8171, 8169, 8170, 8450, 8449, 8447, 8449, 8508, 8448, 8508, 8846, 8448, 8836, 8840, 8839, 8840, 8843, 8839, 6776, 8425, 6772, 8424, 8312, 8425, 4229, 4018, 4200, 8314, 8313, 8391, 8861, 8827, 8847, 8827, 8337, 8847, 8206, 8212, 8208, 8410, 8520, 8397, 8520, 8518, 8397, 5889, 6515, 6508, 5894, 6515, 5889, 6515, 6506, 6508, 6507, 6498, 6382, 6382, 6375, 6381, 6375, 6372, 6381, 6372, 6371, 6369, 6290, 6292, 6291, 6201, 6202, 6204, 8859, 8848, 8413, 8413, 8071, 8070, 8082, 8083, 8330, 2473, 2597, 2596, 2361, 2597, 2473, 7788, 7785, 7787, 7610, 7474, 7587, 8836, 8838, 8835, 8838, 8836, 8839, 8425, 8312, 8428, 8847, 8337, 8205, 8519, 5936, 8398, 5936, 5880, 5928, 5884, 5886, 5878, 6369, 6371, 6366, 6371, 6397, 6366, 6302, 6470, 6408, 6470, 6471, 6407, 6539, 6650, 6652, 6650, 6649, 6651, 6204, 6236, 6237, 6202, 6236, 6204, 6654, 6640, 6209, 6649, 6640, 6654, 6209, 6210, 6198, 6210, 6197, 6198, 6236, 8859, 6246, 8859, 8413, 6246, 8070, 8071, 8069, 8071, 8067, 8069, 2843, 2884, 2881, 2349, 2350, 2365, 2696, 2724, 2693, 7619, 7805, 7786, 7619, 7610, 7805, 6914, 6911, 6915, 7356, 7460, 7459, 7460, 8170, 7459, 4872, 4873, 4871, 6771, 8425, 8430, 6772, 8425, 6771, 4229, 4200, 4223, 8428, 8312, 8776, 8776, 8312, 8327, 8312, 8314, 8327, 8208, 8247, 8216, 8247, 8410, 8216, 8410, 8399, 8216, 8410, 8397, 8399, 8397, 8518, 8398, 8518, 8519, 8398, 8398, 5936, 5928, 5928, 5880, 5879, 5885, 5889, 6508, 6366, 6397, 6291, 6301, 6302, 6293, 6483, 6481, 6539, 6652, 6650, 6651, 6649, 6654, 6655, 6237, 6236, 6246, 8413, 8070, 8094, 8534, 7411, 7431, 5418, 5419, 4600, 7411, 7408, 7431, 7175, 7101, 7176, 2843, 2881, 2844, 2842, 2843, 2844, 2347, 2348, 2364, 2365, 2350, 2366, 2350, 2355, 2367, 7636, 7871, 7870, 7871, 7850, 7870, 2724, 2727, 2693, 7850, 7851, 7852, 7851, 2734, 7852, 1740, 7788, 1722, 7610, 7587, 7614, 3162, 3165, 3163, 8167, 8728, 8479, 4809, 4872, 4871, 8728, 8459, 8479, 8459, 8450, 8443, 8447, 8449, 8448, 8846, 8835, 8837, 8835, 8838, 8837, 8839, 6774, 6779, 8843, 6774, 8839, 8205, 8337, 8206, 8207, 8206, 8208, 8397, 8395, 8399, 8396, 8398, 5928, 5885, 6508, 5918, 6507, 6382, 6385, 6321, 6291, 6292, 6293, 6302, 6297, 6408, 6470, 6407, 6483, 6539, 6505, 6652, 6651, 6653, 6655, 6654, 6174, 6196, 6201, 6203, 6201, 6204, 6203, 6654, 6209, 6174, 6209, 6198, 6174, 6246, 8413, 8094, 8415, 8534, 8535, 7101, 7064, 7063, 2842, 2844, 2845, 7123, 7310, 7311, 7310, 7412, 7393, 2362, 2347, 2378, 2348, 2365, 2364, 2348, 2349, 2365, 2350, 2367, 2366, 2357, 2361, 2379, 2361, 2473, 2379, 2618, 2619, 2811, 2596, 2597, 2594, 2597, 2618, 2594, 2597, 2619, 2618, 2724, 2494, 2727, 1722, 7788, 7787, 7610, 7614, 7805, 7474, 7210, 7463, 7209, 7210, 7103, 6909, 6910, 6911, 6910, 6913, 6912, 7215, 7356, 7218, 8170, 8169, 8168, 8168, 8169, 8165, 8169, 8167, 8165, 8459, 8443, 8479, 8448, 8846, 8446, 6771, 8430, 6775, 8391, 8861, 8522, 8861, 8847, 8758, 8847, 8205, 8758, 8397, 8396, 8395, 8396, 5928, 5932, 5918, 6508, 6509, 6372, 6369, 6381, 6369, 6366, 6364, 6302, 6408, 6297, 6410, 6414, 6413, 6413, 6416, 6412, 6416, 6483, 6505, 6539, 6652, 6609, 6198, 6197, 6193, 6197, 6196, 6193, 8077, 8049, 8055, 8049, 8082, 8081, 7431, 7408, 7300, 7408, 7303, 7300, 7303, 7175, 7300, 7175, 7176, 7300, 7176, 7101, 7100, 7101, 7063, 7100, 2368, 2355, 2357, 7578, 7636, 8020, 7636, 7870, 8020, 2473, 2596, 2595, 2674, 2693, 2671, 2672, 2674, 2671, 7787, 7785, 7786, 7210, 7209, 7463, 7103, 6914, 7104, 3159, 3162, 3158, 7356, 7459, 7218, 8450, 8447, 8443, 8446, 8846, 8837, 8838, 8839, 8844, 6775, 8839, 6779, 8314, 8391, 8522, 8522, 8861, 8863, 8863, 8861, 8758, 8399, 8395, 8393, 5932, 5928, 5879, 6509, 6507, 6510, 6385, 6382, 6383, 6382, 6381, 6383, 6381, 6369, 6384, 6369, 6364, 6370, 6366, 6291, 6367, 6367, 6291, 6321, 6412, 6416, 6505, 6505, 6539, 6609, 6609, 6652, 6658, 6652, 6653, 6658, 6653, 6651, 6656, 6656, 6651, 6655, 6203, 6204, 6205, 6205, 6237, 6238, 6204, 6237, 6205, 8094, 8070, 8068, 8082, 8330, 8081, 8330, 8415, 8328, 7123, 7311, 7124, 2401, 2400, 2378, 2400, 2362, 2378, 2494, 2402, 2403, 2402, 2400, 2401, 7853, 7850, 7852, 7104, 6914, 6915, 6908, 7215, 7218, 8165, 8167, 8166, 8167, 8479, 8166, 8838, 8844, 8845, 8844, 8839, 8434, 8839, 6775, 8434, 6775, 8431, 8434, 6775, 8430, 8431, 8430, 8425, 8429, 8425, 8428, 8429, 8428, 8776, 8327, 8327, 8314, 8406, 8199, 8206, 8207, 8395, 8396, 8394, 5932, 5879, 5893, 5878, 5873, 5866, 6510, 6507, 6385, 6369, 6370, 6384, 6364, 6366, 6365, 6293, 6297, 6295, 6410, 6413, 6412, 6655, 6174, 6173, 6193, 6196, 6192, 6196, 6203, 6192, 6237, 6246, 6238, 6174, 6198, 6172, 8070, 8069, 8068, 8534, 7431, 8535, 7412, 7578, 7393, 2378, 2347, 2377, 2347, 2364, 2376, 2364, 2365, 2375, 2375, 2365, 2374, 2374, 2365, 2373, 2366, 2367, 2372, 2369, 2357, 2370, 2357, 2379, 2370, 7870, 7850, 7853, 2734, 2673, 2708, 7587, 7474, 7463, 7209, 7103, 7104, 6910, 6912, 6911, 6913, 6908, 7189, 7459, 8170, 8567, 4809, 4871, 4805, 8443, 8447, 8440, 8447, 8446, 8440, 8447, 8448, 8446, 4042, 4230, 4224, 4223, 4200, 4197, 8428, 8327, 8786, 8205, 8206, 8199, 3304, 3332, 3352, 8393, 8395, 8394, 5918, 6511, 6709, 5918, 6509, 6511, 6366, 6367, 6365, 6321, 6292, 6294, 6292, 6293, 6294, 6408, 6363, 6297, 6408, 6407, 6401, 6407, 6410, 6406, 6658, 6656, 6659, 6658, 6653, 6656, 6205, 6238, 6239, 6656, 6655, 6173, 6203, 6205, 6192, 6173, 6174, 6172, 6172, 6198, 6191, 6198, 6193, 6191, 6246, 8094, 6768, 4279, 4253, 4276, 8069, 8067, 8062, 8330, 8328, 8081, 2838, 2845, 2846, 2836, 2838, 2846, 2364, 2375, 2376, 2368, 2357, 2369, 2403, 2402, 2401, 2727, 2494, 2403, 2673, 2672, 2670, 2672, 2671, 2670, 6912, 6913, 7189, 6908, 7218, 7189, 8446, 8837, 8445, 8445, 8837, 8838, 8845, 8844, 8434, 8431, 8430, 8429, 8429, 8428, 8786, 8522, 8863, 8862, 8862, 8863, 8758, 3599, 3621, 3538, 8205, 8199, 8201, 8394, 8396, 8709, 8396, 5932, 8709, 6510, 6385, 6387, 6293, 6295, 6294, 3343, 3342, 3353, 6410, 6412, 6409, 6412, 6496, 6409, 6412, 6505, 6496, 6505, 6609, 6565, 6239, 6238, 6242, 6173, 6172, 6171, 6193, 6192, 6188, 6238, 6768, 6242, 8094, 8068, 8073, 7065, 7123, 7124, 2844, 2881, 2847, 7393, 7578, 8020, 2347, 2376, 2377, 2373, 2365, 2366, 2367, 2355, 2368, 2708, 2673, 2670, 3136, 3158, 3160, 3159, 3158, 3157, 3157, 3158, 3136, 8170, 8168, 8567, 8440, 8446, 8445, 8445, 8838, 8435, 8435, 8838, 8845, 8435, 8845, 8434, 8406, 8314, 8407, 8314, 8522, 8407, 8862, 8758, 8757, 8758, 8201, 8757, 8758, 8205, 8201, 8399, 8393, 8216, 6709, 6511, 6708, 6511, 6510, 6512, 6384, 6370, 6488, 6321, 6294, 6320, 6408, 6401, 6363, 6496, 6505, 6565, 6658, 6659, 6660, 6657, 6659, 6656, 6657, 6173, 6171, 6656, 6173, 6657, 6192, 6205, 6189, 6171, 6172, 6169, 6172, 6191, 6169, 6193, 6188, 6191, 8068, 8069, 8062, 8049, 8081, 8048, 8415, 8535, 8416, 2847, 2881, 2885, 2372, 2367, 2368, 2379, 2473, 2472, 2473, 2595, 2472, 2596, 2594, 2595, 2693, 2727, 2726, 7854, 2734, 2708, 7852, 2734, 7854, 1722, 7787, 1693, 7786, 7805, 7789, 3161, 3157, 3156, 8479, 8443, 8392, 8443, 8440, 8392, 8445, 8435, 8436, 8436, 8435, 8433, 8435, 8434, 8433, 8434, 8431, 8433, 8431, 8429, 8432, 8407, 8522, 8762, 8201, 8199, 8200, 8207, 8208, 8209, 5932, 5887, 8709, 6365, 6367, 6368, 6367, 6321, 6320, 6406, 6410, 6409, 6496, 6565, 6564, 6565, 6660, 6667, 6660, 6659, 6657, 6205, 6190, 6189, 6205, 6239, 6190, 6192, 6189, 6188, 6768, 8094, 8073, 8062, 8055, 8054, 5418, 4600, 4608, 7431, 7300, 7299, 2845, 2847, 2846, 2845, 2844, 2847, 2372, 2368, 2371, 2368, 2369, 2371, 2726, 2727, 2403, 7789, 7805, 7808, 3137, 3157, 3136, 7218, 7459, 7458, 8166, 8479, 8164, 8479, 8392, 8164, 4225, 4186, 4178, 8440, 8445, 8436, 4224, 4230, 4220, 8408, 8406, 8407, 8802, 8406, 8408, 8208, 8216, 8209, 8216, 8393, 8209, 8393, 8394, 8383, 6708, 6511, 6513, 6513, 6511, 6512, 6512, 6510, 6387, 6387, 6385, 6386, 6385, 6383, 6386, 6383, 6381, 6384, 6488, 6370, 6325, 6325, 6370, 6324, 6370, 6364, 6324, 6364, 6323, 6324, 6364, 6365, 6323, 6297, 6363, 6295, 3323, 3296, 3280, 6565, 6667, 6564, 6660, 6657, 6175, 6239, 6242, 6190, 6169, 6191, 6187, 6242, 6768, 6767, 6767, 6768, 8073, 7100, 7063, 7062, 7463, 7209, 7203, 7209, 7104, 7203, 3137, 3136, 3133, 7189, 7218, 7190, 8440, 8439, 8392, 4143, 4142, 3981, 8432, 8429, 8536, 8536, 8429, 8799, 8429, 8802, 8799, 8429, 8786, 8802, 8762, 8862, 8864, 8757, 8201, 8200, 6512, 6387, 6389, 6365, 6368, 6323, 6401, 6407, 6406, 6404, 6409, 6496, 6496, 6564, 6495, 6661, 6660, 6175, 6667, 6660, 6661, 6175, 6657, 6171, 6189, 6190, 6184, 6190, 6242, 6737, 6171, 6169, 6166, 6191, 6188, 6187, 8073, 8063, 6767, 8073, 8068, 8063, 4275, 4253, 4252, 8055, 8049, 8027, 8049, 8048, 8027, 8328, 8415, 8416, 7300, 7176, 7299, 7985, 7870, 7855, 7870, 7853, 7855, 7853, 7854, 7855, 7853, 7852, 7854, 7786, 7789, 7787, 7805, 7614, 7808, 3133, 3136, 3134, 3156, 3137, 3138, 8567, 8168, 8557, 4803, 4805, 4813, 8440, 8436, 8439, 8439, 8436, 8438, 8433, 8431, 8432, 8207, 8209, 8210, 6708, 6513, 6516, 6383, 6384, 6489, 6294, 6295, 6296, 6295, 6363, 6399, 6363, 6401, 6398, 6406, 6409, 6404, 6404, 6496, 6495, 6495, 6564, 6577, 6194, 6737, 6731, 6187, 6188, 6184, 6188, 6189, 6184, 6737, 6242, 6738, 6242, 6767, 6738, 8063, 8068, 8062, 8048, 8081, 8080, 8080, 8081, 8328, 8535, 7431, 8532, 7063, 7064, 7061, 7064, 7065, 7061, 7124, 7311, 7187, 2846, 2847, 2848, 2846, 2848, 2877, 2403, 2401, 2428, 2401, 2378, 2428, 2595, 2594, 2593, 2726, 2403, 2629, 2679, 2726, 2629, 2693, 2726, 2679, 7463, 7203, 7521, 7458, 8567, 8557, 8165, 8166, 8164, 8436, 8437, 8438, 8436, 8433, 8437, 8864, 8757, 8756, 8757, 8200, 8756, 8209, 8393, 8384, 8393, 8383, 8384, 6708, 6516, 6705, 6513, 6512, 6514, 6387, 6386, 6388, 6383, 6489, 6386, 6384, 6488, 6489, 6367, 6320, 6308, 6320, 6294, 6298, 6363, 6398, 6399, 6577, 6564, 6288, 6564, 6667, 6288, 6667, 6661, 6288, 6731, 6737, 6730, 6175, 6166, 6167, 6737, 6738, 6730, 6166, 6169, 6168, 6169, 6187, 6168, 8063, 8062, 8026, 8054, 8055, 8027, 8535, 8532, 8416, 5230, 5248, 5229, 7299, 7176, 7229, 7065, 7124, 7061, 2847, 2885, 2850, 2848, 2847, 2849, 7311, 7393, 7380, 7393, 8020, 7577, 2618, 2846, 2925, 2375, 2374, 2380, 2374, 2373, 2380, 2380, 2366, 2381, 2381, 2372, 2391, 2366, 2372, 2381, 2370, 2395, 2393, 2629, 2403, 2428, 2708, 2670, 2669, 2670, 2668, 2669, 2670, 2671, 2668, 2671, 2693, 2679, 1693, 7787, 1694, 7787, 7789, 7790, 7587, 7463, 7521, 7190, 7218, 7230, 7218, 7458, 7230, 8168, 8165, 8162, 8165, 8164, 8162, 8439, 8438, 8441, 3538, 3621, 3586, 8200, 8199, 8198, 8207, 8195, 8199, 8709, 5922, 5888, 5857, 5855, 5858, 6513, 6514, 6516, 6387, 6388, 6389, 6367, 6308, 6368, 6320, 6298, 6308, 6294, 6296, 6298, 6296, 6295, 6399, 6401, 6406, 6404, 6668, 6661, 6662, 6288, 6661, 6668, 6194, 6731, 6730, 6184, 6183, 6182, 8026, 8062, 8054, 4320, 4358, 4289, 5417, 4608, 5416, 7431, 7299, 7298, 7229, 7176, 7100, 2885, 2889, 2850, 7187, 7311, 7380, 2388, 2378, 2377, 2382, 2377, 2376, 2376, 2375, 2385, 2375, 2380, 2385, 8020, 7985, 8016, 7854, 2708, 2704, 2708, 2669, 2704, 2671, 2679, 2668, 7614, 7587, 7603, 7587, 7521, 7603, 6915, 6911, 6916, 3139, 3156, 3138, 8392, 8439, 8458, 8437, 8432, 8457, 8433, 8432, 8437, 8432, 8536, 8799, 8408, 8407, 8409, 8407, 8762, 8409, 8762, 8864, 8409, 8756, 8200, 8353, 8207, 8210, 8195, 3307, 3308, 3374, 8384, 8383, 8382, 8383, 8709, 5888, 6512, 6389, 6390, 6324, 6323, 6318, 6323, 6368, 6309, 6368, 6308, 6309, 6398, 6401, 6402, 6495, 6577, 6575, 6194, 6730, 6195, 6168, 6187, 6186, 6187, 6184, 6186, 6184, 6182, 6186, 6767, 8063, 8091, 8026, 8054, 8027, 8328, 8416, 8329, 4608, 4595, 5416, 2850, 2889, 2888, 7577, 8020, 8016, 2371, 2369, 2397, 2369, 2370, 2393, 2472, 2595, 2590, 7985, 7855, 7984, 7614, 7603, 7808, 1611, 1577, 1578, 6912, 7189, 6917, 8557, 8168, 8539, 8168, 8162, 8539, 8164, 8392, 8163, 3964, 4178, 4179, 8438, 8437, 8444, 8432, 8799, 8457, 8799, 8802, 8497, 8802, 8408, 8497, 8408, 8409, 8471, 8864, 8756, 8409, 8353, 8200, 8204, 8200, 8198, 8204, 8210, 8209, 8211, 8382, 8383, 8365, 6325, 6324, 6318, 6316, 6323, 6309, 6401, 6404, 6402, 6402, 6404, 6405, 6404, 6495, 6405, 6577, 6288, 6575, 6288, 6668, 6289, 6195, 6730, 6729, 6663, 6175, 6167, 6662, 6175, 6663, 6183, 6195, 6181, 6730, 6738, 6755, 6738, 6767, 6766, 6767, 8091, 6766, 8532, 7431, 8767, 7431, 7298, 8767, 7299, 7229, 7298, 7061, 7124, 7187, 2382, 2376, 2385, 2385, 2380, 2387, 2380, 2381, 2389, 7985, 7984, 8016, 7203, 7104, 7105, 7104, 6915, 6944, 3133, 3134, 3131, 6917, 7189, 7190, 7230, 7458, 7457, 8392, 8458, 8163, 8497, 8408, 8471, 8409, 8756, 8353, 8198, 8199, 8197, 8199, 8195, 8197, 8211, 8209, 8153, 8209, 8384, 8153, 8365, 8383, 5930, 8383, 5888, 5930, 6705, 6516, 6702, 6390, 6389, 6388, 6388, 6386, 6392, 6386, 6489, 6392, 6318, 6323, 6316, 6296, 6399, 6303, 6399, 6398, 6362, 6405, 6495, 6575, 6289, 6668, 6662, 6289, 6662, 6663, 6663, 6167, 6170, 6182, 6181, 6178, 6730, 6755, 6729, 6755, 6738, 6766, 8080, 8328, 8329, 7062, 7063, 7061, 2850, 2888, 2849, 2385, 2387, 2386, 2395, 2379, 2398, 2379, 2472, 2398, 2593, 2594, 2592, 7984, 7855, 7857, 7790, 7789, 7791, 7789, 7808, 7791, 7808, 7603, 7807, 7104, 6944, 7105, 3132, 3133, 3131, 3139, 3138, 3132, 8164, 8163, 8162, 8163, 8458, 8460, 8437, 8457, 8444, 8471, 8409, 8784, 8409, 8353, 8784, 3586, 3619, 3594, 6702, 6516, 6518, 6516, 6514, 6517, 6517, 6514, 6390, 6400, 6399, 6362, 6405, 6575, 6576, 6575, 6288, 3, 3, 6288, 6285, 6288, 6289, 6285, 6181, 6195, 6180, 6195, 6736, 6180, 8091, 8063, 8023, 8027, 8048, 8047, 8047, 8048, 8080, 7380, 7393, 7451, 7393, 7577, 7451, 2388, 2377, 2384, 2384, 2377, 2383, 2377, 2382, 2383, 2380, 2389, 2387, 2372, 2371, 2392, 2428, 2388, 2429, 2590, 2593, 2591, 2593, 2592, 2591, 7791, 7808, 7807, 6915, 6916, 6918, 3130, 3132, 3131, 6911, 6912, 6916, 6912, 6917, 6916, 3139, 3132, 3135, 8458, 8439, 8460, 8439, 8441, 8460, 8471, 8784, 8469, 8784, 8353, 8860, 8211, 8153, 8151, 6518, 6516, 6517, 6489, 6488, 6392, 6488, 6325, 6361, 6308, 6298, 6306, 6298, 6296, 6303, 6402, 6405, 6403, 6576, 6575, 3, 6664, 6285, 6289, 6289, 6663, 6664, 6186, 6182, 6185, 6182, 6178, 6185, 6181, 6180, 6178, 6170, 6168, 5794, 6168, 5793, 5794, 6168, 6186, 5793, 8063, 8026, 8023, 7298, 7229, 7202, 7100, 7062, 7069, 2889, 2887, 2888, 2393, 2395, 2394, 2388, 2384, 2429, 2382, 2385, 2386, 2472, 2590, 2398, 2611, 2925, 2615, 2679, 2629, 2652, 2669, 2668, 2660, 2668, 2679, 2667, 8539, 8162, 8557, 8441, 8442, 8460, 8441, 8438, 8442, 8442, 8438, 8444, 8444, 8457, 8484, 8860, 8353, 8352, 8352, 8353, 8204, 8210, 8211, 8195, 8382, 8365, 8153, 6517, 6390, 6391, 6325, 6318, 6317, 6316, 6309, 6310, 6303, 6399, 6400, 6362, 6398, 6352, 6403, 6405, 6531, 6576, 3, 4, 3, 5, 4, 5, 6285, 6284, 5, 3, 6285, 6177, 6736, 6732, 6180, 6736, 6177, 6178, 6180, 6177, 6736, 6734, 6732, 6186, 6185, 5793, 6734, 6729, 6755, 6755, 6766, 6765, 6765, 8091, 8023, 6766, 8091, 6765, 8026, 8027, 8024, 8329, 8416, 8531, 8416, 8532, 8531, 7429, 8767, 7298, 7229, 7100, 7202, 2877, 2848, 2864, 2925, 2864, 2924, 2925, 2877, 2864, 2389, 2381, 2390, 2381, 2391, 2390, 2391, 2372, 2392, 2679, 2652, 2667, 7856, 2704, 2703, 2704, 2669, 2703, 2660, 2668, 2667, 1694, 1762, 1700, 1694, 7790, 1762, 7603, 7521, 7449, 7449, 7521, 7203, 7203, 7105, 7212, 3142, 3139, 3135, 8557, 8162, 8350, 8162, 8163, 8161, 8163, 8460, 8161, 8460, 8442, 8465, 8484, 8457, 8470, 8457, 8497, 8470, 8470, 8471, 8469, 8497, 8471, 8470, 8469, 8784, 8824, 4197, 4196, 4760, 6517, 6391, 6486, 6388, 6392, 6360, 6392, 6488, 6361, 6361, 6325, 6317, 6309, 6308, 6306, 6362, 6352, 6353, 6352, 6398, 6403, 6398, 6402, 6403, 6531, 6405, 6576, 6284, 6285, 6286, 6700, 6663, 6699, 6664, 6663, 6700, 6663, 6170, 6699, 8027, 8047, 8046, 8532, 8767, 8531, 5416, 4595, 4637, 7202, 7100, 7130, 2848, 2851, 2852, 2848, 2849, 2851, 2848, 2852, 2864, 2382, 2386, 2431, 2397, 2393, 2396, 2394, 2395, 2399, 2395, 2398, 2399, 2429, 2384, 2440, 7857, 7855, 7856, 2703, 2669, 2660, 7790, 7791, 1762, 6915, 6918, 6944, 3129, 3131, 3141, 8557, 8350, 8818, 8162, 8159, 8350, 8162, 8161, 8159, 8784, 8850, 8824, 8784, 8860, 8850, 8860, 8352, 8850, 8204, 8198, 8202, 8197, 8195, 8194, 8153, 8365, 8152, 6390, 6388, 6358, 6317, 6316, 6312, 6318, 6316, 6317, 6316, 6310, 6312, 6400, 6362, 6353, 6531, 6576, 6578, 6578, 6576, 6689, 6576, 6690, 6689, 6690, 6287, 6689, 6287, 6286, 6285, 6287, 6285, 6687, 6687, 6664, 6700, 6285, 6664, 6687, 6699, 6170, 5786, 6170, 5794, 5786, 8023, 8026, 8024, 8080, 8329, 8090, 7130, 7100, 7069, 7061, 7187, 7074, 2849, 2888, 2851, 2384, 2383, 2432, 2432, 2383, 2431, 2386, 2387, 2430, 2391, 2392, 2390, 2396, 2393, 2394, 7577, 8016, 8019, 2441, 2429, 2440, 2398, 2590, 2399, 1700, 1762, 1688, 1762, 7791, 7792, 7791, 7793, 7792, 7807, 7603, 7809, 3134, 1807, 3141, 7190, 7230, 7191, 7230, 7457, 7456, 7457, 8557, 8818, 8484, 8470, 8472, 8469, 8824, 8821, 8824, 8850, 8821, 8198, 8197, 8202, 8195, 8211, 8149, 8211, 8151, 8149, 8153, 8152, 8151, 8365, 5930, 5929, 6701, 6518, 6520, 6702, 6518, 6701, 6518, 6519, 6520, 6518, 6517, 6519, 6358, 6388, 6360, 6392, 6361, 6360, 6310, 6309, 6306, 6303, 6400, 6304, 3340, 3376, 3369, 6578, 6689, 0, 0, 6689, 6688, 6689, 6287, 6688, 6185, 6178, 6176, 6734, 6755, 6750, 6755, 6765, 6763, 8531, 8767, 7429, 7062, 7061, 7060, 2888, 2887, 2851, 2384, 2432, 2438, 2431, 2386, 2433, 2433, 2386, 2430, 2430, 2387, 2389, 2429, 2441, 2586, 2590, 2591, 2589, 2591, 2592, 2589, 8016, 7984, 7869, 2667, 2652, 2653, 2703, 2660, 2661, 7791, 7807, 7793, 7793, 7807, 7809, 6916, 6930, 6918, 7191, 7230, 7231, 7230, 7456, 7231, 7457, 8818, 7455, 8161, 8158, 8159, 8444, 8484, 8472, 8472, 8470, 8466, 8466, 8469, 8468, 8470, 8469, 8466, 8469, 8821, 8468, 4760, 4196, 4794, 8352, 8204, 8202, 8202, 8197, 8196, 8196, 8197, 8194, 3564, 3595, 3613, 3423, 3498, 3547, 8152, 8365, 5929, 6298, 6303, 6304, 6352, 6403, 6493, 6493, 6531, 6579, 6403, 6531, 6493, 6531, 6578, 6579, 6578, 0, 1, 0, 2, 1, 2, 6688, 6692, 2, 0, 6688, 6688, 6287, 6687, 6177, 6732, 6733, 6732, 6734, 6733, 5786, 5793, 5780, 8023, 8024, 8022, 7069, 7062, 7060, 7187, 7380, 7396, 2389, 2390, 2430, 2390, 2442, 2430, 2451, 2399, 2589, 2615, 2924, 2598, 2399, 2590, 2589, 8016, 7869, 8019, 7869, 7984, 7858, 7984, 7857, 7858, 7856, 2703, 2661, 7809, 7603, 7602, 7603, 7449, 7601, 7212, 7105, 6944, 7457, 7455, 7456, 8161, 8460, 8158, 8158, 8460, 8461, 8460, 8465, 8461, 8465, 8442, 8463, 8442, 8472, 8463, 8442, 8444, 8472, 8850, 8352, 8481, 6391, 6390, 6358, 6361, 6317, 6326, 6306, 6298, 6305, 6298, 6304, 6305, 6400, 6353, 6351, 6353, 6352, 6351, 6692, 6688, 6693, 6177, 6733, 6179, 5793, 6185, 5780, 6733, 6734, 6735, 6735, 6734, 6750, 6750, 6763, 6764, 6763, 6765, 8023, 7429, 7298, 7297, 7074, 7187, 7273, 2852, 2851, 2853, 7187, 7396, 7273, 7451, 7577, 7448, 2592, 2598, 2589, 7857, 7856, 7858, 7601, 7449, 7446, 7203, 7212, 7449, 3130, 3129, 3123, 3135, 3130, 3122, 8350, 8498, 8818, 8498, 8350, 8159, 8461, 8465, 8463, 8821, 8850, 8481, 8195, 8149, 8194, 6317, 6312, 6315, 6310, 6306, 6307, 6400, 6351, 6304, 6352, 6493, 6350, 6350, 6493, 6579, 6579, 6683, 6681, 6683, 6682, 6681, 6683, 6691, 6682, 6691, 6693, 6682, 6688, 6687, 6682, 6699, 5786, 5779, 5786, 5780, 5779, 6764, 6763, 8023, 8024, 8027, 8046, 8084, 8080, 8090, 8047, 8080, 8084, 7298, 7202, 7297, 7396, 7451, 7448, 2442, 2390, 2445, 2396, 2446, 2397, 2440, 2384, 2438, 2441, 2454, 2586, 2454, 2441, 2440, 2589, 2598, 2599, 8019, 7869, 7868, 7858, 7856, 7859, 7603, 7601, 7602, 6930, 6916, 6968, 6916, 6917, 6968, 6980, 7190, 7191, 6917, 7190, 6980, 8472, 8466, 8463, 8468, 8821, 8857, 8821, 8481, 8857, 4760, 4794, 4766, 8151, 8150, 8149, 5851, 6707, 5853, 6701, 6520, 6707, 3310, 3588, 3365, 6360, 6361, 6326, 6351, 6352, 6350, 6350, 6579, 6604, 6579, 6681, 6604, 6700, 6699, 6696, 6699, 5779, 6696, 6176, 6179, 5810, 6179, 6733, 5810, 5779, 5780, 5778, 5780, 6185, 5788, 6185, 6176, 5788, 7146, 7202, 7130, 7060, 7061, 7059, 7061, 7074, 7059, 2864, 2852, 2863, 2433, 2430, 2436, 2430, 2437, 2436, 2437, 2430, 2442, 2392, 2397, 2445, 2445, 2397, 2446, 2396, 2394, 2446, 2451, 2589, 2599, 2653, 2652, 2635, 7856, 2719, 7859, 7856, 2661, 2719, 2719, 2661, 2659, 2661, 2660, 2659, 2660, 2667, 2657, 2667, 2653, 2657, 1688, 1762, 1692, 7793, 7809, 7602, 7449, 7212, 7228, 7228, 6944, 7128, 7212, 6944, 7228, 3130, 3123, 3122, 3142, 3135, 3122, 6968, 6917, 6980, 7455, 8818, 8831, 8818, 8498, 8831, 8159, 8158, 8157, 8466, 8468, 8464, 8857, 8481, 8751, 8202, 8196, 8203, 8194, 8193, 8196, 3592, 3613, 3612, 8151, 8152, 8150, 8152, 5929, 5933, 6520, 6519, 6521, 6358, 6360, 6359, 6326, 6317, 6315, 6310, 6307, 6311, 6304, 6322, 6305, 6304, 6351, 6322, 6604, 6680, 6677, 6680, 6681, 6679, 6681, 6682, 6679, 5810, 6733, 6770, 6733, 6735, 6770, 6735, 6750, 6749, 6750, 6764, 6754, 8021, 8023, 8022, 4309, 3728, 4310, 8531, 7429, 7430, 5992, 5987, 5979, 2851, 2854, 2853, 2924, 2922, 2598, 2653, 2655, 2657, 2660, 2657, 2659, 7128, 6944, 6931, 6918, 6931, 6944, 6918, 6930, 6931, 3123, 3129, 3126, 7456, 7455, 7231, 8498, 8159, 8157, 8158, 8156, 8157, 8158, 8461, 8156, 8463, 8466, 8464, 8464, 8468, 8751, 8468, 8857, 8751, 8481, 8352, 8344, 8352, 8202, 8344, 8194, 8149, 8192, 6519, 6485, 6521, 6519, 6486, 6485, 6486, 6391, 6484, 6391, 6358, 6484, 6306, 6305, 6307, 3319, 3367, 3339, 6350, 6604, 6563, 6563, 6604, 6676, 6604, 6677, 6676, 6678, 6679, 6682, 6678, 6682, 6686, 6686, 6687, 6700, 6682, 6687, 6686, 5780, 5788, 5778, 6749, 6750, 6754, 3518, 3528, 3728, 7429, 7297, 7430, 2854, 2887, 2890, 2851, 2887, 2854, 2852, 2853, 2863, 7577, 8018, 7448, 2431, 2433, 2435, 2435, 2433, 2436, 2445, 2446, 2448, 2447, 2451, 2452, 2394, 2451, 2447, 7577, 8019, 8018, 2440, 2438, 2439, 2454, 2440, 2455, 2451, 2599, 2452, 7858, 7859, 7860, 2655, 2653, 2654, 7792, 7793, 7795, 7793, 7602, 7795, 7449, 7228, 7446, 8461, 8463, 8462, 8751, 8481, 8344, 8344, 8202, 8203, 8152, 5933, 8150, 6707, 6520, 6522, 6520, 6521, 6522, 6360, 6326, 6359, 6351, 6350, 6322, 6676, 6674, 6563, 6676, 6675, 6674, 5778, 5788, 5784, 6735, 6749, 6746, 8046, 8045, 8024, 8046, 8047, 8045, 8090, 8329, 8376, 8329, 8531, 8501, 8531, 7430, 8501, 7070, 7130, 7069, 7069, 7060, 7058, 2438, 2432, 2439, 2432, 2431, 2434, 2446, 2394, 2447, 2599, 2598, 2600, 7868, 7869, 7860, 7869, 7858, 7860, 8461, 8462, 8156, 8463, 8464, 8462, 8464, 8751, 8583, 8751, 8344, 8583, 6521, 6485, 6523, 3313, 3341, 3362, 6310, 6311, 6312, 3337, 3371, 3319, 6349, 6350, 6563, 6322, 6350, 6349, 6563, 6674, 6672, 6686, 6675, 6678, 6700, 6696, 6695, 6696, 5777, 6695, 5809, 6770, 6742, 6770, 6735, 6742, 6735, 6746, 6742, 6746, 6749, 6754, 3728, 3545, 3676, 8045, 8047, 8061, 8047, 8084, 8061, 8376, 8329, 8501, 7297, 7202, 7201, 2863, 2853, 2865, 2436, 2437, 2444, 2439, 2432, 2434, 2431, 2435, 2434, 2440, 2439, 2455, 8019, 7868, 8018, 2586, 2454, 2455, 2599, 2600, 2601, 1692, 1762, 1695, 1762, 7792, 7794, 7792, 7795, 7794, 1616, 1513, 1614, 7446, 7228, 7342, 7128, 6931, 7129, 7231, 7455, 7376, 8831, 8498, 8500, 8498, 8157, 8500, 8344, 8203, 8345, 8192, 8149, 8147, 8150, 5933, 5902, 5933, 5877, 5902, 6522, 6521, 6523, 6486, 6484, 6485, 6307, 6305, 6328, 6328, 6305, 6330, 6305, 6322, 6332, 3337, 3336, 3378, 6563, 6672, 6562, 6672, 6674, 6673, 6674, 6675, 6673, 5800, 5809, 5808, 5778, 5784, 5781, 6754, 6764, 8029, 6764, 8021, 8029, 8021, 8022, 8028, 8022, 8024, 8025, 7202, 7146, 7201, 7146, 7130, 7070, 7059, 7074, 7273, 7396, 7448, 7395, 7448, 8018, 7528, 2437, 2443, 2444, 2443, 2445, 2450, 2445, 2448, 2450, 2448, 2446, 2449, 2446, 2447, 2449, 2452, 2453, 2447, 2452, 2599, 2601, 2635, 2586, 2617, 2657, 2655, 2656, 7859, 2719, 2718, 2718, 2659, 2658, 2719, 2659, 2718, 1762, 7794, 1869, 7446, 7342, 7601, 6930, 6968, 6932, 3123, 3126, 3125, 6968, 6980, 6974, 7455, 8831, 7376, 8831, 8500, 8853, 8462, 8464, 8467, 8583, 8344, 8426, 8426, 8344, 8345, 8345, 8203, 8245, 8245, 8203, 8196, 8193, 8194, 8192, 8149, 8150, 8140, 6707, 6522, 6524, 6522, 6523, 6524, 3313, 3361, 3345, 6307, 6328, 6329, 6330, 6305, 6332, 6332, 6322, 6347, 6322, 6349, 6347, 6349, 6563, 6562, 6697, 6700, 6694, 6686, 6700, 6697, 6700, 6695, 6694, 7070, 7069, 7058, 5973, 5971, 5975, 7060, 7059, 7058, 2853, 2855, 2865, 7273, 7396, 7395, 7448, 7528, 7395, 2598, 2922, 2752, 8018, 7868, 7999, 2586, 2455, 2617, 2658, 2657, 2656, 7228, 7128, 7129, 3125, 1819, 3149, 6930, 6932, 6931, 7191, 7231, 7243, 8157, 8156, 8155, 8196, 8193, 8245, 8193, 8192, 8245, 8149, 8140, 8147, 8150, 5902, 5927, 6523, 6485, 6490, 6358, 6359, 6341, 6359, 6326, 6327, 6312, 6311, 6313, 6307, 6329, 6311, 3335, 3346, 3357, 3336, 3357, 3373, 3335, 3357, 3336, 6671, 6672, 6673, 6670, 6672, 6671, 6684, 6686, 6697, 5808, 6742, 5801, 6746, 6754, 6745, 8029, 8021, 8028, 5440, 4602, 4634, 5396, 5440, 4634, 7059, 7273, 7247, 2855, 2854, 2858, 7273, 7395, 7247, 2439, 2434, 2512, 2453, 2452, 2601, 2658, 2656, 2662, 1695, 1869, 1703, 3123, 3125, 3118, 8831, 8853, 7376, 8157, 8155, 8500, 8156, 8462, 8467, 8583, 8426, 8538, 8245, 8192, 8246, 8246, 8192, 8148, 8150, 5927, 8140, 5902, 5847, 5927, 6485, 6484, 6356, 6329, 6328, 6330, 6330, 6332, 6333, 6332, 6347, 6333, 6347, 6349, 6562, 6742, 6746, 6745, 6745, 6754, 8029, 8061, 8084, 8089, 8084, 8090, 8089, 8376, 8501, 8550, 8501, 7430, 8550, 7430, 7297, 7296, 7297, 7201, 7296, 7058, 7059, 7057, 2863, 2865, 2866, 2436, 2444, 2497, 7602, 7601, 7572, 7228, 7129, 7236, 3118, 3125, 3124, 6968, 6974, 6969, 3122, 3115, 3140, 8192, 8147, 8148, 3618, 3627, 3608, 8140, 5927, 8141, 5927, 5847, 5819, 6359, 6327, 6341, 6326, 6315, 6314, 6315, 6312, 6314, 6314, 6312, 6313, 6329, 6330, 6331, 6333, 6347, 6348, 6671, 6685, 6598, 8029, 8028, 8053, 8028, 8022, 8025, 8025, 8024, 8045, 4602, 4501, 4582, 7201, 7171, 7296, 2890, 2891, 2858, 2865, 2855, 2866, 7395, 7528, 7500, 2434, 2435, 2507, 2444, 2443, 2504, 2447, 2453, 2511, 2455, 2439, 2520, 2455, 2520, 2617, 7859, 2718, 2663, 2718, 2658, 2663, 2658, 2662, 2663, 7795, 7602, 7572, 7601, 7342, 7572, 1614, 1424, 1619, 7342, 7228, 7236, 3124, 3125, 3149, 7191, 7121, 6980, 7376, 8853, 7375, 8156, 8154, 8155, 8156, 8467, 8154, 8538, 8426, 8551, 8426, 8345, 8347, 8148, 8147, 8139, 8147, 8140, 8139, 6484, 6358, 6356, 6358, 6341, 6356, 6326, 6314, 6327, 6331, 6330, 6333, 6348, 6347, 6596, 6596, 6670, 6669, 6670, 6671, 6669, 6698, 6684, 6697, 6685, 6684, 6698, 5797, 5801, 6739, 5801, 6741, 6739, 6741, 6745, 6748, 6748, 6745, 6762, 6762, 6745, 8029, 7146, 7070, 7071, 7070, 7058, 7055, 7057, 7059, 7247, 2434, 2507, 2512, 2504, 2443, 2503, 2443, 2450, 2503, 2449, 2447, 2500, 2439, 2512, 2520, 7999, 7868, 7861, 7868, 7860, 7861, 2635, 2617, 2721, 2656, 2654, 2691, 1703, 1869, 1702, 7795, 7572, 7796, 7342, 7236, 7321, 6931, 6932, 7129, 6968, 6969, 6932, 8500, 8155, 8499, 8345, 8245, 8347, 8245, 8246, 8346, 3608, 3627, 3616, 5927, 5819, 5871, 6485, 6356, 6490, 6313, 6311, 6334, 6342, 6333, 6348, 6348, 6596, 6595, 5775, 5781, 5771, 6739, 6741, 6748, 6762, 8029, 8053, 8050, 8053, 8025, 8053, 8028, 8025, 3535, 3734, 3738, 3738, 3734, 3719, 8025, 8045, 8044, 8550, 7430, 7432, 2752, 2921, 2630, 2511, 2453, 2602, 2617, 2520, 2616, 2453, 2601, 2602, 2601, 2600, 2602, 2617, 2616, 2721, 7861, 7859, 2960, 7860, 7859, 7861, 2654, 2635, 2691, 7859, 2664, 2960, 7859, 2663, 2664, 2663, 2662, 2664, 2656, 2691, 2662, 7794, 7795, 7796, 7342, 7527, 7572, 7129, 6932, 7127, 8853, 8500, 8499, 8467, 8538, 8551, 4767, 4778, 4761, 8140, 8141, 8112, 8141, 5927, 5871, 6706, 6524, 6529, 6341, 6327, 6339, 6334, 6311, 6329, 6348, 6595, 6342, 6595, 6596, 6594, 6594, 6596, 6598, 6596, 6669, 6598, 6597, 6598, 6698, 6598, 6685, 6698, 6739, 6748, 6747, 6748, 6761, 6747, 6748, 6762, 6761, 3488, 3410, 3533, 3536, 3734, 3535, 8089, 8090, 8376, 5383, 5423, 5382, 5383, 4634, 5423, 7430, 7296, 7432, 7201, 7146, 7071, 7070, 7055, 7071, 7057, 7247, 7246, 7247, 7395, 7373, 2435, 2497, 2507, 2497, 2504, 2507, 2503, 2450, 2501, 2450, 2448, 2502, 2500, 2447, 2510, 2447, 2511, 2510, 2520, 2512, 2517, 8018, 7999, 7975, 7999, 7861, 7975, 2635, 2721, 2691, 7794, 7796, 1892, 7527, 7342, 7321, 3115, 3118, 3114, 7191, 7243, 7206, 7376, 7375, 7243, 7375, 8853, 7506, 8853, 8499, 7506, 8499, 8155, 8146, 8551, 8426, 8130, 8426, 8347, 8130, 8347, 8245, 8346, 8141, 5871, 5891, 6529, 6524, 6526, 6524, 6525, 6526, 6524, 6523, 6525, 6356, 6341, 6340, 6329, 6331, 6344, 6343, 6331, 6342, 6331, 6333, 6342, 6598, 6597, 6594, 6597, 6698, 5811, 5209, 5259, 5206, 5970, 5974, 5972, 7055, 7058, 7057, 2891, 2892, 2860, 2858, 2891, 2860, 7500, 7528, 8012, 7528, 8018, 8012, 2616, 2520, 2521, 2600, 2630, 2608, 2662, 2691, 2692, 1702, 7794, 1892, 3114, 3124, 3127, 3118, 3124, 3114, 7121, 7191, 7206, 7375, 7506, 7374, 8154, 8551, 8130, 8346, 8246, 8145, 3576, 3616, 4853, 8112, 8141, 8239, 8141, 5891, 8239, 6523, 6490, 6491, 6340, 6341, 6339, 6335, 6313, 6334, 6344, 6331, 6343, 6343, 6342, 6533, 6342, 6593, 6533, 6593, 6595, 6594, 5772, 5771, 5770, 6740, 6739, 6747, 6761, 6762, 8053, 8042, 8025, 8044, 7171, 7201, 7131, 7201, 7071, 7131, 7247, 7373, 7246, 2855, 2858, 2859, 2504, 2503, 2501, 2691, 2721, 2692, 2664, 2662, 2665, 2662, 2692, 2665, 1702, 1892, 1711, 7796, 7572, 7798, 7236, 7129, 7127, 3145, 3115, 3116, 6980, 7121, 6974, 8499, 8146, 8537, 8155, 8154, 8146, 8154, 8130, 8146, 8246, 8148, 8145, 8139, 8140, 8112, 3576, 4853, 3604, 6523, 6491, 6525, 6339, 6314, 6319, 6327, 6314, 6339, 6314, 6313, 6319, 6338, 6334, 6344, 6334, 6329, 6344, 6533, 6593, 6590, 6593, 6594, 6592, 6594, 6597, 6592, 6747, 6761, 6760, 8050, 8025, 8042, 7071, 7055, 7054, 2859, 2858, 2860, 7395, 7500, 7419, 2517, 2512, 2513, 2502, 2500, 2515, 2510, 2511, 2537, 2520, 2517, 2521, 2511, 2602, 2537, 7975, 7861, 7875, 2960, 2664, 2666, 2664, 2665, 2666, 1892, 7796, 7797, 7796, 7798, 7797, 7572, 7527, 7550, 7321, 7236, 7320, 6932, 6969, 6970, 7506, 8499, 8537, 8148, 8139, 8145, 6490, 6356, 6355, 6319, 6313, 6335, 6335, 6334, 6338, 6345, 6343, 6532, 6343, 6533, 6532, 6533, 6590, 6532, 6592, 6597, 5815, 6597, 5811, 5815, 5807, 6740, 6727, 6740, 6747, 6743, 6747, 6760, 6743, 6760, 6761, 8066, 3409, 3550, 3410, 6761, 8053, 8030, 8089, 8376, 8374, 7432, 7296, 7295, 7055, 7057, 7056, 2860, 2892, 2907, 7373, 7395, 7419, 2507, 2508, 2509, 2507, 2506, 2508, 2506, 2504, 2505, 2504, 2501, 2505, 8012, 7975, 7981, 1711, 1892, 1705, 7798, 7572, 7579, 7572, 7550, 7579, 7527, 7321, 7320, 7236, 7127, 7237, 3127, 3146, 3147, 6970, 6969, 6974, 3116, 3114, 3117, 7243, 7374, 7274, 7243, 7375, 7374, 8347, 8346, 8128, 8346, 8145, 8144, 8239, 5891, 5897, 3604, 3620, 3601, 6491, 6490, 6355, 6356, 6340, 6355, 6339, 6319, 6336, 6344, 6343, 6345, 6727, 6740, 6743, 6743, 6760, 6759, 3549, 3735, 3573, 8045, 8060, 8044, 8045, 8061, 8060, 8376, 8550, 8549, 8550, 7432, 8549, 7056, 7057, 7246, 2867, 2859, 2869, 2512, 2509, 2513, 2501, 2502, 2514, 2502, 2515, 2514, 2521, 2517, 2522, 2616, 2521, 2522, 2602, 2604, 2603, 2602, 2608, 2604, 7875, 7861, 2960, 1892, 7797, 1887, 7236, 7237, 7320, 3114, 3127, 3117, 3117, 3127, 3128, 8130, 8129, 8146, 8129, 8130, 8128, 8130, 8347, 8128, 8112, 8239, 8240, 8239, 5897, 8240, 5897, 5891, 5852, 5897, 5852, 5881, 5881, 5852, 5842, 6526, 6525, 6527, 3601, 3620, 3602, 6525, 6491, 6534, 6336, 6319, 6335, 6591, 6592, 5815, 6759, 6760, 8066, 8066, 6761, 8030, 8030, 8053, 8050, 8042, 8044, 8043, 7053, 7055, 7056, 2501, 2516, 2505, 2501, 2514, 2516, 2537, 2602, 2603, 2616, 2522, 2722, 2721, 2722, 2697, 2721, 2616, 2722, 1705, 1892, 1887, 7798, 7579, 7799, 7127, 6932, 6971, 6932, 6970, 6971, 7243, 7274, 7206, 8346, 8144, 8128, 8139, 8112, 8111, 8111, 8112, 8110, 8112, 8240, 8110, 6529, 6526, 6527, 6527, 6525, 6528, 6525, 6534, 6528, 6491, 6355, 6534, 6340, 6339, 6336, 6338, 6344, 6345, 6589, 6590, 6591, 6727, 6744, 6726, 6744, 6743, 6758, 6743, 6759, 6758, 6759, 8066, 6758, 3551, 3737, 3735, 8050, 8042, 8032, 8061, 8089, 8060, 8549, 7432, 7433, 7432, 7295, 7433, 7054, 7055, 7053, 2513, 2509, 2536, 2508, 2506, 2528, 2500, 2510, 2518, 2510, 2519, 2518, 2519, 2537, 2551, 2510, 2537, 2519, 2517, 2513, 2545, 2630, 2923, 2765, 2630, 2765, 2604, 7875, 2960, 7876, 2960, 2666, 2684, 1705, 1887, 1708, 7527, 7320, 7520, 6970, 6974, 6972, 8144, 8145, 8122, 8145, 8139, 8111, 5897, 5881, 5752, 3602, 4867, 3603, 6355, 6340, 6354, 6335, 6337, 6336, 6335, 6338, 6337, 6338, 6345, 6346, 6345, 6532, 6588, 6532, 6589, 6588, 6584, 6589, 6587, 6589, 6591, 6587, 6591, 5815, 5812, 6744, 6758, 6757, 8374, 8376, 8549, 7296, 7171, 7295, 7051, 7071, 7054, 7054, 7053, 7051, 7053, 7056, 7099, 2859, 2860, 2868, 2545, 2513, 2536, 2509, 2508, 2528, 2528, 2506, 2527, 2522, 2517, 2545, 7981, 7975, 7877, 7877, 7875, 7876, 7975, 7875, 7877, 7876, 2960, 2684, 2665, 2692, 2697, 2666, 2665, 2684, 7797, 7798, 7799, 6974, 7121, 6990, 7206, 7119, 7121, 7119, 7206, 7232, 7206, 7274, 7232, 7374, 7506, 7377, 7506, 8537, 7507, 8146, 8411, 8537, 8146, 8129, 8411, 8145, 8111, 8122, 6534, 6355, 6540, 6340, 6336, 6354, 6337, 6338, 6346, 6345, 6588, 6346, 6588, 6589, 6584, 6587, 6591, 5812, 5802, 5805, 6723, 6723, 6726, 6744, 3570, 3741, 3737, 5337, 5423, 5332, 7171, 7132, 7295, 7132, 7171, 7131, 2860, 2908, 2868, 7419, 7500, 7540, 2506, 2505, 2527, 2505, 2516, 2526, 2516, 2514, 2525, 2522, 2545, 2549, 2537, 2603, 2605, 8012, 7981, 7980, 7876, 2684, 2952, 2665, 2697, 2685, 1708, 1887, 1709, 7797, 7799, 1887, 7550, 7527, 7549, 7549, 7527, 7520, 7127, 6971, 7091, 3128, 3147, 3148, 6972, 6974, 6990, 6990, 7121, 7119, 8128, 8144, 8124, 8124, 8144, 8122, 8240, 5897, 5756, 6527, 6528, 6542, 6528, 6534, 6542, 6534, 6540, 6542, 3568, 3603, 3609, 6355, 6354, 6540, 6336, 6337, 6354, 6587, 5812, 5766, 6757, 8066, 8065, 6757, 6758, 8066, 3570, 3598, 3741, 3729, 3742, 3731, 8044, 8060, 8059, 8085, 8089, 8374, 7056, 7373, 7345, 7056, 7246, 7373, 2859, 2868, 2869, 2603, 2604, 2605, 2952, 2684, 2686, 2684, 2665, 2685, 1887, 7799, 7800, 7579, 7551, 7799, 7579, 7550, 7551, 7520, 7320, 7319, 7320, 7237, 7319, 7274, 7377, 7302, 7274, 7374, 7377, 8537, 8563, 7507, 8537, 8411, 8563, 8110, 8240, 8106, 8240, 5756, 8106, 5747, 5740, 5733, 6527, 5742, 5740, 6527, 6542, 5742, 6542, 6540, 6543, 3568, 3609, 3559, 6540, 6354, 6541, 6354, 6536, 6541, 6354, 6337, 6536, 6337, 6346, 6536, 6584, 6587, 6585, 6587, 5766, 6585, 5792, 5802, 5796, 5796, 6723, 6724, 5802, 6723, 5796, 6723, 6751, 6724, 6723, 6744, 6751, 8374, 8549, 7447, 7433, 7295, 7353, 2869, 2868, 2870, 7373, 7419, 7394, 7419, 7540, 7504, 2526, 2516, 2525, 2525, 2514, 2530, 2514, 2524, 2530, 2514, 2515, 2524, 2515, 2518, 2524, 2518, 2519, 2523, 7540, 8012, 7980, 2684, 2685, 2686, 1887, 7800, 1888, 7551, 7550, 7549, 1624, 1539, 1595, 7127, 7091, 7237, 6970, 6972, 6971, 3119, 3128, 3150, 8563, 8411, 8412, 8111, 8110, 8108, 5752, 5748, 5751, 6543, 6541, 6545, 6536, 6549, 6548, 6536, 6346, 6549, 6549, 6588, 6584, 6744, 6756, 6751, 6756, 6757, 8064, 6744, 6757, 6756, 6757, 8065, 8064, 8065, 8066, 8041, 3726, 3727, 3598, 8066, 8030, 8041, 3731, 3740, 3724, 8030, 8050, 8032, 8043, 8044, 8056, 8059, 8060, 8085, 8549, 7433, 7447, 2868, 2908, 2910, 2545, 2536, 2544, 2551, 2537, 2606, 7980, 7981, 7877, 7878, 7876, 2953, 7877, 7876, 7878, 7876, 2952, 2953, 2685, 2697, 2709, 2697, 2756, 2709, 3119, 3150, 3153, 6972, 6990, 6973, 7274, 7302, 7232, 7507, 8563, 8852, 8412, 8129, 8125, 8129, 8128, 8125, 8128, 8124, 8125, 8122, 8111, 8108, 8110, 8106, 8108, 5756, 8105, 8106, 5756, 5751, 8105, 5742, 6542, 6543, 5742, 6543, 6544, 6543, 6545, 6544, 6541, 6536, 6545, 3614, 3623, 3396, 6536, 6548, 6545, 6549, 6584, 6582, 6582, 6584, 6583, 6584, 6585, 6583, 6724, 6751, 6725, 8030, 8032, 8031, 8032, 8042, 8043, 4598, 4597, 5432, 7353, 7295, 7293, 7053, 7099, 7052, 7056, 7345, 7099, 7345, 7373, 7394, 2869, 2871, 2934, 2933, 2869, 2934, 2528, 2529, 2509, 2518, 2523, 2524, 2537, 2607, 2606, 2537, 2605, 2607, 2605, 2765, 2609, 7980, 7877, 7878, 2697, 2722, 2755, 2756, 2697, 2755, 2953, 2952, 2686, 1709, 1888, 1712, 1888, 7800, 7802, 7799, 7551, 7549, 6972, 6973, 6971, 3119, 3153, 3120, 3155, 3120, 3153, 7377, 7507, 8852, 5742, 5722, 5723, 5742, 6544, 5722, 6544, 6545, 6546, 6545, 6548, 6547, 6583, 5769, 5813, 6583, 6585, 5769, 5761, 5759, 5757, 5761, 5762, 5759, 5759, 5787, 5785, 8064, 8065, 8041, 8085, 8374, 8375, 7293, 7295, 7152, 7295, 7132, 7152, 7132, 7131, 7051, 7051, 7053, 7052, 2868, 2910, 2879, 2870, 2868, 2878, 7394, 7419, 7504, 2549, 2545, 2544, 2607, 2605, 2609, 2722, 2757, 2755, 2688, 2685, 2709, 2953, 2686, 2689, 2686, 2685, 2688, 7800, 7801, 7802, 7800, 7799, 7801, 7799, 7549, 7801, 3151, 3148, 1828, 3150, 3148, 3151, 3153, 3150, 3152, 5081, 3179, 3187, 8124, 8123, 8125, 8123, 8124, 8122, 8122, 8108, 8121, 6544, 5719, 5722, 6544, 6546, 5719, 6546, 6545, 6547, 6548, 6549, 6547, 6547, 6549, 6582, 6547, 6582, 6583, 5759, 5785, 5760, 5787, 5790, 5785, 8044, 8059, 8056, 8375, 8374, 7447, 7433, 7353, 7447, 2878, 2868, 2879, 2871, 2870, 2878, 2536, 2509, 2534, 2534, 2509, 2535, 2524, 2523, 2538, 2519, 2551, 2541, 2551, 2606, 2541, 2757, 2549, 2550, 2549, 2544, 2550, 7540, 7965, 7569, 7540, 7980, 7965, 2686, 2688, 2689, 7549, 7520, 7547, 7520, 7319, 7318, 7319, 7237, 7318, 3152, 3150, 3151, 7232, 7302, 7233, 8412, 8125, 8427, 8123, 8122, 8121, 8106, 8105, 8102, 5719, 6546, 5725, 6546, 6547, 5725, 6547, 6583, 6586, 6583, 5813, 5814, 5757, 5759, 5758, 5790, 6725, 5795, 6751, 6756, 8037, 6756, 8064, 8037, 8032, 8043, 8051, 8375, 7447, 8566, 7447, 7353, 7352, 7132, 7051, 7073, 7051, 7050, 7049, 7051, 7052, 7050, 7052, 7099, 7207, 7504, 7540, 7569, 2527, 2533, 2531, 2544, 2536, 2543, 2509, 2529, 2535, 2523, 2519, 2538, 2519, 2541, 2538, 7980, 7878, 7965, 2756, 2755, 2709, 1626, 1624, 1596, 7237, 7091, 7179, 7091, 6971, 6973, 7091, 6973, 7090, 3167, 3155, 3166, 7377, 8852, 7422, 8108, 8107, 8121, 5751, 8480, 8105, 5751, 5744, 8480, 8480, 5744, 5728, 6547, 6586, 5725, 5725, 6586, 5727, 6586, 5814, 5727, 6728, 6725, 6752, 5795, 6725, 6728, 6725, 6751, 6752, 6751, 8037, 6752, 3667, 3668, 3662, 5331, 5324, 5210, 2879, 2910, 2882, 2543, 2536, 2534, 2529, 2527, 2531, 2526, 2525, 2532, 2524, 2538, 2539, 2606, 2607, 2610, 1712, 1888, 1713, 7802, 7801, 7803, 7801, 7549, 7547, 7318, 7237, 7179, 7091, 7090, 7179, 3152, 3151, 3154, 7119, 7232, 7117, 7302, 7377, 7422, 8563, 8412, 8775, 8412, 8427, 8775, 8108, 8106, 8107, 8106, 8102, 8107, 5714, 5715, 5700, 5764, 5795, 5738, 8037, 8064, 8041, 8031, 8032, 8051, 8051, 8043, 8056, 7207, 7099, 7345, 2878, 2879, 2882, 7345, 7394, 7388, 2533, 2526, 2532, 2550, 2544, 2543, 2607, 2609, 2610, 7965, 7878, 7879, 7878, 2953, 2954, 2953, 2690, 2954, 2953, 2689, 2690, 3152, 3154, 3171, 3166, 3152, 3171, 6990, 7119, 7117, 8102, 8105, 8101, 8480, 5728, 8160, 5699, 5700, 5701, 5700, 5703, 5701, 8041, 8030, 8033, 8030, 8031, 8033, 8085, 8375, 8402, 4597, 4593, 4625, 8566, 7447, 7450, 7447, 7352, 7450, 7353, 7293, 7352, 7152, 7132, 7073, 2882, 2910, 2917, 7388, 7394, 7499, 7394, 7504, 7499, 2532, 2530, 2540, 2540, 2530, 2539, 2541, 2606, 2816, 2606, 2610, 2816, 2610, 2814, 2815, 7569, 7965, 7966, 2688, 2709, 2694, 2689, 2688, 2690, 1713, 6786, 6787, 7802, 7803, 6786, 7520, 7318, 7525, 6973, 6990, 6996, 7302, 7341, 7233, 7302, 7422, 7341, 8125, 8123, 8126, 8121, 8107, 8103, 8105, 8480, 8160, 8160, 5728, 5736, 5728, 5711, 5736, 5699, 5702, 5707, 5710, 5738, 5735, 5735, 6752, 6753, 5735, 6728, 6752, 6752, 8037, 8333, 3663, 3661, 3662, 6019, 6018, 6015, 6013, 6024, 2970, 2878, 2882, 2883, 2539, 2546, 2548, 2610, 2815, 2816, 7966, 7965, 7879, 2709, 2755, 2710, 2690, 2688, 2694, 7547, 7520, 7546, 6973, 6996, 7090, 7117, 7232, 7233, 8852, 8775, 7508, 8125, 8126, 8427, 8126, 8123, 8127, 8123, 8131, 8127, 8131, 8123, 8121, 8131, 8121, 8103, 8105, 8160, 8101, 8160, 8100, 8101, 8160, 5736, 8100, 5709, 5735, 6753, 8037, 8041, 8033, 8051, 8056, 8057, 8056, 8059, 8076, 8059, 8085, 8076, 8402, 8375, 8566, 7450, 7352, 7292, 2540, 2539, 2548, 2546, 2541, 2554, 2554, 2541, 2816, 2550, 2543, 2572, 2694, 2709, 2710, 7803, 7801, 7804, 7801, 7547, 7804, 1627, 1596, 1570, 1626, 1596, 1627, 7546, 7520, 7525, 7179, 7090, 7180, 7422, 8852, 7508, 8584, 8427, 8126, 8107, 8102, 8103, 8102, 8104, 8103, 8102, 8101, 8104, 8100, 5736, 8336, 5736, 5729, 8336, 5729, 5730, 8336, 5730, 5708, 8336, 5708, 6769, 8336, 6769, 6753, 8334, 6753, 6752, 8334, 8334, 6752, 8333, 3664, 3655, 3661, 8085, 8402, 8076, 7293, 7152, 7151, 7049, 7050, 7048, 6017, 6016, 6015, 7050, 7052, 7207, 2883, 2882, 2903, 2534, 2535, 2559, 2531, 2557, 2535, 7879, 2954, 2957, 2957, 2690, 2706, 6786, 7803, 7804, 7804, 7547, 7546, 7525, 7318, 7306, 3154, 2985, 3171, 3172, 3171, 2985, 3168, 3166, 3172, 3167, 3166, 3168, 6996, 6990, 6995, 6990, 7117, 6993, 8427, 8584, 8775, 8100, 8336, 8097, 4662, 4711, 4698, 8336, 6769, 8335, 6769, 8334, 8335, 8333, 8037, 8036, 8037, 8033, 8036, 8033, 8031, 8034, 8057, 8056, 8076, 8402, 8566, 8585, 7292, 7352, 7293, 6016, 2968, 6024, 2882, 2904, 2903, 2543, 2534, 2559, 2548, 2546, 2552, 2546, 2554, 2552, 7966, 7879, 7880, 2690, 2694, 2706, 7804, 7546, 7964, 7318, 7179, 7306, 7179, 7180, 7306, 7090, 6996, 7089, 7422, 7508, 7339, 8584, 8126, 8404, 8126, 8127, 8404, 8103, 8104, 8134, 8101, 8100, 8098, 8100, 8097, 8098, 8336, 8335, 8097, 4698, 4711, 4773, 8036, 8033, 8035, 8076, 8402, 8403, 8585, 8566, 7439, 8566, 7450, 7439, 7152, 7073, 7151, 6018, 6002, 6021, 6016, 3846, 2968, 2917, 2968, 2940, 2531, 2533, 2557, 2555, 2540, 2561, 2561, 2540, 2553, 2540, 2548, 2553, 2554, 2816, 2822, 2572, 2543, 2573, 7879, 2957, 7880, 7090, 7089, 7180, 7089, 6996, 6995, 6990, 6993, 6995, 3170, 3168, 3175, 7233, 7341, 7258, 7341, 7422, 7339, 7508, 8775, 7509, 8104, 8101, 8099, 8101, 8098, 8099, 8335, 8036, 8097, 8335, 8334, 8036, 8334, 8333, 8036, 8035, 8033, 8034, 3658, 5550, 3673, 7293, 7151, 7292, 7048, 7050, 7188, 7207, 7345, 7343, 2947, 2883, 2948, 7569, 7986, 7555, 2766, 2572, 2626, 7569, 7966, 7986, 7966, 7880, 7986, 2710, 2755, 2766, 2957, 2706, 2736, 2706, 2694, 2707, 6785, 6786, 6784, 6786, 7804, 6784, 7964, 7546, 7604, 7546, 7560, 7604, 7546, 7525, 7560, 7117, 7233, 7118, 8404, 8127, 8132, 8127, 8131, 8132, 8132, 8131, 8133, 8133, 8131, 8103, 8103, 8134, 8133, 8097, 8036, 8096, 8051, 8057, 8058, 7151, 7073, 7072, 6022, 6020, 6017, 7188, 7207, 7343, 7345, 7387, 7343, 7345, 7388, 7387, 7388, 7499, 7387, 2533, 2555, 2556, 2573, 2543, 2564, 2822, 2816, 2819, 2572, 2573, 2626, 2819, 2816, 2817, 2816, 2815, 2817, 2713, 2710, 2766, 2707, 2710, 2713, 2736, 2706, 2707, 6784, 7804, 6780, 7804, 7810, 6780, 7804, 7964, 7810, 1627, 1593, 1673, 7306, 7180, 7252, 3168, 3172, 3174, 3175, 3168, 3176, 7117, 7118, 6993, 7233, 7258, 7118, 7339, 7508, 7426, 7426, 7508, 7509, 8134, 8104, 8135, 8104, 8099, 8135, 8098, 8097, 8096, 8038, 8036, 8035, 3654, 3656, 3657, 8076, 8403, 8417, 8403, 8402, 8513, 8402, 8585, 8513, 8585, 7439, 7438, 7450, 7292, 7439, 7073, 7045, 7072, 7073, 7049, 7045, 7049, 7048, 7045, 2904, 2940, 2909, 2905, 2904, 2909, 2564, 2543, 2559, 2558, 2557, 2560, 2557, 2556, 2560, 2815, 2818, 2817, 2815, 2939, 2818, 7560, 7525, 7524, 7525, 7306, 7524, 7306, 7252, 7307, 7252, 7180, 7178, 7180, 7089, 7178, 3174, 3172, 2984, 3168, 3174, 3176, 6995, 6993, 6991, 7258, 7339, 7257, 7339, 7340, 7257, 8404, 8132, 8405, 8135, 8099, 8138, 8098, 8096, 8099, 8096, 8036, 8095, 8095, 8036, 8038, 8031, 8051, 8052, 8417, 8403, 8513, 8513, 8585, 7438, 7439, 7292, 7291, 6023, 3846, 6020, 7387, 7499, 7555, 2555, 2561, 2565, 2552, 2563, 2562, 2554, 2822, 2563, 2573, 2574, 2626, 2817, 2818, 2819, 7986, 7880, 7882, 2707, 2713, 2714, 7089, 6995, 6991, 3185, 3175, 3177, 6993, 7118, 6994, 7339, 7426, 7340, 8584, 8404, 8782, 8782, 8404, 8405, 8133, 8134, 8132, 8134, 8135, 8136, 8038, 8035, 8039, 8034, 8031, 8052, 8058, 8057, 8191, 8057, 8076, 8191, 2559, 2560, 2570, 2555, 2565, 2566, 7555, 7986, 7885, 7885, 7986, 7882, 7880, 2957, 7881, 2736, 2707, 2715, 2707, 2714, 2715, 6780, 7810, 6782, 7964, 7604, 7962, 7306, 7307, 7524, 3175, 3176, 3177, 7118, 7258, 7257, 7426, 7509, 7486, 7509, 8584, 7486, 7486, 8584, 8782, 8099, 8096, 8109, 8096, 8095, 8109, 3723, 3722, 3699, 3699, 3722, 3698, 3699, 3698, 3697, 8191, 8076, 8417, 7438, 7439, 7305, 7047, 7048, 7165, 7045, 7048, 7047, 7165, 7048, 7166, 7048, 7188, 7166, 7343, 7387, 7381, 7387, 7498, 7381, 2556, 2566, 2568, 2565, 2561, 2562, 2561, 2553, 2562, 2957, 2715, 7881, 2957, 2736, 2715, 7810, 7964, 7963, 1673, 1593, 1674, 7524, 7307, 7530, 7178, 7089, 7106, 7089, 6991, 7106, 3176, 3174, 3213, 7340, 7426, 7325, 7426, 7486, 7427, 8405, 8132, 8142, 8132, 8134, 8142, 8134, 8136, 8142, 8099, 8109, 8138, 8095, 8038, 8074, 8039, 8035, 8040, 8035, 8034, 8040, 8034, 8052, 8040, 8052, 8051, 8058, 8513, 7438, 7437, 7439, 7291, 7305, 7291, 7292, 7150, 7292, 7151, 7150, 7151, 7072, 7150, 7166, 7188, 7276, 7188, 7343, 7276, 7387, 7555, 7498, 2559, 2571, 2564, 2565, 2562, 2576, 2562, 2563, 2575, 2563, 2822, 2821, 2822, 2819, 2821, 2818, 2944, 2820, 2766, 2767, 2723, 2713, 2766, 2723, 7964, 7962, 7963, 7604, 7560, 7561, 7560, 7524, 7561, 7325, 7426, 7427, 8782, 8405, 8582, 8136, 8135, 8137, 8095, 8074, 8109, 8038, 8039, 8074, 3686, 3688, 3687, 8058, 8191, 8092, 6023, 6027, 3844, 7276, 7343, 7381, 2948, 2906, 2920, 2626, 2574, 2614, 2819, 2818, 2820, 7882, 7881, 7883, 2714, 2713, 2723, 2715, 2714, 2716, 6782, 7810, 6788, 7810, 7963, 6788, 7604, 7561, 7962, 7561, 7524, 7530, 7530, 7307, 7350, 3213, 2984, 2983, 6991, 6993, 6992, 3177, 3176, 3210, 6993, 6994, 6992, 7340, 7325, 7257, 8142, 8136, 8143, 8136, 8137, 8143, 8137, 8135, 8138, 8039, 8040, 8075, 8052, 8058, 8092, 7047, 7165, 7164, 2955, 2966, 2961, 2906, 2919, 2920, 2568, 2566, 2567, 2576, 2562, 2578, 2578, 2562, 2579, 2579, 2562, 2575, 2575, 2563, 2821, 7885, 7882, 7883, 7883, 7881, 2965, 2965, 7881, 2715, 6782, 6788, 6783, 1674, 1594, 1607, 7307, 7252, 7350, 6991, 6997, 7106, 7118, 7257, 7120, 8782, 8582, 7486, 8109, 8087, 8138, 8087, 8109, 8074, 8074, 8039, 8075, 8092, 8191, 8514, 8417, 8513, 8514, 8513, 7437, 8514, 7437, 7438, 7305, 7305, 7291, 7154, 7291, 7150, 7153, 6025, 6028, 6027, 6031, 6028, 6025, 2571, 2570, 2581, 2581, 2570, 2580, 2570, 2569, 2580, 2565, 2577, 2567, 2565, 2576, 2577, 2575, 2585, 2579, 2564, 2571, 2587, 7555, 7976, 7990, 2819, 2820, 2821, 7555, 7885, 7976, 7885, 7883, 7884, 6788, 7963, 7960, 7962, 7561, 7588, 7561, 7530, 7588, 7252, 7178, 7106, 3209, 3210, 3233, 7118, 7120, 6994, 7257, 7325, 7249, 7427, 7428, 7325, 7427, 7486, 7428, 8582, 8142, 8540, 8142, 8143, 8540, 8138, 8087, 8137, 8191, 8417, 8514, 4609, 4488, 4614, 7437, 7305, 7288, 7291, 7153, 7154, 7072, 7045, 7043, 6027, 6028, 6029, 7165, 7166, 7164, 7166, 7276, 7164, 2919, 2961, 2941, 7276, 7381, 7378, 7381, 7498, 7378, 2575, 2824, 2585, 2614, 2564, 2613, 2575, 2821, 2824, 2820, 2944, 2823, 7976, 7885, 7884, 2723, 2767, 2812, 2716, 2723, 2738, 2965, 2715, 2740, 2715, 2716, 2740, 7963, 7962, 7960, 7106, 6997, 7137, 3213, 2983, 3232, 6991, 6992, 6997, 3213, 3232, 3176, 3176, 3232, 3233, 7120, 7257, 7249, 7325, 7428, 7324, 7486, 7485, 7428, 7486, 8582, 7485, 7484, 8582, 8540, 4751, 4786, 4753, 8540, 8143, 8418, 3716, 3744, 3743, 3716, 3743, 3711, 8040, 8052, 8088, 8052, 8092, 8093, 8093, 8092, 8514, 5438, 5439, 5310, 5192, 5309, 5190, 6029, 3842, 3843, 7164, 7276, 7275, 7498, 7990, 7991, 2569, 2583, 2580, 2583, 2569, 2582, 2577, 2576, 2578, 2821, 2823, 2824, 2821, 2820, 2823, 7884, 7883, 2965, 2740, 2716, 2738, 7350, 7252, 7349, 3232, 2983, 2982, 6992, 6994, 7002, 8582, 7484, 7485, 8143, 8137, 8418, 8137, 8332, 8418, 8137, 8087, 8332, 8074, 8075, 8086, 8075, 8040, 8086, 8040, 8088, 8086, 8052, 8093, 8088, 7153, 7150, 7043, 2920, 2941, 2942, 7378, 7498, 7489, 2920, 2964, 2945, 2587, 2571, 2581, 2568, 2567, 2584, 2767, 2946, 2812, 2723, 2812, 2739, 6788, 7960, 6789, 7962, 7961, 7960, 7962, 7588, 7961, 7588, 7530, 7541, 7530, 7350, 7541, 7252, 7106, 7263, 3233, 3232, 3235, 3200, 3198, 3201, 6994, 7120, 7002, 8332, 8087, 8086, 8087, 8074, 8086, 8093, 8514, 7444, 8514, 7437, 7443, 6034, 6032, 6028, 6029, 6030, 3842, 7275, 7276, 7378, 7498, 7991, 7489, 2577, 2578, 2588, 2588, 2578, 2579, 2614, 2613, 2835, 7990, 7976, 7886, 7976, 7884, 7886, 7886, 7884, 2965, 6788, 6789, 1727, 7588, 7541, 8003, 7350, 7349, 7541, 7252, 7263, 7349, 7106, 7137, 7263, 7137, 6997, 6992, 3235, 3232, 2982, 7120, 7249, 7088, 7484, 8540, 8783, 8540, 8418, 8548, 8514, 7443, 7444, 7443, 7437, 7287, 7437, 7288, 7287, 5311, 5412, 5286, 5311, 5439, 5412, 7288, 7305, 7155, 7305, 7154, 7155, 7043, 7045, 7041, 7045, 7047, 7046, 7047, 7164, 7163, 2941, 2961, 696, 2942, 2941, 696, 2581, 2580, 252, 2580, 2583, 238, 2583, 2582, 237, 2582, 2584, 233, 2585, 2824, 2825, 2823, 2945, 2826, 7886, 2965, 7887, 2965, 2740, 2742, 1727, 6789, 1761, 7588, 8003, 7961, 1676, 1607, 1881, 3233, 3235, 3234, 6992, 7002, 7003, 3209, 3218, 3201, 3209, 3234, 3218, 7120, 7088, 7002, 7324, 7248, 7249, 7324, 7428, 7304, 7428, 7485, 7425, 7485, 7484, 7425, 8540, 8548, 8783, 8418, 8332, 8548, 8332, 8086, 8478, 8086, 8475, 8478, 8086, 8088, 8475, 8088, 8093, 8533, 7445, 8093, 7444, 5412, 4612, 5415, 6034, 3806, 6032, 7041, 7045, 7046, 7164, 7275, 7163, 2961, 703, 696, 2942, 696, 697, 252, 2580, 238, 237, 2582, 236, 2582, 233, 236, 2567, 2577, 239, 2588, 2579, 243, 2585, 2612, 2579, 2613, 255, 2830, 2945, 2963, 2826, 2825, 2823, 2826, 7887, 2965, 2742, 2738, 2739, 2768, 2739, 2812, 2768, 2740, 2738, 2742, 6789, 7958, 6790, 6789, 7960, 7958, 7541, 7349, 7523, 7088, 7249, 7248, 7324, 7304, 7248, 7304, 7428, 7425, 7484, 8783, 7473, 4817, 4838, 4827, 8332, 8478, 8548, 8475, 8088, 8533, 8093, 7445, 8533, 5415, 4615, 5414, 7154, 7153, 7040, 3808, 3800, 3806, 7046, 7047, 7163, 2942, 697, 711, 2579, 2612, 243, 2612, 2585, 2825, 7991, 7990, 7886, 2812, 2946, 2768, 2738, 2768, 2745, 1761, 6789, 6790, 7961, 8003, 7959, 1607, 1750, 1881, 7349, 7263, 7347, 7137, 7125, 7221, 7137, 6992, 7125, 6992, 7003, 7125, 7484, 7473, 7425, 8783, 8548, 7472, 8475, 8533, 7468, 7444, 7443, 7286, 7443, 7287, 7286, 5412, 5415, 5308, 7288, 7155, 7156, 3806, 3800, 3803, 696, 703, 626, 2583, 237, 238, 239, 2588, 242, 2587, 2581, 252, 7991, 7886, 7889, 2742, 2738, 2745, 7960, 7959, 7958, 7960, 7961, 7959, 8003, 7541, 8004, 7541, 7523, 7564, 7349, 7347, 7523, 7137, 7221, 7263, 2982, 2981, 3235, 2989, 3235, 2981, 3234, 3235, 3218, 3218, 3235, 2989, 7088, 7248, 7087, 7248, 7304, 7266, 7304, 7425, 7266, 7425, 7473, 7397, 8548, 7471, 7472, 8548, 8478, 7471, 8478, 7468, 7471, 8478, 8475, 7468, 7468, 8533, 7467, 8533, 7445, 7467, 7444, 7286, 7389, 7287, 7288, 7156, 7154, 7037, 7155, 7154, 7040, 7037, 7153, 7043, 7040, 7043, 7041, 7040, 3807, 3830, 6033, 7163, 7275, 7264, 7275, 7384, 7264, 7275, 7378, 7384, 2964, 2942, 711, 2612, 258, 246, 2577, 2588, 239, 2588, 243, 242, 7489, 7991, 7998, 2612, 2825, 2828, 2825, 2827, 2828, 2825, 2826, 2827, 7887, 2742, 2754, 2742, 2745, 2754, 8003, 8004, 7959, 7541, 7564, 8004, 1881, 1750, 1883, 7221, 7125, 7222, 2981, 2980, 2989, 3218, 2989, 3236, 3236, 2989, 2988, 7003, 7002, 7004, 5152, 3203, 3207, 7002, 7088, 7087, 7425, 7397, 7266, 7473, 7472, 7398, 7445, 7444, 7389, 7041, 7046, 7136, 7163, 7264, 7136, 697, 696, 627, 7378, 7488, 7384, 7378, 7489, 7488, 243, 2612, 246, 258, 2612, 2828, 7889, 7886, 7888, 7886, 7887, 7888, 7888, 7887, 2754, 7347, 7263, 7221, 7003, 7004, 7125, 2989, 2980, 2988, 3218, 3231, 3204, 3218, 3236, 3231, 7248, 7266, 7086, 7266, 7397, 7267, 7398, 7471, 7413, 7472, 7471, 7398, 7467, 7445, 7420, 3798, 3804, 3803, 3804, 3805, 3807, 703, 692, 691, 2964, 711, 708, 2963, 2964, 708, 7998, 7991, 7889, 6790, 6791, 1753, 6790, 7958, 6791, 7959, 7957, 7958, 7959, 8004, 7957, 1883, 1750, 1868, 3206, 3204, 3231, 7087, 7248, 7086, 7238, 7266, 7267, 7467, 7420, 7468, 7420, 7445, 7389, 7286, 7287, 7259, 7287, 7156, 7259, 7037, 7040, 7036, 3800, 3779, 3798, 7040, 7041, 7039, 711, 705, 708, 252, 238, 228, 239, 242, 241, 242, 243, 241, 255, 252, 249, 252, 247, 249, 259, 255, 256, 7489, 7998, 7997, 7998, 7889, 7891, 1753, 6791, 1754, 7957, 8004, 8005, 8004, 7564, 8005, 7564, 7523, 7563, 7523, 7347, 7531, 7347, 7346, 7531, 7347, 7221, 7346, 3236, 2988, 3231, 7004, 7002, 7005, 7005, 7002, 7006, 7002, 7087, 7006, 7087, 7086, 7006, 7266, 7238, 7086, 7471, 7468, 7413, 7413, 7468, 7421, 7468, 7420, 7421, 7389, 7253, 7242, 7389, 7286, 7253, 7156, 7155, 7035, 7155, 7037, 7035, 7036, 7040, 7039, 3798, 3799, 3804, 7039, 7041, 7136, 3804, 3799, 3805, 691, 629, 614, 691, 692, 629, 626, 614, 615, 7488, 7489, 7996, 247, 252, 228, 233, 235, 236, 232, 239, 231, 258, 2828, 2943, 2828, 2827, 2943, 7997, 7998, 7891, 7889, 7888, 7890, 7888, 2754, 2829, 2754, 2768, 2829, 7563, 7523, 7531, 7221, 7222, 7346, 7222, 7125, 7223, 7125, 7004, 7096, 2988, 2979, 2978, 3231, 2988, 2978, 7238, 7267, 7239, 7397, 7398, 7267, 7259, 7156, 7115, 3774, 3761, 3779, 3798, 3797, 3799, 708, 705, 701, 234, 235, 233, 243, 246, 244, 708, 701, 702, 7891, 7889, 7890, 1754, 6791, 1756, 1883, 1868, 1885, 7125, 7096, 7223, 7004, 7005, 7096, 3231, 2977, 3237, 3231, 2978, 2977, 3231, 3237, 3220, 3840, 3208, 3848, 7398, 7413, 7268, 7421, 7245, 7269, 7421, 7420, 7245, 7420, 7389, 7245, 7389, 7242, 7245, 7253, 7286, 7259, 3798, 3781, 3797, 692, 672, 629, 248, 258, 681, 681, 258, 2943, 7890, 7888, 364, 7888, 2829, 364, 7564, 7563, 8005, 7531, 7346, 7517, 2979, 658, 2978, 7005, 7013, 7096, 3237, 2977, 2976, 7005, 7006, 7007, 7239, 7267, 7240, 7267, 7398, 7268, 7268, 7413, 7269, 7413, 7421, 7269, 7156, 7035, 7115, 3797, 3796, 3799, 7136, 7264, 7314, 7264, 7383, 7314, 7264, 7384, 7383, 7384, 7488, 7383, 7488, 7996, 8008, 249, 225, 219, 249, 247, 225, 7997, 7891, 7893, 7891, 7890, 7892, 6791, 7958, 6792, 7958, 7956, 6792, 7958, 7957, 7956, 7957, 8005, 7955, 7005, 7007, 7013, 7086, 7009, 7006, 7086, 7238, 7085, 7267, 7268, 7240, 7268, 7269, 7244, 7269, 7245, 7244, 5180, 5185, 5249, 7035, 7037, 7036, 3759, 3760, 3761, 3781, 3760, 3795, 3781, 3795, 3797, 629, 628, 602, 7383, 7488, 7483, 712, 248, 681, 2943, 702, 681, 7996, 7997, 7893, 7893, 7891, 7892, 365, 676, 362, 7892, 7890, 364, 7957, 7955, 7956, 7563, 7531, 7570, 7517, 7346, 7316, 7346, 7222, 7316, 7086, 7085, 7009, 7268, 7244, 7240, 7244, 7245, 7241, 3795, 3794, 3796, 7039, 7136, 7135, 8008, 7996, 7973, 7996, 7893, 7973, 671, 674, 676, 7893, 7892, 7894, 364, 365, 362, 7892, 364, 350, 7955, 8005, 8006, 8005, 7563, 8006, 7531, 7517, 7570, 7316, 7222, 7223, 3237, 2976, 2995, 3237, 2995, 2994, 7238, 7239, 7085, 7239, 7084, 7085, 7239, 7240, 7084, 7253, 7259, 7115, 7115, 7035, 7113, 7035, 7036, 7031, 3762, 3748, 3759, 3759, 3758, 3760, 7036, 7039, 7038, 3760, 3758, 3795, 7038, 7039, 7135, 7136, 7314, 7135, 7488, 8008, 7483, 241, 204, 240, 7894, 7892, 350, 1862, 6792, 1864, 7517, 7316, 7518, 7223, 7096, 7224, 7007, 7010, 7013, 2994, 2995, 2975, 7007, 7006, 7010, 3848, 3855, 2996, 7253, 7115, 7114, 5184, 3818, 5185, 7035, 7034, 7113, 7036, 7038, 7031, 7135, 7314, 7313, 7314, 7383, 7391, 7383, 7483, 7391, 210, 208, 197, 7483, 8008, 8009, 206, 240, 203, 211, 712, 383, 8008, 7973, 7972, 7973, 7893, 7896, 7894, 350, 349, 7956, 7955, 6793, 7316, 7223, 7315, 7147, 7096, 7013, 7096, 7147, 7224, 3855, 2994, 2996, 3848, 2996, 3851, 3848, 3851, 3847, 7010, 7006, 7008, 7006, 7009, 7008, 3847, 3834, 3836, 7082, 7240, 7244, 7241, 7114, 7184, 7241, 7242, 7114, 7242, 7253, 7114, 7034, 7035, 7031, 3748, 3758, 3759, 3794, 3782, 3831, 7391, 7483, 7475, 7973, 7896, 7972, 7895, 7896, 7893, 7895, 7894, 349, 350, 351, 346, 7956, 6793, 6792, 7955, 8006, 7570, 8006, 7563, 7570, 513, 645, 547, 7570, 7517, 7571, 7316, 7315, 7518, 7223, 7224, 7315, 7013, 7010, 7011, 2975, 2974, 2994, 3847, 3851, 3834, 7085, 7084, 7009, 7240, 7082, 7084, 7082, 7244, 7183, 7244, 7241, 7183, 7114, 7115, 7113, 3754, 3749, 3748, 7038, 7135, 7042, 7475, 7483, 8009, 197, 208, 196, 205, 203, 202, 203, 204, 195, 204, 209, 195, 254, 211, 382, 211, 383, 382, 8009, 8008, 7972, 676, 675, 351, 7955, 7954, 6793, 7955, 7570, 7954, 7517, 7518, 7571, 7013, 7011, 7147, 2994, 2974, 2973, 2994, 2973, 2996, 7010, 7008, 7011, 7009, 7084, 7017, 7183, 7241, 7184, 7114, 7113, 7032, 3776, 3757, 3753, 7034, 7031, 7029, 3748, 3747, 3745, 3745, 3747, 3746, 7030, 7031, 7042, 3745, 3746, 3758, 3782, 3746, 613, 7031, 7038, 7042, 7313, 7314, 7390, 7314, 7391, 7390, 7391, 7475, 7390, 202, 203, 180, 213, 214, 220, 7972, 7896, 7899, 347, 7895, 349, 1865, 6793, 648, 7011, 7008, 7012, 2996, 2973, 2993, 2996, 2993, 3854, 7008, 7009, 7016, 3834, 3854, 3850, 3834, 3850, 3835, 7016, 7009, 7017, 7084, 7082, 7083, 7113, 7034, 7032, 3753, 3751, 3749, 7031, 7030, 7029, 7135, 7313, 7312, 8009, 7972, 7974, 7972, 7899, 7974, 7898, 7896, 7897, 7899, 7896, 7898, 7896, 7895, 7897, 6793, 6794, 648, 7954, 7951, 6793, 7954, 7570, 7571, 545, 645, 502, 502, 645, 481, 7315, 7224, 7317, 7008, 7016, 7012, 3854, 2993, 2990, 7017, 7084, 7083, 7183, 7081, 7082, 7183, 7184, 7081, 7081, 7184, 7114, 3777, 3773, 3757, 7032, 7034, 7029, 3753, 3757, 3751, 3749, 3751, 3750, 3747, 3750, 3752, 3749, 3750, 3747, 3747, 3772, 3746, 7042, 7135, 7312, 7390, 7475, 7470, 196, 199, 177, 253, 220, 215, 7581, 8009, 7974, 351, 368, 345, 351, 675, 368, 7895, 347, 679, 6794, 542, 648, 6793, 7951, 6794, 477, 478, 473, 7315, 7317, 7519, 7147, 7011, 7148, 2993, 2971, 2990, 3850, 3854, 2991, 3854, 2990, 2991, 7081, 7114, 7033, 7114, 7032, 7033, 3757, 3767, 3756, 3751, 3755, 3750, 613, 620, 574, 7312, 7313, 7390, 7470, 7475, 7581, 180, 195, 182, 254, 382, 381, 7581, 7974, 7970, 7897, 7895, 679, 7954, 7953, 7951, 7954, 7571, 7953, 7571, 7518, 7554, 545, 502, 543, 502, 481, 482, 7552, 7518, 7519, 7518, 7315, 7519, 7317, 7224, 7270, 7224, 7147, 7270, 7148, 7011, 7014, 7011, 7012, 7014, 2991, 2990, 2972, 7012, 7016, 7015, 3850, 2991, 2992, 7015, 7016, 7017, 3850, 2992, 3853, 3835, 3853, 3832, 7083, 7082, 7021, 7082, 7081, 7021, 7032, 7029, 7026, 3756, 3755, 3751, 7029, 7030, 7028, 3750, 3772, 3752, 7030, 7042, 7158, 7312, 7390, 7400, 7390, 7470, 7400, 7580, 7470, 7581, 254, 381, 187, 368, 253, 366, 7974, 7899, 7970, 6794, 7951, 666, 7951, 7952, 666, 7951, 7953, 7952, 7518, 7552, 7554, 7147, 7148, 7270, 7012, 7015, 7014, 7017, 7083, 7019, 3853, 3852, 3832, 3832, 3821, 3825, 7083, 7021, 7019, 3786, 3789, 3785, 7081, 7033, 7021, 3767, 3766, 3764, 7033, 7026, 7023, 7033, 7032, 7026, 3764, 3763, 3756, 3756, 3763, 3755, 7029, 7028, 7026, 3772, 610, 3823, 3750, 610, 3772, 7030, 7158, 7028, 7042, 7312, 7158, 7900, 7898, 384, 7898, 7897, 384, 384, 7897, 679, 6794, 528, 542, 6794, 666, 528, 7519, 7317, 7542, 7317, 7270, 7402, 7270, 7148, 7271, 7148, 7014, 7145, 7014, 7015, 7145, 2972, 622, 2986, 7015, 7017, 7018, 2992, 2986, 2987, 7017, 7019, 7018, 3853, 2992, 3852, 7033, 7023, 7021, 3767, 3771, 3766, 3766, 3765, 3764, 3764, 3765, 3763, 3755, 3763, 610, 7028, 7158, 7177, 7158, 7312, 7326, 7400, 7470, 7497, 7497, 7470, 7580, 179, 178, 170, 187, 379, 250, 381, 380, 379, 7581, 7970, 7969, 7901, 7899, 706, 7970, 7899, 7901, 706, 7899, 7900, 7900, 7899, 7898, 7952, 7979, 666, 7953, 7554, 7950, 7571, 7554, 7953, 7519, 7542, 7552, 7148, 7145, 7271, 7018, 7027, 7015, 2992, 2987, 3852, 3812, 3821, 3811, 3789, 3811, 3790, 3785, 3789, 3784, 3789, 3790, 3784, 3771, 3770, 3766, 3765, 3787, 3763, 7026, 7028, 7025, 7326, 7312, 7400, 376, 673, 668, 177, 169, 170, 250, 379, 378, 7581, 7969, 7580, 7969, 7970, 7901, 7900, 384, 325, 7953, 7950, 7952, 494, 502, 492, 502, 482, 492, 482, 451, 492, 7015, 7027, 7145, 3824, 2987, 600, 3852, 2987, 3824, 7018, 7019, 7020, 3852, 3824, 3816, 3852, 3816, 3821, 7019, 7021, 7020, 7021, 7022, 7020, 3770, 3769, 3766, 3769, 3768, 3766, 3766, 3768, 3765, 3765, 584, 3787, 7023, 7026, 7025, 7177, 7158, 7326, 7326, 7400, 7401, 376, 668, 374, 666, 7979, 526, 7554, 7552, 7553, 7553, 7552, 7542, 7542, 7317, 7515, 7317, 7402, 7515, 7402, 7270, 7271, 7018, 7020, 7027, 3821, 3816, 3813, 3821, 3813, 3811, 3811, 3813, 3790, 3790, 3791, 3784, 3784, 3791, 3770, 3770, 3791, 3769, 7021, 7023, 7022, 7022, 7023, 7024, 7024, 7023, 7025, 7025, 7028, 7138, 7028, 7177, 7138, 569, 570, 566, 7401, 7400, 7496, 7400, 7497, 7496, 7496, 7497, 8013, 170, 169, 150, 250, 378, 226, 7580, 7969, 7971, 706, 7900, 325, 7952, 7949, 7979, 7952, 7950, 7949, 7950, 7554, 7948, 7554, 7553, 7948, 451, 688, 489, 7542, 7515, 7946, 3813, 3809, 3790, 3790, 3809, 3791, 668, 573, 630, 7497, 7580, 8013, 226, 378, 375, 7971, 7969, 7902, 7969, 7901, 7902, 7901, 706, 389, 526, 7979, 527, 7979, 7949, 527, 7950, 7948, 7949, 7515, 7402, 7418, 7402, 7271, 7418, 7271, 7145, 7289, 7145, 7027, 7170, 7027, 7020, 7170, 7020, 7022, 7044, 7024, 7025, 7098, 7025, 7138, 7098, 7138, 7326, 7362, 7326, 7401, 7417, 7580, 7971, 8013, 7971, 7902, 7903, 7902, 7901, 389, 389, 706, 323, 706, 325, 323, 7553, 7542, 7946, 489, 688, 433, 7946, 7515, 8000, 7271, 7289, 7418, 7289, 7145, 7170, 7170, 7020, 7157, 7022, 7097, 7044, 7022, 7098, 7097, 7022, 7024, 7098, 7098, 7138, 7294, 7138, 7362, 7294, 7362, 7326, 7417, 7417, 7401, 7495, 7401, 7496, 7495, 226, 375, 373, 8013, 7971, 7988, 333, 355, 318, 527, 7949, 695, 7553, 7946, 7948, 433, 453, 456, 7418, 7289, 7440, 7289, 7170, 7290, 7020, 7044, 7157, 7098, 7294, 7308, 153, 226, 227, 226, 373, 372, 389, 323, 321, 695, 468, 467, 7949, 7948, 695, 488, 433, 486, 433, 456, 486, 7515, 7418, 7995, 7289, 7290, 7440, 7170, 7301, 7290, 7170, 7157, 7301, 7044, 7097, 7250, 7097, 7098, 7250, 7250, 7098, 7308, 7294, 7362, 7417, 7417, 7495, 7537, 227, 226, 372, 8013, 7988, 7989, 7988, 7903, 7905, 7903, 390, 7904, 7903, 7902, 390, 390, 7902, 389, 7948, 7944, 695, 7948, 7946, 7944, 7946, 7945, 7944, 7945, 7946, 8000, 7995, 8000, 7515, 7418, 7440, 7557, 7440, 7290, 7442, 7157, 7044, 7251, 7044, 7250, 7251, 7308, 7294, 7434, 7294, 7417, 7434, 7537, 7495, 8014, 142, 141, 124, 139, 227, 216, 7495, 7496, 8014, 227, 372, 268, 7496, 7989, 7929, 168, 164, 257, 7496, 8013, 7989, 7988, 7905, 7989, 7905, 7903, 7904, 320, 390, 321, 695, 443, 468, 453, 114, 456, 7995, 7418, 7977, 7440, 7442, 7557, 7290, 7301, 7442, 7157, 7251, 7301, 7250, 7308, 7434, 7434, 7417, 7536, 7417, 7537, 7536, 137, 143, 138, 140, 119, 121, 119, 140, 118, 216, 227, 267, 227, 268, 267, 7496, 7929, 8014, 7994, 7904, 330, 7904, 390, 330, 390, 320, 330, 695, 538, 443, 695, 7947, 538, 695, 7944, 7947, 8000, 7995, 7945, 456, 114, 455, 114, 272, 455, 7977, 7418, 7983, 7418, 7557, 7983, 7557, 7442, 7545, 7442, 7301, 7441, 7441, 7301, 7423, 7301, 7251, 7423, 7251, 7250, 7435, 7250, 7434, 7435, 138, 123, 125, 128, 216, 165, 7929, 7989, 7905, 7905, 7904, 7906, 7906, 7904, 7994, 7944, 7945, 7942, 7945, 7995, 7942, 7442, 7441, 7545, 7545, 7441, 7544, 7251, 7435, 7423, 7435, 7434, 7543, 7434, 7536, 7543, 8015, 7536, 7537, 121, 120, 122, 121, 119, 120, 120, 119, 82, 165, 216, 261, 7929, 7907, 7910, 7929, 7905, 7907, 7907, 7905, 7906, 331, 7994, 330, 7906, 7994, 331, 538, 7947, 417, 7947, 7943, 417, 7944, 7942, 7943, 7942, 7995, 7977, 7557, 7987, 7983, 455, 272, 446, 7544, 7441, 7529, 7441, 7423, 7529, 7529, 7423, 7533, 7423, 7435, 7532, 7435, 7543, 7532, 7543, 7536, 8017, 8015, 7537, 7935, 7537, 7934, 7935, 7537, 8014, 7934, 8014, 7929, 7934, 7908, 7906, 331, 7907, 7906, 7908, 7942, 7977, 7941, 272, 192, 436, 7987, 7557, 7545, 192, 59, 40, 7533, 7423, 7532, 7536, 7933, 8017, 86, 221, 222, 7536, 8015, 7933, 127, 88, 89, 221, 165, 260, 266, 391, 264, 7934, 7929, 7910, 7910, 7907, 7909, 7909, 7907, 7908, 7908, 331, 310, 417, 7943, 438, 7943, 7940, 438, 7943, 7942, 7940, 7942, 7941, 7940, 7977, 7983, 7941, 192, 40, 436, 7545, 7544, 7627, 222, 221, 263, 7933, 8015, 7982, 7982, 8015, 7935, 7934, 7911, 7935, 7934, 7910, 7911, 282, 281, 275, 7911, 7910, 7909, 7909, 7908, 310, 7941, 7939, 7940, 7941, 7983, 7939, 7983, 7987, 7939, 40, 55, 279, 7627, 7544, 7626, 279, 55, 450, 7544, 7529, 7626, 7533, 7532, 8007, 35, 222, 274, 8017, 8002, 7543, 8017, 7933, 8002, 7935, 7911, 7914, 7912, 7911, 7909, 294, 7909, 310, 438, 7940, 385, 7940, 540, 385, 7940, 7939, 540, 7939, 7987, 7937, 7987, 7545, 7932, 7932, 7545, 7627, 7529, 8001, 7626, 8001, 7529, 7533, 7532, 7543, 8007, 274, 269, 270, 222, 263, 269, 7982, 7935, 7916, 7935, 7914, 7916, 7914, 7911, 7913, 7913, 7911, 7912, 7912, 294, 314, 7912, 7909, 294, 385, 540, 360, 540, 7939, 7938, 7937, 7936, 7939, 7937, 7987, 7932, 7936, 7937, 7932, 7533, 8007, 8001, 7982, 7916, 7933, 7915, 7914, 7913, 7916, 7914, 7915, 7913, 7912, 314, 314, 286, 287, 540, 357, 360, 7938, 7939, 7936, 7932, 7928, 7936, 7928, 7932, 7931, 7932, 7627, 7931, 7627, 7626, 7931, 7543, 8002, 8007, 8002, 7933, 7921, 7933, 7918, 7921, 7933, 7916, 7918, 7918, 7916, 7917, 7916, 7915, 7917, 7917, 7915, 289, 7915, 7913, 289, 7913, 314, 289, 540, 363, 357, 540, 7938, 363, 7938, 690, 363, 7938, 7936, 7928, 7931, 7926, 7928, 7926, 7931, 7922, 7931, 7626, 8001, 7931, 8001, 7922, 8001, 8007, 7921, 8001, 7921, 7922, 7921, 8007, 8002, 7921, 7920, 7922, 7921, 7918, 7920, 7920, 7918, 7919, 7918, 7917, 7919, 7919, 7917, 337, 337, 7917, 289, 363, 690, 387, 690, 7928, 387, 7928, 7927, 387, 7928, 7926, 7927, 7926, 7925, 7927, 7926, 7922, 7925, 7922, 7924, 7925, 7924, 7922, 7923, 7922, 7920, 7923, 7923, 7920, 341, 341, 7920, 342, 308, 352, 315, 7920, 7919, 342, 7919, 337, 342, 387, 7927, 506, 7927, 7925, 506, 7925, 7930, 506, 7925, 7924, 7930, 7924, 7923, 7930, 7930, 7923, 300, 300, 7923, 341, 312, 309, 306, 506, 7930, 309, 309, 7930, 361, 7930, 300, 361, 300, 298, 303, 300, 299, 298, 1033, 1027, 1034, 1052, 1028, 1033, 1059, 1031, 1028, 1078, 1072, 1066, 1170, 1171, 1055, 7721, 7720, 7719, 1171, 1176, 1073, 843, 842, 1073, 7720, 7639, 7638, 842, 930, 1074, 7630, 7639, 7720, 7743, 7738, 7731, 1061, 984, 997, 1170, 1091, 1171, 1091, 1176, 1171, 1176, 843, 1073, 7638, 7623, 7624, 7744, 7740, 7738, 1281, 1184, 1185, 1160, 1159, 1122, 7710, 7621, 7678, 1122, 1120, 1116, 756, 754, 807, 744, 713, 730, 7631, 7535, 7625, 839, 874, 929, 1268, 849, 1091, 1190, 1286, 1187, 757, 755, 748, 1314, 1282, 1281, 7631, 7607, 7548, 1285, 1120, 1159, 1118, 1121, 1117, 2193, 2200, 2170, 2239, 2240, 1190, 2334, 1190, 2240, 814, 745, 743, 813, 819, 746, 1312, 1314, 1286, 7535, 7539, 7562, 1118, 1126, 1121, 988, 1017, 994, 2200, 2326, 2252, 2334, 1312, 1190, 822, 818, 821, 818, 814, 743, 1310, 1282, 1314, 1225, 1241, 1282, 7548, 7607, 7405, 1285, 1264, 1120, 7754, 7756, 7753, 2201, 2200, 2193, 2236, 2331, 2240, 2331, 2334, 2240, 2187, 823, 825, 2183, 814, 847, 819, 2178, 820, 2337, 1312, 2334, 1312, 1309, 1314, 1309, 1310, 1314, 1310, 1234, 1282, 7406, 7607, 7606, 1255, 1126, 1118, 960, 980, 981, 2177, 819, 817, 2331, 2337, 2334, 1207, 1264, 1209, 1127, 1145, 1129, 897, 870, 935, 1145, 1131, 1129, 1129, 1131, 1130, 7767, 7574, 7756, 2136, 2172, 2167, 2164, 2200, 2201, 2164, 2176, 2200, 2176, 2179, 2200, 2155, 2183, 847, 1217, 1210, 1218, 1207, 1255, 1264, 1255, 1213, 1254, 7592, 7490, 7534, 2128, 2126, 2129, 2234, 2331, 2236, 2234, 2335, 2331, 2335, 2337, 2331, 2338, 1309, 1312, 7568, 7186, 7605, 1131, 1132, 1130, 901, 975, 980, 2174, 2164, 2201, 2231, 2327, 2234, 2157, 2152, 2183, 2147, 2180, 2178, 1254, 1192, 1127, 1145, 1147, 1131, 1147, 1132, 1131, 975, 1047, 980, 2158, 2160, 2162, 2152, 2143, 2153, 2337, 2314, 2338, 1259, 1260, 1251, 1267, 1295, 1250, 1244, 1211, 1231, 1147, 1148, 1132, 2156, 2148, 2157, 2148, 2142, 2152, 2143, 2144, 2153, 2146, 2141, 2147, 2335, 2314, 2337, 2314, 2319, 2338, 1290, 1267, 1260, 1296, 1295, 1267, 5969, 1250, 1295, 5969, 5569, 1250, 5569, 5565, 1250, 5565, 1245, 1250, 1245, 5566, 1244, 5565, 5566, 1245, 5566, 1226, 1244, 1192, 1193, 1145, 1132, 1134, 1133, 2322, 2231, 2229, 2231, 2329, 2327, 2144, 2145, 2146, 2141, 2149, 2147, 1296, 5949, 1295, 5949, 5969, 1295, 5564, 5566, 5565, 5560, 5566, 5564, 5566, 5558, 1226, 5558, 1238, 1226, 7490, 7365, 7366, 1148, 1134, 1132, 913, 962, 975, 975, 1053, 1047, 1053, 1043, 1047, 2173, 2171, 2172, 2120, 2148, 2156, 2329, 2300, 2335, 1263, 1290, 1260, 1290, 5391, 1296, 5570, 5565, 5569, 5562, 5565, 5570, 5562, 5564, 5565, 5562, 5560, 5564, 5552, 5566, 5560, 5552, 5558, 5566, 5552, 1238, 5558, 1193, 1148, 1147, 1148, 1146, 1134, 2140, 2172, 2171, 2328, 2300, 2329, 7116, 6963, 6905, 5390, 1290, 1298, 5390, 5391, 1290, 5949, 1296, 5391, 5947, 5568, 5949, 5568, 5969, 5949, 5569, 5969, 5568, 5559, 5560, 5562, 5552, 5560, 5559, 5559, 5553, 5552, 1238, 5552, 5551, 5554, 1237, 1238, 6929, 6946, 6933, 1194, 1195, 1193, 1146, 1135, 1134, 975, 936, 1053, 2227, 2322, 2229, 2114, 2118, 2139, 2117, 2107, 2119, 2328, 2294, 2300, 5948, 5391, 5390, 5948, 5949, 5391, 5947, 5949, 5948, 5567, 5569, 5568, 5567, 5570, 5569, 5563, 5570, 5567, 5563, 5562, 5570, 5559, 5562, 5563, 5553, 5551, 5552, 5554, 1238, 5551, 5556, 1237, 5554, 1237, 5556, 1233, 1233, 1319, 1222, 2111, 2082, 2171, 2138, 2140, 2195, 2250, 2322, 2227, 2108, 2102, 2122, 2097, 2098, 2145, 2098, 2095, 2145, 2133, 2110, 2134, 2294, 2299, 2300, 2330, 5390, 1298, 5968, 5568, 5947, 5563, 5561, 5559, 5561, 5553, 5559, 5555, 5556, 5554, 3008, 1233, 5556, 1233, 3008, 1319, 7365, 7193, 7192, 1146, 1139, 1135, 2225, 2250, 2227, 2293, 2294, 2328, 2330, 5389, 5390, 5389, 5952, 5390, 5952, 5948, 5390, 5950, 5948, 5951, 5950, 5947, 5948, 5968, 5947, 5950, 5571, 5561, 5563, 5553, 5329, 5551, 5555, 5554, 5551, 3008, 5556, 5555, 1228, 1219, 1202, 1193, 1253, 1148, 1148, 1253, 1146, 1146, 1177, 1139, 2131, 2138, 2195, 2103, 2101, 2102, 2101, 2100, 2102, 2099, 2097, 2100, 2322, 2321, 2329, 2321, 2328, 2329, 5388, 2330, 2310, 5388, 5389, 2330, 5948, 5952, 5951, 5953, 5950, 5951, 5968, 5047, 5568, 5036, 5047, 5968, 5568, 5047, 5567, 5047, 5571, 5567, 5567, 5571, 5563, 5571, 5330, 5561, 5330, 5553, 5561, 5330, 5329, 5553, 5329, 5316, 5551, 3003, 3008, 5555, 3001, 1319, 3008, 3001, 2998, 1319, 2998, 3017, 1319, 3017, 1228, 1319, 1253, 1177, 1146, 1139, 1141, 1140, 937, 1077, 1053, 2225, 2251, 2250, 2099, 2069, 2098, 2095, 2094, 2096, 2321, 2293, 2328, 2309, 2310, 2299, 5388, 5957, 5389, 5957, 5952, 5389, 5957, 5951, 5952, 5954, 5953, 5951, 5955, 5950, 5953, 5047, 5048, 5571, 5571, 5048, 5330, 5048, 5329, 5330, 5551, 5316, 5557, 5557, 5555, 5551, 5557, 3003, 5555, 3003, 3001, 3008, 3017, 1243, 1228, 1197, 1198, 1195, 1177, 1141, 1139, 1077, 1054, 1040, 1984, 2082, 2081, 2195, 2115, 2131, 2222, 2251, 2225, 2131, 2092, 2138, 2069, 2094, 2095, 2295, 2309, 2299, 5387, 5388, 2310, 5957, 5388, 5387, 5954, 5951, 5957, 5954, 5955, 5953, 5955, 5968, 5950, 5029, 5036, 5968, 5041, 5047, 5036, 5041, 5042, 5047, 5042, 5048, 5047, 5062, 5329, 5048, 5329, 5062, 5316, 3002, 3001, 3003, 2997, 3001, 3002, 3013, 3017, 2998, 3013, 1243, 3017, 1253, 1261, 1177, 2115, 2083, 2092, 2080, 2093, 2092, 2104, 2078, 2103, 2068, 2100, 2101, 2293, 2286, 2294, 2309, 5387, 2310, 5962, 5957, 5387, 5956, 5955, 5954, 5955, 5029, 5968, 5029, 5035, 5036, 5035, 5040, 5036, 5036, 5040, 5041, 5041, 5040, 5042, 5062, 5048, 5042, 5072, 5316, 5062, 5072, 5074, 5316, 5316, 5350, 5557, 5350, 3019, 5557, 3019, 3003, 5557, 3019, 3002, 3003, 2997, 2998, 3001, 3012, 1243, 3013, 1243, 3012, 1239, 7582, 7487, 7503, 2053, 1984, 2054, 1985, 2195, 2082, 2080, 2061, 2093, 2061, 2105, 2093, 2317, 2287, 2321, 5386, 5387, 2309, 5958, 5957, 5962, 5954, 5958, 5959, 5960, 5956, 5954, 5956, 5025, 5955, 5025, 5029, 5955, 5040, 5049, 5042, 5057, 5061, 5042, 5061, 5062, 5042, 5074, 5350, 5316, 3000, 3013, 2998, 3000, 3012, 3013, 3012, 3010, 1239, 1179, 1143, 1141, 2079, 2047, 2055, 1985, 2088, 2195, 2219, 2251, 2222, 2279, 2281, 2317, 2302, 2295, 2286, 5962, 5387, 5386, 5961, 5958, 5962, 5959, 5958, 5961, 5960, 5954, 5959, 5960, 5025, 5956, 5025, 5026, 5029, 5026, 5035, 5029, 5049, 5057, 5042, 5061, 5072, 5062, 5061, 5073, 5072, 5072, 5073, 5074, 5074, 5075, 5350, 5350, 3016, 3019, 3016, 3002, 3019, 2997, 2999, 2998, 2999, 3000, 2998, 3000, 3010, 3012, 1230, 1201, 1224, 2089, 2088, 1985, 2220, 2219, 2221, 2065, 2083, 2088, 2246, 2251, 2219, 2277, 2286, 2281, 5963, 5961, 5962, 5960, 5959, 5961, 5035, 5050, 5040, 5050, 5049, 5040, 5074, 5073, 5075, 5075, 5101, 5350, 5101, 3016, 5350, 3016, 3015, 3002, 3015, 2997, 3002, 2997, 3005, 2999, 2999, 3004, 3000, 3004, 3009, 3000, 3009, 3010, 3000, 3011, 3010, 3009, 3010, 3011, 1239, 1239, 3011, 1230, 1179, 1144, 1143, 949, 1086, 937, 1086, 1064, 1054, 1086, 1096, 1064, 1982, 1983, 1984, 2089, 1985, 1983, 2072, 2069, 2067, 2065, 2063, 2080, 2323, 2305, 2317, 2305, 2279, 2317, 5091, 2309, 2302, 5091, 5384, 2309, 5384, 5386, 2309, 5964, 5386, 5384, 5963, 5386, 5964, 5960, 5023, 5025, 5023, 5024, 5025, 5024, 5026, 5025, 5057, 5093, 5061, 5092, 5073, 5061, 5092, 5075, 5073, 5101, 3015, 3016, 3015, 3005, 2997, 3009, 3014, 3011, 1229, 1223, 1201, 1179, 1269, 1144, 7714, 2045, 2046, 2205, 2219, 2204, 2089, 2086, 2088, 2205, 2246, 2219, 2062, 2071, 2078, 2066, 2073, 2072, 2066, 2074, 2073, 5091, 5385, 5384, 5961, 5966, 5960, 5966, 5023, 5960, 5024, 5032, 5026, 5032, 5035, 5026, 5032, 5059, 5035, 5035, 5059, 5050, 5135, 5136, 5050, 5136, 5049, 5050, 5136, 5232, 5049, 5049, 5232, 5057, 5232, 5233, 5057, 5233, 5093, 5057, 5093, 5092, 5061, 5092, 5094, 5075, 5075, 5094, 5101, 5099, 3015, 5101, 5099, 3037, 3015, 3005, 3004, 2999, 3004, 3014, 3009, 3011, 3014, 1230, 3014, 3022, 1230, 3022, 1229, 1230, 1214, 1215, 1200, 1261, 1232, 1289, 1179, 1270, 1269, 2056, 2071, 2062, 2048, 2072, 2067, 2048, 2049, 2072, 2316, 2323, 2246, 2291, 5091, 2302, 5965, 5963, 5964, 5059, 5135, 5050, 5233, 5231, 5093, 5093, 5231, 5092, 5094, 5099, 5101, 3023, 3015, 3037, 3005, 3015, 3023, 3007, 3014, 3004, 3007, 3021, 3014, 3021, 3022, 3014, 1221, 1232, 1261, 1289, 1288, 1179, 7583, 7993, 7512, 978, 1086, 949, 1934, 1983, 1982, 1935, 2087, 1983, 7659, 7667, 7669, 2205, 2247, 2246, 2086, 2065, 2088, 2060, 2059, 2062, 2058, 2048, 2067, 2049, 2050, 2072, 2247, 2316, 2246, 4954, 5091, 2291, 4954, 5967, 5091, 5967, 5385, 5091, 5965, 5964, 5967, 5965, 5966, 5963, 5966, 5021, 5023, 5021, 5022, 5023, 5022, 5024, 5023, 5022, 5032, 5024, 5136, 5315, 5232, 5315, 5233, 5232, 5315, 5231, 5233, 5094, 5096, 5099, 5099, 3036, 3037, 3036, 3023, 3037, 3006, 3004, 3005, 3006, 3007, 3004, 3022, 3033, 1229, 3033, 1240, 1229, 1288, 1270, 1179, 1269, 1272, 1271, 1096, 1062, 1064, 2050, 2057, 2066, 4954, 4947, 5967, 5019, 5021, 5966, 5022, 5065, 5032, 5065, 5059, 5032, 5137, 5135, 5059, 5135, 5284, 5136, 5136, 5327, 5315, 5327, 5341, 5315, 5341, 5231, 5315, 5341, 5351, 5231, 5291, 5092, 5231, 5092, 5095, 5094, 3036, 5099, 5096, 3023, 3018, 3005, 3018, 3006, 3005, 3020, 3021, 3007, 3022, 3021, 3020, 3022, 3024, 3033, 3033, 3032, 1240, 1269, 1273, 1272, 963, 977, 978, 1993, 1937, 1994, 1934, 1935, 1983, 2275, 2278, 2305, 2291, 4950, 4954, 4953, 5967, 4939, 4953, 5019, 5966, 5019, 5020, 5021, 5021, 5020, 5022, 5020, 5044, 5022, 5065, 5137, 5059, 5137, 5284, 5135, 5284, 5321, 5136, 5136, 5321, 5327, 5321, 5427, 5327, 5427, 5428, 5327, 5428, 5341, 5327, 5425, 5351, 5341, 5425, 5422, 5351, 5422, 5326, 5351, 5351, 5326, 5231, 5326, 5291, 5231, 5092, 5218, 5095, 5095, 5096, 5094, 5096, 3035, 3036, 3035, 3023, 3036, 3035, 3018, 3023, 3006, 3020, 3007, 3024, 3022, 3020, 3032, 3033, 3024, 1270, 1273, 1269, 977, 1096, 978, 1081, 1080, 1063, 2206, 2248, 2205, 2248, 2247, 2205, 2316, 2274, 2305, 2274, 2275, 2305, 4950, 2291, 2298, 4977, 5019, 4953, 5017, 5020, 5019, 5044, 5066, 5022, 5066, 5065, 5022, 5137, 5320, 5284, 5284, 5320, 5321, 5428, 5426, 5341, 5426, 5425, 5341, 5422, 5434, 5326, 5326, 5325, 5291, 5325, 5218, 5291, 3035, 5108, 3018, 3018, 3020, 3006, 3020, 3025, 3024, 1946, 2086, 1935, 2052, 2032, 2048, 2248, 2316, 2247, 4952, 4950, 2298, 4939, 4947, 4941, 4941, 4947, 4950, 4940, 4953, 4939, 4977, 5017, 5019, 5285, 5137, 5065, 5285, 5317, 5137, 5137, 5317, 5320, 5435, 5326, 5434, 5435, 5325, 5326, 5218, 5097, 5095, 5097, 5096, 5095, 5096, 5097, 3035, 5108, 3040, 3018, 1227, 1236, 1232, 1236, 1288, 1232, 1166, 1082, 1062, 1936, 1932, 1937, 1937, 1932, 1934, 7681, 7682, 7684, 1946, 1960, 2064, 2031, 2032, 2052, 2248, 2320, 2316, 2313, 2272, 2316, 2272, 2274, 2316, 2303, 4952, 2298, 4940, 4975, 4953, 4975, 4977, 4953, 5017, 5043, 5020, 5043, 5044, 5020, 5066, 5142, 5065, 5142, 5285, 5065, 5285, 5349, 5317, 5446, 5427, 5320, 5427, 5543, 5428, 5546, 5422, 5425, 5374, 5218, 5325, 3040, 3026, 3018, 3026, 3020, 3018, 3027, 3025, 3020, 3025, 3030, 3024, 3030, 3032, 3024, 1240, 1249, 1220, 1288, 1299, 1270, 1299, 1275, 1273, 1178, 1166, 1096, 2044, 1989, 1992, 1934, 1933, 1935, 1933, 1938, 1935, 1938, 1946, 1935, 4941, 4935, 4939, 4937, 4940, 4939, 4975, 5015, 4977, 5015, 5017, 4977, 5015, 5043, 5017, 5043, 5067, 5044, 5067, 5066, 5044, 5306, 5285, 5142, 5349, 5445, 5317, 5445, 5446, 5317, 5546, 5425, 5426, 5546, 5544, 5422, 5544, 5434, 5422, 5434, 5502, 5435, 5375, 5218, 5374, 5375, 5219, 5218, 5219, 5097, 5218, 5097, 5098, 3035, 5098, 5108, 3035, 5108, 5105, 3040, 3026, 3027, 3020, 3034, 3032, 3030, 3032, 3034, 1240, 3034, 1249, 1240, 7112, 6950, 6989, 2207, 2249, 2206, 2249, 2248, 2206, 4935, 4941, 4942, 5067, 5142, 5066, 5306, 5348, 5285, 5348, 5349, 5285, 5441, 5445, 5349, 5446, 5532, 5427, 5532, 5543, 5427, 5543, 5501, 5546, 5501, 5500, 5546, 7399, 7479, 7369, 5500, 5544, 5546, 5544, 5502, 5434, 5435, 5436, 5325, 5436, 5374, 5325, 5100, 5098, 5097, 3040, 3038, 3026, 3027, 3028, 3025, 3028, 3030, 3025, 3028, 3103, 3030, 2044, 1990, 1989, 1927, 1936, 1937, 7682, 7671, 7685, 1940, 2034, 1960, 2034, 2026, 2035, 2028, 2025, 2030, 2023, 2033, 2032, 4951, 4952, 2303, 4975, 4940, 4937, 4937, 4976, 4975, 4976, 5014, 4975, 5014, 5015, 4975, 5348, 5441, 5349, 5533, 5446, 5445, 5516, 5543, 5532, 5516, 5501, 5543, 7369, 7479, 7478, 7633, 7522, 7399, 5500, 5499, 5544, 5499, 5502, 5544, 5542, 5436, 5435, 5436, 5375, 5374, 5375, 5437, 5400, 5400, 5219, 5375, 5219, 5100, 5097, 5098, 5105, 5108, 5105, 3038, 3040, 3031, 3103, 3028, 3103, 3034, 3030, 3034, 3104, 1249, 1180, 1082, 1166, 1990, 1927, 1989, 1931, 1933, 1932, 1940, 1960, 1946, 1940, 2027, 2034, 2028, 2029, 2025, 2031, 2023, 2032, 2312, 2313, 2320, 2312, 2272, 2313, 2283, 2285, 2273, 4943, 4942, 4951, 4935, 4942, 4943, 5014, 5045, 5015, 5015, 5045, 5043, 5069, 5067, 5043, 5067, 5256, 5142, 5256, 5306, 5142, 5345, 5348, 5306, 5515, 5516, 5532, 5515, 5514, 5516, 7478, 7477, 6886, 5514, 5501, 5516, 5500, 5498, 5499, 8707, 7513, 7522, 8707, 8701, 7513, 5499, 5490, 5502, 5490, 5492, 5502, 5502, 5492, 5542, 5436, 5437, 5375, 5100, 5102, 5098, 5103, 5105, 5098, 5105, 5106, 3038, 3026, 3029, 3027, 3029, 3028, 3027, 3104, 3034, 3103, 1991, 1927, 1990, 2019, 2014, 2039, 2039, 2014, 2038, 4945, 4943, 4951, 4936, 4976, 4937, 5045, 5069, 5043, 5069, 5256, 5067, 5256, 5345, 5306, 5345, 5442, 5348, 5539, 5533, 5445, 5504, 5532, 5533, 5504, 5515, 5532, 5514, 5479, 5501, 5501, 5479, 5498, 5498, 5500, 5501, 5498, 5480, 5490, 5490, 5499, 5498, 5480, 5489, 5490, 8707, 8705, 8701, 5542, 5541, 5436, 5437, 4631, 5400, 4631, 5219, 5400, 5298, 5100, 5219, 5298, 5102, 5100, 5103, 5106, 5105, 3104, 3101, 1249, 1931, 1938, 1933, 1931, 1930, 1938, 2208, 2209, 2207, 1930, 1940, 1938, 2038, 2014, 2016, 2017, 2043, 2016, 4946, 4951, 2303, 4933, 4934, 4935, 4935, 4934, 4936, 4936, 5014, 4976, 5255, 5256, 5069, 5443, 5442, 5345, 5442, 5539, 5441, 5539, 5504, 5533, 5515, 5478, 5514, 5478, 5479, 5514, 5480, 5498, 5479, 5489, 4205, 5490, 4205, 5491, 5490, 5490, 5491, 5492, 5491, 5493, 5492, 5492, 5493, 5542, 5493, 5541, 5542, 5541, 5545, 5437, 4630, 5298, 4631, 5098, 5102, 5103, 3038, 3029, 3026, 3029, 3031, 3028, 3100, 3104, 3103, 3100, 3101, 3104, 3101, 1283, 1249, 1975, 1927, 1991, 2209, 2241, 2207, 2241, 2312, 2320, 4974, 4946, 2303, 4936, 5009, 5014, 5039, 5045, 5014, 5255, 5346, 5256, 5256, 5346, 5345, 5346, 5443, 5345, 5505, 5504, 5539, 5504, 5478, 5515, 4233, 5479, 5478, 4233, 4232, 5479, 4232, 5480, 5479, 4232, 4208, 5480, 4208, 5489, 5480, 4208, 4205, 5489, 4205, 4206, 5491, 8705, 8800, 8638, 5491, 5494, 5493, 5494, 5495, 5493, 5493, 5495, 5541, 5545, 4631, 5437, 5298, 5301, 5102, 5109, 3038, 5106, 3038, 3039, 3029, 3102, 3103, 3031, 3102, 3100, 3103, 3101, 3098, 1283, 1256, 1300, 1247, 1300, 1306, 1304, 1180, 1181, 1088, 7727, 2199, 1991, 1907, 1930, 1931, 2208, 2210, 2209, 2025, 2024, 2023, 2283, 4974, 2303, 4944, 4945, 4946, 4933, 4943, 4944, 4938, 5009, 4936, 5009, 5039, 5014, 5039, 5068, 5045, 5068, 5069, 5045, 5507, 5539, 5510, 5507, 5505, 5539, 5505, 5477, 5504, 5504, 5477, 5478, 5477, 4198, 5478, 4198, 4233, 5478, 4198, 4199, 4233, 4233, 4209, 4232, 4232, 4209, 4208, 4209, 4156, 4208, 4156, 4205, 4208, 4156, 4155, 4205, 4206, 5511, 5491, 5511, 5494, 5491, 5494, 5496, 5495, 5497, 5545, 5495, 5545, 4613, 4631, 4630, 5301, 5298, 5103, 5104, 5106, 5102, 5104, 5103, 5109, 3039, 3038, 3039, 3106, 3029, 3106, 3099, 3029, 3099, 3031, 3029, 3100, 3098, 3101, 1926, 1907, 1927, 1906, 1930, 1907, 1930, 1939, 1940, 1939, 2027, 1940, 1939, 1988, 2027, 1999, 2025, 2029, 2009, 2014, 2019, 2015, 2020, 2017, 2271, 2269, 2272, 2269, 2283, 2273, 4946, 4974, 4948, 4948, 4944, 4946, 4932, 4933, 4944, 4930, 4938, 4934, 4938, 5008, 5009, 5254, 5255, 5069, 5254, 5347, 5255, 5255, 5347, 5346, 5538, 5510, 5443, 6836, 6806, 8, 5507, 5506, 5505, 5506, 5476, 5505, 5505, 5476, 5477, 4155, 4153, 4205, 4153, 4206, 4205, 4153, 4207, 4206, 4206, 4207, 5511, 5511, 5512, 5494, 5512, 5496, 5494, 5496, 5497, 5495, 5497, 4613, 5545, 5403, 5301, 4630, 5301, 5104, 5102, 5106, 5107, 5109, 3102, 3031, 3099, 1256, 1306, 1300, 1301, 1180, 1113, 1926, 1927, 1970, 2211, 2209, 2210, 2211, 2242, 2209, 1930, 1906, 1939, 2242, 2241, 2209, 1988, 2026, 2027, 1996, 2029, 2026, 2015, 2016, 2014, 2242, 2312, 2241, 2280, 2283, 2269, 4930, 4933, 4932, 5008, 5039, 5009, 5068, 5254, 5069, 5347, 5444, 5346, 5538, 5443, 5444, 5476, 4191, 5477, 5477, 4191, 4198, 7476, 8576, 7452, 4191, 4078, 4198, 4078, 4095, 4199, 4199, 4095, 4209, 4095, 4150, 4209, 4150, 4156, 4209, 4150, 4148, 4156, 4148, 4155, 4156, 4148, 4153, 4155, 4153, 4154, 4207, 8763, 8637, 8636, 5511, 4222, 5512, 4207, 4222, 5511, 4222, 5513, 5512, 5512, 5513, 5496, 5513, 5497, 5496, 5497, 4574, 4613, 4574, 4599, 4613, 5104, 5107, 5106, 5109, 5110, 3039, 3099, 3097, 3102, 3097, 3100, 3102, 3097, 3098, 3100, 1248, 1257, 1246, 1257, 1258, 1256, 1307, 1276, 1304, 1307, 1279, 1276, 2212, 2211, 2210, 2009, 2007, 2014, 2262, 2271, 2312, 2262, 2270, 2271, 2304, 4967, 2283, 4967, 4974, 2283, 4948, 4932, 4944, 5540, 5538, 5444, 5509, 5510, 5538, 5509, 5508, 5510, 5508, 5507, 5510, 5508, 5475, 5507, 5507, 5475, 5506, 5475, 5476, 5506, 4095, 4151, 4150, 4151, 4147, 4150, 4147, 4148, 4150, 4158, 4222, 4207, 4221, 5497, 5513, 4613, 4629, 4630, 4629, 5407, 5403, 5403, 5300, 5301, 5301, 5300, 5104, 5107, 5110, 5109, 7597, 7514, 7596, 1306, 1307, 1304, 2013, 1971, 1970, 1971, 1926, 1970, 1902, 1907, 1926, 1988, 1996, 2026, 1996, 1999, 2029, 1999, 2006, 2025, 2006, 2024, 2025, 2262, 2312, 2242, 4948, 4974, 4967, 4967, 4949, 4948, 4929, 4932, 4948, 4929, 4930, 4932, 4965, 5008, 4938, 5008, 5051, 5039, 5051, 5068, 5039, 5253, 5254, 5068, 5254, 5343, 5347, 6843, 7403, 6837, 5476, 4076, 4191, 5475, 4076, 5476, 4191, 4076, 4078, 4080, 4151, 4095, 4147, 4146, 4148, 4146, 4149, 4148, 4148, 4149, 4153, 4149, 4154, 4153, 4149, 4120, 4154, 4154, 4120, 4158, 4120, 4117, 4158, 4117, 4222, 4158, 4222, 4215, 5513, 5513, 4215, 4221, 4221, 4574, 5497, 4221, 4573, 4574, 4574, 4572, 4599, 4613, 4583, 4629, 5407, 5300, 5403, 5110, 3112, 3039, 3039, 3112, 3106, 3099, 3096, 3097, 3094, 3098, 3097, 3098, 3095, 1283, 7492, 7514, 7597, 1094, 1113, 976, 1907, 1902, 1906, 1902, 1903, 1906, 2213, 2211, 2212, 2006, 2003, 2024, 2024, 2003, 2022, 2008, 2015, 2007, 2008, 2010, 2015, 2010, 2012, 2015, 2262, 2267, 2270, 2270, 2267, 2269, 4930, 4965, 4938, 5013, 5008, 4965, 5013, 5051, 5008, 5051, 5253, 5068, 5343, 5449, 5347, 5540, 5488, 5538, 5488, 5509, 5538, 5509, 5468, 5508, 5468, 5474, 5508, 5474, 5475, 5508, 4078, 4075, 4095, 4075, 4080, 4095, 4080, 4152, 4151, 4152, 4147, 4151, 4117, 4215, 4222, 4116, 4221, 4215, 8363, 8490, 8489, 4221, 4575, 4573, 4574, 4573, 4572, 4599, 4583, 4613, 5266, 5107, 5104, 3106, 3105, 3099, 3105, 3096, 3099, 3096, 3094, 3097, 3094, 3095, 3098, 3095, 3113, 1283, 3113, 1284, 1283, 1164, 1301, 1163, 2013, 1961, 1971, 2213, 2214, 2211, 1903, 1939, 1906, 2214, 2244, 2211, 2244, 2242, 2211, 4929, 4931, 4930, 4966, 4965, 4930, 5013, 5052, 5051, 5253, 5343, 5254, 6837, 7372, 6840, 5474, 4077, 5475, 5475, 4077, 4076, 4077, 4073, 4076, 4076, 4075, 4078, 8575, 8598, 8573, 4152, 4086, 4147, 4086, 4146, 4147, 4086, 4087, 4146, 4087, 4149, 4146, 4149, 4193, 4120, 4118, 4117, 4120, 4599, 4572, 4583, 5300, 5266, 5104, 5107, 5140, 5111, 5266, 5140, 5107, 5107, 5111, 5110, 5111, 5112, 5110, 5110, 5112, 3112, 3112, 3110, 3106, 3110, 3105, 3106, 3105, 3093, 3096, 1292, 1306, 1265, 7824, 7840, 7874, 2021, 1961, 2013, 1961, 1926, 1971, 7729, 2021, 2013, 1925, 1902, 1926, 2215, 2214, 2213, 1939, 1987, 1988, 1988, 1987, 1996, 2261, 2267, 2262, 4956, 4949, 2304, 4931, 4966, 4930, 4966, 5007, 4965, 5007, 5013, 4965, 5052, 5236, 5051, 5236, 5253, 5051, 5340, 5343, 5253, 5521, 5540, 5449, 5488, 5468, 5509, 5474, 4070, 4077, 4073, 4075, 4076, 4073, 4074, 4075, 4075, 4074, 4080, 4074, 4081, 4080, 4081, 4152, 4080, 4086, 4152, 4081, 4087, 4135, 4149, 4135, 4210, 4149, 4237, 4193, 4210, 4193, 4149, 4210, 4118, 4120, 4193, 4116, 4577, 4221, 4575, 4569, 4573, 4569, 4572, 4573, 4571, 4568, 4572, 4629, 4626, 5407, 5407, 5266, 5300, 5112, 3110, 3112, 2949, 1287, 1301, 1900, 1939, 1903, 2006, 2001, 2003, 2005, 2007, 2009, 1509, 2011, 2010, 2011, 2012, 2010, 2242, 2258, 2262, 2262, 2258, 2261, 4956, 2304, 2301, 4955, 4949, 4956, 5007, 5053, 5013, 5013, 5053, 5052, 5236, 5340, 5253, 5447, 5449, 5343, 5485, 5488, 5521, 5488, 5467, 5468, 5467, 4070, 5468, 5468, 4070, 5474, 4071, 4077, 4070, 4071, 4073, 4077, 4084, 4085, 4081, 4081, 4085, 4086, 4085, 4087, 4086, 4091, 4135, 4087, 4237, 4210, 4135, 4237, 4238, 4193, 4238, 4118, 4193, 4118, 4115, 4117, 4115, 4116, 4117, 4115, 4112, 4116, 4112, 4114, 4116, 4577, 4576, 4575, 4576, 4569, 4575, 4569, 4571, 4572, 4572, 4568, 4583, 4568, 4563, 4583, 4583, 4626, 4629, 4583, 4605, 4626, 4626, 5406, 5407, 5406, 5266, 5407, 5292, 5140, 5266, 3094, 3090, 3095, 3095, 3090, 3113, 2021, 1954, 1961, 2037, 1954, 2021, 1961, 1954, 1926, 1954, 1925, 1926, 1900, 1941, 1939, 1941, 1953, 1939, 1939, 1953, 1987, 2282, 2280, 2268, 6978, 6898, 6977, 4958, 4931, 4929, 4958, 4966, 4931, 5340, 5447, 5343, 5447, 5521, 5449, 5534, 5521, 5447, 5486, 5485, 5521, 5485, 5464, 5488, 5464, 5467, 5488, 8573, 8610, 8571, 4072, 4074, 4073, 4072, 4082, 4074, 4074, 4082, 4084, 4085, 4091, 4087, 4092, 4135, 4091, 4173, 4238, 4237, 4173, 4119, 4238, 4238, 4119, 4118, 4119, 4115, 4118, 8490, 8704, 8635, 4114, 4576, 4577, 4583, 4563, 4605, 5406, 5292, 5266, 3105, 3107, 3093, 3096, 3089, 3094, 3094, 3089, 3090, 2806, 2949, 1301, 1904, 1899, 1902, 1899, 1900, 1902, 2216, 2214, 2215, 2216, 2217, 2214, 1998, 2001, 2006, 2003, 2004, 2005, 1508, 2008, 2007, 2008, 1509, 2010, 2261, 2263, 2267, 2263, 2268, 2267, 4958, 4929, 4957, 5053, 5234, 5052, 5234, 5236, 5052, 5448, 5447, 5340, 5461, 5464, 5485, 5467, 5464, 4070, 5464, 4069, 4070, 4070, 4061, 4071, 4071, 4072, 4073, 4082, 4085, 4084, 4085, 4090, 4091, 4090, 4092, 4091, 4092, 4173, 4135, 4115, 4110, 4112, 4112, 4113, 4114, 4114, 4113, 4576, 4569, 4568, 4571, 3110, 3107, 3105, 3093, 3089, 3096, 3090, 1284, 3113, 1292, 1294, 1317, 1315, 1308, 1307, 2037, 2002, 1954, 1925, 1905, 1902, 1905, 1904, 1902, 2217, 2243, 2214, 2005, 1508, 2007, 1508, 1509, 2008, 2259, 2258, 2244, 2282, 2292, 2280, 2292, 4962, 2301, 4955, 4957, 4929, 4958, 4991, 4966, 4991, 5007, 4966, 5236, 5339, 5340, 5486, 5521, 5534, 5461, 5462, 5464, 5462, 4069, 5464, 4069, 4061, 4070, 4072, 4071, 4061, 4088, 4085, 4082, 4092, 4174, 4173, 4173, 4103, 4119, 4103, 4104, 4119, 4104, 4110, 4119, 4119, 4110, 4115, 4110, 4111, 4112, 4111, 4113, 4112, 4113, 4127, 4576, 4127, 4569, 4576, 4569, 4567, 4568, 4567, 4563, 4568, 4563, 4561, 4605, 4606, 4626, 4605, 5112, 5114, 3110, 3090, 3091, 1284, 1315, 1316, 1308, 1308, 1316, 2834, 1924, 1925, 1954, 1901, 1941, 1900, 1953, 1986, 1987, 2004, 1508, 2005, 2260, 2263, 2261, 4991, 5038, 5007, 5038, 5053, 5007, 5234, 5339, 5236, 5339, 5424, 5340, 5424, 5448, 5340, 5448, 5534, 5447, 4063, 4079, 4072, 4079, 4082, 4072, 4079, 4083, 4082, 4083, 4088, 4082, 4088, 4090, 4085, 4090, 4093, 4092, 4092, 4093, 4174, 4093, 4099, 4174, 4174, 4099, 4173, 8622, 8679, 8620, 4099, 4103, 4173, 4105, 4110, 4104, 4105, 4108, 4110, 4127, 4567, 4569, 4567, 4562, 4563, 4561, 4606, 4605, 4626, 5405, 5406, 5405, 5292, 5406, 5292, 5141, 5140, 5140, 5141, 5111, 5111, 5113, 5112, 3110, 3109, 3107, 3085, 3090, 3089, 3085, 3091, 3090, 3091, 3086, 1284, 3086, 1303, 1284, 1284, 1303, 1291, 1303, 1297, 1291, 2137, 1962, 2002, 1962, 1954, 2002, 1962, 1924, 1954, 2218, 2217, 2216, 1986, 1487, 1987, 1487, 1997, 1987, 2263, 2282, 2268, 2292, 4963, 4962, 4964, 4958, 4957, 5038, 5123, 5053, 5338, 5339, 5234, 5338, 5424, 5339, 5448, 5522, 5534, 5522, 5486, 5534, 5485, 5460, 5461, 4069, 4059, 4061, 4063, 4072, 4061, 4083, 4089, 4088, 4088, 4089, 4090, 4089, 4093, 4090, 4103, 4102, 4104, 4108, 4111, 4110, 4122, 4113, 4111, 4113, 4123, 4127, 4127, 4128, 4567, 4570, 4562, 4567, 5405, 5141, 5292, 5141, 5113, 5111, 5113, 5114, 5112, 5114, 3109, 3110, 3093, 3092, 3089, 3092, 3087, 3089, 3087, 3085, 3089, 1294, 1318, 1317, 2810, 1287, 2949, 1942, 1953, 1941, 2259, 2260, 2258, 4964, 4980, 4958, 4980, 4991, 4958, 5123, 5235, 5053, 5053, 5235, 5234, 5235, 5338, 5234, 5484, 5485, 5486, 5484, 5483, 5485, 5483, 5460, 5485, 8284, 8319, 8283, 5460, 5462, 5461, 4060, 4061, 4059, 4060, 4062, 4061, 4061, 4062, 4063, 4083, 4096, 4089, 4096, 4093, 4089, 4096, 4097, 4093, 4097, 4098, 4093, 4098, 4099, 4093, 4098, 4102, 4099, 4099, 4102, 4103, 4102, 4105, 4104, 8626, 8625, 8623, 4122, 4111, 4108, 4122, 4123, 4113, 4562, 4561, 4563, 4561, 4592, 4606, 3092, 3093, 3107, 3085, 3086, 3091, 1905, 1899, 1904, 1654, 2217, 2218, 1654, 1760, 2217, 1760, 2243, 2217, 1490, 1998, 1997, 1499, 2000, 1998, 2000, 1500, 2001, 1500, 1504, 2001, 1504, 1503, 2004, 1505, 1507, 1509, 2306, 2259, 2243, 2264, 2263, 2260, 4960, 4961, 4955, 4961, 4964, 4957, 4980, 5038, 4991, 5484, 5486, 5522, 4068, 4067, 4063, 4067, 4079, 4063, 4079, 4094, 4083, 4067, 4094, 4079, 4083, 4094, 4096, 4098, 4101, 4102, 8683, 8690, 8622, 8682, 8690, 8683, 4101, 4106, 4102, 4106, 4105, 4102, 4105, 4107, 4108, 4109, 4121, 4108, 4108, 4121, 4122, 4121, 4123, 4122, 4121, 4124, 4123, 4123, 4128, 4127, 4128, 4570, 4567, 4633, 5405, 4628, 5113, 5115, 5114, 3109, 3092, 3107, 2831, 2832, 1316, 2137, 1955, 1962, 1955, 1924, 1962, 1942, 1901, 1899, 2306, 2260, 2259, 2290, 2292, 2282, 5235, 5364, 5338, 5519, 5448, 5424, 5458, 5460, 5483, 5458, 3922, 5460, 3922, 5462, 5460, 3922, 4069, 5462, 4059, 4069, 3922, 3922, 4058, 4059, 4059, 4058, 4060, 4058, 4062, 4060, 4065, 4068, 4062, 4094, 4023, 4096, 4096, 4100, 4097, 4097, 4100, 4098, 4100, 4101, 4098, 4106, 4107, 4105, 4109, 4108, 4107, 4570, 4565, 4562, 4560, 4561, 4562, 5405, 5404, 5141, 5116, 5115, 5113, 5114, 5118, 3109, 3085, 3084, 3086, 3086, 1313, 1303, 3084, 1313, 3086, 1315, 2938, 1316, 1955, 1949, 1924, 1942, 1498, 1953, 1498, 1986, 1953, 1498, 1486, 1986, 1487, 1490, 1997, 1490, 1499, 1998, 1506, 1507, 1505, 2306, 2264, 2260, 2284, 2282, 2263, 2290, 4963, 2292, 2290, 4969, 4963, 4961, 4972, 4964, 4972, 4983, 4964, 4983, 4980, 4964, 5364, 5433, 5338, 5433, 5424, 5338, 5519, 5503, 5522, 5503, 5484, 5522, 3926, 4064, 4058, 4064, 4062, 4058, 4064, 4065, 4062, 4068, 4065, 4067, 4065, 4066, 4067, 4066, 4094, 4067, 4066, 4022, 4094, 4094, 4022, 4023, 4023, 4026, 4096, 4026, 4100, 4096, 4045, 4101, 4100, 4048, 4106, 4101, 4048, 4107, 4106, 4107, 4130, 4109, 4130, 4125, 4109, 4125, 4123, 4124, 4125, 4126, 4123, 4126, 4128, 4123, 4126, 4129, 4128, 4129, 4570, 4128, 4561, 4559, 4592, 4611, 4633, 4628, 4633, 5404, 5405, 5141, 5116, 5113, 5118, 3111, 3109, 3111, 3092, 3109, 3088, 3087, 3092, 7126, 7159, 6956, 1318, 2962, 1315, 2962, 2938, 1315, 2807, 2809, 2810, 2798, 2799, 2784, 1654, 1653, 1760, 1506, 1496, 2218, 1502, 1501, 1503, 1499, 1500, 2000, 2253, 2306, 2243, 2265, 2263, 2264, 2265, 2284, 2263, 4969, 4959, 4963, 4983, 5033, 4980, 5033, 5038, 4980, 5064, 5123, 5038, 5363, 5364, 5235, 3921, 3922, 5458, 4064, 3923, 4065, 4065, 3923, 4066, 4027, 4030, 4026, 4030, 4100, 4026, 4030, 4045, 4100, 4045, 4048, 4101, 4560, 4559, 4561, 3087, 3083, 3085, 3085, 3083, 3084, 3084, 3081, 1313, 2914, 2962, 2967, 7978, 7968, 7565, 1914, 1908, 1905, 1905, 1908, 1899, 1908, 1909, 1899, 1652, 1653, 1654, 1909, 1942, 1899, 1760, 1653, 2253, 1500, 1493, 1504, 1504, 1493, 1503, 1501, 1484, 1508, 1484, 1483, 1505, 2266, 2264, 2306, 4968, 4959, 4969, 4960, 4971, 4961, 5483, 5459, 5458, 5459, 3921, 5458, 3921, 3917, 3922, 3917, 3926, 3922, 3917, 4064, 3926, 3925, 4066, 3923, 4022, 4066, 3925, 3925, 3928, 4022, 3928, 4006, 4022, 4006, 4023, 4022, 4025, 4026, 4023, 4025, 4027, 4026, 4030, 4029, 4045, 4049, 4107, 4048, 4049, 4053, 4107, 4107, 4053, 4130, 4053, 4054, 4177, 4177, 4125, 4130, 4177, 4126, 4125, 4054, 4126, 4177, 4056, 4129, 4126, 4559, 4611, 4592, 5404, 5264, 5141, 5264, 5116, 5141, 5115, 5118, 5114, 3111, 3088, 3092, 3088, 3083, 3087, 3081, 3108, 1313, 2803, 2771, 2804, 2938, 2800, 2831, 1949, 1922, 1924, 1924, 1922, 1905, 1497, 1498, 1942, 1497, 1486, 1498, 1491, 1499, 1490, 1491, 1500, 1499, 1492, 1493, 1500, 1502, 1485, 1501, 2266, 2265, 2264, 2290, 4985, 4969, 4984, 4968, 4969, 5033, 5064, 5038, 5064, 5235, 5123, 5363, 5433, 5364, 5482, 5503, 5519, 5482, 5484, 5503, 5482, 5481, 5484, 5481, 5483, 5484, 5481, 5459, 5483, 3920, 4064, 3917, 3923, 4064, 3920, 3927, 3928, 3925, 4006, 4024, 4023, 4024, 4025, 4023, 4025, 4028, 4027, 4029, 4030, 4027, 4028, 4029, 4027, 4029, 4046, 4045, 4045, 4047, 4048, 4046, 4047, 4045, 4047, 4049, 4048, 4047, 4050, 4049, 4050, 4053, 4049, 4053, 4050, 4054, 4050, 4055, 4054, 4055, 4056, 4054, 4054, 4056, 4126, 4129, 4409, 4434, 4632, 5404, 4633, 3083, 3081, 3084, 1922, 1914, 1905, 1944, 1942, 1909, 1651, 2253, 1653, 1944, 1497, 1942, 1485, 1484, 1501, 1483, 1506, 1505, 4979, 4983, 4972, 5033, 5063, 5064, 3918, 3923, 3920, 3918, 3924, 3923, 3924, 3925, 3923, 3925, 3924, 3927, 3927, 3879, 3928, 3879, 4005, 3928, 3928, 4005, 4006, 4006, 4005, 4024, 3866, 3874, 4024, 3874, 4025, 4024, 3874, 3875, 4025, 3875, 4028, 4025, 4028, 4031, 4029, 4031, 4046, 4029, 4050, 4057, 4055, 4057, 4161, 4055, 4055, 4411, 4056, 4410, 4129, 4056, 4410, 4409, 4129, 4565, 4564, 4562, 4434, 4564, 4565, 4560, 4558, 4559, 4611, 4632, 4633, 4632, 5264, 5404, 5115, 5117, 5118, 5116, 5117, 5115, 3111, 3076, 3088, 3088, 3082, 3083, 3080, 3081, 3083, 3079, 3108, 3081, 2036, 1948, 1949, 1948, 1922, 1949, 1908, 1910, 1909, 1652, 1651, 1653, 1910, 1944, 1909, 1487, 1488, 1490, 1490, 1488, 1491, 1491, 1492, 1500, 1493, 1485, 1502, 2311, 2306, 2253, 7698, 7701, 7700, 4986, 4968, 4984, 4971, 4973, 4972, 5018, 5033, 4983, 5064, 5287, 5235, 5287, 5363, 5235, 5363, 5451, 5433, 5535, 5519, 5433, 3898, 3921, 5459, 3917, 3918, 3920, 3924, 3932, 3927, 4005, 3867, 4024, 3867, 3866, 4024, 3860, 3874, 3866, 3874, 3860, 3875, 3860, 3857, 3875, 3857, 3869, 3875, 3869, 4031, 3875, 3869, 3868, 4031, 4031, 3882, 4046, 3882, 4047, 4046, 3882, 4051, 4047, 4051, 4052, 4047, 4052, 4057, 4047, 4411, 4410, 4056, 4410, 4407, 4409, 4409, 4445, 4434, 4434, 4445, 4564, 4562, 4564, 4560, 4594, 4632, 4611, 5264, 5261, 5116, 5118, 3076, 3111, 3082, 3080, 3083, 1483, 1495, 1496, 1845, 2265, 2266, 2297, 2290, 2284, 2297, 4985, 2290, 4986, 4970, 4968, 4979, 5018, 4983, 5063, 5287, 5064, 5535, 5482, 5519, 3898, 3917, 3921, 3898, 3901, 3917, 3901, 3918, 3917, 3918, 3919, 3924, 3932, 3878, 3927, 3927, 3878, 3879, 3879, 3873, 4005, 3873, 3867, 4005, 3864, 3866, 3867, 3866, 3864, 3860, 3857, 3858, 3869, 3858, 3861, 3869, 3861, 3868, 3869, 3868, 3880, 4031, 4052, 4161, 4057, 4564, 4558, 4560, 4632, 5261, 5264, 3076, 3061, 3088, 3061, 3082, 3088, 3078, 3108, 3079, 3108, 2936, 1313, 7967, 7491, 7968, 1481, 1483, 1484, 2311, 1845, 2306, 1845, 2266, 2306, 1846, 2284, 2265, 4988, 4985, 2297, 4985, 4987, 4984, 5536, 5535, 5433, 5482, 5463, 5481, 5481, 5463, 5459, 3896, 3901, 3898, 3901, 3919, 3918, 3919, 3991, 3924, 3991, 3932, 3924, 3993, 3878, 3932, 3878, 3873, 3879, 3871, 3867, 3873, 3871, 3864, 3867, 3859, 3864, 3865, 3865, 3496, 3859, 3859, 3860, 3864, 3859, 3857, 3860, 3496, 3856, 3859, 3856, 3857, 3859, 3856, 3858, 3857, 3856, 3861, 3858, 3861, 3863, 3868, 3863, 3880, 3868, 3863, 3881, 3880, 3881, 3882, 3880, 8684, 8695, 8694, 4052, 4051, 4439, 4161, 4052, 4414, 6053, 6063, 6064, 4414, 4413, 4161, 4411, 4407, 4410, 4558, 4557, 4559, 4557, 4594, 4559, 5261, 5117, 5116, 5117, 5119, 5118, 5119, 3076, 5118, 3075, 3061, 3076, 3080, 3079, 3081, 3078, 2936, 3108, 2790, 2808, 2807, 2036, 1947, 1948, 1908, 1911, 1910, 1650, 1651, 1652, 1651, 2254, 2253, 1497, 1476, 1486, 1489, 1480, 1492, 1482, 1495, 1483, 1845, 1846, 2265, 4988, 4987, 4985, 4973, 4990, 4979, 5018, 5063, 5033, 5063, 5288, 5287, 5287, 5399, 5363, 5399, 5450, 5363, 5450, 5451, 5363, 3932, 3991, 3993, 4019, 3878, 3993, 4019, 3876, 3878, 3876, 3873, 3878, 3876, 3871, 3873, 3870, 3864, 3871, 3865, 3864, 3870, 3870, 3480, 3865, 3480, 3496, 3865, 3496, 3531, 3856, 3862, 3861, 3856, 3531, 3862, 3856, 3862, 3863, 3861, 3863, 3884, 3881, 3883, 3882, 3881, 3883, 4443, 3882, 3882, 4443, 4051, 4443, 4439, 4051, 8642, 8684, 8643, 4414, 4052, 4439, 4414, 4412, 4413, 4411, 4161, 4413, 4412, 4411, 4413, 4412, 4407, 4411, 4407, 4396, 4409, 4396, 4445, 4409, 4445, 4446, 4564, 5121, 3075, 3076, 3078, 3077, 2936, 7818, 7842, 7827, 1947, 1922, 1948, 1650, 1649, 1651, 1944, 1474, 1497, 1493, 1480, 1479, 1482, 1483, 1481, 1846, 2296, 2284, 2296, 2297, 2284, 4978, 4973, 4971, 4990, 5018, 4979, 5046, 5063, 5018, 5288, 5399, 5287, 3896, 3898, 3897, 3989, 3991, 3919, 3992, 3993, 3991, 3992, 4020, 3993, 4020, 4019, 3993, 4216, 3876, 4019, 3543, 3457, 3870, 3457, 3480, 3870, 3480, 3483, 3496, 3496, 3483, 3531, 4474, 4443, 3883, 4439, 4438, 4414, 6055, 6065, 6063, 4438, 4437, 4414, 4405, 4396, 4407, 4396, 4446, 4445, 5262, 5117, 5261, 5119, 5121, 3076, 3061, 3060, 3082, 3060, 3080, 3082, 3080, 3060, 3079, 3060, 3078, 3079, 2912, 2897, 2911, 2772, 2790, 2807, 1947, 1923, 1922, 1910, 1912, 1944, 1649, 2254, 1651, 1488, 1489, 1491, 1482, 1494, 1495, 2296, 2307, 2297, 5217, 5288, 5063, 5450, 5536, 5451, 5536, 5482, 5535, 5463, 3909, 5459, 3909, 3898, 5459, 3896, 3895, 3901, 3901, 3942, 3919, 3942, 3986, 3919, 3986, 3989, 3919, 3989, 3992, 3991, 3992, 4172, 4020, 3543, 3871, 3876, 3483, 3520, 3531, 3520, 3862, 3531, 3872, 3863, 3862, 3872, 3884, 3863, 4474, 4470, 4443, 4470, 4441, 4443, 4443, 4441, 4439, 4441, 4440, 4439, 4440, 4438, 4439, 6056, 6060, 6055, 4437, 4436, 4412, 4436, 4435, 4412, 4412, 4435, 4407, 4435, 4405, 4407, 4564, 4566, 4558, 4591, 4623, 4594, 4623, 4622, 5261, 4622, 5262, 5261, 5117, 5120, 5119, 5121, 5124, 3075, 3077, 2951, 2936, 2956, 2932, 2938, 2932, 2800, 2938, 2932, 2787, 2800, 2787, 2782, 2800, 1923, 1913, 1922, 1912, 1910, 1911, 1495, 1648, 1650, 1474, 1476, 1497, 1479, 1467, 1481, 2307, 4995, 2297, 4995, 4988, 2297, 4978, 4981, 4973, 4981, 4990, 4973, 5536, 5487, 5482, 5487, 5463, 5482, 3909, 3897, 3898, 3895, 3942, 3901, 3989, 3996, 3992, 3990, 3996, 3989, 3996, 4172, 3992, 3581, 4216, 4172, 3581, 3876, 4216, 3561, 3455, 3560, 3455, 3543, 3560, 3455, 3457, 3543, 3456, 3480, 3457, 3456, 3476, 3480, 3476, 3483, 3480, 3520, 3872, 3862, 3884, 4470, 4474, 4440, 4431, 4438, 4438, 4429, 4437, 5641, 6051, 5652, 4437, 4429, 4436, 6159, 5651, 5647, 4436, 4408, 4435, 4397, 4396, 4405, 4446, 4566, 4564, 4557, 4591, 4594, 5120, 5121, 5119, 3077, 3078, 3060, 2930, 2929, 2951, 1913, 1912, 1908, 1648, 1649, 1650, 2255, 2254, 1649, 1943, 1474, 1944, 1470, 1488, 1475, 1488, 1470, 1489, 1482, 1478, 1494, 1478, 1512, 1494, 1844, 1846, 1845, 4981, 5000, 4990, 5000, 5018, 4990, 5046, 5217, 5063, 5537, 5536, 5450, 5487, 5465, 5463, 5465, 3909, 5463, 3942, 3895, 3986, 3895, 3908, 3986, 3986, 3908, 3989, 3908, 3990, 3989, 4217, 3581, 4172, 3561, 3876, 3581, 3562, 3455, 3561, 3483, 3482, 3520, 3877, 3884, 3872, 3884, 3877, 4470, 4442, 4440, 4441, 4442, 4433, 4440, 6058, 6067, 6061, 6060, 6058, 6061, 4433, 4431, 4440, 4429, 4438, 4431, 4428, 4436, 4429, 4408, 4436, 4428, 4408, 4405, 4435, 4446, 4447, 4566, 4447, 4556, 4566, 4566, 4556, 4558, 4556, 4557, 4558, 4556, 4555, 4557, 4591, 4622, 4623, 5262, 5120, 5117, 3061, 3059, 3060, 1951, 1923, 1947, 1648, 1647, 1649, 1943, 1944, 1912, 1477, 1466, 1480, 1480, 1466, 1479, 1466, 1467, 1479, 1844, 1826, 1846, 4995, 4993, 4988, 4989, 4987, 4988, 6862, 6867, 6859, 5000, 5027, 5018, 5027, 5046, 5018, 5217, 5296, 5288, 5296, 5408, 5288, 5408, 5399, 5288, 5408, 5450, 5399, 3899, 3893, 3897, 3897, 3893, 3896, 3893, 3895, 3896, 3908, 4228, 3990, 4228, 3996, 3990, 3996, 3572, 4217, 3572, 3582, 4217, 3582, 3581, 4217, 3581, 3454, 3562, 3542, 3454, 3581, 3454, 3455, 3562, 3455, 3456, 3457, 3452, 3456, 3455, 8544, 8615, 8814, 3476, 3482, 3483, 3520, 3534, 3872, 3534, 3877, 3872, 3877, 3885, 4470, 4470, 5457, 4442, 4468, 4433, 4442, 4427, 4408, 4428, 4397, 4395, 4396, 4396, 4447, 4446, 4396, 4390, 4447, 4555, 4591, 4557, 5120, 5122, 5121, 5124, 3071, 3075, 3075, 3071, 3061, 3059, 3053, 3060, 2950, 2932, 2956, 1647, 2255, 1649, 1467, 1468, 1481, 1468, 1464, 1481, 1825, 2311, 2254, 1826, 2296, 1846, 4998, 5000, 4981, 5537, 5487, 5536, 5466, 5465, 5487, 5465, 3911, 3909, 3894, 3907, 3895, 3907, 3908, 3895, 3572, 3565, 3582, 3542, 3582, 3565, 3542, 3581, 3582, 3542, 3453, 3454, 3454, 3452, 3455, 3476, 3474, 3482, 3482, 3534, 3520, 3482, 3877, 3534, 3482, 3563, 3877, 3877, 3563, 3885, 4470, 3885, 5457, 6059, 6066, 6058, 6058, 6066, 6067, 6072, 6070, 6059, 4433, 4432, 4431, 4432, 4430, 4431, 4431, 4426, 4429, 4429, 4426, 4428, 4428, 4426, 4427, 4403, 4405, 4408, 4393, 4396, 4395, 4552, 4555, 4556, 5263, 5120, 5262, 5122, 5124, 5121, 3071, 3064, 3061, 3064, 3059, 3061, 3060, 3053, 3077, 3051, 2951, 3077, 2813, 2749, 2787, 7819, 7826, 7825, 1915, 1912, 1913, 1912, 1915, 1943, 1825, 1844, 2311, 3902, 3899, 3897, 3893, 3894, 3895, 3908, 4227, 4228, 3907, 4227, 3908, 4227, 3572, 4228, 4203, 3572, 4227, 3565, 3541, 3542, 3541, 3451, 3542, 3542, 3451, 3453, 3453, 3452, 3454, 3456, 3477, 3476, 3563, 3567, 3885, 3885, 3567, 5457, 6059, 6069, 6066, 6070, 6069, 6059, 3567, 3624, 5457, 4469, 4433, 4468, 4469, 4432, 4433, 4430, 4426, 4431, 6276, 6615, 6614, 4426, 4425, 4427, 4427, 4425, 4408, 4403, 4397, 4405, 4403, 4402, 4397, 4393, 4390, 4396, 4390, 4389, 4447, 4555, 4553, 4591, 4553, 4610, 4591, 4624, 5262, 4622, 4624, 5263, 5262, 3051, 3052, 2951, 3052, 2930, 2951, 2040, 1952, 1951, 1952, 1923, 1951, 1923, 1921, 1913, 7713, 7761, 7760, 1646, 1647, 1648, 1474, 1473, 1476, 1473, 1475, 1476, 1475, 1472, 1470, 1461, 1482, 1464, 1482, 1461, 1478, 2308, 2307, 2296, 2308, 4996, 2307, 4996, 4995, 2307, 5005, 5027, 5000, 5027, 5076, 5046, 5453, 5537, 5450, 5518, 5487, 5537, 5518, 5470, 5487, 5470, 5466, 5487, 3902, 3897, 3909, 3572, 3540, 3565, 3540, 3541, 3565, 3451, 3452, 3453, 3474, 3481, 3482, 3482, 3527, 3563, 3481, 3527, 3482, 6068, 6074, 8647, 3527, 3567, 3563, 3624, 3628, 4469, 4469, 4430, 4432, 4451, 4403, 4408, 4398, 4395, 4397, 4395, 4394, 4393, 4551, 4555, 4552, 4616, 4624, 4622, 3051, 3077, 3053, 2894, 2898, 2897, 1917, 1916, 1913, 1916, 1915, 1913, 1764, 2255, 1647, 1764, 2325, 2255, 2255, 1825, 2254, 1844, 1825, 1826, 2296, 1849, 2308, 4997, 4996, 2308, 5005, 5000, 4998, 5076, 5217, 5046, 5296, 5409, 5408, 5466, 3911, 5465, 3899, 3891, 3893, 3894, 3929, 3907, 4176, 4227, 3907, 4176, 4203, 4227, 3587, 3572, 4203, 3587, 3540, 3572, 3540, 3451, 3541, 6069, 6074, 6068, 6152, 6148, 6121, 3527, 3525, 3567, 4469, 4424, 4430, 4430, 4424, 4426, 4424, 4425, 4426, 6617, 6616, 6274, 4425, 4451, 4408, 4394, 4385, 4393, 4389, 4552, 4556, 5122, 5125, 5124, 3053, 3050, 3051, 1921, 1917, 1913, 1472, 1469, 1470, 1469, 1465, 1471, 1471, 1465, 1466, 1462, 1511, 1512, 4992, 4989, 4994, 3911, 3910, 3909, 3891, 3892, 3893, 3892, 3894, 3893, 3587, 3505, 3540, 3540, 3505, 3451, 3434, 3452, 3451, 3476, 3475, 3474, 6126, 6075, 6071, 6071, 6073, 6069, 6073, 6074, 6069, 3481, 3525, 3527, 3583, 3624, 3567, 3525, 3583, 3567, 3583, 3628, 3624, 3628, 4473, 4469, 4473, 4424, 4469, 4402, 4398, 4397, 8348, 8177, 8349, 4551, 4553, 4555, 5263, 5122, 5120, 5124, 3073, 3071, 3073, 3064, 3071, 3050, 3052, 3051, 3052, 3062, 2930, 3062, 2915, 2930, 1950, 1928, 1923, 1928, 1921, 1923, 1646, 1645, 1647, 1916, 1943, 1915, 2255, 2332, 1825, 1820, 1818, 1825, 1818, 1826, 1825, 1849, 2296, 1826, 5076, 5296, 5217, 5409, 5453, 5408, 4928, 5518, 5537, 5517, 5470, 5518, 3914, 3911, 5466, 3929, 4176, 3907, 4175, 4203, 4176, 3479, 3456, 3452, 3479, 3478, 3456, 8674, 8483, 8553, 3475, 3476, 3477, 3525, 3526, 3583, 6603, 6606, 6607, 4422, 4425, 4424, 6279, 6618, 6617, 4393, 4387, 4390, 4387, 4389, 4390, 4389, 4388, 4552, 4388, 4548, 4552, 4553, 4536, 4610, 5263, 5139, 5122, 2950, 2928, 2813, 1645, 1764, 1647, 1945, 1943, 1916, 1943, 1450, 1474, 1450, 1449, 1474, 1474, 1449, 1473, 1443, 1472, 1473, 1464, 1463, 1461, 2332, 1820, 1825, 5034, 5027, 5005, 4928, 5517, 5518, 5470, 5469, 5466, 5469, 3914, 5466, 3910, 3902, 3909, 3902, 3900, 3899, 3903, 3900, 3902, 3900, 3891, 3899, 3931, 3929, 3894, 3606, 4203, 4175, 3579, 3506, 3587, 3506, 3505, 3587, 3505, 3432, 3451, 3450, 3479, 3452, 3478, 3477, 3456, 6120, 6117, 6125, 6101, 6126, 6125, 6101, 6077, 6126, 6077, 6075, 6126, 3474, 3459, 3481, 3481, 3489, 3525, 3489, 3526, 3525, 3628, 4259, 4473, 4259, 4472, 4473, 4472, 4424, 4473, 4472, 4423, 4424, 4424, 4423, 4422, 4422, 4420, 4425, 5594, 5598, 5599, 4399, 4394, 4395, 4385, 4387, 4393, 4387, 4388, 4389, 4552, 4548, 4551, 4551, 4547, 4553, 4547, 4554, 4553, 4620, 4624, 4621, 4620, 5377, 4624, 5377, 5263, 4624, 5377, 5139, 5263, 5126, 5125, 5122, 5125, 3073, 5124, 3059, 3055, 3053, 3053, 3055, 3050, 3055, 3054, 3050, 3050, 3054, 3052, 3054, 3062, 3052, 2762, 2791, 2792, 7820, 7835, 7826, 2040, 1979, 1952, 1979, 1950, 1952, 1918, 1916, 1917, 1449, 1443, 1473, 1469, 1431, 1465, 5002, 4997, 2308, 5001, 4993, 4997, 5003, 5005, 4998, 5034, 5071, 5027, 5071, 5076, 5027, 5276, 5409, 5296, 4924, 4928, 5453, 5471, 5470, 5517, 3910, 3903, 3902, 3890, 3892, 3891, 3929, 4175, 4176, 3606, 3587, 4203, 3606, 3579, 3587, 3506, 3432, 3505, 3432, 3434, 3451, 6119, 6115, 6120, 6116, 6115, 6119, 6115, 6117, 6120, 6147, 6119, 6148, 3481, 3459, 3489, 3526, 3489, 3583, 3584, 3628, 3583, 3489, 3584, 3583, 3584, 4259, 3628, 4420, 4406, 4425, 4406, 4451, 4425, 4398, 4399, 4395, 4386, 4387, 4385, 4460, 4548, 4388, 4548, 4547, 4551, 5139, 5126, 5122, 3065, 3059, 3064, 3065, 3055, 3059, 2336, 1979, 2040, 1929, 1928, 1950, 1918, 1917, 1921, 1643, 1645, 1646, 1919, 1920, 1916, 1920, 1945, 1916, 1945, 1450, 1943, 1443, 1441, 1472, 1434, 1466, 1465, 1437, 1467, 1466, 1437, 1438, 1467, 1463, 1440, 1461, 1462, 1460, 1511, 2325, 2332, 2255, 1818, 1849, 1826, 5002, 5001, 4997, 5003, 5034, 5005, 5276, 5296, 5076, 4921, 5453, 5409, 5471, 5469, 5470, 3914, 3912, 3911, 3912, 3910, 3911, 3579, 3507, 3506, 3507, 3432, 3506, 6259, 6253, 8674, 3537, 3584, 3489, 4423, 4421, 4422, 4421, 4420, 4422, 4403, 4404, 4402, 4554, 4536, 4553, 4590, 4620, 4610, 3057, 3062, 3054, 2886, 2928, 2950, 8011, 7358, 7538, 1980, 1950, 1979, 1918, 1919, 1916, 1460, 1644, 1511, 1441, 1469, 1472, 1461, 1460, 1462, 1872, 2332, 2325, 1806, 1820, 2332, 1850, 2308, 1849, 4999, 5003, 4998, 5276, 5410, 5409, 5410, 4921, 5409, 5520, 5471, 5517, 3915, 3912, 3914, 3900, 3904, 3891, 3904, 3890, 3891, 3892, 3930, 3894, 3930, 3931, 3894, 3930, 3943, 3931, 3931, 4044, 3929, 3943, 4044, 3931, 4044, 4175, 3929, 3433, 3452, 3434, 3433, 3450, 3452, 3479, 3499, 3478, 6252, 6253, 6259, 3478, 3241, 3477, 6114, 6102, 6117, 6569, 6646, 6645, 6571, 6646, 6569, 6446, 6645, 6646, 4472, 4471, 4423, 4406, 4404, 4403, 4402, 4400, 4398, 4536, 4590, 4610, 4627, 5377, 4620, 3070, 3064, 3073, 3070, 3065, 3064, 3057, 3049, 3062, 3049, 2915, 3062, 2875, 2928, 2886, 2788, 2747, 2749, 2547, 2743, 2791, 1929, 1921, 1928, 1434, 1437, 1466, 1764, 1872, 2325, 1872, 1806, 2332, 1818, 1834, 1849, 1834, 1850, 1849, 1850, 5002, 2308, 4928, 5520, 5517, 5520, 5473, 5471, 5469, 4166, 3914, 3912, 3916, 3910, 3910, 3906, 3903, 3906, 3905, 3903, 3905, 3900, 3903, 4044, 3606, 4175, 3596, 3558, 3606, 3558, 3507, 3579, 3432, 3433, 3434, 6252, 6250, 6253, 3499, 3242, 3478, 3242, 3241, 3478, 3241, 3240, 3477, 3240, 3475, 3477, 3240, 3375, 3475, 5691, 5690, 5692, 6087, 6082, 6102, 3458, 3474, 3475, 3474, 3458, 3459, 3458, 3460, 3459, 3489, 3502, 3537, 3537, 3502, 3584, 4471, 4421, 4423, 4404, 4400, 4402, 4400, 4399, 4398, 4384, 4385, 4394, 4333, 4388, 4387, 4460, 4546, 4548, 4548, 4546, 4547, 5125, 3070, 3073, 3055, 3056, 3054, 3056, 3057, 3054, 1918, 1920, 1919, 1920, 1454, 1945, 1454, 1450, 1945, 1441, 1429, 1469, 1429, 1431, 1469, 1438, 1464, 1468, 1438, 1463, 1464, 1440, 1460, 1461, 1806, 1818, 1820, 3916, 3913, 3910, 3913, 3906, 3910, 3905, 3904, 3900, 4044, 3596, 3606, 3558, 3493, 3507, 3493, 3432, 3507, 6248, 6252, 6262, 6248, 6250, 6252, 6248, 6249, 6250, 6249, 6260, 6250, 3350, 3242, 3499, 3242, 3239, 3241, 3241, 3239, 3240, 3240, 3370, 3375, 4257, 4259, 3584, 3502, 4257, 3584, 4386, 4333, 4387, 4333, 4330, 4388, 4388, 4459, 4460, 4459, 4456, 4460, 4460, 4456, 4546, 4547, 4545, 4554, 4545, 4536, 4554, 4545, 4537, 4536, 5378, 5139, 5377, 3065, 3058, 3055, 1973, 1950, 1980, 1643, 1642, 1645, 1642, 1763, 1645, 1438, 1440, 1463, 1764, 1763, 1872, 1872, 1804, 1806, 3226, 5002, 1850, 5037, 5034, 5003, 5071, 5276, 5076, 4922, 4928, 4924, 4922, 5520, 4928, 5531, 5473, 5520, 3519, 3493, 3558, 3590, 3571, 3479, 3479, 3571, 3499, 3571, 3350, 3499, 3350, 3246, 3242, 3246, 3239, 3242, 3243, 3239, 3246, 3238, 3240, 3239, 3238, 3370, 3240, 5688, 5686, 5690, 6107, 6088, 6106, 6084, 6083, 6087, 3375, 3516, 3458, 3473, 3460, 3458, 3459, 3461, 3489, 3489, 3461, 3502, 4256, 4421, 4471, 4384, 4383, 4385, 4383, 4386, 4385, 4330, 4459, 4388, 4545, 4547, 4546, 4627, 5378, 5377, 3049, 2916, 2915, 2873, 2872, 2876, 1950, 1965, 1929, 1929, 1956, 1921, 1956, 1918, 1921, 1429, 1430, 1431, 1447, 1460, 1440, 3226, 3227, 5001, 3227, 3230, 5001, 4922, 5531, 5520, 3912, 4032, 3916, 3890, 4009, 3892, 3892, 4009, 3930, 3930, 3944, 3943, 4044, 3569, 3596, 3433, 3442, 3450, 3450, 3566, 3590, 3566, 3571, 3590, 6251, 6247, 6248, 6247, 6249, 6248, 3571, 3252, 3350, 3246, 3350, 3252, 3252, 3245, 3246, 3245, 3243, 3246, 3245, 3244, 3243, 3238, 3239, 3243, 3244, 3238, 3243, 3377, 3375, 3370, 3377, 3516, 3375, 3516, 3514, 3458, 6567, 6602, 6600, 3460, 3461, 3459, 3461, 3503, 3502, 3502, 3503, 4257, 3503, 4256, 4257, 4420, 4415, 4406, 4534, 4590, 4536, 4617, 5378, 4627, 5139, 5138, 5126, 5126, 5127, 5125, 5125, 5127, 3070, 3070, 3058, 3065, 3056, 3042, 3057, 2902, 2873, 2916, 2927, 2789, 2928, 1965, 1956, 1929, 1644, 1635, 1643, 1635, 1642, 1643, 1448, 1449, 1450, 1448, 1443, 1449, 1437, 1436, 1438, 1805, 1818, 1806, 1805, 1834, 1818, 5006, 5004, 4999, 5004, 5003, 4999, 5071, 5243, 5276, 5243, 5402, 5276, 5402, 5410, 5276, 5531, 5472, 5473, 5472, 4213, 5471, 5471, 4034, 5469, 4034, 4166, 5469, 4032, 3913, 3916, 3944, 4044, 3943, 3519, 3596, 3569, 3433, 3441, 3442, 3442, 3384, 3450, 3384, 3566, 3450, 3384, 3258, 3566, 3258, 3571, 3566, 3258, 3252, 3571, 6256, 6265, 6260, 3244, 3247, 3238, 3238, 3377, 3370, 6084, 5687, 5689, 3377, 3387, 3516, 3387, 3388, 3516, 3388, 3514, 3516, 3514, 3473, 3458, 4421, 4419, 4420, 4256, 4419, 4421, 4419, 4415, 4420, 4454, 4544, 4546, 4545, 4535, 4537, 4535, 4536, 4537, 4535, 4534, 4536, 4596, 4617, 4627, 3058, 3056, 3055, 3057, 3042, 3049, 1957, 1918, 1956, 1918, 1963, 1920, 1455, 1454, 1920, 1441, 1428, 1429, 1432, 1434, 1433, 1434, 1436, 1437, 1436, 1439, 1438, 5004, 5037, 5003, 5037, 5071, 5034, 4918, 4922, 4921, 4213, 4034, 5471, 3944, 4201, 4044, 3443, 3493, 3519, 3443, 3432, 3493, 3439, 3441, 3433, 3441, 3383, 3442, 3442, 3383, 3384, 3260, 3258, 3384, 3258, 3257, 3252, 3257, 3245, 3252, 3314, 3329, 3245, 3329, 3244, 3245, 3248, 3377, 3238, 3247, 3248, 3238, 6146, 6142, 6109, 6556, 6142, 6146, 3248, 3387, 3377, 3388, 3532, 3514, 3532, 3473, 3514, 3503, 4250, 4256, 4250, 4419, 4256, 4415, 4404, 4406, 4381, 4333, 4386, 4454, 4546, 4456, 4543, 4535, 4545, 4617, 5379, 5378, 5379, 5139, 5378, 5379, 5138, 5139, 3041, 3042, 3056, 2874, 2927, 2928, 1973, 1965, 1950, 1454, 1448, 1450, 1642, 1735, 1763, 1439, 1440, 1438, 1873, 1872, 1763, 1806, 1804, 1805, 1824, 1850, 1834, 1824, 1851, 1850, 1851, 3226, 1850, 4918, 5524, 4922, 5524, 5531, 4922, 3933, 3912, 3915, 3998, 3997, 3906, 3997, 3905, 3906, 3997, 4008, 3905, 4009, 4010, 3930, 4010, 3944, 3930, 4201, 3569, 4044, 3446, 3519, 3569, 3383, 3260, 3384, 3260, 3259, 3258, 3259, 3257, 3258, 6257, 6255, 6254, 6254, 6255, 6247, 6255, 6256, 6247, 3247, 3249, 3248, 3250, 3387, 3248, 3249, 3250, 3248, 3250, 3388, 3387, 3388, 3390, 3532, 3532, 3524, 3473, 3461, 3515, 3503, 3503, 4248, 4250, 3515, 4248, 3503, 4382, 4383, 4384, 4330, 4456, 4459, 4330, 4455, 4456, 4455, 4454, 4456, 4544, 4543, 4545, 5127, 3068, 3070, 3068, 3058, 3070, 3041, 3056, 3058, 3043, 3049, 3042, 3043, 2916, 3049, 1957, 1963, 1918, 1963, 1455, 1920, 1444, 1635, 1644, 1432, 1435, 1434, 1434, 1435, 1436, 1428, 1430, 1429, 1735, 1873, 1763, 1794, 1804, 1872, 1805, 1824, 1834, 3219, 5006, 3230, 4917, 4918, 4921, 5524, 5472, 5531, 5523, 4213, 5472, 4034, 3934, 4166, 4032, 3999, 3913, 3913, 3998, 3906, 3999, 3998, 3913, 4011, 4010, 4009, 3446, 3443, 3519, 3429, 3432, 3443, 3439, 3607, 3441, 3607, 3385, 3383, 3265, 3260, 3383, 6261, 6263, 6265, 3257, 3314, 3245, 6151, 6110, 6142, 6111, 6092, 6118, 6092, 6085, 6088, 3261, 3249, 3247, 3249, 3251, 3250, 3251, 3388, 3250, 3251, 3390, 3388, 3390, 3524, 3532, 3524, 3462, 3473, 3473, 3462, 3460, 4248, 4419, 4250, 4248, 4418, 4419, 4381, 4329, 4333, 4535, 4532, 4534, 4534, 4533, 4596, 3063, 3041, 3058, 1972, 1965, 1973, 1443, 1442, 1441, 1442, 1428, 1441, 1873, 1794, 1872, 3229, 3230, 3227, 3219, 5010, 5006, 5010, 5011, 5006, 5060, 5071, 5037, 5060, 5243, 5071, 5524, 5523, 5472, 3998, 4004, 3997, 4008, 4007, 3905, 4007, 3904, 3905, 3890, 4011, 4009, 4012, 4011, 3890, 4010, 4201, 3944, 3605, 3569, 4201, 3552, 3446, 3569, 3429, 3430, 3432, 3430, 3433, 3432, 3430, 3438, 3433, 3438, 3439, 3433, 3265, 3259, 3260, 8504, 8759, 8367, 6257, 6258, 6255, 6258, 6261, 6255, 6258, 6263, 6261, 3267, 3314, 3257, 3329, 3293, 3244, 3244, 3293, 3247, 6086, 6085, 6092, 3524, 3523, 3462, 3461, 3484, 3515, 3484, 4248, 3515, 3484, 4240, 4248, 4240, 4247, 4248, 4248, 4461, 4418, 4418, 4415, 4419, 4415, 4416, 4404, 4383, 4381, 4386, 4452, 4544, 4454, 4544, 4542, 4543, 5128, 5126, 5138, 5128, 5127, 5126, 5127, 3069, 3068, 3068, 3063, 3058, 3041, 3043, 3042, 7424, 7415, 7611, 2498, 2746, 2743, 1392, 1448, 1454, 1435, 1439, 1436, 1439, 1427, 1440, 1427, 1447, 1440, 1427, 1444, 1447, 5011, 5028, 5004, 5028, 5037, 5004, 4916, 4917, 5402, 5528, 5524, 4918, 4192, 4034, 4213, 3988, 3934, 4034, 3999, 4000, 3998, 3544, 3552, 3605, 3265, 3266, 3259, 8792, 6263, 6258, 6257, 6719, 6258, 5679, 5677, 5674, 6112, 6089, 6113, 5681, 5678, 5677, 3261, 3247, 3293, 3261, 3253, 3249, 3249, 3253, 3251, 4418, 4416, 4415, 4404, 4401, 4400, 4401, 4374, 4400, 4382, 4379, 4383, 4329, 4330, 4333, 4457, 4455, 4330, 4455, 4453, 4454, 4453, 4452, 4454, 4452, 4542, 4544, 4532, 4533, 4534, 4533, 4617, 4596, 5379, 5380, 5138, 5128, 5129, 5127, 3068, 3069, 3063, 3044, 3043, 3041, 3043, 2902, 2916, 2862, 2927, 2874, 2751, 2627, 2747, 7845, 7844, 7838, 1455, 1392, 1454, 1635, 1636, 1642, 1448, 1384, 1443, 5028, 5060, 5037, 5243, 5401, 5402, 5401, 4916, 5402, 5524, 5525, 5523, 4192, 3988, 4034, 3935, 3933, 3934, 3937, 4212, 4032, 4010, 4202, 4201, 4202, 3605, 4201, 3446, 3429, 3443, 3302, 3266, 3265, 3297, 3266, 3302, 8793, 6263, 8792, 3292, 3293, 3329, 5678, 5673, 5677, 6089, 6086, 6113, 6089, 5681, 6086, 3253, 3254, 3251, 3254, 3390, 3251, 3254, 3389, 3390, 3389, 3522, 3523, 3523, 3522, 3462, 3462, 3461, 3460, 3484, 3512, 4240, 3512, 4239, 4240, 4239, 4247, 4240, 4416, 4401, 4404, 4374, 4382, 4400, 4381, 4383, 4379, 4458, 4453, 4455, 4452, 4378, 4542, 4543, 4538, 4535, 4538, 4532, 4535, 3063, 3044, 3041, 2711, 2683, 2698, 1956, 1959, 1957, 1384, 1442, 1443, 1430, 1390, 1432, 1435, 1389, 1439, 1804, 1795, 1805, 1795, 1824, 1805, 5297, 5401, 5243, 4917, 4915, 4918, 4916, 4915, 4917, 4915, 5528, 4918, 5525, 4231, 5523, 4231, 4213, 5523, 3988, 3935, 3934, 4033, 3935, 3988, 3933, 3937, 3912, 3912, 3937, 4032, 4000, 4004, 3998, 3438, 3597, 3439, 3597, 3607, 3439, 3597, 3385, 3607, 3385, 3297, 3302, 3266, 3267, 3259, 3267, 3292, 3314, 5675, 5673, 5678, 6104, 6103, 6112, 6112, 6103, 6089, 3293, 3294, 3261, 3522, 3521, 3462, 3463, 3464, 3461, 3464, 3512, 3484, 4461, 4416, 4418, 4461, 4444, 4416, 6623, 6627, 6626, 4313, 4329, 4381, 4329, 4328, 4330, 4328, 4457, 4330, 4457, 4458, 4455, 4542, 4538, 4543, 4532, 4530, 4533, 4617, 5380, 5379, 1964, 1965, 1972, 1959, 1963, 1957, 1635, 1634, 1636, 1636, 1735, 1642, 1392, 1385, 1448, 1384, 1382, 1442, 1428, 1390, 1430, 1390, 1378, 1432, 1432, 1379, 1435, 1389, 1388, 1439, 1427, 1381, 1444, 1795, 1833, 1824, 5528, 5525, 5524, 4231, 4192, 4213, 3935, 3936, 3933, 4159, 4010, 4011, 3610, 3605, 4202, 3544, 3445, 3552, 3445, 3446, 3552, 3445, 3429, 3446, 3440, 3438, 3430, 3440, 3580, 3438, 3580, 3597, 3438, 3290, 3266, 3297, 6090, 5675, 6089, 6105, 6096, 6104, 6096, 6103, 6104, 3261, 3262, 3253, 3462, 3463, 3461, 3461, 3464, 3484, 4239, 4241, 4247, 4379, 4380, 4381, 6223, 5633, 5632, 4313, 4391, 4329, 4453, 4377, 4452, 4377, 4378, 4452, 4542, 4540, 4538, 4530, 4522, 4533, 4533, 4618, 4617, 4618, 5380, 4617, 3046, 2896, 2902, 1445, 1392, 1455, 1385, 1384, 1448, 1428, 1383, 1390, 1378, 1379, 1432, 1379, 1389, 1435, 1388, 1427, 1439, 1381, 1459, 1444, 1824, 1833, 1851, 1851, 3224, 3225, 3212, 5010, 3219, 5028, 5030, 5060, 5087, 5243, 5060, 5392, 4916, 5401, 4192, 3973, 3988, 3956, 4033, 3988, 3936, 3937, 3933, 3937, 4211, 4212, 4035, 4008, 3997, 4035, 4014, 4008, 4014, 4007, 4008, 4014, 4015, 4007, 4015, 4012, 4007, 4013, 4011, 4012, 4013, 4159, 4011, 4159, 3610, 4202, 3597, 3299, 3297, 3267, 3284, 3292, 3292, 3284, 3293, 5673, 5670, 5672, 5671, 5670, 5673, 6096, 6090, 6103, 3294, 3262, 3261, 3389, 3382, 3522, 3382, 3521, 3522, 3521, 3490, 3462, 4241, 4444, 4461, 4444, 4417, 4416, 4416, 4417, 4401, 4374, 4379, 4382, 4463, 4542, 4378, 4522, 4618, 4533, 4618, 5359, 5380, 3069, 3066, 3063, 3043, 3046, 2902, 2927, 2625, 2751, 2720, 2705, 2711, 1964, 1956, 1965, 1958, 1959, 1956, 1459, 1634, 1635, 1636, 1641, 1735, 1382, 1428, 1442, 1387, 1388, 1389, 1852, 1794, 1873, 5030, 5087, 5060, 4908, 4915, 4916, 4915, 5529, 5528, 3973, 3956, 3988, 4033, 3936, 3935, 4035, 3997, 4004, 4015, 4013, 4012, 3544, 3610, 3593, 3593, 3444, 3544, 3444, 3445, 3544, 3580, 3299, 3597, 3299, 3290, 3297, 8368, 8772, 8796, 8368, 8769, 8772, 5672, 5676, 5683, 5670, 5669, 5672, 6093, 5667, 6091, 6091, 5667, 5671, 5667, 5668, 5671, 5671, 5668, 5670, 6095, 6090, 6096, 3253, 3255, 3254, 3254, 3382, 3389, 3490, 3463, 3462, 3512, 3511, 4239, 3464, 3511, 3512, 3511, 4241, 4239, 3511, 4242, 4241, 4417, 4374, 4401, 6628, 6627, 6623, 4328, 4450, 4457, 4458, 4377, 4453, 4377, 4375, 4378, 4375, 4463, 4378, 4463, 4540, 4542, 4540, 4539, 4538, 4539, 4532, 4538, 5359, 5138, 5380, 5278, 5128, 5138, 3066, 3044, 3063, 2926, 2625, 2927, 7628, 7416, 7611, 1981, 1964, 1972, 1964, 1958, 1956, 1445, 1963, 1959, 1963, 1445, 1455, 1634, 1641, 1636, 1383, 1428, 1382, 1387, 1389, 1379, 1641, 1873, 1735, 3228, 3214, 3229, 5030, 5028, 5011, 5087, 5297, 5243, 5392, 5401, 5297, 3955, 4192, 4231, 3955, 3973, 4192, 3956, 4021, 4033, 4021, 3936, 4033, 4000, 4002, 4004, 4002, 4035, 4004, 3611, 3610, 4159, 3611, 3593, 3610, 3437, 3440, 3430, 3546, 3580, 3440, 3546, 3298, 3580, 3298, 3299, 3580, 3290, 3289, 3266, 8876, 8872, 8877, 5668, 5669, 5670, 6090, 6093, 6091, 6094, 6090, 6095, 6100, 6095, 6096, 6098, 6095, 6100, 3284, 3294, 3293, 3262, 3255, 3253, 3254, 3256, 3382, 3382, 3490, 3521, 4246, 4417, 4444, 4450, 4458, 4457, 5359, 5278, 5138, 5129, 3069, 5127, 3072, 3066, 3069, 3048, 3045, 3044, 3044, 3045, 3043, 3045, 3046, 3043, 2857, 2927, 2862, 1978, 1964, 1981, 1386, 1381, 1427, 1852, 1786, 1794, 5010, 5012, 5011, 5012, 5030, 5011, 5528, 5526, 5525, 5529, 5526, 5528, 5525, 4226, 4231, 4226, 3955, 4231, 3937, 4171, 4211, 4015, 4159, 4013, 3437, 3546, 3440, 8795, 8771, 8770, 8871, 8872, 8876, 8872, 8880, 8877, 3266, 3285, 3267, 3285, 3284, 3267, 5667, 5666, 5668, 5666, 5669, 5668, 6094, 6131, 6093, 6099, 6097, 6098, 3284, 3283, 3294, 3294, 3295, 3262, 3255, 3256, 3254, 4242, 4243, 4241, 4246, 4373, 4417, 4417, 4373, 4374, 4380, 4313, 4381, 4376, 4375, 4377, 4375, 4462, 4463, 3066, 3048, 3044, 1966, 1959, 1958, 1632, 1631, 1634, 1391, 1392, 1445, 1631, 1641, 1634, 1383, 1377, 1390, 1377, 1378, 1390, 1387, 1380, 1388, 1380, 1386, 1388, 1786, 1787, 1794, 1787, 1795, 1794, 1787, 1833, 1795, 1827, 3224, 1833, 4910, 5529, 4915, 5526, 4226, 5525, 3955, 3956, 3973, 3945, 4021, 3956, 3939, 3936, 4021, 3938, 3937, 3936, 4016, 4014, 4035, 4015, 4160, 4159, 4160, 4218, 4159, 4159, 4218, 3611, 3555, 3444, 3593, 3444, 3429, 3445, 3431, 3437, 3430, 8423, 8238, 8235, 8881, 8891, 8876, 8889, 8891, 8881, 8891, 8871, 8876, 6131, 6150, 6093, 6150, 5667, 6093, 6150, 5665, 5667, 5667, 5665, 5666, 6099, 6130, 6097, 6097, 6130, 6094, 6094, 6130, 6131, 3283, 3295, 3294, 3256, 3366, 3382, 3366, 3490, 3382, 3366, 3491, 3490, 4373, 4372, 4374, 4372, 4379, 4374, 6221, 6226, 6223, 4391, 4326, 4329, 4326, 4328, 4329, 4463, 4371, 4540, 4371, 4541, 4540, 4541, 4539, 4540, 4539, 4531, 4532, 4531, 4530, 4532, 5128, 5130, 5129, 3045, 3047, 3046, 7080, 7066, 7076, 3046, 2937, 2896, 1966, 1445, 1959, 1375, 1387, 1379, 1787, 1827, 1833, 3212, 5012, 5010, 5265, 5297, 5087, 4908, 4916, 5392, 3945, 3939, 4021, 4001, 4002, 4000, 4002, 4016, 4035, 3429, 3431, 3430, 3437, 3360, 3546, 3298, 3290, 3299, 8747, 8423, 8421, 8891, 8874, 8871, 8874, 8873, 8871, 8878, 8880, 8872, 3266, 3289, 3285, 6133, 6131, 6130, 6149, 6150, 6131, 3464, 3510, 3511, 3511, 3510, 4242, 3510, 4243, 4242, 4243, 4246, 4241, 4258, 4373, 4246, 4314, 4372, 4373, 6625, 6629, 6628, 4326, 4327, 4328, 4450, 4377, 4458, 4462, 4371, 4463, 4530, 4519, 4522, 3069, 5133, 3072, 3072, 3067, 3066, 3067, 3048, 3066, 3046, 3047, 2937, 2426, 2499, 2542, 1446, 1391, 1445, 1376, 1378, 1377, 1378, 1376, 1379, 1376, 1375, 1379, 1375, 1380, 1387, 1380, 1381, 1386, 1822, 1827, 1787, 5297, 5381, 5392, 5381, 4908, 5392, 4908, 4910, 4915, 4910, 5527, 5529, 5527, 5526, 5529, 3955, 3945, 3956, 3954, 3945, 3955, 3938, 4171, 3937, 4171, 4001, 4211, 4016, 4816, 4014, 4014, 4160, 4015, 3360, 3298, 3546, 3291, 3290, 3298, 8747, 8803, 8423, 8889, 8890, 8891, 8874, 8875, 8873, 8875, 8878, 8873, 5661, 5663, 5676, 6132, 6133, 6130, 6133, 6149, 6131, 6149, 6154, 6150, 6150, 5660, 5665, 5660, 5657, 5665, 5665, 5661, 5666, 5657, 5661, 5665, 3269, 3283, 3284, 3263, 3256, 3255, 3578, 3491, 3366, 3463, 3465, 3464, 3465, 3510, 3464, 4243, 4245, 4246, 4246, 4245, 4258, 4258, 4464, 4373, 4464, 4314, 4373, 4450, 4376, 4377, 4531, 4519, 4530, 4519, 4518, 4522, 5268, 5130, 5128, 5129, 5131, 3069, 5131, 5133, 3069, 1391, 1385, 1392, 1786, 1784, 1787, 3212, 5016, 5012, 5030, 5054, 5087, 5265, 5381, 5297, 5527, 5456, 5526, 5456, 4226, 5526, 4226, 3954, 3955, 3940, 3938, 3939, 4160, 4219, 4218, 4219, 3611, 4218, 4219, 3591, 3611, 3591, 3555, 3611, 3555, 3501, 3444, 3435, 3429, 3444, 3448, 3360, 3437, 8890, 8874, 8891, 8890, 8875, 8874, 8888, 8890, 8889, 8875, 8879, 8878, 3286, 3285, 3289, 6133, 6138, 6149, 6138, 6154, 6149, 6154, 6160, 6150, 6160, 5660, 6150, 3295, 3263, 3262, 3262, 3263, 3255, 3338, 3366, 3256, 3338, 3578, 3366, 3491, 3463, 3490, 4314, 4315, 4372, 4372, 4297, 4379, 4297, 4380, 4379, 4370, 4541, 4371, 4541, 4549, 4539, 4549, 4531, 4539, 4618, 4619, 5359, 3072, 3074, 3067, 5573, 3047, 3045, 2937, 2900, 2896, 2839, 2805, 2926, 2198, 1978, 1981, 1968, 1958, 1964, 1391, 1374, 1385, 1374, 1384, 1385, 1373, 1632, 1459, 1366, 1382, 1384, 1372, 1381, 1380, 1373, 1459, 1381, 3217, 3214, 3228, 3205, 3212, 3214, 3211, 5016, 3212, 5016, 5031, 5012, 5031, 5030, 5012, 5054, 5265, 5087, 4888, 4910, 4908, 3953, 3945, 3954, 3941, 3939, 3945, 4171, 4214, 4001, 4001, 4003, 4002, 4014, 4816, 4160, 4816, 4219, 4160, 3591, 3501, 3555, 3360, 3291, 3298, 3291, 3289, 3290, 5910, 8738, 5938, 8888, 8875, 8890, 8887, 8875, 8888, 8887, 8879, 8875, 6133, 6137, 6138, 6134, 6133, 6132, 6138, 6143, 6154, 5657, 5658, 5661, 6143, 6160, 6154, 3283, 3282, 3295, 3510, 4244, 4243, 4244, 4245, 4243, 4352, 4375, 4376, 4462, 4368, 4371, 4368, 4370, 4371, 4370, 4550, 4541, 4550, 4549, 4541, 5359, 5342, 5278, 5133, 3074, 3072, 3074, 5581, 3067, 3067, 5572, 3048, 1969, 1968, 1964, 1368, 1376, 1377, 1376, 1369, 1375, 1369, 1363, 1375, 1364, 1380, 1375, 1658, 1852, 1641, 1852, 1838, 1786, 1783, 1784, 1786, 3205, 3211, 3212, 5530, 5527, 4910, 5456, 3954, 4226, 4167, 3953, 3954, 3941, 3940, 3939, 4165, 4214, 4171, 4136, 4003, 4001, 4003, 4016, 4002, 3448, 3359, 3360, 8740, 8746, 8747, 6165, 6144, 6145, 6137, 6143, 6138, 3285, 3269, 3284, 5656, 5658, 5657, 6573, 6380, 6535, 3269, 3282, 3283, 3263, 3264, 3256, 3264, 3338, 3256, 8774, 8529, 8807, 4313, 4392, 4391, 4518, 4529, 4522, 4529, 4619, 4522, 4619, 5342, 5359, 5342, 5268, 5278, 5572, 3045, 3048, 5572, 5573, 3045, 1978, 1969, 1964, 1374, 1366, 1384, 1633, 1658, 1641, 1366, 1383, 1382, 1366, 1367, 1383, 1383, 1367, 1377, 1367, 1368, 1377, 1364, 1365, 1380, 1365, 1372, 1380, 1658, 1838, 1852, 1838, 1783, 1786, 1787, 1817, 1822, 1822, 3222, 1827, 3222, 3223, 1827, 3217, 3205, 3214, 5031, 5054, 5030, 4888, 5530, 4910, 4180, 4167, 3954, 3889, 4171, 3938, 4137, 4136, 4001, 4003, 4017, 4016, 4235, 4816, 4016, 4780, 4219, 4816, 3556, 3501, 3591, 3431, 3448, 3437, 6047, 6043, 6137, 5656, 5659, 5658, 6043, 6161, 6160, 6161, 5660, 6160, 6161, 5656, 5660, 3577, 3491, 3578, 3465, 3500, 3510, 3500, 4244, 3510, 4297, 4313, 4380, 4327, 4450, 4328, 4327, 4449, 4450, 4352, 4353, 4375, 4375, 4353, 4462, 4353, 4368, 4462, 4369, 4370, 4368, 5130, 5131, 5129, 5581, 5575, 3067, 5575, 5572, 3067, 2839, 2631, 2805, 7848, 7846, 7847, 1966, 1453, 1446, 1631, 1633, 1641, 1395, 1374, 1391, 1368, 1369, 1376, 1363, 1364, 1375, 5456, 5455, 3954, 5455, 4180, 3954, 4167, 3957, 3953, 3957, 3946, 3953, 3953, 3946, 3945, 3946, 3941, 3945, 8340, 8477, 8456, 3941, 4037, 3940, 3940, 3889, 3938, 4037, 3889, 3940, 4780, 4861, 4219, 3435, 3431, 3429, 3435, 3436, 3431, 3359, 3291, 3360, 5935, 5910, 5907, 5908, 5907, 5909, 6165, 6136, 6144, 6040, 6041, 6162, 3295, 3264, 3263, 3338, 3577, 3578, 4315, 4298, 4372, 4450, 4465, 4376, 8119, 8113, 8115, 4465, 4352, 4376, 4528, 4531, 4549, 4635, 5342, 4619, 5573, 5574, 3047, 5574, 2937, 3047, 2937, 2899, 2900, 5574, 2899, 2937, 2899, 2880, 2841, 1968, 1967, 1958, 1967, 1966, 1958, 1967, 1453, 1966, 1395, 1391, 1446, 1640, 1838, 1658, 1822, 3221, 3222, 5530, 4877, 5527, 4877, 5456, 5527, 4877, 5455, 5456, 4037, 3887, 3889, 3889, 3888, 4171, 3888, 4165, 4171, 3556, 3497, 3501, 3497, 3435, 3501, 8803, 8854, 8506, 5926, 5916, 5923, 5924, 5916, 5926, 6165, 6156, 6136, 3286, 3269, 3285, 3295, 3300, 3264, 6643, 6635, 6504, 4449, 4465, 4450, 4550, 4528, 4549, 4635, 4619, 4529, 2198, 1741, 1978, 1741, 1969, 1978, 1372, 1373, 1381, 3205, 3194, 3211, 3194, 5016, 3211, 5265, 5371, 5381, 7481, 7556, 7516, 5381, 4909, 4908, 4909, 4887, 4908, 4887, 4888, 4908, 4874, 5530, 4888, 4875, 4877, 5530, 4182, 4180, 5455, 4037, 4038, 3887, 3887, 3888, 3889, 4138, 4003, 4136, 4235, 4780, 4816, 4861, 4862, 4219, 4862, 3591, 4219, 3431, 3449, 3448, 3359, 3330, 3291, 3303, 3289, 3291, 5925, 8734, 8737, 5906, 5907, 5908, 5920, 5916, 5924, 6156, 5921, 6136, 5921, 5920, 6136, 6158, 6156, 6165, 3492, 3463, 3491, 6630, 6634, 6635, 4297, 4296, 4313, 4296, 4392, 4313, 4369, 4550, 4370, 5572, 5574, 5573, 1453, 1395, 1446, 1630, 1576, 1631, 1633, 1640, 1658, 1357, 1356, 1366, 1356, 1367, 1366, 1367, 1358, 1368, 1362, 1363, 1369, 5305, 5371, 5265, 5371, 4909, 5381, 4874, 4875, 5530, 3947, 3941, 3946, 3941, 4131, 4037, 4131, 4038, 4037, 3449, 3358, 3448, 3448, 3358, 3359, 3358, 3330, 3359, 8854, 8812, 8506, 3303, 3287, 3289, 5905, 5914, 5907, 5905, 5907, 5906, 5915, 5904, 5916, 5916, 5904, 5906, 6158, 5921, 6156, 3338, 3344, 3577, 3344, 3554, 3577, 3554, 3491, 3577, 3554, 3492, 3491, 3466, 3465, 3463, 6632, 6634, 6630, 4298, 4297, 4372, 4352, 4349, 4353, 4636, 5342, 4635, 1576, 1633, 1631, 1374, 1359, 1366, 1362, 1370, 1363, 1838, 1778, 1783, 1784, 1779, 1817, 1779, 1810, 1817, 3193, 3205, 3217, 5054, 5216, 5265, 5216, 5305, 5265, 4808, 5455, 4877, 8870, 8841, 8834, 8516, 8869, 8870, 3886, 3888, 3887, 4137, 4138, 4136, 4862, 3585, 3591, 5904, 5905, 5906, 3268, 3269, 3286, 3282, 3296, 3295, 3296, 3300, 3295, 3492, 3466, 3463, 4255, 4314, 4464, 4315, 4295, 4298, 4349, 4368, 4353, 4366, 4369, 4368, 4369, 4364, 4550, 4364, 4528, 4550, 5131, 5132, 5133, 5133, 5237, 3074, 5572, 5576, 5574, 1371, 1359, 1374, 1356, 1358, 1367, 1362, 1369, 1368, 1640, 1839, 1838, 1839, 1778, 1838, 1778, 1779, 1783, 1783, 1779, 1784, 3193, 3194, 3205, 7556, 7214, 7516, 3947, 3948, 3941, 3948, 4132, 3941, 4132, 4131, 3941, 4038, 3886, 3887, 8869, 8868, 8841, 8559, 8869, 8516, 4003, 4018, 4017, 3331, 3330, 3358, 5903, 5904, 5915, 6163, 5919, 6158, 5919, 5917, 5915, 3264, 3328, 3338, 3328, 3344, 3338, 4249, 4255, 4245, 4314, 4280, 4315, 4280, 4295, 4315, 4293, 4296, 4297, 4327, 4332, 4449, 4531, 4517, 4519, 4517, 4518, 4519, 5581, 5580, 5575, 5577, 5576, 5572, 1395, 1371, 1374, 1359, 1357, 1366, 1341, 1364, 1363, 1341, 1343, 1364, 1822, 3216, 3221, 5055, 5216, 5054, 4887, 4874, 4888, 3957, 3947, 3946, 8559, 8868, 8869, 8542, 8868, 8559, 4780, 4860, 4861, 4860, 4862, 4861, 3585, 3497, 3556, 3331, 3303, 3330, 3330, 3303, 3291, 5904, 5900, 5905, 5911, 5917, 5919, 5915, 5917, 5903, 3269, 3281, 3282, 3554, 3553, 3492, 3466, 3467, 3465, 3467, 3472, 3465, 3472, 3500, 3465, 3500, 4249, 4244, 4249, 4245, 4244, 6638, 6637, 6634, 4298, 4293, 4297, 4326, 4325, 4327, 4322, 4325, 4326, 4448, 4465, 4449, 4349, 4366, 4368, 4364, 4363, 4528, 4528, 4517, 4531, 4526, 4517, 4528, 5576, 2899, 5574, 1691, 1969, 1741, 1453, 1417, 1395, 1417, 1394, 1395, 1394, 1371, 1395, 1358, 1362, 1368, 1364, 1343, 1365, 1365, 1343, 1372, 1343, 1344, 1372, 1810, 1822, 1817, 1810, 3216, 1822, 3194, 3196, 5016, 8248, 8727, 8381, 4875, 4808, 4877, 4808, 4182, 5455, 4182, 4181, 4180, 4181, 4167, 4180, 3958, 3947, 3957, 8542, 8867, 8868, 4164, 4165, 3888, 4165, 4137, 4214, 8424, 6778, 8307, 4777, 4860, 4780, 3347, 3358, 3449, 3347, 3331, 3358, 3287, 3286, 3289, 6164, 5919, 6163, 6500, 6497, 6499, 3270, 3281, 3269, 3300, 3328, 3264, 4467, 4326, 4392, 4363, 4527, 4528, 4527, 4526, 4528, 4518, 4516, 4529, 4516, 4604, 4529, 5267, 5130, 5268, 5575, 5580, 5572, 5580, 5577, 5572, 1740, 1691, 1741, 1977, 1968, 1969, 1977, 1974, 1968, 1967, 1976, 1453, 1976, 1451, 1453, 1451, 1417, 1453, 1370, 1341, 1363, 1372, 1352, 1373, 1788, 1810, 1779, 5216, 5304, 5305, 5304, 5371, 5305, 5371, 4912, 4909, 5373, 4912, 5371, 4183, 4181, 4182, 4131, 4043, 4038, 3886, 4169, 3888, 4169, 4164, 3888, 8865, 8867, 8542, 4138, 4188, 4003, 4188, 4018, 4003, 4235, 4777, 4780, 3585, 3495, 3497, 8745, 8748, 8743, 5896, 5905, 5900, 5903, 5900, 5904, 6164, 5912, 5919, 5912, 5911, 5919, 5917, 5898, 5903, 3268, 3270, 3269, 3344, 3553, 3554, 4254, 4314, 4255, 4292, 4392, 4296, 4467, 4322, 4326, 4448, 4351, 4465, 4351, 4352, 4465, 4351, 4350, 4352, 4350, 4349, 4352, 5342, 5360, 5268, 5360, 5267, 5268, 5130, 5132, 5131, 3074, 5299, 5581, 5299, 5585, 5581, 5585, 5580, 5581, 2494, 2724, 2735, 1968, 1974, 1967, 1974, 1976, 1967, 1576, 1637, 1633, 1344, 1352, 1372, 3173, 3196, 3194, 5031, 5055, 5054, 5304, 5373, 5371, 4912, 4887, 4909, 4912, 4882, 4887, 4181, 3959, 4167, 3959, 3957, 4167, 4043, 4041, 4038, 4041, 3886, 4038, 4041, 4168, 3886, 4168, 4169, 3886, 8865, 8866, 8867, 3495, 3435, 3497, 3431, 3347, 3449, 5896, 5901, 5905, 5895, 5896, 5900, 5911, 5899, 5917, 3327, 3328, 3300, 4293, 4292, 4296, 4366, 4361, 4364, 4361, 4363, 4364, 4517, 4516, 4518, 4516, 4601, 4604, 5267, 5132, 5130, 5578, 5576, 5577, 2838, 2837, 2839, 1691, 1977, 1969, 1394, 1361, 1371, 1633, 1637, 1640, 1361, 1359, 1371, 1335, 1356, 1357, 1325, 1358, 1356, 1352, 1630, 1373, 1796, 1775, 1640, 1640, 1775, 1839, 1775, 1774, 1839, 1839, 1774, 1778, 1774, 1773, 1778, 1773, 1779, 1778, 1773, 1788, 1779, 3162, 3215, 3216, 3193, 3173, 3194, 3164, 3173, 3193, 3196, 5031, 5016, 3196, 5055, 5031, 4882, 4874, 4887, 4872, 4808, 4875, 4808, 4183, 4182, 3958, 3949, 3947, 3949, 3948, 3947, 4164, 4163, 4165, 4163, 4137, 4165, 4229, 4777, 4235, 8855, 8748, 8766, 5896, 5890, 5901, 5913, 5892, 5912, 5892, 5911, 5912, 5892, 5899, 5911, 6164, 6515, 5912, 3271, 3270, 3268, 3349, 3492, 3553, 6640, 6647, 6641, 4254, 4279, 4314, 4279, 4280, 4314, 4513, 4516, 4517, 4636, 5360, 5342, 5237, 5299, 3074, 5576, 5584, 2899, 5584, 2884, 2899, 2838, 2836, 2837, 7635, 7578, 7392, 1361, 1340, 1359, 1359, 1335, 1357, 1340, 1335, 1359, 1326, 1362, 1358, 1326, 1321, 1362, 1321, 1370, 1362, 1810, 3165, 3216, 4807, 4183, 4808, 3949, 3951, 3948, 3951, 4132, 3948, 4042, 4041, 4043, 6778, 6777, 8865, 8865, 6777, 8866, 4139, 4138, 4137, 4860, 3626, 4862, 3626, 3585, 4862, 5883, 5890, 5896, 5913, 5894, 5892, 3301, 3300, 3296, 4249, 4254, 4255, 6234, 8848, 8859, 4292, 4466, 4392, 4466, 4467, 4392, 4365, 4366, 4349, 4363, 4524, 4527, 4524, 4526, 4527, 5132, 5237, 5133, 5580, 5578, 5577, 5578, 5579, 5576, 5579, 5584, 5576, 2836, 2619, 2837, 2696, 2677, 2699, 1575, 1638, 1576, 1638, 1637, 1576, 1335, 1325, 1356, 1325, 1326, 1358, 1321, 1341, 1370, 1788, 1811, 1810, 1811, 3165, 1810, 5413, 4912, 5373, 3951, 4133, 4132, 4132, 4133, 4131, 4133, 4043, 4131, 4163, 4139, 4137, 6776, 6777, 6778, 3332, 3303, 3331, 8520, 8410, 8748, 5895, 5883, 5896, 5882, 5883, 5895, 5884, 5895, 5898, 6515, 5894, 5913, 3281, 3296, 3282, 3301, 3327, 3300, 3327, 3326, 3328, 3326, 3344, 3328, 3344, 3349, 3553, 3349, 3513, 3492, 3513, 3466, 3492, 6642, 6647, 6666, 6640, 6648, 6647, 4295, 4294, 4298, 4294, 4293, 4298, 4325, 4332, 4327, 4332, 4448, 4449, 5419, 5360, 4636, 1637, 1639, 1640, 1640, 1639, 1796, 3959, 3960, 3958, 3960, 3949, 3958, 4170, 4164, 4169, 8312, 8424, 8309, 4138, 4189, 4188, 4189, 4018, 4188, 4223, 4777, 4229, 3599, 3495, 3585, 3431, 3348, 3347, 3436, 3348, 3431, 5892, 5884, 5899, 5884, 5898, 5899, 3472, 3508, 3500, 4280, 4294, 4295, 4291, 4292, 4293, 4365, 4361, 4366, 4361, 4362, 4363, 4362, 4524, 4363, 4526, 4513, 4517, 4524, 4513, 4526, 5419, 4636, 4601, 5055, 5058, 5216, 4181, 4185, 3959, 4185, 3961, 3959, 3961, 3960, 3959, 6776, 6774, 6777, 3348, 3332, 3347, 5890, 5880, 5934, 5884, 5882, 5895, 5889, 5892, 5894, 5889, 5874, 5892, 5874, 5884, 5892, 3287, 3273, 3286, 3273, 3268, 3286, 3271, 3272, 3270, 3508, 4249, 3500, 6199, 6200, 6196, 4279, 4278, 4280, 4278, 4294, 4280, 4294, 4291, 4293, 1682, 1974, 1977, 1680, 1976, 1974, 1342, 1343, 1341, 1342, 1344, 1343, 4882, 4873, 4874, 4809, 4808, 4872, 4807, 4187, 4183, 4187, 4184, 4183, 4184, 4181, 4183, 3960, 3950, 3949, 3950, 3951, 3949, 4041, 4040, 4168, 4040, 4170, 4168, 6772, 6774, 6776, 4139, 4140, 4138, 4138, 4140, 4189, 4189, 4200, 4018, 4223, 4776, 4777, 4776, 4863, 4777, 4863, 4860, 4777, 8815, 8861, 8391, 3332, 3304, 3303, 5883, 5880, 5890, 5884, 5878, 5882, 3326, 3343, 3344, 3343, 3349, 3344, 4467, 4320, 4322, 4365, 4359, 4361, 2969, 2884, 5584, 1691, 1682, 1977, 1682, 1681, 1974, 1681, 1680, 1974, 1976, 1680, 1451, 1451, 1393, 1417, 1329, 1325, 1335, 1326, 1320, 1321, 1321, 1323, 1341, 3951, 4236, 4133, 4236, 4042, 4133, 4040, 4164, 4170, 4863, 3626, 4860, 5882, 5870, 5883, 5870, 5880, 5883, 5878, 5870, 5882, 3273, 3271, 3268, 3513, 3468, 3466, 6561, 6539, 6481, 6561, 6650, 6539, 4351, 4344, 4350, 4344, 4349, 4350, 4344, 4348, 4349, 4348, 4365, 4349, 4359, 4360, 4361, 4360, 4362, 4361, 4516, 4600, 4601, 4600, 5419, 4601, 5418, 5360, 5419, 5580, 5582, 5578, 5579, 2969, 5584, 2969, 2881, 2884, 2845, 2838, 2842, 2811, 2619, 2836, 1680, 1452, 1451, 1360, 1340, 1361, 1320, 1322, 1321, 1322, 1323, 1321, 1769, 1773, 1774, 1811, 3163, 3165, 1800, 3163, 1811, 3173, 3190, 3196, 3196, 5056, 5055, 3190, 5056, 3196, 5413, 4906, 4912, 4906, 4882, 4912, 4184, 4185, 4181, 4225, 3961, 4185, 4040, 4162, 4164, 4162, 4163, 4164, 4163, 4234, 4139, 6771, 6773, 6772, 6773, 6774, 6772, 3303, 3305, 3287, 5885, 5874, 5889, 6506, 6507, 6508, 3301, 3326, 3327, 6655, 6651, 6649, 4251, 4254, 4249, 4278, 4277, 4294, 5583, 5582, 5580, 5582, 5579, 5578, 2693, 2674, 2696, 1722, 1691, 1740, 1393, 1361, 1394, 1329, 1335, 1340, 1325, 1327, 1326, 1327, 1320, 1326, 1341, 1323, 1342, 1612, 1796, 1639, 1775, 1769, 1774, 3159, 3164, 3162, 5216, 5303, 5304, 4809, 4805, 4808, 4805, 4807, 4808, 4806, 4187, 4807, 3951, 4230, 4236, 4042, 3972, 4041, 3972, 4040, 4041, 4162, 4134, 4163, 6773, 6779, 6774, 4134, 4234, 4163, 3304, 3305, 3303, 8398, 8396, 8397, 5870, 5879, 5880, 5874, 5873, 5884, 5873, 5886, 5884, 5873, 5878, 5886, 3278, 3281, 3270, 3278, 3296, 3281, 4362, 4525, 4524, 4360, 4525, 4362, 4513, 4515, 4516, 5360, 5248, 5267, 5132, 5238, 5237, 5238, 5299, 5237, 5585, 5583, 5580, 7393, 7311, 7310, 1452, 1393, 1451, 1417, 1393, 1394, 1393, 1360, 1361, 1637, 1612, 1639, 1360, 1339, 1340, 1339, 1329, 1340, 1330, 1325, 1329, 1330, 1327, 1325, 1788, 1800, 1811, 1800, 3158, 3163, 3159, 3161, 3164, 3161, 3173, 3164, 5303, 5373, 5304, 4805, 4806, 4807, 4806, 4204, 4187, 4204, 4184, 4187, 4225, 3962, 3961, 3962, 3960, 3961, 4236, 4230, 4042, 6771, 6775, 6773, 6775, 6779, 6773, 4142, 4139, 4234, 4776, 4775, 4863, 3436, 3428, 3348, 3428, 3351, 3348, 3348, 3351, 3332, 5865, 5879, 5870, 5864, 5870, 5878, 5918, 5875, 5885, 5875, 5874, 5885, 3272, 3278, 3270, 3301, 3323, 3326, 3468, 3467, 3466, 3508, 4251, 4249, 4253, 4279, 4254, 4325, 4331, 4332, 4348, 4367, 4365, 4515, 4600, 4516, 5582, 2969, 5579, 1722, 1690, 1691, 1690, 1682, 1691, 1610, 1638, 1575, 1351, 1575, 1352, 1610, 1612, 1637, 1323, 1324, 1342, 1342, 1345, 1344, 1344, 1351, 1352, 1612, 1775, 1796, 1768, 1769, 1775, 1772, 1788, 1773, 3158, 3162, 3163, 3161, 3190, 3173, 5056, 5058, 5055, 5373, 5395, 5413, 5395, 4906, 5413, 4906, 4883, 4882, 4184, 4186, 4185, 4186, 4225, 4185, 3972, 4039, 4040, 4863, 3621, 3626, 3621, 3599, 3626, 3435, 3428, 3436, 5865, 5872, 5879, 5864, 5865, 5870, 6508, 6507, 6509, 3273, 3272, 3271, 3343, 3353, 3349, 3353, 3513, 3349, 4251, 4253, 4254, 4277, 4291, 4294, 4322, 4321, 4325, 4321, 4331, 4325, 4525, 4523, 4524, 4523, 4513, 4524, 5267, 5226, 5132, 1638, 1610, 1637, 1345, 1351, 1344, 1775, 1612, 1768, 1769, 1772, 1773, 5058, 5260, 5216, 5260, 5303, 5216, 5303, 5395, 5373, 4883, 4873, 4882, 4873, 4812, 4871, 3952, 3951, 3950, 4039, 4162, 4040, 5872, 5893, 5879, 5875, 5868, 5874, 5868, 5873, 5874, 5866, 5864, 5878, 3288, 3273, 3287, 3323, 3324, 3326, 3324, 3343, 3326, 3353, 3468, 3513, 4291, 4290, 4292, 8055, 8067, 8077, 4466, 4358, 4467, 4358, 4320, 4467, 4320, 4321, 4322, 4367, 4359, 4365, 5418, 5365, 5360, 5365, 5248, 5360, 5226, 5227, 5132, 5302, 5589, 5299, 5299, 5589, 5585, 5589, 5583, 5585, 7985, 8020, 7870, 1351, 1610, 1575, 1772, 1800, 1788, 4812, 4805, 4871, 3962, 3963, 3960, 3963, 3950, 3960, 3951, 4220, 4230, 4224, 3972, 4042, 4039, 4134, 4162, 4134, 4142, 4234, 4142, 4141, 4139, 4141, 4140, 4139, 4140, 4190, 4189, 4141, 4190, 4140, 4189, 4197, 4200, 3424, 3428, 3435, 3351, 3352, 3332, 6709, 5875, 5918, 5868, 5866, 5873, 3296, 3323, 3301, 3324, 3342, 3343, 6246, 6768, 6238, 4276, 4278, 4279, 4277, 4284, 4291, 4290, 4466, 4292, 4332, 4324, 4448, 4324, 4351, 4448, 5582, 5588, 2969, 2969, 2885, 2881, 1331, 1329, 1339, 1329, 1331, 1330, 1331, 1327, 1330, 1324, 1345, 1342, 1800, 1812, 3158, 3157, 3161, 3159, 3952, 4220, 3951, 8406, 8786, 8327, 3538, 3495, 3599, 6709, 5869, 5875, 5869, 5868, 5875, 5866, 5862, 5864, 6509, 6510, 6511, 3508, 3509, 4251, 4276, 4277, 4278, 8055, 8062, 8067, 5248, 5226, 5267, 5227, 5238, 5132, 5302, 5299, 5238, 2836, 2618, 2811, 2846, 2618, 2836, 1452, 1456, 1393, 1360, 1354, 1339, 1328, 1322, 1320, 1324, 1323, 1322, 1612, 1767, 1768, 1812, 3160, 3158, 3156, 3190, 3161, 4204, 4186, 4184, 8802, 8786, 8406, 3538, 3494, 3495, 3495, 3494, 3435, 5887, 5932, 5893, 5887, 5893, 5872, 3305, 3288, 3287, 5864, 5858, 5865, 5858, 5872, 5865, 6708, 5869, 6709, 5868, 5867, 5866, 5867, 5862, 5866, 6609, 6660, 6565, 6609, 6658, 6660, 4331, 4324, 4332, 4348, 4356, 4367, 4360, 4523, 4525, 4515, 4608, 4600, 5417, 5365, 5418, 5230, 5226, 5248, 5589, 5587, 5583, 5586, 5588, 5582, 5588, 2885, 2969, 1693, 1690, 1722, 1682, 1679, 1681, 1677, 1452, 1680, 1397, 1393, 1456, 1339, 1337, 1331, 1349, 1351, 1345, 1768, 1767, 1769, 1772, 1771, 1800, 5303, 5313, 5395, 5313, 4906, 5395, 3963, 3952, 3950, 4775, 4864, 4863, 4864, 3621, 4863, 3494, 3424, 3435, 3428, 3427, 3351, 3427, 3352, 3351, 5858, 5861, 5872, 5861, 5887, 5872, 3280, 3296, 3278, 3354, 3353, 3342, 3353, 3368, 3468, 3509, 4252, 4251, 4284, 4290, 4291, 4324, 4343, 4351, 4343, 4344, 4351, 4344, 4345, 4348, 4357, 4523, 4360, 4513, 4514, 4515, 4608, 5417, 5418, 5587, 5586, 5583, 5586, 5582, 5583, 1686, 1682, 1690, 1683, 1679, 1682, 1679, 1680, 1681, 1677, 1456, 1452, 1577, 1611, 1610, 1577, 1610, 1351, 1610, 1611, 1612, 1393, 1354, 1360, 1354, 1337, 1339, 1349, 1353, 1351, 1353, 1577, 1351, 1613, 1767, 1612, 3137, 3156, 3157, 4883, 4876, 4873, 4876, 4812, 4873, 4178, 3962, 4225, 3963, 3965, 3952, 3971, 4134, 4039, 4143, 4141, 4142, 4190, 4194, 4189, 4194, 4197, 4189, 4223, 4775, 4776, 8522, 8862, 8762, 3352, 3308, 3304, 8709, 8383, 8394, 3306, 3288, 3305, 5862, 5858, 5864, 3273, 3274, 3272, 3274, 3278, 3272, 3354, 3368, 3353, 3368, 3469, 3468, 3469, 3467, 3468, 3467, 3470, 3472, 4290, 4358, 4466, 4356, 4359, 4367, 4359, 4357, 4360, 4523, 4510, 4513, 4510, 4512, 4513, 4512, 4514, 4513, 1679, 1677, 1680, 1611, 1613, 1612, 1327, 1334, 1320, 1334, 1328, 1320, 1767, 1770, 1769, 1770, 1771, 1769, 1771, 1772, 1769, 1771, 1812, 1800, 5260, 5258, 5303, 5258, 5313, 5303, 8567, 7458, 7459, 4906, 4905, 4883, 4804, 4204, 4806, 4804, 4186, 4204, 3962, 3964, 3963, 4134, 3981, 4142, 4143, 4144, 4141, 4197, 4759, 4223, 4759, 4775, 4223, 3352, 3380, 3308, 3308, 3305, 3304, 5887, 5922, 8709, 5869, 5860, 5868, 3472, 3470, 3508, 3470, 3509, 3508, 4251, 4252, 4253, 4275, 4276, 4253, 4323, 4343, 4324, 4345, 4355, 4348, 4355, 4356, 4348, 4356, 4357, 4359, 4514, 4608, 4515, 5989, 5587, 5589, 5985, 5586, 5587, 1693, 1686, 1690, 1685, 1682, 1686, 1397, 1354, 1393, 1331, 1332, 1327, 1347, 1346, 1324, 1324, 1346, 1345, 1808, 3160, 1812, 4805, 4804, 4806, 4803, 4804, 4805, 3965, 4145, 3952, 4145, 4220, 3952, 3972, 3971, 4039, 3971, 3981, 4134, 4144, 4743, 4141, 4743, 4190, 4141, 8862, 8757, 8864, 5859, 5922, 5887, 5861, 5859, 5887, 6708, 6705, 5869, 6705, 5860, 5869, 5860, 5867, 5868, 5860, 5862, 5867, 3288, 3275, 3273, 3275, 3274, 3273, 3274, 3277, 3278, 3280, 3322, 3323, 3322, 3324, 3323, 3324, 3325, 3342, 3325, 3354, 3342, 6190, 6737, 6194, 6184, 6190, 6194, 4275, 4274, 4276, 4276, 4274, 4277, 4274, 4284, 4277, 4343, 4345, 4344, 4511, 4523, 4357, 5416, 5365, 5417, 5989, 5985, 5587, 5982, 5588, 5586, 2388, 2428, 2378, 1677, 1510, 1456, 1771, 1808, 1812, 3160, 3134, 3136, 5056, 3189, 5058, 3189, 5070, 5058, 5313, 4905, 4906, 4905, 4876, 4883, 4812, 4813, 4805, 4178, 3964, 3962, 4220, 3968, 4224, 4145, 3968, 4220, 4224, 3968, 3972, 3968, 3971, 3972, 4815, 4864, 4775, 3427, 3380, 3352, 3307, 3306, 3305, 5858, 5859, 5861, 5857, 5858, 5862, 6184, 6194, 6183, 6171, 6166, 6175, 4284, 4283, 4290, 4283, 4358, 4290, 4511, 4510, 4523, 5416, 5366, 5365, 5366, 5229, 5365, 5365, 5229, 5248, 5227, 5269, 5238, 5269, 5302, 5238, 5302, 5989, 5589, 5991, 2885, 5588, 5991, 2889, 2885, 2877, 2925, 2846, 2373, 2366, 2380, 2370, 2379, 2395, 2925, 2611, 2618, 1694, 1686, 1693, 1684, 1679, 1683, 1421, 1397, 1456, 1514, 1577, 1353, 1333, 1332, 1331, 1328, 1324, 1322, 1346, 1348, 1345, 1348, 1349, 1345, 1655, 1767, 1613, 1808, 1809, 3160, 1809, 3134, 3160, 3133, 3138, 3137, 3156, 3139, 3190, 3139, 3189, 3190, 3189, 5056, 3190, 5258, 5312, 5313, 5312, 4905, 5313, 4803, 4802, 4804, 4178, 4186, 4804, 4802, 4178, 4804, 4743, 4195, 4190, 4195, 4194, 4190, 4759, 4758, 4775, 4758, 4815, 4775, 4864, 4865, 3621, 4815, 4865, 4864, 4865, 3586, 3621, 3586, 3494, 3538, 3307, 3305, 3308, 5859, 5888, 5922, 5855, 5859, 5858, 5860, 5857, 5862, 3322, 3325, 3324, 6175, 6662, 6661, 3469, 3470, 3467, 3517, 3509, 3470, 4320, 4319, 4321, 4321, 4319, 4331, 4319, 4324, 4331, 4354, 4357, 4356, 5985, 5982, 5586, 5982, 5983, 5588, 5983, 5991, 5588, 2849, 2847, 2850, 2594, 2618, 2611, 1685, 1683, 1682, 1678, 1510, 1677, 4905, 4880, 4876, 4880, 4812, 4876, 4812, 4810, 4813, 4810, 4803, 4813, 3964, 3965, 3963, 4865, 3619, 3586, 3424, 3422, 3428, 3380, 3374, 3308, 6704, 5860, 6705, 3325, 3355, 3354, 6183, 6194, 6195, 6166, 6168, 6167, 3509, 4312, 4252, 4319, 4323, 4324, 4355, 4354, 4356, 5225, 5227, 5226, 7790, 1694, 7787, 1510, 1421, 1456, 1514, 1578, 1577, 1611, 1655, 1613, 1397, 1355, 1354, 1337, 1333, 1331, 1334, 1327, 1332, 1328, 1347, 1324, 1350, 1514, 1353, 1655, 1842, 1767, 1770, 1776, 1771, 1801, 1808, 1771, 1808, 1801, 1809, 5070, 5084, 5058, 5084, 5260, 5058, 4810, 4801, 4803, 4801, 4802, 4803, 3965, 3968, 4145, 3970, 3971, 3968, 3970, 3981, 3971, 4143, 4696, 4144, 4793, 4865, 4815, 3586, 3504, 3494, 3428, 3422, 3427, 5855, 5850, 5859, 6704, 5849, 5860, 5860, 5849, 5857, 5849, 5855, 5857, 6390, 6514, 6512, 3275, 3276, 3274, 3355, 3368, 3354, 6181, 6182, 6183, 4312, 4275, 4252, 4275, 4270, 4274, 4274, 4283, 4284, 4323, 4341, 4343, 4345, 4342, 4355, 4357, 4507, 4511, 5269, 5989, 5302, 2595, 2593, 2590, 1684, 1678, 1679, 1678, 1677, 1679, 1578, 1655, 1611, 1398, 1355, 1397, 1355, 1338, 1354, 1354, 1338, 1337, 1338, 1333, 1337, 1333, 1336, 1332, 1349, 1350, 1353, 1777, 1776, 1770, 1776, 1801, 1771, 3133, 3132, 3138, 7457, 7458, 8557, 4880, 4811, 4812, 4811, 4810, 4812, 4800, 4178, 4802, 4800, 4179, 4178, 8497, 8457, 8799, 4194, 4196, 4197, 4758, 4757, 4815, 4757, 4793, 4815, 3586, 3594, 3504, 3504, 3424, 3494, 3426, 3380, 3427, 3426, 3374, 3380, 8382, 8153, 8384, 5850, 5888, 5859, 5849, 5840, 5855, 5840, 5850, 5855, 6705, 6702, 6704, 3276, 3277, 3274, 3277, 3279, 3278, 3279, 3280, 3278, 3322, 3321, 3325, 3368, 3447, 3469, 3517, 4311, 3509, 4311, 4312, 3509, 4312, 4272, 4275, 4272, 4270, 4275, 4285, 4289, 4283, 4289, 4358, 4283, 4342, 4354, 4355, 4354, 4507, 4357, 4507, 4510, 4511, 4514, 4595, 4608, 5416, 5367, 5366, 5367, 5229, 5366, 2611, 2592, 2594, 1421, 1398, 1397, 1348, 1350, 1349, 1767, 1777, 1770, 4801, 4800, 4802, 3966, 3965, 3964, 3968, 3969, 3970, 3970, 3980, 3981, 3980, 4143, 3981, 4696, 4743, 4144, 4865, 4868, 3619, 4793, 4868, 4865, 3422, 3426, 3427, 5849, 5843, 5840, 6702, 6703, 6704, 6703, 5849, 6704, 3306, 3275, 3288, 3321, 3355, 3325, 3355, 3485, 3368, 3485, 3447, 3368, 6195, 6729, 6736, 4273, 4283, 4274, 4319, 4318, 4323, 4343, 4342, 4345, 4341, 4342, 4343, 4342, 4346, 4354, 4508, 4512, 4510, 4512, 4595, 4514, 5229, 5224, 5230, 5228, 5224, 5229, 5230, 5224, 5226, 5224, 5225, 5226, 5225, 5269, 5227, 5997, 5984, 5989, 5989, 5984, 5985, 5984, 5982, 5985, 5982, 5981, 5983, 5981, 5991, 5983, 5981, 2889, 5991, 1694, 1687, 1686, 1687, 1685, 1686, 1332, 1396, 1334, 1328, 1399, 1347, 1842, 1777, 1767, 1801, 1807, 1809, 1807, 3134, 1809, 3188, 5070, 3189, 5260, 5084, 5258, 5084, 5257, 5258, 5257, 5312, 5258, 4890, 4880, 4905, 4179, 3966, 3964, 3504, 3498, 3424, 3539, 3307, 3374, 5876, 5930, 5888, 5850, 5876, 5888, 6167, 6168, 6170, 4289, 4286, 4320, 4286, 4319, 4320, 5269, 5997, 5989, 5978, 5981, 5982, 2369, 2393, 2397, 2629, 2428, 2429, 2429, 2652, 2629, 1685, 1684, 1683, 1399, 1400, 1347, 1347, 1400, 1346, 1346, 1400, 1348, 1400, 1401, 1348, 5336, 4905, 5312, 4810, 4797, 4801, 3980, 4696, 4143, 4696, 4770, 4743, 4735, 4868, 4793, 4735, 3615, 4868, 3594, 3498, 3504, 3498, 3423, 3424, 5843, 5838, 5840, 5838, 5836, 5840, 5840, 5845, 5850, 5836, 5845, 5840, 5845, 5876, 5850, 6703, 5848, 5849, 5848, 5843, 5849, 5848, 5838, 5843, 3280, 3321, 3322, 3369, 3355, 3321, 6736, 6729, 6734, 4311, 4272, 4312, 4318, 4341, 4323, 4505, 4507, 4354, 5222, 5224, 5228, 5224, 5223, 5225, 5993, 2889, 5981, 2371, 2397, 2392, 2924, 2615, 2925, 2615, 2592, 2611, 7854, 7856, 7855, 7854, 2704, 7856, 1700, 1687, 1694, 1510, 1457, 1421, 1615, 1655, 1578, 1336, 1396, 1332, 1396, 1403, 1334, 1403, 1328, 1334, 1328, 1403, 1399, 1842, 1840, 1777, 3130, 3135, 3132, 3142, 3189, 3139, 5336, 4890, 4905, 4880, 4798, 4811, 4798, 4810, 4811, 4797, 4800, 4801, 4800, 3995, 4179, 4179, 3995, 3966, 4743, 4770, 4195, 4195, 4196, 4194, 4770, 4196, 4195, 4760, 4759, 4197, 4868, 3615, 3619, 3615, 3594, 3619, 3595, 3498, 3594, 3426, 3539, 3374, 3386, 3307, 3539, 3386, 3309, 3307, 5851, 5848, 6703, 3307, 3309, 3306, 3340, 3369, 3321, 3369, 3485, 3355, 3469, 3447, 3470, 4505, 4506, 4507, 4507, 4508, 4510, 5978, 5982, 5984, 5993, 2887, 2889, 1685, 1696, 1684, 1528, 1457, 1510, 1457, 1398, 1421, 1615, 1731, 1655, 1412, 1336, 1333, 1780, 1776, 1777, 3134, 3141, 3131, 5070, 5077, 5084, 5257, 5134, 5312, 5134, 5336, 5312, 4798, 4797, 4810, 3967, 3965, 3966, 4759, 4756, 4758, 4756, 4757, 4758, 4757, 4755, 4793, 4755, 4735, 4793, 3615, 3595, 3594, 3595, 3564, 3498, 3425, 3539, 3426, 3425, 3386, 3539, 5836, 5830, 5845, 3588, 3309, 3386, 3310, 3275, 3306, 3280, 3320, 3321, 3320, 3340, 3321, 3486, 3485, 3369, 6576, 4, 6690, 3470, 3518, 3517, 3518, 4307, 3517, 3517, 4307, 4311, 4307, 4272, 4311, 4307, 4263, 4272, 4273, 4282, 4283, 4282, 4285, 4283, 4286, 4318, 4319, 5367, 5228, 5229, 5225, 5250, 5269, 5997, 5979, 5984, 5978, 5980, 5981, 5980, 5993, 5981, 2383, 2382, 2431, 2586, 2652, 2429, 1684, 1608, 1678, 1678, 1528, 1510, 1514, 1513, 1578, 1404, 1396, 1336, 1402, 1348, 1401, 1402, 1350, 1348, 1350, 1513, 1514, 1731, 1842, 1655, 1840, 1780, 1777, 1776, 1781, 1801, 1781, 1807, 1801, 3129, 3130, 3131, 3142, 3188, 3189, 4890, 4798, 4880, 4798, 4796, 4797, 3967, 3968, 3965, 3967, 3969, 3968, 4760, 4756, 4759, 3615, 4834, 3595, 3564, 3547, 3498, 3423, 3422, 3424, 3422, 3425, 3426, 5845, 5877, 5876, 5876, 5929, 5930, 5877, 5929, 5876, 5848, 5837, 5838, 5837, 5836, 5838, 6701, 6703, 6702, 3309, 3310, 3306, 3376, 3486, 3369, 6176, 6178, 6177, 5794, 5793, 5786, 3447, 3471, 3470, 4270, 4273, 4274, 4346, 4505, 4354, 4506, 4508, 4507, 4508, 4520, 4512, 4520, 4595, 4512, 5416, 5368, 5367, 4637, 5368, 5416, 5223, 5250, 5225, 1700, 1688, 1687, 1688, 1685, 1687, 1398, 1416, 1355, 1416, 1338, 1355, 1404, 1336, 1412, 1404, 1403, 1396, 1406, 1399, 1403, 1402, 1513, 1350, 1842, 1731, 1840, 1780, 1781, 1776, 5336, 4891, 4890, 4797, 4740, 4800, 4740, 5454, 4800, 5454, 3995, 4800, 4756, 4755, 4757, 4834, 3613, 3595, 5830, 5846, 5845, 5846, 5877, 5845, 3425, 3588, 3386, 5851, 5837, 5848, 5837, 5834, 5836, 5834, 5830, 5836, 3275, 3311, 3276, 3316, 3279, 3277, 3279, 3319, 3280, 3319, 3320, 3280, 3339, 3340, 3320, 6755, 6763, 6750, 3471, 3518, 3470, 4272, 4271, 4270, 4286, 4317, 4318, 4317, 4341, 4318, 4341, 4340, 4342, 4340, 4346, 4342, 4520, 4637, 4595, 5368, 5228, 5367, 5250, 5992, 5269, 5269, 5992, 5997, 5992, 5979, 5997, 5978, 5976, 5980, 7451, 7396, 7380, 2598, 2592, 2615, 1608, 1528, 1678, 1422, 1398, 1457, 1513, 1615, 1578, 1412, 1333, 1338, 5084, 5134, 5257, 4796, 4740, 4797, 3969, 3979, 3970, 3979, 3980, 3970, 4696, 4695, 4770, 4795, 4196, 4770, 4735, 4771, 3615, 4771, 4834, 3615, 5839, 5837, 5851, 6701, 5851, 6703, 3588, 3310, 3309, 6486, 6519, 6517, 3310, 3311, 3275, 3339, 3381, 3340, 3340, 3381, 3376, 6578, 1, 6579, 3557, 3486, 3376, 6176, 6177, 6179, 3528, 3518, 3471, 4309, 4308, 4307, 4308, 4263, 4307, 4263, 4271, 4272, 4281, 4282, 4273, 4340, 4505, 4346, 4503, 4508, 4506, 5984, 5979, 5978, 1405, 1403, 1404, 1406, 1401, 1399, 1401, 1400, 1399, 3188, 3181, 5070, 5334, 4891, 5336, 3994, 3966, 3995, 3994, 3967, 3966, 3967, 3974, 3969, 3974, 3977, 3969, 3977, 3979, 3969, 4695, 4795, 4770, 4756, 4733, 4755, 4733, 4735, 4755, 3613, 3547, 3564, 3613, 3592, 3547, 3592, 3423, 3547, 5839, 5834, 5837, 5834, 5829, 5830, 3404, 3588, 3425, 6701, 6707, 5851, 3276, 3316, 3277, 3316, 3319, 3279, 6579, 1, 6683, 6688, 6682, 6693, 3486, 3447, 3485, 3518, 3728, 4307, 4285, 4286, 4289, 4504, 4505, 4340, 4505, 4503, 4506, 5222, 5223, 5224, 5223, 5251, 5250, 5990, 5993, 5980, 5990, 2887, 5993, 2863, 2924, 2864, 2390, 2392, 2445, 2394, 2399, 2451, 2635, 2652, 2586, 1688, 1689, 1685, 1692, 1689, 1688, 1685, 1689, 1696, 1696, 1608, 1684, 1416, 1414, 1338, 1403, 1405, 1406, 1406, 1408, 1401, 1410, 1402, 1401, 1415, 1513, 1402, 1840, 1785, 1780, 3142, 3181, 3188, 3181, 5077, 5070, 5134, 5334, 5336, 4799, 4796, 4798, 5454, 3994, 3995, 3975, 3974, 3967, 3980, 4157, 4696, 4795, 4794, 4196, 4766, 4756, 4760, 4733, 4734, 4735, 4734, 4771, 4735, 4771, 4818, 4834, 4834, 4818, 3613, 3403, 3425, 3422, 5853, 5839, 5851, 3315, 3316, 3276, 3334, 3319, 3316, 4309, 4307, 3728, 4282, 4286, 4285, 4317, 4347, 4341, 5976, 5990, 5980, 1696, 1697, 1608, 1398, 1422, 1416, 1414, 1412, 1338, 1411, 1405, 1404, 1405, 1407, 1406, 1407, 1408, 1406, 1408, 1409, 1401, 1782, 1807, 1781, 1807, 1819, 3141, 3122, 3143, 3142, 3143, 3181, 3142, 5077, 5134, 5084, 4890, 4799, 4798, 3979, 4157, 3980, 4157, 4695, 4696, 4795, 4779, 4794, 4779, 4766, 4794, 4766, 4733, 4756, 4818, 3612, 3613, 3403, 3404, 3425, 5829, 5821, 5830, 5821, 5846, 5830, 5839, 5835, 5834, 5835, 5829, 5834, 3404, 3589, 3588, 3588, 3589, 3365, 3365, 3312, 3310, 3312, 3311, 3310, 3315, 3276, 3311, 3319, 3339, 3320, 3367, 3381, 3339, 3557, 3376, 3381, 6681, 6680, 6604, 3406, 3486, 3557, 3406, 3447, 3486, 6176, 5810, 5788, 8023, 8021, 6764, 4270, 4269, 4273, 4269, 4281, 4273, 4504, 4503, 4505, 5440, 4637, 4520, 5211, 5228, 5368, 5251, 5992, 5250, 5975, 5978, 5979, 5975, 5976, 5978, 2890, 2887, 5990, 2863, 2922, 2924, 1409, 1410, 1401, 1410, 1415, 1402, 1785, 1782, 1780, 1780, 1782, 1781, 5077, 5078, 5134, 5394, 4891, 5334, 3994, 3978, 3967, 3978, 3975, 3967, 4695, 4779, 4795, 4734, 4764, 4771, 4764, 4818, 4771, 4818, 4819, 3612, 3423, 3420, 3422, 3420, 3403, 3422, 5877, 5933, 5929, 3312, 3313, 3311, 3381, 3406, 3557, 3528, 3545, 3728, 4310, 4308, 4309, 4308, 4261, 4263, 4261, 4264, 4263, 4263, 4264, 4271, 4347, 4339, 4341, 4339, 4340, 4341, 4339, 4338, 4340, 4502, 4503, 4504, 4508, 4521, 4520, 5440, 5397, 4637, 4637, 5397, 5368, 5211, 5220, 5228, 5220, 5222, 5228, 2437, 2442, 2443, 2442, 2445, 2443, 2635, 2654, 2653, 1689, 1698, 1696, 1698, 1697, 1696, 1697, 1718, 1608, 1458, 1457, 1528, 1616, 1615, 1513, 1617, 1731, 1615, 1617, 1733, 1731, 1414, 1413, 1412, 1413, 1411, 1412, 1412, 1411, 1404, 1782, 1819, 1807, 1819, 3129, 3141, 1819, 3126, 3129, 3191, 5077, 3181, 4740, 4741, 5454, 5454, 3978, 3994, 3975, 3976, 3974, 3976, 3977, 3974, 3979, 3982, 4157, 4763, 4764, 4734, 3612, 3423, 3592, 3612, 3618, 3423, 3618, 3420, 3423, 5835, 5828, 5829, 5853, 5835, 5839, 3403, 3402, 3404, 3404, 3402, 3589, 3402, 3365, 3589, 3365, 3364, 3312, 3364, 3341, 3312, 3312, 3341, 3313, 3311, 3317, 3315, 3317, 3318, 3315, 3315, 3318, 3316, 3318, 3333, 3316, 3333, 3334, 3316, 3337, 3319, 3334, 3319, 3371, 3367, 3367, 3406, 3381, 3406, 3398, 3447, 6696, 5779, 5777, 5788, 5810, 5800, 5800, 5810, 5809, 5810, 6770, 5809, 5779, 5778, 5777, 3529, 3528, 3471, 3676, 4308, 4310, 3676, 4261, 4308, 4271, 4267, 4270, 4267, 4269, 4270, 4287, 4286, 4282, 4340, 4502, 4504, 4509, 4508, 4503, 4509, 4521, 4508, 4521, 5440, 4520, 5222, 5221, 5223, 5221, 5251, 5223, 5987, 5975, 5979, 1608, 1458, 1528, 1458, 1422, 1457, 1616, 1617, 1615, 1422, 1414, 1416, 1415, 1424, 1513, 5134, 5333, 5334, 5333, 5394, 5334, 4891, 4742, 4890, 4742, 4799, 4890, 4799, 4742, 4796, 4742, 4740, 4796, 4741, 3978, 5454, 4695, 4762, 4779, 4733, 4732, 4734, 4763, 4682, 4764, 4682, 4818, 4764, 5853, 5828, 5835, 5829, 5820, 5821, 3364, 3362, 3341, 3313, 3317, 3311, 3333, 3336, 3334, 3336, 3337, 3334, 3337, 3378, 3371, 3371, 3405, 3367, 3367, 3405, 3406, 3411, 3471, 3447, 3487, 3529, 3471, 3529, 3545, 3528, 3676, 4310, 3728, 4281, 4287, 4282, 4287, 4316, 4286, 4336, 4347, 4317, 4336, 4339, 4347, 4338, 4502, 4340, 4502, 4501, 4503, 4501, 4509, 4503, 5397, 5211, 5368, 5996, 5992, 5251, 1695, 1689, 1692, 1695, 1699, 1689, 1699, 1698, 1689, 1614, 1513, 1424, 1405, 1419, 1407, 1731, 1841, 1840, 1841, 1785, 1840, 3143, 3140, 3181, 3140, 3191, 3181, 4904, 4742, 4891, 3976, 3979, 3977, 4779, 4767, 4766, 4767, 4731, 4766, 4731, 4733, 4766, 4731, 4732, 4733, 4732, 4765, 4734, 4765, 4763, 4734, 4712, 4819, 4818, 4682, 4712, 4818, 4819, 4820, 3612, 4820, 3618, 3612, 5828, 5820, 5829, 5817, 5820, 5828, 5818, 5846, 5821, 5846, 5902, 5877, 6707, 6706, 5853, 3402, 3363, 3365, 3363, 3364, 3365, 3362, 3361, 3313, 3345, 3317, 3313, 3318, 3335, 3333, 3335, 3336, 3333, 3379, 3378, 3336, 3378, 3407, 3371, 3407, 3405, 3371, 6686, 6673, 6675, 3405, 3398, 3406, 5777, 5774, 6695, 5777, 5776, 5774, 5788, 5800, 5784, 5809, 6742, 5808, 5777, 5778, 5776, 4286, 4316, 4317, 5396, 5397, 5440, 5996, 5987, 5992, 5987, 5973, 5975, 5975, 5971, 5976, 5976, 5977, 5990, 5971, 5977, 5976, 2659, 2657, 2658, 1869, 1695, 1762, 1413, 1418, 1411, 1411, 1418, 1405, 1418, 1420, 1405, 1420, 1419, 1405, 1419, 1425, 1407, 1407, 1425, 1408, 1426, 1409, 1408, 1426, 1423, 1409, 1423, 1410, 1409, 1423, 1415, 1410, 1733, 1841, 1731, 1782, 1816, 1819, 1819, 3125, 3126, 3118, 3122, 3123, 3122, 3140, 3143, 3140, 3180, 3191, 3191, 5078, 5077, 5394, 4904, 4891, 4742, 4739, 4740, 4739, 4741, 4740, 4739, 4727, 4741, 4741, 4727, 3978, 3976, 3982, 3979, 4157, 4678, 4695, 4712, 4754, 4819, 4754, 4820, 4819, 5820, 5818, 5821, 5818, 5847, 5846, 5847, 5902, 5846, 6524, 6706, 6707, 3363, 3362, 3364, 3363, 3361, 3362, 3372, 3345, 3361, 3345, 3346, 3317, 3346, 3318, 3317, 3346, 3335, 3318, 3336, 3373, 3379, 3379, 3407, 3378, 6684, 6673, 6686, 5776, 5778, 5775, 3411, 3447, 3398, 3411, 3487, 3471, 3732, 3545, 3529, 3676, 4260, 4261, 4262, 4264, 4261, 4264, 4267, 4271, 4269, 4306, 4281, 4316, 4334, 4317, 4334, 4336, 4317, 4336, 4338, 4339, 5220, 5221, 5222, 5977, 2891, 5990, 2891, 2890, 5990, 2890, 2858, 2854, 2853, 2854, 2855, 2654, 2656, 2655, 1531, 1422, 1458, 1425, 1426, 1408, 1423, 1424, 1415, 1816, 1832, 1819, 1832, 3149, 1819, 5078, 5085, 5134, 7376, 7243, 7231, 4821, 4739, 4742, 3978, 3976, 3975, 8464, 8538, 8467, 8464, 8583, 8538, 4762, 4767, 4779, 4708, 4763, 4765, 6706, 5844, 5853, 5853, 5844, 5828, 5817, 5818, 5820, 3363, 3400, 3361, 3400, 3372, 3361, 3372, 3356, 3345, 3356, 3346, 3345, 3356, 3357, 3346, 3373, 3408, 3379, 3408, 3407, 3379, 6672, 6670, 6562, 5784, 5800, 5799, 5800, 5801, 5799, 5800, 5808, 5801, 6695, 5774, 6694, 5778, 5781, 5775, 3732, 3675, 3545, 3545, 3675, 3676, 4501, 4521, 4509, 5440, 4521, 4602, 5209, 5211, 5397, 5999, 2891, 5977, 2866, 2921, 2863, 2921, 2922, 2863, 2921, 2752, 2922, 2752, 2600, 2598, 1703, 1699, 1695, 1616, 1614, 1617, 1530, 1414, 1422, 1414, 1515, 1413, 1785, 1789, 1782, 1789, 1791, 1782, 1791, 1816, 1782, 3180, 5078, 3191, 5079, 5085, 5078, 5134, 5252, 5333, 5085, 5252, 5134, 4678, 4762, 4695, 4731, 4669, 4732, 4754, 4814, 4820, 4820, 3627, 3618, 4814, 3627, 4820, 3618, 3608, 3420, 3608, 3419, 3420, 3420, 3419, 3403, 5822, 5817, 5828, 3401, 3402, 3403, 3402, 3401, 3363, 3372, 3574, 3356, 3356, 3574, 3357, 3574, 3575, 3357, 3575, 3373, 3357, 3575, 3408, 3373, 3408, 3397, 3407, 3397, 3405, 3407, 3397, 3398, 3405, 6684, 6671, 6673, 6685, 6671, 6684, 5784, 5799, 5781, 3488, 3487, 3411, 3529, 3738, 3732, 3677, 3675, 3732, 4260, 4262, 4261, 4262, 4267, 4264, 4281, 4288, 4287, 4287, 4304, 4316, 4336, 4337, 4338, 4337, 4500, 4338, 4500, 4502, 4338, 4501, 4602, 4521, 5209, 5208, 5211, 5208, 5220, 5211, 5241, 5251, 5221, 5972, 5977, 5971, 1697, 1701, 1718, 1413, 1516, 1418, 1420, 1517, 1419, 1841, 1790, 1785, 1790, 1789, 1785, 5252, 5394, 5333, 5393, 4904, 5394, 4904, 4902, 4742, 4902, 4821, 4742, 3978, 3987, 3976, 3982, 4678, 4157, 4762, 4778, 4767, 4708, 4682, 4763, 4670, 4712, 4682, 4712, 4736, 4754, 5844, 5825, 5828, 5825, 5822, 5828, 5822, 5816, 5817, 5816, 5818, 5817, 5816, 5819, 5818, 5818, 5819, 5847, 3400, 3363, 3401, 3392, 3372, 3400, 3392, 3574, 3372, 3393, 3575, 3574, 3393, 3399, 3575, 3399, 3408, 3575, 6562, 6670, 6347, 5781, 5799, 5791, 5776, 5775, 5774, 6742, 6741, 5801, 6742, 6745, 6741, 3535, 3487, 3488, 3487, 3535, 3529, 3529, 3535, 3738, 3738, 3679, 3732, 3679, 3677, 3732, 4306, 4288, 4281, 4288, 4304, 4287, 4500, 4501, 4502, 5383, 5396, 4634, 5396, 5209, 5397, 5241, 5995, 5251, 5995, 5996, 5251, 5986, 5973, 5987, 5970, 5971, 5973, 5972, 5999, 5977, 2435, 2436, 2497, 2497, 2444, 2504, 2630, 2600, 2752, 1614, 1618, 1617, 1531, 1530, 1422, 1618, 1732, 1617, 1515, 1516, 1413, 1418, 1517, 1420, 1522, 1517, 1418, 1518, 1425, 1419, 1425, 1519, 1426, 1426, 1520, 1423, 1423, 1526, 1424, 1521, 1526, 1423, 1732, 1733, 1617, 1832, 3146, 3149, 3118, 3115, 3122, 3115, 3145, 3140, 3145, 3180, 3140, 3180, 5079, 5078, 5252, 5393, 5394, 5393, 4902, 4904, 4727, 3987, 3978, 3987, 3983, 3976, 4678, 4761, 4762, 4732, 4708, 4765, 4670, 4736, 4712, 4736, 4814, 4754, 4736, 4737, 4814, 3419, 3417, 3403, 3392, 3393, 3574, 3399, 3397, 3408, 6670, 6596, 6347, 6598, 6669, 6671, 5791, 5799, 5797, 5799, 5801, 5797, 3410, 3411, 3398, 3675, 3630, 3676, 3676, 3630, 4260, 4499, 4501, 4500, 5208, 5221, 5220, 5986, 5970, 5973, 5999, 2892, 2891, 1698, 1701, 1697, 1458, 1541, 1531, 1619, 1618, 1614, 1516, 1522, 1418, 1517, 1518, 1419, 1520, 1521, 1423, 1733, 1732, 1841, 1732, 1843, 1841, 1843, 1790, 1841, 3180, 3186, 5079, 4726, 4727, 4739, 4726, 4723, 4727, 4767, 4730, 4731, 4730, 4669, 4731, 4732, 4669, 4708, 4708, 4671, 4682, 4671, 4670, 4682, 4814, 4738, 3627, 4738, 4850, 3627, 4850, 3616, 3627, 3608, 3616, 3419, 6706, 5854, 5844, 5854, 5825, 5844, 5822, 5823, 5816, 3417, 3401, 3403, 3401, 3392, 3400, 6697, 5773, 6698, 6697, 6694, 5773, 6694, 5774, 5773, 5773, 5774, 5771, 5774, 5775, 5771, 3410, 3488, 3411, 3488, 3536, 3535, 3719, 3679, 3738, 3677, 3674, 3675, 3674, 3630, 3675, 4267, 4268, 4269, 4268, 4306, 4269, 4304, 4305, 4316, 4305, 4334, 4316, 4334, 4337, 4336, 5383, 5259, 5396, 5259, 5209, 5396, 5208, 5241, 5221, 5996, 5995, 5987, 5970, 5972, 5971, 6000, 5999, 5972, 1703, 1702, 1699, 1702, 1701, 1699, 7794, 1702, 1869, 1699, 1701, 1698, 1541, 1458, 1608, 1541, 1530, 1531, 1530, 1525, 1414, 1525, 1515, 1414, 1518, 1519, 1425, 1519, 1520, 1426, 1789, 1792, 1791, 3145, 3186, 3180, 5252, 5277, 5393, 4821, 4726, 4739, 4723, 3987, 4727, 4761, 4778, 4762, 4761, 4730, 4767, 4730, 4666, 4669, 4736, 4704, 4737, 4737, 4738, 4814, 3616, 3576, 3419, 5827, 5819, 5816, 5827, 5841, 5819, 5841, 5871, 5819, 3393, 3397, 3399, 3394, 3398, 3397, 5782, 5791, 5789, 5791, 5797, 5789, 5789, 5797, 5798, 5797, 6739, 5798, 5771, 5781, 5782, 5781, 5791, 5782, 3533, 3536, 3488, 3680, 3679, 3719, 3679, 3678, 3677, 3678, 3674, 3677, 4499, 4582, 4501, 5986, 5987, 5995, 6000, 2892, 5999, 2512, 2507, 2509, 2501, 2450, 2502, 2448, 2500, 2502, 2448, 2449, 2500, 1541, 1540, 1530, 1791, 1792, 1816, 1792, 1832, 1816, 3146, 3124, 3149, 4723, 3983, 3987, 8467, 8551, 8154, 3983, 3982, 3976, 3983, 3984, 3982, 4678, 4673, 4761, 4669, 4667, 4708, 4670, 4704, 4736, 4704, 4738, 4737, 4738, 4851, 4850, 4850, 4853, 3616, 3576, 3417, 3419, 6529, 5863, 6706, 5863, 5854, 6706, 5823, 5827, 5816, 5789, 5798, 5806, 6698, 5773, 5772, 5798, 6739, 6740, 5773, 5771, 5772, 3409, 3410, 3398, 3573, 3734, 3536, 3573, 3730, 3734, 4265, 4267, 4262, 4266, 4268, 4267, 4497, 4500, 4337, 4496, 4582, 4499, 4634, 4602, 4582, 5382, 5259, 5383, 5206, 5208, 5209, 5994, 5986, 5995, 5974, 6000, 5972, 2855, 2867, 2866, 2867, 2921, 2866, 2921, 2923, 2630, 7975, 8012, 8018, 2608, 2602, 2600, 1573, 1619, 1424, 1525, 1524, 1515, 1843, 1793, 1790, 1793, 1789, 1790, 1792, 1831, 1832, 1831, 3146, 1832, 4903, 4902, 5393, 5277, 4903, 5393, 4903, 4895, 4902, 4895, 4821, 4902, 4822, 4726, 4821, 4667, 4671, 4708, 5832, 5825, 5854, 5832, 5824, 5825, 5825, 5824, 5822, 5822, 5824, 5823, 5831, 5841, 5827, 5841, 5891, 5871, 3576, 3418, 3417, 3417, 3418, 3401, 6595, 6593, 6342, 6698, 5772, 5811, 5806, 5798, 5807, 5798, 6740, 5807, 3533, 3573, 3536, 3719, 3734, 3730, 3681, 3680, 3719, 4260, 4265, 4262, 4302, 4288, 4306, 4302, 4304, 4288, 4334, 4497, 4337, 4497, 4499, 4500, 4603, 4582, 4496, 5207, 5242, 5208, 5242, 5241, 5208, 5241, 5994, 5995, 5970, 6006, 5974, 2907, 2892, 6000, 2859, 2867, 2855, 2507, 2504, 2506, 1702, 1704, 1701, 1718, 1719, 1608, 1719, 1541, 1608, 1530, 1527, 1525, 1540, 1527, 1530, 1527, 1524, 1525, 1523, 1522, 1516, 1523, 1532, 1522, 1521, 1529, 1526, 1793, 1792, 1789, 3146, 3127, 3124, 3114, 3116, 3115, 3145, 3178, 3186, 3178, 5079, 3186, 5085, 5086, 5252, 5086, 5277, 5252, 4895, 4822, 4821, 3982, 4677, 4678, 4670, 4668, 4704, 4738, 4703, 4851, 4851, 4853, 4850, 4851, 4852, 4853, 5863, 5832, 5854, 5824, 5826, 5823, 5823, 5831, 5827, 5831, 5852, 5841, 5852, 5891, 5841, 3604, 3418, 3576, 3418, 3391, 3401, 3391, 3392, 3401, 5806, 5807, 5804, 5772, 5770, 5811, 5771, 5782, 5789, 3409, 3398, 3394, 3410, 3549, 3533, 3549, 3573, 3533, 3730, 3681, 3719, 3680, 3678, 3679, 3630, 3631, 4260, 3631, 4265, 4260, 4335, 4495, 4334, 4495, 4497, 4334, 4634, 4582, 4603, 5206, 5207, 5208, 5242, 5994, 5241, 5988, 5986, 5994, 5988, 5970, 5986, 6006, 6000, 5974, 2923, 2921, 2867, 1711, 1705, 1702, 1705, 1704, 1702, 1704, 1718, 1701, 1719, 1542, 1541, 1621, 1619, 1573, 1620, 1732, 1618, 1573, 1424, 1526, 1515, 1524, 1516, 1522, 1534, 1517, 1732, 1734, 1843, 5079, 5080, 5085, 5080, 5086, 5085, 4822, 4722, 4726, 3984, 3985, 3982, 3985, 4036, 3982, 4673, 4730, 4761, 4674, 4666, 4730, 4666, 4667, 4669, 4704, 4703, 4738, 4703, 4852, 4851, 4852, 3604, 4853, 4852, 3620, 3604, 6529, 5755, 5863, 3604, 3601, 3418, 3391, 3393, 3392, 3394, 3397, 3393, 5783, 5806, 5804, 5789, 5806, 5783, 3550, 3549, 3410, 3733, 3730, 3573, 3682, 3681, 3730, 3681, 3678, 3680, 4265, 4266, 4267, 4268, 4302, 4306, 4305, 4335, 4334, 5205, 5207, 5206, 2630, 2604, 2608, 1704, 1719, 1718, 1619, 1620, 1618, 1621, 1620, 1619, 1542, 1540, 1541, 1524, 1523, 1516, 1533, 1518, 1517, 1533, 1535, 1518, 1535, 1519, 1518, 1529, 1573, 1526, 1843, 1734, 1793, 1797, 1792, 1793, 1831, 3147, 3146, 4897, 4822, 4895, 4722, 4723, 4726, 4721, 3983, 4723, 3983, 3985, 3984, 4036, 4677, 3982, 4667, 4670, 4671, 4667, 4668, 4670, 4703, 4728, 4852, 4728, 3620, 4852, 5863, 5856, 5832, 5856, 5824, 5832, 5831, 5823, 5826, 3601, 3421, 3418, 3421, 3391, 3418, 6592, 6590, 6593, 5811, 5768, 5815, 5804, 5807, 6727, 5811, 5770, 5768, 5770, 5765, 5768, 5770, 5771, 5765, 5771, 5789, 5783, 3550, 3551, 3549, 3551, 3735, 3549, 3735, 3733, 3573, 3682, 3730, 3733, 4304, 4303, 4305, 4303, 4335, 4305, 4495, 4496, 4497, 4496, 4499, 4497, 4603, 5452, 4634, 5452, 5423, 4634, 6010, 5970, 5988, 6007, 6000, 6006, 6007, 2907, 6000, 2697, 2692, 2721, 1705, 1706, 1704, 1620, 1622, 1732, 1734, 1855, 1793, 1823, 1831, 1792, 3121, 3145, 3116, 3145, 3121, 3178, 5277, 4898, 4903, 4898, 4895, 4903, 4898, 4897, 4895, 4722, 4721, 4723, 4721, 3985, 3983, 4677, 4673, 4678, 4673, 4674, 4730, 4674, 4665, 4666, 4665, 4667, 4666, 4704, 4701, 4703, 4701, 4702, 4703, 4703, 4702, 4728, 5755, 5856, 5863, 5856, 5833, 5824, 5824, 5833, 5826, 5833, 5831, 5826, 5833, 5842, 5831, 5831, 5842, 5852, 4728, 4854, 3620, 3620, 4854, 3602, 4854, 4867, 3602, 3602, 3421, 3601, 6590, 6589, 6532, 6591, 6590, 6592, 5783, 5804, 5803, 5771, 5783, 5765, 3409, 3551, 3550, 3736, 3733, 3735, 3733, 3683, 3682, 3682, 3648, 3681, 3648, 3678, 3681, 3648, 3647, 3678, 3647, 3674, 3678, 4266, 4299, 4268, 4299, 4302, 4268, 4302, 4303, 4304, 5423, 5337, 5382, 5337, 5259, 5382, 6010, 6009, 5970, 6009, 6006, 5970, 2869, 2933, 2867, 2867, 2933, 2923, 1708, 1707, 1705, 1705, 1707, 1706, 1706, 1719, 1704, 1719, 1730, 1542, 1543, 1523, 1524, 1532, 1534, 1522, 1517, 1534, 1533, 1520, 1538, 1521, 1855, 1797, 1793, 3178, 5080, 5079, 4822, 4878, 4722, 4677, 4675, 4673, 4659, 4668, 4667, 4668, 4701, 4704, 4702, 4691, 4728, 5755, 5750, 5856, 5856, 5750, 5833, 6527, 5755, 6529, 6527, 5747, 5755, 4691, 4729, 4728, 3421, 3416, 3391, 3391, 3394, 3393, 5803, 5804, 5805, 5804, 6726, 5805, 5804, 6727, 6726, 5815, 5768, 5812, 5812, 5768, 5767, 5768, 5765, 5767, 6743, 6744, 6727, 3409, 3570, 3551, 3570, 3737, 3551, 3737, 3736, 3735, 3672, 3733, 3736, 3672, 3683, 3733, 3682, 3683, 3648, 4303, 4477, 4335, 4335, 4477, 4495, 4477, 4494, 4495, 4494, 4496, 4495, 4598, 4603, 4496, 5242, 5998, 5994, 5994, 5998, 5988, 6007, 2908, 2907, 2933, 2765, 2923, 2515, 2500, 2518, 1542, 1571, 1540, 1571, 1556, 1540, 1622, 1734, 1732, 1540, 1546, 1527, 1543, 1532, 1523, 1535, 1536, 1519, 1519, 1536, 1520, 1536, 1537, 1520, 1537, 1538, 1520, 1538, 1529, 1521, 1529, 1539, 1573, 1797, 1798, 1792, 1792, 1798, 1823, 3147, 3128, 3127, 3119, 3116, 3117, 3119, 3120, 3116, 3120, 3121, 3116, 5247, 4898, 5277, 4878, 4720, 4722, 4714, 3985, 4721, 4036, 4679, 4677, 4679, 4675, 4677, 4673, 4672, 4674, 4672, 4665, 4674, 4668, 4658, 4701, 4701, 4691, 4702, 5842, 5752, 5881, 5750, 5754, 5833, 5833, 5753, 5842, 5754, 5753, 5833, 5747, 5750, 5755, 4729, 4854, 4728, 3603, 3421, 3602, 3603, 3568, 3421, 3421, 3568, 3416, 5763, 5783, 5792, 5783, 5803, 5792, 5765, 5783, 5763, 3412, 3409, 3394, 3412, 3570, 3409, 3672, 3736, 3729, 3646, 3648, 3683, 3648, 3645, 3647, 3684, 4266, 4265, 4299, 4301, 4302, 4301, 4303, 4302, 4494, 4598, 4496, 4598, 5452, 4603, 5337, 5244, 5259, 5207, 5289, 5242, 5289, 5998, 5242, 7071, 7051, 7131, 6009, 6007, 6006, 2860, 2907, 2908, 1621, 1622, 1620, 1623, 1622, 1621, 1539, 1621, 1573, 1539, 1623, 1621, 1546, 1524, 1527, 1543, 1534, 1532, 1544, 1534, 1543, 1538, 1539, 1529, 1758, 1855, 1734, 1823, 1837, 1831, 1831, 1837, 3147, 3128, 3119, 3117, 3121, 3179, 3178, 3178, 5081, 5080, 3179, 5081, 3178, 5086, 5247, 5277, 4886, 4878, 4822, 4897, 4886, 4822, 4720, 4721, 4722, 4720, 4714, 4721, 4714, 4036, 3985, 4667, 4665, 4659, 4659, 4658, 4668, 4701, 4658, 4691, 5753, 5752, 5842, 5747, 5745, 5750, 5745, 5754, 5750, 4691, 4717, 4729, 4717, 4724, 4729, 4724, 4854, 4729, 4724, 4867, 4854, 3568, 3559, 3416, 3416, 3415, 3391, 3391, 3395, 3394, 5792, 5803, 5802, 5803, 5805, 5802, 6726, 6723, 5805, 3742, 3737, 3741, 3729, 3736, 3737, 3712, 3672, 3729, 3672, 3646, 3683, 3646, 3645, 3648, 3647, 3632, 3674, 3632, 3630, 3674, 3629, 3631, 3630, 3631, 3684, 4265, 8089, 8085, 8060, 4475, 4477, 4303, 5244, 5206, 5259, 5203, 5205, 5206, 5998, 6010, 5988, 6009, 6008, 6007, 6008, 2908, 6007, 8012, 7540, 7500, 1706, 1730, 1719, 1542, 1730, 1571, 1556, 1546, 1540, 1622, 1758, 1734, 1855, 1799, 1797, 1837, 3148, 3147, 3144, 3179, 3121, 5080, 5082, 5086, 5082, 5247, 5086, 5411, 4897, 4898, 7506, 7507, 7377, 4675, 4672, 4673, 4658, 4655, 4691, 5756, 5897, 5752, 5749, 5754, 5745, 5749, 5753, 5754, 4655, 4717, 4691, 5743, 5749, 5745, 5740, 5747, 6527, 4717, 4694, 4724, 4867, 3609, 3603, 4724, 3609, 4867, 3559, 3415, 3416, 3391, 3396, 3395, 5812, 5767, 5766, 5766, 5765, 5761, 5767, 5765, 5766, 5761, 5765, 5763, 3413, 3412, 3394, 3413, 3598, 3412, 3412, 3598, 3570, 3729, 3737, 3742, 3731, 3670, 3729, 3729, 3670, 3712, 3670, 3672, 3712, 3670, 3644, 3672, 3644, 3646, 3672, 3632, 3629, 3630, 3684, 3685, 4266, 4266, 3685, 4299, 4300, 4301, 4299, 5332, 5244, 5337, 5203, 5206, 5244, 5204, 5207, 5205, 6010, 6008, 6009, 2527, 2505, 2526, 2549, 2722, 2522, 1709, 1707, 1708, 1556, 1548, 1546, 1524, 1545, 1543, 1545, 1544, 1543, 1553, 1554, 1534, 1534, 1554, 1533, 1797, 1799, 1798, 3120, 3144, 3121, 5270, 4898, 5247, 5270, 5411, 4898, 4714, 4710, 4036, 4710, 4679, 4036, 5749, 5746, 5753, 5746, 5752, 5753, 5733, 5745, 5747, 5733, 5732, 5745, 5732, 5743, 5745, 4694, 4697, 4724, 4697, 3609, 4724, 3609, 3614, 3559, 3614, 3415, 3559, 3415, 3396, 3391, 3395, 3414, 3394, 3394, 3414, 3413, 3414, 3726, 3413, 3726, 3598, 3413, 3598, 3727, 3741, 3727, 3740, 3741, 3740, 3742, 3741, 3740, 3731, 3742, 3644, 3645, 3646, 4301, 4475, 4303, 4477, 4478, 4494, 5204, 5240, 5207, 5240, 5289, 5207, 5998, 6014, 6010, 2959, 2908, 6008, 2605, 2604, 2765, 1707, 1714, 1706, 1714, 1730, 1706, 1730, 1572, 1571, 1624, 1622, 1623, 1624, 1623, 1539, 1622, 1759, 1758, 1549, 1535, 1533, 1550, 1536, 1535, 1552, 1538, 1537, 1538, 1552, 1539, 1855, 1856, 1799, 3148, 3150, 3128, 5081, 5082, 5080, 4886, 4720, 4878, 4676, 4672, 4675, 4661, 4659, 4665, 5751, 5756, 5752, 5746, 5748, 5752, 5743, 5746, 5749, 4655, 4694, 4717, 4697, 4718, 3609, 6541, 6543, 6540, 4849, 3614, 3609, 3614, 3396, 3415, 6346, 6588, 6549, 6585, 5766, 5769, 5763, 5792, 5762, 3739, 3740, 3727, 3724, 3671, 3731, 3671, 3670, 3731, 3670, 3669, 3644, 3632, 3647, 3645, 4476, 4301, 4300, 4494, 4597, 4598, 5432, 5423, 5452, 5204, 5205, 5203, 5240, 5998, 5289, 2910, 2908, 2959, 2870, 2871, 2869, 2757, 2722, 2549, 1709, 1710, 1707, 1888, 1709, 1887, 1710, 1714, 1707, 1624, 1625, 1622, 1625, 1759, 1622, 1548, 1547, 1546, 1547, 1545, 1546, 1545, 1524, 1546, 1544, 1553, 1534, 1536, 1551, 1537, 1555, 1595, 1539, 1758, 1856, 1855, 1798, 1828, 1823, 1828, 1837, 1823, 1828, 3148, 1837, 5082, 5088, 5247, 5247, 5088, 5270, 5270, 4896, 5411, 5411, 4896, 4897, 4896, 4886, 4897, 4886, 4857, 4720, 4720, 4719, 4714, 4857, 4719, 4720, 4719, 4710, 4714, 8129, 8412, 8411, 4710, 4709, 4679, 4709, 4675, 4679, 4672, 4660, 4665, 4660, 4661, 4665, 5739, 5748, 5746, 5731, 5746, 5743, 5731, 5739, 5746, 5732, 5731, 5743, 5740, 5724, 5733, 5724, 5732, 5733, 5732, 5724, 5731, 5740, 5742, 5724, 4718, 4849, 3609, 4849, 4846, 3614, 3614, 4846, 3623, 3623, 3622, 3396, 3622, 3548, 3396, 3396, 3548, 3395, 3548, 3530, 3395, 5766, 5761, 5769, 5762, 5796, 5787, 5787, 5796, 5790, 5796, 6725, 5790, 5796, 6724, 6725, 5761, 5763, 5762, 5792, 5796, 5762, 3530, 3414, 3395, 3530, 3600, 3414, 3600, 3726, 3414, 3720, 3727, 3726, 3720, 3739, 3727, 3739, 3724, 3740, 3671, 3669, 3670, 3629, 3684, 3631, 3685, 4300, 4299, 4476, 4475, 4301, 4475, 4478, 4477, 5432, 5452, 4598, 5432, 5331, 5423, 5331, 5332, 5423, 5202, 5204, 5203, 5240, 6001, 5998, 6011, 6008, 6010, 6011, 2959, 6008, 2934, 2814, 2933, 2933, 2814, 2765, 1549, 1550, 1535, 1536, 1550, 1551, 1551, 1552, 1537, 1552, 1555, 1539, 1799, 1802, 1798, 1802, 1828, 1798, 3155, 3144, 3120, 5081, 5083, 5082, 4659, 4657, 4658, 4654, 4655, 4658, 5744, 5751, 5748, 5739, 5744, 5748, 5724, 5713, 5731, 5724, 5721, 5713, 5723, 5721, 5724, 5742, 5723, 5724, 4693, 4697, 4694, 4846, 4849, 4718, 4718, 4683, 4846, 4847, 3623, 4846, 3623, 4848, 3622, 4847, 4848, 3623, 3622, 3625, 3548, 3548, 3617, 3530, 3625, 3617, 3548, 5769, 5761, 5757, 5762, 5787, 5759, 3617, 3600, 3530, 3725, 3726, 3600, 3725, 3720, 3726, 3724, 3739, 3720, 3720, 3709, 3724, 3709, 3671, 3724, 3671, 3668, 3669, 3669, 3667, 3644, 3644, 3643, 3645, 3642, 3643, 3644, 3643, 3632, 3645, 3629, 3634, 3684, 4481, 4494, 4478, 4481, 4597, 4494, 5332, 5210, 5244, 5331, 5210, 5332, 5210, 5203, 5244, 5202, 5240, 5204, 6001, 6019, 5998, 6019, 6014, 5998, 6014, 6012, 6010, 2814, 2609, 2765, 1712, 1710, 1709, 1730, 1729, 1572, 1572, 1556, 1571, 1554, 1549, 1533, 1759, 1856, 1758, 1856, 1803, 1799, 1799, 1803, 1802, 3144, 3169, 3179, 3187, 5083, 5081, 4886, 4896, 4857, 4709, 4692, 4675, 4657, 4654, 4658, 5734, 5744, 5739, 5712, 5739, 5731, 5712, 5734, 5739, 5731, 5713, 5712, 4655, 4653, 4694, 4653, 4693, 4694, 5722, 5721, 5723, 5721, 5696, 5713, 4697, 4693, 4718, 4693, 4683, 4718, 4683, 4847, 4846, 4707, 4847, 4683, 3622, 4848, 3625, 5769, 5757, 5813, 3625, 4848, 3617, 4848, 3725, 3617, 3617, 3725, 3600, 3725, 3715, 3720, 3715, 3709, 3720, 3709, 3702, 3671, 3668, 3667, 3669, 3634, 3685, 3684, 5210, 5201, 5203, 5201, 5202, 5203, 6012, 6011, 6010, 6013, 2959, 6011, 2959, 2918, 2910, 2528, 2527, 2529, 1710, 1715, 1714, 1714, 1729, 1730, 1596, 1624, 1595, 3155, 3169, 3144, 5088, 5290, 5270, 5270, 5290, 4896, 4692, 4676, 4675, 4676, 4660, 4672, 4654, 4653, 4655, 5696, 5712, 5713, 4653, 4663, 4693, 5719, 5721, 5722, 5696, 5698, 5697, 5719, 5714, 5721, 5714, 5696, 5721, 5714, 5698, 5696, 4683, 4706, 4707, 4707, 4713, 4847, 4713, 4848, 4847, 5785, 5790, 5795, 4848, 4858, 3725, 4858, 3715, 3725, 3715, 3713, 3709, 3713, 3702, 3709, 3702, 3668, 3671, 3667, 3642, 3644, 3662, 3642, 3667, 3685, 4479, 4300, 4479, 4476, 4300, 4476, 4478, 4475, 5430, 5432, 4597, 5432, 5324, 5331, 5239, 5240, 5202, 6012, 6013, 6011, 2970, 2959, 6013, 2970, 2918, 2959, 2527, 2526, 2533, 1715, 1729, 1714, 1628, 1759, 1625, 1574, 1548, 1556, 1562, 1545, 1547, 1545, 1558, 1544, 1558, 1553, 1544, 1559, 1554, 1553, 1554, 1557, 1549, 1557, 1550, 1549, 1552, 1569, 1555, 1555, 1596, 1595, 1759, 1860, 1856, 1803, 1813, 1802, 1813, 1814, 1802, 1802, 1829, 1828, 3166, 3155, 3153, 3167, 3169, 3155, 3169, 3187, 3179, 5083, 5088, 5082, 4892, 4857, 4896, 4719, 4709, 4710, 4660, 4659, 4661, 4660, 4657, 4659, 5728, 5744, 5734, 5712, 5726, 5734, 5696, 5705, 5712, 5697, 5705, 5696, 5698, 5699, 5697, 4693, 4663, 4683, 5698, 5700, 5699, 5725, 5716, 5719, 5716, 5714, 5719, 4706, 4713, 4707, 6583, 5814, 6586, 5813, 5741, 5814, 4713, 4858, 4848, 5813, 5757, 5741, 5757, 5758, 5741, 5759, 5760, 5758, 4858, 4790, 3715, 3714, 3713, 3715, 3643, 3633, 3632, 3632, 3634, 3629, 5239, 6001, 5240, 7051, 7049, 7073, 6019, 6015, 6014, 6015, 6012, 6014, 2525, 2530, 2532, 2530, 2524, 2539, 2550, 2755, 2757, 1713, 1710, 1712, 1626, 1625, 1624, 1572, 1574, 1556, 1548, 1563, 1547, 1559, 1557, 1554, 1802, 1814, 1829, 3152, 3166, 3153, 5083, 5089, 5088, 4857, 4855, 4719, 4719, 4715, 4709, 4715, 4692, 4709, 4652, 4653, 4654, 5726, 5728, 5734, 5712, 5705, 5726, 4653, 4662, 4663, 5697, 5706, 5705, 5699, 5706, 5697, 4663, 4680, 4683, 5714, 5700, 5698, 4683, 4680, 4706, 5716, 5715, 5714, 5725, 5717, 5716, 5717, 5715, 5716, 5725, 5727, 5717, 4680, 4705, 4706, 4706, 4705, 4713, 5814, 5741, 5727, 5760, 5785, 5764, 5785, 5795, 5764, 4790, 4858, 4713, 4713, 4705, 4790, 4705, 3718, 4790, 3718, 3715, 4790, 3718, 3714, 3715, 3714, 3666, 3713, 3666, 3702, 3713, 3666, 3668, 3702, 3663, 3668, 3666, 3663, 3662, 3668, 3642, 3640, 3643, 3640, 3633, 3643, 3633, 3634, 3632, 4593, 4597, 4481, 5430, 5324, 5432, 6001, 6018, 6019, 1736, 1572, 1729, 1626, 1628, 1625, 1592, 1574, 1572, 1574, 1568, 1548, 1563, 1562, 1547, 1562, 1561, 1545, 1561, 1558, 1545, 1558, 1559, 1553, 1557, 1565, 1550, 1566, 1567, 1551, 1551, 1567, 1552, 1567, 1569, 1552, 1860, 1803, 1856, 1828, 3154, 3151, 1829, 3154, 1828, 5088, 5158, 5290, 5158, 4896, 5290, 5372, 4892, 4896, 4892, 4855, 4857, 4855, 4715, 4719, 4657, 4656, 4654, 5711, 5728, 5726, 5705, 5711, 5726, 5699, 5707, 5706, 5715, 5703, 5700, 5717, 5718, 5715, 5727, 5718, 5717, 4680, 4681, 4705, 5727, 5741, 5718, 5741, 5737, 5718, 5741, 5758, 5737, 5758, 5760, 5737, 5737, 5760, 5764, 4681, 4725, 4705, 5795, 6728, 5738, 4705, 4725, 3718, 3714, 4639, 3666, 4639, 4638, 3666, 3666, 3664, 3663, 4638, 3664, 3666, 3660, 3642, 3662, 3634, 4479, 3685, 4480, 4478, 4476, 4625, 5430, 4597, 5324, 5200, 5210, 6015, 6013, 6012, 2918, 2917, 2910, 2947, 2934, 2871, 2538, 2541, 2546, 2934, 2931, 2814, 2931, 2815, 2814, 2610, 2609, 2814, 2954, 7879, 7878, 1713, 1715, 1710, 1888, 6786, 1713, 7802, 6786, 1888, 1715, 1736, 1729, 1548, 1568, 1563, 1561, 1560, 1558, 1559, 1564, 1557, 1565, 1551, 1550, 1765, 1860, 1759, 1860, 1813, 1803, 3169, 3182, 3187, 3182, 5083, 3187, 5158, 5372, 4896, 5372, 5369, 4892, 8775, 8852, 8563, 4855, 4856, 4715, 4716, 4686, 4692, 4692, 4686, 4676, 4656, 4650, 4654, 4654, 4650, 4652, 4651, 4662, 4653, 5707, 5711, 5705, 5706, 5707, 5705, 5701, 5702, 5699, 5703, 5704, 5701, 5720, 5703, 5715, 5720, 5704, 5703, 5718, 5720, 5715, 5737, 5720, 5718, 5737, 5704, 5720, 5738, 5710, 5704, 5737, 5764, 5704, 5764, 5738, 5704, 6728, 5735, 5738, 4725, 4681, 3718, 4681, 4639, 3718, 3718, 4639, 3714, 3660, 3662, 3661, 3660, 3641, 3642, 3641, 3640, 3642, 3633, 3635, 3634, 3635, 4482, 3634, 4482, 4479, 3634, 4479, 4480, 4476, 6015, 6016, 6013, 6016, 6024, 6013, 2883, 2871, 2878, 2539, 2538, 2546, 1736, 1592, 1572, 1628, 1765, 1759, 1565, 1566, 1551, 1569, 1570, 1555, 1570, 1596, 1555, 4715, 4716, 4692, 4686, 4684, 4676, 4676, 4684, 4660, 4684, 4657, 4660, 4647, 4656, 4657, 4652, 4651, 4653, 5711, 5729, 5736, 5707, 5729, 5711, 5707, 5730, 5729, 4662, 4664, 4663, 4663, 4664, 4680, 5702, 5730, 5707, 5701, 5708, 5702, 5702, 5708, 5730, 5704, 5710, 5701, 5701, 5709, 5708, 5710, 5709, 5701, 4664, 4681, 4680, 5735, 5709, 5710, 4700, 4640, 4639, 4640, 4638, 4639, 4638, 4640, 3664, 3664, 3661, 3663, 4480, 4481, 4478, 5200, 5201, 5210, 5199, 5202, 5201, 5212, 5239, 5202, 5212, 6002, 5239, 6002, 6001, 5239, 6002, 6018, 6001, 2968, 2970, 6024, 2968, 2918, 2970, 2947, 2871, 2883, 2947, 2931, 2934, 6787, 1717, 1713, 1716, 1715, 1713, 1626, 1629, 1628, 1629, 1765, 1628, 1560, 1559, 1558, 1814, 1830, 1829, 1821, 1830, 1814, 1829, 2985, 3154, 1830, 2985, 1829, 3172, 3166, 3171, 3167, 3170, 3169, 3170, 3182, 3169, 3182, 5089, 5083, 3182, 3183, 5089, 5089, 5090, 5088, 4893, 4856, 4892, 4856, 4855, 4892, 4747, 4686, 4716, 4650, 4651, 4652, 4662, 4698, 4664, 5709, 6769, 5708, 4698, 4681, 4664, 5709, 6753, 6769, 4698, 4699, 4681, 4681, 4699, 4639, 4699, 4700, 4639, 4700, 3665, 4640, 4640, 3665, 3664, 3665, 3655, 3664, 3655, 3660, 3661, 3633, 3636, 3635, 4482, 4480, 4479, 4625, 5307, 5430, 5307, 5324, 5430, 5200, 5199, 5201, 5199, 5212, 5202, 6018, 6017, 6015, 2917, 2918, 2968, 2904, 2882, 2917, 7569, 7499, 7504, 2535, 2529, 2531, 2555, 2533, 2532, 2954, 2690, 2957, 6786, 1717, 6787, 6785, 1717, 6786, 1717, 1716, 1713, 1716, 1736, 1715, 1627, 1629, 1626, 1564, 1565, 1557, 1860, 1815, 1813, 1813, 1815, 1814, 1815, 1821, 1814, 1830, 1875, 2985, 3168, 3170, 3167, 3170, 3183, 3182, 5090, 5158, 5088, 5090, 5145, 5158, 5145, 5283, 5158, 5158, 5283, 5372, 5372, 5283, 5369, 5369, 4893, 4892, 4856, 4768, 4715, 4715, 4768, 4716, 4686, 4687, 4684, 4684, 4647, 4657, 4650, 4649, 4651, 4651, 4649, 4662, 4649, 4711, 4662, 4698, 4773, 4699, 4792, 4700, 4699, 4792, 5550, 4700, 5550, 3665, 4700, 3640, 3637, 3633, 3637, 3636, 3633, 4498, 4482, 3635, 4484, 4578, 4480, 4578, 4481, 4480, 4578, 4593, 4481, 5307, 5200, 5324, 6021, 6017, 6018, 6017, 6020, 6016, 2572, 2766, 2550, 2550, 2766, 2755, 1736, 1609, 1592, 1592, 1605, 1574, 1579, 1561, 1562, 1587, 1564, 1559, 5283, 4893, 5369, 4893, 4894, 4856, 4894, 4885, 4856, 4885, 4768, 4856, 4768, 4747, 4716, 4644, 4649, 4650, 4772, 4773, 4711, 4772, 4774, 4773, 4773, 4792, 4699, 4774, 4792, 4773, 5550, 3658, 3665, 3658, 3656, 3665, 3655, 3665, 3656, 3652, 3660, 3655, 3660, 3652, 3641, 3641, 3637, 3640, 3637, 3638, 3636, 3636, 4498, 3635, 4498, 4483, 4482, 4483, 4480, 4482, 4578, 4625, 4593, 6020, 3846, 6016, 2904, 2917, 2940, 2532, 2540, 2555, 1720, 1716, 1717, 1627, 1672, 1629, 1609, 1605, 1592, 1605, 1568, 1574, 1563, 1579, 1562, 1569, 1593, 1570, 1860, 1877, 1815, 1815, 1835, 1821, 3175, 3184, 3170, 3184, 3183, 3170, 3183, 5090, 5089, 4791, 4769, 4768, 4769, 4747, 4768, 4747, 4687, 4686, 4687, 4685, 4684, 4684, 4685, 4647, 4647, 4650, 4656, 4647, 4644, 4650, 4644, 4645, 4649, 4645, 4711, 4649, 4645, 4772, 4711, 4772, 3708, 4774, 4774, 3673, 4792, 4792, 3673, 5550, 3656, 3654, 3655, 3654, 3653, 3655, 3653, 3652, 3655, 3652, 3650, 3641, 3638, 4498, 3636, 5431, 4625, 4578, 4625, 5323, 5307, 5307, 5198, 5200, 5198, 5199, 5200, 6003, 6002, 5212, 6021, 6022, 6017, 7207, 7188, 7050, 7569, 7555, 7499, 2535, 2558, 2559, 2535, 2557, 2558, 2557, 2533, 2556, 2553, 2548, 2552, 2707, 2694, 2710, 6785, 1720, 1717, 1673, 1672, 1627, 1593, 1627, 1570, 1672, 1765, 1629, 1568, 1581, 1563, 1579, 1582, 1561, 1561, 1582, 1560, 1587, 1589, 1564, 1589, 1565, 1564, 1565, 1590, 1566, 1590, 1567, 1566, 1765, 1766, 1860, 5145, 5146, 5283, 7339, 7258, 7341, 4893, 5352, 4894, 8775, 8584, 7509, 4747, 4745, 4687, 4745, 4744, 4687, 4647, 4646, 4644, 4645, 3701, 4772, 3701, 3708, 4772, 3708, 3695, 4774, 4774, 3695, 3673, 3659, 3657, 3658, 3657, 3656, 3658, 3653, 3650, 3652, 3650, 3649, 3641, 3649, 3637, 3641, 3639, 3638, 3637, 5548, 4498, 3638, 5431, 5323, 4625, 5323, 5196, 5307, 5196, 5198, 5307, 5198, 5197, 5199, 5213, 5212, 5199, 6003, 6026, 6002, 6025, 6021, 6002, 3846, 2940, 2968, 2904, 2905, 2903, 2948, 2883, 2903, 2947, 2939, 2931, 2939, 2815, 2931, 6784, 1720, 6785, 1720, 1721, 1716, 1656, 1605, 1609, 1581, 1580, 1563, 1580, 1579, 1563, 1560, 1582, 1559, 1582, 1583, 1559, 1583, 1587, 1559, 1589, 1590, 1565, 1567, 1591, 1569, 1591, 1593, 1569, 1766, 1877, 1860, 1877, 1836, 1815, 1859, 1875, 1830, 1875, 1876, 2985, 2985, 2984, 3172, 3175, 3185, 3184, 3185, 3183, 3184, 3183, 3192, 5090, 5283, 5146, 4893, 5146, 5352, 4893, 4791, 4768, 4885, 4685, 4689, 4647, 3701, 3696, 3708, 3708, 3696, 3695, 3695, 3659, 3673, 3673, 3659, 3658, 3649, 3639, 3637, 3639, 5548, 3638, 4580, 4498, 5548, 4484, 4480, 4483, 5197, 5213, 5199, 5213, 6004, 5212, 6004, 6003, 5212, 6026, 6025, 6002, 6023, 6020, 6022, 2559, 2558, 2560, 6780, 1720, 6784, 1721, 1736, 1716, 1605, 1581, 1568, 1590, 1591, 1567, 1836, 1835, 1815, 1821, 1835, 1830, 1835, 1859, 1830, 1876, 2984, 2985, 3185, 3192, 3183, 5143, 5145, 5090, 4889, 4885, 4894, 4889, 4791, 4885, 4900, 4889, 4894, 4791, 4746, 4769, 4746, 4747, 4769, 4746, 4745, 4747, 4744, 4688, 4687, 4687, 4688, 4685, 4689, 4646, 4647, 3707, 3701, 4645, 3707, 3699, 3701, 3701, 3699, 3696, 3696, 3659, 3695, 3654, 3650, 3653, 3657, 3650, 3654, 3651, 3649, 3650, 4580, 4486, 4498, 4498, 4486, 4483, 4486, 4485, 4483, 4485, 4484, 4483, 4484, 4607, 4578, 5322, 5323, 5431, 5195, 5196, 5323, 6025, 6022, 6021, 3845, 3846, 6023, 2955, 2940, 3846, 2903, 2905, 2906, 2906, 2948, 2903, 2553, 2552, 2562, 2552, 2554, 2563, 2573, 2564, 2574, 6780, 1723, 1720, 1723, 1721, 1720, 1736, 1721, 1757, 1580, 1585, 1579, 1591, 1594, 1593, 1859, 1876, 1875, 3192, 5143, 5090, 5143, 5146, 5145, 5146, 5328, 5352, 5328, 4894, 5352, 5328, 4900, 4894, 4746, 4744, 4745, 4688, 4689, 4685, 4643, 4644, 4646, 4643, 3707, 4644, 3707, 4645, 4644, 3707, 3723, 3699, 3699, 3697, 3696, 3697, 3659, 3696, 3657, 3686, 3650, 3686, 3651, 3650, 3649, 4588, 3639, 4588, 5548, 3639, 4588, 4580, 5548, 5431, 4578, 4607, 5322, 5195, 5323, 6004, 6026, 6003, 3845, 2955, 3846, 2906, 2905, 2909, 2626, 2767, 2766, 6781, 1723, 6780, 1757, 1609, 1736, 1656, 1606, 1605, 1585, 1584, 1579, 1579, 1584, 1582, 1582, 1584, 1583, 1588, 1589, 1587, 1847, 1835, 1836, 1848, 1859, 1835, 3177, 3210, 3185, 3185, 3195, 3192, 3192, 3197, 5143, 4899, 4889, 4900, 4746, 4748, 4744, 4744, 4749, 4688, 4642, 3723, 3707, 3697, 3693, 3659, 3693, 3691, 3659, 3691, 3657, 3659, 3689, 3657, 3691, 3686, 3657, 3689, 3687, 3651, 3686, 4588, 4487, 4580, 4485, 4607, 4484, 5438, 5431, 4607, 5196, 5197, 5198, 5194, 5197, 5196, 5214, 5213, 5197, 6027, 6022, 6025, 2940, 2919, 2909, 2560, 2568, 2569, 2560, 2556, 2568, 2555, 2566, 2556, 2947, 2944, 2939, 2818, 2939, 2944, 7881, 7882, 7880, 1724, 1721, 1723, 6780, 6782, 6781, 1757, 1656, 1609, 1674, 1593, 1594, 1606, 1581, 1605, 1581, 1586, 1580, 1585, 1580, 1586, 1583, 1588, 1587, 1847, 1848, 1835, 1876, 1889, 2984, 2984, 3213, 3174, 3210, 3195, 3185, 3197, 5144, 5143, 5143, 5144, 5146, 5328, 5281, 4900, 5146, 5281, 5328, 4889, 4746, 4791, 4748, 4749, 4744, 4690, 4689, 4688, 4689, 4643, 4646, 4642, 4648, 3723, 3723, 4648, 3722, 5547, 3698, 3722, 4648, 5547, 3722, 4648, 3693, 5547, 3693, 3698, 5547, 3693, 3697, 3698, 3693, 3694, 3691, 3694, 3692, 3691, 3691, 3690, 3689, 3690, 3688, 3689, 3688, 3686, 3689, 3651, 4581, 3649, 4581, 4588, 3649, 4487, 4486, 4580, 4487, 4485, 4486, 4485, 4609, 4607, 5322, 5192, 5195, 5192, 5194, 5195, 5195, 5194, 5196, 6027, 6023, 6022, 3844, 3845, 6023, 2919, 2940, 2955, 2944, 2947, 2948, 2559, 2570, 2571, 2566, 2565, 2567, 6781, 1724, 1723, 1757, 1657, 1656, 1673, 1675, 1672, 1674, 1675, 1673, 1657, 1606, 1656, 1675, 1766, 1765, 1672, 1675, 1765, 1598, 1590, 1589, 1675, 1874, 1766, 1766, 1874, 1877, 1877, 1847, 1836, 3195, 3197, 3192, 5144, 5147, 5146, 5281, 5361, 4900, 5361, 4899, 4900, 4899, 4901, 4889, 4901, 4837, 4889, 4837, 4746, 4889, 4749, 4752, 4688, 4752, 4690, 4688, 4690, 4643, 4689, 4643, 4641, 3707, 4641, 4642, 3707, 4642, 3717, 4648, 4648, 3705, 3693, 3705, 3704, 3693, 3704, 3694, 3693, 3692, 3690, 3691, 3700, 3651, 3687, 4585, 4581, 3651, 4581, 4487, 4588, 5438, 4607, 4609, 5322, 5431, 5438, 5194, 5214, 5197, 5213, 6005, 6004, 6004, 6034, 6026, 6029, 3844, 6027, 3844, 2966, 3845, 2966, 2955, 3845, 2919, 2906, 2909, 2570, 2560, 2569, 6782, 1724, 6781, 1724, 1725, 1721, 1602, 1584, 1585, 1602, 1603, 1584, 1603, 1583, 1584, 1588, 1600, 1589, 1600, 1598, 1589, 1877, 1890, 1847, 1889, 2983, 2984, 3176, 3233, 3210, 3210, 3209, 3195, 5147, 5281, 5146, 4837, 4748, 4746, 4837, 4750, 4748, 4750, 4749, 4748, 4750, 4751, 4749, 8142, 8582, 8405, 4751, 4752, 4749, 4641, 3717, 4642, 3717, 3705, 4648, 3704, 3692, 3694, 3700, 3687, 3688, 3700, 4585, 3651, 4585, 4490, 4581, 4490, 4487, 4581, 4487, 4488, 4485, 4488, 4609, 4485, 5438, 5314, 5322, 5314, 5309, 5322, 5309, 5192, 5322, 5214, 6005, 5213, 6005, 6034, 6004, 6034, 6031, 6026, 6031, 6025, 6026, 6029, 3843, 3844, 3843, 2966, 3844, 2961, 2919, 2955, 2920, 2944, 2948, 7555, 7990, 7498, 2564, 2614, 2574, 2723, 2716, 2714, 6783, 1724, 6782, 1725, 1757, 1721, 1738, 1606, 1657, 1586, 1660, 1585, 1662, 1602, 1585, 1603, 1588, 1583, 1597, 1590, 1598, 1597, 1591, 1590, 1597, 1599, 1591, 1599, 1604, 1591, 1604, 1594, 1591, 1890, 1877, 1874, 3195, 3198, 3197, 3197, 3199, 5144, 4837, 4836, 4750, 4752, 4753, 4690, 4641, 3721, 3717, 3721, 3716, 3717, 3716, 3705, 3717, 3705, 3703, 3704, 3704, 3703, 3692, 3703, 3690, 3692, 3688, 3690, 3700, 4584, 4585, 3700, 4489, 4487, 4490, 4489, 4488, 4487, 5439, 5438, 4609, 5194, 5215, 5214, 7072, 7043, 7150, 2920, 2945, 2944, 2767, 2626, 2614, 1660, 1662, 1585, 1601, 1600, 1588, 1675, 1879, 1874, 1659, 1586, 1581, 1604, 1607, 1594, 1879, 1890, 1874, 1890, 1871, 1847, 1859, 1889, 1876, 3209, 3198, 3195, 3198, 3199, 3197, 3199, 5148, 5144, 5148, 5147, 5144, 5281, 5280, 5361, 5362, 4899, 5361, 5362, 4901, 4899, 4750, 4786, 4751, 4751, 4753, 4752, 4690, 4781, 4643, 4753, 4781, 4690, 4781, 4641, 4643, 4823, 3744, 3721, 3744, 3716, 3721, 3716, 3711, 3705, 3711, 3703, 3705, 3711, 3710, 3703, 3690, 5549, 3700, 5549, 4584, 3700, 4584, 4490, 4585, 4614, 5439, 4609, 5193, 5194, 5192, 5193, 5215, 5194, 5215, 6005, 5214, 3842, 2966, 3843, 2569, 2568, 2582, 6783, 1726, 1724, 1724, 1726, 1725, 1757, 1853, 1657, 1853, 1738, 1657, 1674, 1676, 1675, 1737, 1666, 1606, 1606, 1666, 1581, 1586, 1659, 1660, 1603, 1601, 1588, 1847, 1870, 1848, 1870, 1859, 1848, 5147, 5150, 5281, 5150, 5280, 5281, 5280, 5362, 5361, 5362, 5370, 4901, 4901, 4836, 4837, 4750, 4836, 4786, 4781, 4787, 4641, 4787, 3721, 4641, 3703, 3706, 3690, 3710, 3706, 3703, 3706, 4587, 3690, 4587, 4586, 3690, 3690, 4586, 5549, 4586, 4579, 5549, 4579, 4584, 5549, 4579, 4492, 4584, 4492, 4490, 4584, 4489, 4614, 4488, 5310, 5314, 5438, 5190, 5189, 5192, 5189, 5193, 5192, 2920, 2919, 2941, 2738, 2723, 2739, 1676, 1879, 1675, 1597, 1671, 1599, 1671, 1604, 1599, 1871, 1870, 1847, 1870, 1889, 1859, 1889, 1893, 2983, 1893, 2982, 2983, 3198, 3200, 3199, 3200, 5148, 3199, 3200, 5149, 5148, 5149, 5147, 5148, 5149, 5150, 5147, 7325, 7324, 7249, 4836, 4783, 4786, 4783, 4753, 4786, 4783, 4782, 4753, 4782, 4781, 4753, 4788, 3721, 4787, 3721, 4817, 4823, 4825, 3744, 4823, 4817, 4825, 4823, 4825, 3743, 3744, 4829, 3711, 3743, 3711, 3706, 3710, 4492, 4491, 4490, 4490, 4491, 4489, 5311, 5310, 5439, 5310, 5190, 5314, 5314, 5190, 5309, 5245, 5215, 5193, 3808, 6005, 5215, 3808, 6034, 6005, 6034, 6028, 6031, 6030, 6029, 6028, 2582, 2568, 2584, 2564, 2587, 2613, 6788, 1726, 6783, 1727, 1726, 6788, 1725, 1853, 1757, 1738, 1737, 1606, 1674, 1607, 1676, 1666, 1659, 1581, 1662, 1661, 1602, 1661, 1603, 1602, 1661, 1601, 1603, 1668, 1667, 1600, 1600, 1667, 1598, 1667, 1669, 1598, 1669, 1597, 1598, 1895, 1871, 1890, 3233, 3234, 3209, 3209, 3201, 3198, 5150, 5279, 5280, 5362, 5279, 5370, 4911, 4836, 4901, 4836, 4866, 4783, 4785, 4781, 4782, 4785, 4787, 4781, 4788, 4817, 3721, 4817, 4826, 4825, 4826, 4829, 4825, 4829, 3743, 4825, 4829, 4831, 3711, 4831, 3706, 3711, 4831, 4587, 3706, 4587, 4493, 4586, 4586, 4493, 4579, 4493, 4492, 4579, 4491, 4612, 4489, 4612, 4614, 4489, 5412, 5439, 4614, 5189, 5245, 5193, 5245, 3808, 5215, 2942, 2964, 2920, 2945, 2823, 2944, 2835, 2767, 2614, 1726, 1727, 1725, 1727, 1728, 1725, 1728, 1853, 1725, 1738, 1739, 1737, 1663, 1661, 1662, 1601, 1668, 1600, 1669, 1671, 1597, 1879, 1891, 1890, 1891, 1895, 1890, 3202, 3200, 3201, 3200, 5151, 5149, 5279, 5362, 5280, 5370, 4911, 4901, 4866, 4836, 4911, 4866, 4784, 4783, 4783, 4784, 4782, 4784, 4785, 4782, 4826, 4828, 4829, 4828, 4830, 4829, 4830, 4831, 4829, 4830, 4832, 4831, 4832, 4587, 4831, 4832, 4589, 4587, 4589, 4493, 4587, 4493, 4491, 4492, 4615, 4612, 4491, 5412, 4614, 4612, 5311, 5191, 5310, 5191, 5190, 5310, 5191, 5188, 5190, 5188, 5189, 5190, 3801, 3808, 5245, 3806, 6034, 3808, 6032, 6030, 6028, 2966, 703, 2961, 2835, 2613, 2830, 2946, 2767, 2835, 1676, 1880, 1879, 1664, 1660, 1659, 1745, 1601, 1661, 1745, 1746, 1601, 1601, 1747, 1668, 1871, 687, 1870, 1870, 1893, 1889, 5151, 5150, 5149, 5150, 5153, 5279, 5279, 5358, 5370, 5358, 4911, 5370, 4923, 4866, 4911, 4866, 4907, 4784, 4784, 4824, 4785, 4785, 4788, 4787, 4785, 4789, 4788, 4789, 4835, 4788, 4788, 4838, 4817, 4827, 4826, 4817, 4827, 4828, 4826, 4830, 4833, 4832, 4833, 4589, 4832, 4615, 4491, 4493, 5415, 4612, 4615, 5311, 5286, 5191, 5189, 5246, 5245, 6033, 6030, 6032, 6033, 3830, 6030, 3830, 3842, 6030, 2963, 2945, 2964, 2584, 2567, 232, 2613, 2587, 255, 2824, 2823, 2825, 1751, 1728, 1727, 1853, 1739, 1738, 1881, 1880, 1676, 1737, 1748, 1666, 1746, 1747, 1601, 1668, 1747, 1667, 1667, 1742, 1669, 1742, 1743, 1669, 1743, 1671, 1669, 1880, 1891, 1879, 1666, 1670, 1659, 1664, 1662, 1660, 1664, 1663, 1662, 1744, 1750, 1671, 1671, 1750, 1604, 1750, 1607, 1604, 1897, 687, 1871, 3218, 3202, 3201, 3202, 3203, 3200, 3203, 5151, 3200, 5151, 5152, 5150, 5153, 5160, 5279, 5160, 5358, 5279, 4907, 4866, 4923, 4907, 4824, 4784, 4785, 4824, 4789, 4835, 4838, 4788, 4838, 4840, 4827, 4840, 4828, 4827, 4828, 4840, 4830, 4840, 4833, 4830, 4840, 4844, 4833, 4833, 4844, 4589, 4493, 4879, 4615, 5421, 5414, 4615, 5308, 5286, 5412, 5183, 5191, 5286, 5183, 5188, 5191, 5187, 5189, 5188, 5187, 5246, 5189, 5246, 3801, 5245, 3801, 3800, 3808, 3803, 6032, 3806, 3803, 6033, 6032, 3830, 703, 3842, 703, 2966, 3842, 2584, 232, 233, 1761, 1751, 1727, 1751, 1752, 1728, 1752, 1853, 1728, 1739, 1748, 1737, 1743, 1744, 1671, 1670, 1665, 1659, 1663, 1745, 1661, 687, 686, 1870, 686, 1893, 1870, 1893, 2981, 2982, 5152, 5153, 5150, 5358, 5355, 4911, 5355, 4923, 4911, 4919, 4824, 4907, 4789, 4859, 4835, 4824, 4859, 4789, 4859, 4839, 4835, 4835, 4839, 4838, 4839, 4840, 4838, 4839, 4841, 4840, 4841, 4842, 4840, 4842, 4844, 4840, 4842, 4589, 4844, 4589, 4879, 4493, 5421, 4615, 4879, 5308, 5181, 5286, 5181, 5183, 5286, 5271, 3801, 5246, 3803, 3807, 6033, 232, 2567, 239, 255, 2587, 252, 698, 2768, 2946, 6790, 1751, 1761, 1882, 1891, 1880, 1748, 1670, 1666, 1665, 1664, 1659, 1747, 1742, 1667, 1891, 1898, 1895, 3218, 3204, 3202, 3204, 3203, 3202, 3203, 5152, 5151, 5153, 5156, 5160, 5159, 5358, 5160, 5159, 5355, 5358, 4923, 5355, 4907, 5355, 4919, 4907, 4919, 4859, 4824, 8783, 7472, 7473, 4859, 4845, 4839, 4845, 4841, 4839, 4845, 4843, 4841, 4841, 4843, 4842, 4843, 4869, 4842, 4869, 4879, 4842, 4842, 4879, 4589, 5318, 5308, 5415, 5183, 5187, 5188, 5187, 5271, 5246, 3802, 3801, 5271, 3798, 3803, 3800, 3804, 3807, 3803, 692, 703, 3830, 626, 703, 691, 627, 696, 626, 2827, 2826, 2963, 1753, 1751, 6790, 1753, 1752, 1751, 1749, 1748, 1739, 1898, 1891, 1894, 710, 1897, 1871, 1895, 710, 1871, 710, 687, 1897, 686, 689, 1893, 1893, 689, 2981, 3204, 3206, 3203, 3206, 3207, 3203, 5152, 5154, 5153, 5156, 5159, 5160, 5159, 5353, 5355, 5355, 5354, 4919, 4859, 4884, 4845, 4884, 4870, 4845, 4870, 4843, 4845, 4870, 4881, 4843, 4881, 4869, 4843, 4869, 4914, 4879, 5421, 4879, 5420, 5335, 5414, 5421, 5414, 5318, 5415, 5318, 5293, 5308, 5293, 5181, 5308, 3805, 3830, 3807, 3805, 692, 3830, 7163, 7136, 7046, 2830, 255, 259, 2830, 259, 671, 2830, 671, 2835, 2946, 2835, 671, 671, 698, 2946, 1752, 1854, 1853, 1853, 1854, 1739, 1854, 1749, 1739, 1881, 1882, 1880, 1883, 1882, 1881, 1894, 1891, 1882, 1866, 653, 1670, 653, 1665, 1670, 643, 1742, 1747, 1861, 1745, 1663, 1858, 1750, 1744, 1898, 710, 1895, 5154, 5155, 5153, 5155, 5156, 5153, 5159, 5161, 5353, 5353, 5354, 5355, 7473, 7398, 7397, 5354, 5429, 4919, 5429, 4859, 4919, 5420, 4879, 4914, 5420, 5335, 5421, 5335, 5319, 5414, 5319, 5318, 5414, 5181, 5182, 5183, 5180, 5182, 5181, 5182, 5186, 5183, 5183, 5186, 5187, 5186, 5271, 5187, 3774, 3802, 5271, 3802, 3779, 3801, 3779, 3800, 3801, 365, 2768, 698, 2745, 2768, 2754, 1749, 660, 1748, 1882, 1884, 1894, 660, 1670, 1748, 1861, 654, 1745, 654, 1746, 1745, 1746, 655, 1747, 655, 643, 1747, 643, 644, 1742, 1742, 644, 1743, 644, 1744, 1743, 1664, 650, 1663, 650, 1861, 1663, 1857, 1858, 1744, 1858, 1868, 1750, 685, 686, 687, 669, 689, 686, 2981, 659, 2980, 689, 659, 2981, 3206, 3208, 3207, 3207, 5154, 5152, 3207, 3841, 5154, 5156, 5157, 5159, 5157, 5161, 5159, 5161, 5354, 5353, 5354, 5376, 5429, 4920, 4859, 5429, 4920, 4884, 4859, 4925, 4884, 4920, 4925, 4870, 4884, 4925, 4927, 4870, 4927, 4881, 4870, 4926, 4881, 4927, 4926, 4913, 4881, 4881, 4913, 4869, 4913, 4914, 4869, 5319, 5293, 5318, 3774, 3779, 3802, 614, 626, 691, 627, 705, 697, 705, 711, 697, 233, 230, 234, 233, 232, 230, 1754, 1752, 1753, 1754, 1755, 1752, 1755, 1854, 1752, 664, 660, 1749, 660, 1866, 1670, 654, 655, 1746, 1857, 1744, 644, 652, 1664, 1665, 685, 687, 710, 669, 686, 685, 2979, 2988, 2980, 3206, 3220, 3208, 3208, 3841, 3207, 3841, 5155, 5154, 5155, 5157, 5156, 5161, 5282, 5354, 5282, 5376, 5354, 5376, 4920, 5429, 4914, 5344, 5420, 5344, 5335, 5420, 5181, 5293, 5178, 5178, 5180, 5181, 5186, 3774, 5271, 627, 626, 615, 615, 705, 627, 7997, 7996, 7489, 238, 237, 228, 230, 232, 231, 708, 702, 2963, 2963, 702, 2827, 671, 259, 256, 1854, 1878, 1749, 1883, 1884, 1882, 1878, 664, 1749, 653, 652, 1665, 651, 1664, 652, 1867, 1868, 1858, 2980, 658, 2979, 659, 658, 2980, 3231, 3220, 3206, 3841, 3839, 5155, 3839, 5157, 5155, 5163, 5282, 5161, 5398, 4920, 5376, 5398, 5357, 4920, 4920, 5357, 4925, 5357, 5356, 4925, 5356, 4927, 4925, 4927, 5356, 4926, 5356, 5295, 4926, 4926, 5295, 4913, 4913, 5295, 4914, 5295, 5344, 4914, 5344, 5294, 5335, 5294, 5319, 5335, 5319, 5294, 5293, 5294, 5178, 5293, 5179, 5180, 5178, 5180, 5249, 5182, 5249, 5186, 5182, 5186, 3780, 3774, 3781, 3798, 3779, 672, 3805, 3799, 672, 692, 3805, 228, 237, 229, 229, 236, 235, 237, 236, 229, 246, 258, 248, 2943, 2827, 702, 2829, 2768, 365, 1756, 1755, 1754, 1884, 1896, 1894, 651, 650, 1664, 650, 649, 1861, 1861, 649, 654, 655, 642, 643, 643, 514, 644, 1896, 1898, 1894, 1898, 1896, 710, 709, 670, 710, 710, 670, 685, 670, 669, 685, 669, 659, 689, 3220, 3848, 3208, 3840, 3841, 3208, 3840, 3839, 3841, 5157, 5162, 5161, 5162, 5163, 5161, 5163, 5164, 5282, 5282, 5398, 5376, 5275, 5357, 5398, 5295, 5294, 5344, 5177, 5179, 5178, 3762, 3774, 3780, 3760, 3779, 3761, 3796, 672, 3799, 704, 705, 615, 231, 239, 240, 239, 241, 240, 241, 243, 244, 256, 255, 249, 671, 676, 698, 676, 365, 698, 2829, 365, 364, 1755, 1863, 1854, 1863, 1878, 1854, 1885, 1884, 1883, 1886, 1896, 1884, 660, 523, 1866, 523, 653, 1866, 515, 642, 654, 654, 642, 655, 642, 522, 643, 522, 514, 643, 1857, 1867, 1858, 513, 1868, 1867, 658, 2977, 2978, 5162, 5164, 5163, 5282, 5275, 5398, 5275, 5273, 5357, 5357, 5273, 5356, 5273, 5274, 5356, 5356, 5274, 5295, 5274, 5272, 5295, 5272, 5176, 5295, 5295, 5176, 5294, 5178, 5294, 5176, 5176, 5177, 5178, 5185, 5180, 5179, 5249, 3780, 5186, 3762, 3761, 3774, 3760, 3781, 3779, 615, 614, 608, 704, 701, 705, 246, 248, 244, 6791, 1862, 1756, 6792, 1862, 6791, 1862, 1755, 1756, 1885, 1886, 1884, 664, 633, 660, 649, 515, 654, 644, 512, 1857, 513, 1885, 1868, 670, 656, 669, 657, 659, 669, 3237, 3855, 3220, 3855, 3848, 3220, 3848, 3847, 3840, 3840, 3838, 3839, 3838, 3837, 3839, 3839, 3837, 5157, 3837, 5162, 5157, 5164, 5166, 5282, 5166, 5275, 5282, 5166, 5273, 5275, 5172, 5175, 5176, 5175, 5177, 5176, 5177, 5185, 5179, 5249, 3775, 3780, 3754, 3762, 3780, 3762, 3759, 3761, 3795, 3796, 3797, 629, 672, 628, 602, 609, 629, 609, 614, 629, 608, 614, 609, 615, 699, 704, 247, 228, 225, 230, 207, 234, 230, 231, 207, 256, 249, 251, 671, 256, 251, 251, 674, 671, 694, 664, 1878, 694, 633, 664, 519, 651, 652, 651, 517, 650, 517, 516, 650, 650, 516, 649, 514, 512, 644, 512, 1867, 1857, 653, 519, 652, 520, 519, 653, 707, 710, 1896, 707, 709, 710, 656, 657, 669, 658, 659, 657, 640, 658, 657, 3847, 3838, 3840, 5162, 5165, 5164, 5165, 5166, 5164, 5166, 5171, 5273, 5171, 5274, 5273, 5171, 5272, 5274, 5171, 5172, 5272, 5272, 5172, 5176, 5175, 5184, 5177, 5184, 5185, 5177, 5185, 3775, 5249, 3775, 3754, 3780, 3794, 672, 3796, 608, 699, 615, 241, 244, 204, 251, 249, 219, 245, 251, 219, 681, 702, 701, 1862, 1863, 1755, 683, 694, 1878, 513, 547, 1885, 532, 523, 660, 516, 515, 649, 521, 522, 642, 512, 513, 1867, 520, 653, 523, 519, 517, 651, 515, 521, 642, 512, 510, 513, 709, 693, 670, 693, 656, 670, 656, 640, 657, 658, 637, 2977, 2977, 637, 2976, 2994, 3855, 3237, 3838, 3836, 3837, 3836, 3833, 3837, 3837, 3833, 5162, 5165, 5167, 5166, 5167, 5168, 5166, 5168, 5171, 5166, 5169, 5173, 5171, 5171, 5173, 5172, 5173, 5174, 5172, 5172, 5174, 5175, 5185, 3778, 3775, 3748, 3762, 3754, 3758, 3794, 3795, 623, 672, 3794, 608, 609, 602, 678, 704, 699, 229, 235, 208, 235, 234, 207, 207, 231, 206, 231, 240, 206, 244, 248, 211, 248, 712, 211, 704, 635, 701, 219, 225, 198, 225, 210, 198, 225, 228, 210, 210, 228, 229, 635, 681, 701, 276, 674, 251, 350, 364, 362, 1864, 1863, 1862, 1863, 683, 1878, 547, 1886, 1885, 548, 1896, 1886, 633, 532, 660, 548, 707, 1896, 511, 513, 510, 700, 709, 707, 641, 640, 656, 2976, 2975, 2995, 637, 2975, 2976, 3847, 3836, 3838, 3833, 3829, 5162, 3829, 5170, 5162, 5162, 5170, 5165, 5168, 5169, 5171, 7245, 7242, 7241, 5174, 3818, 5175, 5175, 3818, 5184, 3818, 3778, 5185, 3782, 3794, 3758, 3831, 623, 3794, 672, 623, 624, 624, 628, 672, 602, 628, 624, 603, 608, 602, 699, 608, 603, 229, 208, 210, 235, 207, 208, 240, 204, 203, 244, 211, 204, 678, 635, 704, 251, 245, 276, 681, 383, 712, 1865, 1863, 1864, 547, 548, 1886, 548, 700, 707, 532, 505, 523, 523, 505, 520, 500, 518, 519, 518, 517, 519, 517, 478, 516, 474, 503, 522, 503, 514, 522, 514, 503, 512, 503, 510, 512, 511, 645, 513, 641, 656, 693, 639, 640, 641, 607, 658, 640, 607, 637, 658, 636, 637, 607, 637, 638, 2975, 3836, 3834, 3833, 5170, 5167, 5165, 5167, 5169, 5168, 3818, 3776, 3778, 3778, 3753, 3775, 3753, 3754, 3775, 3745, 3758, 3748, 623, 588, 624, 624, 588, 602, 210, 197, 198, 206, 203, 205, 204, 211, 209, 219, 198, 213, 245, 219, 213, 276, 675, 674, 681, 635, 383, 675, 676, 674, 7894, 7895, 7893, 350, 362, 351, 6792, 1865, 1864, 683, 1863, 647, 547, 546, 548, 537, 532, 633, 505, 504, 520, 520, 500, 519, 472, 478, 517, 516, 478, 515, 521, 474, 522, 518, 472, 517, 639, 607, 640, 636, 638, 637, 3834, 3828, 3833, 3828, 3829, 3833, 3829, 3827, 5170, 3827, 5167, 5170, 5173, 3819, 5174, 3819, 3818, 5174, 3777, 3776, 3818, 3776, 3753, 3778, 3753, 3749, 3754, 3749, 3747, 3748, 3746, 3782, 3758, 613, 3831, 3782, 587, 602, 588, 603, 602, 587, 208, 207, 196, 209, 211, 212, 211, 254, 212, 678, 380, 635, 368, 675, 276, 351, 362, 676, 349, 350, 346, 646, 1863, 1865, 646, 647, 1863, 682, 694, 683, 537, 633, 694, 546, 700, 548, 537, 508, 532, 545, 547, 645, 508, 505, 532, 477, 515, 478, 504, 500, 520, 476, 474, 521, 479, 511, 510, 684, 693, 709, 693, 605, 641, 605, 639, 641, 636, 632, 638, 638, 632, 2975, 2975, 632, 2974, 2996, 3854, 3851, 3851, 3854, 3834, 3834, 3835, 3828, 3828, 3827, 3829, 3828, 3826, 3827, 3822, 5167, 3827, 5167, 3817, 5169, 3822, 3817, 5167, 3817, 5173, 5169, 3815, 3819, 5173, 3819, 3777, 3818, 3757, 3776, 3777, 623, 3831, 613, 613, 586, 623, 580, 586, 613, 586, 588, 623, 587, 588, 586, 587, 699, 603, 8009, 7581, 7475, 213, 198, 179, 196, 207, 199, 199, 206, 201, 207, 206, 199, 206, 205, 201, 245, 213, 220, 253, 245, 220, 276, 245, 253, 253, 368, 276, 383, 635, 380, 6792, 6793, 1865, 545, 546, 547, 545, 544, 546, 546, 544, 700, 477, 476, 515, 476, 521, 515, 479, 510, 503, 700, 684, 709, 606, 636, 607, 2974, 632, 2973, 3826, 3822, 3827, 3817, 3815, 5173, 3815, 3773, 3819, 3773, 3777, 3819, 620, 613, 3746, 585, 587, 586, 585, 680, 587, 680, 699, 587, 680, 678, 699, 213, 179, 214, 198, 197, 179, 201, 205, 202, 203, 195, 180, 677, 380, 678, 382, 383, 380, 349, 346, 347, 648, 646, 1865, 647, 682, 683, 682, 537, 694, 634, 508, 537, 544, 684, 700, 507, 505, 508, 504, 501, 500, 500, 472, 518, 511, 481, 645, 667, 605, 693, 605, 607, 639, 605, 606, 607, 594, 632, 636, 2973, 632, 2971, 2971, 2993, 2973, 3850, 3853, 3835, 3835, 3826, 3828, 3835, 3832, 3826, 3826, 3825, 3822, 3825, 3820, 3822, 3820, 3814, 3822, 3814, 3817, 3822, 3786, 3815, 3817, 3786, 3783, 3815, 3815, 3783, 3773, 3767, 3757, 3773, 3756, 3751, 3757, 3752, 3772, 3747, 680, 673, 678, 201, 202, 184, 195, 209, 185, 179, 197, 178, 197, 196, 178, 209, 212, 185, 648, 525, 646, 530, 682, 647, 665, 537, 682, 543, 544, 545, 505, 461, 504, 461, 501, 504, 474, 479, 503, 474, 475, 479, 479, 481, 511, 684, 667, 693, 606, 594, 636, 632, 616, 2971, 2972, 2990, 2971, 3832, 3825, 3826, 3814, 3793, 3817, 3793, 3786, 3817, 3783, 3767, 3773, 3764, 3756, 3767, 3823, 601, 3772, 601, 3746, 3772, 601, 620, 3746, 585, 586, 580, 178, 196, 177, 202, 180, 184, 212, 254, 187, 673, 677, 678, 215, 220, 190, 220, 214, 190, 335, 351, 345, 679, 347, 336, 336, 346, 335, 347, 346, 336, 346, 351, 335, 542, 525, 648, 530, 647, 646, 530, 665, 682, 536, 665, 530, 665, 634, 537, 499, 684, 544, 543, 499, 544, 469, 505, 507, 460, 472, 500, 473, 476, 477, 469, 461, 505, 501, 460, 500, 471, 472, 460, 472, 430, 478, 430, 473, 478, 475, 480, 479, 604, 606, 605, 604, 594, 606, 616, 632, 594, 2971, 616, 2972, 616, 621, 2972, 3820, 3812, 3814, 3812, 3793, 3814, 3812, 3789, 3793, 3789, 3786, 3793, 3786, 3771, 3783, 3785, 3771, 3786, 3771, 3767, 3783, 574, 620, 601, 580, 613, 574, 581, 585, 580, 673, 680, 585, 199, 201, 200, 201, 184, 200, 195, 185, 182, 190, 214, 179, 177, 199, 176, 199, 200, 176, 212, 187, 185, 673, 452, 677, 191, 215, 190, 381, 382, 380, 525, 530, 646, 502, 499, 543, 470, 508, 634, 470, 507, 508, 461, 460, 501, 471, 430, 472, 427, 440, 474, 474, 440, 475, 441, 480, 475, 447, 479, 480, 447, 481, 479, 447, 482, 481, 663, 667, 684, 593, 604, 605, 591, 616, 594, 2972, 2986, 2991, 2986, 2992, 2991, 3852, 3821, 3832, 3821, 3820, 3825, 3821, 3812, 3820, 3755, 610, 3750, 579, 580, 574, 581, 580, 579, 452, 380, 677, 366, 253, 215, 542, 528, 525, 509, 536, 530, 499, 493, 684, 493, 663, 684, 431, 471, 460, 476, 427, 474, 440, 441, 475, 593, 605, 667, 593, 594, 604, 593, 591, 594, 621, 622, 2972, 622, 2987, 2986, 3811, 3789, 3812, 3785, 3784, 3771, 3787, 610, 3763, 601, 3823, 610, 601, 570, 574, 579, 668, 581, 673, 585, 581, 200, 184, 176, 180, 182, 181, 177, 176, 169, 182, 185, 183, 185, 187, 186, 187, 250, 186, 452, 673, 376, 381, 379, 187, 377, 380, 452, 377, 379, 380, 366, 344, 368, 345, 368, 344, 679, 336, 384, 525, 509, 530, 534, 634, 665, 494, 499, 502, 494, 493, 499, 470, 469, 507, 448, 461, 469, 431, 429, 471, 429, 430, 471, 425, 437, 473, 437, 476, 473, 539, 593, 667, 590, 591, 593, 591, 578, 616, 578, 621, 616, 578, 622, 621, 622, 3849, 2987, 3784, 3770, 3771, 583, 610, 3787, 596, 601, 610, 570, 601, 596, 573, 579, 574, 668, 673, 581, 190, 179, 172, 178, 177, 170, 184, 180, 158, 183, 185, 162, 185, 186, 162, 189, 190, 175, 191, 190, 189, 367, 215, 191, 335, 345, 344, 528, 524, 525, 524, 509, 525, 531, 665, 536, 634, 535, 470, 491, 663, 493, 462, 469, 470, 462, 448, 469, 448, 439, 461, 439, 460, 461, 432, 431, 460, 430, 425, 473, 437, 427, 476, 441, 447, 480, 447, 451, 482, 539, 667, 663, 622, 600, 3849, 597, 600, 622, 3849, 600, 2987, 3768, 584, 3765, 583, 3787, 584, 596, 610, 583, 573, 574, 570, 573, 668, 579, 181, 182, 183, 175, 190, 172, 172, 179, 170, 169, 176, 173, 180, 181, 158, 217, 191, 189, 366, 215, 367, 384, 326, 325, 326, 335, 334, 335, 344, 334, 384, 336, 326, 336, 335, 326, 666, 524, 528, 526, 524, 666, 524, 495, 509, 531, 534, 665, 534, 535, 634, 492, 493, 494, 492, 491, 493, 439, 432, 460, 428, 441, 440, 428, 424, 441, 539, 662, 593, 662, 661, 593, 578, 591, 590, 577, 578, 590, 597, 622, 578, 3769, 3788, 3768, 3788, 584, 3768, 566, 596, 583, 7326, 7138, 7177, 570, 596, 566, 569, 573, 570, 630, 573, 569, 175, 172, 171, 172, 170, 171, 176, 159, 173, 176, 184, 159, 159, 184, 158, 186, 226, 162, 158, 181, 157, 155, 181, 183, 186, 250, 226, 376, 377, 452, 367, 191, 217, 377, 378, 379, 526, 495, 524, 495, 483, 509, 483, 536, 509, 483, 531, 536, 533, 535, 534, 462, 470, 535, 491, 490, 663, 457, 448, 462, 451, 489, 492, 490, 539, 663, 425, 426, 437, 426, 427, 437, 427, 428, 440, 424, 447, 441, 406, 429, 431, 424, 451, 447, 424, 433, 451, 433, 688, 451, 590, 593, 661, 576, 597, 578, 589, 597, 576, 589, 600, 597, 589, 599, 600, 600, 599, 3824, 599, 598, 3824, 3824, 598, 3816, 598, 3813, 3816, 598, 3810, 3813, 3810, 3809, 3813, 3809, 3792, 3791, 3810, 3792, 3809, 3792, 3769, 3791, 3792, 595, 3769, 595, 3788, 3769, 595, 584, 3788, 567, 566, 583, 169, 173, 154, 161, 173, 160, 160, 173, 159, 155, 183, 156, 175, 171, 174, 181, 155, 157, 183, 162, 156, 188, 175, 174, 217, 189, 188, 189, 175, 188, 375, 377, 376, 378, 377, 375, 333, 344, 366, 324, 334, 333, 334, 344, 333, 325, 326, 324, 326, 334, 324, 531, 496, 534, 489, 491, 492, 430, 404, 425, 400, 427, 426, 427, 397, 428, 439, 407, 432, 432, 407, 431, 407, 406, 431, 406, 405, 429, 404, 400, 425, 425, 400, 426, 400, 397, 427, 428, 398, 424, 577, 576, 578, 589, 563, 599, 598, 592, 3810, 592, 582, 3810, 582, 3792, 3810, 582, 595, 3792, 560, 583, 584, 560, 567, 583, 565, 569, 566, 370, 668, 630, 148, 170, 150, 169, 154, 150, 171, 170, 148, 154, 173, 161, 374, 375, 376, 373, 375, 374, 217, 355, 367, 355, 366, 367, 333, 366, 355, 527, 495, 526, 496, 531, 483, 489, 490, 491, 490, 487, 539, 418, 448, 457, 418, 439, 448, 409, 407, 439, 403, 404, 430, 397, 398, 428, 429, 403, 430, 405, 403, 429, 398, 411, 424, 411, 433, 424, 529, 662, 539, 529, 661, 662, 619, 590, 661, 619, 577, 590, 575, 577, 619, 575, 576, 577, 575, 571, 576, 571, 589, 576, 563, 589, 571, 563, 598, 599, 563, 592, 598, 558, 595, 582, 558, 584, 595, 560, 584, 558, 560, 564, 566, 566, 567, 560, 565, 566, 564, 617, 569, 565, 617, 630, 569, 374, 668, 370, 152, 171, 148, 159, 158, 141, 157, 145, 140, 157, 155, 145, 155, 156, 145, 162, 226, 153, 174, 171, 152, 159, 141, 160, 158, 157, 140, 156, 162, 153, 217, 188, 218, 7903, 7988, 7971, 323, 324, 322, 324, 333, 322, 325, 324, 323, 527, 467, 495, 467, 465, 495, 465, 483, 495, 496, 533, 534, 489, 487, 490, 488, 487, 489, 459, 462, 535, 459, 457, 462, 433, 488, 489, 419, 418, 457, 418, 409, 439, 399, 400, 404, 401, 397, 400, 394, 395, 405, 395, 403, 405, 403, 399, 404, 395, 399, 403, 399, 401, 400, 401, 396, 397, 396, 398, 397, 411, 453, 433, 572, 571, 575, 555, 592, 563, 555, 554, 592, 554, 582, 592, 556, 582, 554, 558, 582, 556, 564, 560, 561, 564, 617, 565, 161, 141, 149, 161, 160, 141, 145, 156, 144, 156, 153, 144, 150, 154, 149, 154, 161, 149, 168, 174, 163, 174, 152, 163, 218, 188, 168, 188, 174, 168, 280, 217, 218, 322, 333, 318, 527, 695, 467, 465, 464, 483, 464, 496, 483, 533, 498, 535, 498, 459, 535, 485, 539, 487, 529, 539, 485, 410, 418, 419, 418, 408, 409, 408, 407, 409, 406, 394, 405, 396, 109, 398, 529, 484, 661, 484, 619, 661, 625, 575, 619, 625, 572, 575, 568, 571, 572, 568, 563, 571, 559, 560, 558, 561, 560, 559, 617, 631, 630, 370, 630, 631, 149, 141, 142, 134, 152, 151, 152, 148, 151, 148, 150, 143, 143, 150, 149, 141, 158, 140, 153, 139, 144, 153, 227, 139, 163, 152, 134, 373, 374, 371, 355, 217, 280, 323, 322, 321, 467, 444, 465, 468, 444, 467, 444, 464, 465, 496, 466, 533, 419, 457, 459, 486, 487, 488, 486, 485, 487, 410, 408, 418, 103, 395, 394, 104, 399, 395, 104, 401, 399, 402, 396, 401, 562, 563, 568, 562, 555, 563, 552, 555, 562, 554, 555, 552, 556, 557, 558, 553, 557, 556, 557, 559, 558, 611, 561, 559, 561, 617, 564, 611, 617, 561, 631, 369, 370, 151, 148, 136, 136, 148, 143, 149, 142, 143, 168, 163, 164, 370, 371, 374, 372, 373, 371, 316, 318, 355, 389, 321, 390, 322, 318, 319, 321, 322, 319, 464, 466, 496, 466, 498, 533, 458, 419, 459, 393, 410, 419, 458, 393, 419, 484, 529, 485, 408, 107, 407, 406, 107, 394, 407, 107, 406, 105, 103, 394, 104, 110, 401, 110, 402, 401, 109, 411, 398, 107, 105, 394, 103, 104, 395, 108, 396, 402, 108, 109, 396, 109, 114, 411, 411, 114, 453, 484, 445, 619, 625, 619, 445, 568, 572, 625, 553, 554, 552, 553, 556, 554, 611, 559, 557, 138, 142, 124, 151, 136, 135, 140, 145, 118, 118, 145, 144, 144, 139, 117, 134, 151, 135, 136, 143, 137, 143, 142, 138, 141, 140, 121, 164, 163, 134, 268, 370, 369, 371, 370, 268, 280, 218, 168, 321, 319, 320, 468, 443, 444, 443, 442, 444, 442, 464, 444, 442, 466, 464, 423, 498, 466, 456, 485, 486, 456, 484, 485, 454, 484, 456, 393, 408, 410, 112, 408, 393, 111, 107, 408, 110, 108, 402, 104, 101, 110, 99, 272, 114, 103, 102, 104, 102, 101, 104, 110, 98, 108, 98, 109, 108, 98, 100, 109, 109, 99, 114, 100, 99, 109, 445, 541, 625, 625, 562, 568, 612, 552, 562, 551, 553, 552, 557, 553, 551, 618, 611, 557, 611, 391, 617, 631, 617, 391, 137, 138, 125, 117, 139, 128, 144, 117, 118, 139, 216, 128, 138, 124, 123, 124, 141, 121, 266, 268, 369, 372, 371, 268, 280, 168, 257, 311, 355, 280, 316, 355, 311, 317, 318, 316, 319, 318, 317, 455, 454, 456, 113, 112, 393, 112, 111, 408, 454, 445, 484, 111, 49, 107, 49, 106, 107, 102, 103, 105, 106, 105, 107, 106, 102, 105, 101, 95, 110, 95, 98, 110, 97, 101, 102, 612, 562, 625, 550, 552, 612, 551, 552, 550, 550, 549, 551, 549, 557, 551, 618, 557, 549, 273, 611, 618, 273, 391, 611, 123, 124, 122, 124, 121, 122, 82, 118, 117, 117, 128, 115, 137, 125, 126, 119, 118, 82, 130, 135, 129, 135, 136, 127, 136, 126, 127, 136, 137, 126, 134, 135, 130, 135, 127, 129, 391, 266, 369, 391, 369, 631, 167, 164, 146, 164, 134, 146, 266, 267, 268, 257, 164, 167, 280, 257, 281, 320, 319, 317, 416, 466, 442, 416, 423, 466, 7944, 7943, 7947, 449, 498, 423, 497, 498, 449, 497, 459, 498, 412, 459, 497, 412, 458, 459, 412, 393, 458, 412, 113, 393, 446, 445, 454, 52, 49, 111, 51, 97, 102, 101, 96, 95, 57, 100, 98, 57, 99, 100, 59, 272, 99, 48, 106, 49, 97, 96, 101, 96, 56, 95, 56, 58, 95, 58, 98, 95, 98, 58, 57, 57, 59, 99, 59, 192, 272, 435, 625, 541, 435, 434, 625, 434, 612, 625, 273, 618, 388, 126, 125, 88, 128, 165, 116, 125, 123, 91, 123, 122, 91, 115, 128, 116, 82, 117, 115, 146, 134, 133, 133, 134, 130, 216, 267, 261, 167, 281, 257, 311, 280, 281, 296, 316, 311, 296, 317, 316, 330, 320, 296, 320, 317, 296, 538, 417, 443, 417, 442, 443, 417, 416, 442, 446, 454, 455, 412, 147, 113, 412, 413, 147, 147, 71, 113, 71, 112, 113, 71, 111, 112, 272, 436, 446, 50, 51, 102, 52, 111, 71, 50, 102, 106, 51, 53, 97, 435, 541, 445, 50, 106, 48, 53, 54, 97, 54, 96, 97, 54, 56, 96, 14, 58, 56, 58, 17, 57, 28, 54, 53, 14, 56, 54, 14, 17, 58, 17, 18, 57, 57, 18, 59, 434, 550, 612, 271, 463, 549, 618, 549, 463, 388, 618, 463, 115, 85, 83, 115, 86, 85, 81, 120, 82, 82, 115, 83, 115, 116, 86, 86, 165, 221, 125, 91, 88, 91, 122, 84, 122, 81, 84, 116, 165, 86, 90, 129, 89, 129, 127, 89, 127, 126, 88, 273, 264, 391, 92, 129, 90, 122, 120, 81, 130, 129, 92, 261, 260, 165, 166, 146, 133, 167, 146, 166, 261, 267, 266, 311, 281, 282, 330, 296, 331, 416, 415, 423, 415, 449, 423, 436, 445, 446, 132, 147, 413, 132, 71, 147, 436, 435, 445, 49, 38, 48, 48, 39, 50, 71, 44, 52, 44, 49, 52, 44, 38, 49, 38, 39, 48, 51, 27, 53, 27, 28, 53, 60, 44, 71, 39, 51, 50, 18, 40, 59, 28, 29, 54, 39, 27, 51, 29, 14, 54, 17, 19, 18, 39, 26, 27, 31, 26, 39, 16, 14, 29, 14, 15, 17, 38, 31, 39, 26, 10, 27, 10, 28, 27, 28, 16, 29, 16, 13, 14, 13, 15, 14, 19, 34, 18, 34, 40, 18, 34, 55, 40, 15, 19, 17, 549, 550, 434, 69, 85, 70, 80, 88, 78, 86, 222, 70, 88, 79, 78, 84, 77, 79, 83, 69, 75, 85, 86, 70, 89, 87, 90, 87, 89, 80, 89, 88, 80, 88, 91, 79, 82, 83, 75, 84, 81, 77, 77, 81, 74, 81, 82, 74, 82, 75, 74, 83, 85, 69, 91, 84, 79, 260, 262, 221, 133, 130, 92, 260, 266, 264, 261, 266, 260, 194, 167, 166, 275, 281, 167, 296, 311, 285, 331, 295, 310, 331, 296, 295, 295, 296, 285, 438, 386, 417, 386, 416, 417, 386, 415, 416, 392, 497, 449, 422, 412, 497, 422, 420, 412, 420, 413, 412, 279, 435, 436, 40, 279, 436, 132, 60, 71, 72, 60, 132, 42, 44, 60, 42, 38, 44, 279, 434, 435, 279, 278, 434, 42, 36, 38, 36, 31, 38, 30, 26, 31, 32, 31, 36, 42, 41, 36, 25, 10, 26, 10, 24, 28, 24, 16, 28, 32, 30, 31, 20, 19, 15, 24, 13, 16, 30, 25, 26, 13, 22, 15, 20, 34, 19, 36, 33, 32, 12, 25, 30, 41, 37, 36, 10, 11, 24, 24, 23, 13, 23, 22, 13, 22, 21, 15, 21, 20, 15, 20, 35, 34, 35, 55, 34, 41, 43, 37, 32, 12, 30, 12, 10, 25, 37, 33, 36, 33, 12, 32, 434, 271, 549, 12, 9, 10, 9, 11, 10, 11, 23, 24, 64, 9, 12, 11, 46, 23, 23, 45, 22, 22, 47, 21, 33, 63, 12, 63, 64, 12, 46, 45, 23, 9, 65, 11, 22, 45, 47, 21, 47, 20, 66, 62, 43, 62, 37, 43, 37, 61, 33, 61, 63, 33, 64, 63, 9, 63, 65, 9, 47, 67, 20, 67, 35, 20, 62, 61, 37, 11, 65, 46, 47, 69, 67, 46, 74, 45, 69, 35, 67, 70, 222, 35, 65, 74, 46, 69, 70, 35, 75, 45, 74, 75, 47, 45, 75, 69, 47, 61, 78, 63, 77, 65, 63, 66, 87, 62, 62, 80, 61, 80, 78, 61, 78, 79, 63, 77, 74, 65, 79, 77, 63, 76, 90, 66, 90, 87, 66, 87, 80, 62, 265, 273, 388, 131, 92, 94, 92, 90, 76, 264, 273, 265, 221, 262, 263, 166, 133, 131, 133, 92, 131, 194, 166, 131, 260, 264, 262, 275, 167, 194, 275, 283, 282, 285, 311, 282, 415, 392, 449, 422, 497, 392, 420, 414, 413, 414, 132, 413, 72, 42, 60, 68, 42, 72, 68, 41, 42, 68, 43, 41, 35, 450, 55, 35, 274, 450, 278, 271, 434, 73, 43, 68, 73, 76, 43, 76, 66, 43, 271, 388, 463, 94, 76, 93, 265, 388, 271, 269, 274, 222, 269, 263, 265, 92, 76, 94, 131, 94, 194, 263, 264, 265, 262, 264, 263, 310, 295, 294, 295, 285, 294, 385, 386, 438, 359, 415, 386, 385, 359, 386, 359, 358, 415, 358, 392, 415, 392, 420, 422, 223, 132, 414, 277, 278, 279, 223, 72, 132, 450, 277, 279, 223, 68, 72, 270, 277, 450, 274, 270, 450, 277, 271, 278, 73, 68, 223, 270, 271, 277, 93, 76, 73, 193, 93, 73, 73, 224, 193, 270, 265, 271, 269, 265, 270, 94, 93, 193, 193, 194, 94, 275, 194, 352, 283, 275, 307, 286, 285, 284, 284, 282, 283, 285, 282, 284, 294, 286, 314, 294, 285, 286, 360, 359, 385, 356, 392, 358, 421, 414, 420, 223, 414, 421, 354, 223, 421, 224, 73, 223, 352, 194, 193, 308, 307, 275, 302, 283, 307, 302, 284, 283, 287, 286, 284, 360, 357, 359, 357, 358, 359, 357, 356, 358, 356, 420, 392, 356, 340, 420, 340, 421, 420, 354, 348, 223, 348, 224, 223, 224, 348, 193, 348, 353, 193, 353, 352, 193, 308, 275, 352, 287, 288, 289, 314, 287, 289, 287, 284, 288, 284, 302, 288, 363, 343, 357, 343, 356, 357, 343, 332, 356, 7928, 690, 7938, 340, 354, 421, 291, 290, 288, 288, 307, 291, 289, 290, 337, 288, 302, 307, 289, 288, 290, 363, 329, 343, 329, 332, 343, 387, 329, 363, 332, 340, 356, 329, 328, 332, 328, 340, 332, 328, 339, 340, 339, 354, 340, 338, 354, 339, 348, 354, 338, 348, 315, 353, 315, 352, 353, 301, 297, 315, 342, 293, 341, 293, 291, 297, 297, 308, 315, 342, 292, 293, 292, 291, 293, 291, 308, 297, 337, 292, 342, 291, 307, 308, 337, 290, 292, 290, 291, 292, 387, 312, 329, 312, 328, 329, 506, 312, 387, 327, 339, 328, 312, 306, 328, 306, 327, 328, 506, 309, 312, 327, 338, 339, 313, 338, 327, 304, 313, 327, 313, 348, 338, 315, 348, 313, 301, 315, 313, 341, 299, 300, 298, 297, 301, 299, 293, 298, 293, 297, 298, 341, 293, 299, 305, 306, 309, 305, 304, 306, 306, 304, 327, 361, 305, 309, 361, 303, 305, 303, 304, 305, 303, 298, 304, 298, 301, 304, 304, 301, 313, 300, 303, 361]
    point3f[] points = [(-0.10063686, 0.12755047, 0.31000558), (-0.10703749, 0.12250324, 0.30975366), (-0.10178603, 0.12518622, 0.30864125), (-0.08552784, 0.14341503, 0.30953765), (-0.09168257, 0.13814037, 0.30983645), (-0.086275786, 0.14087074, 0.30861568), (0.31073633, -0.15421811, 0.2430691), (0.3128928, -0.14793047, 0.2427741), (0.3113975, -0.13858844, 0.2457832), (-0.46823782, 0.00088538893, 0.0022904645), (-0.466995, -0.023329616, -0.00042178694), (-0.46825933, 0.000042777967, -0.03873357), (-0.46835056, 0.0005991528, 0.05257755), (-0.4653281, -0.036152586, -0.100423574), (-0.463692, -0.06482922, -0.09384896), (-0.46532854, -0.03544022, -0.16502869), (-0.4654141, -0.040021863, -0.061825924), (-0.4634829, -0.065232895, -0.16521588), (-0.46246246, -0.07097267, -0.21033481), (-0.46484572, -0.038595933, -0.20719521), (-0.46683836, 0.001032038, -0.20947197), (-0.46745306, 0.0017466105, -0.16837466), (-0.46752766, 0.0024020195, -0.12961529), (-0.46756577, 0.0020423087, -0.090412736), (-0.46709955, -0.019698367, -0.041022882), (-0.46742672, -0.020113006, 0.033591755), (-0.46580854, -0.044780303, 0.052482124), (-0.4640887, -0.06448238, 0.042155273), (-0.46356124, -0.066758394, 0.011220892), (-0.46338812, -0.065673746, -0.038078785), (-0.46681258, -0.029062288, 0.07679022), (-0.46556288, -0.04606645, 0.09227266), (-0.46668255, -0.031043392, 0.1182495), (-0.4681233, 0.0016618506, 0.12121579), (-0.46545395, -0.035186324, -0.2229439), (-0.46764195, 0.0023947658, -0.22837107), (-0.46725056, -0.033257164, 0.15305418), (-0.46843302, 0.0015227975, 0.1520122), (-0.46400362, -0.06830934, 0.15291436), (-0.4634062, -0.0684577, 0.084611654), (-0.46344683, -0.07007933, -0.2297217), (-0.46817246, -0.031031081, 0.1704808), (-0.46701053, -0.04867749, 0.1714571), (-0.46908084, 0.0016091203, 0.17021748), (-0.46435973, -0.07022558, 0.17047428), (-0.46714225, 0.02436058, -0.13220896), (-0.4671022, 0.025259458, -0.07925987), (-0.46705174, 0.023006715, -0.16243345), (-0.4605851, -0.09060146, 0.12523349), (-0.46090764, -0.090986304, 0.15476286), (-0.46045172, -0.090766825, 0.091489516), (-0.46017352, -0.090336725, 0.06903743), (-0.46152237, -0.09040368, 0.171645), (-0.4593921, -0.09182177, 0.03127834), (-0.4594701, -0.089054964, -0.039006844), (-0.46588284, -0.037524328, -0.22871423), (-0.45828328, -0.09444382, -0.07561729), (-0.45692065, -0.09895474, -0.21224396), (-0.4565205, -0.10245084, -0.15805626), (-0.45920038, -0.09055332, -0.22852984), (-0.46811402, -0.064408965, 0.19762729), (-0.4666517, 0.04081703, 0.10327911), (-0.4669902, 0.043090615, 0.15029746), (-0.46682116, 0.03689212, 0.032884754), (-0.46770075, 0.014620064, 0.040324967), (-0.46676156, 0.036068004, -0.038300693), (-0.4677249, 0.045291536, 0.17092879), (-0.46574944, 0.025040679, -0.20821875), (-0.47188008, -0.032291193, 0.1994577), (-0.46380943, 0.053563453, -0.20084769), (-0.4648914, 0.049535327, -0.22782601), (-0.46461317, -0.0881408, 0.19762586), (-0.47123924, -0.046828862, 0.20085353), (-0.47337466, 0.001134746, 0.20014212), (-0.4642471, 0.05792985, -0.0777394), (-0.46388626, 0.05913959, -0.15173037), (-0.47002816, 0.044492636, 0.19011472), (-0.4640218, 0.063016035, -0.03828489), (-0.46566448, 0.04910456, 0.06845396), (-0.46309367, 0.07077262, 0.014949943), (-0.46473497, 0.05813552, 0.12025225), (-0.46121985, 0.08209266, -0.08426767), (-0.46100315, 0.08300441, -0.1330689), (-0.46072918, 0.08343743, -0.18000662), (-0.46202445, 0.080034226, -0.022976488), (-0.45991662, 0.08525457, -0.21265633), (-0.4602539, 0.08472563, -0.22825241), (-0.46516073, 0.06104006, 0.15700445), (-0.46141657, 0.0823086, 0.10559822), (-0.4622982, 0.082643315, 0.16070108), (-0.46301767, 0.082673386, 0.17186941), (-0.46163297, 0.08057005, 0.046009246), (-0.4654385, 0.08301158, 0.1941642), (-0.47242728, 0.028463323, 0.20036858), (-0.47146863, 0.044819657, 0.2006335), (-0.45395926, -0.11454677, -0.09523689), (-0.45555934, -0.10694223, -0.056606535), (-0.45692948, -0.10204622, 0.02375194), (-0.453162, -0.1172744, -0.16562653), (-0.45205534, -0.12087865, -0.22830118), (-0.451175, -0.12249775, -0.21312857), (-0.45164117, -0.12270355, -0.057753794), (-0.45157883, -0.12338288, 0.06792962), (-0.44784155, -0.13766333, 0.055984158), (-0.44736126, -0.1389031, -0.011026581), (-0.4482867, -0.13551272, 0.10692298), (-0.45254025, -0.11962768, 0.120089985), (-0.44868854, -0.13508381, 0.14326806), (-0.44647607, -0.14032722, -0.12472509), (-0.44586527, -0.14100844, -0.21099725), (-0.44687817, -0.13950118, -0.067031085), (-0.45051095, -0.13291827, 0.16784605), (-0.45172215, -0.13260466, 0.17848778), (-0.4541052, -0.13371438, 0.19690096), (-0.44611028, -0.14244379, -0.2296824), (-0.455658, 0.10582223, -0.21111079), (-0.4566027, 0.10241502, -0.22817186), (-0.45095018, 0.1258875, -0.2150731), (-0.45046234, 0.12724198, -0.1759487), (-0.45046824, 0.12795389, -0.13541499), (-0.45678315, 0.10140083, -0.10000318), (-0.45054677, 0.12730062, -0.09014289), (-0.45532686, 0.107650295, -0.029740615), (-0.45080468, 0.12662461, 0.028445996), (-0.45092985, 0.12656564, -0.04675444), (-0.45284605, 0.11998632, 0.078198284), (-0.45315686, 0.11969293, 0.1338438), (-0.45356116, 0.119914554, 0.15920201), (-0.45166487, 0.12441539, -0.22797838), (-0.4541333, 0.12103104, 0.17361364), (-0.45628935, 0.1201811, 0.18942317), (-0.46767846, 0.08393426, 0.20410639), (-0.46707827, -0.08606798, 0.2031188), (-0.46263692, 0.10235678, 0.20139927), (-0.4523624, 0.13901724, 0.19307344), (-0.4490532, 0.13864522, 0.17325704), (-0.4474329, 0.1403099, 0.15828957), (-0.44648233, 0.1411553, 0.13012062), (-0.44641837, 0.14016385, 0.048314046), (-0.438182, 0.16539972, -0.22770302), (-0.43870655, 0.16305189, -0.13798076), (-0.43830496, 0.16332999, -0.06757021), (-0.4381034, 0.16400893, 0.03310726), (-0.44032273, 0.15735957, 0.110719144), (-0.43731225, 0.16596651, -0.21476962), (-0.43786448, 0.16436309, -0.18970908), (-0.45452216, 0.13912664, 0.2013339), (-0.46046674, -0.109018885, 0.19963434), (-0.4307326, 0.18207984, 0.15191896), (-0.43489906, 0.17126766, 0.0756354), (-0.4293411, 0.18469179, 0.11601796), (-0.43826523, 0.16519646, 0.17095505), (-0.43151262, 0.181244, 0.17037152), (-0.43115184, 0.18191709, -0.22720763), (-0.42670837, 0.19044445, 0.06292215), (-0.42177707, 0.20113339, -0.18859501), (-0.42245096, 0.200012, -0.21357661), (-0.4217911, 0.20163462, -0.15822522), (-0.42172748, 0.20165189, -0.118189), (-0.4219736, 0.20058753, -0.06871589), (-0.4231431, 0.1982948, -0.013620338), (-0.4241351, 0.1964313, 0.030508773), (-0.42313042, 0.20051143, -0.22769584), (-0.43456355, 0.1814262, 0.18957616), (-0.4447889, 0.16547765, 0.20287015), (-0.45358863, 0.123512, -0.23155047), (-0.46289274, 0.10863954, 0.20529222), (-0.45687154, 0.14044492, 0.2074654), (-0.43774396, 0.18342866, 0.20372552), (-0.4129478, 0.21791288, 0.07612505), (-0.41289002, 0.21769664, 0.13862452), (-0.42036313, 0.20362094, 0.17270091), (-0.41369078, 0.21739085, 0.17390926), (-0.4181444, 0.20792575, 0.03533598), (-0.4246739, 0.20010689, 0.1880528), (-0.41603795, 0.2180285, 0.18777879), (-0.40267864, 0.2375293, 0.023066271), (-0.40128678, 0.23940472, 0.09764138), (-0.40105397, 0.23998259, 0.13906758), (-0.40101543, 0.24101453, 0.17612794), (-0.4016385, 0.2394108, -0.15466295), (-0.41329575, 0.21702948, -0.1840968), (-0.4015104, 0.23938638, -0.19811416), (-0.41324952, 0.21757968, -0.21597643), (-0.4020512, 0.23845936, -0.092091255), (-0.40178218, 0.23982264, -0.21901427), (-0.41076434, 0.22437103, -0.22830637), (-0.40188536, 0.24177477, -0.2296508), (-0.42688036, 0.2034375, 0.20104817), (-0.41913655, 0.21977067, 0.20068234), (-0.40211153, 0.24334723, 0.18964665), (-0.40691623, 0.24300328, 0.2039723), (-0.45861754, -0.09772201, -0.23069686), (-0.4770162, 0.0443135, 0.21088329), (-0.4703265, 0.08594619, 0.20971674), (-0.38570735, 0.26357728, -0.18794078), (-0.38684735, 0.2616845, 0.075576074), (-0.37562707, 0.27911794, 0.13837007), (-0.37255257, 0.28515196, 0.17862274), (-0.38480216, 0.26456255, 0.011775632), (-0.40227902, 0.23789579, -0.018004421), (-0.38834777, 0.2594019, -0.06712151), (-0.38462147, 0.26523075, -0.1298349), (-0.37348074, 0.28254494, -0.15521304), (-0.3720776, 0.28407922, -0.20776422), (-0.3748173, 0.2803684, -0.10154346), (-0.37495887, 0.2802233, -0.04731135), (-0.37511763, 0.27979276, -0.0029136566), (-0.37443924, 0.28121075, 0.07496516), (-0.37840453, 0.27492446, -0.2162021), (-0.37189132, 0.28514686, 0.15784606), (-0.37180176, 0.28592727, -0.2296649), (-0.38587427, 0.26484862, -0.22793633), (-0.3781614, 0.27866688, 0.18588914), (-0.38933736, 0.26157576, 0.18616644), (-0.39771026, 0.25917444, 0.20548731), (-0.44781554, 0.14302398, -0.23252928), (-0.4205091, 0.2209996, 0.20495658), (-0.43345737, 0.19443996, 0.2056689), (-0.368031, 0.29357108, 0.18842927), (-0.38320124, 0.27883813, 0.20076644), (-0.4617373, 0.08671347, -0.23204371), (-0.46628162, 0.050447322, -0.23079477), (-0.47763526, -0.041868504, 0.21165954), (-0.4797802, 0.00056474813, 0.21205771), (-0.3625239, 0.29775292, 0.17797135), (-0.42509457, 0.19988835, -0.23107706), (-0.44006926, 0.16651854, -0.23168261), (-0.35321233, 0.30800262, 0.15799554), (-0.35367244, 0.30685323, 0.11679868), (-0.35017693, 0.31016293, -0.010080544), (-0.3542793, 0.30530962, -0.057191342), (-0.33241254, 0.33060625, -0.025193159), (-0.33183613, 0.33089468, 0.036307413), (-0.35648733, 0.30274114, 0.0355293), (-0.3547695, 0.30523494, 0.08011074), (-0.3322854, 0.33066493, 0.0719446), (-0.33264157, 0.33046895, 0.105303876), (-0.3325929, 0.33137164, 0.1564299), (-0.3319855, 0.3316467, -0.099855125), (-0.35991433, 0.29876408, -0.12577179), (-0.35588974, 0.30347502, -0.17050962), (-0.33226812, 0.33126882, -0.1674917), (-0.33377254, 0.32998407, -0.21273649), (-0.36060223, 0.29822266, -0.21516313), (-0.37233666, 0.29370725, 0.20183705), (-0.33539858, 0.32876024, -0.22862174), (-0.34746212, 0.31551254, 0.17671712), (-0.3524549, 0.30924013, -0.22980605), (-0.3517082, 0.31352472, 0.18815903), (-0.411092, 0.22668317, -0.2314055), (-0.3632606, 0.30591258, 0.2028462), (-0.3325277, 0.33227155, 0.17742412), (-0.38573503, 0.27916083, 0.20622064), (-0.38784415, 0.26441538, -0.23155896), (-0.3345741, 0.33453622, 0.19243953), (-0.34865892, 0.32267296, 0.20108722), (-0.4523257, 0.16185685, 0.21268828), (-0.33457342, 0.33093086, -0.23099752), (-0.3359708, 0.3372939, 0.2011677), (-0.46464965, 0.107666425, -0.24337238), (-0.4607606, 0.12580456, -0.24320517), (-0.4688993, 0.08652412, -0.24297494), (-0.4721288, 0.06659524, -0.2432768), (-0.46490833, 0.09467093, -0.24855542), (-0.47210142, 0.049429804, -0.2491942), (-0.45739806, 0.1295742, -0.24815239), (-0.4542152, 0.14864969, -0.24353269), (-0.44923463, 0.16594924, -0.24403901), (-0.47522452, 0.049054217, -0.2434937), (-0.47769538, 0.002175387, -0.24349065), (-0.47230318, 0.0024429057, -0.25274742), (-0.45283002, -0.12161632, -0.23083617), (-0.46182534, 0.08573197, -0.25560468), (-0.47376385, 0.002576848, -0.23813727), (-0.46774215, 0.14295167, 0.22437796), (-0.37476256, 0.29360723, 0.20588629), (-0.4762465, -0.030656565, -0.243575), (-0.47309655, -0.037191547, -0.24838373), (-0.47291434, -0.06731138, -0.24355367), (-0.45051837, 0.18981987, 0.22560784), (-0.45797232, 0.17290115, 0.22645585), (-0.46829104, 0.16394283, 0.23771492), (-0.47481802, 0.14586537, 0.23773718), (-0.47900176, 0.14530979, 0.24942133), (-0.47007996, 0.17047046, 0.25005832), (-0.4771102, 0.15156023, 0.2514991), (-0.48020744, 0.14083691, 0.2532755), (-0.48560363, 0.117972024, 0.24980517), (-0.48450276, 0.12050819, 0.25531933), (-0.48843312, 0.106138386, 0.2526566), (-0.49202186, 0.08888546, 0.24955192), (-0.49220908, 0.0880165, 0.25335094), (-0.49377206, 0.077168554, 0.25223532), (-0.47255525, 0.16222894, 0.25455993), (-0.46580693, 0.1814585, 0.2530694), (-0.45977518, 0.19641905, 0.2503095), (-0.49265298, 0.071814686, 0.24396165), (-0.49800143, 0.046073984, 0.25097513), (-0.49736214, 0.04987531, 0.25348267), (-0.4973797, 0.04253304, 0.25552347), (-0.49624348, 0.044611324, 0.24361843), (-0.48109502, 0.12911479, 0.24348235), (-0.49840817, 0.0373378, 0.2538647), (-0.4998369, -0.0021093788, 0.25018844), (-0.5, -0.0030327686, 0.25382352), (-0.4980686, -0.04094606, 0.25109845), (-0.48240548, 0.11442317, 0.2374599), (-0.48778442, 0.089332975, 0.23716553), (-0.49814948, -0.037258275, 0.25505963), (-0.46701348, 0.17660257, 0.2552502), (-0.45784572, 0.19127706, 0.23823002), (-0.49737918, -0.04809403, 0.25353783), (-0.49684957, -0.00054622843, 0.24028029), (-0.47869, 0.14308816, 0.25544575), (-0.49395722, 0.044802904, 0.23778914), (-0.44888774, 0.20955253, 0.23735689), (-0.4544847, 0.2076117, 0.2500096), (-0.44121614, 0.22646086, 0.2378326), (-0.44655848, 0.22446871, 0.24999373), (-0.44738168, 0.22236805, 0.2535815), (-0.43739852, 0.2409948, 0.253554), (-0.4358514, 0.24417578, 0.24997479), (-0.42859206, 0.2562491, 0.2536006), (-0.42589608, 0.26090094, 0.24975726), (-0.4201966, 0.26957047, 0.2542994), (-0.41495204, 0.27855942, 0.2518192), (-0.49619848, -0.0426994, 0.24392603), (-0.49405065, -0.074280165, 0.25005972), (-0.49258268, -0.08632793, 0.25320345), (-0.4505608, 0.21387447, 0.2553158), (-0.45887515, 0.1942807, 0.25640053), (-0.4921391, -0.0881378, 0.24949859), (-0.42572537, 0.25502235, 0.2386604), (-0.4166306, 0.27232257, 0.24278915), (-0.40308273, 0.29595006, 0.24983607), (-0.4037895, 0.29488665, 0.25237292), (-0.48824528, 0.10156027, 0.25560507), (-0.49381134, -0.036061965, 0.23679695), (-0.49306175, -0.057410765, 0.2394698), (-0.4888637, -0.08649027, 0.2380642), (-0.49297416, 0.07135138, 0.25633997), (-0.49093336, 0.0874833, 0.25624508), (-0.4886749, -0.10551347, 0.25252512), (-0.41195634, 0.27674222, 0.23829088), (-0.40137056, 0.29338747, 0.23891746), (-0.3848605, 0.31834182, 0.25088537), (-0.38692766, 0.315617, 0.2539543), (-0.49128923, 0.0003864725, 0.22944848), (-0.37863007, 0.32544214, 0.25376436), (-0.36926326, 0.33640116, 0.25339693), (-0.38298166, 0.31620023, 0.23881811), (-0.48082888, 0.08902898, 0.22577949), (-0.48808345, 0.04555821, 0.22771804), (-0.48760614, -0.040153652, 0.22670868), (-0.43462878, 0.22502975, 0.22606945), (-0.48458537, -0.11018874, 0.24064931), (-0.48511365, -0.122359015, 0.25380418), (-0.47901052, -0.13842, 0.2415373), (-0.4808082, -0.140078, 0.2493057), (-0.48197266, -0.13638388, 0.2539543), (-0.49883074, -0.0011851266, 0.25623763), (-0.36920485, 0.33147064, 0.23751992), (-0.4881657, -0.10356267, 0.2553583), (-0.3550213, 0.35173103, 0.2530962), (-0.35203624, 0.3506864, 0.2376106), (-0.41775942, 0.25482896, 0.22644265), (-0.41558862, 0.23701358, 0.21064655), (-0.39654404, 0.28971237, 0.22739118), (-0.44711745, 0.14555731, -0.25580245), (-0.43982565, 0.16976562, -0.2555049), (-0.44104892, 0.18162288, -0.24723487), (-0.44235688, 0.18252045, -0.24363197), (-0.4344102, 0.20100601, -0.24383537), (-0.4293752, 0.19765759, -0.25407526), (-0.42732617, 0.21553238, -0.24388386), (-0.42026666, 0.21699004, -0.25332484), (-0.4091329, 0.24528673, -0.2477566), (-0.4186814, 0.23159613, -0.2435386), (-0.411328, 0.24574295, -0.24343164), (-0.3952352, 0.2656481, -0.24812046), (-0.39960575, 0.26273838, -0.24346523), (-0.39021626, 0.27611703, -0.24345995), (-0.37660256, 0.2955787, -0.24367733), (-0.40834087, 0.28489935, 0.2562508), (-0.47651997, -0.15232468, 0.25399885), (-0.4702643, -0.17049344, 0.25235566), (-0.49230543, -0.079040274, 0.25599375), (-0.46739498, 0.04938668, -0.25599325), (-0.4341728, 0.24258582, 0.2575595), (-0.443014, 0.22570126, 0.25785318), (-0.45362246, 0.12578349, -0.25455588), (-0.476606, -0.13876237, 0.23659004), (-0.4481353, -0.14992619, 0.19674993), (-0.4364251, -0.16669762, 0.1013532), (-0.43943998, -0.15884192, 0.032769736), (-0.44121575, -0.15331566, -0.12966955), (-0.42811584, -0.18623249, -0.13228935), (-0.42964375, -0.18225037, -0.19894941), (-0.43652284, -0.16660567, -0.010988855), (-0.42919305, -0.18362261, -0.058253665), (-0.43724722, -0.1637416, -0.06018718), (-0.4436955, -0.14725357, -0.07650694), (-0.429901, -0.18233225, 0.02771631), (-0.43010402, -0.1822833, -0.009071179), (-0.43114114, -0.17986853, 0.09027404), (-0.43131295, -0.18011607, 0.1283937), (-0.4320568, -0.1787097, 0.15678598), (-0.44200692, -0.1557937, 0.17394316), (-0.4324591, -0.17972991, 0.1749074), (-0.44169965, -0.16566297, 0.19543014), (-0.43378213, -0.17369851, -0.22844337), (-0.46047533, -0.13389598, 0.20938353), (-0.4656005, -0.108817026, 0.20942202), (-0.47295135, -0.085148185, 0.21290255), (-0.4688118, -0.16545072, 0.24001478), (-0.46182224, -0.19240098, 0.24944259), (-0.46295637, -0.18952033, 0.25420216), (-0.43415707, -0.18108475, 0.18938787), (-0.4376676, -0.18103914, 0.1996292), (-0.47950217, -0.10767151, 0.23055327), (-0.4819875, -0.08701325, 0.227025), (-0.47213647, -0.13474753, 0.2274592), (-0.45914373, -0.19017096, 0.2387802), (-0.42414078, -0.19471313, -0.20330594), (-0.4145268, -0.21515311, -0.021060029), (-0.4214572, -0.20056239, -0.06376545), (-0.41658965, -0.21172194, -0.09083395), (-0.42039752, -0.2032462, -0.1379034), (-0.41364065, -0.215783, 0.081077), (-0.41376248, -0.21569733, 0.037491687), (-0.41411626, -0.21557407, 0.111887224), (-0.41776952, -0.20829713, 0.15773037), (-0.42581198, -0.19357666, -0.22976504), (-0.46585602, -0.05468423, -0.25661072), (-0.46504226, -0.0771946, -0.25394553), (-0.46789896, -0.093936935, -0.24345581), (-0.41439813, -0.21505749, -0.055399716), (-0.46909738, -0.1708391, 0.25521916), (-0.4179439, -0.20910965, 0.17697556), (-0.41517472, -0.21416157, -0.12444725), (-0.41304478, -0.216809, -0.19478388), (-0.45243534, -0.21184114, 0.25008425), (-0.4503829, -0.21620975, 0.25417018), (-0.4429095, -0.23146422, 0.2515332), (-0.45719826, -0.11377094, -0.25377324), (-0.46252245, -0.117294736, -0.24362022), (-0.40812784, -0.227332, -0.22795208), (-0.41755432, -0.21392952, 0.18680207), (-0.46581808, -0.1694963, 0.2368363), (-0.47304326, -0.03721865, -0.23974288), (-0.41534346, -0.21410507, -0.22990489), (-0.40737244, 0.24128245, -0.25313002), (-0.43768013, -0.1663936, -0.2309778), (-0.4534165, -0.14421615, -0.24685828), (-0.4554167, -0.14253879, -0.24355994), (-0.44890997, -0.1611877, -0.24399602), (-0.42840683, -0.1999658, 0.20027642), (-0.45144284, -0.1572528, 0.20795889), (-0.4440438, -0.18310298, 0.21176857), (-0.40637493, -0.22932838, 0.15147257), (-0.40401146, -0.23469897, 0.17521589), (-0.41945097, -0.21860285, 0.20109013), (-0.4689137, 0.020566, -0.25591177), (-0.44208312, -0.22821411, 0.24298684), (-0.4363994, -0.24384725, 0.25112352), (-0.44791993, -0.2130522, 0.23883909), (-0.43539217, -0.24526064, 0.2542014), (-0.44286683, -0.23019214, 0.25520617), (-0.4056434, -0.23600802, 0.18713216), (-0.41308844, -0.23119664, 0.2012641), (-0.40413776, -0.23222607, 0.079570524), (-0.3900455, -0.2558976, 0.07193578), (-0.40190068, -0.23683211, -0.010785947), (-0.3917125, -0.25450602, -0.098449446), (-0.39607283, -0.24652015, -0.14576706), (-0.39164028, -0.25427052, -0.056775223), (-0.39123863, -0.2547366, -0.0038386069), (-0.39099264, -0.25440997, 0.037602816), (-0.39307427, -0.25178266, -0.20792675), (-0.40774906, -0.22637936, -0.20116833), (-0.39491826, -0.2503354, -0.22939911), (-0.40704378, -0.23139405, -0.231095), (-0.4278427, -0.25401112, 0.24184693), (-0.44846746, -0.14417313, -0.2543176), (-0.4418143, -0.17551963, -0.24759756), (-0.44285712, -0.17715831, -0.24390815), (-0.43472153, -0.19552384, -0.24650498), (-0.4354135, -0.19544367, -0.24388565), (-0.428702, -0.20988545, -0.24401404), (-0.42823365, -0.21024461, -0.2460324), (-0.419886, -0.22601148, -0.24658921), (-0.42061186, -0.22591424, -0.24389492), (-0.41187105, -0.24080823, -0.24669488), (-0.40976462, -0.2458403, -0.24408974), (-0.42693165, -0.2598446, 0.25177532), (-0.4342306, -0.23945631, 0.2378802), (-0.46456742, -0.15753382, 0.22798467), (-0.45392075, -0.18808694, 0.22915088), (-0.40384012, -0.25489438, -0.2465575), (-0.38732693, -0.2603962, 0.13185425), (-0.39671212, -0.24591136, 0.16682188), (-0.4048768, -0.25467217, -0.24408935), (-0.39043897, -0.25615412, -0.17233297), (-0.38623363, -0.26252595, 0.17316672), (-0.3858982, -0.26388487, 0.18113104), (-0.49604598, -0.041981343, 0.25639445), (-0.4031036, -0.24648279, 0.19977768), (-0.3927577, -0.2622075, 0.19870012), (-0.41327062, -0.27689144, 0.24166334), (-0.37404385, -0.2802554, -0.21163045), (-0.38335362, -0.26727197, -0.22886583), (-0.3644678, -0.29418156, -0.20834789), (-0.3660388, -0.29332384, -0.22986422), (-0.3668493, -0.29155254, -0.16243681), (-0.36741564, -0.28958577, -0.0027472589), (-0.36671507, -0.28980234, 0.03624054), (-0.3664448, -0.29007295, 0.07012781), (-0.38581014, -0.2621855, 0.1166624), (-0.3670948, -0.2894872, 0.12867779), (-0.36771807, -0.28896037, 0.17138761), (-0.3681987, -0.28868794, -0.05584616), (-0.36650783, -0.29179206, -0.09847382), (-0.36801437, -0.29053894, 0.18234782), (-0.41597995, -0.27667978, 0.25240853), (-0.40209803, -0.297042, 0.25207925), (-0.42173636, -0.26760602, 0.2544714), (-0.43003675, -0.25152355, 0.25676477), (-0.4111492, -0.28344706, 0.25448078), (-0.43630475, -0.17503437, -0.25550842), (-0.39952284, -0.29604658, 0.23967181), (-0.42293146, -0.25806206, 0.23682591), (-0.37019008, -0.28974783, 0.18789238), (-0.4291903, -0.23568533, 0.2270651), (-0.42018798, -0.25242007, 0.22794856), (-0.42040023, -0.23114486, 0.21179594), (-0.4100298, -0.27932084, 0.23783934), (-0.38310057, -0.2795629, 0.20208721), (-0.45448038, -0.20601164, 0.25541988), (-0.4275611, -0.19665329, -0.25511867), (-0.47967464, -0.1341961, 0.257575), (-0.45932865, -0.09588348, -0.2558731), (-0.4010905, -0.29752547, 0.25479373), (-0.39659527, -0.2663574, -0.24420358), (-0.39240593, -0.27118847, -0.24689433), (-0.3881241, -0.27817267, -0.24428289), (-0.38320836, -0.28454682, -0.2467188), (-0.37560025, -0.29690272, -0.24397121), (-0.37528297, -0.29580855, -0.24692129), (-0.4574737, 0.0030175694, -0.26894748), (-0.45407024, -0.028154423, -0.27100444), (-0.44800147, 0.0031608238, -0.27977115), (-0.44391668, -0.035870112, -0.2827905), (-0.44539076, 0.003213958, -0.28329125), (-0.4353118, -0.00017791011, -0.30371556), (-0.43434834, -0.027515717, -0.303531), (-0.4344518, 0.020184029, -0.3037391), (-0.44311404, 0.046310674, -0.28310105), (-0.43264383, 0.04756298, -0.30418062), (-0.43954617, 0.06761498, -0.28331265), (-0.428968, 0.08349889, -0.29960907), (-0.43673012, 0.0856504, -0.2829085), (-0.4431587, -0.051518288, -0.28221896), (-0.43245456, -0.05103284, -0.30416822), (-0.43222994, 0.10514488, -0.282957), (-0.42818165, 0.12257446, -0.2834219), (-0.4205137, 0.11968269, -0.30065325), (-0.4246917, 0.10093115, -0.30050945), (-0.4402992, -0.067856535, -0.2825742), (-0.42029124, 0.14803958, -0.28334263), (-0.41395822, 0.14207517, -0.29966703), (-0.43008775, -0.078630365, -0.298927), (-0.43724686, -0.0839065, -0.2824351), (-0.41400278, 0.16676286, -0.28295964), (-0.40620342, 0.16312206, -0.30051753), (-0.43089268, -0.11138694, -0.2826054), (-0.42257583, -0.10463263, -0.302365), (-0.42493853, -0.1323846, -0.28424415), (-0.41641736, -0.12581322, -0.30378318), (-0.40873328, 0.17786832, -0.28350037), (-0.3954471, 0.19050223, -0.29911047), (-0.4016301, 0.19438095, -0.28336868), (-0.4274868, 0.01022511, -0.31458852), (-0.4142455, 0.1006036, -0.31623206), (-0.41923168, 0.07275942, -0.31632236), (-0.39161924, 0.21377869, -0.28363037), (-0.38703158, 0.20798999, -0.29907095), (-0.382246, 0.23115176, -0.28372276), (-0.37730038, 0.2263547, -0.29910073), (-0.42340505, -0.08227803, -0.30835903), (-0.41987595, -0.14952752, -0.28295738), (-0.40747687, -0.15483494, -0.30189845), (-0.42715773, -0.021128794, -0.31437123), (-0.4101566, -0.17551905, -0.28285784), (-0.39901236, -0.17561907, -0.3029911), (-0.4237356, 0.05227487, -0.31529212), (-0.41417778, 0.12374964, -0.30790743), (-0.4108656, -0.113246046, -0.31631318), (-0.42408085, -0.0486719, -0.3154988), (-0.42310265, -0.058810856, -0.31443503), (-0.41936925, -0.07276055, -0.31644884), (-0.39812043, 0.1531446, -0.31628197), (-0.36895075, 0.23905206, -0.2995335), (-0.37338278, 0.24514988, -0.28327942), (-0.4024257, -0.19121115, -0.28355068), (-0.3904245, -0.21681012, -0.283207), (-0.38987216, -0.19820665, -0.30025628), (-0.38262597, -0.21340276, -0.2999941), (-0.36338383, 0.2598015, -0.28354102), (-0.36017492, 0.25291005, -0.2994975), (-0.40655425, 0.1267551, -0.3164836), (-0.44290417, 0.08498649, -0.27579623), (-0.45328414, -0.053341374, -0.2700868), (-0.38462242, 0.18507297, -0.31649932), (-0.3510711, 0.26515678, -0.29998788), (-0.35296318, 0.2737361, -0.28369275), (-0.399904, -0.14769049, -0.31609848), (-0.43821386, 0.1243383, -0.2712727), (-0.45452076, 0.047948733, -0.26980552), (-0.4323519, -0.13530375, -0.27416402), (-0.39138633, 0.1686417, -0.31623793), (-0.40573603, -0.1297743, -0.31630027), (-0.409501, -0.116534, -0.31630927), (-0.37093315, 0.21338543, -0.31644264), (-0.3694937, 0.22434409, -0.3113521), (-0.4477011, -0.083588555, -0.27080974), (-0.33583167, 0.2848064, -0.30001888), (-0.34090224, 0.28953272, -0.28346673), (-0.3605623, 0.2363457, -0.31363901), (-0.35339254, 0.24823987, -0.31308877), (-0.42402983, 0.16604456, -0.27264678), (-0.4478405, 0.12760204, -0.26040635), (-0.38904592, -0.17484613, -0.31630114), (-0.3724819, -0.29474792, 0.20225665), (-0.40012452, -0.261549, 0.20894825), (-0.37377042, 0.29140994, -0.25230652), (-0.3798225, -0.2034187, -0.31063697), (-0.37355098, -0.20754242, -0.31679678), (-0.37832817, -0.19651964, -0.31644455), (-0.3838144, -0.22605689, -0.28479674), (-0.3691258, -0.23553173, -0.30124182), (-0.37496394, -0.24224396, -0.28328982), (-0.35737967, -0.30238715, -0.056254163), (-0.34463692, -0.31907547, -0.10522525), (-0.34590104, -0.31720427, -0.15441746), (-0.3839758, -0.26768547, -0.2312499), (-0.39011315, -0.3122611, 0.25123706), (-0.38611174, -0.31275117, 0.2385536), (-0.38991904, -0.31230572, 0.25480118), (-0.357855, -0.30154666, 0.0007934043), (-0.3527544, -0.30702788, 0.06547683), (-0.3548587, -0.30424517, 0.10721923), (-0.35200533, -0.3082584, 0.139696), (-0.35077462, -0.30993623, 0.17005153), (-0.34699583, -0.31469122, -0.0049782763), (-0.34633172, -0.31574038, -0.058390085), (-0.36722773, -0.2525094, -0.28495562), (-0.36027253, -0.25053853, -0.29982018), (-0.35964996, -0.23325957, -0.31672844), (-0.3520538, -0.24479847, -0.3164681), (-0.35162857, -0.31197166, 0.18626393), (-0.42661506, -0.16053216, -0.271331), (-0.42058542, -0.17946972, -0.27008525), (-0.41269815, -0.22553727, -0.25594243), (-0.35632804, -0.31629795, 0.20317216), (-0.40337345, -0.27647614, 0.22545388), (-0.41177946, -0.27888253, 0.25698203), (-0.3995679, -0.22217898, -0.2707161), (-0.41435865, 0.1943285, -0.27015394), (-0.34890944, -0.2659205, -0.29930565), (-0.35789505, -0.2669555, -0.2831818), (-0.34159616, 0.34000352, 0.21176441), (-0.36083567, 0.23159191, -0.316519), (-0.39630193, 0.23740256, -0.26556227), (-0.36511308, 0.312552, 0.21206972), (-0.38562137, 0.30207625, 0.22621584), (-0.36955065, 0.3217927, 0.22658303), (-0.3915872, 0.26508445, -0.25299752), (-0.38194662, 0.2778661, -0.253839), (-0.39637455, 0.30244753, 0.25512937), (-0.39127436, 0.23554231, -0.27150917), (-0.3649317, 0.30963483, -0.24426961), (-0.39150393, -0.29497722, 0.22677384), (-0.38276318, -0.30715874, 0.22771381), (-0.39792037, -0.25397515, -0.25427908), (-0.3460224, -0.28166035, -0.2838292), (-0.33216247, -0.28670812, -0.29953203), (-0.33742705, -0.2924049, -0.2837115), (-0.4236815, -0.19941713, -0.23095596), (-0.33781254, -0.26279905, -0.31609747), (-0.48838964, -0.09120424, 0.25777823), (-0.33010015, 0.281175, -0.31102422), (-0.34111467, 0.26071143, -0.3167087), (-0.3735852, -0.25039446, -0.27912787), (-0.37875888, -0.29837173, 0.2138904), (-0.44301355, -0.22597274, 0.25747177), (-0.32083067, 0.30074298, -0.29995888), (-0.32672882, 0.30572647, -0.28298852), (-0.34604353, 0.34601313, 0.22346155), (-0.36917266, 0.26911768, -0.271113), (-0.3829367, -0.27323285, -0.25596946), (-0.35887903, 0.30710995, -0.25379324), (-0.3517984, 0.32320577, -0.24636596), (-0.32370108, 0.2830265, -0.3162419), (-0.36057886, 0.28356278, -0.26907027), (-0.34661734, 0.29804805, -0.2712139), (-0.42084762, 0.26225927, 0.2579267), (-0.36993912, -0.29092157, -0.25611314), (-0.34327596, 0.32524478, -0.25328153), (-0.36557093, -0.2711567, -0.27296945), (-0.34657994, -0.29884756, -0.2704748), (-0.32996604, 0.31620204, -0.27152848), (-0.36104074, 0.2995599, -0.23030092), (0.4642833, -0.04986127, -0.022042366), (0.4652803, -0.023893513, 0.00032575315), (0.4652439, -0.01933425, -0.039817), (0.46539435, -0.019498467, -0.16090326), (0.4662353, 0.0013179544, -0.08915004), (0.46638775, 0.0008986404, -0.16516127), (0.46384394, -0.052235804, -0.1018428), (0.46476123, -0.03599872, -0.17088068), (0.46583295, 0.0017363565, -0.2051326), (0.46664596, 0.0010289262, 0.0002518294), (0.46646598, 0.0019053185, -0.047947295), (0.46383277, -0.05239145, -0.17431274), (0.4634068, -0.053231042, -0.2015548), (0.46431452, -0.035223223, -0.21862054), (0.46630058, 0.002084075, -0.22860166), (0.46410608, -0.0508474, -0.22879528), (0.46516117, -0.022281347, 0.025498321), (0.46416062, -0.05087212, 0.027831122), (0.46483627, -0.047358718, 0.08064836), (0.46548286, -0.020029116, 0.079591334), (0.46518692, -0.022602707, 0.11533225), (0.4645413, -0.047837473, 0.11507967), (0.46637604, 0.0011367402, 0.036231093), (0.46631828, -0.00006657299, 0.115583695), (0.4669043, 0.00024771705, 0.143605), (0.46616915, -0.020159934, 0.15378709), (0.4654323, -0.047995485, 0.1533356), (0.468097, 0.0016147376, 0.17124644), (0.46622068, -0.047912706, 0.17032424), (0.46112162, -0.07921195, 0.09713461), (0.4600953, -0.08458856, 0.03193886), (0.46169075, -0.071321286, 0.0124434475), (0.45995837, -0.0827999, -0.023307929), (0.46042362, -0.08158808, -0.122497246), (0.46039173, -0.081375055, -0.16089666), (0.46038648, -0.07610172, -0.20763206), (0.4601508, -0.08199218, -0.087207444), (0.46203583, -0.07037179, 0.05371156), (0.45948505, -0.089908026, 0.07083825), (0.45977888, -0.09237144, 0.14741594), (0.4628904, -0.06756415, 0.14414334), (0.46344435, -0.07121006, 0.1724057), (0.46053517, -0.07696737, -0.22933687), (0.4604105, -0.09215401, 0.17353974), (0.45679292, -0.09612546, -0.20040408), (0.46507603, 0.028972184, -0.1621907), (0.46465382, 0.035075773, -0.081834786), (0.46497324, 0.031816583, 0.0011209198), (0.4646282, 0.039669916, 0.045202788), (0.46540567, 0.017805563, 0.07381246), (0.46318278, 0.053197153, 0.089595355), (0.46395466, 0.049566742, 0.13188954), (0.4656281, 0.024680119, 0.14814544), (0.4658532, 0.049001954, 0.17079835), (0.46459812, 0.027214747, -0.20185034), (0.46302345, 0.059098907, -0.1748326), (0.46248856, 0.06517971, -0.20443916), (0.46460834, 0.039356783, -0.22858016), (0.4636545, 0.05810364, -0.22934581), (0.4627579, 0.06299068, -0.09419968), (0.4626024, 0.063056946, -0.06541331), (0.4628181, 0.05779167, 0.0039721606), (0.46289903, 0.05970547, 0.045020238), (0.46200028, 0.06709555, 0.07070898), (0.4595828, 0.090172224, 0.099227645), (0.46263012, 0.0629459, -0.1330066), (0.45947722, 0.09040401, 0.11796662), (0.460225, 0.089309454, 0.15164143), (0.46133107, 0.08899681, 0.17232896), (0.45930475, 0.08971834, 0.064449266), (0.45933467, 0.08500802, 0.029180752), (0.46094447, 0.07320252, -0.0037269222), (0.4610737, 0.07782153, -0.23015791), (0.45961192, 0.084057964, -0.04990881), (0.45638332, 0.10336371, 0.029060418), (0.45845175, 0.09051238, -0.1660961), (0.45587334, 0.10545162, -0.115199134), (0.45621374, 0.10420574, -0.067992635), (0.45624197, 0.10347583, -0.0069214497), (0.45526853, 0.10897704, -0.16725193), (0.45964262, 0.08291691, -0.20126073), (0.45450985, 0.11151576, -0.21828716), (0.45450997, 0.11281523, -0.22847012), (0.47003913, 0.02549392, 0.1870234), (0.4686427, 0.049587037, 0.18521786), (0.4706081, 0.049737662, 0.2010789), (0.47345096, 0.0012391319, 0.20235865), (0.47126624, 0.001147996, 0.1863472), (0.47027478, -0.026699286, 0.18751498), (0.4713764, -0.04713331, 0.2021072), (0.46937093, -0.04772042, 0.18631199), (0.46303183, 0.08808797, 0.18534157), (0.46719375, 0.07201529, 0.20034485), (0.46559224, 0.0874913, 0.20220684), (0.46654183, -0.07007933, 0.18935311), (0.4645193, -0.096951395, 0.20464806), (0.46230093, -0.0936159, 0.18529643), (0.45607162, -0.10003251, -0.22910659), (0.45495278, 0.10904137, 0.065935485), (0.4526432, 0.11834146, 0.02251417), (0.45454454, -0.10824413, -0.060447652), (0.450294, -0.12894806, 0.020396782), (0.45073566, -0.1262804, -0.084565625), (0.44990662, -0.13027753, -0.039028678), (0.45062113, -0.12604664, -0.12211966), (0.45134306, -0.12585372, 0.089937255), (0.45055363, -0.1266006, -0.17199214), (0.45050293, -0.12576236, -0.20775285), (0.45608327, -0.10555067, 0.094918214), (0.45110875, -0.12649943, 0.114808604), (0.45088196, -0.12776041, 0.14812683), (0.4507684, -0.12476673, -0.22827396), (0.451339, -0.1292123, 0.17644618), (0.4602335, -0.11599129, 0.20505057), (0.47166172, 0.052016664, 0.20546351), (0.4496513, 0.12867951, -0.16252184), (0.44929084, 0.12924376, -0.13220388), (0.4485939, 0.13141267, -0.095833436), (0.44867063, 0.13257737, -0.046712127), (0.44865322, 0.13315824, 0.033662), (0.44799402, 0.13578317, 0.07544549), (0.44775262, 0.13625044, 0.11246868), (0.4479739, 0.13649541, 0.15570408), (0.45585802, 0.12082637, 0.1905511), (0.44928652, 0.13609485, 0.1727797), (0.4514185, 0.13727395, 0.1898481), (0.46093944, 0.10717, 0.20117736), (0.44840252, 0.13094112, -0.20537454), (0.45333004, 0.13725445, 0.19879235), (0.47468188, 0.001206368, 0.20655563), (0.4724124, -0.04849936, 0.20625375), (0.44228694, 0.15104727, -0.23027815), (0.46815076, -0.076308474, 0.20641886), (0.44294816, 0.14668468, -0.19630069), (0.45057774, -0.1282512, 0.07395642), (0.45346874, -0.13006492, 0.18957727), (0.45538178, -0.1383837, 0.20615037), (0.44284835, 0.14745234, -0.16512552), (0.43217447, 0.17675276, -0.17943959), (0.43183133, 0.17710198, -0.20632154), (0.43196738, 0.17686263, -0.14546955), (0.43204087, 0.17645192, -0.10633904), (0.4394256, 0.15650284, -0.054103654), (0.4318281, 0.17715399, -0.05156037), (0.4313129, 0.17761831, 0.0058629136), (0.43968013, 0.15537326, 0.010257799), (0.43885925, 0.15847337, 0.04971881), (0.43096045, 0.17948428, 0.07950216), (0.43054643, 0.18019941, 0.12309265), (0.4397265, 0.15647797, 0.1379237), (0.43714935, 0.16444106, -0.22995768), (0.43310082, 0.17582509, -0.2301901), (0.43035153, 0.1821339, 0.16397822), (0.44022402, 0.1584077, 0.17312951), (0.43153614, 0.18242034, 0.18245624), (0.43856105, 0.1687142, 0.1901093), (0.4279381, 0.18757129, -0.23066066), (0.43647674, 0.18413061, 0.20165454), (0.4226202, 0.19660632, -0.20419328), (0.4135807, 0.21422438, -0.19527574), (0.41688362, 0.2105527, -0.2308569), (0.45602387, 0.13897559, 0.20637783), (0.4130597, 0.21498199, -0.13967705), (0.41518542, 0.21031806, -0.079847254), (0.40133858, 0.23786625, -0.098436944), (0.40095833, 0.2384707, -0.14199853), (0.40037665, 0.23934764, -0.19644268), (0.40012404, 0.23802042, -0.03164075), (0.41687238, 0.20605019, -0.019801658), (0.4006342, 0.23703223, 0.018014826), (0.4185255, 0.2032065, 0.017259087), (0.42002538, 0.1999336, 0.038716987), (0.4073898, 0.22384623, 0.053420797), (0.39963946, 0.23815405, 0.060906827), (0.4209875, 0.19878122, 0.07994157), (0.42169258, 0.19758394, 0.12342833), (0.4108061, 0.21848562, 0.12328111), (0.40019378, 0.2375085, 0.12789047), (0.41057768, 0.22070204, 0.16255286), (0.41986883, 0.20273976, 0.16190536), (0.40125242, 0.23728094, 0.16399072), (0.41209447, 0.22028784, 0.1813221), (0.40962893, 0.22449589, -0.23072822), (0.4006339, 0.24136677, -0.23081547), (0.44460064, 0.16041173, 0.199424), (0.45041662, 0.12794127, -0.23131937), (0.45585716, 0.11114798, -0.23099774), (0.40075183, 0.2403327, 0.1827403), (0.42952356, 0.19952369, 0.2032134), (0.3875382, 0.261854, 0.18286754), (0.3855398, 0.26289234, 0.16262758), (0.3833459, 0.26469, 0.1289928), (0.3947709, 0.2459521, 0.099066496), (0.37793007, 0.27346796, -0.019552268), (0.37724334, 0.27499446, -0.072381854), (0.3767052, 0.27631968, -0.10476701), (0.3769354, 0.27532372, -0.16171052), (0.37922046, 0.27174467, -0.20818932), (0.38016322, 0.26996183, 0.021956824), (0.38337994, 0.26463735, 0.08963871), (0.41966057, 0.21999958, 0.20317747), (0.38248062, 0.26797992, -0.23070502), (0.39407152, 0.25070924, -0.23067765), (0.367159, 0.28902343, 0.1228697), (0.36591652, 0.29048175, 0.04500252), (0.36743355, 0.2891997, 0.15992422), (0.36572862, 0.2909604, -0.01818652), (0.365315, 0.2934837, 0.18199004), (0.37376797, 0.28187022, 0.18354711), (0.36866465, 0.2875326, -0.23105292), (0.40828037, 0.2400793, 0.20324557), (0.39405322, 0.26061264, 0.19755903), (0.36058074, 0.29715466, -0.20909113), (0.36164182, 0.29627883, -0.17577979), (0.36173382, 0.29598057, -0.1389849), (0.36143014, 0.29765287, -0.23108946), (0.47131032, 0.08778222, 0.21232818), (0.47404122, 0.051902924, 0.20949684), (0.36324966, 0.29913953, 0.18867943), (0.3584508, 0.29986313, 0.0952326), (0.35804373, 0.30082625, -0.0051117074), (0.35817307, 0.30054379, -0.074872375), (0.45170283, 0.15737388, 0.21069074), (0.39712304, 0.2614929, 0.20549016), (0.38809928, 0.27416947, 0.20482884), (0.3530597, 0.30692098, 0.15049717), (0.35433605, 0.306046, 0.16937587), (0.35576615, 0.30565962, 0.1831251), (0.34921393, 0.310938, 0.10001524), (0.34606364, 0.31444144, 0.0049243458), (0.34808967, 0.3124447, -0.03732878), (0.35022148, 0.30964914, 0.059477888), (0.34196278, 0.3189432, -0.12963165), (0.3401534, 0.32094595, -0.08812171), (0.332989, 0.33201495, 0.18555906), (0.37486354, 0.29088622, 0.20264754), (0.36658373, 0.3032418, 0.20387395), (0.3410259, 0.31902385, -0.19774878), (0.34117448, 0.3194753, -0.2278496), (0.33287743, 0.3299264, 0.16818784), (0.33225176, 0.3297649, 0.1359237), (0.35083368, 0.30943137, -0.23126414), (0.33100426, 0.33060238, -0.23132886), (0.33235818, 0.32949224, 0.0877802), (0.33180302, 0.32948455, 0.033852782), (0.3341443, 0.3272236, -0.120904274), (0.33155912, 0.33003625, -0.024329105), (0.44109285, 0.187558, 0.21175152), (0.45980176, 0.13795504, 0.21209425), (0.41458625, 0.23108283, 0.20521311), (0.3546226, 0.31633717, 0.20149595), (0.3295463, 0.33090726, -0.18513806), (0.311148, 0.34982228, -0.12824552), (0.31084955, 0.34936047, -0.17673789), (0.3106564, 0.3491872, -0.21523695), (0.32561576, 0.33469963, -0.2165206), (0.31189945, 0.34911236, -0.2312258), (0.3112007, 0.34962776, -0.04187111), (0.31044456, 0.34974447, -0.00058679533), (0.3098743, 0.3502359, 0.037884302), (0.31363022, 0.34679112, 0.0987676), (0.30999085, 0.35071087, 0.16246918), (0.4230198, 0.22339612, 0.21077085), (0.3083686, 0.35335308, 0.18232125), (0.33987153, 0.33633682, 0.20502102), (0.3601688, 0.3111238, 0.20364068), (0.3154774, 0.347502, 0.18412985), (0.45060852, 0.19206151, 0.22768316), (0.4607302, 0.16355261, 0.2265011), (0.46939692, 0.1411989, 0.22705793), (0.4763531, 0.14498267, 0.2411243), (0.48149508, 0.11606213, 0.23734151), (0.47839284, 0.14380212, 0.24633585), (0.46913525, 0.16394494, 0.24112892), (0.46854913, 0.17039758, 0.2482226), (0.4564922, 0.19449264, 0.23969053), (0.47821358, 0.14511883, 0.25508967), (0.48072723, 0.13491772, 0.25530753), (0.48418552, 0.121571645, 0.25281346), (0.4709066, 0.16443573, 0.25397348), (0.4648141, 0.1808359, 0.25527948), (0.45930797, 0.19488958, 0.24797684), (0.48611057, 0.1083493, 0.24456926), (0.48853183, 0.10224782, 0.2521965), (0.48820224, 0.08926766, 0.23853387), (0.49142247, 0.0891218, 0.24785538), (0.4608212, 0.1905387, 0.25568885), (0.4554526, 0.20161408, 0.25527275), (0.44635692, 0.22164732, 0.2490159), (0.44547254, 0.22273684, 0.25504163), (0.48852807, 0.09916081, 0.25573173), (0.49129128, 0.08860228, 0.25534284), (0.49329594, 0.07625282, 0.2528839), (0.49313328, 0.07022031, 0.24481454), (0.49587205, 0.05328047, 0.24542862), (0.49727273, 0.049789272, 0.25317547), (0.43699124, 0.2394211, 0.24846599), (0.43989182, 0.23363142, 0.25505167), (0.48444256, 0.11678022, 0.25608128), (0.4358169, 0.24101862, 0.2551989), (0.49668074, 0.03255053, 0.24402358), (0.49931127, -0.00005755077, 0.24757382), (0.49901173, 0.019632837, 0.25368512), (0.5, -0.0007168293, 0.2535933), (0.4521729, 0.20791915, 0.24524815), (0.42528164, 0.2596025, 0.24878715), (0.4265037, 0.25770596, 0.25341097), (0.4200581, 0.2682962, 0.25503272), (0.4168345, 0.27416798, 0.24834746), (0.41418314, 0.27773425, 0.25483343), (0.43862072, 0.23068394, 0.23966235), (0.41432795, 0.27474988, 0.24100581), (0.42502353, 0.25598192, 0.24079865), (0.493845, 0.06707584, 0.25624803), (0.49824136, -0.02902025, 0.2529259), (0.49650246, 0.0007607438, 0.23892158), (0.40420502, 0.29253697, 0.24925719), (0.4048997, 0.29121667, 0.25458735), (0.49299505, 0.051232845, 0.23797093), (0.49703708, 0.045526892, 0.25536716), (0.4965807, -0.030166442, 0.24415319), (0.4968257, -0.05186559, 0.2528218), (0.4955395, -0.051892266, 0.24454927), (0.4654536, 0.1686176, 0.23715092), (0.39608714, 0.30318925, 0.25438833), (0.38414243, 0.31861112, 0.24994926), (0.38612783, 0.3161994, 0.25473854), (0.3964062, 0.29943314, 0.24013275), (0.49659467, -0.050107628, 0.2550727), (0.38330784, 0.31784862, 0.24349712), (0.4261427, 0.25047982, 0.2367153), (0.46858108, 0.16881372, 0.25612313), (0.47291958, 0.15706033, 0.2561098), (0.49223593, -0.07783094, 0.24793243), (0.4331534, 0.22855341, 0.22786568), (0.4924411, -0.07861145, 0.25537065), (0.48970437, -0.099390544, 0.25374338), (0.42668247, 0.25581074, 0.25573403), (0.48778135, -0.10054768, 0.24360476), (0.4923524, -0.052659225, 0.2372946), (0.40941307, 0.2699965, 0.22773787), (0.38133055, 0.3172842, 0.23754635), (0.4900094, -0.0737744, 0.23872045), (0.37880155, 0.3244159, 0.2551352), (0.37021944, 0.3340133, 0.25482213), (0.36555016, 0.3393, 0.25309917), (0.48700815, 0.049262688, 0.22696574), (0.49276915, 0.00033122557, 0.2318362), (0.47898993, 0.08966194, 0.223564), (0.3516941, 0.35089338, 0.23856562), (0.35467255, 0.35086474, 0.25161344), (0.3680378, 0.33226168, 0.23771171), (0.35932666, 0.34578297, 0.254816), (0.48386115, -0.11640204, 0.24256177), (0.48213848, -0.12824124, 0.24866553), (0.4841986, -0.12237072, 0.25381774), (0.47901458, -0.14353031, 0.253287), (0.49750584, -0.018584333, 0.25599578), (0.47687298, -0.14632861, 0.24450989), (0.48531604, -0.09998409, 0.23736255), (0.4864574, -0.05139104, 0.22625054), (0.48861176, 0.0008534878, 0.22517392), (0.49362746, -0.06520454, 0.25604734), (0.47589272, -0.14480264, 0.2406301), (0.39740098, 0.2855072, 0.22629222), (0.48137417, -0.12184503, 0.23970324), (0.49051997, 0.07694816, 0.25762317), (0.3456626, 0.35916072, 0.25494364), (0.34240028, 0.36247832, 0.25278583), (0.3371668, 0.36409336, 0.23833743), (0.31625038, 0.38629797, 0.25008935), (0.32833028, 0.37561256, 0.25363302), (0.45076963, 0.21072316, 0.25583506), (0.37652546, 0.31189874, 0.22472635), (0.48759317, -0.1064899, 0.25567713), (0.3135685, 0.3860844, 0.24004246), (0.3191158, 0.3837857, 0.25507927), (0.4983841, 0.003628823, 0.2562435), (0.46779734, -0.09851094, 0.2109228), (0.2970926, 0.36087003, 0.107342064), (0.2974003, 0.36127076, 0.16322488), (0.29130578, 0.36691758, 0.1818173), (0.318028, 0.35280824, 0.20027825), (0.3468136, 0.34422222, 0.22285718), (0.3093174, 0.39180103, 0.2544728), (0.2780137, 0.3756652, 0.020136), (0.28949207, 0.3660282, -0.19062604), (0.278315, 0.3751384, -0.2166508), (0.27669787, 0.3763754, -0.19026296), (0.27652168, 0.3771925, -0.121604115), (0.29232398, 0.36424157, -0.121300176), (0.27877986, 0.3753812, -0.058562282), (0.2883853, 0.36760107, -0.04726977), (0.27895498, 0.37488395, -0.020729316), (0.29184985, 0.3651504, -0.23129308), (0.29716316, 0.40140015, 0.25336087), (0.29614303, 0.4003084, 0.24298103), (0.2788195, 0.3753149, -0.23161377), (0.27528888, 0.37756482, 0.12936866), (0.27571782, 0.37746534, 0.16920568), (0.30341512, 0.3658349, 0.20312037), (0.27647325, 0.37747374, 0.1825171), (0.45978364, 0.11347822, -0.23796818), (0.46832147, 0.087901406, -0.24362664), (0.46296594, 0.114206165, -0.2437053), (0.45713392, 0.11111495, -0.25377294), (0.46199468, 0.08696774, -0.2540992), (0.4634972, 0.07030863, -0.2560651), (0.45812052, 0.13124023, -0.24388906), (0.4734948, 0.05114178, -0.24612205), (0.47162238, 0.0683239, -0.24373837), (0.47431976, 0.052425858, -0.24386474), (0.47666937, 0.012891914, -0.24427651), (0.44943026, 0.13190165, -0.25577012), (0.445348, 0.14805827, -0.25511768), (0.4511093, 0.15394211, -0.24361295), (0.4466721, 0.16326173, -0.24606216), (0.43825433, 0.18695639, -0.24382797), (0.43840265, 0.1829159, -0.2469622), (0.4297669, 0.2031446, -0.24649538), (0.4248617, 0.21548511, -0.243894), (0.42022115, 0.22247869, -0.24650925), (0.41257882, 0.237407, -0.24653615), (0.41338834, 0.23796344, -0.2437965), (0.4082493, 0.24755836, -0.2438355), (0.4416356, 0.16741468, -0.23735607), (0.4014924, 0.25523457, -0.24675465), (0.39654663, 0.26465228, -0.24390544), (0.39230832, 0.26940635, -0.2465984), (0.3872418, 0.27852947, -0.24411513), (0.38139322, 0.2847616, -0.2466997), (0.374743, 0.2967546, -0.24438791), (0.43586978, 0.17279343, -0.255853), (0.40516323, 0.24307686, -0.25183055), (0.42877156, 0.19211884, -0.25425476), (0.4165585, 0.21655037, -0.25448847), (0.47072425, 0.052469604, -0.23796739), (0.46693513, 0.035374906, -0.23129316), (0.47751027, 0.0012447209, -0.24431448), (0.4307385, 0.19398195, -0.23788136), (0.41582298, 0.22270672, -0.236731), (0.36510324, 0.29948303, -0.23595285), (0.4885796, -0.09789931, 0.25682792), (0.32981178, 0.37322772, 0.2554229), (0.3363229, 0.3661825, 0.25617984), (0.48387685, -0.121136464, 0.25593054), (0.4657976, 0.052190047, -0.2562601), (0.47081077, 0.0016957712, -0.25345966), (0.26088312, 0.38769692, -0.2316406), (0.4794219, -0.13776948, 0.25565708), (0.28991374, 0.37588185, 0.2026664), (0.27742445, 0.38464984, 0.20267366), (0.27718505, 0.4151104, 0.25250638), (0.33704728, 0.3550659, 0.22508982), (0.4729336, 0.0018832552, -0.23747995), (0.4668956, -0.030653032, -0.23139071), (0.4678769, -0.050152447, -0.23372354), (0.4785135, -0.10118244, 0.2261005), (0.48132393, -0.06978024, 0.2233993), (0.2732711, 0.41577998, 0.24264689), (0.29531947, 0.39879817, 0.23788738), (0.27316517, 0.41375706, 0.23742363), (0.45219815, -0.123567015, -0.2307693), (0.47262326, -0.062606655, 0.21026902), (0.39789996, 0.25220186, -0.25279143), (0.3265098, 0.3503944, 0.2076032), (0.3721284, 0.28891385, -0.2534595), (0.31035557, 0.3802651, 0.22743215), (0.29753682, 0.39077777, 0.22803621), (0.47469142, -0.05025943, -0.24388981), (0.47672087, -0.008493952, -0.24428536), (0.474013, -0.049903642, -0.24637604), (0.4710076, -0.06503748, -0.24673884), (0.47168222, -0.068645015, -0.24369381), (0.4664634, -0.09010151, -0.24720374), (0.466748, -0.094859205, -0.24351543), (0.4603775, -0.12539142, -0.24304023), (0.4594637, -0.123848, -0.24750139), (0.46624318, -0.084331766, -0.23897631), (0.42192206, 0.17029303, -0.27175504), (0.40870634, 0.19907042, -0.27153948), (0.41292286, 0.16793957, -0.28304586), (0.40046662, 0.19658765, -0.28212604), (0.40456155, 0.16800016, -0.29787752), (0.39518562, 0.19100855, -0.29646876), (0.38624576, 0.20939589, -0.2963218), (0.39029372, 0.21604854, -0.28245148), (0.38224304, 0.23111519, -0.28236136), (0.3769116, 0.22692384, -0.29627395), (0.40872124, 0.1524141, -0.30101866), (0.42374653, 0.13769324, -0.28244612), (0.41547734, 0.13649027, -0.29861006), (0.42715394, 0.11347981, -0.28859594), (0.42281032, 0.11146845, -0.2987196), (0.43534955, 0.08795548, -0.2824446), (0.43118486, 0.069097236, -0.29929483), (0.44051576, 0.06559085, -0.2809977), (0.43847805, 0.044701137, -0.2912424), (0.43159413, 0.045051392, -0.3050614), (0.44425705, 0.04543926, -0.2799647), (0.4314553, 0.11339559, -0.2811471), (0.36253792, 0.25033626, -0.29566088), (0.36758116, 0.25439733, -0.28172538), (0.41953957, 0.11141927, -0.30421793), (0.43692932, 0.00004606824, -0.30003142), (0.445351, 0.0031676397, -0.28252444), (0.399265, 0.16670941, -0.30700397), (0.34939295, 0.26590952, -0.29834586), (0.35644174, 0.26929435, -0.2821864), (0.40851632, 0.122391954, -0.3161942), (0.358202, 0.24501872, -0.30752438), (0.38292405, 0.20029955, -0.30796233), (0.44503358, -0.029627757, -0.2808161), (0.4226391, 0.06372502, -0.31463912), (0.33537972, 0.28433794, -0.2972987), (0.39718175, 0.15480672, -0.316714), (0.36140335, 0.22994348, -0.3163276), (0.37243202, 0.20876405, -0.3164188), (0.43356776, 0.0011315006, -0.30583093), (0.34629777, 0.2830826, -0.28169525), (0.41154286, 0.10976606, -0.31671092), (0.44383657, -0.047519114, -0.28145528), (0.43385816, -0.04404205, -0.30317616), (0.33765945, 0.2929654, -0.2825509), (0.41684577, 0.08357778, -0.31663728), (0.4193551, 0.073353365, -0.31630814), (0.3821461, 0.1888359, -0.3164651), (0.35018304, 0.24728148, -0.31636557), (0.44750032, 0.0018011641, -0.27927983), (0.3301717, 0.28019807, -0.3092456), (0.39097774, 0.16812965, -0.31678954), (0.4263426, 0.04071875, -0.3133885), (0.4277575, -0.0006700883, -0.31454906), (0.3101716, 0.31161416, -0.29712087), (0.3173015, 0.31605092, -0.2809804), (0.30745673, 0.3039406, -0.309797), (0.32724455, 0.2766374, -0.3163349), (0.4269906, -0.041179776, -0.31438866), (0.43170476, -0.0678852, -0.299702), (0.44014284, -0.07046115, -0.2812385), (0.38974285, 0.23646145, -0.2706536), (0.43234563, 0.13957098, -0.27163112), (0.43779832, 0.11225527, -0.27412993), (0.30519852, 0.3267493, -0.2818767), (0.2876348, 0.3332131, -0.29736996), (0.29269573, 0.33846375, -0.2820143), (0.42835405, -0.118810005, -0.2839663), (0.42415336, -0.1018236, -0.30025122), (0.3736536, 0.26026112, -0.27097327), (0.2825907, 0.32885504, -0.30900592), (0.41969827, -0.1180402, -0.30124936), (0.44561407, 0.0932485, -0.26965746), (0.2824689, 0.34674028, -0.28214583), (0.27811196, 0.34111258, -0.29751787), (0.42560393, -0.065202475, -0.31037095), (0.468523, -0.14138174, 0.22554), (0.36056373, 0.3107556, -0.24769221), (0.35891706, 0.3057782, -0.2535478), (0.3654463, 0.3080055, -0.24398303), (0.3553908, 0.31935048, -0.24390462), (0.3474278, 0.32661313, -0.2467878), (0.33482677, 0.34184256, -0.24418329), (0.33469108, 0.34049028, -0.24677964), (0.31481433, 0.35900533, -0.2465356), (0.31390014, 0.36093798, -0.24393211), (0.2997643, 0.37275624, -0.24375895), (0.29553986, 0.37454757, -0.24699067), (0.2887303, 0.3809695, -0.24391073), (0.46647957, -0.050145306, -0.25608575), (0.45556688, -0.047949634, -0.26811647), (0.30057016, 0.3044135, -0.31654644), (0.2778802, 0.32688174, -0.31640834), (0.45123336, 0.066011466, -0.26920077), (0.46252438, -0.083741054, -0.25475913), (0.27895594, 0.40279093, 0.22675762), (0.3453403, 0.2965865, -0.27213177), (0.36264357, 0.28080517, -0.26750052), (0.41536328, -0.09498109, -0.31623816), (0.2705709, 0.33802977, -0.30992094), (0.26644608, 0.35833347, -0.28277832), (0.25556716, 0.3586941, -0.29696655), (0.25470757, 0.36727208, -0.28203338), (0.42291385, -0.0639917, -0.31461558), (0.42017838, -0.07339892, -0.31589687), (0.24769267, 0.35506243, -0.31010395), (0.410418, -0.115168504, -0.31613722), (0.32973176, 0.33507234, -0.25570035), (0.320388, 0.32389075, -0.27192983), (0.29102853, 0.38303903, 0.21309416), (0.38982898, 0.30844483, 0.25682735), (0.2493387, 0.34875342, -0.31639796), (0.30897835, 0.35543174, -0.25482136), (0.23172724, 0.36603573, -0.309731), (0.2990389, 0.34650394, -0.26969007), (0.29391554, 0.37107727, -0.25197864), (0.27477503, 0.3893704, -0.24636635), (0.4343193, -0.11805402, -0.27680823), (0.44547147, -0.08567872, -0.27209166), (0.39856663, 0.29535106, 0.25730467), (0.45396098, -0.11895351, -0.25552946), (0.23187765, 0.36047292, -0.3167475), (0.45865688, -0.07993632, -0.25938168), (0.25103098, 0.4014437, -0.2514534), (0.2527191, 0.40418717, -0.24708857), (0.27251297, 0.36712754, -0.2698626), (0.24829982, 0.3832866, -0.27021766), (0.40513006, 0.13057981, -0.3165887), (-0.030723667, -0.46523288, -0.012889786), (0.0010917208, -0.466602, -0.033223577), (-0.033681322, -0.46496308, -0.051954653), (-0.020806296, -0.4652578, -0.091697566), (-0.047562435, -0.4637295, -0.09358512), (0.0015911061, -0.466134, 0.06975162), (0.0025431747, -0.4666071, 0.01022167), (-0.032219213, -0.46508676, 0.048477355), (-0.07746566, -0.46154076, -0.03649705), (-0.03003491, -0.46557507, 0.12467263), (-0.03108444, -0.465333, 0.08340852), (-0.04100836, -0.46471736, 0.13032909), (-0.0802714, -0.46093452, 0.065025784), (-0.08306619, -0.4607242, 0.12016644), (-0.07661842, -0.4616117, 0.01398744), (0.0013899212, -0.46631256, 0.1233229), (-0.08282676, -0.46078637, 0.089543805), (-0.06345374, -0.46327114, 0.14772364), (-0.08296296, -0.4614912, 0.15347604), (-0.029915115, -0.46646103, 0.15275098), (-0.0010572756, -0.46712744, 0.15345548), (0.00050334027, -0.46675563, -0.09988286), (-0.011605353, -0.46618578, -0.15699232), (-0.00022493128, -0.46706697, -0.15016782), (0.000035744182, -0.46703795, -0.20845795), (-0.037400957, -0.46470445, -0.2011193), (-0.07715129, -0.4617197, -0.14837795), (-0.077048674, -0.46189448, -0.10314682), (-0.079110704, -0.46158752, -0.18807843), (-0.06041773, -0.4629369, -0.20592366), (-0.08378245, -0.46103472, -0.22795516), (-0.035215598, -0.46567893, -0.22865267), (-0.00036574423, -0.46761256, -0.22924624), (-0.057519265, -0.46384856, -0.22812554), (-0.053492237, -0.46547824, 0.17286779), (-0.082606055, -0.46222, 0.1738394), (0.023394113, -0.46621466, 0.089156576), (0.024459448, -0.46616516, 0.122741476), (0.01991455, -0.4659905, 0.04507884), (0.024169827, -0.4670702, 0.15333913), (-0.031683024, -0.46773773, 0.17339724), (0.0021791225, -0.468209, 0.17332783), (0.015240856, -0.46624702, -0.013777948), (0.045079343, -0.4644858, -0.07909579), (0.043943886, -0.4648008, -0.1365297), (0.04454659, -0.46473774, -0.17692387), (0.047213987, -0.46476635, 0.12755851), (0.049085665, -0.46454605, 0.08469465), (0.04755356, -0.4642683, 0.045727063), (0.0521735, -0.46390125, -0.027114794), (0.017476736, -0.46599206, -0.07292626), (0.027110541, -0.4681148, 0.17364031), (0.04266605, -0.46509454, -0.19757858), (0.04070638, -0.46620706, -0.22868799), (0.04582943, -0.46687007, 0.17265603), (0.069797866, -0.46251202, -0.08831133), (0.07246633, -0.46214816, -0.011288371), (0.078557625, -0.46132752, 0.04404172), (0.08187703, -0.46111786, -0.006495346), (0.08308654, -0.46103948, -0.043331), (0.074057706, -0.46225265, -0.18866096), (0.07905017, -0.46216765, -0.22874722), (0.08128921, -0.46124887, 0.12457318), (0.08130728, -0.4612981, 0.09096802), (0.082107484, -0.46152443, 0.15215501), (0.08270858, -0.46270552, 0.17587268), (0.07901239, -0.46175814, -0.19497879), (0.08320469, -0.4605737, -0.09821595), (0.091708496, -0.45926672, -0.16843076), (0.093914635, -0.45871568, -0.103183866), (0.08407675, -0.46044922, 0.032384936), (0.07029073, -0.46622083, 0.19211653), (0.08405917, -0.46426, 0.19018364), (-0.033907287, -0.47101602, 0.19251192), (0.0025729667, -0.47131556, 0.19066866), (0.03911294, -0.4710628, 0.19386217), (-0.0935428, -0.4582826, 0.05090131), (-0.06842638, -0.46750537, 0.19656909), (-0.084111355, -0.46473736, 0.19128276), (-0.09375054, -0.45867875, -0.10172655), (-0.095850736, -0.45810986, -0.15162557), (-0.100158215, -0.45737633, -0.17403616), (-0.10913065, -0.45551965, -0.22744206), (-0.1022687, -0.45665976, -0.012167257), (-0.112432405, -0.45422515, 0.057861745), (-0.13491192, -0.44929639, 0.022309108), (-0.108268574, -0.4553921, -0.05974812), (-0.13004026, -0.4502502, -0.060930464), (-0.12945859, -0.45053038, -0.11192297), (-0.13004676, -0.45046052, -0.15469761), (-0.12694083, -0.45094144, -0.20838186), (-0.13375607, -0.44935742, 0.051975843), (-0.105479755, -0.45583388, 0.12759314), (-0.13852228, -0.44805458, 0.12422864), (-0.13717096, -0.44894734, 0.17361408), (-0.12546986, -0.4515245, -0.22848043), (-0.11399207, -0.45458055, 0.17351894), (0.003190176, -0.4730957, 0.19864868), (-0.14022249, -0.44754383, 0.07058202), (-0.1375802, -0.44839722, -0.02630462), (-0.13924904, -0.4481155, 0.022297192), (-0.08318708, -0.4682822, 0.20523821), (-0.1356518, -0.45213997, 0.18765223), (-0.14568065, -0.4451956, -0.20793208), (-0.1469556, -0.4452531, -0.2290217), (-0.1445562, -0.4455529, -0.07907206), (-0.14562935, -0.44531596, -0.12087613), (0.09936808, -0.4576568, -0.22030436), (0.10902626, -0.4548137, 0.082727365), (0.13904965, -0.44775638, 0.08800405), (0.11427202, -0.45355663, 0.058490515), (0.13825546, -0.44773534, 0.04609967), (0.11639232, -0.45345715, 0.003626025), (0.13751677, -0.44815722, -0.0032334952), (0.13663541, -0.44855553, -0.045959722), (0.10753185, -0.45580798, -0.0593513), (0.123568945, -0.4521564, -0.09372347), (0.13705137, -0.44868615, -0.08786899), (0.13712867, -0.4486518, -0.15552105), (0.11405897, -0.45447484, -0.15412675), (0.12842503, -0.45061398, -0.20459026), (0.13848679, -0.4477622, 0.12766616), (0.10389276, -0.45583928, 0.12581599), (0.13828623, -0.44820452, 0.15360646), (0.107509345, -0.4564491, -0.23000969), (0.082220405, -0.46783656, 0.20630579), (0.058049317, -0.4715848, 0.20712416), (0.12636143, -0.45146656, -0.22985633), (0.10931362, -0.45602414, 0.17514105), (0.13818876, -0.44898468, 0.17142072), (0.1370723, -0.45043138, 0.18156655), (0.0020942537, -0.4757355, 0.20790918), (-0.034941804, -0.4754635, 0.20826688), (0.038616482, -0.47517687, 0.20795879), (0.13620734, -0.45206502, 0.18913943), (0.10962452, -0.46167943, 0.20549764), (-0.053581342, -0.47276053, 0.2082851), (-0.09779334, -0.46579528, 0.20717126), (-0.13820748, -0.45696232, 0.20690945), (0.07969458, -0.4628431, -0.2309562), (0.14170144, -0.44591486, -0.23007968), (0.17156002, -0.4347768, -0.20465437), (0.16703872, -0.43664664, -0.22835465), (0.15121096, -0.4426613, -0.18124413), (0.17184202, -0.4347, -0.17372125), (0.16599496, -0.4371223, -0.017227769), (0.17040533, -0.43541968, -0.0768005), (0.17425275, -0.43376246, -0.12647133), (0.17131881, -0.4350953, -0.15564422), (0.16691713, -0.43671548, 0.085058115), (0.1819994, -0.4304016, 0.093421675), (0.18031925, -0.43104184, 0.020248031), (0.16781557, -0.43607008, 0.12587066), (0.1693272, -0.43567237, 0.15898521), (0.18538147, -0.42991439, 0.18247819), (0.18584122, -0.4282766, 0.123397134), (0.18427451, -0.4292682, 0.16118735), (0.18015388, -0.43109927, -0.046418257), (0.18497273, -0.42863217, -0.22848856), (0.20361376, -0.4198869, -0.10052699), (0.20482132, -0.41917348, -0.058183078), (0.20326728, -0.42001697, -0.15557657), (0.19468406, -0.4234095, -0.21061683), (0.22183599, -0.4109636, -0.20924382), (0.22271465, -0.41090232, -0.17967269), (0.22272569, -0.4110595, -0.14876068), (0.23496884, -0.40405875, 0.16616221), (0.23395954, -0.40446082, 0.13342506), (0.2101727, -0.41633403, 0.09436205), (0.20318805, -0.41994444, 0.008943741), (0.23164207, -0.40597954, 0.08417811), (0.22329766, -0.41020662, 0.04968195), (0.22097245, -0.41185433, -0.011281735), (0.22293973, -0.41107494, -0.07508296), (0.20356236, -0.4196671, -0.22934727), (0.2133431, -0.4152041, -0.22922756), (0.2246198, -0.40999424, -0.22941244), (0.2203976, -0.41194016, 0.18219553), (0.23467043, -0.4049946, 0.18140171), (0.23371722, -0.4044557, 0.051560335), (0.22986905, -0.40676188, -0.00021151415), (0.24033517, -0.40086335, -0.15181166), (0.22567509, -0.40937328, -0.108836375), (0.24295817, -0.39910746, -0.086563945), (0.24768291, -0.3961568, -0.03461712), (0.24382971, -0.39831373, -0.20534791), (0.23753527, -0.4022995, -0.22968063), (0.2490914, -0.39556116, -0.22996691), (0.25578985, -0.39128458, -0.1643937), (0.25904748, -0.38904062, -0.20743112), (-0.08451599, -0.47023466, 0.21025504), (0.1646171, -0.43865776, -0.23113088), (0.18300721, -0.43065593, -0.23121512), (-0.11629755, -0.4559891, -0.2328454), (-0.08409801, -0.4627425, -0.2318138), (-0.16101763, -0.4390988, 0.14181906), (-0.16497476, -0.4372656, 0.107844524), (-0.16113994, -0.43889323, 0.011113272), (-0.16430062, -0.43739906, -0.045883246), (-0.16819826, -0.43589827, -0.099402815), (-0.16663454, -0.43666017, -0.16234706), (-0.16843042, -0.43608427, -0.20424353), (-0.1669768, -0.43631572, 0.05211004), (-0.18354456, -0.4293388, 0.08620327), (-0.18209444, -0.430244, 0.1383362), (-0.16494587, -0.43726286, 0.17402108), (-0.16217412, -0.43904945, -0.22829886), (-0.18197966, -0.4304085, 0.175652), (-0.115130976, -0.4627713, 0.2087931), (-0.18769315, -0.42827097, -0.22829147), (-0.15665652, -0.4437804, 0.18854648), (-0.14977376, -0.45156166, 0.20506299), (-0.18449825, -0.42865103, 0.056437742), (-0.1970029, -0.42290965, -0.034106772), (-0.19496958, -0.42366117, 0.028758539), (-0.19635035, -0.4231271, -0.062240615), (-0.19885525, -0.42235297, -0.11200018), (-0.19822496, -0.42257854, -0.16538191), (-0.19992064, -0.4219667, -0.19790961), (-0.20003009, -0.42306578, -0.23016877), (-0.18090715, -0.43453112, 0.18997166), (-0.16936481, -0.44463688, 0.20680085), (-0.18256263, -0.43956318, 0.20637631), (-0.19226906, -0.4248545, 0.111550815), (-0.21801187, -0.41223177, 0.070695266), (-0.21835253, -0.41207877, 0.114280544), (-0.20029789, -0.42126927, 0.17602071), (-0.21998888, -0.41155258, 0.15800978), (-0.2222751, -0.41072744, 0.17710802), (-0.22025725, -0.4110737, -0.058993008), (-0.21952508, -0.411788, -0.10910682), (-0.21824892, -0.41221192, -0.15402384), (-0.21810478, -0.41249773, -0.20154747), (-0.22181846, -0.40989003, 0.025833027), (-0.22252548, -0.40981132, -0.003343686), (-0.22514227, -0.40977943, -0.2279378), (-0.22229627, -0.4129418, 0.18530603), (-0.23248734, -0.40437797, -0.060524337), (-0.23884028, -0.40059114, 0.043877997), (-0.251979, -0.3932629, 0.012724726), (-0.25063846, -0.39390072, 0.057240374), (-0.24951234, -0.39456293, 0.10495559), (-0.24516903, -0.39732695, 0.13753171), (-0.2458816, -0.39704388, 0.16537833), (-0.2524694, -0.39307863, -0.057334952), (-0.25323734, -0.39283627, -0.10474835), (-0.25369045, -0.39232332, -0.14066473), (-0.24933767, -0.3946288, -0.20155099), (-0.24611425, -0.3973269, 0.17882054), (-0.24739149, -0.39638242, -0.21859992), (-0.24994776, -0.3956232, -0.23030593), (-0.20499216, -0.42795017, 0.20428039), (-0.22411568, -0.41895077, 0.20457247), (-0.18125169, -0.4331495, -0.23216778), (-0.24603097, -0.40046972, 0.18837956), (0.0014241735, -0.47272232, -0.23810017), (0.027837498, -0.47605395, -0.2437737), (-0.05444697, -0.47018006, -0.23854268), (-0.0837929, -0.46975505, -0.24374828), (-0.2656911, -0.3840726, 0.11418581), (-0.27134928, -0.3803779, 0.16586053), (-0.28429657, -0.37195426, 0.17848523), (-0.26754236, -0.38281792, 0.06360008), (-0.28156555, -0.37336287, 0.019953204), (-0.28315952, -0.37221587, 0.053748347), (-0.2874568, -0.36933818, 0.10764596), (-0.28588998, -0.37031558, 0.16334715), (-0.27118212, -0.38082618, -0.018815324), (-0.28544554, -0.37100628, -0.014045261), (-0.2777449, -0.3763844, -0.05963456), (-0.2750391, -0.37835765, -0.1482185), (-0.27632684, -0.37660903, -0.2129501), (-0.24601458, -0.40645933, 0.20397653), (-0.2665684, -0.3840076, -0.23088396), (-0.29096025, -0.36733943, -0.23067567), (-0.21713105, -0.41505426, -0.23110904), (-0.23452333, -0.40550914, -0.2312182), (-0.30245614, -0.3591851, -0.16350515), (-0.30243754, -0.3592652, -0.099419385), (-0.30101445, -0.35939372, -0.2122534), (-0.3004553, -0.36013153, -0.05776519), (-0.30129606, -0.35926706, -0.026023794), (-0.29795647, -0.36095437, 0.053381126), (-0.29832214, -0.36084044, 0.020516492), (-0.30229113, -0.35894194, -0.22862299), (-0.27028182, -0.38419402, 0.18838574), (-0.28670594, -0.37292373, 0.18735582), (-0.30451614, -0.35784134, -0.23107125), (-0.13913332, -0.46478325, 0.21846542), (-0.2592208, -0.39806545, 0.20414348), (-0.034762293, -0.4753309, -0.24417287), (-0.060632735, -0.47303382, -0.24407692), (-0.035471823, -0.46691132, -0.25628757), (-0.05816314, -0.46498594, -0.2560499), (-0.14805123, -0.45401195, -0.24419096), (-0.11398311, -0.46330377, -0.24397911), (-0.13776696, -0.45702958, -0.24390045), (-0.1457363, -0.45318577, -0.24685806), (-0.16467585, -0.44705778, -0.24619642), (-0.16740035, -0.44663587, -0.24406359), (-0.18683171, -0.4385562, -0.24578108), (-0.18718489, -0.4386145, -0.24397115), (-0.20002453, -0.43232796, -0.24664807), (-0.20142885, -0.43227598, -0.24404556), (-0.21958466, -0.42386407, -0.24405251), (-0.22082296, -0.42283708, -0.24609941), (-0.24237593, -0.4115672, -0.24414577), (-0.25418797, -0.4047954, -0.24440536), (-0.23692712, -0.41373062, -0.24674718), (-0.25295874, -0.4045492, -0.2467673), (0.03261593, -0.46776736, -0.23064238), (0.056328874, -0.47364026, -0.24372174), (0.0770019, -0.46886736, -0.24016872), (0.035298828, -0.47450322, -0.24620269), (0.086124636, -0.4688412, -0.24320407), (0.1158984, -0.46276948, -0.24343202), (0.10471107, -0.46505627, -0.24373572), (-0.0002122496, -0.4753206, -0.24638793), (-0.00044222627, -0.47650832, -0.243862), (-0.0014071722, -0.468251, -0.25629038), (0.031726163, -0.46739548, -0.2561788), (0.08244875, -0.46386197, -0.25342384), (0.12628591, -0.4582101, -0.24718854), (0.14322698, -0.45491055, -0.2437391), (0.1282184, -0.45708838, -0.23899458), (0.15806101, -0.44910747, -0.24627437), (0.1654396, -0.4472129, -0.24386941), (0.17660199, -0.44208622, -0.24658643), (0.18776417, -0.43814185, -0.24352005), (0.19488207, -0.43443477, -0.24667498), (0.20231445, -0.43160257, -0.24405381), (0.21507706, -0.42542854, -0.24625999), (0.2257506, -0.4208463, -0.24400164), (0.2288427, -0.41868648, -0.24636194), (0.24227479, -0.4116207, -0.24426645), (-0.08791606, -0.46015882, -0.25642705), (-0.27892125, -0.3847715, 0.20346567), (-0.28760824, -0.37926674, 0.2037691), (0.054104995, -0.46549043, -0.25617057), (-0.312115, -0.3491248, 0.17030086), (-0.30265558, -0.35639948, 0.11258975), (-0.30707175, -0.35350335, 0.02753171), (-0.3054072, -0.354293, 0.0831568), (-0.33189732, -0.3313444, 0.067907244), (-0.3318666, -0.3311042, 0.115450785), (-0.33168766, -0.33190107, 0.16113327), (-0.31245393, -0.34988508, 0.18099506), (-0.3166877, -0.34699273, -0.09396016), (-0.31440556, -0.34792897, -0.05434557), (-0.31476578, -0.34850737, -0.15315552), (-0.33209834, -0.33238494, 0.17952979), (-0.31222636, -0.3496509, -0.21326545), (-0.27343738, -0.39036962, -0.24654154), (-0.2748773, -0.38992482, -0.2442556), (-0.29528713, -0.37601948, -0.24418435), (-0.2965909, -0.37437683, -0.24617065), (-0.3114872, -0.36354542, -0.24436943), (-0.05779317, -0.48441637, 0.22509958), (-0.0873823, -0.47967955, 0.22411759), (-0.058970578, -0.48997903, 0.23464666), (-0.035541974, -0.48867324, 0.22580394), (-0.03645643, -0.49349716, 0.2354093), (-0.035484344, -0.4970527, 0.2445326), (-0.06737249, -0.49177176, 0.2404296), (-0.0883728, -0.48795658, 0.23742436), (-0.08839412, -0.4918681, 0.24968556), (-0.05800703, -0.4959057, 0.25304326), (-0.088535026, -0.4922157, 0.25276735), (-0.10916569, -0.48747683, 0.25411522), (-0.124566965, -0.48420745, 0.2529324), (-0.033567946, -0.4988889, 0.25296745), (0.0011601183, -0.49990082, 0.25334683), (-0.12325568, -0.48420092, 0.25457546), (-0.0560048, -0.49579665, 0.25455132), (-0.08203105, -0.49221975, 0.25558114), (-0.13871574, -0.48032013, 0.2547529), (-0.11316983, -0.48292577, 0.23849459), (-0.14412296, -0.47535938, 0.23768225), (-0.14447808, -0.4773555, 0.24260993), (-0.14503996, -0.47972926, 0.25175485), (-0.103253566, -0.4885354, 0.25486648), (-0.16614345, -0.46807522, 0.23905426), (-0.16727671, -0.4714056, 0.25345865), (-0.15244213, -0.47670838, 0.25397062), (-0.18147588, -0.4625567, 0.23952767), (-0.18560144, -0.46470353, 0.2534831), (-0.19108531, -0.45836276, 0.23846696), (-0.19325718, -0.46101943, 0.24942112), (-0.19507554, -0.46061218, 0.25368991), (-0.20984843, -0.45367047, 0.25375742), (-0.2250138, -0.446442, 0.25256163), (-0.17626284, -0.46795267, 0.25413984), (-0.2235497, -0.4466683, 0.25479347), (-0.23852308, -0.43944353, 0.25413787), (-0.21609463, -0.4462349, 0.23849355), (-0.23615162, -0.4364928, 0.23888163), (-0.25509337, -0.42653397, 0.23957217), (-0.25349727, -0.43052915, 0.2531449), (-0.14090303, -0.4668088, 0.22202286), (-0.18657602, -0.45082363, 0.22399223), (-0.26872814, -0.4205814, 0.25225034), (-0.28137422, -0.40931994, 0.23917696), (-0.035193585, -0.49758393, 0.25528666), (-0.27841353, -0.4142891, 0.25300094), (-0.2912868, -0.4057211, 0.25318405), (-0.29842037, -0.39778927, 0.23898256), (-0.3049175, -0.39588493, 0.2529677), (-0.31566527, -0.38781264, 0.2540389), (-0.3160114, -0.38367438, 0.23872535), (-0.22913711, -0.43110493, 0.22503622), (-0.20882732, -0.440988, 0.2253216), (-0.109138854, -0.45518264, -0.2565341), (-0.16998667, -0.4376829, -0.25649166), (-0.14884588, -0.4447516, -0.25694224), (-0.19121581, -0.4287836, -0.2567772), (0.10141712, -0.458116, -0.25538266), (-0.25287363, -0.41780865, 0.22448665), (-0.31186283, -0.35322347, 0.18864045), (-0.30558223, -0.3653522, 0.20381787), (-0.32254884, -0.35214746, 0.2046036), (0.0030080643, -0.4985407, 0.2554995), (0.03740744, -0.4980629, 0.2543413), (-0.33214605, -0.3330976, -0.11096891), (-0.332005, -0.33275467, -0.15773453), (-0.33234823, -0.3310945, -0.20988934), (-0.33177942, -0.3313585, 0.018820101), (-0.3325159, -0.33145085, -0.020688152), (-0.33220774, -0.33199444, -0.06253384), (-0.33299866, -0.3337852, 0.1874092), (-0.33816552, -0.3383571, 0.20459679), (-0.33283344, -0.33134243, -0.23040752), (-0.32953894, -0.37506804, 0.2529689), (-0.33566582, -0.36558536, 0.23788099), (-0.33831275, -0.36734226, 0.2543969), (-0.3480305, -0.3582504, 0.25405672), (-0.3516006, -0.35098454, 0.23764998), (-0.35449815, -0.35235187, 0.25385985), (-0.29357654, -0.39155298, 0.22495049), (-0.20686604, -0.42164674, -0.25634462), (-0.22449705, -0.41323903, -0.25620347), (0.24315342, -0.4105263, -0.24660109), (-0.3213709, -0.3822991, 0.25481927), (-0.118530855, -0.4825953, 0.25718713), (0.13357297, -0.45096287, -0.25429496), (0.15754086, -0.44373444, -0.2544557), (-0.2519414, -0.39682144, -0.2563693), (-0.2760808, -0.37938863, -0.2569519), (-0.060212146, -0.4511252, -0.27067053), (-0.036301266, -0.45511055, -0.26894948), (-0.03868673, -0.44325474, -0.282963), (-0.06346494, -0.4405405, -0.28270835), (-0.05705592, -0.4319638, -0.30225444), (-0.039561722, -0.4345772, -0.3015478), (0.00006945475, -0.43641573, -0.3004735), (-0.00095986447, -0.44503233, -0.28236732), (-0.001206347, -0.4547872, -0.2706401), (-0.0837258, -0.42843038, -0.29960775), (-0.087065, -0.43624383, -0.28284788), (0.029036146, -0.44362348, -0.28304222), (0.027554912, -0.43524164, -0.30087027), (-0.10769572, -0.4308037, -0.28372803), (-0.10940488, -0.42169198, -0.30120283), (-0.13402633, -0.415244, -0.30133834), (0.049031157, -0.44210318, -0.2834166), (0.0477079, -0.4338067, -0.30094138), (-0.14076035, -0.4231553, -0.28326547), (0.07265531, -0.43843877, -0.28346682), (0.073731735, -0.42896715, -0.30220625), (-0.0013998417, -0.43202496, -0.30797994), (-0.15563835, -0.4141122, -0.28941503), (-0.1584313, -0.4162322, -0.28410357), (-0.1516922, -0.41004246, -0.2999876), (-0.17652512, -0.4002296, -0.30060142), (-0.17943731, -0.40825707, -0.28367016), (0.094874054, -0.43399647, -0.283326), (0.089180574, -0.42642248, -0.30126238), (-0.0018055295, -0.46483058, -0.2597103), (-0.19343856, -0.40100175, -0.2846735), (-0.20531645, -0.38771045, -0.29921755), (-0.20815946, -0.39401445, -0.284468), (-0.036256537, -0.4265731, -0.31437963), (-0.08098039, -0.42221057, -0.30989107), (-0.22195028, -0.37856928, -0.29936886), (-0.2258557, -0.38441902, -0.2842995), (0.119735755, -0.42739803, -0.28421077), (0.11635448, -0.42003104, -0.30117878), (0.13679107, -0.4233027, -0.28376406), (-0.104649104, -0.4125934, -0.31653547), (-0.06036433, -0.42282113, -0.3146932), (-0.07024312, -0.41986403, -0.31644744), (0.017573483, -0.42681885, -0.31444195), (0.00011202052, -0.4273242, -0.31493902), (-0.048600316, -0.42396727, -0.3153103), (-0.24270235, -0.37424457, -0.28391954), (-0.23730642, -0.36925992, -0.29961032), (-0.25469354, -0.36713105, -0.2831777), (-0.15166092, -0.40237495, -0.31102726), (0.042887315, -0.42554432, -0.31379315), (0.15008263, -0.4104434, -0.30065018), (-0.12846398, -0.40586254, -0.31653687), (0.15425342, -0.4172655, -0.28443432), (-0.25310478, -0.35892367, -0.29951793), (0.0545545, -0.42303336, -0.3150381), (-0.19544505, -0.3859698, -0.30824292), (0.11176781, -0.41538143, -0.31027013), (0.17141756, -0.41163293, -0.28297144), (0.17213392, -0.40185082, -0.30114323), (0.06932217, -0.4199446, -0.31615475), (-0.2233991, -0.36533672, -0.31689477), (-0.23355581, -0.35987154, -0.31653622), (-0.2441575, -0.3530641, -0.31614056), (-0.1813295, -0.38630268, -0.3162281), (-0.15440613, -0.39716268, -0.31634605), (0.09232849, -0.4154352, -0.31631327), (0.13665628, -0.40995055, -0.30771372), (-0.27101636, -0.34523788, -0.29956624), (-0.27517936, -0.35103297, -0.28423712), (-0.20474337, -0.37497646, -0.31647092), (0.049174562, -0.45252442, -0.27065763), (0.028828312, -0.4543372, -0.2701694), (-0.106621854, -0.4415971, -0.27157807), (-0.14818637, -0.43190986, -0.27085927), (-0.08904784, -0.451541, -0.26519215), (-0.16515914, -0.4270843, -0.26956505), (0.18496, -0.40482163, -0.2841775), (0.20671913, -0.39431375, -0.2845361), (0.20123978, -0.3880863, -0.30133477), (-0.29327738, -0.33575466, -0.28498444), (-0.28753838, -0.33208862, -0.29947856), (0.1587132, -0.40065777, -0.31068045), (0.13906926, -0.40289652, -0.31641), (0.109931685, -0.41105092, -0.3164155), (0.07920092, -0.4518665, -0.26677468), (-0.31554964, -0.3734122, 0.22408383), (-0.3460903, -0.34625486, 0.22414309), (-0.19899245, -0.4113423, -0.27056092), (-0.21921378, -0.39686197, -0.2748338), (-0.34986117, -0.3116483, -0.19531752), (-0.34370464, -0.31890678, -0.22769342), (-0.283104, -0.32833424, -0.30897093), (-0.25011137, -0.38318434, -0.2700172), (-0.34441492, -0.31701243, 0.029571561), (-0.3628884, -0.34300467, 0.25426272), (-0.37155524, -0.32919744, 0.23782773), (-0.3721487, -0.33297122, 0.2543863), (-0.38164178, -0.3223389, 0.25404623), (-0.34481952, -0.3182555, 0.18140088), (-0.35590273, -0.30490276, -0.22883686), (-0.34854358, -0.31494007, -0.23124732), (-0.14697868, -0.4758588, 0.25711966), (-0.3096572, -0.31030232, -0.2995749), (-0.30742484, -0.3231941, -0.28390607), (0.1365433, -0.43478453, -0.2706234), (0.10877564, -0.44962502, -0.2624638), (-0.29170594, -0.3687477, -0.2561796), (-0.26022404, -0.33978122, -0.3166216), (-0.2822983, -0.3220174, -0.31661934), (-0.27344117, -0.3647381, -0.27209616), (-0.3495693, -0.32741803, 0.20713459), (-0.3087408, -0.3550474, -0.2560838), (-0.32276544, -0.35214913, -0.24648285), (-0.32649487, -0.34974113, -0.24385431), (-0.3386148, -0.33783174, -0.24643223), (-0.34003827, -0.33771595, -0.24375929), (-0.35214892, -0.32297158, -0.24663445), (-0.3630913, -0.3115805, -0.24385755), (-0.36417678, -0.30936623, -0.24631627), (-0.19556908, -0.45707905, 0.2574368), (-0.22162734, -0.4451443, 0.2571537), (-0.3027759, -0.3018471, -0.31670707), (-0.29947126, -0.3436842, -0.27247438), (-0.32432517, -0.34116852, -0.2557041), (-0.17828643, -0.46415675, 0.25716966), (-0.32180798, -0.2815027, -0.3165258), (-0.33678138, -0.32997265, -0.25520426), (-0.3194841, -0.32547915, -0.27189526), (-0.3579484, -0.304656, -0.25654352), (-0.3222055, -0.30889788, -0.28323853), (-0.33673564, -0.32107717, -0.26159272), (0.23899812, -0.41137013, 0.20696135), (0.27291387, -0.3892693, 0.20678446), (0.2565468, -0.3998229, 0.20682906), (0.27944347, -0.40070873, 0.22468759), (0.28551933, -0.3812949, 0.20705013), (0.2602939, -0.4124026, 0.22401911), (0.2455646, -0.42299682, 0.22584741), (0.29442102, -0.37580347, 0.20716064), (0.30126366, -0.38578105, 0.22455123), (0.20857346, -0.43893263, 0.22249287), (0.22990768, -0.41603222, 0.20752178), (0.21149991, -0.42518857, 0.20768675), (0.20346433, -0.42964816, 0.20834509), (0.18857393, -0.43576947, 0.20643015), (0.19203016, -0.4485284, 0.22432992), (0.22563428, -0.43167233, 0.22418343), (0.17466341, -0.44053444, 0.20553373), (0.16269779, -0.4455423, 0.20602843), (0.16917416, -0.45724723, 0.22381026), (0.14002813, -0.46795103, 0.22289295), (0.14971225, -0.4513414, 0.2066333), (0.13741708, -0.45604622, 0.20586541), (0.14135063, -0.4715812, 0.22959848), (0.21101081, -0.44866803, 0.24072394), (0.18673983, -0.46034256, 0.24155922), (0.24955517, -0.42950806, 0.24105385), (0.26622027, -0.41889882, 0.24087375), (0.29049352, -0.40288374, 0.24054128), (0.30669615, -0.3925069, 0.24201141), (0.15832902, -0.4705568, 0.23996927), (0.14143631, -0.47791794, 0.24187087), (0.30208272, -0.36932558, 0.20745018), (0.31154212, -0.3619052, 0.2079565), (0.32991353, -0.3574368, 0.22102533), (0.32578498, -0.3508624, 0.20898181), (0.34538728, -0.34265587, 0.22010015), (0.34085402, -0.33795413, 0.2097272), (0.31811684, -0.3810204, 0.23953503), (0.3527386, -0.34929946, 0.23930506), (0.32378903, -0.3467625, 0.19892664), (0.2890293, -0.3693894, 0.18471956), (0.3150703, -0.34804663, 0.18654327), (0.2678857, -0.3837558, 0.18563649), (0.23690449, -0.40576294, 0.18899246), (0.18387294, -0.43123782, 0.18657693), (0.20140861, -0.42449254, 0.19184306), (0.1532317, -0.4455012, 0.19254659), (0.33436725, -0.3325219, 0.1896127), (0.2008521, -0.45729214, 0.25336105), (0.21716285, -0.44944012, 0.25292084), (0.22769009, -0.44417474, 0.25367048), (0.14303513, -0.47934955, 0.24881883), (0.18645988, -0.46362403, 0.25381234), (0.1708667, -0.46953765, 0.25300404), (0.25027078, -0.3950903, 0.1830569), (0.26887938, -0.41999203, 0.2526606), (0.23781644, -0.4387953, 0.25428623), (0.11145742, -0.48262116, 0.23869367), (0.11689177, -0.4729015, 0.22305748), (0.08672918, -0.48737735, 0.23722148), (0.0864118, -0.47940367, 0.22291188), (0.33303165, -0.33253834, 0.1860866), (0.2775293, -0.4144092, 0.253579), (0.25260183, -0.4304161, 0.25469816), (0.1018722, -0.46473017, 0.2083265), (0.08344805, -0.49153727, 0.24700251), (0.11998693, -0.4825522, 0.24294296), (0.07106765, -0.48252112, 0.2248737), (0.036882248, -0.4885116, 0.22616453), (0.035913277, -0.4938312, 0.23624602), (0.036429077, -0.49719387, 0.24607459), (0.29812497, -0.40080753, 0.2556671), (0.28863287, -0.40690908, 0.25395232), (0.10862054, -0.48747066, 0.25417596), (0.12420952, -0.48394236, 0.25427967), (0.0059739174, -0.4940012, 0.23449662), (0.30731502, -0.3942131, 0.25478727), (0.0020109867, -0.48884228, 0.22511521), (0.0039862352, -0.49775398, 0.2441982), (0.056988798, -0.495796, 0.25299916), (0.15217704, -0.47641766, 0.25431845), (0.14143728, -0.48008558, 0.2538776), (0.08452616, -0.4919742, 0.25499055), (0.35998553, -0.3410752, 0.23945597), (0.36263907, -0.3232659, 0.22081997), (0.3829666, -0.3161409, 0.24043366), (0.38132906, -0.30488274, 0.22432977), (0.24724743, -0.39621624, 0.16889244), (0.27269146, -0.37926164, 0.16806549), (0.2873294, -0.3698715, 0.17270172), (0.33267468, -0.37116733, 0.2537), (0.3226865, -0.38035104, 0.25569963), (0.31636426, -0.38609156, 0.25595042), (0.3413526, -0.36344552, 0.2557539), (0.3469252, -0.35819042, 0.25568807), (0.35321465, -0.35234144, 0.25559342), (0.35886776, -0.34604385, 0.25580043), (0.28624156, -0.3704958, 0.14248794), (0.2579047, -0.38915396, 0.088268064), (0.2596707, -0.38838646, 0.059199076), (0.28604695, -0.37069842, 0.07455615), (0.24771449, -0.3958827, 0.010797568), (0.2622049, -0.38664743, -0.009385007), (0.26110026, -0.42497343, 0.25531578), (0.282808, -0.373283, -0.039302625), (0.25723857, -0.39022797, -0.08005796), (0.26956078, -0.38235867, -0.09568733), (0.28440815, -0.3715782, 0.026153248), (0.28026065, -0.3750832, -0.15520476), (0.2802722, -0.3747881, -0.18051034), (0.2813615, -0.37418172, -0.09276887), (0.2808583, -0.37387264, -0.20773456), (0.26553553, -0.38448313, -0.23065685), (0.2824139, -0.37280113, -0.23038414), (0.2872514, -0.407546, 0.25595048), (0.31040227, -0.35157102, -0.14627503), (0.29410243, -0.36341566, -0.20412216), (0.31193748, -0.34958845, -0.19864896), (0.31218767, -0.34918576, -0.22963548), (0.3103209, -0.35091808, -0.06873498), (0.31077474, -0.35099673, -0.09265642), (0.30098763, -0.3581416, -0.22981548), (0.27584803, -0.41498908, 0.25608337), (0.29863697, -0.3602278, -0.033541158), (0.31943017, -0.34255856, -0.016541613), (0.29613274, -0.3620483, -0.008159117), (0.31316465, -0.34797722, 0.050122228), (0.31440884, -0.34732082, 0.13703044), (0.31575322, -0.3461702, 0.17144205), (0.33196476, -0.33193517, 0.07687394), (0.31546563, -0.34597507, 0.08887606), (0.33170256, -0.3316522, 0.030957563), (0.33063537, -0.33250874, -0.0083076935), (0.3300643, -0.33321363, -0.040039726), (0.3252409, -0.33739883, -0.077266194), (0.33165866, -0.33240423, 0.16615738), (0.33229855, -0.3319924, 0.13225292), (0.21504855, -0.4500953, 0.25432956), (0.2648204, -0.42147356, 0.25643656), (0.32196793, -0.34059823, -0.16101576), (0.32869485, -0.33385587, -0.103073485), (0.16956736, -0.46945024, 0.25488076), (0.3307527, -0.33185682, -0.15931018), (0.33190605, -0.32977238, -0.22935914), (0.32059473, -0.34079102, -0.22932757), (0.32922122, -0.3733228, 0.25615618), (0.3643407, -0.34036508, 0.25561842), (0.36943558, -0.33485523, 0.25492334), (0.37490514, -0.32854253, 0.25380647), (0.35343707, -0.30718535, -0.09948671), (0.35216847, -0.30882236, -0.15625198), (0.3512379, -0.30923033, -0.1903417), (0.3467345, -0.31390294, -0.22923401), (0.34502575, -0.31665918, 0.012012863), (0.38473466, -0.3179549, 0.2558751), (0.38886884, -0.31143397, 0.24721546), (0.3808069, -0.32204813, 0.2558137), (0.3540009, -0.30620152, 0.028613992), (0.35244232, -0.30735272, -0.22941642), (0.35388276, -0.30633911, -0.045532092), (0.346106, -0.31510782, 0.096374914), (0.35870436, -0.29950154, 0.14139628), (0.3751969, -0.2787934, 0.13453975), (0.366557, -0.28968024, 0.07468194), (0.3676556, -0.28830522, 0.17260937), (0.3518051, -0.3092659, 0.18584187), (0.3671541, -0.29027322, 0.18523356), (0.3626596, -0.2947349, -0.20273831), (0.36459056, -0.29289937, -0.089519925), (0.37647295, -0.27721176, -0.04032943), (0.37599283, -0.27805904, -0.15009281), (0.36405948, -0.29330957, -0.013258293), (0.3754704, -0.27819246, 0.013599931), (0.36444914, -0.29315364, -0.1520045), (0.37623313, -0.27724192, -0.2053706), (0.36477983, -0.2924976, -0.22833154), (0.39903182, -0.299552, 0.2558263), (0.40399396, -0.29289588, 0.25310355), (0.37666163, -0.27666757, 0.09054688), (0.37558785, -0.27778727, 0.03824492), (0.374398, -0.32814282, 0.2561048), (0.3775727, -0.27526385, 0.17561184), (0.40051103, -0.29480317, 0.24205598), (0.3927682, -0.2922773, 0.22680706), (0.3786205, -0.27515873, 0.18724659), (0.37598023, -0.27758968, -0.2299733), (0.4155575, -0.27412817, 0.24444547), (0.34963137, -0.3186109, 0.19682051), (0.35829353, -0.3154706, 0.20833595), (0.373405, -0.29549006, 0.2076418), (0.36722004, -0.30349472, 0.20763402), (0.41003495, -0.28415912, 0.2547219), (0.3845605, -0.26473153, -0.22998558), (0.38556504, -0.26438457, 0.18662192), (0.38986364, -0.2557326, 0.16918884), (0.38777298, -0.25936043, -0.20972817), (0.40190336, -0.23717363, -0.18536624), (0.40088704, -0.23897941, -0.2104969), (0.4024248, -0.2364321, -0.08695623), (0.40165618, -0.23786865, -0.15601565), (0.3927012, -0.2518478, -0.10142462), (0.40105954, -0.23882216, -0.047156), (0.3947063, -0.24829037, 0.008084517), (0.40050688, -0.23942412, 0.024475964), (0.39591712, -0.24613541, 0.050127298), (0.3858485, -0.26180145, 0.09115467), (0.38511428, -0.26284125, 0.13040479), (0.4006681, -0.23871571, 0.17485078), (0.40112862, -0.23729336, 0.122591585), (0.40241435, -0.23520893, 0.07956448), (0.39395133, -0.25078383, -0.22976924), (0.40097266, -0.24028386, -0.23005587), (0.41291267, -0.27581275, 0.23993717), (0.41545457, -0.27566725, 0.25616458), (0.42340648, -0.2634167, 0.2530662), (0.40233952, -0.23714356, 0.1855255), (0.38502762, -0.27987233, 0.20799072), (0.40588552, -0.28897342, 0.25631163), (0.41388392, -0.21617585, 0.17328525), (0.41371635, -0.21797104, 0.18518683), (0.41304615, -0.21643534, 0.116422735), (0.41225472, -0.21806988, 0.087472275), (0.42303386, -0.2633577, 0.2563107), (0.41160727, -0.21776, 0.036705483), (0.4091933, -0.22319521, -0.01585344), (0.4328247, -0.2435974, 0.24293008), (0.42493972, -0.25518847, 0.239948), (0.43149602, -0.24964942, 0.252779), (0.4288157, -0.25343594, 0.25627685), (0.43482295, -0.2437112, 0.2559601), (0.43975788, -0.23516753, 0.25306657), (0.44417495, -0.22619483, 0.24883251), (0.39467987, -0.26659954, 0.2081559), (0.44486472, -0.22626297, 0.25492728), (0.4062292, -0.2290054, -0.2061717), (0.40906033, -0.22524507, -0.22986045), (0.439383, -0.2344847, 0.25636315), (0.44183007, -0.2258749, 0.2399923), (0.24902155, -0.43142092, 0.25635025), (0.40077227, -0.25553447, 0.20781174), (0.4212907, -0.21901195, 0.20581344), (0.41101727, -0.23805423, 0.20762488), (0.41369864, -0.21363062, -0.19774519), (0.41990185, -0.2015805, -0.03396726), (0.42414203, -0.19252922, -0.087564014), (0.41739255, -0.20569, -0.119544156), (0.41281074, -0.21531059, -0.1506258), (0.42703626, -0.18656714, -0.1461354), (0.43051848, -0.18021826, -0.20986493), (0.41994977, -0.20059472, 0.030820137), (0.423504, -0.19590734, -0.22952196), (0.41637093, -0.21032523, -0.2297812), (0.43014437, -0.1808847, -0.13480033), (0.4311192, -0.18004498, -0.032520086), (0.4312635, -0.17861184, -0.09787267), (0.43336678, -0.17420024, 0.12242372), (0.43347323, -0.17445862, 0.08971663), (0.42420867, -0.19281699, 0.07926003), (0.43173224, -0.17803496, 0.05326468), (0.42140594, -0.20063096, 0.17556477), (0.4204581, -0.20061898, 0.122780874), (0.4343752, -0.17397998, 0.17066571), (0.43346086, -0.17418158, 0.13247645), (0.43513948, -0.17516601, 0.18797906), (0.42546397, -0.19435295, 0.18659896), (0.4289905, -0.20398726, 0.2077309), (0.42985278, -0.18345374, -0.22928947), (0.45069808, -0.21399423, 0.25327554), (0.44920132, -0.21140249, 0.24128982), (0.3645228, -0.29429415, -0.23044166), (0.46119964, -0.19160536, 0.25388932), (0.4599074, -0.18907852, 0.24177586), (0.40613577, -0.27217028, 0.22545944), (0.43236247, -0.22464442, 0.2237693), (0.42159626, -0.24624082, 0.2263929), (0.422087, -0.21975951, 0.20805077), (0.46645772, -0.17592524, 0.24729936), (0.43462187, -0.19275124, 0.20782714), (0.43222585, -0.17555678, -0.13666297), (0.4362551, -0.1647537, -0.19800001), (0.44048348, -0.17889959, 0.20630231), (0.4337821, -0.172685, -0.22883481), (0.4689949, -0.1712918, 0.25431725), (0.47467506, -0.15607111, 0.25306985), (0.4417162, -0.15117763, 0.028672108), (0.4398649, -0.15624753, -0.055085175), (0.43900278, -0.15836619, -0.22900638), (0.44567758, -0.13951945, -0.22957976), (0.4450776, -0.14680898, 0.17757148), (0.443928, -0.1532516, 0.18731315), (0.4539035, -0.20497851, 0.25637847), (0.44676054, -0.22049303, 0.25643456), (0.45209602, -0.14926521, 0.20734823), (0.4629911, -0.1852777, 0.25625616), (0.4556327, -0.18905558, 0.23379675), (0.4684892, -0.1621341, 0.23788889), (0.40123132, -0.27074113, 0.21837015), (0.47094786, -0.16451338, 0.2559256), (0.47507802, -0.15252243, 0.25617036), (0.054947697, -0.49555534, 0.25464275), (0.30447462, -0.39519766, 0.25615433), (0.45184982, -0.18677415, 0.2259282), (0.43694776, -0.21181569, 0.22209431), (0.3376322, -0.33855367, -0.24377176), (0.35215822, -0.31640306, -0.23720402), (0.3663, -0.30770406, -0.24424125), (0.3580171, -0.31587476, -0.24662712), (0.3382753, -0.33729935, -0.24673039), (0.32207868, -0.35297936, -0.24660897), (0.31905472, -0.3563794, -0.24413045), (0.31068897, -0.36312655, -0.2458029), (0.30447173, -0.36874568, -0.24468262), (0.29253677, -0.37712365, -0.24665736), (0.29393947, -0.3768246, -0.24408571), (0.28329384, -0.38419908, -0.24415883), (0.2789693, -0.3869892, -0.24650344), (0.27532694, -0.38989255, -0.2441214), (0.26327884, -0.39823803, -0.24405761), (0.25564003, -0.40278134, -0.24679168), (0.2517896, -0.40593302, -0.24381958), (0.3729037, -0.29814443, -0.24689169), (0.37327638, -0.29902977, -0.24350092), (0.37718305, -0.29365593, -0.24429163), (0.3865992, -0.27910694, -0.2466004), (0.38606715, -0.2805875, -0.24393892), (0.3949238, -0.26806188, -0.24384171), (0.39583084, -0.26538888, -0.24674466), (0.40758374, -0.24965933, -0.2436386), (0.40861797, -0.24583694, -0.24694408), (0.41395932, -0.23801799, -0.24393658), (0.41652986, -0.23067842, -0.24690418), (0.42262858, -0.22166795, -0.2440161), (0.42889798, -0.20651846, -0.24702053), (0.430672, -0.20506336, -0.24377179), (0.4365193, -0.19350305, -0.24396047), (0.4366961, -0.19049653, -0.24697296), (0.4401975, -0.1830804, -0.2436992), (0.44611633, -0.16626526, -0.24675176), (0.44488895, -0.17141342, -0.24380644), (0.44994837, -0.15721641, -0.24326017), (0.45549288, -0.1417545, -0.24361238), (0.45363274, -0.14273012, -0.24737059), (0.3088064, -0.35363874, -0.2563852), (0.2900644, -0.36912158, -0.25609946), (0.25339535, -0.3953944, -0.2557176), (0.27351478, -0.38056612, -0.25661206), (0.46561, -0.17628378, 0.25677213), (0.36386594, -0.2989315, -0.25502783), (0.348445, -0.31597456, -0.25557745), (0.3331636, -0.3323141, -0.25564876), (0.31867802, -0.3462183, -0.2554631), (0.39910662, -0.25237083, -0.25286356), (0.38363385, -0.2711387, -0.2556113), (0.46115002, -0.16252449, 0.2259848), (0.22437894, -0.4134976, -0.25493056), (0.19710805, -0.42595658, -0.25582469), (0.17387074, -0.4366488, -0.25538418), (0.41692543, -0.22356333, -0.23781581), (0.43441102, -0.18817998, -0.23758896), (0.26785833, -0.36785132, -0.27220824), (0.25176796, -0.38099697, -0.27016336), (0.25462726, -0.3658835, -0.2841377), (0.2702518, -0.353546, -0.28467274), (0.28446805, -0.35416415, -0.2730506), (0.24796152, -0.3617761, -0.30008277), (0.23765129, -0.37659943, -0.28436562), (0.22666968, -0.3742192, -0.30141717), (0.22019567, -0.38648218, -0.2848615), (0.28129274, -0.34417886, -0.28512156), (0.27254143, -0.3425015, -0.30041832), (0.29588437, -0.32198912, -0.30111524), (0.29219714, -0.33551395, -0.28439245), (0.30429614, -0.32499278, -0.2843508), (0.32323524, -0.30565625, -0.28456375), (0.32799348, -0.28962097, -0.30160058), (0.3363003, -0.29242036, -0.28417814), (0.34553906, -0.2802205, -0.28508618), (0.34165433, -0.27386677, -0.3008459), (0.35902226, -0.2516876, -0.29975873), (0.35574487, -0.2675178, -0.28440076), (0.36600333, -0.2538285, -0.28386047), (0.28485152, -0.32373616, -0.3117976), (0.37340492, -0.24172452, -0.28452545), (0.25005126, -0.35284516, -0.31043005), (0.30290005, -0.3031686, -0.3158201), (0.2314053, -0.36455765, -0.3116792), (0.32830864, -0.2806587, -0.31161332), (0.3756235, -0.22408247, -0.30036715), (0.3827821, -0.22657213, -0.2846444), (0.36460283, -0.24175598, -0.30116418), (0.352623, -0.2501888, -0.3106064), (0.23364657, -0.35935095, -0.31642812), (0.35881492, -0.23468192, -0.31643742), (0.25213566, -0.3461198, -0.31632075), (0.39021468, -0.21232446, -0.2843533), (0.40052733, -0.1925233, -0.28401893), (0.39062488, -0.19459078, -0.30055657), (0.19113724, -0.3854393, -0.31227767), (0.20931703, -0.37295726, -0.31617367), (0.34961504, -0.24814901, -0.3161455), (0.4018237, -0.16940592, -0.30200028), (0.411445, -0.1732398, -0.28202954), (0.27964407, -0.32340482, -0.31670815), (0.36684638, -0.22106084, -0.31592503), (0.32366833, -0.28036404, -0.31654966), (0.28642395, -0.31735268, -0.3167204), (0.3603868, -0.2734935, -0.27535176), (0.22984113, -0.3933169, -0.271348), (0.18802463, -0.38347635, -0.3165426), (0.1643258, -0.39349112, -0.31660232), (0.38034305, -0.19259627, -0.31657627), (0.3909842, -0.17097105, -0.31624442), (0.20643114, -0.40446454, -0.2734034), (0.30944178, -0.33179018, -0.2740942), (0.33114886, -0.3139866, -0.2708729), (0.41732687, -0.1562092, -0.2825617), (0.40808827, -0.15526249, -0.3002456), (0.3530294, -0.302957, -0.26113257), (0.37644896, -0.25298735, -0.2736891), (0.41460833, -0.13655883, -0.29976544), (0.42408314, -0.13664429, -0.28218943), (0.3260821, -0.3333886, -0.25998852), (0.38936678, -0.23115662, -0.2746412), (0.406756, -0.23853733, -0.25361255), (0.37106657, -0.28166795, -0.2600537), (0.40247807, -0.14980395, -0.3118697), (0.16663626, -0.4388303, -0.2560857), (0.4462511, -0.16625886, 0.20791644), (0.43111178, -0.18989445, -0.253769), (0.40377912, -0.20423609, -0.27416912), (0.41274464, -0.2155084, -0.2592429), (0.4013739, -0.14326812, -0.3165505), (0.44243273, -0.15934858, -0.2549508), (0.15646599, -0.42587635, -0.27363685), (0.22833125, -0.44038564, 0.25723916), (0.44787616, -0.14219464, -0.2551545), (0.4298918, -0.18286686, -0.25836778), (0.14858773, -0.47517997, 0.2571408), (0.44029093, -0.15028484, -0.2600065), (0.43279058, -0.14054039, -0.2710881), (0.054537416, 0.46534926, 0.022133574), (0.012700193, 0.46717942, -0.030779855), (0.053616192, 0.46518293, -0.043183777), (0.018675383, 0.46688488, 0.029193848), (0.051703684, 0.4651652, 0.08520749), (0.011278998, 0.46700373, 0.08493628), (0.022528786, 0.46680966, 0.14916658), (0.047555156, 0.46572247, 0.14341643), (-0.00024550044, 0.46812513, 0.14894061), (-0.00007250978, 0.46781868, 0.09084821), (-0.0007432045, 0.4681372, 0.016720083), (0.00072725414, 0.4680233, -0.08174665), (0.034413707, 0.46611145, -0.06950269), (0.05192778, 0.4649399, -0.0877194), (0.051164385, 0.4648233, -0.135441), (0.018917946, 0.46675998, -0.110807635), (0.0005917871, 0.467962, -0.16058502), (0.032048274, 0.46598846, -0.21149173), (0.0006948821, 0.46763888, -0.21344678), (0.050556764, 0.46509618, -0.17439336), (0.052345198, 0.46472955, -0.2104567), (0.05186609, 0.46522224, -0.22904), (0.0014870077, 0.46812418, -0.23018871), (-0.00050392834, 0.46889594, 0.1727887), (0.04649843, 0.4670292, 0.17404258), (-0.021577198, 0.4669042, 0.09351394), (-0.0194909, 0.46722284, 0.031509977), (-0.04845602, 0.46534863, -0.038030203), (-0.01850382, 0.4668005, -0.09832571), (-0.03347138, 0.46601358, -0.1608634), (-0.049819782, 0.46503213, -0.17898081), (-0.04902629, 0.46507958, -0.21332516), (-0.05177431, 0.4646588, -0.11411675), (-0.051148046, 0.46471202, -0.08654003), (-0.047161736, 0.4653844, -0.0014277475), (-0.047503527, 0.46536496, 0.03079245), (-0.042582862, 0.46577898, 0.056688346), (-0.041778535, 0.46583632, 0.09707239), (-0.04416242, 0.46587405, 0.14339869), (-0.04356949, 0.46696115, 0.17290998), (-0.05041524, 0.46549192, -0.22884534), (-0.06845714, 0.4626575, 0.0063838535), (-0.068038665, 0.46278647, -0.03730868), (-0.086244635, 0.46023127, 0.11024569), (-0.08519871, 0.4609857, 0.15705985), (-0.08682206, 0.461136, 0.1737637), (-0.069403455, 0.4622354, 0.07133942), (-0.08745193, 0.45980752, 0.07615086), (-0.09257555, 0.45832264, 0.028646646), (-0.06695456, 0.46380347, 0.17322744), (-0.091978885, 0.45856765, -0.0038887346), (-0.09428346, 0.45815364, -0.048949625), (-0.071671255, 0.46184883, -0.0689394), (-0.101748206, 0.45700243, -0.09407393), (-0.08245363, 0.45989993, -0.1919925), (-0.10005014, 0.4573414, -0.21458796), (-0.06672189, 0.46265337, -0.21829978), (-0.10043113, 0.4570769, -0.17874104), (-0.10218297, 0.45667425, -0.14910556), (-0.08598681, 0.4607744, -0.23042642), (-0.09971728, 0.45819855, -0.23014328), (0.00014743103, 0.47158208, 0.18882014), (-0.045771204, 0.46990258, 0.1922249), (0.0010406715, 0.47410452, 0.20210631), (-0.04667387, 0.47223622, 0.20416985), (0.06739931, 0.46301538, 0.13793187), (0.087413184, 0.46153995, 0.17718327), (0.06662169, 0.46448418, 0.17616066), (0.088427156, 0.46010855, 0.1420829), (0.07173301, 0.46249235, 0.06704695), (0.08764519, 0.46003786, 0.09542752), (0.045336552, 0.47036004, 0.19441438), (0.044487696, 0.47243318, 0.20468044), (0.07109402, 0.46268767, 0.019889599), (0.10047885, 0.4568588, -0.026381114), (0.069879495, 0.46244878, -0.044526167), (0.10304555, 0.45634604, -0.070427254), (0.09911448, 0.45731583, 0.019650389), (0.09219189, 0.4588723, 0.063314244), (0.091008015, 0.4583594, -0.08401528), (0.10485769, 0.4558367, -0.15222439), (0.07782101, 0.4603562, -0.19368848), (0.10533363, 0.45558316, -0.20182265), (0.105409145, 0.45605046, -0.22200337), (0.09042447, 0.4591404, -0.23113881), (0.10654736, 0.4567449, -0.2312528), (0.08565875, 0.4642434, 0.19201158), (0.0641147, 0.469133, 0.20239909), (0.08611337, 0.4662079, 0.2035985), (-0.069274165, 0.46856022, 0.20342661), (-0.088954955, 0.46593252, 0.20382121), (-0.103571735, 0.45567238, 0.04924848), (-0.10161736, 0.45647094, 0.10128601), (-0.11462865, 0.45367754, 0.15525202), (-0.10406802, 0.4558055, 0.07748072), (-0.13408132, 0.4482139, 0.13650627), (-0.13282211, 0.44859818, 0.0904716), (-0.13384685, 0.44800398, 0.064039245), (-0.12391318, 0.45023406, 0.019334197), (-0.114691556, 0.454186, 0.17364177), (-0.13625036, 0.44871327, 0.17366453), (-0.110722385, 0.45799404, 0.18921728), (-0.09700583, 0.46381193, 0.20307684), (-0.106786825, 0.45496672, -0.034170724), (-0.14116465, 0.44585282, -0.029205328), (-0.1406544, 0.4457044, 0.027739724), (-0.120545626, 0.45153952, -0.08210802), (-0.12208428, 0.4512371, -0.17405991), (-0.13885258, 0.4465435, -0.21249673), (-0.14173257, 0.4456811, -0.13328779), (-0.14124902, 0.44569027, -0.20607774), (-0.14163125, 0.44544965, -0.082359605), (-0.11492599, 0.45393494, -0.22992177), (-0.12959988, 0.4496778, -0.23041731), (-0.14433038, 0.4454671, -0.23073883), (-0.11389178, 0.46005207, 0.20318404), (-0.13937248, 0.45444041, 0.20275901), (0.050035216, 0.46597853, -0.23134808), (0.11536425, 0.45339411, 0.14302598), (0.12040746, 0.45353913, 0.17589356), (0.11732328, 0.4527115, 0.1261616), (0.1059779, 0.45535925, 0.061503045), (0.13093492, 0.44928053, 0.08676295), (0.13080554, 0.44926387, 0.11789638), (0.13196622, 0.4492391, 0.14575984), (0.13270509, 0.449798, 0.1639134), (0.13412443, 0.45031273, 0.17760333), (0.12732142, 0.449455, 0.03378883), (0.12638642, 0.44979414, 0.007238215), (0.12866718, 0.4487591, -0.06433632), (0.13430642, 0.45203617, 0.18750302), (0.1183454, 0.45853817, 0.20239978), (0.137303, 0.45420006, 0.20189388), (-0.051996317, 0.46590167, -0.2311397), (-0.017855147, 0.46778277, -0.23136209), (0.1367703, 0.44639775, -0.16483393), (0.1379566, 0.44606546, -0.11567289), (0.16211578, 0.4383542, -0.09425929), (0.16356654, 0.4378698, -0.13040558), (0.1667347, 0.43644667, -0.04448653), (0.16439982, 0.43764204, -0.19332334), (0.13454641, 0.44683218, -0.19925094), (0.13231124, 0.4477866, -0.21821697), (0.1662395, 0.43748933, -0.21983714), (0.12161934, 0.45159552, -0.2291138), (0.1661367, 0.43814686, -0.23133048), (0.14974172, 0.44313964, -0.23123422), (0.15492976, 0.44044355, -0.0165833), (0.16756047, 0.4361946, -0.004811531), (0.16832927, 0.43558964, 0.041851), (0.15680659, 0.4396688, 0.03975671), (0.16848673, 0.43584055, 0.07332463), (0.15107615, 0.44192803, 0.08376785), (0.16878879, 0.4355401, 0.12248403), (0.16988553, 0.4354682, 0.14586774), (-0.0011829522, 0.4756284, 0.2062368), (0.17039192, 0.43638796, 0.17688823), (0.17772982, 0.4361867, 0.19107746), (-0.14568241, 0.4436941, 0.052331775), (0.106133506, 0.46271947, 0.20640035), (0.06640736, 0.47059345, 0.20670813), (-0.17560892, 0.4328138, -0.20865114), (-0.17918876, 0.43153164, -0.05724025), (-0.172662, 0.4339508, -0.109039456), (-0.16416307, 0.4369852, -0.039300438), (-0.16349722, 0.43686742, 0.025640715), (-0.18452516, 0.42893514, 0.017502084), (-0.183229, 0.4296249, 0.054907713), (-0.16714604, 0.4355809, 0.13052177), (-0.1833285, 0.4294163, 0.11890738), (-0.1832994, 0.42990392, 0.15539223), (-0.17938198, 0.43190205, -0.22685836), (-0.1587063, 0.44008908, -0.22989655), (-0.15468791, 0.44137412, 0.17270203), (-0.18258424, 0.43101466, 0.17479916), (-0.18531087, 0.42898518, -0.10716186), (-0.18547238, 0.4288834, -0.15416388), (-0.18506886, 0.4289474, -0.058037575), (-0.18364942, 0.43256313, 0.18418455), (-0.19770321, 0.42303324, -0.21122184), (-0.20845528, 0.41931045, -0.22892101), (-0.15545644, 0.44787127, 0.20230474), (-0.17539382, 0.44026992, 0.20244136), (-0.1862524, 0.43712336, 0.20436394), (-0.21254261, 0.4160986, -0.20770855), (-0.21433452, 0.4146311, -0.16270453), (-0.20931411, 0.41722256, -0.083850145), (-0.21118623, 0.4154347, -0.015200424), (-0.20809206, 0.41702098, 0.036462035), (-0.1945526, 0.42363358, 0.10827521), (-0.23288514, 0.40444773, 0.106366985), (-0.22467136, 0.4093811, -0.11872106), (-0.23529702, 0.40289834, 0.057529714), (-0.23550394, 0.40325445, -0.06102704), (-0.23728928, 0.4016327, 0.017844884), (-0.23309478, 0.40488404, 0.17483622), (-0.2313635, 0.40533903, 0.14455469), (-0.20001103, 0.42192984, 0.1752813), (-0.18410805, 0.43188062, -0.23159243), (-0.2280971, 0.40814698, -0.21111055), (-0.2343805, 0.40406653, -0.15790927), (-0.24277869, 0.3993393, -0.0965382), (-0.23243466, 0.407036, -0.23092584), (0.08499393, 0.46763688, 0.20637013), (-0.23507228, 0.4070146, 0.18808952), (-0.21776839, 0.416215, 0.18908118), (-0.1987441, 0.4254069, 0.18787658), (-0.24151888, 0.40032277, -0.21352732), (0.13666934, 0.4563434, 0.20624256), (-0.24690905, 0.39650825, -0.16550401), (-0.2010329, 0.42968208, 0.20498107), (-0.23784387, 0.4112445, 0.20520878), (-0.2067885, 0.42091012, -0.23134254), (-0.26319367, 0.38691851, -0.21739797), (-0.26500973, 0.38505894, -0.14979695), (-0.25691867, 0.39166084, -0.23092897), (-0.26619864, 0.3842745, -0.050474163), (-0.26646206, 0.38379845, 0.016899647), (-0.25958765, 0.3879115, 0.06097839), (-0.25967678, 0.3876918, 0.12462289), (-0.2700156, 0.38164562, 0.17643437), (-0.2684383, 0.38245827, 0.10938536), (-0.26567513, 0.38478592, -0.100891), (-0.2765258, 0.37712547, -0.20506865), (-0.27965224, 0.37597647, -0.23042926), (-0.27816856, 0.37940753, 0.18855742), (-0.2824495, 0.3725806, -0.07547865), (-0.28273532, 0.37197807, -0.030973732), (-0.3034107, 0.35644466, -0.026612196), (-0.29529956, 0.36253437, 0.038544163), (-0.2879533, 0.36811447, 0.09550745), (-0.2856471, 0.36985013, 0.15285249), (-0.29050013, 0.36679158, 0.17624769), (-0.24904239, 0.40414017, 0.20487195), (-0.26125097, 0.39552158, 0.2031082), (-0.2810597, 0.38227037, 0.2016489), (-0.28940484, 0.36865258, -0.23031381), (-0.29042658, 0.3665411, -0.11119879), (-0.30704695, 0.35359794, -0.10217603), (-0.30075905, 0.35862297, -0.17587912), (-0.3015668, 0.35845664, -0.21584783), (-0.30510888, 0.35499012, 0.15216449), (-0.31085074, 0.35099247, 0.1754032), (-0.30541041, 0.35476744, 0.08004895), (-0.30661663, 0.3535769, 0.11619398), (-0.308649, 0.35178453, 0.037837684), (-0.3062144, 0.35530934, -0.2298697), (-0.10690148, 0.4665568, 0.21117254), (-0.3080743, 0.35586232, 0.18666145), (-0.3111745, 0.3499923, -0.17373976), (-0.10716688, 0.46461794, -0.24418016), (-0.08999352, 0.46402, -0.23609494), (-0.08698791, 0.46883953, -0.24376291), (-0.092733, 0.46695232, -0.2468538), (-0.06627013, 0.47219947, -0.24390702), (-0.050074577, 0.47345033, -0.24663642), (-0.049263816, 0.4744877, -0.24355942), (-0.0059586028, 0.4765089, -0.24381556), (0.00045717158, 0.47695038, -0.2440073), (-0.11710943, 0.45782414, -0.25203148), (-0.12246148, 0.46095645, -0.24431702), (-0.14311855, 0.45390856, -0.24693054), (-0.14164472, 0.45512035, -0.24394529), (-0.16717264, 0.44690365, -0.2444332), (-0.18638055, 0.4393695, -0.24389207), (-0.18720353, 0.43850604, -0.24642904), (-0.20680659, 0.4306173, -0.24483146), (-0.22149138, 0.41787317, -0.23673071), (-0.22140314, 0.42324057, -0.24415919), (-0.17083992, 0.44496858, -0.24648511), (-0.22205357, 0.42212632, -0.24656475), (-0.23329577, 0.41696373, -0.24462268), (-0.07361915, 0.46634144, -0.25272158), (-0.32279637, 0.34066844, -0.22897507), (-0.30868497, 0.3611798, 0.2027966), (-0.2933559, 0.37405545, 0.20483083), (-0.095651984, 0.46271986, -0.25249952), (-0.16621733, 0.44913056, 0.21084926), (-0.14028333, 0.46018958, 0.21224307), (-0.048436165, 0.47009858, -0.25237423), (0.0013497435, 0.47260258, -0.25172192), (0.048992176, 0.47354516, -0.24614005), (0.051381625, 0.4741116, -0.24374604), (0.07537988, 0.47045234, -0.24350283), (0.07824272, 0.46536082, -0.23643957), (0.105042525, 0.46131182, -0.23699054), (0.08886672, 0.46416226, -0.2520914), (-0.28081778, 0.38476515, 0.2057885), (0.10322802, 0.46445274, -0.2476037), (0.10650709, 0.46542925, -0.24361664), (-0.073350534, 0.4807801, 0.22300895), (-0.16951363, 0.44161958, -0.25216842), (0.050535083, 0.46983856, -0.2522878), (0.16670957, 0.44278118, 0.20098755), (0.18351315, 0.43688095, 0.20275478), (0.20117174, 0.4214079, -0.20694749), (-0.14295267, 0.4730088, 0.23192811), (0.19483799, 0.42375055, -0.14053012), (0.19691491, 0.42273343, 0.11016909), (0.18528695, 0.42794815, 0.124184765), (0.18507726, 0.42822352, 0.08294455), (0.21507877, 0.4145529, 0.1644951), (0.20318218, 0.4198857, 0.021714939), (0.21724842, 0.41350603, 0.0470933), (0.2151168, 0.41458046, 0.008064333), (0.21616074, 0.41433543, -0.039337642), (0.21534501, 0.41454327, -0.096805096), (0.21373735, 0.41513526, -0.16597907), (0.21055436, 0.4167995, -0.19831873), (0.19629194, 0.42428362, 0.18052036), (0.19112846, 0.42682096, -0.23143154), (0.20664677, 0.41965026, -0.2314548), (0.21730398, 0.41297698, 0.12468757), (-0.09376304, 0.48316172, 0.2304584), (-0.10660391, 0.4847367, 0.23794416), (-0.14377695, 0.47510493, 0.2358819), (-0.12329891, 0.4804031, 0.23744357), (-0.14372563, 0.47802705, 0.24332735), (-0.12605968, 0.48218796, 0.24378061), (-0.14031903, 0.48071617, 0.2526861), (-0.12339378, 0.48455882, 0.25278878), (-0.095565595, 0.49119544, 0.25251257), (-0.10672562, 0.4882502, 0.25415152), (-0.14883941, 0.47788718, 0.25006413), (-0.15295443, 0.47619703, 0.25398082), (-0.1655794, 0.4716756, 0.25374368), (-0.19033055, 0.46241376, 0.2502902), (-0.1790784, 0.46670634, 0.25363138), (-0.09434602, 0.48878366, 0.24107674), (-0.07564074, 0.49334928, 0.24993518), (-0.08087319, 0.49268883, 0.2537074), (-0.04476682, 0.49738458, 0.25281122), (-0.04410333, 0.49667323, 0.2452172), (-0.00041616574, 0.4998158, 0.2505333), (-0.00047231695, 0.49990082, 0.2538829), (0.00004556381, 0.49882692, 0.24512517), (0.04469531, 0.49708843, 0.24995905), (0.0428434, 0.4971441, 0.25368807), (0.027981844, 0.49719903, 0.24456123), (0.044625185, 0.4963821, 0.24555315), (-0.07270207, 0.49025163, 0.23768546), (0.07248323, 0.49312013, 0.25531366), (0.07307456, 0.49306613, 0.24879527), (0.08977826, 0.49140695, 0.25481272), (0.08759748, 0.49121642, 0.2472271), (-0.19417751, 0.46016338, 0.25400034), (-0.20744455, 0.4545389, 0.24981566), (-0.20935246, 0.45329827, 0.25364998), (0.06451862, 0.49191, 0.23979248), (-0.22614855, 0.44533706, 0.2502369), (-0.22557351, 0.44538963, 0.253459), (-0.24039385, 0.43806663, 0.25344375), (-0.16016911, 0.47027057, 0.23870322), (-0.17784047, 0.46363768, 0.23887466), (-0.045860432, 0.49270004, 0.23519747), (-0.24664463, 0.43474922, 0.25012213), (0.101074755, 0.48906487, 0.25286296), (0.00035045226, 0.49551818, 0.23647727), (-0.19307981, 0.45637083, 0.2355459), (0.1420903, 0.47849217, 0.24405494), (0.043847457, 0.49274623, 0.23542039), (0.12106395, 0.48478943, 0.2532086), (0.14195094, 0.48011252, 0.25087768), (0.14060661, 0.48041722, 0.25448313), (-0.094387665, 0.49005002, 0.2558153), (-0.080094755, 0.49212474, 0.25533763), (0.0874828, 0.48768586, 0.23656513), (-0.25387675, 0.4302122, 0.25342134), (-0.26642275, 0.42284176, 0.2519068), (-0.0402343, 0.4964054, 0.25605807), (-0.22896941, 0.4395831, 0.23767179), (-0.24848062, 0.42953414, 0.23720193), (0.11601842, 0.48116177, 0.23585108), (0.14114977, 0.47712138, 0.23931174), (-0.2718805, 0.41573128, 0.23889387), (-0.27733886, 0.4155349, 0.25032794), (-0.2845227, 0.41047317, 0.25401413), (-0.29363367, 0.40489426, 0.25147185), (0.15250868, 0.4763492, 0.25451896), (-0.13850687, 0.47984305, 0.25534856), (-0.12258499, 0.4833388, 0.2556257), (0.08803686, 0.48526475, 0.23245819), (-0.1651824, 0.46409646, 0.23142795), (-0.19048321, 0.44694906, 0.22050689), (-0.29223317, 0.4018885, 0.23759916), (-0.0006334113, 0.49059165, 0.22781968), (0.036819603, 0.49642769, 0.25621426), (-0.047432326, 0.4881013, 0.22785957), (-0.03388206, 0.48824403, 0.22687376), (0.1630487, 0.4721737, 0.2495763), (0.16408062, 0.4720335, 0.25457782), (0.17876366, 0.46651402, 0.25458562), (0.18950029, 0.46252948, 0.2519906), (0.12106174, 0.48377544, 0.25590202), (0.10191231, 0.4878588, 0.25583315), (-0.002023073, 0.49830616, 0.2567893), (0.04298147, 0.48753366, 0.22671594), (-0.26730978, 0.4212711, 0.2546891), (0.19216655, 0.45941004, 0.24373074), (-0.31334454, 0.38923606, 0.25013348), (-0.30837664, 0.39007306, 0.24026212), (-0.30528408, 0.3956009, 0.2531908), (0.16209762, 0.468878, 0.23773491), (-0.32144725, 0.3822885, 0.25385126), (0.13957264, 0.47304174, 0.23063497), (0.19442247, 0.46011028, 0.2543864), (-0.32849637, 0.37626663, 0.2527036), (0.08808788, 0.4811689, 0.22604607), (0.13059196, 0.45679918, -0.24694264), (0.1373097, 0.45644188, -0.24341494), (0.16491663, 0.4466794, -0.24713403), (0.16724187, 0.44734275, -0.2435552), (0.102506116, 0.4614986, -0.25273138), (-0.14651218, 0.44873157, -0.2526861), (0.19042367, 0.45723155, 0.23612069), (-0.3367226, 0.36898193, 0.25349572), (-0.2448042, 0.42388454, 0.22609113), (-0.20727862, 0.4486078, 0.23488191), (-0.21736448, 0.4223683, 0.20626421), (0.20633177, 0.45440617, 0.2500112), (0.20690903, 0.45426655, 0.25441548), (0.21860766, 0.44867155, 0.254394), (0.22542499, 0.44529757, 0.25181302), (0.1636147, 0.44700688, 0.20731276), (0.22026634, 0.4124565, 0.1802784), (0.17352289, 0.435365, 0.18001036), (-0.19867857, 0.42847377, -0.25310865), (-0.27295202, 0.41011715, 0.23092611), (-0.29048252, 0.39715457, 0.22883572), (-0.3310695, 0.36971065, 0.23806), (0.23045641, 0.44257897, 0.25492), (0.21003272, 0.42103314, 0.19285479), (0.22626431, 0.416079, 0.20169084), (0.20497186, 0.42695382, 0.2031092), (0.2411228, 0.40053865, -0.20572187), (0.24171314, 0.40108994, -0.23137243), (0.24058467, 0.40059507, -0.17874843), (0.2405387, 0.4006348, -0.1359093), (0.23389453, 0.40418807, -0.05157091), (0.23974016, 0.40102437, -0.048082184), (0.24065422, 0.40017813, -0.0003273674), (0.23839933, 0.40147188, 0.06712069), (0.24247798, 0.3988757, 0.15890537), (0.1971273, 0.4347379, -0.24374446), (0.21398461, 0.44668415, 0.23777875), (0.24027899, 0.4355151, 0.24311228), (0.25441417, 0.4292396, 0.2495556), (0.25091627, 0.43148538, 0.25362346), (0.19575804, 0.43354926, -0.24741243), (0.1543457, 0.44640782, -0.25247395), (0.12463209, 0.45419148, -0.25344008), (0.18457998, 0.4393223, 0.20761304), (0.16343045, 0.46357924, 0.22977637), (0.18728507, 0.45300624, 0.22721572), (0.24703941, 0.3961262, 0.16708271), (0.24993275, 0.39397073, 0.0983349), (0.25366172, 0.39194512, -0.03648529), (0.27643386, 0.37674886, 0.07374528), (0.24558884, 0.39771903, 0.18075134), (0.25538197, 0.42564264, 0.23892058), (0.23242001, 0.43648443, 0.2360149), (0.21480063, 0.42469993, -0.24721858), (0.22740778, 0.42009354, -0.24398702), (0.26594535, 0.42203715, 0.2549251), (0.243728, 0.4018347, 0.19080004), (0.24307267, 0.40630168, 0.202275), (0.070594735, 0.4657012, -0.25367704), (0.26161662, 0.39468357, 0.2023284), (0.22751707, 0.42045966, 0.2098589), (0.20971672, 0.4424738, 0.22769599), (0.236027, 0.42905197, 0.22709347), (0.25111353, 0.42072493, 0.22726838), (-0.03221906, 0.46881765, -0.25457972), (-0.31189522, 0.38530478, 0.23653546), (0.17010993, 0.43988886, -0.25378212), (-0.22460072, 0.41543674, -0.2533275), (-0.25131488, 0.40589213, -0.24646741), (-0.2517101, 0.40624902, -0.24397339), (-0.26483953, 0.3975225, -0.24474323), (-0.27738512, 0.38831794, -0.24637191), (-0.27927428, 0.3873463, -0.24404477), (-0.29315498, 0.37727663, -0.24624574), (-0.29564124, 0.37594065, -0.24400558), (-0.26830208, 0.3846095, -0.23172148), (-0.3099048, 0.3634318, -0.24614152), (-0.3079464, 0.3657265, -0.2440455), (-0.31844857, 0.3565019, -0.24400827), (-0.3198231, 0.35481745, -0.2462934), (-0.33501142, 0.34066468, -0.24641606), (-0.33828905, 0.33819076, -0.24391787), (-0.34695777, 0.3592238, 0.25328222), (-0.31590146, 0.35570744, 0.20313457), (0.23934892, 0.412093, -0.24695316), (0.24642256, 0.40973774, -0.24367258), (0.16533662, 0.44388258, -0.23777568), (0.26730132, 0.39566118, -0.2436616), (-0.31664425, 0.3610878, 0.2111626), (-0.0016530259, 0.45793155, -0.26712283), (0.042794492, 0.4562823, -0.26692334), (-0.0021135642, 0.44530386, -0.28121036), (0.049558, 0.44874206, -0.27482572), (0.049307637, 0.44280738, -0.2817292), (0.04987336, 0.43473274, -0.29970214), (-0.00058734615, 0.44013336, -0.29205325), (0.0013793176, 0.43698722, -0.29956272), (-0.027298775, 0.43612054, -0.29980376), (-0.025779407, 0.4439107, -0.28193802), (-0.04916242, 0.44320595, -0.2809658), (-0.04866468, 0.4348481, -0.2998493), (-0.07712597, 0.43827173, -0.28264552), (-0.0790764, 0.43050504, -0.29956168), (-0.063807845, 0.432747, -0.29997483), (-0.1054882, 0.42470142, -0.299496), (-0.099325635, 0.43288323, -0.284427), (-0.12742022, 0.42330694, -0.28992882), (-0.12582588, 0.41903684, -0.30016682), (-0.14994742, 0.41499844, -0.29186353), (0.07691963, 0.43081793, -0.29838654), (0.08365623, 0.43686855, -0.28290477), (-0.15344192, 0.40979904, -0.30011234), (-0.1799537, 0.4033921, -0.29220042), (-0.17679921, 0.4004787, -0.30096108), (0.10092772, 0.42601982, -0.2987785), (0.09889689, 0.43417433, -0.28275493), (-0.12811404, 0.4286279, -0.28020698), (-0.09711301, 0.4350776, -0.28148398), (-0.14009589, 0.42260098, -0.28367573), (-0.1525506, 0.41873875, -0.2829622), (-0.17467995, 0.41090965, -0.2821224), (-0.20480837, 0.38839233, -0.29961154), (-0.19194059, 0.40261266, -0.28304422), (-0.20902786, 0.3940861, -0.28345236), (-0.22182189, 0.38808525, -0.28241637), (0.12993026, 0.42096, -0.29239926), (0.13137507, 0.41718796, -0.2994668), (0.11635784, 0.429703, -0.28233457), (0.14194067, 0.4227594, -0.2821392), (0.1545684, 0.40967122, -0.29902348), (-0.07435668, 0.44057044, -0.2799981), (-0.22761299, 0.38365355, -0.28393707), (-0.22110479, 0.37981936, -0.29934976), (0.048356775, 0.4323731, -0.3034135), (-0.016442338, 0.4266474, -0.31412134), (-0.23577774, 0.370272, -0.3009721), (-0.24489556, 0.37368917, -0.28272134), (-0.0013228521, 0.42681828, -0.3141324), (-0.050570954, 0.4236695, -0.3151344), (0.16888165, 0.41298112, -0.2823825), (-0.104348324, 0.41330174, -0.31627932), (-0.07802085, 0.42391792, -0.30891174), (-0.072132386, 0.4200792, -0.31594864), (-0.13049252, 0.40615305, -0.3163212), (-0.14653905, 0.40087175, -0.31656742), (-0.16181172, 0.39523757, -0.31625202), (0.0998292, 0.41932574, -0.30918568), (0.16953534, 0.4081186, -0.29116854), (0.1702993, 0.4034032, -0.30030066), (0.088806905, 0.41638517, -0.31633645), (0.19392405, 0.39404243, -0.29765016), (0.18050879, 0.40698683, -0.28383517), (0.04883047, 0.42380998, -0.31488404), (0.058892846, 0.42288584, -0.31424972), (0.19472477, 0.4023612, -0.28131407), (0.119637504, 0.40875885, -0.31655863), (-0.25507018, 0.366267, -0.28339612), (-0.25379696, 0.35892645, -0.29991922), (-0.2664791, 0.35745525, -0.28454745), (-0.27899057, 0.3490984, -0.28301215), (-0.18108842, 0.38724017, -0.316365), (-0.19384092, 0.38151714, -0.31618088), (-0.27007985, 0.34636402, -0.30062857), (-0.21913978, 0.36931506, -0.31574583), (0.2114928, 0.39297584, -0.28254366), (0.20668127, 0.3872027, -0.29857543), (0.22971211, 0.37544248, -0.29726082), (0.23054476, 0.38291672, -0.28231043), (0.15150127, 0.39835724, -0.31664383), (0.1292902, 0.4055352, -0.31636757), (-0.24258034, 0.35646987, -0.31402534), (-0.22881585, 0.36329433, -0.31613454), (-0.28786054, 0.33149335, -0.30133155), (-0.2946188, 0.33644992, -0.28262967), (-0.1530327, 0.428544, -0.27185768), (-0.12646686, 0.4480513, -0.2593792), (-0.17450982, 0.42699185, -0.26550168), (-0.094229564, 0.4506285, -0.26525238), (-0.0722936, 0.45620498, -0.26335672), (0.081429936, 0.4472881, -0.27141103), (0.09957837, 0.44340217, -0.27231425), (0.1520014, 0.43185976, -0.26872545), (0.1914895, 0.38631883, -0.31072405), (0.17918256, 0.38756263, -0.31658474), (-0.25324035, 0.3995876, -0.25256515), (0.1935364, 0.43050316, -0.25272438), (-0.19808728, 0.41121075, -0.27085346), (-0.22376625, 0.39625242, -0.27271435), (0.2461244, 0.40743312, 0.2069801), (0.20922564, 0.37289816, -0.31677863), (0.06557417, 0.42055026, -0.3156492), (0.23028782, 0.41372547, -0.25126773), (-0.26595363, 0.38967276, -0.25400195), (-0.2598383, 0.34200335, -0.31584933), (-0.30712467, 0.31419173, -0.30051598), (-0.30911896, 0.3235922, -0.28253406), (-0.35305145, 0.32272205, -0.24399714), (-0.29169574, 0.3729623, -0.25252637), (-0.31376237, 0.3537073, -0.25338608), (-0.31771407, 0.37191263, 0.22515148), (-0.25466323, 0.38561153, -0.26493675), (-0.27804723, 0.36342326, -0.27037343), (0.2697819, 0.3965632, 0.21211687), (0.17232084, 0.42167237, -0.27153093), (0.19288054, 0.38035297, -0.31691897), (-0.20301265, 0.45302895, 0.2574154), (-0.21993192, 0.4440283, 0.2579128), (-0.23827372, 0.4356347, 0.2577856), (-0.27852565, 0.32596198, -0.31639883), (0.20581996, 0.40787172, -0.26964298), (-0.25892368, 0.4235285, 0.25763726), (0.14330855, 0.4769, 0.25758138), (-0.21031357, 0.37247512, -0.3168722), (-0.1808403, 0.46211505, 0.25773418), (-0.3050486, 0.30555224, -0.3125898), (0.23297364, 0.3927062, -0.27053687), (-0.32999384, 0.33958837, -0.25267318), (-0.32054713, 0.33276784, -0.26596195), (-0.3039721, 0.39289033, 0.25762808), (-0.3003035, 0.30580908, -0.3164863), (0.24509813, 0.37427488, -0.28128624), (-0.24925049, 0.34864777, -0.31655025), (-0.023136036, 0.42440844, -0.31513268), (-0.23221841, 0.35950056, -0.31678432), (-0.39479503, -0.1553935, -0.31609616), (-0.40141645, -0.13561708, -0.3160405), (-0.38868877, -0.16958985, -0.31614223), (-0.38276544, -0.18207349, -0.3163557), (-0.37644532, -0.1959602, -0.31650388), (-0.36892363, -0.20963532, -0.31639418), (-0.36360866, -0.22028886, -0.31644168), (-0.35496923, -0.2343135, -0.31548488), (-0.35055077, -0.2419507, -0.31598198), (-0.3393405, -0.25689924, -0.3163692), (-0.330952, -0.2679745, -0.31659037), (-0.32066634, -0.2795163, -0.3162106), (-0.2970131, -0.30446956, -0.31630552), (-0.27854648, -0.32245082, -0.31632727), (-0.25982392, -0.33812392, -0.31640524), (-0.40581477, -0.115887396, -0.3138053), (-0.4130846, -0.08556341, -0.31370473), (-0.34144762, -0.25081855, -0.31395352), (-0.33250937, -0.25978106, -0.31203568), (-0.39948946, -0.13052034, -0.3125492), (-0.403023, -0.123862304, -0.31346396), (-0.406864, -0.08919069, -0.30697113), (-0.38990125, -0.15209454, -0.31018692), (-0.3794653, -0.18156439, -0.31297755), (-0.37304106, -0.20127429, -0.31589332), (-0.38469103, -0.17034152, -0.31252664), (0.3778874, 0.14165619, -0.29166463), (0.3920893, 0.14868416, -0.3119662), (0.37365192, 0.16921182, -0.29888377), (0.38164535, 0.17108352, -0.309549), (0.39710832, 0.12991253, -0.30851558), (0.3845435, 0.12769644, -0.29250258), (0.39188802, 0.10884693, -0.2934587), (0.36720785, 0.18612218, -0.29929414), (0.36543685, 0.16756657, -0.2892701), (0.35434914, 0.19898517, -0.29015878), (0.35931543, 0.20342487, -0.2982447), (0.40503678, 0.11189058, -0.3113345), (0.37573063, 0.19131552, -0.31347775), (0.3805242, 0.18614042, -0.3162134), (0.3734988, 0.20215039, -0.31642658), (0.38660365, 0.17382859, -0.31629014), (0.3893219, 0.16075815, -0.31344736), (0.3690797, 0.20851693, -0.31600598), (0.37015837, 0.1385761, -0.2828464), (0.3746222, 0.12692703, -0.28238508), (0.39673668, 0.14858402, -0.31628418), (0.34650657, 0.19935334, -0.28278476), (0.38357672, 0.1125943, -0.28664115), (0.34480554, 0.22274749, -0.29447502), (0.36356682, 0.21852148, -0.31566748), (0.3621236, 0.22359814, -0.31637847), (0.358319, 0.16710825, -0.2829482), (0.3493363, 0.24092577, -0.31426173), (0.34206265, 0.23704258, -0.30219224), (0.3302317, 0.22379671, -0.28272444), (0.33705112, 0.23035584, -0.29235786), (0.32733577, 0.25159502, -0.29642358), (0.31425563, 0.24902293, -0.28310212), (0.3391971, 0.2552898, -0.3140569), (0.31649795, 0.26414803, -0.29602405), (0.34640977, 0.24947743, -0.31639916), (0.35708728, 0.23294638, -0.31640363), (0.33367273, 0.26565653, -0.31613803), (0.3491135, 0.17152448, -0.27899793), (0.35464373, 0.15850276, -0.27968258), (0.36425647, 0.14363077, -0.2810437), (0.3179695, 0.23121983, -0.2795045), (0.30114597, 0.2545454, -0.27918193), (0.33734992, 0.20209159, -0.27997696), (0.12142466, 0.38782454, -0.2931175), (0.12831405, 0.40119377, -0.3126345), (0.11243181, 0.40596995, -0.31265005), (0.099478446, 0.3922609, -0.29076603), (0.07504618, 0.40333042, -0.29675078), (0.0904417, 0.4126971, -0.3143064), (0.06837368, 0.41725448, -0.31294286), (0.07584025, 0.3969791, -0.28934145), (0.1441023, 0.39818075, -0.31596157), (0.16860281, 0.3768755, -0.3013816), (0.18196118, 0.38170618, -0.3147618), (0.17424105, 0.38680092, -0.31599987), (0.17667629, 0.3688119, -0.2962124), (0.16181047, 0.38774404, -0.31134197), (0.14848873, 0.37478969, -0.29035565), (0.13114765, 0.38763, -0.29788598), (0.14640991, 0.3939794, -0.31290522), (0.12577157, 0.3758916, -0.28300256), (0.17467211, 0.36346015, -0.28946495), (0.20145822, 0.3584546, -0.29555476), (0.20104924, 0.34591773, -0.28267166), (0.16225825, 0.39278743, -0.31635475), (0.106729075, 0.38156354, -0.2826198), (0.17143081, 0.3573944, -0.28283814), (0.14747417, 0.36630607, -0.28264868), (0.08662183, 0.3870549, -0.2828113), (0.072481714, 0.391587, -0.28302163), (0.11727277, 0.37346622, -0.2795118), (0.10427548, 0.37665254, -0.2788012), (0.13772044, 0.36460552, -0.27915478), (0.18235804, 0.34719956, -0.27907154), (0.08123823, 0.3826079, -0.27938625), (0.1620546, 0.3544164, -0.27936557), (0.051078085, 0.38882738, -0.27922264), (0.20407492, 0.3377994, -0.27956873), (0.22038537, 0.3272067, -0.27919796), (0.2011331, 0.3748214, -0.31678656), (0.21124677, 0.36838615, -0.31617254), (0.220591, 0.36223444, -0.31434807), (0.21742284, 0.35165924, -0.29852703), (0.23098138, 0.35844734, -0.31638288), (0.2189633, 0.34397396, -0.2911207), (0.23165478, 0.34201223, -0.29801983), (0.2404424, 0.35123003, -0.31566527), (0.24924308, 0.33119953, -0.29831392), (0.25304967, 0.34364665, -0.3159757), (0.24603473, 0.3274168, -0.29208702), (0.22777253, 0.32845247, -0.28284976), (0.26545206, 0.316786, -0.29635036), (0.2723296, 0.32883543, -0.3159703), (0.26101667, 0.33729768, -0.31584516), (0.24565326, 0.3173244, -0.28308675), (0.27069736, 0.30109861, -0.28721964), (0.28664067, 0.29907542, -0.2986909), (0.28887728, 0.31345755, -0.31609905), (0.2826534, 0.29668498, -0.29297397), (0.29734612, 0.28804293, -0.29837736), (0.30080032, 0.30167288, -0.31608793), (0.29494926, 0.2796386, -0.28941572), (0.3078767, 0.2902976, -0.31255367), (0.3169826, 0.28519973, -0.31621802), (0.30368164, 0.27925208, -0.29703864), (0.32596326, 0.27114886, -0.31334418), (0.3254853, 0.27570707, -0.31635302), (0.2764638, 0.28813112, -0.28280872), (0.29571405, 0.26888636, -0.2829004), (0.26386243, 0.30077103, -0.2828352), (0.22496445, 0.3627788, -0.31654903), (0.25025564, 0.30528572, -0.27913907), (0.26901752, 0.28773743, -0.2791672), (0.23074906, 0.31849787, -0.27905956), (0.28694677, 0.2687894, -0.2790698), (0.27933314, 0.32386315, -0.31647968), (-0.17368318, -0.371672, -0.29785627), (-0.16743016, -0.36717492, -0.28980124), (-0.17714989, -0.36199495, -0.28843728), (-0.18958391, -0.36427513, -0.29677886), (-0.15912023, -0.3762194, -0.2962863), (-0.20617251, -0.3573175, -0.29686102), (-0.20710224, -0.35126263, -0.2904132), (-0.19495423, -0.34882292, -0.28269386), (-0.12880823, -0.38263035, -0.29033458), (-0.12987709, -0.38863656, -0.29742798), (-0.16480345, -0.38677877, -0.31275627), (-0.14286141, -0.3958191, -0.3133687), (-0.13029918, -0.39979517, -0.3121291), (-0.18114506, -0.3800426, -0.31294948), (-0.20029658, -0.37119418, -0.3125523), (-0.114265025, -0.4054683, -0.31333488), (-0.093518786, -0.397449, -0.2959607), (-0.08599616, -0.41161835, -0.3125235), (-0.081236355, -0.4000001, -0.2947121), (-0.06944187, -0.4058747, -0.29885915), (-0.070357576, -0.41776064, -0.31496796), (-0.09223291, -0.3897669, -0.28738633), (-0.0470745, -0.4207727, -0.3125418), (-0.050168272, -0.4045109, -0.29265717), (-0.072481506, -0.39675227, -0.28939697), (-0.079284124, -0.3886395, -0.28261176), (-0.1428757, -0.368981, -0.28253293), (-0.11284641, -0.4090532, -0.31608006), (-0.10415665, -0.3808532, -0.28274834), (-0.12915203, -0.3737591, -0.28251773), (-0.20895654, -0.34221628, -0.28302312), (-0.17145215, -0.35734382, -0.28277642), (-0.17074423, -0.38821572, -0.31615415), (-0.19169296, -0.37961057, -0.31642404), (-0.21223226, -0.36906394, -0.31664902), (-0.15479642, -0.39459676, -0.3161069), (-0.2150017, -0.36426893, -0.31347936), (-0.22764996, -0.36002666, -0.31619647), (-0.22815801, -0.35412744, -0.3099001), (-0.22403891, -0.34737685, -0.29783815), (-0.23993655, -0.35229573, -0.31611738), (-0.22180039, -0.3410462, -0.28948522), (-0.049089514, -0.3940553, -0.28258264), (-0.043391075, -0.40584734, -0.2935018), (-0.034622837, -0.42424333, -0.31491202), (-0.0321989, -0.40928343, -0.29591963), (-0.05405236, -0.42200887, -0.3148119), (-0.031955123, -0.39587694, -0.2823962), (-0.0036511545, -0.41409257, -0.2999259), (-0.018702671, -0.42451227, -0.31428897), (-0.0017808401, -0.40505955, -0.28960824), (-0.0015090092, -0.4251651, -0.3144637), (-0.2386282, -0.33688617, -0.29748645), (-0.23892336, -0.3289848, -0.2894274), (-0.25492665, -0.32420564, -0.2963808), (-0.23683915, -0.32317245, -0.28281978), (-0.25212207, -0.3135565, -0.28375953), (-0.24393542, -0.34601003, -0.3130403), (-0.25704375, -0.33549067, -0.31210077), (-0.001954074, -0.3969553, -0.28214112), (-0.2748158, -0.32001576, -0.31140217), (-0.2685773, -0.30593, -0.2898073), (-0.28243777, -0.30053782, -0.296587), (-0.2797491, -0.29651263, -0.29015708), (-0.18356916, -0.3468962, -0.27912232), (-0.21232729, -0.33333313, -0.27917346), (-0.14859128, -0.360969, -0.27959037), (-0.12288123, -0.3704712, -0.27977422), (-0.24658234, -0.30947775, -0.27950525), (-0.25934657, -0.29874524, -0.2789103), (-0.26092815, -0.30270746, -0.28200242), (-0.27103043, -0.29554287, -0.28241313), (-0.16680545, -0.35153082, -0.27921194), (-0.22897075, -0.32057974, -0.27911875), (-0.103853166, -0.37403437, -0.27926448), (-0.0826088, -0.38060546, -0.2795537), (-0.042549226, -0.3882483, -0.27896526), (-0.1334936, -0.3648214, -0.27924562), (-0.27557075, -0.28358498, -0.2789292), (0.022765107, -0.4044896, -0.29013443), (0.04153417, -0.39485216, -0.28242984), (-0.28867987, -0.27563998, -0.28210083), (0.0024407376, -0.3901971, -0.27894726), (-0.28795138, -0.26950154, -0.27895847), (-0.30163622, -0.26170146, -0.28215322), (-0.29970384, -0.25695848, -0.27910393), (-0.31231, -0.24313937, -0.2792756), (-0.31409356, -0.24937022, -0.28346238), (-0.3179918, -0.24514407, -0.28302908), (-0.32947543, -0.21861298, -0.27895117), (-0.33260393, -0.22515686, -0.28357714), (0.043573413, -0.4020459, -0.2894471), (-0.34123167, -0.21191183, -0.28395966), (-0.336658, -0.20749557, -0.2788967), (-0.34649837, -0.20118731, -0.28275865), (-0.29965928, -0.27283138, -0.288308), (-0.28904206, -0.28399256, -0.28821048), (0.05118101, -0.39269057, -0.28211182), (0.07474519, -0.39011088, -0.2828099), (-0.29277027, -0.3054914, -0.3134622), (0.0738525, -0.39912722, -0.29179347), (0.021523347, -0.41391423, -0.30126238), (0.019510666, -0.42449513, -0.31485572), (0.044980373, -0.40896136, -0.297738), (-0.32944706, -0.24565609, -0.29386067), (0.10993743, -0.38740006, -0.28910986), (-0.35130244, -0.20556158, -0.2893392), (0.043624114, -0.42163938, -0.31366834), (0.054567408, -0.42035744, -0.31464663), (0.065971345, -0.41766113, -0.3136087), (0.08261712, -0.41519022, -0.3153579), (0.1131889, -0.4063636, -0.3134899), (0.12794799, -0.4048408, -0.31611338), (0.123932615, -0.3989381, -0.30898044), (0.07093497, -0.40514055, -0.29842508), (0.10137185, -0.4011997, -0.30341426), (0.12176517, -0.38667655, -0.2921536), (-0.34417307, -0.22587313, -0.29518893), (-0.30682278, -0.29075596, -0.31325206), (-0.30248436, -0.278598, -0.29591268), (-0.32000434, -0.26086345, -0.2977021), (-0.32393983, -0.27210173, -0.31379974), (-0.33197987, -0.2466706, -0.29750112), (-0.3590359, -0.20471834, -0.29783016), (0.13425599, 0.03783464, -0.29924026), (0.14380768, 0.018317189, -0.30048105), (0.1447147, 0.025079874, -0.30061975), (0.14636081, -0.0021608158, -0.30083194), (0.14493105, -0.022773188, -0.30067506), (0.14075847, 0.013316967, -0.29897335), (0.13151944, 0.02825149, -0.29768974), (0.13573332, -0.004513316, -0.29823595), (0.1416946, -0.014757058, -0.29902261), (0.12840615, 0.041946504, -0.2980854), (0.12875785, 0.060858835, -0.29927155), (0.1221398, 0.07517226, -0.29846582), (0.12497756, 0.077583514, -0.29909366), (0.11605203, 0.09209077, -0.29903343), (0.1327309, -0.039560538, -0.29885733), (0.104240805, 0.09931336, -0.2988191), (0.09974574, 0.10888477, -0.2992948), (0.08163659, 0.1190083, -0.2988736), (0.0812124, 0.123862304, -0.29920506), (0.12855504, -0.035154514, -0.2985962), (0.12956929, -0.06438202, -0.299262), (0.11545377, -0.060063288, -0.29933354), (0.12406265, -0.08103067, -0.29943112), (0.11873307, 0.05957103, -0.2987419), (0.08838892, 0.09331611, -0.29949203), (0.062075894, 0.11927202, -0.2988986), (0.045214724, 0.12717386, -0.29858077), (0.11800763, -0.08970097, -0.2997262), (0.10240148, -0.08410847, -0.29967654), (0.095903866, -0.030010514, -0.30038172), (0.023314385, -0.025732165, -0.30157426), (0.062181238, 0.0048054773, -0.30154303), (0.004100831, 0.008144046, -0.30164647), (-0.004728031, -0.003022029, -0.30167854), (-0.013509944, 0.00053719425, -0.30159023), (-0.046337374, -0.051503185, -0.3009952), (-0.058070373, -0.009115464, -0.30111012), (-0.08461498, -0.072433084, -0.3002338), (-0.096501976, -0.050693, -0.30017102), (-0.10021434, 0.005970192, -0.30041772), (-0.05100179, 0.057214048, -0.30124378), (-0.09198443, 0.056334905, -0.30034453), (-0.06953889, 0.08957002, -0.3002989), (0.005339788, 0.06711265, -0.30129033), (0.050595365, 0.07080059, -0.30109444), (0.0768321, 0.065895714, -0.3007495), (0.078606, 0.00449724, -0.3012886), (0.070133045, -0.022067655, -0.3013063), (0.043388784, -0.03783962, -0.3014576), (-0.0011111317, -0.103338465, -0.3001747), (-0.068515696, -0.088873744, -0.30019373), (0.07273466, -0.08627582, -0.30031073), (0.08500801, -0.0994411, -0.29974097), (0.05732757, -0.12970322, -0.29919997), (0.11267788, 0.002879323, -0.300098), (0.095623836, 0.018065719, -0.30068), (0.09387279, 0.06485759, -0.30024442), (0.065606736, 0.09113688, -0.3003531), (-0.0030962313, 0.100340776, -0.30049238), (0.10202787, -0.10764646, -0.2999254), (0.082935035, -0.123288006, -0.2995231), (0.093993016, -0.11362452, -0.29979), (0.025953231, 0.11609768, -0.29926202), (-0.0006575012, 0.11447391, -0.299738), (0.110360876, -0.09953053, -0.30020106), (0.017104333, -0.13465248, -0.29894495), (-0.03904864, -0.13410963, -0.2988709), (-0.04104193, -0.12251892, -0.29924846), (-0.08519625, -0.1092234, -0.29932606), (-0.08155252, -0.12277036, -0.29916778), (-0.054011863, -0.13023284, -0.29928184), (-0.09982182, -0.10976989, -0.29950604), (-0.11230929, -0.0972652, -0.29912415), (-0.12140763, -0.05300965, -0.29907233), (-0.12036993, -0.087145634, -0.29930934), (-0.13098592, -0.04917548, -0.2990531), (0.11881038, -0.0012046038, -0.29944125), (-0.12001474, -0.026282478, -0.29897112), (-0.11557698, -0.00011012568, -0.29958045), (-0.13376975, -0.025130708, -0.2979855), (-0.13483503, 0.0006371157, -0.2981022), (-0.123220526, 0.07485708, -0.29867372), (-0.10527413, 0.09602004, -0.29895878), (-0.083029725, 0.119901754, -0.29878867), (-0.07430958, 0.11855966, -0.29874456), (-0.030823285, 0.12002556, -0.29894435), (-0.042678688, 0.12906219, -0.29852512), (-0.072002895, 0.12721385, -0.29910105), (-0.014484319, 0.1338943, -0.29787743), (0.0019333805, 0.13210467, -0.29811648), (0.024550406, 0.13243756, -0.2980189), (0.12170502, 0.0070157894, -0.29884112), (0.03916097, -0.13437152, -0.29927012), (0.021761274, -0.14015493, -0.29950815), (-0.012110451, -0.14044005, -0.29953054), (-0.13225722, 0.033412874, -0.29795292), (-0.12611364, 0.05351851, -0.29850763), (-0.13627195, 0.030574642, -0.29822677), (-0.13384019, 0.046264485, -0.2987088), (-0.12913744, 0.061681025, -0.29923445), (0.050599422, 0.13045955, -0.2990986), (-0.11235523, 0.09389718, -0.2992737), (-0.095726155, 0.11110239, -0.2993772), (-0.12708382, -0.07486121, -0.29968688), (-0.042440888, 0.13312611, -0.29911932), (-0.01836502, 0.14039883, -0.2991326), (0.021673132, 0.14033513, -0.29948685), (-0.13871051, -0.02635646, -0.29898474), (-0.14088821, 0.011108684, -0.2992865), (0.018754497, -0.1447875, -0.3007498), (-0.011492104, -0.14568812, -0.30098373), (-0.003986136, 0.14598323, -0.30074275), (0.14193527, -0.032666728, -0.3008995), (-0.03119442, -0.1418738, -0.30111596), (-0.044856377, -0.136944, -0.30152524), (-0.0349202, 0.14083101, -0.30070186), (-0.056268707, 0.13446268, -0.3007117), (-0.07902585, 0.1302369, -0.30106738), (-0.14328234, -0.01950938, -0.30051383), (-0.14334321, 0.021424381, -0.300472), (0.03561557, -0.14005752, -0.30110663), (0.051010553, -0.13567193, -0.30118495), (0.06712601, -0.1316279, -0.30108652), (-0.13691117, -0.050487723, -0.30124244), (-0.13404392, -0.06497659, -0.30140638), (-0.13927, -0.076220036, -0.29903784), (-0.13101916, -0.07810325, -0.30170664), (-0.12534773, -0.090723984, -0.30261487), (0.076838054, 0.12868325, -0.30056125), (-0.12533097, 0.085218824, -0.30144846), (-0.05432807, 0.13909225, -0.2990824), (-0.093683444, 0.12217745, -0.3020601), (0.1365487, 0.045337856, -0.30134284), (-0.12890433, 0.07669291, -0.3010097), (-0.1401613, -0.039373845, -0.30112618), (-0.1409894, 0.038983494, -0.30098334), (-0.0783139, -0.12834229, -0.30113888), (0.14030004, 0.049959462, -0.2990483), (-0.10520889, 0.11152814, -0.3027692), (0.13296135, 0.058067024, -0.30161825), (-0.13319497, 0.062523544, -0.30116618), (-0.13765365, 0.051023733, -0.3011971), (-0.06516356, -0.13139336, -0.30107984), (-0.11713557, 0.09749104, -0.30225334), (0.09047139, 0.12312103, -0.3018815), (0.12422807, -0.09089814, -0.30261323), (0.12912914, -0.080802694, -0.30148795), (0.11141753, -0.106305964, -0.30308086), (-0.09481348, -0.12097768, -0.30258203), (0.12909004, 0.07483397, -0.30104432), (0.12428737, 0.087556265, -0.3018476), (0.100144945, 0.11477789, -0.30245912), (0.11885351, 0.095817216, -0.30258664), (-0.18627053, -0.061247822, -0.29880506), (-0.15230425, -0.025416289, -0.29871303), (-0.15415828, 0.0043347725, -0.29882333), (-0.18899347, 0.05276045, -0.29860547), (-0.2100139, 0.007211779, -0.29886076), (-0.20919244, -0.023484262, -0.29902294), (-0.14981976, 0.054902427, -0.29863092), (-0.14537564, 0.11095284, -0.29866916), (-0.15128869, 0.025526337, -0.29874733), (-0.14392355, -0.045408856, -0.29884672), (-0.16194777, -0.10638051, -0.2989525), (-0.13251477, -0.09503094, -0.29887894), (-0.13981286, -0.13585763, -0.29908), (-0.11706644, -0.11237902, -0.2993167), (-0.13498718, 0.089086466, -0.29911762), (-0.12510097, 0.10641422, -0.2993171), (-0.13854454, 0.063495666, -0.29919073), (-0.14485231, 0.04300044, -0.2990612), (-0.18811204, 0.08062637, -0.29908043), (-0.17137457, 0.109052315, -0.2991357), (-0.13958168, 0.13843976, -0.2987948), (-0.19642065, 0.067613915, -0.29899713), (-0.2051705, 0.046048343, -0.29902688), (-0.20818827, 0.038978115, -0.29930773), (-0.20465295, -0.04542646, -0.29920745), (-0.19448824, -0.070323125, -0.2992299), (-0.16481213, -0.12788488, -0.2995458), (-0.17576888, -0.107744716, -0.29943594), (-0.1576554, -0.14390981, -0.29971018), (-0.13689707, -0.15922788, -0.29940307), (-0.18698679, -0.08706808, -0.29947633), (-0.1103851, -0.15621172, -0.29904994), (-0.11644087, -0.17267433, -0.29938927), (-0.072881155, -0.18701696, -0.2993423), (-0.09973141, -0.12828928, -0.29916057), (-0.08551329, -0.13721748, -0.29933208), (-0.055563368, -0.14036854, -0.29944566), (-0.036460683, -0.15030509, -0.29941073), (0.096813835, -0.16411547, -0.29917634), (0.10480484, -0.1439791, -0.29902107), (0.019793903, -0.15297896, -0.2991939), (0.15284841, -0.13992964, -0.2994955), (0.1320276, -0.12758616, -0.29912117), (0.15821987, -0.11486324, -0.29909676), (0.038366586, -0.19196196, -0.2994126), (-0.01115852, -0.15524665, -0.2993503), (0.078098595, -0.13860355, -0.2991692), (0.105152406, -0.12497966, -0.29933503), (0.11612439, -0.11419135, -0.29944602), (0.09688805, -0.13168608, -0.29937688), (0.12440964, -0.10313053, -0.2993289), (0.13058192, -0.09592523, -0.29926276), (0.1180349, -0.16861153, -0.2997444), (0.08381228, -0.18672328, -0.29985866), (0.09515086, -0.17912677, -0.2997797), (0.11233573, -0.17268473, -0.29978573), (-0.10713748, 0.14714788, -0.29877302), (0.054779004, -0.14066592, -0.29934594), (0.03217134, -0.14784183, -0.2992449), (0.13673036, -0.08336225, -0.2990126), (0.17864542, -0.10832948, -0.29962972), (0.17452696, -0.07645123, -0.29903483), (0.18589361, -0.08841896, -0.29973555), (0.18985042, -0.07718196, -0.2993884), (0.1952458, -0.06289258, -0.29929924), (0.19543503, -0.025819102, -0.29871517), (0.20448141, -0.044289168, -0.2990762), (0.13873146, 0.094224654, -0.29864326), (0.15439166, 0.12474858, -0.29874575), (0.13334306, 0.1331661, -0.29869002), (0.120776124, 0.16197625, -0.29876482), (0.110360295, 0.12901846, -0.29873106), (0.067177646, 0.15025268, -0.29867128), (0.08954197, 0.18115667, -0.29873574), (0.054572504, 0.19238104, -0.29879904), (0.01724826, 0.15255505, -0.29889607), (-0.033033688, 0.1604232, -0.29890698), (-0.029275848, 0.14856334, -0.2989771), (-0.06391716, 0.15028806, -0.29878047), (-0.07269668, 0.18651864, -0.29891518), (-0.11439894, 0.16621242, -0.29908276), (-0.011878379, 0.1905739, -0.29897395), (0.12662336, 0.1071444, -0.29886508), (0.16804865, 0.0814918, -0.298578), (0.14942965, 0.032599047, -0.29872096), (0.19042183, 0.048844237, -0.29874885), (0.1530195, 0.0076164827, -0.29876983), (0.15185831, -0.02559356, -0.29867473), (0.14035662, -0.058400266, -0.29865125), (0.20949674, -0.02792848, -0.29905388), (0.17192213, 0.10945666, -0.29901433), (0.18399267, 0.0911244, -0.29910925), (0.20254573, 0.046402525, -0.2990429), (0.112430684, 0.17288546, -0.29884306), (-0.09077115, 0.13691378, -0.29908496), (-0.10502572, 0.12593843, -0.29952812), (-0.14124915, 0.15464564, -0.29933253), (-0.15561587, 0.13978836, -0.2993555), (0.15692724, 0.14918397, -0.2996456), (0.08634106, 0.13786346, -0.29884252), (0.0620068, 0.13724943, -0.29897928), (0.02754155, 0.1484096, -0.29912892), (0.14078674, -0.16024378, -0.30008134), (-0.06357152, -0.19810522, -0.30006325), (-0.00811253, -0.20108142, -0.30011815), (0.21400806, -0.010072606, -0.29955298), (0.038220212, -0.2008409, -0.30016628), (-0.090763785, -0.18813999, -0.29992655), (0.1447513, -0.042006653, -0.2987707), (0.03487042, 0.20023844, -0.29958826), (0.0601, -0.1964009, -0.30037525), (0.14301002, 0.16557625, -0.3002586), (0.13155943, 0.17225885, -0.30022344), (-0.08031054, -0.1936073, -0.3002621), (0.16705085, -0.1394524, -0.30064818), (0.1599477, -0.14803138, -0.30064717), (0.15146828, -0.15529226, -0.3005534), (-0.013476221, 0.1989572, -0.29988405), (-0.05501382, 0.20350392, -0.30052122), (0.06959892, 0.19619331, -0.2996669), (0.08865282, 0.18902908, -0.29969656), (0.10343187, 0.1804083, -0.29937103), (-0.012982155, 0.14717105, -0.30016485), (0.13067026, 0.090105645, -0.2996695), (0.12174816, 0.17212737, -0.29992485), (0.13579248, 0.07089358, -0.29960984), (-0.08013298, 0.19404238, -0.299928), (-0.107712455, 0.18475752, -0.3009442), (0.13403675, -0.16777694, -0.30085868), (0.19797394, 0.071266465, -0.29981312), (0.09581918, 0.12717783, -0.29976973), (0.10247027, 0.119978614, -0.30029714), (0.1112825, 0.112928815, -0.30018023), (0.11713524, 0.105238385, -0.30034137), (0.17037587, 0.13207798, -0.30031097), (0.1656703, 0.14182909, -0.3003435), (0.17848094, 0.10904165, -0.2998495), (-0.118322484, 0.17656903, -0.30076152), (-0.14095677, 0.16332358, -0.30054295), (-0.21408346, 0.026160844, -0.29993722), (0.20931785, 0.044409957, -0.30008882), (0.123420216, 0.09849575, -0.30009508), (-0.16926923, 0.12471685, -0.3001416), (0.19032678, 0.08789863, -0.29987478), (-0.15459536, 0.15316482, -0.3009979), (-0.1628381, 0.14120534, -0.30101272), (0.15388635, 0.1556653, -0.3002191), (-0.05620771, -0.20264317, -0.3009345), (-0.08610477, -0.12587082, -0.3016593), (0.17655386, -0.13249417, -0.30175546), (0.18124226, -0.11272918, -0.30037332), (0.18807942, -0.0970796, -0.3011572), (0.20545277, -0.05408818, -0.30031922), (0.09972312, -0.18267596, -0.30102044), (-0.13352202, 0.17694698, -0.30249578), (0.085689045, -0.1271097, -0.30146474), (-0.10755544, -0.18037269, -0.30007058), (-0.21399033, -0.007825027, -0.29998857), (-0.17769064, 0.11168585, -0.30078998), (-0.1806444, 0.094499424, -0.29938266), (-0.18548934, 0.097469375, -0.30081066), (0.10911937, -0.17744578, -0.30066314), (0.019413367, 0.14352064, -0.30051264), (0.03419301, 0.1405736, -0.3007874), (0.076357655, -0.19474354, -0.30130157), (0.048480205, -0.20270602, -0.30131182), (-0.11437126, 0.11384073, -0.30014664), (0.14466141, -0.16477256, -0.30172884), (-0.20012005, -0.06614115, -0.30025178), (0.20170012, -0.06187702, -0.3006669), (0.19754682, -0.07039824, -0.30074954), (0.19371541, -0.07864958, -0.30079633), (0.1849359, 0.10227722, -0.30072495), (-0.10185998, -0.18640944, -0.30091983), (0.18503988, -0.12363184, -0.30284193), (0.13450359, -0.07086442, -0.30101857), (0.18112299, 0.12682143, -0.3030975), (-0.19711167, -0.07643221, -0.3008557), (0.12746249, -0.17484722, -0.30270126), (-0.19327532, 0.084483944, -0.30120647), (0.13649477, -0.04555054, -0.3012068), (0.18708155, -0.12789637, -0.30412722), (-0.17543352, 0.1303986, -0.30287856), (-0.1459802, -0.021584334, -0.3009466), (-0.14584696, 0.02392953, -0.30079007), (-0.16836989, -0.13271526, -0.30139908), (0.049131595, 0.13547648, -0.301138), (0.06331664, 0.13153897, -0.30096757), (0.15806581, -0.15557817, -0.30214578), (0.092213936, -0.12427927, -0.3025486), (0.19505161, -0.08815413, -0.3035743), (0.18976814, -0.11114581, -0.3037044), (0.16753836, 0.14778316, -0.3023017), (0.15652336, 0.16067985, -0.30239344), (0.021954563, -0.20591927, -0.30207285), (-0.06998268, -0.20234895, -0.30234894), (0.16944146, -0.14614788, -0.30305532), (-0.107133724, -0.1102809, -0.30300987), (-0.1182068, -0.10142635, -0.30262777), (0.13822828, -0.059816714, -0.2999279), (0.061471213, -0.20430648, -0.30380622), (-0.11532328, -0.17857566, -0.3012897), (0.08863063, -0.1911401, -0.3026125), (-0.085500814, -0.19608791, -0.3021965), (-0.09691516, -0.19110699, -0.3021586), (0.14162211, -0.17006111, -0.30326912), (0.09840808, -0.119399145, -0.30323696), (-0.20314927, 0.06575404, -0.3015186), (-0.013575223, -0.20525624, -0.30217582), (-0.21711344, 0.03835524, -0.30321598), (-0.18048997, -0.10674644, -0.30122906), (-0.18806154, -0.094827846, -0.30175593), (-0.19731994, -0.084187984, -0.30335927), (-0.17492217, -0.1245603, -0.30295286), (0.11006217, -0.18408214, -0.30386895), (0.1532329, -0.16400188, -0.3039891), (0.112665765, -0.108130895, -0.30297956), (-0.15262844, -0.15288873, -0.3017432), (-0.2024606, -0.07829551, -0.30378923), (0.09556368, -0.19089144, -0.3041082), (0.08076149, -0.19853102, -0.30426455), (-0.12750787, -0.1720474, -0.30310303), (-0.111656696, -0.18575872, -0.30380753), (-0.2087054, -0.05594554, -0.3031783), (-0.09410261, -0.19883977, -0.30569443), (-0.16452678, -0.14475025, -0.30342868), (-0.21876366, 0.022061931, -0.3027955), (-0.13881554, -0.16512485, -0.30317414), (-0.07791769, -0.20388079, -0.30531865), (-0.18029682, -0.11451978, -0.30354673), (-0.05330104, -0.20807815, -0.30451262), (-0.21590601, -0.021509692, -0.30316457), (-0.21313186, -0.035613626, -0.30352303), (0.17695133, 0.13788494, -0.3044346), (-0.21870787, -0.0043226364, -0.30324113), (-0.0021477481, -0.20828958, -0.30424002), (-0.15199581, -0.1570589, -0.30414915), (0.17070329, 0.14801136, -0.30457), (-0.21503386, 0.19355512, -0.30198377), (-0.17669791, 0.1904416, -0.30170152), (-0.19871219, 0.19740741, -0.30236378), (-0.21795991, 0.17914681, -0.3015544), (-0.23472928, 0.1743263, -0.30165341), (-0.23348698, 0.1994988, -0.30225858), (-0.24930485, 0.18915983, -0.30274403), (-0.2560964, 0.18391296, -0.30263644), (-0.26303998, 0.16011177, -0.30247673), (-0.26252317, 0.1751087, -0.30249918), (-0.26744932, 0.16175961, -0.3026833), (-0.23641281, 0.15896626, -0.30211952), (-0.25010678, 0.1396243, -0.30288854), (-0.22893663, 0.1412334, -0.30254492), (-0.22543722, 0.16716659, -0.30207312), (-0.207431, 0.14513923, -0.3020654), (-0.19903143, 0.1659237, -0.30171335), (-0.19752398, 0.14689961, -0.30209595), (-0.18855445, 0.17537197, -0.30165222), (-0.18749079, 0.1617932, -0.30135593), (-0.2782147, 0.14528504, -0.3025218), (-0.27075347, 0.11442974, -0.30301058), (-0.28446168, 0.12963457, -0.3025273), (-0.25684518, 0.10927473, -0.30286214), (-0.26597732, 0.099639654, -0.3028174), (-0.26593503, 0.07861664, -0.3026413), (-0.25145435, 0.098028, -0.30298957), (-0.25485644, 0.075985484, -0.30267245), (-0.27311295, 0.07608072, -0.30303872), (-0.25720194, 0.059839122, -0.30246112), (-0.2747789, 0.050231796, -0.30278352), (-0.2520124, 0.12398799, -0.30305037), (-0.24098408, 0.10126681, -0.30264017), (-0.22937731, 0.1258704, -0.3025268), (-0.23153783, 0.09690837, -0.3023413), (-0.24008606, 0.08996356, -0.30260214), (-0.25084636, 0.07507901, -0.3031464), (-0.23122787, 0.0761016, -0.30227533), (-0.2217895, 0.11436214, -0.3022848), (-0.22831659, 0.09567986, -0.3026696), (-0.21427026, 0.0914679, -0.30176434), (-0.2032124, 0.0944997, -0.30123308), (-0.21139471, 0.07670207, -0.30138618), (-0.19184439, 0.116117045, -0.30143473), (-0.26244953, 0.04775808, -0.30305716), (-0.17124692, 0.18256578, -0.3012134), (-0.14454271, 0.17935604, -0.30078495), (-0.13240927, 0.1877547, -0.30109033), (-0.15002465, 0.17380835, -0.30077672), (-0.17867173, 0.172384, -0.30188957), (-0.15665573, 0.16874398, -0.30080855), (-0.16562784, 0.1603985, -0.30111846), (-0.17584941, 0.14777006, -0.30129653), (-0.18065375, 0.13645221, -0.3010815), (-0.18877214, 0.13048209, -0.3009393), (-0.20621148, 0.20548756, -0.30103052), (-0.22342749, 0.21515146, -0.30238265), (-0.2783049, 0.10328829, -0.30260497), (-0.28608397, 0.109168254, -0.30264267), (-0.2860108, 0.088852115, -0.30286634), (-0.27830583, 0.08077522, -0.3024208), (-0.29617244, 0.07723759, -0.30268797), (-0.2802042, 0.07439951, -0.30267212), (-0.2853525, 0.058226157, -0.30296487), (-0.28223646, 0.013890692, -0.30262044), (-0.28589103, 0.03539131, -0.30299404), (-0.26613742, 0.029799243, -0.30283755), (-0.26881668, -0.0060360255, -0.30231792), (-0.2775054, 0.0195997, -0.3029699), (-0.27844298, -0.007882513, -0.30322048), (-0.27474493, -0.017895496, -0.30244642), (-0.2925146, 0.11029236, -0.30226552), (-0.2668896, -0.04691915, -0.30139878), (-0.22757453, 0.0756158, -0.30285922), (-0.29669347, 0.037888054, -0.30212224), (-0.28870517, 0.010325547, -0.3024281), (-0.2942362, 0.000042459356, -0.3019528), (-0.3075781, 0.06234097, -0.30219808), (-0.27492988, -0.08136314, -0.3016313), (-0.26196066, -0.0063859005, -0.30278122), (-0.21880296, 0.06264754, -0.3018074), (-0.3043329, 0.04235263, -0.30264518), (-0.3028728, 0.024327256, -0.30335823), (-0.19736531, 0.10258004, -0.301156), (-0.22698328, 0.053237498, -0.3027835), (-0.2331031, 0.05120347, -0.30180064), (-0.22423223, 0.043133564, -0.3028075), (-0.29759824, -0.01245865, -0.30220982), (-0.29082686, -0.04299636, -0.30102712), (-0.2321181, 0.031754732, -0.30171835), (-0.16364469, 0.1537455, -0.30209413), (-0.21517336, 0.04953625, -0.3033339), (-0.29953158, -0.06341686, -0.30253014), (-0.27763128, -0.043163843, -0.3026414), (-0.27624837, -0.051082846, -0.30229568), (-0.21180835, 0.06837857, -0.30243176), (-0.22118971, 0.03493092, -0.30423924), (-0.2123292, 0.04684829, -0.30295146), (-0.20804642, 0.060654238, -0.3035391), (-0.11550309, 0.18773101, -0.3032741), (-0.19367906, 0.101096384, -0.30191463), (-0.17237967, 0.13975438, -0.30289125), (-0.20350163, 0.08355326, -0.3025064), (-0.14302099, 0.17036183, -0.30251503), (-0.18103813, 0.12430412, -0.3031018), (-0.15945266, 0.1546576, -0.3033267), (-0.18561223, 0.10969836, -0.30383587), (-0.18866998, 0.10621327, -0.30367702), (-0.1928605, 0.09425348, -0.3037864), (-0.15037307, 0.16496009, -0.30267534), (-0.20999436, 0.06318163, -0.30442497), (-0.20581822, 0.07181691, -0.3046046), (-0.20175858, 0.07704838, -0.30420634), (-0.19954455, 0.08404004, -0.30415723), (-0.30144826, -0.00012413801, -0.30338457), (-0.3009832, -0.042480517, -0.30352446), (-0.3796208, 0.17316762, -0.3071993), (-0.38741484, 0.17258821, -0.316303), (-0.38774765, 0.16149302, -0.31225753), (-0.37388214, 0.17182755, -0.29900292), (-0.3830556, 0.14695777, -0.29851735), (-0.39993894, 0.13121204, -0.31296477), (-0.39063194, 0.12967142, -0.29929835), (-0.3939503, 0.14706673, -0.3131606), (-0.38266006, 0.12890318, -0.28980014), (-0.37109917, 0.16519783, -0.292871), (-0.40341058, 0.118558325, -0.3123231), (-0.39590707, 0.11142847, -0.29826748), (-0.38896456, 0.11158592, -0.29051557), (-0.37582317, 0.19033878, -0.3126519), (-0.36225042, 0.19782412, -0.29790753), (-0.36102855, 0.20397604, -0.29938006), (-0.35369122, 0.20119219, -0.28997433), (-0.36364236, 0.1798337, -0.29151842), (-0.40648592, 0.10873891, -0.3126666), (-0.40089232, 0.089914486, -0.2979052), (-0.41363415, 0.081239, -0.31320018), (-0.40546852, 0.074454956, -0.29848924), (-0.39823228, 0.074621536, -0.29041642), (-0.4174684, 0.064681955, -0.313272), (-0.42104477, 0.047559485, -0.31364262), (-0.41211894, 0.047113862, -0.30017975), (-0.40530157, 0.045726348, -0.2918451), (-0.39608878, 0.14945659, -0.31556782), (-0.39036146, 0.07515672, -0.28272152), (-0.3468386, 0.19854935, -0.28263375), (-0.36482987, 0.15331657, -0.28258014), (-0.37893254, 0.116253845, -0.28253663), (-0.38499787, 0.093159966, -0.28236803), (-0.3744519, 0.12893905, -0.28246552), (-0.34623957, 0.21694893, -0.29147843), (-0.356526, 0.1718336, -0.2825316), (-0.35549042, 0.21517147, -0.30046484), (-0.37854674, 0.19277509, -0.31584263), (-0.39525434, 0.04578246, -0.28232235), (-0.41282323, 0.030196363, -0.2988632), (-0.40602505, 0.026348798, -0.29049456), (-0.3966619, 0.027698502, -0.28182524), (-0.41189116, 0.1018171, -0.31589052), (-0.42131755, 0.057218444, -0.31546643), (-0.40678668, 0.002059853, -0.28968006), (-0.41450745, 0.0028198264, -0.29915762), (-0.4228705, 0.032101586, -0.3138246), (-0.42504507, 0.022005469, -0.31520194), (-0.39860958, 0.0016122134, -0.28211278), (-0.3686632, 0.21189786, -0.31622088), (-0.3643654, 0.21543294, -0.31364927), (-0.3606072, 0.2283837, -0.3162909), (-0.35627565, 0.22893429, -0.3127036), (-0.33908567, 0.23834324, -0.29833505), (-0.34924987, 0.24214613, -0.3146761), (-0.33039817, 0.23932956, -0.29033676), (-0.32432678, 0.2354348, -0.28270695), (-0.33586773, 0.21653715, -0.28268698), (-0.32846704, 0.25407812, -0.2987755), (-0.34031808, 0.25280267, -0.31286108), (-0.3398759, 0.25824988, -0.3160212), (-0.3181486, 0.25306702, -0.2882364), (-0.3315988, 0.26424873, -0.31253195), (-0.31388, 0.24883372, -0.28256267), (-0.42408806, 0.0028605973, -0.31378835), (-0.42549807, -0.005631957, -0.3151004), (-0.41310567, -0.026799291, -0.2989796), (-0.40561628, -0.024966108, -0.28977433), (-0.4233415, -0.026968306, -0.31401846), (-0.39683452, -0.028026411, -0.28188515), (-0.38838062, 0.044013083, -0.27916616), (-0.42075825, -0.04846163, -0.31351516), (-0.39235926, 0.0011411394, -0.27916577), (-0.37667057, 0.10050293, -0.27982363), (-0.38324383, 0.07317142, -0.27983582), (-0.39565077, -0.04759868, -0.28275037), (-0.4100532, -0.046997774, -0.29756504), (-0.38748404, -0.046248566, -0.2789695), (-0.4013125, 0.14174525, -0.31638727), (-0.42073664, -0.0582553, -0.31540313), (-0.39464608, -0.054183856, -0.28319415), (-0.38995257, -0.07621258, -0.2826931), (-0.3822586, -0.08105304, -0.27897066), (-0.3869049, -0.09079662, -0.2833847), (-0.37919018, -0.098384686, -0.27864948), (-0.32648927, 0.27642006, -0.3164883), (-0.37725067, 0.19952823, -0.31638524), (-0.3973083, -0.07611579, -0.28982702), (-0.37498757, -0.115942195, -0.27934977), (-0.37857234, -0.123168, -0.28345215), (-0.39398125, -0.089812145, -0.2900481), (-0.37290964, -0.13452317, -0.28264), (-0.36421534, -0.13888536, -0.27926645), (-0.36511433, -0.15129384, -0.2824374), (-0.35422722, -0.16003932, -0.2792535), (-0.35656103, -0.17224067, -0.282608), (-0.34770277, -0.18187523, -0.27894163), (-0.30928645, 0.29432613, -0.31634605), (-0.29413322, 0.30845374, -0.3163478), (-0.2864013, 0.315432, -0.3161501), (-0.28223595, 0.31972757, -0.31633425), (-0.2633942, 0.33574817, -0.31630427), (-0.36837858, -0.16505075, -0.29044876), (-0.36385518, -0.17915286, -0.2915792), (-0.41596246, -0.08538186, -0.31602216), (-0.39139262, -0.12176466, -0.29671162), (-0.37976155, -0.15267518, -0.29702115), (-0.40757522, -0.065036565, -0.29920113), (-0.40082446, -0.08491111, -0.29670775), (-0.38924095, -0.12971029, -0.29822358), (-0.36858195, -0.178879, -0.29693455), (0.2148228, 0.033637203, -0.3013628), (0.2210233, 0.01578559, -0.30516252), (0.21799095, 0.04083906, -0.30464152), (0.21862058, -0.0021785314, -0.30199167), (0.22162132, -0.0034185948, -0.3043734), (0.21718436, 0.059886947, -0.30647796), (0.20870802, 0.06615112, -0.30194482), (0.2117388, 0.071367815, -0.30564526), (0.21828012, -0.03571577, -0.304228), (0.2150432, -0.032992847, -0.30121505), (0.22102392, -0.026401317, -0.30509052), (0.21997754, -0.03906391, -0.30517966), (0.2177051, 0.06636543, -0.307385), (0.220529, 0.044953287, -0.30566823), (0.2101375, -0.046604816, -0.30076638), (0.21180636, -0.054888826, -0.30427873), (0.19809914, 0.08027387, -0.30115008), (0.215638, -0.05212281, -0.304947), (0.22441839, -0.008364863, -0.30492017), (0.22344092, 0.013282402, -0.3045566), (0.20497762, -0.067790635, -0.30410346), (0.19407023, 0.094462305, -0.30299312), (0.21586442, -0.06824543, -0.30301404), (0.21902269, -0.06466212, -0.30315), (0.21749938, 0.07807467, -0.30425295), (0.21231833, 0.07702545, -0.30438334), (0.2163926, 0.09044314, -0.30293098), (0.20957106, 0.08152904, -0.30258945), (0.2051749, 0.07655355, -0.3038778), (0.18766645, 0.10798623, -0.30327344), (0.027795289, -0.2662634, -0.3040219), (0.043906573, -0.26632446, -0.30329004), (0.03641026, -0.25879484, -0.30459645), (0.05216995, -0.26159462, -0.3031359), (0.13054793, -0.2063892, -0.30194825), (0.16399972, -0.20871417, -0.30243823), (0.150265, -0.19976927, -0.30215085), (0.18608318, -0.20257746, -0.30208665), (0.16660881, -0.18901092, -0.30152994), (0.19357206, -0.17651051, -0.30209127), (0.2042935, -0.19898783, -0.30240852), (0.19447143, -0.22467606, -0.30262592), (0.21220176, -0.215964, -0.30269), (0.17770387, -0.21852097, -0.30202046), (0.15556142, -0.21973711, -0.30239335), (0.20852166, -0.18536802, -0.302001), (0.17086644, -0.23066393, -0.3024715), (0.15581861, -0.22973296, -0.30270135), (0.13677928, -0.21097352, -0.30255297), (0.13299781, -0.22049235, -0.30198509), (0.13544396, -0.2311523, -0.3024724), (0.17724648, -0.16211328, -0.30110118), (0.19273874, -0.14917085, -0.30118278), (0.18898192, -0.24401115, -0.30190867), (0.15602219, -0.24631618, -0.3020123), (0.17120583, -0.2605423, -0.3024309), (0.13530129, -0.2588419, -0.30200106), (0.12940651, -0.24667801, -0.30170277), (0.15593971, -0.27080077, -0.30281737), (0.13092954, -0.2706637, -0.3027112), (0.14066072, -0.2497567, -0.30221877), (0.22844219, -0.18621224, -0.30285472), (0.21992525, -0.1560033, -0.30228752), (0.20915535, -0.142933, -0.30156636), (0.2295088, -0.15893023, -0.30231082), (0.22792688, -0.20257293, -0.30284804), (0.24160042, -0.19052246, -0.30298722), (0.23396547, -0.13093409, -0.30301058), (0.22424337, -0.12308283, -0.30275917), (0.23337577, -0.11752767, -0.30272794), (0.23645002, -0.16563594, -0.30361372), (0.22359875, -0.089412466, -0.30250645), (0.23177165, -0.07213091, -0.3022454), (0.16407527, -0.17460494, -0.30086324), (0.13930492, -0.1932297, -0.30064246), (0.15655027, -0.1831434, -0.3008628), (0.21627185, -0.10601121, -0.3020317), (0.11513836, -0.26573482, -0.30307576), (0.117186636, -0.2728878, -0.3033283), (0.099715516, -0.27354562, -0.30351323), (0.093838334, -0.26441312, -0.30319756), (0.09112169, -0.2592037, -0.30302307), (0.06513773, -0.26161593, -0.30332553), (0.0749921, -0.2740426, -0.30400383), (0.06258744, -0.27429646, -0.30375612), (0.05257944, -0.28373617, -0.30359828), (0.19973437, -0.17493944, -0.302517), (0.1442712, -0.18325932, -0.30117223), (0.1250128, -0.18906052, -0.30132076), (0.073131256, -0.28624895, -0.30464157), (0.046137843, -0.2899231, -0.303736), (0.030206744, -0.2879582, -0.30412617), (0.026927032, -0.28213283, -0.30411074), (0.0027530584, -0.28876352, -0.3036372), (-0.030593697, -0.28709564, -0.3032937), (-0.013411632, -0.2806598, -0.3035275), (-0.0410155, -0.2800663, -0.3029061), (0.06294732, -0.2949206, -0.3046484), (0.064611, -0.30056116, -0.30483377), (0.078267306, -0.29889083, -0.30476725), (0.083405405, -0.28579053, -0.3044938), (0.04031486, -0.29390693, -0.30342832), (0.019994745, -0.29327747, -0.30316484), (0.004728738, -0.29741853, -0.303202), (-0.019495934, -0.2911772, -0.30277118), (-0.009849084, -0.29672307, -0.30299586), (-0.046839405, -0.29595837, -0.3021717), (-0.047524847, -0.2897837, -0.30232817), (-0.066517964, -0.29382738, -0.30216727), (-0.06156567, -0.28231132, -0.30187687), (-0.08778931, -0.29096, -0.30171257), (-0.11160229, -0.2820613, -0.30132687), (-0.06683309, -0.27359864, -0.3019953), (-0.1034982, -0.2677466, -0.3011466), (-0.08360397, -0.25987953, -0.30167502), (-0.06562766, -0.25737026, -0.30178195), (-0.045370724, -0.26771912, -0.3020202), (0.08900633, -0.29332656, -0.30509186), (-0.1147903, -0.26810956, -0.30170536), (-0.13048969, -0.27263784, -0.3014236), (-0.1430962, -0.2598678, -0.30163267), (-0.11674677, -0.2601918, -0.30131167), (-0.13158846, -0.28208166, -0.30195087), (-0.12019517, -0.25244585, -0.30178836), (-0.09303607, -0.25167388, -0.3014142), (-0.06503527, -0.24944985, -0.30245212), (-0.16117173, -0.24960782, -0.30219877), (-0.16826022, -0.2597969, -0.30252367), (-0.1748901, -0.25727952, -0.30273473), (-0.18578923, -0.25335628, -0.30239603), (0.19913481, -0.15338194, -0.30262986), (-0.15563835, -0.26817816, -0.3026644), (0.10176086, -0.28673026, -0.3058556), (0.2004091, -0.13532016, -0.30179375), (0.19492699, -0.13382937, -0.3015998), (0.20864262, -0.12436312, -0.30108926), (0.20209676, -0.11428956, -0.3013226), (0.21033677, -0.080846086, -0.30191338), (-0.11733923, -0.2901432, -0.30215195), (-0.10211123, -0.2937986, -0.30204666), (0.19436955, -0.12366377, -0.3021065), (0.11694246, -0.2248457, -0.30318117), (0.11563508, -0.23551303, -0.3028906), (0.11387363, -0.24747095, -0.30248094), (0.09451631, -0.24249487, -0.30285037), (0.06823469, -0.24214779, -0.3035524), (0.07029594, -0.23283102, -0.30404067), (0.05418504, -0.2324593, -0.3038573), (0.1045561, -0.23059623, -0.30376992), (0.22313797, -0.051187728, -0.30265164), (0.22931491, -0.046780653, -0.3020205), (0.10765887, -0.21182875, -0.30303583), (0.11255739, -0.2207165, -0.30251497), (0.12393859, -0.19949073, -0.3010758), (0.111960135, -0.19342443, -0.30126196), (0.10698284, -0.19957815, -0.30085307), (0.10209948, -0.20616667, -0.3010625), (0.090645075, -0.20641313, -0.30112234), (0.07195845, -0.21907991, -0.30161265), (0.07953021, -0.21222422, -0.30194417), (0.069931574, -0.22803639, -0.30353478), (0.04455791, -0.22831748, -0.30367708), (0.018132217, -0.22931866, -0.30412647), (0.2094572, -0.07006112, -0.3027962), (0.20528917, -0.08473932, -0.30216607), (0.08570621, -0.27477524, -0.30535296), (0.23768702, -0.049598586, -0.3028522), (0.2375847, -0.020876568, -0.30285588), (0.22703885, -0.022778219, -0.30336973), (0.22972229, -0.0062636184, -0.3034337), (0.23903923, 0.0030556587, -0.3036503), (0.23223309, 0.007101699, -0.30321985), (0.22548787, 0.020627132, -0.30301094), (0.22815035, 0.040774163, -0.30271596), (0.23495027, 0.03856221, -0.30354765), (0.22373226, 0.06694099, -0.3030171), (0.12955229, -0.2525724, -0.30280825), (0.09291894, -0.27943376, -0.30444056), (0.12110227, -0.28016397, -0.30458072), (0.08916507, -0.22783451, -0.3032662), (-0.19621104, -0.24737497, -0.3016303), (0.051603984, -0.27568305, -0.30452272), (0.039571512, -0.26951382, -0.30327946), (-0.04358964, -0.25882533, -0.3029258), (-0.013230559, -0.26182795, -0.30340186), (-0.0027568592, -0.26842725, -0.30295467), (-0.005119381, -0.2709933, -0.3029733), (0.011093221, -0.2733113, -0.30317885), (0.13754621, -0.17611258, -0.3028455), (0.2357767, 0.0625228, -0.3025325), (0.22620563, 0.07746492, -0.30207822), (0.22621939, 0.0978712, -0.3028079), (0.23535146, 0.09036621, -0.30305076), (0.23308334, 0.10566092, -0.30260625), (0.22705767, 0.11755036, -0.30255228), (0.2185371, 0.09862227, -0.30273396), (0.21805875, 0.12357203, -0.3036138), (0.23243271, 0.12077716, -0.30294523), (0.23240715, 0.17077106, -0.30199763), (0.2284416, 0.16332226, -0.30220714), (0.22738665, 0.18063992, -0.3024292), (0.22221263, 0.14180155, -0.30321208), (0.24339366, -0.16617025, -0.30283424), (0.2500768, -0.16479504, -0.30286625), (0.24881493, -0.14745288, -0.30303362), (0.26086178, -0.14753266, -0.30372187), (0.24917871, -0.13202299, -0.3024866), (0.25598875, -0.12132351, -0.3023752), (0.23629469, -0.15127382, -0.30326027), (0.23912285, -0.1279202, -0.3033147), (0.239419, -0.08191705, -0.30355194), (0.24421994, -0.08961072, -0.3037488), (0.24635623, -0.11587214, -0.3034455), (0.26094747, -0.15695053, -0.3038578), (0.27231374, -0.1464198, -0.30386248), (0.2709529, -0.1282579, -0.30428386), (0.26833576, -0.09224513, -0.30337378), (0.2740508, -0.10027577, -0.3033761), (0.27792364, -0.075452544, -0.30284998), (0.28300154, -0.07921532, -0.30322284), (0.28944525, -0.09916411, -0.3033821), (0.28192046, -0.11994184, -0.30312958), (0.29430687, -0.09042504, -0.30377582), (0.2550738, -0.08525225, -0.30243957), (0.28363204, -0.055919506, -0.30319852), (0.2806903, -0.0338912, -0.30315226), (0.27050567, -0.05631377, -0.30452836), (0.2569282, -0.05777406, -0.30340615), (0.27154285, -0.044247575, -0.30483773), (0.27017823, -0.022753302, -0.30547583), (0.28103969, -0.008056105, -0.30373856), (0.27948573, 0.011697541, -0.30440927), (0.25943366, -0.044381686, -0.30373946), (0.25472286, -0.011649126, -0.30425197), (0.26260966, 0.0062074503, -0.30493695), (0.27236924, 0.014030054, -0.30515638), (0.2652915, 0.031410165, -0.30577126), (0.25793225, 0.03482778, -0.30453992), (0.24583192, -0.060602017, -0.30485928), (0.2963061, -0.056426357, -0.30552313), (0.24823985, -0.019907314, -0.30481434), (0.24757537, 0.020150246, -0.3053464), (0.24750236, 0.04593721, -0.30481166), (0.2588604, 0.05717523, -0.3038249), (0.24378078, 0.047033288, -0.30484775), (0.24437957, 0.078207985, -0.30521396), (0.2508634, 0.079257324, -0.30444476), (0.26033935, 0.07814371, -0.30402145), (0.26374155, 0.0950834, -0.30302438), (0.25792107, 0.109875716, -0.30291724), (0.24407826, 0.1007109, -0.30424437), (0.23779894, 0.1140112, -0.3041948), (0.25381285, 0.12838604, -0.3027387), (0.245275, 0.12859267, -0.3033299), (0.26355913, 0.123353265, -0.30331096), (0.26074597, 0.14406255, -0.3039149), (0.2720075, 0.14203574, -0.30402592), (0.26139113, 0.1574962, -0.304612), (0.27411962, 0.1451664, -0.30392045), (0.26958448, 0.115602836, -0.30399096), (0.2816004, 0.12852623, -0.30353424), (0.28885964, 0.109148085, -0.30392188), (0.27848104, 0.10145669, -0.30330876), (0.26794, 0.09356854, -0.30388156), (0.28870958, 0.0859954, -0.30423105), (0.24695449, 0.14809443, -0.30228144), (0.2527568, 0.14883779, -0.30255336), (0.24946208, 0.1704856, -0.30377856), (0.24354626, 0.15901314, -0.3029267), (0.23753041, 0.16213633, -0.30355173), (0.23822369, 0.18113256, -0.3046299), (0.25960132, 0.1682243, -0.30365503), (0.24719879, 0.18156269, -0.3037277), (0.23583503, 0.19274169, -0.30468556), (0.23780505, 0.13921976, -0.30403516), (0.0188661, -0.27550724, -0.30449408), (0.0160558, -0.27880284, -0.30473313), (-0.00062497216, -0.2747624, -0.30478537), (-0.028850261, -0.25142017, -0.3053994), (0.27718413, 0.043137915, -0.3040438), (0.051671654, -0.2390942, -0.3030125), (0.04125964, -0.245469, -0.30320325), (0.013522097, -0.23721154, -0.303698), (0.003929515, -0.24625064, -0.3027922), (-0.018765496, -0.23903723, -0.30335072), (-0.042658202, -0.24367312, -0.30296877), (-0.040848322, -0.2468611, -0.30316076), (-0.06259609, -0.24790217, -0.30203483), (-0.059909403, -0.24443653, -0.30188274), (-0.061025992, -0.27734795, -0.30246472), (0.2875361, 0.020946529, -0.30572143), (0.28967634, -0.0032267892, -0.30500504), (0.2987307, 0.02504134, -0.30534813), (0.2862785, 0.046976723, -0.30532995), (0.29855946, -0.008401759, -0.30536166), (0.29465836, -0.035819195, -0.30545056), (0.28438762, -0.03870414, -0.3040226), (0.30007115, 0.054802857, -0.30450815), (0.29702172, 0.06951519, -0.30458227), (0.3046049, 0.043591585, -0.3044295), (0.3054397, 0.020643711, -0.30447954), (-0.13254467, -0.24420348, -0.30093122), (0.29464105, 0.08504217, -0.3035154), (0.08866908, -0.20179862, -0.302178), (0.07262211, -0.20996293, -0.30277213), (0.22139882, 0.15682077, -0.30357474), (-0.02126871, -0.25493565, -0.30564705), (-0.003587505, -0.2516907, -0.30500063), (0.007365854, -0.25509468, -0.30525044), (0.04598931, -0.25088206, -0.30623326), (0.13477877, -0.27344674, -0.3035617), (0.05558563, -0.2996911, -0.30617464), (-0.00029144686, -0.26640564, -0.30345327), (0.0076851947, -0.26060894, -0.30355814), (-0.0009485297, -0.25981465, -0.30392715), (0.06607747, -0.25154802, -0.30626497), (0.19740759, -0.089686066, -0.30347747), (0.2674099, 0.0695601, -0.30541793), (0.26416004, 0.056334086, -0.30504388), (0.15720128, -0.16787463, -0.3026011), (0.16823287, -0.1625336, -0.30191952), (0.23535357, 0.16665694, -0.3026476), (-0.06677118, -0.29902306, -0.3031999), (-0.08383855, -0.29636097, -0.30258495), (0.05100488, -0.3021562, -0.30641702), (0.0023800465, -0.30306143, -0.3047874), (0.030032974, -0.3071902, -0.30489087), (0.005748306, -0.30810243, -0.30435926), (-0.026462182, -0.30636576, -0.30465913), (-0.009591706, -0.30075437, -0.30502775), (-0.05443718, -0.30224723, -0.3046499), (-0.010692499, -0.30987537, -0.30408254), (0.014495109, -0.23240922, -0.30466327), (-0.028076388, -0.23289448, -0.3048408), (-0.0458918, -0.23558918, -0.30505103), (0.29739308, -0.10200028, -0.3017498), (0.09785354, -0.2951177, -0.3040401), (0.28140303, 0.08611032, -0.30263042), (-0.07315193, -0.23217534, -0.30368996), (-0.08119749, -0.23485653, -0.30322888), (-0.10406332, -0.2313507, -0.30416194), (-0.059010033, -0.22957018, -0.30294237), (0.3055152, -0.08520191, -0.30230108), (0.30490527, -0.06819819, -0.30393088), (-0.02174442, -0.22952677, -0.304087), (0.1189777, -0.18294264, -0.30328956), (0.102821484, -0.18980423, -0.30392042), (0.17009504, -0.14984505, -0.3045612), (-0.0365227, -0.30892202, -0.30362058), (0.3100633, 0.05094339, -0.30244842), (0.30754167, 0.06369107, -0.30187944), (0.30246612, 0.07630956, -0.30168283), (0.3109196, 0.01679494, -0.3030409), (0.30429426, -0.025526606, -0.30434093), (0.28222352, 0.05152871, -0.30358392), (0.087388985, -0.24926996, -0.30458844), (0.11166821, -0.2503702, -0.3037579), (0.117753476, -0.29136088, -0.30216753), (0.059869736, -0.2459394, -0.30443892), (0.2918136, 0.12757935, -0.3008896), (0.20350479, -0.07465919, -0.30423433), (0.192313, -0.11019876, -0.30391985), (0.07605033, -0.20190705, -0.30442312), (0.06055409, -0.20832893, -0.3053965), (-0.05757757, -0.27640787, -0.30346867), (0.2865612, 0.14120322, -0.29988182), (0.29674754, 0.112482585, -0.30060023), (-0.022957426, -0.22426946, -0.30224505), (-0.046754833, -0.27188092, -0.30251932), (-0.024434457, -0.29940456, -0.30370387), (0.07855869, -0.3063974, -0.3021395), (0.1783646, -0.14919935, -0.30260327), (0.18824269, -0.14148532, -0.30202165), (0.015125985, -0.22552459, -0.30200794), (-0.03317388, -0.27544084, -0.3046321), (0.097510315, -0.30266127, -0.30093202), (0.31090292, -0.0378624, -0.30158022), (0.31084314, -0.065949924, -0.30187985), (-0.023286335, -0.24691693, -0.30331436), (0.03530509, -0.22507133, -0.30217767), (-0.014198564, -0.27454376, -0.3047613), (0.28006026, 0.06261244, -0.30305567), (0.27276868, 0.09159832, -0.30301735), (0.103546284, 0.18534459, -0.3007106), (0.11447768, 0.18009412, -0.30078697), (0.09628019, 0.19641988, -0.30343655), (0.086338215, 0.1946186, -0.301024), (0.075139746, 0.19990529, -0.30136037), (0.059460558, 0.20423128, -0.30086654), (0.061348684, 0.21019162, -0.30319095), (0.08100907, 0.20216131, -0.30333117), (0.10963113, 0.18863481, -0.30364707), (0.11903564, 0.18378615, -0.30273256), (-0.0069207107, 0.20954746, -0.30265224), (0.12554131, 0.1830376, -0.30226257), (-0.03355104, 0.2108063, -0.302574), (-0.05838986, 0.209989, -0.30227095), (-0.035280712, 0.21341452, -0.3031681), (-0.011500327, 0.21174286, -0.3025897), (0.034455348, 0.21055517, -0.3025081), (0.13356954, 0.18037733, -0.30288935), (0.1416748, 0.17458834, -0.30381998), (0.071843155, 0.20768048, -0.30292428), (0.1539478, 0.16577387, -0.30422357), (-0.1554629, 0.19795735, -0.30282915), (-0.1313616, 0.19734307, -0.30227447), (-0.15732302, 0.2044621, -0.3022357), (-0.105265856, 0.20374715, -0.3012784), (-0.13391379, 0.20601021, -0.30158332), (-0.18669611, 0.20443831, -0.30186042), (-0.18391067, 0.21509126, -0.30174685), (-0.14491555, 0.21565793, -0.3026973), (-0.17170975, 0.22515363, -0.30250666), (-0.13287155, 0.22462381, -0.3025907), (-0.102304414, 0.21927051, -0.30165225), (-0.12643114, 0.21388027, -0.30230996), (-0.087281846, 0.21109377, -0.30192545), (-0.09904864, 0.22622555, -0.3020958), (-0.06656194, 0.22442025, -0.3023593), (-0.0563159, 0.21542074, -0.301599), (-0.047544207, 0.21767844, -0.3018784), (-0.03330627, 0.2254321, -0.30184263), (-0.019262765, 0.22033435, -0.30128813), (-0.014518136, 0.21600527, -0.3013337), (0.007865009, 0.22061354, -0.3009749), (-0.12960082, 0.23192643, -0.3020644), (-0.1073026, 0.23464721, -0.3021298), (-0.07342261, 0.23305288, -0.30119395), (-0.044238314, 0.23206875, -0.30116543), (-0.08718099, 0.24155368, -0.30210558), (-0.104945526, 0.25392592, -0.30205235), (-0.13740724, 0.24213551, -0.3027703), (-0.15198568, 0.24187373, -0.3029141), (-0.094801165, 0.2512901, -0.30270457), (-0.046665505, 0.24007174, -0.30184448), (-0.016926443, 0.23307323, -0.30151537), (-0.0024148934, 0.24222912, -0.30245477), (0.020702982, 0.2336979, -0.3024183), (-0.004497385, 0.2268401, -0.30256325), (0.018797586, 0.22544031, -0.3019423), (0.03164009, 0.24224555, -0.30266026), (0.048684407, 0.23427038, -0.3021844), (0.033930816, 0.22798373, -0.30299285), (-0.19419189, 0.22117855, -0.3025399), (-0.21172957, 0.22337702, -0.30246407), (-0.2003453, 0.23676248, -0.3018725), (-0.18496925, 0.23700327, -0.30151328), (-0.19428675, 0.24995704, -0.3022258), (-0.16672294, 0.24873275, -0.30229515), (-0.17255221, 0.25595903, -0.30192614), (-0.164116, 0.23080254, -0.30162457), (-0.101926714, 0.19379658, -0.30204228), (-0.11506011, 0.19622774, -0.3010146), (-0.11343113, 0.19259113, -0.3013488), (-0.122175545, 0.19128366, -0.3010365), (-0.08583461, 0.2027, -0.3015813), (-0.0785011, 0.20804252, -0.3023928), (0.080818295, 0.24700685, -0.30386585), (0.06682487, 0.21543922, -0.30133188), (0.059984088, 0.22014247, -0.30141595), (-0.14710213, 0.2546325, -0.30107954), (-0.12019778, 0.26396316, -0.3023896), (-0.08910466, 0.26750588, -0.30263954), (-0.07773243, 0.26138362, -0.3024847), (-0.03817086, 0.25450277, -0.30295655), (-0.040706467, 0.25984395, -0.30286667), (0.0025450264, 0.25620714, -0.30288374), (-0.07090763, 0.27078918, -0.3030373), (-0.050543007, 0.26820678, -0.30392295), (-0.010665605, 0.26083434, -0.3026851), (0.054314964, 0.25437766, -0.3027549), (0.047922667, 0.2608216, -0.30269197), (0.083530806, 0.2616623, -0.30216908), (0.10366666, 0.25423196, -0.30173826), (0.12343716, 0.2624884, -0.30270457), (-0.043576095, 0.2639962, -0.3037102), (-0.0149165625, 0.26769653, -0.30402076), (0.12984842, 0.2555244, -0.3019402), (-0.16746828, 0.26477918, -0.3027489), (-0.18087482, 0.25994095, -0.30275226), (-0.14789481, 0.2696299, -0.3027289), (-0.15489092, 0.2738813, -0.30245775), (-0.1352998, 0.2837057, -0.30190873), (-0.13083883, 0.28044724, -0.3022775), (-0.1082527, 0.29011402, -0.3022224), (-0.09380787, 0.27569872, -0.3018023), (-0.08165434, 0.28811455, -0.30172217), (-0.05959538, 0.27649894, -0.30168825), (-0.035143215, 0.27902922, -0.30121887), (-0.06284781, 0.28343228, -0.30163112), (-0.09656048, 0.29462886, -0.30233043), (-0.12127914, 0.27383173, -0.3016054), (-0.033031154, 0.2842927, -0.30163506), (0.008822661, 0.28409618, -0.30201834), (0.0060245246, 0.27879167, -0.30167082), (-0.017387947, 0.27490294, -0.3024268), (0.043556675, 0.2785833, -0.30113378), (0.051313113, 0.2839143, -0.3015937), (-0.07900126, 0.2983195, -0.30287966), (-0.07072429, 0.2907687, -0.30247262), (-0.04894116, 0.29208183, -0.30348313), (-0.05914577, 0.30245468, -0.30276555), (-0.053521458, 0.2512362, -0.3037648), (-0.028499676, 0.29936725, -0.30208102), (-0.034809154, 0.30393928, -0.30207297), (0.009006531, 0.30046657, -0.30270556), (-0.0068611703, 0.30638525, -0.302376), (0.017491173, 0.30498368, -0.30247396), (0.030424902, 0.29926935, -0.3028489), (-0.0047948435, 0.29035765, -0.30314094), (0.016890254, 0.292108, -0.30373663), (-0.031004455, 0.2909962, -0.3032206), (0.057653565, 0.2927836, -0.3034412), (0.043838035, 0.2954172, -0.3038887), (0.058968976, 0.29925758, -0.30319497), (0.07602078, 0.29666612, -0.3028599), (0.070555285, 0.22652376, -0.3027449), (0.07869783, 0.20986515, -0.30115804), (0.08734192, 0.2208683, -0.30292603), (0.07564703, 0.28359738, -0.30095658), (0.078489356, 0.2788581, -0.3010331), (0.09148961, 0.2767105, -0.30136204), (0.09910831, 0.2889284, -0.30328715), (0.08509212, 0.23131417, -0.30167896), (0.0747971, 0.23758614, -0.30240333), (0.10399194, 0.24099122, -0.30408862), (0.11173923, 0.22748007, -0.30202833), (0.12635577, 0.23308584, -0.30296335), (0.13661712, 0.22875321, -0.30288494), (0.16017899, 0.23275363, -0.30200654), (0.14517142, 0.24169885, -0.3032225), (0.16156238, 0.24263354, -0.30364546), (0.15635015, 0.25945398, -0.3039108), (0.17632073, 0.2493534, -0.30447185), (0.18605612, 0.24160634, -0.3044028), (0.085949324, 0.2495559, -0.3033092), (0.038269978, 0.25036117, -0.30410042), (0.1815579, 0.23263657, -0.30309305), (0.16679065, 0.22888744, -0.3025827), (0.18761553, 0.22429878, -0.30345774), (0.19821513, 0.2298438, -0.30407706), (0.18798624, 0.21526353, -0.30286422), (0.15773903, 0.21813081, -0.30366406), (0.1495425, 0.22601826, -0.30375054), (0.12499273, 0.21959509, -0.30358845), (0.10091905, 0.21581957, -0.30304435), (0.16512746, 0.20885965, -0.30338898), (0.1776566, 0.20261395, -0.3030753), (0.12804374, 0.20769279, -0.30258602), (0.19874941, 0.206457, -0.30321392), (0.14514403, 0.1976757, -0.3030305), (0.20740417, 0.20304129, -0.30328533), (0.19481173, 0.19903232, -0.3036491), (0.22171028, 0.21106748, -0.30467308), (0.22211197, 0.19508311, -0.30355027), (0.2197094, 0.18061408, -0.30337653), (0.20668562, 0.17566687, -0.30305377), (0.21319729, 0.16150382, -0.30277863), (0.21059072, 0.13106228, -0.30275026), (0.12469585, 0.19702052, -0.30164176), (0.10256578, 0.20422624, -0.30094615), (0.088981144, 0.20633054, -0.3008521), (0.10998406, 0.1956173, -0.30120435), (0.124347106, 0.18960905, -0.30157143), (0.13862205, 0.18977886, -0.30123544), (0.14436366, 0.18313004, -0.3014417), (0.16225146, 0.17975411, -0.3013973), (0.1560556, 0.1736396, -0.30127814), (0.16744535, 0.16170177, -0.30136397), (0.17405201, 0.19156155, -0.3026189), (0.18163066, 0.16653824, -0.30286312), (0.18823093, 0.18386324, -0.3022308), (0.1956962, 0.17267402, -0.3025122), (0.19573537, 0.16270725, -0.30331445), (0.17570893, 0.15407227, -0.30145964), (0.19324541, 0.15267195, -0.3018776), (0.18117124, 0.14648496, -0.3016486), (0.1910906, 0.13389339, -0.30086762), (0.22948873, 0.20740364, -0.30421862), (0.19966924, 0.19922782, -0.3042446), (0.20085263, 0.17043206, -0.3035531), (0.20124291, 0.15757994, -0.30392906), (0.20176472, 0.13398772, -0.30325195), (0.20795354, 0.11702331, -0.3015498), (0.19926536, 0.1235533, -0.30195656), (0.19641934, 0.10552409, -0.30227357), (0.19115129, 0.11119274, -0.30239), (0.2069839, 0.09533373, -0.30145437), (0.09782297, 0.2008719, -0.30143297), (0.21153544, 0.22552441, -0.3037056), (0.19823337, 0.2350262, -0.3036932), (0.18995228, 0.24414852, -0.30375752), (-0.01970253, 0.27204767, -0.30344644), (0.047304235, 0.2677845, -0.3043252), (0.066661485, 0.26919097, -0.3042266), (0.1617268, 0.19744375, -0.30371127), (0.10871636, 0.28557986, -0.30286664), (0.102278404, 0.27499157, -0.30184147), (0.11679904, 0.27991575, -0.30300242), (0.115561016, 0.26994786, -0.30317867), (0.13328803, 0.2716406, -0.30402157), (0.102708966, 0.2666945, -0.30352497), (0.100862116, 0.27068257, -0.3026552), (0.13511081, 0.26454663, -0.3037794), (0.15072021, 0.26459375, -0.30371323), (0.10398681, 0.19520086, -0.30227488), (0.07109871, 0.2916647, -0.3024414), (0.08650491, 0.29220596, -0.30353013), (0.060980186, 0.21262433, -0.30212057), (0.040860027, 0.27474013, -0.30180788), (-0.02571579, 0.24937052, -0.30407864), (0.0023762144, 0.25194773, -0.30420458), (0.18857917, 0.13061278, -0.30151266), (0.17643425, 0.14393573, -0.30288872), (0.19386922, 0.099291936, -0.30341318), (0.14577591, 0.17498544, -0.302754), (0.1560941, 0.16581345, -0.30282184), (0.16584487, 0.15669619, -0.30269375), (0.20485765, 0.08141246, -0.30338767), (-0.21154553, 0.2485639, -0.30092496), (-0.22111617, 0.23117328, -0.30050245), (-0.19716996, 0.25940982, -0.3008682), (-0.22592527, 0.25141186, -0.30207443), (-0.23878762, 0.21720842, -0.30075306), (-0.25173151, 0.22333461, -0.3019237), (-0.23292683, 0.24763004, -0.3018526), (-0.24865918, 0.20286077, -0.3008333), (-0.26642478, 0.20094408, -0.30230704), (-0.2688664, 0.20370966, -0.3022098), (-0.2840167, 0.17957567, -0.3032273), (-0.27643353, 0.18205406, -0.30251172), (-0.28647134, 0.16722363, -0.30335256), (-0.29348916, 0.16222471, -0.30338278), (-0.30181777, 0.14444761, -0.3037815), (-0.3000503, 0.13568716, -0.30350956), (-0.3106196, 0.12465197, -0.30356926), (-0.3070705, 0.11357223, -0.3035282), (-0.32046336, 0.084192574, -0.3039734), (-0.2015552, 0.27015924, -0.30222285), (-0.18187009, 0.2691304, -0.3004651), (-0.18210888, 0.2848848, -0.3017446), (-0.17046992, 0.2773287, -0.30021688), (-0.26070082, 0.19033271, -0.30056694), (-0.16559705, 0.29114535, -0.3020249), (-0.1581001, 0.28248778, -0.2998888), (-0.15090154, 0.3008935, -0.3019548), (-0.13835567, 0.2930942, -0.2998089), (-0.114870586, 0.30596098, -0.30077714), (-0.120290145, 0.296022, -0.2999415), (-0.10199642, 0.3017541, -0.30045497), (-0.1006225, 0.30492833, -0.30035198), (-0.086783364, 0.30705914, -0.30034626), (-0.11448273, 0.31445834, -0.30149245), (-0.13585833, 0.3070813, -0.302031), (-0.06248836, 0.3185818, -0.30155677), (-0.06688641, 0.31047383, -0.30055192), (-0.084924415, 0.32279697, -0.30202365), (-0.014146848, 0.32032123, -0.30175033), (-0.062846854, 0.32621297, -0.30213776), (-0.038779385, 0.32941622, -0.3023081), (0.0075822636, 0.33052817, -0.30266947), (0.023608102, 0.3218632, -0.30229765), (0.05906818, 0.32631782, -0.30283532), (0.06732711, 0.32374012, -0.3028306), (-0.11323457, 0.3186436, -0.30080837), (-0.13061945, 0.31369114, -0.30085763), (0.082536116, 0.32330528, -0.30201098), (-0.05100203, 0.31305692, -0.30010316), (-0.0054632947, 0.31337047, -0.30072564), (-0.030542213, 0.31041807, -0.3006666), (0.026362834, 0.31486246, -0.30041558), (0.01956611, 0.3111252, -0.300764), (0.032714073, 0.31370407, -0.2995726), (0.048820663, 0.32984084, -0.302232), (0.09033611, 0.31940684, -0.30233777), (0.063682534, 0.32002968, -0.3021259), (0.101696365, 0.3141695, -0.30214414), (0.106717765, 0.31878436, -0.30095658), (0.12546077, 0.3117418, -0.30183235), (0.12236473, 0.30401477, -0.30172482), (0.14666815, 0.30178928, -0.30210432), (0.13781194, 0.29678628, -0.30110684), (0.10111742, 0.30170786, -0.29994497), (0.07960222, 0.30794477, -0.30015206), (0.09247693, 0.3010949, -0.30015934), (0.07509542, 0.30520624, -0.3003736), (0.10816926, 0.29607344, -0.299749), (0.114068165, 0.29820085, -0.29984033), (0.12369333, 0.29137456, -0.2998953), (0.13374878, 0.29119596, -0.29973295), (0.14372422, 0.27984095, -0.3000029), (0.15198505, 0.28026462, -0.3000539), (0.1568463, 0.2729381, -0.30048275), (0.06408101, 0.31251687, -0.30004206), (0.059647087, 0.30936244, -0.29988652), (0.17032982, 0.27018055, -0.30015656), (0.17702866, 0.2643938, -0.30020848), (0.17206621, 0.28689763, -0.30221185), (0.15244928, 0.289896, -0.301827), (0.1865137, 0.27608928, -0.3025556), (0.18917125, 0.2564428, -0.30059183), (0.20147891, 0.26899856, -0.3022711), (0.20589991, 0.24863304, -0.30131826), (0.23099111, 0.24898985, -0.3019209), (0.23076655, 0.22827332, -0.30237022), (0.2500448, 0.22812122, -0.3020621), (0.24619326, 0.20259939, -0.30219352), (0.2677821, 0.20196831, -0.30242652), (0.21217294, 0.23444302, -0.30162272), (0.23748565, 0.20727913, -0.30215004), (0.19957578, 0.24621317, -0.30163187), (0.26101032, 0.18534946, -0.30176443), (0.2731442, 0.19026983, -0.30241415), (0.26820636, 0.17063265, -0.301196), (0.24183446, 0.19640017, -0.30299821), (0.27426213, 0.17838685, -0.30227813), (0.2856827, 0.17296661, -0.30281305), (0.28879303, 0.1596641, -0.30257854), (0.29570872, 0.1539107, -0.30282775), (0.28273308, 0.15094674, -0.3003863), (0.2715684, 0.16091031, -0.3013996), (0.27891707, 0.15036348, -0.30113563), (-0.2629323, 0.2176406, -0.30063987), (-0.3023481, 0.0939226, -0.30079097), (-0.27315032, 0.1720225, -0.30045706), (-0.28502974, 0.14419782, -0.3008721), (-0.16007662, 0.29965886, -0.30050904), (0.28001702, 0.19023801, -0.3006749), (-0.2975216, 0.11467554, -0.30104545), (-0.2920696, 0.12958254, -0.3007528), (-0.30502456, 0.084010564, -0.3001115), (-0.30959436, 0.07653502, -0.30007255), (-0.27850762, 0.15937488, -0.30012295), (-0.32202956, 0.07587184, -0.30380562), (0.13836743, 0.30929887, -0.30091015), (0.19244914, 0.27763927, -0.30093193), (0.24534178, 0.23839253, -0.30078396), (-0.24351935, 0.24097592, -0.30048227), (0.21184105, 0.26492858, -0.30124256), (-0.09072295, 0.3243397, -0.30085367), (0.12572506, 0.31515536, -0.3004656), (-0.21709028, 0.2640421, -0.30038506), (-0.19813783, 0.2771671, -0.30061194), (0.29277116, 0.16567641, -0.30159625), (-0.02516515, 0.3322376, -0.30132586), (0.002088117, 0.3333341, -0.3013594), (-0.14514789, 0.30874863, -0.2999911), (-0.17811169, 0.29028413, -0.3004603), (0.027338007, 0.33275062, -0.30132058), (0.2667947, 0.20979871, -0.30067214), (0.25573674, 0.22536148, -0.3006712), (-0.27406675, 0.20195141, -0.30071712), (-0.053010177, 0.33053902, -0.30078822), (-0.28803504, 0.17994149, -0.30142468), (0.16770014, 0.29280314, -0.30051547), (0.23134285, 0.2514646, -0.30073246), (-0.3101313, 0.13487855, -0.30151948), (0.29779384, 0.16105188, -0.29982892), (-0.30057788, 0.15552016, -0.30121532), (-0.3163867, 0.116737805, -0.30120838), (0.17603129, 0.29671225, -0.29351437), (0.12506162, 0.32815647, -0.28867882), (0.08084963, 0.3344361, -0.2915599), (0.0623118, 0.3411027, -0.28855836), (0.15835322, 0.31168273, -0.28942013), (0.1684796, 0.30645576, -0.28843606), (0.1901548, 0.30057815, -0.2830818), (0.20323132, 0.28410038, -0.28991723), (0.17072445, 0.31253558, -0.2827508), (-0.25230142, 0.2495654, -0.28835216), (0.26515248, 0.23455931, -0.28765708), (0.14292787, 0.31957027, -0.28966725), (0.2492667, 0.25043702, -0.28929195), (0.2913778, 0.19349344, -0.2892425), (0.31095788, 0.17249303, -0.282652), (0.31698328, 0.16035774, -0.28334168), (0.22238603, 0.27995607, -0.28273773), (0.23575984, 0.2633646, -0.28841114), (-0.15113297, 0.31340557, -0.29238245), (0.04654253, 0.34328505, -0.28860724), (0.029386997, 0.34570897, -0.28765765), (-0.10766233, 0.3312602, -0.28954816), (-0.23788309, 0.07585341, -0.3027478), (-0.23980756, 0.061087437, -0.30263594), (-0.24419841, 0.07607594, -0.30264407), (-0.29733893, -0.088287234, -0.30192575), (-0.2840084, -0.07761582, -0.30131713), (-0.29224816, -0.11286954, -0.30171448), (-0.26477933, -0.111079894, -0.3013888), (-0.26141244, -0.06963979, -0.30135605), (-0.27042037, -0.12405133, -0.3011561), (-0.25646022, -0.14261866, -0.30129114), (-0.2834846, -0.03866553, -0.30118254), (-0.25430137, -0.08489011, -0.30184484), (-0.25285602, -0.12351482, -0.30189824), (-0.2458427, -0.09339807, -0.30146065), (-0.24186347, -0.11928918, -0.30142733), (-0.22573748, -0.09897257, -0.30185544), (-0.22887835, -0.1288613, -0.30164337), (-0.21025977, -0.1166397, -0.30146536), (-0.2501197, -0.13419558, -0.3015522), (-0.23767123, -0.15673779, -0.30113867), (-0.2024773, -0.15213138, -0.30152085), (-0.20377393, -0.1648307, -0.30155537), (-0.23321481, -0.18294379, -0.3009057), (-0.21703942, -0.1749346, -0.3012705), (-0.24540661, -0.07302349, -0.30198163), (-0.23502646, -0.06476183, -0.3018541), (-0.24443135, -0.051403437, -0.30185762), (-0.19944645, -0.19420199, -0.30107117), (-0.17023171, -0.20813167, -0.3010976), (-0.18391098, -0.19658424, -0.3012362), (-0.18836258, -0.1639665, -0.30123028), (-0.16347636, -0.20695491, -0.30106252), (-0.16918881, -0.18049623, -0.30187333), (-0.16852206, -0.19000642, -0.3018578), (-0.20978609, -0.20620097, -0.30116102), (-0.17834805, -0.22560407, -0.30174872), (-0.18488427, -0.21088181, -0.30155355), (-0.20601462, -0.22551951, -0.30176395), (-0.235422, -0.19911613, -0.3014996), (-0.1844365, -0.23858784, -0.30126542), (-0.16208543, -0.23654395, -0.3015522), (-0.20499521, -0.23769432, -0.30132383), (-0.23630172, -0.041721493, -0.30213046), (-0.24127959, 0.00070097914, -0.30236825), (-0.13388418, -0.18843362, -0.30075306), (-0.22044255, -0.054897133, -0.30131036), (-0.24890955, -0.17666087, -0.30203617), (-0.268832, -0.15438758, -0.30178356), (-0.24652474, -0.1967722, -0.30150068), (-0.2582619, -0.17514172, -0.30168357), (-0.27838284, -0.15139389, -0.301565), (-0.28050697, -0.13346669, -0.30235466), (-0.28914136, -0.12794307, -0.3018721), (-0.19287418, -0.118653156, -0.30051434), (-0.23491867, -0.2255983, -0.30007666), (-0.21999139, -0.07659512, -0.30073917), (-0.20737253, -0.09606948, -0.3003534), (-0.1189803, -0.24039765, -0.30102906), (-0.102709234, -0.24608223, -0.30094963), (-0.20957904, -0.08709397, -0.30070594), (-0.25125825, -0.04388303, -0.30249542), (-0.25178424, 0.0090315575, -0.30290267), (-0.24772726, 0.054925352, -0.30272454), (-0.18917333, -0.15080929, -0.30047822), (-0.18707174, -0.13657686, -0.30074143), (-0.17761223, -0.14782059, -0.30053633), (-0.16953938, -0.16230817, -0.30035004), (-0.23229687, -0.01412594, -0.30168718), (-0.22754142, -0.03797842, -0.30129024), (-0.22334713, -0.038362287, -0.3015758), (-0.15795043, -0.19585966, -0.30279565), (-0.22620706, -0.23429157, -0.29997593), (-0.21442033, -0.2493837, -0.30020225), (-0.25310785, -0.064560674, -0.30300167), (-0.1414165, -0.1785904, -0.30037686), (-0.22741711, -0.016897622, -0.3024924), (-0.20157944, -0.2567627, -0.30062196), (-0.2416713, -0.23779719, -0.30130768), (-0.24466878, -0.21812578, -0.29984832), (-0.19978218, -0.10707096, -0.3001125), (-0.21479183, -0.07377092, -0.30132487), (-0.2227548, -0.25622708, -0.30141726), (-0.2035929, -0.26860943, -0.3015318), (-0.19030303, -0.2633805, -0.30071738), (-0.18768948, -0.27993947, -0.30145717), (-0.16842498, -0.2790555, -0.30012658), (-0.19852652, -0.097617574, -0.301048), (-0.23610252, 0.0073281843, -0.30169538), (-0.16670173, -0.29227248, -0.30111498), (-0.15159945, -0.287423, -0.29996502), (-0.18231368, -0.122463726, -0.30226475), (-0.19148485, -0.10766361, -0.30130327), (-0.17768508, -0.21416803, -0.3022095), (-0.14459743, -0.21329755, -0.3009497), (-0.13611768, -0.20791115, -0.3013643), (-0.12388029, -0.20885657, -0.30110323), (-0.12235407, -0.20138268, -0.30134347), (-0.104850516, -0.20394258, -0.30177596), (-0.15477194, -0.17221612, -0.30013958), (-0.15876761, -0.164658, -0.30043367), (-0.16672415, -0.15599501, -0.30108973), (-0.1506223, -0.3012255, -0.30145258), (-0.11174365, -0.30232728, -0.30006346), (-0.13293934, -0.295244, -0.30007663), (-0.13985157, -0.30738586, -0.30143905), (-0.077022396, -0.23699176, -0.30253172), (-0.2748782, -0.17679845, -0.29989958), (-0.2666031, -0.18897974, -0.2999774), (-0.2787202, -0.191725, -0.3011537), (-0.25898334, -0.20129524, -0.29956746), (-0.28657055, -0.17814262, -0.3011415), (-0.2835685, -0.1625619, -0.29973745), (-0.29339543, -0.16587415, -0.30098212), (-0.29170057, -0.15053514, -0.29960057), (-0.29174128, -0.14200595, -0.29979914), (-0.30007955, -0.12451883, -0.2999035), (-0.14613923, -0.17186621, -0.30077606), (-0.10180512, -0.20956488, -0.30105188), (-0.110313594, -0.2198947, -0.30167127), (-0.09025889, -0.21325052, -0.3015419), (-0.07939727, -0.22050028, -0.3008415), (-0.082984924, -0.2238173, -0.30114773), (-0.10079425, -0.22657198, -0.30199453), (-0.16929847, -0.21819666, -0.30321124), (-0.14995594, -0.22349828, -0.3034488), (-0.1283454, -0.19560465, -0.3013159), (-0.12446649, -0.19164945, -0.30154595), (-0.14177106, -0.19937226, -0.30276594), (-0.124324635, -0.22210494, -0.30282918), (-0.14234176, -0.21946868, -0.30275485), (-0.2584783, -0.22074646, -0.30154756), (-0.26622388, -0.2079179, -0.30112097), (-0.097825855, -0.23812702, -0.30231324), (-0.11743906, -0.19618611, -0.3023361), (-0.25608006, -0.03991629, -0.30330652), (-0.25348872, -0.016237741, -0.30363774), (-0.25647786, 0.0004215575, -0.30402604), (-0.050853226, -0.21931249, -0.3020562), (-0.022679176, -0.22055501, -0.30191648), (0.0076450403, -0.22033975, -0.30129158), (-0.15644859, -0.21921033, -0.30376124), (-0.124478675, -0.2257482, -0.30343974), (0.04641163, -0.22117272, -0.3016318), (-0.30396774, -0.10866956, -0.29987764), (-0.31107745, -0.12480222, -0.3013893), (-0.30878204, -0.13652195, -0.3016961), (-0.31484365, -0.12353216, -0.30115852), (-0.31764764, -0.10608411, -0.3021103), (-0.30258104, -0.14684317, -0.30159742), (-0.30837736, -0.09586776, -0.2998987), (-0.31322187, -0.07162354, -0.30004132), (-0.3224155, -0.085802585, -0.30229595), (-0.22878677, 0.019394364, -0.30258173), (-0.2703123, -0.20544069, -0.3006145), (-0.25556538, 0.020665439, -0.3036511), (-0.08442158, -0.21064231, -0.30248588), (-0.11100548, -0.22788104, -0.30376732), (-0.11591194, -0.23365885, -0.302514), (-0.11885488, -0.31062928, -0.30157948), (-0.096158616, -0.3076903, -0.3005699), (-0.10322886, -0.31692296, -0.3021452), (-0.12546776, -0.31219822, -0.3011174), (-0.09329684, -0.30324832, -0.30007756), (-0.080462955, -0.30747497, -0.30002066), (-0.07039913, -0.30740842, -0.30019662), (-0.06270428, -0.31400225, -0.2999439), (-0.06132025, -0.31228566, -0.29983237), (-0.04494179, -0.31897682, -0.29968792), (-0.042072214, -0.31686303, -0.299635), (-0.00228656, -0.31765392, -0.2998987), (0.014975797, -0.31822503, -0.29990143), (-0.020765362, -0.32075703, -0.30008063), (-0.07998977, -0.31805807, -0.30255857), (-0.08171679, -0.32127282, -0.30282936), (-0.062119827, -0.3262793, -0.3028661), (-0.06381497, -0.32249215, -0.30241436), (-0.15236276, -0.16297469, -0.30200455), (-0.062065613, -0.21627957, -0.30266502), (0.058623757, -0.22039258, -0.3016813), (-0.31370568, -0.063253045, -0.2996526), (-0.12140821, -0.18176037, -0.3040324), (-0.1275569, -0.1748032, -0.3035852), (-0.14067194, -0.16620854, -0.30368736), (-0.15539323, -0.301586, -0.3007632), (-0.17992361, -0.2888838, -0.3003269), (-0.30050737, -0.05897074, -0.30286896), (-0.3215219, -0.09690604, -0.30179727), (-0.30359134, -0.031235598, -0.302371), (-0.31453392, -0.030043613, -0.29966253), (-0.31765395, -0.043943696, -0.29981875), (-0.31765708, 0.0049579875, -0.2998635), (-0.3118143, -0.0018751066, -0.30109525), (-0.31668413, 0.011792294, -0.30029878), (-0.31186998, 0.05401317, -0.30107954), (-0.3143158, 0.0670114, -0.3006078), (-0.31856662, 0.05350454, -0.30130664), (-0.10609942, -0.1922029, -0.30512083), (-0.323885, -0.067528516, -0.30264845), (-0.30328056, -0.15422, -0.30038074), (-0.29102606, -0.17602597, -0.30031976), (-0.32243112, -0.04915437, -0.3017856), (-0.3264472, -0.06073831, -0.30278128), (-0.32318297, 0.002050006, -0.30209634), (-0.32733613, 0.0064621717, -0.30309442), (-0.32628918, 0.059059028, -0.30289128), (-0.33009684, 0.021682847, -0.30306074), (-0.3242108, 0.05894693, -0.3028327), (-0.32959282, -0.03656406, -0.30266008), (-0.21297227, -0.052701987, -0.3034238), (-0.21673243, -0.03599688, -0.30372584), (-0.2206882, -0.01734298, -0.30462322), (-0.20907801, -0.067188956, -0.3037391), (-0.16369396, -0.14961918, -0.3040398), (-0.17150392, -0.14675906, -0.3020688), (-0.17676377, -0.1323007, -0.30286986), (-0.17138992, -0.13637796, -0.3036562), (-0.187793, -0.10227308, -0.3038256), (-0.2365883, -0.24869496, -0.29998252), (-0.24336629, -0.24221057, -0.29988196), (-0.22134884, -0.26006797, -0.30063745), (-0.22456372, 0.012807536, -0.30443358), (-0.33031607, -0.05478326, -0.3011691), (0.011717984, -0.21243538, -0.30403566), (0.048090585, -0.21237642, -0.30474672), (0.02869797, -0.20943084, -0.30412883), (-0.019733945, -0.21332428, -0.30455995), (-0.05855738, -0.21220563, -0.30430463), (-0.07128504, -0.20816071, -0.30531183), (-0.31077474, -0.13832395, -0.3007148), (-0.1919329, -0.09448683, -0.30388185), (-0.08475693, -0.20212969, -0.3055009), (-0.3302226, 0.051895082, -0.30167454), (-0.33300203, -0.001651058, -0.30151471), (-0.019860838, -0.32603914, -0.30265862), (0.0016296599, -0.32532004, -0.30296123), (-0.024654843, -0.3299012, -0.30358875), (0.027679922, -0.32923618, -0.30396816), (0.038400065, -0.32674387, -0.3037134), (-0.059014298, -0.32872197, -0.3020463), (0.044935144, -0.3167994, -0.29988003), (-0.19653468, -0.27598223, -0.3004838), (-0.32511827, 0.07906093, -0.30157408), (-0.079596974, -0.32424822, -0.30153942), (-0.3330936, 0.021622974, -0.3013806), (0.0018232652, -0.33446828, -0.30096722), (-0.045378648, -0.33313337, -0.30023974), (-0.3318003, -0.033817876, -0.3013374), (-0.25662622, -0.23277453, -0.29674605), (-0.20759648, -0.27441305, -0.29596484), (0.028637266, -0.33422974, -0.30000567), (0.05579515, -0.32890436, -0.3019543), (-0.27492055, -0.20793363, -0.2960506), (-0.112952754, -0.32290804, -0.29492033), (-0.121494226, -0.3262781, -0.28972563), (-0.23739761, -0.26164505, -0.29025242), (-0.25901192, -0.25348157, -0.2824159), (-0.2627665, -0.2379122, -0.28867707), (-0.17228267, -0.2985936, -0.29566118), (-0.22352175, -0.28091192, -0.2823499), (-0.19101907, -0.29506427, -0.28831008), (-0.1925657, -0.30144525, -0.28225243), (-0.28376535, -0.20594385, -0.28970835), (-0.28114542, -0.22191906, -0.28266555), (-0.2998842, -0.18227613, -0.2890744), (-0.15975995, -0.31051782, -0.290679), (-0.176845, -0.3104402, -0.28269196), (-0.14336124, -0.31816775, -0.28990284), (-0.06380304, -0.34030297, -0.28943703), (-0.038374383, -0.34242985, -0.29102162), (-0.32266507, -0.12549284, -0.29280308), (0.05851004, -0.33787638, -0.2923161), (0.032419182, -0.34442112, -0.28884783), (0.07052086, -0.32379773, -0.30417046), (-0.31301314, -0.15662418, -0.28995585), (0.0011351897, -0.34454602, -0.2902605), (-0.3441324, 0.039978027, -0.28811404), (-0.34262004, 0.055045478, -0.2881479), (0.08590378, -0.32203996, -0.3024796), (0.09480622, -0.3315158, -0.29047883), (0.1212058, -0.32625097, -0.289111), (0.119221464, -0.3154749, -0.30086303), (-0.33199224, -0.08980706, -0.29219964), (-0.34194407, -0.053537797, -0.28871727), (0.13527146, -0.3207576, -0.2897376), (0.13192303, -0.30975187, -0.3024233), (-0.31986272, -0.13910447, -0.29085937), (0.14635423, -0.31425235, -0.29159775), (-0.34401473, -0.020480383, -0.28826863), (-0.34446263, 0.021456083, -0.28849956), (-0.34461692, 0.0011760164, -0.28818056), (0.15197375, -0.30356005, -0.3007811), (0.28478053, -0.30019003, -0.2973933), (0.29346487, -0.28161344, -0.28853062), (0.27791062, -0.29717723, -0.28882033), (0.29873216, -0.2869093, -0.29790643), (0.31310898, -0.26802143, -0.2953144), (0.31081274, -0.25946817, -0.28680435), (0.3293084, -0.24850988, -0.29613867), (0.31494275, -0.24706419, -0.2824429), (0.32584962, -0.24244782, -0.28857076), (0.3007671, -0.26380262, -0.28212327), (0.34439647, -0.22773714, -0.29738083), (0.3416993, -0.2189005, -0.28885406), (0.3446282, -0.24621415, -0.31304738), (0.33561382, -0.2593572, -0.31459278), (0.32242924, -0.2753783, -0.31423804), (0.30877772, -0.28863293, -0.3118184), (0.31868622, -0.28117406, -0.31530133), (0.3142155, -0.28835413, -0.31641102), (0.35326347, -0.23309852, -0.31328467), (0.30237132, -0.29767838, -0.31473407), (0.2877625, -0.31202728, -0.31466764), (0.34703562, -0.24772921, -0.31616515), (0.3223089, -0.27909246, -0.31666392), (0.3363324, -0.2618345, -0.31673804), (0.351954, -0.20511946, -0.29099217), (0.35676432, -0.23313425, -0.31647822), (0.26434103, -0.31735066, -0.29697755), (0.27679315, -0.3224523, -0.31486866), (0.26167756, -0.31248403, -0.29003304), (0.26507428, -0.29933098, -0.28225923), (0.25179493, -0.3409521, -0.31325108), (0.24837564, -0.32913, -0.29670218), (0.24314354, -0.3260749, -0.28952333), (0.26086548, -0.337423, -0.31645826), (0.2462951, -0.3482685, -0.31618705), (0.24679005, -0.3148747, -0.28215942), (0.28999546, -0.27522436, -0.2820338), (0.2758602, -0.28939274, -0.28230324), (0.29241782, -0.31021863, -0.31650707), (0.23275277, -0.34714946, -0.3054343), (0.23526517, -0.35555035, -0.3162693), (0.22069529, -0.34781766, -0.2970286), (0.21758857, -0.3429184, -0.28935528), (0.2304626, -0.32671997, -0.28265008), (0.21189003, -0.33969626, -0.2828498), (0.30400577, -0.29896292, -0.31650472), (0.33410513, -0.21834825, -0.282531), (0.32312602, -0.23500122, -0.28267142), (0.3428047, -0.20453529, -0.2824538), (0.20029852, -0.35644615, -0.29326975), (0.21835108, -0.32897386, -0.27881172), (0.24677128, -0.30922556, -0.27914092), (0.19112742, -0.35077605, -0.28301266), (0.19224893, -0.35726213, -0.28993988), (0.23135547, -0.31895992, -0.2788358), (0.2225656, -0.3608016, -0.31441122), (0.22106229, -0.36384454, -0.3163872), (0.21436724, -0.35730326, -0.30466637), (0.2066444, -0.36952627, -0.31532922), (0.20518276, -0.37218517, -0.31668714), (0.18651514, -0.37170687, -0.3057002), (0.20212522, -0.3392616, -0.2791428), (0.2591942, -0.2976472, -0.2789885), (0.17592436, -0.36315215, -0.28914145), (0.1748357, -0.38181347, -0.3114596), (0.16681069, -0.37018284, -0.2926598), (0.1908356, -0.37992623, -0.31660438), (0.17552847, -0.38591275, -0.31616193), (0.16863376, -0.38951275, -0.3167094), (0.16925015, -0.35840023, -0.282385), (0.14388297, -0.3696722, -0.28291032), (0.18700232, -0.34560868, -0.2787338), (0.148325, -0.3920285, -0.3113651), (0.15424201, -0.3949751, -0.31602207), (0.14331973, -0.3623768, -0.27879912), (0.12268122, -0.37117323, -0.27893183), (0.16517529, -0.35344172, -0.27887204), (0.12466107, -0.37525773, -0.28218696), (0.27274442, -0.2830233, -0.27892587), (0.29542908, -0.26095346, -0.27918854), (0.30672172, -0.24682425, -0.27930164), (0.09989286, -0.38342446, -0.28265646), (0.103372835, -0.37545437, -0.27881184), (0.077311106, -0.38266864, -0.27911425), (0.2851264, -0.26960254, -0.27894917), (0.31965783, -0.2259275, -0.27900633), (0.33134916, -0.20688576, -0.27902186), (0.04519069, -0.3872034, -0.2789362), (0.34136403, -0.19075757, -0.27943927), (0.20581478, -0.3291833, -0.27715132), (0.35055205, -0.18714705, -0.28263354), (0.34596068, -0.17463878, -0.2793205), (0.3570846, -0.17046037, -0.2826213), (0.35523072, -0.15100498, -0.27977234), (0.3660975, -0.14763372, -0.28254944), (0.365085, -0.13399255, -0.28052995), (0.37687787, -0.121504635, -0.28258124), (0.3735495, -0.11487259, -0.28036225), (0.17922272, -0.34100953, -0.27725747), (0.10065406, -0.37214124, -0.277969), (0.38446626, -0.095603324, -0.2825924), (0.08449322, -0.37167227, -0.27760544), (0.046700645, -0.38040102, -0.27785698), (0.36291924, -0.12326224, -0.27927735), (0.22585352, -0.3122714, -0.2774864), (0.14886215, -0.35010645, -0.27774173), (0.37536466, -0.092051476, -0.27933037), (0.38996822, -0.075572714, -0.28276363), (0.12486697, -0.3599705, -0.277592), (0.24476312, -0.29652143, -0.27779776), (0.30024132, -0.23819405, -0.2779623), (0.38159987, -0.05318176, -0.2793004), (0.39141053, -0.048814464, -0.2814632), (0.39013064, 0.0011187666, -0.2793241), (0.32803044, -0.1960062, -0.27805933), (0.34371796, -0.16764592, -0.27882746), (0.31499746, -0.21577016, -0.27792674), (0.19170311, -0.32912302, -0.27653462), (0.39436048, -0.044288136, -0.2822322), (0.39339823, 0.0049359216, -0.28019357), (0.37383717, -0.046718355, -0.27822584), (0.37155384, -0.07054716, -0.27898118), (0.28742138, -0.2478117, -0.27814928), (0.2787256, -0.26096022, -0.2782381), (0.2680364, -0.2726888, -0.27821094), (0.047357332, -0.37239432, -0.27712914), (0.0036671595, -0.3749563, -0.27721548), (-0.047879327, -0.3796919, -0.27770382), (0.37455654, 0.0074081686, -0.27781072), (-0.047605444, -0.3718847, -0.27708638), (0.35972527, -0.107157074, -0.27876157), (0.103854, -0.35904676, -0.27746817), (0.37455142, 0.04669865, -0.27812332), (0.3874823, 0.045614444, -0.27958742), (0.21259192, -0.31074405, -0.2772668), (0.22876656, -0.29726774, -0.27774203), (0.34844422, -0.13066322, -0.2792833), (0.34085372, -0.15647334, -0.2789295), (0.32810998, -0.17789006, -0.2783362), (0.2970806, -0.22905862, -0.2780299), (0.3137423, -0.20188586, -0.27810305), (-0.086248145, -0.3725204, -0.27864176), (0.138146, -0.3446496, -0.27772513), (0.38316533, 0.069899954, -0.28010085), (0.37475464, 0.07566051, -0.27903274), (0.38019255, 0.08327262, -0.27963427), (0.37579727, 0.1047697, -0.27951682), (0.16089094, -0.3343703, -0.27757323), (-0.11725133, -0.35992938, -0.27865687), (-0.14384769, -0.3490806, -0.2784679), (-0.16822298, -0.34125808, -0.27830535), (-0.19602238, -0.32816327, -0.27760488), (-0.20841575, -0.32881743, -0.27793813), (-0.21397808, -0.31149498, -0.2776163), (-0.22778416, -0.31163067, -0.27789742), (-0.0873616, -0.36321044, -0.27864474), (-0.16000663, -0.33493298, -0.27873522), (-0.18864688, -0.32262388, -0.27808395), (0.083061025, -0.35907096, -0.27784503), (-0.22895384, -0.2954612, -0.2779247), (-0.24451466, -0.2973303, -0.27776542), (-0.2590267, -0.28235272, -0.27799904), (0.36352313, -0.22342414, -0.31676742), (0.35961542, 0.0796099, -0.27939725), (0.36729288, 0.041405883, -0.27851316), (0.3590365, 0.119988695, -0.27897945), (0.3489395, 0.12369107, -0.27915064), (0.34727815, 0.14436667, -0.27900243), (0.33789527, 0.1567143, -0.27874213), (0.32500577, 0.18892626, -0.2776471), (0.362925, 0.13366593, -0.27960745), (0.32524434, 0.17154565, -0.27838847), (0.37139937, 0.12145952, -0.2801312), (0.31183416, 0.19613911, -0.27801278), (0.31631348, 0.20411529, -0.27748427), (0.29712903, 0.2191583, -0.277911), (0.32803077, 0.20298131, -0.27817702), (0.31274322, 0.21943319, -0.27761272), (0.2931111, 0.23869199, -0.2772789), (0.34446362, 0.18540949, -0.27927545), (0.30568063, 0.23564507, -0.27788696), (0.29364955, 0.2535513, -0.2778209), (0.2754651, 0.25987858, -0.27769914), (0.27374852, 0.27190226, -0.27800095), (0.25242397, 0.27985448, -0.27782023), (0.24851643, 0.2949045, -0.27772948), (0.23569189, 0.29482067, -0.27740696), (0.22682507, 0.2934417, -0.27779523), (0.21380076, 0.30748823, -0.2777626), (0.22947808, 0.30862626, -0.2777719), (0.20521508, 0.31767842, -0.2778041), (0.19056669, 0.32037795, -0.27808768), (0.19871654, 0.3293238, -0.27794287), (0.17894123, 0.32833323, -0.27810565), (0.2476017, -0.28524908, -0.27818942), (0.18591893, 0.3379678, -0.27828315), (0.15230934, 0.3498914, -0.27882624), (0.14871992, 0.34181258, -0.27901626), (0.11171376, 0.3636231, -0.2780725), (0.09719812, 0.3557523, -0.27859563), (0.08393707, 0.3660145, -0.27794665), (0.056549143, 0.36417183, -0.27798542), (0.045959726, 0.3749524, -0.27689618), (0.0004432086, 0.37669966, -0.2765689), (0.0511786, 0.3795812, -0.27716693), (-0.122810476, -0.34311107, -0.27950096), (0.3603649, -0.07208287, -0.27949002), (0.3572081, -0.058245584, -0.2799572), (0.34624526, -0.116840914, -0.27961394), (0.123159885, 0.3429886, -0.27946383), (0.14680323, 0.3324689, -0.2801677), (0.27134657, 0.2556645, -0.27816722), (0.24512872, 0.27233934, -0.27919573), (0.3325674, -0.15634461, -0.27939898), (-0.2769269, -0.26465783, -0.27829492), (-0.2899915, -0.24807057, -0.27816895), (-0.26394457, -0.2651317, -0.27875927), (-0.27533793, -0.24553962, -0.279286), (-0.29954508, -0.22831471, -0.27792495), (-0.299862, -0.24651502, -0.27823523), (-0.31080657, -0.23002636, -0.27769834), (-0.31469336, -0.20691857, -0.27735335), (-0.322558, -0.21701482, -0.27755263), (-0.32921007, -0.20528802, -0.27710137), (-0.32787287, -0.17799146, -0.27777594), (-0.3378947, -0.18445936, -0.27770182), (-0.34518093, -0.16538765, -0.27838397), (-0.33851525, -0.15963665, -0.27846703), (-0.34982216, -0.14172359, -0.27842072), (-0.24439114, -0.27601516, -0.2791395), (-0.33318847, -0.14769118, -0.27963296), (-0.32532588, -0.16365455, -0.2793249), (-0.34146503, -0.12789188, -0.27914038), (-0.36413622, -0.11381654, -0.27754912), (-0.35078686, -0.11267825, -0.27817145), (-0.35752657, -0.10311058, -0.2774813), (-0.37033692, -0.07838223, -0.27751103), (-0.36333326, -0.056247763, -0.2780409), (-0.37769318, -0.050333586, -0.2772449), (-0.37340802, -0.046327047, -0.27720168), (-0.3773601, 0.0064649945, -0.27691802), (-0.37766668, -0.08347631, -0.2778784), (-0.36661348, -0.005994824, -0.2779625), (-0.3657055, 0.049818706, -0.27785042), (-0.37596294, 0.044557106, -0.27695364), (-0.374815, 0.07037579, -0.2782401), (-0.36640686, 0.07863439, -0.27859327), (-0.3559173, 0.07114627, -0.27952725), (-0.3584767, 0.11048076, -0.27885014), (-0.3461096, 0.1247017, -0.2797091), (-0.35477045, 0.12783177, -0.27925408), (-0.34697577, 0.14780508, -0.27950594), (-0.3311945, 0.1543439, -0.28022185), (-0.3431344, 0.16559374, -0.27948633), (-0.3289488, 0.17350535, -0.27922085), (-0.36690968, 0.10623251, -0.27906752), (-0.3650766, 0.12945245, -0.27984113), (-0.3477206, 0.17257032, -0.28007445), (-0.33015296, 0.19375461, -0.2791147), (-0.3212971, 0.19596198, -0.27915496), (-0.3125289, 0.21056713, -0.2789876), (-0.30808175, 0.19970281, -0.27986506), (-0.31426686, 0.18804337, -0.28010866), (-0.28952503, 0.22490637, -0.27942002), (-0.30224326, 0.23344521, -0.27838004), (-0.28799245, 0.2501711, -0.27841243), (-0.2776647, 0.24078014, -0.27984884), (-0.26994818, 0.25262555, -0.2793928), (-0.27375662, 0.2702665, -0.27880955), (-0.265106, 0.26233736, -0.27907634), (-0.25506026, 0.28439036, -0.27848068), (-0.2470359, 0.2746637, -0.27935794), (-0.23267782, 0.29458517, -0.27846166), (-0.22832845, 0.30904597, -0.2783636), (-0.20846197, 0.31156144, -0.2782633), (-0.20703436, 0.32706913, -0.2781859), (-0.19221058, 0.32907015, -0.27762884), (-0.18048747, 0.32587138, -0.27793828), (-0.18677613, 0.33749703, -0.27816188), (-0.16338179, 0.33921137, -0.27833056), (-0.15131532, 0.3317519, -0.27947196), (-0.22752313, 0.28658894, -0.27952448), (-0.1320527, 0.33920473, -0.2792468), (-0.25534302, 0.3004378, -0.27922386), (-0.27380237, 0.28281453, -0.27941528), (-0.2894584, 0.2674907, -0.27951533), (-0.30154684, 0.25411844, -0.27925703), (0.017529642, -0.36858404, -0.27783713), (0.18777509, -0.320542, -0.2773148), (0.34111157, 0.12297592, -0.27990177), (0.33017316, 0.14906327, -0.27994195), (-0.14232714, 0.3440783, -0.27832517), (-0.13815698, 0.35555, -0.27843398), (-0.12051718, 0.35095876, -0.27834404), (-0.10996214, 0.36286268, -0.27792287), (-0.09038651, 0.35987246, -0.27807674), (-0.07908862, 0.37282333, -0.27788955), (-0.056536123, 0.3667177, -0.27758965), (-0.05065651, 0.37726083, -0.27678362), (-0.10010509, 0.3484862, -0.2794382), (-0.07651325, 0.35243374, -0.27948633), (-0.0641006, 0.35856128, -0.2785122), (0.35647494, 0.05627778, -0.2796006), (0.36130396, -0.027438454, -0.27952448), (0.3603556, 0.0077483966, -0.27941445), (0.26063383, -0.26544112, -0.27911392), (0.24195735, -0.278788, -0.2793218), (0.27203524, -0.25042716, -0.27933845), (0.0017053749, 0.38335377, -0.27719063), (-0.042295843, 0.382021, -0.27721187), (-0.2334569, 0.31583783, -0.2791185), (-0.21649012, 0.32853332, -0.2791329), (-0.1622556, 0.352857, -0.27932957), (-0.18450901, 0.3455293, -0.2789894), (0.12121668, -0.3418391, -0.27867702), (-0.20347853, 0.30340454, -0.27953658), (-0.31195724, 0.23395003, -0.27934232), (-0.3241161, 0.215748, -0.28016043), (-0.19998665, -0.30668968, -0.27898896), (-0.03810953, 0.35906798, -0.27903816), (-0.3582572, 0.15138893, -0.28080827), (-0.10569071, 0.37589625, -0.27903542), (-0.13200498, 0.36629736, -0.27923703), (-0.156937, -0.32846794, -0.27955034), (0.28383487, -0.23198628, -0.27948263), (0.2965582, -0.21185187, -0.27933523), (0.309304, -0.19211656, -0.27945757), (0.31808072, -0.17585868, -0.2796821), (-0.09159067, -0.3520972, -0.27970323), (-0.069719404, -0.35531524, -0.2796367), (-0.17580691, 0.3180392, -0.27930877), (-0.057825383, -0.3615243, -0.27839604), (0.2099815, 0.29446024, -0.27934125), (0.19933267, 0.3032208, -0.27946672), (0.17362393, 0.3174691, -0.28003612), (0.22756314, 0.2829347, -0.27936953), (0.05841769, -0.35803068, -0.2785654), (0.27907377, 0.23324917, -0.27924776), (0.003109551, 0.36101744, -0.2790059), (0.05418278, 0.3581879, -0.27898476), (-0.086594835, 0.3795434, -0.27900466), (-0.20989336, -0.2963394, -0.27933016), (-0.3347477, 0.19800334, -0.27987444), (-0.35763997, 0.040807433, -0.27914363), (-0.3583326, -0.021454314, -0.27925062), (-0.3581541, 0.0020258767, -0.2792164), (-0.35574684, -0.05341381, -0.27934423), (0.1457533, -0.3308654, -0.27916962), (-0.17852998, -0.31694883, -0.27959573), (0.07758742, 0.35079312, -0.28021923), (-0.31520328, -0.178967, -0.27941766), (-0.3050607, -0.20048591, -0.27919385), (-0.29021677, -0.22130705, -0.27975768), (-0.3508049, -0.082139194, -0.2793744), (-0.2582515, -0.26335433, -0.27961883), (0.3513394, -0.07807628, -0.28078225), (0.33770332, -0.12774028, -0.28090122), (-0.31681582, 0.16604461, -0.28188142), (0.21319146, -0.2959797, -0.27910027), (0.20013016, -0.30371758, -0.27902776), (-0.20174977, 0.33883986, -0.27952006), (-0.2298362, -0.28298125, -0.27959466), (0.35022324, 0.079078875, -0.28087023), (0.26930583, 0.24801952, -0.2793664), (-0.3407272, 0.12618819, -0.2805739), (-0.35246018, 0.07324437, -0.28041524), (-0.35106885, 0.041166037, -0.28216603), (0.17087948, -0.31883973, -0.27923492), (0.086333595, -0.34899554, -0.279497), (0.31544873, 0.17358445, -0.27984124), (-0.00228344, 0.39244178, -0.27895656), (0.28972423, 0.21726567, -0.27944952), (0.30299115, 0.19798191, -0.27950147), (-0.050467722, 0.38841423, -0.27892295), (-0.03373133, -0.3592937, -0.27920675), (0.0039299442, -0.3611642, -0.27923506), (0.03154798, -0.360348, -0.2791349), (0.32719213, -0.15383592, -0.2807099), (-0.2542645, 0.25798962, -0.28207314), (-0.32578376, 0.14607914, -0.2825884), (-0.29851952, 0.20606704, -0.2808027), (-0.30655494, 0.18389098, -0.2826356), (-0.31189564, 0.17144538, -0.2828382), (-0.07139052, -0.3467358, -0.28266194), (-0.0509848, -0.35017043, -0.28266522), (-0.29762775, 0.19860232, -0.28276342), (0.3557958, -0.019784313, -0.28119257), (0.38991514, 0.07518411, -0.28250295), (0.3410403, -0.09651761, -0.2829609), (-0.33509603, 0.12486215, -0.28242737), (-0.3411865, 0.09673205, -0.2824489), (0.3439973, -0.08077245, -0.282763), (0.34760535, -0.067042135, -0.28257427), (-0.28072312, 0.22189339, -0.2826086), (-0.26468343, 0.24570538, -0.28259036), (-0.2390189, 0.2697174, -0.28260228), (0.3428005, 0.08562616, -0.2827292), (0.34787518, 0.06790863, -0.28255156), (0.35182396, -0.04951929, -0.2823247), (-0.27558267, -0.23330088, -0.28165922), (0.39481643, 0.048264828, -0.2824001), (0.3967241, 0.025506506, -0.28225574), (-0.2181344, 0.2845052, -0.282225), (-0.20557311, 0.2939214, -0.28239784), (-0.13902459, -0.33369243, -0.2803256), (-0.11825804, -0.33668077, -0.2822498), (-0.34385133, 0.08037352, -0.28299123), (-0.09727056, -0.34030983, -0.28300172), (-0.1908795, 0.30264887, -0.2824287), (0.25082242, -0.2600061, -0.28287676), (0.26048875, -0.25088263, -0.28254178), (0.2716795, -0.23753047, -0.28217694), (0.35271505, 0.0019230347, -0.28261784), (0.044751793, 0.3510481, -0.28256613), (0.28355786, -0.21832764, -0.28251764), (-0.34773138, 0.0698973, -0.2827039), (0.3170543, -0.16196206, -0.28261867), (0.30850953, -0.17764618, -0.28261745), (0.2993314, -0.19477555, -0.2825047), (0.32659608, -0.14202811, -0.28280663), (0.33651966, -0.119740486, -0.28227425), (0.38103166, 0.10316464, -0.28245217), (0.35198516, 0.04117825, -0.2820684), (-0.27052683, -0.24032864, -0.2820872), (-0.3358429, -0.12068127, -0.28239644), (-0.34091216, -0.0950339, -0.28251755), (-0.33188444, -0.13120236, -0.28296036), (-0.3513933, 0.00032746923, -0.28214043), (-0.35087144, -0.024482986, -0.2823758), (-0.32215035, -0.15553783, -0.28257048), (0.07814459, 0.34449318, -0.28287935), (-0.0017213825, 0.35301837, -0.28262958), (-0.29069373, -0.21020742, -0.2822955), (-0.3018549, -0.19345114, -0.28212956), (0.22103071, -0.2816901, -0.28253785), (0.2398548, -0.27013934, -0.2825848), (-0.04300842, 0.3507958, -0.28258115), (-0.067460515, 0.34727338, -0.2825434), (-0.08359966, 0.3437451, -0.28278452), (-0.1133955, 0.33876517, -0.28246316), (-0.24838029, -0.26399, -0.28231874), (-0.31027868, -0.1780298, -0.2821668), (0.033165094, -0.35138142, -0.28289542), (-0.24107459, -0.27143925, -0.28161004), (0.0038272613, -0.35352454, -0.2825915), (0.33694753, 0.11437816, -0.2825879), (0.33337426, 0.12668575, -0.28289813), (-0.3470248, -0.06945073, -0.28251013), (0.15669891, 0.32179427, -0.28246108), (0.13493738, 0.33152092, -0.28260192), (0.12196951, 0.33657205, -0.282586), (0.09746092, 0.34126946, -0.2828538), (0.06118004, -0.34743235, -0.28323728), (-0.17171648, 0.31335396, -0.28230926), (-0.1583506, 0.319944, -0.28341043), (0.37104535, -0.20473841, -0.31629217), (0.36630812, -0.21311736, -0.31644484), (0.37946156, -0.18830396, -0.31639943), (0.3888103, -0.17030624, -0.3161486), (0.3959383, -0.15241787, -0.31660864), (0.40113238, -0.13579601, -0.3157751), (0.40867215, -0.11664609, -0.31624258), (0.41569746, -0.0864725, -0.31617323), (0.078473724, -0.3435535, -0.28289342), (-0.1606293, -0.31968203, -0.2825865), (-0.13354331, -0.33087143, -0.28263634), (-0.03136409, -0.35114607, -0.28318408), (-0.14597286, 0.32620174, -0.28330582), (-0.13168581, 0.33259195, -0.28253794), (-0.34921673, -0.052858334, -0.28267366), (0.20031832, -0.29655313, -0.2824204), (0.3258494, 0.14488298, -0.2827715), (0.09453649, -0.34064937, -0.28274775), (0.12016339, -0.33437082, -0.2825976), (0.29856357, 0.19547838, -0.2826298), (0.23652168, 0.270537, -0.2826594), (0.25244012, 0.25745484, -0.2825807), (0.2689671, 0.23851752, -0.2825752), (0.2874691, 0.21158625, -0.2827087), (0.18097425, -0.30674624, -0.28258187), (0.1624013, -0.31674942, -0.28252745), (0.14274651, -0.32589376, -0.28253984), (-0.20667422, -0.29210973, -0.2825719), (-0.31681645, 0.14534065, -0.29009464), (-0.00083343877, -0.35099396, -0.28427216), (-0.3279655, 0.11343419, -0.29016617), (-0.32414463, 0.12454328, -0.29101846), (-0.07715471, 0.3388018, -0.2882236), (-0.04766323, 0.34301025, -0.28840423), (-0.024060428, 0.34463605, -0.28872526), (0.00029233148, 0.3450961, -0.2890154), (-0.3392027, 0.0698507, -0.289373), (-0.32990414, 0.09530389, -0.29241192), (0.34330532, 0.038682763, -0.28907263), (-0.19824825, 0.29184088, -0.28745553), (0.24887419, -0.25008, -0.29006124), (0.343868, 0.01770855, -0.28956574), (0.34338173, 0.0009032489, -0.290347), (0.34264416, -0.052764874, -0.2890752), (0.34336185, -0.03613561, -0.28942108), (-0.33881852, -0.06815152, -0.28967237), (-0.2379684, 0.2610223, -0.28890795), (-0.26892865, 0.22820687, -0.28866878), (-0.22049105, 0.27521718, -0.28788862), (0.23213862, -0.26396337, -0.29039487), (0.34098288, 0.056900926, -0.28925082), (0.33781832, 0.07094548, -0.29009384), (0.32285526, 0.12540616, -0.29226765), (0.31962913, 0.1424221, -0.28881764), (-0.29147735, 0.19185914, -0.29076952), (-0.2999625, 0.17729114, -0.29078734), (-0.13248453, 0.32160363, -0.29207447), (0.32499158, -0.12440678, -0.29003075), (0.31718993, -0.14265132, -0.29029572), (0.3085059, -0.16140081, -0.29001743), (0.29967362, -0.18042043, -0.2889271), (0.3295783, -0.10800465, -0.290585), (0.33334827, -0.080312654, -0.29257697), (0.2675565, -0.22853355, -0.28953212), (0.2553812, -0.2415964, -0.29089764), (0.2864703, -0.2017719, -0.28893566), (0.19121352, -0.2915894, -0.2906811), (0.21417433, -0.27870542, -0.28825274), (-0.19351481, 0.28993088, -0.29164502), (0.16492248, -0.30757087, -0.28938454), (-0.12010658, -0.29789904, -0.30016845), (0.04973725, -0.30898052, -0.30344042), (0.055165127, -0.31187963, -0.3016246), (0.18661422, 0.12233989, -0.3032084), (0.2390696, -0.2098754, -0.3013461), (0.22008963, -0.22596917, -0.30119157), (0.24933796, -0.20178573, -0.30127278), (0.26194373, -0.18953307, -0.30129793), (0.25781608, -0.1733921, -0.30320045), (0.20097895, -0.25203565, -0.30114713), (0.26823467, -0.17738676, -0.301462), (0.18511532, -0.26598763, -0.30058298), (0.17394544, -0.27627018, -0.3000252), (0.2748436, -0.17026526, -0.3015604), (0.2803577, -0.15969054, -0.30125618), (0.15043333, -0.28180608, -0.30085862), (0.16699338, -0.28188637, -0.29994786), (0.14774601, -0.2899119, -0.2994566), (0.123506255, -0.29830083, -0.29986623), (0.13789177, -0.29628867, -0.29981187), (0.283188, -0.14830583, -0.30110466), (0.29169697, -0.12761998, -0.30150202), (0.29693916, -0.11533279, -0.301026), (0.30539244, -0.09486421, -0.30178556), (0.31137982, -0.08121895, -0.30178273), (0.31395608, -0.041772146, -0.3016473), (0.31440437, 0.0124949785, -0.3027188), (0.21988676, -0.24310488, -0.30187777), (0.21280196, -0.26058105, -0.30212685), (0.24199332, -0.22260928, -0.3023381), (0.24285097, -0.23140015, -0.30226424), (0.26748377, -0.20046651, -0.30221587), (0.26043755, -0.21392259, -0.30214298), (0.18851948, -0.27850723, -0.30198258), (0.2833396, -0.17847934, -0.30281475), (0.31399646, 0.038540523, -0.3024537), (0.3224911, 0.050317522, -0.3034554), (0.31452775, 0.07196073, -0.30322894), (0.32056218, 0.080476016, -0.30328733), (0.31493443, 0.10394673, -0.30285352), (0.3104933, 0.10571274, -0.30261126), (0.309536, 0.12625758, -0.30284634), (0.30504653, 0.119606264, -0.3022684), (0.302057, 0.1412499, -0.30312175), (0.32177618, 0.002365553, -0.30386207), (0.325993, 0.046335187, -0.30337712), (0.32786945, 0.0024962493, -0.3040097), (0.32712823, -0.023156894, -0.3038934), (0.32521963, 0.06869488, -0.30230772), (0.23661925, -0.2420228, -0.3017698), (0.31617656, -0.1019648, -0.30352506), (0.30950797, -0.12399874, -0.30323327), (0.30075464, -0.12703703, -0.30276063), (0.30370477, -0.13768108, -0.30346847), (0.29372895, -0.15405369, -0.30313423), (0.2898806, -0.16582267, -0.3032487), (0.30468503, -0.14307386, -0.30211952), (0.30333668, 0.082007885, -0.30133113), (0.30201715, 0.10571441, -0.30083394), (0.2961747, 0.1217322, -0.3006375), (0.3204042, -0.05341033, -0.30296817), (0.32163292, -0.0753319, -0.30351207), (0.32581165, -0.057120584, -0.30326465), (0.15817837, -0.29753724, -0.3018262), (0.17245258, -0.28941956, -0.30213517), (0.23269762, -0.24973519, -0.30109757), (0.14232814, -0.30492094, -0.30240518), (0.2741046, -0.19982128, -0.30090752), (0.24729566, -0.23448075, -0.3009318), (0.11146253, -0.3003738, -0.30011988), (0.117112026, -0.31281695, -0.30295917), (0.08911913, -0.30695358, -0.301239), (0.078185365, -0.31132838, -0.3016286), (0.05829412, -0.31446835, -0.3015139), (0.10083233, -0.3167356, -0.30339682), (0.083274454, -0.3197954, -0.30383295), (0.04995916, -0.32551137, -0.30410916), (0.13474137, -0.30641115, -0.30277184), (0.3230096, -0.07890071, -0.30286995), (0.31857276, -0.09980273, -0.30286682), (0.26236126, -0.21697947, -0.30092674), (0.21180685, -0.2653304, -0.30096865), (0.19511305, -0.27731657, -0.30086994), (0.17839788, -0.28923416, -0.30078354), (0.29205436, -0.17143843, -0.30121574), (0.31226423, -0.12493609, -0.30188614), (0.28413388, -0.1854343, -0.30082205), (0.31319824, 0.12439956, -0.30141985), (0.31977284, 0.09453254, -0.30185416), (0.32896954, -0.052812733, -0.30194873), (0.3288533, 0.04561168, -0.30185854), (0.307721, 0.13998596, -0.3004992), (0.33134004, 0.0075298143, -0.30153155), (-0.2800645, -0.0071711913, -0.30243197), (-0.26932737, 0.1741384, -0.30042818), (-0.29923573, 0.095685, -0.30099508), (-0.25450328, 0.05495129, -0.3032708), (0.4014649, 0.07280711, -0.29391485), (0.41997516, 0.04789007, -0.30955037), (0.4055931, 0.04416349, -0.2914379), (0.4149517, 0.07931671, -0.31359002), (0.40069312, 0.08489645, -0.29678056), (0.41082457, 0.09414202, -0.31350777), (0.39335585, 0.07925095, -0.28666192), (0.42115244, 0.06261786, -0.31443924), (0.41300404, 0.026364146, -0.29839048), (0.42309254, 0.034598436, -0.31201065), (0.40551537, 0.025098372, -0.28973275), (0.41584712, 0.0018511919, -0.30053848), (0.40734142, 0.0009319821, -0.29038575), (0.42356995, 0.0036866001, -0.31100473), (0.42627388, -0.0016363169, -0.31423604), (0.42452517, 0.040897533, -0.3136927), (0.4061191, -0.027748285, -0.29077816), (0.40536776, -0.048593692, -0.29267186), (0.42452598, -0.04293902, -0.3141892), (0.41621953, -0.023144184, -0.30223197), (0.3975547, 0.0024415106, -0.2821181), (0.044867516, 0.40910512, -0.29683927), (0.05943421, 0.4111227, -0.30272222), (0.043980457, 0.42223424, -0.31367943), (0.04471301, 0.4029674, -0.2901167), (0.028882796, 0.42269215, -0.3129989), (0.022562623, 0.41280916, -0.29944146), (-0.0011146632, 0.4126425, -0.29755956), (-0.0017162116, 0.41984165, -0.3073088), (-0.0005749062, 0.40580103, -0.28973338), (0.045167886, 0.39511022, -0.28263253), (-0.027040318, 0.41205522, -0.29793167), (-0.028010681, 0.40572032, -0.29058364), (-0.00038697757, 0.4247715, -0.3148016), (-0.0027278443, 0.39832675, -0.28275004), (-0.04990746, 0.40945157, -0.29747272), (-0.047700927, 0.40314233, -0.2901156), (-0.04547823, 0.4219787, -0.31415883), (-0.04411591, 0.39522567, -0.28243157), (0.15140949, 0.22668947, 0.3008735), (0.1395155, 0.23267506, 0.29981506), (0.15233526, 0.226099, 0.27459386), (0.14150576, 0.23152101, 0.2783289), (0.15849636, 0.22224556, 0.28912142), (0.15922615, 0.22236566, 0.27393696), (0.15920135, 0.22215244, 0.30253273), (0.14085503, 0.23308685, 0.26795873), (0.16944167, 0.2151936, 0.30024472), (0.16630597, 0.21639901, 0.2853372), (0.15833084, 0.22409292, 0.266761), (0.17541844, 0.2087365, 0.2745114), (0.17680764, 0.2080864, 0.2879728), (0.17590153, 0.20926629, 0.26661232), (0.17854582, 0.20729095, 0.30035573), (0.18665391, 0.19899543, 0.29960567), (0.17157494, 0.21182916, 0.30525422), (0.18321869, 0.19948553, 0.2677628), (0.18317166, 0.19973212, 0.2818846), (0.18416336, 0.19966142, 0.3050968), (0.17834511, 0.20477271, 0.30692065), (0.1893066, 0.19188051, 0.28488058), (0.18787244, 0.19115475, 0.27228013), (0.1946363, 0.18814056, 0.2978046), (0.19252367, 0.19095142, 0.3016856), (0.19607027, 0.17892511, 0.27604824), (0.1967958, 0.17892955, 0.27104554), (0.18872789, 0.19187272, 0.26642236), (0.19697146, 0.17770736, 0.2810007), (0.18487862, 0.19958402, 0.26230502), (0.17663011, 0.21067996, 0.26181832), (0.16348277, 0.22218914, 0.26218405), (0.15561126, 0.22759554, 0.26192942), (0.20028606, 0.17766266, 0.26503664), (0.14949757, 0.22579457, 0.30674362), (0.14112924, 0.23640588, 0.26141655), (0.13342068, 0.2343423, 0.28375596), (0.12635449, 0.23722354, 0.2717733), (0.12687384, 0.23718672, 0.30228624), (0.12150414, 0.2379352, 0.2847697), (0.13748375, 0.23111942, 0.30717528), (0.128246, 0.23805237, 0.2651326), (0.10796792, 0.24130805, 0.30093622), (0.10715039, 0.24079311, 0.3047583), (0.16401076, 0.21544786, 0.30769086), (0.11323604, 0.23813787, 0.30789486), (0.12552205, 0.24072084, 0.26089928), (0.19474801, 0.19397134, 0.2567678), (0.19016555, 0.18981096, 0.30669665), (0.19864622, 0.17755248, 0.30051255), (0.19976269, 0.18253018, 0.26131302), (0.19948381, 0.16771273, 0.27157447), (0.20874985, 0.17901778, 0.25311822), (0.19458331, 0.18092458, 0.30662167), (0.17699759, 0.2152628, 0.2575258), (0.1622921, 0.22794314, 0.25755027), (0.20388708, 0.18775912, 0.2526495), (0.19970925, 0.17184512, 0.3024902), (0.11092648, 0.24171439, 0.26278296), (0.14367287, 0.24016611, 0.25678352), (0.19900545, 0.16688979, 0.2791204), (0.19953352, 0.16726682, 0.29223254), (0.20353472, 0.16863762, 0.26331425), (0.0922429, 0.24122088, 0.3061054), (0.10452975, 0.24522103, 0.26007745), (0.21147206, 0.1664146, 0.25318453), (0.0584673, -0.0071892934, 0.25264394), (0.06341872, -0.003724331, 0.2530156), (0.06319524, -0.008337878, 0.24552502), (0.052069325, -0.018970212, 0.2446), (0.061338242, -0.0030793406, 0.25878114), (0.07390256, -0.0040761693, 0.24487534), (0.055561405, -0.01879053, 0.24223149), (0.07162609, -0.00855406, 0.24177009), (0.062565506, -0.015374938, 0.2410849), (0.07910602, 0.00056193233, 0.2540679), (0.07823666, -0.0031365622, 0.24581242), (0.08856053, 0.0061597195, 0.25970128), (0.09129537, 0.006012285, 0.25487012), (0.08574339, -0.0012522007, 0.24514978), (0.09384847, 0.0044436324, 0.24982774), (0.09774213, 0.012443554, 0.26067626), (0.10299871, 0.0044427263, 0.2458088), (0.10195834, 0.011836671, 0.2546947), (0.11379516, 0.015031982, 0.25080723), (0.10430922, 0.022768566, 0.2689606), (0.08477221, -0.0057165297, 0.24218205), (0.11362282, 0.0273821, 0.2607715), (0.109259225, 0.025631877, 0.26415345), (0.11814958, 0.027474074, 0.25711825), (0.12608495, 0.027970567, 0.2528987), (0.109907106, 0.031257737, 0.27041912), (0.11064274, 0.0066912635, 0.24577573), (0.1089047, -0.0019872994, 0.24083596), (0.1273179, 0.0420321, 0.25837135), (0.12265288, 0.042542383, 0.26348794), (0.13605066, 0.04021977, 0.25307435), (0.12634565, 0.047735166, 0.261131), (0.13101798, 0.046904314, 0.2568277), (0.13831656, 0.061690003, 0.25699523), (0.14354956, 0.06186929, 0.2531731), (0.14466444, 0.071285814, 0.25700125), (0.1508676, 0.07300563, 0.25257385), (0.14950575, 0.08079243, 0.25714785), (0.053846303, -0.029170102, 0.24373664), (0.055763315, -0.029448885, 0.24217056), (-0.21791632, -0.08155875, 0.29485628), (-0.2235302, -0.07571827, 0.28444886), (-0.22291605, -0.06669393, 0.2912869), (-0.2330886, -0.054676857, 0.27162725), (-0.23171544, -0.047564205, 0.27920133), (-0.23873708, -0.03484467, 0.26338398), (-0.2381298, -0.046923053, 0.2608116), (-0.23698251, -0.03549774, 0.26992124), (-0.2394216, -0.021711819, 0.26757118), (-0.22770573, -0.08232006, 0.27421632), (-0.23075703, -0.07093796, 0.272579), (-0.23710617, -0.065355964, 0.26250246), (-0.24270177, -0.03498555, 0.25720218), (-0.24307394, -0.021350201, 0.2585968), (-0.24044342, -0.021315474, 0.26256123), (-0.23690481, -0.08091348, 0.2613939), (-0.22447784, -0.0926784, 0.2720253), (-0.21665041, -0.09495375, 0.2865778), (-0.22546734, -0.050570346, 0.29962248), (-0.23380232, -0.031746756, 0.29132086), (-0.22478557, -0.046363626, 0.30543062), (-0.22952211, -0.031852733, 0.3033511), (-0.23259261, -0.02268118, 0.30030835), (-0.22042857, -0.061623354, 0.30741185), (-0.23765817, -0.02100688, 0.28279954), (-0.21698053, -0.083185785, 0.29946393), (-0.21708718, -0.07652335, 0.30687216), (-0.2139723, -0.08496787, 0.307066), (-0.20910466, -0.09604556, 0.30645764), (-0.2254248, -0.03641035, 0.30808696), (-0.2293949, -0.09077938, 0.26444915), (-0.22885013, -0.021161504, 0.30689362), (-0.23440444, -0.09223076, 0.25664458), (-0.24292958, -0.0628678, 0.25587767), (-0.24161637, -0.05089829, 0.25661352), (-0.21140555, -0.10327072, 0.28379562), (-0.20668209, -0.1037334, 0.29929295), (-0.20499742, -0.10163075, 0.30679786), (-0.22330344, -0.09914465, 0.26312083), (-0.23996793, -0.010603485, 0.26051918), (-0.24195985, -0.082599714, 0.25592718), (-0.23567744, -0.0123001505, 0.28213972), (-0.23659754, -0.010494283, 0.2649692), (-0.2162265, -0.10529948, 0.26451245), (-0.20489646, -0.098223485, 0.3091068), (-0.22958745, -0.011813849, 0.2992129), (-0.21113919, -0.08416252, 0.309443), (-0.20646016, -0.1086203, 0.2840905), (-0.22268909, -0.10390954, 0.2570645), (-0.19840796, -0.111943945, 0.29957524), (-0.20777439, -0.11180084, 0.26614517), (-0.19631208, -0.10998025, 0.3071841), (-0.20923948, -0.11533244, 0.25732774), (-0.20211852, -0.11282556, 0.2777348), (-0.19101511, -0.116454996, 0.3001658), (-0.21307807, -0.1180407, 0.2532548), (-0.20038597, -0.12018034, 0.25837302), (-0.19886947, -0.11772067, 0.2642522), (-0.19568363, -0.11667378, 0.27461192), (-0.18508969, -0.115894474, 0.30748904), (-0.20345317, -0.12462757, 0.25297213), (-0.22030702, 0.0019653472, 0.29964247), (-0.2309814, -0.007297414, 0.28811982), (-0.21756598, 0.008373387, 0.28661814), (-0.2289287, -0.0025375946, 0.27880356), (-0.20767371, 0.017902555, 0.29990998), (-0.20824338, 0.018850429, 0.28705674), (-0.1983612, 0.030549746, 0.29452986), (-0.23528874, -0.01029361, 0.27143884), (-0.1882206, 0.04306348, 0.30032927), (-0.20267059, 0.022239637, 0.3072997), (-0.19208507, 0.03686656, 0.30559573), (-0.17896248, 0.052899465, 0.3076694), (-0.21126191, 0.010370049, 0.3073008), (-0.17141767, 0.06515367, 0.30313995), (-0.16492146, 0.075255506, 0.29850146), (-0.16447385, 0.07256176, 0.30763265), (-0.15744086, 0.082273245, 0.30761257), (-0.14263369, 0.102476634, 0.30523235), (-0.14316295, 0.10396193, 0.29554653), (-0.1340584, 0.11431431, 0.301196), (-0.12455411, 0.12314954, 0.3074012), (-0.12623565, 0.12442298, 0.2986744), (-0.11546366, 0.13252883, 0.30785143), (-0.110821724, 0.14006878, 0.29823023), (-0.14669204, 0.099792644, 0.28572085), (-0.16202527, 0.079524145, 0.2878966), (-0.18306705, 0.050180543, 0.28541002), (-0.13257833, 0.1172021, 0.28367642), (-0.22683418, 0.000087160464, 0.27125272), (-0.102314025, 0.1452865, 0.3080291), (-0.21641153, 0.009869447, 0.27098548), (-0.12204718, 0.129021, 0.28330985), (-0.17050138, 0.066824466, 0.27964875), (-0.2192861, 0.007605015, 0.26568127), (-0.15057456, 0.094002485, 0.27768198), (-0.19996881, 0.027262729, 0.27946123), (-0.09127141, 0.15749563, 0.29910722), (-0.08943897, 0.15804322, 0.30538547), (-0.22860412, -0.00039054823, 0.26569918), (-0.20661053, 0.01831456, 0.26779947), (-0.15487649, 0.08652458, 0.26791865), (-0.16202344, 0.07653918, 0.26728272), (-0.14895302, 0.094294004, 0.27049783), (-0.1312407, 0.11643301, 0.2702018), (-0.14809282, 0.096425846, 0.26585203), (-0.1990226, 0.026523367, 0.2671266), (-0.18944141, 0.039186265, 0.27030128), (-0.1788455, 0.052641388, 0.2678195), (-0.19364367, 0.033569638, 0.2654506), (-0.16918884, 0.06630468, 0.269747), (-0.17142749, 0.06363394, 0.26539266), (-0.13681751, 0.11100508, 0.26610208), (-0.12961957, 0.11850422, 0.2673333), (-0.11831456, 0.12942822, 0.268816), (-0.17131875, 0.060897514, 0.3104123), (-0.19077869, 0.036215916, 0.3092477), (-0.21887144, -0.0014872622, 0.30744332), (-0.22563018, -0.011525557, 0.3066305), (-0.1804715, 0.04791403, 0.3104257), (-0.15658891, -0.11763261, 0.26366684), (-0.14155193, -0.11942062, 0.2812092), (-0.14259936, -0.11799498, 0.25981334), (-0.15710646, -0.116624415, 0.25342268), (-0.13367172, -0.11842636, 0.27334076), (-0.12624149, -0.11859297, 0.2633817), (-0.15413505, -0.12120852, 0.29063234), (-0.17225578, -0.11977871, 0.27111083), (-0.17781785, -0.12108731, 0.28798288), (-0.16104537, -0.12145281, 0.2978276), (-0.17970243, -0.119886234, 0.27718022), (-0.16649824, -0.11848773, 0.26104802), (-0.13966939, -0.11961784, 0.29562962), (-0.12053954, -0.11777229, 0.2714666), (-0.10940333, -0.117391065, 0.26078415), (-0.17749885, -0.120576166, 0.26247627), (-0.17398162, -0.12068523, 0.2996179), (-0.18906574, -0.11862137, 0.27818966), (-0.109248385, -0.11548384, 0.28175995), (-0.12732333, -0.11725006, 0.29371163), (-0.09265021, -0.11442422, 0.26786026), (-0.104213014, -0.11440903, 0.28876728), (-0.093821794, -0.11377507, 0.28002357), (-0.116375566, -0.114186175, 0.29955968), (-0.08100178, -0.11262964, 0.26463348), (-0.16587101, -0.11871115, 0.25472385), (-0.1901503, -0.1203488, 0.26413983), (-0.08278536, -0.11091966, 0.28777856), (-0.15025221, -0.11931279, 0.3044961), (-0.09278097, -0.11634545, 0.2555805), (-0.124443494, -0.12010876, 0.25461835), (-0.1434264, -0.118453704, 0.25399047), (-0.095565215, -0.11114947, 0.299474), (-0.076256506, -0.10826835, 0.29831672), (-0.076880775, -0.113182515, 0.25576243), (-0.10864701, -0.11156115, 0.30423418), (-0.17715879, -0.1219665, 0.2561188), (-0.1338102, -0.115543954, 0.30672798), (-0.16338915, -0.12006727, 0.30431303), (-0.06897578, -0.10930568, 0.2630974), (-0.18780187, -0.118348956, 0.29774973), (-0.06279849, -0.10505944, 0.28190002), (-0.050570436, -0.1030765, 0.26499197), (-0.0677236, -0.11174014, 0.25321758), (-0.06424242, -0.10241336, 0.30463457), (-0.048048086, -0.10466356, 0.25739616), (-0.048777577, -0.098732166, 0.2840514), (-0.176575, -0.11821713, 0.3070089), (-0.027360236, -0.09002608, 0.27978814), (-0.031078186, -0.09529756, 0.26507452), (-0.034653634, -0.0896379, 0.296138), (-0.047872763, -0.09584122, 0.29665095), (-0.04737059, -0.095481955, 0.30495104), (-0.0503176, -0.09551631, 0.30891353), (-0.015209954, -0.08859365, 0.26345193), (-0.16201013, -0.11865174, 0.25190568), (-0.033423956, -0.09946504, 0.2561918), (-0.023649136, -0.084031485, 0.29569104), (-0.017678272, -0.080755375, 0.3055149), (-0.028418718, -0.08575691, 0.30863625), (-0.09048303, -0.11766978, 0.2514159), (-0.12454442, -0.12185063, 0.25068802), (-0.015229945, -0.08253238, 0.28623652), (-0.018298717, -0.09445186, 0.25010926), (-0.007911531, -0.08991611, 0.2502636), (-0.18909419, -0.12352909, 0.2572395), (-0.0035352572, -0.08058002, 0.26872444), (0.00033055764, -0.082560696, 0.2572427), (-0.0030565595, -0.07189556, 0.2969469), (-0.015239313, -0.07796278, 0.310031), (-0.010874392, -0.077067845, 0.2953975), (-0.048373036, -0.108431704, 0.2500494), (-0.07469694, -0.11594236, 0.24948414), (-0.007934797, -0.0734048, 0.3101741), (0.003697534, -0.08260054, 0.25365898), (-0.17482023, -0.12378447, 0.25191382), (0.009615338, -0.06268, 0.30774993), (-0.035057172, -0.10338108, 0.25010353), (0.0032965178, -0.066139884, 0.31002897), (0.012719949, -0.06816584, 0.27484503), (0.013089759, -0.07261625, 0.26225963), (-0.18861952, -0.12705116, 0.25310215), (0.01063839, -0.062300026, 0.2967238), (0.012856675, -0.05994695, 0.300745), (0.022417812, -0.06463766, 0.26602176), (0.018708881, -0.075365104, 0.2526719), (-0.1408716, -0.12119495, 0.24891178), (0.025582429, -0.05505011, 0.28378272), (0.033506252, -0.052316807, 0.27723038), (0.03134346, -0.06164888, 0.26120928), (0.046761956, -0.046715353, 0.2731796), (0.04929624, -0.05358196, 0.25937086), (0.053311482, -0.04728317, 0.26725915), (0.05647963, -0.049916506, 0.26100364), (0.06130554, -0.05287763, 0.25249705), (0.021272996, -0.053219013, 0.30474788), (0.01857151, -0.054976676, 0.30973452), (0.011919068, -0.05936835, 0.31084672), (0.036580205, -0.06151468, 0.25727487), (0.037023522, -0.038645748, 0.29885238), (0.046491086, -0.04065481, 0.28301096), (0.025277704, -0.04904042, 0.2971978), (-0.024878478, -0.08210133, 0.3112492), (0.029341053, -0.04507788, 0.3090608), (0.044032097, -0.03192866, 0.3010874), (0.039721597, -0.034322854, 0.3088783), (-0.055429704, -0.11235138, 0.24847579), (0.053604398, -0.04214256, 0.27110896), (0.04810138, -0.03306981, 0.2931522), (0.03434035, -0.06746652, 0.2524406), (0.053313337, -0.037088934, 0.2783965), (-0.15122652, -0.11992603, 0.24849385), (-0.016643856, -0.09741438, 0.24594542), (-0.111623004, -0.122064985, 0.24866132), (-0.08296448, -0.11893277, 0.24868536), (0.040291388, -0.0634348, 0.25317982), (-0.032606386, -0.10712531, 0.24503815), (-0.12859043, -0.12395853, 0.24867703), (0.0066657835, -0.08538354, 0.2497139), (0.04937355, -0.060129695, 0.25299746), (-0.0033735458, -0.093377955, 0.24637733), (0.058372762, -0.049566444, 0.25872493), (0.06487928, -0.05174519, 0.24987033), (0.22652145, 0.40931478, -0.2314009), (0.21276504, 0.4214252, -0.23656912), (0.24193205, 0.4057501, -0.23613447), (0.1869538, 0.43390504, -0.23715965), (0.26628995, 0.39042068, -0.23766051), (0.29260704, 0.37230796, -0.23793668), (0.31243333, 0.35583326, -0.2373294), (0.33382443, 0.33622247, -0.23804532), (0.40968218, -0.07080216, -0.3033701), (0.41034597, -0.09134853, -0.31217277), (0.41879788, -0.067665584, -0.3134428), (0.39906046, -0.08461859, -0.2946104), (0.40013608, -0.119946264, -0.3088272), (0.4021792, -0.123644345, -0.31266785), (0.39572287, -0.104183204, -0.29650274), (0.39118823, -0.12211355, -0.29724917), (0.39007, -0.103808254, -0.28932157), (0.38534918, -0.12119379, -0.29014114), (0.39219275, -0.14935328, -0.3123008), (0.38624972, -0.15483749, -0.3076453), (0.37987354, -0.14861779, -0.29629496), (0.37415588, -0.14631365, -0.28868774), (0.37100464, -0.17099032, -0.2954627), (0.3832726, -0.17332603, -0.3127151), (0.36759216, -0.18011604, -0.29671362), (0.36903298, -0.20033126, -0.3108277), (0.35852593, -0.20362565, -0.29756603), (0.3608146, -0.1792541, -0.28846675), (0.36140418, -0.22131461, -0.3152045), (0.39486444, -0.08157854, -0.28876257), (0.42422277, -0.047693912, -0.31500947), (-0.16536362, 0.37800452, -0.30062085), (-0.1475796, 0.39265543, -0.31186092), (-0.15822615, 0.39085603, -0.31374025), (-0.14374968, 0.38136917, -0.29545227), (-0.17090519, 0.38785017, -0.31603223), (-0.12628092, 0.39013678, -0.29762957), (-0.12129241, 0.403553, -0.31287435), (-0.14379033, 0.3976832, -0.3158778), (-0.09657284, 0.397669, -0.29648784), (-0.10778106, 0.38889304, -0.2898261), (-0.10231995, 0.4088476, -0.31347635), (-0.08498611, 0.41372713, -0.31440055), (-0.068584755, 0.4063421, -0.29771528), (-0.06730096, 0.4165837, -0.31209043), (-0.087001525, 0.39320946, -0.28854358), (-0.06631953, 0.40220988, -0.29248026), (-0.17010216, 0.36768037, -0.29157728), (-0.12866467, 0.37822706, -0.28624552), (-0.18642348, 0.35944137, -0.28943938), (-0.072398916, 0.39139515, -0.28309956), (-0.12669662, 0.40570208, -0.31635743), (-0.06855243, 0.4201283, -0.31574425), (-0.12154557, 0.3761017, -0.28213567), (-0.09983125, 0.4123744, -0.31620732), (-0.17549811, 0.35539252, -0.28259224), (-0.16292712, 0.35957858, -0.28206608), (-0.14453666, 0.36716214, -0.28235272), (-0.09215624, 0.3850572, -0.2828787), (-0.20154569, 0.3454233, -0.28252673), (-0.15289253, 0.3964842, -0.3165192), (-0.16963737, 0.3901766, -0.3166649), (-0.23017961, 0.3258508, -0.28226188), (-0.25078264, 0.31307513, -0.28278372), (-0.26648018, 0.29783207, -0.28242037), (-0.2757864, 0.2883495, -0.28213784), (-0.29716465, 0.26771906, -0.28242058), (-0.18250829, 0.38227284, -0.315533), (-0.19082442, 0.37978774, -0.31629166), (-0.20782557, 0.3698847, -0.3161962), (-0.19572505, 0.3737848, -0.31277522), (-0.20256117, 0.36016408, -0.2976613), (-0.21609728, 0.3654687, -0.31600237), (-0.2227397, 0.34843963, -0.29823956), (-0.23060904, 0.35821056, -0.31602505), (-0.21184595, 0.34617674, -0.28871772), (-0.24087785, 0.33687147, -0.298497), (-0.24687046, 0.34447974, -0.3130931), (-0.25497046, 0.3282854, -0.2988232), (-0.24630642, 0.32492355, -0.28976297), (-0.22888443, 0.33460757, -0.28864112), (-0.2602964, 0.3359881, -0.31458777), (-0.25973517, 0.31919897, -0.29358545), (-0.2705451, 0.3163004, -0.29988134), (-0.27851492, 0.32011682, -0.31367227), (-0.24485098, 0.3488558, -0.31574586), (-0.28123096, 0.29914463, -0.29311162), (-0.27698714, 0.29591477, -0.2876381), (-0.2877734, 0.30025935, -0.30018407), (-0.30329505, 0.28371537, -0.2988839), (-0.30062878, 0.29842037, -0.31264862), (-0.31498715, 0.28423393, -0.31287536), (-0.29820126, 0.2827962, -0.29353335), (-0.3153824, 0.26986587, -0.29847202), (-0.32507762, 0.27466756, -0.31455094), (-0.3024455, 0.2716234, -0.28836304), (0.056368753, -0.032155663, 0.2636298), (0.05399094, -0.022479238, 0.2561002), (0.054018926, -0.029246358, 0.24725886), (0.05648928, -0.02550355, 0.27069035), (0.05183671, -0.020872772, 0.2468264), (0.05440418, -0.015345192, 0.2599621), (0.051155575, -0.018062372, 0.24945691), (0.058632568, -0.040143948, 0.2538099), (0.058628634, -0.016820092, 0.2777914), (0.055157453, -0.03703501, 0.27192345), (0.055135716, -0.027148925, 0.27963674), (0.056624524, -0.04522023, 0.26048833), (0.05640726, -0.019744279, 0.29455167), (0.05251262, -0.031351186, 0.28624812), (0.060828697, -0.039106444, 0.24582925), (0.06385099, -0.043319456, 0.24880764), (0.19838297, 0.1558591, 0.27001253), (0.20237127, 0.1557599, 0.2610632), (0.21173352, 0.15433109, 0.25044262), (0.21734095, 0.16584435, 0.24771118), (0.20423162, 0.14137442, 0.2509032), (0.19934994, 0.14576623, 0.2586786), (0.19604473, 0.14640923, 0.26498976), (0.19364367, 0.13589306, 0.25535503), (0.19053635, 0.13709189, 0.26239255), (0.19814278, 0.13820812, 0.25324586), (0.19816674, 0.13315207, 0.2492878), (0.19215994, 0.1418396, 0.27264586), (0.21245044, 0.14038618, 0.24521014), (0.2192486, 0.15455085, 0.24489528), (0.20198274, 0.12869899, 0.24573307), (0.1818247, 0.12267147, 0.24843337), (0.1881256, 0.12633191, 0.24783891), (0.186661, 0.12401687, 0.2465743), (0.17823607, 0.12071797, 0.25066912), (0.18407674, 0.12977833, 0.26125863), (0.17900649, 0.12326468, 0.2576581), (0.18974297, 0.13726655, 0.2675199), (0.16874993, 0.10856296, 0.2495449), (0.17328715, 0.111776136, 0.24617735), (0.16631922, 0.10702537, 0.25741923), (0.16454685, 0.10312907, 0.2529137), (0.16145417, 0.10119551, 0.25973713), (0.15589635, 0.09368068, 0.25746593), (0.15799582, 0.093863465, 0.2537457), (0.16810246, 0.10142347, 0.24817276), (0.15259656, 0.080481626, 0.25342292), (0.15005402, 0.08476714, 0.26267686), (0.1430098, 0.072415695, 0.26214764), (0.13027848, 0.055947516, 0.2647327), (0.119553275, 0.042882584, 0.26919952), (0.112560116, 0.036005642, 0.2753436), (0.14276375, 0.07392132, 0.26828998), (0.13063215, 0.05810384, 0.27249274), (0.106866404, 0.028329624, 0.27619407), (0.09443079, 0.01578945, 0.28460985), (0.09465698, 0.012399201, 0.26882106), (0.1184653, 0.042958952, 0.2781288), (0.08757862, 0.0063140127, 0.26976484), (0.085802086, 0.009719208, 0.29628235), (0.08889045, 0.017124161, 0.30875707), (0.09400014, 0.022075573, 0.308047), (0.0847536, 0.009284169, 0.3029765), (0.08537221, 0.014604253, 0.3109037), (0.07955176, 0.008732869, 0.31092274), (0.09245496, 0.023340298, 0.3115368), (0.15614039, 0.094603226, 0.26395684), (0.14862975, 0.083518475, 0.27122602), (0.101898976, 0.024533588, 0.2933434), (0.105752595, 0.031473983, 0.3040236), (0.10113309, 0.031054704, 0.3107262), (0.14000201, 0.07151739, 0.29512474), (0.13363455, 0.06346637, 0.2963995), (0.14557338, 0.08148158, 0.3064578), (0.13095537, 0.06381568, 0.30767572), (0.11591463, 0.045654647, 0.3080304), (0.12187049, 0.048525546, 0.29613277), (0.10866753, 0.031124998, 0.2967102), (0.114830606, 0.037893202, 0.28619635), (0.15062715, 0.085808545, 0.28528628), (0.1547236, 0.093095884, 0.2969556), (0.15397236, 0.09345276, 0.30823243), (0.15720792, 0.09433985, 0.28654137), (0.1269055, 0.053969298, 0.2870872), (0.16207886, 0.10207495, 0.30725414), (0.1719141, 0.109336786, 0.2971871), (0.17678268, 0.11958548, 0.30677176), (0.18507314, 0.1288231, 0.29942682), (0.18002653, 0.11921283, 0.28938055), (0.17634204, 0.113680236, 0.28227305), (0.17106913, 0.10731408, 0.28339413), (0.17254445, 0.10908652, 0.27752054), (0.19071703, 0.13845192, 0.30316943), (0.18431666, 0.12854756, 0.27817228), (0.19258544, 0.14302692, 0.29160348), (0.077537194, 0.002146507, 0.2965912), (0.08045079, 0.0019852226, 0.28077394), (0.07187459, 0.00073370646, 0.30872262), (0.06813504, -0.0067427577, 0.28814796), (0.060716204, -0.010484275, 0.3087472), (0.06019467, -0.013819091, 0.2960519), (0.04953067, -0.022531642, 0.31056312), (0.061109554, -0.013743137, 0.2823278), (0.06590867, -0.007605626, 0.2773904), (0.19451815, 0.14603128, 0.3037386), (0.19742854, 0.153448, 0.28998592), (0.19697352, 0.1538821, 0.2785442), (0.12325389, 0.056365363, 0.31071493), (0.062239584, -0.0086506875, 0.2712427), (0.056295402, -0.014188724, 0.31105077), (0.066172086, -0.0015845163, 0.31252155), (0.13325733, 0.06888674, 0.31074417), (0.14975859, 0.090662904, 0.31124705), (0.16546047, 0.10850147, 0.31055152), (0.07293908, -0.0030104727, 0.27955002), (0.076049626, -0.00033359724, 0.26884985), (0.111711755, 0.042928893, 0.31097525), (0.18228097, 0.13112625, 0.31045857), (0.1977986, 0.1550474, 0.3037768), (0.07070747, -0.0033172762, 0.27262577), (0.19240578, 0.14598821, 0.3075943), (0.044143457, -0.027186021, 0.3117541), (0.07206283, 0.0037516507, 0.3120368), (0.036331918, -0.034638382, 0.31244352), (0.20012416, 0.16515754, 0.30241978), (0.061513085, -0.0034760875, 0.26127675), (0.057932634, -0.007227358, 0.2595469), (0.055176865, -0.012023898, 0.25245282), (0.02847617, -0.042838253, 0.3123131), (0.021326335, -0.049485724, 0.3121304), (0.052998852, -0.014661287, 0.3129642), (-0.056728102, 0.18246344, 0.30840865), (-0.06987676, 0.17250037, 0.30949706), (-0.071714245, 0.17282216, 0.3052154), (-0.046078276, 0.19077069, 0.3069483), (-0.08454579, 0.16050564, 0.30943114), (-0.04475075, 0.18963236, 0.3101074), (-0.033292435, 0.19875143, 0.30692598), (-0.03511746, 0.19428022, 0.31061077), (-0.021887625, 0.20358276, 0.3094335), (-0.062147293, 0.17414208, 0.31163445), (-0.108336836, 0.14137723, 0.27915385), (-0.09056268, 0.15379247, 0.26852405), (-0.09012974, 0.15688914, 0.27797434), (-0.11217448, 0.13543698, 0.2688304), (-0.082892805, 0.15951471, 0.26726797), (-0.07750478, 0.16556843, 0.2722771), (-0.0709324, 0.17298703, 0.28010947), (-0.06465428, 0.17564948, 0.2738046), (-0.0626272, 0.17942701, 0.281965), (-0.10017904, 0.14941923, 0.28647932), (-0.07586067, 0.17060253, 0.29717425), (-0.054329544, 0.18641835, 0.2988048), (-0.046323076, 0.19105513, 0.28370914), (-0.04717374, 0.18857025, 0.27144614), (-0.04903235, 0.1854303, 0.26443443), (-0.041685574, 0.19483115, 0.29947755), (-0.03823668, 0.19461752, 0.27603608), (-0.029580737, 0.20178993, 0.29504365), (-0.05982106, 0.17623655, 0.267071), (-0.07060338, 0.16846414, 0.26736483), (-0.012146066, 0.20973878, 0.28794023), (0.0043394514, 0.21897984, 0.29959586), (-0.020205392, 0.206657, 0.3039148), (0.013866505, 0.2211138, 0.2828449), (0.0110313045, 0.21675584, 0.2677013), (-0.010682229, 0.20832844, 0.27705872), (0.0012721717, 0.2120319, 0.2673333), (-0.023688687, 0.20090067, 0.27318585), (-0.012905314, 0.20421737, 0.2667381), (-0.03549058, 0.19333103, 0.26651096), (0.021336975, 0.22114097, 0.26762503), (0.036472578, 0.22726509, 0.2676761), (0.021135831, 0.22592199, 0.3009695), (-0.0060235243, 0.21147215, 0.3096183), (0.008613329, 0.22033434, 0.30612567), (0.008363654, 0.21849361, 0.3095801), (0.02542243, 0.22693598, 0.30655757), (0.040583808, 0.23306343, 0.30113918), (0.043255087, 0.23350301, 0.30659786), (0.058560345, 0.2379603, 0.2999727), (0.06166301, 0.23781882, 0.306496), (0.051624138, 0.2321559, 0.27090004), (0.053539064, 0.23315327, 0.27678922), (0.07840791, 0.23804575, 0.2715418), (0.07790503, 0.23919785, 0.28450146), (0.077228546, 0.24140023, 0.3009142), (0.0964699, 0.24001773, 0.27622685), (0.09434988, 0.24233593, 0.30039498), (0.0943858, 0.24003813, 0.26806462), (0.07774004, 0.23847589, 0.26599133), (0.081370756, 0.24132954, 0.3045469), (0.109100215, 0.23977555, 0.2688997), (0.1123638, 0.23931538, 0.28565907), (0.07864596, 0.2389232, 0.30863458), (0.03695282, 0.22915691, 0.30993858), (0.026517306, 0.2244739, 0.31060565), (0.052353125, 0.23290624, 0.31012937), (0.028655972, 0.22526403, 0.26281318), (0.010460235, 0.21740185, 0.26357937), (0.046491135, 0.23207219, 0.26193082), (-0.0036815263, 0.21038362, 0.26230627), (-0.018725283, 0.20193243, 0.26188314), (-0.030691026, 0.19631276, 0.26194665), (-0.041253246, 0.19053, 0.2623938), (0.046867713, 0.23080838, 0.26648185), (0.0613637, 0.23508614, 0.26523125), (-0.045222603, 0.19111922, 0.25835675), (0.060220115, 0.2380166, 0.26023307), (0.07821829, 0.24138153, 0.26141083), (0.095152944, 0.24190281, 0.2632417), (-0.017560873, 0.20615417, 0.25800973), (0.13135204, -0.04107658, 0.2484903), (0.14098011, -0.037372354, 0.2525998), (0.13410264, -0.038769983, 0.24402352), (0.14791341, -0.03570497, 0.24188611), (0.13227439, -0.04015385, 0.25409287), (0.14895487, -0.033396207, 0.24910834), (0.15170458, -0.034383513, 0.24256432), (0.12963298, -0.04228728, 0.25266567), (0.11878954, -0.04393745, 0.24563743), (0.13034885, -0.04227004, 0.24300887), (0.11834227, -0.043389555, 0.25326106), (0.11513656, -0.043489378, 0.24823035), (0.15572031, -0.031061467, 0.24449126), (0.1369877, -0.039792333, 0.24106663), (0.11863011, -0.045598548, 0.2432658), (0.14519307, -0.034315895, 0.2521425), (0.11588191, -0.048105117, 0.2419383), (0.12655565, -0.041167594, 0.2544448), (0.13010152, -0.04411418, 0.24128486), (0.19444627, 0.16920541, 0.3091246), (0.19532418, 0.15656343, 0.30798072), (0.18924464, 0.14769228, 0.31091204), (0.17985833, 0.13500187, 0.3125822), (0.16855378, 0.11717582, 0.31273818), (0.188478, 0.1808977, 0.30983952), (0.18655717, 0.18968675, 0.30928114), (0.18889669, 0.15629962, 0.31066352), (0.1814675, 0.19288288, 0.30980006), (0.1748832, 0.2016254, 0.30996868), (0.18908335, 0.16916868, 0.30965734), (0.18458791, 0.14733535, 0.31124505), (0.15387976, 0.21957469, 0.30952394), (0.16553931, 0.20818985, 0.30964094), (0.150338, 0.21936134, 0.30975148), (0.14201151, 0.22351089, 0.309614), (0.13323757, 0.22871998, 0.30977428), (0.12521596, 0.23234244, 0.3094164), (-0.08879388, 0.14222023, 0.30787712), (-0.088944234, 0.1443747, 0.30938005), (-0.092526466, 0.13972153, 0.30830964), (-0.09488631, 0.13584016, 0.30889845), (-0.06894865, 0.15768553, 0.3086268), (-0.07635687, 0.15670542, 0.3096434), (0.016297493, 0.046158977, 0.31220356), (-0.008234117, 0.030794133, 0.3124014), (-0.01790483, 0.044047493, 0.31214088), (0.015978739, 0.077254444, 0.31251195), (-0.046525896, 0.045960527, 0.31217012), (-0.04976334, 0.077888906, 0.31290138), (-0.065159515, 0.06197588, 0.31278756), (-0.033064615, 0.092680514, 0.3135906), (-0.080827214, 0.046498343, 0.3123452), (0.030432796, 0.05508633, 0.31291923), (0.028409837, 0.080256216, 0.3129016), (0.014322578, 0.090233535, 0.31321076), (-0.009114311, 0.09407544, 0.31373733), (-0.08822351, 0.058388308, 0.3131419), (-0.11439364, 0.061974697, 0.31415176), (-0.12797283, 0.049773987, 0.31341904), (-0.09649515, 0.034746032, 0.31236973), (-0.13027011, 0.01629891, 0.312562), (-0.07750256, 0.03349305, 0.31237474), (-0.08251651, 0.016436726, 0.3120573), (-0.1036367, 0.001669597, 0.31225267), (-0.14522779, 0.0008854324, 0.3123883), (-0.1305408, -0.020888925, 0.31179217), (-0.15953052, -0.021629248, 0.31217924), (-0.15854466, -0.037100635, 0.3121652), (-0.124443844, -0.032995883, 0.31180698), (-0.07579326, -0.00044568095, 0.31244776), (-0.10335736, -0.038834002, 0.31207433), (-0.08094383, -0.017542463, 0.31201762), (-0.17640439, -0.043688867, 0.31272784), (-0.05288475, 0.03437688, 0.31283274), (-0.030254822, 0.031521007, 0.31285685), (-0.12641263, 0.06662246, 0.3138478), (-0.06408761, 0.0020990882, 0.31282383), (-0.059758823, -0.01762621, 0.31242672), (-0.06817982, -0.027262075, 0.31244305), (-0.12888959, -0.049085565, 0.31240407), (-0.16286941, -0.049838673, 0.31196225), (-0.13634755, 0.035833437, 0.31342536), (-0.15624629, 0.016406836, 0.31345275), (-0.1440466, 0.03782585, 0.31320605), (-0.15845372, 0.02380072, 0.31318268), (-0.13941543, 0.05217947, 0.3140249), (-0.15207297, 0.04512965, 0.31397292), (-0.17016797, -0.00520864, 0.3134743), (-0.1814229, -0.02228086, 0.3132234), (-0.19492668, -0.04929025, 0.313393), (-0.20118742, -0.022397146, 0.31331706), (-0.1849754, -0.011302937, 0.31316316), (-0.17998368, -0.061104655, 0.31341466), (-0.18340771, -0.072527066, 0.31372622), (-0.15626429, -0.06949223, 0.31300628), (-0.16527066, 0.040385406, 0.31327635), (-0.1732297, 0.023959354, 0.3137554), (-0.17650169, 0.0034404185, 0.31287387), (-0.19206688, 0.0064041456, 0.31262985), (-0.20039003, -0.0035955033, 0.31256005), (-0.14911933, 0.06506392, 0.3132812), (-0.1558513, 0.05431744, 0.31336042), (-0.13753903, 0.07590857, 0.31385314), (-0.11842382, 0.098444946, 0.31384042), (-0.11550989, 0.08520112, 0.3131699), (-0.10464968, 0.09959325, 0.31305555), (-0.100213274, 0.090107694, 0.3134645), (-0.20175391, -0.06353188, 0.31297272), (-0.1920018, -0.08462631, 0.31308147), (-0.16443615, -0.08646619, 0.31420574), (0.018949907, 0.03503323, 0.3128256), (-0.12945257, -0.076558486, 0.3131663), (-0.1309324, -0.063408405, 0.3138915), (-0.1068677, -0.063677944, 0.31455126), (-0.09947773, -0.045394327, 0.3126703), (-0.08456274, 0.098979235, 0.31431705), (-0.047497053, 0.106199615, 0.31506386), (-0.026747731, -0.005881839, 0.31485376), (-0.03472181, 0.004884293, 0.31474328), (-0.022585873, 0.008870401, 0.31495562), (-0.043579765, 0.018274909, 0.31494185), (-0.05511899, 0.017346416, 0.31458732), (-0.021560663, -0.02198182, 0.31528383), (-0.030661356, -0.016060738, 0.31472653), (0.002113108, 0.0012032338, 0.31519002), (-0.0026073144, -0.025016692, 0.31457746), (0.0097528985, -0.009020728, 0.31468403), (0.03034319, 0.004817194, 0.31460363), (0.003826439, -0.034540486, 0.31444052), (0.020052636, -0.016799353, 0.31485793), (0.033902172, -0.0062132864, 0.3144854), (0.047093485, 0.01007864, 0.31458363), (0.04382337, 0.021866353, 0.31461495), (0.06652533, 0.027540397, 0.31420875), (-0.023062162, -0.041009422, 0.31389692), (-0.009594346, -0.048900414, 0.3143627), (-0.04299596, -0.052276794, 0.31361032), (-0.04336857, -0.035013717, 0.31533223), (-0.02860071, -0.061407864, 0.31454515), (-0.06071043, -0.05922376, 0.3135993), (-0.04671601, -0.070761465, 0.3142931), (-0.08085354, -0.07168471, 0.31375644), (-0.06273723, -0.0769599, 0.31431288), (-0.07916632, -0.083976604, 0.31337717), (-0.09887215, -0.0895915, 0.3135757), (-0.08571224, -0.053310256, 0.3146962), (0.053957418, 0.04288494, 0.31524214), (0.086967096, 0.04994567, 0.31462163), (0.08139571, 0.054849204, 0.314794), (0.09938562, 0.0646224, 0.31409207), (0.0014985316, 0.012924197, 0.31438068), (-0.07747912, 0.11085775, 0.3142373), (-0.077663794, 0.08719891, 0.31534344), (-0.096059754, 0.077195704, 0.3151232), (-0.06250872, 0.12187223, 0.31379625), (-0.07868231, 0.12140978, 0.3135291), (-0.09576568, 0.111540996, 0.3129616), (-0.060841236, 0.14394733, 0.31387198), (-0.08489357, 0.13187651, 0.3140037), (-0.057698004, 0.13525599, 0.31365618), (-0.02727164, 0.12586601, 0.31464458), (-0.02130229, 0.11162438, 0.31557104), (-0.0454202, 0.15070999, 0.31344378), (-0.010349805, 0.13935702, 0.3140907), (0.018187435, 0.14134254, 0.31448707), (-0.030100325, 0.1631447, 0.31357107), (-0.015367118, 0.16679919, 0.31323445), (-0.001219717, 0.15727149, 0.31386474), (0.019348983, 0.14925765, 0.31379992), (-0.01013107, 0.17414448, 0.31334153), (0.013767678, 0.16822647, 0.313467), (0.0153836785, 0.1839198, 0.31373358), (0.039622743, 0.1634146, 0.31269628), (0.061580956, 0.18455909, 0.31199998), (0.080598995, 0.18376857, 0.31155643), (0.08067317, 0.16081889, 0.31232145), (0.10655679, 0.17414369, 0.31172082), (0.1133197, 0.1449452, 0.31242603), (0.097928226, 0.123696424, 0.31294647), (0.06430951, 0.13372715, 0.313151), (0.09522063, 0.18359132, 0.3115681), (0.03465934, 0.14680421, 0.31276575), (0.115543306, 0.12988983, 0.31246993), (0.13018996, 0.13558044, 0.31297627), (0.11800428, 0.18191947, 0.3121877), (0.08416498, 0.112325385, 0.31362554), (0.103051424, 0.107321896, 0.31236425), (0.12565178, 0.15852632, 0.31332588), (0.13461155, 0.18383619, 0.31176856), (0.105536856, 0.18969668, 0.312531), (0.116689, 0.19801927, 0.31279182), (0.14308059, 0.19919805, 0.31266683), (0.13024229, 0.21398672, 0.3121923), (0.1622258, 0.17988545, 0.3120755), (0.14284651, 0.16208874, 0.31214345), (0.1462378, 0.13443823, 0.31258366), (0.15902594, 0.15940277, 0.312396), (0.16366206, 0.13954313, 0.31273338), (0.14425886, 0.11373176, 0.31307083), (0.15289894, 0.12340726, 0.31300017), (0.12763602, 0.106335506, 0.3128128), (0.13094728, 0.09717575, 0.31280842), (0.1721381, 0.15498105, 0.31222773), (0.17642507, 0.16759741, 0.31178918), (0.16293824, 0.1903092, 0.3120493), (0.119881764, 0.08326856, 0.31340244), (0.10755616, 0.20192438, 0.31334707), (0.12316077, 0.12178844, 0.31325328), (0.112355255, 0.09763474, 0.3122148), (0.08958755, 0.09712848, 0.31232965), (0.10006384, 0.083060645, 0.31309718), (0.06935111, 0.079325795, 0.313004), (0.07097236, 0.06259476, 0.31369376), (0.086158365, 0.071913786, 0.31345892), (0.068868056, 0.09183789, 0.3129616), (0.05530519, 0.08005017, 0.31366187), (0.047122676, 0.059239175, 0.31434587), (0.033865333, 0.029245643, 0.31552204), (0.043455675, 0.078781664, 0.31385314), (0.03986627, 0.09135431, 0.31435865), (0.054881763, 0.09423627, 0.3143516), (0.014722373, 0.0102759, 0.3154758), (0.033598166, 0.048466872, 0.3135453), (-0.0024739294, 0.11343213, 0.31638524), (0.0046807937, 0.12264796, 0.316382), (0.02783927, 0.10921769, 0.31654358), (0.024510976, 0.119685106, 0.31691897), (0.043968108, 0.11192211, 0.31622127), (0.06977499, 0.110202745, 0.31432572), (0.11008027, 0.21483867, 0.31245616), (0.09118925, 0.20033155, 0.31369314), (0.0725677, 0.21376239, 0.31314546), (0.04894245, 0.1983708, 0.31412113), (0.024385767, 0.20037797, 0.31385586), (0.0021504788, 0.19327492, 0.3135355), (0.045945637, 0.20967278, 0.31332812), (-0.010553964, 0.1834514, 0.31450775), (-0.14094453, -0.08707853, 0.31415844), (-0.1333668, -0.09513382, 0.31363845), (-0.106564775, -0.093319826, 0.31331602), (0.14872569, 0.20266977, 0.31213927), (-0.06197715, -0.039423227, 0.31467625), (-0.071154915, -0.04915059, 0.31477693), (-0.1665791, -0.09579016, 0.31338835), (-0.18326242, -0.0948829, 0.31291792), (0.053665716, 0.12221614, 0.31457433), (-0.10756044, 0.1100709, 0.3139352), (0.098242976, 0.2219508, 0.3119175), (-0.06329467, 0.15096988, 0.31473434), (-0.0481763, 0.16075695, 0.3152561), (0.019886814, -0.0336263, 0.31306452), (0.0067759086, -0.04707953, 0.31272826), (0.027108643, -0.03653172, 0.31344643), (0.043330662, -0.019984335, 0.31384897), (0.04696881, -0.004529535, 0.31262603), (0.06924345, 0.0068195565, 0.3135245), (0.06302371, 0.011547352, 0.31218415), (0.06388149, 0.21947838, 0.31217444), (-0.028629802, 0.17605089, 0.3150954), (0.0038318338, -0.055448297, 0.31341445), (-0.011554497, -0.059042353, 0.31259444), (-0.011691074, -0.07026668, 0.31332844), (-0.027333975, -0.078788504, 0.3133085), (-0.033062633, -0.07315501, 0.31298268), (-0.04052858, -0.08536686, 0.3130459), (-0.052675206, -0.081908844, 0.31269705), (-0.054975834, -0.09136854, 0.31303734), (-0.07150657, -0.088685244, 0.31193614), (0.0029043942, -0.061726358, 0.3129184), (-0.06700409, -0.09547058, 0.313002), (-0.086050354, -0.09423977, 0.31201422), (-0.08747144, -0.101503335, 0.3121536), (-0.10789399, -0.09982229, 0.3113519), (-0.11021889, -0.10491656, 0.31148452), (-0.1283822, -0.103455044, 0.31122696), (-0.13035427, -0.1091729, 0.31160104), (-0.15720479, -0.106985286, 0.310886), (-0.14825198, -0.11286756, 0.31117377), (-0.18149143, -0.10399298, 0.31049448), (-0.18275014, -0.11075472, 0.31096226), (-0.19197495, -0.10857119, 0.31044203), (-0.19388999, -0.09957707, 0.30947274), (-0.1773845, -0.114684455, 0.31056306), (0.10594419, 0.06253677, 0.3130748), (-0.09595109, 0.1219546, 0.31419644), (-0.185633, 0.017369615, 0.3126291), (-0.1727906, 0.033462584, 0.31287685), (-0.19144318, -0.092717685, 0.31221613), (0.07067732, 0.020418175, 0.3115046), (-0.20877741, -0.026911804, 0.31182384), (0.014099891, 0.20366608, 0.3125219), (0.030533282, 0.20902193, 0.31258407), (-0.015682492, 0.18711162, 0.31343114), (-0.20272353, -0.07443509, 0.31186303), (-0.20710576, -0.05465362, 0.3118716), (-0.20116214, -0.08975887, 0.30930275), (-0.20810166, -0.07508617, 0.30903956), (-0.2144049, -0.07057645, 0.30928418), (-0.21299443, -0.056088578, 0.3090258), (-0.21850668, -0.05368077, 0.30898246), (-0.2216048, -0.037381098, 0.3096185), (-0.21459332, -0.026335116, 0.3091223), (-0.21245556, -0.013082067, 0.30914286), (0.07829966, 0.017442781, 0.313159), (0.09794261, 0.047578108, 0.31125805), (0.103143476, 0.042117905, 0.31295696), (0.084613375, 0.019257693, 0.3129366), (0.10892189, 0.045273416, 0.31292382), (0.11896799, 0.06124731, 0.31321895), (0.1261711, 0.064364284, 0.3127652), (0.12854896, 0.071308054, 0.31310257), (0.14235851, 0.086776175, 0.31304735), (0.08957945, 0.042077836, 0.31164557), (0.109605126, 0.060490917, 0.31123567), (0.0013539519, 0.1978427, 0.31243318), (-0.14171632, 0.077585794, 0.31275994), (-0.12796658, 0.0928663, 0.3128257), (-0.053019803, 0.16328806, 0.31389615), (-0.042144828, 0.1715472, 0.31360406), (0.13277689, 0.08491328, 0.31134135), (0.14149004, 0.090974614, 0.31258026), (0.15774488, 0.106596366, 0.31316963), (0.15880902, 0.11171974, 0.31294167), (0.14671142, 0.10134504, 0.31180766), (0.16320096, 0.121698834, 0.31181622), (0.12156927, 0.06974171, 0.31196463), (0.0703838, 0.026787808, 0.31322855), (0.08668536, 0.043415703, 0.3132216), (-0.078269444, 0.14466678, 0.31279153), (-0.09333155, 0.13212292, 0.31214103), (-0.062780626, 0.1557249, 0.31362185), (-0.09966141, 0.12318822, 0.31330433), (-0.10948544, 0.11529303, 0.31203562), (0.17708512, 0.15617473, 0.31083497), (0.11294185, 0.22438577, 0.3101601), (-0.21514724, -0.007330176, 0.31054047), (-0.21903633, -0.008117443, 0.3105342), (-0.20346129, 0.010585176, 0.3102563), (-0.20633358, 0.01241234, 0.31015426), (-0.22439907, -0.022333445, 0.30996966), (-0.19771947, 0.021653255, 0.31096095), (-0.20226955, 0.0045485203, 0.30957043), (-0.18983203, 0.020736994, 0.30917725), (-0.18129094, 0.031786144, 0.309274), (-0.18969041, 0.03200007, 0.31112763), (-0.17820112, 0.045670837, 0.3115677), (-0.17388189, 0.040531483, 0.3092614), (-0.16791499, 0.052060768, 0.31027666), (-0.1652975, 0.050719924, 0.30949882), (-0.15824379, 0.061064977, 0.30913663), (-0.16735442, 0.061047032, 0.31172743), (-0.15757813, 0.07197253, 0.3106067), (0.12432089, 0.07791955, 0.3103294), (0.13447313, 0.09147914, 0.31033745), (0.115010984, 0.06734437, 0.31064558), (0.14031008, 0.097906664, 0.3101644), (0.17178726, 0.14566861, 0.31083298), (-0.116659336, 0.10823553, 0.31175402), (0.1721175, 0.13564476, 0.310407), (0.16816449, 0.13438755, 0.3099715), (0.1762428, 0.14620769, 0.30860046), (0.17592998, 0.17784326, 0.31005475), (-0.02939515, 0.18037385, 0.31343412), (0.14470431, 0.21015495, 0.31047976), (0.0922036, 0.22544366, 0.31035075), (0.12380039, 0.22168358, 0.30987293), (0.18000378, 0.15361798, 0.30798525), (0.18206744, 0.16286708, 0.30719152), (0.1814204, 0.17193234, 0.30666623), (0.17826375, 0.18265922, 0.30667025), (0.16999066, 0.19367047, 0.30681148), (0.16096681, 0.20235914, 0.30673409), (0.15030508, 0.21060236, 0.30707383), (0.13952988, 0.21761553, 0.3069471), (0.12814863, 0.22307654, 0.30734745), (0.12115171, 0.22623909, 0.3073209), (0.10853248, 0.23293245, 0.3084788), (0.11337392, 0.23590091, 0.30907416), (0.07880201, 0.2360568, 0.3099236), (0.11066233, 0.22830851, 0.30711302), (0.104014374, 0.2295205, 0.30652767), (0.07937698, 0.22929746, 0.30718598), (0.07034109, 0.23366573, 0.30997047), (0.05092307, 0.2289298, 0.31043646), (0.06610866, 0.22824734, 0.30832985), (0.041544195, 0.2277805, 0.31078315), (0.063738056, 0.2261524, 0.30818653), (0.03839075, 0.22036688, 0.3086372), (0.049423225, 0.22257553, 0.30826953), (0.037019834, 0.21799971, 0.3090365), (0.025750216, 0.21480036, 0.3081404), (0.02453555, 0.22013694, 0.31032732), (0.015214524, 0.21906646, 0.3110116), (0.000923701, 0.21119186, 0.3110648), (0.015121778, 0.21043497, 0.30867544), (0.00866137, 0.20356265, 0.3110141), (0.06499648, 0.22371043, 0.31026345), (0.16468468, 0.19383907, 0.3102971), (0.15000902, 0.110309824, 0.31004232), (0.15942009, 0.121699795, 0.30995047), (0.008068638, 0.20836248, 0.30877236), (0.0049202475, 0.20479167, 0.3078251), (-0.0057548187, 0.20368622, 0.30978233), (-0.0036728375, 0.20041123, 0.30876303), (-0.016622875, 0.19656041, 0.30901384), (-0.016676424, 0.1921556, 0.30878243), (-0.023452012, 0.19038749, 0.30782205), (-0.012066996, 0.20530511, 0.3110328), (-0.022366911, 0.19945432, 0.3110569), (-0.03266676, 0.19184718, 0.31035906), (-0.047917128, 0.18379614, 0.31132862), (-0.03015185, 0.18568228, 0.30832198), (-0.03617119, 0.18347527, 0.3081093), (-0.044145375, 0.17688088, 0.30816734), (-0.058358647, 0.16708907, 0.3082719), (-0.06887329, 0.16559589, 0.31098804), (-0.078489885, 0.16136536, 0.31166545), (-0.08814699, 0.14964813, 0.3114229), (0.0013613872, 0.20241208, 0.30799204), (0.0069227363, 0.20310307, 0.30909556), (-0.05045899, 0.17064758, 0.30905345), (-0.06871562, 0.15979645, 0.30820125), (-0.15608475, 0.070231535, 0.30950785), (-0.14882372, 0.07572304, 0.30927667), (-0.14645046, 0.081880316, 0.30924278), (-0.1370973, 0.09010212, 0.30925217), (-0.13760222, 0.09452525, 0.30982512), (-0.1280192, 0.09968008, 0.30903387), (-0.12660639, 0.103997245, 0.30862546), (-0.1251494, 0.10194718, 0.30880138), (-0.12234827, 0.10660908, 0.30959606), (-0.1240023, 0.10823381, 0.30938), (-0.12013732, 0.11072495, 0.30827615), (-0.117314674, 0.10943294, 0.30848485), (-0.11485904, 0.114366174, 0.30946815), (-0.11266881, 0.12006077, 0.30960476), (-0.10971518, 0.11722304, 0.30852216), (-0.14393131, 0.09306843, 0.31130904), (-0.15252532, 0.08184132, 0.3112365), (-0.13263023, 0.10520954, 0.31157908), (-0.1089613, 0.13025504, 0.31155485), (-0.10464512, 0.12857477, 0.30966833), (-0.097167514, 0.13207299, 0.30970007), (-0.094134875, 0.13297436, 0.30872086), (-0.1104469, 0.120109096, 0.3073298), (-0.10439283, 0.12640812, 0.30780253), (-0.10830095, 0.12397139, 0.30812177), (-0.14154811, 0.1017887, 0.30882737), (-0.13175985, 0.11315704, 0.30940646), (-0.120234974, 0.12513913, 0.3102837), (-0.14665651, 0.09336851, 0.31018814), (-0.16031098, 0.07519559, 0.3104269), (-0.10085924, 0.14430565, 0.3104006), (-0.1192715, 0.1231074, 0.3116587), (-0.10755408, -0.10765124, 0.31030566), (-0.081681706, -0.104291074, 0.3105616), (-0.08841806, -0.10761715, 0.30787262), (-0.07405658, -0.10509107, 0.3070551), (-0.06383442, -0.099701576, 0.3101885), (-0.15202354, -0.11663578, 0.30973947), (-0.124207616, -0.11116399, 0.31032252), (-0.04945476, -0.09361256, 0.31106573), (-0.037365835, -0.08808931, 0.31108406), (0.1330511, -0.03586795, 0.2492804), (0.14404172, -0.032012608, 0.24544477), (0.13223602, -0.03717515, 0.25304326), (0.13475151, -0.032822616, 0.24416652), (0.12512538, -0.034816645, 0.24704695), (0.11992299, -0.038864046, 0.25048792), (0.15335478, -0.0290462, 0.2455641), (0.12769166, -0.032315046, 0.24473155), (0.13987967, -0.028990008, 0.24246882), (0.115432255, -0.040872283, 0.24992771), (0.1443757, -0.02765715, 0.24268368), (0.1189715, -0.03198306, 0.24633595), (0.11216372, -0.037145637, 0.24871767), (-0.20045863, 0.027605528, 0.26182035), (-0.2078792, 0.02024525, 0.2616404), (-0.2164701, 0.012439332, 0.26144385), (-0.19138528, 0.03916624, 0.26196522), (-0.18295585, 0.050123286, 0.2623841), (-0.233077, -0.00056062493, 0.26151535), (-0.07820508, 0.16554521, 0.2616238), (-0.068420775, 0.17140001, 0.26238206), (-0.05978341, 0.17678937, 0.26392606), (-0.093864664, 0.15121675, 0.2655534), (-0.10989617, 0.13840252, 0.26580834), (-0.097478434, 0.15102783, 0.261825), (-0.11506352, 0.13835083, 0.2613108), (-0.08315835, 0.16043738, 0.2634541), (-0.054351017, 0.1821432, 0.2619492), (-0.06457797, 0.18084654, 0.25771764), (-0.15986395, 0.08433714, 0.2619893), (-0.16849564, 0.071619555, 0.26213703), (-0.15176167, 0.097195856, 0.26119152), (-0.14050508, 0.11217754, 0.26126584), (-0.18094814, 0.0622306, 0.25776273), (-0.1961982, 0.040679492, 0.2574908), (-0.14569211, 0.11519129, 0.25637704), (-0.13566574, 0.12383128, 0.25720268), (-0.16903757, 0.081881456, 0.25750378), (-0.15527646, 0.1007882, 0.2574328), (-0.12297393, 0.13721706, 0.257384), (-0.11077362, 0.14807066, 0.2574159), (-0.21831824, 0.01759501, 0.25753644), (-0.24019562, 0.0011094129, 0.25683898), (-0.24450022, -0.009777225, 0.25697237), (-0.12537827, 0.14155026, 0.2558802), (-0.0862285, 0.16580336, 0.25771084), (-0.21368574, 0.028619813, 0.25595626), (-0.19808385, 0.0462726, 0.2557714), (-0.19196422, 0.057848126, 0.25555182), (-0.18523148, 0.06595272, 0.2558661), (-0.17908055, 0.079519615, 0.25542527), (-0.16899364, 0.094512895, 0.2552126), (-0.16084024, 0.10497612, 0.25527304), (-0.10439893, 0.16028121, 0.2554914), (-0.11394555, 0.15375, 0.25540918), (-0.0940209, 0.17052813, 0.25529873), (-0.07742036, 0.17836137, 0.25596923), (-0.057996057, 0.19025098, 0.25586805), (-0.038948882, 0.19761844, 0.25719684), (-0.24693605, -0.021337738, 0.25616837), (-0.124393426, 0.12624335, 0.26408476), (-0.016120851, -0.24437775, 0.24782853), (-0.009154946, -0.2425481, 0.24798086), (-0.016821539, -0.24534038, 0.24499577), (-0.012055176, -0.24410428, 0.24210952), (-0.023983438, -0.24826036, 0.24724221), (0.0023325996, -0.24211758, 0.24778531), (0.007380415, -0.24464653, 0.24122868), (0.017228171, -0.24374238, 0.24732313), (-0.020134227, -0.24889983, 0.24290614), (-0.2735687, -0.41663867, 0.2561929), (-0.28108594, -0.4119437, 0.25548992), (-0.28907344, -0.40596634, 0.25621623), (-0.30126154, -0.39838234, 0.25512686), (-0.2656211, -0.42153198, 0.2563057), (-0.25854236, -0.4271661, 0.25530258), (-0.24802592, -0.43198198, 0.256718), (-0.24378797, -0.43606964, 0.25520673), (-0.3052161, -0.39301103, 0.25681007), (-0.31702527, -0.38279745, 0.25722274), (-0.32806233, -0.3743415, 0.25637555), (-0.34992528, -0.35233518, 0.25735325), (-0.37430942, -0.3273418, 0.25667658), (-0.38804108, -0.30940124, 0.25796157), (-0.4009142, -0.29462734, 0.25703475), (0.33338904, -0.13033451, 0.23784275), (0.31030092, -0.14260513, 0.24465749), (0.30786407, -0.14772423, 0.24611449), (0.3061955, -0.15387781, 0.24545033), (0.31372502, -0.1768124, 0.23740275), (0.29391986, -0.17565873, 0.24555714), (0.32291836, -0.16079353, 0.23712991), (0.29325953, -0.2105489, 0.23706412), (0.2758593, -0.20311789, 0.24632914), (0.2792759, -0.18846273, 0.24806927), (0.26403135, -0.22045898, 0.24641252), (0.29583177, -0.15283129, 0.24898762), (0.26321307, -0.21224521, 0.24837758), (0.27177224, -0.2384804, 0.23722816), (0.23798043, -0.2441156, 0.2481259), (0.25063115, -0.26099816, 0.23735085), (0.22759403, -0.25988948, 0.24641672), (0.2953773, -0.22901191, 0.23330706), (0.32419476, -0.1835604, 0.23358268), (0.26715276, -0.2611524, 0.23329678), (0.28292125, -0.1674066, 0.24971108), (0.24115711, -0.28715083, 0.23327215), (0.34014156, -0.15260963, 0.23345011), (0.23079734, -0.28053766, 0.2371148), (0.21359012, -0.2662501, 0.24783184), (0.20191558, -0.28019902, 0.2462923), (0.20981534, -0.2968068, 0.23689921), (0.21957308, -0.30462107, 0.23307991), (0.35233375, -0.11735318, 0.23385222), (0.33441895, -0.19274992, 0.23021227), (0.35399622, -0.15488322, 0.23010351), (0.31502742, -0.22453386, 0.2301866), (0.29340553, -0.2512752, 0.23024055), (0.25175768, -0.2941839, 0.23019484), (0.2112375, -0.3228869, 0.230495), (0.19233741, -0.32132572, 0.23307401), (0.18493718, -0.30955243, 0.23729548), (0.34931633, -0.08738675, 0.23731667), (0.36341894, -0.07889786, 0.23387331), (0.37229505, -0.10658711, 0.2300078), (0.38245147, -0.06968045, 0.23000975), (0.309773, -0.120524436, 0.24961306), (0.29721147, -0.13718686, 0.25047725), (0.32650018, -0.11357393, 0.24329215), (0.33551207, -0.08501333, 0.24348176), (0.2887727, -0.15122758, 0.2502348), (0.35539776, -0.053726256, 0.23712245), (0.37055665, -0.04915306, 0.23287408), (0.30480626, -0.12223573, 0.25032356), (0.31420624, -0.103787616, 0.25029355), (0.32125014, -0.09301821, 0.24976966), (0.18878543, -0.2800804, 0.24784888), (0.1780179, -0.29334855, 0.24626124), (0.15998839, -0.35119855, 0.23051144), (0.3578598, -0.024883747, 0.23703636), (0.14912944, -0.34117147, 0.23339766), (0.16052312, -0.32033226, 0.23716733), (0.15496103, -0.3070217, 0.2460618), (0.14788881, -0.2988079, 0.24829188), (0.12941086, -0.31771478, 0.24638149), (0.16611342, -0.28742304, 0.24836323), (0.2734101, -0.3074621, 0.22671664), (0.235121, -0.33055001, 0.22757374), (0.263091, -0.30537778, 0.22776449), (0.20472738, -0.35090238, 0.22752643), (0.3067701, -0.2638534, 0.22795302), (0.11599292, -0.31312206, 0.24807066), (0.1685826, -0.36153698, 0.22838885), (0.1329054, -0.38093135, 0.22801474), (0.11926993, -0.3562203, 0.23267952), (0.11500681, -0.37049392, 0.23032132), (0.12010289, -0.33590373, 0.23741442), (0.16550153, -0.37474078, 0.22711845), (0.34669977, -0.19983917, 0.22869676), (0.32794294, -0.24080953, 0.22801043), (0.3783039, -0.14204413, 0.2281159), (0.3946169, -0.08905539, 0.22826757), (0.4051654, -0.066839196, 0.22753365), (0.306719, -0.2778232, 0.22695956), (0.083490424, -0.3639838, 0.23326111), (0.08650146, -0.3826953, 0.22968587), (0.094627775, -0.39923468, 0.22728148), (0.10309047, -0.32525793, 0.24638674), (0.077851556, -0.3272974, 0.24749227), (0.35814336, -0.20608327, 0.22760823), (0.24781513, -0.33856156, 0.22637439), (0.32102025, -0.08493293, 0.2500095), (0.32873213, -0.06397903, 0.2496349), (0.33319527, -0.052815598, 0.24937148), (0.3407049, -0.070233256, 0.24283114), (0.34517908, -0.044054694, 0.24299031), (0.33347014, -0.04631529, 0.24958631), (0.21996917, -0.35708275, 0.22653669), (0.14836685, -0.3956653, 0.22644797), (0.18521634, -0.3760807, 0.22644466), (0.12884404, -0.40197855, 0.22624694), (0.07882206, -0.34601378, 0.23768972), (0.047569267, -0.38599047, 0.22979867), (0.05817874, -0.41025212, 0.2266912), (0.394743, -0.1320994, 0.2272325), (0.41046023, -0.09801462, 0.22698072), (0.10860771, -0.40820524, 0.22634329), (0.30147797, -0.29851773, 0.22616735), (0.27890813, -0.3174706, 0.22620668), (0.044826668, -0.4237158, 0.22573505), (0.3429017, -0.24964409, 0.22697116), (0.32109073, -0.2783861, 0.22667307), (0.3787538, -0.18449965, 0.22700997), (0.36087245, -0.22383648, 0.22704661), (0.40193364, -0.14650297, 0.22681507), (0.40904373, -0.123535275, 0.22690512), (0.046145186, -0.33721817, 0.2472087), (0.05245967, -0.36979783, 0.2328169), (-0.0005340025, -0.3719924, 0.2331554), (0.015073237, -0.41494757, 0.22631137), (0.0030665775, -0.40287903, 0.22777675), (-0.057272952, -0.41028517, 0.22648688), (-0.060154013, -0.3852467, 0.22970666), (-0.0015139175, -0.38607433, 0.23022474), (0.0053433944, -0.4244532, 0.2255137), (-0.061726037, -0.42238027, 0.22556004), (-0.09080678, -0.40635586, 0.2263164), (-0.08931836, -0.38133022, 0.22967055), (-0.10776974, -0.40989587, 0.22605632), (0.42035478, -0.091419965, 0.22689544), (0.42241964, -0.044048622, 0.22630855), (0.40859303, 0.009099957, 0.2274078), (0.39447692, 0.08296995, 0.2286167), (0.4063138, 0.08672157, 0.22750524), (0.42308778, 0.0074014105, 0.22622272), (0.38445723, 0.009532454, 0.23014669), (0.382651, 0.07503825, 0.23016016), (0.4137037, 0.092485674, 0.22704585), (0.42321318, 0.06390822, 0.22650288), (0.41826406, 0.12192793, 0.22739233), (-0.12016254, -0.40190673, 0.22607368), (-0.1413362, -0.40164402, 0.22590396), (-0.16780595, -0.38817167, 0.22581707), (0.40682063, 0.13209423, 0.22682574), (0.3827114, 0.15382156, 0.22739685), (0.38026315, 0.13290794, 0.22833177), (0.39349398, 0.16209601, 0.22712901), (0.37781647, 0.18659963, 0.22674942), (0.08721229, -0.4191181, 0.22631867), (0.3697059, 0.20730038, 0.22647628), (0.35306895, 0.21674778, 0.22670594), (0.33767986, 0.2520179, 0.22618635), (0.35741797, 0.22993702, 0.22639732), (0.39019185, 0.1833491, 0.22759444), (-0.11142843, -0.42037058, 0.22682402), (0.3916587, -0.17231067, 0.22729155), (0.40913448, 0.14828423, 0.22779794), (0.35399753, 0.18651497, 0.22824596), (0.33498728, 0.22921821, 0.22755085), (0.31700143, 0.27427456, 0.22596517), (0.3231937, 0.27612245, 0.22588228), (0.2993963, 0.30043876, 0.22577153), (0.28209692, 0.30966657, 0.22527157), (0.2726003, 0.32596195, 0.22523142), (0.26009938, 0.32658958, 0.22526212), (0.24465089, 0.34109014, 0.22508582), (0.24550645, 0.3459965, 0.22537065), (0.22636859, 0.3559952, 0.2248288), (0.434708, 0.0005966567, 0.22745375), (0.43400928, -0.04336946, 0.22763863), (0.43434858, 0.041490324, 0.22773328), (0.11663102, -0.42267033, 0.22808363), (0.43388107, 0.074260324, 0.22843331), (0.4190373, -0.11578352, 0.22763266), (0.37316152, 0.21742323, 0.2272759), (0.29980266, 0.27101, 0.2272408), (0.31843248, 0.25301212, 0.22727287), (0.3868811, -0.19733194, 0.22872609), (-0.12752105, -0.38408986, 0.22760125), (-0.17410697, -0.37293229, 0.22664201), (-0.19053291, -0.37257507, 0.22603114), (-0.20249648, -0.37508425, 0.22699207), (-0.20924453, -0.35960412, 0.22609241), (-0.22807601, -0.34920955, 0.225994), (-0.17191525, -0.36252704, 0.22786748), (0.22559364, -0.3656376, 0.22789313), (0.17813426, -0.39043218, 0.22769605), (0.25764927, -0.3454908, 0.22791584), (0.28430328, -0.32952252, 0.22814283), (0.14568062, -0.41134766, 0.22836807), (-0.13270494, -0.36366528, 0.23024274), (0.27546516, 0.29623657, 0.22694889), (0.24032646, 0.32589254, 0.22692905), (0.07790391, -0.43129674, 0.22760771), (0.22153157, 0.33845803, 0.22684218), (0.20414719, 0.36356178, 0.22482446), (0.20767881, 0.36815056, 0.22477663), (0.18430516, 0.37703747, 0.22415595), (0.35540295, 0.24364394, 0.22725001), (0.33909452, 0.2693256, 0.22741286), (-0.2269644, -0.33360037, 0.22764249), (-0.28448284, -0.30856365, 0.22549842), (-0.31142473, -0.2830327, 0.2253655), (-0.27078068, -0.30275646, 0.22709209), (-0.29919308, -0.2707207, 0.22755516), (-0.26893792, -0.32201657, 0.2256355), (-0.2485769, -0.33611792, 0.22584775), (-0.30436668, -0.29489827, 0.22550339), (0.32307464, -0.28908336, 0.2278017), (0.31033474, -0.3026877, 0.22756526), (0.33753172, -0.2733734, 0.22823009), (0.37228885, 0.10882966, 0.23041487), (-0.3286601, -0.23757622, 0.22710213), (-0.32752666, -0.263782, 0.22527856), (-0.34060177, -0.24426855, 0.22537631), (-0.35428, -0.22150333, 0.22540928), (-0.35411063, -0.19012018, 0.2272761), (-0.36595345, -0.19904588, 0.22533067), (-0.3843773, -0.15886573, 0.22540452), (-0.3810723, -0.13033544, 0.2272219), (-0.3763871, -0.18298903, 0.22502288), (-0.3907418, -0.16799137, 0.2252731), (-0.3953619, -0.14720169, 0.22496223), (-0.3687368, -0.20493077, 0.22569768), (-0.4019137, -0.14536582, 0.22527182), (-0.40525872, -0.1266882, 0.2247216), (-0.39182737, -0.12171154, 0.22608641), (-0.39911845, -0.095229216, 0.22604975), (-0.4120172, -0.09515065, 0.22476175), (-0.41069835, -0.0647915, 0.22527957), (-0.4222055, -0.05389091, 0.22489418), (-0.41031986, 0.012509703, 0.22562987), (-0.4223383, 0.032545708, 0.22533178), (-0.41160658, 0.07629592, 0.22512022), (-0.42146167, 0.07774486, 0.22524114), (-0.4191401, 0.10149884, 0.22537646), (-0.40810063, 0.10828788, 0.22490199), (-0.4194476, -0.090646766, 0.22506155), (-0.4058697, 0.13355301, 0.22518373), (-0.39361992, 0.13693546, 0.22526556), (-0.3944557, 0.16080737, 0.22518025), (-0.3792608, 0.17419171, 0.22506234), (-0.39499792, 0.093113646, 0.22641332), (-0.4000139, 0.06402528, 0.22669551), (-0.38513428, 0.12994288, 0.22630501), (-0.36429802, 0.1669827, 0.2268493), (-0.35707402, 0.21111727, 0.225437), (-0.34757903, 0.20250636, 0.22684401), (-0.37225354, 0.20139405, 0.22512293), (-0.3569328, 0.22700521, 0.2251641), (-0.33586025, 0.22802924, 0.22642459), (-0.33163252, 0.2570448, 0.22489698), (-0.39053002, 0.18363304, 0.22616877), (-0.31197238, 0.2633582, 0.22618558), (-0.43372416, -0.00024995912, 0.22632766), (-0.2904482, 0.29752666, 0.22518237), (-0.3241543, 0.27342334, 0.22553173), (-0.30631247, 0.28872755, 0.22521804), (-0.26191404, 0.3307065, 0.22473413), (-0.2513825, 0.32811424, 0.22543329), (-0.24149854, 0.3456303, 0.22462401), (-0.20981322, 0.35074753, 0.2260016), (-0.23023836, 0.35703427, 0.22494087), (-0.20058355, 0.37320015, 0.22474793), (-0.18711776, 0.36509603, 0.22554545), (-0.17050113, 0.38005602, 0.22456114), (-0.18485044, 0.386545, 0.22515562), (-0.16710313, 0.3938685, 0.22459021), (-0.14943665, 0.39521456, 0.22423674), (-0.13457452, 0.40750447, 0.2243253), (-0.117885076, 0.40519956, 0.22410515), (-0.08101946, 0.41909993, 0.22387137), (-0.07910252, 0.40782794, 0.22414042), (-0.042993825, 0.40986308, 0.22382343), (-0.0076510115, 0.41093007, 0.2239249), (-0.021036964, 0.42266408, 0.22434479), (0.07712756, 0.41272616, 0.22351053), (0.042740054, 0.4112909, 0.22391985), (0.044318922, 0.42178723, 0.22431283), (-0.1136289, 0.3970721, 0.22479464), (-0.14519261, 0.37991354, 0.22574499), (-0.16812, 0.3607447, 0.2269894), (-0.2828935, 0.2919479, 0.2262501), (-0.2523797, 0.3128226, 0.22715075), (-0.11701818, 0.41655308, 0.2246758), (0.09856034, 0.4026798, 0.22450848), (0.11497878, 0.4092391, 0.22376023), (0.13625948, 0.3973657, 0.2239067), (0.15476534, 0.39485613, 0.22447336), (0.16112861, 0.383497, 0.22428368), (0.08980607, 0.41866156, 0.22425367), (-0.3961582, 0.009171063, 0.22762783), (-0.38489026, -0.05196286, 0.22941165), (-0.39791554, -0.062158346, 0.22703119), (-0.38018295, -0.08378092, 0.22978978), (-0.36909965, -0.120223135, 0.22990765), (-0.35038906, -0.15901141, 0.23027928), (-0.33784562, -0.18770617, 0.23007426), (-0.32407245, -0.21181338, 0.23014867), (-0.26556703, -0.3367311, 0.22705543), (-0.24249507, -0.35303274, 0.22738518), (-0.21980403, -0.37484515, 0.22850883), (0.16120616, 0.36952543, 0.22622247), (0.20125328, 0.3467875, 0.22726338), (0.117092885, 0.3872472, 0.2262633), (0.10021739, 0.39553246, 0.22564709), (-0.3580909, -0.23288055, 0.2266309), (-0.433526, 0.040261768, 0.22675568), (-0.42963225, 0.0805171, 0.22671635), (-0.21307871, 0.3722419, 0.22546983), (-0.06626128, 0.39530998, 0.22629644), (0.0013383784, 0.39892405, 0.22633506), (0.042629242, -0.434622, 0.2273534), (-0.0028038118, -0.43692487, 0.22743846), (-0.057183012, -0.4340109, 0.22737774), (-0.0882047, -0.42999628, 0.22755085), (-0.29971626, -0.31359026, 0.22736281), (0.30613723, 0.2375813, 0.23013341), (0.28122717, 0.2630859, 0.23021564), (0.32568488, 0.20720376, 0.23027283), (0.349261, 0.1617613, 0.23037116), (0.30688328, 0.3059324, 0.22715805), (0.32757476, 0.28492236, 0.22731024), (-0.37859628, 0.12442992, 0.227638), (-0.38268763, 0.07854392, 0.22937372), (-0.36579955, 0.12752189, 0.22989), (0.4204124, -0.14320336, 0.23014852), (-0.25238362, -0.29280153, 0.23001583), (-0.2817164, -0.26581165, 0.23017848), (-0.21415102, -0.32208148, 0.23007718), (-0.3033769, -0.24227183, 0.22996747), (-0.1790816, -0.34316814, 0.23012358), (0.053951915, 0.4262464, 0.22504726), (-0.0057597067, 0.43339226, 0.22567232), (-0.049022295, 0.43171835, 0.22601862), (-0.3358798, -0.26887804, 0.22689445), (0.26003525, 0.34208632, 0.22617693), (-0.18061015, -0.3935229, 0.22764404), (-0.12387604, -0.42126796, 0.2277617), (-0.15096681, -0.40874195, 0.22764985), (-0.10966873, 0.38293564, 0.22728488), (-0.19567502, 0.34298205, 0.22811827), (-0.20601961, 0.33004406, 0.22947651), (0.052448027, 0.39660695, 0.22658168), (0.43087524, -0.093395285, 0.2287877), (-0.37364748, 0.2155799, 0.22646262), (-0.34710616, 0.25607502, 0.22675046), (-0.31531975, -0.29909575, 0.22744924), (-0.42065778, 0.12369284, 0.22685388), (0.20881748, -0.38865328, 0.23013988), (0.1862341, -0.40047282, 0.23008691), (0.25845072, 0.28933144, 0.22989827), (0.22869596, 0.31481436, 0.22997445), (0.36442783, -0.2463803, 0.22995704), (0.35592937, -0.26118073, 0.23022617), (-0.42091888, -0.12186129, 0.22699335), (-0.13313465, 0.36537018, 0.22920302), (-0.3907712, -0.1861052, 0.22726817), (-0.3996843, -0.17164506, 0.22716549), (0.2813605, 0.32958052, 0.2268306), (-0.2920056, 0.25864965, 0.22956426), (-0.2656666, 0.28410813, 0.22973497), (-0.23667453, 0.30731243, 0.22997719), (-0.305739, 0.24278775, 0.22954626), (-0.31770843, 0.22331217, 0.2299395), (-0.3317272, 0.19852145, 0.23003282), (-0.34318987, 0.17331429, 0.23012094), (-0.4354117, -0.045237314, 0.22710598), (-0.40352347, 0.16232996, 0.22673118), (0.2278585, 0.36744845, 0.22702484), (0.07951819, -0.44468352, 0.23024982), (0.10900633, -0.4376266, 0.23060381), (0.14815646, -0.4231414, 0.2309997), (-0.3238191, 0.2881127, 0.22736579), (-0.3009633, 0.30648643, 0.22646564), (-0.28548715, 0.31147555, 0.22539298), (-0.28501227, 0.3227159, 0.2265702), (0.37974605, -0.22452147, 0.23043102), (0.39402503, -0.20178175, 0.23055758), (0.4083766, -0.17030613, 0.23017065), (-0.43086913, -0.08467088, 0.22723112), (-0.17845203, 0.34076062, 0.23013286), (0.19783105, 0.33250582, 0.23014495), (0.08127301, 0.38047814, 0.22958504), (0.04833769, 0.3833393, 0.22987774), (-0.0015605381, 0.38846004, 0.22897436), (-0.037078623, 0.3873766, 0.22884767), (-0.4136049, 0.13836662, 0.22687699), (-0.28654855, -0.3328401, 0.2289033), (-0.2440745, -0.36939907, 0.23043647), (-0.2593123, -0.3559023, 0.22979622), (0.16756286, 0.34795445, 0.22988813), (0.12997484, 0.3623236, 0.23046961), (-0.38602427, -0.0041767843, 0.2296189), (-0.38489866, 0.04001446, 0.22967814), (0.44913226, 0.0028969087, 0.23048362), (0.43467802, -0.1140369, 0.2307157), (-0.0914633, 0.42764083, 0.22588065), (-0.26629174, 0.34141377, 0.2268937), (-0.058373626, -0.36976063, 0.23281784), (-0.085046925, -0.36376095, 0.23335557), (-0.1266144, -0.35103273, 0.23324756), (0.40839937, 0.17297666, 0.23002934), (0.39129552, 0.21036492, 0.23068774), (0.1884088, 0.3891696, 0.22677249), (0.35206363, 0.12568186, 0.23281111), (0.36295494, 0.09426094, 0.23311631), (0.37117347, 0.06273609, 0.23256105), (0.37157574, 0.0018718549, 0.23282701), (0.25120634, -0.36414605, 0.23068716), (0.292329, -0.33596516, 0.23061475), (-0.14742921, 0.3564609, 0.22977419), (-0.1075292, 0.37156054, 0.23015158), (-0.08401882, -0.44406533, 0.23046309), (0.105275825, 0.37292784, 0.23005727), (0.06839791, 0.43125325, 0.22641541), (-0.17808695, -0.32695237, 0.23360944), (-0.23669186, 0.36331016, 0.22705543), (0.4352911, 0.10935426, 0.23052742), (-0.036079265, -0.4495691, 0.23070663), (-0.0010560154, -0.45063612, 0.23064713), (0.041995063, -0.449091, 0.23084414), (-0.10759566, -0.4386364, 0.23061958), (0.38619542, 0.20411038, 0.22873762), (0.025582675, -0.3524137, 0.23729819), (-0.0053623174, -0.35716295, 0.23649172), (0.4456052, 0.0655743, 0.23096356), (0.42948467, 0.12568742, 0.23022148), (-0.045743793, -0.35044512, 0.23774663), (0.109065026, 0.42446846, 0.22677565), (0.15070492, 0.41205797, 0.22787516), (-0.33553013, -0.2898118, 0.2298496), (-0.34817106, -0.27312258, 0.2298776), (-0.36509818, -0.24592642, 0.22972336), (-0.3864701, -0.21642552, 0.23027001), (0.31801543, 0.19579417, 0.23325562), (0.33326256, 0.16706559, 0.23319937), (0.34585208, 0.1316629, 0.23372452), (-0.12504435, -0.43417186, 0.2311365), (-0.07276445, 0.38189864, 0.2294804), (-0.082448296, -0.34186226, 0.23850799), (-0.12507412, -0.32767296, 0.23883878), (-0.21405615, -0.30496243, 0.23361287), (-0.2483962, -0.27742842, 0.23350914), (0.3691926, 0.2421851, 0.22987121), (0.3415759, 0.2844719, 0.23029353), (-0.17177017, -0.41240594, 0.23082142), (-0.2138739, -0.38980874, 0.23098604), (-0.35048625, -0.12251631, 0.23407951), (-0.3590954, -0.08819263, 0.23479551), (-0.36821347, -0.059038192, 0.23369999), (-0.36974514, 0.03668848, 0.23372595), (-0.35388032, 0.074297264, 0.23720089), (-0.17347915, -0.31333223, 0.23754682), (-0.37219414, -0.0020442288, 0.23341754), (-0.35704362, 0.045140658, 0.23732539), (-0.17362298, 0.39863235, 0.2264094), (-0.1528322, 0.40887278, 0.22657181), (-0.32616568, -0.18059987, 0.23363246), (-0.30840942, -0.21273024, 0.23359762), (-0.44705305, 0.03627398, 0.23010966), (-0.44870782, 0.003500405, 0.23021321), (-0.2901519, -0.34086397, 0.23115976), (-0.34921157, 0.08835838, 0.23761441), (0.3035658, 0.21980476, 0.23314045), (0.28271905, 0.243709, 0.23349291), (0.27133113, 0.2567192, 0.23328456), (-0.28705558, -0.24096796, 0.233608), (-0.26499557, -0.26350608, 0.23355396), (-0.35107157, 0.12818016, 0.23359914), (0.36724922, 0.049664654, 0.23365122), (0.3560078, 0.075734, 0.2364705), (0.35840213, 0.0011657978, 0.23684002), (-0.32259554, -0.3090288, 0.23069896), (-0.34192356, 0.2807475, 0.22978602), (0.31404784, 0.3162221, 0.23053566), (-0.33441517, -0.1298351, 0.23783462), (-0.34745952, -0.08475815, 0.23837268), (-0.35733896, -0.038333423, 0.23755129), (-0.3588747, 0.0015658351, 0.23769014), (-0.4104483, -0.1733898, 0.23026362), (-0.4216919, -0.15045235, 0.23051085), (0.3510963, 0.08881596, 0.23701066), (-0.119433634, 0.42299396, 0.22659466), (-0.19607294, -0.30295706, 0.23700857), (-0.31602117, 0.3104143, 0.23013651), (-0.29342186, 0.33188927, 0.23004362), (0.24641162, 0.28538698, 0.23319916), (0.20534588, 0.39132646, 0.22969143), (0.095705636, 0.34988353, 0.23725991), (0.07683024, 0.3529392, 0.23792067), (0.053922884, 0.35692778, 0.23771636), (0.28112245, 0.34341347, 0.22998387), (0.24469087, 0.36811018, 0.22998042), (0.14750232, 0.3420271, 0.23395227), (0.123668246, 0.33866182, 0.23790577), (-0.33563602, 0.12708281, 0.23806514), (-0.329198, 0.14374164, 0.23780662), (-0.31184998, 0.18149157, 0.23784323), (-0.43355584, -0.1192974, 0.23031433), (-0.44293115, -0.08796614, 0.2308913), (-0.2775823, 0.23783198, 0.23730406), (-0.25953057, 0.25763753, 0.23716861), (-0.23757158, 0.2917409, 0.23360349), (-0.4386808, 0.09939075, 0.23037606), (-0.19423772, 0.3055924, 0.23782541), (-0.16618344, 0.32124096, 0.23740084), (-0.12949994, 0.3364674, 0.23764196), (-0.08565168, 0.35194975, 0.23763849), (-0.060735147, 0.35478634, 0.23807588), (-0.042784095, 0.35661873, 0.2380369), (-0.44648948, -0.045685872, 0.2302947), (-0.21669814, -0.28615922, 0.2377807), (0.00044160208, 0.35946277, 0.2378681), (-0.31944323, -0.16339299, 0.23764141), (-0.29516748, 0.21219696, 0.23779047), (-0.26259285, -0.3688695, 0.23356451), (-0.2828584, -0.35490534, 0.23338947), (-0.44180927, 0.07888947, 0.23018469), (0.035865176, 0.4455879, 0.23001933), (-0.0011845083, 0.44723713, 0.22996508), (-0.036517825, 0.44650382, 0.2303804), (-0.3975135, 0.19861795, 0.23009878), (-0.38344616, 0.22235933, 0.2300901), (-0.3674161, 0.24793445, 0.23032396), (-0.38376293, -0.24137539, 0.23365164), (-0.37399626, -0.25578654, 0.23373856), (-0.40261465, -0.20985779, 0.2336754), (-0.24026419, -0.38313043, 0.23340364), (-0.21253128, -0.40031904, 0.23358345), (-0.19304718, -0.40951955, 0.23334302), (-0.17529625, -0.41928104, 0.2334307), (0.21421975, 0.30414146, 0.23504928), (0.1930463, 0.31232703, 0.236421), (-0.3119678, -0.17617314, 0.23823164), (-0.29610074, -0.2022883, 0.23875193), (-0.41990867, 0.15678456, 0.23105201), (0.28558552, 0.22027987, 0.23738499), (0.25864366, 0.2521719, 0.23750982), (0.24510826, 0.26927432, 0.23717232), (0.30630875, 0.19344838, 0.23703), (0.31741774, 0.17577806, 0.23685217), (0.32257587, 0.16255075, 0.23743415), (0.08071911, 0.4431602, 0.23075715), (0.22672059, 0.28750667, 0.23701233), (0.3882325, 0.2322318, 0.23344064), (0.3744912, 0.25516558, 0.23393406), (0.36056763, 0.27414307, 0.23354429), (0.12117676, 0.43233243, 0.23045607), (-0.2628431, -0.23956725, 0.24026722), (-0.27779388, -0.23072845, 0.23808119), (-0.25084412, -0.25717923, 0.23822862), (-0.14489724, -0.43202353, 0.2330935), (-0.27023143, 0.35177767, 0.23024757), (0.45418906, 0.044699837, 0.233219), (-0.23291008, 0.37617496, 0.2298495), (-0.35291624, -0.28489873, 0.23338002), (-0.33698267, -0.30474392, 0.23342206), (0.35557345, 0.049196318, 0.23740505), (-0.31885952, -0.32441655, 0.23358129), (-0.29914233, -0.3420427, 0.2335007), (0.14398548, 0.33050963, 0.23793213), (-0.23785526, 0.27556303, 0.23757954), (-0.21835026, 0.29126665, 0.23737802), (0.17603895, 0.3154706, 0.23807734), (0.19433866, 0.28869075, 0.24400923), (-0.0068069096, -0.35307196, 0.2378682), (0.2684405, 0.3651214, 0.23359665), (0.14484146, 0.43285912, 0.23355128), (0.17448018, 0.42038038, 0.23387456), (0.20400329, 0.405278, 0.23378986), (0.29427695, 0.3463572, 0.23364921), (-0.43224624, 0.12540996, 0.23067427), (0.2321481, 0.3887982, 0.23374088), (0.2499168, 0.3779105, 0.2339456), (0.4180322, 0.1741756, 0.23324595), (0.4301429, 0.1486656, 0.23349455), (0.4042054, 0.20428385, 0.23363635), (0.33688703, -0.032510355, 0.24909844), (0.33550334, -0.013078747, 0.24887708), (0.33785906, -0.0028448992, 0.24963088), (0.3441027, 0.29606715, 0.23359874), (0.2841691, -0.13924451, 0.24681298), (-0.17502905, 0.41004807, 0.23039775), (-0.18950933, -0.2940067, 0.24091211), (-0.1667438, -0.30657607, 0.24042352), (-0.14590546, -0.31649053, 0.2400325), (-0.21542577, -0.27766094, 0.24092656), (-0.31565776, 0.3268897, 0.23419166), (0.3235461, 0.3189523, 0.23371074), (-0.086021416, 0.44163072, 0.23059826), (-0.29102373, 0.34885272, 0.2341278), (0.43892077, 0.12652534, 0.23360759), (-0.36241293, 0.2728146, 0.23405218), (-0.34543332, 0.29455376, 0.23403332), (0.3324972, 0.14354974, 0.23663524), (0.3376537, 0.12605807, 0.23731361), (-0.2732706, 0.36409423, 0.2345795), (-0.25039262, 0.37832028, 0.23416014), (-0.34245747, 0.074711755, 0.24163732), (-0.39263582, 0.22864538, 0.23421614), (-0.3774625, 0.25235978, 0.234365), (0.043639764, 0.45534977, 0.23394553), (-0.043990653, 0.45468852, 0.23373984), (-0.2256407, 0.39353868, 0.23423497), (-0.1498427, 0.42974764, 0.23341712), (-0.11875747, 0.43324903, 0.2303346), (-0.33710316, -0.08792647, 0.24184696), (-0.3449035, -0.0538188, 0.24170554), (0.33493456, 0.0077652633, 0.24829713), (-0.4077394, 0.20225765, 0.23423004), (-0.4231049, 0.16894837, 0.23411596), (-0.4193057, -0.17543481, 0.23370798), (0.29349527, -0.12526937, 0.24644586), (0.08988704, 0.32787853, 0.24624956), (0.44993493, 0.07721276, 0.23329084), (0.44470412, 0.09955613, 0.23340277), (0.12916282, 0.31387955, 0.24641447), (-0.0009136435, 0.35265878, 0.24056382), (0.044574227, 0.348545, 0.24128701), (0.051865812, 0.33432367, 0.24683636), (0.0017896391, 0.33759892, 0.24725975), (-0.001568327, 0.45636517, 0.23365174), (-0.34830657, -0.02364089, 0.2419944), (0.45677105, -0.00039701795, 0.23354922), (0.123657584, 0.4400679, 0.23371348), (0.07992105, 0.45009252, 0.23348093), (-0.43788043, 0.13215096, 0.23391712), (-0.4357733, -0.13822785, 0.23398617), (-0.18766677, 0.41371804, 0.2341954), (-0.3470651, 0.04424354, 0.24158403), (-0.3502635, 0.0026351484, 0.24150072), (-0.24845983, -0.25268033, 0.24064067), (-0.45671713, -0.0037558898, 0.23370117), (0.0970743, 0.44640502, 0.233938), (-0.32669696, -0.12589389, 0.24154054), (-0.27413324, -0.22266014, 0.24159552), (-0.290819, -0.19735727, 0.2417072), (-0.30906343, -0.16682582, 0.24137674), (-0.10269318, 0.32388696, 0.24674407), (-0.14433199, 0.3097716, 0.2460981), (-0.042779002, 0.33696297, 0.24700117), (-0.16696444, 0.3000248, 0.24567725), (-0.20685579, 0.27509198, 0.24662699), (-0.45021355, 0.07793579, 0.23375262), (-0.4542382, 0.04007779, 0.23340121), (0.34370145, 0.071074694, 0.24221186), (-0.29828256, 0.16796975, 0.24618192), (-0.27803096, 0.20594306, 0.2459896), (-0.26165047, 0.22658677, 0.24665885), (-0.43999144, -0.1233136, 0.23366588), (-0.4539158, -0.046768464, 0.23368679), (-0.44936097, -0.08046894, 0.23345387), (-0.31647792, 0.12767142, 0.24639185), (-0.318784, 0.09920983, 0.2496067), (-0.3266405, 0.06971018, 0.24991347), (-0.12717266, -0.43889815, 0.23351637), (-0.22058223, 0.25837722, 0.24919894), (-0.12568767, 0.43903962, 0.23389551), (-0.11605622, -0.44089034, 0.23340632), (-0.24689825, 0.24412777, 0.24635537), (-0.08589034, 0.44850442, 0.23381883), (0.299041, -0.098416895, 0.24185579), (0.2840403, -0.121159665, 0.24130747), (0.11752432, -0.32715955, 0.24352133), (-0.12517427, -0.32268655, 0.24114354), (-0.109915055, -0.3313668, 0.23947442), (-0.091943756, -0.3360064, 0.24001522), (-0.06322419, -0.34368443, 0.2397047), (-0.032208066, -0.34608003, 0.24188198), (-0.0029475586, -0.34552002, 0.24404112), (0.3373581, 0.016513733, 0.24968308), (0.145225, -0.31709936, 0.24341051), (-0.042535335, -0.45413643, 0.23342435), (0.34778944, -0.00574097, 0.24307796), (0.34702405, 0.017780641, 0.24318051), (0.044183582, -0.45338336, 0.233321), (-0.3318408, 0.039524317, 0.25040302), (-0.33363545, 0.0030688506, 0.2508598), (0.13270739, -0.43701607, 0.233612), (-0.39936414, 0.22608085, 0.23672308), (-0.33245906, -0.024426578, 0.25076693), (-0.32930875, -0.056561243, 0.2503594), (-0.3285006, -0.081197545, 0.24774043), (-0.0010821585, -0.4551274, 0.23321497), (-0.3827789, 0.2527773, 0.2369639), (0.30932027, -0.074497536, 0.24147776), (0.31937835, -0.046570476, 0.24145716), (0.32894772, -0.03987844, 0.24598718), (0.33225238, -0.0073522595, 0.24614072), (0.32261086, -0.02333553, 0.24104916), (0.07516543, -0.33952343, 0.24216127), (0.32511532, 0.0050699133, 0.24175997), (-0.3694572, 0.27248037, 0.23721422), (-0.31291068, -0.124351814, 0.24941717), (-0.3058256, -0.15644696, 0.245728), (-0.28563634, -0.18930526, 0.24701746), (0.3787678, 0.25978088, 0.23750526), (-0.35161066, 0.29470327, 0.23692583), (-0.32286918, 0.32713473, 0.23728384), (0.42672428, 0.17493106, 0.2381094), (0.22786193, 0.39943978, 0.23787999), (0.28178754, 0.36464706, 0.23802218), (0.26302335, 0.375939, 0.2372089), (0.24511138, 0.38694856, 0.23712571), (-0.43553743, 0.15026385, 0.23669852), (-0.42774585, 0.17067593, 0.23709351), (-0.41298506, 0.20313233, 0.2372263), (-0.29374823, 0.35340214, 0.23723361), (-0.26021123, 0.37813666, 0.2372723), (-0.17473221, 0.4254428, 0.23729412), (0.42150953, 0.18701038, 0.23871903), (0.411919, 0.20819868, 0.23907013), (0.39657485, 0.23216504, 0.23809543), (-0.22806327, 0.39804313, 0.23732024), (0.32779965, 0.32338426, 0.23745815), (-0.18028444, -0.28866142, 0.24681032), (-0.20579314, -0.2733801, 0.24639636), (-0.25380713, -0.23527865, 0.2463477), (-0.26749143, -0.21634814, 0.24735181), (0.20274886, 0.4127904, 0.2376421), (0.34343427, 0.30494305, 0.23706183), (0.35449237, 0.29341772, 0.23789239), (0.32625625, 0.046576496, 0.24537116), (0.29715067, 0.35029572, 0.2368065), (-0.42723852, -0.17489244, 0.23828164), (0.051065, -0.34907937, 0.23787008), (-0.3705302, -0.27498809, 0.23909463), (-0.38503397, -0.24982023, 0.23755737), (-0.40137994, -0.22661616, 0.2386014), (-0.22089155, -0.40801266, 0.24081703), (-0.08264112, -0.4486409, 0.23337165), (0.33100346, 0.046620708, 0.24854304), (-0.32696953, -0.33011547, 0.2402025), (-0.28160012, -0.37127128, 0.2421189), (-0.25731856, -0.3838957, 0.2402806), (0.14094858, -0.32780546, 0.23735693), (-0.17782196, -0.43040046, 0.24176915), (-0.1430479, 0.4385918, 0.23751305), (-0.4607793, -0.021991238, 0.23726328), (-0.2957375, -0.357503, 0.24033351), (-0.35521019, -0.29630125, 0.23954633), (-0.4606015, 0.02653791, 0.23732878), (-0.46148446, 0.001018856, 0.23708767), (0.44359115, 0.13182095, 0.23797756), (0.46212834, 0.0009549447, 0.23733605), (-0.4540345, 0.08198907, 0.23696549), (-0.44385332, 0.13044004, 0.23766592), (0.17145441, 0.42918563, 0.23867272), (0.4547863, -0.047167357, 0.23374265), (-0.20286554, 0.42134625, 0.2439326), (-0.32771906, -0.3456503, 0.24971627), (-0.41652384, -0.20691381, 0.24168737), (-0.45978004, 0.04549099, 0.23780707), (-0.4587346, -0.04698379, 0.23715124), (-0.45684564, -0.08152573, 0.23933353), (-0.2572349, -0.4094877, 0.25605723), (-0.24090983, -0.41996542, 0.25612494), (0.4592389, 0.048362408, 0.23725073), (-0.22484131, -0.42915225, 0.25604936), (-0.18328144, -0.44035608, 0.25022078), (-0.21100304, -0.43564978, 0.25594625), (-0.41581088, -0.23049285, 0.2494129), (-0.43061155, -0.22214094, 0.25628614), (-0.4152238, -0.24936609, 0.25627676), (-0.28575483, 0.3783231, 0.24830692), (0.021717614, -0.34383234, 0.24479915), (-0.44652003, -0.12582448, 0.2387875), (0.13254519, -0.44696015, 0.24078476), (0.079740524, -0.4600677, 0.24168122), (-0.27544045, -0.3881664, 0.25042316), (-0.29359782, -0.38570848, 0.2561689), (0.45973685, -0.047578096, 0.2374534), (-0.3682758, -0.30574307, 0.25162062), (-0.33811423, -0.33905464, 0.2510064), (0.24162795, 0.40110517, 0.24449387), (0.44975728, -0.073362336, 0.23334222), (0.4539297, -0.09085727, 0.23873338), (0.44509846, -0.0988324, 0.23355027), (-0.24099177, 0.41038257, 0.25010917), (-0.3872091, -0.29042032, 0.25626), (-0.401867, -0.26852044, 0.25605136), (-0.16954115, -0.4534054, 0.2560514), (0.4343322, 0.21501134, 0.25645256), (0.44798318, 0.18573505, 0.2563535), (0.4198122, 0.2411648, 0.25656262), (0.42758748, 0.22876714, 0.25695792), (-0.08543311, 0.45464906, 0.23830664), (-0.0023460377, 0.46134442, 0.23739657), (-0.18930997, -0.44603732, 0.25607675), (-0.41539395, 0.22849293, 0.24811009), (-0.3986969, 0.25454614, 0.24790777), (0.40437445, 0.26585728, 0.25642437), (0.38255382, 0.29571378, 0.25635496), (0.39493972, 0.27876368, 0.25644463), (0.41073254, 0.25484914, 0.25642815), (0.04299616, -0.462588, 0.24033041), (-0.038861345, -0.46471983, 0.24147265), (-0.3084877, -0.37387946, 0.25623146), (0.080125764, 0.45467255, 0.23694958), (0.4512431, -0.10801866, 0.23985547), (0.454539, 0.16921422, 0.25670445), (0.45645595, 0.14254011, 0.25089684), (0.4623873, 0.14814264, 0.25666797), (0.33978805, 0.34556654, 0.25624993), (0.32285216, 0.36099377, 0.25621912), (0.31086716, 0.3718181, 0.2563533), (0.29713738, 0.3829644, 0.25650343), (0.36198288, 0.3217531, 0.25635543), (0.35074854, 0.33423236, 0.25639597), (0.33838996, 0.32472354, 0.24449314), (-0.13780425, -0.45525417, 0.24834736), (-0.13948303, -0.46517268, 0.25624052), (-0.08349142, -0.46536818, 0.24647626), (-0.2762882, -0.3954458, 0.25566918), (0.44130632, -0.123155504, 0.23447473), (0.45307797, 0.1315389, 0.24556747), (0.4569743, 0.07882272, 0.23912151), (0.466333, 0.13166994, 0.25627026), (0.47087964, 0.11458759, 0.25691566), (-0.00087523094, -0.46900785, 0.24442999), (0.121915005, 0.45845908, 0.24810554), (0.13928239, 0.45380896, 0.24781944), (0.12695831, -0.46808562, 0.256544), (-0.038173653, -0.47501552, 0.25005955), (0.08112691, -0.4777641, 0.25652024), (0.045116205, -0.48151094, 0.25654283), (0.04209188, -0.4737208, 0.2496663), (0.10363372, -0.47294962, 0.25657275), (-0.0015531789, -0.4833969, 0.25611645), (0.46736506, -0.094477564, 0.25042197), (0.46708247, -0.12694226, 0.25643274), (0.47706383, -0.07928362, 0.25650856), (0.47261626, -0.049208052, 0.24918538), (0.48079056, -0.054616164, 0.25666395), (0.46926942, 0.0010944536, 0.24388921), (-0.48235247, -0.04250717, 0.25651166), (-0.4801231, -0.06467293, 0.25646), (0.08933911, 0.46975794, 0.25174138), (0.47131115, 0.08063379, 0.25137407), (0.48108026, 0.05476297, 0.25665727), (0.46738893, 0.05056391, 0.2447551), (0.47746176, 0.001236695, 0.2509424), (0.33465415, 0.025257243, 0.24967006), (0.081338644, 0.46939045, 0.24974857), (0.03990326, 0.47270536, 0.2489178), (-0.0033565608, 0.47422096, 0.24861825), (0.47311586, -0.09946432, 0.2563774), (0.48146927, -0.023473307, 0.25637513), (0.48268798, 0.00068290206, 0.25579527), (0.4550197, -0.16283937, 0.2563473), (0.44837993, -0.17956966, 0.25618747), (0.46223062, -0.14457135, 0.25629312), (0.44069505, -0.13648489, 0.23751684), (0.42610598, -0.17091417, 0.2372788), (0.43360806, -0.13913451, 0.23375936), (0.42753336, -0.21323097, 0.2520457), (0.40953645, -0.20820445, 0.23791157), (0.44146848, -0.1938189, 0.2560972), (0.43312138, -0.21338846, 0.25621638), (0.42369702, -0.2304068, 0.2561447), (0.4051395, -0.25062358, 0.2514743), (0.4004957, -0.22215657, 0.23737812), (0.38329142, -0.25097743, 0.2374425), (0.39852825, -0.27255234, 0.2560866), (0.4122258, -0.25011197, 0.2562237), (0.37402958, -0.26595122, 0.23784462), (0.41923615, -0.1721981, 0.23384231), (0.40165195, -0.20834145, 0.23382895), (0.36864978, -0.3029531, 0.25110686), (0.35375428, -0.29454887, 0.23800352), (0.38932398, -0.28531945, 0.25603083), (0.38384485, -0.23791552, 0.23380063), (0.3789574, -0.29956254, 0.2562044), (0.3608421, -0.27228892, 0.2335947), (0.34197998, -0.2981796, 0.23360944), (0.32415953, -0.32713774, 0.23732118), (0.33835083, -0.33800793, 0.25151005), (0.3174705, -0.32551152, 0.23385295), (0.36677238, -0.31402507, 0.25588748), (0.30826956, -0.34083274, 0.23694122), (0.32770082, -0.3457034, 0.25043917), (0.29555663, -0.34467795, 0.23363215), (0.40318933, -0.27659452, 0.25857005), (0.41816178, -0.25492093, 0.2589422), (0.42886502, -0.23318899, 0.2584855), (0.29529, -0.35336375, 0.23777533), (0.46061206, -0.16699775, 0.25901243), (0.471173, -0.13471109, 0.2584414), (0.38349527, -0.30669865, 0.25921577), (0.3683202, -0.32190412, 0.25859597), (0.3495215, -0.34401375, 0.25900763), (0.34165177, -0.34154162, 0.25575832), (0.3533706, -0.32844603, 0.25575155), (0.3354425, -0.35707933, 0.25898263), (0.323164, -0.3584438, 0.25577316), (0.3163035, -0.37378398, 0.25877216), (0.3050027, -0.37625757, 0.25633472), (0.29301238, -0.39124966, 0.258272), (0.2754139, -0.35930288, 0.23355982), (0.27700135, -0.36616945, 0.23746958), (0.2877442, -0.38851765, 0.2561875), (0.33810318, -0.28903475, 0.23049717), (0.312978, -0.3153789, 0.23007412), (0.3908712, -0.298129, 0.2590202), (0.44657072, -0.20272548, 0.2591529), (0.43909317, -0.2214456, 0.2593457), (0.45389402, -0.18867363, 0.25929055), (0.2432263, -0.38069457, 0.23359624), (0.24731848, -0.38534412, 0.23744631), (0.22742717, -0.39807683, 0.2369293), (0.21094547, -0.4022923, 0.23391958), (0.2639841, -0.404186, 0.2560071), (0.24312405, -0.4238965, 0.25807294), (0.24248675, -0.4189397, 0.25625813), (0.26463225, -0.4112136, 0.25846097), (0.21839125, -0.43153045, 0.25605088), (0.22770339, -0.4340806, 0.25874925), (0.21130262, -0.44186598, 0.2581953), (0.44272235, -0.07568798, 0.23079415), (0.47807753, -0.10964185, 0.25913367), (0.48389444, -0.08385877, 0.25916478), (0.20050132, -0.44090325, 0.25626972), (0.19394027, -0.45115465, 0.25859946), (0.36784285, -0.32597262, 0.25903645), (0.18020657, -0.41779503, 0.23371468), (0.15129718, -0.42942396, 0.23316766), (0.18136273, -0.4493507, 0.25636125), (0.4469706, -0.04252633, 0.23068035), (0.48805767, -0.052402303, 0.2588156), (0.48504832, 0.0016944514, 0.25707108), (0.4914136, -0.00048779047, 0.2588502), (0.40547934, -0.2787711, 0.258941), (0.41404286, -0.26525152, 0.25905737), (0.46119052, -0.17292789, 0.25929394), (0.46945664, -0.15280357, 0.25906426), (0.24690078, -0.42667633, 0.25848967), (0.30560067, -0.3862766, 0.2587924), (0.28666326, -0.39922687, 0.2586752), (0.27157143, -0.41002148, 0.25869998), (0.21524625, -0.4435831, 0.25844896), (0.48719808, 0.05585383, 0.25871435), (0.4268818, -0.24559055, 0.25887373), (0.43650487, -0.23080792, 0.2589603), (0.48285687, -0.102321744, 0.25929582), (0.4794927, -0.11428431, 0.2592353), (0.4758543, -0.13534454, 0.25857297), (0.47751993, 0.085095555, 0.25681633), (0.4810662, 0.098395474, 0.25855124), (0.33087516, -0.363412, 0.2588445), (0.47707486, 0.116515025, 0.258494), (0.47030246, 0.14135432, 0.25848675), (0.23301147, -0.43469104, 0.25869143), (0.48431116, 0.09616845, 0.25847828), (0.48118156, 0.11714921, 0.25784785), (0.4730175, 0.15071161, 0.2577096), (0.49196145, 0.04954704, 0.2584439), (0.44560385, -0.21129686, 0.25906885), (0.45363426, -0.19470909, 0.25904486), (0.48685944, -0.08287959, 0.25888786), (0.34328526, -0.35337272, 0.2587036), (0.49127096, -0.053048383, 0.25844973), (0.46327138, 0.16116312, 0.25839797), (0.458367, 0.17530107, 0.2583523), (0.45688358, 0.18968214, 0.25803035), (0.46434343, 0.17116879, 0.25782803), (0.45145363, 0.19092269, 0.25806648), (0.44275707, 0.2073202, 0.2578805), (0.43980488, 0.21938561, 0.25819787), (0.19383799, -0.45528814, 0.25794894), (0.17336027, -0.4613277, 0.25829166), (0.1642836, -0.46117708, 0.25854802), (0.15901941, -0.46992886, 0.25779775), (0.1408435, -0.46984634, 0.25817), (0.13964084, -0.47380108, 0.25808692), (0.11004053, -0.47600666, 0.25860307), (0.49536642, 0.0021080587, 0.25813353), (0.4396353, 0.20462394, 0.25666535), (0.42918882, 0.23794632, 0.25816396), (0.44268292, 0.2226192, 0.2575495), (0.43116722, 0.24497657, 0.25731698), (0.41464958, 0.26207745, 0.25833294), (0.45281503, 0.20193283, 0.25733677), (0.41283897, 0.27490225, 0.25745517), (0.3977028, 0.28680998, 0.258338), (0.38662508, 0.30335692, 0.25844547), (0.17948167, -0.4622831, 0.25715634), (0.14258237, -0.46409053, 0.25655767), (0.16391101, -0.45599622, 0.256546), (0.11598085, -0.48248777, 0.25714758), (0.10230703, -0.48112145, 0.25852025), (0.08456946, -0.48287126, 0.25845256), (0.0834778, -0.48870134, 0.25775114), (0.03697796, -0.48808548, 0.2584837), (0.051531382, -0.49152967, 0.25734276), (0.021424973, -0.49114844, 0.25854033), (-0.037687555, -0.4898018, 0.2585931), (-0.037886944, -0.49443704, 0.25704947), (0.013566944, -0.49613976, 0.25688043), (-0.057615187, -0.48635888, 0.25850427), (-0.088070765, -0.48759982, 0.25796944), (-0.09149109, -0.48269778, 0.25851148), (-0.11727288, -0.47914246, 0.25833258), (-0.11476299, -0.47652584, 0.2584321), (-0.15168567, -0.47224864, 0.25799215), (-0.14579827, -0.4693335, 0.25813505), (-0.16826873, -0.4615928, 0.25875655), (-0.18896139, -0.45647192, 0.25836352), (-0.1860138, -0.45367333, 0.25828075), (-0.20786706, -0.4443156, 0.25843492), (-0.21265279, -0.44493836, 0.2584914), (-0.2355375, -0.42967537, 0.25851858), (-0.22738206, -0.4383836, 0.2587134), (-0.2442709, -0.42838076, 0.25854352), (-0.25822368, -0.4182879, 0.25898284), (-0.031148398, -0.4830919, 0.25628832), (0.39177823, -0.30753553, 0.25656164), (-0.087867066, -0.47712213, 0.25630093), (-0.07342898, -0.47851333, 0.25618443), (-0.11144802, -0.47118488, 0.25612116), (-0.27490053, -0.4086742, 0.2585643), (0.20227711, -0.41239312, 0.23710562), (0.17064686, -0.42946896, 0.23884024), (0.30218568, 0.39577886, 0.25684598), (0.2879936, 0.4073335, 0.25459465), (0.27763468, 0.4126454, 0.25712118), (0.24984762, 0.43106523, 0.25669965), (0.23616396, 0.43726555, 0.2577717), (0.21112727, 0.44960627, 0.25769624), (0.19432798, 0.45752484, 0.2575848), (0.16469577, 0.46830156, 0.2578611), (0.25135264, 0.42617115, 0.2581111), (0.27650258, 0.40940234, 0.25809678), (0.30929825, 0.38831866, 0.2576988), (0.29505202, 0.3938733, 0.258251), (0.19905588, 0.45140192, 0.25820467), (0.17839722, 0.45943847, 0.258188), (0.22377256, 0.43761393, 0.25836843), (0.311091, 0.3800405, 0.25827694), (0.32590342, 0.37316367, 0.25728995), (0.32585004, 0.3672496, 0.25810984), (0.34427667, 0.34949282, 0.25811937), (0.35186902, 0.34885982, 0.25743097), (0.35772657, 0.3347327, 0.25822273), (0.3773292, 0.32167697, 0.25736046), (0.156949, 0.4666609, 0.25824678), (0.13771681, 0.4739716, 0.2582153), (0.2595913, 0.41565156, 0.25847808), (0.11936699, 0.48156682, 0.2578441), (0.24392927, 0.4255569, 0.25809893), (0.27913362, 0.40266266, 0.25824448), (0.374376, 0.3175864, 0.25830555), (0.20671575, 0.4447982, 0.2579442), (0.11802635, 0.4761994, 0.25804245), (0.10190311, 0.48014113, 0.25825888), (0.09937709, 0.4849247, 0.25808567), (0.08156453, 0.48516402, 0.25842965), (0.079143874, 0.48945096, 0.25790662), (0.043555044, 0.48936328, 0.258624), (0.040823888, 0.49374732, 0.25812268), (0.00061792356, 0.49144226, 0.25871658), (0.010117667, 0.4953107, 0.25827605), (-0.03335478, 0.4938546, 0.25831264), (-0.044035066, 0.4893031, 0.25850648), (-0.05618169, 0.4925067, 0.25770944), (-0.07290134, 0.48616844, 0.25844777), (-0.0975786, 0.48660955, 0.25779212), (-0.09686498, 0.4824657, 0.25865224), (-0.11343031, 0.47842935, 0.2586838), (-0.13900617, 0.47725075, 0.25766978), (-0.1411277, 0.47186902, 0.2583048), (-0.16685909, 0.46313977, 0.25873798), (0.18142894, 0.4502856, 0.25634688), (0.1600311, 0.45883787, 0.25677177), (0.12289405, 0.46943733, 0.25643975), (0.08209872, 0.4782253, 0.256714), (0.09847556, 0.47453198, 0.2566054), (0.14045367, 0.46452838, 0.2563508), (-0.13362998, 0.46576518, 0.25617167), (-0.112030596, 0.47126675, 0.25658315), (-0.026091278, 0.48299947, 0.25649217), (-0.0012788, 0.4839082, 0.25648633), (0.041422606, 0.48228323, 0.25669605), (0.2015068, 0.4412707, 0.25657445), (0.28377932, 0.39215055, 0.2564823), (-0.18571053, 0.45585606, 0.2582406), (-0.19745474, 0.45335332, 0.25833586), (-0.20234625, 0.44667354, 0.25810963), (-0.22023831, 0.44029212, 0.25840715), (-0.24464685, 0.4266819, 0.2581019), (-0.26330855, 0.41533956, 0.2584122), (-0.2855738, 0.4053458, 0.2579408), (-0.28199703, 0.40045843, 0.25779775), (-0.2968467, 0.3937321, 0.25811353), (-0.30650952, 0.38622135, 0.2583451), (-0.28527623, 0.39175624, 0.25610334), (-0.31992614, 0.3738377, 0.25840017), (-0.3259725, 0.3723808, 0.25773674), (-0.34173828, 0.35820162, 0.25769243), (-0.34023437, 0.35455424, 0.2581826), (-0.3541836, 0.34613007, 0.25782213), (-0.35423478, 0.33997157, 0.25829908), (-0.3604112, 0.33997217, 0.2575893), (-0.3694294, 0.32424164, 0.2584299), (-0.3708559, 0.3279208, 0.25766596), (-0.38282043, 0.31440303, 0.2580102), (-0.38044375, 0.3111693, 0.2581243), (-0.39901188, 0.29596382, 0.2573779), (-0.40017197, 0.28878516, 0.25799325), (-0.39875445, 0.28480956, 0.25774932), (-0.41165823, 0.2772958, 0.25763324), (-0.41611844, 0.26129022, 0.25812367), (-0.4312476, 0.23819204, 0.25825492), (-0.437081, 0.22560756, 0.25837734), (-0.4455071, 0.21546245, 0.25824317), (-0.44771534, 0.20097145, 0.25791767), (-0.45536426, 0.19586731, 0.25802174), (-0.45917708, 0.18150388, 0.2581126), (-0.4625168, 0.18193103, 0.2575677), (-0.46811533, 0.16608325, 0.257804), (-0.46279356, 0.16804889, 0.25813848), (-0.47060704, 0.15052988, 0.25820217), (-0.4741816, 0.149374, 0.25759473), (-0.4785899, 0.13201097, 0.2576633), (-0.47526646, 0.13070807, 0.2581818), (-0.48059666, 0.11797938, 0.25807884), (-0.47877726, 0.109177224, 0.25799257), (-0.48405126, 0.108958915, 0.2578478), (-0.48449877, 0.091984525, 0.25822163), (-0.48787826, 0.09374727, 0.2575953), (-0.48838067, 0.06607752, 0.2584272), (-0.48469177, 0.05513724, 0.25773507), (-0.489037, 0.003323262, 0.25807768), (-0.4922371, 0.047198385, 0.2581243), (-0.49252582, 0.014425876, 0.2583865), (-0.49211997, -0.033247594, 0.25832736), (-0.48835477, -0.044829976, 0.2584955), (-0.49201038, -0.056901366, 0.2577096), (-0.4871315, -0.07595475, 0.2584059), (-0.45528093, 0.17109735, 0.25642425), (-0.49655062, 0.0043952498, 0.25755465), (-0.48467326, -0.052401233, 0.25778356), (-0.4787928, -0.081209816, 0.25676116), (-0.47889435, 0.08132362, 0.25653774), (-0.46401474, 0.14743942, 0.25651672), (-0.4689543, 0.12647466, 0.2564052), (-0.48062372, -0.099427104, 0.25833127), (-0.47614816, -0.10303454, 0.2574974), (-0.4847202, -0.10020663, 0.25827888), (-0.47428733, -0.13270125, 0.25848994), (-0.4700424, -0.16079791, 0.25772265), (-0.4658116, -0.15868518, 0.2584853), (-0.4606034, -0.17182979, 0.2585731), (-0.46045813, -0.18855232, 0.25740263), (-0.4497764, -0.20166193, 0.2583439), (-0.45048988, -0.19331099, 0.25820747), (-0.43847874, -0.20627344, 0.2563961), (-0.45412955, -0.2014429, 0.2574355), (-0.43577638, -0.22603115, 0.2584133), (-0.4322295, -0.24096477, 0.2581532), (-0.42098323, -0.2510241, 0.25832286), (-0.3990753, -0.28924507, 0.25824526), (-0.41495726, -0.26720172, 0.25822517), (-0.40756986, -0.2714033, 0.25832203), (-0.39128384, -0.2940231, 0.25825956), (-0.3748139, -0.3149623, 0.25849253), (-0.36912882, -0.3266988, 0.25856408), (-0.35335287, -0.3397886, 0.25843972), (-0.3459488, -0.35218695, 0.25850135), (-0.33583933, -0.35697323, 0.25844735), (-0.309768, -0.38405108, 0.2585964), (-0.31805614, -0.37211362, 0.25835043), (-0.30070105, -0.3871885, 0.2584521), (-0.29466233, -0.39438257, 0.2584985), (-0.27353272, -0.40553433, 0.25839671), (-0.23205861, 0.42526454, 0.25630257), (-0.2463001, 0.41684914, 0.25621676), (0.21462043, 0.4344104, 0.25624323), (0.22899741, 0.42688307, 0.25634697), (-0.41639066, 0.24822523, 0.2563528), (-0.40522853, 0.26557982, 0.25621015), (-0.42755917, 0.22975238, 0.25634748), (-0.38198662, 0.298839, 0.25630853), (-0.3717971, 0.3106794, 0.2561438), (-0.3949823, 0.2809016, 0.25623503), (-0.17647779, 0.4509553, 0.2559688), (-0.30177855, 0.37969106, 0.25618532), (-0.46188867, -0.14844367, 0.25640577), (0.24557655, 0.41723475, 0.25633118), (-0.4206699, -0.26439464, 0.2572719), (-0.21298212, 0.43482345, 0.25608802), (-0.19338167, 0.44488978, 0.25640768), (-0.4752453, 0.100414984, 0.25645328), (-0.46813148, -0.12895635, 0.25649685), (-0.08922306, 0.47714537, 0.2566447), (-0.053831402, 0.4810156, 0.2565066), (-0.2659028, 0.4043228, 0.25606656), (-0.47195974, -0.10984209, 0.25638285), (-0.43764257, 0.21000166, 0.25644702), (-0.4470797, 0.1907523, 0.2565083), (-0.31187844, 0.371365, 0.25622207), (-0.32713223, 0.35706612, 0.25576797), (0.2667528, 0.4022744, 0.25589573), (0.37481287, 0.30709216, 0.25636235), (-0.45066717, 0.20943709, 0.2575632), (-0.45438725, -0.16891728, 0.25636515), (-0.361275, 0.3216755, 0.2558801), (-0.3511839, 0.33293706, 0.25596663), (-0.3419928, 0.3439556, 0.25604776), (-0.14963059, 0.46126923, 0.25623503), (-0.44773734, -0.18743078, 0.25648317), (-0.48455766, 0.0024005533, 0.25646147), (-0.48213506, 0.050556578, 0.256515), (-0.32448444, -0.35856512, 0.25585392), (-0.3436251, -0.3428959, 0.2562855), (-0.35734725, -0.325916, 0.25585622), (-0.37497002, -0.30670518, 0.2562619), (-0.48315164, 0.014138047, 0.2558701), (-0.36690214, 0.2974433, 0.24726361), (-0.3808803, 0.28125924, 0.24816512), (0.1840675, 0.4394962, 0.2500589), (0.16558096, 0.4441642, 0.24801737), (-0.18014885, 0.4368463, 0.24701373), (-0.43153286, 0.20373487, 0.25027177), (-0.45280716, 0.14341296, 0.2475286), (-0.462315, 0.109455906, 0.24831842), (-0.088242866, 0.4676472, 0.24946013), (-0.4640095, 0.07255903, 0.24416625), (-0.13880289, 0.45367083, 0.24774492), (-0.10658992, 0.46292046, 0.24924466), (-0.047067452, 0.46842802, 0.24569575), (-0.13338661, 0.1491464, 0.2545361), (-0.12485328, 0.17299834, 0.25450143), (-0.09651615, 0.18121958, 0.25449786), (-0.11999935, 0.20209329, 0.25525644), (-0.1499411, 0.17950699, 0.25523838), (-0.070544355, 0.20911148, 0.2547387), (-0.06631703, 0.24496397, 0.2551552), (-0.14821793, 0.15779626, 0.25489005), (-0.14409234, 0.13449495, 0.25480714), (-0.19915414, 0.07972001, 0.25472498), (-0.24604155, 0.08472134, 0.25520876), (-0.21211678, 0.11876315, 0.2551104), (-0.24389118, 0.03665373, 0.255095), (-0.27191523, 0.043977328, 0.25521505), (-0.2694848, 0.011099727, 0.2547253), (-0.26311344, -0.0027712574, 0.25451106), (-0.23386732, 0.015539915, 0.25496367), (-0.27467057, -0.0065599936, 0.25459757), (-0.28324407, 0.0029448858, 0.25482938), (-0.29965532, 0.025165984, 0.25526175), (-0.22240631, 0.039629456, 0.25479335), (-0.18398796, 0.14482057, 0.25515625), (-0.21217313, 0.16419058, 0.2550551), (-0.18981054, 0.19882701, 0.25518572), (-0.15281212, 0.2244265, 0.25511813), (-0.10880577, 0.2337466, 0.25511798), (-0.10368406, 0.25841177, 0.2547526), (-0.05656471, 0.27069825, 0.25482306), (-0.017806591, 0.26702136, 0.25546473), (-0.17544594, 0.12716934, 0.25502655), (-0.24624708, 0.1277434, 0.25500825), (-0.2998938, 0.058094975, 0.25486696), (-0.1605395, 0.11618108, 0.2546285), (-0.058399126, 0.23783138, 0.25508898), (-0.037390523, 0.25336266, 0.2553403), (-0.23284537, 0.16847113, 0.2546777), (-0.25861892, 0.13831016, 0.25452924), (-0.27351782, 0.12292205, 0.25442266), (-0.22391628, 0.19706716, 0.25443247), (-0.20068617, 0.21837637, 0.2544981), (-0.15340282, 0.24807312, 0.25444177), (-0.048569016, 0.22763036, 0.25466585), (-0.06054039, 0.1993675, 0.25508192), (-0.21712545, 0.032240916, 0.25497428), (-0.20597379, 0.046622615, 0.25476146), (-0.19546837, 0.06526754, 0.254805), (-0.0057775956, 0.24449196, 0.2544642), (-0.039726254, 0.21653295, 0.25479308), (-0.01921078, 0.23227918, 0.25468713), (-0.01425127, 0.22033173, 0.25478882), (0.0020488547, 0.2340233, 0.25473413), (0.030638985, 0.23897874, 0.25499305), (-0.04723911, 0.2034905, 0.25505996), (-0.30028206, -0.030301305, 0.25543848), (-0.30048642, 0.0016426677, 0.25548318), (-0.26015228, 0.16163723, 0.25374928), (-0.0036513398, 0.25615504, 0.25459996), (0.03361874, 0.2629592, 0.2542086), (0.060122278, 0.25404137, 0.25502697), (-0.07925686, 0.28048483, 0.2541814), (-0.03899888, 0.2897028, 0.2542309), (-0.0011678152, 0.27837387, 0.2552714), (0.01266841, 0.28087828, 0.25544536), (-0.12698998, 0.2670319, 0.25391918), (-0.22737703, 0.21329185, 0.2537442), (-0.31346694, -0.005367349, 0.2548015), (-0.30220076, -0.043318234, 0.2552241), (-0.3138933, 0.03861882, 0.25407416), (-0.16950972, 0.25191563, 0.25374234), (-0.109178014, 0.2839004, 0.25329274), (-0.07943175, 0.18562609, 0.2549731), (-0.29559827, 0.09950774, 0.2538797), (-0.30938292, 0.07818496, 0.25300777), (-0.024606489, 0.20881532, 0.25575987), (-0.27961966, -0.026494486, 0.25376013), (-0.27257574, -0.052915912, 0.25318995), (-0.25398186, -0.063707165, 0.2532702), (-0.26514083, -0.07765469, 0.25260955), (-0.2722765, -0.07962908, 0.25281093), (-0.24844496, -0.085534684, 0.25307146), (-0.24815686, -0.10486872, 0.25260893), (-0.22766691, -0.12137086, 0.25220168), (-0.25163922, -0.14629135, 0.25320897), (-0.25957248, -0.122308575, 0.2533006), (-0.22588773, -0.114774406, 0.25234297), (-0.2121617, -0.1328638, 0.25193667), (-0.23767675, -0.14951459, 0.2524651), (-0.21793051, -0.1502078, 0.25222313), (-0.28337425, -0.04969758, 0.2537411), (-0.19821815, -0.13744839, 0.25120994), (-0.19797431, -0.15089408, 0.25150168), (-0.18305568, -0.1386644, 0.25060898), (0.03850411, 0.2724334, 0.25449672), (0.078312084, 0.2647349, 0.25369638), (0.0811942, 0.28797877, 0.2545497), (0.12212321, 0.26998183, 0.25354022), (0.11042955, 0.28640512, 0.2542825), (0.13786224, 0.28242677, 0.25378934), (0.03892035, 0.28573292, 0.25542024), (0.15286675, 0.27505216, 0.2539775), (-0.23374343, -0.17856672, 0.25340316), (-0.20562047, -0.17818585, 0.25281963), (-0.23675402, -0.20589012, 0.25439882), (-0.20614819, -0.20785126, 0.25369263), (-0.22206302, -0.22933228, 0.2543612), (-0.2484822, -0.20551483, 0.25415236), (-0.25443363, -0.18443657, 0.25472128), (-0.19780506, -0.23737246, 0.2535427), (-0.19991446, -0.24577993, 0.25368625), (-0.17975707, -0.25412807, 0.25300792), (-0.25311875, -0.17345907, 0.25449148), (-0.26856938, -0.17062543, 0.25418663), (-0.26700923, -0.1602427, 0.2546282), (-0.2721932, -0.14467472, 0.25453112), (-0.27371454, -0.12560019, 0.25429592), (-0.28385794, -0.12717141, 0.2546784), (-0.29849684, -0.09518483, 0.25477743), (-0.28805232, -0.089002475, 0.25439933), (-0.17279106, -0.15356149, 0.24992967), (-0.15347283, -0.13953455, 0.24910887), (-0.15633093, -0.122557476, 0.24890064), (-0.28699866, -0.14160886, 0.25376582), (-0.29716247, -0.11433204, 0.25430366), (-0.19390388, -0.2034445, 0.2528417), (-0.1817515, -0.17528112, 0.25096473), (-0.18055207, -0.26842454, 0.2520274), (-0.14532539, -0.15496269, 0.24810338), (-0.15928939, -0.17131947, 0.24838199), (-0.11454383, -0.15345536, 0.24671693), (-0.13541564, -0.13563885, 0.24850059), (-0.09736566, -0.13745226, 0.24654724), (-0.107271835, -0.12632659, 0.24683195), (-0.086968474, -0.13254277, 0.24641214), (-0.15970218, -0.2711513, 0.25232837), (-0.15182629, -0.28341755, 0.2518146), (-0.13549167, -0.28390628, 0.2511836), (-0.13173127, -0.2943655, 0.2512349), (-0.11285199, -0.29509276, 0.2503235), (-0.108326614, -0.30714235, 0.25035918), (-0.23932655, -0.095668875, 0.25346443), (-0.09897771, -0.30284846, 0.2495435), (-0.084595524, -0.31969312, 0.24896306), (-0.08255415, -0.31093147, 0.24874723), (-0.06618149, -0.3179515, 0.24838144), (-0.04883284, -0.32997715, 0.24797554), (-0.048209198, -0.32494077, 0.24778946), (-0.010118923, -0.327557, 0.24719386), (-0.05521741, -0.33300635, 0.24782048), (-0.0050405194, -0.33169234, 0.24783632), (-0.010126069, -0.34072018, 0.2471144), (0.019386249, -0.34007496, 0.24754958), (0.032021187, -0.3318409, 0.24805781), (0.14748174, 0.25901726, 0.25258067), (0.13016798, 0.2611332, 0.25335947), (0.09378849, 0.2625144, 0.2539401), (0.1583278, 0.24404442, 0.25209704), (0.16105317, 0.24632835, 0.2519075), (0.17479838, 0.23310366, 0.25173044), (0.19105996, 0.24155416, 0.25276878), (0.19540434, 0.22450106, 0.2527068), (0.21939152, 0.21467155, 0.25401938), (0.21171093, 0.23540998, 0.25383326), (0.22964163, 0.22472242, 0.2532757), (0.23841482, 0.20067348, 0.2537553), (0.22606511, 0.20458257, 0.25378913), (0.20082283, 0.24835664, 0.25417638), (0.24152552, 0.19291975, 0.25344217), (0.18133706, 0.22519702, 0.2520372), (0.25806326, 0.19277734, 0.2521285), (0.25644636, 0.1774752, 0.25252536), (-0.2876203, 0.12789667, 0.25310844), (-0.13844374, -0.17564112, 0.24616913), (-0.12799954, -0.18986599, 0.2447032), (-0.11837675, -0.18150964, 0.2447932), (-0.08894833, -0.17394073, 0.24387045), (-0.12903471, -0.20273471, 0.24429955), (-0.09284434, -0.2003497, 0.24248286), (-0.082084246, -0.20938656, 0.24152942), (-0.04824135, -0.19237354, 0.24069889), (-0.05346089, -0.20788679, 0.24086393), (-0.044868875, -0.20505278, 0.24091777), (-0.110773005, -0.22609784, 0.24359678), (-0.12860015, -0.2245636, 0.24454121), (-0.08775784, -0.22061071, 0.24210282), (-0.023490727, -0.19607675, 0.23970307), (-0.0066261212, -0.17625725, 0.2382207), (-0.041749775, -0.17990708, 0.24058981), (-0.0125932265, -0.15223438, 0.23892377), (-0.06135841, -0.13609734, 0.24300164), (-0.068288594, -0.16410525, 0.24298301), (-0.07702753, -0.13879013, 0.24428853), (0.012746632, -0.15786773, 0.23790333), (0.01434059, -0.17065927, 0.23812893), (0.042993434, -0.15854311, 0.23879702), (0.050571557, -0.15094484, 0.23886323), (-0.029376393, -0.14155805, 0.24067898), (0.01351686, -0.1438855, 0.239122), (0.046993025, -0.14103565, 0.23925973), (0.08464744, -0.14146811, 0.23940422), (0.023589265, -0.13902411, 0.2391367), (0.08128095, -0.12847392, 0.2402353), (0.10643697, -0.133174, 0.23929545), (0.10997782, -0.112807736, 0.24082015), (0.129429, -0.1196876, 0.24031673), (0.13686384, -0.098069824, 0.24167171), (0.15882547, -0.1263623, 0.24084961), (0.15278925, -0.08859964, 0.24221186), (0.17519763, -0.12452764, 0.24065557), (0.16765015, -0.098724805, 0.24128371), (0.16630532, -0.080195345, 0.24133852), (0.16631193, -0.12952925, 0.24102762), (0.15079969, -0.069751985, 0.24227071), (0.16920027, -0.06142338, 0.24139588), (0.12496297, -0.09622214, 0.24125178), (0.096113935, -0.106510386, 0.24180657), (0.111028634, -0.085736334, 0.24127224), (0.12905313, -0.08371586, 0.24109313), (0.07017171, -0.111209996, 0.2431062), (-0.17681596, -0.1283203, 0.2504867), (-0.19007698, -0.13357225, 0.25149882), (0.17755318, -0.1431127, 0.24177332), (0.12896149, -0.14692421, 0.24096707), (0.04509902, -0.12807764, 0.24030909), (0.063685104, -0.12491082, 0.24097298), (-0.14289731, -0.21108861, 0.24569267), (-0.15669326, -0.18329407, 0.24789044), (0.0049378294, -0.1476256, 0.23927456), (0.046447225, -0.323905, 0.24790937), (0.08383229, -0.3098409, 0.24805267), (0.17057784, -0.047446832, 0.24235766), (0.0977446, -0.2995287, 0.24729627), (0.075532064, -0.3019642, 0.2475531), (0.083649985, -0.28879347, 0.24757332), (0.09304446, -0.2840829, 0.24801922), (0.07278343, -0.2881061, 0.24731027), (0.07825841, -0.27615568, 0.24728516), (0.06865113, -0.26244023, 0.24834861), (0.08509565, -0.26794714, 0.24823852), (0.08877268, -0.2514947, 0.24837293), (0.11993525, -0.2958898, 0.2479877), (0.12254005, -0.28880087, 0.24771097), (0.112527184, -0.28017232, 0.24815674), (0.10205548, -0.29108444, 0.2483988), (0.11782078, -0.26131973, 0.2479943), (0.12965587, -0.26170656, 0.24785726), (0.10368789, -0.26146626, 0.24838658), (0.1402881, -0.28686008, 0.24790208), (0.13639377, -0.24981044, 0.24808028), (0.112112895, -0.22274132, 0.24756914), (0.121983014, -0.23118147, 0.24699387), (0.15389496, -0.27634495, 0.24775632), (0.1473102, -0.25400046, 0.24731903), (0.17277376, -0.26827666, 0.24793164), (0.19056651, -0.27360922, 0.24843872), (0.16299516, -0.26637506, 0.24821506), (0.18553539, -0.2575294, 0.24856266), (0.17317814, -0.23945431, 0.24864773), (0.2120652, -0.25642955, 0.24894951), (0.19921103, -0.22896951, 0.24883762), (0.22992551, -0.23909432, 0.24909313), (0.22607613, -0.2205333, 0.24876466), (0.24476965, -0.22383392, 0.24899293), (0.25391027, -0.20471074, 0.24897443), (0.26914212, -0.1840123, 0.2491633), (0.18277067, -0.22357729, 0.24801491), (0.20167874, -0.2055135, 0.24809738), (0.21347305, -0.19680925, 0.2479473), (0.15276526, -0.25447014, 0.24790016), (0.10083142, -0.20343213, 0.24676894), (0.097739704, -0.22840044, 0.24732777), (0.16926938, -0.25440598, 0.24752194), (0.15646641, -0.2223257, 0.24728714), (0.1682559, -0.22778864, 0.24722137), (0.14877686, -0.2162113, 0.24718323), (0.14447509, -0.21684544, 0.246771), (0.13834628, -0.22130652, 0.24727167), (0.12524845, -0.21495934, 0.24702388), (0.16970548, -0.18174478, 0.24593034), (0.1723452, -0.19073832, 0.24667053), (0.19358459, -0.21213092, 0.24800935), (0.07325526, -0.24883792, 0.24773005), (0.082852654, -0.23810598, 0.24814557), (0.08901806, -0.22749868, 0.24824147), (0.063283555, -0.24088618, 0.24862443), (0.06987728, -0.22916342, 0.24872288), (0.05631646, -0.22565411, 0.24860191), (0.039880272, -0.23983729, 0.24961612), (0.025351942, -0.22433536, 0.2503602), (0.013537811, -0.22828698, 0.25043386), (0.060216654, -0.20481548, 0.24808623), (0.049800485, -0.2221818, 0.2490967), (-0.000446161, -0.22325271, 0.25022218), (0.005342025, -0.20842308, 0.2504595), (-0.024331179, -0.21454625, 0.25121224), (0.05792976, -0.3182603, 0.2476424), (0.09959268, -0.273963, 0.24756959), (0.14327298, -0.19776306, 0.24601875), (0.12127991, -0.1948785, 0.24584042), (0.25637737, -0.19582778, 0.24868155), (0.15518339, -0.19093594, 0.2455921), (0.1428238, -0.1699148, 0.24366188), (0.049973913, -0.20207787, 0.24798791), (0.19420254, -0.17280501, 0.24526379), (0.23946927, -0.18377288, 0.24734345), (0.2205818, -0.20898966, 0.24827847), (0.25994247, -0.17508128, 0.24808577), (-0.026824616, -0.22144537, 0.25054973), (-0.04608131, 0.30260864, 0.25321725), (-0.091097765, 0.2971027, 0.25259155), (0.008428794, 0.30500856, 0.2532944), (0.20259643, -0.18643887, 0.24694735), (-0.31384358, -0.052550912, 0.25418988), (-0.2489111, 0.0018107224, 0.25496042), (-0.25200403, -0.009016904, 0.25498068), (-0.25346196, -0.021817662, 0.25482383), (-0.24766138, -0.05063709, 0.25442633), (-0.0044978503, -0.18982095, 0.239248), (0.21763657, -0.18426557, 0.24660087), (0.059829164, -0.25962976, 0.24834707), (0.070521384, -0.27480593, 0.24772175), (0.18676707, -0.13012765, 0.24034876), (0.18706085, -0.114448585, 0.2398209), (0.21234713, -0.13195513, 0.24051005), (-0.12769799, -0.24136329, 0.24562499), (-0.1395572, -0.23659782, 0.24596123), (-0.17842971, -0.21038505, 0.2512595), (-0.17293672, -0.23822571, 0.25092754), (0.16763315, 0.26363346, 0.25430754), (0.18146, 0.26091096, 0.25437614), (-0.100578986, -0.31608066, 0.24937057), (0.18893138, -0.11068913, 0.23909612), (-0.09591758, -0.23167089, 0.2433615), (-0.07744815, -0.22329846, 0.24250387), (0.12097649, -0.1758907, 0.2440208), (0.09436888, -0.16846868, 0.24308577), (0.09439095, -0.18649392, 0.24510829), (0.09617422, -0.20413427, 0.2461196), (0.08764949, -0.20662251, 0.24726084), (0.07384032, -0.18821456, 0.24544793), (0.07171842, -0.19573951, 0.24608733), (0.055777494, -0.19296688, 0.24612357), (0.28117836, 0.17057298, 0.2498761), (0.28609696, 0.1479948, 0.24982184), (0.054899566, -0.20126438, 0.24733865), (-0.081347585, -0.121144876, 0.24787886), (0.13032195, -0.059636433, 0.24008773), (0.116837315, -0.07453468, 0.23962317), (0.10652518, -0.08104108, 0.24060352), (0.14898826, -0.051345736, 0.240995), (0.13816243, -0.045051225, 0.24055132), (0.123305514, -0.054744545, 0.23974788), (0.15931903, -0.04262911, 0.2403867), (0.09652941, -0.089031436, 0.24275725), (-0.20936835, 0.25500545, 0.2513809), (-0.22918943, 0.24071617, 0.25138375), (-0.1610507, 0.28047192, 0.25137037), (0.17165378, -0.16808751, 0.24446914), (0.2124169, -0.16422896, 0.2445785), (0.23500615, -0.16329761, 0.24535663), (0.2685915, -0.16328174, 0.248201), (0.023137059, -0.32671303, 0.24723902), (-0.0773937, -0.12742072, 0.24706529), (-0.059608173, -0.119062565, 0.24647394), (-0.06249373, -0.12525304, 0.24609463), (0.1925675, 0.2132564, 0.25128636), (0.20074226, 0.21201755, 0.25132307), (0.20260276, 0.20077498, 0.24999268), (0.21054439, 0.20093939, 0.24984685), (0.08343576, -0.16225185, 0.24202833), (0.06438592, -0.16836786, 0.24244915), (-0.008782694, -0.20630799, 0.2502701), (-0.064726114, -0.31296054, 0.24906273), (-0.044599947, -0.12759429, 0.24417476), (-0.038340155, -0.116416246, 0.24374984), (-0.026283773, -0.12860265, 0.24290809), (-0.02378386, -0.108423315, 0.24292754), (-0.0104262205, -0.12883961, 0.24297221), (-0.014946827, -0.10418763, 0.24354002), (-0.02682324, -0.1360379, 0.24199252), (0.055288322, 0.30832002, 0.25260612), (0.023884328, 0.31341228, 0.25220418), (-0.2520337, 0.2154398, 0.2513065), (-0.26277733, 0.18170083, 0.25231594), (-0.26332125, -0.19268705, 0.25311193), (-0.2761346, -0.17377263, 0.2529311), (-0.038766198, -0.22201496, 0.25154102), (-0.05384307, -0.22354622, 0.25194526), (-0.06264345, -0.23086156, 0.2517978), (-0.07250403, -0.22710836, 0.25097114), (0.0013250448, -0.1379575, 0.24150103), (-0.2008655, -0.2552505, 0.25239995), (-0.22201715, -0.24134758, 0.25271425), (-0.0045880075, 0.21982904, 0.25557944), (0.015819082, 0.23055571, 0.25567424), (-0.032278787, 0.31532675, 0.25170577), (-0.058801793, 0.31487927, 0.2511773), (-0.28291035, 0.15172622, 0.25179276), (-0.30791, -0.089719445, 0.25372657), (0.09627813, 0.30236244, 0.2522806), (0.2286068, -0.14459851, 0.24251159), (0.08630426, -0.097326316, 0.24380952), (0.08665149, -0.08702199, 0.24399576), (0.07768178, -0.10583495, 0.24382505), (0.0125375455, -0.23347838, 0.249621), (-0.0037282046, -0.23603414, 0.2484122), (-0.1532484, -0.24882571, 0.24927314), (-0.23853594, -0.22618496, 0.25301862), (-0.02660191, -0.23066859, 0.24699327), (-0.04441583, -0.23627093, 0.24652445), (-0.024853747, -0.24122508, 0.24796273), (-0.03872883, -0.25035074, 0.246957), (-0.06526424, -0.24786925, 0.2461112), (-0.053828042, -0.26112866, 0.24642614), (-0.032780636, -0.25705338, 0.24669112), (-0.04159748, -0.27715477, 0.24675643), (-0.05156144, -0.28437743, 0.24817637), (-0.06680569, -0.26527604, 0.24791184), (-0.06940419, -0.27500978, 0.24856736), (-0.0640413, -0.30094874, 0.24843514), (-0.047849245, -0.3035869, 0.24804895), (-0.07591321, -0.29269278, 0.24850868), (-0.10005602, -0.27249497, 0.24967656), (-0.027934331, -0.311981, 0.24689743), (-0.091962375, -0.26491538, 0.24866389), (-0.036613286, -0.28813195, 0.24665472), (-0.031170897, -0.29636288, 0.24653894), (-0.02287114, -0.30514467, 0.24604991), (-0.01896952, -0.2986806, 0.24588859), (-0.0063826866, -0.3022786, 0.24551147), (-0.008851379, -0.3115625, 0.24504052), (0.027040742, -0.30445942, 0.24398172), (0.026004558, -0.3183326, 0.24368446), (0.040188238, -0.31446296, 0.24403192), (0.05361919, -0.30518275, 0.2440444), (0.041889288, -0.29385594, 0.24345751), (0.044071585, -0.28895113, 0.24330755), (-0.07822741, -0.25200775, 0.24674879), (-0.07666373, -0.30584422, 0.25023818), (-0.0060052644, -0.31926048, 0.24391745), (-0.094375424, -0.29748902, 0.25162637), (-0.117438465, -0.2859755, 0.25248834), (-0.14075583, -0.2730912, 0.25377634), (-0.11710726, -0.27368858, 0.2525826), (-0.12559374, -0.26216075, 0.25318477), (-0.10497162, -0.28450042, 0.25183862), (-0.11707112, -0.2611133, 0.25298747), (-0.15532771, -0.26648504, 0.2539062), (-0.11273405, -0.25458556, 0.2526143), (-0.09268126, -0.24127962, 0.25214782), (-0.09383713, -0.24943687, 0.25203), (-0.07885597, -0.23506762, 0.25195485), (-0.10966637, -0.26718432, 0.2514145), (0.008049609, -0.2030765, 0.24968795), (0.027124604, -0.20384139, 0.24885245), (-0.32142985, 0.002933185, 0.25358075), (0.06377564, -0.30247977, 0.24590208), (0.0460486, -0.27620277, 0.24452417), (-0.3214264, -0.029074028, 0.25339752), (-0.0364899, -0.32012635, 0.24601854), (-0.23084152, -0.104289874, 0.25318506), (-0.11473337, -0.24389607, 0.24563073), (0.01032953, -0.18328589, 0.23942152), (0.16929507, -0.03814668, 0.23965117), (-0.09474517, -0.26202083, 0.24932049), (0.24855006, -0.1530392, 0.24472901), (0.26939055, -0.14646903, 0.24534681), (0.28996205, 0.17053942, 0.24839328), (0.3045773, 0.14116514, 0.24747983), (0.30327883, 0.121505186, 0.24880521), (0.28346768, 0.14226843, 0.24907759), (0.26283094, 0.16672583, 0.25109017), (0.24313588, 0.22422877, 0.251418), (0.2309088, 0.2380026, 0.25155133), (0.037703402, -0.18275836, 0.24441418), (0.04381436, -0.16890119, 0.24144222), (0.01866241, -0.19783112, 0.24789478), (-0.08148689, -0.24262124, 0.2512523), (-0.121232174, -0.30923852, 0.24925782), (-0.16636954, -0.28998455, 0.24950568), (-0.1446886, -0.29991573, 0.24939296), (-0.1354471, 0.30283406, 0.2494511), (0.02720567, -0.16872899, 0.23898418), (0.21419933, 0.18943098, 0.24763201), (0.120980605, -0.061268833, 0.23870093), (0.10814479, -0.058146168, 0.2400135), (0.053482596, -0.11939921, 0.24256952), (0.20195377, -0.123340204, 0.23962067), (0.009159079, -0.30053926, 0.2440892), (0.03648255, -0.29662827, 0.24307348), (0.14526185, 0.24643844, 0.25339842), (0.12586568, 0.25468317, 0.25427577), (0.11191056, 0.25895315, 0.25423393), (-0.27759415, 0.18494618, 0.2499572), (-0.3064879, 0.12995978, 0.24990559), (0.27010706, 0.20082891, 0.24921145), (0.04303305, -0.26275375, 0.24569541), (0.041029308, -0.3181784, 0.24465694), (-0.0052097263, -0.11732506, 0.24445406), (-0.003025464, -0.10199671, 0.24560234), (-0.00018578111, -0.1275844, 0.24455146), (0.17964149, -0.09526782, 0.2388767), (-0.034916256, -0.21221115, 0.25049552), (0.008195387, -0.089996144, 0.2478755), (0.3158582, 0.12814978, 0.2460379), (0.31700668, 0.09075729, 0.24865021), (0.3091011, 0.10457693, 0.24846311), (0.29571235, 0.12438791, 0.24815029), (0.071902804, 0.2538626, 0.25568727), (0.05265455, 0.24356455, 0.25616843), (0.033255447, 0.23643021, 0.25557345), (-0.10817776, 0.314988, 0.24874212), (-0.07087056, 0.325369, 0.24877053), (-0.32321247, 0.04160792, 0.25229838), (0.010855379, 0.33203706, 0.24872541), (-0.042757817, 0.33024725, 0.2487215), (-0.05818173, -0.24156727, 0.24671565), (-0.18764293, -0.27729443, 0.24970077), (-0.1558046, -0.26240757, 0.25311637), (-0.07829188, -0.3269785, 0.2478022), (-0.3048926, -0.11692888, 0.25269544), (0.12636311, 0.30305463, 0.25005677), (0.025736827, -0.2491277, 0.24642225), (0.16951178, -0.042562984, 0.24145237), (0.18076007, -0.03855038, 0.24151914), (0.07333004, 0.3235102, 0.24892099), (0.100786164, 0.3156329, 0.24908648), (0.17877796, 0.26776448, 0.2532609), (-0.32174817, -0.060565423, 0.25226432), (-0.18969166, 0.2763391, 0.24945322), (-0.15984742, 0.29215813, 0.24934272), (-0.168745, -0.26018015, 0.2533629), (0.2073369, 0.25307783, 0.25248334), (0.17769375, -0.03587275, 0.24079469), (0.31196347, 0.14877212, 0.24527663), (0.30128086, 0.17346892, 0.24559803), (0.28887817, 0.19117574, 0.24636398), (-0.074517325, -0.33167106, 0.2464187), (0.22859445, -0.12788661, 0.23828691), (0.032918267, -0.25344285, 0.24603422), (0.18627717, -0.030562053, 0.24256852), (0.17984651, -0.057428304, 0.23897676), (0.18021624, -0.07917482, 0.2377634), (-0.22079161, -0.2541396, 0.25005445), (0.24915332, 0.23220631, 0.24904689), (0.2766772, 0.20643409, 0.24679221), (-0.2360752, 0.2428849, 0.24988836), (-0.04741534, -0.33719704, 0.24696976), (0.24571885, -0.14165634, 0.24085431), (0.2490412, -0.12738374, 0.23834847), (0.26750556, -0.13016507, 0.23980086), (0.2682891, -0.11411382, 0.2380441), (0.28027457, -0.117484905, 0.23953038), (0.28330034, -0.095361, 0.23844942), (0.292366, -0.099810176, 0.24003601), (0.29128695, -0.073512286, 0.23852925), (0.30129987, -0.0849301, 0.24027008), (0.30519494, -0.070114166, 0.23956665), (0.30106878, -0.054864515, 0.23776618), (0.3127739, -0.04802442, 0.23944652), (0.33012143, 0.07998495, 0.24626464), (0.32663992, 0.12082163, 0.2439153), (-0.29477987, -0.15883182, 0.25018048), (-0.13465156, -0.25722787, 0.2498423), (-0.26133466, -0.21554087, 0.25009006), (-0.26021302, 0.21740057, 0.24941446), (0.30004087, -0.045036778, 0.23640798), (0.29271618, -0.059905086, 0.23660272), (0.279892, -0.04737518, 0.23603815), (0.3005617, -0.009515928, 0.2363739), (0.24063875, -0.05413185, 0.2357871), (0.20722069, -0.046190213, 0.23556285), (0.20121577, -0.08593565, 0.23540802), (0.22321622, -0.10292814, 0.23549244), (0.2541081, -0.11347996, 0.23537648), (0.2832938, -0.07536349, 0.23549077), (0.24468897, -0.12014926, 0.23544168), (0.26787597, 0.002598806, 0.23578723), (0.28667417, -0.0712193, 0.23588352), (0.23039773, -0.0062178476, 0.2359192), (0.1900979, -0.049113013, 0.23570487), (0.18663469, -0.07775822, 0.23560624), (0.22216612, -0.015995521, 0.23569097), (0.19811599, -0.109170824, 0.23588943), (0.21706356, -0.11885456, 0.23604833), (0.18738423, -0.09349161, 0.23590267), (0.2441339, 0.00775117, 0.23635548), (0.26793805, 0.022830168, 0.23548174), (0.2919696, 0.0047375867, 0.23637265), (0.26211104, 0.027649423, 0.23617515), (0.2782423, -0.09353973, 0.23582107), (0.26623827, 0.039263688, 0.23688035), (0.2690688, -0.10534727, 0.2358648), (0.26113364, -0.11264004, 0.23572554), (0.2986122, 0.008741161, 0.23711133), (0.1956486, -0.03818967, 0.23618756), (0.3149968, -0.02167888, 0.23829184), (0.29646146, 0.02711128, 0.23906559), (0.28035325, 0.03817959, 0.23845178), (0.30282328, 0.049703274, 0.23995912), (0.27550647, 0.056773428, 0.23882918), (0.2832696, 0.08801233, 0.24037606), (0.2592979, 0.078374594, 0.2396864), (0.2677087, 0.12029521, 0.24166434), (0.251602, 0.10695023, 0.24118085), (0.24845184, 0.12714882, 0.24215981), (0.25527686, 0.14452702, 0.24332002), (0.24085192, 0.1525196, 0.24384558), (0.22475469, 0.12708166, 0.24258168), (0.22142555, 0.16644165, 0.24563257), (0.2343231, 0.11243186, 0.24070348), (0.22451687, 0.116805375, 0.24160706), (0.31343406, 0.046497565, 0.24088512), (0.31578526, 0.003052937, 0.23948994), (0.2844133, 0.111538425, 0.24223687), (0.27754462, 0.12638089, 0.24346988), (0.30198857, 0.078170575, 0.24158579), (0.29425237, 0.09610345, 0.24196883), (0.31168574, 0.06772244, 0.24208662), (0.23317507, 0.17005606, 0.24605641), (0.21922925, 0.17968513, 0.24669164), (0.26289737, 0.04468161, 0.23642649), (0.2119577, 0.12584709, 0.24400677), (0.2140961, 0.11091059, 0.2427847), (0.2019085, 0.10867278, 0.24532036), (0.19170178, 0.11198, 0.24607496), (0.19378282, 0.1257828, 0.24631406), (0.1812326, 0.11462893, 0.2458386), (0.17391628, 0.10064619, 0.2462646), (0.19267598, 0.08580389, 0.24754563), (0.1733994, 0.08402729, 0.2462308), (0.17031798, 0.06747, 0.24638428), (0.19059826, 0.055050697, 0.2475412), (0.1748765, 0.053243708, 0.24779883), (0.17497118, 0.037636433, 0.24846841), (0.20248191, 0.045119796, 0.24649724), (0.20105037, 0.058385048, 0.24689774), (0.19375733, 0.07559, 0.2470662), (0.19914418, 0.012681952, 0.24544449), (0.16236173, 0.024426084, 0.24920657), (0.23789829, 0.022355145, 0.24309154), (0.1494421, 0.041598465, 0.25063697), (0.14060467, 0.030022617, 0.25119722), (0.23704872, 0.042330287, 0.24334927), (0.15942436, 0.055744078, 0.24880378), (0.21884142, 0.00022684426, 0.24316831), (0.19769865, -0.003824258, 0.24449518), (0.1677186, -0.0023051538, 0.24732485), (0.15160526, 0.016535528, 0.24938132), (0.22750047, 0.04838641, 0.24382763), (0.19439332, -0.022266336, 0.2429504), (0.24835777, 0.03124588, 0.24174893), (0.1550317, -0.008787385, 0.2463313), (0.14083108, 0.019464096, 0.24981214), (0.1617166, -0.029890027, 0.24330585), (0.16853186, 0.0920836, 0.24706297), (0.16769661, 0.07600228, 0.24698581), (0.15418737, -0.024272189, 0.24399558), (0.15150863, 0.06232792, 0.25051793), (0.2568661, 0.06557634, 0.23787995), (0.25648835, 0.040684275, 0.23987778), (0.14109857, 0.004600009, 0.24671954), (0.24569076, 0.10543332, 0.24048375), (0.25369868, 0.092831604, 0.24003868), (0.2084901, 0.104785115, 0.24360867), (0.26286724, 0.051431242, 0.23653828), (0.25552025, 0.05207852, 0.23782305), (0.24910082, 0.055414848, 0.23702444), (0.24916098, 0.07586197, 0.23681928), (0.23312075, 0.075530194, 0.23642628), (0.24314104, 0.09363571, 0.23692241), (0.22797115, 0.088964835, 0.2365264), (0.22329038, 0.07638423, 0.23694028), (0.23687571, 0.101611234, 0.23705564), (0.22250359, 0.10476726, 0.237624), (0.21299161, 0.09761245, 0.23800212), (0.20720676, 0.07697304, 0.23849882), (0.22806323, 0.063182406, 0.2374815), (0.21355285, 0.06730701, 0.23884569), (0.20786223, 0.08972091, 0.23864774), (0.13122034, 0.016132882, 0.24920481), (0.31997532, 0.048237387, 0.24212988), (0.22304724, 0.11004746, 0.24016759), (0.15777913, 0.077535145, 0.2496908), (0.2555606, 0.15250535, 0.24509057), (0.3236038, 0.07440693, 0.24845716), (0.3284727, 0.066656984, 0.24861193), (0.32905433, 0.060370207, 0.24870746), (0.33415306, 0.04297801, 0.24969237), (-0.051037535, -0.114557676, 0.24638467), (0.16850112, 0.2301709, 0.2537345), (0.13621746, -0.019133931, 0.24101734), (0.12366606, -0.012885264, 0.24011816), (0.12987937, -0.01179594, 0.24090606), (0.12180582, -0.0012299416, 0.24146244), (0.10849614, -0.01326882, 0.24156916), (0.09666815, -0.010269562, 0.241403), (0.07195399, -0.014463752, 0.24042302), (0.08579465, -0.018177493, 0.24174699), (0.0677174, -0.029479202, 0.24124897), (0.059505794, -0.030250132, 0.24120896), (0.09704362, -0.019442951, 0.24297868), (0.09468833, -0.030717785, 0.24536803), (0.086180985, -0.03930894, 0.24584076), (0.23354675, 0.055868626, 0.23864529), (0.17018811, 0.28682724, 0.24911268), (0.12482712, 0.021022694, 0.25101826), (0.020713458, -0.32238838, 0.24473669), (0.0006185716, -0.32218608, 0.24432658), (0.091797896, 0.25290313, 0.25651717), (0.017945735, -0.10731331, 0.25095707), (0.025251387, -0.086556695, 0.24974051), (0.014323887, -0.086345784, 0.248926), (0.026014337, -0.07643036, 0.24958047), (0.043088213, -0.07111338, 0.24978127), (0.055648603, -0.08468311, 0.25107628), (0.060258243, -0.07034195, 0.24876134), (0.051729135, -0.064472504, 0.2500306), (0.061683785, -0.061589915, 0.24851604), (0.07700481, -0.08487481, 0.2478105), (0.06387718, -0.09461893, 0.2503648), (0.04547351, -0.09764318, 0.25199372), (0.030915495, -0.09738127, 0.25174883), (0.028592383, -0.11219687, 0.2513774), (0.040892564, -0.10988796, 0.2509134), (0.015051472, -0.113456376, 0.25031084), (0.051447056, -0.10657901, 0.25033107), (0.07473563, -0.09575275, 0.24817811), (0.013191795, -0.12584032, 0.24776375), (0.06774092, -0.070030965, 0.24687645), (0.08157063, -0.090460904, 0.24650635), (-0.12671731, -0.25503626, 0.2492062), (0.027488308, -0.11886459, 0.24950689), (0.22678408, 0.25541243, 0.24851371), (0.21317744, 0.18285817, 0.24846877), (0.10941122, -0.027976336, 0.24635479), (-0.06667815, -0.21854916, 0.24230388), (-0.052489445, -0.21125777, 0.24181584), (-0.032007437, -0.20424145, 0.24174987), (0.11314303, -0.06724779, 0.23721516), (0.108747065, -0.07110425, 0.2363453), (0.09810477, -0.07454633, 0.2362796), (-0.054423735, -0.21941666, 0.25085798), (0.30376443, 0.08825609, 0.2435314), (0.33654043, 0.093926795, 0.24324311), (0.33744568, 0.0632809, 0.24539496), (0.011165749, -0.13699342, 0.24132359), (-0.08084186, 0.32971504, 0.24691483), (0.21165283, 0.26641706, 0.24834472), (0.10339025, -0.076468855, 0.23723961), (0.09178247, -0.06665248, 0.23921733), (0.084297836, -0.07541169, 0.23771866), (0.088452116, -0.079664245, 0.23827413), (0.24172583, 0.17543624, 0.2487083), (0.07872481, 0.24919105, 0.25761357), (-0.24766871, -0.23153089, 0.25006726), (-0.019076746, -0.22358473, 0.24941052), (0.07389811, -0.07964593, 0.24716093), (0.32196605, 0.13777885, 0.24305263), (0.025125494, -0.18222013, 0.24298656), (0.24911112, 0.049246464, 0.23879708), (0.19601977, 0.19961098, 0.25281942), (-0.28114867, -0.1865307, 0.24977428), (-0.31718323, -0.10229431, 0.25044763), (-0.083109155, -0.23241347, 0.2506962), (0.1190267, 0.24799372, 0.2572878), (-0.042821087, -0.23240069, 0.2476308), (0.104181655, -0.03581056, 0.24819697), (0.09025863, -0.044625483, 0.24587646), (0.07631093, -0.03937413, 0.24484254), (0.07404835, -0.05117002, 0.24643438), (0.070217796, -0.042179625, 0.24567127), (0.10986282, -0.042409822, 0.24705595), (0.10329952, -0.04686897, 0.24432854), (0.075482585, -0.06409941, 0.24288411), (0.08060765, -0.0718882, 0.24042052), (0.09275782, -0.08413954, 0.24117349), (0.12266434, 0.009558386, 0.24627239), (0.17873187, 0.22080575, 0.25369486), (-0.06342687, -0.23890463, 0.24862933), (0.30825433, 0.094548926, 0.24654134), (0.24140473, 0.019780047, 0.24151298), (-0.05791673, -0.23277482, 0.25039402), (0.066539824, -0.10685613, 0.2467533), (0.20012389, 0.07615438, 0.24475539), (0.20026492, 0.08292037, 0.24452059), (0.20340449, 0.09493617, 0.24434498), (0.05558272, 0.23925972, 0.2579178), (0.31167582, 0.1618771, 0.2435141), (0.020815296, -0.19205727, 0.2458788), (0.21107112, 0.0578237, 0.24474002), (0.20387428, 0.06519114, 0.24475132), (0.030965678, -0.12969188, 0.24192055), (0.22104721, -0.01439346, 0.23649955), (0.19508909, -0.027740493, 0.24075311), (0.008485311, -0.19710806, 0.2469278), (0.2130535, -0.01313124, 0.24058998), (0.23014434, 0.004390692, 0.24037842), (-0.10310105, -0.32170635, 0.24689607), (0.07563303, -0.06816455, 0.24287315), (0.08040161, -0.08043962, 0.24415152), (-0.10430058, -0.24444483, 0.250906), (0.34429598, 0.047311205, 0.24345765), (0.2619875, 0.22373791, 0.24703966), (-0.094685614, -0.23939301, 0.25107244), (0.21110235, 0.28224802, 0.2426227), (0.23021714, 0.2701795, 0.24145216), (0.00041866803, -0.19450082, 0.24185707), (0.0120397275, -0.18996857, 0.2429833), (0.24280137, 0.24688908, 0.24632032), (0.24230652, 0.2568362, 0.24201752), (-0.12878278, -0.31317517, 0.24641714), (0.037805673, -0.28629836, 0.23985651), (0.022814274, -0.29275694, 0.24085517), (0.040325794, -0.27993843, 0.23916174), (0.0019878729, -0.29228276, 0.2413088), (0.018207725, -0.27278447, 0.24005285), (-0.027889194, -0.29181102, 0.24306343), (-0.03576848, -0.28186718, 0.24335653), (-0.021115066, -0.25322434, 0.2423306), (0.012056948, -0.24776912, 0.24026687), (0.03767296, -0.26852402, 0.23941849), (0.02303923, -0.25337327, 0.24002916), (-0.0091768345, -0.2465907, 0.24130248), (-0.027932528, -0.2603534, 0.2429988), (-0.0362915, -0.2758609, 0.24353005), (-0.0029861296, -0.29645094, 0.2427072), (-0.014675574, -0.1980534, 0.241793), (0.013326257, 0.22381845, 0.25771326), (0.029488562, 0.23057589, 0.25759244), (-0.10140081, -0.23780477, 0.24508491), (0.26703095, 0.22890924, 0.2416212), (-0.23323205, -0.2514826, 0.2472961), (-0.15165965, -0.302991, 0.24671784), (0.042212386, -0.116793044, 0.24744554), (0.026857516, -0.1241662, 0.24697007), (0.28197855, 0.21030767, 0.24204442), (-0.11836573, -0.25277898, 0.25040907), (0.29919076, 0.19229631, 0.24043678), (-0.002409558, 0.21454497, 0.25884464), (-0.08858759, -0.23065239, 0.24486037), (-0.012792153, -0.2019734, 0.24642013), (-0.043948147, -0.21168165, 0.2471175), (-0.030449046, -0.20749237, 0.24713776), (-0.06044261, -0.22006418, 0.24894542), (0.017403388, -0.24512689, 0.24681878), (0.015259795, -0.24589464, 0.24155106), (0.024862254, -0.25116307, 0.24207918), (0.03267989, -0.2574981, 0.2428094), (0.039169542, -0.26267588, 0.24421659), (0.042864546, -0.2697804, 0.2439937), (0.08024633, -0.05702311, 0.27438495), (0.08166493, -0.054139376, 0.27331153), (0.07837554, -0.056766763, 0.2717339), (0.07496786, -0.059765715, 0.27466133), (0.070618756, -0.05741987, 0.2724266), (0.09327644, -0.05495844, 0.27617288), (0.099726334, -0.05152316, 0.27536827), (0.072783664, -0.05303893, 0.27192143), (0.06402131, -0.05133532, 0.27124354), (0.07527252, -0.051751234, 0.27388346), (0.09331554, -0.052903764, 0.28162456), (0.078141734, -0.053670727, 0.28300616), (0.08483073, -0.05127004, 0.28188294), (0.07031875, -0.051821366, 0.27869913), (0.09356468, -0.05029238, 0.2780653), (0.0784419, -0.050530158, 0.27810004), (0.06452035, -0.05059529, 0.2756394), (0.071489386, -0.054322407, 0.27977395), (0.0758117, -0.056213103, 0.28111923), (0.07255006, -0.05693657, 0.27830318), (0.07658907, -0.058048654, 0.2777195)]
}

