#usda 1.0
(
    defaultPrim = "Mesh"
)

def Mesh "Mesh"
{
    int[] faceVertexCounts = [3, 3, 3, 3, 3, 3, 3, 3, 3, 3, 3, 3, 3, 3, 3, 3, 3, 3, 3, 3, 3, 3, 3, 3, 3, 3, 3, 3, 3, 3, 3, 3, 3, 3, 3, 3, 3, 3, 3, 3, 3, 3, 3, 3, 3, 3, 3, 3, 3, 3, 3, 3, 3, 3, 3, 3, 3, 3, 3, 3, 3, 3, 3, 3, 3, 3, 3, 3, 3, 3, 3, 3, 3, 3, 3, 3, 3, 3, 3, 3, 3, 3, 3, 3, 3, 3, 3, 3, 3, 3, 3, 3, 3, 3, 3, 3, 3, 3, 3, 3, 3, 3, 3, 3, 3, 3, 3, 3, 3, 3, 3, 3, 3, 3, 3, 3, 3, 3, 3, 3, 3, 3, 3, 3, 3, 3, 3, 3, 3, 3, 3, 3, 3, 3, 3, 3, 3, 3, 3, 3, 3, 3, 3, 3, 3, 3, 3, 3, 3, 3, 3, 3, 3, 3, 3, 3, 3, 3, 3, 3, 3, 3, 3, 3, 3, 3, 3, 3, 3, 3, 3, 3, 3, 3, 3, 3, 3, 3, 3, 3, 3, 3, 3, 3, 3, 3, 3, 3, 3, 3, 3, 3, 3, 3, 3, 3, 3, 3, 3, 3, 3, 3, 3, 3, 3, 3, 3, 3, 3, 3, 3, 3, 3, 3, 3, 3, 3, 3, 3, 3, 3, 3, 3, 3, 3, 3, 3, 3, 3, 3, 3, 3, 3, 3, 3, 3, 3, 3, 3, 3, 3, 3, 3, 3, 3, 3, 3, 3, 3, 3, 3, 3, 3, 3, 3, 3, 3, 3, 3, 3, 3, 3, 3, 3, 3, 3, 3, 3, 3, 3, 3, 3, 3, 3, 3, 3, 3, 3, 3, 3, 3, 3, 3, 3, 3, 3, 3, 3, 3, 3, 3, 3, 3, 3, 3, 3, 3, 3, 3, 3, 3, 3, 3, 3, 3, 3, 3, 3, 3, 3, 3, 3, 3, 3, 3, 3, 3, 3, 3, 3, 3, 3, 3, 3, 3, 3, 3, 3, 3, 3, 3, 3, 3, 3, 3, 3, 3, 3, 3, 3, 3, 3, 3, 3, 3, 3, 3, 3, 3, 3, 3, 3, 3, 3, 3, 3, 3, 3, 3, 3, 3, 3, 3, 3, 3, 3, 3, 3, 3, 3, 3, 3, 3, 3, 3, 3, 3, 3, 3, 3, 3, 3, 3, 3, 3, 3, 3, 3, 3, 3, 3, 3, 3, 3, 3, 3, 3, 3, 3, 3, 3, 3, 3, 3, 3, 3, 3, 3, 3, 3, 3, 3, 3, 3, 3, 3, 3, 3, 3, 3, 3, 3, 3, 3, 3, 3, 3, 3, 3, 3, 3, 3, 3, 3, 3, 3, 3, 3, 3, 3, 3, 3, 3, 3, 3, 3, 3, 3, 3, 3, 3, 3, 3, 3, 3, 3, 3, 3, 3, 3, 3, 3, 3, 3, 3, 3, 3, 3, 3, 3, 3, 3, 3, 3, 3, 3, 3, 3, 3, 3, 3, 3, 3, 3, 3, 3, 3, 3, 3, 3, 3, 3, 3, 3, 3, 3, 3, 3, 3, 3, 3, 3, 3, 3, 3, 3, 3, 3, 3, 3, 3, 3, 3, 3, 3, 3, 3, 3, 3, 3, 3, 3, 3, 3, 3, 3, 3, 3, 3, 3, 3, 3, 3, 3, 3, 3, 3, 3, 3, 3, 3, 3, 3, 3, 3, 3, 3, 3, 3, 3, 3, 3, 3, 3, 3, 3, 3, 3, 3, 3, 3, 3, 3, 3, 3, 3, 3, 3, 3, 3, 3, 3, 3, 3, 3, 3, 3, 3, 3, 3, 3, 3, 3, 3, 3, 3, 3, 3, 3, 3, 3, 3, 3, 3, 3, 3, 3, 3, 3, 3, 3, 3, 3, 3, 3, 3, 3, 3, 3, 3, 3, 3, 3, 3, 3, 3, 3, 3, 3, 3, 3, 3, 3, 3, 3, 3, 3, 3, 3, 3, 3, 3, 3, 3, 3, 3, 3, 3, 3, 3, 3, 3, 3, 3, 3, 3, 3, 3, 3, 3, 3, 3, 3, 3, 3, 3, 3, 3, 3, 3, 3, 3, 3, 3, 3, 3, 3, 3, 3, 3, 3, 3, 3, 3, 3, 3, 3, 3, 3, 3, 3, 3, 3, 3, 3, 3, 3, 3, 3, 3, 3, 3, 3, 3, 3, 3, 3, 3, 3, 3, 3, 3, 3, 3, 3, 3, 3, 3, 3, 3, 3, 3, 3, 3, 3, 3, 3, 3, 3, 3, 3, 3, 3, 3, 3, 3, 3, 3, 3, 3, 3, 3, 3, 3, 3, 3, 3, 3, 3, 3, 3, 3, 3, 3, 3, 3, 3, 3, 3, 3, 3, 3, 3, 3, 3, 3, 3, 3, 3, 3, 3, 3, 3, 3, 3, 3, 3, 3, 3, 3, 3, 3, 3, 3, 3, 3, 3, 3, 3, 3, 3, 3, 3, 3, 3, 3, 3, 3, 3, 3, 3, 3, 3, 3, 3, 3, 3, 3, 3, 3, 3, 3, 3, 3, 3, 3, 3, 3, 3, 3, 3, 3, 3, 3, 3, 3, 3, 3, 3, 3, 3, 3, 3, 3, 3, 3, 3, 3, 3, 3, 3, 3, 3, 3, 3, 3, 3, 3, 3, 3, 3, 3, 3, 3, 3, 3, 3, 3, 3, 3, 3, 3, 3, 3, 3, 3, 3, 3, 3, 3, 3, 3, 3, 3, 3, 3, 3, 3, 3, 3, 3, 3, 3, 3, 3, 3, 3, 3, 3, 3, 3, 3, 3, 3, 3, 3, 3, 3, 3, 3, 3, 3, 3, 3, 3, 3, 3, 3, 3, 3, 3, 3, 3, 3, 3, 3, 3, 3, 3, 3, 3, 3, 3, 3, 3, 3, 3, 3, 3, 3, 3, 3, 3, 3, 3, 3, 3, 3, 3, 3, 3, 3, 3, 3, 3, 3, 3, 3, 3, 3, 3, 3, 3, 3, 3, 3, 3, 3, 3, 3, 3, 3, 3, 3, 3, 3, 3, 3, 3, 3, 3, 3, 3, 3, 3, 3, 3, 3, 3, 3, 3, 3, 3, 3, 3, 3, 3, 3, 3, 3, 3, 3, 3, 3, 3, 3, 3, 3, 3, 3, 3, 3, 3, 3, 3, 3, 3, 3, 3, 3, 3, 3, 3, 3, 3, 3, 3, 3, 3, 3, 3, 3, 3, 3, 3, 3, 3, 3, 3, 3, 3, 3, 3, 3, 3, 3, 3, 3, 3, 3, 3, 3, 3, 3, 3, 3, 3, 3, 3, 3, 3, 3, 3, 3, 3, 3, 3, 3, 3, 3, 3, 3, 3, 3, 3, 3, 3, 3, 3, 3, 3, 3, 3, 3, 3, 3, 3, 3, 3, 3, 3, 3, 3, 3, 3, 3, 3, 3, 3, 3, 3, 3, 3, 3, 3, 3, 3, 3, 3, 3, 3, 3, 3, 3, 3, 3, 3, 3, 3, 3, 3, 3, 3, 3, 3, 3, 3, 3, 3, 3, 3, 3, 3, 3, 3, 3, 3, 3, 3, 3, 3, 3, 3, 3, 3, 3, 3, 3, 3, 3, 3, 3, 3, 3, 3, 3, 3, 3, 3, 3, 3, 3, 3, 3, 3, 3, 3, 3, 3, 3, 3, 3, 3, 3, 3, 3, 3, 3, 3, 3, 3, 3, 3, 3, 3, 3, 3, 3, 3, 3, 3, 3, 3, 3, 3, 3, 3, 3, 3, 3, 3, 3, 3, 3, 3, 3, 3, 3, 3, 3, 3, 3, 3, 3, 3, 3, 3, 3, 3, 3, 3, 3, 3, 3, 3, 3, 3, 3, 3, 3, 3, 3, 3, 3, 3, 3, 3, 3, 3, 3, 3, 3, 3, 3, 3, 3, 3, 3, 3, 3, 3, 3, 3, 3, 3, 3, 3, 3, 3, 3, 3, 3, 3, 3, 3, 3, 3, 3, 3, 3, 3, 3, 3, 3, 3, 3, 3, 3, 3, 3, 3, 3, 3, 3, 3, 3, 3, 3, 3, 3, 3, 3, 3, 3, 3, 3, 3, 3, 3, 3, 3, 3, 3, 3, 3, 3, 3, 3, 3, 3, 3, 3, 3, 3, 3, 3, 3, 3, 3, 3, 3, 3, 3, 3, 3, 3, 3, 3, 3, 3, 3, 3, 3, 3, 3, 3, 3, 3, 3, 3, 3, 3, 3, 3, 3, 3, 3, 3, 3, 3, 3, 3, 3, 3, 3, 3, 3, 3, 3, 3, 3, 3, 3, 3, 3, 3, 3, 3, 3, 3, 3, 3, 3, 3, 3, 3, 3, 3, 3, 3, 3, 3, 3, 3, 3, 3, 3, 3, 3, 3, 3, 3, 3, 3, 3, 3, 3, 3, 3, 3, 3, 3, 3, 3, 3, 3, 3, 3, 3, 3, 3, 3, 3, 3, 3, 3, 3, 3, 3, 3, 3, 3, 3, 3, 3, 3, 3, 3, 3, 3, 3, 3, 3, 3, 3, 3, 3, 3, 3, 3, 3, 3, 3, 3, 3, 3, 3, 3, 3, 3, 3, 3, 3, 3, 3, 3, 3, 3, 3, 3, 3, 3, 3, 3, 3, 3, 3, 3, 3, 3, 3, 3, 3, 3, 3, 3, 3, 3, 3, 3, 3, 3, 3, 3, 3, 3, 3, 3, 3, 3, 3, 3, 3, 3, 3, 3, 3, 3, 3, 3, 3, 3, 3, 3, 3, 3, 3, 3, 3, 3, 3, 3, 3, 3, 3, 3, 3, 3, 3, 3, 3, 3, 3, 3, 3, 3, 3, 3, 3, 3, 3, 3, 3, 3, 3, 3, 3, 3, 3, 3, 3, 3, 3, 3, 3, 3, 3, 3, 3, 3, 3, 3, 3, 3, 3, 3, 3, 3, 3, 3, 3, 3, 3, 3, 3, 3, 3, 3, 3, 3, 3, 3, 3, 3, 3, 3, 3, 3, 3, 3, 3, 3, 3, 3, 3, 3, 3, 3, 3, 3, 3, 3, 3, 3, 3, 3, 3, 3, 3, 3, 3, 3, 3, 3, 3, 3, 3, 3, 3, 3, 3, 3, 3, 3, 3, 3, 3, 3, 3, 3, 3, 3, 3, 3, 3, 3, 3, 3, 3, 3, 3, 3, 3, 3, 3, 3, 3, 3, 3, 3, 3, 3, 3, 3, 3, 3, 3, 3, 3, 3, 3, 3, 3, 3, 3, 3, 3, 3, 3, 3, 3, 3, 3, 3, 3, 3, 3, 3, 3, 3, 3, 3, 3, 3, 3, 3, 3, 3, 3, 3, 3, 3, 3, 3, 3, 3, 3, 3, 3, 3, 3, 3, 3, 3, 3, 3, 3, 3, 3, 3, 3, 3, 3, 3, 3, 3, 3, 3, 3, 3, 3, 3, 3, 3, 3, 3, 3, 3, 3, 3, 3, 3, 3, 3, 3, 3, 3, 3, 3, 3, 3, 3, 3, 3, 3, 3, 3, 3, 3, 3, 3, 3, 3, 3, 3, 3, 3, 3, 3, 3, 3, 3, 3, 3, 3, 3, 3, 3, 3, 3, 3, 3, 3, 3, 3, 3, 3, 3, 3, 3, 3, 3, 3, 3, 3, 3, 3, 3, 3, 3, 3, 3, 3, 3, 3, 3, 3, 3, 3, 3, 3, 3, 3, 3, 3, 3, 3, 3, 3, 3, 3, 3, 3, 3, 3, 3, 3, 3, 3, 3, 3, 3, 3, 3, 3, 3, 3, 3, 3, 3, 3, 3, 3, 3, 3, 3, 3, 3, 3, 3, 3, 3, 3, 3, 3, 3, 3, 3, 3, 3, 3, 3, 3, 3, 3, 3, 3, 3, 3, 3, 3, 3, 3, 3, 3, 3, 3, 3, 3, 3, 3, 3, 3, 3, 3, 3, 3, 3, 3, 3, 3, 3, 3, 3, 3, 3, 3, 3, 3, 3, 3, 3, 3, 3, 3, 3, 3, 3, 3, 3, 3, 3, 3, 3, 3, 3, 3, 3, 3, 3, 3, 3, 3, 3, 3, 3, 3, 3, 3, 3, 3, 3, 3, 3, 3, 3, 3, 3, 3, 3, 3, 3, 3, 3, 3, 3, 3, 3, 3, 3, 3, 3, 3, 3, 3, 3, 3, 3, 3, 3, 3, 3, 3, 3, 3, 3, 3, 3, 3, 3, 3, 3, 3, 3, 3, 3, 3, 3, 3, 3, 3, 3, 3, 3, 3, 3, 3, 3, 3, 3, 3, 3, 3, 3, 3, 3, 3, 3, 3, 3, 3, 3, 3, 3, 3, 3, 3, 3, 3, 3, 3, 3, 3, 3, 3, 3, 3, 3, 3, 3, 3, 3, 3, 3, 3, 3, 3, 3, 3, 3, 3, 3, 3, 3, 3, 3, 3, 3, 3, 3, 3, 3, 3, 3, 3, 3, 3, 3, 3, 3, 3, 3, 3, 3, 3, 3, 3, 3, 3, 3, 3, 3, 3, 3, 3, 3, 3, 3, 3, 3, 3, 3, 3, 3, 3, 3, 3, 3, 3, 3, 3, 3, 3, 3, 3, 3, 3, 3, 3, 3, 3, 3, 3, 3, 3, 3, 3, 3, 3, 3, 3, 3, 3, 3, 3, 3, 3, 3, 3, 3, 3, 3, 3, 3, 3, 3, 3, 3, 3, 3, 3, 3, 3, 3, 3, 3, 3, 3, 3, 3, 3, 3, 3, 3, 3, 3, 3, 3, 3, 3, 3, 3, 3, 3, 3, 3, 3, 3, 3, 3, 3, 3, 3, 3, 3, 3, 3, 3, 3, 3, 3, 3, 3, 3, 3, 3, 3, 3, 3, 3, 3, 3, 3, 3, 3, 3, 3, 3, 3, 3, 3, 3, 3, 3, 3, 3, 3, 3, 3, 3, 3, 3, 3, 3, 3, 3, 3, 3, 3, 3, 3, 3, 3, 3, 3, 3, 3, 3, 3, 3, 3, 3, 3, 3, 3, 3, 3, 3, 3, 3, 3, 3, 3, 3, 3, 3, 3, 3, 3, 3, 3, 3, 3, 3, 3, 3, 3, 3, 3, 3, 3, 3, 3, 3, 3, 3, 3, 3, 3, 3, 3, 3, 3, 3, 3, 3, 3, 3, 3, 3, 3, 3, 3, 3, 3, 3, 3, 3, 3, 3, 3, 3, 3, 3, 3, 3, 3, 3, 3, 3, 3, 3, 3, 3, 3, 3, 3, 3, 3, 3, 3, 3, 3, 3, 3, 3, 3, 3, 3, 3, 3, 3, 3, 3, 3, 3, 3, 3, 3, 3, 3, 3, 3, 3, 3, 3, 3, 3, 3, 3, 3, 3, 3, 3, 3, 3, 3, 3, 3, 3, 3, 3, 3, 3, 3, 3, 3, 3, 3, 3, 3, 3, 3, 3, 3, 3, 3, 3, 3, 3, 3, 3, 3, 3, 3, 3, 3, 3, 3, 3, 3, 3, 3, 3, 3, 3, 3, 3, 3, 3, 3, 3, 3, 3, 3, 3, 3, 3, 3, 3, 3, 3, 3, 3, 3, 3, 3, 3, 3, 3, 3, 3, 3, 3, 3, 3, 3, 3, 3, 3, 3, 3, 3, 3, 3, 3, 3, 3, 3, 3, 3, 3, 3, 3, 3, 3, 3, 3, 3, 3, 3, 3, 3, 3, 3, 3, 3, 3, 3, 3, 3, 3, 3, 3, 3, 3, 3, 3, 3, 3, 3, 3, 3, 3, 3, 3, 3, 3, 3, 3, 3, 3, 3, 3, 3, 3, 3, 3, 3, 3, 3, 3, 3, 3, 3, 3, 3, 3, 3, 3, 3, 3, 3, 3, 3, 3, 3, 3, 3, 3, 3, 3, 3, 3, 3, 3, 3, 3, 3, 3, 3, 3, 3, 3, 3, 3, 3, 3, 3, 3, 3, 3, 3, 3, 3, 3, 3, 3, 3, 3, 3, 3, 3, 3, 3, 3, 3, 3, 3, 3, 3, 3, 3, 3, 3, 3, 3, 3, 3, 3, 3, 3, 3, 3, 3, 3, 3, 3, 3, 3, 3, 3, 3, 3, 3, 3, 3, 3, 3, 3, 3, 3, 3, 3, 3, 3, 3, 3, 3, 3, 3, 3, 3, 3, 3, 3, 3, 3, 3, 3, 3, 3, 3, 3, 3, 3, 3, 3, 3, 3, 3, 3, 3, 3, 3, 3, 3, 3, 3, 3, 3, 3, 3, 3, 3, 3, 3, 3, 3, 3, 3, 3, 3, 3, 3, 3, 3, 3, 3, 3, 3, 3, 3, 3, 3, 3, 3, 3, 3, 3, 3, 3, 3, 3, 3, 3, 3, 3, 3, 3, 3, 3, 3, 3, 3, 3, 3, 3, 3, 3, 3, 3, 3, 3, 3, 3, 3, 3, 3, 3, 3, 3, 3, 3, 3, 3, 3, 3, 3, 3, 3, 3, 3, 3, 3, 3, 3, 3, 3, 3, 3, 3, 3, 3, 3, 3, 3, 3, 3, 3, 3, 3, 3, 3, 3, 3, 3, 3, 3, 3, 3, 3, 3, 3, 3, 3, 3, 3, 3, 3, 3, 3, 3, 3, 3, 3, 3, 3, 3, 3, 3, 3, 3, 3, 3, 3, 3, 3, 3, 3, 3, 3, 3, 3, 3, 3, 3, 3, 3, 3, 3, 3, 3, 3, 3, 3, 3, 3, 3, 3, 3, 3, 3, 3, 3, 3, 3, 3, 3, 3, 3, 3, 3, 3, 3, 3, 3, 3, 3, 3, 3, 3, 3, 3, 3, 3, 3, 3, 3, 3, 3, 3, 3, 3, 3, 3, 3, 3, 3, 3, 3, 3, 3, 3, 3, 3, 3, 3, 3, 3, 3, 3, 3, 3, 3, 3, 3, 3, 3, 3, 3, 3, 3, 3, 3, 3, 3, 3, 3, 3, 3, 3, 3, 3, 3, 3, 3, 3, 3, 3, 3, 3, 3, 3, 3, 3, 3, 3, 3, 3, 3, 3, 3, 3, 3, 3, 3, 3, 3, 3, 3, 3, 3, 3, 3, 3, 3, 3, 3, 3, 3, 3, 3, 3, 3, 3, 3, 3, 3, 3, 3, 3, 3, 3, 3, 3, 3, 3, 3, 3, 3, 3, 3, 3, 3, 3, 3, 3, 3, 3, 3, 3, 3, 3, 3, 3, 3, 3, 3, 3, 3, 3, 3, 3, 3, 3, 3, 3, 3, 3, 3, 3, 3, 3, 3, 3, 3, 3, 3, 3, 3, 3, 3, 3, 3, 3, 3, 3, 3, 3, 3, 3, 3, 3, 3, 3, 3, 3, 3, 3, 3, 3, 3, 3, 3, 3, 3, 3, 3, 3, 3, 3, 3, 3, 3, 3, 3, 3, 3, 3, 3, 3, 3, 3, 3, 3, 3, 3, 3, 3, 3, 3, 3, 3, 3, 3, 3, 3, 3, 3, 3, 3, 3, 3, 3, 3, 3, 3, 3, 3, 3, 3, 3, 3, 3, 3, 3, 3, 3, 3, 3, 3, 3, 3, 3, 3, 3, 3, 3, 3, 3, 3, 3, 3, 3, 3, 3, 3, 3, 3, 3, 3, 3, 3, 3, 3, 3, 3, 3, 3, 3, 3, 3, 3, 3, 3, 3, 3, 3, 3, 3, 3, 3, 3, 3, 3, 3, 3, 3, 3, 3, 3, 3, 3, 3, 3, 3, 3, 3, 3, 3, 3, 3, 3, 3, 3, 3, 3, 3, 3, 3, 3, 3, 3, 3, 3, 3, 3, 3, 3, 3, 3, 3, 3, 3, 3, 3, 3, 3, 3, 3, 3, 3, 3, 3, 3, 3, 3, 3, 3, 3, 3, 3, 3, 3, 3, 3, 3, 3, 3, 3, 3, 3, 3, 3, 3, 3, 3, 3, 3, 3, 3, 3, 3, 3, 3, 3, 3, 3, 3, 3, 3, 3, 3, 3, 3, 3, 3, 3, 3, 3, 3, 3, 3, 3, 3, 3, 3, 3, 3, 3, 3, 3, 3, 3, 3, 3, 3, 3, 3, 3, 3, 3, 3, 3, 3, 3, 3, 3, 3, 3, 3, 3, 3, 3, 3, 3, 3, 3, 3, 3, 3, 3, 3, 3, 3, 3, 3, 3, 3, 3, 3, 3, 3, 3, 3, 3, 3, 3, 3, 3, 3, 3, 3, 3, 3, 3, 3, 3, 3, 3, 3, 3, 3, 3, 3, 3, 3, 3, 3, 3, 3, 3, 3, 3, 3, 3, 3, 3, 3, 3, 3, 3, 3, 3, 3, 3, 3, 3, 3, 3, 3, 3, 3, 3, 3, 3, 3, 3, 3, 3, 3, 3, 3, 3, 3, 3, 3, 3, 3, 3, 3, 3, 3, 3, 3, 3, 3, 3, 3, 3, 3, 3, 3, 3, 3, 3, 3, 3, 3, 3, 3, 3, 3, 3, 3, 3, 3, 3, 3, 3, 3, 3, 3, 3, 3, 3, 3, 3, 3, 3, 3, 3, 3, 3, 3, 3, 3, 3, 3, 3, 3, 3, 3, 3, 3, 3, 3, 3, 3, 3, 3, 3, 3, 3, 3, 3, 3, 3, 3, 3, 3, 3, 3, 3, 3, 3, 3, 3, 3, 3, 3, 3, 3, 3, 3, 3, 3, 3, 3, 3, 3, 3, 3, 3, 3, 3, 3, 3, 3, 3, 3, 3, 3, 3, 3, 3, 3, 3, 3, 3, 3, 3, 3, 3, 3, 3, 3, 3, 3, 3, 3, 3, 3, 3, 3, 3, 3, 3, 3, 3, 3, 3, 3, 3, 3, 3, 3, 3, 3, 3, 3, 3, 3, 3, 3, 3, 3, 3, 3, 3, 3, 3, 3, 3, 3, 3, 3, 3, 3, 3, 3, 3, 3, 3, 3, 3, 3, 3, 3, 3, 3, 3, 3, 3, 3, 3, 3, 3, 3, 3, 3, 3, 3, 3, 3, 3, 3, 3, 3, 3, 3, 3, 3, 3, 3, 3, 3, 3, 3, 3, 3, 3, 3, 3, 3, 3, 3, 3, 3, 3, 3, 3, 3, 3, 3, 3, 3, 3, 3, 3, 3, 3, 3, 3, 3, 3, 3, 3, 3, 3, 3, 3, 3, 3, 3, 3, 3, 3, 3, 3, 3, 3, 3, 3, 3, 3, 3, 3, 3, 3, 3, 3, 3, 3, 3, 3, 3, 3, 3, 3, 3, 3, 3, 3, 3, 3, 3, 3, 3, 3, 3, 3, 3, 3, 3, 3, 3, 3, 3, 3, 3, 3, 3, 3, 3, 3, 3, 3, 3, 3, 3, 3, 3, 3, 3, 3, 3, 3, 3, 3, 3, 3, 3, 3, 3, 3, 3, 3, 3, 3, 3, 3, 3, 3, 3, 3, 3, 3, 3, 3, 3, 3, 3, 3, 3, 3, 3, 3, 3, 3, 3, 3, 3, 3, 3, 3, 3, 3, 3, 3, 3, 3, 3, 3, 3, 3, 3, 3, 3, 3, 3, 3, 3, 3, 3, 3, 3, 3, 3, 3, 3, 3, 3, 3, 3, 3, 3, 3, 3, 3, 3, 3, 3, 3, 3, 3, 3, 3, 3, 3, 3, 3, 3, 3, 3, 3, 3, 3, 3, 3, 3, 3, 3, 3, 3, 3, 3, 3, 3, 3, 3, 3, 3, 3, 3, 3, 3, 3, 3, 3, 3, 3, 3, 3, 3, 3, 3, 3, 3, 3, 3, 3, 3, 3, 3, 3, 3, 3, 3, 3, 3, 3, 3, 3, 3, 3, 3, 3, 3, 3, 3, 3, 3, 3, 3, 3, 3, 3, 3, 3, 3, 3, 3, 3, 3, 3, 3, 3, 3, 3, 3, 3, 3, 3, 3, 3, 3, 3, 3, 3, 3, 3, 3, 3, 3, 3, 3, 3, 3, 3, 3, 3, 3, 3, 3, 3, 3, 3, 3, 3, 3, 3, 3, 3, 3, 3, 3, 3, 3, 3, 3, 3, 3, 3, 3, 3, 3, 3, 3, 3, 3, 3, 3, 3, 3, 3, 3, 3, 3, 3, 3, 3, 3, 3, 3, 3, 3, 3, 3, 3, 3, 3, 3, 3, 3, 3, 3, 3, 3, 3, 3, 3, 3, 3, 3, 3, 3, 3, 3, 3, 3, 3, 3, 3, 3, 3, 3, 3, 3, 3, 3, 3, 3, 3, 3, 3, 3, 3, 3, 3, 3, 3, 3, 3, 3, 3, 3, 3, 3, 3, 3, 3, 3, 3, 3, 3, 3, 3, 3, 3, 3, 3, 3, 3, 3, 3, 3, 3, 3, 3, 3, 3, 3, 3, 3, 3, 3, 3, 3, 3, 3, 3, 3, 3, 3, 3, 3, 3, 3, 3, 3, 3, 3, 3, 3, 3, 3, 3, 3, 3, 3, 3, 3, 3, 3, 3, 3, 3, 3, 3, 3, 3, 3, 3, 3, 3, 3, 3, 3, 3, 3, 3, 3, 3, 3, 3, 3, 3, 3, 3, 3, 3, 3, 3, 3, 3, 3, 3, 3, 3, 3, 3, 3, 3, 3, 3, 3, 3, 3, 3, 3, 3, 3, 3, 3, 3, 3, 3, 3, 3, 3, 3, 3, 3, 3, 3, 3, 3, 3, 3, 3, 3, 3, 3, 3, 3, 3, 3, 3, 3, 3, 3, 3, 3, 3, 3, 3, 3, 3, 3, 3, 3, 3, 3, 3, 3, 3, 3, 3, 3, 3, 3, 3, 3, 3, 3, 3, 3, 3, 3, 3, 3, 3, 3, 3, 3, 3, 3, 3, 3, 3, 3, 3, 3, 3, 3, 3, 3, 3, 3, 3, 3, 3, 3, 3, 3, 3, 3, 3, 3, 3, 3, 3, 3, 3, 3, 3, 3, 3, 3, 3, 3, 3, 3, 3, 3, 3, 3, 3, 3, 3, 3, 3, 3, 3, 3, 3, 3, 3, 3, 3, 3, 3, 3, 3, 3, 3, 3, 3, 3, 3, 3, 3, 3, 3, 3, 3, 3, 3, 3, 3, 3, 3, 3, 3, 3, 3, 3, 3, 3, 3, 3, 3, 3, 3, 3, 3, 3, 3, 3, 3, 3, 3, 3, 3, 3, 3, 3, 3, 3, 3, 3, 3, 3, 3, 3, 3, 3, 3, 3, 3, 3, 3, 3, 3, 3, 3, 3, 3, 3, 3, 3, 3, 3, 3, 3, 3, 3, 3, 3, 3, 3, 3, 3, 3, 3, 3, 3, 3, 3, 3, 3, 3, 3, 3, 3, 3, 3, 3, 3, 3, 3, 3, 3, 3, 3, 3, 3, 3, 3, 3, 3, 3, 3, 3, 3, 3, 3, 3, 3, 3, 3, 3, 3, 3, 3, 3, 3, 3, 3, 3, 3, 3, 3, 3, 3, 3, 3, 3, 3, 3, 3, 3, 3, 3, 3, 3, 3, 3, 3, 3, 3, 3, 3, 3, 3, 3, 3, 3, 3, 3, 3, 3, 3, 3, 3, 3, 3, 3, 3, 3, 3, 3, 3, 3, 3, 3, 3, 3, 3, 3, 3, 3, 3, 3, 3, 3, 3, 3, 3, 3, 3, 3, 3, 3, 3, 3, 3, 3, 3, 3, 3, 3, 3, 3, 3, 3, 3, 3, 3, 3, 3, 3, 3, 3, 3, 3, 3, 3, 3, 3, 3, 3, 3, 3, 3, 3, 3, 3, 3, 3, 3, 3, 3, 3, 3, 3, 3, 3, 3, 3, 3, 3, 3, 3, 3, 3, 3, 3, 3, 3, 3, 3, 3, 3, 3, 3, 3, 3, 3, 3, 3, 3, 3, 3, 3, 3, 3, 3, 3, 3, 3, 3, 3, 3, 3, 3, 3, 3, 3, 3, 3, 3, 3, 3, 3, 3, 3, 3, 3, 3, 3, 3, 3, 3, 3, 3, 3, 3, 3, 3, 3, 3, 3, 3, 3, 3, 3, 3, 3, 3, 3, 3, 3, 3, 3, 3, 3, 3, 3, 3, 3, 3, 3, 3, 3, 3, 3, 3, 3, 3, 3, 3, 3, 3, 3, 3, 3, 3, 3, 3, 3, 3, 3, 3, 3, 3, 3, 3, 3, 3, 3, 3, 3, 3, 3, 3, 3, 3, 3, 3, 3, 3, 3, 3, 3, 3, 3, 3, 3, 3, 3, 3, 3, 3, 3, 3, 3, 3, 3, 3, 3, 3, 3, 3, 3, 3, 3, 3, 3, 3, 3, 3, 3, 3, 3, 3, 3, 3, 3, 3, 3, 3, 3, 3, 3, 3, 3, 3, 3, 3, 3, 3, 3, 3, 3, 3, 3, 3, 3, 3, 3, 3, 3, 3, 3, 3, 3, 3, 3, 3, 3, 3, 3, 3, 3, 3, 3, 3, 3, 3, 3, 3, 3, 3, 3, 3, 3, 3, 3, 3, 3, 3, 3, 3, 3, 3, 3, 3, 3, 3, 3, 3, 3, 3, 3, 3, 3, 3, 3, 3, 3, 3, 3, 3, 3, 3, 3, 3, 3, 3, 3, 3, 3, 3, 3, 3, 3, 3, 3, 3, 3, 3, 3, 3, 3, 3, 3, 3, 3, 3, 3, 3, 3, 3, 3, 3, 3, 3, 3, 3, 3, 3, 3, 3, 3, 3, 3, 3, 3, 3, 3, 3, 3, 3, 3, 3, 3, 3, 3, 3, 3, 3, 3, 3, 3, 3, 3, 3, 3, 3, 3, 3, 3, 3, 3, 3, 3, 3, 3, 3, 3, 3, 3, 3, 3, 3, 3, 3, 3, 3, 3, 3, 3, 3, 3, 3, 3, 3, 3, 3, 3, 3, 3, 3, 3, 3, 3, 3, 3, 3, 3, 3, 3, 3, 3, 3, 3, 3, 3, 3, 3, 3, 3, 3, 3, 3, 3, 3, 3, 3, 3, 3, 3, 3, 3, 3, 3, 3, 3, 3, 3, 3, 3, 3, 3, 3, 3, 3, 3, 3, 3, 3, 3, 3, 3, 3, 3, 3, 3, 3, 3, 3, 3, 3, 3, 3, 3, 3, 3, 3, 3, 3, 3, 3, 3, 3, 3, 3, 3, 3, 3, 3, 3, 3, 3, 3, 3, 3, 3, 3, 3, 3, 3, 3, 3, 3, 3, 3, 3, 3, 3, 3, 3, 3, 3, 3, 3, 3, 3, 3, 3, 3, 3, 3, 3, 3, 3, 3, 3, 3, 3, 3, 3, 3, 3, 3, 3, 3, 3, 3, 3, 3, 3, 3, 3, 3, 3, 3, 3, 3, 3, 3, 3, 3, 3, 3, 3, 3, 3, 3, 3, 3, 3, 3, 3, 3, 3, 3, 3, 3, 3, 3, 3, 3, 3, 3, 3, 3, 3, 3, 3, 3, 3, 3, 3, 3, 3, 3, 3, 3, 3, 3, 3, 3, 3, 3, 3, 3, 3, 3, 3, 3, 3, 3, 3, 3, 3, 3, 3, 3, 3, 3, 3, 3, 3, 3, 3, 3, 3, 3, 3, 3, 3, 3, 3, 3, 3, 3, 3, 3, 3, 3, 3, 3, 3, 3, 3, 3, 3, 3, 3, 3, 3, 3, 3, 3, 3, 3, 3, 3, 3, 3, 3, 3, 3, 3, 3, 3, 3, 3, 3, 3, 3, 3, 3, 3, 3, 3, 3, 3, 3, 3, 3, 3, 3, 3, 3, 3, 3, 3, 3, 3, 3, 3, 3, 3, 3, 3, 3, 3, 3, 3, 3, 3, 3, 3, 3, 3, 3, 3, 3, 3, 3, 3, 3, 3, 3, 3, 3, 3, 3, 3, 3, 3, 3, 3, 3, 3, 3, 3, 3, 3, 3, 3, 3, 3, 3, 3, 3, 3, 3, 3, 3, 3, 3, 3, 3, 3, 3, 3, 3, 3, 3, 3, 3, 3, 3, 3, 3, 3, 3, 3, 3, 3, 3, 3, 3, 3, 3, 3, 3, 3, 3, 3, 3, 3, 3, 3, 3, 3, 3, 3, 3, 3, 3, 3, 3, 3, 3, 3, 3, 3, 3, 3, 3, 3, 3, 3, 3, 3, 3, 3, 3, 3, 3, 3, 3, 3, 3, 3, 3, 3, 3, 3, 3, 3, 3, 3, 3, 3, 3, 3, 3, 3, 3, 3, 3, 3, 3, 3, 3, 3, 3, 3, 3, 3, 3, 3, 3, 3, 3, 3, 3, 3, 3, 3, 3, 3, 3, 3, 3, 3, 3, 3, 3, 3, 3, 3, 3, 3, 3, 3, 3, 3, 3, 3, 3, 3, 3, 3, 3, 3, 3, 3, 3, 3, 3, 3, 3, 3, 3, 3, 3, 3, 3, 3, 3, 3, 3, 3, 3, 3, 3, 3, 3, 3, 3, 3, 3, 3, 3, 3, 3, 3, 3, 3, 3, 3, 3, 3, 3, 3, 3, 3, 3, 3, 3, 3, 3, 3, 3, 3, 3, 3, 3, 3, 3, 3, 3, 3, 3, 3, 3, 3, 3, 3, 3, 3, 3, 3, 3, 3, 3, 3, 3, 3, 3, 3, 3, 3, 3, 3, 3, 3, 3, 3, 3, 3, 3, 3, 3, 3, 3, 3, 3, 3, 3, 3, 3, 3, 3, 3, 3, 3, 3, 3, 3, 3, 3, 3, 3, 3, 3, 3, 3, 3, 3, 3, 3, 3, 3, 3, 3, 3, 3, 3, 3, 3, 3, 3, 3, 3, 3, 3, 3, 3, 3, 3, 3, 3, 3, 3, 3, 3, 3, 3, 3, 3, 3, 3, 3, 3, 3, 3, 3, 3, 3, 3, 3, 3, 3, 3, 3, 3, 3, 3, 3, 3, 3, 3, 3, 3, 3, 3, 3, 3, 3, 3, 3, 3, 3, 3, 3, 3, 3, 3, 3, 3, 3, 3, 3, 3, 3, 3, 3, 3, 3, 3, 3, 3, 3, 3, 3, 3, 3, 3, 3, 3, 3, 3, 3, 3, 3, 3, 3, 3, 3, 3, 3, 3, 3, 3, 3, 3, 3, 3, 3, 3, 3, 3, 3, 3, 3, 3, 3, 3, 3, 3, 3, 3, 3, 3, 3, 3, 3, 3, 3, 3, 3, 3, 3, 3, 3, 3, 3, 3, 3, 3, 3, 3, 3, 3, 3, 3, 3, 3, 3, 3, 3, 3, 3, 3, 3, 3, 3, 3, 3, 3, 3, 3, 3, 3, 3, 3, 3, 3, 3, 3, 3, 3, 3, 3, 3, 3, 3, 3, 3, 3, 3, 3, 3, 3, 3, 3, 3, 3, 3, 3, 3, 3, 3, 3, 3, 3, 3, 3, 3, 3, 3, 3, 3, 3, 3, 3, 3, 3, 3, 3, 3, 3, 3, 3, 3, 3, 3, 3, 3, 3, 3, 3, 3, 3, 3, 3, 3, 3, 3, 3, 3, 3, 3, 3, 3, 3, 3, 3, 3, 3, 3, 3, 3, 3, 3, 3, 3, 3, 3, 3, 3, 3, 3, 3, 3, 3, 3, 3, 3, 3, 3, 3, 3, 3, 3, 3, 3, 3, 3, 3, 3, 3, 3, 3, 3, 3, 3, 3, 3, 3, 3, 3, 3, 3, 3, 3, 3, 3, 3, 3, 3, 3, 3, 3, 3, 3, 3, 3, 3, 3, 3, 3, 3, 3, 3, 3, 3, 3, 3, 3, 3, 3, 3, 3, 3, 3, 3, 3, 3, 3, 3, 3, 3, 3, 3, 3, 3, 3, 3, 3, 3, 3, 3, 3, 3, 3, 3, 3, 3, 3, 3, 3, 3, 3, 3, 3, 3, 3, 3, 3, 3, 3, 3, 3, 3, 3, 3, 3, 3, 3, 3, 3, 3, 3, 3, 3, 3, 3, 3, 3, 3, 3, 3, 3, 3, 3, 3, 3, 3, 3, 3, 3, 3, 3, 3, 3, 3, 3, 3, 3, 3, 3, 3, 3, 3, 3, 3, 3, 3, 3, 3, 3, 3, 3, 3, 3, 3, 3, 3, 3, 3, 3, 3, 3, 3, 3, 3, 3, 3, 3, 3, 3, 3, 3, 3, 3, 3, 3, 3, 3, 3, 3, 3, 3, 3, 3, 3, 3, 3, 3, 3, 3, 3, 3, 3, 3, 3, 3, 3, 3, 3, 3, 3, 3, 3, 3, 3, 3, 3, 3, 3, 3, 3, 3, 3, 3, 3, 3, 3, 3, 3, 3, 3, 3, 3, 3, 3, 3, 3, 3, 3, 3, 3, 3, 3, 3, 3, 3, 3, 3, 3, 3, 3, 3, 3, 3, 3, 3, 3, 3, 3, 3, 3, 3, 3, 3, 3, 3, 3, 3, 3, 3, 3, 3, 3, 3, 3, 3, 3, 3, 3, 3, 3, 3, 3, 3, 3, 3, 3, 3, 3, 3, 3, 3, 3, 3, 3, 3, 3, 3, 3, 3, 3, 3, 3, 3, 3, 3, 3, 3, 3, 3, 3, 3, 3, 3, 3, 3, 3, 3, 3, 3, 3, 3, 3, 3, 3, 3, 3, 3, 3, 3, 3, 3, 3, 3, 3, 3, 3, 3, 3, 3, 3, 3, 3, 3, 3, 3, 3, 3, 3, 3, 3, 3, 3, 3, 3, 3, 3, 3, 3, 3, 3, 3, 3, 3, 3, 3, 3, 3, 3, 3, 3, 3, 3, 3, 3, 3, 3, 3, 3, 3, 3, 3, 3, 3, 3, 3, 3, 3, 3, 3, 3, 3, 3, 3, 3, 3, 3, 3, 3, 3, 3, 3, 3, 3, 3, 3, 3, 3, 3, 3, 3, 3, 3, 3, 3, 3, 3, 3, 3, 3, 3, 3, 3, 3, 3, 3, 3, 3, 3, 3, 3, 3, 3, 3, 3, 3, 3, 3, 3, 3, 3, 3, 3, 3, 3, 3, 3, 3, 3, 3, 3, 3, 3, 3, 3, 3, 3, 3, 3, 3, 3, 3, 3, 3, 3, 3, 3, 3, 3, 3, 3, 3, 3, 3, 3, 3, 3, 3, 3, 3, 3, 3, 3, 3, 3, 3, 3, 3, 3, 3, 3, 3, 3, 3, 3, 3, 3, 3, 3, 3, 3, 3, 3, 3, 3, 3, 3, 3, 3, 3, 3, 3, 3, 3, 3, 3, 3, 3, 3, 3, 3, 3, 3, 3, 3, 3, 3, 3, 3, 3, 3, 3, 3, 3, 3, 3, 3, 3, 3, 3, 3, 3, 3, 3, 3, 3, 3, 3, 3, 3, 3, 3, 3, 3, 3, 3, 3, 3, 3, 3, 3, 3, 3, 3, 3, 3, 3, 3, 3, 3, 3, 3, 3, 3, 3, 3, 3, 3, 3, 3, 3, 3, 3, 3, 3, 3, 3, 3, 3, 3, 3, 3, 3, 3, 3, 3, 3, 3, 3, 3, 3, 3, 3, 3, 3, 3, 3, 3, 3, 3, 3, 3, 3, 3, 3, 3, 3, 3, 3, 3, 3, 3, 3, 3, 3, 3, 3, 3, 3, 3, 3, 3, 3, 3, 3, 3, 3, 3, 3, 3, 3, 3, 3, 3, 3, 3, 3, 3, 3, 3, 3, 3, 3, 3, 3, 3, 3, 3, 3, 3, 3, 3, 3, 3, 3, 3, 3, 3, 3, 3, 3, 3, 3, 3, 3, 3, 3, 3, 3, 3, 3, 3, 3, 3, 3, 3, 3, 3, 3, 3, 3, 3, 3, 3, 3, 3, 3, 3, 3, 3, 3, 3, 3, 3, 3, 3, 3, 3, 3, 3, 3, 3, 3, 3, 3, 3, 3, 3, 3, 3, 3, 3, 3, 3, 3, 3, 3, 3, 3, 3, 3, 3, 3, 3, 3, 3, 3, 3, 3, 3, 3, 3, 3, 3, 3, 3, 3, 3, 3, 3, 3, 3, 3, 3, 3, 3, 3, 3, 3, 3, 3, 3, 3, 3, 3, 3, 3, 3, 3, 3, 3, 3, 3, 3, 3, 3, 3, 3, 3, 3, 3, 3, 3, 3, 3, 3, 3, 3, 3, 3, 3, 3, 3, 3, 3, 3, 3, 3, 3, 3, 3, 3, 3, 3, 3, 3, 3, 3, 3, 3, 3, 3, 3, 3, 3, 3, 3, 3, 3, 3, 3, 3, 3, 3, 3, 3, 3, 3, 3, 3, 3, 3, 3, 3, 3, 3, 3, 3, 3, 3, 3, 3, 3, 3, 3, 3, 3, 3, 3, 3, 3, 3, 3, 3, 3, 3, 3, 3, 3, 3, 3, 3, 3, 3, 3, 3, 3, 3, 3, 3, 3, 3, 3, 3, 3, 3, 3, 3, 3, 3, 3, 3, 3, 3, 3, 3, 3, 3, 3, 3, 3, 3, 3, 3, 3, 3, 3, 3, 3, 3, 3, 3, 3, 3, 3, 3, 3, 3, 3, 3, 3, 3, 3, 3, 3, 3, 3, 3, 3, 3, 3, 3, 3, 3, 3, 3, 3, 3, 3, 3, 3, 3, 3, 3, 3, 3, 3, 3, 3, 3, 3, 3, 3, 3, 3, 3, 3, 3, 3, 3, 3, 3, 3, 3, 3, 3, 3, 3, 3, 3, 3, 3, 3, 3, 3, 3, 3, 3, 3, 3, 3, 3, 3, 3, 3, 3, 3, 3, 3, 3, 3, 3, 3, 3, 3, 3, 3, 3, 3, 3, 3, 3, 3, 3, 3, 3, 3, 3, 3, 3, 3, 3, 3, 3, 3, 3, 3, 3, 3, 3, 3, 3, 3, 3, 3, 3, 3, 3, 3, 3, 3, 3, 3, 3, 3, 3, 3, 3, 3, 3, 3, 3, 3, 3, 3, 3, 3, 3, 3, 3, 3, 3, 3, 3, 3, 3, 3, 3, 3, 3, 3, 3, 3, 3, 3, 3, 3, 3, 3, 3, 3, 3, 3, 3, 3, 3, 3, 3, 3, 3, 3, 3, 3, 3, 3, 3, 3, 3, 3, 3, 3, 3, 3, 3, 3, 3, 3, 3, 3, 3, 3, 3, 3, 3, 3, 3, 3, 3, 3, 3, 3, 3, 3, 3, 3, 3, 3, 3, 3, 3, 3, 3, 3, 3, 3, 3, 3, 3, 3, 3, 3, 3, 3, 3, 3, 3, 3, 3, 3, 3, 3, 3, 3, 3, 3, 3, 3, 3, 3, 3, 3, 3, 3, 3, 3, 3, 3, 3, 3, 3, 3, 3, 3, 3, 3, 3, 3, 3, 3, 3, 3, 3, 3, 3, 3, 3, 3, 3, 3, 3, 3, 3, 3, 3, 3, 3, 3, 3, 3, 3, 3, 3, 3, 3, 3, 3, 3, 3, 3, 3, 3, 3, 3, 3, 3, 3, 3, 3, 3, 3, 3, 3, 3, 3, 3, 3, 3, 3, 3, 3, 3, 3, 3, 3, 3, 3, 3, 3, 3, 3, 3, 3, 3, 3, 3, 3, 3, 3, 3, 3, 3, 3, 3, 3, 3, 3, 3, 3, 3, 3, 3, 3, 3, 3, 3, 3, 3, 3, 3, 3, 3, 3, 3, 3, 3, 3, 3, 3, 3, 3, 3, 3, 3, 3, 3, 3, 3, 3, 3, 3, 3, 3, 3, 3, 3, 3, 3, 3, 3, 3, 3, 3, 3, 3, 3, 3, 3, 3, 3, 3, 3, 3, 3, 3, 3, 3, 3, 3, 3, 3, 3, 3, 3, 3, 3, 3, 3, 3, 3, 3, 3, 3, 3, 3, 3, 3, 3, 3, 3, 3, 3, 3, 3, 3, 3, 3, 3, 3, 3, 3, 3, 3, 3, 3, 3, 3, 3, 3, 3, 3, 3, 3, 3, 3, 3, 3, 3, 3, 3, 3, 3, 3, 3, 3, 3, 3, 3, 3, 3, 3, 3, 3, 3, 3, 3, 3, 3, 3, 3, 3, 3, 3, 3, 3, 3, 3, 3, 3, 3, 3, 3, 3, 3, 3, 3, 3, 3, 3, 3, 3, 3, 3, 3, 3, 3, 3, 3, 3, 3, 3, 3, 3, 3, 3, 3, 3, 3, 3, 3, 3, 3, 3, 3, 3, 3, 3, 3, 3, 3, 3, 3, 3, 3, 3, 3, 3, 3, 3, 3, 3, 3, 3, 3, 3, 3, 3, 3, 3, 3, 3, 3, 3, 3, 3, 3, 3, 3, 3, 3, 3, 3, 3, 3, 3, 3, 3, 3, 3, 3, 3, 3, 3, 3, 3, 3, 3, 3, 3, 3, 3, 3, 3, 3, 3, 3, 3, 3, 3, 3, 3, 3, 3, 3, 3, 3, 3, 3, 3, 3, 3, 3, 3, 3, 3, 3, 3, 3, 3, 3, 3, 3, 3, 3, 3, 3, 3, 3, 3, 3, 3, 3, 3, 3, 3, 3, 3, 3, 3, 3, 3, 3, 3, 3, 3, 3, 3, 3, 3, 3, 3, 3, 3, 3, 3, 3, 3, 3, 3, 3, 3, 3, 3, 3, 3, 3, 3, 3, 3, 3, 3, 3, 3, 3, 3, 3, 3, 3, 3, 3, 3, 3, 3, 3, 3, 3, 3, 3, 3, 3, 3, 3, 3, 3, 3, 3, 3, 3, 3, 3, 3, 3, 3, 3, 3, 3, 3, 3, 3, 3, 3, 3, 3, 3, 3, 3, 3, 3, 3, 3, 3, 3, 3, 3, 3, 3, 3, 3, 3, 3, 3, 3, 3, 3, 3, 3, 3, 3, 3, 3, 3, 3, 3, 3, 3, 3, 3, 3, 3, 3, 3, 3, 3, 3, 3, 3, 3, 3, 3, 3, 3, 3, 3, 3, 3, 3, 3, 3, 3, 3, 3, 3, 3, 3, 3, 3, 3, 3, 3, 3, 3, 3, 3, 3, 3, 3, 3, 3, 3, 3, 3, 3, 3, 3, 3, 3, 3, 3, 3, 3, 3, 3, 3, 3, 3, 3, 3, 3, 3, 3, 3, 3, 3, 3, 3, 3, 3, 3, 3, 3, 3, 3, 3, 3, 3, 3, 3, 3, 3, 3, 3, 3, 3, 3, 3, 3, 3, 3, 3, 3, 3, 3, 3, 3, 3, 3, 3, 3, 3, 3, 3, 3, 3, 3, 3, 3, 3, 3, 3, 3, 3, 3, 3, 3, 3, 3, 3, 3, 3, 3, 3, 3, 3, 3, 3, 3, 3, 3, 3, 3, 3, 3, 3, 3, 3, 3, 3, 3, 3, 3, 3, 3, 3, 3, 3, 3, 3, 3, 3, 3, 3, 3, 3, 3, 3, 3, 3, 3, 3, 3, 3, 3, 3, 3, 3, 3, 3, 3, 3, 3, 3, 3, 3, 3, 3, 3, 3, 3, 3, 3, 3, 3, 3, 3, 3, 3, 3, 3, 3, 3, 3, 3, 3, 3, 3, 3, 3, 3, 3, 3, 3, 3, 3, 3, 3, 3, 3, 3, 3, 3, 3, 3, 3, 3, 3, 3, 3, 3, 3, 3, 3, 3, 3, 3, 3, 3, 3, 3, 3, 3, 3, 3, 3, 3, 3, 3, 3, 3, 3, 3, 3, 3, 3, 3, 3, 3, 3, 3, 3, 3, 3, 3, 3, 3, 3, 3, 3, 3, 3, 3, 3, 3, 3, 3, 3, 3, 3, 3, 3, 3, 3, 3, 3, 3, 3, 3, 3, 3, 3, 3, 3, 3, 3, 3, 3, 3, 3, 3, 3, 3, 3, 3, 3, 3, 3, 3, 3, 3, 3, 3, 3, 3, 3, 3, 3, 3, 3, 3, 3, 3, 3, 3, 3, 3, 3, 3, 3, 3, 3, 3, 3, 3, 3, 3, 3, 3, 3, 3, 3, 3, 3, 3, 3, 3, 3, 3, 3, 3, 3, 3, 3, 3, 3, 3, 3, 3, 3, 3, 3, 3, 3, 3, 3, 3, 3, 3, 3, 3, 3, 3, 3, 3, 3, 3, 3, 3, 3, 3, 3, 3, 3, 3, 3, 3, 3, 3, 3, 3, 3, 3, 3, 3, 3, 3, 3, 3, 3, 3, 3, 3, 3, 3, 3, 3, 3, 3, 3, 3, 3, 3, 3, 3, 3, 3, 3, 3, 3, 3, 3, 3, 3, 3, 3, 3, 3, 3, 3, 3, 3, 3, 3, 3, 3, 3, 3, 3, 3, 3, 3, 3, 3, 3, 3, 3, 3, 3, 3, 3, 3, 3, 3, 3, 3, 3, 3, 3, 3, 3, 3, 3, 3, 3, 3, 3, 3, 3, 3, 3, 3, 3, 3, 3, 3, 3, 3, 3, 3, 3, 3, 3, 3, 3, 3, 3, 3, 3, 3, 3, 3, 3, 3, 3, 3, 3, 3, 3, 3, 3, 3, 3, 3, 3, 3, 3, 3, 3, 3, 3, 3, 3, 3, 3, 3, 3, 3, 3, 3, 3, 3, 3, 3, 3, 3, 3, 3, 3, 3, 3, 3, 3, 3, 3, 3, 3, 3, 3, 3, 3, 3, 3, 3, 3, 3, 3, 3, 3, 3, 3, 3, 3, 3, 3, 3, 3, 3, 3, 3, 3, 3, 3, 3, 3, 3, 3, 3, 3, 3, 3, 3, 3, 3, 3, 3, 3, 3, 3, 3, 3, 3, 3, 3, 3, 3, 3, 3, 3, 3, 3, 3, 3, 3, 3, 3, 3, 3, 3, 3, 3, 3, 3, 3, 3, 3, 3, 3, 3, 3, 3, 3, 3, 3, 3, 3, 3, 3, 3, 3, 3, 3, 3, 3, 3, 3, 3, 3, 3, 3, 3, 3, 3, 3, 3, 3, 3, 3, 3, 3, 3, 3, 3, 3, 3, 3, 3, 3, 3, 3, 3, 3, 3, 3, 3, 3, 3, 3, 3, 3, 3, 3, 3, 3, 3, 3, 3, 3, 3, 3, 3, 3, 3, 3, 3, 3, 3, 3, 3, 3, 3, 3, 3, 3, 3, 3, 3, 3, 3, 3, 3, 3, 3, 3, 3, 3, 3, 3, 3, 3, 3, 3, 3, 3, 3, 3, 3, 3, 3, 3, 3, 3, 3, 3, 3, 3, 3, 3, 3, 3, 3, 3, 3, 3, 3, 3, 3, 3, 3, 3, 3, 3, 3, 3, 3, 3, 3, 3, 3, 3, 3, 3, 3, 3, 3, 3, 3, 3, 3, 3, 3, 3, 3, 3, 3, 3, 3, 3, 3, 3, 3, 3, 3, 3, 3, 3, 3, 3, 3, 3, 3, 3, 3, 3, 3, 3, 3, 3, 3, 3, 3, 3, 3, 3, 3, 3, 3, 3, 3, 3, 3, 3, 3, 3, 3, 3, 3, 3, 3, 3, 3, 3, 3, 3, 3, 3, 3, 3, 3, 3, 3, 3, 3, 3, 3, 3, 3, 3, 3, 3, 3, 3, 3, 3, 3, 3, 3, 3, 3, 3, 3, 3, 3, 3, 3, 3, 3, 3, 3, 3, 3, 3, 3, 3, 3, 3, 3, 3, 3, 3, 3, 3, 3, 3, 3, 3, 3, 3, 3, 3, 3, 3, 3, 3, 3, 3, 3, 3, 3, 3, 3, 3, 3, 3, 3, 3, 3, 3, 3, 3, 3, 3, 3, 3, 3, 3, 3, 3, 3, 3, 3, 3, 3, 3, 3, 3, 3, 3, 3, 3, 3, 3, 3, 3, 3, 3, 3, 3, 3, 3, 3, 3, 3, 3, 3, 3, 3, 3, 3, 3, 3, 3, 3, 3, 3, 3, 3, 3, 3, 3, 3, 3, 3, 3, 3, 3, 3, 3, 3, 3, 3, 3, 3, 3, 3, 3, 3, 3, 3, 3, 3, 3, 3, 3, 3, 3, 3, 3, 3, 3, 3, 3, 3, 3, 3, 3, 3, 3, 3, 3, 3, 3, 3, 3, 3, 3, 3, 3, 3, 3, 3, 3, 3, 3, 3, 3, 3, 3, 3, 3, 3, 3, 3, 3, 3, 3, 3, 3, 3, 3, 3, 3, 3, 3, 3, 3, 3, 3, 3, 3, 3, 3, 3, 3, 3, 3, 3, 3, 3, 3, 3, 3, 3, 3, 3, 3, 3, 3, 3, 3, 3, 3, 3, 3, 3, 3, 3, 3, 3, 3, 3, 3, 3, 3, 3, 3, 3, 3, 3, 3, 3, 3, 3, 3, 3, 3, 3, 3, 3, 3, 3, 3, 3, 3, 3, 3, 3, 3, 3, 3, 3, 3, 3, 3, 3, 3, 3, 3, 3, 3, 3, 3, 3, 3, 3, 3, 3, 3, 3, 3, 3, 3, 3, 3, 3, 3, 3, 3, 3, 3, 3, 3, 3, 3, 3, 3, 3, 3, 3, 3, 3, 3, 3, 3, 3, 3, 3, 3, 3, 3, 3, 3, 3, 3, 3, 3, 3, 3, 3, 3, 3, 3, 3, 3, 3, 3, 3, 3, 3, 3, 3, 3, 3, 3, 3, 3, 3, 3, 3, 3, 3, 3, 3, 3, 3, 3, 3, 3, 3, 3, 3, 3, 3, 3, 3, 3, 3, 3, 3, 3, 3, 3, 3, 3, 3, 3, 3, 3, 3, 3, 3, 3, 3, 3, 3, 3, 3, 3, 3, 3, 3, 3, 3, 3, 3, 3, 3, 3, 3, 3, 3, 3, 3, 3, 3, 3, 3, 3, 3, 3, 3, 3, 3, 3, 3, 3, 3, 3, 3, 3, 3, 3, 3, 3, 3, 3, 3, 3, 3, 3, 3, 3, 3, 3, 3, 3, 3, 3, 3, 3, 3, 3, 3, 3, 3, 3, 3, 3, 3, 3, 3, 3, 3, 3, 3, 3, 3, 3, 3, 3, 3, 3, 3, 3, 3, 3, 3, 3, 3, 3, 3, 3, 3, 3, 3, 3, 3, 3, 3, 3, 3, 3, 3, 3, 3, 3, 3, 3, 3, 3, 3, 3, 3, 3, 3, 3, 3, 3, 3, 3, 3, 3, 3, 3, 3, 3, 3, 3, 3, 3, 3, 3, 3, 3, 3, 3, 3, 3, 3, 3, 3, 3, 3, 3, 3, 3, 3, 3, 3, 3, 3, 3, 3, 3, 3, 3, 3, 3, 3, 3, 3, 3, 3, 3, 3, 3, 3, 3, 3, 3, 3, 3, 3, 3, 3, 3, 3, 3, 3, 3, 3, 3, 3, 3, 3, 3, 3, 3, 3, 3, 3, 3, 3, 3, 3, 3, 3, 3, 3, 3, 3, 3, 3, 3, 3, 3, 3, 3, 3, 3, 3, 3, 3, 3, 3, 3, 3, 3, 3, 3, 3, 3, 3, 3, 3, 3, 3, 3, 3, 3, 3, 3, 3, 3, 3, 3, 3, 3, 3, 3, 3, 3, 3, 3, 3, 3, 3, 3, 3, 3, 3, 3, 3, 3, 3, 3, 3, 3, 3, 3, 3, 3, 3, 3, 3, 3, 3, 3, 3, 3, 3, 3, 3, 3, 3, 3, 3, 3, 3, 3, 3, 3, 3, 3, 3, 3, 3, 3, 3, 3, 3, 3, 3, 3, 3, 3, 3, 3, 3, 3, 3, 3, 3, 3, 3, 3, 3, 3, 3, 3, 3, 3, 3, 3, 3, 3, 3, 3, 3, 3, 3, 3, 3, 3, 3, 3, 3, 3, 3, 3, 3, 3, 3, 3, 3, 3, 3, 3, 3, 3, 3, 3, 3, 3, 3, 3, 3, 3, 3, 3, 3, 3, 3, 3, 3, 3, 3, 3, 3, 3, 3, 3, 3, 3, 3, 3, 3, 3, 3, 3, 3, 3, 3, 3, 3, 3, 3, 3, 3, 3, 3, 3, 3, 3, 3, 3, 3, 3, 3, 3, 3, 3, 3, 3, 3, 3, 3, 3, 3, 3, 3, 3, 3, 3, 3, 3, 3, 3, 3, 3, 3, 3, 3, 3, 3, 3, 3, 3, 3, 3, 3, 3, 3, 3, 3, 3, 3, 3, 3, 3, 3, 3, 3, 3, 3, 3, 3, 3, 3, 3, 3, 3, 3, 3, 3, 3, 3, 3, 3, 3, 3, 3, 3, 3, 3, 3, 3, 3, 3, 3, 3, 3, 3, 3, 3, 3, 3, 3, 3, 3, 3, 3, 3, 3, 3, 3, 3, 3, 3, 3, 3, 3, 3, 3, 3, 3, 3, 3, 3, 3, 3, 3, 3, 3, 3, 3, 3, 3, 3, 3, 3, 3, 3, 3, 3, 3, 3, 3, 3, 3, 3, 3, 3, 3, 3, 3, 3, 3, 3, 3, 3, 3, 3, 3, 3, 3, 3, 3, 3, 3, 3, 3, 3, 3, 3, 3, 3, 3, 3, 3, 3, 3, 3, 3, 3, 3, 3, 3, 3, 3, 3, 3, 3, 3, 3, 3, 3, 3, 3, 3, 3, 3, 3, 3, 3, 3, 3, 3, 3, 3, 3, 3, 3, 3, 3, 3, 3, 3, 3, 3, 3, 3, 3, 3, 3, 3, 3, 3, 3, 3, 3, 3, 3, 3, 3, 3, 3, 3, 3, 3, 3, 3, 3, 3, 3, 3, 3, 3, 3, 3, 3, 3, 3, 3, 3, 3, 3, 3, 3, 3, 3, 3, 3, 3, 3, 3, 3, 3, 3, 3, 3, 3, 3, 3, 3, 3, 3, 3, 3, 3, 3, 3, 3, 3, 3, 3, 3, 3, 3, 3, 3, 3, 3, 3, 3, 3, 3, 3, 3, 3, 3, 3, 3, 3, 3, 3, 3, 3, 3, 3, 3, 3, 3, 3, 3, 3, 3, 3, 3, 3, 3, 3, 3, 3, 3, 3, 3, 3, 3, 3, 3, 3, 3, 3, 3, 3, 3, 3, 3, 3, 3, 3, 3, 3, 3, 3, 3, 3, 3, 3, 3, 3, 3, 3, 3, 3, 3, 3, 3, 3, 3, 3, 3, 3, 3, 3, 3, 3, 3, 3, 3, 3, 3, 3, 3, 3, 3, 3, 3, 3, 3, 3, 3, 3, 3, 3, 3, 3, 3, 3, 3, 3, 3, 3, 3, 3, 3, 3, 3, 3, 3, 3, 3, 3, 3, 3, 3, 3, 3, 3, 3, 3, 3, 3, 3, 3, 3, 3, 3, 3, 3, 3, 3, 3, 3, 3, 3, 3, 3, 3, 3, 3, 3, 3, 3, 3, 3, 3, 3, 3, 3, 3, 3, 3, 3, 3, 3, 3, 3, 3, 3, 3, 3, 3, 3, 3, 3, 3, 3, 3, 3, 3, 3, 3, 3, 3, 3, 3, 3, 3, 3, 3, 3, 3, 3, 3, 3, 3, 3, 3, 3, 3, 3, 3, 3, 3, 3, 3, 3, 3, 3, 3, 3, 3, 3, 3, 3, 3, 3, 3, 3, 3, 3, 3, 3, 3, 3, 3, 3, 3, 3, 3, 3, 3, 3, 3, 3, 3, 3, 3, 3, 3, 3, 3, 3, 3, 3, 3, 3, 3, 3, 3, 3, 3, 3, 3, 3, 3, 3, 3, 3, 3, 3, 3, 3, 3, 3, 3, 3, 3, 3, 3, 3, 3, 3, 3, 3, 3, 3, 3, 3, 3, 3, 3, 3, 3, 3, 3, 3, 3, 3, 3, 3, 3, 3, 3, 3, 3, 3, 3, 3, 3, 3, 3, 3, 3, 3, 3, 3, 3, 3, 3, 3, 3, 3, 3, 3, 3, 3, 3, 3, 3, 3, 3, 3, 3, 3, 3, 3, 3, 3, 3, 3, 3, 3, 3, 3, 3, 3, 3, 3, 3, 3, 3, 3, 3, 3, 3, 3, 3, 3, 3, 3, 3, 3, 3, 3, 3, 3, 3, 3, 3, 3, 3, 3, 3, 3, 3, 3, 3, 3, 3, 3, 3, 3, 3, 3, 3, 3, 3, 3, 3, 3, 3, 3, 3, 3, 3, 3, 3, 3, 3, 3, 3, 3, 3, 3, 3, 3, 3, 3, 3, 3, 3, 3, 3, 3, 3, 3, 3, 3, 3, 3, 3, 3, 3, 3, 3, 3, 3, 3, 3, 3, 3, 3, 3, 3, 3, 3, 3, 3, 3, 3, 3, 3, 3, 3, 3, 3, 3, 3, 3, 3, 3, 3, 3, 3, 3, 3, 3, 3, 3, 3, 3, 3, 3, 3, 3, 3, 3, 3, 3, 3, 3, 3, 3, 3, 3, 3, 3, 3, 3, 3, 3, 3, 3, 3, 3, 3, 3, 3, 3, 3, 3, 3, 3, 3, 3, 3, 3, 3, 3, 3, 3, 3, 3, 3, 3, 3, 3, 3, 3, 3, 3, 3, 3, 3, 3, 3, 3, 3, 3, 3, 3, 3, 3, 3, 3, 3, 3, 3, 3, 3, 3, 3, 3, 3, 3, 3, 3, 3, 3, 3, 3, 3, 3, 3, 3, 3, 3, 3, 3, 3, 3, 3, 3, 3, 3, 3, 3, 3, 3, 3, 3, 3, 3, 3, 3, 3, 3, 3, 3, 3, 3, 3, 3, 3, 3, 3, 3, 3, 3, 3, 3, 3, 3, 3, 3, 3, 3, 3, 3, 3, 3, 3, 3, 3, 3, 3, 3, 3, 3, 3, 3, 3, 3, 3, 3, 3, 3, 3, 3, 3, 3, 3, 3, 3, 3, 3, 3, 3, 3, 3, 3, 3, 3, 3, 3, 3, 3, 3, 3, 3, 3, 3, 3, 3, 3, 3, 3, 3, 3, 3, 3, 3, 3, 3, 3, 3, 3, 3, 3, 3, 3, 3, 3, 3, 3, 3, 3, 3, 3, 3, 3, 3, 3, 3, 3, 3, 3, 3, 3, 3, 3, 3, 3, 3, 3, 3, 3, 3, 3, 3, 3, 3, 3, 3, 3, 3, 3, 3, 3, 3, 3, 3, 3, 3, 3, 3, 3, 3, 3, 3, 3, 3, 3, 3, 3, 3, 3, 3, 3, 3, 3, 3, 3, 3, 3, 3, 3, 3, 3, 3, 3, 3, 3, 3, 3, 3, 3, 3, 3, 3, 3, 3, 3, 3, 3, 3, 3, 3, 3, 3, 3, 3, 3, 3, 3, 3, 3, 3, 3, 3, 3, 3, 3, 3, 3, 3, 3, 3, 3, 3, 3, 3, 3, 3, 3, 3, 3, 3, 3, 3, 3, 3, 3, 3, 3, 3, 3, 3, 3, 3, 3, 3, 3, 3, 3, 3, 3, 3, 3, 3, 3, 3, 3, 3, 3, 3, 3, 3, 3, 3, 3, 3, 3, 3, 3, 3, 3, 3, 3, 3, 3, 3, 3, 3, 3, 3, 3, 3, 3, 3, 3, 3, 3, 3, 3, 3, 3, 3, 3, 3, 3, 3, 3, 3, 3, 3, 3, 3, 3, 3, 3, 3, 3, 3, 3, 3, 3, 3, 3, 3, 3, 3, 3, 3, 3, 3, 3, 3, 3, 3, 3, 3, 3, 3, 3, 3, 3, 3, 3, 3, 3, 3, 3, 3, 3, 3, 3, 3, 3, 3, 3, 3, 3, 3, 3, 3, 3, 3, 3, 3, 3, 3, 3, 3, 3, 3, 3, 3, 3, 3, 3, 3, 3, 3, 3, 3, 3, 3, 3, 3, 3, 3, 3, 3, 3, 3, 3, 3, 3, 3, 3, 3, 3, 3, 3, 3, 3, 3, 3, 3, 3, 3, 3, 3, 3, 3, 3, 3, 3, 3, 3, 3, 3, 3, 3, 3, 3, 3, 3, 3, 3, 3, 3, 3, 3, 3, 3, 3, 3, 3, 3, 3, 3, 3, 3, 3, 3, 3, 3, 3, 3, 3, 3, 3, 3, 3, 3, 3, 3, 3, 3, 3, 3, 3, 3, 3, 3, 3, 3, 3, 3, 3, 3, 3, 3, 3, 3, 3, 3, 3, 3, 3, 3, 3, 3, 3, 3, 3, 3, 3, 3, 3, 3, 3, 3, 3, 3, 3, 3, 3, 3, 3, 3, 3, 3, 3, 3, 3, 3, 3, 3, 3, 3, 3, 3, 3, 3, 3, 3, 3, 3, 3, 3, 3, 3, 3, 3, 3, 3, 3, 3, 3, 3, 3, 3, 3, 3, 3, 3, 3, 3, 3, 3, 3, 3, 3, 3, 3, 3, 3, 3, 3, 3, 3, 3, 3, 3, 3, 3, 3, 3, 3, 3, 3, 3, 3, 3, 3, 3, 3, 3, 3, 3, 3, 3, 3, 3, 3, 3, 3, 3, 3, 3, 3, 3, 3, 3, 3, 3, 3, 3, 3, 3, 3, 3, 3, 3, 3, 3, 3, 3, 3, 3, 3, 3, 3, 3, 3, 3, 3, 3, 3, 3, 3, 3, 3, 3, 3, 3, 3, 3, 3, 3, 3, 3, 3, 3, 3, 3, 3, 3, 3, 3, 3, 3, 3, 3, 3, 3, 3, 3, 3, 3, 3, 3, 3, 3, 3, 3, 3, 3, 3, 3, 3, 3, 3, 3, 3, 3, 3, 3, 3, 3, 3, 3, 3, 3, 3, 3, 3, 3, 3, 3, 3, 3, 3, 3, 3, 3, 3, 3, 3, 3, 3, 3, 3, 3, 3, 3, 3, 3, 3, 3, 3, 3, 3, 3, 3, 3, 3, 3, 3, 3, 3, 3, 3, 3, 3, 3, 3, 3, 3, 3, 3, 3, 3, 3, 3, 3, 3, 3, 3, 3, 3, 3, 3, 3, 3, 3, 3, 3, 3, 3, 3, 3, 3, 3, 3, 3, 3, 3, 3, 3, 3, 3, 3, 3, 3, 3, 3, 3, 3, 3, 3, 3, 3, 3, 3, 3, 3, 3, 3, 3, 3, 3, 3, 3, 3, 3, 3, 3, 3, 3, 3, 3, 3, 3, 3, 3, 3, 3, 3, 3, 3, 3, 3, 3, 3, 3, 3, 3, 3, 3, 3, 3, 3, 3, 3, 3, 3, 3, 3, 3, 3, 3, 3, 3, 3, 3, 3, 3, 3, 3, 3, 3, 3, 3, 3, 3, 3, 3, 3, 3, 3, 3, 3, 3, 3, 3, 3, 3, 3, 3, 3, 3, 3, 3, 3, 3, 3, 3, 3, 3, 3, 3, 3, 3, 3, 3, 3, 3, 3, 3, 3, 3, 3, 3, 3, 3, 3, 3, 3, 3, 3, 3, 3, 3, 3, 3, 3, 3, 3, 3, 3, 3, 3, 3, 3, 3, 3, 3, 3, 3, 3, 3, 3, 3, 3, 3, 3, 3, 3, 3, 3, 3, 3, 3, 3, 3, 3, 3, 3, 3, 3, 3, 3, 3, 3, 3, 3, 3, 3, 3, 3, 3, 3, 3, 3, 3, 3, 3, 3, 3, 3, 3, 3, 3, 3, 3, 3, 3, 3, 3, 3, 3, 3, 3, 3, 3, 3, 3, 3, 3, 3, 3, 3, 3, 3, 3, 3, 3, 3, 3, 3, 3, 3, 3, 3, 3, 3, 3, 3, 3, 3, 3, 3, 3, 3, 3, 3, 3, 3, 3, 3, 3, 3, 3, 3, 3, 3, 3, 3, 3, 3, 3, 3, 3, 3, 3, 3, 3, 3, 3, 3, 3, 3, 3, 3, 3, 3, 3, 3, 3, 3, 3, 3, 3, 3, 3, 3, 3, 3, 3, 3, 3, 3, 3, 3, 3, 3, 3, 3, 3, 3, 3, 3, 3, 3, 3, 3, 3, 3, 3, 3, 3, 3, 3, 3, 3, 3, 3, 3, 3, 3, 3, 3, 3, 3, 3, 3, 3, 3, 3, 3, 3, 3, 3, 3, 3, 3, 3, 3, 3, 3, 3, 3, 3, 3, 3, 3, 3, 3, 3, 3, 3, 3, 3, 3, 3, 3, 3, 3, 3, 3, 3, 3, 3, 3, 3, 3, 3, 3, 3, 3, 3, 3, 3, 3, 3, 3, 3, 3, 3, 3, 3, 3, 3, 3, 3, 3, 3, 3, 3, 3, 3, 3, 3, 3, 3, 3, 3, 3, 3, 3, 3, 3, 3, 3, 3, 3, 3, 3, 3, 3, 3, 3, 3, 3, 3, 3, 3, 3, 3, 3, 3, 3, 3, 3, 3, 3, 3, 3, 3, 3, 3, 3, 3, 3, 3, 3, 3, 3, 3, 3, 3, 3, 3, 3, 3, 3, 3, 3, 3, 3, 3, 3, 3, 3, 3, 3, 3, 3, 3, 3, 3, 3, 3, 3, 3, 3, 3, 3, 3, 3, 3, 3, 3, 3, 3, 3, 3, 3, 3, 3, 3, 3, 3, 3, 3, 3, 3, 3, 3, 3, 3, 3, 3, 3, 3, 3, 3, 3, 3, 3, 3, 3, 3, 3, 3, 3, 3, 3, 3, 3, 3, 3, 3, 3, 3, 3, 3, 3, 3, 3, 3, 3, 3, 3, 3, 3, 3, 3, 3, 3, 3, 3, 3, 3, 3, 3, 3, 3, 3, 3, 3, 3, 3, 3, 3, 3, 3, 3, 3, 3, 3, 3, 3, 3, 3, 3, 3, 3, 3, 3, 3, 3, 3, 3, 3, 3, 3, 3, 3, 3, 3, 3, 3, 3, 3, 3, 3, 3, 3, 3, 3, 3, 3, 3, 3, 3, 3, 3, 3, 3, 3, 3, 3, 3, 3, 3, 3, 3, 3, 3, 3, 3, 3, 3, 3, 3, 3, 3, 3, 3, 3, 3, 3, 3, 3, 3, 3, 3, 3, 3, 3, 3, 3, 3, 3, 3, 3, 3, 3, 3, 3, 3, 3, 3, 3, 3, 3, 3, 3, 3, 3, 3, 3, 3, 3, 3, 3, 3, 3, 3, 3, 3, 3, 3, 3, 3, 3, 3, 3, 3, 3, 3, 3, 3, 3, 3, 3, 3, 3, 3, 3, 3, 3, 3, 3, 3, 3, 3, 3, 3, 3, 3, 3, 3, 3, 3, 3, 3, 3, 3, 3, 3, 3, 3, 3, 3, 3, 3, 3, 3, 3, 3, 3, 3, 3, 3, 3, 3, 3, 3, 3, 3, 3, 3, 3, 3, 3, 3, 3, 3, 3, 3, 3, 3, 3, 3, 3, 3, 3, 3, 3, 3, 3, 3, 3, 3, 3, 3, 3, 3, 3, 3, 3, 3, 3, 3, 3, 3, 3, 3, 3, 3, 3, 3, 3, 3, 3, 3, 3, 3, 3, 3, 3, 3, 3, 3, 3, 3, 3, 3, 3, 3, 3, 3, 3, 3, 3, 3, 3, 3, 3, 3, 3, 3, 3, 3, 3, 3, 3, 3, 3, 3, 3, 3, 3, 3, 3, 3, 3, 3, 3, 3, 3, 3, 3, 3, 3, 3, 3, 3, 3, 3, 3, 3, 3, 3, 3, 3, 3, 3, 3, 3, 3, 3, 3, 3, 3, 3, 3, 3, 3, 3, 3, 3, 3, 3, 3, 3, 3, 3, 3, 3, 3, 3, 3, 3, 3, 3, 3, 3, 3, 3, 3, 3, 3, 3, 3, 3, 3, 3, 3, 3, 3, 3, 3, 3, 3, 3, 3, 3, 3, 3, 3, 3, 3, 3, 3, 3, 3, 3, 3, 3, 3, 3, 3, 3, 3, 3, 3, 3, 3, 3, 3, 3, 3, 3, 3, 3, 3, 3, 3, 3, 3, 3, 3, 3, 3, 3, 3, 3, 3, 3, 3, 3, 3, 3, 3, 3, 3, 3, 3, 3, 3, 3, 3, 3, 3, 3, 3, 3, 3, 3, 3, 3, 3, 3, 3, 3, 3, 3, 3, 3, 3, 3, 3, 3, 3, 3, 3, 3, 3, 3, 3, 3, 3, 3, 3, 3, 3, 3, 3, 3, 3, 3, 3, 3, 3, 3, 3, 3, 3, 3, 3, 3, 3, 3, 3, 3, 3, 3, 3, 3, 3, 3, 3, 3, 3, 3, 3, 3, 3, 3, 3, 3, 3, 3, 3, 3, 3, 3, 3, 3, 3, 3, 3, 3, 3, 3, 3, 3, 3, 3, 3, 3, 3, 3, 3, 3, 3, 3, 3, 3, 3, 3, 3, 3, 3, 3, 3, 3, 3, 3, 3, 3, 3, 3, 3, 3, 3, 3, 3, 3, 3, 3, 3, 3, 3, 3, 3, 3, 3, 3, 3, 3, 3, 3, 3, 3, 3, 3, 3, 3, 3, 3, 3, 3, 3, 3, 3, 3, 3, 3, 3, 3, 3, 3, 3, 3, 3, 3, 3, 3, 3, 3, 3, 3, 3, 3, 3, 3, 3, 3, 3, 3, 3, 3, 3, 3, 3, 3, 3, 3, 3, 3, 3, 3, 3, 3, 3, 3, 3, 3, 3, 3, 3, 3, 3, 3, 3, 3, 3, 3, 3, 3, 3, 3, 3, 3, 3, 3, 3, 3, 3, 3, 3, 3, 3, 3, 3, 3, 3, 3, 3, 3, 3, 3, 3, 3, 3, 3, 3, 3, 3, 3, 3, 3, 3, 3, 3, 3, 3, 3, 3, 3, 3, 3, 3, 3, 3, 3, 3, 3, 3, 3, 3, 3, 3, 3, 3, 3, 3, 3, 3, 3, 3, 3, 3, 3, 3, 3, 3, 3, 3, 3, 3, 3, 3, 3, 3, 3, 3, 3, 3, 3, 3, 3, 3, 3, 3, 3, 3, 3, 3, 3, 3, 3, 3, 3, 3, 3, 3, 3, 3, 3, 3, 3, 3, 3, 3, 3, 3, 3, 3, 3, 3, 3, 3, 3, 3, 3, 3, 3, 3, 3, 3, 3, 3, 3, 3, 3, 3, 3, 3, 3, 3, 3, 3, 3, 3, 3, 3, 3, 3, 3, 3, 3, 3, 3, 3, 3, 3, 3, 3, 3, 3, 3, 3, 3, 3, 3, 3, 3, 3, 3, 3, 3, 3, 3, 3, 3, 3, 3, 3, 3, 3, 3, 3, 3, 3, 3, 3, 3, 3, 3, 3, 3, 3, 3, 3, 3, 3, 3, 3, 3, 3, 3, 3, 3, 3, 3, 3, 3, 3, 3, 3, 3, 3, 3, 3, 3, 3, 3, 3, 3, 3, 3, 3, 3, 3, 3, 3, 3, 3, 3, 3, 3, 3, 3, 3, 3, 3, 3, 3, 3, 3, 3, 3, 3, 3, 3, 3, 3, 3, 3, 3, 3, 3, 3, 3, 3, 3, 3, 3, 3, 3, 3, 3, 3, 3, 3, 3, 3, 3, 3, 3, 3, 3, 3, 3, 3, 3, 3, 3, 3, 3, 3, 3, 3, 3, 3, 3, 3, 3, 3, 3, 3, 3, 3, 3, 3, 3, 3, 3, 3, 3, 3, 3, 3, 3, 3, 3, 3, 3, 3, 3, 3, 3, 3, 3, 3, 3, 3, 3, 3, 3, 3, 3, 3, 3, 3, 3, 3, 3, 3, 3, 3, 3, 3, 3, 3, 3, 3, 3, 3, 3, 3, 3, 3, 3, 3, 3, 3, 3, 3, 3, 3, 3, 3, 3, 3, 3, 3, 3, 3, 3, 3, 3, 3, 3, 3, 3, 3, 3, 3, 3, 3, 3, 3, 3, 3, 3, 3, 3, 3, 3, 3, 3, 3, 3, 3, 3, 3, 3, 3, 3, 3, 3, 3, 3, 3, 3, 3, 3, 3, 3, 3, 3, 3, 3, 3, 3, 3, 3, 3, 3, 3, 3, 3, 3, 3, 3, 3, 3, 3, 3, 3, 3, 3, 3, 3, 3, 3, 3, 3, 3, 3, 3, 3, 3, 3, 3, 3, 3, 3, 3, 3, 3, 3, 3, 3, 3, 3, 3, 3, 3, 3, 3, 3, 3, 3, 3, 3, 3, 3, 3, 3, 3, 3, 3, 3, 3, 3, 3, 3, 3, 3, 3, 3, 3, 3, 3, 3, 3, 3, 3, 3, 3, 3, 3, 3, 3, 3, 3, 3, 3, 3, 3, 3, 3, 3, 3, 3, 3, 3, 3, 3, 3, 3, 3, 3, 3, 3, 3, 3, 3, 3, 3, 3, 3, 3, 3, 3, 3, 3, 3, 3, 3, 3, 3, 3, 3, 3, 3, 3, 3, 3, 3, 3, 3, 3, 3, 3, 3, 3, 3, 3, 3, 3, 3, 3, 3, 3, 3, 3, 3, 3, 3, 3, 3, 3, 3, 3, 3, 3, 3, 3, 3, 3, 3, 3, 3, 3, 3, 3, 3, 3, 3, 3, 3, 3, 3, 3, 3, 3, 3, 3, 3, 3, 3, 3, 3, 3, 3, 3, 3, 3, 3, 3, 3, 3, 3, 3, 3, 3, 3, 3, 3, 3, 3, 3, 3, 3, 3, 3, 3, 3, 3, 3, 3, 3, 3, 3, 3, 3, 3, 3, 3, 3, 3, 3, 3, 3, 3, 3, 3, 3, 3, 3, 3, 3, 3, 3, 3, 3, 3, 3, 3, 3, 3, 3, 3, 3, 3, 3, 3, 3, 3, 3, 3, 3, 3, 3, 3, 3, 3, 3, 3, 3, 3, 3, 3, 3, 3, 3, 3, 3, 3, 3, 3, 3, 3, 3, 3, 3, 3, 3, 3, 3, 3, 3, 3, 3, 3, 3, 3, 3, 3, 3, 3, 3, 3, 3, 3, 3, 3, 3, 3, 3, 3, 3, 3, 3, 3, 3, 3, 3, 3, 3, 3, 3, 3, 3, 3, 3, 3, 3, 3, 3, 3, 3, 3, 3, 3, 3, 3, 3, 3, 3, 3, 3, 3, 3, 3, 3, 3, 3, 3, 3, 3, 3, 3, 3, 3, 3, 3, 3, 3, 3, 3, 3, 3, 3, 3, 3, 3, 3, 3, 3, 3, 3, 3, 3, 3, 3, 3, 3, 3, 3, 3, 3, 3, 3, 3, 3, 3, 3, 3, 3, 3, 3, 3, 3, 3, 3, 3, 3, 3, 3, 3, 3, 3, 3, 3, 3, 3, 3, 3, 3, 3, 3, 3, 3, 3, 3, 3, 3, 3, 3, 3, 3, 3, 3, 3, 3, 3, 3, 3, 3, 3, 3, 3, 3, 3, 3, 3, 3, 3, 3, 3, 3, 3, 3, 3, 3, 3, 3, 3, 3, 3, 3, 3, 3, 3, 3, 3, 3, 3, 3, 3, 3, 3, 3, 3, 3, 3, 3, 3, 3, 3, 3, 3, 3, 3, 3, 3, 3, 3, 3, 3, 3, 3, 3, 3, 3, 3, 3, 3, 3, 3, 3, 3, 3, 3, 3, 3, 3, 3, 3, 3, 3, 3, 3, 3, 3, 3, 3, 3, 3, 3, 3, 3, 3, 3, 3, 3, 3, 3, 3, 3, 3, 3, 3, 3, 3, 3, 3, 3, 3, 3, 3, 3, 3, 3, 3, 3, 3, 3, 3, 3, 3, 3, 3, 3, 3, 3, 3, 3, 3, 3, 3, 3, 3, 3, 3, 3, 3, 3, 3, 3, 3, 3, 3, 3, 3, 3, 3, 3, 3, 3, 3, 3, 3, 3, 3, 3, 3, 3, 3, 3, 3, 3, 3, 3, 3, 3, 3, 3, 3, 3, 3, 3, 3, 3, 3, 3, 3, 3, 3, 3, 3, 3, 3, 3, 3, 3, 3, 3, 3, 3, 3, 3, 3, 3, 3, 3, 3, 3, 3, 3, 3, 3, 3, 3, 3, 3, 3, 3, 3, 3, 3, 3, 3, 3, 3, 3, 3, 3, 3, 3, 3, 3, 3, 3, 3, 3, 3, 3, 3, 3, 3, 3, 3, 3, 3, 3, 3, 3, 3, 3, 3, 3, 3, 3, 3, 3, 3, 3, 3, 3, 3, 3, 3, 3, 3, 3, 3, 3, 3, 3, 3, 3, 3, 3, 3, 3, 3, 3, 3, 3, 3, 3, 3, 3, 3, 3, 3, 3, 3, 3, 3, 3, 3, 3, 3, 3, 3, 3, 3, 3, 3, 3, 3, 3, 3, 3, 3, 3, 3, 3, 3, 3, 3, 3, 3, 3, 3, 3, 3, 3, 3, 3, 3, 3, 3, 3, 3, 3, 3, 3, 3, 3, 3, 3, 3, 3, 3, 3, 3, 3, 3, 3, 3, 3, 3, 3, 3, 3, 3, 3, 3, 3, 3, 3, 3, 3, 3, 3, 3, 3, 3, 3, 3, 3, 3, 3, 3, 3, 3, 3, 3, 3, 3, 3, 3, 3, 3, 3, 3, 3, 3, 3, 3, 3, 3, 3, 3, 3, 3, 3, 3, 3, 3, 3, 3, 3, 3, 3, 3, 3, 3, 3, 3, 3, 3, 3, 3, 3, 3, 3, 3, 3, 3, 3, 3, 3, 3, 3, 3, 3, 3, 3, 3, 3, 3, 3, 3, 3, 3, 3, 3, 3, 3, 3, 3, 3, 3, 3, 3, 3, 3, 3, 3, 3, 3, 3, 3, 3, 3, 3, 3, 3, 3, 3, 3, 3, 3, 3, 3, 3, 3, 3, 3, 3, 3, 3, 3, 3, 3, 3, 3, 3, 3, 3, 3, 3, 3, 3, 3, 3, 3, 3, 3, 3, 3, 3, 3, 3, 3, 3, 3, 3, 3, 3, 3, 3, 3, 3, 3, 3, 3, 3, 3, 3, 3, 3, 3, 3, 3, 3, 3, 3, 3, 3, 3, 3, 3, 3, 3, 3, 3, 3, 3, 3, 3, 3, 3, 3, 3, 3, 3, 3, 3, 3, 3, 3, 3, 3, 3, 3, 3, 3, 3, 3, 3, 3, 3, 3, 3, 3, 3, 3, 3, 3, 3, 3, 3, 3, 3, 3, 3, 3, 3, 3, 3, 3, 3, 3, 3, 3, 3, 3, 3, 3, 3, 3, 3, 3, 3, 3, 3, 3, 3, 3, 3, 3, 3, 3, 3, 3, 3, 3, 3, 3, 3, 3, 3, 3, 3, 3, 3, 3, 3, 3, 3, 3, 3, 3, 3, 3, 3, 3, 3, 3, 3, 3, 3, 3, 3, 3, 3, 3, 3, 3, 3, 3, 3, 3, 3, 3, 3, 3, 3, 3, 3, 3, 3, 3, 3, 3, 3, 3, 3, 3, 3, 3, 3, 3, 3, 3, 3, 3, 3, 3, 3, 3, 3, 3, 3, 3, 3, 3, 3, 3, 3, 3, 3, 3, 3, 3, 3, 3, 3, 3, 3, 3, 3, 3, 3, 3, 3, 3, 3, 3, 3, 3, 3, 3, 3, 3, 3, 3, 3, 3, 3, 3, 3, 3, 3, 3, 3, 3, 3, 3, 3, 3, 3, 3, 3, 3, 3, 3, 3, 3, 3, 3, 3, 3, 3, 3, 3, 3, 3, 3, 3, 3, 3, 3, 3, 3, 3, 3, 3, 3, 3, 3, 3, 3, 3, 3, 3, 3, 3, 3, 3, 3, 3, 3, 3, 3, 3, 3, 3, 3, 3, 3, 3, 3, 3, 3, 3, 3, 3, 3, 3, 3, 3, 3, 3, 3, 3, 3, 3, 3, 3, 3, 3, 3, 3, 3, 3, 3, 3, 3, 3, 3, 3, 3, 3, 3, 3, 3, 3, 3, 3, 3, 3, 3, 3, 3, 3, 3, 3, 3, 3, 3, 3, 3, 3, 3, 3, 3, 3, 3, 3, 3, 3, 3, 3, 3, 3, 3, 3, 3, 3, 3, 3, 3, 3, 3, 3, 3, 3, 3, 3, 3, 3, 3, 3, 3, 3, 3, 3, 3, 3, 3, 3, 3, 3, 3, 3, 3, 3, 3, 3, 3, 3, 3, 3, 3, 3, 3, 3, 3, 3, 3, 3, 3, 3, 3, 3, 3, 3, 3, 3, 3, 3, 3, 3, 3, 3, 3, 3, 3, 3, 3, 3, 3, 3, 3, 3, 3, 3, 3, 3, 3, 3, 3, 3, 3, 3, 3, 3, 3, 3, 3, 3, 3, 3, 3, 3, 3, 3, 3, 3, 3, 3, 3, 3, 3, 3, 3, 3, 3, 3, 3, 3, 3, 3, 3, 3, 3, 3, 3, 3, 3, 3, 3, 3, 3, 3, 3, 3, 3, 3, 3, 3, 3, 3, 3, 3, 3, 3, 3, 3, 3, 3, 3, 3, 3, 3, 3, 3, 3, 3, 3, 3, 3, 3, 3, 3, 3, 3, 3, 3, 3, 3, 3, 3, 3, 3, 3, 3, 3, 3, 3, 3, 3, 3, 3, 3, 3, 3, 3, 3, 3, 3, 3, 3, 3, 3, 3, 3, 3, 3, 3, 3, 3, 3, 3, 3, 3, 3, 3, 3, 3, 3, 3, 3, 3, 3, 3, 3, 3, 3, 3, 3, 3, 3, 3, 3, 3, 3, 3, 3, 3, 3, 3, 3, 3, 3, 3, 3, 3, 3, 3, 3, 3, 3, 3, 3, 3, 3, 3, 3, 3, 3, 3, 3, 3, 3, 3, 3, 3, 3, 3, 3, 3, 3, 3, 3, 3, 3, 3, 3, 3, 3, 3, 3, 3, 3, 3, 3, 3, 3, 3, 3, 3, 3, 3, 3, 3, 3, 3, 3, 3, 3, 3, 3, 3, 3, 3, 3, 3, 3, 3, 3, 3, 3, 3, 3, 3, 3, 3, 3, 3, 3, 3, 3, 3, 3, 3, 3, 3, 3, 3, 3, 3, 3, 3, 3, 3, 3, 3, 3, 3, 3, 3, 3, 3, 3, 3, 3, 3, 3, 3, 3, 3, 3, 3, 3, 3, 3, 3, 3, 3, 3, 3, 3, 3, 3, 3, 3, 3, 3, 3, 3, 3, 3, 3, 3, 3, 3, 3, 3, 3, 3, 3, 3, 3, 3, 3, 3, 3, 3, 3, 3, 3, 3, 3, 3, 3, 3, 3, 3, 3, 3, 3, 3, 3, 3, 3, 3, 3, 3, 3, 3, 3, 3, 3, 3, 3, 3, 3, 3, 3, 3, 3, 3, 3, 3, 3, 3, 3, 3, 3, 3, 3, 3, 3, 3, 3, 3, 3, 3, 3, 3, 3, 3, 3, 3, 3, 3, 3, 3, 3, 3, 3, 3, 3, 3, 3, 3, 3, 3, 3, 3, 3, 3, 3, 3, 3, 3, 3, 3, 3, 3, 3, 3, 3, 3, 3, 3, 3, 3, 3, 3, 3, 3, 3, 3, 3, 3, 3, 3, 3, 3, 3, 3, 3, 3, 3, 3, 3, 3, 3, 3, 3, 3, 3, 3, 3, 3, 3, 3, 3, 3, 3, 3, 3, 3, 3, 3, 3, 3, 3, 3, 3, 3, 3, 3, 3, 3, 3, 3, 3, 3, 3, 3, 3, 3, 3, 3, 3, 3, 3, 3, 3, 3, 3, 3, 3, 3, 3, 3, 3, 3, 3, 3, 3, 3, 3, 3, 3, 3, 3, 3, 3, 3, 3, 3, 3, 3, 3, 3, 3, 3, 3, 3, 3, 3, 3, 3, 3, 3, 3, 3, 3, 3, 3, 3, 3, 3, 3, 3, 3, 3, 3, 3, 3, 3, 3, 3, 3, 3, 3, 3, 3, 3, 3, 3, 3, 3, 3, 3, 3, 3, 3, 3, 3, 3, 3, 3, 3, 3, 3, 3, 3, 3, 3, 3, 3, 3, 3, 3, 3, 3, 3, 3, 3, 3, 3, 3, 3, 3, 3, 3, 3, 3, 3, 3, 3, 3, 3, 3, 3, 3, 3, 3, 3, 3, 3, 3, 3, 3, 3, 3, 3, 3, 3, 3, 3, 3, 3, 3, 3, 3, 3, 3, 3, 3, 3, 3, 3, 3, 3, 3, 3, 3, 3, 3, 3, 3, 3, 3, 3, 3, 3, 3, 3, 3, 3, 3, 3, 3, 3, 3, 3, 3, 3, 3, 3, 3, 3, 3, 3, 3, 3, 3, 3, 3, 3, 3, 3, 3, 3, 3, 3, 3, 3, 3, 3, 3, 3, 3, 3, 3, 3, 3, 3, 3, 3, 3, 3, 3, 3, 3, 3, 3, 3, 3, 3, 3, 3, 3, 3, 3, 3, 3, 3, 3, 3, 3, 3, 3, 3, 3, 3, 3, 3, 3, 3, 3, 3, 3, 3, 3, 3, 3, 3, 3, 3, 3, 3, 3, 3, 3, 3, 3, 3, 3, 3, 3, 3, 3, 3, 3, 3, 3, 3, 3, 3, 3, 3, 3, 3, 3, 3, 3, 3, 3, 3, 3, 3, 3, 3, 3, 3, 3, 3, 3, 3, 3, 3, 3, 3, 3, 3, 3, 3, 3, 3, 3, 3, 3, 3, 3, 3, 3, 3, 3, 3, 3, 3, 3, 3, 3, 3, 3, 3, 3, 3, 3, 3, 3, 3, 3, 3, 3, 3, 3, 3, 3, 3, 3, 3, 3, 3, 3, 3, 3, 3, 3, 3, 3, 3, 3, 3, 3, 3, 3, 3, 3, 3, 3, 3, 3, 3, 3, 3, 3, 3, 3, 3, 3, 3, 3, 3, 3, 3, 3, 3, 3, 3, 3, 3, 3, 3, 3, 3, 3, 3, 3, 3, 3, 3, 3, 3, 3, 3, 3, 3, 3, 3, 3, 3, 3, 3, 3, 3, 3, 3, 3, 3, 3, 3, 3, 3, 3, 3, 3, 3, 3, 3, 3, 3, 3, 3, 3, 3, 3, 3, 3, 3, 3, 3, 3, 3, 3, 3, 3, 3, 3, 3, 3, 3, 3, 3, 3, 3, 3, 3, 3, 3, 3, 3, 3, 3, 3, 3, 3, 3, 3, 3, 3, 3, 3, 3, 3, 3, 3, 3, 3, 3, 3, 3, 3, 3, 3, 3, 3, 3, 3, 3, 3, 3, 3, 3, 3, 3, 3, 3, 3, 3, 3, 3, 3, 3, 3, 3, 3, 3, 3, 3, 3, 3, 3, 3, 3, 3, 3, 3, 3, 3, 3, 3, 3, 3, 3, 3, 3, 3, 3, 3, 3, 3, 3, 3, 3, 3, 3, 3, 3, 3, 3, 3, 3, 3, 3, 3, 3, 3, 3, 3, 3, 3, 3, 3, 3, 3, 3, 3, 3, 3, 3, 3, 3, 3, 3, 3, 3, 3, 3, 3, 3, 3, 3, 3, 3, 3, 3, 3, 3, 3, 3, 3, 3, 3, 3, 3, 3, 3, 3, 3, 3, 3, 3, 3, 3, 3, 3, 3, 3, 3, 3, 3, 3, 3, 3, 3, 3, 3, 3, 3, 3, 3]
    int[] faceVertexIndices = [4643, 4415, 4644, 4644, 4416, 4417, 3262, 3138, 3264, 3122, 4421, 3124, 3124, 4421, 4419, 4421, 4645, 4419, 4645, 4644, 4419, 3262, 3264, 3263, 3124, 4419, 4420, 4644, 4417, 3140, 3262, 3263, 3261, 4423, 3122, 3121, 3124, 4420, 3127, 3263, 3148, 3261, 3121, 3122, 2524, 4419, 4418, 4420, 4419, 4644, 4418, 4644, 3132, 4418, 4644, 3140, 3132, 2524, 3122, 3123, 3122, 3124, 3123, 3124, 3125, 3123, 3124, 3127, 3125, 2524, 3123, 2530, 4420, 3128, 3126, 4420, 4418, 3128, 4418, 3132, 3128, 3127, 4420, 3126, 3128, 3132, 3131, 3132, 3140, 3133, 2530, 3123, 2533, 3144, 3148, 3147, 3148, 3153, 3147, 3123, 3125, 3126, 3126, 3128, 3129, 3128, 3130, 3129, 3128, 3131, 3130, 3132, 3133, 3131, 2530, 2533, 2529, 2530, 2529, 2527, 2533, 3123, 3126, 3125, 3127, 3126, 3145, 3144, 3146, 3146, 3144, 3147, 3131, 3133, 3134, 3133, 3135, 3134, 3141, 3142, 3145, 2533, 2534, 2532, 2533, 3126, 2534, 3126, 3129, 3184, 2533, 2532, 2529, 3141, 3145, 3146, 3151, 3147, 3152, 3126, 3184, 2534, 3129, 3130, 3170, 3130, 3131, 3170, 3170, 3131, 3134, 3135, 3141, 3165, 3146, 3147, 3149, 3184, 3129, 3172, 3129, 3170, 3172, 3141, 3146, 3165, 3152, 3252, 3156, 3252, 3254, 3156, 3170, 3134, 3169, 3146, 3149, 3165, 3149, 3147, 3150, 3147, 3151, 3150, 3152, 3156, 3151, 3156, 3254, 3251, 3172, 3183, 3184, 3172, 3170, 3171, 3169, 3134, 3166, 3134, 3135, 3166, 3166, 3165, 3164, 3135, 3165, 3166, 3165, 3149, 3164, 3156, 3251, 3250, 3171, 3170, 3168, 3170, 3169, 3168, 3169, 3166, 3168, 3156, 3250, 3249, 3183, 3172, 3174, 3172, 3171, 3174, 3166, 3163, 3167, 3166, 3164, 3163, 3164, 3162, 3163, 3164, 3149, 3162, 3149, 3158, 3162, 3149, 3150, 3158, 3150, 3151, 3157, 2534, 3183, 2535, 3174, 3171, 3173, 3171, 3168, 3173, 3168, 3166, 3167, 3158, 3150, 3159, 3150, 3157, 3159, 3157, 3151, 3156, 3183, 3174, 2538, 3183, 2538, 2535, 3156, 3229, 3157, 3156, 3249, 3229, 3229, 3249, 3247, 3173, 3168, 3167, 3157, 3229, 3227, 3174, 3173, 3185, 3173, 3175, 3185, 3173, 3167, 3175, 3229, 3247, 3228, 3167, 3163, 3161, 3163, 3162, 3161, 3161, 3162, 3158, 3167, 3161, 3175, 3227, 3229, 3228, 3228, 3247, 3245, 2538, 2542, 2539, 2538, 3174, 2542, 2542, 3174, 3185, 3161, 3158, 3160, 3158, 3159, 3160, 3157, 3227, 3159, 3228, 3245, 3246, 3188, 3185, 3175, 3177, 3161, 3160, 3160, 3159, 3179, 3179, 3227, 3226, 3159, 3227, 3179, 3226, 3228, 3230, 3227, 3228, 3226, 3228, 3231, 3230, 3228, 3246, 3231, 3161, 3176, 3175, 3161, 3177, 3176, 3231, 3246, 3233, 2539, 2542, 2541, 3175, 3176, 3186, 3231, 3233, 3232, 2540, 2539, 2541, 2542, 3185, 2545, 3185, 3188, 2545, 3188, 3175, 3186, 3177, 3178, 3176, 3177, 3160, 3178, 2545, 3188, 3187, 3188, 3186, 3187, 3179, 3226, 3180, 3226, 3230, 3180, 3230, 3231, 3232, 3241, 3243, 3242, 2541, 2542, 2545, 3178, 3179, 3180, 3160, 3179, 3178, 3230, 3232, 3180, 3186, 3176, 3182, 3182, 3176, 3178, 3180, 3232, 3224, 3233, 3246, 3234, 3234, 3246, 3214, 3246, 4793, 3214, 3187, 3186, 3182, 3182, 3178, 3181, 3178, 3180, 3181, 3180, 3224, 3181, 3224, 3232, 3225, 3232, 3233, 3225, 4793, 3242, 3214, 3233, 3234, 3223, 3214, 3242, 3236, 3242, 3243, 3236, 2544, 2545, 2546, 2545, 2547, 2546, 2545, 3187, 2547, 3187, 3182, 3189, 3182, 3181, 3189, 3181, 3224, 3220, 3224, 3225, 3220, 3225, 3233, 3223, 3187, 3189, 2547, 3225, 3221, 3220, 3221, 3225, 3223, 3223, 3234, 3212, 3234, 3214, 3212, 2544, 2546, 2548, 3189, 3181, 3196, 3220, 3221, 3202, 3212, 3214, 3213, 3214, 3236, 3235, 2544, 2565, 2543, 2565, 2544, 2548, 2546, 2547, 2550, 2547, 3189, 2550, 3181, 3197, 3196, 3181, 3220, 3197, 3197, 3220, 3200, 3200, 3220, 3202, 3214, 3235, 3213, 2548, 2546, 2549, 2546, 2550, 2549, 2550, 3189, 3190, 3189, 3196, 3190, 3190, 3196, 3194, 3196, 3197, 3198, 3197, 3199, 3198, 3197, 3200, 3199, 3200, 3202, 3201, 3223, 3216, 3222, 3223, 3212, 3216, 2565, 2548, 2563, 3194, 3196, 3195, 3196, 3198, 3195, 2549, 2550, 2551, 2550, 3190, 2551, 3190, 3194, 2554, 2563, 2548, 2552, 2548, 2549, 2552, 3216, 3212, 3209, 3212, 3215, 3209, 2568, 2566, 2567, 2567, 2566, 2564, 2566, 2565, 2564, 3199, 3200, 3193, 3193, 3200, 3201, 2605, 2568, 2612, 2565, 2563, 2564, 2549, 2551, 2552, 2551, 3190, 2554, 3194, 3195, 2558, 3195, 3199, 3191, 3198, 3199, 3195, 3191, 3199, 3193, 2605, 2612, 2609, 2552, 2551, 2553, 2551, 2554, 2553, 3201, 3218, 3219, 3209, 3215, 3208, 2606, 2605, 2609, 2612, 2567, 2564, 2568, 2567, 2612, 2564, 2563, 2562, 2563, 2553, 2562, 2563, 2552, 2553, 2553, 2554, 2555, 2554, 2558, 2555, 2554, 3194, 2558, 2558, 3195, 3191, 3193, 3201, 3203, 3201, 3219, 3203, 3217, 3216, 3206, 3206, 3209, 3208, 3216, 3209, 3206, 2609, 2611, 2610, 2609, 2612, 2611, 2612, 2564, 2613, 2564, 2562, 2613, 2562, 2553, 2561, 2553, 2555, 2556, 2555, 2558, 2557, 2558, 3191, 2559, 2610, 2611, 2614, 2611, 2612, 2613, 2613, 2562, 2561, 2561, 2553, 2556, 2555, 2557, 2556, 2557, 2558, 2559, 2559, 3191, 3192, 3191, 3193, 3192, 3192, 3203, 3204, 3193, 3203, 3192, 3203, 3219, 3204, 3219, 3210, 3204, 3210, 3206, 3207, 3206, 3208, 3207, 3208, 3211, 3207, 2614, 3078, 3077, 2614, 2611, 3078, 2611, 3079, 3078, 3079, 2611, 3080, 2611, 2613, 3080, 2613, 3081, 3080, 2613, 2561, 3081, 2559, 2560, 2557, 2559, 3192, 2560, 3204, 3210, 3205, 3210, 3207, 3205, 3205, 3207, 4796, 4796, 3207, 4795, 3207, 3211, 4795, 3211, 4794, 4795, 3081, 2561, 3082, 3081, 6074, 6075, 3081, 3082, 6074, 2561, 2556, 3082, 3082, 2556, 4869, 6074, 4869, 6073, 3082, 4869, 6074, 2556, 2557, 4869, 2557, 2560, 4869, 4869, 2560, 6073, 6073, 2560, 6077, 6077, 2560, 6078, 2560, 3192, 3205, 2560, 3205, 6078, 3192, 3204, 3205, 4879, 6453, 5491, 4879, 4815, 6453, 4815, 4878, 2768, 4879, 4878, 4815, 4878, 4880, 2768, 4880, 2767, 2768, 4880, 2453, 2767, 4880, 4881, 2453, 2453, 4881, 2452, 4881, 4882, 2452, 2452, 4882, 2451, 2451, 4882, 2400, 4882, 4883, 2400, 2400, 4883, 2396, 4883, 2397, 2396, 4883, 4892, 2397, 4892, 4466, 2397, 4892, 4649, 4466, 4892, 4894, 4649, 4894, 4650, 4649, 4894, 4893, 4650, 4893, 4651, 4650, 4893, 4896, 4651, 4896, 4652, 4651, 4896, 4897, 4652, 4897, 4898, 4652, 4898, 4654, 4652, 4898, 4891, 4654, 4891, 4572, 4654, 4891, 4912, 4572, 4572, 4911, 4713, 4912, 4911, 4572, 4911, 4910, 4713, 4910, 4712, 4713, 4910, 4907, 4712, 4907, 4711, 4712, 4907, 4906, 4711, 4906, 4710, 4711, 4906, 4903, 4710, 4903, 4709, 4710, 4903, 4895, 4709, 4709, 4895, 4708, 4895, 4902, 4708, 4708, 4902, 4707, 4902, 4901, 4707, 4901, 4705, 4707, 4901, 4900, 4705, 4900, 4706, 4705, 4900, 4714, 4706, 4900, 4899, 4714, 4899, 4888, 4714, 4714, 4888, 4715, 4715, 4888, 4718, 4888, 4887, 4718, 4887, 4886, 4718, 4886, 4717, 4718, 4717, 4886, 4719, 4886, 4720, 4719, 4886, 4884, 4720, 4884, 4721, 4720, 4721, 4884, 4722, 4884, 4885, 4722, 4722, 4885, 4723, 4885, 4725, 4723, 4885, 4876, 4725, 4725, 4876, 4730, 4815, 6280, 6453, 2768, 2767, 2765, 4652, 4654, 4653, 4653, 4654, 4655, 4654, 4656, 4655, 4654, 4572, 4656, 4656, 4572, 4570, 4572, 4571, 4570, 4572, 4713, 4571, 4571, 4713, 4647, 4713, 4712, 4647, 4712, 4646, 4647, 4646, 4711, 4573, 4712, 4711, 4646, 4711, 4710, 4573, 4573, 4710, 4701, 4710, 4709, 4701, 4709, 4700, 4701, 4709, 4702, 4700, 4709, 4708, 4702, 4708, 4703, 4702, 4708, 4707, 4703, 4707, 4705, 4703, 4705, 4704, 4703, 4705, 4706, 4704, 4714, 4715, 4231, 4718, 4716, 4715, 4718, 4717, 4716, 4723, 4725, 4724, 4725, 4727, 4724, 4725, 4730, 4727, 4815, 4814, 6280, 4814, 2768, 2764, 4815, 2768, 4814, 2768, 2765, 2764, 2765, 2767, 2766, 2767, 2453, 2454, 2453, 2450, 2454, 2453, 2452, 2450, 2452, 2451, 2450, 2451, 2401, 2450, 2451, 2400, 2401, 2400, 2399, 2401, 2400, 2396, 2399, 4466, 4465, 2397, 4466, 4469, 4465, 4466, 4649, 4469, 4649, 4471, 4469, 4649, 4650, 4471, 4650, 4651, 4471, 4471, 4651, 4470, 4651, 4652, 4470, 4652, 4653, 4470, 4655, 4656, 4659, 4656, 4570, 4568, 4570, 4571, 4568, 4571, 4578, 4568, 4571, 4647, 4578, 4647, 4580, 4578, 4647, 4646, 4580, 4646, 4573, 4580, 4580, 4573, 4574, 4573, 4575, 4574, 4573, 4701, 4575, 4701, 4699, 4575, 4701, 4700, 4699, 4699, 4700, 4234, 4700, 4702, 4234, 4702, 4233, 4234, 4702, 4703, 4233, 4704, 4706, 3839, 4706, 4714, 3839, 4714, 4231, 3839, 4231, 3840, 3839, 4231, 4715, 3840, 4715, 4230, 3840, 4715, 4716, 4230, 4716, 4717, 4228, 4228, 4717, 4227, 4717, 4719, 4227, 4719, 4720, 4227, 4227, 4720, 4078, 4720, 4721, 4078, 4721, 4722, 4078, 4722, 4080, 4078, 4722, 4723, 4080, 4080, 4723, 4724, 2767, 2456, 2766, 2767, 2454, 2456, 2454, 2450, 2455, 2455, 2450, 2449, 2450, 2401, 2449, 2449, 2401, 2404, 2401, 2402, 2404, 2401, 2399, 2402, 2399, 2396, 2398, 2398, 2396, 2394, 2396, 2395, 2394, 2396, 2397, 2395, 2397, 4465, 2395, 4470, 4472, 4471, 4470, 4653, 4472, 4653, 4655, 4472, 4472, 4655, 4657, 4657, 4655, 4658, 4655, 4659, 4658, 4659, 4568, 4660, 4656, 4568, 4659, 4660, 4568, 4563, 4568, 4569, 4563, 4568, 4578, 4569, 4569, 4578, 4565, 4565, 4578, 4579, 4578, 4580, 4579, 4580, 4576, 4579, 4580, 4574, 4576, 4575, 4236, 3747, 4575, 4699, 4236, 4233, 4703, 4232, 4703, 4704, 4232, 4704, 3781, 4232, 4704, 3839, 3781, 3781, 3839, 3783, 3839, 3840, 3783, 3840, 3841, 3783, 3840, 3844, 3841, 3840, 4230, 3844, 4230, 3847, 3844, 4230, 4716, 3847, 4228, 4227, 4229, 4229, 4227, 4748, 4748, 4227, 4074, 4227, 4078, 4074, 4078, 4077, 4074, 4077, 4078, 4080, 4080, 4724, 4082, 4724, 4226, 4082, 4724, 4727, 4726, 4727, 4729, 4726, 4727, 4730, 4729, 4729, 4730, 4797, 6280, 4813, 6278, 4814, 4813, 6280, 2765, 2763, 2764, 2763, 2766, 2769, 2765, 2766, 2763, 2766, 2456, 2769, 2454, 2455, 2456, 2404, 2402, 2403, 2402, 2399, 2403, 2399, 2398, 2403, 4465, 4469, 2395, 4467, 4469, 4468, 4469, 4471, 4468, 4468, 4471, 4472, 4658, 4659, 4661, 4563, 4569, 4566, 4566, 4569, 4565, 4579, 4584, 4565, 4579, 4576, 4239, 4576, 4577, 4239, 4576, 4574, 4577, 4574, 3747, 4577, 4574, 4575, 3747, 4699, 4235, 4236, 4699, 3754, 4235, 4699, 4234, 3754, 4234, 3774, 3754, 4234, 4233, 3774, 4233, 4232, 3774, 3847, 4716, 4229, 4716, 4228, 4229, 4077, 4080, 4079, 4080, 4082, 4079, 4724, 4726, 4191, 4813, 2764, 2762, 4814, 2764, 4813, 2457, 2456, 2455, 2455, 2449, 2448, 2449, 2404, 2448, 2394, 2395, 2393, 2395, 4469, 4467, 4468, 4472, 4474, 4474, 4472, 4475, 4475, 4472, 4476, 4472, 4657, 4476, 4657, 4661, 4476, 4657, 4658, 4661, 4659, 4564, 4661, 4659, 4660, 4564, 4660, 4563, 4564, 4563, 4562, 4564, 4563, 4566, 4562, 4565, 4567, 4566, 4565, 4583, 4567, 4565, 4584, 4583, 4584, 4579, 4581, 4579, 4239, 4581, 4577, 4238, 4239, 4577, 3747, 4238, 3747, 4236, 3746, 4236, 4237, 3746, 4236, 4235, 4237, 3774, 4232, 3775, 4232, 3778, 3775, 4232, 3781, 3778, 3778, 3781, 3780, 3781, 3782, 3780, 3781, 3783, 3782, 3783, 3838, 3782, 3783, 3841, 3838, 3841, 3844, 3843, 3847, 3846, 3844, 3847, 4229, 3846, 4229, 4748, 4088, 4748, 4074, 4088, 4074, 4077, 4076, 4077, 4079, 4076, 4082, 4226, 4187, 4187, 4226, 4225, 2764, 2763, 2762, 2457, 2455, 2459, 2448, 2404, 2445, 2404, 2403, 2405, 2395, 3087, 2393, 4468, 4474, 4473, 4564, 4561, 4661, 4564, 4562, 4561, 4583, 4584, 4582, 4584, 4581, 4582, 4581, 4239, 4240, 4238, 3747, 3745, 3745, 3747, 3746, 4237, 4235, 3748, 3754, 3774, 3753, 3841, 3842, 3838, 3841, 3843, 3842, 3846, 4229, 4088, 4088, 4074, 4090, 4079, 4082, 4081, 4081, 4082, 4187, 4225, 4724, 4191, 4226, 4724, 4225, 4813, 4818, 6278, 4813, 2762, 4818, 2769, 2456, 2458, 2456, 2457, 2458, 2405, 2403, 2406, 2398, 2394, 2392, 2394, 2393, 2392, 3087, 2395, 3089, 2395, 4467, 3089, 4661, 4561, 4662, 4561, 4562, 4559, 4239, 4238, 4241, 3745, 3746, 3744, 3746, 3749, 3744, 3746, 4237, 3749, 4237, 3748, 3749, 4235, 3754, 3751, 3754, 3753, 3751, 3774, 3776, 3753, 3774, 3775, 3776, 3843, 3844, 3845, 4088, 4090, 4089, 4074, 4076, 4075, 4729, 4797, 4728, 2769, 2458, 2754, 2458, 2457, 2459, 2455, 2448, 2447, 2448, 2445, 2447, 2404, 2405, 2445, 2403, 2398, 2408, 2408, 2398, 2392, 2393, 3087, 2390, 4476, 4661, 4479, 4562, 4586, 4559, 4562, 4566, 4586, 4566, 4567, 4586, 4567, 4583, 4585, 4583, 4582, 4585, 4581, 4240, 4582, 4239, 4241, 4240, 3748, 4235, 3750, 3750, 4235, 3751, 3775, 3777, 3776, 4090, 4075, 4089, 4090, 4074, 4075, 4191, 4726, 4224, 4726, 4728, 4224, 4726, 4729, 4728, 2458, 2459, 2460, 2455, 2447, 2459, 2392, 2393, 2390, 3089, 4467, 4468, 4582, 4240, 4243, 4240, 4242, 4243, 4242, 4240, 4241, 3778, 3780, 3779, 3780, 3782, 3779, 3838, 3842, 3785, 3845, 3846, 4072, 3844, 3846, 3845, 3846, 4088, 4072, 4088, 4073, 4072, 4088, 4089, 4073, 2762, 2754, 2761, 2762, 2763, 2754, 2763, 2769, 2754, 2754, 2458, 2460, 2406, 2403, 2407, 2403, 2408, 2407, 3087, 3089, 3088, 4478, 4475, 4479, 4475, 4476, 4479, 4661, 4665, 4479, 4661, 4662, 4665, 4662, 4663, 4665, 4662, 4561, 4663, 4561, 4559, 4663, 4567, 4585, 4586, 4585, 4582, 4243, 4241, 4238, 3743, 4238, 3745, 3743, 3745, 3744, 3743, 3748, 3750, 3749, 3750, 3751, 3752, 3751, 3753, 3752, 3775, 3778, 3777, 3785, 3842, 3849, 3842, 3843, 3848, 3843, 3845, 3848, 4187, 4225, 4188, 4188, 4191, 4190, 4225, 4191, 4188, 4191, 4224, 4190, 6278, 4818, 6276, 4817, 2762, 2761, 4818, 2762, 4817, 2754, 2460, 2753, 4474, 4477, 4473, 4665, 4663, 4664, 4663, 4559, 4560, 4559, 4557, 4560, 4559, 4586, 4557, 4585, 4243, 4248, 4248, 4243, 4244, 4243, 4242, 4244, 4242, 4241, 4244, 3743, 3744, 3742, 3744, 3755, 3742, 3744, 3749, 3755, 3755, 3749, 3750, 3752, 3753, 3773, 3753, 3776, 3773, 3777, 3778, 3779, 3782, 3838, 3785, 4093, 4075, 4076, 4076, 4079, 4081, 4818, 4817, 4820, 4818, 4820, 6276, 2753, 2460, 2755, 2460, 2461, 2755, 2460, 2459, 2461, 2392, 2390, 2391, 3088, 3089, 3090, 4468, 4473, 4464, 4474, 4475, 4477, 4241, 3743, 3741, 3776, 3777, 3787, 3842, 3848, 3849, 4073, 4089, 4091, 4089, 4075, 4092, 4092, 4075, 4093, 4076, 4081, 4083, 4187, 4196, 4081, 4187, 4188, 4196, 2459, 2447, 2463, 2443, 2445, 2444, 2445, 2405, 2444, 2407, 2408, 2391, 2408, 2392, 2391, 3087, 3088, 2390, 3088, 3090, 3091, 3089, 4468, 4464, 4473, 4477, 4464, 4477, 4475, 4478, 4479, 4665, 4666, 4665, 4664, 4666, 4664, 4663, 4560, 4586, 4585, 4587, 4585, 4248, 4587, 3743, 3742, 3741, 3755, 3750, 3756, 3750, 3752, 3756, 3756, 3752, 3758, 3752, 3773, 3758, 3761, 3776, 3787, 4084, 4076, 4083, 4224, 4728, 4731, 2761, 2754, 2751, 2754, 2753, 2751, 2447, 2445, 2446, 2445, 2443, 2446, 2405, 3084, 2444, 2405, 2406, 3084, 3089, 4464, 4463, 4557, 4586, 4588, 4586, 4587, 4588, 4241, 3741, 4245, 3742, 3755, 3738, 3773, 3776, 3761, 3850, 4072, 3852, 3845, 4072, 3850, 4070, 4073, 4091, 4072, 4073, 4070, 4083, 4081, 4186, 4820, 6275, 6276, 2406, 2407, 2409, 3088, 3091, 2390, 3089, 4463, 3090, 4463, 4464, 4480, 4478, 4479, 4482, 4666, 4664, 4667, 4664, 4560, 4667, 4587, 4250, 4588, 4587, 4248, 4250, 4244, 4241, 4245, 3738, 3755, 3756, 3848, 3845, 3850, 4091, 4089, 4092, 4081, 4196, 4186, 2447, 2446, 2463, 4464, 4477, 4480, 4560, 4557, 4558, 4248, 4244, 4247, 3741, 3742, 3738, 3758, 3773, 3759, 3773, 3761, 3759, 3777, 3786, 3787, 3777, 3779, 3786, 3779, 3784, 3786, 3779, 3782, 3784, 3782, 3785, 3784, 3849, 3848, 3850, 3852, 4072, 4070, 4084, 4083, 4087, 4819, 4817, 4816, 4820, 4817, 4819, 4820, 4819, 6275, 4817, 2770, 4816, 4817, 2761, 2770, 2761, 2751, 2770, 2753, 2755, 2756, 2756, 2755, 2757, 2755, 2461, 2757, 2461, 2459, 2462, 2459, 2463, 2462, 2409, 2407, 2388, 2390, 3091, 2389, 4477, 4478, 4481, 4481, 4478, 4482, 4482, 4479, 4666, 4666, 4667, 4668, 4557, 4588, 4556, 4588, 4250, 4590, 4248, 4247, 4250, 4247, 4244, 4246, 4244, 4245, 4246, 3741, 3738, 4363, 3738, 3756, 3740, 3758, 3759, 3757, 3787, 3786, 3788, 3785, 3837, 3784, 3785, 3849, 3837, 3850, 3852, 3851, 4092, 4093, 4095, 4095, 4093, 4085, 4093, 4076, 4085, 4076, 4084, 4085, 4083, 4194, 4087, 4083, 4186, 4194, 4190, 4224, 4193, 4224, 4732, 4193, 4224, 4731, 4732, 2751, 2753, 2752, 2753, 2756, 2752, 3084, 2406, 2410, 2406, 2409, 2410, 2407, 2391, 2388, 2389, 3091, 3092, 3091, 3090, 3092, 4463, 4480, 3090, 4477, 4481, 4480, 4666, 4668, 4685, 4667, 4560, 4558, 4557, 4556, 4558, 4250, 4247, 4249, 3756, 3758, 3757, 3761, 3787, 3772, 3784, 3837, 3834, 3849, 3850, 3837, 4186, 4196, 4194, 4196, 4188, 4189, 4188, 4190, 4189, 2770, 2751, 2771, 2752, 2756, 2760, 2446, 2443, 2441, 2443, 2442, 2441, 2443, 2444, 2442, 2442, 2444, 3086, 2391, 2390, 2388, 3090, 4480, 4462, 4249, 4247, 4246, 4246, 4245, 4253, 4245, 4363, 4253, 4245, 3741, 4363, 4363, 3738, 3739, 3738, 3740, 3739, 3756, 3763, 3740, 3757, 3759, 3760, 3759, 3761, 3760, 3787, 3788, 3798, 3837, 3850, 3851, 4085, 4084, 4086, 4084, 4087, 4086, 4196, 4189, 4195, 2388, 2390, 2389, 3092, 3090, 3093, 3090, 4462, 3093, 4482, 4666, 4685, 4556, 4588, 4589, 4589, 4588, 4590, 4590, 4250, 4362, 4249, 4246, 4251, 4246, 4253, 4252, 3756, 3762, 3763, 3756, 3757, 3762, 3757, 3760, 3762, 3761, 3772, 3760, 3788, 3786, 3789, 3786, 3784, 3789, 4087, 4194, 4105, 4194, 4196, 4195, 4190, 4193, 4192, 2760, 2756, 2757, 2757, 2461, 2758, 2758, 2461, 2759, 2461, 2462, 2759, 2463, 2446, 2464, 2446, 2441, 2464, 2444, 3084, 3085, 4462, 4480, 4487, 4487, 4480, 4486, 4480, 4481, 4486, 4481, 4485, 4486, 4481, 4483, 4485, 4481, 4482, 4483, 4482, 4684, 4484, 4482, 4685, 4684, 4685, 4668, 4683, 4250, 4249, 4362, 4253, 4363, 4364, 4363, 3732, 4364, 4363, 3739, 3732, 3784, 3834, 3789, 3837, 3851, 3836, 4091, 4094, 4070, 4091, 4092, 4094, 4092, 4095, 4094, 4095, 4085, 4097, 4819, 4816, 4821, 4819, 6272, 6275, 4819, 4821, 6272, 4816, 2770, 2771, 2462, 2463, 2464, 3085, 3084, 2414, 3084, 2410, 2414, 2409, 2386, 2410, 2409, 2388, 2386, 2388, 2389, 2387, 2389, 3092, 2387, 2387, 3092, 3093, 4482, 4484, 4483, 4362, 4249, 4255, 4249, 4251, 4255, 3732, 3739, 3733, 3760, 3772, 3770, 3834, 3837, 3836, 3852, 4069, 3853, 3852, 4070, 4069, 4094, 4095, 4071, 4071, 4095, 4096, 4095, 4097, 4096, 4086, 4087, 4105, 3086, 2444, 3085, 4684, 4685, 4683, 4556, 4589, 4591, 4589, 4590, 4591, 3772, 3787, 3797, 3787, 3798, 3797, 3851, 3852, 3853, 4070, 4094, 4071, 4189, 4190, 4192, 4192, 4193, 4200, 4193, 4733, 4200, 4193, 4732, 4733, 2771, 2751, 2750, 2751, 2749, 2750, 2751, 2752, 2749, 2414, 2410, 2411, 2410, 2386, 2411, 4462, 4487, 3093, 4668, 4667, 4669, 4667, 4558, 4555, 4591, 4590, 4592, 4590, 4362, 4592, 4251, 4246, 4252, 3740, 3763, 3737, 3763, 3762, 3764, 3762, 3760, 3764, 3789, 3834, 3833, 3833, 3834, 4757, 4097, 4085, 4098, 4098, 4085, 4099, 4085, 4086, 4099, 4821, 4816, 4822, 4816, 2771, 4822, 2759, 2462, 2467, 2388, 2387, 2386, 4684, 4683, 4682, 4683, 4668, 4669, 3733, 3739, 3735, 3739, 3740, 3735, 3770, 3772, 3771, 3772, 3797, 3771, 3798, 3788, 3800, 3851, 3853, 3836, 4086, 4105, 4104, 2752, 2760, 2749, 2760, 2757, 2467, 2757, 2758, 2467, 2758, 2759, 2467, 2467, 2462, 2464, 4683, 4669, 4682, 4558, 4556, 4555, 4252, 4253, 4251, 3760, 3770, 3764, 3788, 3789, 3790, 3789, 3833, 3792, 4070, 4071, 4069, 4086, 4104, 4099, 4104, 4105, 4108, 4105, 4194, 4108, 4108, 4194, 4197, 4194, 4195, 4197, 4195, 4189, 4198, 4733, 4732, 4734, 2771, 2750, 2772, 2464, 2441, 2465, 2441, 2438, 2440, 2441, 2442, 2438, 2387, 3093, 3094, 3093, 4487, 4491, 4487, 4488, 4491, 4487, 4486, 4488, 4684, 4682, 4681, 4669, 4667, 4670, 4667, 4555, 4670, 4555, 4556, 4553, 3735, 3740, 3737, 3763, 3764, 3737, 4096, 4097, 4098, 4197, 4195, 4198, 4198, 4189, 4199, 4189, 4192, 4199, 4192, 4200, 4199, 2465, 2441, 2440, 2442, 3086, 2438, 3086, 3085, 2415, 2386, 2387, 2385, 4486, 4485, 4488, 4484, 4684, 4686, 4682, 4669, 4681, 4592, 4362, 4593, 4253, 4364, 3730, 4364, 3732, 3730, 3733, 3735, 3734, 3800, 3788, 3790, 4757, 3834, 3835, 3834, 3836, 3835, 4069, 4071, 4096, 4821, 4822, 4823, 4821, 4823, 6272, 4822, 2771, 2772, 2760, 2467, 2469, 2467, 2464, 2466, 2466, 2464, 2465, 3085, 2414, 2415, 3093, 4491, 4458, 4488, 4485, 4489, 4485, 4483, 4484, 4556, 4591, 4553, 4591, 4592, 4593, 4593, 4362, 4361, 4362, 4255, 4361, 3732, 3733, 3731, 3733, 3734, 3731, 3735, 3736, 3734, 3735, 3737, 3736, 3764, 3770, 3765, 3797, 3798, 3799, 3798, 3800, 3799, 3853, 4069, 3855, 2772, 2750, 2748, 2750, 2749, 2748, 2749, 2760, 2469, 2469, 2467, 2468, 2467, 2466, 2468, 2386, 2385, 2383, 2387, 3094, 2385, 3094, 3093, 3095, 3093, 4458, 3095, 4251, 4253, 4254, 3734, 3736, 3729, 3736, 3737, 3728, 3737, 3764, 3765, 3771, 3797, 3799, 3833, 4757, 3835, 3835, 3836, 3854, 3836, 3853, 3854, 4096, 4098, 4100, 4200, 4733, 4735, 4733, 4734, 4735, 2748, 2749, 2746, 2749, 2469, 2746, 2465, 2440, 2439, 2414, 2413, 2415, 2414, 2411, 2413, 4491, 4488, 4492, 4488, 4489, 4492, 4684, 4681, 4686, 4669, 4670, 4671, 4553, 4591, 4554, 4591, 4593, 4554, 4593, 4361, 4595, 4251, 4254, 4255, 4253, 4365, 4254, 4253, 3730, 4365, 3730, 3732, 3731, 3765, 3770, 3767, 3770, 3771, 3767, 3799, 3800, 3790, 3790, 3789, 3791, 3789, 3792, 3791, 3853, 3855, 3854, 3855, 4069, 3857, 4069, 4096, 3857, 4199, 4200, 4201, 4200, 4735, 4201, 2413, 2411, 2412, 2411, 2386, 2412, 2386, 2383, 2412, 4555, 4553, 4552, 4553, 4554, 4552, 4255, 4254, 4256, 3729, 3736, 3702, 3737, 3766, 3728, 3737, 3765, 3766, 3767, 3771, 3769, 3771, 3799, 3769, 3857, 4096, 4068, 4822, 2772, 2773, 2440, 2438, 2439, 2438, 3086, 2415, 2415, 2413, 2416, 4361, 4255, 4256, 4254, 4365, 4258, 4365, 3703, 4258, 4365, 3730, 3703, 3731, 3734, 3700, 3734, 3729, 3700, 3790, 3791, 3794, 3833, 3835, 3792, 3835, 3854, 3859, 3855, 3857, 3856, 4068, 4096, 4100, 4098, 4099, 4101, 4199, 4201, 4202, 4201, 4735, 4207, 4823, 4822, 4824, 6272, 4823, 6271, 4822, 2773, 4824, 2772, 2748, 2747, 2469, 2468, 2466, 3095, 4458, 3096, 4459, 4458, 4461, 4458, 4491, 4461, 4491, 4492, 4461, 4686, 4681, 4687, 4681, 4669, 4671, 4670, 4555, 4671, 4554, 4594, 4552, 4554, 4593, 4594, 4593, 4595, 4594, 4595, 4361, 4300, 4361, 4299, 4300, 4361, 4256, 4299, 3730, 3731, 3700, 3728, 3766, 3727, 3765, 3767, 3766, 3792, 3835, 3796, 3854, 3856, 3860, 3854, 3855, 3856, 3856, 3857, 3858, 3858, 3857, 4068, 4100, 4098, 4101, 4104, 4108, 4107, 2772, 2747, 2773, 2748, 2746, 2747, 2470, 2465, 2472, 2466, 2465, 2470, 2416, 2413, 2417, 2413, 2412, 2417, 2383, 2385, 2384, 4458, 4459, 3096, 4485, 4484, 4688, 4484, 4686, 4688, 4686, 4687, 4688, 4687, 4681, 4679, 4681, 4671, 4679, 3703, 3730, 3700, 3700, 3729, 3702, 3736, 3728, 3702, 4101, 4099, 4103, 4103, 4099, 4104, 4108, 4197, 4184, 4197, 4203, 4184, 4197, 4198, 4203, 4198, 4204, 4203, 4198, 4202, 4204, 4198, 4199, 4202, 4735, 4734, 4738, 2465, 2439, 2472, 2415, 2416, 2438, 2385, 3094, 2384, 3094, 3095, 2384, 4492, 4489, 4493, 4489, 4490, 4493, 4489, 4485, 4490, 4485, 4688, 4490, 4671, 4680, 4679, 4671, 4555, 4550, 4555, 4552, 4550, 4552, 4594, 4551, 3700, 3701, 3699, 3700, 3702, 3701, 3728, 3727, 3702, 3727, 3767, 3726, 3766, 3767, 3727, 3767, 3769, 3768, 3799, 3790, 3794, 3791, 3792, 3793, 3835, 3859, 3796, 3859, 3854, 3860, 3858, 4068, 4067, 4068, 4100, 4067, 4824, 2773, 2775, 2469, 2466, 2470, 2416, 2417, 2418, 4680, 4671, 4672, 4550, 4552, 4551, 4594, 4595, 4596, 4595, 4300, 4596, 4299, 4256, 4259, 4256, 4254, 4257, 4258, 3703, 4366, 3799, 3801, 3769, 3792, 3796, 3793, 3860, 3856, 3861, 4107, 4108, 4109, 4823, 6268, 6271, 2746, 2469, 2745, 2745, 2469, 2471, 2469, 2470, 2471, 2439, 2438, 2435, 2435, 2438, 2437, 2438, 2416, 2437, 2417, 2412, 2419, 2384, 3095, 3096, 4461, 4492, 4494, 4671, 4550, 4672, 4256, 4257, 4259, 3703, 3700, 3698, 3700, 3699, 3698, 3701, 3702, 3706, 3702, 3709, 3706, 3767, 3768, 3726, 3799, 3794, 3801, 3859, 3860, 3862, 3856, 3858, 3861, 4103, 4104, 4106, 4104, 4107, 4106, 4203, 4204, 4205, 4207, 4735, 4736, 4735, 4738, 4736, 4823, 4824, 4825, 4823, 4825, 6268, 2470, 2472, 2471, 2439, 2435, 2473, 2419, 2412, 2382, 2412, 2383, 2382, 2384, 3096, 3097, 4492, 4493, 4494, 4551, 4594, 4597, 4594, 4596, 4597, 4259, 4257, 4260, 4254, 4258, 4257, 4366, 3703, 3698, 3702, 3727, 3709, 3791, 3793, 3794, 4100, 4101, 4067, 4108, 4184, 4109, 4204, 4202, 4205, 4202, 4201, 4207, 2747, 2746, 2744, 2745, 2471, 3069, 2471, 2472, 3070, 2472, 2474, 3070, 2472, 2439, 2473, 2416, 2418, 2424, 2418, 2417, 2419, 2383, 2381, 2382, 2383, 2384, 2381, 3096, 4459, 3099, 4459, 4461, 4460, 4494, 4493, 4495, 4679, 4680, 4672, 4258, 4366, 4367, 4366, 3698, 4367, 3698, 3699, 3697, 3699, 3701, 3697, 3701, 3706, 3697, 3707, 3706, 3709, 3726, 3768, 3724, 3722, 3769, 3801, 3768, 3769, 3722, 3860, 3861, 3862, 3858, 4067, 3865, 4067, 4101, 4102, 4102, 4101, 4103, 4106, 4107, 4109, 4203, 4205, 4185, 4825, 4824, 4826, 4824, 2775, 4826, 2773, 2747, 2774, 2744, 2746, 2745, 3069, 2471, 3070, 2472, 2473, 2474, 2437, 2416, 2424, 2424, 2418, 2420, 2381, 2384, 3097, 3099, 4459, 4460, 4490, 4688, 4499, 4688, 4687, 4689, 4687, 4679, 4689, 4550, 4551, 4549, 4257, 4258, 4262, 4258, 4367, 4262, 3727, 3725, 3709, 3727, 3726, 3725, 3725, 3726, 3724, 3724, 3768, 3722, 3801, 3794, 3803, 3794, 3795, 3804, 3794, 3793, 3795, 3793, 3796, 3795, 3861, 3858, 3865, 4109, 4184, 4183, 4184, 4185, 4183, 4184, 4203, 4185, 4205, 4202, 4206, 4202, 4207, 4206, 2420, 2419, 2382, 2382, 2381, 2380, 4260, 4257, 4261, 3698, 3697, 3696, 3801, 3803, 3802, 3859, 3862, 3863, 4067, 4102, 3865, 4825, 4826, 6268, 2745, 3069, 2743, 2743, 3069, 3071, 3069, 3070, 3071, 3070, 2474, 3071, 2420, 2418, 2419, 3096, 3099, 3097, 4461, 4495, 4457, 4461, 4494, 4495, 4493, 4490, 4499, 4689, 4679, 4690, 4679, 4678, 4690, 4679, 4672, 4678, 4672, 4673, 4677, 4672, 4550, 4673, 4550, 4549, 4673, 4551, 4597, 4549, 4302, 4300, 4298, 4596, 4300, 4302, 4300, 4299, 4298, 4299, 4259, 4298, 4257, 4262, 4261, 4262, 4368, 4261, 4262, 4367, 4368, 4368, 4367, 3704, 3706, 3707, 3697, 3724, 3722, 3723, 3804, 3795, 3805, 4206, 4207, 4208, 4207, 4736, 4208, 2775, 2773, 2774, 2774, 2747, 2744, 2420, 2382, 2421, 2382, 2380, 2421, 4460, 4461, 4457, 4673, 4549, 4548, 4259, 4260, 4263, 4367, 3698, 3704, 3722, 3801, 3721, 3801, 3802, 3721, 3803, 3794, 3804, 3796, 3808, 3795, 3864, 3861, 3865, 3862, 3861, 3864, 2473, 2435, 2476, 2381, 3097, 2379, 4457, 4495, 4496, 4495, 4493, 4497, 4499, 4688, 4689, 4597, 4596, 4598, 4596, 4302, 4598, 4260, 4261, 4263, 4264, 4261, 4265, 4261, 4368, 4265, 4368, 3704, 4265, 3697, 3707, 3694, 3708, 3709, 3710, 3709, 3725, 3710, 3725, 3712, 3710, 3725, 3724, 3712, 3712, 3724, 3723, 3722, 3721, 3723, 3796, 3859, 3808, 3859, 3863, 3808, 3863, 3862, 3864, 3865, 4102, 3871, 4102, 4103, 4111, 4103, 4106, 4110, 4185, 4205, 4209, 4208, 4736, 4737, 4736, 4738, 4737, 6268, 4826, 6266, 4827, 2775, 2776, 4826, 2775, 4827, 2775, 2774, 2776, 2744, 2745, 2743, 3071, 2474, 2475, 2424, 2420, 2422, 3099, 4460, 3102, 4460, 4457, 3102, 4497, 4493, 4498, 4689, 4690, 4691, 4678, 4672, 4676, 4672, 4677, 4676, 4302, 4298, 4301, 4259, 4263, 4298, 4263, 4261, 4264, 3698, 3696, 3704, 3707, 3709, 3708, 4103, 4110, 4111, 4106, 4109, 4110, 4209, 4205, 4210, 4205, 4206, 4210, 2744, 2743, 2742, 2743, 3071, 2741, 2741, 3071, 3072, 3071, 2475, 3072, 2474, 2473, 2475, 2435, 2437, 2436, 2437, 2424, 2436, 2420, 2421, 2422, 3097, 3099, 3098, 4360, 4302, 4301, 4598, 4302, 4360, 4301, 4298, 4297, 4298, 4263, 4297, 4265, 3704, 4370, 3696, 3694, 4777, 3696, 3697, 3694, 3803, 3804, 3814, 3805, 3795, 3806, 3795, 3807, 3806, 3795, 3808, 3807, 3808, 3863, 3832, 3863, 3864, 3832, 3871, 4102, 4066, 4102, 4111, 4113, 4109, 4112, 4110, 4109, 4183, 4112, 4206, 4208, 4211, 4826, 4827, 4857, 4826, 4857, 6266, 2742, 2743, 2741, 2473, 2476, 2475, 2424, 2422, 2423, 2421, 2378, 2422, 2421, 2380, 2378, 3097, 3098, 2379, 4496, 4495, 4497, 4499, 4689, 4691, 4691, 4690, 4692, 4690, 4678, 4692, 4677, 4673, 4674, 4549, 4597, 4598, 4263, 4264, 4266, 4266, 4265, 4267, 4264, 4265, 4266, 4267, 4265, 4268, 4265, 4271, 4268, 4265, 4370, 4271, 3707, 3708, 3694, 3723, 3719, 3712, 3723, 3721, 3719, 3802, 3803, 3815, 3804, 3805, 3814, 3830, 3808, 3832, 3864, 3865, 3867, 3865, 3871, 3867, 4183, 4209, 4112, 4183, 4185, 4209, 4210, 4206, 4211, 4208, 4737, 4223, 3098, 3099, 3102, 4493, 4499, 4498, 4676, 4677, 4674, 4674, 4548, 4547, 4673, 4548, 4674, 4548, 4549, 4547, 4370, 3704, 3705, 3704, 3696, 3705, 3708, 3710, 3713, 3864, 3867, 3832, 4102, 4113, 4066, 4209, 4210, 4212, 2774, 2744, 2778, 2744, 2779, 2778, 2744, 2742, 2779, 2435, 2432, 2434, 2435, 2436, 2432, 2436, 2424, 2425, 2424, 2423, 2425, 2380, 2379, 2378, 2380, 2381, 2379, 4497, 4498, 4501, 4549, 4598, 4547, 4263, 4266, 4297, 3713, 3710, 3711, 3710, 3712, 3711, 3815, 3803, 3816, 3803, 3814, 3816, 3807, 3808, 3811, 3808, 3830, 3811, 4111, 4114, 4113, 4114, 4111, 4112, 4211, 4208, 4223, 4827, 2776, 2777, 2777, 2774, 2778, 2776, 2774, 2777, 2779, 2742, 2740, 2740, 2741, 2477, 2742, 2741, 2740, 2741, 3072, 2477, 2422, 2378, 2423, 2378, 2379, 2377, 4457, 3104, 3102, 4457, 4496, 3104, 4501, 4498, 4502, 4498, 4499, 4502, 4676, 4674, 4675, 4547, 4598, 4599, 4360, 4301, 4359, 4301, 4303, 4359, 4266, 4267, 4296, 4271, 4370, 4369, 3694, 3708, 3695, 3712, 3719, 3711, 3719, 3720, 3716, 3719, 3721, 3720, 3721, 3802, 3720, 3802, 3815, 3720, 3814, 3805, 3813, 3805, 3806, 3813, 3867, 3871, 3870, 3871, 4066, 3870, 4111, 4110, 4112, 4210, 4211, 4212, 4857, 4832, 4856, 4857, 4827, 4832, 4857, 6265, 6266, 4857, 4856, 6265, 4827, 2777, 4832, 2476, 2435, 2434, 2436, 2425, 2432, 4496, 4500, 3104, 4496, 4497, 4500, 4497, 4501, 4500, 4296, 4267, 4273, 3695, 3708, 3713, 3711, 3719, 3714, 3719, 3716, 3714, 3816, 3814, 3813, 3813, 3806, 3809, 3806, 3807, 3809, 3811, 3830, 3829, 3072, 2475, 2477, 2475, 2476, 2477, 4500, 4501, 4696, 4499, 4691, 4507, 4678, 4676, 4692, 4692, 4676, 4675, 4545, 4547, 4546, 4674, 4547, 4545, 4547, 4599, 4546, 4599, 4598, 4600, 4301, 4297, 4303, 4297, 4266, 4295, 4266, 4296, 4295, 4267, 4269, 4273, 4267, 4268, 4269, 4269, 4268, 4270, 4268, 4271, 4270, 3694, 3695, 3692, 3809, 3807, 3810, 3807, 3811, 3810, 3830, 3832, 3831, 4113, 4114, 4115, 4114, 4112, 4115, 4211, 4223, 4222, 2378, 2377, 2375, 3102, 3104, 3103, 4501, 4502, 4503, 4502, 4499, 4503, 4499, 4507, 4503, 4675, 4674, 4545, 4598, 4360, 4600, 4360, 4305, 4601, 4360, 4359, 4305, 4271, 4369, 4270, 4369, 4370, 3705, 3811, 3829, 3812, 2740, 2477, 2737, 2477, 2478, 2737, 2434, 2432, 2433, 2423, 2378, 2375, 4692, 4675, 4693, 4675, 4545, 4544, 4295, 4273, 4294, 4296, 4273, 4295, 4273, 4293, 4294, 4273, 4269, 4272, 4272, 4269, 4270, 3705, 3696, 4371, 3695, 3713, 3692, 3713, 3711, 3714, 3810, 3811, 3812, 3830, 3831, 3829, 3832, 3867, 3868, 3867, 3870, 3869, 4066, 4116, 3870, 4066, 4113, 4116, 4115, 4112, 4119, 4112, 4209, 4213, 4209, 4212, 4213, 2778, 2739, 2780, 2778, 2779, 2739, 2779, 2740, 2739, 2425, 2423, 2426, 2423, 2375, 2426, 2375, 2377, 2376, 2377, 2379, 3100, 2379, 3098, 3100, 4691, 4692, 4511, 4511, 4692, 4693, 4693, 4675, 4544, 4303, 4297, 4304, 4304, 4297, 4295, 4272, 4270, 4275, 3696, 4777, 4371, 4371, 4777, 4776, 4777, 3694, 3692, 3692, 3713, 3691, 3720, 3815, 3718, 3815, 3816, 3718, 3867, 3869, 3868, 4832, 2777, 2903, 2740, 2737, 2739, 2477, 2476, 2478, 2433, 2432, 2431, 2432, 2425, 2427, 2425, 2426, 2427, 2375, 2376, 2373, 2377, 3100, 2376, 3098, 3101, 3100, 3098, 3102, 3101, 3103, 3104, 3107, 3104, 4500, 3107, 4500, 4696, 4504, 4501, 4503, 4505, 4505, 4503, 4506, 4503, 4507, 4506, 4507, 4691, 4511, 4545, 4546, 4603, 4600, 4360, 4601, 4359, 4303, 4305, 4303, 4304, 4305, 4293, 4273, 4274, 4273, 4272, 4274, 4275, 4270, 4277, 4270, 4369, 4278, 4369, 3705, 4278, 4776, 4777, 3693, 4777, 3692, 3693, 3691, 3713, 3689, 3713, 3714, 3689, 3714, 3715, 3687, 3714, 3716, 3715, 3817, 3813, 3809, 3816, 3813, 3817, 3812, 3829, 3819, 3829, 3877, 3819, 3832, 3868, 3866, 4112, 4213, 4119, 4223, 4737, 4739, 4856, 4832, 4831, 6265, 4856, 6263, 4832, 2903, 4831, 2476, 2434, 2479, 2479, 2434, 2433, 2431, 2432, 2427, 3102, 3103, 3101, 4696, 4501, 4504, 4504, 4501, 4505, 4544, 4545, 4542, 4546, 4599, 4603, 4294, 4293, 4292, 4292, 4293, 4274, 4274, 4272, 4275, 4776, 3693, 4774, 3692, 3691, 3693, 3716, 3720, 3715, 3816, 3817, 3718, 3809, 3810, 3812, 3829, 3831, 3877, 4116, 4113, 4117, 4113, 4115, 4117, 4212, 4211, 4214, 4211, 4222, 4214, 4222, 4223, 4219, 4223, 4739, 4219, 2426, 2375, 2374, 2375, 2373, 2374, 4599, 4602, 4603, 4599, 4600, 4602, 4600, 4601, 4602, 4277, 4270, 4278, 4278, 3705, 4371, 3693, 3691, 3690, 3690, 3691, 3689, 3689, 3714, 3688, 3714, 3687, 3688, 3869, 3874, 3873, 3869, 3870, 3874, 3870, 4116, 3874, 4117, 4115, 4118, 4118, 4115, 4119, 4212, 4214, 4213, 2476, 2479, 2478, 2427, 2426, 2374, 2374, 2373, 2372, 3107, 4500, 4456, 4500, 4504, 4456, 4504, 4505, 4697, 4507, 4511, 4506, 4511, 4693, 4694, 4693, 4544, 4694, 4545, 4603, 4542, 4304, 4295, 4308, 4295, 4294, 4308, 4308, 4294, 4292, 4275, 4277, 4276, 4776, 4774, 4775, 3817, 3809, 3818, 3809, 3812, 3818, 3818, 3812, 3819, 3877, 3831, 3866, 3831, 3832, 3866, 3866, 3868, 3869, 4856, 4831, 4855, 4856, 4855, 6263, 2372, 2373, 2371, 2373, 2376, 2371, 3100, 3101, 3114, 3103, 3107, 3106, 4603, 4602, 4604, 4602, 4601, 4604, 4292, 4274, 4291, 4291, 4274, 4276, 4274, 4275, 4276, 4776, 4778, 4371, 4774, 3693, 3690, 3689, 3688, 3690, 3715, 3720, 3718, 3817, 3818, 3821, 3874, 4116, 3876, 4116, 4121, 3876, 4116, 4117, 4121, 4119, 4213, 4182, 4219, 4739, 4221, 2777, 2780, 2903, 2777, 2778, 2780, 2737, 2478, 2736, 2479, 2481, 2480, 2481, 2479, 2482, 2479, 2433, 2482, 2433, 2431, 2482, 2371, 2376, 3116, 2376, 3100, 3116, 3101, 3105, 3111, 3101, 3103, 3105, 4504, 4697, 4456, 4505, 4506, 4509, 4509, 4506, 4510, 4544, 4542, 4695, 4542, 4603, 4543, 4603, 4604, 4543, 4604, 4601, 4358, 4601, 4305, 4358, 4277, 4278, 4279, 4776, 4775, 4778, 3874, 3876, 3873, 2781, 2739, 2738, 2780, 2739, 2781, 2738, 2737, 2735, 2739, 2737, 2738, 2737, 2736, 2735, 2478, 2479, 2480, 3116, 3100, 3114, 3103, 3106, 3105, 4511, 4694, 4515, 4544, 4695, 4694, 4542, 4541, 4695, 4542, 4543, 4541, 4280, 4276, 4279, 4276, 4277, 4279, 4278, 4372, 4279, 4278, 4371, 4372, 3690, 4783, 4782, 3690, 3688, 4783, 3687, 3715, 3684, 3718, 3817, 3681, 3681, 3817, 3820, 3817, 3821, 3820, 3821, 3818, 3822, 3818, 3823, 3822, 3818, 3819, 3823, 3819, 3877, 3823, 4117, 4118, 4121, 2374, 2372, 2428, 2372, 2371, 2370, 2371, 3116, 2369, 3114, 3111, 3113, 3114, 3101, 3111, 4456, 4697, 4508, 4697, 4505, 4508, 4506, 4511, 4510, 4694, 4695, 4539, 4358, 4305, 4310, 4305, 4304, 4306, 4291, 4276, 4281, 4276, 4280, 4281, 4372, 4371, 4373, 4371, 4778, 4373, 3690, 4782, 4772, 3688, 3687, 3686, 3715, 3718, 3717, 3821, 3822, 3824, 3877, 3866, 3878, 3866, 3872, 3878, 3866, 3869, 3872, 3872, 3869, 3873, 2431, 2427, 2430, 2427, 2374, 2428, 2372, 2370, 2487, 3116, 3114, 3115, 3114, 3113, 3115, 4508, 4505, 4509, 4511, 4515, 4510, 4539, 4541, 4540, 4695, 4541, 4539, 4541, 4605, 4540, 4541, 4543, 4605, 4543, 4604, 4605, 4308, 4292, 4290, 4279, 4283, 4280, 4279, 4372, 4283, 4778, 4775, 4779, 4779, 4775, 4773, 4775, 4774, 4773, 3688, 3686, 4783, 3686, 3687, 3684, 3824, 3822, 3828, 3828, 3822, 3823, 3823, 3877, 3878, 4118, 4119, 4120, 2735, 2736, 2732, 2482, 2431, 2430, 2370, 2371, 2369, 3108, 4456, 4455, 3107, 4456, 3108, 4456, 4508, 4455, 4605, 4604, 4606, 4604, 4358, 4606, 4773, 4774, 4772, 4774, 3690, 4772, 4782, 4783, 4784, 4783, 3686, 4784, 3684, 3715, 3717, 3821, 3824, 3820, 4119, 4182, 4120, 4221, 4739, 4740, 4831, 2903, 2902, 2736, 2478, 2732, 2732, 2478, 2480, 2369, 3116, 3115, 4305, 4306, 4310, 4292, 4291, 4290, 4283, 4372, 4376, 4373, 4778, 4375, 4778, 4779, 4375, 4773, 4772, 4769, 4769, 4772, 4771, 4771, 4782, 4789, 4772, 4782, 4771, 4782, 4784, 4789, 3717, 3718, 3682, 3823, 3878, 3828, 3875, 3873, 3876, 3876, 4121, 4122, 4121, 4118, 4123, 4213, 4214, 4215, 4219, 4221, 4220, 2903, 2780, 2782, 2780, 2781, 2782, 2738, 2735, 2784, 2735, 2732, 2734, 2732, 2480, 2731, 4515, 4694, 4534, 4539, 4540, 4607, 4540, 4605, 4606, 4358, 4310, 4334, 4304, 4308, 4307, 4372, 4373, 4375, 4375, 4779, 4780, 4779, 4773, 4781, 3686, 4785, 4784, 3686, 3684, 4785, 3684, 3685, 4785, 3820, 3824, 3825, 3824, 3828, 3825, 3878, 3872, 3879, 3872, 3873, 3875, 4121, 4123, 4122, 4182, 4213, 4215, 2903, 2782, 2902, 2731, 2480, 2733, 2480, 2481, 2733, 2429, 2427, 2428, 2430, 2427, 2429, 3115, 3113, 3112, 3106, 3107, 3108, 4509, 4510, 4513, 4510, 4515, 4514, 4540, 4606, 4607, 4606, 4358, 4334, 4304, 4307, 4306, 4308, 4290, 4307, 4281, 4280, 4282, 4282, 4280, 4283, 4780, 4779, 4781, 4781, 4773, 4769, 4789, 4784, 4785, 3684, 3683, 3685, 3684, 3717, 3683, 3717, 3682, 3683, 3718, 3681, 3682, 3825, 3828, 3827, 3828, 3878, 3827, 3827, 3878, 3879, 4118, 4120, 4125, 4120, 4182, 4215, 4854, 4831, 4830, 4855, 4831, 4854, 4855, 6261, 6263, 4855, 4854, 6261, 4831, 2902, 4830, 2735, 2734, 2784, 2481, 2482, 2483, 2482, 2429, 2483, 2482, 2430, 2429, 2428, 2372, 2487, 3113, 3111, 3112, 4694, 4539, 4534, 4610, 4606, 4334, 4290, 4291, 4286, 4291, 4281, 4286, 4286, 4281, 4282, 4769, 4771, 4770, 4771, 4789, 4770, 4785, 3685, 4786, 3682, 3681, 3679, 3879, 3872, 3880, 3872, 3875, 3880, 3875, 3876, 3881, 2782, 2781, 2783, 2732, 2731, 2730, 2369, 3115, 2367, 3115, 3112, 2367, 3111, 3105, 3109, 3109, 3106, 3110, 3105, 3106, 3109, 3106, 3108, 3110, 3108, 4455, 4454, 4455, 4508, 4454, 4513, 4510, 4514, 4514, 4515, 4534, 4534, 4539, 4538, 4539, 4607, 4538, 4306, 4309, 4310, 4306, 4307, 4309, 4307, 4290, 4309, 4376, 4372, 4374, 4374, 4372, 4375, 4769, 4770, 4768, 4789, 4785, 4787, 4785, 4786, 4787, 3682, 3665, 3683, 3681, 3680, 3679, 3681, 3820, 3680, 3680, 3820, 3826, 3820, 3825, 3826, 3825, 3827, 3826, 3875, 3881, 3880, 3876, 4122, 3881, 4122, 4123, 4124, 4215, 4214, 4216, 4214, 4222, 4216, 4222, 4220, 4216, 4222, 4219, 4220, 4220, 4221, 4740, 2781, 2738, 2783, 2734, 2732, 2730, 2428, 2487, 2429, 2487, 2370, 2486, 2370, 2369, 2368, 3112, 3111, 3109, 3108, 4444, 3110, 4508, 4509, 4454, 4509, 4513, 4512, 4534, 4538, 4535, 4607, 4606, 4608, 4606, 4610, 4608, 4309, 4290, 4289, 4290, 4286, 4289, 4282, 4283, 4284, 4283, 4376, 4284, 4376, 4374, 4284, 4770, 4789, 4788, 4789, 4787, 4788, 3685, 3665, 4786, 3685, 3683, 3665, 3826, 3827, 3884, 3827, 3879, 3884, 4123, 4118, 4124, 4124, 4118, 4125, 4120, 4215, 4129, 4129, 4215, 4132, 2784, 2734, 2730, 2730, 2731, 2729, 2486, 2370, 2368, 2368, 2369, 2367, 2367, 3112, 2363, 3109, 3110, 3117, 4509, 4512, 4454, 4513, 4514, 4516, 4514, 4534, 4517, 4534, 4535, 4517, 4608, 4610, 4609, 4609, 4610, 4333, 4610, 4334, 4333, 4334, 4310, 4332, 4311, 4309, 4312, 4310, 4309, 4311, 4312, 4309, 4289, 4286, 4282, 4285, 4282, 4284, 4285, 4284, 4374, 4377, 4770, 4788, 4768, 3665, 3682, 3666, 3682, 3679, 3666, 3680, 3826, 3678, 3880, 3881, 3883, 4124, 4125, 4126, 4126, 4125, 4127, 4120, 4129, 4125, 4132, 4215, 4216, 2783, 2738, 2784, 2784, 2730, 2787, 2730, 2728, 2787, 2730, 2729, 2728, 2729, 2731, 2733, 2481, 2483, 2733, 2368, 2367, 2366, 2366, 2367, 2364, 2367, 2363, 2364, 3112, 3109, 2363, 2363, 3109, 2361, 3110, 4444, 3117, 3108, 4454, 4444, 4512, 4513, 4519, 4513, 4516, 4519, 4514, 4517, 4516, 4310, 4314, 4332, 4310, 4311, 4314, 4284, 4377, 4379, 4780, 4781, 4767, 4781, 4769, 4767, 4769, 4768, 4767, 4768, 4788, 3573, 4788, 3577, 3573, 4788, 4787, 3577, 4787, 4786, 3577, 3679, 3680, 3678, 3884, 3879, 3885, 3881, 4122, 3883, 4125, 4129, 4128, 4129, 4132, 4128, 4854, 4830, 4853, 4854, 4853, 6261, 2783, 2784, 2785, 2733, 2722, 2729, 2483, 2429, 2484, 2429, 2485, 2484, 2485, 2429, 2486, 2429, 2487, 2486, 2361, 3109, 3117, 4444, 4454, 4451, 4454, 4453, 4451, 4454, 4512, 4453, 4512, 4520, 4453, 4512, 4519, 4520, 4517, 4535, 4536, 4535, 4537, 4536, 4535, 4538, 4537, 4538, 4607, 4537, 4333, 4334, 4332, 4289, 4286, 4288, 4286, 4287, 4288, 4286, 4285, 4287, 4374, 4378, 4377, 4374, 4375, 4378, 4375, 4780, 4378, 4780, 4767, 4378, 4767, 4768, 4766, 4768, 3573, 4766, 3577, 4786, 3578, 4786, 3665, 3578, 3665, 3664, 3578, 3665, 3666, 3664, 3666, 3679, 3668, 3679, 3678, 3668, 3678, 3826, 3675, 3675, 3884, 3677, 3826, 3884, 3675, 3677, 3884, 3885, 3879, 3882, 3885, 3879, 3880, 3882, 4125, 4128, 4127, 4132, 4216, 4181, 4830, 2902, 2900, 2902, 2782, 2901, 2782, 2785, 2901, 2782, 2783, 2785, 2785, 2784, 2786, 2784, 2787, 2786, 2733, 2483, 2722, 2486, 2368, 2489, 2368, 2366, 2489, 2363, 2362, 2364, 2362, 2363, 2361, 4516, 4517, 4518, 4607, 4608, 4537, 4611, 4333, 4331, 4609, 4333, 4611, 4333, 4332, 4331, 4314, 4311, 4313, 4311, 4312, 4313, 4313, 4289, 4288, 4312, 4289, 4313, 4285, 4284, 4287, 4284, 4384, 4287, 4767, 4766, 4378, 4766, 3573, 3571, 3571, 3573, 3572, 3573, 3577, 3572, 3577, 3578, 3572, 3883, 4122, 4139, 4132, 4181, 4131, 4220, 4740, 4741, 2786, 2787, 2788, 2787, 2728, 2789, 2722, 2483, 2484, 2485, 2486, 2488, 2486, 2489, 2488, 4444, 4451, 4446, 4451, 4453, 4452, 4453, 4520, 4452, 4518, 4517, 4523, 4517, 4536, 4523, 4608, 4609, 4537, 4332, 4314, 4315, 4315, 4313, 4316, 4314, 4313, 4315, 4313, 4288, 4317, 4288, 4287, 4318, 4287, 4384, 4318, 4377, 4380, 4379, 4377, 4378, 4380, 4378, 4766, 3570, 4766, 3571, 3570, 3572, 3574, 3571, 3576, 3572, 3578, 3677, 3885, 3886, 3880, 3883, 3882, 4122, 4124, 4139, 4128, 4132, 4131, 4181, 4216, 4217, 4217, 4216, 4218, 4216, 4220, 4218, 4853, 4830, 4829, 4830, 2900, 4829, 2785, 2786, 2896, 2787, 2789, 2788, 2791, 2789, 2790, 2789, 2728, 2790, 2728, 2729, 2722, 2366, 2364, 2365, 2362, 2361, 2360, 4444, 4446, 4445, 4451, 4448, 4446, 4451, 4452, 4448, 4520, 4519, 4521, 4519, 4516, 4521, 4536, 4537, 4613, 4613, 4537, 4612, 4537, 4609, 4612, 4609, 4611, 4612, 4331, 4332, 4329, 4332, 4315, 4329, 3570, 3571, 3569, 3571, 3574, 3569, 3574, 3572, 3576, 3668, 3678, 3670, 3885, 3882, 3887, 4124, 4126, 4138, 4220, 4741, 4218, 2728, 2722, 2726, 2484, 2485, 2488, 2489, 2366, 2491, 2366, 2365, 2491, 2364, 2362, 2365, 3117, 4444, 2355, 4444, 4445, 2355, 4313, 4317, 4316, 4288, 4318, 4317, 4384, 4284, 4381, 4284, 4379, 4381, 4381, 4379, 4380, 3569, 3574, 3575, 3670, 3678, 3672, 3678, 3675, 3676, 3676, 3677, 3886, 3675, 3677, 3676, 3886, 3885, 3887, 3882, 3883, 3889, 3883, 4139, 3889, 4139, 4124, 4140, 4124, 4138, 4140, 4126, 4127, 4138, 4741, 4798, 4218, 2786, 2788, 2895, 2788, 2791, 2895, 2788, 2789, 2791, 2790, 2728, 2727, 2728, 2726, 2727, 2361, 3117, 2358, 4445, 4446, 4443, 4317, 4318, 4382, 4382, 4384, 4383, 4318, 4384, 4382, 4383, 4384, 4381, 3570, 3569, 3313, 3569, 3575, 3568, 3574, 3576, 3575, 3664, 3666, 3667, 3678, 3676, 3672, 3887, 3882, 3888, 3882, 3889, 3888, 3889, 4139, 3893, 4139, 3898, 3893, 4139, 4140, 3898, 4140, 4138, 4142, 6261, 4853, 6260, 2902, 2901, 2900, 2722, 2484, 2721, 2488, 2489, 2490, 2489, 2491, 2490, 2491, 2365, 2492, 2365, 2362, 2360, 2360, 2361, 2358, 3117, 2355, 2358, 4443, 4446, 4447, 4446, 4448, 4447, 4452, 4520, 4521, 4521, 4516, 4522, 4516, 4518, 4522, 4518, 4523, 4522, 4522, 4523, 4531, 4523, 4536, 4531, 4613, 4612, 4614, 4612, 4330, 4614, 4612, 4611, 4330, 4611, 4331, 4330, 4331, 4329, 4330, 4315, 4316, 4322, 4316, 4317, 4319, 4317, 4320, 4319, 4317, 4382, 4320, 4382, 4385, 4320, 4382, 4383, 4385, 4381, 3309, 3310, 4381, 4380, 3309, 4380, 4378, 3313, 4378, 3570, 3313, 3313, 3569, 3315, 3315, 3569, 3568, 3568, 3575, 3567, 3576, 3578, 3579, 3579, 3578, 3663, 3578, 3664, 3663, 3666, 3668, 3667, 3676, 3886, 3887, 3887, 3888, 3890, 4138, 4127, 4137, 4127, 4130, 4137, 4127, 4128, 4130, 4128, 4131, 4130, 4181, 4217, 4134, 2901, 2785, 2896, 2896, 2786, 2895, 2895, 2791, 2893, 2721, 2484, 2720, 2484, 2719, 2720, 2484, 2488, 2719, 2491, 2492, 2490, 2492, 2365, 2493, 2365, 2360, 2494, 4443, 4447, 4442, 4448, 4452, 4447, 4531, 4536, 4533, 4536, 4613, 4533, 4329, 4315, 4322, 4316, 4319, 4322, 3308, 4381, 3310, 4383, 4381, 3308, 3309, 4380, 3311, 3311, 4380, 3313, 3568, 3567, 3315, 3576, 3579, 3575, 3664, 3667, 3663, 3667, 3668, 3669, 3668, 3670, 3669, 3676, 3887, 3674, 3887, 3890, 3674, 3888, 3889, 3893, 3898, 4140, 4065, 4065, 4140, 4141, 4140, 4142, 4141, 4141, 4142, 4143, 4142, 4138, 4137, 4131, 4181, 4134, 2896, 2895, 2894, 2894, 2895, 2893, 2726, 2722, 2723, 2719, 2488, 2717, 2488, 2490, 2717, 2360, 2358, 2359, 2359, 2358, 2357, 2357, 2358, 2355, 4445, 4443, 2355, 4447, 4452, 4450, 4452, 4521, 4450, 4521, 4524, 4450, 4521, 4522, 4524, 4526, 4522, 4531, 4613, 4615, 4533, 4613, 4614, 4615, 4616, 4330, 4336, 4614, 4330, 4616, 4336, 4330, 4328, 4329, 4322, 4323, 4322, 4321, 4323, 4322, 4319, 4321, 4319, 4320, 4321, 4385, 4383, 3308, 3309, 3311, 3310, 3311, 3313, 3312, 3313, 3315, 3314, 3315, 3567, 3317, 3317, 3575, 3566, 3567, 3575, 3317, 3575, 3580, 3566, 3575, 3579, 3580, 3579, 3663, 3580, 3890, 3888, 3891, 4130, 4131, 4133, 4131, 4134, 4133, 4134, 4217, 4180, 4217, 4218, 4180, 2894, 2893, 2892, 2790, 2727, 2794, 2794, 2727, 2725, 2722, 2721, 2723, 2490, 2492, 2718, 2492, 2493, 2718, 2493, 2365, 2494, 2494, 2360, 2359, 2357, 2355, 2356, 2355, 4443, 2350, 4443, 4442, 2350, 4442, 4447, 4449, 4447, 4450, 4449, 4450, 4525, 4449, 4450, 4524, 4525, 4524, 4522, 4526, 4526, 4531, 4528, 4328, 4329, 4323, 4330, 4329, 4328, 4321, 4320, 4325, 4320, 4385, 4325, 4325, 4385, 4386, 4385, 4387, 4386, 4385, 3308, 4387, 3313, 3314, 3312, 3314, 3315, 3316, 3315, 3317, 3316, 3662, 3663, 3660, 3660, 3667, 3669, 3663, 3667, 3660, 3659, 3670, 3657, 3669, 3670, 3659, 3657, 3670, 3671, 3670, 3672, 3671, 3672, 3676, 3674, 3888, 3893, 3892, 4134, 4180, 4135, 4218, 4798, 4742, 2893, 2791, 2792, 2791, 2790, 2792, 2723, 2721, 2724, 2721, 2720, 2724, 2494, 2359, 2495, 4442, 4449, 2351, 4525, 4524, 4526, 4527, 4526, 4528, 4531, 4532, 4528, 4531, 4533, 4532, 4614, 4616, 4615, 4328, 4323, 4327, 3316, 3317, 3319, 3317, 3562, 3319, 3317, 3565, 3562, 3317, 3566, 3565, 3566, 3580, 3565, 3671, 3672, 3673, 3891, 3888, 3892, 3892, 3893, 3894, 3893, 3898, 3894, 4130, 4133, 4137, 4133, 4134, 4135, 4180, 4218, 4742, 4742, 4798, 4801, 4853, 4829, 4852, 4853, 4852, 6260, 2900, 2901, 2897, 2901, 2896, 2897, 2896, 2894, 2897, 2792, 2790, 2793, 2790, 2794, 2793, 2717, 2490, 2716, 2494, 2495, 2493, 2359, 2357, 2356, 2356, 2355, 2354, 2355, 2350, 2354, 4442, 2351, 2350, 4449, 4525, 4440, 4532, 4533, 4615, 4615, 4616, 4618, 4616, 4617, 4618, 4616, 4336, 4617, 3308, 3310, 3298, 3310, 3307, 3298, 3310, 3311, 3307, 3320, 3312, 3314, 3562, 3565, 3561, 3580, 3663, 3581, 3672, 3674, 3673, 3674, 3890, 3891, 3894, 3898, 3897, 4142, 4144, 4143, 4142, 4137, 4144, 4177, 4135, 4180, 6260, 4852, 6255, 2897, 2891, 2898, 2897, 2894, 2891, 2894, 2892, 2891, 2892, 2893, 2890, 2893, 2792, 2890, 2727, 2726, 2725, 2725, 2723, 2724, 2726, 2723, 2725, 2720, 2719, 2715, 2715, 2717, 2716, 2719, 2717, 2715, 2490, 2718, 2714, 2495, 2359, 2496, 2359, 2356, 2498, 4525, 4526, 4440, 4526, 4527, 4440, 4532, 4615, 4648, 4615, 4618, 4648, 4327, 4323, 4326, 4323, 4324, 4326, 4323, 4321, 4324, 4324, 4325, 4391, 4321, 4325, 4324, 4325, 4386, 4391, 3311, 3312, 3307, 3320, 3314, 3321, 3314, 3318, 3321, 3314, 3316, 3318, 3316, 3319, 3318, 3561, 3565, 3564, 3565, 3580, 3564, 3580, 3581, 3564, 3663, 3662, 3581, 3660, 3669, 3659, 3891, 3892, 3895, 3897, 3898, 3899, 3898, 4065, 3899, 2900, 2897, 2899, 2899, 2897, 2898, 2892, 2890, 2891, 2800, 2720, 2715, 2718, 2493, 2649, 2493, 2495, 2649, 2356, 2354, 2499, 4449, 4440, 4441, 4532, 4648, 4619, 4648, 4618, 4619, 4328, 4327, 4335, 4391, 4386, 4388, 4387, 3308, 3295, 3308, 3298, 3295, 3319, 3562, 3560, 3560, 3562, 3561, 3673, 3674, 3908, 3674, 3891, 3908, 3899, 4065, 4145, 4141, 4143, 4145, 4143, 4144, 4145, 4137, 4133, 4136, 4133, 4135, 4136, 2716, 2490, 2714, 2495, 2496, 2649, 2351, 4449, 2347, 4449, 4441, 2347, 4440, 4438, 4441, 4440, 4527, 4438, 4528, 4532, 4527, 4336, 4335, 4617, 4336, 4328, 4335, 4391, 4389, 4324, 4391, 4388, 4389, 4386, 4387, 4388, 4387, 3295, 3291, 3298, 3307, 3297, 3307, 3312, 3304, 3312, 3320, 3304, 3318, 3319, 3323, 3319, 3560, 3323, 3561, 3563, 3560, 3561, 3564, 3563, 3581, 3662, 3583, 4065, 4141, 4145, 4145, 4144, 4146, 4144, 4153, 4146, 4144, 4137, 4153, 2496, 2359, 2497, 2359, 2498, 2497, 2498, 2356, 2499, 4619, 4618, 4620, 4620, 4617, 4338, 4618, 4617, 4620, 4617, 4335, 4338, 4335, 4327, 4326, 4389, 4388, 4390, 4390, 4388, 3291, 4388, 4387, 3291, 3295, 3298, 3297, 3307, 3304, 3297, 3560, 3563, 3559, 3657, 3671, 3656, 3891, 3895, 3909, 3892, 3894, 3895, 4852, 4829, 4828, 4828, 2900, 2904, 4829, 2900, 4828, 2900, 2899, 2904, 2898, 2891, 2889, 2889, 2890, 2888, 2891, 2890, 2889, 2890, 2792, 2888, 2888, 2793, 2886, 2792, 2793, 2888, 2886, 2793, 2795, 2793, 2794, 2795, 2794, 2725, 2795, 2724, 2720, 2800, 2800, 2715, 2802, 2716, 2714, 2715, 2714, 2718, 2713, 2718, 2649, 2713, 2499, 2354, 2353, 2354, 2350, 2353, 2350, 2351, 2348, 2351, 2347, 2348, 4438, 4527, 4529, 4527, 4530, 4529, 4527, 4532, 4530, 4532, 4619, 4530, 4619, 4620, 4621, 4338, 4335, 4337, 4337, 4335, 4326, 3304, 3320, 3306, 3320, 3322, 3306, 3320, 3321, 3322, 3321, 3318, 3322, 3318, 3323, 3322, 3323, 3560, 3330, 3330, 3560, 3559, 3563, 3564, 4761, 4761, 3581, 3582, 3564, 3581, 4761, 3581, 3583, 3582, 3891, 3909, 3908, 3894, 3897, 3896, 4177, 4180, 4179, 4180, 4742, 4179, 4179, 4801, 4800, 4742, 4801, 4179, 2898, 2889, 2905, 2795, 2725, 2796, 2725, 2724, 2796, 2796, 2724, 2800, 2353, 2350, 2352, 4619, 4621, 4530, 3291, 3295, 3290, 3295, 3297, 3296, 3297, 3299, 3296, 3297, 3305, 3299, 3297, 3304, 3305, 3304, 3306, 3305, 3322, 3323, 3324, 3323, 3325, 3324, 3323, 3330, 3325, 3559, 3563, 3335, 3909, 3895, 3910, 3895, 3894, 3896, 3899, 4145, 3902, 4145, 4146, 4147, 4137, 4136, 4153, 4136, 4135, 4176, 4135, 4177, 4176, 2889, 2888, 2887, 2888, 2886, 2887, 2795, 2796, 2797, 2800, 2799, 2796, 2800, 2801, 2799, 2800, 2802, 2801, 2713, 2649, 2650, 2496, 2497, 2649, 4529, 4530, 4435, 4620, 4357, 4621, 4620, 4338, 4357, 4338, 4339, 4357, 4338, 4337, 4339, 4337, 4326, 4343, 4326, 4324, 4343, 4324, 4389, 4392, 4389, 4390, 3288, 3290, 3295, 3293, 3295, 3296, 3293, 3306, 3326, 3302, 3306, 3322, 3326, 3322, 3327, 3326, 3322, 3324, 3327, 3335, 3563, 3558, 3563, 4761, 3558, 4761, 3582, 3558, 3662, 3660, 3661, 3660, 3659, 3661, 3657, 3658, 3659, 3657, 3656, 3658, 3671, 3655, 3656, 3671, 3673, 3655, 3673, 3908, 3655, 3897, 3899, 3896, 4136, 4176, 4156, 4178, 4179, 4743, 4177, 4179, 4178, 4743, 4179, 4744, 2899, 2898, 2905, 2886, 2795, 2797, 2798, 2796, 2799, 2802, 2715, 2803, 2649, 2648, 2650, 4441, 4438, 4698, 4438, 4529, 4436, 4621, 4356, 4530, 4621, 4357, 4356, 4339, 4337, 4340, 4389, 3288, 4392, 3300, 3306, 3302, 3305, 3306, 3300, 3583, 3662, 3585, 3662, 3661, 3585, 3661, 3659, 3658, 3908, 3653, 3655, 3908, 3909, 3911, 3910, 3895, 3907, 4146, 4153, 4147, 2904, 2899, 2905, 2887, 2886, 2885, 2886, 2797, 2885, 2803, 2715, 2712, 2715, 2714, 2712, 2712, 2714, 2713, 2650, 2648, 2651, 2649, 2497, 2648, 2648, 2497, 2647, 2497, 2498, 2645, 2352, 2350, 2349, 2350, 2348, 2349, 4529, 4435, 4436, 4530, 4356, 4622, 4357, 4340, 4356, 4357, 4339, 4340, 4324, 4392, 4343, 3288, 4390, 3289, 4390, 3291, 3289, 3302, 3326, 3349, 3326, 3327, 3349, 3324, 3325, 3328, 3325, 3329, 3328, 3325, 3330, 3329, 3330, 3331, 3329, 3330, 3559, 3331, 3331, 3335, 3334, 3559, 3335, 3331, 3582, 3583, 3555, 3907, 3895, 3900, 4147, 4153, 4154, 4136, 4160, 4153, 4136, 4156, 4160, 4176, 4158, 4156, 4176, 4177, 4158, 4177, 4178, 4158, 2905, 2889, 2887, 2796, 2798, 2797, 2497, 2645, 2647, 4698, 4438, 4439, 4438, 4436, 4439, 4435, 4530, 4623, 3288, 3289, 3285, 3289, 3291, 3290, 3302, 3349, 4790, 3653, 3908, 3911, 3895, 3896, 3900, 3896, 3899, 3902, 4145, 4147, 4148, 4147, 4149, 4148, 4147, 4154, 4149, 4744, 4179, 4745, 4179, 4800, 4745, 2904, 2905, 2906, 2905, 2907, 2906, 2907, 2905, 2908, 2905, 2887, 2908, 2885, 2797, 2883, 2651, 2648, 2647, 2498, 2499, 2500, 4343, 4392, 3287, 4790, 3349, 3350, 3349, 3327, 3350, 3327, 3324, 3328, 3335, 3558, 3336, 3558, 3582, 3555, 3555, 3583, 3584, 3656, 3655, 3654, 3900, 3896, 3901, 4064, 4145, 4063, 3902, 4145, 4064, 4145, 4148, 4063, 4153, 4155, 4154, 4153, 4160, 4155, 4828, 2904, 2906, 2797, 2798, 2883, 2798, 2799, 2881, 2799, 2801, 2881, 2801, 2802, 2803, 2713, 2650, 2712, 2646, 2645, 2644, 2647, 2645, 2646, 2498, 2500, 2645, 2499, 2353, 2500, 2353, 2352, 2504, 4435, 4437, 4436, 4435, 4623, 4437, 4530, 4624, 4623, 4530, 4355, 4624, 4530, 4622, 4355, 4622, 4356, 4355, 4355, 4356, 4344, 4356, 4340, 4344, 4340, 4341, 4344, 4340, 4337, 4341, 4343, 3287, 4347, 3299, 3305, 3300, 3328, 3329, 3331, 3335, 3336, 3334, 3336, 3558, 3557, 4745, 4800, 4799, 4852, 4828, 4851, 4828, 2906, 4851, 2887, 2885, 2909, 2885, 2884, 2909, 2885, 2883, 2884, 2883, 2798, 2882, 2798, 2881, 2882, 2881, 2801, 2805, 2801, 2803, 2804, 2804, 2712, 2711, 2803, 2712, 2804, 2712, 2650, 2711, 2352, 2349, 2504, 4341, 4337, 4342, 4337, 4343, 4342, 4343, 4347, 4342, 4392, 3288, 3287, 3287, 3288, 3285, 3285, 3289, 3279, 3289, 3290, 3279, 3293, 3296, 3294, 3302, 4790, 3350, 3327, 3337, 3350, 3327, 3328, 3337, 3331, 3334, 3333, 3334, 3336, 3333, 3557, 3558, 3555, 3583, 3585, 3584, 3909, 3910, 3906, 3910, 3907, 3906, 3906, 3907, 3900, 3901, 3902, 3903, 3896, 3902, 3901, 2908, 2887, 2909, 2882, 2881, 2880, 2651, 2647, 2646, 2645, 2500, 2501, 2349, 2348, 2346, 2348, 2347, 2346, 4439, 4436, 4429, 4436, 4437, 4431, 3285, 3279, 3282, 3290, 3292, 3279, 3290, 3293, 3292, 3293, 3294, 3292, 3296, 3299, 3294, 3300, 3302, 3301, 3302, 3350, 3303, 3350, 3337, 3303, 3555, 3584, 3554, 3584, 3585, 3586, 3585, 3661, 3586, 3661, 3658, 3588, 3658, 3656, 3591, 3654, 3655, 3653, 4149, 4154, 4155, 4743, 4744, 4175, 4744, 4745, 4175, 2908, 2909, 2910, 2884, 2883, 2882, 2801, 2804, 2805, 2650, 2651, 2652, 2645, 2501, 2644, 2500, 2353, 2501, 2353, 2504, 2503, 2347, 2345, 2346, 2347, 4441, 2345, 4441, 4698, 2345, 4624, 4355, 4625, 4355, 4353, 4625, 4353, 4355, 4344, 3285, 3284, 3286, 3285, 3282, 3284, 3299, 3300, 3294, 3301, 3302, 3303, 3337, 3328, 3332, 3328, 3331, 3332, 3332, 3331, 3333, 3336, 3557, 3544, 3544, 3555, 3556, 3557, 3555, 3544, 3555, 3554, 3556, 3586, 3661, 3588, 3658, 3592, 3588, 3658, 3591, 3592, 3656, 3654, 3591, 3903, 3902, 4064, 4148, 4150, 4062, 4148, 4149, 4150, 4175, 4745, 4746, 4745, 4799, 4746, 4852, 4851, 4859, 4852, 6256, 6255, 4852, 4859, 6256, 2906, 2907, 2934, 2907, 2933, 2934, 2907, 2908, 2933, 2908, 2910, 2933, 2910, 2909, 2884, 2881, 2805, 2880, 2804, 2711, 2710, 2644, 2501, 2643, 4429, 4436, 4431, 4431, 4437, 4432, 4623, 4624, 4626, 4624, 4625, 4626, 4344, 4341, 4342, 4342, 4347, 4346, 4347, 3287, 3286, 3287, 3285, 3286, 3294, 4791, 3292, 3303, 3351, 3352, 3303, 3348, 3351, 3348, 3337, 3338, 3303, 3337, 3348, 3337, 3332, 3338, 3554, 3584, 3587, 3584, 3586, 3587, 3653, 3911, 3912, 3911, 3909, 3912, 3909, 3906, 3912, 3906, 3900, 3904, 3900, 3901, 3904, 4064, 4063, 4061, 4149, 4155, 4150, 2933, 2910, 2911, 2884, 2913, 2912, 2884, 2882, 2913, 2711, 2650, 2710, 2652, 2651, 2653, 2651, 2646, 2653, 2501, 2353, 2502, 2353, 2503, 2502, 2504, 2349, 2505, 2349, 2346, 2505, 2345, 4698, 4429, 4698, 4439, 4429, 4437, 4623, 4434, 4434, 4623, 4626, 4626, 4625, 4354, 4625, 4353, 4354, 4353, 4344, 4345, 4344, 4342, 4345, 4347, 3286, 4350, 3301, 3303, 3352, 3332, 3333, 3340, 3333, 3542, 3340, 3336, 3544, 3333, 3591, 3654, 3646, 3654, 3653, 3646, 3646, 3653, 3652, 4061, 4063, 4062, 4063, 4148, 4062, 4062, 4150, 4060, 4158, 4178, 4174, 4178, 4175, 4174, 4178, 4743, 4175, 2910, 2884, 2911, 2710, 2650, 2709, 2650, 2652, 2709, 2646, 2644, 2653, 2643, 2501, 2502, 2503, 2504, 2505, 2505, 2346, 2344, 2346, 2345, 2344, 4429, 4431, 4430, 4430, 4431, 4432, 4432, 4437, 4434, 4434, 4626, 4627, 4626, 4354, 4627, 4354, 4353, 4352, 4353, 4345, 4352, 4342, 4346, 4345, 4346, 4347, 4350, 4350, 3286, 3283, 3286, 3284, 3283, 3283, 3284, 3282, 3294, 3300, 3353, 3300, 3301, 3353, 3338, 3332, 3339, 3556, 3554, 3551, 3586, 3588, 3587, 3588, 3592, 3587, 3653, 3912, 3652, 3912, 3906, 3913, 3906, 3904, 3913, 3904, 3901, 3905, 3901, 3903, 3905, 4150, 4155, 4152, 4155, 4160, 4152, 4160, 4156, 4157, 4156, 4158, 4157, 4158, 4174, 4157, 2911, 2884, 2912, 2806, 2804, 2710, 2709, 2652, 2654, 2652, 2653, 2654, 2653, 2644, 2642, 2644, 2643, 2642, 2643, 2502, 2642, 2502, 2503, 2506, 2503, 2505, 2506, 2344, 2345, 2342, 2342, 2345, 2341, 2345, 4429, 2341, 4429, 4430, 2341, 4346, 4350, 4349, 3283, 3282, 3280, 3294, 3353, 4791, 3353, 3301, 3352, 3351, 3348, 3345, 3348, 3338, 3345, 3345, 3338, 3339, 3542, 3544, 3543, 3333, 3544, 3542, 3544, 3556, 3543, 3591, 3646, 3590, 4060, 4150, 4151, 4152, 4160, 4159, 4160, 4157, 4159, 4859, 4851, 4850, 4851, 3000, 4850, 4851, 2906, 3000, 2906, 2934, 3000, 2912, 2913, 2914, 2882, 2879, 2913, 2882, 2880, 2879, 2880, 2805, 2879, 2805, 2804, 2806, 2341, 4430, 3119, 4430, 4432, 3119, 3119, 4432, 4433, 4345, 4346, 4348, 4348, 4346, 4349, 4349, 4350, 4393, 4350, 3283, 4393, 4393, 3283, 4403, 4403, 3283, 3280, 3282, 3279, 3280, 3279, 3281, 3280, 3279, 3292, 3281, 3345, 3339, 3341, 3339, 3340, 3341, 3339, 3332, 3340, 3554, 3587, 3553, 3592, 3589, 3587, 3589, 3591, 3590, 3592, 3591, 3589, 3646, 3647, 3590, 3647, 3646, 3652, 3912, 3651, 3652, 4150, 4152, 4151, 2879, 2805, 2877, 2877, 2805, 2878, 2805, 2806, 2878, 2654, 2653, 2655, 2653, 2642, 2641, 2642, 2639, 2641, 2642, 2502, 2639, 2502, 2506, 2639, 2506, 2505, 2507, 2508, 2505, 2343, 2505, 2344, 2343, 2339, 2341, 2340, 2342, 2341, 2339, 2341, 3119, 2340, 3119, 4433, 4428, 4432, 4434, 4433, 4627, 4354, 4628, 4354, 4352, 4628, 4352, 4345, 4348, 4349, 4393, 4394, 4393, 4403, 4397, 3292, 4791, 3281, 3352, 3351, 3346, 3351, 3345, 3346, 3340, 3542, 3543, 3543, 3556, 3546, 3556, 3551, 3546, 3551, 3554, 3553, 3647, 3652, 3649, 3912, 3915, 3651, 3903, 3946, 3905, 3903, 4064, 3946, 4159, 4157, 4162, 4746, 4799, 4804, 2934, 2933, 2932, 2911, 2912, 2931, 2912, 2914, 2931, 2807, 2710, 2708, 2710, 2709, 2708, 2709, 2654, 2708, 2653, 2641, 2655, 2639, 2506, 2507, 2507, 2505, 2508, 3119, 4428, 3118, 4434, 4627, 4629, 3280, 3281, 4792, 4791, 3353, 3354, 3346, 3345, 3344, 3344, 3345, 3341, 3341, 3340, 3342, 3340, 3343, 3342, 3543, 3541, 3340, 3551, 3553, 3552, 3553, 3550, 3552, 3553, 3587, 3550, 3587, 3589, 3593, 3593, 3589, 3644, 3589, 3590, 3644, 3649, 3652, 3651, 3912, 3913, 3915, 3904, 3914, 3913, 3904, 3905, 3914, 4064, 4061, 3946, 4151, 4152, 4749, 4157, 4171, 4162, 4157, 4174, 4171, 4174, 4175, 4173, 4175, 4746, 4173, 2933, 2911, 2932, 2914, 2913, 2915, 2913, 2879, 2915, 2641, 2640, 2655, 2641, 2639, 2640, 2508, 2343, 2509, 2343, 2342, 2339, 2344, 2342, 2343, 2340, 3119, 3118, 4428, 4433, 4629, 4433, 4434, 4629, 4627, 4628, 4629, 4352, 4351, 4628, 4352, 4348, 4351, 4348, 4349, 4351, 4393, 4397, 4394, 4403, 3280, 4404, 3280, 4792, 4404, 3352, 3347, 3353, 3352, 3346, 3347, 3346, 3344, 3347, 3344, 3341, 3342, 3343, 3340, 3541, 3543, 3540, 3541, 3543, 3545, 3540, 3543, 3546, 3545, 3546, 3551, 3545, 3590, 3647, 3644, 3915, 3913, 3917, 3905, 3946, 3914, 4061, 4062, 4060, 4152, 4159, 4749, 4171, 4174, 4173, 2879, 2877, 2917, 2806, 2710, 2807, 4629, 4628, 4631, 4631, 4628, 4351, 4351, 4349, 4402, 4397, 4403, 4404, 3344, 3342, 3347, 3342, 3343, 3535, 3343, 3538, 3535, 3343, 3541, 3538, 3651, 3915, 3916, 3917, 3913, 3918, 3918, 3913, 3914, 4173, 4746, 4747, 4859, 6257, 6256, 2932, 2911, 2930, 2911, 2931, 2930, 2915, 2879, 2916, 2879, 2917, 2916, 2708, 2654, 2706, 2654, 2655, 2656, 2640, 2639, 2638, 2638, 2507, 2637, 2639, 2507, 2638, 2507, 2508, 2637, 2508, 2509, 2510, 4792, 3281, 3354, 3281, 4791, 3354, 3353, 3347, 3355, 3364, 3347, 3358, 3347, 3342, 3358, 3342, 3536, 3358, 3342, 3535, 3536, 3545, 3551, 3548, 3548, 3551, 3552, 3550, 3587, 3593, 3647, 3648, 3644, 3647, 3649, 3648, 3649, 3651, 3650, 3651, 4758, 3650, 4758, 3651, 3916, 3916, 3915, 3917, 3946, 4061, 3948, 4061, 3954, 3948, 4061, 4060, 3954, 4159, 4162, 4161, 4746, 4804, 4747, 2931, 2914, 2928, 2914, 2915, 2928, 2807, 2708, 2707, 2654, 2656, 2706, 2339, 2340, 2337, 2340, 3118, 2337, 3118, 4428, 3120, 4631, 4351, 4402, 4404, 4792, 3277, 3353, 3355, 3354, 3355, 3347, 3364, 3535, 3538, 3536, 3538, 3541, 3537, 3537, 3541, 3540, 3550, 3593, 3594, 3648, 3649, 3642, 3649, 3650, 3642, 4060, 4151, 3955, 4162, 4171, 4161, 4171, 4173, 4172, 2934, 2932, 2935, 2932, 2930, 2936, 2930, 2931, 2928, 2877, 2878, 2808, 2878, 2806, 2808, 2708, 2706, 2707, 2656, 2655, 2657, 2655, 2640, 2658, 2508, 2510, 3074, 2509, 2343, 2338, 2343, 2339, 2338, 2339, 2337, 2338, 2337, 3118, 3120, 4428, 4629, 3120, 4402, 4349, 4395, 4349, 4394, 4395, 4395, 4394, 4396, 4396, 4397, 4406, 4394, 4397, 4396, 4406, 4404, 4405, 4397, 4404, 4406, 4404, 3277, 4405, 4792, 3354, 3277, 3356, 3358, 3357, 3364, 3358, 3356, 3357, 3358, 3534, 3358, 3536, 3534, 3548, 3552, 3550, 3648, 3643, 3644, 3914, 3946, 3947, 3946, 3948, 3947, 3954, 4060, 3955, 4151, 4749, 4059, 4749, 4163, 4059, 4749, 4159, 4163, 4159, 4161, 4163, 4173, 4747, 4172, 2934, 2935, 3000, 2932, 2936, 2935, 2917, 2877, 2876, 2877, 2808, 2876, 2806, 2807, 2808, 2657, 2655, 2658, 2658, 2640, 2659, 2640, 2638, 2659, 2637, 2508, 3074, 2510, 2509, 2338, 2338, 2337, 2336, 2337, 2335, 2336, 2337, 3120, 2335, 3120, 4629, 2335, 2335, 4629, 4630, 4629, 4631, 4630, 4631, 4402, 4630, 4630, 4402, 4632, 4402, 4398, 4632, 4398, 4402, 4395, 3277, 3354, 3275, 3354, 3276, 3275, 3354, 3355, 3276, 3276, 3355, 3363, 3355, 3364, 3363, 3364, 3356, 3363, 3534, 3536, 3537, 3536, 3538, 3537, 3593, 3595, 3594, 3593, 3644, 3595, 3648, 3642, 3643, 3650, 4758, 3641, 4758, 3916, 3925, 3917, 3918, 3924, 3918, 3914, 3919, 4163, 4161, 4164, 4172, 4747, 4170, 4747, 4804, 4170, 2936, 2930, 2929, 2930, 2928, 2929, 2876, 2808, 2875, 2706, 2656, 2703, 2638, 2635, 2659, 2638, 2637, 2635, 2636, 2637, 3074, 2514, 2338, 2336, 4395, 4396, 4398, 4396, 4405, 4407, 4406, 4405, 4396, 4407, 4405, 4408, 4405, 3278, 4408, 4405, 3277, 3278, 3277, 3275, 3278, 3275, 3276, 3274, 3363, 3356, 3366, 3356, 3357, 3359, 3548, 3550, 3549, 3549, 3550, 3594, 3595, 3644, 3645, 3644, 3643, 3645, 3643, 3642, 3640, 3642, 3641, 3640, 3642, 3650, 3641, 4758, 3925, 3641, 3925, 3917, 3926, 3916, 3917, 3925, 3917, 3924, 3926, 3918, 3919, 3920, 3919, 3914, 3921, 3914, 3947, 3921, 3947, 3948, 3949, 3948, 3954, 3949, 3955, 4151, 4059, 4164, 4171, 4166, 4161, 4171, 4164, 4171, 4172, 4166, 3000, 2935, 2999, 2808, 2807, 2809, 2807, 2707, 2809, 2809, 2707, 2810, 2707, 2706, 2705, 2706, 2703, 2705, 2656, 2657, 2703, 2658, 2662, 2657, 2662, 2658, 2660, 2658, 2659, 2660, 2659, 2635, 2660, 2635, 2637, 2636, 2510, 2511, 3074, 2510, 2338, 2511, 2338, 2514, 2513, 2336, 2335, 2332, 2332, 2335, 2334, 2335, 4427, 2334, 2335, 4630, 4427, 4427, 4630, 4633, 4632, 4398, 4401, 4398, 4396, 4399, 3274, 3276, 3365, 3276, 3363, 3365, 3357, 3534, 3360, 3360, 3537, 3539, 3534, 3537, 3360, 3537, 3540, 3539, 3540, 3545, 3547, 3545, 3548, 3547, 3594, 3595, 3596, 3645, 3643, 3603, 3603, 3643, 4760, 3643, 3640, 4760, 3918, 3920, 3924, 3947, 3949, 3921, 4059, 4163, 3957, 4859, 4850, 4849, 4849, 3000, 3001, 4850, 3000, 4849, 3000, 2999, 3001, 2999, 2935, 2998, 2935, 2936, 2937, 2936, 2929, 2937, 2915, 2916, 2919, 2916, 2917, 2918, 2917, 2876, 2918, 2875, 2808, 2809, 2703, 2657, 2702, 2657, 2662, 2701, 2511, 2338, 2512, 2338, 2513, 2512, 2514, 2515, 2513, 2514, 2336, 2515, 2515, 2336, 2332, 4630, 4634, 4633, 4630, 4632, 4634, 4398, 4399, 4401, 4399, 4396, 4400, 4400, 4396, 4409, 4409, 4407, 4412, 4396, 4407, 4409, 4407, 4408, 4412, 3278, 3275, 3272, 3275, 3274, 3272, 3365, 3363, 3366, 3357, 3360, 3359, 3360, 3539, 3377, 3539, 3540, 3533, 3594, 3596, 4762, 3640, 3641, 3639, 3921, 3949, 3945, 3955, 3953, 3954, 3955, 4059, 3953, 4859, 4849, 4858, 4859, 4858, 6257, 2928, 2915, 2920, 2915, 2919, 2920, 2916, 2918, 2919, 2702, 2657, 2701, 4427, 4633, 4635, 4634, 4632, 4401, 3366, 3356, 3367, 3356, 3359, 3362, 3548, 3549, 3547, 3596, 3595, 3597, 3641, 3925, 3639, 3949, 3954, 3951, 4170, 4804, 4803, 2929, 2928, 2927, 2928, 2920, 2927, 2876, 2875, 2873, 2809, 2810, 2811, 2705, 2703, 2704, 2703, 2702, 2704, 2660, 2661, 2662, 2332, 2334, 2333, 2334, 4427, 4426, 4427, 4635, 4426, 4399, 4400, 4401, 4412, 4408, 3278, 3274, 3365, 3273, 3366, 3367, 3368, 3359, 3360, 3361, 3360, 3377, 3361, 3533, 3540, 3379, 3540, 3547, 3379, 3595, 3645, 3597, 3639, 3925, 3927, 3953, 4059, 3957, 4166, 4172, 4168, 4168, 4172, 4170, 2998, 2935, 2937, 2937, 2929, 2926, 2929, 2927, 2926, 2927, 2920, 2925, 2918, 2876, 2873, 2810, 2707, 2705, 2701, 2662, 2663, 2660, 2635, 2661, 2513, 2515, 2516, 2334, 4426, 2333, 4633, 4634, 4635, 4634, 4411, 4636, 4634, 4401, 4411, 3278, 3272, 3267, 3365, 3366, 3273, 3356, 3362, 3367, 3359, 3361, 3362, 3539, 3533, 3377, 3594, 4762, 3549, 3925, 3926, 3927, 3951, 3954, 3952, 3952, 3954, 3953, 2875, 2874, 2873, 2875, 2809, 2874, 2661, 2635, 2634, 2635, 2633, 2634, 2635, 2636, 2633, 2633, 2636, 3075, 2636, 3074, 3075, 3074, 2511, 3075, 2515, 2332, 2333, 4635, 4634, 4636, 4409, 4412, 4413, 4413, 4412, 3266, 4412, 3278, 3267, 3272, 3274, 3273, 3377, 3533, 3376, 3533, 3379, 3376, 4762, 3596, 3597, 3597, 3645, 3599, 3645, 3603, 3599, 3926, 3924, 3928, 3928, 3924, 3929, 3924, 3920, 3929, 3919, 3921, 3920, 3945, 3949, 3944, 4163, 4164, 4165, 4166, 4167, 4058, 4166, 4168, 4167, 2918, 2873, 2919, 2874, 2809, 2856, 2702, 2701, 2700, 2634, 2633, 2632, 2633, 3075, 3076, 4426, 4635, 4425, 4635, 4636, 4425, 4636, 4411, 4638, 4411, 4400, 4410, 4401, 4400, 4411, 4400, 4409, 4410, 4412, 3267, 3266, 3393, 3362, 3374, 3362, 3361, 3374, 3547, 3549, 3532, 3549, 4762, 3530, 4762, 3597, 3530, 4760, 3640, 3605, 3640, 3639, 3605, 3921, 3945, 3922, 3949, 3951, 3950, 3957, 4163, 3962, 4168, 4170, 4169, 2927, 2925, 2926, 2925, 2920, 2921, 2920, 2919, 2921, 2704, 2702, 2700, 2701, 2663, 2700, 2662, 2661, 2663, 2632, 2633, 2631, 2633, 3076, 2631, 2587, 2513, 2518, 2512, 2513, 2587, 2513, 2516, 2518, 2516, 2515, 2517, 2515, 2333, 2517, 2333, 2520, 2517, 2333, 4426, 2520, 4425, 4636, 4637, 4636, 4638, 4637, 4410, 4409, 4413, 3268, 3267, 3269, 3267, 3272, 3269, 3269, 3272, 3273, 3273, 3366, 3271, 3366, 3368, 3271, 3368, 3367, 3369, 3367, 3362, 3369, 3377, 3376, 3361, 3379, 3547, 3532, 3532, 3549, 3530, 3603, 4760, 3605, 3921, 3922, 3920, 3922, 3945, 3944, 3944, 3949, 3950, 3950, 3951, 3958, 3951, 3952, 3958, 4164, 4166, 4165, 4169, 4170, 4750, 4170, 4803, 4750, 4858, 6258, 6257, 2937, 2926, 2938, 2926, 2925, 2924, 2921, 2919, 2871, 2919, 2873, 2871, 2856, 2809, 2811, 2516, 2517, 2518, 4426, 4425, 4424, 4637, 4638, 4639, 4639, 4638, 4640, 4638, 4411, 4640, 4640, 4411, 4414, 4411, 4410, 4414, 4410, 4413, 4414, 3266, 3267, 3265, 3267, 3268, 3265, 3271, 3368, 3370, 3361, 3375, 3374, 3361, 3376, 3375, 3530, 3529, 3531, 3530, 3597, 3529, 3597, 3599, 3598, 3599, 3603, 3604, 3603, 3605, 3604, 3927, 3926, 3928, 3953, 3957, 3956, 3956, 3957, 3962, 4163, 4165, 3962, 4165, 4166, 4058, 2925, 2921, 2924, 2704, 2700, 2699, 2700, 2663, 2698, 2663, 2664, 2698, 2663, 2661, 2664, 2661, 2665, 2664, 2661, 2634, 2665, 2511, 2512, 3075, 4426, 4424, 2520, 4424, 4425, 4422, 4425, 4637, 4422, 4413, 3266, 4416, 3269, 3273, 3271, 3368, 3369, 3370, 3370, 3369, 3373, 3369, 3362, 3373, 3362, 3393, 3373, 3379, 3532, 3380, 3532, 3530, 3531, 3529, 3597, 3598, 3639, 3927, 3638, 3928, 3929, 3923, 3929, 3920, 3923, 3920, 3922, 3923, 3944, 3950, 3943, 3952, 3953, 3956, 4168, 4169, 4167, 2998, 2937, 3002, 2922, 2921, 2871, 2873, 2874, 2856, 2811, 2810, 2812, 2705, 2704, 2813, 3076, 3075, 2589, 4640, 4414, 4415, 4414, 4413, 4415, 3375, 3376, 3378, 3376, 3379, 3378, 3598, 3599, 3600, 3599, 3604, 3600, 3605, 3639, 3638, 3927, 3928, 3933, 4858, 4849, 4848, 4849, 3001, 4848, 3001, 2999, 2997, 2999, 2998, 2997, 2937, 2938, 3002, 2938, 2926, 2939, 2926, 2924, 2939, 2873, 2856, 2872, 2812, 2705, 2813, 2810, 2705, 2812, 2631, 3076, 2589, 3075, 2512, 2589, 2512, 2587, 2588, 2518, 2517, 2519, 3122, 4639, 4642, 4637, 4639, 3122, 4639, 4640, 4641, 4640, 4415, 4641, 4415, 4413, 4416, 4416, 3266, 3139, 3266, 3265, 3139, 3265, 3268, 3138, 3269, 3271, 3270, 3370, 3373, 3372, 3373, 3393, 3372, 3379, 3380, 3378, 3532, 3531, 3380, 3531, 3529, 3464, 3605, 3607, 3604, 3607, 3605, 3638, 3638, 3927, 3613, 3613, 3927, 3933, 3928, 3923, 3930, 3952, 3956, 3959, 4165, 4058, 3968, 2873, 2872, 2871, 2856, 2811, 2855, 2855, 2811, 2854, 2811, 2812, 2854, 2700, 2698, 2699, 2665, 2634, 2632, 2632, 2631, 2630, 2512, 2588, 2589, 2588, 2587, 2586, 2517, 2520, 2519, 4637, 3122, 4422, 4639, 4641, 4642, 4641, 4415, 4643, 4416, 3139, 4417, 3139, 3265, 3138, 3270, 3271, 3371, 3271, 3370, 3371, 3375, 3383, 3374, 3375, 3378, 3383, 3928, 3930, 3932, 3941, 3944, 3943, 3922, 3944, 3941, 3958, 3952, 3959, 4058, 3970, 3968, 4058, 4167, 3970, 4167, 4169, 4057, 4169, 4750, 4057, 4858, 4848, 4860, 4858, 4860, 6258, 4848, 3001, 2997, 2924, 2921, 2923, 2923, 2921, 2922, 2856, 2857, 2872, 2856, 2855, 2857, 2704, 2699, 2813, 2698, 2664, 2696, 2632, 2630, 2665, 2586, 2518, 2584, 2587, 2518, 2586, 2518, 2521, 2584, 2518, 2519, 2521, 2519, 2520, 2523, 2520, 4424, 2523, 4424, 4423, 2523, 4424, 4422, 4423, 3122, 4642, 4421, 4641, 4643, 4642, 4417, 3139, 3137, 3137, 3139, 3138, 3268, 3264, 3138, 3268, 3269, 3264, 3269, 3270, 3264, 3370, 3372, 3371, 3372, 3393, 3392, 3393, 3374, 3392, 3374, 3383, 3384, 3378, 3380, 3381, 3380, 3464, 3386, 3380, 3531, 3464, 3464, 3529, 3528, 3607, 3638, 3610, 3610, 3613, 3612, 3638, 3613, 3610, 3930, 3923, 3931, 3923, 3922, 3931, 3922, 3941, 3931, 3950, 3958, 3943, 4860, 6174, 6258, 2997, 2998, 2995, 2998, 3002, 2995, 2939, 2940, 2938, 2939, 2924, 2940, 2924, 2941, 2940, 2941, 2924, 2923, 2699, 2698, 2697, 2665, 2630, 2666, 3264, 3371, 3260, 3270, 3371, 3264, 3371, 3372, 3392, 3392, 3374, 3384, 3384, 3383, 3382, 3381, 3380, 3386, 3529, 3598, 3526, 3607, 3610, 3606, 3932, 3930, 3931, 3962, 4165, 3968, 4750, 4803, 4802, 3002, 2993, 2995, 3002, 2938, 2993, 2871, 2872, 2868, 2872, 2857, 2868, 2857, 2855, 2858, 2698, 2696, 2697, 2630, 2631, 2629, 2631, 2589, 2629, 4422, 3122, 4423, 3371, 3392, 3260, 3383, 3378, 3382, 3382, 3378, 3381, 3386, 3464, 3462, 3598, 3600, 3526, 3604, 3607, 3602, 3612, 3613, 3615, 3613, 3933, 3615, 3933, 3928, 3934, 3956, 3962, 3961, 4860, 4848, 4843, 4848, 2997, 4843, 2997, 2995, 2996, 2922, 2871, 2945, 2857, 2858, 2859, 2854, 2812, 2814, 2812, 2813, 2814, 2664, 2665, 2666, 2589, 2590, 2591, 2589, 2588, 2590, 2588, 2586, 2590, 2521, 2519, 2522, 2519, 2523, 2522, 2523, 4423, 3121, 3264, 3260, 3259, 3259, 3260, 3155, 3384, 3382, 3391, 3462, 3464, 3463, 3528, 3529, 3526, 3526, 3600, 3601, 3600, 3602, 3601, 3600, 3604, 3602, 3602, 3607, 3606, 3928, 3932, 3934, 3941, 3943, 3942, 3943, 4005, 3942, 3943, 3958, 4005, 3958, 3959, 4005, 3959, 3956, 3960, 3960, 3956, 3961, 3970, 4167, 4057, 4843, 2997, 2996, 2993, 2938, 2940, 2922, 2945, 2923, 2868, 2857, 2859, 2629, 2589, 2591, 2523, 3121, 2524, 4417, 3137, 3140, 3138, 3143, 3136, 3138, 3262, 3143, 3263, 3264, 3259, 3155, 3260, 3394, 3260, 3392, 3394, 3392, 3395, 3394, 3392, 3384, 3395, 3395, 3384, 3391, 3382, 3381, 3385, 3464, 3528, 3463, 3606, 3610, 3609, 3609, 3610, 3611, 3610, 3612, 3611, 3934, 3932, 3936, 3931, 3941, 4006, 3941, 3942, 4006, 3968, 3970, 3969, 4860, 4843, 4844, 4860, 4844, 6174, 2996, 2995, 2994, 2945, 2871, 2870, 2871, 2868, 2870, 2854, 2814, 2852, 2696, 2664, 2667, 2664, 2666, 2667, 2666, 2630, 2628, 2590, 2586, 2585, 2586, 2584, 2585, 3137, 3138, 3136, 3143, 3262, 3261, 3263, 3153, 3148, 3263, 3259, 3153, 3602, 3606, 3608, 3606, 3609, 3608, 3612, 3614, 3611, 3612, 3615, 3614, 3932, 3940, 3936, 3932, 3931, 3940, 3931, 4006, 3940, 3961, 3962, 3963, 3963, 3968, 3967, 3962, 3968, 3963, 3968, 3969, 3967, 2994, 2995, 2993, 2855, 2854, 2853, 2630, 2629, 2628, 2584, 2521, 2522, 2523, 2524, 2522, 3259, 3155, 3153, 3256, 3394, 3258, 3155, 3394, 3256, 3381, 3386, 3385, 3615, 3933, 3620, 3620, 3934, 3935, 3933, 3934, 3620, 4005, 3990, 3942, 4005, 3989, 3990, 4005, 3959, 3989, 3959, 3960, 3989, 3960, 3961, 3964, 3970, 4057, 3969, 4057, 4751, 3973, 4057, 4750, 4751, 4750, 4802, 4751, 2940, 2941, 2942, 2941, 2923, 2942, 2923, 2945, 2944, 2859, 2858, 2860, 2854, 2852, 2853, 2666, 2628, 2627, 2590, 2585, 2591, 2585, 2584, 2583, 2583, 2584, 2582, 2584, 2522, 2582, 2522, 2524, 2525, 3153, 3155, 3154, 3394, 3396, 3258, 3394, 3395, 3396, 3395, 3391, 3390, 3391, 3382, 3388, 3382, 3385, 3388, 3609, 3611, 3617, 3614, 3615, 3620, 3934, 3936, 3935, 3942, 3990, 4007, 3989, 3960, 3964, 3964, 3961, 3963, 3969, 4057, 3973, 6174, 4844, 6251, 2994, 2993, 2992, 2942, 2923, 2943, 2868, 2866, 2867, 2868, 2859, 2866, 2860, 2858, 2861, 2697, 2696, 2695, 2667, 2666, 2627, 2628, 2629, 2626, 2591, 2585, 2592, 2582, 2522, 3083, 3083, 2522, 2525, 3140, 3137, 3133, 3137, 3136, 3133, 3136, 3143, 3142, 3143, 3144, 3142, 3143, 3261, 3144, 3261, 3148, 3144, 3395, 3390, 3396, 3390, 3391, 3388, 3385, 3386, 3387, 3387, 3386, 3461, 3386, 3462, 3461, 3462, 3463, 4764, 3601, 3602, 3522, 3602, 3608, 3522, 3608, 3609, 3616, 3609, 3617, 3616, 3935, 3936, 3937, 3989, 3965, 3988, 3989, 3964, 3965, 3967, 3969, 3971, 4844, 4843, 4842, 4844, 4842, 6251, 2992, 2993, 2989, 2993, 2940, 2989, 2943, 2923, 2944, 2858, 2853, 2861, 2858, 2855, 2853, 2629, 2591, 2593, 2591, 2592, 2593, 2525, 2524, 2526, 2524, 2527, 2526, 2527, 2524, 2530, 3155, 3256, 3154, 3256, 3258, 3257, 3388, 3385, 3387, 3528, 3526, 3527, 3526, 3601, 3524, 3601, 3522, 3524, 3936, 3940, 3937, 3940, 4006, 3939, 4006, 3942, 4007, 3989, 3988, 3990, 3971, 3969, 3972, 3969, 3973, 3972, 2989, 2940, 2942, 2986, 2942, 2943, 2870, 2868, 2869, 2859, 2860, 2866, 2852, 2814, 2815, 2813, 2699, 2817, 2699, 2697, 2817, 2629, 2593, 2626, 2592, 2585, 2583, 3133, 3136, 3135, 3136, 3141, 3135, 3136, 3142, 3141, 3142, 3144, 3145, 3256, 3253, 3154, 3256, 3257, 3253, 3258, 3396, 3257, 3390, 3388, 3389, 3388, 3387, 3389, 3461, 3462, 4764, 3463, 3528, 3466, 3528, 3527, 3466, 3526, 3524, 3527, 3617, 3611, 3618, 3611, 3614, 3618, 4006, 4007, 3939, 3965, 3963, 3966, 3964, 3963, 3965, 3963, 3967, 3966, 3967, 3971, 3966, 2944, 2945, 2946, 2945, 2870, 2946, 2869, 2868, 2867, 2814, 2813, 2815, 4764, 3463, 3465, 3463, 3466, 3465, 3522, 3608, 3616, 3618, 3614, 3619, 3935, 3937, 3637, 3937, 3940, 3939, 3972, 3973, 3975, 3973, 4751, 3975, 4751, 4806, 4752, 4751, 4802, 4806, 2870, 2869, 2946, 2866, 2860, 2861, 2861, 2853, 2862, 2813, 2817, 2816, 2817, 2697, 2695, 2696, 2667, 2695, 2628, 2626, 2627, 3083, 2525, 2577, 2525, 2526, 2577, 3153, 3154, 3152, 3396, 3390, 3400, 3390, 3389, 3400, 3389, 3405, 3400, 3389, 3387, 3401, 3527, 3524, 3525, 3614, 3620, 3619, 4007, 3991, 4008, 3971, 3972, 3974, 4842, 4843, 4841, 6251, 4842, 6175, 4843, 3003, 4841, 4843, 2996, 3003, 2996, 2994, 3003, 2866, 2861, 2863, 2815, 2813, 2816, 2667, 2627, 2668, 2592, 2583, 2594, 3253, 3257, 3255, 3257, 3396, 3255, 3524, 3522, 3525, 3522, 3616, 3621, 3619, 3620, 3624, 3620, 3935, 3624, 3972, 3975, 3974, 4751, 4752, 3975, 2992, 2989, 2991, 2989, 2942, 2988, 2942, 2986, 2988, 2861, 2862, 2863, 2695, 2667, 2694, 2694, 2667, 2669, 2667, 2668, 2669, 2668, 2627, 2625, 2627, 2626, 2625, 2593, 2595, 2626, 2593, 2592, 2594, 2581, 2582, 2579, 2583, 2582, 2581, 2582, 3083, 2579, 3083, 2577, 2579, 3154, 3252, 3152, 3252, 3253, 3254, 3253, 3255, 3254, 3400, 3405, 3399, 3405, 3389, 3401, 3616, 3617, 3621, 3624, 3935, 3637, 4007, 4008, 3939, 4007, 3990, 3991, 3988, 3980, 3987, 3988, 3965, 3980, 3980, 3966, 3979, 3965, 3966, 3980, 3966, 3971, 3979, 3003, 2994, 3004, 2994, 2992, 3004, 2869, 2867, 2946, 2867, 2865, 2946, 2867, 2866, 2865, 2862, 2853, 2851, 2695, 2694, 2693, 2594, 2583, 2581, 2526, 2527, 2528, 2527, 2529, 2528, 3254, 3255, 3251, 3387, 3461, 3403, 4764, 3465, 3461, 3527, 3525, 3467, 3467, 3525, 3469, 3621, 3617, 3622, 3617, 3618, 3622, 3619, 3624, 3623, 3937, 3939, 3938, 3990, 3987, 3991, 3990, 3988, 3987, 3004, 2992, 2991, 2863, 2862, 2851, 2851, 2852, 2848, 2853, 2852, 2851, 2852, 2815, 2848, 2578, 2579, 2577, 2526, 2528, 2574, 3255, 3396, 3397, 3397, 3400, 3399, 3396, 3400, 3397, 3465, 3466, 3467, 3466, 3527, 3467, 3619, 3623, 3618, 3939, 4759, 3938, 4759, 3939, 4009, 3939, 4008, 4009, 4008, 3991, 3992, 3987, 3980, 3986, 3979, 3971, 3977, 3971, 3974, 3977, 2989, 2988, 2990, 2943, 2944, 2947, 2944, 2946, 2947, 2866, 2863, 2865, 2817, 2695, 2819, 2695, 2693, 2819, 2668, 2625, 2669, 2593, 2594, 2595, 2577, 2574, 2576, 2577, 2526, 2574, 3397, 3399, 3398, 3399, 3405, 3404, 3405, 3401, 3404, 3401, 3387, 3402, 3402, 3387, 3403, 3461, 3465, 3403, 3525, 3523, 3469, 3525, 3522, 3523, 3522, 3621, 3520, 3624, 3637, 3623, 3637, 3937, 3938, 4009, 4008, 4010, 4008, 3992, 4010, 3986, 3980, 3985, 3976, 3975, 4056, 3974, 3975, 3976, 3975, 4752, 4056, 4842, 4841, 4840, 4842, 4840, 6175, 2991, 2989, 2990, 2626, 2595, 2625, 2529, 2532, 2531, 2532, 2534, 2531, 3251, 3255, 3397, 3403, 3465, 3460, 3465, 3467, 3460, 3522, 3520, 3523, 3622, 3618, 3623, 3991, 3986, 3992, 3991, 3987, 3986, 3980, 3981, 3985, 3980, 3979, 3981, 3979, 3982, 3981, 3979, 3977, 3982, 2990, 2988, 2987, 2988, 2986, 2987, 2669, 2625, 2670, 2670, 2625, 2671, 2625, 2624, 2671, 2625, 2623, 2624, 2625, 2595, 2623, 2595, 2594, 2596, 2594, 2581, 2596, 2581, 2579, 2580, 2580, 2579, 2578, 2578, 2577, 2576, 3251, 3397, 3250, 3399, 3404, 3408, 3404, 3406, 3408, 3404, 3401, 3406, 3401, 3402, 3406, 3637, 3938, 3636, 3982, 3977, 3978, 3977, 3974, 3978, 3974, 3976, 3978, 2987, 2986, 2985, 2986, 2943, 2985, 2947, 2946, 2948, 2946, 2865, 2948, 2865, 2863, 2864, 2863, 2851, 2864, 2848, 2815, 2816, 2816, 2817, 2818, 2694, 2692, 2693, 2694, 2669, 2692, 2529, 2531, 2528, 3402, 3403, 3460, 3460, 3467, 3468, 3467, 3469, 3468, 3621, 3521, 3520, 3621, 3622, 3521, 4759, 4009, 4011, 4752, 4806, 4805, 4840, 6177, 6175, 3004, 2991, 3006, 2990, 2987, 3011, 2948, 2865, 2949, 2949, 2865, 2864, 2851, 2850, 2864, 2851, 2848, 2850, 2595, 2596, 2623, 3398, 3399, 3410, 3410, 3399, 3408, 3406, 3402, 3407, 3521, 3622, 3625, 3938, 4759, 3635, 4010, 3992, 4012, 4841, 3003, 3005, 3005, 3004, 3006, 3003, 3004, 3005, 2943, 2947, 2985, 2848, 2816, 2847, 2816, 2818, 2847, 2817, 2819, 2818, 2692, 2669, 2670, 2670, 2671, 2672, 2531, 2534, 2535, 3397, 3398, 3247, 3402, 3460, 3407, 3520, 3521, 3518, 3521, 3625, 3518, 3622, 3623, 3626, 3623, 3637, 3626, 4009, 4010, 4011, 3992, 3986, 3984, 3984, 3985, 3981, 3986, 3985, 3984, 2987, 2985, 3011, 2947, 2950, 2985, 2947, 2948, 2950, 2580, 2578, 2597, 2578, 2576, 2597, 2576, 2574, 2575, 2528, 2531, 2536, 2531, 2535, 2536, 3398, 3248, 3247, 3408, 3406, 3409, 3406, 3407, 3409, 3460, 3468, 3407, 3468, 3469, 3470, 3523, 3520, 3519, 4012, 3992, 4002, 3992, 3984, 4002, 4056, 4752, 4037, 3006, 2991, 3007, 2991, 2990, 3007, 2990, 3011, 3007, 2948, 2949, 2950, 2949, 2864, 2952, 2864, 2850, 2952, 2818, 2819, 2820, 2624, 2623, 2622, 2623, 2596, 2622, 2536, 2535, 2537, 3249, 3250, 3247, 3250, 3397, 3247, 3248, 3398, 3410, 3410, 3408, 3411, 3468, 3470, 3459, 3520, 3518, 3519, 3622, 3626, 3625, 3636, 3938, 3635, 3978, 4032, 3982, 4032, 3978, 3976, 4037, 4752, 4753, 4752, 4805, 4753, 2985, 2950, 2984, 2850, 2848, 2849, 2693, 2692, 2691, 2691, 2692, 2672, 2692, 2670, 2672, 2624, 2622, 2675, 2581, 2597, 2596, 2581, 2580, 2597, 2597, 2576, 2600, 2576, 2575, 2600, 2575, 2574, 2573, 2574, 2528, 2573, 2528, 2536, 2573, 3248, 3410, 3411, 3408, 3409, 3411, 3518, 3517, 3519, 3518, 3625, 3517, 3626, 3637, 3633, 3637, 3636, 3633, 3636, 3635, 3633, 3635, 4759, 4011, 4010, 4012, 4011, 3976, 4056, 4034, 4840, 4841, 4839, 4841, 3005, 4839, 3010, 3011, 3012, 3011, 2985, 3012, 2985, 2984, 3012, 2950, 2949, 2951, 2951, 2949, 2952, 2952, 2850, 2953, 2849, 2848, 2846, 2848, 2847, 2846, 2847, 2818, 2820, 2672, 2671, 2673, 2671, 2674, 2673, 2671, 2624, 2674, 2624, 2675, 2674, 2622, 2596, 2621, 2535, 2538, 2537, 3247, 3248, 3245, 3411, 3409, 3413, 3407, 3416, 3409, 3470, 3469, 3471, 3471, 3523, 3473, 3469, 3523, 3471, 3523, 3519, 3473, 4011, 4012, 4014, 3981, 3982, 3983, 3007, 3010, 3009, 3007, 3011, 3010, 2984, 2950, 2982, 2950, 2951, 2982, 2952, 2953, 2951, 2850, 2849, 2953, 2846, 2847, 2820, 2819, 2693, 2822, 2693, 2691, 2822, 2672, 2673, 2689, 2675, 2622, 2620, 3413, 3409, 3415, 3409, 3416, 3415, 3407, 3468, 3416, 3416, 3468, 3459, 3470, 3471, 3459, 3517, 3625, 3516, 3625, 3626, 3516, 3635, 4011, 3634, 4012, 4002, 4013, 3984, 3981, 3983, 3983, 3982, 3995, 3982, 4032, 3995, 4034, 4056, 4035, 4056, 4037, 4035, 4840, 6179, 6177, 3008, 3007, 3009, 3006, 3007, 3008, 3012, 2984, 3015, 2984, 2982, 2983, 2620, 2622, 2621, 2537, 2538, 2539, 3245, 3248, 3412, 3248, 3411, 3412, 3411, 3413, 3412, 3416, 3459, 3418, 3473, 3519, 3475, 3519, 3517, 3475, 3626, 3633, 3628, 4002, 3984, 3993, 3984, 3983, 3993, 2984, 2983, 3015, 2691, 2672, 2690, 2690, 2672, 2689, 3459, 3471, 3472, 3472, 3471, 3473, 3633, 3635, 3634, 3983, 3994, 3993, 4032, 3976, 4034, 3006, 3008, 3005, 3009, 3010, 3013, 3013, 3012, 3014, 3010, 3012, 3013, 3012, 3015, 3014, 2953, 2849, 2954, 2820, 2819, 2821, 2819, 2822, 2821, 2573, 2536, 2571, 3418, 3459, 3421, 3517, 3516, 3515, 3626, 3628, 3627, 4011, 4014, 3634, 3995, 4032, 4033, 4032, 4034, 4033, 3013, 3014, 3045, 3015, 2983, 3017, 2846, 2820, 2844, 2820, 2821, 2844, 2691, 2690, 2822, 2675, 2620, 2674, 2621, 2596, 2618, 2573, 2572, 2575, 2571, 2536, 2537, 3412, 3244, 3245, 3413, 3415, 3414, 3416, 3418, 3417, 3517, 3515, 3475, 3515, 3516, 3514, 4013, 4002, 4003, 4003, 4002, 3993, 3983, 3995, 3994, 4037, 4753, 4055, 4753, 4805, 4754, 4838, 4839, 4837, 4840, 4839, 4838, 4840, 4838, 6179, 4837, 3005, 3052, 4839, 3005, 4837, 3052, 3008, 3048, 3005, 3008, 3052, 3048, 3008, 3009, 3045, 3014, 3016, 3014, 3015, 3016, 2983, 2982, 2981, 2953, 2954, 2951, 2824, 2822, 2690, 2690, 2689, 2688, 2600, 2575, 2601, 2573, 2571, 2572, 2537, 2539, 2540, 3244, 3412, 3241, 3412, 3413, 3241, 3413, 3414, 3241, 3415, 3416, 3417, 3459, 3472, 3421, 3475, 3515, 3476, 3516, 3626, 3627, 3628, 3633, 3630, 3633, 3634, 3630, 4033, 4034, 4038, 4034, 4036, 4038, 4034, 4035, 4036, 4035, 4037, 4036, 4037, 4055, 4036, 3009, 3013, 3048, 3015, 3017, 3016, 2821, 2822, 2823, 2618, 2596, 2598, 2598, 2597, 2599, 2596, 2597, 2598, 2597, 2600, 2599, 3414, 3415, 3419, 3415, 3417, 3419, 3417, 3418, 3420, 3473, 3475, 3474, 3516, 3627, 3514, 3627, 3628, 3511, 4012, 4013, 4004, 3048, 3013, 3047, 3045, 3016, 3043, 2951, 2954, 2979, 2822, 2824, 2823, 2688, 2689, 2686, 2689, 2673, 2686, 2673, 2674, 2686, 2621, 2618, 2620, 2571, 2537, 2540, 3420, 3421, 3422, 3418, 3421, 3420, 3421, 3472, 3474, 3472, 3473, 3474, 3474, 3475, 3476, 3634, 4014, 3632, 3632, 4014, 4015, 4014, 4012, 4015, 4012, 4004, 4015, 4013, 4003, 4004, 3993, 3994, 3996, 4838, 4837, 4836, 6179, 4836, 6181, 4838, 4836, 6179, 3013, 3045, 3047, 3017, 3018, 3016, 3017, 2983, 3018, 2983, 2981, 3018, 2982, 2979, 2981, 2982, 2951, 2979, 2954, 2849, 2955, 2955, 2846, 2845, 2849, 2846, 2955, 2846, 2844, 2845, 2674, 2620, 2676, 2600, 2601, 2599, 2601, 2575, 2602, 2575, 2572, 2602, 3246, 3244, 4793, 3419, 3417, 3420, 3515, 3514, 3513, 3511, 3628, 3629, 3628, 3630, 3629, 3630, 3634, 3632, 3995, 4033, 4031, 4036, 4055, 4040, 4055, 4753, 4040, 3052, 3048, 3049, 3048, 3047, 3049, 2824, 2690, 2825, 2688, 2686, 2687, 3244, 3242, 4793, 3244, 3241, 3242, 3421, 3433, 3422, 3421, 3474, 3433, 3515, 3513, 3476, 3514, 3627, 3512, 3629, 3630, 3631, 3630, 3632, 3631, 4031, 4033, 4038, 4038, 4036, 4039, 4036, 4040, 4039, 4040, 4753, 4754, 3047, 3045, 3046, 2979, 2954, 2956, 2954, 2955, 2956, 2821, 2823, 2844, 2823, 2824, 2826, 2690, 2688, 2825, 2674, 2676, 2677, 3241, 3414, 3243, 3433, 3474, 3442, 3474, 3476, 3477, 3513, 3514, 3512, 3627, 3511, 3512, 4003, 3993, 4004, 3993, 3996, 4001, 3994, 3995, 3996, 4836, 4837, 4835, 4837, 3051, 4835, 4837, 3052, 3051, 3052, 3049, 3051, 3046, 3045, 3044, 3045, 3043, 3044, 3043, 3016, 3020, 3016, 3019, 3020, 3016, 3018, 3019, 2686, 2674, 2685, 2674, 2677, 2685, 3438, 3433, 3434, 3422, 3433, 3438, 3477, 3513, 3479, 3476, 3513, 3477, 3513, 3512, 3479, 3632, 4016, 3631, 4015, 4004, 4024, 4004, 3993, 4001, 3051, 3049, 3050, 3049, 3047, 3050, 3043, 3042, 3044, 3043, 3020, 3042, 2845, 2844, 2843, 2843, 2844, 2842, 2844, 2823, 2842, 2823, 2826, 2842, 2826, 2824, 2825, 2677, 2676, 2678, 2676, 2620, 2619, 2620, 2618, 2619, 3632, 4015, 4016, 4001, 3996, 4000, 3997, 3995, 3998, 3996, 3995, 3997, 3995, 4031, 3998, 4031, 4038, 4041, 4041, 4038, 4042, 4038, 4039, 4042, 6181, 4836, 6182, 3018, 2981, 3019, 2687, 2686, 2684, 2686, 2685, 2684, 2676, 2619, 2678, 2602, 2572, 2603, 2540, 2541, 2543, 3433, 3442, 3435, 3442, 3477, 3458, 3474, 3477, 3442, 3477, 3478, 3458, 3477, 3479, 3478, 3512, 3511, 3510, 4001, 4026, 4004, 4000, 3996, 3997, 3047, 3046, 3050, 3019, 2981, 2980, 2980, 2979, 2978, 2981, 2979, 2980, 2979, 2956, 2978, 2845, 2843, 2958, 2842, 2826, 2827, 2826, 2825, 2827, 2825, 2688, 2828, 2688, 2687, 2830, 2687, 2684, 2830, 2571, 2570, 2572, 2571, 2540, 2570, 3420, 3424, 3423, 3420, 3422, 3424, 3433, 3435, 3434, 3442, 3458, 3441, 3479, 3512, 3480, 4015, 4024, 4016, 4042, 4039, 4043, 4039, 4040, 4043, 3050, 3046, 3056, 2828, 2688, 2829, 2688, 2830, 2829, 3243, 3414, 3425, 3414, 3419, 3425, 3419, 3420, 3423, 3422, 3438, 3424, 3512, 3510, 3480, 4024, 4004, 4025, 4004, 4026, 4025, 4026, 4001, 4000, 3997, 3998, 3999, 3998, 4031, 4041, 4041, 4042, 4044, 4043, 4040, 4054, 4054, 4754, 4755, 4040, 4754, 4054, 4835, 3051, 3053, 3051, 3050, 3053, 3046, 3044, 3056, 3056, 3044, 3041, 3041, 3044, 3042, 3020, 3019, 3021, 3019, 2980, 3021, 2956, 2955, 2957, 2955, 2845, 2957, 2845, 2958, 2957, 2827, 2825, 2828, 2830, 2684, 2832, 2619, 2618, 2617, 2618, 2598, 2616, 2598, 2599, 2616, 2599, 2601, 2607, 2601, 2602, 2607, 2570, 2540, 2566, 2540, 2543, 2566, 2543, 2541, 2544, 2541, 2545, 2544, 3419, 3423, 3425, 3442, 3441, 3435, 3458, 3478, 3441, 3478, 3480, 3481, 3478, 3479, 3480, 3511, 3629, 3509, 4016, 4024, 4018, 4024, 4025, 4020, 4000, 3997, 3999, 4042, 4043, 4044, 4833, 4835, 4834, 4836, 4835, 4833, 4836, 4833, 6182, 4835, 3053, 4834, 3053, 3050, 3054, 3054, 3050, 3055, 3050, 3056, 3055, 3042, 3039, 3041, 3042, 3020, 3039, 3020, 3021, 3039, 2980, 2978, 2977, 2843, 2842, 2841, 2617, 2618, 2616, 2599, 2607, 2616, 3235, 3243, 3238, 3236, 3243, 3235, 3238, 3243, 3240, 3243, 3425, 3240, 3423, 3424, 3426, 3438, 3434, 3437, 3629, 3631, 3507, 3631, 4017, 3507, 3631, 4016, 4017, 4016, 4018, 4017, 4026, 4000, 3999, 3055, 3056, 3040, 3056, 3041, 3040, 3039, 3021, 3037, 2978, 2956, 2977, 2842, 2827, 2841, 3437, 3434, 3440, 3434, 3435, 3440, 3435, 3441, 3440, 3441, 3478, 3456, 3456, 3478, 3481, 3510, 3511, 3509, 3629, 3507, 3509, 4018, 4024, 4020, 4026, 3999, 4027, 3041, 3039, 3040, 3037, 3021, 3038, 3021, 2980, 3022, 3022, 2980, 2977, 2958, 2843, 2960, 2843, 2841, 2960, 2685, 2677, 2684, 3425, 3423, 3426, 3440, 3441, 3456, 4020, 4025, 4021, 4021, 4025, 4023, 4025, 4026, 4023, 4026, 4027, 4023, 4041, 4044, 4045, 3021, 3022, 3038, 2956, 2957, 2976, 2957, 2974, 2976, 2974, 2957, 2959, 2957, 2958, 2959, 2828, 2829, 2827, 2684, 2683, 2832, 2677, 2678, 2619, 2602, 2603, 2607, 2572, 2570, 2569, 2570, 2566, 2569, 2566, 2543, 2565, 3202, 3221, 3222, 3221, 3223, 3222, 3425, 3426, 3427, 3426, 3424, 3432, 3424, 3436, 3432, 3424, 3438, 3436, 3436, 3438, 3437, 3437, 3440, 3443, 3440, 3446, 3443, 3440, 3456, 3446, 3510, 3509, 3480, 4017, 4018, 3506, 4027, 3999, 4030, 3999, 3998, 4030, 3998, 4045, 4030, 3998, 4041, 4045, 4833, 4834, 4845, 4833, 4845, 6182, 3054, 3055, 3060, 3040, 3039, 3036, 3039, 3037, 3036, 2977, 2956, 2975, 2841, 2827, 2839, 2827, 2829, 2839, 2829, 2830, 2831, 2607, 2603, 2604, 2603, 2572, 2604, 2572, 2569, 2604, 3213, 3215, 3212, 3240, 3425, 3427, 3426, 3432, 3430, 4044, 4043, 4046, 4054, 4755, 4756, 3054, 3060, 3061, 3060, 3055, 3057, 3055, 3040, 3057, 3040, 3058, 3057, 3040, 3036, 3058, 3034, 3037, 3038, 2975, 2956, 2976, 2958, 2960, 2959, 2684, 2677, 2683, 3201, 3202, 3218, 3202, 3222, 3218, 3222, 3216, 3217, 3238, 3240, 3239, 3240, 3427, 3239, 3426, 3430, 3427, 3456, 3481, 3457, 3506, 4018, 4019, 4018, 4020, 4019, 4021, 4023, 4022, 4023, 4027, 4022, 4045, 4044, 4046, 4845, 6185, 6182, 3037, 3034, 3036, 3022, 2977, 3023, 2841, 2840, 2960, 2841, 2839, 2840, 2829, 2831, 2839, 2830, 2832, 2831, 2683, 2677, 2681, 2677, 2679, 2681, 2677, 2619, 2679, 2616, 2607, 2608, 2607, 2604, 2606, 3443, 3446, 3447, 3447, 3446, 3444, 3446, 3456, 3449, 3456, 3457, 3449, 3457, 3481, 3482, 3481, 3480, 3482, 3482, 3509, 3484, 3480, 3509, 3482, 3509, 3508, 3484, 3509, 3507, 3508, 3507, 3505, 3508, 3507, 4017, 3505, 4017, 3506, 3505, 4020, 4021, 4019, 4019, 4021, 4022, 4030, 4045, 4029, 4845, 4834, 4847, 4847, 3053, 3066, 4834, 3053, 4847, 3053, 3054, 3066, 3038, 3022, 3024, 3022, 3023, 3024, 2975, 2976, 2974, 2974, 2959, 2973, 2832, 2833, 2831, 2832, 2683, 2833, 2604, 2569, 2605, 2605, 2569, 2568, 3213, 3235, 3215, 3436, 3437, 3439, 3439, 3437, 3443, 3444, 3446, 3445, 3446, 3449, 3445, 3449, 3457, 3482, 4027, 4030, 4029, 4045, 4046, 4029, 4046, 4043, 4047, 4043, 4054, 4053, 4054, 4756, 4053, 3057, 3058, 3059, 3059, 3058, 3035, 3058, 3036, 3035, 3036, 3034, 3035, 3034, 3038, 3024, 3023, 2977, 2975, 2838, 2960, 2840, 2607, 2606, 2608, 3218, 3222, 3217, 3235, 3238, 3237, 3427, 3430, 3429, 3432, 3436, 3431, 3443, 3447, 3439, 3448, 3449, 3452, 3449, 3482, 3452, 3482, 3483, 3485, 3482, 3484, 3483, 3484, 3508, 3483, 4022, 4027, 4028, 4027, 4029, 4028, 3060, 3057, 3059, 2679, 2619, 2680, 2619, 2617, 2680, 2617, 2615, 2680, 2617, 2616, 2615, 2616, 2608, 2615, 2606, 2604, 2605, 3430, 3432, 3431, 3447, 3444, 3445, 3482, 3485, 3452, 4019, 3501, 3502, 3066, 3054, 3061, 3060, 3059, 3061, 3023, 2975, 3027, 3027, 2975, 2972, 2975, 2974, 2972, 2974, 2973, 2972, 2973, 2959, 2961, 2959, 2960, 2961, 2960, 2838, 2961, 2840, 2839, 2838, 2838, 2839, 2834, 2839, 2831, 2834, 2831, 2833, 2834, 2683, 2682, 2833, 2683, 2681, 2682, 2681, 2679, 2680, 2608, 2606, 2609, 3218, 3217, 3219, 3208, 3215, 3237, 3215, 3235, 3237, 3447, 3445, 3439, 3505, 3506, 3504, 3504, 4019, 3502, 3506, 4019, 3504, 4019, 4022, 3501, 3501, 4022, 3500, 3500, 4022, 4028, 4028, 4029, 4763, 4029, 4047, 4763, 4029, 4046, 4047, 4047, 4043, 4049, 4043, 4053, 4049, 3059, 3035, 3033, 3035, 3034, 3033, 3025, 3023, 3026, 3024, 3023, 3025, 3026, 3023, 3027, 2973, 2971, 2972, 2971, 2973, 2961, 2961, 2838, 2962, 2962, 2838, 2837, 2838, 2834, 2837, 2833, 2682, 2834, 2682, 2681, 2680, 2615, 2608, 2614, 3430, 3431, 3429, 3445, 3449, 3448, 3483, 3508, 3505, 3502, 3501, 3503, 3500, 4028, 3499, 4028, 4763, 3499, 4053, 4756, 4051, 4845, 4847, 4846, 4845, 6187, 6185, 4846, 3066, 3067, 4847, 3066, 4846, 3067, 3066, 3065, 3066, 3061, 3065, 3061, 3059, 3062, 3059, 3033, 3062, 3033, 3034, 3025, 3034, 3024, 3025, 3027, 2972, 2970, 2972, 2971, 2970, 2971, 2961, 2967, 2961, 2963, 2967, 2961, 2962, 2963, 2962, 2837, 2965, 2837, 2836, 2965, 2837, 2834, 2836, 2834, 2682, 2835, 2682, 2680, 2835, 2835, 2680, 2615, 2614, 2608, 2610, 2608, 2609, 2610, 3219, 3217, 3210, 3210, 3217, 3206, 3208, 3237, 3211, 3237, 3238, 4794, 3238, 3239, 4794, 3239, 3428, 4794, 3239, 3427, 3428, 3428, 3427, 3429, 3431, 3436, 3450, 3436, 3439, 3450, 3439, 3448, 3450, 3439, 3445, 3448, 3483, 3505, 3486, 3505, 3504, 3486, 3503, 3501, 3497, 3501, 3500, 3497, 3500, 3499, 3497, 3499, 4763, 4048, 4763, 4047, 4048, 4049, 4053, 4051, 4845, 4846, 4861, 4845, 4861, 6187, 3065, 3061, 3063, 3061, 3062, 3063, 3062, 3033, 3032, 3033, 3025, 3032, 3032, 3025, 3028, 3025, 3026, 3028, 3026, 3027, 3028, 3028, 3027, 3029, 3029, 3027, 2970, 2970, 2971, 2967, 2962, 2964, 2963, 2962, 2965, 2964, 2964, 2965, 2966, 2965, 2836, 2966, 2834, 2835, 2836, 2835, 2615, 3073, 2615, 2614, 3073, 3211, 3237, 4794, 3450, 3448, 3451, 3448, 3452, 3451, 3452, 3455, 3451, 3452, 3485, 3455, 3485, 3486, 3455, 3485, 3483, 3486, 3504, 3502, 3503, 3503, 3497, 3489, 3489, 3497, 3498, 3497, 3499, 3498, 3499, 4048, 3498, 4048, 4049, 4050, 4047, 4049, 4048, 4049, 4051, 4050, 3063, 3062, 3064, 3062, 3032, 3064, 3032, 3031, 3064, 3032, 3028, 3031, 3028, 3030, 3031, 3030, 3028, 3029, 2970, 2968, 3029, 2970, 2967, 2968, 2967, 2963, 2968, 2963, 2969, 2968, 2963, 2964, 2969, 2964, 2966, 2836, 3431, 3453, 3429, 3431, 3450, 3453, 3450, 3454, 3453, 3450, 3451, 3454, 3454, 3451, 4765, 3451, 3455, 4765, 4765, 3455, 3487, 3455, 3486, 3487, 3486, 3488, 3487, 3486, 3504, 3488, 3504, 3503, 3488, 3503, 3489, 3488, 3489, 3490, 3488, 3489, 3498, 3490, 3490, 3498, 3492, 3498, 4048, 3492, 4048, 3494, 3492, 4048, 4050, 3494, 4050, 4051, 4052, 6187, 4861, 6452, 3067, 3065, 3068, 3065, 3063, 3068, 3063, 3064, 3068, 3064, 3031, 3068, 3031, 3030, 4808, 3030, 4812, 4808, 3030, 3029, 4812, 5660, 4812, 5659, 3029, 4864, 4812, 4812, 4864, 5659, 5659, 4864, 5654, 3029, 2968, 4864, 4864, 2968, 4862, 4864, 4862, 5654, 4862, 5653, 5654, 2968, 2969, 4862, 4862, 5652, 5653, 4862, 2964, 4863, 2969, 2964, 4862, 4862, 4863, 5652, 4863, 5596, 5652, 4863, 5572, 5596, 2964, 2836, 4863, 4863, 2836, 4865, 4863, 4865, 5572, 4865, 2835, 4866, 2836, 2835, 4865, 4865, 4866, 5572, 5572, 4866, 5570, 4866, 5569, 5570, 2835, 3073, 4866, 4866, 3073, 4875, 4866, 4875, 5569, 3073, 3077, 4875, 4875, 5521, 5569, 3077, 3078, 4875, 4875, 3078, 6086, 5521, 6086, 5519, 4875, 6086, 5521, 3078, 3079, 6086, 6086, 6072, 5519, 6086, 3079, 6076, 6086, 6076, 6072, 3079, 3080, 6076, 6076, 6071, 6072, 6076, 3080, 6075, 6076, 6075, 6071, 3080, 3081, 6075, 6075, 5787, 6071, 6075, 6074, 5787, 6074, 6073, 5787, 6073, 5789, 5787, 5789, 6077, 5793, 6073, 6077, 5789, 6077, 5803, 5793, 6077, 6078, 5803, 6078, 3205, 6079, 6078, 6079, 5803, 5803, 6079, 5802, 3205, 4796, 6079, 6079, 4796, 4890, 6079, 4890, 5802, 5802, 4890, 5809, 4796, 4795, 4890, 5809, 4890, 5808, 4795, 4872, 4890, 4890, 4872, 5808, 4795, 4794, 4872, 4872, 5811, 5808, 4872, 3428, 4871, 4794, 3428, 4872, 4872, 5812, 5811, 4872, 4871, 5812, 3428, 3429, 4871, 5812, 4871, 5815, 3429, 4868, 4871, 4871, 4868, 5815, 3429, 3453, 4868, 5815, 4868, 5817, 3453, 4811, 4868, 4868, 4811, 5817, 3453, 3454, 4811, 4811, 5819, 5817, 3454, 4810, 4811, 4811, 4810, 5819, 4810, 5821, 5819, 3454, 4765, 4810, 4810, 5824, 5821, 4765, 4809, 4810, 4810, 4809, 5824, 5824, 4809, 5826, 4809, 3487, 4807, 4765, 3487, 4809, 4809, 4807, 5826, 3487, 3496, 4807, 3487, 3488, 3496, 3488, 3490, 3496, 3496, 3490, 3491, 3490, 3492, 3491, 3491, 3492, 3493, 3492, 3494, 3493, 3493, 3494, 3495, 3494, 4050, 3495, 4050, 4052, 3495, 4052, 4051, 4867, 4861, 4846, 4870, 6452, 4870, 6093, 4861, 4870, 6452, 4870, 6092, 6093, 4846, 4873, 4870, 4846, 3067, 4873, 6092, 4873, 5757, 4870, 4873, 6092, 3067, 4874, 4873, 3067, 3068, 4874, 5757, 4874, 5756, 4873, 4874, 5757, 4874, 5708, 5756, 4874, 3068, 4877, 4874, 4877, 5708, 3068, 3031, 4877, 4877, 5709, 5708, 4877, 3031, 4889, 4877, 4889, 5709, 3031, 4808, 4889, 5709, 4889, 5711, 4889, 4905, 5711, 4808, 4905, 4889, 4808, 4812, 4905, 4913, 3496, 4909, 4807, 3496, 4913, 3496, 4908, 4909, 4909, 4908, 5829, 3496, 3491, 4908, 4908, 5832, 5829, 4908, 3491, 4904, 4908, 4904, 5832, 3491, 3493, 4904, 5832, 4904, 5833, 4904, 5839, 5833, 3493, 3495, 4904, 4904, 3495, 5839, 3495, 4052, 4867, 5839, 4867, 6080, 3495, 4867, 5839, 6453, 6280, 6281, 6281, 6280, 6279, 6280, 6278, 6279, 6278, 6277, 6279, 6278, 6276, 6277, 6277, 6276, 6274, 6276, 6275, 6274, 6275, 6272, 6274, 6272, 6273, 6274, 6273, 6272, 6270, 6272, 6271, 6270, 6270, 6268, 6269, 6271, 6268, 6270, 6268, 6267, 6269, 6268, 6266, 6267, 6267, 6266, 6264, 6266, 6265, 6264, 6265, 6263, 6264, 6263, 6262, 6264, 6263, 6261, 6262, 6261, 6259, 6262, 6261, 6260, 6259, 6260, 6255, 6259, 6259, 6255, 6254, 6255, 6127, 6254, 6255, 6256, 6127, 6256, 6257, 6127, 6257, 6172, 6127, 6257, 6258, 6172, 6172, 6174, 6173, 6258, 6174, 6172, 6174, 6190, 6173, 6174, 6251, 6190, 6251, 6175, 6190, 6190, 6175, 6176, 6175, 6177, 6176, 6176, 6177, 6178, 6177, 6179, 6178, 6179, 6180, 6178, 6179, 6181, 6180, 6180, 6182, 6183, 6181, 6182, 6180, 6182, 6184, 6183, 6182, 6185, 6184, 6185, 6186, 6184, 6185, 6187, 6186, 6187, 6452, 6186, 5660, 5659, 5658, 5572, 5570, 5571, 5570, 5569, 5568, 5519, 6072, 5779, 5779, 6072, 5784, 6072, 6071, 5784, 6071, 5787, 5784, 5784, 5787, 5786, 5786, 5787, 5788, 5787, 5789, 5788, 5789, 5793, 5788, 5793, 6058, 5788, 5793, 5803, 6058, 6058, 5803, 5794, 5803, 5802, 5794, 5802, 5798, 5794, 5798, 5802, 5801, 5801, 5802, 5804, 5802, 5809, 5804, 5809, 5808, 5804, 5812, 5815, 5814, 5815, 5816, 5814, 5815, 5817, 5816, 6452, 6093, 6088, 6093, 6092, 6088, 6092, 5757, 6088, 5757, 5756, 5754, 5709, 5711, 5710, 5827, 4909, 5828, 4913, 4909, 5827, 5828, 5829, 5830, 4909, 5829, 5828, 5829, 5831, 5830, 5829, 5832, 5831, 5831, 5832, 5833, 5839, 6080, 5841, 5491, 6453, 6454, 6453, 6441, 6454, 6453, 6281, 6441, 6281, 6279, 6375, 6279, 6277, 6375, 6277, 6274, 6374, 6274, 6273, 6373, 6273, 6270, 6370, 6269, 6267, 6369, 6264, 6284, 6267, 6264, 6262, 6284, 6284, 6262, 6283, 6283, 6262, 6282, 6262, 6259, 6282, 6282, 6259, 6253, 6259, 6254, 6253, 6254, 6126, 6253, 6254, 6127, 6126, 6126, 6127, 6125, 6127, 6128, 6125, 6127, 6172, 6128, 6172, 6173, 6171, 6173, 6190, 6188, 6188, 6190, 6189, 6190, 6176, 6189, 6189, 6176, 6192, 6176, 6178, 6192, 6183, 6184, 6230, 6186, 6452, 6236, 5660, 5658, 5661, 5659, 5654, 5655, 5654, 5651, 5655, 5654, 5653, 5651, 5653, 5652, 5651, 5596, 5572, 5594, 5569, 5522, 5568, 5569, 5521, 5522, 5521, 5520, 5522, 5520, 5519, 5518, 5521, 5519, 5520, 5518, 5519, 5516, 5519, 5779, 5516, 5516, 5779, 5517, 5779, 5784, 5517, 5517, 5784, 5513, 5513, 5784, 5509, 5784, 5785, 5509, 5784, 5786, 5785, 5786, 5790, 5785, 5786, 5788, 5790, 5790, 5788, 5792, 5792, 6058, 6057, 5788, 6058, 5792, 6058, 6059, 6057, 6058, 5795, 6059, 6058, 5794, 5795, 5798, 5801, 5800, 5801, 5804, 5800, 5804, 5808, 5807, 5816, 5817, 5818, 5817, 5819, 5818, 5822, 5821, 5823, 5821, 5824, 5823, 5824, 5825, 5823, 5824, 5826, 5825, 5826, 4913, 5825, 6452, 6089, 6236, 6452, 6088, 6089, 6088, 6081, 6089, 6081, 5757, 5754, 6088, 5757, 6081, 5754, 5756, 5755, 5755, 5756, 5758, 5756, 5708, 5758, 5708, 5709, 5706, 5710, 5711, 5661, 5711, 4905, 5661, 5827, 5828, 5881, 5830, 5834, 5828, 5830, 5831, 5834, 5831, 5835, 5834, 5835, 5831, 5836, 5831, 5833, 5836, 5836, 5833, 5837, 5833, 5839, 5838, 5839, 5841, 5838, 6375, 6277, 6374, 6374, 6274, 6373, 6373, 6273, 6370, 6270, 6368, 6370, 6270, 6269, 6368, 6269, 6369, 6368, 6172, 6171, 6128, 6173, 6188, 6171, 6192, 6178, 6227, 6178, 6180, 6227, 6180, 6228, 6227, 6180, 6183, 6228, 6228, 6183, 6230, 6230, 6184, 6232, 6184, 6186, 6232, 5712, 5661, 5662, 5662, 5658, 5663, 5661, 5658, 5662, 5659, 5655, 5658, 5651, 5652, 5597, 5652, 5596, 5597, 5596, 5595, 5597, 5595, 5596, 5594, 5594, 5572, 5592, 5572, 5573, 5592, 5572, 5571, 5573, 5570, 5568, 5571, 5509, 5785, 5783, 5785, 5791, 5783, 5785, 5790, 5791, 5798, 5800, 5799, 5808, 5811, 5810, 5812, 5814, 5813, 5818, 5819, 5820, 5819, 5821, 5820, 5821, 5822, 5820, 5823, 5825, 5884, 5825, 4913, 5827, 5828, 5834, 5881, 5706, 5710, 5712, 5709, 5710, 5706, 5710, 5661, 5712, 5838, 5841, 5840, 5841, 5842, 5840, 5491, 6454, 5487, 6441, 6281, 6440, 6281, 6376, 6440, 6281, 6375, 6376, 6375, 6377, 6376, 6377, 6375, 6378, 6375, 6374, 6378, 6378, 6374, 6380, 6380, 6374, 6381, 6374, 6373, 6381, 6373, 6370, 6372, 6372, 6370, 6371, 6370, 6368, 6371, 6368, 6369, 6366, 6369, 6267, 6364, 6364, 6267, 6285, 6267, 6284, 6285, 6285, 6284, 6286, 6284, 6283, 6286, 6283, 6289, 6286, 6283, 6290, 6289, 6283, 6282, 6290, 6290, 6253, 6293, 6282, 6253, 6290, 6293, 6253, 6103, 6253, 6105, 6103, 6253, 6126, 6105, 6126, 6125, 6105, 6105, 6125, 6124, 6124, 6125, 6123, 6125, 6128, 6123, 6123, 6128, 6129, 6128, 6130, 6129, 6128, 6171, 6130, 6171, 6170, 6130, 6170, 6171, 6169, 6171, 6188, 6169, 6188, 6168, 6169, 6168, 6189, 6167, 6188, 6189, 6168, 6189, 6191, 6167, 6189, 6192, 6191, 6192, 6193, 6191, 6193, 6192, 6194, 6192, 6227, 6194, 6227, 6228, 6199, 6199, 6228, 6226, 6228, 6229, 6226, 6228, 6230, 6229, 6230, 6222, 6229, 6230, 6231, 6222, 6231, 6230, 6232, 6232, 6186, 6234, 5663, 5658, 5664, 5658, 5655, 5657, 5657, 5655, 5656, 5656, 5651, 5649, 5655, 5651, 5656, 5651, 5650, 5649, 5650, 5597, 5598, 5651, 5597, 5650, 5597, 5595, 5598, 5593, 5594, 5592, 5595, 5594, 5593, 5568, 5567, 5571, 5568, 5566, 5567, 5568, 5522, 5566, 5516, 5517, 5512, 5513, 5512, 5517, 5513, 5509, 5510, 5794, 5798, 5797, 5800, 5804, 5805, 5804, 5806, 5805, 5804, 5807, 5806, 5808, 5810, 5807, 5811, 5812, 5810, 5812, 5813, 5810, 5814, 5816, 5960, 5884, 5825, 5883, 5825, 5827, 5880, 5880, 5827, 5881, 6054, 5834, 5835, 5755, 5758, 5759, 5758, 5708, 5759, 5837, 5838, 5840, 5833, 5838, 5837, 6373, 6372, 6381, 6289, 6290, 6288, 6227, 6199, 6200, 6234, 6186, 6235, 6186, 6236, 6235, 5712, 5662, 5702, 5664, 5658, 5657, 5566, 5522, 5523, 5513, 5510, 5512, 5791, 5792, 6060, 5790, 5792, 5791, 5794, 5796, 5795, 5794, 5797, 5796, 5800, 5969, 5799, 5800, 5805, 5969, 5806, 5807, 5966, 5807, 5810, 5966, 5813, 5814, 5959, 5814, 5960, 5959, 5818, 5820, 5921, 5820, 5822, 5921, 5881, 5834, 5878, 5836, 5856, 6055, 6380, 6381, 6382, 6372, 6371, 6385, 6371, 6368, 6367, 6368, 6366, 6367, 6170, 6169, 6145, 5662, 5663, 5702, 5571, 5567, 5575, 5522, 5520, 5523, 5520, 5524, 5523, 5520, 5518, 5524, 5510, 5509, 5506, 5506, 5509, 5508, 5792, 6057, 6060, 6057, 6012, 6060, 6057, 6059, 6012, 6012, 5795, 6009, 6059, 5795, 6012, 6009, 5795, 5796, 5797, 6006, 5796, 5798, 5799, 5797, 5810, 5813, 5957, 5813, 5959, 5957, 5959, 5960, 5958, 5960, 5816, 5961, 5816, 5920, 5961, 5816, 5818, 5920, 5818, 5921, 5920, 5921, 5822, 5886, 5822, 5823, 5886, 5823, 5884, 5886, 5825, 5880, 5883, 5881, 5878, 5880, 5835, 6055, 5877, 6236, 6089, 6235, 6081, 5754, 5753, 5754, 5755, 5752, 5755, 5759, 5752, 5759, 5708, 5713, 5708, 5707, 5713, 5708, 5706, 5707, 5487, 6454, 6455, 6454, 6441, 6455, 6383, 6381, 6384, 6381, 6372, 6384, 6364, 6285, 6447, 6194, 6227, 6196, 6227, 6200, 6196, 6234, 6235, 6238, 5703, 5712, 5702, 5663, 5664, 5665, 5664, 5657, 5666, 5593, 5592, 5591, 5592, 5573, 5589, 5573, 5571, 5574, 5571, 5575, 5574, 5508, 5783, 5507, 5509, 5783, 5508, 5783, 5791, 5507, 5791, 6060, 5782, 6008, 5796, 6006, 5969, 5805, 5806, 5806, 5966, 5965, 5966, 5810, 5965, 5957, 5959, 5958, 5960, 5961, 5958, 5921, 5887, 5920, 5886, 5884, 5885, 5885, 5884, 5883, 5878, 5834, 5877, 5834, 6054, 5877, 6054, 5835, 5877, 6089, 6081, 6082, 6081, 5753, 6082, 5753, 5754, 5752, 5759, 5713, 5752, 5707, 5706, 5705, 5706, 5712, 5703, 6377, 6378, 6379, 6385, 6371, 6387, 6366, 6369, 6364, 6288, 6290, 6291, 6291, 6290, 6292, 6293, 6103, 6294, 6123, 6110, 6124, 6123, 6129, 6122, 6129, 6130, 6131, 6199, 6226, 6201, 6231, 6232, 6233, 6232, 6234, 6233, 5702, 5663, 5700, 5663, 5665, 5700, 5665, 5664, 5666, 5657, 5656, 5669, 5656, 5649, 5669, 5650, 5598, 5600, 5595, 5593, 5599, 5592, 5589, 5591, 5575, 5567, 5565, 5567, 5566, 5565, 5523, 5524, 5525, 5518, 5516, 5515, 5516, 5512, 5515, 5507, 5791, 5781, 5791, 5782, 5781, 5782, 6060, 6061, 6061, 6060, 6062, 6062, 6012, 6065, 6060, 6012, 6062, 6006, 5799, 6005, 5797, 5799, 6006, 5968, 5806, 5967, 5806, 5965, 5967, 5965, 5810, 5964, 5810, 5957, 5962, 5957, 5958, 5956, 5920, 5887, 5919, 5921, 5886, 5887, 5886, 5885, 5887, 5883, 5880, 5882, 6055, 5856, 5857, 5705, 5706, 5703, 6378, 6380, 6379, 6372, 6385, 6384, 6286, 6289, 6288, 6290, 6293, 6292, 6103, 6105, 6104, 6123, 6122, 6110, 6129, 6131, 6122, 6167, 6191, 6165, 5598, 5595, 5599, 5573, 5574, 5589, 5565, 5566, 5523, 5524, 5518, 5526, 5518, 5515, 5526, 5515, 5512, 5514, 5514, 5512, 5511, 5512, 5510, 5511, 6012, 6009, 6011, 5796, 6008, 6009, 5799, 5970, 6005, 5799, 5969, 5970, 5969, 5806, 5968, 5840, 5842, 5843, 6379, 6380, 6382, 6382, 6381, 6383, 6387, 6371, 6388, 6371, 6367, 6388, 6367, 6366, 6365, 6286, 6288, 6287, 6130, 6132, 6131, 6169, 6168, 6146, 6168, 6167, 6146, 6165, 6191, 6166, 6191, 6193, 6166, 6199, 6201, 6200, 5657, 5669, 5668, 5524, 5526, 5525, 5514, 5511, 5530, 5782, 5780, 5781, 6012, 6011, 6013, 5969, 5968, 5970, 5965, 5964, 5967, 5964, 5810, 5963, 5810, 5962, 5963, 5957, 5955, 5962, 5956, 5958, 5922, 5958, 5961, 5922, 5961, 5920, 5922, 5920, 5919, 5922, 5919, 5887, 5917, 5885, 5883, 5890, 5883, 5882, 5890, 6055, 5857, 5877, 5752, 5713, 5714, 5713, 5707, 5714, 5837, 5854, 5855, 5837, 5840, 5854, 5840, 5843, 5854, 5487, 6455, 6450, 6455, 6441, 6450, 6384, 6385, 6386, 6385, 6387, 6386, 6388, 6367, 6389, 6367, 6365, 6389, 6292, 6293, 6337, 6337, 6293, 6294, 6130, 6170, 6132, 6145, 6169, 6146, 6146, 6167, 6165, 6193, 6194, 6195, 6194, 6196, 6195, 6231, 6233, 6221, 6233, 6234, 6237, 5704, 5703, 5701, 5705, 5703, 5704, 5666, 5657, 5667, 5657, 5668, 5667, 5599, 5593, 5603, 5593, 5591, 5603, 5591, 5589, 5590, 5515, 5514, 5530, 5782, 6061, 5780, 6011, 6009, 6010, 6009, 6008, 6010, 6008, 6006, 6007, 6006, 6005, 6004, 6005, 5970, 6004, 5970, 5968, 5971, 5968, 5972, 5971, 5968, 5967, 5972, 5967, 5964, 5975, 5964, 5963, 5975, 5957, 5956, 5955, 5877, 5857, 6056, 5752, 5714, 5749, 5714, 5707, 5704, 5707, 5705, 5704, 5487, 6450, 5490, 5402, 5383, 5381, 6382, 6383, 6419, 6383, 6384, 6419, 6287, 6288, 6291, 6105, 6108, 6104, 6105, 6124, 6108, 6124, 6110, 6108, 6196, 6200, 6195, 6222, 6231, 6219, 5701, 5703, 5702, 5700, 5665, 5698, 5665, 5666, 5698, 5666, 5667, 5698, 5668, 5669, 5667, 5649, 5650, 5648, 5650, 5600, 5648, 5590, 5589, 5588, 5574, 5575, 5576, 5576, 5575, 5577, 5575, 5565, 5577, 5523, 5525, 5527, 5525, 5526, 5527, 5510, 5506, 5511, 6065, 6012, 6013, 6006, 6004, 6007, 5955, 5956, 5954, 5956, 5922, 5954, 5917, 5887, 5888, 5888, 5885, 5889, 5887, 5885, 5888, 5885, 5890, 5889, 5890, 5882, 5892, 5882, 5879, 5893, 5882, 5880, 5879, 5879, 5878, 5876, 5880, 5878, 5879, 5876, 5878, 5877, 5877, 6056, 5875, 5856, 5837, 5855, 5855, 5854, 5853, 6417, 6384, 6386, 6365, 6366, 6364, 6285, 6287, 6340, 6291, 6292, 6335, 6337, 6294, 6295, 6122, 6131, 6121, 6166, 6193, 6164, 6229, 6222, 6223, 6219, 6231, 6221, 5669, 5649, 5647, 5649, 5648, 5647, 5589, 5574, 5576, 5577, 5565, 5564, 5530, 5511, 5533, 5511, 5506, 5505, 5508, 5507, 5506, 5507, 5781, 5504, 5504, 5781, 5780, 5919, 5917, 5918, 5749, 5714, 5715, 5843, 5842, 5844, 6441, 6440, 6439, 6365, 6364, 6363, 6285, 6286, 6287, 6110, 6122, 6121, 6131, 6132, 6121, 6170, 6133, 6132, 6170, 6145, 6133, 6145, 6146, 6144, 6195, 6200, 6198, 6222, 6219, 6223, 6234, 6238, 6237, 5701, 5702, 5700, 5667, 5669, 5670, 5669, 5647, 5670, 5598, 5599, 5600, 5603, 5591, 5604, 5523, 5527, 5565, 5780, 6061, 6063, 6061, 6062, 6063, 6063, 6062, 6064, 6062, 6065, 6064, 6064, 6065, 6013, 5967, 5975, 5972, 5963, 5962, 5955, 5922, 5919, 5923, 5923, 5919, 5918, 5917, 5888, 5916, 5882, 5893, 5892, 5856, 5855, 5857, 6235, 6089, 6090, 6089, 6082, 6090, 5753, 5752, 5751, 5752, 5749, 5751, 5715, 5704, 5716, 5714, 5704, 5715, 5704, 5701, 5716, 5844, 5842, 5845, 6450, 6441, 6442, 6441, 6439, 6442, 6376, 6377, 6425, 6377, 6379, 6425, 6285, 6340, 6447, 6287, 6291, 6335, 6294, 6106, 6295, 6294, 6103, 6106, 6103, 6104, 6106, 6107, 6108, 6109, 6104, 6108, 6107, 6109, 6110, 6120, 6108, 6110, 6109, 6145, 6144, 6133, 6146, 6165, 6150, 6164, 6193, 6162, 6198, 6200, 6201, 6226, 6229, 6224, 5701, 5699, 5720, 5701, 5700, 5699, 5699, 5700, 5698, 5600, 5599, 5601, 5604, 5591, 5590, 5589, 5576, 5588, 5565, 5527, 5564, 5515, 5530, 5529, 5511, 5505, 5533, 5506, 5504, 5505, 5506, 5507, 5504, 5780, 6063, 5504, 6008, 6007, 6010, 5970, 5973, 6004, 5970, 5971, 5973, 5890, 5892, 5891, 5876, 5877, 5875, 6082, 5753, 5751, 5854, 5843, 5853, 6379, 6382, 6424, 6419, 6384, 6418, 6418, 6384, 6417, 6386, 6387, 6388, 6389, 6365, 6391, 6364, 6447, 6362, 6132, 6133, 6134, 6244, 6238, 6239, 6237, 6238, 6244, 6238, 6235, 6239, 5701, 5720, 5719, 5699, 5698, 5697, 5698, 5671, 5697, 5698, 5667, 5671, 5599, 5602, 5601, 5599, 5603, 5602, 5603, 5604, 5602, 5605, 5604, 5590, 5526, 5515, 5528, 5515, 5529, 5528, 5504, 6063, 5492, 6063, 6064, 5494, 6064, 6013, 6050, 6050, 6013, 6011, 6007, 6004, 6003, 6004, 5973, 6003, 5971, 5972, 5973, 5973, 5972, 5974, 5972, 5975, 5974, 5974, 5963, 5976, 5975, 5963, 5974, 5963, 5955, 5976, 5954, 5922, 5924, 5922, 5923, 5924, 5918, 5917, 5916, 5889, 5890, 5891, 5879, 5876, 5896, 5715, 5716, 5717, 5716, 5719, 5718, 5716, 5701, 5719, 6440, 6376, 6439, 6376, 6425, 6438, 6388, 6389, 6390, 6339, 6287, 6338, 6287, 6335, 6338, 6335, 6292, 6336, 6106, 6104, 6107, 6110, 6136, 6120, 6110, 6121, 6136, 6146, 6150, 6144, 6165, 6164, 6150, 6165, 6166, 6164, 6193, 6195, 6162, 5647, 5648, 5645, 5648, 5600, 5645, 5602, 5604, 5605, 5576, 5577, 5578, 5577, 5564, 5578, 5564, 5527, 5563, 5527, 5526, 5528, 5955, 5953, 5976, 5955, 5954, 5953, 5954, 5924, 5953, 5875, 6056, 5872, 6235, 6090, 6239, 6391, 6365, 6363, 6363, 6364, 6362, 6340, 6287, 6339, 6292, 6337, 6336, 6109, 6120, 6117, 6120, 6136, 6117, 6121, 6132, 6136, 6162, 6195, 6147, 6201, 6226, 6224, 5719, 5720, 5721, 5600, 5601, 5645, 5601, 5602, 5643, 5643, 5602, 5605, 5605, 5590, 5606, 5590, 5588, 5587, 5563, 5527, 5562, 5527, 5528, 5562, 5530, 5533, 5532, 5533, 5505, 5532, 6063, 5494, 5492, 6038, 6064, 6050, 6003, 5973, 6002, 5973, 5974, 6002, 6002, 5974, 5977, 5977, 5976, 5978, 5974, 5976, 5977, 5976, 5953, 5978, 5924, 5923, 5925, 5923, 5926, 5925, 5923, 5918, 5926, 5926, 5918, 5916, 5916, 5888, 5915, 5893, 5879, 5895, 5876, 5875, 5874, 6056, 5857, 5858, 5857, 5855, 5858, 6090, 6082, 6083, 6082, 5751, 6083, 5751, 5749, 5750, 5749, 5715, 5748, 5718, 5719, 5721, 5490, 6450, 5489, 6382, 6419, 6418, 6418, 6417, 6415, 6417, 6386, 6415, 6362, 6447, 6340, 6336, 6337, 6296, 6107, 6299, 6106, 6107, 6109, 6112, 6109, 6117, 6112, 6133, 6135, 6134, 6133, 6144, 6135, 6164, 6162, 6163, 5670, 5647, 5646, 5647, 5645, 5646, 5563, 5562, 5561, 5529, 5775, 5528, 5529, 5530, 5531, 5530, 5532, 5531, 5532, 5505, 5534, 5505, 5503, 5534, 5505, 5504, 5503, 5503, 5504, 5502, 5504, 5492, 5502, 5493, 5494, 5495, 5492, 5494, 5493, 6064, 6038, 6066, 6011, 6010, 6014, 6010, 6015, 6014, 6015, 6007, 6016, 6010, 6007, 6015, 6007, 6003, 6016, 5978, 5953, 5952, 5953, 5924, 5952, 5892, 5893, 5894, 5895, 5879, 5896, 5896, 5876, 5874, 5872, 6056, 5858, 5748, 5715, 5717, 5716, 5718, 5717, 5853, 5843, 5844, 6439, 6376, 6438, 6386, 6388, 6390, 6389, 6391, 6390, 6335, 6336, 6296, 6337, 6295, 6296, 6295, 6106, 6296, 6144, 6150, 6135, 6150, 6164, 6152, 6152, 6164, 6163, 6162, 6147, 6163, 6195, 6198, 6197, 5721, 5720, 5722, 5720, 5699, 5723, 5723, 5699, 5724, 5699, 5697, 5724, 5667, 5670, 5671, 5645, 5601, 5643, 5590, 5587, 5606, 5588, 5576, 5587, 5775, 5529, 5531, 5531, 5532, 5535, 5532, 5534, 5535, 5502, 5492, 5493, 5494, 6064, 5495, 6064, 6066, 5495, 6050, 6011, 6014, 6003, 6002, 6001, 6002, 5999, 6001, 6002, 5977, 5999, 5977, 5979, 5999, 5977, 5978, 5979, 5978, 5951, 5979, 5978, 5952, 5951, 5894, 5893, 5895, 5874, 5875, 5872, 5853, 5844, 5852, 6391, 6363, 6393, 6338, 6335, 6334, 6335, 6296, 6334, 6296, 6106, 6297, 6106, 6298, 6297, 6106, 6299, 6298, 6107, 6111, 6299, 6107, 6112, 6111, 6136, 6132, 6137, 6132, 6134, 6137, 6141, 6134, 6135, 6198, 6201, 6202, 6202, 6201, 6224, 6224, 6229, 6217, 6229, 6223, 6217, 6223, 6219, 6218, 6219, 6221, 6220, 6221, 6233, 6220, 6233, 6237, 6220, 6244, 6239, 6240, 5720, 5723, 5722, 5697, 5696, 5724, 5696, 5671, 5694, 5697, 5671, 5696, 5646, 5645, 5644, 5645, 5643, 5644, 5606, 5587, 5607, 5587, 5576, 5586, 5576, 5578, 5586, 5578, 5564, 5579, 5528, 5775, 5562, 5503, 5501, 5534, 5503, 5502, 5501, 6016, 6003, 6001, 5925, 5926, 5927, 5916, 5915, 5926, 5888, 5889, 5913, 5913, 5889, 5912, 5889, 5891, 5912, 5891, 5892, 5912, 5895, 5896, 5897, 5874, 5872, 5873, 5872, 5858, 5870, 5858, 5855, 5859, 5855, 5860, 5859, 5855, 5853, 5860, 5853, 5852, 5860, 6239, 6090, 6091, 6090, 6083, 6091, 5748, 5717, 5741, 5718, 5721, 5742, 6379, 6424, 6423, 6424, 6382, 6420, 6382, 6418, 6420, 6418, 6415, 6421, 6339, 6338, 6343, 6334, 6296, 6333, 6296, 6297, 6332, 6298, 6299, 6111, 6117, 6136, 6119, 6119, 6136, 6137, 6134, 6141, 6137, 6135, 6150, 6141, 6152, 6163, 6147, 6147, 6195, 6161, 6195, 6197, 6161, 6198, 6202, 6197, 5721, 5722, 5739, 5671, 5672, 5694, 5671, 5670, 5672, 5643, 5605, 5642, 5607, 5587, 5585, 5587, 5586, 5585, 5563, 5561, 5580, 5561, 5560, 5559, 5561, 5562, 5560, 5535, 5534, 5536, 5952, 5924, 5950, 5924, 5925, 5950, 5915, 5888, 5913, 5892, 5894, 5911, 5896, 5874, 5897, 6083, 5751, 5760, 5751, 5750, 5760, 5717, 5718, 5741, 6425, 6379, 6423, 6415, 6386, 6416, 6386, 6390, 6416, 6390, 6391, 6392, 6333, 6296, 6332, 6150, 6151, 6143, 6150, 6152, 6151, 6152, 6148, 6151, 6152, 6147, 6148, 6219, 6220, 6218, 6220, 6237, 6243, 6237, 6244, 6243, 5724, 5696, 5725, 5670, 5673, 5672, 5605, 5606, 5642, 5586, 5584, 5585, 5586, 5578, 5584, 5578, 5579, 5584, 5564, 5580, 5579, 5564, 5563, 5580, 5561, 5559, 5580, 5775, 5531, 5774, 5536, 5534, 5537, 6066, 6038, 6037, 6014, 6015, 6050, 6015, 6016, 6017, 6016, 6001, 6019, 6001, 5999, 6000, 5979, 5951, 5980, 5952, 5950, 5951, 5925, 5927, 5950, 5912, 5892, 5911, 5750, 5749, 5747, 5749, 5748, 5747, 5718, 5742, 5741, 5742, 5721, 5739, 6424, 6420, 6423, 6392, 6391, 6393, 6363, 6362, 6361, 6332, 6297, 6330, 6137, 6141, 6142, 5739, 5722, 5738, 5722, 5723, 5726, 5670, 5646, 5673, 5644, 5643, 5641, 5641, 5643, 5642, 5534, 5501, 5500, 5502, 5497, 5501, 5502, 5493, 5497, 5493, 5495, 5496, 5495, 6066, 6039, 6066, 6037, 6039, 6050, 6015, 6017, 6001, 6000, 6019, 5951, 5950, 5949, 5913, 5912, 5910, 5871, 5872, 5870, 5858, 5859, 5870, 5750, 5747, 5760, 5748, 5741, 5746, 5742, 5739, 5741, 5844, 5845, 5846, 5489, 6450, 5488, 6418, 6421, 6420, 6415, 6414, 6421, 6390, 6392, 6416, 6362, 6340, 6341, 6340, 6339, 6341, 6339, 6343, 6342, 6338, 6334, 6343, 6334, 6333, 6346, 6332, 6330, 6331, 6297, 6298, 6300, 6298, 6111, 6300, 6112, 6117, 6118, 6117, 6119, 6118, 6141, 6143, 6142, 6141, 6150, 6143, 6218, 6220, 6245, 6244, 6240, 6243, 5740, 5739, 5738, 5723, 5724, 5725, 5694, 5672, 5693, 5673, 5646, 5674, 5642, 5606, 5608, 5562, 5774, 5560, 5562, 5775, 5774, 5774, 5531, 5535, 5534, 5500, 5537, 6017, 6016, 6018, 6016, 6019, 6018, 5999, 5979, 5998, 5998, 5979, 5980, 5980, 5951, 5981, 5981, 5951, 5949, 5950, 5927, 5928, 5912, 5911, 5910, 5897, 5874, 5898, 5874, 5873, 5898, 5747, 5748, 5746, 5746, 5741, 5743, 5741, 5740, 5743, 5741, 5739, 5740, 5488, 6450, 6449, 6450, 6442, 6449, 6415, 6412, 6414, 6415, 6416, 6412, 6412, 6416, 6395, 6361, 6362, 6341, 6333, 6331, 6346, 6333, 6332, 6331, 6331, 6330, 6328, 6297, 6300, 6330, 6111, 6112, 6113, 6119, 6137, 6118, 6147, 6149, 6148, 6197, 6202, 6203, 6202, 6224, 6203, 5723, 5725, 5726, 5672, 5673, 5675, 5673, 5674, 5675, 5674, 5646, 5644, 5641, 5642, 5640, 5640, 5642, 5608, 5606, 5607, 5608, 5535, 5536, 5776, 5495, 6039, 6067, 6019, 6000, 5996, 5927, 5926, 5928, 5926, 5929, 5928, 5915, 5913, 5914, 5913, 5910, 5914, 5873, 5872, 5871, 5852, 5844, 5847, 5844, 5846, 5847, 6438, 6425, 6426, 6395, 6416, 6392, 6363, 6361, 6393, 6330, 6300, 6329, 6300, 6111, 6301, 6111, 6113, 6301, 6137, 6142, 6138, 6142, 6143, 6139, 6147, 6161, 6149, 6223, 6218, 6217, 6240, 6239, 6241, 5740, 5738, 5737, 5725, 5696, 5695, 5696, 5694, 5695, 5674, 5644, 5677, 5677, 5644, 5678, 5644, 5641, 5678, 5641, 5640, 5639, 5608, 5607, 5609, 5607, 5585, 5609, 5584, 5579, 5583, 5583, 5579, 5582, 5559, 5560, 5557, 5560, 5774, 5557, 5535, 5776, 5774, 5493, 5496, 5497, 5496, 5495, 6067, 6037, 6038, 6036, 6038, 6050, 6036, 6050, 6017, 6036, 6036, 6017, 6018, 6000, 5999, 5996, 5999, 5998, 5996, 5998, 5980, 6051, 5981, 5948, 5983, 5981, 5949, 5948, 5926, 5915, 5929, 5911, 5894, 5909, 5894, 5895, 5906, 5860, 5852, 5851, 6239, 6091, 6241, 6091, 6083, 6084, 6083, 5760, 6084, 5852, 5847, 5851, 6420, 6421, 6413, 6421, 6414, 6413, 6392, 6394, 6395, 6394, 6392, 6393, 6361, 6341, 6360, 6341, 6339, 6342, 6328, 6330, 6329, 6112, 6114, 6113, 6114, 6118, 6116, 6112, 6118, 6114, 6118, 6137, 6116, 6138, 6142, 6139, 6143, 6151, 6139, 6151, 6153, 6154, 6151, 6148, 6153, 6161, 6197, 6203, 5738, 5734, 5737, 5738, 5722, 5734, 5722, 5726, 5734, 5726, 5725, 5727, 5725, 5695, 5727, 5695, 5694, 5693, 5675, 5674, 5676, 5674, 5677, 5676, 5640, 5608, 5634, 5634, 5608, 5609, 5585, 5584, 5583, 5776, 5536, 5538, 5501, 5497, 5500, 6039, 6037, 6035, 6037, 6036, 6035, 5950, 5928, 5933, 5894, 5906, 5909, 5895, 5897, 5905, 5897, 5898, 5899, 6442, 6439, 6437, 6425, 6423, 6426, 6423, 6420, 6422, 6393, 6361, 6400, 6328, 6329, 6327, 6300, 6301, 6329, 6116, 6137, 6138, 6139, 6151, 6154, 6203, 6224, 6225, 6224, 6217, 6225, 6245, 6220, 6243, 5727, 5695, 5728, 5695, 5693, 5728, 5672, 5675, 5692, 5679, 5677, 5678, 5639, 5640, 5634, 5582, 5579, 5581, 5579, 5580, 5581, 5581, 5559, 5558, 5580, 5559, 5581, 5559, 5557, 5558, 5774, 5776, 5557, 5538, 5537, 5539, 5536, 5537, 5538, 6035, 6036, 6034, 6036, 6040, 6034, 6036, 6018, 6040, 6018, 6019, 6020, 6020, 6019, 5996, 5996, 5998, 5997, 5997, 5998, 6051, 6051, 5980, 6052, 5980, 5982, 6052, 5980, 5981, 5982, 5982, 5981, 5983, 5949, 5947, 5948, 5949, 5950, 5947, 5950, 5933, 5947, 5929, 5915, 5914, 5870, 5859, 5861, 5747, 5746, 5745, 5746, 5743, 5745, 6437, 6438, 6435, 6439, 6438, 6437, 6438, 6426, 6435, 6426, 6423, 6427, 6427, 6423, 6422, 6414, 6412, 6413, 6400, 6361, 6360, 6360, 6341, 6359, 6341, 6357, 6359, 6341, 6342, 6357, 6346, 6331, 6347, 6331, 6328, 6347, 6153, 6148, 6149, 5693, 5672, 5692, 5675, 5676, 5692, 5676, 5677, 5679, 5678, 5641, 5681, 5641, 5639, 5681, 5609, 5585, 5610, 5585, 5583, 5610, 5620, 5558, 5555, 5558, 5557, 5555, 5557, 5776, 5556, 5537, 5499, 5539, 5537, 5500, 5499, 5500, 5497, 5499, 6067, 6039, 6042, 6039, 6035, 6042, 6040, 6018, 6023, 6018, 6020, 6023, 5928, 5930, 5933, 5928, 5929, 5930, 5914, 5910, 5908, 5910, 5909, 5908, 5910, 5911, 5909, 5906, 5895, 5905, 5873, 5871, 5869, 5871, 5870, 5869, 5869, 5870, 5861, 5859, 5860, 5861, 5860, 5851, 5862, 5760, 5761, 5762, 5760, 5747, 5761, 5747, 5745, 5761, 5745, 5743, 5744, 5743, 5740, 5744, 5744, 5740, 5737, 6449, 6442, 6443, 6442, 6437, 6443, 6422, 6420, 6413, 6342, 6343, 6344, 6347, 6328, 6326, 6328, 6327, 6326, 6327, 6329, 6324, 6324, 6329, 6301, 6161, 6203, 6204, 6217, 6218, 6216, 5726, 5727, 5734, 5679, 5678, 5680, 5678, 5681, 5680, 5681, 5639, 5638, 5634, 5609, 5611, 5609, 5610, 5611, 5582, 5581, 5617, 5581, 5620, 5619, 5581, 5558, 5620, 5555, 5557, 5556, 5556, 5776, 5538, 5538, 5539, 5778, 5497, 5496, 5498, 5496, 6067, 5498, 6034, 6040, 6041, 6040, 6023, 6041, 6020, 5996, 6021, 5996, 5997, 5995, 6051, 6052, 5997, 5982, 5983, 5984, 5983, 5948, 5984, 5948, 5946, 5984, 5948, 5947, 5946, 5929, 5914, 5930, 5897, 5899, 5905, 5861, 5860, 5862, 6084, 5760, 5762, 5745, 5764, 5761, 5745, 5744, 5764, 6343, 6334, 6345, 6139, 6154, 6309, 6153, 6149, 6155, 6204, 6203, 6205, 6203, 6225, 6205, 6217, 6216, 6207, 6218, 6245, 6246, 6245, 6243, 6246, 5727, 5728, 5729, 5692, 5676, 5771, 5676, 5679, 5771, 5679, 5680, 5685, 5634, 5635, 5632, 5634, 5611, 5635, 5617, 5581, 5618, 5499, 5497, 5498, 6067, 6042, 5498, 6041, 6023, 6024, 6023, 6022, 6024, 6023, 6020, 6022, 6022, 6020, 6021, 5996, 5995, 5994, 5997, 6052, 5995, 5933, 5930, 5932, 5930, 5914, 5931, 5914, 5908, 5931, 5908, 5907, 5931, 5899, 5898, 5868, 5488, 6449, 5482, 6413, 6412, 6411, 6412, 6396, 6411, 6412, 6395, 6396, 6395, 6394, 6396, 6394, 6393, 6398, 6393, 6400, 6399, 6334, 6346, 6345, 6301, 6113, 6114, 6114, 6116, 6115, 6116, 6138, 6305, 6139, 6140, 6138, 6155, 6149, 6156, 6149, 6161, 6156, 6243, 6240, 6242, 5734, 5727, 5733, 5679, 5685, 5771, 5681, 5638, 5682, 5638, 5634, 5633, 5639, 5634, 5638, 5634, 5632, 5633, 5610, 5583, 5613, 5613, 5582, 5617, 5583, 5582, 5613, 5581, 5619, 5618, 5539, 5499, 5540, 5540, 5499, 5541, 5499, 5498, 5541, 5498, 6042, 6043, 6042, 6033, 6043, 6042, 6035, 6033, 6035, 6034, 6033, 6021, 5996, 5994, 5995, 6052, 6053, 6053, 6052, 5985, 6052, 5982, 5985, 5982, 5984, 5985, 5933, 5934, 5947, 5933, 5932, 5934, 5932, 5930, 5931, 5898, 5873, 5868, 5873, 5869, 5868, 5762, 5761, 5763, 5764, 5744, 5766, 5744, 5737, 5736, 5737, 5734, 5736, 5851, 5847, 5850, 6422, 6413, 6431, 6411, 6396, 6410, 6394, 6398, 6397, 6343, 6345, 6344, 6326, 6327, 6325, 6327, 6324, 6325, 6324, 6301, 6302, 6115, 6116, 6304, 6140, 6139, 6309, 6154, 6153, 6155, 6161, 6204, 6156, 6225, 6207, 6205, 6225, 6217, 6207, 6240, 6241, 6242, 5685, 5680, 5684, 5680, 5681, 5682, 5620, 5555, 5553, 5555, 5556, 5554, 5556, 5538, 5777, 5538, 5778, 5777, 5778, 5539, 5540, 5541, 5498, 5544, 5498, 6068, 5544, 5498, 6043, 6068, 6033, 6034, 6031, 6034, 6041, 6031, 6031, 6041, 6024, 6024, 6022, 6025, 6021, 6026, 6022, 6021, 5994, 6026, 5908, 5909, 5906, 5869, 5861, 5866, 5761, 5764, 5763, 5744, 5736, 5766, 6449, 6443, 6436, 6443, 6437, 6436, 6437, 6435, 6436, 6435, 6426, 6428, 6426, 6427, 6428, 6413, 6411, 6431, 6326, 6325, 6323, 6301, 6114, 6115, 6304, 6116, 6305, 6309, 6154, 6157, 6154, 6155, 6158, 6207, 6216, 6215, 6218, 6247, 6216, 6218, 6246, 6247, 6243, 6242, 6246, 5682, 5638, 5631, 5638, 5633, 5631, 5611, 5610, 5612, 5612, 5610, 5613, 5613, 5617, 5616, 5618, 5619, 5621, 5995, 6053, 5993, 5984, 5946, 5945, 5905, 5899, 5900, 5899, 5868, 5900, 5869, 5866, 5868, 5862, 5851, 5850, 6091, 6084, 6085, 6084, 5762, 6085, 5763, 5764, 5765, 5764, 5766, 5765, 6396, 6394, 6397, 6400, 6360, 6402, 6360, 6359, 6402, 6402, 6359, 6358, 6357, 6342, 6344, 6345, 6346, 6347, 6323, 6325, 6324, 6301, 6115, 6302, 6305, 6138, 6306, 6138, 6140, 6306, 6309, 6157, 6308, 6154, 6158, 6157, 6156, 6204, 6205, 6205, 6207, 6206, 6207, 6215, 6206, 5727, 5729, 5733, 5729, 5728, 5730, 5728, 5693, 5730, 5730, 5693, 5691, 5693, 5692, 5691, 5692, 5688, 5691, 5692, 5685, 5688, 5692, 5771, 5685, 5619, 5620, 5621, 5620, 5553, 5621, 5555, 5554, 5553, 5554, 5556, 5777, 5541, 5544, 5543, 6043, 6044, 6068, 6043, 6032, 6044, 6043, 6033, 6032, 6033, 6031, 6032, 6025, 6022, 6026, 5994, 5995, 5993, 5985, 5984, 5945, 5946, 5943, 5945, 5943, 5947, 5935, 5946, 5947, 5943, 5947, 5934, 5935, 5934, 5932, 5935, 5908, 5906, 5907, 5900, 5868, 5901, 5866, 5861, 5863, 5861, 5862, 5863, 6241, 6091, 6242, 5762, 5763, 5769, 5763, 5765, 5768, 5765, 5766, 5767, 5847, 5846, 5848, 5482, 6449, 6448, 6449, 6436, 6448, 6410, 6396, 6397, 6393, 6399, 6398, 6359, 6357, 6358, 6357, 6344, 6356, 6355, 6344, 6345, 6345, 6347, 6348, 6347, 6326, 6348, 6304, 6305, 6316, 6305, 6315, 6316, 6305, 6306, 6315, 6309, 6308, 6140, 6155, 6160, 6158, 6155, 6156, 6160, 6215, 6216, 6212, 6216, 6247, 6212, 6246, 6102, 6247, 6246, 6242, 6102, 5685, 5686, 5688, 5685, 5684, 5686, 5633, 5632, 5631, 5617, 5618, 5616, 5616, 5618, 5621, 6024, 6025, 6031, 5931, 5937, 5932, 5907, 5906, 5904, 5906, 5905, 5904, 5862, 5850, 5863, 6242, 6091, 6085, 5766, 5735, 5767, 5766, 5736, 5735, 5736, 5734, 5735, 5735, 5734, 5732, 5734, 5733, 5732, 5850, 5847, 5849, 5847, 5848, 5849, 6428, 6427, 6429, 6427, 6422, 6429, 6397, 6398, 6399, 6358, 6357, 6356, 6356, 6344, 6355, 6323, 6324, 6320, 6324, 6302, 6320, 6115, 6304, 6303, 6156, 6208, 6160, 6156, 6205, 6208, 6205, 6206, 6208, 6247, 6102, 6214, 5730, 5691, 5690, 5691, 5688, 5690, 5684, 5680, 5683, 5680, 5682, 5683, 5682, 5631, 5683, 5631, 5632, 5630, 5632, 5636, 5630, 5632, 5635, 5636, 5636, 5611, 5637, 5635, 5611, 5636, 5611, 5614, 5637, 5611, 5612, 5614, 5612, 5613, 5614, 5613, 5615, 5614, 5613, 5616, 5615, 5616, 5621, 5615, 5553, 5551, 5621, 5553, 5552, 5551, 5553, 5554, 5552, 5554, 5547, 5552, 5554, 5777, 5547, 5777, 5778, 5547, 5778, 5540, 5547, 5547, 5540, 5542, 5540, 5541, 5542, 5542, 5541, 5543, 5543, 5544, 6069, 5544, 6068, 6069, 6069, 6068, 6046, 6068, 6044, 6046, 6046, 6044, 6045, 6044, 6032, 6045, 6045, 6032, 6030, 6032, 6031, 6030, 6031, 6025, 6030, 6025, 6026, 6027, 6027, 6026, 5992, 6026, 5994, 5992, 5994, 5993, 5992, 5992, 5993, 5991, 5991, 5993, 5987, 5993, 6053, 5987, 6053, 5985, 5987, 5985, 5986, 5987, 5985, 5945, 5986, 5935, 5941, 5943, 5935, 5936, 5941, 5935, 5932, 5936, 5932, 5937, 5936, 5937, 5931, 5939, 5931, 5907, 5939, 6085, 5762, 5770, 5762, 5769, 5770, 5769, 5763, 5768, 5768, 5765, 5767, 5482, 6448, 5486, 4951, 4953, 4952, 4952, 4965, 5196, 6436, 6435, 6434, 6435, 6428, 6434, 6422, 6430, 6429, 6422, 6431, 6430, 6431, 6411, 6430, 6430, 6411, 6409, 6411, 6410, 6409, 6410, 6397, 6409, 6397, 6408, 6409, 6397, 6399, 6408, 6399, 6400, 6401, 6400, 6402, 6401, 6402, 6358, 6401, 6348, 6326, 6323, 6302, 6303, 6320, 6302, 6115, 6303, 6304, 6316, 6303, 6212, 6247, 6214, 6214, 6102, 6248, 5730, 5690, 5731, 5683, 5631, 5629, 5631, 5630, 5629, 5637, 5614, 5625, 5614, 5615, 5623, 5623, 5615, 5622, 5622, 5615, 5621, 5552, 5549, 5551, 5552, 5547, 5549, 5547, 5548, 5549, 5548, 5547, 5546, 5547, 5542, 5546, 5542, 5545, 5546, 5542, 5543, 5545, 5543, 6069, 5545, 6069, 6070, 5545, 6069, 6046, 6070, 6046, 6047, 6070, 6046, 6045, 6047, 6045, 6048, 6047, 6048, 6030, 6049, 6045, 6030, 6048, 6030, 6025, 6029, 6025, 6027, 6029, 5992, 6028, 6027, 5987, 5988, 5991, 5986, 5945, 5944, 5945, 5943, 5944, 5941, 5936, 5940, 5936, 5938, 5940, 5936, 5937, 5938, 5937, 5939, 5938, 5939, 5907, 5904, 5900, 5901, 5902, 6242, 6085, 6102, 5732, 5729, 5731, 5733, 5729, 5732, 5729, 5730, 5731, 5866, 5863, 5865, 4962, 4964, 4965, 5228, 5229, 5227, 5229, 5459, 5227, 6448, 6436, 6444, 6436, 6434, 6444, 6434, 6445, 6444, 6445, 6434, 6429, 6434, 6428, 6429, 6429, 6430, 6432, 6430, 6433, 6432, 6430, 6409, 6433, 6408, 6399, 6407, 6407, 6399, 6403, 6399, 6401, 6403, 6401, 6354, 6403, 6401, 6358, 6354, 6358, 6356, 6354, 6356, 6355, 6354, 6354, 6355, 6353, 6355, 6349, 6353, 6355, 6345, 6349, 6345, 6348, 6349, 6348, 6350, 6349, 6348, 6323, 6350, 6350, 6323, 6322, 6323, 6320, 6322, 6320, 6303, 6318, 6303, 6317, 6318, 6303, 6316, 6317, 6316, 6314, 6317, 6316, 6315, 6314, 6314, 6315, 6313, 6315, 6306, 6313, 6306, 6307, 6313, 6306, 6140, 6307, 6140, 6308, 6307, 6307, 6308, 6310, 6308, 6157, 6310, 6157, 6159, 6310, 6157, 6158, 6159, 6159, 6160, 6252, 6158, 6160, 6159, 6160, 6208, 6252, 6208, 6209, 6252, 6208, 6206, 6209, 6206, 6215, 6209, 6215, 6212, 6209, 6212, 6213, 6209, 6212, 6214, 6213, 6214, 6248, 6213, 6248, 6102, 6249, 5690, 5689, 5731, 5690, 5688, 5689, 5689, 5688, 5686, 5686, 5684, 5687, 5684, 5683, 5687, 5683, 5629, 5687, 5629, 5630, 5626, 5630, 5636, 5626, 5636, 5637, 5626, 5637, 5625, 5626, 5614, 5623, 5625, 6049, 6030, 6029, 6027, 6028, 6029, 6028, 5992, 5990, 5992, 5991, 5990, 5990, 5991, 5988, 5987, 5944, 5988, 5987, 5986, 5944, 5944, 5943, 5941, 5904, 5905, 5903, 6102, 6085, 6087, 6085, 5770, 6087, 5769, 5768, 2275, 5768, 5767, 2277, 2277, 5767, 2281, 5767, 5735, 2281, 5735, 2282, 2281, 5735, 2283, 2282, 5735, 5732, 2283, 2283, 5732, 2290, 5732, 5731, 2290, 5903, 5900, 5902, 5905, 5900, 5903, 5902, 5901, 5867, 5901, 5868, 5867, 5867, 5866, 5865, 5868, 5866, 5867, 5865, 5863, 5864, 5863, 5850, 5864, 5850, 5849, 5864, 5849, 5848, 2246, 5486, 6451, 2330, 5486, 6448, 6451, 6451, 6444, 6446, 6448, 6444, 6451, 6446, 6445, 2295, 6444, 6445, 6446, 6445, 2302, 2295, 6445, 6429, 2302, 2302, 6429, 2304, 6433, 6409, 2300, 6409, 6408, 2300, 2300, 6408, 6407, 6407, 6403, 6406, 6406, 6403, 6404, 6403, 6354, 6404, 6354, 6405, 6404, 6354, 2315, 6405, 6354, 6353, 2315, 2315, 6353, 6352, 6353, 6349, 6352, 6349, 6351, 6352, 6349, 6350, 6351, 6351, 6350, 6321, 6350, 6322, 6321, 6321, 6320, 2322, 6322, 6320, 6321, 6320, 6318, 2322, 6318, 2319, 2322, 2319, 6317, 6319, 6318, 6317, 2319, 6319, 6317, 6312, 6317, 6314, 6312, 6314, 6313, 6312, 6313, 6311, 6312, 6313, 6307, 6311, 6307, 6310, 6311, 6252, 6210, 6159, 6252, 6209, 6210, 6210, 6209, 6211, 6209, 6213, 6211, 6213, 6250, 6211, 6250, 6213, 6248, 6249, 6102, 6101, 5686, 5687, 5772, 5772, 5687, 5628, 5687, 5629, 5628, 5629, 5626, 5628, 5626, 5627, 5628, 5626, 5624, 5627, 5626, 5625, 5624, 5625, 5623, 5624, 5624, 5623, 5622, 5622, 5621, 5773, 5621, 5551, 5773, 5773, 5551, 5550, 5551, 5549, 5550, 5549, 5548, 5550, 5548, 5546, 5550, 6049, 6029, 6048, 6028, 5990, 6029, 5990, 5988, 5989, 5988, 5942, 5989, 5988, 5944, 5942, 5944, 5941, 5942, 5941, 5940, 5942, 6102, 6087, 6101, 6087, 5770, 2274, 2274, 5769, 2275, 5770, 5769, 2274, 2275, 5768, 2277, 2290, 5731, 2291, 5731, 5689, 2291, 2291, 5689, 2260, 5689, 2326, 2260, 5904, 5903, 2025, 5903, 2026, 2025, 5903, 5902, 2026, 5902, 2027, 2026, 5902, 5867, 2027, 5867, 2028, 2027, 5867, 5865, 2028, 5865, 2031, 2028, 5865, 5864, 2031, 5864, 5849, 2296, 5849, 2246, 2296, 2246, 5848, 2245, 2330, 6451, 2284, 6451, 6446, 2284, 6446, 2295, 2284, 6429, 6432, 2304, 2304, 6432, 2303, 6432, 6433, 2303, 2303, 6433, 2300, 6407, 2301, 2300, 2301, 6406, 2297, 6407, 6406, 2301, 6406, 6404, 2297, 6404, 2311, 2297, 6404, 6405, 2311, 2311, 6405, 2315, 2315, 6352, 2316, 6352, 6351, 2316, 2316, 6351, 2320, 6351, 6321, 2320, 6321, 2321, 2320, 6321, 2322, 2321, 6319, 2313, 2319, 2313, 6319, 2312, 6319, 6312, 2312, 2312, 6312, 2310, 6312, 6311, 2310, 6311, 2309, 2310, 6311, 6310, 2309, 2309, 6310, 2299, 2299, 6310, 2298, 6310, 6159, 2298, 6159, 6210, 2298, 6210, 2289, 2298, 6210, 6211, 2289, 2289, 6211, 2288, 6211, 6250, 2288, 6250, 2287, 2288, 6250, 6248, 2287, 6248, 2286, 2287, 6248, 6249, 2286, 2286, 6101, 2285, 6249, 6101, 2286, 5686, 5772, 2256, 5772, 2257, 2256, 5772, 5628, 2257, 5628, 2258, 2257, 5628, 5627, 2258, 5627, 5624, 2258, 5624, 2259, 2258, 5624, 2261, 2259, 5624, 5622, 2261, 5622, 5773, 2261, 5773, 2262, 2261, 5773, 5550, 2262, 5550, 2263, 2262, 5550, 5546, 2263, 5546, 5545, 2263, 5545, 2264, 2263, 5545, 6070, 2264, 2264, 6070, 2265, 6070, 2020, 2265, 6070, 6047, 2020, 6047, 6048, 2020, 6048, 2019, 2020, 2019, 6048, 2018, 6048, 6029, 2018, 2018, 6029, 2017, 6029, 5990, 2017, 2017, 5990, 2016, 5990, 5989, 2016, 2016, 5989, 2015, 5989, 5942, 2015, 2015, 5942, 2021, 5942, 5940, 2021, 2021, 5938, 2022, 5940, 5938, 2021, 2022, 5938, 2023, 5938, 5939, 2023, 5939, 2024, 2023, 5939, 5904, 2024, 5904, 2025, 2024, 6101, 2208, 2285, 6101, 6087, 2208, 2208, 6087, 2274, 5689, 5686, 2326, 2028, 2031, 2030, 5864, 2296, 2031, 2330, 2284, 1825, 104, 107, 106, 1825, 2284, 2213, 2284, 2295, 2213, 2295, 2302, 2213, 2302, 2214, 2213, 1585, 1584, 1583, 1585, 1586, 1584, 2302, 2304, 2214, 2304, 2303, 2214, 2303, 2234, 2214, 2234, 2303, 2235, 2303, 2300, 2235, 2300, 2232, 2235, 2300, 2301, 2232, 1557, 1605, 1556, 2301, 2297, 2232, 2232, 2297, 2231, 1547, 1545, 1475, 2297, 2230, 2231, 1545, 1476, 1475, 2297, 2311, 2230, 2311, 2229, 2230, 2311, 2315, 2229, 2151, 2150, 2152, 2315, 2228, 2229, 2315, 2316, 2228, 1491, 1490, 1488, 1463, 1461, 1467, 1492, 1493, 1490, 1461, 1462, 1460, 1463, 1462, 1461, 1490, 1493, 1489, 2185, 2186, 2184, 2316, 2227, 2228, 2316, 2320, 2227, 2227, 2321, 2233, 2320, 2321, 2227, 1206, 1205, 1202, 2233, 2322, 2219, 2321, 2322, 2233, 2322, 2319, 2219, 1168, 1146, 1169, 2219, 2319, 2224, 2319, 2313, 2224, 2313, 2223, 2224, 2313, 2312, 2223, 2223, 2312, 2222, 2312, 2310, 2222, 2222, 2310, 2221, 1378, 1379, 1380, 2310, 2309, 2221, 2309, 2299, 2221, 2299, 2220, 2221, 2299, 2298, 2220, 2298, 2226, 2220, 2298, 2289, 2226, 2226, 2289, 2225, 2289, 2288, 2225, 2288, 2209, 2225, 2288, 2287, 2209, 2287, 2286, 2209, 2209, 2285, 2208, 2286, 2285, 2209, 4415, 4416, 4644, 4642, 4645, 4421, 4642, 4643, 4645, 4643, 4644, 4645, 3154, 3253, 3252, 3153, 3152, 3147, 2534, 3184, 3183, 3245, 3244, 3246, 2569, 2566, 2568, 3073, 2614, 3077, 5491, 5174, 4879, 5174, 4878, 4879, 5174, 5164, 4878, 4878, 5164, 4880, 5164, 5161, 4880, 5161, 5160, 4880, 4880, 5159, 4881, 5160, 5159, 4880, 5159, 5183, 4881, 5183, 4882, 4881, 5183, 5090, 4882, 5090, 4883, 4882, 5090, 5089, 4883, 4887, 5318, 4886, 5318, 5319, 4886, 5319, 4884, 4886, 5319, 5313, 4884, 5313, 5314, 4884, 4884, 5314, 4885, 5314, 5279, 4885, 4885, 5279, 4876, 4876, 6940, 4730, 6940, 6650, 4730, 6650, 4797, 4730, 6650, 6652, 4797, 6652, 4728, 4797, 4728, 6656, 4731, 6652, 6656, 4728, 6656, 4732, 4731, 6656, 6653, 4732, 4732, 6653, 4734, 6653, 6654, 4734, 4734, 6654, 4738, 6654, 6655, 4738, 4738, 6482, 4737, 6655, 6482, 4738, 4737, 6480, 4739, 6482, 6480, 4737, 6480, 6478, 4739, 4739, 6478, 4740, 6478, 6477, 4740, 6477, 4741, 4740, 4741, 6948, 4798, 6477, 6948, 4741, 6948, 4801, 4798, 6948, 6949, 4801, 6949, 4800, 4801, 6949, 6950, 4800, 6950, 4799, 4800, 6950, 6951, 4799, 6951, 4804, 4799, 6951, 6946, 4804, 6946, 4803, 4804, 6946, 6947, 4803, 4803, 6947, 4802, 6947, 6945, 4802, 4802, 6945, 4806, 6945, 6944, 4806, 6944, 4805, 4806, 6944, 6943, 4805, 6943, 4754, 4805, 6943, 6942, 4754, 4754, 6939, 4755, 6942, 6939, 4754, 6939, 6924, 4755, 4755, 6924, 4756, 6924, 6922, 4756, 6922, 6941, 4756, 6941, 4051, 4756, 6941, 6921, 4051, 6921, 4867, 4051, 6921, 6095, 4867, 5660, 4905, 4812, 6095, 6080, 4867, 5163, 5161, 5164, 5163, 5162, 5161, 5158, 5159, 5160, 5183, 5092, 5090, 5090, 5088, 5089, 5089, 5041, 4883, 5041, 5038, 4883, 4883, 5038, 4892, 5038, 5037, 4892, 5037, 4894, 4892, 4894, 5036, 4893, 4893, 5035, 4896, 5036, 5035, 4893, 4896, 4998, 4897, 5035, 4998, 4896, 4998, 4898, 4897, 4998, 4997, 4898, 4997, 4891, 4898, 4997, 4931, 4891, 4891, 4931, 4912, 4931, 4930, 4912, 4912, 4926, 4911, 4930, 4926, 4912, 4926, 4910, 4911, 4926, 4928, 4910, 4928, 4907, 4910, 4928, 5476, 4907, 5476, 4906, 4907, 5476, 5443, 4906, 4906, 5443, 4903, 5443, 5410, 4903, 5410, 4895, 4903, 5410, 4902, 4895, 5410, 5409, 4902, 5409, 5404, 4902, 4902, 5406, 4901, 5404, 5406, 4902, 5406, 5407, 4901, 4901, 5407, 4900, 5407, 5408, 4900, 5408, 4899, 4900, 4899, 5371, 4888, 5371, 4887, 4888, 4887, 5320, 5318, 5275, 4876, 5279, 5275, 5276, 4876, 5276, 5481, 4876, 5481, 6940, 4876, 5481, 6649, 6940, 6649, 6650, 6940, 6649, 6647, 6650, 6647, 6652, 6650, 6647, 6651, 6652, 6651, 6580, 6652, 6580, 6656, 6652, 6580, 6579, 6656, 6579, 6653, 6656, 6579, 6575, 6653, 6653, 6575, 6654, 6575, 6574, 6654, 6654, 6574, 6655, 6574, 6483, 6655, 6483, 6482, 6655, 6483, 6481, 6482, 6482, 6481, 6480, 6481, 6479, 6480, 6479, 6478, 6480, 6479, 6476, 6478, 6476, 6477, 6478, 6476, 6474, 6477, 6474, 6948, 6477, 6474, 6472, 6948, 6948, 6472, 6949, 6472, 6470, 6949, 6470, 6471, 6949, 6949, 6471, 6950, 6471, 6937, 6950, 6950, 6937, 6951, 6937, 6946, 6951, 6937, 6750, 6946, 6750, 6751, 6946, 6946, 6751, 6947, 6751, 6933, 6947, 6947, 6933, 6945, 6933, 6934, 6945, 6934, 6830, 6945, 6945, 6830, 6944, 6944, 6830, 6943, 6830, 6831, 6943, 6831, 6926, 6943, 6943, 6926, 6942, 6926, 6939, 6942, 6926, 6925, 6939, 6925, 6924, 6939, 6925, 6923, 6924, 6923, 6922, 6924, 6923, 6917, 6922, 6922, 6920, 6941, 6917, 6920, 6922, 6920, 6921, 6941, 6920, 6919, 6921, 6919, 6095, 6921, 6095, 5841, 6080, 5491, 5173, 5174, 5174, 5172, 5164, 5173, 5172, 5174, 5172, 5163, 5164, 5159, 5122, 5183, 5122, 5092, 5183, 5090, 5091, 5088, 5088, 5086, 5089, 5086, 5041, 5089, 5041, 5040, 5038, 5038, 5039, 5037, 4894, 5037, 5036, 5037, 5034, 5036, 5034, 5035, 5036, 5035, 5000, 4998, 4998, 4995, 4997, 4995, 4996, 4997, 4996, 4931, 4997, 4996, 4932, 4931, 4932, 4930, 4931, 4929, 4926, 4930, 5476, 5477, 5443, 5443, 5442, 5410, 5442, 5411, 5410, 5411, 5409, 5410, 5404, 5405, 5406, 5405, 5407, 5406, 5373, 5408, 5407, 5408, 5373, 4899, 5373, 5372, 4899, 5372, 5371, 4899, 5371, 5320, 4887, 5318, 5315, 5319, 5315, 5313, 5319, 5312, 5314, 5313, 5312, 5278, 5314, 5314, 5278, 5279, 5278, 5275, 5279, 4927, 4928, 4926, 5475, 5476, 4928, 6647, 6586, 6651, 6586, 6585, 6651, 6585, 6580, 6651, 6585, 6581, 6580, 6581, 6578, 6580, 6578, 6579, 6580, 6578, 6576, 6579, 6576, 6575, 6579, 6576, 6573, 6575, 6575, 6573, 6574, 6573, 6572, 6574, 6572, 6483, 6574, 6483, 6657, 6481, 6657, 6568, 6481, 6568, 6567, 6481, 6481, 6567, 6479, 6479, 6486, 6476, 6566, 6486, 6479, 6486, 6484, 6476, 6473, 6472, 6474, 6473, 6469, 6472, 6469, 6470, 6472, 6469, 6467, 6470, 6470, 6467, 6471, 6471, 6703, 6937, 6703, 6706, 6937, 6706, 6750, 6937, 6706, 6747, 6750, 6751, 6749, 6933, 6749, 6932, 6933, 6932, 6934, 6933, 6932, 6931, 6934, 6934, 6931, 6830, 6931, 6828, 6830, 6830, 6829, 6831, 6828, 6829, 6830, 6829, 6833, 6831, 6833, 6926, 6831, 6916, 6917, 6923, 6917, 6918, 6920, 6918, 6919, 6920, 5661, 4905, 5660, 5826, 4807, 4913, 5172, 5162, 5163, 5162, 5157, 5161, 5161, 5157, 5160, 5157, 5158, 5160, 5124, 5159, 5158, 5124, 5122, 5159, 5092, 5091, 5090, 5087, 5088, 5091, 5087, 5086, 5088, 5038, 5040, 5039, 5039, 5195, 5037, 5195, 5034, 5037, 5034, 5000, 5035, 5412, 5409, 5411, 5409, 5403, 5404, 5375, 5373, 5407, 5375, 5374, 5373, 5374, 5372, 5373, 5371, 5321, 5320, 5321, 5317, 5320, 5320, 5317, 5318, 5317, 5315, 5318, 5315, 5311, 5313, 5311, 5312, 5313, 4924, 4927, 4926, 4920, 4928, 4927, 4920, 4923, 4928, 5481, 6648, 6649, 6648, 6647, 6649, 6577, 6573, 6576, 6567, 6566, 6479, 6467, 6705, 6471, 6705, 6703, 6471, 6705, 6702, 6703, 6747, 6748, 6750, 6748, 6751, 6750, 6748, 6749, 6751, 6930, 6828, 6931, 6834, 6926, 6833, 6926, 6916, 6925, 6834, 6916, 6926, 6916, 6923, 6925, 6095, 5842, 5841, 5487, 5173, 5491, 5165, 5156, 5162, 5156, 5157, 5162, 5157, 5155, 5158, 5158, 5155, 5124, 5155, 5125, 5124, 5125, 5123, 5124, 5124, 5123, 5122, 5123, 5121, 5122, 5092, 5093, 5091, 5091, 5093, 5087, 5093, 5189, 5087, 5189, 5085, 5087, 5085, 5086, 5087, 5085, 5042, 5086, 5042, 5041, 5086, 5042, 5040, 5041, 5045, 5192, 5040, 5192, 5039, 5040, 5193, 5195, 5039, 5193, 5031, 5195, 5034, 5033, 5000, 5405, 5377, 5407, 5377, 5375, 5407, 5374, 5368, 5372, 5368, 5370, 5372, 5372, 5370, 5371, 5370, 5325, 5371, 5371, 5325, 5321, 5325, 5323, 5321, 5323, 5322, 5321, 5321, 5322, 5317, 5322, 5316, 5317, 5316, 5315, 5317, 5316, 5311, 5315, 5316, 5309, 5311, 5309, 5310, 5311, 5311, 5310, 5312, 5310, 5282, 5312, 5282, 5280, 5312, 5280, 5278, 5312, 5280, 5277, 5278, 5275, 5270, 5276, 5270, 5481, 5276, 4933, 4930, 4932, 4933, 4929, 4930, 5475, 5474, 5476, 5474, 5441, 5476, 5476, 5441, 5477, 5441, 5443, 5477, 5441, 5442, 5443, 5441, 5440, 5442, 5440, 5411, 5442, 5440, 5412, 5411, 6647, 6587, 6586, 6657, 6569, 6568, 6569, 6567, 6568, 6473, 6468, 6469, 6468, 6467, 6469, 6701, 6711, 6467, 6467, 6711, 6705, 6711, 6938, 6705, 6938, 6702, 6705, 6702, 6704, 6703, 6704, 6706, 6703, 6704, 6745, 6706, 6745, 6747, 6706, 6747, 6746, 6748, 6746, 6739, 6748, 6748, 6739, 6749, 6739, 6736, 6749, 6736, 6737, 6749, 6737, 6932, 6749, 6737, 6753, 6932, 6932, 6753, 6931, 6753, 6930, 6931, 6753, 6754, 6930, 6754, 6828, 6930, 6754, 6826, 6828, 6826, 6827, 6828, 6827, 6829, 6828, 6827, 6833, 6829, 6827, 6832, 6833, 6832, 6834, 6833, 6834, 6861, 6916, 6055, 5835, 5836, 5172, 5165, 5162, 5095, 5094, 5092, 5092, 5094, 5093, 5192, 5193, 5039, 5193, 5194, 5031, 5031, 5032, 5195, 5195, 5032, 5034, 5032, 5033, 5034, 5033, 5001, 5000, 5001, 4999, 5000, 5000, 4999, 4998, 4999, 4990, 4998, 5403, 5402, 5404, 5402, 5405, 5404, 5405, 5378, 5377, 5377, 5376, 5375, 5376, 5367, 5375, 5367, 5374, 5375, 5277, 5275, 5278, 5270, 5484, 5481, 4990, 4993, 4998, 4998, 4993, 4995, 4995, 4994, 4996, 4993, 4994, 4995, 4994, 4934, 4996, 4934, 4932, 4996, 4934, 4933, 4932, 4925, 4926, 4929, 4925, 4924, 4926, 4924, 4920, 4927, 4923, 5218, 4928, 5218, 5475, 4928, 5218, 5471, 5475, 5471, 5474, 5475, 5414, 5413, 5412, 5413, 5403, 5412, 5403, 5409, 5412, 5484, 6648, 5481, 5484, 6643, 6648, 6643, 6644, 6648, 6644, 6647, 6648, 6644, 6589, 6647, 6589, 6587, 6647, 6586, 6584, 6585, 6587, 6584, 6586, 6584, 6581, 6585, 6581, 6582, 6578, 6582, 6577, 6578, 6577, 6576, 6578, 6577, 6571, 6573, 6571, 6572, 6573, 6572, 6571, 6483, 6483, 6569, 6657, 6571, 6569, 6483, 6570, 6567, 6569, 6486, 6485, 6484, 6485, 6461, 6484, 6484, 6461, 6476, 6461, 6474, 6476, 6461, 6475, 6474, 6474, 6475, 6473, 6475, 6468, 6473, 6863, 6919, 6918, 6863, 6905, 6919, 6905, 6095, 6919, 6905, 6096, 6095, 5836, 5837, 5856, 6096, 5842, 6095, 5487, 5171, 5173, 5171, 5172, 5173, 5156, 5155, 5157, 5122, 5095, 5092, 5084, 5042, 5085, 5378, 5376, 5377, 5367, 5368, 5374, 5325, 5324, 5323, 5323, 5324, 5322, 4934, 4935, 4933, 4933, 4925, 4929, 4925, 4919, 4924, 4924, 4919, 4920, 4919, 4917, 4920, 4920, 4921, 4923, 4917, 4921, 4920, 4921, 5216, 4923, 5216, 5218, 4923, 5471, 5472, 5474, 5437, 5440, 5441, 5414, 5412, 5440, 6589, 6588, 6587, 6583, 6581, 6584, 6581, 6583, 6582, 6628, 6627, 6577, 6627, 6571, 6577, 6571, 6561, 6569, 6561, 6570, 6569, 6570, 6565, 6567, 6565, 6566, 6567, 6565, 6487, 6566, 6566, 6487, 6486, 6487, 6485, 6486, 6475, 6464, 6468, 6464, 6467, 6468, 6464, 6465, 6467, 6465, 6701, 6467, 6711, 6708, 6938, 6708, 6702, 6938, 6702, 6707, 6704, 6708, 6707, 6702, 6745, 6746, 6747, 6835, 6834, 6832, 6835, 6861, 6834, 6917, 6863, 6918, 5171, 5165, 5172, 5097, 5095, 5122, 5188, 5085, 5189, 5188, 5083, 5085, 5083, 5084, 5085, 5042, 5043, 5040, 5043, 5045, 5040, 5191, 5193, 5192, 5032, 5003, 5033, 5003, 5001, 5033, 5405, 5380, 5378, 5368, 5369, 5370, 5369, 5329, 5370, 5326, 5324, 5325, 5324, 5452, 5322, 5452, 5454, 5322, 5454, 5316, 5322, 5454, 5308, 5316, 5308, 5309, 5316, 5283, 5282, 5310, 5277, 5269, 5275, 5268, 5269, 5277, 5269, 5270, 5275, 4937, 4934, 4994, 5474, 5438, 5441, 5438, 5437, 5441, 5436, 5414, 5440, 5413, 5401, 5403, 5401, 5402, 5403, 6587, 6588, 6584, 6588, 6638, 6584, 6638, 6583, 6584, 6583, 6637, 6582, 6637, 6577, 6582, 6637, 6628, 6577, 6627, 6560, 6571, 6560, 6561, 6571, 6561, 6564, 6570, 6564, 6565, 6570, 6487, 6460, 6485, 6460, 6461, 6485, 6460, 6457, 6461, 6461, 6462, 6475, 6457, 6462, 6461, 6462, 6464, 6475, 6701, 6710, 6711, 6710, 6709, 6711, 6709, 6708, 6711, 6707, 6745, 6704, 6734, 6737, 6736, 6734, 6738, 6737, 6738, 6752, 6737, 6752, 6753, 6737, 6752, 6754, 6753, 6823, 6826, 6754, 6838, 6832, 6827, 6835, 6837, 6861, 6861, 6862, 6916, 6862, 6917, 6916, 6862, 6863, 6917, 5166, 5154, 5156, 5154, 5155, 5156, 5155, 5126, 5125, 5123, 5119, 5121, 5121, 5120, 5122, 5120, 5097, 5122, 5096, 5094, 5095, 5031, 5029, 5032, 5402, 5381, 5405, 5381, 5380, 5405, 5380, 5379, 5378, 5378, 5379, 5376, 5379, 5366, 5376, 5376, 5366, 5367, 5365, 5368, 5367, 5365, 5369, 5368, 5370, 5329, 5325, 5329, 5326, 5325, 5326, 5327, 5324, 5282, 5281, 5280, 5219, 5471, 5218, 5470, 5472, 5471, 5472, 5438, 5474, 5414, 5415, 5413, 6644, 6590, 6589, 6590, 6588, 6589, 6590, 6591, 6588, 6629, 6627, 6628, 6626, 6560, 6627, 6560, 6559, 6561, 6564, 6490, 6565, 6490, 6487, 6565, 6490, 6488, 6487, 6488, 6460, 6487, 6465, 6466, 6701, 6466, 6710, 6701, 6864, 6905, 6863, 5154, 5126, 5155, 5126, 5123, 5125, 5182, 5119, 5123, 5119, 5120, 5121, 5096, 5093, 5094, 5093, 5185, 5189, 5185, 5188, 5189, 5044, 5045, 5043, 5044, 5046, 5045, 5045, 5046, 5192, 5046, 5191, 5192, 5191, 5025, 5193, 5025, 5194, 5193, 5029, 5003, 5032, 5309, 5283, 5310, 5283, 5281, 5282, 5001, 4988, 4999, 4988, 4990, 4999, 4990, 4991, 4993, 4993, 4937, 4994, 4937, 4936, 4934, 4934, 4936, 4935, 4935, 4925, 4933, 5219, 5470, 5471, 5436, 5440, 5437, 5436, 5416, 5414, 6591, 6638, 6588, 6638, 6636, 6583, 6636, 6637, 6583, 6637, 6629, 6628, 6554, 6560, 6626, 6554, 6558, 6560, 6558, 6559, 6560, 6559, 6562, 6561, 6561, 6562, 6564, 6457, 6463, 6462, 6462, 6463, 6464, 6463, 6465, 6464, 6463, 6466, 6465, 6708, 6709, 6707, 6709, 6743, 6707, 6707, 6743, 6745, 6745, 6743, 6746, 6743, 6739, 6746, 6743, 6744, 6739, 6744, 6733, 6739, 6733, 6736, 6739, 6733, 6734, 6736, 6752, 6823, 6754, 6823, 6825, 6826, 6825, 6827, 6826, 6825, 6838, 6827, 6832, 6838, 6835, 6859, 6861, 6837, 6859, 6862, 6861, 6862, 6864, 6863, 5165, 5166, 5156, 5097, 5096, 5095, 5096, 5184, 5093, 5084, 5081, 5042, 5081, 5044, 5042, 5044, 5043, 5042, 5025, 5031, 5194, 5324, 5327, 5452, 5452, 5453, 5454, 5281, 5277, 5280, 5281, 5268, 5277, 4991, 4937, 4993, 4935, 4915, 4925, 4915, 4919, 4925, 5438, 5435, 5437, 5437, 5435, 5436, 5434, 5416, 5436, 5416, 5415, 5414, 5400, 5413, 5415, 6592, 6591, 6590, 6591, 6593, 6638, 6593, 6636, 6638, 6630, 6629, 6637, 6630, 6624, 6629, 6624, 6627, 6629, 6624, 6625, 6627, 6625, 6626, 6627, 6558, 6557, 6559, 6562, 6563, 6564, 6563, 6490, 6564, 6488, 6489, 6460, 6489, 6456, 6460, 6456, 6457, 6460, 6457, 6459, 6463, 6458, 6459, 6457, 6738, 6823, 6752, 6838, 6836, 6835, 6836, 6837, 6835, 6836, 6859, 6837, 6859, 6866, 6862, 6864, 6904, 6905, 5487, 5175, 5171, 5175, 5168, 5171, 5168, 5165, 5171, 5126, 5127, 5123, 5184, 5185, 5093, 5185, 5187, 5188, 5188, 5187, 5083, 5083, 5081, 5084, 5044, 5047, 5046, 5023, 5025, 5191, 5003, 5002, 5001, 5379, 5364, 5366, 5366, 5365, 5367, 5365, 5350, 5369, 4936, 5200, 4935, 5200, 4915, 4935, 5472, 5473, 5438, 5435, 5434, 5436, 5400, 5401, 5413, 5401, 5383, 5402, 6593, 6634, 6636, 6636, 6630, 6637, 6625, 6554, 6626, 6559, 6500, 6562, 6500, 6563, 6562, 6490, 6489, 6488, 6456, 6458, 6457, 6459, 6699, 6463, 6463, 6700, 6466, 6699, 6700, 6463, 6700, 6710, 6466, 6700, 6712, 6710, 6712, 6713, 6710, 6710, 6722, 6709, 6713, 6722, 6710, 6722, 6936, 6709, 6936, 6743, 6709, 6740, 6730, 6743, 6743, 6730, 6744, 6730, 6733, 6744, 6730, 6731, 6733, 6731, 6734, 6733, 6731, 6735, 6734, 6735, 6755, 6734, 6755, 6738, 6734, 6755, 6821, 6738, 6821, 6823, 6738, 6823, 6824, 6825, 6824, 6839, 6825, 6839, 6838, 6825, 6840, 6857, 6838, 6857, 6836, 6838, 6836, 6858, 6859, 6858, 6860, 6859, 6860, 6866, 6859, 6866, 6867, 6862, 6862, 6867, 6864, 6902, 6904, 6864, 5490, 5175, 5487, 5168, 5167, 5165, 5167, 5166, 5165, 5167, 5153, 5166, 5153, 5154, 5166, 5153, 5126, 5154, 5128, 5127, 5126, 5127, 5182, 5123, 5082, 5081, 5083, 5047, 5049, 5046, 5049, 5191, 5046, 5049, 5023, 5191, 5025, 5030, 5031, 5381, 5379, 5380, 5381, 5363, 5379, 5350, 5330, 5369, 5369, 5330, 5329, 5455, 5451, 5327, 5451, 5452, 5327, 5002, 4988, 5001, 4939, 4937, 4991, 4938, 5200, 4936, 5216, 5217, 5218, 5217, 5219, 5218, 5473, 5439, 5438, 5439, 5435, 5438, 5439, 5433, 5435, 5433, 5434, 5435, 5434, 5418, 5416, 5416, 5417, 5415, 5400, 5383, 5401, 6643, 6642, 6644, 6642, 6590, 6644, 6642, 6645, 6590, 6645, 6592, 6590, 6592, 6593, 6591, 6592, 6594, 6593, 6594, 6634, 6593, 6631, 6624, 6630, 6624, 6623, 6625, 6554, 6556, 6558, 6556, 6557, 6558, 6500, 6493, 6563, 6563, 6493, 6490, 6659, 6456, 6489, 6697, 6459, 6458, 6823, 6822, 6824, 6839, 6840, 6838, 6905, 6100, 6096, 6100, 5842, 6096, 5098, 5096, 5097, 4986, 5002, 5003, 5363, 5364, 5379, 5329, 5328, 5326, 5453, 5308, 5454, 5270, 5485, 5484, 5002, 4987, 4988, 4988, 4989, 4990, 4989, 4991, 4990, 5200, 4914, 4915, 5417, 5400, 5415, 5485, 6643, 5484, 5485, 6641, 6643, 6641, 6642, 6643, 6493, 6492, 6490, 6492, 6491, 6490, 6490, 6491, 6489, 6491, 6660, 6489, 6660, 6659, 6489, 6936, 6742, 6743, 6742, 6740, 6743, 6755, 6820, 6821, 6821, 6822, 6823, 6857, 6858, 6836, 6860, 6865, 6866, 6904, 6906, 6905, 6906, 6100, 6905, 5153, 5130, 5126, 5130, 5128, 5126, 5128, 5129, 5127, 5127, 5181, 5182, 5072, 5184, 5096, 5187, 5082, 5083, 5030, 5029, 5031, 5029, 5004, 5003, 5004, 4986, 5003, 5330, 5328, 5329, 5326, 5328, 5327, 5453, 5303, 5308, 5308, 5307, 5309, 5309, 5307, 5283, 5285, 5268, 5281, 4915, 4917, 4919, 4917, 4922, 4921, 4922, 5216, 4921, 5470, 5473, 5472, 6634, 6630, 6636, 6631, 6622, 6624, 6622, 6623, 6624, 6555, 6557, 6556, 6555, 6502, 6557, 6557, 6501, 6559, 6502, 6501, 6557, 6501, 6500, 6559, 6696, 6458, 6456, 6696, 6697, 6458, 6697, 6698, 6459, 6698, 6699, 6459, 6726, 6731, 6730, 6820, 6822, 6821, 6818, 6839, 6824, 6851, 6860, 6858, 6868, 6865, 6860, 6865, 6867, 6866, 6867, 6902, 6864, 6100, 5845, 5842, 5152, 5130, 5153, 5098, 5099, 5096, 5184, 5073, 5185, 5048, 5047, 5044, 5365, 5366, 5364, 5350, 5331, 5330, 5328, 5455, 5327, 5451, 5450, 5452, 5301, 5303, 5453, 5303, 5307, 5308, 5307, 5284, 5283, 5284, 5281, 5283, 5268, 5267, 5269, 5267, 5270, 5269, 5267, 5271, 5270, 5271, 5485, 5270, 4989, 4992, 4991, 4992, 4939, 4991, 4937, 4938, 4936, 4914, 4916, 4915, 4916, 4917, 4915, 4922, 5217, 5216, 5418, 5417, 5416, 5399, 5383, 5400, 6632, 6631, 6630, 6632, 6622, 6631, 6623, 6554, 6625, 6554, 6555, 6556, 6500, 6494, 6493, 6698, 6689, 6699, 6689, 6700, 6699, 6689, 6712, 6700, 6712, 6714, 6713, 6714, 6722, 6713, 6714, 6935, 6722, 6722, 6742, 6936, 6722, 6724, 6742, 6724, 6740, 6742, 6724, 6741, 6740, 6741, 6730, 6740, 6741, 6726, 6730, 6726, 6732, 6731, 6732, 6735, 6731, 6735, 6819, 6755, 6819, 6820, 6755, 6820, 6818, 6822, 6822, 6818, 6824, 6818, 6841, 6839, 6841, 6840, 6839, 6902, 6906, 6904, 5167, 5151, 5153, 5151, 5152, 5153, 5072, 5073, 5184, 5078, 5082, 5187, 5081, 5050, 5044, 5050, 5048, 5044, 5023, 5024, 5025, 5024, 5026, 5025, 5027, 5029, 5030, 5364, 5362, 5365, 5331, 5328, 5330, 5450, 5453, 5452, 5301, 5302, 5303, 5306, 5284, 5307, 5284, 5285, 5281, 5285, 5266, 5268, 4986, 4987, 5002, 4938, 4940, 5200, 4922, 5220, 5217, 5217, 5220, 5219, 5220, 5469, 5219, 5219, 5469, 5470, 5468, 5473, 5470, 6642, 6646, 6645, 6646, 6595, 6645, 6645, 6595, 6592, 6595, 6594, 6592, 6634, 6633, 6630, 6633, 6632, 6630, 6632, 6621, 6622, 6621, 6620, 6622, 6620, 6623, 6622, 6620, 6553, 6623, 6553, 6554, 6623, 6505, 6555, 6554, 6501, 6495, 6500, 6495, 6494, 6500, 6689, 6715, 6712, 6715, 6714, 6712, 6729, 6732, 6726, 6820, 6815, 6818, 6841, 6855, 6840, 6840, 6856, 6857, 6856, 6858, 6857, 6865, 6872, 6867, 6872, 6902, 6867, 5168, 5169, 5167, 5169, 5151, 5167, 5130, 5129, 5128, 5181, 5119, 5182, 5025, 5027, 5030, 5026, 5027, 5025, 5303, 5306, 5307, 5266, 5267, 5268, 4987, 4984, 4988, 4939, 4938, 4937, 5419, 5418, 5434, 5383, 5382, 5381, 6494, 6492, 6493, 6659, 6694, 6456, 6694, 6696, 6456, 6722, 6723, 6724, 6724, 6725, 6741, 6741, 6725, 6726, 6725, 6727, 6726, 6727, 6729, 6726, 6732, 6813, 6735, 6735, 6813, 6819, 6813, 6814, 6819, 6819, 6814, 6820, 6815, 6816, 6818, 6818, 6817, 6841, 6816, 6817, 6818, 6817, 6855, 6841, 6851, 6868, 6860, 6903, 6906, 6902, 5490, 5176, 5175, 5176, 5168, 5175, 5176, 5170, 5168, 5170, 5169, 5168, 5152, 5131, 5130, 5131, 5129, 5130, 5101, 5097, 5120, 5099, 5072, 5096, 5073, 5186, 5185, 5186, 5187, 5185, 5186, 5078, 5187, 5078, 5081, 5082, 5020, 5049, 5047, 5028, 5029, 5027, 5028, 5004, 5029, 5363, 5362, 5364, 5362, 5351, 5365, 5351, 5350, 5365, 5331, 5332, 5328, 5302, 5304, 5303, 5304, 5306, 5303, 4947, 4989, 4988, 4992, 4946, 4939, 4939, 4940, 4938, 4941, 4940, 4939, 4916, 4918, 4917, 4917, 4918, 4922, 4918, 5214, 4922, 5214, 5220, 4922, 5469, 5468, 5470, 5468, 5439, 5473, 5432, 5433, 5439, 5432, 5431, 5433, 5433, 5431, 5434, 5431, 5419, 5434, 5419, 5417, 5418, 5444, 5400, 5417, 6635, 6634, 6594, 6553, 6505, 6554, 6555, 6504, 6502, 6502, 6495, 6501, 6499, 6491, 6492, 6499, 6670, 6491, 6670, 6660, 6491, 6670, 6659, 6660, 6697, 6688, 6698, 6688, 6689, 6698, 6718, 6935, 6714, 6935, 6720, 6722, 6718, 6720, 6935, 6720, 6723, 6722, 6814, 6815, 6820, 6855, 6856, 6840, 5489, 5176, 5490, 5151, 5131, 5152, 5131, 5132, 5129, 5129, 5132, 5127, 5080, 5050, 5081, 5048, 5020, 5047, 5049, 5021, 5023, 5021, 5022, 5023, 5334, 5449, 5455, 5455, 5449, 5451, 5450, 5300, 5453, 5300, 5301, 5453, 4940, 5201, 5200, 5201, 4914, 5200, 5201, 4916, 4914, 5419, 5420, 5417, 5444, 5399, 5400, 6505, 6504, 6555, 6504, 6503, 6502, 6502, 6503, 6495, 6495, 6492, 6494, 6495, 6496, 6492, 6496, 6499, 6492, 6670, 6671, 6659, 6659, 6671, 6694, 6694, 6697, 6696, 6694, 6688, 6697, 6688, 6687, 6689, 6729, 6809, 6732, 6809, 6813, 6732, 6814, 6811, 6815, 6868, 6869, 6865, 6901, 6903, 6902, 6907, 6100, 6906, 5101, 5098, 5097, 5074, 5186, 5073, 5078, 5080, 5081, 5079, 5080, 5078, 5022, 5024, 5023, 5028, 5006, 5004, 5382, 5363, 5381, 5359, 5362, 5363, 5359, 5360, 5362, 5449, 5450, 5451, 5284, 5286, 5285, 4946, 4941, 4939, 5199, 5201, 4940, 4916, 5213, 4918, 5431, 5421, 5419, 5398, 5383, 5399, 6596, 6594, 6595, 6633, 6618, 6632, 6632, 6618, 6621, 6618, 6619, 6621, 6553, 6552, 6505, 6496, 6661, 6499, 6499, 6669, 6670, 6661, 6669, 6499, 6669, 6671, 6670, 6671, 6693, 6694, 6715, 6718, 6714, 6723, 6725, 6724, 6809, 6810, 6813, 6813, 6810, 6814, 6811, 6812, 6815, 6812, 6816, 6815, 6812, 6817, 6816, 6856, 6851, 6858, 6870, 6868, 6851, 6872, 6901, 6902, 5169, 5149, 5151, 5149, 5131, 5151, 5131, 5133, 5132, 5132, 5117, 5127, 5127, 5117, 5181, 5117, 5119, 5181, 5351, 5348, 5350, 5349, 5331, 5350, 4986, 4984, 4987, 4984, 4947, 4988, 4989, 4946, 4992, 5420, 5429, 5417, 5417, 5429, 5444, 6646, 6596, 6595, 6597, 6635, 6594, 6619, 6620, 6621, 6497, 6495, 6503, 6497, 6496, 6495, 6694, 6695, 6688, 6720, 6759, 6723, 6759, 6725, 6723, 6728, 6727, 6725, 6727, 6756, 6729, 6756, 6809, 6729, 6869, 6872, 6865, 6907, 6099, 6100, 6099, 5845, 6100, 5170, 5149, 5169, 5149, 5150, 5131, 5150, 5134, 5131, 5134, 5133, 5131, 5135, 5117, 5132, 5080, 5051, 5050, 5050, 5019, 5048, 5051, 5019, 5050, 5048, 5019, 5020, 5022, 5013, 5024, 5382, 5359, 5363, 5360, 5361, 5362, 5361, 5352, 5362, 5352, 5351, 5362, 5348, 5349, 5350, 5333, 5332, 5331, 5332, 5334, 5328, 5334, 5455, 5328, 5448, 5449, 5334, 5304, 5305, 5306, 5305, 5284, 5306, 4985, 4984, 4986, 4942, 5199, 4940, 5213, 5214, 4918, 5214, 5215, 5220, 5466, 5439, 5468, 6613, 6634, 6635, 6551, 6620, 6619, 6620, 6551, 6553, 6551, 6552, 6553, 6506, 6505, 6552, 6506, 6497, 6505, 6505, 6497, 6504, 6504, 6497, 6503, 6497, 6498, 6496, 6669, 6673, 6671, 6673, 6693, 6671, 6693, 6695, 6694, 6695, 6685, 6688, 6687, 6715, 6689, 6717, 6718, 6715, 6717, 6719, 6718, 6719, 6720, 6718, 6719, 6721, 6720, 6721, 6759, 6720, 6759, 6757, 6725, 6757, 6728, 6725, 6728, 6756, 6727, 6810, 6811, 6814, 6812, 6842, 6817, 6817, 6850, 6855, 6850, 6856, 6855, 6850, 6851, 6856, 6870, 6871, 6868, 6871, 6869, 6868, 6871, 6872, 6869, 6871, 6873, 6872, 6903, 6907, 6906, 5133, 5135, 5132, 5072, 5071, 5073, 5071, 5074, 5073, 5075, 5078, 5186, 5349, 5333, 5331, 5286, 5458, 5285, 5458, 5266, 5285, 4941, 4942, 4940, 5201, 5212, 4916, 5467, 5468, 5469, 5444, 5398, 5399, 5384, 5382, 5383, 6641, 6600, 6642, 6642, 6599, 6646, 6600, 6599, 6642, 6599, 6596, 6646, 6633, 6614, 6618, 6498, 6661, 6496, 6498, 6665, 6661, 6665, 6667, 6661, 6667, 6669, 6661, 6667, 6668, 6669, 6672, 6673, 6669, 6685, 6687, 6688, 6687, 6717, 6715, 6721, 6758, 6759, 6758, 6757, 6759, 6872, 6873, 6901, 5119, 5118, 5120, 5120, 5102, 5101, 5118, 5102, 5120, 5077, 5079, 5078, 5006, 5005, 5004, 5293, 5302, 5301, 5004, 5005, 4986, 5005, 4985, 4986, 4947, 4946, 4989, 5212, 5213, 4916, 5213, 5210, 5214, 5210, 5215, 5214, 5215, 5469, 5220, 5467, 5466, 5468, 5439, 5430, 5432, 5430, 5431, 5432, 5430, 5421, 5431, 5398, 5397, 5383, 5397, 5384, 5383, 5485, 6639, 6641, 6639, 6600, 6641, 6596, 6597, 6594, 6613, 6633, 6634, 6613, 6614, 6633, 6551, 6549, 6552, 6507, 6497, 6506, 6507, 6508, 6497, 6668, 6672, 6669, 6690, 6695, 6693, 6690, 6685, 6695, 6757, 6788, 6728, 6792, 6809, 6756, 6807, 6842, 6812, 6842, 6850, 6817, 6901, 6907, 6903, 5488, 5176, 5489, 5075, 5186, 5074, 5075, 5077, 5078, 5020, 5021, 5049, 5333, 5334, 5332, 5449, 5298, 5450, 5287, 5284, 5305, 5271, 5483, 5485, 5211, 5464, 5469, 5464, 5467, 5469, 5421, 5420, 5419, 5483, 6639, 5485, 6614, 6617, 6618, 6618, 6616, 6619, 6616, 6551, 6619, 6549, 6506, 6552, 6508, 6512, 6497, 6497, 6512, 6498, 6672, 6674, 6673, 6673, 6692, 6693, 6674, 6692, 6673, 6692, 6690, 6693, 6691, 6685, 6690, 6691, 6684, 6685, 6719, 6763, 6721, 6721, 6761, 6758, 6763, 6761, 6721, 6791, 6792, 6756, 6792, 6810, 6809, 6810, 6806, 6811, 6806, 6812, 6811, 6806, 6807, 6812, 6842, 6849, 6850, 6873, 6899, 6901, 6899, 6907, 6901, 5149, 5148, 5150, 5148, 5134, 5150, 5101, 5100, 5098, 5100, 5099, 5098, 5071, 5075, 5074, 5077, 5052, 5079, 5079, 5052, 5080, 5052, 5051, 5080, 5026, 5012, 5027, 5012, 5028, 5027, 5385, 5359, 5382, 5335, 5448, 5334, 5448, 5298, 5449, 5298, 5300, 5450, 5298, 5299, 5300, 5299, 5301, 5300, 5292, 5302, 5293, 5292, 5304, 5302, 5287, 5286, 5284, 5266, 5264, 5267, 5264, 5271, 5267, 5211, 5469, 5215, 5466, 5430, 5439, 5421, 5422, 5420, 6617, 6616, 6618, 6616, 6550, 6551, 6550, 6549, 6551, 6507, 6509, 6508, 6508, 6509, 6512, 6665, 6666, 6667, 6666, 6668, 6667, 6666, 6677, 6668, 6677, 6675, 6668, 6675, 6672, 6668, 6686, 6716, 6687, 6716, 6717, 6687, 6717, 6762, 6719, 6728, 6788, 6756, 6788, 6791, 6756, 6792, 6806, 6810, 6844, 6849, 6842, 6851, 6852, 6870, 6852, 6871, 6870, 6908, 6099, 6907, 6908, 6098, 6099, 6098, 5845, 6099, 5134, 5135, 5133, 5118, 5119, 5117, 5102, 5100, 5101, 5018, 5021, 5020, 5024, 5012, 5026, 5007, 5005, 5006, 5349, 5347, 5333, 5333, 5335, 5334, 5335, 5337, 5448, 5299, 5293, 5301, 5264, 5272, 5271, 5272, 5483, 5271, 4984, 4948, 4947, 4941, 4943, 4942, 5430, 5423, 5421, 5422, 5429, 5420, 6506, 6510, 6507, 6512, 6663, 6498, 6663, 6665, 6498, 6675, 6674, 6672, 6685, 6686, 6687, 6787, 6788, 6757, 6805, 6806, 6792, 6805, 6808, 6806, 6806, 6808, 6807, 6808, 6843, 6807, 6843, 6842, 6807, 6843, 6844, 6842, 6850, 6853, 6851, 6851, 6853, 6852, 5176, 5177, 5170, 5177, 5147, 5170, 5147, 5149, 5170, 5147, 5148, 5149, 5116, 5117, 5135, 5099, 5070, 5072, 5070, 5071, 5072, 5071, 5076, 5075, 5075, 5055, 5077, 5052, 5019, 5051, 5019, 5018, 5020, 5017, 5018, 5019, 5021, 5014, 5022, 5014, 5013, 5022, 5013, 5012, 5024, 5352, 5348, 5351, 5347, 5336, 5333, 5336, 5335, 5333, 5304, 5292, 5305, 5292, 5287, 5305, 4947, 4945, 4946, 5199, 5207, 5201, 5201, 5207, 5212, 5212, 5208, 5213, 5210, 5211, 5215, 5464, 5466, 5467, 5466, 5428, 5430, 5429, 5396, 5444, 5444, 5396, 5398, 6615, 6616, 6617, 6616, 6548, 6550, 6549, 6513, 6506, 6513, 6510, 6506, 6510, 6509, 6507, 6510, 6511, 6509, 6511, 6512, 6509, 6663, 6664, 6665, 6675, 6676, 6674, 6684, 6686, 6685, 6716, 6762, 6717, 6762, 6763, 6719, 6758, 6787, 6757, 6789, 6790, 6788, 6788, 6790, 6791, 6845, 6849, 6844, 6848, 6850, 6849, 6848, 6853, 6850, 6871, 6874, 6873, 6852, 6874, 6871, 6899, 6908, 6907, 6098, 5846, 5845, 5488, 5177, 5176, 5028, 5008, 5006, 5008, 5007, 5006, 5361, 5354, 5352, 5448, 5297, 5298, 5287, 5288, 5286, 4983, 4984, 4985, 4945, 4941, 4946, 5465, 5428, 5466, 5423, 5422, 5421, 6599, 6598, 6596, 6596, 6598, 6597, 6548, 6549, 6550, 6682, 6692, 6674, 6692, 6683, 6690, 6683, 6691, 6690, 6686, 6767, 6716, 6767, 6765, 6716, 6765, 6764, 6716, 6764, 6762, 6716, 6787, 6789, 6788, 6791, 6793, 6792, 6793, 6805, 6792, 6843, 6845, 6844, 6898, 6899, 6873, 5148, 5136, 5134, 5136, 5116, 5134, 5134, 5116, 5135, 5076, 5055, 5075, 5077, 5055, 5052, 5052, 5053, 5019, 5053, 5017, 5019, 5018, 5014, 5021, 5012, 5010, 5028, 5010, 5008, 5028, 5384, 5385, 5382, 5352, 5353, 5348, 5348, 5347, 5349, 5336, 5337, 5335, 5293, 5291, 5292, 5288, 5265, 5286, 5265, 5458, 5286, 5265, 5266, 5458, 5265, 5264, 5266, 5005, 4982, 4985, 5007, 4982, 5005, 4982, 4983, 4985, 4983, 4950, 4984, 4984, 4950, 4948, 4943, 5199, 4942, 5209, 5211, 5210, 5464, 5465, 5466, 5428, 5423, 5430, 5396, 5397, 5398, 6597, 6611, 6635, 6611, 6613, 6635, 6613, 6612, 6614, 6614, 6615, 6617, 6615, 6548, 6616, 6664, 6666, 6665, 6682, 6683, 6692, 6763, 6760, 6761, 6760, 6758, 6761, 6760, 6782, 6758, 6782, 6787, 6758, 6787, 6798, 6789, 6791, 6795, 6793, 6793, 6804, 6805, 6848, 6849, 6845, 6874, 6898, 6873, 5147, 5137, 5148, 5137, 5136, 5148, 5115, 5117, 5116, 5117, 5115, 5118, 5354, 5353, 5352, 5291, 5289, 5292, 5289, 5287, 5292, 5289, 5288, 5287, 5457, 5265, 5288, 4948, 4945, 4947, 5202, 5199, 4943, 5202, 5207, 5199, 5207, 5208, 5212, 5208, 5210, 5213, 5209, 5221, 5211, 5221, 5464, 5211, 5428, 5424, 5423, 5424, 5422, 5423, 5394, 5429, 5422, 5397, 5387, 5384, 6600, 6598, 6599, 6598, 6611, 6597, 6611, 6612, 6613, 6612, 6615, 6614, 6548, 6513, 6549, 6514, 6510, 6513, 6511, 6663, 6512, 6662, 6664, 6663, 6664, 6677, 6666, 6676, 6682, 6674, 6683, 6771, 6691, 6764, 6779, 6762, 6762, 6760, 6763, 6784, 6798, 6787, 6790, 6795, 6791, 6808, 6927, 6843, 6915, 6853, 6848, 6853, 6854, 6852, 5146, 5147, 5177, 5146, 5137, 5147, 5113, 5114, 5116, 5115, 5103, 5118, 5103, 5102, 5118, 5100, 5070, 5099, 5071, 5066, 5076, 5055, 5054, 5052, 5384, 5386, 5385, 5299, 5294, 5293, 4944, 4941, 4945, 5202, 5206, 5207, 5206, 5208, 5207, 5208, 5209, 5210, 5428, 5426, 5424, 5394, 5395, 5429, 5395, 5396, 5429, 6601, 6611, 6598, 6609, 6610, 6611, 6610, 6612, 6611, 6545, 6548, 6615, 6514, 6515, 6510, 6510, 6515, 6511, 6515, 6663, 6511, 6515, 6662, 6663, 6681, 6683, 6682, 6771, 6684, 6691, 6769, 6686, 6684, 6782, 6784, 6787, 6882, 6808, 6805, 6846, 6845, 6843, 6875, 6898, 6874, 6898, 6900, 6899, 6900, 6908, 6899, 6908, 6094, 6098, 6094, 5846, 6098, 5488, 5146, 5177, 5482, 5146, 5488, 5137, 5116, 5136, 5114, 5115, 5116, 5103, 5100, 5102, 5387, 5386, 5384, 5359, 5355, 5360, 5355, 5361, 5360, 5346, 5348, 5353, 5336, 5338, 5337, 5337, 5297, 5448, 5297, 5294, 5298, 5294, 5299, 5298, 5294, 5291, 5293, 5288, 5456, 5457, 5457, 5263, 5265, 5263, 5264, 5265, 5272, 5273, 5483, 5206, 5204, 5208, 5209, 5222, 5221, 5221, 5463, 5464, 5463, 5465, 5464, 5463, 5428, 5465, 5463, 5427, 5428, 5427, 5426, 5428, 5424, 5394, 5422, 5273, 6639, 5483, 6639, 6606, 6600, 6601, 6609, 6611, 6610, 6543, 6612, 6543, 6545, 6612, 6545, 6615, 6612, 6545, 6546, 6548, 6546, 6513, 6548, 6513, 6516, 6514, 6676, 6681, 6682, 6769, 6766, 6686, 6766, 6767, 6686, 6766, 6765, 6767, 6779, 6760, 6762, 6795, 6804, 6793, 6927, 6846, 6843, 6852, 6875, 6874, 6900, 6896, 6908, 6896, 6094, 6908, 5146, 5143, 5137, 5069, 5070, 5100, 5069, 5067, 5070, 5067, 5071, 5070, 5067, 5066, 5071, 5066, 5055, 5076, 5056, 5054, 5055, 5052, 5054, 5053, 5054, 5059, 5053, 5059, 5017, 5053, 5018, 5015, 5014, 5017, 5015, 5018, 5014, 5011, 5013, 5013, 5011, 5012, 5012, 5011, 5010, 5010, 5009, 5008, 5011, 5009, 5010, 5009, 5007, 5008, 5009, 4978, 5007, 5007, 4978, 4982, 4978, 4981, 4982, 5346, 5347, 5348, 5347, 5345, 5336, 5345, 5339, 5336, 5339, 5338, 5336, 5338, 5297, 5337, 4982, 4981, 4983, 4950, 4949, 4948, 4948, 4949, 4945, 4945, 4949, 4944, 4941, 4944, 4943, 4944, 5198, 4943, 4943, 5198, 5202, 5198, 5206, 5202, 5204, 5209, 5208, 5462, 5221, 5222, 5462, 5463, 5221, 5427, 5425, 5426, 5426, 5425, 5424, 5425, 5394, 5424, 5395, 5388, 5396, 5396, 5388, 5397, 5388, 5387, 5397, 6600, 6601, 6598, 6544, 6546, 6545, 6517, 6658, 6515, 6658, 6662, 6515, 6681, 6771, 6683, 6771, 6769, 6684, 6794, 6795, 6790, 6795, 6803, 6804, 6803, 6805, 6804, 6803, 6882, 6805, 6808, 6882, 6927, 6846, 6847, 6845, 6847, 6848, 6845, 6847, 6915, 6848, 6915, 6876, 6853, 6876, 6854, 6853, 6854, 6875, 6852, 5143, 5139, 5137, 5137, 5138, 5116, 5139, 5138, 5137, 5138, 5113, 5116, 5114, 5105, 5115, 5105, 5103, 5115, 5103, 5104, 5100, 5104, 5069, 5100, 5056, 5055, 5066, 5015, 5011, 5014, 5386, 5358, 5385, 5385, 5358, 5359, 5358, 5355, 5359, 5361, 5355, 5354, 5346, 5345, 5347, 5339, 5340, 5338, 5338, 5296, 5297, 5296, 5294, 5297, 5294, 5295, 5291, 5296, 5295, 5294, 5295, 5253, 5291, 5253, 5289, 5291, 5253, 5290, 5289, 5289, 5290, 5288, 5290, 5456, 5288, 5456, 5258, 5457, 5457, 5258, 5263, 4981, 4950, 4983, 4981, 4951, 4950, 4951, 4949, 4950, 4949, 5196, 4944, 5196, 5198, 4944, 5197, 5206, 5198, 5206, 5203, 5204, 5204, 5223, 5209, 5209, 5223, 5222, 5273, 6640, 6639, 6640, 6606, 6639, 6609, 6542, 6610, 6546, 6547, 6513, 6547, 6516, 6513, 6516, 6515, 6514, 6516, 6517, 6515, 6662, 6678, 6664, 6658, 6678, 6662, 6678, 6677, 6664, 6677, 6678, 6675, 6675, 6680, 6676, 6678, 6680, 6675, 6680, 6681, 6676, 6771, 6768, 6769, 6768, 6766, 6769, 6768, 6777, 6766, 6777, 6765, 6766, 6779, 6781, 6760, 6781, 6782, 6760, 6781, 6783, 6782, 6783, 6784, 6782, 6784, 6797, 6798, 6789, 6794, 6790, 6794, 6796, 6795, 6796, 6803, 6795, 6803, 6883, 6882, 6882, 6846, 6927, 6847, 6880, 6915, 6915, 6880, 6876, 6876, 6890, 6854, 6890, 6875, 6854, 6875, 6893, 6898, 5144, 5143, 5146, 5144, 5142, 5143, 5142, 5139, 5143, 5113, 5112, 5114, 5114, 5112, 5105, 5105, 5104, 5103, 5068, 5067, 5069, 5011, 4975, 5009, 4975, 4976, 5009, 4976, 4978, 5009, 4978, 4979, 4981, 4979, 4980, 4981, 5355, 5353, 5354, 5353, 5344, 5346, 5344, 5345, 5346, 5344, 5343, 5345, 5343, 5339, 5345, 5342, 5296, 5338, 5263, 5261, 5264, 5261, 5272, 5264, 4951, 4952, 4949, 4952, 5196, 4949, 5196, 5197, 5198, 5197, 5203, 5206, 5203, 5205, 5204, 5205, 5223, 5204, 5223, 5462, 5222, 5223, 5460, 5462, 5462, 5461, 5463, 5460, 5461, 5462, 5463, 5445, 5427, 5461, 5445, 5463, 5445, 5425, 5427, 5445, 5393, 5425, 5393, 5394, 5425, 5388, 5386, 5387, 5389, 5386, 5388, 6608, 6542, 6609, 6544, 6545, 6543, 6547, 6518, 6516, 6534, 6678, 6658, 6534, 6680, 6678, 6765, 6778, 6764, 6778, 6779, 6764, 6779, 6780, 6781, 6783, 6786, 6784, 6786, 6797, 6784, 6797, 6794, 6798, 6794, 6789, 6798, 6796, 6802, 6803, 6802, 6801, 6803, 6801, 6883, 6803, 6882, 6881, 6846, 6881, 6847, 6846, 6880, 6877, 6876, 6890, 6893, 6875, 6893, 6894, 6898, 6894, 6896, 6898, 6898, 6896, 6900, 6094, 5848, 5846, 5482, 5178, 5146, 5178, 5144, 5146, 5138, 5111, 5113, 5139, 5111, 5138, 5111, 5112, 5113, 5067, 5065, 5066, 5059, 5058, 5017, 5058, 5016, 5017, 5016, 5015, 5017, 5016, 5011, 5015, 5016, 4974, 5011, 4974, 4975, 5011, 5340, 5342, 5338, 5290, 5256, 5456, 5260, 5263, 5258, 5197, 5224, 5203, 5393, 5391, 5394, 5394, 5391, 5395, 5395, 5391, 5388, 5391, 5389, 5388, 6610, 6542, 6543, 6517, 6534, 6658, 6879, 6880, 6847, 6879, 6877, 6880, 6877, 6878, 6876, 6878, 6890, 6876, 5111, 5109, 5112, 5109, 5106, 5112, 5112, 5106, 5105, 5106, 5104, 5105, 5104, 5068, 5069, 5068, 5065, 5067, 5065, 5062, 5066, 5062, 5060, 5066, 5066, 5060, 5056, 5060, 5057, 5056, 5057, 5054, 5056, 5054, 5058, 5059, 5057, 5058, 5054, 4977, 4978, 4976, 4977, 4979, 4978, 4980, 4951, 4981, 5393, 5392, 5391, 5392, 5390, 5391, 5390, 5389, 5391, 5386, 5357, 5358, 5357, 5355, 5358, 5357, 5356, 5355, 5356, 5353, 5355, 5353, 5356, 5344, 5343, 5341, 5339, 5341, 5340, 5339, 5342, 5250, 5296, 5250, 5251, 5296, 5251, 5295, 5296, 5251, 5253, 5295, 5253, 5254, 5290, 5254, 5256, 5290, 5256, 5258, 5456, 5260, 5261, 5263, 5261, 5273, 5272, 5224, 5205, 5203, 5205, 5227, 5223, 5227, 5460, 5223, 6606, 6602, 6600, 6602, 6601, 6600, 6602, 6603, 6601, 6603, 6609, 6601, 6603, 6608, 6609, 6542, 6539, 6543, 6539, 6544, 6543, 6544, 6535, 6546, 6535, 6547, 6546, 6518, 6517, 6516, 6679, 6681, 6680, 6679, 6771, 6681, 6679, 6770, 6771, 6770, 6768, 6771, 6777, 6778, 6765, 6778, 6780, 6779, 6780, 6785, 6781, 6781, 6785, 6783, 6785, 6786, 6783, 6894, 6895, 6896, 5482, 5179, 5178, 5486, 5179, 5482, 5179, 5144, 5178, 5179, 5145, 5144, 5145, 5142, 5144, 5110, 5109, 5111, 5108, 5068, 5104, 5062, 5061, 5060, 5060, 5061, 5057, 4973, 4974, 5016, 4973, 4971, 4974, 4974, 4971, 4975, 4971, 4976, 4975, 4971, 4977, 4976, 4977, 4967, 4979, 4967, 4980, 4979, 4967, 4954, 4980, 4980, 4954, 4951, 4954, 4953, 4951, 4954, 4955, 4953, 4955, 4952, 4953, 4955, 4961, 4952, 4961, 4965, 4952, 4961, 4962, 4965, 5446, 5239, 5393, 5239, 5240, 5393, 5393, 5240, 5392, 5390, 5242, 5389, 5389, 5242, 5386, 5242, 5357, 5386, 5356, 5245, 5344, 5245, 5343, 5344, 5245, 5341, 5343, 5248, 5340, 5341, 5340, 5248, 5342, 5248, 5250, 5342, 5251, 5252, 5253, 5252, 5254, 5253, 5254, 5255, 5256, 5259, 5260, 5258, 4965, 5197, 5196, 4965, 4964, 5197, 4964, 5224, 5197, 4964, 5226, 5224, 5224, 5226, 5205, 5226, 5227, 5205, 5460, 5459, 5461, 5227, 5459, 5460, 5459, 5231, 5461, 5461, 5231, 5445, 5231, 5446, 5445, 5446, 5393, 5445, 5274, 6640, 5273, 6607, 6608, 6603, 6608, 6541, 6542, 6607, 6541, 6608, 6541, 6539, 6542, 6539, 6537, 6544, 6537, 6535, 6544, 6535, 6518, 6547, 6518, 6519, 6517, 6519, 6534, 6517, 6519, 6522, 6534, 6522, 6523, 6534, 6523, 6680, 6534, 6523, 6679, 6680, 6770, 6777, 6768, 6776, 6778, 6777, 6778, 6772, 6780, 6776, 6772, 6778, 6772, 6785, 6780, 6797, 6929, 6794, 6794, 6800, 6796, 6929, 6800, 6794, 6800, 6802, 6796, 6800, 6801, 6802, 6801, 6884, 6883, 6883, 6884, 6882, 6884, 6887, 6882, 6887, 6881, 6882, 6887, 6847, 6881, 6847, 6887, 6879, 6887, 6888, 6879, 6879, 6888, 6877, 6877, 6888, 6878, 6888, 6890, 6878, 6888, 6891, 6890, 6891, 6892, 6890, 6892, 6893, 6890, 6892, 6894, 6893, 6892, 6909, 6894, 6909, 6895, 6894, 6895, 6897, 6896, 6897, 6094, 6896, 5145, 5141, 5142, 5141, 5139, 5142, 5141, 5140, 5139, 5139, 5140, 5111, 5140, 5110, 5111, 5109, 5107, 5106, 5110, 5107, 5109, 5107, 5104, 5106, 5107, 5108, 5104, 5068, 5063, 5065, 5108, 5063, 5068, 5063, 5062, 5065, 5063, 5061, 5062, 5061, 5064, 5057, 5057, 5064, 5058, 5064, 5016, 5058, 4972, 4971, 4973, 4971, 4969, 4977, 4977, 4969, 4967, 4967, 4966, 4954, 4956, 4955, 4954, 5225, 5226, 4964, 5226, 5228, 5227, 5229, 5231, 5459, 5231, 5447, 5446, 5447, 5239, 5446, 5240, 5241, 5392, 5392, 5241, 5390, 5241, 5242, 5390, 5242, 5243, 5357, 5357, 5243, 5356, 5243, 5245, 5356, 5246, 5341, 5245, 5246, 5248, 5341, 5248, 5249, 5250, 5249, 5251, 5250, 5252, 5255, 5254, 5255, 5257, 5256, 5257, 5258, 5256, 5257, 5259, 5258, 5259, 5261, 5260, 6603, 6604, 6607, 6602, 6604, 6603, 6604, 6541, 6607, 6539, 6538, 6537, 6537, 6536, 6535, 6536, 6527, 6535, 6535, 6527, 6518, 6527, 6520, 6518, 6520, 6519, 6518, 6520, 6521, 6519, 6519, 6521, 6522, 6521, 6523, 6522, 6521, 6524, 6523, 6524, 6528, 6523, 6528, 6679, 6523, 6528, 6770, 6679, 6528, 6530, 6770, 6530, 6777, 6770, 6777, 6530, 6776, 6530, 6532, 6776, 6776, 6532, 6772, 6773, 6785, 6772, 6773, 6786, 6785, 6773, 6797, 6786, 6929, 6799, 6800, 6799, 6801, 6800, 6799, 6884, 6801, 6884, 6889, 6887, 6887, 6889, 6888, 6889, 6913, 6888, 6888, 6913, 6891, 6891, 6909, 6892, 6897, 6097, 6094, 6097, 5848, 6094, 2330, 5179, 5486, 2330, 5180, 5179, 5180, 5145, 5179, 5063, 5064, 5061, 5064, 5190, 5016, 5016, 5190, 4973, 5190, 4972, 4973, 4972, 4970, 4971, 4971, 4970, 4969, 4970, 4968, 4969, 4969, 4968, 4967, 4968, 4966, 4967, 4966, 4956, 4954, 4956, 4957, 4955, 4957, 4959, 4955, 4959, 4961, 4955, 4961, 4959, 4962, 4959, 4963, 4962, 4962, 4963, 4964, 4964, 4963, 5225, 5225, 5479, 5226, 5226, 5479, 5228, 5479, 5478, 5228, 5228, 5478, 5229, 5478, 5230, 5229, 5229, 5230, 5231, 5230, 5232, 5231, 5232, 5447, 5231, 5232, 5239, 5447, 5232, 5235, 5239, 5235, 5236, 5239, 5236, 5240, 5239, 5236, 5241, 5240, 5236, 5238, 5241, 5241, 5238, 5242, 5238, 2314, 5242, 5242, 2314, 5243, 2314, 5244, 5243, 5244, 5245, 5243, 5244, 5246, 5245, 5244, 5247, 5246, 5247, 5248, 5246, 5247, 5249, 5248, 5251, 5249, 5252, 5259, 5262, 5261, 5261, 5262, 5273, 5262, 5274, 5273, 6606, 6605, 6602, 6605, 6604, 6602, 6540, 6541, 6604, 6540, 6539, 6541, 6540, 6538, 6539, 6538, 6536, 6537, 6527, 6526, 6520, 6526, 6521, 6520, 6526, 6525, 6521, 6521, 6525, 6524, 6525, 6528, 6524, 6525, 6529, 6528, 6529, 6530, 6528, 6529, 6531, 6530, 6531, 6532, 6530, 6531, 6533, 6532, 6532, 6533, 6772, 6772, 6533, 6773, 6533, 6774, 6773, 6774, 6775, 6773, 6775, 6797, 6773, 6775, 6929, 6797, 6775, 6799, 6929, 6775, 6928, 6799, 6928, 6885, 6799, 6885, 6884, 6799, 6885, 6886, 6884, 6886, 6889, 6884, 6886, 6914, 6889, 6914, 6913, 6889, 6914, 6912, 6913, 6912, 6891, 6913, 6912, 6909, 6891, 6909, 6910, 6895, 6910, 6911, 6895, 6911, 6897, 6895, 6097, 2245, 5848, 2330, 2276, 5180, 2276, 5145, 5180, 5145, 2276, 5141, 2276, 2279, 5141, 2279, 5140, 5141, 2279, 5110, 5140, 2279, 2280, 5110, 2280, 5107, 5110, 2280, 2306, 5107, 5107, 2306, 5108, 2306, 2305, 5108, 5108, 2305, 5063, 2305, 2317, 5063, 2317, 5064, 5063, 2317, 2324, 5064, 2324, 5190, 5064, 2324, 4972, 5190, 2324, 2329, 4972, 4972, 2329, 4970, 2329, 4968, 4970, 2329, 2331, 4968, 2331, 4966, 4968, 2331, 4958, 4966, 4958, 4956, 4966, 4958, 4957, 4956, 4957, 4960, 4959, 4959, 4960, 4963, 4960, 5480, 4963, 5480, 5225, 4963, 5480, 5479, 5225, 5230, 5233, 5232, 5233, 5234, 5232, 5232, 5234, 5235, 5235, 5234, 5236, 5234, 5237, 5236, 5237, 2318, 5236, 5236, 2318, 5238, 5238, 2318, 2314, 2314, 2294, 5244, 2294, 2278, 5244, 5244, 2278, 5247, 5247, 2278, 5249, 2278, 2273, 5249, 2273, 2272, 5249, 5249, 2272, 5252, 2272, 2268, 5252, 5252, 2268, 5255, 2268, 5257, 5255, 2268, 2269, 5257, 5257, 2269, 5259, 5259, 2267, 5262, 2269, 2267, 5259, 2267, 5274, 5262, 2267, 6640, 5274, 2267, 6606, 6640, 2267, 2266, 6606, 6606, 2266, 6605, 2266, 2254, 6605, 6605, 2254, 6604, 2254, 6540, 6604, 2254, 2253, 6540, 6540, 2253, 6538, 2253, 2251, 6538, 6538, 2250, 6536, 2251, 2250, 6538, 2250, 6527, 6536, 2250, 2249, 6527, 2249, 2248, 6527, 2248, 6526, 6527, 6526, 2248, 6525, 2248, 2247, 6525, 2247, 2252, 6525, 6525, 2252, 6529, 2252, 2237, 6529, 2237, 6531, 6529, 2237, 2238, 6531, 6531, 2238, 6533, 2238, 2236, 6533, 2236, 6774, 6533, 2236, 2046, 6774, 6774, 2046, 6775, 2046, 2242, 6775, 2242, 2241, 6775, 2241, 6928, 6775, 2241, 2240, 6928, 2240, 2239, 6928, 2239, 6885, 6928, 6885, 2239, 6886, 2239, 2040, 6886, 6886, 2040, 6914, 2040, 2039, 6914, 2039, 2038, 6914, 2038, 2037, 6914, 2037, 6912, 6914, 2037, 2036, 6912, 6912, 2036, 6909, 2036, 2243, 6909, 2243, 6910, 6909, 2243, 2244, 6910, 2244, 6911, 6910, 2244, 6897, 6911, 6897, 2245, 6097, 2244, 2245, 6897, 2256, 2326, 5686, 2330, 1826, 2276, 1825, 1826, 2330, 1826, 1815, 2276, 2276, 1813, 2279, 1815, 1813, 2276, 2279, 1813, 2280, 1813, 1808, 2280, 2280, 1808, 2306, 1808, 1809, 2306, 1809, 1810, 2306, 1810, 2305, 2306, 1810, 1812, 2305, 1812, 1668, 2305, 2305, 1668, 2317, 2317, 1667, 2324, 1668, 1667, 2317, 1667, 1665, 2324, 2324, 1665, 2329, 1665, 2270, 2329, 1664, 2270, 1665, 1664, 1661, 2270, 2270, 2331, 2329, 1661, 1662, 2270, 2270, 2271, 2331, 2270, 1662, 2271, 1662, 1579, 2271, 2331, 2271, 4958, 1579, 1845, 2271, 2271, 2308, 4958, 2271, 1845, 2308, 4958, 2308, 4957, 1845, 1846, 2308, 4957, 2292, 4960, 2308, 2292, 4957, 1846, 2292, 2308, 1846, 1847, 2292, 1847, 2212, 2292, 4960, 2292, 5480, 2292, 2293, 5480, 2212, 2293, 2292, 2212, 2211, 2293, 5480, 2293, 5479, 2293, 2325, 5479, 2293, 2211, 2325, 2211, 2207, 2325, 2325, 5478, 5479, 2325, 2328, 5478, 2325, 2207, 2328, 5478, 2328, 5230, 2207, 2216, 2328, 2328, 5233, 5230, 2328, 2327, 5233, 2216, 2327, 2328, 2216, 2215, 2327, 5233, 2327, 5234, 2327, 2323, 5234, 2327, 2215, 2323, 2215, 103, 2323, 5234, 2323, 5237, 2323, 2307, 5237, 103, 2307, 2323, 103, 105, 2307, 2307, 2318, 5237, 105, 106, 2307, 2307, 2255, 2318, 2307, 106, 2255, 2255, 2079, 2318, 2079, 2314, 2318, 2314, 2079, 2294, 2079, 2077, 2294, 2077, 178, 2294, 178, 2278, 2294, 178, 179, 2278, 179, 2075, 2278, 2075, 2273, 2278, 2075, 2218, 2273, 2273, 2218, 2272, 2218, 2217, 2272, 2217, 2268, 2272, 2217, 2210, 2268, 2210, 2269, 2268, 2210, 2063, 2269, 2269, 2063, 2267, 1814, 1813, 1815, 2255, 106, 107, 107, 155, 2255, 155, 2079, 2255, 155, 156, 2079, 156, 2078, 2079, 2078, 2077, 2079, 178, 177, 179, 2074, 2218, 2075, 2218, 675, 2217, 2074, 675, 2218, 675, 677, 2217, 677, 2210, 2217, 677, 2066, 2210, 2066, 2062, 2210, 2210, 2062, 2063, 2062, 2061, 2063, 2061, 2267, 2063, 2061, 2266, 2267, 1814, 1805, 1813, 1805, 1806, 1813, 1806, 1808, 1813, 1806, 1807, 1808, 1807, 1809, 1808, 1807, 1810, 1809, 1807, 1811, 1810, 1811, 1812, 1810, 1657, 1664, 1665, 1660, 1661, 1664, 1660, 1659, 1661, 156, 2076, 2078, 2078, 2076, 2077, 2076, 176, 2077, 2077, 176, 178, 179, 180, 2075, 2075, 180, 2074, 2073, 675, 2074, 1816, 1803, 1814, 1814, 1803, 1805, 1805, 1804, 1806, 1803, 1804, 1805, 1811, 1669, 1812, 1812, 1669, 1668, 1669, 1654, 1668, 1654, 1666, 1668, 1666, 1667, 1668, 1667, 1666, 1665, 1666, 1657, 1665, 1657, 1660, 1664, 104, 108, 107, 108, 153, 107, 107, 153, 155, 153, 154, 155, 154, 156, 155, 154, 145, 156, 145, 158, 156, 158, 159, 156, 156, 159, 2076, 176, 177, 178, 177, 174, 179, 179, 174, 180, 180, 2073, 2074, 2073, 674, 675, 674, 676, 675, 676, 677, 675, 676, 679, 677, 679, 2066, 677, 725, 2061, 2062, 1804, 1807, 1806, 1804, 1673, 1807, 1673, 1671, 1807, 1671, 1811, 1807, 1671, 1669, 1811, 1654, 1655, 1666, 1655, 1657, 1666, 1658, 1660, 1657, 2080, 153, 108, 159, 176, 2076, 159, 172, 176, 176, 173, 177, 2061, 2254, 2266, 1816, 1802, 1803, 1655, 1656, 1657, 1658, 1659, 1660, 153, 152, 154, 2080, 152, 153, 172, 173, 176, 2073, 673, 674, 725, 2060, 2061, 2060, 2254, 2061, 1655, 1620, 1656, 1656, 1658, 1657, 108, 151, 2080, 152, 145, 154, 145, 157, 158, 157, 159, 158, 170, 172, 159, 172, 171, 173, 173, 174, 177, 174, 175, 180, 175, 671, 180, 671, 2073, 180, 671, 673, 2073, 674, 678, 676, 2066, 724, 2062, 724, 725, 2062, 1800, 1802, 1816, 1673, 1672, 1671, 1671, 1670, 1669, 1670, 1654, 1669, 1658, 1590, 1659, 1659, 1590, 1585, 167, 175, 174, 673, 672, 674, 672, 678, 674, 678, 679, 676, 679, 724, 2066, 1671, 1672, 1670, 1670, 1652, 1654, 1652, 1653, 1654, 1654, 1653, 1655, 1653, 1620, 1655, 1620, 1619, 1656, 1619, 1658, 1656, 1619, 1590, 1658, 94, 151, 108, 151, 152, 2080, 143, 145, 152, 157, 170, 159, 170, 171, 172, 173, 167, 174, 171, 167, 173, 169, 671, 175, 169, 670, 671, 670, 672, 671, 672, 673, 671, 678, 680, 679, 1804, 1674, 1673, 1674, 1672, 1673, 1839, 1670, 1672, 1839, 1652, 1670, 1587, 1585, 1590, 78, 151, 94, 151, 150, 152, 145, 144, 157, 143, 144, 145, 157, 162, 170, 144, 162, 157, 167, 169, 175, 682, 678, 672, 680, 691, 679, 691, 724, 679, 1802, 1773, 1803, 1674, 1804, 1803, 1677, 1839, 1672, 1623, 1653, 1652, 1621, 1620, 1653, 1620, 1615, 1619, 1615, 1591, 1619, 1591, 1590, 1619, 1591, 1589, 1590, 1589, 1587, 1590, 78, 149, 151, 149, 150, 151, 150, 143, 152, 170, 164, 171, 162, 164, 170, 164, 167, 171, 169, 669, 670, 181, 669, 169, 681, 680, 678, 1800, 1801, 1802, 1801, 1773, 1802, 1621, 1615, 1620, 1587, 1586, 1585, 150, 148, 143, 140, 144, 143, 140, 139, 144, 139, 162, 144, 167, 168, 169, 168, 181, 169, 1796, 1801, 1800, 1773, 1674, 1803, 1675, 1672, 1674, 1623, 1621, 1653, 1615, 1618, 1591, 1844, 1569, 1571, 162, 163, 164, 163, 165, 164, 164, 166, 167, 670, 666, 672, 666, 682, 672, 682, 681, 678, 691, 680, 681, 691, 723, 724, 723, 725, 724, 723, 2058, 725, 2058, 2060, 725, 1796, 1775, 1801, 1775, 1773, 1801, 1773, 1675, 1674, 1676, 1677, 1672, 1677, 1838, 1839, 1838, 1650, 1839, 1650, 1652, 1839, 1592, 1589, 1591, 1588, 1587, 1589, 77, 76, 78, 148, 142, 143, 142, 140, 143, 160, 162, 139, 160, 161, 162, 161, 163, 162, 165, 166, 164, 669, 668, 670, 668, 666, 670, 1676, 1672, 1675, 1677, 1678, 1838, 1650, 1651, 1652, 1651, 1623, 1652, 1616, 1618, 1615, 1587, 1588, 1586, 75, 76, 77, 147, 148, 150, 136, 139, 140, 136, 137, 139, 137, 160, 139, 161, 184, 163, 184, 165, 163, 166, 168, 167, 665, 682, 666, 682, 689, 681, 690, 691, 681, 692, 723, 691, 1775, 1774, 1773, 1773, 1770, 1675, 1770, 1772, 1675, 1772, 1676, 1675, 1676, 1678, 1677, 1622, 1615, 1621, 1593, 1589, 1592, 1593, 1588, 1589, 78, 109, 149, 76, 109, 78, 146, 142, 148, 141, 140, 142, 141, 136, 140, 184, 166, 165, 168, 182, 181, 182, 667, 181, 667, 669, 181, 667, 668, 669, 690, 692, 691, 1623, 1622, 1621, 1618, 1592, 1591, 147, 146, 148, 664, 665, 666, 665, 689, 682, 2058, 2059, 2060, 2059, 2254, 2060, 2059, 2253, 2254, 1776, 1775, 1796, 1776, 1774, 1775, 1774, 1770, 1773, 1595, 1588, 1593, 149, 147, 150, 146, 141, 142, 137, 138, 160, 668, 663, 666, 663, 664, 666, 689, 690, 681, 692, 722, 723, 722, 2058, 723, 1678, 1837, 1838, 1622, 1614, 1615, 1614, 1613, 1615, 1616, 1617, 1618, 109, 147, 149, 138, 161, 160, 187, 184, 161, 183, 168, 166, 665, 686, 689, 1774, 1769, 1770, 1771, 1676, 1772, 1613, 1616, 1615, 134, 138, 137, 184, 183, 166, 183, 238, 168, 667, 661, 668, 661, 663, 668, 686, 687, 689, 1776, 1777, 1774, 1770, 1771, 1772, 1771, 1679, 1676, 1837, 1650, 1838, 1650, 1626, 1651, 1651, 1624, 1623, 1623, 1614, 1622, 1624, 1614, 1623, 1616, 1599, 1617, 109, 127, 147, 136, 134, 137, 188, 187, 161, 187, 185, 184, 238, 182, 168, 659, 661, 667, 687, 690, 689, 1679, 1678, 1676, 1678, 1648, 1837, 1680, 1648, 1678, 1626, 1624, 1651, 146, 130, 141, 238, 239, 182, 661, 660, 663, 690, 693, 692, 2058, 2057, 2059, 2057, 2253, 2059, 1777, 1779, 1774, 147, 129, 146, 129, 130, 146, 141, 131, 136, 131, 134, 136, 659, 667, 182, 722, 2056, 2058, 1797, 1798, 1776, 1796, 1797, 1776, 1798, 1778, 1776, 1778, 1777, 1776, 1779, 1769, 1774, 1769, 1768, 1770, 1648, 1650, 1837, 1648, 1649, 1650, 1649, 1626, 1650, 76, 122, 109, 122, 127, 109, 127, 128, 147, 130, 131, 141, 188, 186, 187, 186, 185, 187, 184, 185, 183, 183, 237, 238, 239, 659, 182, 663, 598, 664, 684, 693, 690, 693, 721, 692, 1768, 1771, 1770, 1768, 1679, 1771, 1679, 1680, 1678, 1625, 1614, 1624, 73, 74, 76, 74, 122, 76, 128, 129, 147, 134, 135, 138, 135, 161, 138, 135, 188, 161, 598, 665, 664, 687, 684, 690, 721, 722, 692, 1779, 1780, 1769, 1780, 1766, 1769, 1766, 1768, 1769, 1612, 1613, 1614, 1613, 1599, 1616, 71, 74, 73, 188, 189, 186, 236, 183, 185, 659, 662, 661, 662, 660, 661, 660, 598, 663, 686, 688, 687, 688, 684, 687, 684, 685, 693, 685, 721, 693, 721, 720, 722, 2056, 2057, 2058, 1778, 1779, 1777, 1625, 1612, 1614, 237, 239, 238, 662, 599, 660, 2057, 2251, 2253, 1626, 1625, 1624, 131, 133, 134, 133, 135, 134, 189, 236, 186, 186, 236, 185, 598, 683, 665, 665, 688, 686, 683, 688, 665, 1797, 1793, 1798, 1648, 1628, 1649, 1613, 1600, 1599, 1600, 1598, 1599, 1597, 1598, 1596, 71, 67, 74, 659, 599, 662, 599, 598, 660, 688, 595, 684, 595, 685, 684, 720, 2056, 722, 2056, 2055, 2057, 2055, 2251, 2057, 1782, 1778, 1798, 1778, 1780, 1779, 1682, 1679, 1768, 1679, 1681, 1680, 1680, 1836, 1648, 1647, 1628, 1648, 1626, 1627, 1625, 1625, 1627, 1612, 1627, 1611, 1612, 1612, 1600, 1613, 67, 122, 74, 122, 123, 127, 123, 128, 127, 129, 126, 130, 124, 126, 129, 133, 188, 135, 1766, 1767, 1768, 1767, 1682, 1768, 1681, 1835, 1680, 1835, 1836, 1680, 1836, 1647, 1648, 1596, 1602, 1560, 83, 69, 70, 67, 114, 122, 115, 123, 122, 123, 124, 128, 128, 124, 129, 126, 131, 130, 2055, 2250, 2251, 1793, 1782, 1798, 1793, 1792, 1782, 1682, 1681, 1679, 1611, 1600, 1612, 70, 67, 71, 126, 132, 131, 132, 133, 131, 132, 190, 133, 229, 188, 133, 233, 189, 188, 233, 236, 189, 236, 237, 183, 237, 242, 239, 239, 658, 659, 658, 599, 659, 598, 596, 683, 596, 688, 683, 688, 596, 595, 1782, 1781, 1778, 1781, 1780, 1778, 1628, 1626, 1649, 1628, 1627, 1626, 1598, 1602, 1596, 69, 67, 70, 110, 114, 67, 114, 115, 122, 242, 658, 239, 599, 597, 598, 601, 597, 599, 597, 596, 598, 596, 593, 595, 593, 594, 595, 595, 594, 685, 594, 721, 685, 717, 720, 721, 717, 719, 720, 720, 2054, 2056, 2054, 2055, 2056, 1781, 1765, 1780, 1605, 1557, 1560, 124, 125, 126, 125, 132, 126, 190, 229, 133, 229, 233, 188, 234, 237, 236, 657, 599, 658, 594, 717, 721, 719, 2054, 720, 1627, 1610, 1611, 1611, 1609, 1600, 1609, 1601, 1600, 1601, 1598, 1600, 1602, 1604, 1560, 1604, 1605, 1560, 237, 241, 242, 657, 601, 599, 600, 597, 601, 597, 590, 596, 590, 593, 596, 591, 594, 593, 1765, 1766, 1780, 1610, 1609, 1611, 1601, 1602, 1598, 651, 657, 658, 600, 589, 597, 589, 590, 597, 1835, 1645, 1836, 1647, 1646, 1628, 1603, 1604, 1602, 123, 117, 124, 190, 228, 229, 228, 230, 229, 230, 233, 229, 233, 234, 236, 234, 241, 237, 657, 655, 601, 655, 600, 601, 717, 718, 719, 2054, 2053, 2055, 2053, 2250, 2055, 1645, 1647, 1836, 1628, 1629, 1627, 1629, 1610, 1627, 1606, 1601, 1609, 66, 68, 67, 68, 110, 67, 117, 125, 124, 132, 228, 190, 233, 235, 234, 244, 241, 234, 590, 591, 593, 591, 592, 594, 592, 717, 594, 2053, 2249, 2250, 1783, 1781, 1782, 1682, 1683, 1681, 1683, 1835, 1681, 1629, 1608, 1610, 1608, 1609, 1610, 587, 591, 590, 718, 726, 719, 726, 2054, 719, 726, 2053, 2054, 1645, 1646, 1647, 1608, 1606, 1609, 115, 117, 123, 227, 132, 125, 651, 653, 657, 653, 655, 657, 589, 587, 590, 587, 592, 591, 592, 2065, 717, 1790, 1783, 1782, 1783, 1763, 1781, 1763, 1765, 1781, 1763, 1764, 1765, 1765, 1686, 1766, 1686, 1767, 1766, 1683, 1645, 1835, 1630, 1646, 1645, 1630, 1628, 1646, 1630, 1629, 1628, 1601, 1603, 1602, 1603, 1546, 1604, 1546, 1605, 1604, 68, 111, 110, 111, 114, 110, 232, 235, 233, 235, 243, 234, 243, 244, 234, 244, 240, 241, 655, 583, 600, 588, 592, 587, 2065, 715, 717, 715, 718, 717, 1684, 1643, 1682, 1643, 1683, 1682, 1605, 1549, 1556, 1549, 1555, 1556, 1549, 1553, 1555, 115, 116, 117, 230, 232, 233, 243, 240, 244, 240, 242, 241, 656, 655, 653, 656, 583, 655, 600, 584, 589, 583, 584, 600, 584, 587, 589, 584, 585, 587, 588, 714, 592, 592, 714, 2065, 1784, 1763, 1783, 1842, 1608, 1629, 1607, 1606, 1608, 111, 113, 114, 113, 115, 114, 113, 116, 115, 230, 225, 232, 240, 649, 242, 242, 649, 658, 649, 651, 658, 585, 588, 587, 694, 714, 588, 715, 716, 718, 716, 726, 718, 1764, 1686, 1765, 1686, 1684, 1767, 1684, 1682, 1767, 1606, 1542, 1601, 1542, 1603, 1601, 1546, 1547, 1605, 1550, 1553, 1549, 116, 118, 117, 117, 191, 125, 191, 227, 125, 227, 228, 132, 651, 652, 653, 652, 656, 653, 656, 654, 583, 714, 715, 2065, 1683, 1643, 1645, 1643, 1644, 1645, 1644, 1630, 1645, 1630, 1631, 1629, 1631, 1842, 1629, 1547, 1549, 1605, 1547, 1548, 1549, 1548, 1550, 1549, 68, 112, 111, 118, 121, 117, 121, 191, 117, 726, 2052, 2053, 2052, 2249, 2053, 1761, 1762, 1763, 1762, 1764, 1763, 1632, 1630, 1644, 1632, 1631, 1630, 1842, 1607, 1608, 1542, 1546, 1603, 1545, 1547, 1546, 1548, 1551, 1550, 112, 113, 111, 191, 219, 227, 227, 224, 228, 224, 225, 228, 228, 225, 230, 232, 243, 235, 649, 650, 651, 571, 585, 584, 1685, 1643, 1684, 1643, 1632, 1644, 1541, 1543, 1542, 1543, 1546, 1542, 1543, 1545, 1546, 61, 112, 68, 650, 652, 651, 585, 694, 588, 713, 714, 694, 713, 715, 714, 716, 712, 726, 712, 2052, 726, 2052, 2248, 2249, 1760, 1763, 1784, 1760, 1761, 1763, 1689, 1764, 1762, 1689, 1687, 1764, 1687, 1686, 1764, 1641, 1632, 1643, 1607, 1542, 1606, 120, 121, 118, 232, 245, 243, 262, 240, 243, 240, 263, 649, 263, 648, 649, 652, 654, 656, 583, 571, 584, 571, 586, 585, 585, 586, 694, 715, 711, 716, 711, 712, 716, 1686, 1685, 1684, 1641, 1642, 1632, 1607, 1540, 1542, 1540, 1541, 1542, 1543, 1544, 1545, 1544, 1476, 1545, 112, 193, 113, 193, 116, 113, 193, 119, 116, 116, 119, 118, 119, 120, 118, 582, 654, 652, 654, 582, 583, 582, 571, 583, 1687, 1685, 1686, 1685, 1641, 1643, 1632, 1633, 1631, 1634, 1633, 1632, 1633, 1842, 1631, 1842, 1841, 1607, 1541, 1544, 1543, 226, 231, 225, 231, 232, 225, 231, 245, 232, 245, 262, 243, 263, 240, 262, 648, 650, 649, 650, 582, 652, 586, 713, 694, 586, 705, 713, 713, 711, 715, 1633, 1841, 1842, 62, 112, 61, 219, 224, 227, 224, 222, 225, 1642, 1634, 1632, 1841, 1539, 1607, 1539, 1540, 1607, 121, 219, 191, 263, 647, 648, 648, 581, 650, 647, 581, 648, 650, 581, 582, 571, 570, 586, 569, 570, 571, 705, 706, 713, 706, 711, 713, 1690, 1689, 1762, 1689, 1688, 1687, 1687, 1688, 1685, 1688, 1834, 1685, 1840, 1539, 1841, 192, 121, 120, 222, 226, 225, 245, 261, 262, 581, 573, 582, 570, 705, 586, 706, 709, 711, 709, 712, 711, 1834, 1641, 1685, 1633, 1635, 1841, 1635, 1840, 1841, 194, 193, 112, 192, 120, 119, 261, 263, 262, 573, 571, 582, 1634, 1635, 1633, 1540, 1538, 1541, 1477, 1468, 1476, 62, 194, 112, 192, 217, 121, 217, 219, 121, 219, 220, 224, 220, 222, 224, 231, 259, 245, 259, 261, 245, 2071, 647, 263, 709, 727, 712, 727, 2052, 712, 2052, 2247, 2248, 1694, 1762, 1761, 1690, 1688, 1689, 1831, 1834, 1688, 1641, 1640, 1642, 1636, 1634, 1642, 1636, 1635, 1634, 1541, 1479, 1544, 223, 226, 222, 266, 2071, 263, 581, 580, 573, 695, 705, 570, 705, 704, 706, 1694, 1690, 1762, 1637, 1840, 1635, 1539, 1538, 1540, 1480, 1479, 1541, 60, 194, 62, 193, 196, 119, 573, 572, 571, 572, 569, 571, 569, 568, 570, 706, 708, 709, 1694, 1692, 1690, 1690, 1691, 1688, 1834, 1833, 1641, 1640, 1636, 1642, 217, 218, 219, 218, 220, 219, 261, 265, 263, 568, 695, 570, 1692, 1691, 1690, 1691, 1831, 1688, 1833, 1834, 1831, 1636, 1637, 1635, 1537, 1538, 1539, 1538, 1480, 1541, 196, 197, 119, 197, 192, 119, 220, 221, 222, 221, 223, 222, 226, 259, 231, 265, 266, 263, 695, 704, 705, 727, 2051, 2052, 2051, 2247, 2052, 1833, 1639, 1641, 1639, 1640, 1641, 1640, 1638, 1636, 1637, 1537, 1840, 1840, 1537, 1539, 194, 196, 193, 248, 221, 220, 223, 259, 226, 577, 580, 581, 577, 576, 580, 580, 574, 573, 574, 572, 573, 568, 704, 695, 703, 701, 704, 704, 708, 706, 1639, 1638, 1640, 1638, 1637, 1636, 1535, 1537, 1637, 59, 194, 60, 218, 248, 220, 260, 265, 261, 576, 574, 580, 568, 703, 704, 701, 708, 704, 1692, 1693, 1691, 1693, 1831, 1691, 1533, 1638, 1639, 1638, 1535, 1637, 1535, 1536, 1537, 1538, 1481, 1480, 1481, 1478, 1480, 57, 194, 59, 259, 260, 261, 645, 577, 581, 572, 567, 569, 1533, 1535, 1638, 1536, 1491, 1537, 58, 57, 59, 647, 645, 581, 696, 703, 568, 2149, 57, 58, 57, 54, 194, 192, 215, 217, 215, 218, 217, 246, 259, 223, 574, 567, 572, 567, 568, 569, 1832, 1833, 1831, 1832, 1529, 1833, 1833, 1529, 1639, 1533, 1534, 1535, 1491, 1487, 1537, 1487, 1538, 1537, 1487, 1481, 1538, 246, 257, 259, 266, 646, 2071, 646, 647, 2071, 1694, 1524, 1692, 1832, 1527, 1529, 1529, 1530, 1639, 1530, 1533, 1639, 1534, 1496, 1535, 1496, 1536, 1535, 1496, 1495, 1536, 1536, 1495, 1491, 2150, 2149, 58, 2147, 2149, 2150, 54, 55, 194, 55, 196, 194, 195, 197, 196, 216, 248, 218, 216, 247, 248, 646, 644, 647, 644, 645, 647, 576, 575, 574, 575, 567, 574, 567, 566, 568, 1524, 1693, 1692, 2151, 2147, 2150, 2149, 56, 57, 55, 195, 196, 197, 215, 192, 215, 216, 218, 221, 246, 223, 257, 260, 259, 701, 707, 708, 707, 709, 708, 2051, 2252, 2247, 1527, 1528, 1529, 1528, 1530, 1529, 1492, 1491, 1495, 2147, 2148, 2149, 2148, 56, 2149, 247, 221, 248, 264, 266, 265, 264, 646, 266, 564, 566, 567, 566, 696, 568, 702, 707, 701, 709, 728, 727, 728, 2051, 727, 1484, 1486, 1482, 2151, 2145, 2147, 221, 253, 246, 253, 257, 246, 643, 644, 646, 579, 577, 645, 575, 564, 567, 696, 2064, 703, 2064, 701, 703, 728, 2050, 2051, 2050, 2252, 2051, 1528, 1531, 1530, 1530, 1532, 1533, 1532, 1534, 1533, 1532, 1496, 1534, 1466, 1463, 1467, 1465, 1463, 1466, 2146, 2148, 2147, 48, 195, 55, 215, 212, 216, 247, 252, 221, 252, 253, 221, 257, 268, 260, 268, 265, 260, 264, 643, 646, 1531, 1532, 1530, 1492, 1490, 1491, 1486, 1465, 1466, 1484, 1465, 1486, 253, 258, 257, 258, 268, 257, 268, 264, 265, 577, 560, 576, 560, 575, 576, 1496, 1494, 1495, 2145, 2146, 2147, 2148, 52, 56, 52, 53, 56, 53, 57, 56, 53, 54, 57, 54, 45, 55, 45, 48, 55, 195, 198, 197, 48, 198, 195, 197, 214, 215, 214, 212, 215, 644, 579, 645, 579, 578, 577, 578, 560, 577, 562, 564, 575, 564, 565, 566, 565, 696, 566, 565, 699, 696, 699, 2064, 696, 2064, 700, 701, 700, 702, 701, 707, 710, 709, 710, 728, 709, 1524, 1525, 1693, 1528, 1502, 1531, 1502, 1532, 1531, 2146, 52, 2148, 198, 214, 197, 258, 267, 268, 267, 264, 268, 267, 643, 264, 643, 642, 644, 560, 562, 575, 699, 700, 2064, 1522, 1526, 1525, 1526, 1528, 1527, 1502, 1498, 1532, 1532, 1498, 1496, 1498, 1497, 1496, 1497, 1494, 1496, 1494, 1492, 1495, 53, 44, 54, 44, 45, 54, 42, 46, 45, 46, 48, 45, 49, 198, 48, 254, 252, 247, 543, 565, 564, 700, 729, 702, 729, 707, 702, 729, 710, 707, 1524, 1522, 1525, 1522, 1504, 1526, 1464, 1465, 1484, 2144, 2138, 2145, 2138, 2146, 2145, 52, 51, 53, 51, 44, 53, 44, 42, 45, 46, 49, 48, 253, 255, 258, 642, 579, 644, 562, 563, 564, 563, 543, 564, 543, 697, 565, 697, 699, 565, 698, 700, 699, 1523, 1522, 1524, 1497, 1493, 1494, 1493, 1492, 1494, 1464, 1463, 1465, 2184, 2143, 2144, 2143, 2138, 2144, 2138, 50, 2146, 50, 52, 2146, 50, 51, 52, 39, 42, 44, 49, 213, 198, 213, 214, 198, 212, 211, 216, 211, 247, 216, 252, 254, 253, 254, 255, 253, 256, 258, 255, 256, 269, 258, 269, 267, 258, 269, 270, 267, 270, 643, 267, 642, 641, 579, 697, 698, 699, 698, 730, 700, 730, 729, 700, 729, 754, 710, 1526, 1503, 1528, 43, 44, 51, 43, 39, 44, 39, 40, 42, 42, 47, 46, 47, 49, 46, 209, 212, 214, 211, 254, 247, 250, 255, 254, 270, 642, 643, 1504, 1503, 1526, 1528, 1503, 1502, 1501, 1499, 1502, 1502, 1499, 1498, 1499, 1497, 1498, 2185, 2187, 2186, 2200, 2143, 2184, 2143, 2142, 2138, 47, 213, 49, 559, 560, 578, 559, 557, 560, 560, 544, 562, 561, 544, 560, 1499, 1500, 1497, 1464, 1429, 1463, 1429, 1462, 1463, 2138, 2137, 50, 50, 43, 51, 50, 35, 43, 47, 208, 213, 250, 256, 255, 272, 271, 256, 271, 269, 256, 640, 641, 642, 579, 559, 578, 641, 559, 579, 557, 561, 560, 562, 544, 563, 542, 698, 697, 731, 754, 729, 1506, 1504, 1522, 1503, 1501, 1502, 1848, 1493, 1497, 1848, 1419, 1493, 213, 209, 214, 250, 272, 256, 563, 544, 543, 544, 540, 543, 540, 542, 543, 543, 542, 697, 730, 731, 729, 2050, 2237, 2252, 1520, 1506, 1522, 1500, 1848, 1497, 2186, 2190, 2184, 2200, 2141, 2143, 37, 39, 43, 251, 272, 250, 640, 602, 641, 754, 755, 710, 755, 728, 710, 1501, 1406, 1499, 1406, 1500, 1499, 1848, 1414, 1419, 1414, 1416, 1419, 1967, 1965, 2187, 2141, 2142, 2143, 2142, 2139, 2138, 2139, 2137, 2138, 208, 209, 213, 209, 210, 212, 210, 211, 212, 639, 270, 269, 639, 642, 270, 602, 559, 641, 602, 558, 559, 613, 698, 542, 753, 754, 731, 755, 2050, 728, 755, 2237, 2050, 1506, 1505, 1504, 1504, 1405, 1503, 1503, 1405, 1501, 1405, 1406, 1501, 1500, 1409, 1848, 1409, 1414, 1848, 2190, 2200, 2184, 2137, 2136, 50, 50, 2136, 35, 35, 37, 43, 37, 38, 39, 38, 40, 39, 40, 41, 42, 41, 47, 42, 254, 249, 250, 249, 251, 250, 249, 2072, 251, 271, 639, 269, 639, 640, 642, 558, 557, 559, 557, 546, 561, 546, 544, 561, 544, 545, 540, 613, 730, 698, 613, 731, 730, 753, 755, 754, 1520, 1507, 1506, 1507, 1505, 1506, 1505, 1405, 1504, 1965, 2186, 2187, 2141, 2139, 2142, 35, 36, 37, 38, 41, 40, 203, 208, 47, 210, 207, 211, 211, 281, 254, 272, 273, 271, 273, 639, 271, 542, 541, 613, 540, 541, 542, 1517, 1520, 1519, 1410, 1414, 1409, 1414, 1415, 1416, 1966, 1964, 1967, 2136, 34, 35, 41, 203, 47, 203, 204, 208, 281, 249, 254, 273, 275, 639, 639, 638, 640, 640, 603, 602, 603, 558, 602, 558, 556, 557, 545, 539, 540, 541, 612, 613, 612, 731, 613, 731, 752, 753, 753, 756, 755, 756, 2049, 755, 1517, 1507, 1520, 2200, 2140, 2141, 2140, 2139, 2141, 36, 18, 37, 18, 38, 37, 38, 199, 41, 209, 206, 210, 2072, 272, 251, 638, 603, 640, 556, 548, 557, 548, 546, 557, 537, 541, 540, 2049, 2237, 755, 1406, 1407, 1500, 1407, 1409, 1500, 1967, 1964, 1965, 2140, 2135, 2139, 2135, 2137, 2139, 2135, 2136, 2137, 34, 36, 35, 41, 200, 203, 204, 209, 208, 546, 545, 544, 1505, 1403, 1405, 1040, 1964, 1966, 1965, 2190, 2186, 201, 204, 203, 206, 207, 210, 211, 280, 281, 207, 280, 211, 280, 279, 281, 279, 249, 281, 2072, 273, 272, 552, 539, 545, 539, 537, 540, 612, 752, 731, 1507, 1402, 1505, 1403, 1404, 1405, 1404, 1406, 1405, 1404, 1407, 1406, 1231, 1230, 1427, 1961, 1965, 1964, 2190, 2199, 2200, 2192, 2199, 2190, 32, 34, 2136, 199, 200, 41, 204, 206, 209, 249, 277, 2072, 752, 751, 753, 1516, 1517, 1518, 1509, 1507, 1517, 1407, 1408, 1409, 1408, 1410, 1409, 1230, 1206, 1427, 1037, 1038, 1039, 1039, 1038, 1040, 1040, 1961, 1964, 1963, 1961, 1040, 1961, 2191, 1965, 2191, 2190, 1965, 17, 200, 199, 200, 201, 203, 279, 277, 249, 277, 273, 2072, 277, 274, 273, 274, 275, 273, 275, 637, 639, 637, 638, 639, 638, 604, 603, 636, 604, 638, 555, 558, 603, 555, 556, 558, 537, 535, 541, 535, 612, 541, 751, 746, 753, 746, 756, 753, 1518, 1700, 1516, 1516, 1509, 1517, 1508, 1402, 1507, 1402, 1403, 1505, 1038, 1963, 1040, 18, 199, 38, 637, 636, 638, 555, 553, 556, 546, 547, 545, 548, 547, 546, 547, 552, 545, 612, 750, 752, 1515, 1516, 1700, 1509, 1508, 1507, 1401, 1403, 1402, 1408, 1411, 1410, 1410, 1413, 1414, 1233, 1232, 1231, 1232, 1229, 1231, 1231, 1229, 1230, 1229, 1207, 1230, 1207, 1206, 1230, 1035, 1036, 1044, 1036, 1043, 1044, 1962, 2191, 1961, 2199, 2140, 2200, 2199, 2132, 2140, 2140, 2134, 2135, 2134, 32, 2135, 32, 2136, 2135, 201, 285, 204, 204, 205, 206, 205, 207, 206, 604, 555, 603, 556, 553, 548, 750, 751, 752, 2048, 2237, 2049, 1414, 1236, 1415, 2191, 2192, 2190, 2193, 2199, 2192, 2132, 2134, 2140, 32, 33, 34, 34, 18, 36, 33, 18, 34, 285, 205, 204, 553, 549, 548, 552, 538, 539, 538, 537, 539, 535, 536, 612, 536, 750, 612, 1400, 1402, 1508, 1400, 1401, 1402, 1403, 1363, 1404, 1411, 1412, 1410, 1413, 1236, 1414, 1236, 1234, 1415, 1236, 1235, 1234, 1234, 1235, 1232, 1235, 1227, 1232, 1227, 1229, 1232, 1205, 1203, 1202, 871, 1036, 1035, 1963, 1959, 1961, 2191, 2193, 2192, 2193, 2131, 2199, 29, 32, 2134, 29, 30, 32, 30, 33, 32, 282, 207, 205, 409, 280, 207, 280, 410, 279, 276, 635, 275, 635, 637, 275, 604, 554, 555, 554, 553, 555, 549, 547, 548, 537, 534, 535, 2048, 2238, 2237, 1362, 1407, 1404, 1412, 1413, 1410, 872, 870, 871, 871, 867, 1036, 1036, 1037, 1043, 1959, 1962, 1961, 2131, 2132, 2199, 18, 17, 199, 200, 202, 201, 274, 276, 275, 538, 534, 537, 746, 747, 756, 747, 2049, 756, 1510, 1508, 1509, 1401, 1363, 1403, 1363, 1362, 1404, 1362, 1408, 1407, 1227, 1228, 1229, 1228, 1207, 1229, 1207, 1163, 1206, 870, 869, 871, 2194, 2191, 1962, 2194, 2193, 2191, 33, 31, 18, 31, 16, 18, 17, 202, 200, 202, 285, 201, 282, 409, 207, 409, 410, 280, 635, 636, 637, 750, 749, 751, 749, 746, 751, 1510, 1400, 1508, 1399, 1401, 1400, 1362, 1360, 1408, 1360, 1411, 1408, 1412, 1241, 1413, 1241, 1236, 1413, 1236, 1237, 1235, 1238, 1237, 1236, 1960, 1962, 1959, 16, 17, 18, 410, 278, 279, 277, 418, 274, 1515, 1512, 1516, 1514, 1512, 1515, 1516, 1512, 1509, 1512, 1510, 1509, 1399, 1365, 1401, 1365, 1363, 1401, 1241, 1238, 1236, 1237, 1227, 1235, 1208, 1163, 1207, 1163, 1205, 1206, 873, 870, 872, 869, 867, 871, 1036, 867, 1037, 867, 1038, 1037, 1038, 1959, 1963, 1960, 2194, 1962, 30, 31, 33, 283, 205, 285, 278, 277, 279, 418, 276, 274, 553, 550, 549, 534, 533, 535, 533, 536, 535, 748, 749, 750, 1514, 1393, 1512, 1512, 1511, 1510, 1237, 1226, 1227, 1209, 1207, 1228, 1209, 1208, 1207, 867, 868, 1038, 868, 1959, 1038, 1957, 1960, 1959, 604, 605, 554, 605, 550, 554, 550, 553, 554, 552, 551, 538, 538, 531, 534, 531, 533, 534, 536, 748, 750, 747, 2048, 2049, 1363, 1361, 1362, 1362, 1361, 1360, 1360, 1412, 1411, 1227, 1225, 1228, 1226, 1225, 1227, 1225, 1209, 1228, 1163, 1164, 1205, 1205, 1204, 1203, 283, 282, 205, 278, 418, 277, 418, 420, 276, 420, 421, 276, 276, 421, 635, 550, 547, 549, 551, 552, 547, 748, 745, 749, 745, 746, 749, 1364, 1361, 1363, 1164, 1204, 1205, 862, 869, 870, 869, 862, 867, 862, 865, 867, 865, 868, 867, 868, 1957, 1959, 2132, 2133, 2134, 16, 13, 17, 202, 284, 285, 284, 283, 285, 606, 527, 550, 550, 551, 547, 551, 531, 538, 533, 532, 536, 532, 748, 536, 745, 742, 746, 742, 747, 746, 1511, 1400, 1510, 2130, 2131, 2193, 13, 14, 17, 14, 202, 17, 14, 286, 202, 202, 286, 284, 283, 407, 282, 407, 409, 282, 409, 411, 410, 411, 278, 410, 1393, 1513, 1512, 1513, 1511, 1512, 1398, 1400, 1511, 1398, 1399, 1400, 1365, 1364, 1363, 1958, 2194, 1960, 1958, 2193, 2194, 2133, 29, 2134, 2133, 26, 29, 26, 30, 29, 26, 12, 30, 30, 12, 31, 31, 12, 16, 284, 407, 283, 407, 408, 409, 408, 413, 409, 634, 604, 636, 604, 607, 605, 527, 528, 550, 531, 532, 533, 532, 733, 748, 1359, 1360, 1361, 1242, 1241, 1412, 1238, 1239, 1237, 1239, 1226, 1237, 1164, 1166, 1204, 1026, 875, 873, 873, 874, 870, 875, 874, 873, 874, 862, 870, 864, 865, 862, 865, 866, 868, 866, 1957, 868, 866, 1955, 1957, 1957, 1958, 1960, 2130, 2193, 1958, 2130, 24, 2131, 2131, 24, 2132, 24, 2133, 2132, 26, 28, 12, 409, 413, 411, 635, 634, 636, 634, 607, 604, 605, 606, 550, 550, 528, 551, 528, 529, 551, 529, 531, 551, 742, 743, 747, 747, 2047, 2048, 2047, 2238, 2048, 1513, 1398, 1511, 1364, 1359, 1361, 1360, 1242, 1412, 1240, 1238, 1241, 1240, 1239, 1238, 1163, 1159, 1164, 1159, 1165, 1164, 1165, 1166, 1164, 1146, 1147, 1144, 877, 875, 1026, 864, 866, 865, 1955, 1958, 1957, 2195, 2130, 1958, 2133, 25, 26, 25, 27, 26, 26, 11, 28, 12, 13, 16, 418, 419, 420, 421, 634, 635, 607, 606, 605, 529, 530, 531, 530, 532, 531, 733, 738, 748, 1242, 1240, 1241, 1239, 1224, 1226, 1224, 1225, 1226, 1224, 1210, 1225, 1210, 1209, 1225, 1210, 1208, 1209, 1162, 1159, 1163, 1165, 1167, 1166, 1167, 1148, 1168, 1168, 1148, 1146, 1148, 1147, 1146, 879, 877, 1026, 864, 1952, 866, 1952, 1953, 866, 866, 1953, 1955, 1953, 1956, 1955, 24, 25, 2133, 27, 11, 26, 278, 417, 418, 738, 745, 748, 1398, 1367, 1399, 1370, 1367, 1398, 1367, 1366, 1365, 1366, 1364, 1365, 1359, 1243, 1360, 1243, 1242, 1360, 1208, 1162, 1163, 1165, 1148, 1167, 1158, 1148, 1165, 877, 876, 875, 876, 874, 875, 861, 862, 874, 862, 863, 864, 863, 1952, 864, 1955, 2196, 1958, 2196, 2195, 1958, 8, 13, 12, 284, 406, 407, 406, 408, 407, 411, 417, 278, 421, 633, 634, 607, 611, 606, 611, 609, 606, 732, 733, 532, 740, 742, 745, 743, 2047, 747, 2047, 2236, 2238, 1392, 1394, 1393, 1391, 1392, 1393, 1391, 1389, 1392, 1394, 1513, 1393, 1394, 1398, 1513, 1399, 1367, 1365, 1366, 1359, 1364, 1357, 1243, 1359, 1222, 1239, 1240, 1222, 1224, 1239, 1210, 1162, 1208, 1161, 1159, 1162, 1159, 1158, 1165, 1149, 1147, 1148, 1150, 1021, 1147, 1021, 1019, 1020, 879, 878, 877, 880, 878, 879, 878, 876, 877, 876, 861, 874, 861, 860, 862, 860, 863, 862, 1953, 1954, 1956, 1956, 2196, 1955, 2195, 2129, 2130, 28, 9, 12, 9, 8, 12, 8, 14, 13, 14, 287, 286, 286, 287, 284, 287, 406, 284, 417, 419, 418, 419, 421, 420, 419, 424, 421, 424, 633, 421, 609, 608, 606, 608, 527, 606, 527, 526, 528, 526, 529, 528, 1396, 1398, 1394, 1398, 1397, 1370, 1368, 1367, 1370, 1366, 1358, 1359, 1358, 1357, 1359, 1357, 1244, 1243, 1243, 1240, 1242, 1149, 1150, 1147, 1019, 880, 1020, 863, 1950, 1952, 1952, 1950, 1953, 1950, 1954, 1953, 23, 25, 24, 25, 11, 27, 10, 9, 11, 11, 9, 28, 404, 406, 287, 413, 416, 411, 416, 417, 411, 633, 607, 634, 530, 732, 532, 740, 745, 738, 1367, 1358, 1366, 1354, 1357, 1358, 1240, 1221, 1222, 1222, 1223, 1224, 1223, 1210, 1224, 1158, 1154, 1148, 1148, 1154, 1149, 878, 856, 876, 876, 859, 861, 859, 860, 861, 2129, 24, 2130, 25, 22, 11, 8, 15, 14, 15, 287, 14, 406, 412, 408, 412, 413, 408, 412, 414, 413, 414, 416, 413, 416, 423, 417, 417, 423, 419, 423, 424, 419, 526, 530, 529, 732, 738, 733, 1396, 1397, 1398, 1211, 1162, 1210, 1158, 1155, 1154, 856, 857, 876, 857, 859, 876, 1954, 2196, 1956, 2128, 2129, 2195, 2129, 23, 24, 23, 22, 25, 22, 10, 11, 10, 6, 9, 404, 405, 406, 524, 526, 527, 737, 738, 732, 1368, 1358, 1367, 1244, 1220, 1243, 1221, 1218, 1222, 1218, 1223, 1222, 1211, 1161, 1162, 1159, 1157, 1158, 1157, 1155, 1158, 1150, 1017, 1021, 1017, 1019, 1021, 2197, 2195, 2196, 9, 6, 8, 6, 7, 8, 405, 412, 406, 412, 415, 414, 415, 416, 414, 422, 424, 423, 633, 611, 607, 609, 523, 608, 523, 527, 608, 523, 524, 527, 526, 734, 530, 736, 732, 530, 736, 737, 732, 757, 2047, 743, 1395, 1394, 1392, 1397, 1371, 1370, 1243, 1220, 1240, 1220, 1221, 1240, 1223, 1212, 1210, 1212, 1211, 1210, 1154, 1151, 1149, 1016, 1017, 1150, 859, 858, 860, 860, 1949, 863, 858, 1949, 860, 1949, 1950, 863, 1950, 2197, 1954, 2197, 2196, 1954, 2197, 2198, 2195, 2198, 2128, 2195, 2128, 19, 2129, 19, 23, 2129, 8, 7, 15, 15, 403, 287, 422, 423, 416, 734, 736, 530, 744, 742, 740, 744, 741, 742, 741, 743, 742, 741, 757, 743, 1395, 1396, 1394, 1354, 1355, 1357, 1220, 1218, 1221, 1218, 1214, 1223, 1160, 1159, 1161, 1160, 1157, 1159, 1151, 1150, 1149, 1017, 1018, 1019, 1019, 1018, 880, 1018, 881, 880, 881, 878, 880, 881, 882, 878, 882, 855, 878, 855, 856, 878, 853, 857, 856, 857, 858, 859, 1950, 1951, 2197, 1951, 2198, 2197, 2127, 2128, 2198, 19, 20, 23, 20, 22, 23, 20, 5, 22, 5, 10, 22, 10, 5, 6, 403, 404, 287, 405, 415, 412, 422, 632, 424, 632, 633, 424, 737, 739, 738, 739, 740, 738, 739, 744, 740, 757, 2046, 2047, 2046, 2236, 2047, 1388, 1395, 1392, 1389, 1388, 1392, 1396, 1371, 1397, 1371, 1369, 1370, 1369, 1368, 1370, 1355, 1244, 1357, 1211, 1213, 1161, 1213, 1160, 1161, 1155, 1153, 1154, 1153, 1151, 1154, 1151, 1016, 1150, 855, 853, 856, 858, 1947, 1949, 1949, 1947, 1950, 1947, 1951, 1950, 1951, 2125, 2198, 2125, 2127, 2198, 2127, 19, 2128, 402, 15, 7, 402, 403, 15, 403, 405, 404, 415, 422, 416, 425, 431, 422, 431, 632, 422, 633, 610, 611, 611, 610, 609, 610, 523, 609, 525, 736, 734, 1389, 1387, 1388, 1395, 1371, 1396, 1368, 1352, 1358, 1352, 1354, 1358, 1244, 1245, 1220, 1219, 1218, 1220, 1219, 1217, 1218, 1218, 1217, 1214, 1214, 1212, 1223, 1212, 1213, 1211, 1160, 1156, 1157, 1156, 1155, 1157, 1156, 1153, 1155, 1153, 1152, 1151, 1152, 1016, 1151, 1016, 1015, 1017, 1015, 1018, 1017, 853, 858, 857, 1947, 2125, 1951, 2125, 2126, 2127, 2127, 21, 19, 19, 21, 20, 21, 5, 20, 21, 1, 5, 5, 3, 6, 3, 7, 6, 403, 426, 405, 426, 415, 405, 415, 425, 422, 631, 633, 632, 631, 610, 633, 1388, 1373, 1395, 1369, 1352, 1368, 1356, 1244, 1355, 1356, 1246, 1244, 1246, 1245, 1244, 1245, 1219, 1220, 853, 854, 858, 858, 1945, 1947, 2124, 2126, 2125, 2126, 21, 2127, 1, 3, 5, 3, 288, 7, 288, 402, 7, 400, 403, 402, 426, 427, 415, 430, 425, 415, 522, 523, 610, 524, 525, 526, 526, 525, 734, 737, 759, 739, 741, 2046, 757, 1352, 1353, 1354, 1353, 1355, 1354, 1353, 1356, 1355, 1007, 1156, 1160, 1007, 1008, 1156, 1008, 1153, 1156, 1008, 1010, 1153, 1153, 1010, 1152, 1015, 881, 1018, 854, 1945, 858, 1945, 1948, 1947, 21, 0, 1, 400, 426, 403, 427, 430, 415, 523, 520, 524, 520, 525, 524, 521, 736, 525, 759, 744, 739, 1373, 1371, 1395, 1348, 1353, 1352, 1216, 1214, 1217, 1213, 1007, 1160, 1152, 1014, 1016, 1014, 1015, 1016, 855, 852, 853, 1948, 2125, 1947, 1948, 1944, 2125, 1944, 2124, 2125, 2123, 21, 2126, 2123, 2081, 21, 2081, 0, 21, 288, 400, 402, 401, 426, 400, 431, 429, 632, 521, 735, 736, 735, 737, 736, 735, 759, 737, 759, 741, 744, 741, 2044, 2046, 1388, 1385, 1373, 1219, 1216, 1217, 1010, 1014, 1152, 852, 848, 853, 848, 854, 853, 2124, 2123, 2126, 1, 2, 3, 429, 631, 632, 631, 614, 610, 614, 522, 610, 735, 758, 759, 2044, 2242, 2046, 1369, 1351, 1352, 1351, 1348, 1352, 1347, 1246, 1356, 1214, 1213, 1212, 1008, 1009, 1010, 1009, 1011, 1010, 1011, 1014, 1010, 1015, 883, 881, 851, 852, 855, 1944, 2122, 2124, 2124, 2122, 2123, 0, 2, 1, 401, 428, 426, 428, 427, 426, 428, 430, 427, 430, 431, 425, 522, 520, 523, 520, 521, 525, 1373, 1372, 1371, 1372, 1369, 1371, 1372, 1351, 1369, 1348, 1347, 1353, 1347, 1356, 1353, 1245, 1248, 1219, 1248, 1861, 1219, 1219, 1861, 1216, 1215, 1214, 1216, 851, 848, 852, 2084, 2081, 2123, 2, 4, 3, 4, 288, 3, 288, 399, 400, 400, 399, 401, 429, 431, 430, 429, 630, 631, 630, 614, 631, 614, 518, 522, 518, 520, 522, 520, 517, 521, 517, 515, 521, 515, 735, 521, 735, 515, 758, 758, 741, 759, 1385, 1382, 1373, 1384, 1374, 1373, 1374, 1372, 1373, 1347, 1247, 1246, 1247, 1245, 1246, 1247, 1248, 1245, 1861, 1215, 1216, 1214, 1215, 1213, 1215, 1007, 1213, 1007, 1005, 1008, 1005, 1009, 1008, 1013, 1014, 1011, 1014, 883, 1015, 883, 882, 881, 882, 851, 855, 1945, 1946, 1948, 1946, 1944, 1948, 2085, 2084, 2123, 2081, 2082, 0, 0, 2082, 2, 289, 4, 2, 4, 398, 288, 398, 399, 288, 399, 428, 401, 2068, 630, 429, 518, 517, 520, 758, 785, 741, 785, 2044, 741, 1373, 1382, 1384, 1249, 1861, 1248, 1249, 1250, 1861, 1215, 1006, 1007, 1006, 1005, 1007, 1012, 1013, 1011, 1013, 883, 1014, 883, 884, 882, 884, 851, 882, 1944, 2121, 2122, 2122, 2085, 2123, 2084, 2083, 2081, 2082, 289, 2, 398, 397, 399, 397, 428, 399, 430, 433, 429, 433, 2068, 429, 629, 614, 630, 516, 515, 517, 516, 513, 515, 515, 514, 758, 514, 785, 758, 2044, 2241, 2242, 2045, 2241, 2044, 1247, 1249, 1248, 1860, 1006, 1215, 886, 883, 1013, 886, 885, 883, 885, 884, 883, 884, 850, 851, 850, 848, 851, 849, 1945, 854, 1945, 1943, 1946, 1943, 1944, 1946, 2085, 2122, 2121, 2085, 2083, 2084, 2081, 2083, 2082, 289, 395, 4, 2068, 435, 630, 435, 629, 630, 1374, 1350, 1372, 1350, 1351, 1372, 1348, 1346, 1347, 1347, 1346, 1247, 1250, 1860, 1861, 1861, 1860, 1215, 1012, 886, 1013, 848, 849, 854, 1943, 1941, 1944, 1944, 2120, 2121, 1941, 2120, 1944, 2121, 2120, 2085, 2083, 292, 2082, 2082, 290, 289, 4, 395, 398, 395, 397, 398, 428, 433, 430, 433, 435, 2068, 435, 628, 629, 629, 519, 614, 519, 518, 614, 518, 516, 517, 511, 513, 516, 514, 2043, 785, 785, 2045, 2044, 1350, 1348, 1351, 1346, 1344, 1247, 1344, 1345, 1247, 1247, 1250, 1249, 1005, 1004, 1009, 1009, 1004, 1011, 1004, 939, 1011, 939, 1012, 1011, 939, 886, 1012, 885, 850, 884, 847, 848, 850, 847, 846, 848, 846, 849, 848, 849, 1943, 1945, 292, 290, 2082, 511, 512, 513, 513, 514, 515, 512, 514, 513, 786, 2241, 2045, 1382, 1383, 1384, 1349, 1346, 1348, 1345, 1251, 1247, 1251, 1250, 1247, 1251, 1252, 1250, 1250, 1252, 1860, 1858, 1859, 1860, 1859, 1006, 1860, 1001, 1003, 1006, 1003, 1005, 1006, 1005, 1003, 1004, 941, 939, 1004, 939, 887, 886, 885, 847, 850, 849, 1941, 1943, 2119, 2120, 1941, 2120, 2086, 2085, 2086, 2083, 2085, 2086, 2087, 2083, 290, 291, 289, 289, 291, 395, 395, 396, 397, 396, 432, 397, 432, 428, 397, 432, 433, 428, 628, 519, 629, 519, 509, 518, 518, 509, 516, 509, 511, 516, 785, 786, 2045, 1375, 1374, 1384, 1341, 1348, 1350, 1341, 1349, 1348, 1252, 1862, 1860, 1862, 1858, 1860, 1003, 941, 1004, 938, 887, 939, 887, 885, 886, 846, 844, 849, 845, 1941, 849, 1942, 2119, 1941, 2119, 2086, 2120, 2087, 292, 2083, 393, 396, 395, 509, 503, 511, 511, 503, 512, 760, 514, 512, 1383, 1375, 1384, 1375, 1350, 1374, 1346, 1342, 1344, 1859, 1857, 1006, 1857, 1001, 1006, 887, 888, 885, 291, 393, 395, 432, 434, 433, 433, 434, 435, 434, 436, 435, 628, 510, 519, 510, 509, 519, 510, 508, 509, 503, 501, 512, 501, 760, 512, 514, 763, 2043, 760, 763, 514, 784, 785, 2043, 784, 786, 785, 784, 788, 786, 1342, 1343, 1344, 1343, 1345, 1344, 1002, 941, 1003, 941, 940, 939, 844, 845, 849, 2087, 293, 292, 292, 293, 290, 505, 503, 509, 763, 784, 2043, 1379, 1377, 1383, 1377, 1375, 1383, 1375, 1376, 1350, 1376, 1341, 1350, 1342, 1349, 1341, 1349, 1342, 1346, 1343, 1300, 1345, 1858, 1857, 1859, 1001, 1002, 1003, 1002, 942, 941, 942, 940, 941, 939, 940, 938, 938, 937, 887, 888, 890, 885, 890, 900, 885, 900, 847, 885, 900, 843, 847, 843, 846, 847, 846, 843, 844, 845, 1939, 1941, 2086, 2088, 2087, 290, 300, 291, 293, 300, 290, 300, 393, 291, 393, 394, 396, 396, 394, 432, 436, 437, 435, 437, 626, 435, 435, 626, 628, 508, 505, 509, 1377, 1376, 1375, 1339, 1312, 1341, 1341, 1312, 1342, 1300, 1251, 1345, 1253, 1252, 1251, 1253, 1254, 1252, 1254, 1862, 1252, 1862, 1257, 1858, 1257, 1856, 1858, 1856, 1857, 1858, 942, 943, 940, 943, 935, 940, 935, 938, 940, 935, 937, 938, 889, 887, 937, 889, 888, 887, 1939, 1942, 1941, 1942, 1940, 2119, 2117, 2086, 2119, 2088, 294, 2087, 294, 293, 2087, 626, 625, 628, 628, 625, 510, 1376, 1339, 1341, 1856, 999, 1857, 999, 1001, 1857, 935, 936, 937, 936, 889, 937, 843, 841, 844, 844, 841, 845, 299, 300, 293, 300, 301, 393, 625, 506, 510, 506, 508, 510, 503, 502, 501, 786, 2240, 2241, 1379, 1378, 1377, 1378, 1338, 1377, 1338, 1376, 1377, 1312, 1301, 1342, 1342, 1301, 1343, 1300, 1253, 1251, 1256, 1862, 1254, 1256, 1257, 1862, 900, 899, 843, 899, 842, 843, 1939, 1940, 1942, 1940, 2117, 2119, 2117, 2118, 2086, 2118, 2089, 2086, 2089, 2088, 2086, 2089, 294, 2088, 294, 295, 293, 295, 299, 293, 380, 434, 432, 626, 627, 625, 501, 762, 760, 788, 2042, 786, 2042, 2240, 786, 1338, 1339, 1376, 1301, 1300, 1343, 1255, 1254, 1253, 1257, 1855, 1856, 889, 890, 888, 842, 841, 843, 845, 1938, 1939, 1938, 1940, 1939, 1937, 2117, 1940, 299, 301, 300, 301, 392, 393, 393, 381, 394, 394, 380, 432, 380, 437, 434, 434, 437, 436, 505, 504, 503, 504, 502, 503, 762, 763, 760, 764, 784, 763, 764, 787, 784, 787, 788, 784, 1338, 1336, 1339, 1336, 1340, 1339, 1339, 1340, 1312, 1301, 1299, 1300, 1299, 1253, 1300, 1299, 1259, 1253, 999, 1000, 1001, 1001, 1000, 1002, 1000, 942, 1002, 943, 934, 935, 842, 839, 841, 841, 840, 845, 840, 1938, 845, 1938, 1937, 1940, 1937, 2109, 2117, 2118, 2107, 2089, 294, 296, 295, 296, 299, 295, 392, 381, 393, 381, 380, 394, 499, 501, 502, 761, 762, 501, 762, 764, 763, 1253, 1259, 1255, 1254, 1255, 1256, 1000, 944, 942, 944, 943, 942, 943, 945, 934, 891, 890, 889, 839, 840, 841, 840, 1936, 1938, 1936, 1937, 1938, 2109, 2118, 2117, 2109, 2108, 2118, 2107, 2091, 2089, 2089, 2090, 294, 2091, 2090, 2089, 2090, 296, 294, 297, 299, 296, 299, 297, 301, 297, 392, 301, 392, 389, 381, 377, 626, 437, 627, 624, 625, 624, 506, 625, 506, 505, 508, 762, 765, 764, 1337, 1336, 1338, 1303, 1302, 1301, 1301, 1302, 1299, 1255, 1257, 1256, 1855, 1854, 1856, 944, 945, 943, 936, 901, 889, 901, 891, 889, 891, 892, 890, 892, 900, 890, 892, 898, 900, 898, 899, 900, 1937, 2111, 2109, 2108, 2107, 2118, 456, 626, 377, 506, 504, 505, 504, 498, 502, 787, 789, 788, 789, 2042, 788, 1378, 1337, 1338, 1336, 1313, 1340, 1312, 1303, 1301, 1302, 1850, 1299, 1850, 1297, 1299, 1297, 1298, 1299, 1299, 1298, 1259, 1260, 1258, 1259, 1259, 1258, 1255, 1255, 1258, 1257, 935, 933, 936, 934, 933, 935, 898, 897, 899, 899, 897, 842, 836, 839, 842, 1933, 1936, 840, 302, 391, 297, 391, 392, 297, 379, 380, 381, 379, 378, 380, 380, 377, 437, 459, 627, 626, 498, 499, 502, 761, 765, 762, 1335, 1336, 1337, 1335, 1334, 1336, 1313, 1312, 1340, 1298, 1260, 1259, 1854, 999, 1856, 998, 1000, 999, 1936, 1934, 1937, 2106, 2091, 2107, 296, 298, 297, 298, 302, 297, 391, 390, 392, 390, 389, 392, 389, 379, 381, 456, 458, 626, 459, 624, 627, 624, 507, 506, 764, 789, 787, 1380, 1713, 1378, 1378, 1750, 1337, 1750, 1335, 1337, 1312, 1311, 1303, 1258, 1852, 1257, 1257, 1852, 1855, 1852, 1854, 1855, 946, 945, 944, 893, 892, 891, 837, 840, 839, 837, 1933, 840, 1933, 1934, 1936, 1934, 2111, 1937, 2111, 2110, 2109, 2109, 2105, 2108, 2108, 2105, 2107, 2105, 2106, 2107, 376, 378, 379, 380, 378, 377, 458, 459, 626, 507, 497, 506, 497, 504, 506, 499, 500, 501, 500, 761, 501, 783, 764, 765, 2041, 2042, 789, 2042, 2239, 2240, 1378, 1713, 1748, 1748, 1750, 1378, 1854, 997, 999, 997, 998, 999, 945, 947, 934, 901, 893, 891, 897, 836, 842, 2112, 2110, 2111, 2070, 390, 391, 382, 379, 389, 378, 376, 377, 459, 507, 624, 761, 766, 765, 783, 782, 764, 2041, 2239, 2042, 1313, 1310, 1312, 1310, 1311, 1312, 1850, 1295, 1297, 1295, 1296, 1297, 1297, 1296, 1298, 1852, 1853, 1854, 1853, 997, 1854, 946, 947, 945, 898, 896, 897, 2109, 2110, 2105, 2095, 2091, 2106, 2091, 2092, 2090, 298, 303, 302, 303, 391, 302, 303, 2070, 391, 458, 460, 459, 497, 498, 504, 766, 783, 765, 782, 789, 764, 1334, 1315, 1336, 1315, 1313, 1336, 1314, 1310, 1313, 1296, 1260, 1298, 932, 934, 947, 933, 901, 936, 893, 894, 892, 892, 894, 898, 894, 896, 898, 836, 837, 839, 1934, 1935, 2111, 1935, 2112, 2111, 2095, 309, 2091, 2090, 2094, 296, 2094, 298, 296, 387, 389, 390, 379, 382, 376, 438, 456, 377, 623, 507, 459, 623, 495, 507, 495, 497, 507, 782, 790, 789, 790, 791, 789, 791, 2041, 789, 1333, 1335, 1750, 1311, 1304, 1303, 1000, 946, 944, 946, 948, 947, 948, 932, 947, 932, 933, 934, 2112, 2113, 2110, 2104, 2105, 2110, 387, 382, 389, 495, 496, 497, 496, 498, 497, 492, 499, 498, 615, 761, 500, 781, 782, 783, 1713, 1714, 1748, 1333, 1334, 1335, 1315, 1314, 1313, 1304, 1302, 1303, 1258, 1851, 1852, 933, 902, 901, 836, 834, 837, 1933, 1931, 1934, 1931, 1935, 1934, 2113, 2104, 2110, 2105, 2096, 2106, 2096, 2095, 2106, 2092, 2094, 2090, 2094, 2093, 298, 382, 371, 376, 371, 374, 376, 374, 377, 376, 374, 438, 377, 622, 623, 459, 1714, 1749, 1748, 1304, 1305, 1302, 1302, 1305, 1850, 1305, 1295, 1850, 1260, 1261, 1258, 1261, 1851, 1258, 996, 1853, 1852, 996, 997, 1853, 998, 952, 1000, 952, 946, 1000, 949, 948, 946, 932, 904, 933, 904, 902, 933, 896, 835, 897, 835, 836, 897, 835, 834, 836, 837, 838, 1933, 834, 838, 837, 838, 1931, 1933, 2104, 2096, 2105, 309, 2092, 2091, 303, 386, 2070, 386, 390, 2070, 387, 388, 382, 460, 461, 459, 461, 622, 459, 496, 492, 498, 766, 781, 783, 780, 790, 782, 1748, 1332, 1750, 1332, 1333, 1750, 1296, 1262, 1260, 1851, 996, 1852, 951, 949, 946, 902, 895, 901, 895, 893, 901, 895, 894, 893, 1931, 1932, 1935, 1932, 2112, 1935, 1932, 2113, 2112, 2102, 2104, 2113, 2092, 2093, 2094, 2093, 303, 298, 386, 387, 390, 388, 370, 382, 370, 371, 382, 458, 461, 460, 491, 615, 500, 1333, 1331, 1334, 1314, 1308, 1310, 1306, 1305, 1304, 1305, 1294, 1295, 1295, 1264, 1296, 1294, 1264, 1295, 1262, 1261, 1260, 952, 951, 946, 949, 950, 948, 950, 932, 948, 950, 931, 932, 833, 838, 834, 1932, 2114, 2113, 2114, 2102, 2113, 2102, 2103, 2104, 2104, 2103, 2096, 304, 303, 2093, 304, 305, 303, 305, 386, 303, 371, 372, 374, 492, 500, 499, 779, 781, 766, 781, 780, 782, 1748, 1747, 1332, 1316, 1314, 1315, 1310, 1309, 1311, 1309, 1304, 1311, 1296, 1264, 1262, 1851, 994, 996, 902, 903, 895, 2096, 309, 2095, 307, 2093, 2092, 387, 383, 388, 383, 370, 388, 454, 456, 438, 457, 458, 456, 615, 777, 761, 761, 777, 766, 792, 2041, 791, 1331, 1329, 1334, 1329, 1315, 1334, 1306, 1293, 1305, 1293, 1294, 1305, 991, 994, 1851, 997, 954, 998, 954, 952, 998, 931, 904, 932, 894, 835, 896, 895, 835, 894, 2103, 2097, 2096, 2097, 309, 2096, 370, 368, 371, 457, 461, 458, 621, 495, 623, 621, 618, 495, 1749, 1747, 1748, 1332, 1331, 1333, 1309, 1307, 1304, 991, 1851, 1261, 958, 954, 997, 904, 903, 902, 903, 906, 895, 2098, 2097, 2103, 309, 307, 2092, 307, 304, 2093, 305, 2069, 386, 383, 367, 370, 367, 368, 370, 496, 493, 492, 1329, 1316, 1315, 1308, 1309, 1310, 1307, 1306, 1304, 1291, 1293, 1306, 1264, 1263, 1262, 895, 832, 835, 908, 832, 895, 832, 834, 835, 832, 833, 834, 833, 1931, 838, 2114, 2100, 2102, 2102, 2101, 2103, 2100, 2101, 2102, 387, 384, 383, 375, 438, 374, 454, 455, 456, 462, 622, 461, 621, 623, 622, 495, 493, 496, 494, 493, 495, 492, 491, 500, 779, 780, 781, 1714, 1718, 1749, 1309, 1308, 1307, 994, 995, 996, 996, 958, 997, 995, 958, 996, 949, 927, 950, 927, 928, 950, 928, 931, 950, 930, 904, 931, 930, 905, 904, 905, 903, 904, 906, 908, 895, 2101, 2098, 2103, 2069, 385, 386, 386, 385, 387, 368, 372, 371, 372, 375, 374, 618, 494, 495, 792, 2040, 2041, 2041, 2040, 2239, 1749, 1718, 1721, 1316, 1308, 1314, 1262, 989, 1261, 1263, 989, 1262, 989, 991, 1261, 951, 927, 949, 928, 930, 931, 905, 906, 903, 1932, 2115, 2114, 2115, 2100, 2114, 306, 304, 307, 375, 454, 438, 455, 457, 456, 462, 619, 622, 622, 619, 621, 493, 489, 492, 1721, 1747, 1749, 1721, 1746, 1747, 1747, 1746, 1332, 1293, 1267, 1294, 1267, 1264, 1294, 1265, 1263, 1264, 989, 990, 991, 991, 992, 994, 930, 907, 905, 907, 906, 905, 327, 309, 2097, 306, 305, 304, 317, 2069, 305, 2069, 317, 385, 384, 367, 383, 368, 373, 372, 375, 453, 454, 461, 463, 462, 777, 779, 766, 779, 778, 780, 780, 792, 790, 778, 792, 780, 792, 791, 790, 1746, 1330, 1332, 1330, 1331, 1332, 1331, 1330, 1329, 1330, 1328, 1329, 1329, 1328, 1316, 1317, 1308, 1316, 992, 993, 994, 994, 993, 995, 929, 930, 928, 832, 830, 833, 833, 1930, 1931, 1931, 1930, 1932, 1930, 2115, 1932, 2100, 2099, 2101, 2098, 327, 2097, 327, 308, 309, 308, 307, 309, 307, 315, 306, 385, 384, 387, 373, 375, 372, 453, 455, 454, 463, 464, 462, 464, 619, 462, 492, 489, 491, 489, 490, 491, 491, 490, 615, 490, 777, 615, 1744, 1330, 1746, 1328, 1325, 1316, 1325, 1317, 1316, 1289, 1306, 1307, 1291, 1267, 1293, 1267, 1265, 1264, 990, 992, 991, 993, 958, 995, 830, 1929, 833, 1929, 1930, 833, 2099, 2098, 2101, 308, 315, 307, 315, 316, 306, 306, 317, 305, 364, 367, 384, 364, 365, 367, 365, 368, 367, 369, 373, 368, 373, 452, 375, 452, 453, 375, 468, 461, 457, 794, 2040, 792, 1330, 1327, 1328, 1265, 988, 1263, 925, 927, 951, 926, 928, 927, 926, 929, 928, 907, 908, 906, 385, 363, 384, 363, 364, 384, 365, 369, 368, 455, 468, 457, 468, 463, 461, 619, 620, 621, 620, 618, 621, 618, 616, 494, 777, 778, 779, 1744, 1746, 1721, 1289, 1307, 1308, 1289, 1290, 1306, 1306, 1290, 1291, 907, 909, 908, 908, 831, 832, 831, 830, 832, 829, 1929, 830, 1930, 1928, 2115, 2115, 1928, 2100, 620, 617, 618, 617, 616, 618, 494, 489, 493, 1317, 1318, 1308, 1318, 1289, 1308, 988, 989, 1263, 959, 958, 993, 952, 953, 951, 953, 925, 951, 925, 926, 927, 929, 911, 930, 911, 907, 930, 2099, 329, 2098, 327, 310, 308, 308, 314, 315, 314, 316, 315, 316, 317, 306, 490, 774, 777, 775, 792, 778, 775, 793, 792, 793, 794, 792, 794, 2039, 2040, 1319, 1318, 1317, 1267, 1266, 1265, 1266, 988, 1265, 990, 985, 992, 992, 959, 993, 958, 955, 954, 954, 953, 952, 926, 923, 929, 911, 910, 907, 910, 909, 907, 909, 831, 908, 329, 326, 2098, 326, 327, 2098, 316, 318, 317, 318, 385, 317, 361, 365, 364, 616, 487, 494, 494, 487, 489, 777, 775, 778, 774, 775, 777, 1327, 1325, 1328, 1325, 1323, 1317, 1323, 1319, 1317, 1291, 1292, 1267, 988, 986, 989, 986, 990, 989, 986, 985, 990, 985, 959, 992, 959, 957, 958, 957, 955, 958, 925, 924, 926, 830, 828, 829, 1929, 1927, 1930, 310, 311, 308, 363, 361, 364, 365, 366, 369, 369, 452, 373, 463, 465, 464, 487, 488, 489, 488, 490, 489, 488, 767, 490, 1330, 1742, 1327, 1326, 1325, 1327, 1323, 1322, 1319, 1320, 1318, 1319, 1289, 1288, 1290, 1290, 1288, 1291, 955, 953, 954, 924, 923, 926, 923, 913, 929, 929, 913, 911, 913, 912, 911, 1927, 1928, 1930, 2116, 2100, 1928, 2116, 330, 2100, 330, 2099, 2100, 311, 314, 308, 369, 451, 452, 451, 453, 452, 465, 619, 464, 1721, 1722, 1744, 1318, 1287, 1289, 1288, 1292, 1291, 831, 828, 830, 318, 362, 385, 362, 363, 385, 465, 482, 619, 482, 620, 619, 793, 2038, 794, 794, 2038, 2039, 1744, 1743, 1330, 1743, 1742, 1330, 1287, 1288, 1289, 1292, 1268, 1267, 1268, 1266, 1267, 1266, 987, 988, 921, 924, 925, 912, 910, 911, 330, 329, 2099, 312, 311, 310, 360, 361, 363, 453, 467, 455, 467, 468, 455, 468, 466, 463, 466, 465, 463, 617, 487, 616, 774, 776, 775, 776, 793, 775, 1722, 1743, 1744, 1742, 1326, 1327, 987, 986, 988, 960, 959, 985, 960, 957, 959, 956, 925, 953, 956, 921, 925, 825, 831, 909, 825, 828, 831, 330, 328, 329, 328, 326, 329, 327, 312, 310, 314, 321, 316, 316, 321, 318, 366, 451, 369, 451, 469, 453, 467, 466, 468, 617, 485, 487, 1286, 1287, 1318, 1270, 1268, 1292, 986, 984, 985, 960, 961, 957, 961, 956, 957, 956, 955, 957, 955, 956, 953, 924, 921, 923, 829, 1927, 1929, 312, 313, 311, 320, 321, 314, 362, 360, 363, 360, 356, 361, 361, 366, 365, 450, 451, 366, 450, 449, 451, 466, 481, 465, 481, 482, 465, 482, 484, 620, 620, 484, 617, 484, 485, 617, 767, 771, 490, 1927, 1926, 1928, 1928, 1926, 2116, 1926, 330, 2116, 326, 312, 327, 313, 314, 311, 449, 469, 451, 469, 467, 453, 485, 486, 487, 486, 488, 487, 774, 795, 776, 795, 793, 776, 1324, 1325, 1326, 1325, 1324, 1323, 1324, 1322, 1323, 1321, 1319, 1322, 1321, 1320, 1319, 1320, 1286, 1318, 1272, 1288, 1287, 1272, 1270, 1288, 1270, 1292, 1288, 1268, 1269, 1266, 1269, 987, 1266, 921, 922, 923, 923, 914, 913, 914, 912, 913, 910, 825, 909, 825, 826, 828, 828, 826, 829, 826, 1924, 829, 1924, 1927, 829, 1924, 1926, 1927, 312, 325, 313, 325, 338, 313, 313, 320, 314, 321, 359, 318, 318, 359, 362, 359, 360, 362, 353, 356, 360, 356, 366, 361, 771, 774, 490, 799, 795, 774, 1742, 1324, 1326, 1324, 1321, 1322, 1269, 984, 987, 984, 986, 987, 966, 960, 985, 963, 956, 961, 920, 921, 956, 920, 916, 921, 922, 914, 923, 328, 334, 326, 334, 312, 326, 359, 353, 360, 353, 354, 356, 481, 476, 482, 795, 796, 793, 796, 2038, 793, 1722, 1727, 1743, 1745, 1741, 1743, 1741, 1742, 1743, 1741, 1324, 1742, 1321, 1284, 1320, 1286, 1285, 1287, 1285, 1272, 1287, 1270, 1269, 1268, 919, 916, 920, 916, 922, 921, 313, 322, 320, 319, 321, 320, 357, 353, 359, 356, 450, 366, 450, 448, 449, 467, 475, 466, 476, 479, 482, 484, 483, 485, 483, 486, 485, 771, 773, 774, 1727, 1745, 1743, 1284, 1286, 1320, 966, 985, 984, 962, 961, 960, 963, 919, 956, 919, 920, 956, 914, 922, 916, 910, 824, 825, 1924, 1925, 1926, 322, 319, 320, 358, 359, 321, 358, 357, 359, 356, 439, 450, 439, 448, 450, 449, 470, 469, 469, 470, 467, 475, 481, 466, 796, 2037, 2038, 1722, 1724, 1727, 1272, 1271, 1270, 983, 984, 1269, 962, 963, 961, 312, 336, 325, 319, 358, 321, 351, 353, 357, 486, 767, 488, 1745, 1739, 1741, 1741, 1740, 1324, 1324, 1740, 1321, 1284, 1285, 1286, 966, 962, 960, 962, 919, 963, 962, 964, 919, 332, 328, 330, 773, 799, 774, 1739, 1740, 1741, 1273, 1271, 1272, 983, 966, 984, 912, 821, 910, 824, 823, 825, 823, 826, 825, 826, 827, 1924, 1926, 1925, 330, 1925, 332, 330, 334, 336, 312, 358, 350, 357, 354, 355, 356, 355, 439, 356, 448, 447, 449, 447, 470, 449, 470, 475, 467, 482, 483, 484, 486, 771, 767, 796, 2036, 2037, 1270, 1271, 1269, 823, 827, 826, 328, 333, 334, 332, 333, 328, 336, 337, 325, 337, 338, 325, 338, 339, 313, 339, 322, 313, 351, 352, 353, 352, 354, 353, 472, 475, 470, 475, 476, 481, 1728, 1745, 1727, 1269, 982, 983, 966, 965, 962, 962, 965, 964, 965, 919, 964, 910, 821, 824, 1925, 331, 332, 337, 339, 338, 339, 324, 322, 322, 323, 319, 319, 350, 358, 350, 351, 357, 355, 445, 439, 439, 445, 448, 448, 445, 447, 772, 773, 771, 1739, 1738, 1740, 1740, 1282, 1321, 1738, 1282, 1740, 1321, 1282, 1284, 1282, 1283, 1284, 1283, 1285, 1284, 1283, 1273, 1285, 1273, 1272, 1285, 1271, 982, 1269, 982, 981, 983, 983, 981, 966, 981, 967, 966, 967, 965, 966, 334, 335, 336, 335, 337, 336, 324, 323, 322, 323, 349, 319, 319, 349, 350, 350, 349, 351, 349, 352, 351, 352, 355, 354, 482, 479, 483, 479, 480, 483, 480, 486, 483, 480, 770, 486, 486, 770, 771, 770, 772, 771, 772, 799, 773, 1745, 1737, 1739, 1737, 1738, 1739, 1281, 1282, 1738, 1273, 1274, 1271, 980, 967, 981, 968, 965, 967, 965, 918, 919, 824, 822, 823, 827, 1922, 1924, 1924, 1922, 1925, 335, 340, 337, 344, 324, 339, 348, 352, 349, 352, 440, 355, 355, 444, 445, 444, 446, 445, 446, 447, 445, 446, 471, 447, 447, 471, 470, 471, 472, 470, 475, 477, 476, 476, 478, 479, 477, 478, 476, 478, 480, 479, 800, 799, 772, 797, 795, 799, 1726, 1728, 1727, 1724, 1726, 1727, 1728, 1737, 1745, 1281, 1280, 1282, 1282, 1280, 1283, 1280, 1275, 1283, 1283, 1275, 1273, 1275, 1274, 1273, 1274, 977, 1271, 977, 982, 1271, 977, 978, 982, 982, 978, 981, 978, 980, 981, 980, 968, 967, 968, 918, 965, 918, 916, 919, 916, 915, 914, 340, 341, 337, 337, 341, 339, 341, 343, 339, 344, 323, 324, 344, 345, 323, 345, 349, 323, 345, 348, 349, 441, 352, 348, 441, 440, 352, 440, 444, 355, 474, 477, 475, 770, 800, 772, 2035, 2243, 2036, 1737, 1281, 1738, 1274, 976, 977, 978, 979, 980, 918, 917, 916, 917, 915, 916, 917, 820, 915, 820, 914, 915, 820, 912, 914, 820, 821, 912, 821, 822, 824, 1920, 1922, 827, 1922, 1923, 1925, 1923, 331, 1925, 331, 333, 332, 333, 335, 334, 343, 344, 339, 441, 442, 440, 442, 444, 440, 473, 472, 471, 473, 474, 472, 474, 475, 472, 769, 770, 480, 797, 796, 795, 796, 2035, 2036, 1275, 1276, 1274, 974, 977, 976, 974, 978, 977, 980, 969, 968, 969, 918, 968, 333, 2009, 335, 2009, 340, 335, 340, 342, 341, 342, 343, 341, 344, 346, 345, 346, 347, 345, 347, 348, 345, 444, 810, 446, 810, 471, 446, 810, 473, 471, 474, 807, 477, 807, 478, 477, 478, 768, 480, 768, 769, 480, 769, 800, 770, 769, 802, 800, 798, 799, 800, 798, 797, 799, 1726, 1729, 1728, 1728, 1730, 1737, 1276, 976, 1274, 979, 969, 980, 918, 819, 917, 819, 820, 917, 823, 1920, 827, 347, 441, 348, 810, 808, 473, 808, 474, 473, 806, 807, 474, 2035, 2244, 2243, 1729, 1730, 1728, 1730, 1736, 1737, 1737, 1736, 1281, 1736, 1279, 1281, 1279, 1280, 1281, 1280, 1277, 1275, 1277, 1276, 1275, 1276, 975, 976, 974, 979, 978, 1920, 1921, 1922, 1921, 1923, 1922, 2009, 342, 340, 343, 2011, 344, 442, 811, 444, 811, 810, 444, 808, 806, 474, 807, 2067, 478, 2067, 768, 478, 802, 801, 800, 800, 801, 798, 798, 2032, 797, 2032, 796, 797, 2032, 2035, 796, 2032, 2034, 2035, 1733, 1279, 1736, 1279, 1277, 1280, 975, 974, 976, 972, 979, 974, 972, 970, 979, 979, 970, 969, 969, 818, 918, 970, 818, 969, 918, 818, 819, 818, 816, 819, 816, 820, 819, 820, 814, 821, 816, 814, 820, 814, 822, 821, 822, 814, 823, 814, 1920, 823, 814, 1921, 1920, 1921, 2005, 1923, 1923, 2005, 331, 2005, 2007, 331, 331, 2007, 333, 2007, 2009, 333, 342, 2011, 343, 344, 2011, 346, 2011, 2013, 346, 346, 2013, 347, 2013, 812, 347, 812, 441, 347, 812, 443, 441, 441, 443, 442, 443, 811, 442, 811, 809, 810, 809, 808, 810, 805, 807, 806, 807, 805, 2067, 2067, 804, 768, 804, 769, 768, 804, 803, 769, 769, 803, 802, 801, 2031, 798, 2031, 2032, 798, 2034, 2244, 2035, 1732, 1731, 1729, 1729, 1731, 1730, 1731, 1733, 1730, 1730, 1733, 1736, 1733, 1735, 1279, 1735, 1278, 1279, 1278, 1277, 1279, 1278, 975, 1277, 1277, 975, 1276, 975, 973, 974, 974, 973, 972, 973, 971, 972, 972, 971, 970, 970, 971, 818, 971, 817, 818, 817, 816, 818, 817, 813, 816, 816, 813, 814, 813, 815, 814, 815, 1921, 814, 815, 2004, 1921, 1921, 2004, 2005, 2004, 2006, 2005, 2005, 2006, 2007, 2006, 2008, 2007, 2008, 2009, 2007, 2008, 342, 2009, 2008, 2010, 342, 342, 2010, 2011, 2010, 2012, 2011, 2012, 2013, 2011, 2012, 2014, 2013, 2014, 812, 2013, 2014, 2015, 812, 2015, 2021, 812, 2021, 443, 812, 2021, 811, 443, 2021, 2022, 811, 2022, 809, 811, 2022, 2023, 809, 2023, 808, 809, 2023, 806, 808, 2023, 2024, 806, 2024, 805, 806, 2024, 2025, 805, 805, 804, 2067, 804, 2027, 803, 2027, 2028, 803, 2028, 802, 803, 2028, 2029, 802, 2029, 801, 802, 2029, 2030, 801, 2030, 2031, 801, 2033, 2032, 2031, 2033, 2034, 2032, 2033, 2246, 2034, 1725, 2208, 1732, 1734, 1731, 1732, 1734, 1733, 1731, 1734, 1735, 1733, 1278, 2260, 975, 2260, 2256, 975, 975, 2256, 973, 2256, 2257, 973, 973, 2257, 971, 2257, 2258, 971, 2258, 2259, 971, 971, 2259, 817, 2259, 2261, 817, 2261, 813, 817, 2261, 2262, 813, 2262, 2263, 813, 2263, 815, 813, 2263, 2004, 815, 2263, 2264, 2004, 2004, 2265, 2006, 2264, 2265, 2004, 2265, 2020, 2006, 2006, 2020, 2008, 2020, 2019, 2008, 2019, 2018, 2008, 2008, 2018, 2010, 2018, 2017, 2010, 2017, 2012, 2010, 2017, 2016, 2012, 2012, 2016, 2014, 2016, 2015, 2014, 2025, 2026, 805, 2026, 804, 805, 2026, 2027, 804, 2246, 2245, 2034, 2245, 2244, 2034, 1732, 2208, 2274, 2274, 2275, 1732, 1732, 2275, 1734, 2275, 2277, 1734, 2277, 2281, 1734, 2281, 2282, 1734, 2282, 2283, 1734, 1734, 2283, 1735, 2283, 2290, 1735, 1735, 2290, 1278, 2290, 2291, 1278, 2291, 2260, 1278, 2260, 2326, 2256, 2028, 2030, 2029, 2031, 2296, 2033, 2296, 2246, 2033, 1825, 1818, 1826, 1818, 1815, 1826, 1579, 1576, 1845, 1576, 1846, 1845, 1576, 1100, 1846, 1846, 1100, 1847, 1100, 1098, 1847, 1847, 1098, 2212, 1098, 1097, 2212, 1097, 2211, 2212, 1097, 1096, 2211, 1096, 2207, 2211, 1096, 2002, 2207, 2002, 2003, 2207, 2003, 2205, 2207, 2207, 2205, 2216, 2216, 2205, 2215, 2205, 2204, 2215, 2204, 101, 2215, 2215, 101, 103, 105, 104, 106, 2213, 1824, 1825, 1824, 1818, 1825, 1818, 1814, 1815, 1659, 1662, 1661, 1659, 1663, 1662, 1662, 1580, 1579, 1579, 1578, 1576, 1580, 1578, 1579, 1577, 1100, 1576, 1096, 2001, 2002, 2001, 2003, 2002, 2206, 2205, 2003, 2205, 2203, 2204, 2203, 100, 2204, 2204, 100, 101, 100, 102, 101, 101, 102, 103, 102, 104, 103, 104, 105, 103, 1663, 1580, 1662, 1100, 1099, 1098, 1098, 1093, 1097, 1097, 1093, 1096, 1093, 1094, 1096, 1095, 2001, 1096, 1998, 2003, 2001, 1998, 2206, 2003, 1998, 1999, 2206, 2206, 1999, 2205, 1999, 2203, 2205, 97, 100, 2203, 102, 108, 104, 1581, 1578, 1580, 1575, 1576, 1578, 1575, 1574, 1576, 1576, 1574, 1577, 1577, 1101, 1100, 1101, 1099, 1100, 1099, 1093, 1098, 1099, 1092, 1093, 1094, 1095, 1096, 1095, 2000, 2001, 2000, 1998, 2001, 2202, 2203, 1999, 2202, 97, 2203, 98, 100, 97, 100, 99, 102, 98, 99, 100, 99, 108, 102, 2213, 1823, 1824, 1823, 1818, 1824, 1823, 1819, 1818, 1819, 1817, 1818, 1818, 1817, 1814, 1817, 1816, 1814, 1659, 1583, 1663, 1583, 1580, 1663, 1583, 1581, 1580, 1581, 1582, 1578, 1582, 1575, 1578, 1573, 1577, 1574, 1577, 1573, 1101, 1101, 1102, 1099, 1092, 1090, 1093, 1090, 1094, 1093, 1090, 1095, 1094, 1090, 1089, 1095, 1089, 2000, 1095, 1997, 1998, 2000, 1998, 1995, 1999, 1997, 1995, 1998, 1995, 2202, 1999, 97, 95, 98, 95, 92, 98, 98, 92, 99, 1585, 1583, 1659, 1573, 1103, 1101, 1103, 1102, 1101, 1099, 1091, 1092, 1091, 1090, 1092, 96, 92, 95, 92, 94, 99, 94, 108, 99, 2214, 1823, 2213, 1583, 1582, 1581, 1582, 1571, 1575, 1575, 1572, 1574, 1574, 1572, 1573, 1102, 1912, 1099, 1912, 1091, 1099, 1084, 1089, 1090, 1084, 1085, 1089, 1997, 2000, 1089, 1088, 1995, 1997, 96, 79, 92, 79, 93, 92, 93, 94, 92, 1817, 1800, 1816, 1571, 1572, 1575, 1105, 1103, 1573, 1091, 1084, 1090, 1085, 1997, 1089, 1995, 90, 2202, 90, 97, 2202, 90, 95, 97, 1823, 1820, 1819, 1820, 1817, 1819, 1583, 1584, 1582, 1584, 1571, 1582, 1572, 1105, 1573, 1912, 1911, 1091, 1085, 1088, 1997, 95, 91, 96, 90, 91, 95, 91, 79, 96, 79, 94, 93, 1584, 1844, 1571, 1571, 1570, 1572, 1570, 1105, 1572, 1103, 1104, 1102, 1104, 1912, 1102, 1911, 1887, 1091, 1887, 1083, 1091, 1091, 1083, 1084, 1083, 1082, 1084, 1082, 1085, 1084, 1082, 1086, 1085, 1086, 1088, 1085, 1086, 1992, 1088, 1992, 1994, 1088, 1088, 1994, 1995, 1995, 2173, 90, 90, 2173, 87, 87, 88, 90, 88, 91, 90, 91, 80, 79, 79, 78, 94, 77, 78, 79, 1820, 1799, 1817, 1799, 1800, 1817, 1570, 1106, 1105, 1104, 1910, 1912, 1910, 1911, 1912, 88, 80, 91, 80, 77, 79, 1586, 1844, 1584, 1569, 1570, 1571, 1105, 1104, 1103, 1908, 1887, 1911, 1992, 1993, 1994, 1994, 1996, 1995, 1996, 2173, 1995, 1799, 1796, 1800, 1564, 1844, 1586, 1569, 1568, 1570, 1568, 1106, 1570, 1106, 1104, 1105, 1104, 1108, 1910, 1910, 1908, 1911, 1908, 1888, 1887, 1081, 1082, 1083, 1086, 1087, 1992, 2173, 86, 87, 87, 86, 88, 86, 89, 88, 88, 89, 80, 80, 75, 77, 2214, 1821, 1823, 1821, 1820, 1823, 1843, 1564, 1586, 1887, 1081, 1083, 1087, 1993, 1992, 2171, 86, 2173, 72, 75, 80, 1821, 1799, 1820, 1907, 1888, 1908, 1886, 1081, 1887, 1082, 1078, 1086, 1078, 1087, 1086, 1996, 2172, 2173, 89, 72, 80, 1588, 1843, 1586, 1564, 1569, 1844, 1567, 1568, 1569, 1568, 1107, 1106, 1107, 1104, 1106, 1108, 1909, 1910, 1909, 1908, 1910, 1888, 1886, 1887, 1081, 1079, 1082, 1991, 1996, 1994, 2172, 2171, 2173, 2214, 1822, 1821, 1907, 1889, 1888, 1080, 1079, 1081, 1079, 1078, 1082, 1991, 2172, 1996, 2172, 2170, 2171, 2171, 2170, 86, 2170, 85, 86, 1822, 1799, 1821, 1795, 1796, 1799, 1617, 1592, 1618, 1564, 1567, 1569, 1104, 1107, 1108, 1909, 1905, 1908, 1905, 1907, 1908, 1889, 1886, 1888, 1079, 1077, 1078, 1993, 1990, 1994, 1990, 1991, 1994, 2172, 2168, 2170, 85, 84, 86, 84, 89, 86, 75, 73, 76, 2234, 1822, 2214, 1617, 1594, 1592, 1594, 1593, 1592, 1594, 1595, 1593, 1905, 1906, 1907, 1906, 1889, 1907, 1077, 1076, 1078, 1076, 1087, 1078, 1822, 1795, 1799, 1597, 1594, 1617, 1595, 1562, 1588, 1562, 1843, 1588, 1562, 1564, 1843, 1567, 1566, 1568, 1566, 1107, 1568, 1107, 1109, 1108, 1109, 1904, 1108, 1904, 1909, 1108, 1890, 1886, 1889, 1886, 1885, 1081, 1885, 1080, 1081, 1080, 1077, 1079, 84, 72, 89, 72, 73, 75, 1599, 1597, 1617, 1594, 1561, 1595, 1904, 1905, 1909, 1906, 1891, 1889, 1890, 1884, 1886, 1080, 1075, 1077, 1087, 1990, 1993, 1076, 1990, 1087, 1990, 1988, 1991, 1989, 2168, 2172, 2170, 81, 85, 72, 71, 73, 1891, 1890, 1889, 1884, 1885, 1886, 1885, 1075, 1080, 1075, 1076, 1077, 1991, 1988, 2172, 1988, 1989, 2172, 84, 83, 72, 83, 70, 72, 70, 71, 72, 2234, 1827, 1822, 1827, 1795, 1822, 1793, 1796, 1795, 1793, 1797, 1796, 1597, 1596, 1594, 1596, 1561, 1594, 1561, 1562, 1595, 1562, 1563, 1564, 1559, 1563, 1562, 1564, 1565, 1567, 1563, 1565, 1564, 1567, 1565, 1566, 81, 84, 85, 1596, 1560, 1561, 1561, 1559, 1562, 1110, 1107, 1566, 1110, 1109, 1107, 1904, 1902, 1905, 1902, 1906, 1905, 1902, 1891, 1906, 1072, 1990, 1076, 2168, 2169, 2170, 2169, 81, 2170, 82, 83, 84, 2235, 1827, 2234, 1075, 1069, 1076, 1069, 1072, 1076, 1072, 1988, 1990, 1827, 1794, 1795, 1794, 1793, 1795, 1560, 1559, 1561, 1986, 1989, 1988, 82, 84, 81, 1566, 1111, 1110, 1111, 1109, 1110, 1111, 1112, 1109, 1109, 1903, 1904, 1891, 1892, 1890, 1882, 1885, 1884, 1074, 1075, 1885, 1069, 1070, 1072, 1070, 1071, 1072, 1072, 1986, 1988, 1071, 1986, 1072, 1794, 1792, 1793, 1599, 1598, 1597, 1559, 1558, 1563, 1882, 1074, 1885, 1074, 1069, 1075, 82, 69, 83, 1115, 1565, 1563, 1565, 1115, 1566, 1112, 1903, 1109, 1903, 1902, 1904, 1892, 1884, 1890, 1073, 1069, 1074, 1989, 2174, 2168, 1827, 1828, 1794, 1558, 1115, 1563, 1073, 1067, 1069, 1069, 1068, 1070, 1986, 2174, 1989, 2174, 2167, 2168, 2168, 2166, 2169, 2166, 81, 2169, 2235, 1828, 1827, 1557, 1559, 1560, 1559, 1557, 1558, 1115, 1113, 1566, 1566, 1113, 1111, 1113, 1112, 1111, 1882, 1073, 1074, 1987, 2174, 1986, 2167, 2166, 2168, 81, 65, 82, 1557, 1555, 1558, 1558, 1554, 1115, 1113, 1114, 1112, 1114, 1903, 1112, 1901, 1902, 1903, 1902, 1893, 1891, 1893, 1892, 1891, 1067, 1068, 1069, 1068, 1071, 1070, 2166, 2165, 81, 1556, 1555, 1557, 1555, 1554, 1558, 1894, 1883, 1892, 1883, 1884, 1892, 1883, 1882, 1884, 1883, 1880, 1882, 1880, 1881, 1882, 1881, 1073, 1882, 1071, 1984, 1986, 2165, 65, 81, 65, 69, 82, 1828, 1791, 1794, 1791, 1792, 1794, 1115, 1114, 1113, 1114, 1901, 1903, 1901, 1893, 1902, 1987, 2175, 2174, 2175, 2167, 2174, 66, 67, 69, 2232, 1828, 2235, 1447, 1116, 1115, 1116, 1114, 1115, 1881, 1065, 1073, 1073, 1065, 1067, 1984, 1987, 1986, 1791, 1790, 1792, 1554, 1447, 1115, 1114, 1117, 1901, 1117, 1900, 1901, 1900, 1898, 1901, 1898, 1893, 1901, 1893, 1894, 1892, 1879, 1883, 1894, 1879, 1880, 1883, 1064, 1065, 1881, 2165, 2166, 2167, 1789, 1791, 1828, 1790, 1782, 1792, 1555, 1553, 1554, 1879, 1878, 1880, 1878, 1881, 1880, 1984, 1985, 1987, 1985, 2175, 1987, 2175, 2164, 2167, 2164, 2165, 2167, 2232, 1829, 1828, 1829, 1789, 1828, 1789, 1790, 1791, 1065, 1066, 1067, 1066, 1068, 1067, 1068, 1981, 1071, 1981, 1984, 1071, 1982, 1985, 1984, 65, 66, 69, 65, 68, 66, 1116, 1117, 1114, 1893, 1895, 1894, 1895, 1879, 1894, 1878, 1064, 1881, 1064, 1063, 1065, 1063, 1066, 1065, 1066, 1981, 1068, 1981, 1982, 1984, 1985, 2176, 2175, 2176, 2164, 2175, 2176, 2178, 2164, 1446, 1116, 1447, 1898, 1897, 1893, 2164, 64, 2165, 2165, 64, 65, 64, 63, 65, 1789, 1786, 1790, 1786, 1784, 1790, 1790, 1784, 1783, 1553, 1552, 1554, 1552, 1448, 1554, 1448, 1447, 1554, 1446, 1118, 1116, 1118, 1117, 1116, 1900, 1899, 1898, 1899, 1897, 1898, 63, 68, 65, 2231, 1829, 2232, 1829, 1788, 1789, 1550, 1552, 1553, 1445, 1446, 1447, 1878, 1062, 1064, 1060, 1066, 1063, 1981, 1980, 1982, 1980, 1983, 1982, 1983, 1985, 1982, 2177, 2176, 1985, 2178, 2163, 2164, 2163, 64, 2164, 1448, 1445, 1447, 1117, 1899, 1900, 1895, 1877, 1879, 1877, 1878, 1879, 1062, 1063, 1064, 2231, 1788, 1829, 1788, 1786, 1789, 1786, 1785, 1784, 1445, 1443, 1446, 1897, 1896, 1893, 1893, 1896, 1895, 1896, 1877, 1895, 1062, 1060, 1063, 1066, 1980, 1981, 1983, 2177, 1985, 2159, 2163, 2178, 2161, 64, 2163, 61, 68, 63, 1550, 1450, 1552, 1450, 1448, 1552, 1117, 1119, 1899, 1118, 1119, 1117, 1876, 1878, 1877, 1876, 1062, 1878, 2177, 2178, 2176, 64, 2162, 63, 1475, 1548, 1547, 1551, 1450, 1550, 1444, 1443, 1445, 2160, 2161, 2163, 60, 61, 63, 2230, 1788, 2231, 2230, 1787, 1788, 1787, 1786, 1788, 1787, 1758, 1786, 1758, 1785, 1786, 1760, 1784, 1785, 1475, 1474, 1548, 1474, 1551, 1548, 1450, 1449, 1448, 1448, 1449, 1445, 1449, 1444, 1445, 1443, 1118, 1446, 1443, 1120, 1118, 1120, 1119, 1118, 1119, 1897, 1899, 1876, 1061, 1062, 1061, 1060, 1062, 1979, 1983, 1980, 2177, 2159, 2178, 2159, 2160, 2163, 1474, 1450, 1551, 1119, 1121, 1897, 1121, 1896, 1897, 1060, 1978, 1066, 1066, 1978, 1980, 1978, 1979, 1980, 1983, 2157, 2177, 2157, 2159, 2177, 2158, 2160, 2159, 1758, 1760, 1785, 1474, 1452, 1450, 1452, 1451, 1450, 1449, 1441, 1444, 1120, 1121, 1119, 1896, 1913, 1877, 1058, 1978, 1060, 2161, 2162, 64, 2162, 60, 63, 60, 62, 61, 2230, 1830, 1787, 1450, 1451, 1449, 1444, 1442, 1443, 1442, 1124, 1443, 1124, 1120, 1443, 1875, 1876, 1877, 1876, 1875, 1061, 1979, 2157, 1983, 2157, 2158, 2159, 2158, 2161, 2160, 2158, 2154, 2161, 2154, 2162, 2161, 1476, 1473, 1475, 1475, 1473, 1474, 1441, 1442, 1444, 1124, 1122, 1120, 1122, 1121, 1120, 1915, 1877, 1913, 1915, 1875, 1877, 1874, 1059, 1061, 1059, 1060, 1061, 1060, 1057, 1058, 1059, 1057, 1060, 1468, 1473, 1476, 1452, 1453, 1451, 1451, 1440, 1449, 1440, 1441, 1449, 1441, 1188, 1442, 1188, 1124, 1442, 1122, 1123, 1121, 1123, 1896, 1121, 58, 60, 2162, 1758, 1759, 1760, 1759, 1761, 1760, 1479, 1476, 1544, 1453, 1440, 1451, 1124, 1123, 1122, 1123, 1914, 1896, 1914, 1913, 1896, 1915, 1872, 1875, 1875, 1874, 1061, 2155, 2158, 2157, 2154, 58, 2162, 1830, 1757, 1787, 1787, 1757, 1758, 1759, 1694, 1761, 1468, 1469, 1473, 1473, 1472, 1474, 1472, 1452, 1474, 1124, 1125, 1123, 1125, 1914, 1123, 1977, 1979, 1978, 1979, 2179, 2157, 2158, 2155, 2154, 1757, 1697, 1758, 1697, 1759, 1758, 1479, 1477, 1476, 1452, 1454, 1453, 1439, 1441, 1440, 1126, 1125, 1124, 1872, 1874, 1875, 1058, 1977, 1978, 2179, 2156, 2157, 2156, 2155, 2157, 58, 59, 60, 2229, 1830, 2230, 1695, 1694, 1759, 1469, 1472, 1473, 1454, 1440, 1453, 1440, 1438, 1439, 1188, 1186, 1124, 1914, 1915, 1913, 1056, 1058, 1057, 1056, 1974, 1058, 2155, 2153, 2154, 2229, 1755, 1830, 1755, 1757, 1830, 1439, 1188, 1441, 1186, 1184, 1124, 1184, 1126, 1124, 1974, 1977, 1058, 1977, 2179, 1979, 1697, 1695, 1759, 1479, 1478, 1477, 1478, 1468, 1477, 1472, 1455, 1452, 1455, 1454, 1452, 1126, 1127, 1125, 1127, 1914, 1125, 1127, 1917, 1914, 1914, 1916, 1915, 1916, 1919, 1915, 1915, 1919, 1872, 1874, 1873, 1059, 1873, 1054, 1059, 1054, 1057, 1059, 2180, 2156, 2179, 2156, 2153, 2155, 1755, 1756, 1757, 1480, 1478, 1479, 1469, 1471, 1472, 1455, 1456, 1454, 1917, 1916, 1914, 1872, 1873, 1874, 1053, 1054, 1873, 1974, 1975, 1977, 1975, 1976, 1977, 1977, 1976, 2179, 2150, 2154, 2153, 2150, 58, 2154, 1186, 1185, 1184, 2156, 2152, 2153, 2152, 2150, 2153, 1434, 1438, 1440, 1439, 1189, 1188, 1872, 1053, 1873, 1054, 1056, 1057, 1481, 1482, 1478, 1466, 1468, 1478, 1471, 1455, 1472, 1454, 1434, 1440, 1188, 1187, 1186, 1189, 1187, 1188, 1184, 1128, 1126, 1871, 1872, 1919, 1971, 1972, 1974, 1974, 1972, 1975, 1972, 1976, 1975, 1976, 2180, 2179, 1486, 1466, 1478, 1466, 1467, 1468, 1467, 1469, 1468, 1470, 1471, 1469, 1849, 1434, 1454, 1438, 1437, 1439, 1437, 1189, 1439, 1187, 1185, 1186, 1128, 1127, 1126, 1127, 1130, 1917, 1871, 1053, 1872, 1055, 1056, 1054, 1055, 1971, 1056, 1971, 1974, 1056, 1976, 2181, 2180, 2201, 2156, 2180, 2201, 2152, 2156, 2201, 2151, 2152, 2228, 1755, 2229, 1756, 1754, 1757, 1754, 1697, 1757, 1693, 1832, 1831, 1482, 1486, 1478, 1437, 1190, 1189, 1190, 1187, 1189, 1183, 1184, 1185, 1183, 1128, 1184, 1871, 1870, 1053, 1052, 1055, 1054, 1971, 1970, 1972, 1970, 1973, 1972, 1973, 2182, 1972, 2182, 1976, 1972, 2182, 2181, 1976, 1467, 1470, 1469, 1456, 1849, 1454, 1434, 1437, 1438, 1187, 1183, 1185, 1918, 1917, 1130, 1917, 1868, 1916, 1868, 1869, 1916, 1869, 1919, 1916, 1869, 1871, 1919, 1055, 1970, 1971, 2181, 2201, 2180, 1695, 1524, 1694, 1455, 1457, 1456, 1457, 1459, 1456, 1459, 1849, 1456, 1187, 1192, 1183, 1192, 1182, 1183, 1183, 1181, 1128, 1181, 1129, 1128, 1129, 1127, 1128, 1129, 1130, 1127, 1869, 1870, 1871, 1755, 1754, 1756, 1693, 1525, 1832, 1525, 1527, 1832, 1483, 1482, 1481, 1470, 1458, 1471, 1458, 1455, 1471, 1918, 1868, 1917, 1053, 1052, 1054, 2189, 1973, 1970, 1488, 1487, 1491, 1461, 1458, 1470, 1458, 1457, 1455, 1459, 1432, 1849, 1432, 1434, 1849, 1434, 1435, 1437, 1435, 1436, 1437, 1436, 1190, 1437, 1436, 1191, 1190, 1191, 1187, 1190, 1182, 1181, 1183, 1049, 1053, 1870, 1049, 1052, 1053, 1697, 1696, 1695, 1483, 1484, 1482, 1467, 1461, 1470, 1432, 1433, 1434, 1433, 1435, 1434, 1191, 1192, 1187, 2201, 2145, 2151, 1696, 1524, 1695, 1525, 1526, 1527, 1191, 1179, 1192, 1918, 1863, 1868, 1869, 1867, 1870, 1867, 1049, 1870, 1052, 1051, 1055, 1051, 1970, 1055, 1973, 2183, 2182, 2189, 2183, 1973, 2183, 2181, 2182, 2183, 2144, 2181, 2181, 2144, 2201, 1488, 1485, 1487, 1487, 1485, 1481, 1485, 1483, 1481, 1195, 1436, 1435, 1867, 1869, 1868, 1867, 1048, 1049, 1049, 1050, 1052, 1050, 1051, 1052, 1051, 1968, 1970, 1968, 1969, 1970, 1970, 2188, 2189, 1969, 2188, 1970, 2188, 2183, 2189, 2201, 2144, 2145, 1754, 1698, 1697, 1698, 1696, 1697, 1458, 1459, 1457, 1433, 1195, 1435, 1194, 1191, 1436, 1863, 1867, 1868, 1047, 1050, 1049, 2188, 2185, 2183, 2185, 2184, 2183, 1485, 1423, 1483, 1461, 1460, 1458, 1195, 1194, 1436, 1194, 1193, 1191, 1179, 1180, 1192, 1192, 1180, 1182, 1180, 1181, 1182, 1130, 1863, 1918, 1131, 1863, 1130, 1048, 1047, 1049, 2184, 2144, 2183, 1696, 1523, 1524, 1423, 1484, 1483, 1423, 1424, 1484, 1424, 1464, 1484, 1458, 1460, 1459, 1460, 1432, 1459, 1129, 1131, 1130, 1033, 1048, 1867, 2228, 1753, 1755, 1753, 1754, 1755, 1489, 1488, 1490, 1195, 1193, 1194, 1193, 1179, 1191, 1866, 1867, 1863, 1045, 1046, 1048, 1046, 1047, 1048, 1047, 1051, 1050, 1969, 2187, 2188, 2187, 2185, 2188, 1433, 1196, 1195, 1196, 1193, 1195, 1180, 1132, 1181, 1181, 1132, 1129, 1866, 1032, 1867, 1867, 1032, 1033, 1033, 1045, 1048, 1967, 1969, 1968, 2227, 1753, 2228, 1754, 1701, 1698, 1521, 1522, 1523, 1489, 1420, 1488, 1420, 1485, 1488, 1420, 1423, 1485, 1193, 1178, 1179, 1132, 1131, 1129, 1041, 1051, 1047, 1966, 1968, 1051, 1967, 2187, 1969, 1696, 1521, 1523, 1521, 1520, 1522, 1493, 1419, 1489, 1419, 1420, 1489, 1422, 1424, 1423, 1424, 1425, 1464, 1425, 1429, 1464, 1429, 1430, 1462, 1462, 1430, 1460, 1460, 1430, 1432, 1430, 1198, 1432, 1198, 1433, 1432, 1198, 1196, 1433, 1178, 1193, 1196, 1521, 1519, 1520, 1419, 1418, 1420, 1420, 1422, 1423, 1430, 1431, 1198, 1178, 1132, 1179, 1179, 1132, 1180, 1132, 1133, 1131, 1133, 1863, 1131, 1133, 1864, 1863, 1863, 1864, 1866, 1864, 1032, 1866, 1041, 1966, 1051, 1416, 1417, 1419, 1417, 1418, 1419, 1418, 1421, 1420, 1421, 1422, 1420, 1429, 1428, 1430, 1428, 1431, 1430, 1198, 1197, 1196, 1196, 1197, 1178, 1197, 1176, 1178, 1177, 1132, 1178, 1865, 1032, 1864, 1865, 1030, 1032, 1030, 1031, 1032, 1031, 1033, 1032, 1046, 1042, 1047, 1042, 1041, 1047, 2227, 1752, 1753, 1753, 1701, 1754, 1752, 1701, 1753, 1701, 1699, 1698, 1699, 1696, 1698, 1422, 1425, 1424, 1422, 1231, 1425, 1425, 1426, 1429, 1426, 1428, 1429, 1199, 1198, 1431, 1176, 1177, 1178, 1177, 1139, 1132, 1133, 1865, 1864, 1699, 1521, 1696, 1521, 1518, 1519, 1231, 1426, 1425, 1428, 1199, 1431, 1199, 1197, 1198, 1139, 1134, 1132, 1134, 1133, 1132, 1033, 1034, 1045, 1031, 1034, 1033, 1045, 1042, 1046, 1034, 1042, 1045, 1966, 1967, 1968, 1415, 1417, 1416, 1231, 1427, 1426, 1426, 1427, 1428, 1427, 1202, 1428, 1202, 1200, 1428, 1200, 1199, 1428, 1199, 1174, 1197, 1174, 1176, 1197, 1029, 1030, 1865, 1042, 1039, 1041, 1039, 1040, 1041, 1040, 1966, 1041, 1699, 1518, 1521, 1518, 1517, 1519, 1417, 1234, 1418, 1176, 1140, 1177, 1140, 1139, 1177, 1044, 1042, 1034, 2233, 1752, 2227, 1234, 1233, 1418, 1233, 1421, 1418, 1421, 1233, 1422, 1233, 1231, 1422, 1175, 1140, 1176, 1140, 1138, 1139, 1138, 1136, 1139, 1139, 1136, 1134, 1029, 872, 1030, 1701, 1700, 1699, 1415, 1234, 1417, 1200, 1174, 1199, 1174, 1175, 1176, 1134, 1135, 1133, 872, 1031, 1030, 1044, 1043, 1042, 1043, 1039, 1042, 1752, 1702, 1701, 1234, 1232, 1233, 1206, 1202, 1427, 1141, 1140, 1175, 1141, 1138, 1140, 1136, 1135, 1134, 1135, 1865, 1133, 1043, 1037, 1039, 1700, 1518, 1699, 1172, 1173, 1174, 1173, 1175, 1174, 1173, 1141, 1175, 1137, 1136, 1138, 1031, 1035, 1034, 1035, 1044, 1034, 2233, 1706, 1752, 1702, 1700, 1701, 1200, 1201, 1174, 1201, 1171, 1174, 1171, 1172, 1174, 872, 871, 1031, 871, 1035, 1031, 1706, 1702, 1752, 1202, 1201, 1200, 1141, 1142, 1138, 1142, 1137, 1138, 1135, 1025, 1865, 1702, 1515, 1700, 1171, 1145, 1172, 1145, 1173, 1172, 1173, 1143, 1141, 1143, 1142, 1141, 1024, 1135, 1136, 1025, 1027, 1865, 1865, 1027, 1029, 1027, 1028, 1029, 1028, 872, 1029, 2219, 1706, 2233, 1203, 1201, 1202, 1170, 1145, 1171, 1145, 1143, 1173, 1704, 1703, 1702, 1703, 1515, 1702, 1143, 1144, 1142, 1137, 1024, 1136, 1024, 1025, 1135, 1706, 1704, 1702, 1145, 1144, 1143, 1142, 1023, 1137, 1201, 1169, 1171, 1169, 1170, 1171, 1023, 1024, 1137, 1028, 873, 872, 1703, 1514, 1515, 1204, 1201, 1203, 1025, 1026, 1027, 1027, 873, 1028, 1706, 1705, 1704, 1022, 1023, 1142, 1026, 873, 1027, 1704, 1705, 1703, 1705, 1391, 1703, 1391, 1514, 1703, 1391, 1393, 1514, 1144, 1022, 1142, 1204, 1166, 1201, 1166, 1169, 1201, 1166, 1168, 1169, 1146, 1145, 1170, 1169, 1146, 1170, 1146, 1144, 1145, 1147, 1022, 1144, 1022, 1020, 1023, 1020, 1024, 1023, 1024, 879, 1025, 1020, 879, 1024, 879, 1026, 1025, 2219, 1707, 1706, 1707, 1705, 1706, 1166, 1167, 1168, 1147, 1021, 1022, 1021, 1020, 1022, 2224, 1707, 2219, 1707, 1390, 1705, 1390, 1391, 1705, 1020, 880, 879, 1390, 1389, 1391, 2224, 1751, 1707, 1751, 1708, 1707, 1708, 1390, 1707, 1390, 1387, 1389, 2223, 1751, 2224, 1708, 1386, 1390, 1386, 1387, 1390, 2223, 1709, 1751, 1709, 1708, 1751, 1709, 1386, 1708, 1386, 1385, 1387, 1387, 1385, 1388, 2222, 1709, 2223, 2222, 1710, 1709, 1710, 1386, 1709, 1386, 1382, 1385, 1381, 1382, 1386, 1710, 1381, 1386, 1381, 1379, 1382, 1379, 1383, 1382, 2221, 1710, 2222, 1380, 1379, 1381, 1710, 1711, 1381, 1711, 1380, 1381, 2221, 1712, 1710, 1712, 1711, 1710, 1711, 1713, 1380, 1712, 1713, 1711, 2221, 1717, 1712, 2220, 1717, 2221, 1712, 1714, 1713, 1717, 1715, 1712, 1715, 1714, 1712, 2220, 1716, 1717, 1716, 1715, 1717, 1715, 1716, 1714, 1716, 1718, 1714, 1719, 1718, 1716, 2220, 1719, 1716, 2226, 1719, 2220, 1720, 1718, 1719, 1720, 1721, 1718, 1720, 1722, 1721, 2226, 1720, 1719, 2225, 1720, 2226, 1723, 1722, 1720, 2225, 1723, 1720, 1723, 1724, 1722, 2225, 1725, 1723, 2209, 1725, 2225, 1725, 1724, 1723, 1725, 1726, 1724, 1725, 1729, 1726, 1725, 1732, 1729, 2208, 1725, 2209]
    point3f[] points = [(-0.09751478, -0.082557574, -0.08864932), (-0.08905763, -0.08256596, -0.09840493), (-0.10368009, -0.08251231, -0.117148), (-0.090041354, -0.0825277, -0.13706423), (-0.11021306, -0.08246962, -0.14742659), (-0.07964022, -0.08259072, -0.10305818), (-0.07244042, -0.08265101, -0.13079023), (-0.076046035, -0.082607165, -0.14902572), (-0.05824078, -0.08274805, -0.14608043), (-0.058441423, -0.082772896, -0.12888512), (-0.062802516, -0.08273665, -0.106745884), (-0.05211343, -0.08287073, -0.10235281), (-0.037936233, -0.08298565, -0.1331351), (-0.040015314, -0.08289628, -0.14729483), (-0.046316262, -0.082776204, -0.15936789), (-0.06991414, -0.08261467, -0.16546369), (-0.019275177, -0.08310325, -0.14053921), (-0.0058634845, -0.08311976, -0.1527763), (0.007242877, -0.08338038, -0.12942593), (-0.07498012, -0.08275035, -0.057832994), (-0.07729634, -0.08265068, -0.07802991), (-0.08649777, -0.08262588, -0.0650398), (-0.067426056, -0.08271107, -0.089103505), (-0.064448595, -0.08282785, -0.07076588), (-0.044612825, -0.08315404, -0.058929037), (-0.051960874, -0.08293216, -0.08038308), (-0.03225159, -0.083150774, -0.09343468), (-0.045680206, -0.08298589, -0.09122833), (-0.042942323, -0.08296416, -0.1197886), (-0.007711931, -0.0834324, -0.08172066), (-0.017921716, -0.0832831, -0.09886462), (-0.019911598, -0.083182655, -0.121651225), (0.009737431, -0.08356993, -0.09174494), (-0.00006744652, -0.08342249, -0.110990286), (0.022728067, -0.083620064, -0.10795032), (0.048601154, -0.08383085, -0.10520569), (0.026363911, -0.08359729, -0.120105505), (0.046101462, -0.08370171, -0.12834492), (0.03882288, -0.083511166, -0.14450668), (0.060833875, -0.083810724, -0.13784808), (0.057199337, -0.08365179, -0.15101539), (0.038515802, -0.08339648, -0.15631346), (0.07022427, -0.08376447, -0.1567973), (0.0626389, -0.083918914, -0.11990391), (0.07705923, -0.083987266, -0.13707022), (0.08440667, -0.083944924, -0.15139121), (0.07747845, -0.083799444, -0.16443607), (0.050979428, -0.08348122, -0.16636439), (0.08885348, -0.08386279, -0.16668361), (0.07494164, -0.08368644, -0.17352709), (0.065926164, -0.08406608, -0.08969369), (0.073270574, -0.084056064, -0.109579146), (0.08185352, -0.0841199, -0.10498381), (0.08591514, -0.08406973, -0.12823337), (0.09557285, -0.084033124, -0.14419654), (0.100992024, -0.08396088, -0.15743405), (0.101948164, -0.08410974, -0.11873691), (0.11127441, -0.08412059, -0.13156892), (0.13719706, -0.08427635, -0.10938088), (0.13664374, -0.08423385, -0.12421976), (0.15747882, -0.084293745, -0.12589285), (0.18032339, -0.08427172, -0.13776077), (0.16240458, -0.08421229, -0.13975379), (0.19152209, -0.08441528, -0.12014807), (0.19540267, -0.08455049, -0.10380856), (0.22327656, -0.0845132, -0.11486194), (0.22363321, -0.08438481, -0.13026634), (0.24092327, -0.084291875, -0.14760594), (0.20773928, -0.08431788, -0.13723153), (0.23848037, -0.0844393, -0.12719077), (0.25656608, -0.08437599, -0.13760939), (0.26776353, -0.08438952, -0.143607), (0.29623184, -0.08453831, -0.1325902), (0.28415424, -0.08440318, -0.15091154), (0.26441786, -0.08429104, -0.15634064), (0.30699524, -0.08446207, -0.14735019), (0.2935151, -0.084342495, -0.16324195), (0.3210679, -0.084495395, -0.14936978), (0.32458267, -0.084441826, -0.16560501), (0.3319539, -0.0846315, -0.13931583), (0.3223019, -0.0846334, -0.12591195), (0.2642982, -0.08471639, -0.10074677), (0.25682324, -0.084555775, -0.11711671), (0.26505524, -0.0844585, -0.13006605), (0.28520977, -0.08467798, -0.10979369), (0.29048952, -0.08479309, -0.0976001), (0.30922928, -0.084770635, -0.10218954), (0.3253115, -0.08490347, -0.08377179), (0.32490295, -0.08479099, -0.09929373), (0.3051524, -0.08463583, -0.11827662), (0.3338472, -0.0850288, -0.06742587), (0.3301325, -0.08478511, -0.10362684), (0.34440967, -0.08483388, -0.13035674), (0.3369955, -0.0846269, -0.15361436), (0.33834377, -0.08459206, -0.16158995), (0.34198618, -0.08497893, -0.08837699), (0.3380053, -0.08485003, -0.10815429), (0.34792587, -0.085078984, -0.076304644), (0.35083765, -0.08497507, -0.11072992), (0.34874207, -0.08479388, -0.14674656), (0.3578355, -0.08500306, -0.11177624), (0.36457938, -0.08498521, -0.12496613), (0.35789716, -0.08486633, -0.14101142), (0.36672133, -0.084899314, -0.1399477), (0.36027038, -0.08472046, -0.1648428), (0.3666842, -0.084759586, -0.16429192), (0.3665889, -0.08463812, -0.17289856), (0.36455393, -0.08457256, -0.17480245), (0.3522881, -0.08468128, -0.16693729), (0.2949548, -0.08426209, -0.17121653), (0.22631024, -0.08424613, -0.15376557), (0.2044906, -0.08423883, -0.15101346), (0.17938472, -0.084162176, -0.15423419), (0.19180433, -0.08413881, -0.16521944), (0.2208408, -0.084181465, -0.16460168), (0.22029088, -0.08412144, -0.17172912), (0.19345842, -0.08406755, -0.17392261), (0.20801151, -0.08385381, -0.18885705), (0.19104928, -0.083940506, -0.18210521), (0.1688292, -0.083993025, -0.17571345), (0.17626517, -0.08383828, -0.18688825), (0.17513072, -0.08367288, -0.19628385), (0.2605513, -0.08420057, -0.16665292), (0.23932116, -0.08401029, -0.17928702), (0.24011107, -0.08372715, -0.19542487), (0.22042297, -0.08359529, -0.20619422), (0.24842775, -0.08357594, -0.2046037), (0.270919, -0.08410695, -0.17647423), (0.2617726, -0.08389102, -0.18612458), (0.2643912, -0.08369713, -0.19607788), (0.26610726, -0.08357639, -0.20438051), (0.25825393, -0.083520785, -0.21209638), (0.22822057, -0.083525665, -0.21371616), (0.25282645, -0.08349899, -0.22956675), (0.27395657, -0.08351851, -0.22628471), (0.26523235, -0.08349739, -0.24285305), (0.30151138, -0.08355384, -0.21189573), (0.30458766, -0.083537206, -0.2216148), (0.29089424, -0.08353149, -0.23671564), (0.31943983, -0.08355468, -0.22431865), (0.31676015, -0.08358511, -0.2118239), (0.2948668, -0.08360832, -0.20414016), (0.3149524, -0.0836655, -0.20427476), (0.33091286, -0.083700344, -0.20657118), (0.33029136, -0.08360607, -0.22858548), (0.34960133, -0.0838558, -0.21103714), (0.294954, -0.08374999, -0.1959477), (0.29714552, -0.08400939, -0.18474092), (0.31333667, -0.083862565, -0.19391355), (0.31837368, -0.08433733, -0.17245275), (0.3201447, -0.08413657, -0.18335855), (0.33545306, -0.08438543, -0.17501836), (0.3378922, -0.08402423, -0.19396491), (0.3531171, -0.08434406, -0.18440795), (0.35072947, -0.08404423, -0.19868712), (0.3645635, -0.08416499, -0.19260395), (0.36492726, -0.083902344, -0.20863856), (0.33671853, -0.08365475, -0.23185079), (0.35074997, -0.08382075, -0.21758385), (0.34947443, -0.08376338, -0.23787263), (0.30987394, -0.083522774, -0.24120858), (0.30065995, -0.083490804, -0.25806123), (0.32530674, -0.08353675, -0.25462067), (0.31832844, -0.08345558, -0.27208757), (0.32704175, -0.0834699, -0.28419328), (0.31488085, -0.08342334, -0.28620446), (0.30917194, -0.083409965, -0.29979983), (0.33159083, -0.08341148, -0.31050447), (0.30795807, -0.08331915, -0.31544656), (0.33171776, -0.08329184, -0.33022538), (0.3365265, -0.08359159, -0.26283938), (0.3349908, -0.083518565, -0.2874075), (0.3458033, -0.08365859, -0.27452826), (0.34528443, -0.0836032, -0.297644), (0.34969857, -0.08350504, -0.31849042), (0.34037653, -0.08333121, -0.33071962), (0.35544464, -0.08373656, -0.27411276), (0.35557622, -0.08367763, -0.30079573), (0.36719298, -0.08377546, -0.28523716), (0.36720714, -0.083756156, -0.3031061), (0.35618177, -0.08340323, -0.34167328), (0.32040873, -0.08322487, -0.33759215), (0.2985519, -0.083213404, -0.32818753), (0.26976123, -0.08336994, -0.30052716), (0.29845393, -0.08340962, -0.2866807), (0.27573636, -0.08337295, -0.28848827), (0.27221167, -0.08338183, -0.27716455), (0.28804874, -0.08343014, -0.27119985), (0.26473373, -0.08344056, -0.25930545), (0.25694984, -0.083402224, -0.27287352), (0.23619023, -0.083520405, -0.22171062), (0.18533556, -0.083569236, -0.20497029), (0.14252156, -0.08374945, -0.18648556), (0.16655071, -0.08407431, -0.16676332), (0.13842754, -0.08409637, -0.15064348), (0.102982886, -0.08387816, -0.16988802), (0.12865104, -0.08395728, -0.16812097), (0.106625214, -0.08376277, -0.17975341), (0.08397486, -0.08366064, -0.18092397), (0.019635277, -0.08332502, -0.14756514), (0.016080279, -0.08322408, -0.15996936), (0.011914908, -0.08318224, -0.16997036), (-0.014900856, -0.08303739, -0.1670657), (0.034905855, -0.08331882, -0.16971035), (0.020733863, -0.083181426, -0.18226402), (-0.0020602415, -0.082995206, -0.19637884), (0.023221308, -0.08309321, -0.19872105), (0.0176154, -0.08300711, -0.21346366), (0.046341926, -0.0833611, -0.1804694), (0.052714046, -0.08326867, -0.19580495), (0.042093832, -0.083168894, -0.20358709), (0.05105176, -0.08313359, -0.2166587), (0.078065194, -0.08330069, -0.20659316), (0.06479207, -0.083470784, -0.18417273), (0.08111363, -0.08345268, -0.19461961), (0.10382079, -0.08350993, -0.19695422), (0.10091903, -0.083375104, -0.20944308), (0.1436941, -0.083583586, -0.19692649), (0.12866302, -0.08348444, -0.20333773), (0.16212545, -0.083474874, -0.20890917), (0.1474435, -0.083406255, -0.21533716), (0.117570646, -0.08334737, -0.22910486), (0.15499596, -0.0833822, -0.2273983), (0.13026582, -0.08334532, -0.24245155), (0.17504162, -0.083434984, -0.22177185), (0.18034813, -0.08341168, -0.24125445), (0.15954363, -0.08337229, -0.24817206), (0.19662648, -0.08351939, -0.21209514), (0.20803684, -0.08349917, -0.22322495), (0.23552726, -0.08349491, -0.23747163), (0.21403152, -0.08347575, -0.2366965), (0.16124885, -0.08333331, -0.26162606), (0.19898501, -0.08339134, -0.26204893), (0.22863983, -0.08342314, -0.26201054), (0.2247826, -0.0833822, -0.29198134), (0.20826314, -0.083378494, -0.28089243), (0.24773525, -0.083380215, -0.28796825), (0.25117853, -0.08332481, -0.3052045), (0.28269634, -0.083285995, -0.31446683), (0.25878334, -0.08318862, -0.32279295), (0.1977714, -0.08328999, -0.30705264), (0.22186267, -0.083320335, -0.30636668), (0.23127738, -0.083223104, -0.3170309), (0.19485699, -0.08333503, -0.29320928), (0.2160209, -0.08336388, -0.29812688), (0.17163388, -0.08332393, -0.27622533), (0.11061722, -0.08332399, -0.2564094), (0.09782486, -0.083323605, -0.2193475), (0.122773476, -0.083376884, -0.21694282), (0.03605994, -0.083049364, -0.24176109), (0.059241083, -0.08315418, -0.24295633), (0.045795172, -0.08309472, -0.25820178), (0.08910206, -0.08329343, -0.23245053), (0.091331, -0.08329854, -0.24833465), (0.055389266, -0.08313466, -0.22631218), (0.070963584, -0.0832134, -0.25468433), (0.068816625, -0.08318224, -0.27647692), (0.10229222, -0.083297655, -0.2702628), (0.08296014, -0.08324836, -0.28330898), (0.1374575, -0.083296984, -0.2705781), (0.11577167, -0.08327589, -0.2889667), (0.14754066, -0.083283626, -0.2871621), (0.17579208, -0.08331434, -0.29225785), (0.16491042, -0.08323089, -0.3049453), (0.09656998, -0.083232306, -0.30345666), (0.115189925, -0.08325493, -0.29864517), (0.12857051, -0.08320628, -0.30724305), (0.08054741, -0.08322227, -0.29881915), (0.09259908, -0.08327108, -0.29229265), (0.06384534, -0.083144434, -0.2950866), (0.062588766, -0.08308615, -0.30518758), (0.05532757, -0.08311207, -0.2812442), (0.051580757, -0.08311749, -0.2675523), (0.030570729, -0.083024815, -0.27612522), (0.004187704, -0.082977906, -0.27246892), (0.018163532, -0.08298885, -0.2907753), (-0.009405936, -0.082951814, -0.28755176), (0.00045888976, -0.082974784, -0.25573692), (-0.022491919, -0.08292309, -0.24753489), (0.011852193, -0.08298093, -0.23767722), (0.014650797, -0.08297026, -0.2258652), (0.03579906, -0.083022274, -0.2284879), (-0.010790765, -0.082900494, -0.20811526), (-0.022338439, -0.0829324, -0.18977012), (-0.03654267, -0.082849786, -0.18842964), (-0.0058883093, -0.08305889, -0.1811401), (-0.038508173, -0.08284965, -0.17107527), (-0.0593413, -0.08269522, -0.17619257), (-0.100137666, -0.08248315, -0.15854424), (-0.116071016, -0.0824763, -0.12811138), (-0.13292307, -0.08248572, -0.120489575), (-0.13311152, -0.082468115, -0.13585493), (-0.13122396, -0.08250376, -0.099309646), (-0.14589362, -0.082494445, -0.11065443), (-0.15489629, -0.0824932, -0.08880224), (-0.15811022, -0.082451485, -0.1122035), (-0.17312516, -0.08248919, -0.10562456), (-0.1709315, -0.08247433, -0.13028452), (-0.19201057, -0.082573414, -0.11861681), (-0.16072473, -0.082450286, -0.13117155), (-0.14842238, -0.08248508, -0.13972248), (-0.15731642, -0.08245235, -0.15355092), (-0.18271902, -0.082544275, -0.12941982), (-0.20175199, -0.082629204, -0.14202374), (-0.22661506, -0.0826809, -0.12569146), (-0.22838452, -0.08268891, -0.14592604), (-0.24667226, -0.08271352, -0.12516916), (-0.23446122, -0.08270406, -0.088325374), (-0.25930962, -0.08279216, -0.08564708), (-0.22201762, -0.08268066, -0.07595777), (-0.2727676, -0.08286283, -0.0680138), (-0.28049245, -0.082833365, -0.087005824), (-0.29487833, -0.08292654, -0.062314015), (-0.3032356, -0.08283464, -0.08730719), (-0.27778018, -0.0827966, -0.1115295), (-0.25177926, -0.08274859, -0.10373133), (-0.26520428, -0.08275586, -0.12723795), (-0.25594938, -0.08270497, -0.15744567), (-0.27767494, -0.08275174, -0.1501857), (-0.31792834, -0.08276805, -0.13124892), (-0.29885155, -0.08280478, -0.116739556), (-0.29766673, -0.082790285, -0.14275356), (-0.31982172, -0.082786515, -0.11193353), (-0.33429617, -0.082755424, -0.13651522), (-0.33473405, -0.08279769, -0.11522787), (-0.30907458, -0.08287391, -0.07170019), (-0.28494287, -0.08297579, -0.0466122), (-0.25965622, -0.0828495, -0.06080039), (-0.30381224, -0.083053105, -0.027621033), (-0.27490732, -0.082959436, -0.038576446), (-0.29534814, -0.08305509, -0.005907063), (-0.34337106, -0.083232455, -0.010478009), (-0.3273089, -0.08312408, -0.020958921), (-0.3459504, -0.083176605, -0.039010778), (-0.3200173, -0.083044544, -0.046917044), (-0.33804855, -0.082980774, -0.06288974), (-0.32147363, -0.0829273, -0.064231336), (-0.33127543, -0.08281674, -0.07958748), (-0.31480178, -0.082825236, -0.08017673), (-0.33221373, -0.08281178, -0.09336007), (-0.34558523, -0.08295395, -0.07166638), (-0.34280384, -0.08286306, -0.082645945), (-0.3616856, -0.08303938, -0.08198834), (-0.34813443, -0.0829123, -0.094346456), (-0.34566876, -0.08287896, -0.11254834), (-0.3427742, -0.08278718, -0.14538182), (-0.35485476, -0.08292099, -0.13644946), (-0.3541565, -0.082874954, -0.16361295), (-0.34195954, -0.08274117, -0.17834975), (-0.33479175, -0.08271495, -0.16760728), (-0.32588926, -0.082734354, -0.16291639), (-0.3233883, -0.08269293, -0.17860588), (-0.33052757, -0.08262759, -0.19474274), (-0.3075909, -0.08264703, -0.19018346), (-0.31570905, -0.082569584, -0.20349738), (-0.33012992, -0.08255222, -0.21395367), (-0.30364054, -0.08256203, -0.20878267), (-0.31128576, -0.08274644, -0.17117892), (-0.31401604, -0.08277144, -0.1533942), (-0.3003838, -0.082779065, -0.16185611), (-0.2925837, -0.08270106, -0.17839539), (-0.28002125, -0.08255379, -0.20346443), (-0.28227007, -0.08272719, -0.16303709), (-0.26807696, -0.08260567, -0.18668224), (-0.25620395, -0.08250667, -0.2010655), (-0.264898, -0.08249572, -0.21339074), (-0.2869019, -0.082537375, -0.22255948), (-0.23569785, -0.08244781, -0.20598748), (-0.23671553, -0.08243507, -0.21808517), (-0.26536375, -0.08250149, -0.2312282), (-0.21788663, -0.08242316, -0.2053558), (-0.21414235, -0.08242232, -0.2276446), (-0.23382236, -0.08244833, -0.24234131), (-0.2504647, -0.08245931, -0.23822156), (-0.21584874, -0.082437895, -0.2566496), (-0.24238269, -0.082456805, -0.26189765), (-0.19478674, -0.08241122, -0.2336104), (-0.17984489, -0.08238926, -0.2709867), (-0.18361457, -0.08238683, -0.23418666), (-0.18286526, -0.08240019, -0.20603497), (-0.16750388, -0.08237444, -0.2342889), (-0.16769388, -0.08241233, -0.1949453), (-0.19993453, -0.08244451, -0.19965807), (-0.22712043, -0.08249475, -0.19071743), (-0.24425496, -0.0825468, -0.18833487), (-0.258494, -0.08265442, -0.17585717), (-0.21816193, -0.082642145, -0.16203009), (-0.21944292, -0.08257712, -0.17813374), (-0.20966391, -0.08247196, -0.19212702), (-0.18099304, -0.082460575, -0.1841573), (-0.1945379, -0.0825582, -0.16896467), (-0.18128803, -0.082515225, -0.15311821), (-0.16770078, -0.082453705, -0.16520739), (-0.14646436, -0.08246389, -0.16607933), (-0.15338075, -0.08242341, -0.19849393), (-0.12656471, -0.08247454, -0.15644412), (-0.13406405, -0.08247518, -0.18278348), (-0.11915398, -0.08250971, -0.18400607), (-0.11211542, -0.082477815, -0.16504793), (-0.10689167, -0.08251888, -0.18212606), (-0.09148373, -0.08254442, -0.17297377), (-0.09902337, -0.08258036, -0.1878689), (-0.082450725, -0.08253613, -0.16158321), (-0.08028766, -0.08260236, -0.18224442), (-0.06520676, -0.08267891, -0.18799378), (-0.07315643, -0.08267775, -0.19975159), (-0.057368457, -0.082746044, -0.20169868), (-0.034518704, -0.082809865, -0.2081254), (-0.044010423, -0.08277579, -0.21342175), (-0.017343272, -0.082860164, -0.21860904), (-0.0142632425, -0.082906194, -0.23112667), (-0.038464233, -0.08283147, -0.2389329), (-0.066102795, -0.08273451, -0.21715271), (-0.048453797, -0.082784966, -0.22765407), (-0.062334992, -0.08275249, -0.23225464), (-0.07954518, -0.08264594, -0.2313197), (-0.067732416, -0.082699366, -0.24506018), (-0.0505547, -0.08281556, -0.2555437), (-0.026395418, -0.08290548, -0.26658475), (-0.051032394, -0.082817435, -0.284087), (-0.033002254, -0.082882665, -0.28872985), (-0.033175588, -0.08287701, -0.29856023), (-0.072833285, -0.082674555, -0.2667852), (-0.06255704, -0.08275615, -0.2704063), (-0.062567234, -0.08275484, -0.30070737), (-0.085660465, -0.08261381, -0.2567536), (-0.09107871, -0.082649425, -0.20195785), (-0.09330245, -0.08263312, -0.21940552), (-0.10774514, -0.082575396, -0.20922823), (-0.10385988, -0.08252351, -0.2730506), (-0.104956, -0.08255405, -0.23381151), (-0.09075728, -0.08259487, -0.2689506), (-0.14057064, -0.08244076, -0.21494605), (-0.12373197, -0.08247688, -0.2384259), (-0.1449941, -0.082405455, -0.24566947), (-0.12711835, -0.08245825, -0.28286895), (-0.14615053, -0.082407854, -0.26952317), (-0.16154708, -0.08237548, -0.2691353), (-0.21437259, -0.08242335, -0.2697908), (-0.3151732, -0.08255451, -0.22368348), (-0.33884588, -0.082594804, -0.20716672), (-0.3510129, -0.0827719, -0.19079493), (-0.35094085, -0.082690634, -0.21110852), (-0.3614873, -0.08281269, -0.21021783), (-0.3432819, -0.08260478, -0.22750321), (-0.330819, -0.082532205, -0.23700379), (-0.34116995, -0.08255196, -0.24696925), (-0.3268537, -0.08249933, -0.25523236), (-0.31834456, -0.08252739, -0.2384396), (-0.3053808, -0.082532585, -0.25126898), (-0.29868823, -0.0825586, -0.23292847), (-0.28239772, -0.082539506, -0.2526876), (-0.26238084, -0.08250349, -0.25496867), (-0.2655065, -0.082495816, -0.2745705), (-0.23025537, -0.08242985, -0.27743575), (-0.25344032, -0.08247171, -0.28641623), (-0.20367444, -0.08239942, -0.28691423), (-0.2357891, -0.082407534, -0.29528356), (-0.20245767, -0.08236736, -0.2941233), (-0.18751748, -0.08232653, -0.3150804), (-0.19748262, -0.08234678, -0.30563313), (-0.23162965, -0.082356736, -0.30937493), (-0.23766018, -0.08231885, -0.31823432), (-0.2607655, -0.08236763, -0.31138837), (-0.2623011, -0.08232421, -0.32639363), (-0.27896753, -0.082356215, -0.32155305), (-0.28923517, -0.08245106, -0.30198172), (-0.29653874, -0.08251221, -0.2866029), (-0.2629965, -0.08244852, -0.2959862), (-0.29833007, -0.08252646, -0.272083), (-0.32328656, -0.082504064, -0.26953384), (-0.33908272, -0.0825297, -0.26236922), (-0.33110824, -0.082509965, -0.2849212), (-0.34693596, -0.08257614, -0.2838321), (-0.34688544, -0.082514495, -0.3042574), (-0.32564336, -0.082463026, -0.3045765), (-0.32415137, -0.08237793, -0.32475218), (-0.33985057, -0.08241224, -0.32030454), (-0.34581426, -0.082389295, -0.33566108), (-0.32667238, -0.082344174, -0.34358695), (-0.33802918, -0.082336456, -0.3675747), (-0.30271477, -0.08239228, -0.31848344), (-0.29822645, -0.08233197, -0.34175017), (-0.31477323, -0.08231713, -0.37838653), (-0.29945645, -0.082318544, -0.36455557), (-0.2948524, -0.08230408, -0.38193312), (-0.31370503, -0.08229381, -0.3953402), (-0.27822968, -0.08227084, -0.3932674), (-0.29161322, -0.0822665, -0.4075989), (-0.2570576, -0.082245514, -0.4064561), (-0.264028, -0.08226801, -0.4258248), (-0.23303838, -0.082268834, -0.4227426), (-0.21953402, -0.08224895, -0.4057843), (-0.23768057, -0.08226361, -0.39542574), (-0.24714002, -0.08228044, -0.38496694), (-0.21425653, -0.08230907, -0.36841494), (-0.21028112, -0.0822662, -0.38711652), (-0.18866508, -0.08228544, -0.37835363), (-0.19287987, -0.08225498, -0.40088746), (-0.1899266, -0.082267486, -0.41363016), (-0.20870069, -0.082274474, -0.4207597), (-0.15354735, -0.08230093, -0.42385012), (-0.15907547, -0.08228156, -0.41263357), (-0.14133728, -0.08231416, -0.40677395), (-0.17235166, -0.08227736, -0.39170253), (-0.1518888, -0.082316674, -0.3824903), (-0.16770218, -0.08230207, -0.3592972), (-0.18879451, -0.082326315, -0.34241417), (-0.14923982, -0.08233458, -0.36390853), (-0.13331866, -0.0823479, -0.378154), (-0.14362676, -0.0823373, -0.34346715), (-0.12630723, -0.0823651, -0.39400253), (-0.12885658, -0.082354516, -0.41547605), (-0.118708804, -0.08239916, -0.42406794), (-0.12470267, -0.08235758, -0.45273396), (-0.10933443, -0.08241558, -0.43419957), (-0.118674226, -0.0824118, -0.38741964), (-0.10887615, -0.08244524, -0.3846829), (-0.11498994, -0.082451746, -0.34852558), (-0.1283258, -0.08239688, -0.34009963), (-0.09821511, -0.08250637, -0.3755352), (-0.09593201, -0.082495324, -0.40559506), (-0.09720006, -0.08252963, -0.34885576), (-0.08237227, -0.08255903, -0.36324066), (-0.07977188, -0.0825738, -0.37441012), (-0.0876357, -0.08253449, -0.39820373), (-0.06796302, -0.08260845, -0.38587487), (-0.04534295, -0.08269999, -0.36685687), (-0.039087705, -0.082715206, -0.37700897), (-0.042987395, -0.08269253, -0.39714232), (-0.053787347, -0.082597725, -0.4236047), (-0.026822068, -0.082722455, -0.41688886), (-0.036462147, -0.08263466, -0.4376392), (-0.0206318, -0.08267935, -0.43206695), (-0.0060887546, -0.08273072, -0.41641998), (0.0034593032, -0.08268227, -0.4288154), (-0.006919614, -0.08263391, -0.44393966), (0.016286165, -0.082729325, -0.41945392), (-0.008119764, -0.08275692, -0.4080754), (0.024521677, -0.082760386, -0.4097896), (0.04532395, -0.0827501, -0.4153713), (0.035194818, -0.08264438, -0.43647814), (0.054224446, -0.082734875, -0.42636615), (0.07396888, -0.08286921, -0.41148594), (0.0508361, -0.0827844, -0.3902327), (0.032488264, -0.08274913, -0.40038234), (0.033731643, -0.08275219, -0.3793956), (0.0028952106, -0.082730696, -0.39252913), (0.019488117, -0.08275241, -0.37123933), (-0.0020069724, -0.08275873, -0.37072024), (-0.02000772, -0.08275826, -0.36238307), (-0.027396135, -0.08272924, -0.3964664), (0.0037417968, -0.08274707, -0.40128323), (0.0008680312, -0.08279752, -0.35177138), (-0.0065743276, -0.08279559, -0.33920267), (0.012900777, -0.08283967, -0.33875418), (0.0263398, -0.082798764, -0.3546544), (0.048490632, -0.08280746, -0.36236334), (0.037279826, -0.082834005, -0.3405087), (0.05828712, -0.08288535, -0.34700236), (0.07700066, -0.0828957, -0.36682996), (0.055734526, -0.08280024, -0.37437695), (0.08084908, -0.08289422, -0.38553876), (0.07317571, -0.08287472, -0.39602607), (0.09462008, -0.08292038, -0.4043708), (0.0868448, -0.082916304, -0.4217897), (0.10255648, -0.08292174, -0.4233148), (0.11492825, -0.08291706, -0.39617333), (0.1284172, -0.08290746, -0.4239594), (0.1518335, -0.0829533, -0.40107828), (0.15986666, -0.082918204, -0.42906356), (0.16866206, -0.08298151, -0.3879256), (0.13537739, -0.082928255, -0.38617024), (0.1574617, -0.08298351, -0.3636961), (0.12424037, -0.08292922, -0.3744416), (0.100119166, -0.08291911, -0.3796302), (0.10751357, -0.08295204, -0.3659745), (0.11386272, -0.082995296, -0.35406366), (0.0793627, -0.08295194, -0.35233265), (0.08298814, -0.0829653, -0.34263673), (0.14335853, -0.08297396, -0.36381537), (0.15222779, -0.08303102, -0.33986193), (0.17178117, -0.083021544, -0.3568642), (0.199868, -0.08308155, -0.36972794), (0.20096295, -0.083038636, -0.3892246), (0.19746007, -0.083027706, -0.40968746), (0.17430674, -0.082937285, -0.4296461), (0.21288246, -0.08306972, -0.42281863), (0.20328242, -0.083056755, -0.4367149), (0.2152192, -0.08306093, -0.38949803), (0.22551645, -0.08304648, -0.40172815), (0.22379886, -0.08307782, -0.43532524), (0.21541265, -0.08308408, -0.45471418), (0.23437452, -0.0830453, -0.42478326), (0.23523165, -0.083059564, -0.44933173), (0.25149938, -0.08305013, -0.44053793), (0.2420887, -0.08301784, -0.40386617), (0.23882082, -0.08302875, -0.38048464), (0.25828972, -0.08304344, -0.38322932), (0.24925943, -0.08308289, -0.35204944), (0.22206825, -0.083077006, -0.37142074), (0.2379588, -0.08307404, -0.35827872), (0.048033725, -0.08284309, -0.3327426), (0.025452144, -0.08282303, -0.33068466), (-0.0059827194, -0.08280301, -0.32702217), (-0.025111707, -0.08276923, -0.33825484), (-0.03916985, -0.082751796, -0.35058704), (-0.04699331, -0.08273067, -0.3291116), (-0.05755789, -0.08267621, -0.3592111), (-0.05956517, -0.08268196, -0.34751955), (-0.08641797, -0.08257716, -0.33846185), (-0.06165929, -0.08267205, -0.33746675), (0.023216935, -0.08260044, -0.44582102), (0.045438807, -0.08263401, -0.4474039), (-0.10508151, -0.08252394, -0.33175337), (-0.22007036, -0.08226237, -0.43527392), (-0.26034272, -0.08230467, -0.3770264), (-0.27390817, -0.08232579, -0.36207175), (-0.23769683, -0.08233914, -0.36079884), (-0.25709042, -0.08232652, -0.3367612), (-0.26958945, -0.08234047, -0.34824657), (-0.2370674, -0.082335025, -0.34535655), (-0.22227661, -0.082329184, -0.32620543), (-0.20865615, -0.08232646, -0.3407847), (-0.1767231, -0.08230968, -0.3402901), (-0.15394644, -0.082317434, -0.33137807), (-0.1588705, -0.08235566, -0.30822906), (-0.16805565, -0.08232264, -0.3180422), (-0.13472594, -0.082406454, -0.3131446), (-0.116483785, -0.082477205, -0.31406638), (-0.107755676, -0.08249977, -0.31085056), (-0.0936519, -0.08256012, -0.31314328), (-0.08376319, -0.08261652, -0.2927211), (-0.06594657, -0.08269841, -0.3165507), (-0.04263485, -0.082790114, -0.31681392), (-0.015857542, -0.08290396, -0.30180952), (-0.009227442, -0.08284254, -0.31507728), (0.009523838, -0.08290765, -0.3071512), (0.027832119, -0.082856074, -0.3168455), (0.04011776, -0.08300326, -0.29966104), (0.046966784, -0.08285881, -0.32309437), (0.065078735, -0.082920335, -0.33109137), (0.06793399, -0.0829872, -0.3192009), (0.083353154, -0.08312861, -0.3114824), (0.09739225, -0.08303544, -0.3291614), (0.113241434, -0.08301354, -0.34079483), (0.10764618, -0.083127, -0.31619632), (0.14642501, -0.08306935, -0.32485542), (0.17406675, -0.0830952, -0.3238952), (0.194173, -0.083173595, -0.32152677), (0.18012747, -0.08307414, -0.3318265), (0.20490645, -0.08310554, -0.33370256), (0.18878268, -0.08309258, -0.34403497), (0.2095633, -0.08312235, -0.34424576), (0.18632117, -0.083071835, -0.35817742), (0.21801275, -0.08312588, -0.3557413), (0.20113961, -0.08312579, -0.3532463), (0.22616659, -0.08310353, -0.34058917), (0.23497695, -0.08311828, -0.32950243), (0.2682786, -0.08313663, -0.33585092), (0.26855862, -0.083093755, -0.36935815), (0.28483152, -0.08315715, -0.35011542), (0.26544103, -0.08313009, -0.34942332), (0.2878553, -0.08311989, -0.37213138), (0.29269767, -0.08308429, -0.38835996), (0.28313464, -0.08304253, -0.3995431), (0.31209448, -0.08311506, -0.3767087), (0.29720786, -0.08317036, -0.3388958), (0.30369902, -0.08314215, -0.35520452), (0.3192952, -0.08315932, -0.35256103), (0.32866982, -0.083163984, -0.36018893), (0.34127897, -0.08325014, -0.3496503), (0.3333693, -0.08315263, -0.38595057), (0.3435282, -0.08320232, -0.39088517), (0.35254177, -0.08324668, -0.40010625), (0.364331, -0.083252974, -0.42928526), (0.35181665, -0.08315312, -0.43744707), (0.36441082, -0.083150536, -0.448467), (0.3351794, -0.08308935, -0.4360402), (0.34599915, -0.08306122, -0.4643554), (0.33134273, -0.08302514, -0.4631804), (0.31774542, -0.083062075, -0.4348329), (0.32151714, -0.083107196, -0.41116545), (0.25485775, -0.08301357, -0.39826873), (0.2690755, -0.083079346, -0.44839716), (0.25586483, -0.08305191, -0.45799446), (0.27868736, -0.08305043, -0.408817), (0.28359655, -0.08307841, -0.42377698), (0.2603097, -0.0830381, -0.41770375), (0.29997304, -0.083083704, -0.4217664), (0.29372838, -0.08306223, -0.4410233), (0.31860554, -0.08301121, -0.46713597), (0.2988706, -0.08303444, -0.46544707), (0.27835375, -0.08306264, -0.459734), (0.19016272, -0.08299039, -0.43613702), (0.14201927, -0.08287938, -0.4368401), (0.10245144, -0.082881086, -0.43860435), (0.0711516, -0.082838714, -0.4257521), (0.06705118, -0.082765535, -0.4452687), (0.08389087, -0.082863696, -0.44214568), (0.084506646, -0.08282453, -0.46253), (0.11567011, -0.08279522, -0.47217906), (0.091706395, -0.082778074, -0.47452137), (0.11934603, -0.082831234, -0.46010917), (0.13921778, -0.082817584, -0.46228287), (0.16283295, -0.08285778, -0.45788762), (0.16117646, -0.082804024, -0.47327134), (0.096270606, -0.08273169, -0.48360097), (0.1322268, -0.08275071, -0.48363665), (0.13669185, -0.08276947, -0.48706144), (0.07839522, -0.08271086, -0.48704788), (0.17366129, -0.082803264, -0.48369572), (0.17138405, -0.08282271, -0.49257806), (0.17984489, -0.08286885, -0.46464747), (0.19990985, -0.083003305, -0.459315), (0.19250473, -0.08290543, -0.4754044), (0.19522315, -0.08293005, -0.48603463), (0.22741425, -0.083031535, -0.46920532), (0.21720788, -0.083002806, -0.4827854), (0.23514748, -0.083040155, -0.48607075), (0.2525422, -0.08302805, -0.4820121), (0.25492665, -0.08303028, -0.4682292), (0.2799083, -0.08301741, -0.48266998), (0.3132937, -0.083008625, -0.4860835), (0.33333212, -0.08301078, -0.48611706), (0.34259433, -0.08303842, -0.49240866), (0.2069768, -0.08302965, -0.49236143), (0.12524198, -0.08276878, -0.49234408), (0.080717534, -0.0827418, -0.49218613), (0.07444809, -0.08272447, -0.47470683), (0.05760099, -0.08267424, -0.46141365), (0.04770137, -0.08261023, -0.468092), (-0.056159772, -0.082539424, -0.44410852), (-0.042140484, -0.082587555, -0.45380118), (-0.07657957, -0.0825609, -0.3967753), (-0.099886864, -0.08246087, -0.43298104), (-0.0777768, -0.08252812, -0.4233912), (-0.07463276, -0.08250639, -0.44527858), (-0.0551115, -0.082552835, -0.46343493), (-0.0783052, -0.082516216, -0.45945027), (-0.059937865, -0.08251713, -0.47461158), (-0.08849235, -0.08246357, -0.4836125), (-0.04928896, -0.082520455, -0.48323178), (-0.05381387, -0.08256368, -0.49007237), (-0.07965274, -0.08249421, -0.4753491), (-0.03285955, -0.08256024, -0.47537026), (0.0025287892, -0.08254914, -0.48324698), (-0.020503508, -0.08259216, -0.4901133), (-0.022408912, -0.08261775, -0.46186775), (-0.011094269, -0.08258754, -0.4726412), (-0.00072697137, -0.08261409, -0.45860875), (0.0098797, -0.08256623, -0.475362), (0.024687206, -0.08258711, -0.46173257), (0.04002113, -0.08256744, -0.48056167), (0.059179254, -0.08261713, -0.48347652), (0.04517549, -0.08263278, -0.4961366), (0.021822203, -0.082579285, -0.4880319), (-0.075627886, -0.0825216, -0.49011412), (-0.10503503, -0.0824171, -0.46508393), (-0.093222015, -0.08246942, -0.4630285), (-0.14658391, -0.08229685, -0.44351873), (-0.1843643, -0.082268886, -0.43699634), (-0.16444714, -0.082264744, -0.44967782), (-0.15035433, -0.082288966, -0.46606672), (-0.17059307, -0.082292, -0.475158), (-0.17749332, -0.08227257, -0.4546465), (-0.21166979, -0.08230063, -0.45272136), (-0.29496303, -0.082284644, -0.41675693), (-0.35365483, -0.08240729, -0.36517113), (-0.352601, -0.08239817, -0.39291462), (-0.33836153, -0.08231989, -0.4014857), (-0.3177378, -0.08229546, -0.42136064), (-0.33264768, -0.082322106, -0.4292842), (-0.31758752, -0.0823196, -0.44328484), (-0.2840815, -0.08229612, -0.4464037), (-0.26914907, -0.08230282, -0.47306496), (-0.28343052, -0.08231875, -0.47093317), (-0.24704352, -0.08228492, -0.44922835), (-0.2521604, -0.0823091, -0.4719319), (-0.23397763, -0.082331404, -0.46403238), (-0.22381748, -0.08233799, -0.47622117), (-0.21164684, -0.08234374, -0.46593818), (-0.19745448, -0.08233045, -0.47415018), (-0.19161107, -0.08231178, -0.46178287), (-0.14507128, -0.08232833, -0.48119095), (-0.118548155, -0.0824128, -0.48090643), (-0.13489848, -0.08242285, -0.49574786), (-0.16710284, -0.082284674, -0.48379365), (-0.15853673, -0.08232326, -0.48816258), (-0.18250845, -0.08232615, -0.4874321), (-0.21064569, -0.0823273, -0.48377222), (-0.21179767, -0.08235513, -0.4886794), (-0.24618237, -0.08231756, -0.4867816), (-0.2776385, -0.08230379, -0.48385158), (-0.26579812, -0.08232934, -0.4904709), (-0.3121195, -0.08233492, -0.47595343), (-0.33530036, -0.0823451, -0.48379657), (-0.34540993, -0.08238545, -0.47439498), (-0.35204744, -0.082416505, -0.45913276), (-0.32356766, -0.082353875, -0.46286118), (-0.3435109, -0.08236496, -0.43657684), (-0.35971603, -0.082451515, -0.44827473), (-0.35762292, -0.08243972, -0.42566857), (-0.36138675, -0.08245906, -0.39968336), (-0.36349908, -0.08249522, -0.37471464), (-0.36477712, -0.08254007, -0.32779765), (-0.35896882, -0.08258755, -0.30536112), (-0.3537058, -0.08245192, -0.32467332), (-0.35872152, -0.082662635, -0.28739575), (-0.3614677, -0.08271504, -0.2620945), (-0.35258263, -0.082631394, -0.25503704), (-0.3591763, -0.08272479, -0.23698767), (-0.3615793, -0.082901515, -0.18070894), (-0.3651918, -0.083445095, 0.114901915), (-0.3616801, -0.08336771, 0.07629572), (-0.3650559, -0.08342659, 0.0602553), (-0.36169663, -0.08338095, 0.13372807), (-0.36516595, -0.0834844, 0.17928714), (-0.36165935, -0.08343578, 0.18747756), (-0.3549793, -0.08335884, 0.15551642), (-0.35119057, -0.08333785, 0.12129471), (-0.3398298, -0.08333904, 0.09229103), (-0.35072505, -0.08335138, 0.07455058), (-0.33765572, -0.083308175, 0.06230004), (-0.3254425, -0.08332864, 0.07995345), (-0.30372334, -0.0832752, 0.07459917), (-0.30457506, -0.083180495, 0.054648157), (-0.33433017, -0.08327624, 0.045101155), (-0.28531966, -0.08314484, 0.06131002), (-0.2853845, -0.08306655, 0.04595589), (-0.2599652, -0.0830639, 0.05553549), (-0.27090374, -0.08318496, 0.06965041), (-0.24229458, -0.08306576, 0.06304578), (-0.23598526, -0.08290822, 0.0411782), (-0.21158302, -0.082903214, 0.046920832), (-0.21911794, -0.0830193, 0.062413078), (-0.1937455, -0.08292512, 0.056096736), (-0.19320878, -0.08278999, 0.04163852), (-0.21470247, -0.08280395, 0.029649029), (-0.17219204, -0.08277553, 0.051050484), (-0.17037727, -0.08261875, 0.037280876), (-0.1582309, -0.08269663, 0.047526382), (-0.16594651, -0.082913175, 0.060764264), (-0.15076137, -0.08291512, 0.06063478), (-0.14084797, -0.082760006, 0.048558243), (-0.15147144, -0.08260828, 0.038003802), (-0.13002855, -0.08292558, 0.056182977), (-0.13349502, -0.08315613, 0.070549), (-0.11233491, -0.0831136, 0.05762126), (-0.1258946, -0.082685344, 0.04127756), (-0.12072018, -0.0833111, 0.07211566), (-0.110474445, -0.083442815, 0.072580114), (-0.09762051, -0.08342795, 0.06546859), (-0.085391834, -0.083454326, 0.062461372), (-0.102206856, -0.082963, 0.046301708), (-0.088514335, -0.08369769, 0.07592553), (-0.06870742, -0.083852485, 0.07273756), (-0.07332841, -0.083475, 0.058029953), (-0.079748265, -0.08308264, 0.044396244), (-0.065712765, -0.08346067, 0.052556437), (-0.058147352, -0.08350684, 0.04685589), (-0.05123185, -0.08378921, 0.05548422), (-0.038338993, -0.08387609, 0.045322735), (-0.059051447, -0.08339212, 0.03453299), (-0.039614413, -0.08378718, 0.036602963), (-0.032294765, -0.083825484, 0.027012007), (-0.037736855, -0.083721034, 0.017073365), (-0.013779877, -0.08399798, 0.030709852), (-0.025025869, -0.08382911, 0.015627816), (-0.014578113, -0.084051184, 0.042742535), (-0.015869629, -0.084164485, 0.05262996), (0.0033119386, -0.084242634, 0.04380215), (0.0069214078, -0.08447403, 0.059038904), (-0.020127138, -0.08438104, 0.068876974), (-0.041628618, -0.08402577, 0.059023358), (-0.03820771, -0.08420828, 0.067161195), (-0.053067222, -0.083982855, 0.06661681), (-0.045112256, -0.08427205, 0.07691101), (-0.06226859, -0.084046446, 0.07904557), (-0.04154726, -0.084363826, 0.08497487), (-0.06247519, -0.08408885, 0.08710227), (-0.08965356, -0.08380503, 0.088210024), (-0.094193056, -0.0837214, 0.08135958), (-0.11132391, -0.08361625, 0.08924899), (-0.11645101, -0.08350653, 0.08143856), (-0.12970787, -0.083379164, 0.08537721), (-0.12398055, -0.0834335, 0.11529063), (-0.13473454, -0.08333979, 0.11019301), (-0.14399229, -0.08328868, 0.08988603), (-0.15988311, -0.083214715, 0.10022429), (-0.15741755, -0.08321382, 0.08623043), (-0.17474526, -0.08318925, 0.09721849), (-0.1802441, -0.08318971, 0.086596936), (-0.19567971, -0.08316934, 0.091919675), (-0.20668422, -0.08314002, 0.080015264), (-0.2189819, -0.08313478, 0.08843816), (-0.20024513, -0.08310259, 0.07147196), (-0.18983655, -0.083033025, 0.06535196), (-0.18183224, -0.0831528, 0.07854226), (-0.16510865, -0.08306352, 0.071247704), (-0.15629703, -0.08315457, 0.078280106), (-0.19153003, -0.083174035, 0.102031656), (-0.21205936, -0.08316916, 0.105388016), (-0.2249234, -0.08316992, 0.100423716), (-0.22009468, -0.08320385, 0.12068436), (-0.2365524, -0.08321423, 0.11043558), (-0.23990422, -0.083184734, 0.09084275), (-0.2529922, -0.083218545, 0.09886927), (-0.24984606, -0.08317925, 0.07788575), (-0.27109328, -0.08324063, 0.08160685), (-0.2946718, -0.083291054, 0.08944731), (-0.2637336, -0.083213285, 0.1062316), (-0.31032082, -0.0832933, 0.10248718), (-0.28473294, -0.08324844, 0.11498715), (-0.31904435, -0.08329041, 0.13906397), (-0.33623764, -0.08330815, 0.14242856), (-0.31702527, -0.083275445, 0.16514628), (-0.34662727, -0.08332982, 0.16600183), (-0.34765851, -0.08338232, 0.19276266), (-0.32277697, -0.0833072, 0.1863631), (-0.30368167, -0.083291344, 0.17998363), (-0.29258218, -0.083250165, 0.1603857), (-0.30356333, -0.08327045, 0.14262441), (-0.28565252, -0.08323078, 0.13610506), (-0.27873084, -0.083235234, 0.15454532), (-0.2661852, -0.083222814, 0.17437224), (-0.26141024, -0.08321069, 0.1507514), (-0.2472194, -0.083207354, 0.15820612), (-0.24131791, -0.083183125, 0.14330661), (-0.26137722, -0.08319923, 0.12684059), (-0.24572629, -0.083195046, 0.12445068), (-0.22684437, -0.08320732, 0.13388142), (-0.20844842, -0.0832125, 0.13719556), (-0.19338909, -0.083204255, 0.123838276), (-0.17766076, -0.0832227, 0.13975203), (-0.15918587, -0.08322496, 0.1313424), (-0.17151897, -0.08322437, 0.115759075), (-0.14730632, -0.08326014, 0.11743599), (-0.13948646, -0.08328409, 0.13285507), (-0.13069887, -0.08333759, 0.15037546), (-0.14393686, -0.083255775, 0.15302509), (-0.13471128, -0.08333956, 0.1659274), (-0.15461467, -0.08327157, 0.16896276), (-0.15882881, -0.0832279, 0.15772168), (-0.1801735, -0.08325823, 0.17341392), (-0.17967734, -0.08323862, 0.15542993), (-0.19857097, -0.08325305, 0.17101598), (-0.19238494, -0.083241865, 0.14864726), (-0.20403269, -0.08321327, 0.15341006), (-0.21983513, -0.08321625, 0.16264218), (-0.22394058, -0.08320241, 0.14925225), (-0.23787498, -0.083244726, 0.17663553), (-0.23722784, -0.08328115, 0.18715173), (-0.27449596, -0.083250344, 0.18442422), (-0.25002933, -0.08331187, 0.19421875), (-0.2772925, -0.08332012, 0.19689079), (-0.29421005, -0.08329587, 0.19418353), (-0.27865243, -0.083342426, 0.2090018), (-0.2486997, -0.08335188, 0.2059031), (-0.270605, -0.083376944, 0.23008841), (-0.29944867, -0.083353885, 0.2320396), (-0.2969184, -0.08333739, 0.2161483), (-0.32027817, -0.08334098, 0.21621718), (-0.3092567, -0.083345465, 0.20869786), (-0.32340977, -0.08331306, 0.2015985), (-0.33182552, -0.08333298, 0.21618317), (-0.31982657, -0.08334582, 0.24822111), (-0.3322661, -0.08333534, 0.25287518), (-0.34031036, -0.083357744, 0.22836164), (-0.3543194, -0.083442286, 0.22488362), (-0.36158848, -0.08347097, 0.24080832), (-0.36539394, -0.083524555, 0.25248605), (-0.36151594, -0.08349429, 0.27884248), (-0.36552584, -0.08358363, 0.2972771), (-0.35787898, -0.08349183, 0.29928982), (-0.36553234, -0.083539024, 0.32576984), (-0.3504442, -0.08347275, 0.3187925), (-0.34208444, -0.08339148, 0.3000786), (-0.3440268, -0.083363965, 0.2806672), (-0.35164222, -0.0834159, 0.25731996), (-0.34328166, -0.08337192, 0.2490758), (-0.33371764, -0.083318435, 0.27591553), (-0.33296415, -0.08334281, 0.2921679), (-0.3227791, -0.083327, 0.2830356), (-0.30610368, -0.08335279, 0.27134418), (-0.2817631, -0.0833912, 0.25308338), (-0.27918294, -0.0833777, 0.27032194), (-0.29044074, -0.083360724, 0.2907279), (-0.26972497, -0.083364, 0.2931514), (-0.2516852, -0.0833308, 0.27561736), (-0.25441888, -0.08335966, 0.26528198), (-0.23386483, -0.083330445, 0.26249287), (-0.25517476, -0.08337429, 0.24443123), (-0.25525826, -0.08336221, 0.22642806), (-0.23338172, -0.083330296, 0.24136138), (-0.23943825, -0.08333037, 0.22083823), (-0.21765485, -0.083329596, 0.22295392), (-0.20496832, -0.083360106, 0.20168296), (-0.19970523, -0.08335382, 0.19342184), (-0.16627677, -0.08345248, 0.20277396), (-0.1784571, -0.08333213, 0.18627307), (-0.14472468, -0.08350339, 0.20006801), (-0.14916569, -0.08336174, 0.18137105), (-0.13335663, -0.083485596, 0.18846497), (-0.12557904, -0.08341049, 0.16769096), (-0.118422456, -0.08359111, 0.18766129), (-0.122331545, -0.083640315, 0.20777646), (-0.102081195, -0.083754785, 0.20065585), (-0.09982299, -0.08372543, 0.18220565), (-0.11274773, -0.08358423, 0.1713612), (-0.09589835, -0.08371131, 0.15458761), (-0.11344829, -0.083536126, 0.15377562), (-0.118879534, -0.083467595, 0.14247978), (-0.11294119, -0.08357215, 0.12617625), (-0.104197234, -0.083666615, 0.11830521), (-0.091768265, -0.083767064, 0.104509264), (-0.08112098, -0.08385018, 0.12017379), (-0.07340341, -0.08391815, 0.10506869), (-0.08131386, -0.08386361, 0.09554076), (-0.064271346, -0.08403647, 0.09646191), (-0.042220626, -0.08432959, 0.09372971), (-0.04839785, -0.08421174, 0.10826483), (-0.029291147, -0.08438952, 0.111207), (-0.018812815, -0.08447158, 0.10265118), (-0.009320481, -0.08459184, 0.09310685), (-0.008594162, -0.08464904, 0.08475702), (-0.032070626, -0.084423296, 0.07915639), (-0.00327567, -0.084659256, 0.077512875), (-0.0013840166, -0.0845785, 0.06998831), (0.021517294, -0.08481758, 0.07307652), (0.04161731, -0.08489906, 0.06630606), (0.035421275, -0.08468216, 0.051506817), (0.056001987, -0.0850128, 0.064536795), (0.06378873, -0.08491601, 0.05017213), (0.034411464, -0.08461215, 0.040119596), (0.01394141, -0.0843593, 0.040983263), (0.0034381484, -0.08419743, 0.03141118), (0.008327975, -0.08425961, 0.022257127), (0.004634382, -0.08414573, 0.014047128), (0.027943619, -0.084493406, 0.020279855), (0.027338615, -0.08436077, 0.010449605), (0.050815232, -0.08467122, 0.018388923), (0.04031296, -0.08465392, 0.025991857), (0.01877359, -0.08441483, 0.02692163), (0.022411203, -0.0844575, 0.03429173), (0.06016283, -0.0848183, 0.037711978), (0.05629138, -0.084779665, 0.027907414), (0.066901006, -0.08480945, 0.020579098), (0.07909541, -0.08496639, 0.037126817), (0.0898971, -0.085001886, 0.029801475), (0.07935517, -0.08484502, 0.013941712), (0.07813094, -0.08475043, 0.007682896), (0.09699581, -0.084953174, 0.015652038), (0.116347566, -0.08509062, 0.028498786), (0.12628268, -0.085083134, 0.018277047), (0.10860596, -0.08490295, 0.006523772), (0.1342668, -0.0849893, 0.0009098173), (0.14684245, -0.085084334, 0.0063887346), (0.15840892, -0.08503931, -0.008781711), (0.15166059, -0.085175455, 0.02065585), (0.17952356, -0.08523876, 0.009774517), (0.17206812, -0.08525774, 0.036640204), (0.18973087, -0.08533225, 0.031494543), (0.20408328, -0.08535257, 0.010834078), (0.2105251, -0.085406795, 0.026688796), (0.22003698, -0.0853938, 0.010911286), (0.2006714, -0.08526261, -0.00743305), (0.2339951, -0.08536762, 0.0038770637), (0.22737902, -0.08529239, -0.017139615), (0.25781924, -0.085347846, -0.0035035335), (0.2509929, -0.08531051, -0.024599086), (0.2395957, -0.08529149, -0.03321011), (0.2640323, -0.08532995, -0.031518657), (0.2367203, -0.08542736, 0.024169605), (0.25275654, -0.08539314, 0.02698284), (0.27035165, -0.08537133, 0.018699873), (0.28008795, -0.08532969, -0.007418769), (0.2900098, -0.085340194, 0.015469817), (0.30358806, -0.08526931, 0.0017046523), (0.29853356, -0.08529749, 0.02291102), (0.28955486, -0.08531278, 0.033005897), (0.30288038, -0.08525077, 0.043379374), (0.3180286, -0.08521202, 0.019092219), (0.32329538, -0.08518464, 0.04134301), (0.33508146, -0.08518187, 0.0400548), (0.33521822, -0.0851825, 0.018139537), (0.32043287, -0.08519583, 0.0004216429), (0.30176696, -0.085265234, -0.019957645), (0.33386692, -0.08516741, -0.02754418), (0.3430279, -0.08520155, 0.016829075), (0.34390247, -0.08518517, 0.049961753), (0.3367709, -0.08509904, 0.073147014), (0.34936413, -0.08509219, 0.08178765), (0.3542619, -0.08511307, 0.06849008), (0.35104093, -0.08518865, 0.04780958), (0.35222322, -0.08520393, 0.021827389), (0.36456558, -0.08516794, 0.03967613), (0.36450553, -0.085045956, 0.06613338), (0.36478716, -0.084971845, 0.10617417), (0.34726542, -0.08504043, 0.10167115), (0.3645885, -0.085004546, 0.13245232), (0.3487005, -0.08503, 0.12634324), (0.3408749, -0.08499641, 0.113803856), (0.33717248, -0.08497107, 0.12448298), (0.3173649, -0.084865674, 0.12045219), (0.32773018, -0.084874064, 0.13286905), (0.31745958, -0.084799334, 0.13679099), (0.28967053, -0.084781885, 0.12978922), (0.30069974, -0.08484507, 0.11374184), (0.27408978, -0.08482579, 0.121458106), (0.26507908, -0.08476203, 0.13532168), (0.2530255, -0.08477623, 0.1308628), (0.24780744, -0.084808245, 0.121027105), (0.23801196, -0.08473118, 0.13365842), (0.22770451, -0.08475678, 0.12463104), (0.236309, -0.08465786, 0.15568659), (0.21466012, -0.08475226, 0.12999257), (0.20375925, -0.08481655, 0.120262906), (0.19030933, -0.08484223, 0.12299348), (0.18133684, -0.08502562, 0.1069518), (0.17230543, -0.084955275, 0.119968906), (0.16924308, -0.0852094, 0.09655723), (0.16144179, -0.08507015, 0.113137744), (0.15755206, -0.085219026, 0.099343315), (0.15477805, -0.08496153, 0.123235546), (0.14648885, -0.08522681, 0.097810514), (0.13350353, -0.085123084, 0.10376267), (0.1239773, -0.085232, 0.09058373), (0.11435763, -0.085022815, 0.10417131), (0.08233697, -0.08510466, 0.09781823), (0.09817377, -0.08519359, 0.08973106), (0.06591107, -0.08517268, 0.08987968), (0.05377984, -0.08490678, 0.110116206), (0.04705122, -0.08510362, 0.09138295), (0.033779576, -0.08483061, 0.10136903), (0.01536824, -0.08482198, 0.08885907), (0.019559655, -0.0847211, 0.10151835), (0.010337783, -0.08461637, 0.108457245), (0.02317938, -0.08462874, 0.11960003), (0.03818497, -0.08475529, 0.11326622), (0.031805195, -0.08466503, 0.124154724), (0.019823613, -0.08460003, 0.13215864), (-0.0035141367, -0.084516704, 0.11871108), (0.0030908454, -0.08455692, 0.13550323), (-0.02558972, -0.08439439, 0.13317117), (-0.0072643436, -0.0844988, 0.14782962), (-0.0367584, -0.08432989, 0.14958142), (-0.04323058, -0.084274165, 0.13052012), (-0.048396584, -0.08420671, 0.16433878), (-0.05973351, -0.08407262, 0.14580707), (-0.06308098, -0.084033266, 0.123231865), (-0.07577448, -0.083872706, 0.1453135), (-0.08748891, -0.08377558, 0.1377746), (-0.084257096, -0.08377778, 0.16337065), (-0.06889232, -0.08393646, 0.16573901), (-0.07283567, -0.08390468, 0.17909528), (-0.08507201, -0.083811015, 0.18797366), (-0.07313108, -0.083910935, 0.1972071), (-0.055370897, -0.084082685, 0.18906082), (-0.057495233, -0.08400222, 0.20706348), (-0.08083924, -0.083847456, 0.21341377), (-0.064396955, -0.083935864, 0.21985199), (-0.053429008, -0.084024, 0.22558448), (-0.024106756, -0.08416215, 0.22273728), (-0.02993193, -0.08418333, 0.20941654), (-0.044418775, -0.084159836, 0.19683568), (-0.03548936, -0.084274575, 0.18896459), (-0.041484676, -0.08427386, 0.17366804), (-0.035212345, -0.08431724, 0.17365341), (-0.022030704, -0.08437564, 0.17179473), (-0.010865968, -0.08445146, 0.16045044), (0.0050274343, -0.084517255, 0.17305467), (0.0148639, -0.084586896, 0.16503738), (0.013639348, -0.084598005, 0.1473539), (0.028284568, -0.084633775, 0.16525428), (0.02805749, -0.08464532, 0.1380954), (0.04177967, -0.08475737, 0.13958727), (0.04565851, -0.08477958, 0.12748721), (0.055558927, -0.084829845, 0.13806987), (0.065768674, -0.08483878, 0.12563746), (0.06530406, -0.08488295, 0.114681646), (0.0891505, -0.08498613, 0.1054296), (0.0914093, -0.084877975, 0.113531455), (0.10851721, -0.0848696, 0.11482976), (0.124832585, -0.08492393, 0.11532964), (0.117242664, -0.084822394, 0.123037584), (0.13355386, -0.08484359, 0.1293019), (0.10912277, -0.08477576, 0.1308902), (0.14547855, -0.084789224, 0.13815147), (0.120074384, -0.08469981, 0.1418313), (0.10576699, -0.084699094, 0.14323798), (0.08652763, -0.08478783, 0.13703634), (0.09515331, -0.08482132, 0.121376105), (0.06672471, -0.08480203, 0.14324515), (0.077612676, -0.0847682, 0.14693022), (0.072731234, -0.084731236, 0.15494448), (0.05832372, -0.08480387, 0.15497021), (0.04712561, -0.08477032, 0.15695854), (0.054490164, -0.08477382, 0.16917647), (0.04178661, -0.084668934, 0.17880543), (0.0254147, -0.08451955, 0.19084412), (-0.0025065858, -0.08442217, 0.18403193), (0.01666454, -0.084408, 0.20190096), (-0.00253884, -0.08433716, 0.19572304), (-0.022418424, -0.08429578, 0.19341609), (-0.007654081, -0.084271625, 0.20881644), (0.010351474, -0.08432548, 0.21696271), (0.0010932463, -0.08427417, 0.2295262), (-0.03643552, -0.08411808, 0.22944765), (-0.029313149, -0.08411094, 0.2384611), (-0.05149253, -0.08399747, 0.24435225), (-0.07084884, -0.0839028, 0.23273052), (-0.08496388, -0.08382431, 0.24438788), (-0.09421928, -0.083793744, 0.22351906), (-0.09137104, -0.08378969, 0.25789887), (-0.11280801, -0.08370567, 0.2433216), (-0.10240277, -0.08374159, 0.2766842), (-0.08789226, -0.08377402, 0.29177102), (-0.07509696, -0.0838289, 0.2874868), (-0.09374121, -0.083739825, 0.313383), (-0.07654101, -0.08378703, 0.32038835), (-0.06577274, -0.0838846, 0.29284677), (-0.05537737, -0.08398019, 0.2818919), (-0.06614311, -0.08390506, 0.26337138), (-0.048552915, -0.084007636, 0.2652011), (-0.028328508, -0.084087424, 0.2503547), (-0.029190412, -0.08409165, 0.26685047), (-0.0069367476, -0.084195375, 0.26605925), (-0.01004522, -0.084186874, 0.24564166), (0.0050883894, -0.0842662, 0.24688546), (0.01755042, -0.08431965, 0.23671511), (0.03147173, -0.084326066, 0.24946769), (0.012093443, -0.08429087, 0.2715777), (0.023451438, -0.08433256, 0.27021682), (0.02181228, -0.08432179, 0.28778288), (-0.00039858086, -0.08422638, 0.28324905), (-0.0018595847, -0.08417603, 0.29979187), (-0.018945845, -0.08414714, 0.2802805), (-0.02536549, -0.08412553, 0.29113978), (-0.041866228, -0.08406193, 0.2809539), (-0.05458667, -0.083946824, 0.30759984), (-0.027491437, -0.0840402, 0.31373557), (-0.044320427, -0.08396266, 0.32326785), (-0.05858073, -0.08386898, 0.33065203), (-0.074001946, -0.08378904, 0.33922634), (-0.0946401, -0.08372131, 0.32975346), (-0.09894709, -0.08372746, 0.33839005), (-0.120365895, -0.08363564, 0.3199191), (-0.11074783, -0.08368714, 0.3180857), (-0.117348775, -0.08364192, 0.29820195), (-0.12170835, -0.08360144, 0.28029847), (-0.14032954, -0.083535016, 0.3045705), (-0.13635936, -0.083540566, 0.27604407), (-0.15680143, -0.0834699, 0.30759126), (-0.15598062, -0.083469175, 0.2808167), (-0.17039873, -0.08341326, 0.27400023), (-0.16061701, -0.083469585, 0.2616984), (-0.1652156, -0.083432645, 0.24286748), (-0.18883094, -0.08337003, 0.26685047), (-0.16831993, -0.08342636, 0.29933256), (-0.19730133, -0.083374836, 0.2923584), (-0.21876702, -0.083315864, 0.27453452), (-0.22044083, -0.08333839, 0.2929411), (-0.24479546, -0.083338484, 0.29032865), (-0.23373006, -0.08336945, 0.31140375), (-0.2550367, -0.0833611, 0.30936533), (-0.28470135, -0.08336632, 0.3077535), (-0.25825357, -0.083400086, 0.32558277), (-0.2902914, -0.08340699, 0.31980702), (-0.3124705, -0.08336851, 0.30174533), (-0.3057598, -0.083423704, 0.33016557), (-0.32555068, -0.0834157, 0.3284756), (-0.30772007, -0.08345999, 0.35356706), (-0.3328657, -0.08342615, 0.34908772), (-0.3417382, -0.08343728, 0.33576125), (-0.34786406, -0.08344281, 0.36788863), (-0.35587835, -0.08348336, 0.3389835), (-0.3597621, -0.083466485, 0.3681771), (-0.3678056, -0.083518445, 0.37506178), (-0.35925233, -0.08349685, 0.40933168), (-0.34954554, -0.08343898, 0.3932956), (-0.34341812, -0.083468094, 0.4146891), (-0.3339236, -0.083427325, 0.4007262), (-0.33496743, -0.08341582, 0.3804536), (-0.31706658, -0.08345616, 0.38873166), (-0.31908357, -0.08344872, 0.3672217), (-0.30477336, -0.083494045, 0.3776705), (-0.29145452, -0.083495244, 0.3655616), (-0.28535345, -0.08347586, 0.34837276), (-0.2641689, -0.08349903, 0.3652658), (-0.26466066, -0.08349513, 0.35253996), (-0.2571128, -0.083443716, 0.3438161), (-0.28188124, -0.083430335, 0.33426464), (-0.23372656, -0.08339669, 0.33713678), (-0.22779511, -0.083402365, 0.32844883), (-0.20258303, -0.083436385, 0.32803726), (-0.20395853, -0.08341696, 0.31550345), (-0.18178275, -0.083470345, 0.32553366), (-0.18328388, -0.08343567, 0.31026906), (-0.16962412, -0.083459616, 0.32227764), (-0.1551331, -0.08351538, 0.32637665), (-0.16341445, -0.08356831, 0.35523272), (-0.18324786, -0.08346838, 0.34285262), (-0.18183543, -0.083524264, 0.35874632), (-0.21495268, -0.08344491, 0.35241702), (-0.21361671, -0.08339741, 0.34029442), (-0.22886445, -0.08343386, 0.34977502), (-0.23927027, -0.0834727, 0.36115026), (-0.23817329, -0.083526336, 0.38133952), (-0.22499755, -0.08349258, 0.36974707), (-0.20878817, -0.08354578, 0.38212824), (-0.20066008, -0.08350873, 0.36731356), (-0.16360733, -0.08361025, 0.3848203), (-0.1838713, -0.083595216, 0.39996895), (-0.21436252, -0.08356228, 0.39982715), (-0.21098426, -0.083578505, 0.41887304), (-0.23166718, -0.083557315, 0.4125299), (-0.25687075, -0.08354951, 0.39515907), (-0.2762916, -0.083529755, 0.37953013), (-0.27542067, -0.083523296, 0.393708), (-0.2885183, -0.0835075, 0.38664755), (-0.31149453, -0.083474815, 0.40301782), (-0.28964677, -0.0835247, 0.40481368), (-0.2807279, -0.08356209, 0.41236085), (-0.30200988, -0.083563834, 0.4333485), (-0.26599848, -0.083569854, 0.4177024), (-0.28303158, -0.08359531, 0.44249555), (-0.2652452, -0.08361278, 0.45144042), (-0.25280452, -0.083579466, 0.43379852), (-0.23537736, -0.083581775, 0.43533996), (-0.26129293, -0.08363187, 0.46218076), (-0.22749451, -0.083637685, 0.44618222), (-0.2259485, -0.08368866, 0.46586293), (-0.20731342, -0.08371692, 0.45858198), (-0.19961703, -0.08363878, 0.43433797), (-0.19338796, -0.083710454, 0.45279747), (-0.17832847, -0.08363289, 0.42300853), (-0.17559437, -0.08374147, 0.46290803), (-0.16199522, -0.08374176, 0.4534356), (-0.15772897, -0.08362667, 0.4091716), (-0.1675126, -0.08360518, 0.4017212), (-0.14114095, -0.08367133, 0.400945), (-0.1478523, -0.0836484, 0.36816606), (-0.14714013, -0.08360585, 0.33978438), (-0.13177164, -0.083651826, 0.3389675), (-0.1354603, -0.083601065, 0.32419485), (-0.12882484, -0.08366015, 0.35702354), (-0.11161178, -0.08369977, 0.35374328), (-0.11629363, -0.083704755, 0.38445738), (-0.1354813, -0.08367187, 0.37991244), (-0.13251612, -0.083747305, 0.42585745), (-0.11291465, -0.083739646, 0.40811512), (-0.09054725, -0.08376945, 0.39529866), (-0.096621804, -0.08373176, 0.3653858), (-0.076269396, -0.08380042, 0.36683133), (-0.080464356, -0.08376362, 0.3539206), (-0.098979756, -0.08372444, 0.35294467), (-0.06172948, -0.08384663, 0.3498088), (-0.06583376, -0.083869204, 0.37557176), (-0.04447087, -0.083918236, 0.35156965), (-0.022594647, -0.08392452, 0.34041557), (-0.025272096, -0.0839266, 0.35030788), (-0.009284851, -0.083943635, 0.35473567), (-0.015481371, -0.08396258, 0.36931905), (-0.037664156, -0.08394192, 0.36559814), (-0.026820626, -0.08397333, 0.38478753), (-0.05126124, -0.08393689, 0.37489444), (-0.053073566, -0.08394292, 0.399667), (-0.07092667, -0.08386134, 0.406824), (-0.08955317, -0.08379968, 0.41639996), (-0.056587234, -0.08394357, 0.42412657), (-0.088366866, -0.08384552, 0.43905056), (-0.10936189, -0.08378078, 0.42875764), (-0.10006666, -0.08385531, 0.46281064), (-0.121216014, -0.08382994, 0.44910672), (-0.13969861, -0.08383991, 0.4587283), (-0.15061928, -0.08369716, 0.42616072), (-0.15124363, -0.08380756, 0.46212456), (-0.17337191, -0.083814055, 0.4777209), (-0.14581874, -0.083898626, 0.47985235), (-0.16104776, -0.083955966, 0.4861962), (-0.13770202, -0.0840599, 0.48968202), (-0.11969179, -0.083927736, 0.47976616), (-0.1335805, -0.083876945, 0.47362676), (-0.122754045, -0.08387433, 0.46656436), (-0.10336788, -0.08392165, 0.48033878), (-0.10178113, -0.08403066, 0.4895469), (-0.0901958, -0.08393689, 0.48058566), (-0.08575019, -0.08388384, 0.4741994), (-0.06736404, -0.0839852, 0.47714755), (-0.06533064, -0.08410485, 0.4854367), (-0.03653385, -0.084099665, 0.4780143), (-0.062429816, -0.083966576, 0.47291434), (-0.03166817, -0.08405781, 0.4704319), (-0.057504427, -0.08399788, 0.46425638), (-0.08021326, -0.08389548, 0.46519834), (-0.06989727, -0.08394163, 0.4506639), (-0.066864334, -0.083931156, 0.43860367), (-0.0437016, -0.08401943, 0.4398185), (-0.031229189, -0.08399033, 0.4035204), (-0.00862988, -0.08403621, 0.41841623), (-0.0008955983, -0.084031895, 0.3985225), (0.01667985, -0.08407712, 0.4099002), (0.011442442, -0.08405144, 0.38420436), (0.014494612, -0.08403306, 0.36309943), (0.03832473, -0.08413187, 0.3698731), (0.038575146, -0.08411661, 0.36058116), (0.016108738, -0.08400051, 0.3516612), (0.006710043, -0.083977066, 0.34445354), (0.038914897, -0.084113315, 0.34118432), (0.021561746, -0.08409193, 0.33043483), (0.00075093174, -0.08397208, 0.33936065), (-0.016292764, -0.083977774, 0.33381397), (0.003980583, -0.08410421, 0.3195288), (0.027912322, -0.08417738, 0.31663582), (0.026859561, -0.084249586, 0.30382848), (0.04842583, -0.0843067, 0.30734304), (0.040042594, -0.0843637, 0.29444256), (0.043937746, -0.08440004, 0.2863484), (0.05697719, -0.08433808, 0.3042498), (0.058960833, -0.08440844, 0.28408977), (0.04001503, -0.08438661, 0.27620307), (0.04504004, -0.084363855, 0.2595232), (0.0665824, -0.084391065, 0.2619215), (0.059663594, -0.08438995, 0.25062317), (0.052674554, -0.08439463, 0.24192213), (0.045463398, -0.08440038, 0.23400284), (0.03142556, -0.08439314, 0.22723617), (0.04821594, -0.08451286, 0.21068089), (0.05408717, -0.08442119, 0.23079453), (0.05662751, -0.084621616, 0.19661133), (0.051040385, -0.08466782, 0.1862541), (0.07805964, -0.084672645, 0.1770782), (0.07376994, -0.084720835, 0.16577989), (0.10733979, -0.084621675, 0.16806807), (0.091076754, -0.08464699, 0.162425), (0.09227276, -0.084699504, 0.15067394), (0.10818528, -0.08462801, 0.15702687), (0.12803374, -0.08463188, 0.1632339), (0.13673507, -0.084664606, 0.15482877), (0.14391911, -0.08463005, 0.16882455), (0.15713896, -0.084706955, 0.15223712), (0.1645114, -0.08481311, 0.1408552), (0.17999193, -0.084826834, 0.13652289), (0.17566642, -0.0847453, 0.1480401), (0.1886369, -0.08471487, 0.15106094), (0.19628632, -0.08478495, 0.13557667), (0.21444665, -0.08468825, 0.15494871), (0.19371891, -0.084672, 0.16363154), (0.17251784, -0.08463876, 0.16248949), (0.17705354, -0.0845539, 0.18119861), (0.16530123, -0.08455863, 0.17880528), (0.15390429, -0.084476635, 0.19733183), (0.15433112, -0.08454434, 0.1829041), (0.12994453, -0.0845414, 0.18584919), (0.11552592, -0.084459074, 0.20472631), (0.11746988, -0.08449917, 0.19404496), (0.09646031, -0.084490836, 0.20204286), (0.086404316, -0.08449076, 0.20857018), (0.08964968, -0.08456677, 0.19076303), (0.06750687, -0.08454953, 0.2024565), (0.08408947, -0.08442168, 0.2186032), (0.066309914, -0.0844399, 0.22003043), (0.08209271, -0.08439265, 0.22716133), (0.0722859, -0.08441625, 0.23996337), (0.08729438, -0.08440352, 0.23346385), (0.10806365, -0.08439244, 0.2341894), (0.107586175, -0.08436342, 0.22582705), (0.13824487, -0.08439461, 0.22809383), (0.13108577, -0.08440747, 0.21970657), (0.10405868, -0.08439926, 0.21815908), (0.11398268, -0.08445836, 0.21030575), (0.13939056, -0.08445405, 0.20866197), (0.15864936, -0.084431075, 0.21210408), (0.17177047, -0.08442254, 0.20436974), (0.17679462, -0.08437455, 0.21806183), (0.16484599, -0.084371835, 0.23042682), (0.14741082, -0.084400825, 0.23470059), (0.12751333, -0.08437887, 0.24288273), (0.1466308, -0.084368475, 0.24611819), (0.13721739, -0.084315166, 0.2584662), (0.10738072, -0.084321335, 0.26581714), (0.112098165, -0.08435473, 0.25481176), (0.08802636, -0.08435978, 0.25901902), (0.08836776, -0.08439417, 0.2470094), (0.07679651, -0.084359586, 0.2706386), (0.10450511, -0.084398575, 0.24226204), (0.106028244, -0.084278956, 0.2822354), (0.07832419, -0.08434363, 0.2862479), (0.06530936, -0.08436772, 0.29704142), (0.07996598, -0.08429836, 0.29908517), (0.11151728, -0.084236, 0.29690638), (0.089617826, -0.08425792, 0.30762446), (0.06730105, -0.08427824, 0.31146532), (0.08222105, -0.08425768, 0.32138696), (0.10184625, -0.08424378, 0.31466883), (0.09459188, -0.08423687, 0.330788), (0.07209903, -0.08421634, 0.33331403), (0.0747732, -0.084203444, 0.349423), (0.06021657, -0.08417273, 0.3527531), (0.05005042, -0.08413076, 0.3460312), (0.05696618, -0.084183715, 0.3658977), (0.07627235, -0.084212996, 0.36710232), (0.059656333, -0.08417342, 0.3849153), (0.05713454, -0.084158726, 0.40316072), (0.033164453, -0.084109575, 0.39650583), (0.051333934, -0.084144115, 0.42234728), (0.028689442, -0.08412225, 0.42688376), (0.0055463095, -0.08405806, 0.42568707), (0.0035668414, -0.08408059, 0.44291005), (-0.012924438, -0.08403551, 0.43459544), (-0.028824072, -0.08404666, 0.44785467), (-0.018005963, -0.084063664, 0.4597193), (-0.03905246, -0.08405271, 0.4619221), (-0.015216462, -0.0840915, 0.47349688), (0.00032394397, -0.08415509, 0.47359517), (0.005813658, -0.08411608, 0.46014753), (0.028564332, -0.08416008, 0.44901773), (0.030495144, -0.08420003, 0.46441525), (0.045501277, -0.08420389, 0.4542968), (0.04754113, -0.084173344, 0.43557543), (0.047468223, -0.08424867, 0.46710572), (0.069540374, -0.084190294, 0.43002665), (0.06729456, -0.08421476, 0.45469606), (0.08905197, -0.08415786, 0.45818818), (0.089200914, -0.08418018, 0.4298243), (0.08175823, -0.084207155, 0.4065832), (0.09867843, -0.0842045, 0.40338215), (0.08776462, -0.084203176, 0.37977841), (0.11284967, -0.08419923, 0.38659853), (0.10290331, -0.08422472, 0.3659012), (0.0933502, -0.0842393, 0.36771515), (0.09122141, -0.084232554, 0.3525024), (0.11305567, -0.084172286, 0.35018283), (0.10866516, -0.08419175, 0.3339926), (0.12393666, -0.08415402, 0.32765335), (0.12207521, -0.08419026, 0.31492722), (0.132247, -0.084177785, 0.29964978), (0.13726066, -0.08425366, 0.27785003), (0.15632045, -0.084172174, 0.29392555), (0.16746151, -0.08421951, 0.2864021), (0.16909815, -0.084275976, 0.26949352), (0.19057493, -0.08427064, 0.27159277), (0.18083858, -0.0843059, 0.2563067), (0.16921005, -0.08433191, 0.24289364), (0.18471454, -0.08432566, 0.2339545), (0.19753869, -0.084334165, 0.2403262), (0.1908707, -0.084359035, 0.22169796), (0.18849318, -0.08440393, 0.20728143), (0.20239171, -0.08443324, 0.20395337), (0.19275634, -0.084487095, 0.19003464), (0.18394764, -0.08447677, 0.19150034), (0.19677734, -0.08462619, 0.17394346), (0.2088039, -0.084567964, 0.18123929), (0.2197852, -0.08463648, 0.17051888), (0.22265677, -0.08450321, 0.19062546), (0.22247814, -0.084419444, 0.20443372), (0.23869136, -0.08441069, 0.2067868), (0.24451615, -0.08454693, 0.1843388), (0.25837773, -0.084468685, 0.20375238), (0.2501587, -0.08435797, 0.22115357), (0.27440324, -0.084402554, 0.21795017), (0.27969068, -0.084489025, 0.20150736), (0.2629195, -0.08456977, 0.18321499), (0.29479632, -0.084584, 0.18312164), (0.2614852, -0.08464637, 0.16072117), (0.274855, -0.08468415, 0.14712147), (0.29118553, -0.0846489, 0.16076295), (0.3003052, -0.08470323, 0.14556612), (0.31319317, -0.08469033, 0.16238114), (0.32341018, -0.08476257, 0.14912257), (0.329536, -0.08476164, 0.16370244), (0.33555087, -0.0848464, 0.15318385), (0.34312946, -0.08494968, 0.1428913), (0.348737, -0.0849451, 0.1609046), (0.34527183, -0.08487661, 0.16922139), (0.36455727, -0.0849412, 0.16754365), (0.35531363, -0.08497815, 0.15107451), (0.35540217, -0.08485321, 0.1759275), (0.36677483, -0.08472826, 0.1840831), (0.3565777, -0.08468279, 0.18755285), (0.3477029, -0.08465437, 0.18861483), (0.34185225, -0.08475745, 0.1780217), (0.3389213, -0.08452645, 0.19417313), (0.32918954, -0.0845636, 0.18620121), (0.33653674, -0.084391035, 0.20664519), (0.31882674, -0.08449638, 0.19279823), (0.32553214, -0.0843693, 0.20820534), (0.30428573, -0.0844192, 0.20806395), (0.3210724, -0.084305264, 0.22693618), (0.33487996, -0.08430853, 0.22915688), (0.32004187, -0.08422006, 0.25787732), (0.306938, -0.084261924, 0.24809545), (0.30367327, -0.08433429, 0.22656047), (0.28561732, -0.0843172, 0.24105135), (0.288807, -0.08440577, 0.21567601), (0.26089033, -0.0843205, 0.23761262), (0.27521452, -0.084263764, 0.25804147), (0.24822505, -0.08422402, 0.2612169), (0.27366298, -0.08419553, 0.27137986), (0.24867517, -0.08412393, 0.28231302), (0.21517432, -0.08424127, 0.26862276), (0.2325251, -0.084296346, 0.2435895), (0.20822711, -0.08431692, 0.24769771), (0.22319013, -0.084332585, 0.22728708), (0.21654147, -0.084371716, 0.21678393), (0.20801803, -0.084179826, 0.284873), (0.18697555, -0.084145375, 0.29907382), (0.20628092, -0.08409974, 0.30400348), (0.22878365, -0.08414361, 0.28699026), (0.22713481, -0.084081344, 0.3051887), (0.24110402, -0.0840648, 0.29896262), (0.25826788, -0.084054396, 0.29996738), (0.2771846, -0.08411563, 0.2903248), (0.2806285, -0.084068485, 0.305523), (0.3136479, -0.08414199, 0.28947195), (0.2887488, -0.0841561, 0.28103828), (0.293791, -0.08423444, 0.26839447), (0.31037107, -0.084203295, 0.26994962), (0.33380744, -0.084199265, 0.26815063), (0.33507472, -0.08415506, 0.29368934), (0.31918243, -0.0840967, 0.30420402), (0.30122727, -0.0840957, 0.3074942), (0.30897984, -0.08405532, 0.32158256), (0.28093436, -0.08406536, 0.31912285), (0.26502705, -0.08403232, 0.3161495), (0.2656843, -0.08403584, 0.32540545), (0.24116975, -0.08402878, 0.31602502), (0.23626673, -0.08401203, 0.3314087), (0.20886314, -0.084025435, 0.32449365), (0.2001833, -0.08401327, 0.34451047), (0.18753813, -0.084048264, 0.33169842), (0.18312861, -0.08405616, 0.35104424), (0.1675484, -0.084104635, 0.32372737), (0.16129604, -0.084089346, 0.3440051), (0.15343802, -0.084112994, 0.3213196), (0.14302082, -0.08410101, 0.34441388), (0.13775726, -0.08410671, 0.32355994), (0.13124844, -0.084107116, 0.34477356), (0.12775178, -0.08414854, 0.37386924), (0.14168377, -0.08411957, 0.37175062), (0.16341949, -0.08410434, 0.38241002), (0.16564895, -0.08408879, 0.36088777), (0.18982103, -0.08404325, 0.3877647), (0.19322261, -0.08403333, 0.36606914), (0.21062079, -0.084029295, 0.3662172), (0.2117085, -0.0840252, 0.34716064), (0.23598519, -0.08401717, 0.34940752), (0.26895225, -0.08399974, 0.35654163), (0.26482078, -0.08400988, 0.3315716), (0.2992646, -0.08402888, 0.33702832), (0.29898718, -0.0840565, 0.32770246), (0.3297023, -0.08403021, 0.330955), (0.33010423, -0.08406346, 0.31555608), (0.34631854, -0.08410552, 0.3211837), (0.3441151, -0.08415673, 0.30783853), (0.34239706, -0.084230155, 0.2776257), (0.35276678, -0.08428274, 0.27304444), (0.3450727, -0.084307775, 0.25204995), (0.34926966, -0.08437644, 0.21910186), (0.35551086, -0.08434667, 0.23925543), (0.3666714, -0.084358275, 0.21775284), (0.36671573, -0.08444181, 0.20098658), (0.35596755, -0.08445837, 0.20384073), (0.36670288, -0.08431536, 0.26065153), (0.36723858, -0.08424131, 0.2727982), (0.35513067, -0.084234886, 0.2938108), (0.3671818, -0.08420139, 0.29386118), (0.36734754, -0.08414746, 0.3206361), (0.3500595, -0.084095106, 0.34214315), (0.3362824, -0.08403719, 0.35335755), (0.34540722, -0.08408181, 0.38338244), (0.33185446, -0.08403429, 0.3872303), (0.34275603, -0.08404392, 0.40824744), (0.3252564, -0.083977796, 0.424448), (0.31533104, -0.08399593, 0.42037883), (0.30298513, -0.08403067, 0.39881134), (0.320422, -0.084060915, 0.3707536), (0.29642335, -0.084030345, 0.3779787), (0.26482108, -0.0840001, 0.3990043), (0.2645201, -0.08400356, 0.37805834), (0.24129765, -0.084013104, 0.39052954), (0.22388299, -0.08401083, 0.40554678), (0.2103189, -0.084036335, 0.38625416), (0.19223572, -0.08402618, 0.40616485), (0.17474021, -0.08406134, 0.40489662), (0.19490686, -0.08401962, 0.42552236), (0.17551549, -0.08403746, 0.42994854), (0.15505093, -0.084101185, 0.41783845), (0.16882811, -0.084028035, 0.4422952), (0.1523357, -0.084032774, 0.44469166), (0.13730788, -0.084088415, 0.42637873), (0.12615763, -0.08407891, 0.44786555), (0.108746745, -0.08412788, 0.43558308), (0.13939261, -0.08404635, 0.46715194), (0.11737223, -0.084117725, 0.47583672), (0.06987938, -0.08422398, 0.4765107), (0.11744939, -0.084174134, 0.48315844), (0.06534091, -0.08428338, 0.48429012), (0.03470988, -0.08426001, 0.4794756), (0.015551429, -0.08420712, 0.4751767), (0.034554806, -0.084325016, 0.48754212), (0.009325832, -0.08433303, 0.48711854), (-0.010144205, -0.08420808, 0.48179424), (-0.011352332, -0.0843347, 0.48975277), (-0.034891434, -0.084226735, 0.48652107), (0.0054372125, -0.084495135, 0.49563357), (-0.051264253, -0.08437164, 0.4955911), (-0.07741702, -0.08418866, 0.49170062), (-0.101603195, -0.084185496, 0.49575913), (-0.13906115, -0.08421205, 0.49561733), (-0.16808534, -0.08405011, 0.491763), (-0.18316558, -0.084115006, 0.4954911), (-0.1903934, -0.083893344, 0.48619044), (-0.2165434, -0.083869725, 0.48617366), (-0.22415003, -0.0840021, 0.4917201), (-0.24351116, -0.08412264, 0.49584824), (-0.20884655, -0.084134944, 0.49572986), (-0.25121355, -0.08385047, 0.4861436), (-0.26079845, -0.0840776, 0.4957238), (-0.28775686, -0.08406062, 0.495647), (-0.26236987, -0.083783306, 0.48300716), (-0.28814733, -0.08379402, 0.48536992), (-0.3161763, -0.083973125, 0.4957538), (-0.32777268, -0.08381536, 0.49010986), (-0.3580799, -0.08393004, 0.4956897), (-0.35023537, -0.08376463, 0.48829392), (-0.32072267, -0.08372555, 0.48345163), (-0.34241107, -0.08368599, 0.47809654), (-0.36091822, -0.08374656, 0.49143025), (-0.35959297, -0.08363517, 0.4648687), (-0.3656316, -0.083659686, 0.4702569), (-0.36830354, -0.08372358, 0.49425617), (-0.36458975, -0.08359008, 0.4383886), (-0.3682703, -0.08369381, 0.46702588), (-0.3679618, -0.08356335, 0.40588197), (-0.35929477, -0.08356974, 0.43893066), (-0.3443267, -0.08358576, 0.4522321), (-0.33491445, -0.08350187, 0.4309792), (-0.32613346, -0.08357679, 0.45525235), (-0.3237241, -0.08351075, 0.43207756), (-0.3106048, -0.0836088, 0.45735553), (-0.2893448, -0.08361175, 0.4561171), (-0.29431024, -0.0836704, 0.4715675), (-0.26628983, -0.08369079, 0.47313327), (-0.3246916, -0.08364178, 0.47093692), (-0.24749483, -0.08368166, 0.47209725), (-0.23286696, -0.08370219, 0.47345307), (-0.20155007, -0.08378378, 0.47910288), (-0.22647588, -0.083777525, 0.48099935), (-0.19407201, -0.08374495, 0.4705637), (-0.067932405, -0.08436711, 0.49573824), (0.023592517, -0.08444211, 0.49567112), (0.056590103, -0.084453665, 0.49581555), (0.084556065, -0.08431636, 0.48966032), (0.13147885, -0.084390886, 0.4957779), (0.12102634, -0.08431308, 0.49165803), (0.14265695, -0.08423066, 0.48959735), (0.16627502, -0.084128946, 0.48483863), (0.14969026, -0.08406271, 0.4765549), (0.16966005, -0.0840344, 0.47378665), (0.17215951, -0.0840045, 0.46605143), (0.17289823, -0.08398974, 0.45616847), (0.20035161, -0.08395935, 0.4624463), (0.19555396, -0.08398976, 0.44386953), (0.21850337, -0.08396715, 0.44486576), (0.24141684, -0.08399395, 0.42657694), (0.2271714, -0.083998024, 0.4153323), (0.26398024, -0.083989345, 0.4142324), (0.2804337, -0.0839958, 0.42927688), (0.2912788, -0.08398431, 0.4259183), (0.28153998, -0.08400304, 0.41250426), (0.30047584, -0.08400227, 0.41773438), (0.3175071, -0.08394623, 0.45159656), (0.2951029, -0.08397305, 0.4481449), (0.3097529, -0.083959274, 0.46506026), (0.28974715, -0.083949454, 0.4707468), (0.2803258, -0.083961986, 0.45246452), (0.25718594, -0.08394209, 0.45709193), (0.26456115, -0.08396871, 0.44614276), (0.25241503, -0.08397838, 0.4391197), (0.23001398, -0.083930306, 0.45624214), (0.23128028, -0.08392645, 0.46901602), (0.21148646, -0.0839161, 0.47038525), (0.19486408, -0.08396877, 0.47320208), (0.18229319, -0.08405897, 0.47931916), (0.1914165, -0.08406992, 0.4844508), (0.17352276, -0.084315725, 0.49557555), (0.18715857, -0.08426364, 0.49563318), (0.20653012, -0.084109, 0.4893396), (0.21366082, -0.08395203, 0.4792466), (0.22344312, -0.084031895, 0.48734015), (0.23545621, -0.083970465, 0.48024735), (0.26347074, -0.08399869, 0.48029175), (0.25051916, -0.08410519, 0.488827), (0.27890387, -0.08405349, 0.48553553), (0.29832408, -0.08395746, 0.47725886), (0.2696441, -0.083948866, 0.4749306), (0.25834993, -0.08395543, 0.46874303), (0.31226337, -0.08404902, 0.48528796), (0.3287014, -0.08395512, 0.47775704), (0.32198608, -0.08393772, 0.470453), (0.33526936, -0.083945505, 0.46606183), (0.34570315, -0.08394707, 0.45566162), (0.34384185, -0.083989926, 0.4311341), (0.35991395, -0.083956435, 0.4576694), (0.35699272, -0.08403972, 0.42888528), (0.35755837, -0.08410636, 0.40721983), (0.36745128, -0.08409989, 0.41844198), (0.3673751, -0.084112525, 0.39763144), (0.36741793, -0.08416243, 0.38195577), (0.35749897, -0.08414507, 0.38201964), (0.36740774, -0.08412563, 0.36283278), (0.3677014, -0.083931774, 0.4508149), (0.36161518, -0.08393518, 0.48175165), (0.36791104, -0.08394419, 0.48729938), (0.34758225, -0.083950885, 0.47771162), (0.337277, -0.08404254, 0.48514304), (0.35823947, -0.08407962, 0.48943165), (0.34076524, -0.084134065, 0.49173313), (0.32114604, -0.08415412, 0.4906269), (0.31069523, -0.08428313, 0.49566528), (0.29127008, -0.08423585, 0.49575892), (0.33270213, -0.084260605, 0.4957563), (0.35876194, -0.08421699, 0.49590486), (0.36969498, -0.08418801, 0.49855164), (0.3690273, -0.08396407, 0.49094036), (0.25807503, -0.08426961, 0.49580494), (0.22794186, -0.08421585, 0.4958103), (0.2080684, -0.08426098, 0.49579304), (0.15080379, -0.08433941, 0.4957009), (0.13131824, -0.08415346, 0.4083069), (0.110237546, -0.08418534, 0.40887952), (0.12865248, -0.0841723, 0.3930146), (0.15607235, -0.08412331, 0.4015679), (0.22650701, -0.08402588, 0.3753141), (0.23647113, -0.084006704, 0.3618206), (0.2882973, -0.0840135, 0.3569652), (0.30412564, -0.084039755, 0.3511058), (0.3261187, -0.08403789, 0.34920034), (0.14902088, -0.08413054, 0.30651602), (0.16838998, -0.084125645, 0.30624595), (0.18784072, -0.08407696, 0.3174953), (0.3022381, -0.08452523, 0.19370757), (0.31917304, -0.08467614, 0.17186537), (0.366819, -0.08490199, 0.16835171), (0.36688292, -0.08495412, 0.13428734), (0.36695617, -0.08489329, 0.112423755), (0.0537059, -0.08418045, 0.3297387), (0.10488202, -0.08459371, 0.17728196), (-0.19156606, -0.08344805, 0.33455688), (-0.21320605, -0.083328255, 0.2601007), (-0.19372116, -0.08334501, 0.24183336), (-0.19767588, -0.08335307, 0.22147638), (-0.18149786, -0.08339192, 0.21412207), (-0.1698274, -0.08342026, 0.22595654), (-0.16142987, -0.08346798, 0.21450423), (-0.1446078, -0.08352121, 0.2146536), (-0.14045352, -0.08352272, 0.24081306), (-0.13526586, -0.083559714, 0.22838071), (-0.12299089, -0.08362056, 0.24459316), (-0.111206956, -0.083697855, 0.28084943), (-0.1446311, -0.083518036, 0.26144335), (0.07409503, -0.08520241, 0.08051524), (0.05291396, -0.08513929, 0.08124145), (0.029955978, -0.08494967, 0.08079895), (0.062651925, -0.08513963, 0.07403697), (0.080207855, -0.0851406, 0.06415444), (0.0935495, -0.08521877, 0.07217197), (0.10005227, -0.08517981, 0.062391832), (0.10262416, -0.08510144, 0.042841394), (0.1156674, -0.08514008, 0.05159689), (0.1356597, -0.08519232, 0.052810315), (0.13416323, -0.085158035, 0.03312433), (0.14980707, -0.085190505, 0.039045047), (0.16137195, -0.08525937, 0.05884129), (0.1803701, -0.08531979, 0.057961326), (0.18609723, -0.08532805, 0.067347154), (0.20671454, -0.08541225, 0.045915417), (0.20986387, -0.085362904, 0.058390457), (0.22789952, -0.08544647, 0.04480741), (0.2237655, -0.08544963, 0.03722315), (0.24491498, -0.08541421, 0.04386119), (0.23108323, -0.08540342, 0.053526174), (0.26163816, -0.085332006, 0.05460037), (0.27226162, -0.08535032, 0.036959633), (0.29436803, -0.08525526, 0.054006428), (0.32185772, -0.08512686, 0.06571878), (0.30727163, -0.08511819, 0.07439182), (0.29329515, -0.085128754, 0.073899), (0.26961318, -0.08521373, 0.069016755), (0.26178333, -0.08510091, 0.084303014), (0.24294122, -0.08522704, 0.074879795), (0.21671465, -0.085154794, 0.0888237), (0.22200482, -0.0852598, 0.07326438), (0.202121, -0.085279495, 0.074740365), (0.17732704, -0.08528749, 0.08344893), (0.19141644, -0.08517267, 0.09191377), (0.21582071, -0.0850443, 0.09776853), (0.19339323, -0.085007034, 0.104790844), (0.21262471, -0.08490944, 0.10988559), (0.22877143, -0.084893316, 0.10981403), (0.2503165, -0.084985495, 0.0985566), (0.24221759, -0.084846586, 0.11393107), (0.2706467, -0.084874555, 0.108934425), (0.287126, -0.08491051, 0.09899956), (0.28259602, -0.0849704, 0.092308536), (0.30221823, -0.085007146, 0.08832195), (0.31225923, -0.08496943, 0.09194485), (0.2946371, -0.08486574, 0.10629881), (0.3193177, -0.08489977, 0.10643309), (0.32713485, -0.08498792, 0.0909082), (0.33269116, -0.08496303, 0.10293766), (0.15930007, -0.085313745, 0.08209906), (0.1440085, -0.085307345, 0.085564375), (0.15051493, -0.085295916, 0.072111316), (0.12295444, -0.085261054, 0.07287931), (0.12119722, -0.08526575, 0.0812571), (0.0963298, -0.085223064, 0.08255186), (0.12321917, -0.08520618, 0.06231836), (-0.35284212, -0.08333555, 0.047192372), (-0.36111635, -0.08337179, 0.045269195), (-0.34499714, -0.083290316, 0.02783939), (-0.35247236, -0.08329841, 0.009366124), (-0.31515732, -0.08317901, 0.033788368), (-0.32832706, -0.08319433, 0.010695761), (-0.30123955, -0.08308297, 0.013269349), (-0.285399, -0.08304019, 0.028723646), (-0.27571276, -0.08300245, 0.015745796), (-0.2661988, -0.08298358, 0.037972216), (-0.2547211, -0.08292566, 0.024965147), (-0.22005184, -0.08280489, 0.019719368), (-0.22768337, -0.08285023, 0.008141197), (-0.18947831, -0.082670756, 0.028805142), (-0.19115685, -0.082654275, 0.018517803), (-0.20099922, -0.08273258, 0.0066891885), (-0.17239705, -0.0825696, 0.026874598), (-0.16873817, -0.08254934, 0.0061514596), (-0.16186482, -0.082545355, 0.026521564), (-0.1516809, -0.082563825, 0.026336467), (-0.15861084, -0.082530685, 0.004735179), (-0.12957487, -0.08257958, 0.014739978), (-0.14564815, -0.08256094, 0.012705733), (-0.121453926, -0.08264134, 0.02341514), (-0.11051069, -0.082626626, 0.0013938033), (-0.10746461, -0.08280047, 0.0380253), (-0.11098263, -0.082716696, 0.023684157), (-0.08325569, -0.082937695, 0.036040056), (-0.09995098, -0.08276954, 0.02277896), (-0.07332178, -0.0831135, 0.038235124), (-0.07001047, -0.083112136, 0.023209557), (-0.07729738, -0.082872055, 0.0036603273), (-0.046621338, -0.08362038, 0.025983784), (-0.046663087, -0.083562516, 0.014863713), (-0.060708646, -0.083220154, 0.008272601), (-0.039974462, -0.08353247, 0.0016596399), (-0.049132295, -0.08339547, 0.0027528093), (-0.02855553, -0.08362558, -0.0012265133), (-0.037973937, -0.08339192, -0.016155547), (-0.005584591, -0.08385517, -0.00074066024), (-0.01768268, -0.08363035, -0.011586822), (0.013346068, -0.08401349, -0.009592088), (0.0002221735, -0.08380828, -0.01436549), (0.0044768285, -0.08404061, 0.0058883484), (0.030647188, -0.08424459, -0.0022290016), (0.034731593, -0.08418635, -0.016616017), (0.044514723, -0.084452465, 0.0073114415), (0.05361422, -0.084421344, -0.003914349), (0.068538345, -0.08459077, 0.002167747), (0.07168436, -0.0845117, -0.010927327), (0.09894496, -0.08472395, -0.0062355236), (0.11586789, -0.0847874, -0.0070049255), (0.118887365, -0.08471255, -0.020124221), (0.10629472, -0.084671065, -0.020243414), (0.13160007, -0.08488104, -0.008988153), (0.127174, -0.08477216, -0.023589633), (0.121575244, -0.084738165, -0.03343179), (0.14035453, -0.08487694, -0.027605137), (0.16735137, -0.0850546, -0.020994196), (0.16101258, -0.08498102, -0.037138414), (0.18655495, -0.08515006, -0.030914722), (0.20627972, -0.08524162, -0.027394507), (0.20708448, -0.08522306, -0.046322845), (0.18246403, -0.08507203, -0.047571238), (0.22351456, -0.08526305, -0.043349795), (0.20945863, -0.08518556, -0.054849498), (0.24833609, -0.085257955, -0.04618564), (0.229151, -0.085210875, -0.054819673), (0.2718605, -0.085275926, -0.046436537), (0.26915145, -0.08515569, -0.05905282), (0.2798725, -0.085321784, -0.03567162), (0.29522634, -0.08525694, -0.048338924), (0.3228513, -0.08519454, -0.023704285), (0.30169556, -0.08528102, -0.03522528), (0.31772798, -0.0852248, -0.041781068), (0.336093, -0.08515814, -0.045619298), (0.31275064, -0.08518939, -0.052907497), (0.34132108, -0.08517316, -0.016198186), (0.35430765, -0.08514839, -0.01811551), (0.35434067, -0.08512592, -0.054459624), (0.3484596, -0.08519283, -0.0007856728), (0.3578315, -0.08517328, 0.0044860453), (0.36455324, -0.08516246, 0.0026833224), (0.3645295, -0.08507826, -0.018322306), (-0.36507824, -0.083468884, 0.04365949), (-0.36182755, -0.08333066, 0.007955949), (-0.3650543, -0.08342872, -0.00927922), (-0.36163425, -0.08333882, -0.012175567), (-0.3649914, -0.08330821, -0.057208367), (-0.36127022, -0.08320848, -0.05502299), (-0.36501545, -0.08315345, -0.081842504), (-0.361639, -0.08302928, -0.107944444), (-0.36509752, -0.083131, -0.11379408), (-0.3613004, -0.082992636, -0.13680966), (-0.36516094, -0.083118945, -0.13589479), (-0.36701125, -0.08305603, -0.17244194), (-0.36683387, -0.083139814, -0.1343169), (-0.36647522, -0.08313488, -0.104016416), (-0.366417, -0.083136916, -0.08039057), (-0.36634183, -0.08328226, -0.05776401), (-0.36632618, -0.08334393, -0.0225441), (-0.36746234, -0.0829449, -0.20425197), (-0.36754766, -0.082838915, -0.24802795), (-0.36760935, -0.08279525, -0.28823343), (-0.3676228, -0.08267553, -0.3114857), (-0.3677982, -0.082611255, -0.32671738), (-0.36789247, -0.08261782, -0.36152184), (-0.367864, -0.08253787, -0.38760272), (-0.36789262, -0.082542695, -0.4148741), (-0.36775577, -0.08256299, -0.43550062), (-0.3679015, -0.082523085, -0.44982556), (-0.3679576, -0.08252178, -0.46387348), (-0.35944307, -0.08240473, -0.4859762), (-0.36757463, -0.082500555, -0.48531064), (-0.36294526, -0.08235469, -0.4954783), (-0.35117227, -0.082399786, -0.49577993), (-0.32540077, -0.08241921, -0.498498), (-0.30806392, -0.08244409, -0.49838436), (-0.2874282, -0.08243517, -0.49830025), (-0.26693565, -0.082355216, -0.49831018), (-0.25035796, -0.08233297, -0.49835658), (-0.19406448, -0.08238576, -0.49604955), (-0.16941321, -0.08229595, -0.49615455), (-0.13035922, -0.082341, -0.46965355), (-0.10653379, -0.08257888, -0.49592322), (-0.11924599, -0.082542785, -0.49619526), (-0.08572065, -0.08250988, -0.49811798), (-0.055783246, -0.082645796, -0.49610448), (-0.012564123, -0.08267632, -0.4963464), (0.022093302, -0.08260352, -0.49570528), (0.079774655, -0.08279821, -0.4962225), (0.1273175, -0.08283193, -0.49625945), (0.16953132, -0.08286076, -0.49614727), (0.2085661, -0.08311331, -0.49610463), (0.23178294, -0.08306677, -0.49232757), (0.23860247, -0.08315656, -0.49623096), (0.26243043, -0.0830227, -0.49234495), (0.26764363, -0.083096676, -0.49612033), (0.29509097, -0.08305648, -0.4923141), (0.2972349, -0.08313658, -0.49619132), (0.3350431, -0.08307284, -0.49621767), (0.36389765, -0.08319051, -0.49651253), (0.36484918, -0.08310472, -0.49239054), (0.3675246, -0.08319245, -0.49596435), (0.09386912, -0.08285764, -0.45469323), (0.20888448, -0.08301379, -0.46667457), (0.36477372, -0.0830719, -0.4807946), (-0.35917658, -0.08245975, -0.34193537), (-0.113275, -0.082498245, -0.2795945), (-0.23378439, -0.08267814, -0.15729429), (-0.19321175, -0.082576714, -0.15845741), (0.14060776, -0.08313044, -0.31597382), (0.031592045, -0.08304306, -0.2562265), (0.35714528, -0.0833028, -0.37615314), (0.36435354, -0.08336565, -0.3659636), (0.36719635, -0.08366853, -0.31699628), (0.35717818, -0.08379678, -0.2446886), (0.36709616, -0.08384358, -0.25802505), (0.36461425, -0.08384911, -0.23492903), (0.3670379, -0.08385877, -0.20668651), (0.3460884, -0.08438881, -0.17988497), (-0.102341786, -0.08256267, -0.071048774), (-0.11382034, -0.08249919, -0.101102784), (-0.12195462, -0.08250419, -0.07387719), (-0.108031794, -0.08253553, -0.056273397), (-0.11739703, -0.082515284, -0.04283215), (-0.13884436, -0.08249868, -0.045295075), (-0.13752702, -0.0825075, -0.075938694), (-0.15119281, -0.0824779, -0.064638115), (-0.1599975, -0.08247904, -0.06020029), (-0.18263732, -0.082539655, -0.09068404), (-0.18385178, -0.08254474, -0.07423023), (-0.20959258, -0.082634576, -0.08908218), (-0.21315342, -0.08265242, -0.111843556), (-0.20027933, -0.08258608, -0.10337153), (-0.20243616, -0.08265103, -0.065468825), (-0.21115258, -0.0827525, -0.056702632), (-0.23097254, -0.08277963, -0.060310148), (-0.24438111, -0.08286533, -0.048055932), (-0.26240855, -0.08293984, -0.02791629), (-0.24988644, -0.08292825, -0.013721083), (-0.24114569, -0.08287376, -0.03719478), (-0.21805161, -0.082865305, -0.024505125), (-0.22047818, -0.08283329, -0.042018697), (-0.20753166, -0.08279911, -0.038720768), (-0.19342701, -0.08268223, -0.046230752), (-0.18795784, -0.08261347, -0.05825834), (-0.17346653, -0.08252474, -0.053719085), (-0.17417097, -0.08256628, -0.034277596), (-0.17494397, -0.08260147, -0.02061507), (-0.19334061, -0.0827368, -0.025831936), (-0.18154202, -0.082628764, -0.0023299772), (-0.19601963, -0.082740486, -0.008272292), (-0.20551518, -0.08281635, -0.019214483), (-0.2246729, -0.08286152, -0.009826689), (-0.24444371, -0.08290026, 0.0045020925), (-0.2809904, -0.08302699, 0.0063696094), (-0.15491448, -0.082522795, -0.020805819), (-0.1617862, -0.08250643, -0.037792105), (-0.13690776, -0.08253295, -0.008533738), (-0.12525408, -0.08252246, -0.022722334), (-0.11495098, -0.0825613, -0.015158911), (-0.1056316, -0.08261609, -0.02465071), (-0.100259535, -0.08260558, -0.041485913), (-0.0934065, -0.082718685, -0.006733841), (-0.08410633, -0.08277371, -0.0024907002), (-0.08986391, -0.08267144, -0.03146643), (-0.07959851, -0.08272661, -0.036088847), (-0.06899021, -0.08285859, -0.03768008), (-0.062185287, -0.08295087, -0.048221752), (-0.039915968, -0.08329106, -0.040528286), (-0.013568079, -0.083589874, -0.04655386), (-0.0069223023, -0.083576724, -0.060876437), (-0.034333214, -0.08322421, -0.06991195), (-0.007974061, -0.08347436, -0.073377974), (0.020064801, -0.08371, -0.07796456), (0.03371094, -0.083743505, -0.09197301), (0.044850856, -0.08387897, -0.082561925), (0.06870144, -0.084230244, -0.07058805), (0.041725226, -0.08390929, -0.0740683), (0.02286902, -0.08387255, -0.0613253), (0.04384677, -0.084070295, -0.060326092), (0.051958125, -0.08409405, -0.0661039), (0.06312376, -0.0842873, -0.05909506), (0.08380863, -0.08449081, -0.05594307), (0.09194104, -0.0843983, -0.0674133), (0.08557236, -0.084247194, -0.08339518), (0.104265116, -0.0842473, -0.089088544), (0.097492635, -0.08414236, -0.10409877), (0.11341448, -0.084154695, -0.11107688), (0.12260407, -0.08431337, -0.09262768), (0.10724644, -0.08443916, -0.07028144), (0.12152604, -0.08449682, -0.07251264), (0.13751659, -0.084477775, -0.08649603), (0.15286545, -0.08445286, -0.095535584), (0.14812037, -0.08463896, -0.074297495), (0.13345563, -0.0846743, -0.06206811), (0.16461015, -0.0848792, -0.05583937), (0.16206452, -0.08463607, -0.0813705), (0.17988771, -0.08483093, -0.070817456), (0.17601447, -0.084663786, -0.08728549), (0.17893277, -0.0845768, -0.09682435), (0.16815937, -0.08442404, -0.108398676), (0.1918638, -0.084704235, -0.08837929), (0.21081038, -0.08480547, -0.087381296), (0.2194794, -0.084695175, -0.0973515), (0.2377058, -0.08477551, -0.09236141), (0.2329034, -0.084917754, -0.080912), (0.2624521, -0.08501909, -0.07125405), (0.2585411, -0.08484822, -0.08767746), (0.29060936, -0.08493012, -0.08411054), (0.30775857, -0.08494307, -0.083686955), (0.2984897, -0.08516664, -0.058729306), (0.31864715, -0.08500098, -0.0734689), (0.24337193, -0.08511222, -0.061884727), (0.22053888, -0.08506681, -0.06793216), (0.2051505, -0.08505381, -0.064363495), (0.18508467, -0.08504194, -0.054791212), (0.19748358, -0.08490117, -0.073165424), (0.13961631, -0.08483701, -0.04320936), (0.1260612, -0.084741004, -0.047664847), (0.10294361, -0.08464547, -0.04245091), (0.10381176, -0.084652714, -0.02881644), (0.087046094, -0.08457734, -0.03828437), (0.069266714, -0.0844119, -0.043410957), (0.07358223, -0.0844515, -0.029990653), (0.05067764, -0.08425858, -0.028392706), (0.0590022, -0.08436606, -0.019588916), (0.07975793, -0.084549464, -0.017923854), (0.09291118, -0.0846569, -0.015002326), (0.031880423, -0.08410129, -0.032967284), (0.0060173813, -0.083857104, -0.024432458), (0.012269611, -0.08392504, -0.03515529), (-0.014694387, -0.08361618, -0.0347804), (-0.013379742, -0.08363188, -0.023423562), (-0.053196456, -0.083118774, -0.025220329), (-0.057693668, -0.08310545, -0.010829631), (-0.07080321, -0.08290135, -0.0075772717), (-0.073377624, -0.082811534, -0.020806726), (0.010153312, -0.0838707, -0.045674756), (0.037176374, -0.08410834, -0.047563113), (0.10508144, -0.0845991, -0.054340836), (0.3473379, -0.085118406, -0.061032064), (0.35786745, -0.08510592, -0.0807676), (0.36463824, -0.08514435, -0.0868284), (0.36412776, -0.085087545, -0.061074957), (0.36014888, -0.08508816, -0.044906363), (0.36678252, -0.085049674, -0.00908827), (-0.36920002, -0.0837975, 0.49826378), (-0.36414468, -0.083905675, 0.4984408), (0.36748528, -0.08315201, -0.47415504), (0.36679614, -0.08509416, 0.041138433), (0.36686745, -0.084957756, 0.07049475), (0.356259, -0.08420733, 0.49863186), (0.31952074, -0.084230945, 0.4986469), (0.36678216, -0.08509769, -0.08608988), (0.3667671, -0.08500481, -0.05988475), (0.36738008, -0.083352156, -0.42997247), (0.36727962, -0.08345729, -0.37141967), (-0.028663391, -0.084435746, 0.49846402), (-0.23496938, -0.084081784, 0.49831203), (-0.18437201, -0.08407754, 0.49834746), (-0.12861839, -0.08416738, 0.49842235), (-0.10106036, -0.08413882, 0.49843496), (-0.06477224, -0.08432903, 0.49843365), (-0.3133653, -0.08395147, 0.49830255), (-0.28342846, -0.084021926, 0.4982979), (0.050556496, -0.08444819, 0.49847966), (0.07469827, -0.08438764, 0.49857292), (0.13949108, -0.08436052, 0.49857423), (0.16147391, -0.08430636, 0.49855152), (0.18822138, -0.084223956, 0.49856454), (0.21570157, -0.08423411, 0.49854386), (0.021905929, -0.08442193, 0.498474), (0.28118026, -0.08424837, 0.49855345), (0.25717956, -0.08428079, 0.49855667), (-0.065265395, -0.082589455, -0.49806947), (0.03336048, -0.08252569, -0.49797994), (-0.0153585235, -0.08265571, -0.49800885), (-0.19532591, -0.08234559, -0.4982259), (-0.16866016, -0.08225662, -0.49807867), (-0.12703262, -0.082445405, -0.49816802), (-0.10317024, -0.082546465, -0.4982286), (-0.34516346, -0.08236461, -0.49856082), (-0.36297515, -0.082436755, -0.49871588), (-0.36798945, -0.08239173, -0.49848238), (-0.36790565, -0.08240413, -0.4905168), (0.12433181, -0.08278338, -0.49807608), (0.17303129, -0.0828241, -0.49807698), (0.20552026, -0.08303281, -0.49797985), (0.24121307, -0.08309571, -0.49806237), (0.25948995, -0.08303879, -0.49798262), (0.0813111, -0.08274357, -0.49801385), (0.29283366, -0.08307301, -0.49801937), (0.3433272, -0.08296921, -0.4981502), (0.36688867, -0.08446507, -0.17508274), (-0.36767673, -0.08347971, 0.32888544), (-0.36730292, -0.08351989, 0.28913748), (-0.36718807, -0.08345168, 0.24586622), (-0.36707744, -0.083442256, 0.20256445), (-0.36798316, -0.08345978, 0.35333353), (-0.3665633, -0.08339241, 0.16686912), (-0.3666058, -0.083391644, 0.12269873), (-0.36652905, -0.0833578, 0.06433444), (-0.36637858, -0.083419375, 0.03591531), (-0.3664238, -0.08335863, 0.005919181), (0.3621265, -0.08310993, -0.4982363), (0.3685249, -0.08302275, -0.49824756), (0.3683778, -0.083210014, -0.44763067), (0.36840305, -0.083044134, -0.485952), (0.36727807, -0.0843192, 0.21105334), (0.36738008, -0.08455432, 0.18760058), (0.36813706, -0.083305866, -0.4171578), (0.3680221, -0.08335643, -0.37164587), (-0.3690637, -0.08353289, 0.49243274), (-0.3689257, -0.08355509, 0.48528665), (0.36923763, -0.08376179, 0.49034673), (-0.36891514, -0.08358078, 0.47191265), (0.36789706, -0.083556384, -0.31537613), (0.3689428, -0.08371786, 0.4580621), (0.36857122, -0.08374739, 0.4366435), (-0.3687579, -0.083557464, 0.45462805), (-0.36857185, -0.08353788, 0.4390849), (-0.36846814, -0.08350808, 0.42474294), (0.36814672, -0.083917275, 0.4997375), (-0.3683515, -0.08362082, 0.49912497), (-0.36446956, -0.08370495, 0.4993662), (-0.3482449, -0.083716236, 0.49923792), (-0.31679815, -0.08373438, 0.49913588), (-0.28592905, -0.08377176, 0.4990414), (-0.36821625, -0.083456494, 0.39661017), (-0.36807823, -0.08342705, 0.37308365), (0.3673844, -0.0847692, 0.11410264), (0.3672443, -0.0848581, 0.05740452), (0.36768132, -0.083646774, -0.25522006), (0.3503845, -0.08386608, 0.49966532), (-0.3678728, -0.082395904, -0.481581), (0.1939996, -0.0838852, 0.4995534), (-0.24119733, -0.08377736, 0.49905485), (-0.19731513, -0.08378373, 0.49903324), (0.24148509, -0.08393065, 0.49955946), (0.22066806, -0.08390072, 0.49950144), (0.3358879, -0.08386478, 0.49968752), (0.27943406, -0.08391583, 0.4994967), (0.32651052, -0.08386506, 0.499728), (0.36830604, -0.08381825, 0.3751731), (0.36822146, -0.08380193, 0.40183568), (0.36707616, -0.08457603, -0.16662982), (0.36722967, -0.08476767, 0.16148023), (-0.176491, -0.083798856, 0.49914557), (-0.1466611, -0.08382186, 0.49920765), (0.15189472, -0.08392061, 0.49953392), (-0.10402836, -0.08380648, 0.4992698), (-0.078454375, -0.08386901, 0.49929696), (0.36755952, -0.08364588, -0.20472133), (0.12320981, -0.08395373, 0.4995666), (0.077245854, -0.083969295, 0.49955976), (0.3680734, -0.08383914, 0.31878456), (0.36738124, -0.08395856, -0.17741051), (-0.04406322, -0.0839804, 0.49932855), (0.053182162, -0.08400973, 0.4993761), (0.019266427, -0.083989486, 0.49933067), (-0.018284367, -0.08400917, 0.49927536), (0.36711153, -0.0847072, -0.13370205), (0.36778542, -0.083813384, 0.28701234), (0.36708274, -0.08487666, 0.014746538), (-0.3677902, -0.08342019, 0.33037868), (0.3671659, -0.084845066, -0.08503315), (0.367103, -0.08477463, -0.0487345), (0.36780217, -0.08389967, 0.25843433), (0.3698268, -0.08384429, 0.49878043), (0.36775547, -0.083946995, 0.2015453), (-0.090850174, 0.08454275, 0.12553892), (-0.10454306, 0.08456612, 0.116842605), (-0.09161927, 0.08452973, 0.10625355), (-0.08072425, 0.08449246, 0.103831954), (-0.08172751, 0.084496364, 0.13349721), (-0.073955275, 0.084416136, 0.13154668), (-0.07984244, 0.084458776, 0.16431522), (-0.062017884, 0.08420694, 0.15167956), (-0.059663314, 0.08417345, 0.13620745), (-0.04533788, 0.08395547, 0.13582216), (-0.047824766, 0.08401063, 0.1517125), (-0.06199452, 0.08418226, 0.16687377), (-0.045699194, 0.083980076, 0.16654046), (-0.036017586, 0.083907604, 0.14776917), (-0.029769123, 0.08389128, 0.16537291), (-0.004869643, 0.083818704, 0.16023032), (-0.003221345, 0.08374906, 0.1712853), (-0.015290494, 0.08375136, 0.17858021), (0.020251295, 0.08357913, 0.18625133), (0.023510449, 0.083656624, 0.17014924), (-0.0059240805, 0.08366309, 0.19036901), (-0.00812382, 0.08361291, 0.20934716), (0.022489816, 0.083516486, 0.21330684), (0.04663476, 0.08344573, 0.21542309), (0.03099831, 0.08348382, 0.22675729), (0.03948388, 0.08348345, 0.23827294), (0.049480937, 0.08345163, 0.24411598), (0.031023566, 0.08348571, 0.2562441), (0.050851643, 0.08341794, 0.25952512), (0.064567596, 0.08334829, 0.24690646), (0.06293793, 0.0833257, 0.264891), (0.07727609, 0.083240144, 0.26952), (0.07095422, 0.08326515, 0.28045177), (0.0536511, 0.08339282, 0.28524187), (0.06880059, 0.08328013, 0.29924607), (0.08448934, 0.083199196, 0.2904626), (0.07789628, 0.0832324, 0.31146756), (0.10246975, 0.0831731, 0.29782173), (0.097242, 0.08318247, 0.3116694), (0.12005413, 0.08315654, 0.30671817), (0.118893005, 0.08321147, 0.32262087), (0.13759081, 0.08317995, 0.31315717), (0.1270756, 0.08323476, 0.3330274), (0.14837103, 0.0832067, 0.31699172), (0.1373096, 0.08315128, 0.2923144), (0.15709268, 0.083150886, 0.2893477), (0.16904569, 0.08315924, 0.3119469), (0.1747953, 0.08312218, 0.2715595), (0.1861286, 0.08309088, 0.29947492), (0.19900016, 0.083078355, 0.2933411), (0.20544392, 0.083049364, 0.305965), (0.2287787, 0.08305031, 0.29831105), (0.21869084, 0.083074845, 0.2822444), (0.24296945, 0.08307969, 0.28349906), (0.2664532, 0.083086796, 0.30010283), (0.26855087, 0.08307435, 0.27056938), (0.28769523, 0.08310269, 0.294824), (0.29306176, 0.08309186, 0.2705149), (0.31664544, 0.08317093, 0.2734068), (0.31173962, 0.083181866, 0.28948048), (0.33213347, 0.0832348, 0.28584126), (0.34166697, 0.08323038, 0.27309874), (0.34965312, 0.08323103, 0.28808922), (0.35052902, 0.08322275, 0.26319042), (0.36717257, 0.0832396, 0.2955866), (0.3671606, 0.08322485, 0.2869129), (0.3459262, 0.08322964, 0.30451542), (0.35917637, 0.08321945, 0.32552847), (0.36729816, 0.08330116, 0.33203194), (0.3603413, 0.08325421, 0.36628655), (0.35582495, 0.08320653, 0.34435895), (0.3468639, 0.083196364, 0.3276243), (0.35028827, 0.08322496, 0.37143818), (0.32857168, 0.08319059, 0.3525353), (0.31355676, 0.08314502, 0.3314506), (0.31970036, 0.08316611, 0.31340984), (0.32867858, 0.08320379, 0.3027844), (0.29984805, 0.08310631, 0.3155663), (0.28443497, 0.08309271, 0.32072353), (0.25762153, 0.083102934, 0.32072818), (0.23180762, 0.08306052, 0.30900922), (0.24132727, 0.08311369, 0.33785436), (0.2644687, 0.08311779, 0.34329763), (0.24154033, 0.08312201, 0.36647224), (0.2225719, 0.083112225, 0.35642657), (0.22421703, 0.08307739, 0.3247734), (0.21343182, 0.08311042, 0.33547953), (0.20841713, 0.08307782, 0.31976983), (0.19609967, 0.08312293, 0.33309615), (0.18778266, 0.08310584, 0.31328535), (0.18100365, 0.08317401, 0.33553752), (0.16234015, 0.08319468, 0.33482903), (0.1974196, 0.08313967, 0.3531873), (0.16198075, 0.08317656, 0.35314733), (0.14164469, 0.08321386, 0.33771315), (0.12285371, 0.08323849, 0.3492053), (0.101045825, 0.08327122, 0.3366206), (0.08746015, 0.083291925, 0.3527963), (0.10556835, 0.08326061, 0.3592452), (0.12884171, 0.08321576, 0.3625386), (0.15577488, 0.083181545, 0.36694598), (0.13892494, 0.08319953, 0.37228784), (0.15936798, 0.08317151, 0.3836828), (0.1904412, 0.08314251, 0.38296056), (0.17552572, 0.08314357, 0.36168507), (0.20402072, 0.083122164, 0.36993146), (0.24262868, 0.08311129, 0.38507435), (0.22774404, 0.08312539, 0.40103644), (0.2503484, 0.08312203, 0.40153986), (0.27208433, 0.08312943, 0.40589902), (0.27640802, 0.08312654, 0.39262062), (0.30670068, 0.08317027, 0.39907557), (0.2993882, 0.08316164, 0.38095105), (0.32734233, 0.08321585, 0.39172822), (0.2985443, 0.08318782, 0.41438964), (0.3219299, 0.083240695, 0.42204317), (0.34440243, 0.08324192, 0.40564004), (0.35363767, 0.08323512, 0.39999804), (0.36030152, 0.08327264, 0.41069397), (0.36736217, 0.08336318, 0.3694022), (0.36744735, 0.0833427, 0.40856394), (0.36753082, 0.0833715, 0.4356502), (0.3580021, 0.08333283, 0.4428076), (0.34821898, 0.083268866, 0.42255527), (0.35247028, 0.08337308, 0.45608872), (0.34157136, 0.08338368, 0.44755834), (0.3357902, 0.08347027, 0.46376288), (0.3271317, 0.08334694, 0.44043565), (0.3276118, 0.083460346, 0.4602958), (0.2989805, 0.083362885, 0.44431874), (0.28699967, 0.083254814, 0.43214658), (0.30251428, 0.083230995, 0.42694864), (0.27102438, 0.08316292, 0.42174244), (0.24521513, 0.08313459, 0.41900432), (0.241557, 0.08318676, 0.43684423), (0.25925776, 0.08324385, 0.45099878), (0.24326314, 0.08325211, 0.45589605), (0.23552181, 0.083270654, 0.46250838), (0.22072414, 0.083200015, 0.44157138), (0.2133425, 0.08323358, 0.446137), (0.21889694, 0.08314379, 0.4184241), (0.20105681, 0.08316502, 0.40187007), (0.19901979, 0.08321804, 0.41901967), (0.17409992, 0.08323408, 0.41804343), (0.16691054, 0.0831926, 0.3994808), (0.15860943, 0.08325759, 0.43867865), (0.13297422, 0.08324444, 0.42172155), (0.13297185, 0.08320707, 0.39098048), (0.106239595, 0.083238944, 0.40232262), (0.10791606, 0.08325689, 0.38880664), (0.1140808, 0.083244205, 0.37836748), (0.08246527, 0.08332086, 0.3744451), (0.057690945, 0.0834037, 0.36432305), (0.07096136, 0.08333435, 0.34909567), (0.07895183, 0.08325386, 0.32353562), (0.091654494, 0.08323923, 0.32462534), (0.053366635, 0.08341022, 0.3386618), (0.06215408, 0.08333004, 0.32060766), (0.040461432, 0.083431646, 0.3215658), (0.05450376, 0.08338019, 0.3078437), (0.04626785, 0.08343881, 0.30549446), (0.03986604, 0.08344943, 0.2934389), (0.040554754, 0.083456606, 0.27527902), (0.02884568, 0.08348039, 0.27675998), (0.015975913, 0.083489574, 0.27261132), (0.0049234997, 0.08352307, 0.2590223), (0.0087293275, 0.08353544, 0.24149486), (0.0068161446, 0.083539695, 0.22628123), (-0.017240949, 0.083630234, 0.22411335), (-0.028184794, 0.08363804, 0.22976817), (-0.0417006, 0.08367685, 0.21951994), (-0.033387788, 0.08367318, 0.20656678), (-0.027247198, 0.08371979, 0.19522755), (-0.042139232, 0.08384529, 0.18470788), (-0.04616284, 0.083746776, 0.20293993), (-0.05768132, 0.08386669, 0.20083979), (-0.06323529, 0.08400844, 0.18901394), (-0.0673836, 0.08421585, 0.17378557), (-0.07818086, 0.08428003, 0.17865646), (-0.10316083, 0.08435927, 0.18239684), (-0.112109266, 0.08449477, 0.1759163), (-0.09665618, 0.08452244, 0.16207786), (-0.08451835, 0.084498055, 0.154745), (-0.099792816, 0.084546335, 0.14119819), (-0.10714522, 0.084558144, 0.15374519), (-0.121150196, 0.08465628, 0.1429509), (-0.12426658, 0.084670246, 0.1599214), (-0.13550021, 0.08477818, 0.14335066), (-0.12251032, 0.08469402, 0.1257882), (-0.14483261, 0.08480462, 0.15693992), (-0.15842466, 0.08489463, 0.13943386), (-0.14491966, 0.08487525, 0.1214515), (-0.16137932, 0.08498184, 0.10776258), (-0.16984831, 0.08494347, 0.12733725), (-0.18686499, 0.08496955, 0.117305145), (-0.1808567, 0.08497795, 0.10682105), (-0.21238881, 0.08494948, 0.10518334), (-0.19803154, 0.08497462, 0.09769617), (-0.17446889, 0.08500418, 0.09677447), (-0.21620807, 0.084981464, 0.08554196), (-0.1947353, 0.085032746, 0.087961294), (-0.18215965, 0.08504266, 0.0847758), (-0.2048019, 0.085066624, 0.07650499), (-0.22625405, 0.085006066, 0.07574841), (-0.23839423, 0.08493923, 0.09259552), (-0.24680227, 0.08499806, 0.07927488), (-0.24025424, 0.08515225, 0.05969436), (-0.26468977, 0.085055545, 0.07136927), (-0.28366897, 0.08495017, 0.08630546), (-0.29054007, 0.08508917, 0.06415893), (-0.27753666, 0.08520866, 0.05160224), (-0.30622768, 0.08499259, 0.07341264), (-0.31098184, 0.08514773, 0.05503783), (-0.29267824, 0.08524263, 0.04434457), (-0.31153518, 0.08528038, 0.040533945), (-0.3098882, 0.08530199, 0.032309312), (-0.32361165, 0.085240126, 0.048551377), (-0.33006924, 0.08531526, 0.040571287), (-0.32111955, 0.08534453, 0.028729247), (-0.3377741, 0.08533426, 0.03460268), (-0.34230942, 0.085224524, 0.049144715), (-0.35267076, 0.0852929, 0.042675775), (-0.34394965, 0.08533414, 0.016699387), (-0.35353324, 0.085361995, 0.020471057), (-0.36407736, 0.08543169, 0.03735299), (-0.3644014, 0.08544963, 0.021345673), (-0.35248813, 0.085333765, -0.01791472), (-0.36059594, 0.08538175, -0.018459816), (-0.3652601, 0.0853562, -0.041989982), (-0.36376017, 0.08522199, 0.053539347), (-0.3547302, 0.085112184, 0.060242232), (-0.3414521, 0.08507077, 0.062482614), (-0.35068995, 0.084907785, 0.08159156), (-0.3317088, 0.084992774, 0.07018471), (-0.32403648, 0.08492179, 0.08110586), (-0.34142104, 0.08488167, 0.084776804), (-0.34235248, 0.08485642, 0.100910075), (-0.32755128, 0.08487091, 0.10121224), (-0.3072248, 0.084890604, 0.09609868), (-0.27683738, 0.08490104, 0.103389144), (-0.2901356, 0.084863506, 0.115971774), (-0.24291618, 0.08488822, 0.114830665), (-0.21268287, 0.08494588, 0.116092026), (-0.24641912, 0.08483871, 0.13444464), (-0.2163121, 0.08489451, 0.13088295), (-0.19585802, 0.08493206, 0.13097791), (-0.21323681, 0.084869064, 0.14774105), (-0.19765653, 0.084905446, 0.15256391), (-0.21994828, 0.08483842, 0.15924005), (-0.20762408, 0.084840015, 0.16636369), (-0.1787286, 0.08488766, 0.15791738), (-0.18170759, 0.08484828, 0.16729029), (-0.15068312, 0.08480979, 0.16441055), (-0.16492467, 0.08478734, 0.17149124), (-0.14264755, 0.084727876, 0.17101124), (-0.12369987, 0.08462957, 0.17013183), (-0.13565367, 0.08461132, 0.1784815), (-0.13659301, 0.08440924, 0.19211966), (-0.15312867, 0.08464015, 0.18050298), (-0.16090564, 0.08447981, 0.19244954), (-0.17746614, 0.08471623, 0.17868498), (-0.18176362, 0.084553555, 0.19014698), (-0.19698077, 0.08478616, 0.17365032), (-0.2046119, 0.08461652, 0.1847375), (-0.2346923, 0.08474259, 0.16973096), (-0.2374699, 0.084791854, 0.15705487), (-0.28026938, 0.084702365, 0.16614287), (-0.28727752, 0.084740646, 0.15816368), (-0.24996154, 0.08479132, 0.15116999), (-0.2773479, 0.084781244, 0.1453186), (-0.2923735, 0.08479202, 0.13682581), (-0.31245112, 0.08482622, 0.12564826), (-0.33081225, 0.0848333, 0.11967875), (-0.34226367, 0.0848142, 0.12261961), (-0.34090802, 0.08475113, 0.14220224), (-0.32248226, 0.08474119, 0.14906433), (-0.34775454, 0.08471887, 0.15774344), (-0.35171312, 0.08479272, 0.1342281), (-0.35694546, 0.0848045, 0.14013484), (-0.36180347, 0.084940016, 0.116953775), (-0.35254738, 0.08487426, 0.1091776), (-0.36166716, 0.08494365, 0.08183933), (-0.3612713, 0.08478131, 0.16252153), (-0.35125422, 0.0845845, 0.17562376), (-0.3210104, 0.08468009, 0.16587335), (-0.3215436, 0.08455983, 0.17664473), (-0.28787622, 0.08460076, 0.17472911), (-0.32169646, 0.084345266, 0.19095892), (-0.26630878, 0.08444107, 0.18746288), (-0.2471217, 0.08464598, 0.17545502), (-0.23342285, 0.08449925, 0.18650953), (-0.22162497, 0.084542595, 0.18632641), (-0.22501047, 0.08432959, 0.20230354), (-0.20139569, 0.08431798, 0.21206765), (-0.1878253, 0.08436427, 0.20388712), (-0.17460087, 0.084201634, 0.22526273), (-0.16766068, 0.084237024, 0.21397543), (-0.16114697, 0.08429765, 0.20536219), (-0.14299546, 0.0842062, 0.21137984), (-0.12739098, 0.08419091, 0.20497993), (-0.12290194, 0.08410755, 0.21670116), (-0.10698491, 0.08406949, 0.20609914), (-0.118454956, 0.08405341, 0.22897632), (-0.092557386, 0.08402168, 0.2112981), (-0.09271987, 0.08407946, 0.20070702), (-0.07450602, 0.083996855, 0.20372699), (-0.07252159, 0.08394716, 0.21582982), (-0.056097507, 0.08379753, 0.21489803), (-0.06879207, 0.083911896, 0.23786807), (-0.052677803, 0.083757594, 0.2501091), (-0.045634627, 0.08370437, 0.24852858), (-0.035602458, 0.0836564, 0.24511944), (-0.029683296, 0.083661966, 0.25478336), (-0.015213223, 0.08360924, 0.23932205), (-0.023559362, 0.08364932, 0.26366737), (-0.010750519, 0.08357309, 0.2668347), (-0.003643553, 0.08352334, 0.28338027), (0.010051415, 0.08348181, 0.28843215), (-0.020864362, 0.08353155, 0.3062234), (-0.021815587, 0.08360787, 0.28538987), (-0.03454087, 0.0836197, 0.29120043), (-0.04259436, 0.08370199, 0.27550498), (-0.05371697, 0.083692595, 0.29792693), (-0.06263845, 0.08383132, 0.2680877), (-0.074529335, 0.08386502, 0.29052496), (-0.08152271, 0.08394397, 0.27461544), (-0.07917078, 0.08397469, 0.25584126), (-0.08026003, 0.083990365, 0.23612419), (-0.0901747, 0.08401396, 0.23169984), (-0.11136622, 0.08402041, 0.24012995), (-0.09538031, 0.08401388, 0.25276834), (-0.11270929, 0.08399663, 0.26216528), (-0.13241857, 0.08405912, 0.25046244), (-0.13566688, 0.08410874, 0.23340224), (-0.1532534, 0.08415589, 0.22667518), (-0.1757241, 0.08411582, 0.24851309), (-0.19303407, 0.08419479, 0.23415832), (-0.21158883, 0.08418016, 0.23947853), (-0.2235483, 0.08417669, 0.2349796), (-0.2264408, 0.08426417, 0.21029964), (-0.23732688, 0.08413372, 0.23318964), (-0.25091004, 0.08420901, 0.21136576), (-0.26352465, 0.08425093, 0.20401499), (-0.24066734, 0.08435384, 0.1965326), (-0.28132892, 0.084305644, 0.1957465), (-0.30616015, 0.08415503, 0.20663308), (-0.3026167, 0.08426919, 0.19718806), (-0.3370553, 0.08420209, 0.20070182), (-0.3495184, 0.08435259, 0.19123293), (-0.34453613, 0.08416451, 0.20494789), (-0.35155085, 0.0841501, 0.2091722), (-0.33557096, 0.0840837, 0.21503368), (-0.30562878, 0.084040046, 0.22369254), (-0.29450786, 0.08409907, 0.21554582), (-0.2779447, 0.08410854, 0.22077097), (-0.28620818, 0.08402547, 0.23318379), (-0.28293985, 0.08401236, 0.24461688), (-0.25436902, 0.08414192, 0.22535664), (-0.26217848, 0.084007494, 0.25621608), (-0.24181688, 0.0839994, 0.26480633), (-0.22267658, 0.0840704, 0.25852647), (-0.22378403, 0.083970524, 0.2797532), (-0.20538308, 0.08407523, 0.2616193), (-0.1872916, 0.08401446, 0.27804375), (-0.15725191, 0.08404419, 0.26147237), (-0.15880725, 0.08397942, 0.2831549), (-0.12989074, 0.083990745, 0.2718339), (-0.1430523, 0.08394233, 0.2917936), (-0.118266866, 0.083933584, 0.28590938), (-0.09947091, 0.08398039, 0.26886493), (-0.09770647, 0.08392567, 0.2895379), (-0.08665171, 0.08387952, 0.2990812), (-0.11732843, 0.08387842, 0.3003102), (-0.10329893, 0.08382279, 0.3077842), (-0.07702353, 0.08378673, 0.30902502), (-0.0854642, 0.08373357, 0.3184939), (-0.060859386, 0.083651215, 0.3200496), (-0.04525403, 0.08359041, 0.31366926), (-0.045579422, 0.08356627, 0.33590573), (-0.025009824, 0.0835292, 0.3276125), (-0.009602104, 0.08350284, 0.32749504), (-0.00028301365, 0.083466545, 0.31022748), (0.013271387, 0.08344284, 0.31752214), (0.012787599, 0.08347089, 0.34347698), (0.021881483, 0.08345537, 0.33073282), (0.036663752, 0.083469525, 0.335079), (0.023860348, 0.0834433, 0.3040847), (0.04019123, 0.08344959, 0.34878936), (0.034036413, 0.0834454, 0.36647335), (0.044499796, 0.08345109, 0.37467998), (0.059053443, 0.08339795, 0.389096), (0.0365921, 0.0834635, 0.39026493), (0.021665325, 0.08346926, 0.3862274), (0.022335127, 0.083451316, 0.40805548), (0.049567774, 0.083433956, 0.40249795), (0.042030465, 0.08343852, 0.41021517), (0.07055896, 0.08336332, 0.42109367), (0.07306209, 0.08333724, 0.40614548), (0.082977764, 0.08331431, 0.42888236), (0.0900726, 0.08326815, 0.40972388), (0.099734776, 0.08327641, 0.42555285), (0.08561139, 0.083290115, 0.39220208), (0.09458215, 0.08334112, 0.44295344), (0.1112568, 0.08334759, 0.45280868), (0.116986305, 0.083274566, 0.42737204), (0.13612649, 0.083301194, 0.45126644), (0.10115035, 0.08338503, 0.46697238), (0.13945143, 0.08332015, 0.46954367), (0.15560544, 0.08327662, 0.46238968), (0.18011911, 0.08333547, 0.45328605), (0.17886299, 0.0833427, 0.47082135), (0.18956694, 0.08335923, 0.46181732), (0.19129077, 0.08337696, 0.47714624), (0.20720717, 0.08332022, 0.4662543), (0.22636153, 0.08332602, 0.4728641), (0.21705025, 0.08341234, 0.48105526), (0.2448002, 0.08338269, 0.48140314), (0.25821424, 0.08333668, 0.47686133), (0.26545203, 0.08339474, 0.48328248), (0.29590762, 0.083435915, 0.48325986), (0.287633, 0.08337438, 0.47706237), (0.31068355, 0.08346305, 0.47664443), (0.32641333, 0.0835465, 0.47944298), (0.3138347, 0.08343065, 0.46169823), (0.2977938, 0.08337505, 0.46667576), (0.28696105, 0.08334632, 0.45690742), (0.27709687, 0.08332022, 0.44921544), (0.2778448, 0.0832853, 0.43949383), (0.26960626, 0.08330814, 0.46868247), (0.31728423, 0.08371335, 0.4915428), (0.3349375, 0.08362288, 0.49184516), (0.3437249, 0.08352663, 0.4827163), (0.35821924, 0.083646215, 0.49138513), (0.3635009, 0.083567545, 0.48432007), (0.35727844, 0.083454736, 0.47414574), (0.36763856, 0.08343891, 0.46913692), (0.36761227, 0.08357166, 0.4908892), (0.34566608, 0.083459824, 0.47195032), (0.29545572, 0.08355817, 0.49171537), (0.27574638, 0.08353069, 0.49159104), (0.25078422, 0.083532274, 0.49160022), (0.22706369, 0.0835884, 0.4915878), (0.18928196, 0.08346641, 0.48537838), (0.19522814, 0.08355055, 0.49192923), (0.1815665, 0.08359481, 0.49181488), (0.15302582, 0.08357309, 0.49162424), (0.15354449, 0.083384946, 0.48279056), (0.1606787, 0.08330578, 0.47217265), (0.12612577, 0.08345238, 0.48033556), (0.10016656, 0.08344138, 0.47474605), (0.08751248, 0.0835437, 0.4831861), (0.08099243, 0.08347469, 0.47535825), (0.082380936, 0.08339844, 0.46162042), (0.06437285, 0.08352997, 0.4752318), (0.05754982, 0.08352142, 0.46671322), (0.07129793, 0.08341178, 0.4498465), (0.05977097, 0.08350372, 0.4556039), (0.06263655, 0.08345594, 0.4434503), (0.048502114, 0.08342014, 0.42834604), (0.051610023, 0.08347752, 0.4424263), (0.026917085, 0.08343388, 0.4397078), (0.02247382, 0.08342279, 0.43315494), (0.026224583, 0.08344029, 0.42308402), (0.009626373, 0.083444186, 0.41861334), (0.0037615504, 0.0834924, 0.39415658), (-0.005903799, 0.08352165, 0.41224983), (-0.009011659, 0.08355611, 0.39165467), (-0.006161607, 0.08351795, 0.37956667), (0.0102053275, 0.08345618, 0.36883572), (-0.009555237, 0.08348286, 0.3667923), (0.0026934117, 0.08346917, 0.3577162), (-0.010511358, 0.08351326, 0.34981376), (-0.027173182, 0.083529405, 0.35323542), (-0.036805455, 0.08349574, 0.37127355), (-0.055775303, 0.083572954, 0.35321897), (-0.06873273, 0.08362231, 0.33719137), (-0.07939141, 0.08360296, 0.3641638), (-0.095527396, 0.08363831, 0.34722987), (-0.105718076, 0.08371631, 0.32134938), (-0.12180958, 0.08365196, 0.33114845), (-0.13167477, 0.083713256, 0.32078302), (-0.15572633, 0.083864935, 0.30521762), (-0.16126157, 0.0837663, 0.3167543), (-0.19185935, 0.083776504, 0.31796515), (-0.19946092, 0.08388003, 0.30696422), (-0.19240895, 0.08394673, 0.295982), (-0.22410989, 0.08389233, 0.30419636), (-0.22875753, 0.08393739, 0.29172677), (-0.24518292, 0.08384833, 0.30624145), (-0.2650175, 0.083863884, 0.29817384), (-0.25276667, 0.08393587, 0.28251186), (-0.2768744, 0.08386621, 0.29076368), (-0.27501404, 0.08390336, 0.27823606), (-0.29111433, 0.08391118, 0.26823792), (-0.28803223, 0.08384332, 0.28566283), (-0.31237298, 0.083876744, 0.27826422), (-0.30575243, 0.08393151, 0.26307645), (-0.31627646, 0.08397714, 0.2553729), (-0.31071025, 0.08399903, 0.24283837), (-0.33693755, 0.08399303, 0.2470479), (-0.32308966, 0.08401347, 0.23404422), (-0.34482357, 0.08406196, 0.22689418), (-0.35206193, 0.08406204, 0.2350501), (-0.36492887, 0.08428314, 0.20432432), (-0.36498308, 0.08424701, 0.22587389), (-0.35250822, 0.083941355, 0.26195952), (-0.346745, 0.08385052, 0.28117004), (-0.33324996, 0.08391229, 0.2668315), (-0.3380098, 0.08383445, 0.2817318), (-0.31713846, 0.08379952, 0.2917478), (-0.29899338, 0.08381056, 0.2929173), (-0.3039969, 0.08373542, 0.30457824), (-0.27188647, 0.08377904, 0.30825502), (-0.28586245, 0.08368739, 0.32160452), (-0.24768779, 0.08371803, 0.3244609), (-0.2304938, 0.08379903, 0.31601766), (-0.22168303, 0.08372239, 0.326093), (-0.25040784, 0.08367172, 0.33689994), (-0.22880381, 0.08367482, 0.34190184), (-0.20710962, 0.083684176, 0.33878988), (-0.17529033, 0.08368461, 0.32618842), (-0.17748792, 0.08365303, 0.3344956), (-0.14425588, 0.08365969, 0.32845405), (-0.14685774, 0.08364036, 0.33579996), (-0.12249605, 0.0836191, 0.35149387), (-0.1417899, 0.0836225, 0.3526653), (-0.15718254, 0.08365156, 0.34540203), (-0.15867338, 0.08361636, 0.3593635), (-0.17207588, 0.08362587, 0.35498053), (-0.18076658, 0.08364016, 0.3487385), (-0.19042979, 0.08366981, 0.34095377), (-0.20021659, 0.08364494, 0.3541919), (-0.22144312, 0.083656386, 0.35417423), (-0.20955855, 0.0836169, 0.37092474), (-0.18547915, 0.08359122, 0.36319268), (-0.18019715, 0.08359424, 0.37100124), (-0.15709715, 0.08359581, 0.3757297), (-0.18571307, 0.08360301, 0.38444296), (-0.16537152, 0.08358602, 0.3884273), (-0.1335823, 0.083596654, 0.3893672), (-0.13648975, 0.08359906, 0.3699068), (-0.11310767, 0.083595194, 0.3817409), (-0.11370951, 0.083608195, 0.36466792), (-0.092997305, 0.08359033, 0.37422168), (-0.08367035, 0.083603546, 0.38397577), (-0.06430924, 0.08354237, 0.37987104), (-0.059929706, 0.08354757, 0.36490256), (-0.052104194, 0.083516784, 0.39257157), (-0.034093995, 0.08352085, 0.38457477), (-0.01918674, 0.08352398, 0.37834415), (-0.032501217, 0.08354882, 0.39770752), (-0.019925145, 0.08355263, 0.40913022), (-0.028170725, 0.08359049, 0.43437752), (-0.01071846, 0.083538786, 0.43590382), (0.0024691485, 0.0834591, 0.43350202), (-0.0064344546, 0.08357304, 0.45772907), (0.0086403685, 0.08346835, 0.4474667), (0.004484809, 0.08357495, 0.4653398), (0.021053288, 0.08346761, 0.44989052), (0.021234483, 0.08355691, 0.46301422), (0.03307192, 0.083550416, 0.45900142), (0.040589824, 0.0835052, 0.4485331), (0.038166143, 0.08361457, 0.46584353), (0.0493047, 0.08356786, 0.45775247), (0.045508966, 0.083611794, 0.47504276), (0.028712476, 0.083721235, 0.47960144), (0.016528293, 0.08367203, 0.4746657), (0.011547455, 0.08377701, 0.48380122), (0.031664945, 0.08387342, 0.49174616), (0.04648935, 0.083666876, 0.4828495), (0.08256058, 0.083700776, 0.49174625), (0.1241849, 0.083675325, 0.4916883), (-0.0031844284, 0.083893344, 0.49140602), (-0.004605003, 0.08371591, 0.47985294), (-0.028609745, 0.08392883, 0.4915347), (-0.019966552, 0.08374379, 0.48091155), (-0.020645628, 0.08366499, 0.47154105), (-0.023118332, 0.083642304, 0.45375484), (-0.031044342, 0.083665945, 0.46465313), (-0.04754018, 0.083602265, 0.4623594), (-0.043193188, 0.0835796, 0.44027993), (-0.041971494, 0.08356181, 0.41270348), (-0.058473606, 0.083565, 0.42692935), (-0.07774183, 0.083587, 0.4154757), (-0.07803312, 0.08358062, 0.40489632), (-0.07471346, 0.083567165, 0.3939493), (-0.09802881, 0.08358419, 0.39208934), (-0.10361196, 0.08359165, 0.40351406), (-0.1014106, 0.083591156, 0.42136446), (-0.12211107, 0.08361381, 0.41395858), (-0.13765348, 0.083604455, 0.4056773), (-0.14872739, 0.08360707, 0.4190006), (-0.12724657, 0.08359745, 0.44181845), (-0.11243986, 0.08360165, 0.4370154), (-0.11437723, 0.08358526, 0.4631566), (-0.1020356, 0.0835599, 0.45016727), (-0.08456624, 0.083550446, 0.44108886), (-0.08931993, 0.0835303, 0.46140233), (-0.07275265, 0.08353303, 0.46407017), (-0.061140776, 0.0835632, 0.4505624), (-0.0633929, 0.08361705, 0.4755273), (-0.04175947, 0.08366508, 0.4749613), (-0.05902955, 0.08375454, 0.48596758), (-0.083364494, 0.08363514, 0.48104164), (-0.080456086, 0.083557844, 0.47218162), (-0.10704151, 0.08360897, 0.47476843), (-0.13366862, 0.08359584, 0.46598452), (-0.13132496, 0.08357353, 0.4579934), (-0.1562752, 0.08357108, 0.45566213), (-0.15291898, 0.083584085, 0.43734786), (-0.17288001, 0.083573245, 0.44122872), (-0.2011347, 0.0835978, 0.42232165), (-0.18697922, 0.08359238, 0.40913266), (-0.16179937, 0.083590366, 0.39637634), (-0.19886217, 0.083598055, 0.3908277), (-0.21768066, 0.083602846, 0.40470707), (-0.22118138, 0.08360005, 0.3829652), (-0.22869521, 0.083586834, 0.369349), (-0.23257044, 0.08358509, 0.39710996), (-0.2535184, 0.08356162, 0.36670458), (-0.23326808, 0.08360397, 0.35838643), (-0.24597499, 0.08362331, 0.3533433), (-0.26911476, 0.08361469, 0.34886092), (-0.28709525, 0.08363015, 0.33815375), (-0.30231383, 0.083582744, 0.35107976), (-0.31186265, 0.08360275, 0.33386928), (-0.31361207, 0.08368212, 0.31698528), (-0.3344991, 0.083659746, 0.3210695), (-0.33173978, 0.08376181, 0.30126843), (-0.35055166, 0.08376043, 0.31000626), (-0.35491407, 0.083897166, 0.28557265), (-0.36057374, 0.08391802, 0.30370924), (-0.36514494, 0.084106386, 0.26504102), (-0.35718343, 0.08398058, 0.2631801), (-0.36171526, 0.084076986, 0.25579756), (-0.3594522, 0.083737954, 0.3278543), (-0.3654254, 0.0837839, 0.33496925), (-0.36517176, 0.08407414, 0.29515463), (-0.36053526, 0.083684295, 0.3506813), (-0.35492632, 0.08364013, 0.33784303), (-0.3504223, 0.083599426, 0.35079587), (-0.34429148, 0.083610415, 0.33363876), (-0.33191058, 0.08358017, 0.33893612), (-0.33833808, 0.08358761, 0.36498764), (-0.32547504, 0.083566435, 0.34777427), (-0.32223272, 0.0835601, 0.37028632), (-0.30071536, 0.08352662, 0.3675479), (-0.28485307, 0.083538465, 0.365517), (-0.30506697, 0.08351299, 0.37851703), (-0.27665243, 0.083540775, 0.38336357), (-0.24732313, 0.08357479, 0.3889863), (-0.25608146, 0.08356446, 0.40885934), (-0.24064764, 0.083588034, 0.4271623), (-0.22506681, 0.08360233, 0.43182614), (-0.19532904, 0.08358945, 0.43584296), (-0.21755655, 0.08360462, 0.44796184), (-0.20140211, 0.08359407, 0.45299214), (-0.18511704, 0.0835824, 0.46386823), (-0.22165693, 0.08360542, 0.46545357), (-0.21005271, 0.08364308, 0.47447544), (-0.17686325, 0.08362723, 0.47491348), (-0.15762112, 0.08361682, 0.4720139), (-0.17115667, 0.08370874, 0.48416516), (-0.14691764, 0.08369273, 0.4796546), (-0.15699156, 0.08383725, 0.49164078), (-0.14177433, 0.08387429, 0.4916302), (-0.11700013, 0.08369532, 0.48340246), (-0.10708364, 0.08375595, 0.48760307), (-0.07788859, 0.08381075, 0.49156934), (-0.11044833, 0.08384298, 0.49171436), (-0.13357337, 0.083655104, 0.47664735), (-0.20123063, 0.08383421, 0.4916725), (-0.20483713, 0.083733834, 0.48527896), (-0.255256, 0.08384802, 0.49139088), (-0.23502685, 0.08374286, 0.48470783), (-0.237138, 0.0836411, 0.47062063), (-0.25552726, 0.083687015, 0.48141566), (-0.25298452, 0.08359885, 0.4723637), (-0.24523786, 0.08356528, 0.45888314), (-0.23110886, 0.083601356, 0.45612323), (-0.24318573, 0.08354652, 0.44756946), (-0.2609881, 0.08351486, 0.46436962), (-0.2542486, 0.083495125, 0.4471718), (-0.25288466, 0.08353752, 0.4351589), (-0.27383414, 0.083511576, 0.42918283), (-0.26380444, 0.083541475, 0.42287248), (-0.27884, 0.08353477, 0.4003669), (-0.29614598, 0.08352456, 0.40042928), (-0.29826865, 0.083499216, 0.42832556), (-0.30976143, 0.08349909, 0.40771598), (-0.32599124, 0.083508074, 0.39599434), (-0.34164575, 0.0835667, 0.39051795), (-0.34396234, 0.08354532, 0.4111801), (-0.35452974, 0.08359326, 0.41653186), (-0.35433623, 0.08360727, 0.39273667), (-0.3540805, 0.0836331, 0.37038875), (-0.36135548, 0.083656795, 0.39775112), (-0.3655809, 0.08375795, 0.36774492), (-0.36551785, 0.08374352, 0.39314684), (-0.3678427, 0.08377681, 0.41872567), (-0.36073858, 0.083631516, 0.43640804), (-0.35341594, 0.083581, 0.45024517), (-0.3412133, 0.08356535, 0.42822757), (-0.34329948, 0.08357759, 0.44433329), (-0.33400497, 0.08352428, 0.44317), (-0.32123607, 0.08350779, 0.42402655), (-0.33008525, 0.08351607, 0.4109692), (-0.31716946, 0.08347588, 0.43748513), (-0.31975254, 0.08347987, 0.45914352), (-0.3092754, 0.08345702, 0.4540135), (-0.29732662, 0.08349677, 0.44475535), (-0.27874392, 0.08351223, 0.4460152), (-0.2962007, 0.083478995, 0.45876497), (-0.2676697, 0.08348969, 0.45658436), (-0.29133746, 0.08350726, 0.46863806), (-0.28110242, 0.083523996, 0.47375757), (-0.2646153, 0.083625294, 0.4829672), (-0.28130713, 0.08359341, 0.4815611), (-0.29920372, 0.08357364, 0.47964928), (-0.29187065, 0.08372462, 0.49188432), (-0.26699683, 0.08376858, 0.49170083), (-0.31589323, 0.0836917, 0.49128774), (-0.3260922, 0.08358832, 0.48446804), (-0.31654608, 0.0835286, 0.47165713), (-0.30545646, 0.08347553, 0.46651155), (-0.33484426, 0.0835335, 0.46577096), (-0.3332659, 0.0835433, 0.45634115), (-0.34491205, 0.08355397, 0.45980942), (-0.33260816, 0.08352873, 0.4735774), (-0.3504375, 0.08349999, 0.48134804), (-0.35895473, 0.08358085, 0.46330032), (-0.36508206, 0.08362753, 0.47314486), (-0.36561197, 0.0837049, 0.4394362), (-0.3654036, 0.08362838, 0.48403203), (-0.35072693, 0.08365027, 0.49139997), (-0.3684462, 0.0837734, 0.49201694), (-0.36833555, 0.0837133, 0.47906855), (0.20448467, 0.08329715, 0.45221624), (0.20440373, 0.083236806, 0.4310681), (0.19414875, 0.08330834, 0.44037542), (0.17695406, 0.08328117, 0.43632397), (-0.36461022, 0.08462617, 0.17738062), (-0.08655151, 0.08416679, 0.19095564), (-0.11344858, 0.08425998, 0.19202495), (-0.11623801, 0.084182754, 0.19855586), (-0.36513665, 0.08474, 0.16771573), (-0.3653003, 0.08480318, 0.14873637), (-0.3653915, 0.08489843, 0.12025246), (-0.36551327, 0.084895365, 0.0864894), (-0.3655817, 0.08493695, 0.07721868), (-0.3653476, 0.08528194, 0.043776967), (-0.18022366, 0.08491348, 0.14379676), (0.29155952, 0.08313108, 0.34542927), (0.27354878, 0.08314084, 0.366489), (0.26937935, 0.08314079, 0.38218102), (0.33148962, 0.083202824, 0.26271516), (0.32128614, 0.08319526, 0.25165534), (0.3265236, 0.08321964, 0.23437712), (0.30502662, 0.08315291, 0.23780267), (0.30674085, 0.0831256, 0.25511903), (0.2886357, 0.083077066, 0.26149723), (0.272242, 0.083086625, 0.2436153), (0.24529958, 0.08308916, 0.26281258), (0.23651782, 0.08311883, 0.25201565), (0.21624836, 0.08312806, 0.24516515), (0.19693439, 0.083112024, 0.2682096), (0.16202062, 0.08314165, 0.25154877), (0.19772616, 0.083140865, 0.24194266), (0.13647592, 0.08312643, 0.27034548), (0.13460699, 0.08315196, 0.25568295), (0.16666529, 0.08316408, 0.23052628), (0.13392572, 0.083155684, 0.23462085), (0.15839337, 0.083137706, 0.20930956), (0.11085473, 0.08317806, 0.24024859), (0.110378794, 0.083175756, 0.22432469), (0.117503785, 0.083157316, 0.2119154), (0.089839645, 0.08317936, 0.19769098), (0.08256562, 0.08325138, 0.23826142), (0.08591091, 0.083227515, 0.21641444), (0.10138441, 0.0832115, 0.2557812), (0.08808812, 0.08321481, 0.27118054), (0.10950256, 0.083162256, 0.2672794), (0.122412175, 0.083122045, 0.2689084), (0.10506001, 0.08314976, 0.2806791), (0.1188351, 0.08313093, 0.28674743), (0.064343534, 0.08336183, 0.2266932), (-0.06322719, 0.08426794, 0.12096605), (-0.05011299, 0.084059596, 0.120232776), (-0.07387162, 0.08443449, 0.112602286), (-0.15396759, 0.084964424, 0.100007705), (-0.1481387, 0.08503483, 0.077304564), (-0.16790946, 0.085074216, 0.078510016), (-0.15302645, 0.08501246, 0.06845985), (-0.17291355, 0.08506391, 0.067546785), (-0.18418685, 0.08505417, 0.0625627), (-0.16596796, 0.085012645, 0.06082901), (-0.1723589, 0.08503621, 0.03861692), (-0.18998931, 0.08510683, 0.052247655), (-0.18777502, 0.085141584, 0.039323952), (-0.18501979, 0.08513579, 0.026687836), (-0.16868937, 0.085034, 0.024636384), (-0.17469385, 0.08505882, 0.012862268), (-0.20086476, 0.08524236, 0.01767735), (-0.195423, 0.085184194, 0.007654082), (-0.16438526, 0.08498353, -0.007054177), (-0.15154473, 0.08495072, 0.006382629), (-0.13919246, 0.08488599, -0.01793213), (-0.13128877, 0.0848748, -0.00518444), (-0.15979667, 0.08500246, 0.017986132), (-0.18920134, 0.08516449, -0.005356719), (-0.17503391, 0.08502641, -0.017304275), (-0.15802057, 0.084928006, -0.02024634), (-0.17269239, 0.08500594, -0.037489887), (-0.1805258, 0.085071206, -0.024593031), (-0.19236019, 0.085186765, -0.031466026), (-0.18812427, 0.08513254, -0.04942498), (-0.16246709, 0.08496974, -0.048711844), (-0.20922816, 0.08531137, -0.03559502), (-0.21332867, 0.08529616, -0.045083337), (-0.20744474, 0.08516465, -0.060363587), (-0.19436035, 0.08506184, -0.06805629), (-0.17358656, 0.08502521, -0.06245011), (-0.17904204, 0.0849529, -0.08043884), (-0.15618883, 0.084934115, -0.08341151), (-0.21346204, 0.085030325, -0.083549015), (-0.23365599, 0.08522585, -0.055623136), (-0.23344705, 0.08533319, -0.03804361), (-0.24751975, 0.085297614, -0.045293763), (-0.2621959, 0.08530282, -0.036306996), (-0.25520003, 0.08531049, -0.014376288), (-0.23254114, 0.08533549, -0.028952487), (-0.2315943, 0.08530835, -0.007421948), (-0.21303836, 0.08531139, -0.010131886), (-0.2052757, 0.085280344, -0.0067178444), (-0.2169531, 0.08528751, 0.011698956), (-0.23704392, 0.08528141, 0.014650357), (-0.22683837, 0.08530103, 0.024933912), (-0.20977946, 0.085290596, 0.023367302), (-0.20495492, 0.08524944, 0.03850641), (-0.21667716, 0.08528624, 0.040225264), (-0.20844439, 0.08521819, 0.051374603), (-0.23276865, 0.08529745, 0.0349755), (-0.23472773, 0.08525581, 0.046573196), (-0.25918487, 0.08528402, 0.022747824), (-0.27861434, 0.08526677, -0.010214745), (-0.26719752, 0.08528505, -0.018634113), (-0.29111484, 0.08526057, -0.03333556), (-0.27621812, 0.08524839, -0.04464199), (-0.28904262, 0.08517402, -0.055845726), (-0.30756477, 0.085289754, -0.038084034), (-0.29893848, 0.08526275, -0.005152497), (-0.218456, 0.08514522, 0.06303831), (-0.19989498, 0.085115895, 0.06405921), (-0.25596994, 0.08526648, 0.041435506), (-0.28695807, 0.08527313, 0.009482591), (-0.2969794, 0.08527746, 0.028645227), (-0.2755306, 0.08528731, 0.0362469), (-0.31131336, 0.08530509, 0.007188515), (-0.32910725, 0.08534221, 0.014941021), (-0.35098025, 0.08531557, -0.044426315), (-0.3642631, 0.08537605, -0.046565823), (-0.34965822, 0.08524952, -0.05396393), (-0.33656844, 0.085324265, -0.012358847), (-0.3392151, 0.08531855, -0.02965871), (-0.31964457, 0.085335486, -0.026246687), (-0.31840804, 0.08530825, -0.046923198), (-0.33002514, 0.0853306, -0.039185226), (-0.3314039, 0.08529327, -0.04822705), (-0.32319182, 0.08519982, -0.06252106), (-0.33958834, 0.08511604, -0.06779374), (-0.3182244, 0.085061155, -0.07936984), (-0.35476267, 0.08512418, -0.067065716), (-0.36300215, 0.08514567, -0.068203844), (-0.36529705, 0.08497786, -0.08149976), (-0.3548907, 0.08491753, -0.09951412), (-0.36172742, 0.08491257, -0.11289535), (-0.35164946, 0.08489897, -0.120214075), (-0.3438437, 0.084934786, -0.113853626), (-0.3594498, 0.08497963, -0.084550045), (-0.35801128, 0.08484019, -0.13399342), (-0.32075736, 0.08495562, -0.114976846), (-0.321957, 0.08489311, -0.13722312), (-0.30172062, 0.08494383, -0.12685399), (-0.33727232, 0.08489714, -0.13232334), (-0.33802402, 0.08493784, -0.102738045), (-0.3421228, 0.0849399, -0.09068028), (-0.3393687, 0.08501713, -0.07726182), (-0.35283056, 0.08500102, -0.07782902), (-0.30928943, 0.08521524, -0.060838692), (-0.31200802, 0.0850315, -0.08856901), (-0.32689556, 0.0849764, -0.08830408), (-0.31397623, 0.084984936, -0.101147875), (-0.29721728, 0.0851908, -0.0591375), (-0.30257866, 0.08511571, -0.081088595), (-0.27103013, 0.08513827, -0.064042054), (-0.25092697, 0.085136905, -0.06757408), (-0.25371397, 0.085004434, -0.09088892), (-0.23755124, 0.08504016, -0.080610104), (-0.27683884, 0.08506694, -0.076117426), (-0.2724651, 0.08501505, -0.0902925), (-0.2904673, 0.08505089, -0.088024214), (-0.28727037, 0.08499238, -0.1051301), (-0.3003651, 0.08499767, -0.113446675), (-0.32456747, 0.084844925, -0.15211716), (-0.30338725, 0.08487691, -0.14680633), (-0.35063422, 0.0848184, -0.14940158), (-0.3362479, 0.08480924, -0.16111174), (-0.340588, 0.08475741, -0.16798848), (-0.31842846, 0.08479021, -0.1679526), (-0.269683, 0.08480469, -0.15454642), (-0.28757194, 0.084846236, -0.1454421), (-0.29662713, 0.08482182, -0.16156796), (-0.26814583, 0.08485261, -0.138315), (-0.25052598, 0.084890835, -0.11914483), (-0.26712105, 0.084934145, -0.11637804), (-0.23409726, 0.08490553, -0.10666118), (-0.23457977, 0.084821515, -0.13007593), (-0.22168489, 0.08499345, -0.08932703), (-0.21489665, 0.08493977, -0.103730746), (-0.2019634, 0.08489114, -0.109835975), (-0.19134726, 0.0849128, -0.091288), (-0.18234028, 0.08485608, -0.09932557), (-0.1993292, 0.08492729, -0.09801145), (-0.19201066, 0.08482502, -0.11499847), (-0.16813141, 0.08488715, -0.094773725), (-0.17671494, 0.08482505, -0.1122088), (-0.16541956, 0.084859885, -0.10831925), (-0.15219323, 0.08496207, -0.06836921), (-0.14465092, 0.084890544, -0.086382695), (-0.15695113, 0.08494204, -0.033180084), (-0.14679433, 0.08492642, -0.026943322), (-0.15071745, 0.08494534, -0.05024908), (-0.14274345, 0.08490934, -0.05191808), (-0.12576921, 0.0847931, -0.019652346), (-0.11565572, 0.08475657, -0.004986425), (-0.11007876, 0.08467379, -0.02596672), (-0.124167465, 0.08477485, -0.034227636), (-0.123290636, 0.08475329, -0.046296302), (-0.1339089, 0.08483141, -0.059298977), (-0.11998536, 0.08466869, -0.06958778), (-0.101604305, 0.08462056, -0.049968358), (-0.110400744, 0.084609054, -0.06145176), (-0.08991789, 0.084537454, -0.06403565), (-0.081825316, 0.08452925, -0.057171226), (-0.08044036, 0.08448269, -0.074772656), (-0.07544731, 0.084503755, -0.04064006), (-0.09281124, 0.08459857, -0.0364824), (-0.030250052, 0.08402448, -0.04059434), (-0.049597565, 0.084185965, -0.028671814), (-0.054069865, 0.08424868, -0.05164891), (-0.035382483, 0.08406468, -0.03222594), (-0.04142514, 0.0840296, -0.008208154), (-0.033262827, 0.08402016, -0.025993768), (-0.016732624, 0.08386228, -0.021948239), (-0.033190634, 0.08395067, -0.0036146014), (-0.019684764, 0.08386773, 0.00070514134), (-0.0062276004, 0.08374102, -0.0155068), (-0.010421925, 0.083815895, -0.033191994), (-0.005152346, 0.08373462, -0.046583083), (0.009735888, 0.083609745, -0.039104585), (-0.032855295, 0.08400034, -0.05074871), (-0.00759608, 0.08371201, -0.053361457), (-0.029702108, 0.08383976, -0.059858456), (0.013551816, 0.08351988, -0.05122291), (-0.004971064, 0.08360462, -0.05901644), (0.014280351, 0.08337175, -0.06317773), (0.02372934, 0.083399326, -0.057354707), (-0.0037133584, 0.08351644, -0.065023445), (-0.01985668, 0.08363119, -0.073047794), (-0.030250242, 0.083743505, -0.07559565), (-0.01377482, 0.08352535, -0.08652199), (-0.027560813, 0.083679736, -0.09790621), (0.015257399, 0.08326209, -0.0794038), (-0.0023918513, 0.083445534, -0.07349499), (0.00852046, 0.08328193, -0.08893955), (0.027608689, 0.083283715, -0.06809964), (0.040325936, 0.08342256, -0.053129382), (0.048437286, 0.08317163, -0.074052654), (0.043995738, 0.08328572, -0.06154668), (0.03991339, 0.083174184, -0.080402985), (0.032625627, 0.083159916, -0.08772368), (0.04828949, 0.08306475, -0.10376942), (0.03771878, 0.0831573, -0.110867), (0.045817107, 0.08312754, -0.12768638), (0.03604025, 0.083220124, -0.12840302), (0.040779576, 0.08320356, -0.15582687), (0.02241338, 0.083275944, -0.12205747), (0.02879125, 0.08324161, -0.1353104), (0.02040791, 0.08320318, -0.09384504), (0.021224683, 0.083238915, -0.10918496), (0.009080075, 0.08330397, -0.11242733), (0.014481949, 0.08327148, -0.13391447), (0.00012100506, 0.08340164, -0.12604654), (0.0021946577, 0.08332963, -0.13807403), (0.00068507745, 0.08339375, -0.09820364), (-0.006857918, 0.08353703, -0.11521894), (-0.014452333, 0.0834984, -0.13599499), (-0.007012071, 0.083413534, -0.14618908), (0.0030370706, 0.08332022, -0.14691202), (-0.01672077, 0.08355429, -0.15395631), (-0.034270324, 0.08369849, -0.14237922), (-0.030088782, 0.08371959, -0.16442305), (-0.012165453, 0.08355197, -0.16488929), (-0.002546459, 0.083427645, -0.1682782), (-0.019709805, 0.08359222, -0.17247462), (-0.025277534, 0.08360502, -0.12859002), (-0.035862736, 0.08377518, -0.12539539), (-0.041385733, 0.083828315, -0.13109861), (-0.049972776, 0.08380865, -0.14642766), (-0.050871436, 0.08397543, -0.122123145), (-0.060166124, 0.08405441, -0.12519112), (-0.057171572, 0.08393267, -0.1452726), (-0.05663098, 0.08409296, -0.1056896), (-0.045357335, 0.08397593, -0.10978471), (-0.05291063, 0.08407266, -0.0907972), (-0.062458202, 0.08418533, -0.09156115), (-0.035599872, 0.083816685, -0.10895775), (-0.0057952013, 0.08349504, -0.09920411), (-0.01638633, 0.08356565, -0.106601484), (-0.040676724, 0.083908886, -0.09444211), (-0.044880517, 0.08394736, -0.079116315), (-0.053333864, 0.084094666, -0.06960807), (-0.068531975, 0.08436982, -0.061631862), (-0.072467245, 0.0843895, -0.0780289), (-0.0837938, 0.08433922, -0.10141255), (-0.07998694, 0.08432697, -0.117759556), (-0.069496185, 0.084205545, -0.11608044), (-0.09135796, 0.08437748, -0.11861161), (-0.08889067, 0.08439656, -0.13978687), (-0.10641242, 0.084438585, -0.1312358), (-0.10778872, 0.084441304, -0.10708769), (-0.08060207, 0.08442995, -0.08618685), (-0.07093225, 0.08429338, -0.093862675), (-0.09063423, 0.08450131, -0.07604179), (-0.09633318, 0.08446787, -0.086732425), (-0.10604289, 0.08444124, -0.09796666), (-0.109954014, 0.0845306, -0.08838174), (-0.11521916, 0.084499605, -0.09776764), (-0.12553625, 0.08467606, -0.09106435), (-0.13607764, 0.08483449, -0.08053994), (-0.13262707, 0.08470903, -0.10523339), (-0.1239018, 0.08458487, -0.10255782), (-0.12603737, 0.08456608, -0.13085952), (-0.122912094, 0.084474735, -0.1509993), (-0.11446019, 0.08437312, -0.16598241), (-0.10077099, 0.08440507, -0.14555335), (-0.13443089, 0.08448349, -0.1736396), (-0.11192546, 0.08426739, -0.18227477), (-0.13003364, 0.08429721, -0.18795475), (-0.14447196, 0.08445594, -0.18047743), (-0.15137069, 0.08458713, -0.16487941), (-0.13328455, 0.08453609, -0.1573483), (-0.14297976, 0.084669925, -0.13928209), (-0.16201694, 0.0845515, -0.17728458), (-0.151593, 0.08437271, -0.18763232), (-0.18075353, 0.08456841, -0.17973968), (-0.17034453, 0.0846733, -0.16249064), (-0.18022817, 0.08466478, -0.16412878), (-0.1725955, 0.08474245, -0.1421053), (-0.15622343, 0.084681876, -0.14832477), (-0.14329837, 0.08480165, -0.11096836), (-0.12323277, 0.08457245, -0.11546643), (-0.15677011, 0.08487289, -0.10930017), (-0.15604734, 0.08480559, -0.12454202), (-0.18142614, 0.08479375, -0.12665026), (-0.21069281, 0.084838524, -0.12182078), (-0.21689633, 0.0848003, -0.13471329), (-0.20249172, 0.08475562, -0.14730284), (-0.18832105, 0.08474527, -0.14189854), (-0.19946617, 0.08467963, -0.17247936), (-0.20986502, 0.08463556, -0.17831834), (-0.20375608, 0.08446532, -0.19031945), (-0.20579344, 0.084729135, -0.16377476), (-0.19169551, 0.08468148, -0.16270737), (-0.21742363, 0.084719986, -0.1690142), (-0.22885229, 0.084515214, -0.18489712), (-0.222564, 0.08475239, -0.15739377), (-0.23215036, 0.08466891, -0.17039584), (-0.2250921, 0.08479548, -0.14487799), (-0.23535925, 0.08475742, -0.15133062), (-0.2517046, 0.084813565, -0.14492054), (-0.24802007, 0.08471803, -0.16502796), (-0.27855098, 0.08476718, -0.16656063), (-0.25446212, 0.08467274, -0.17338063), (-0.24544702, 0.084468305, -0.1882524), (-0.26459363, 0.08450738, -0.18862835), (-0.2547734, 0.08429221, -0.20346524), (-0.28108633, 0.08465708, -0.17851864), (-0.28197032, 0.084456846, -0.19341046), (-0.2645726, 0.08411528, -0.22372228), (-0.28233021, 0.084238924, -0.21155809), (-0.30359277, 0.08453226, -0.18836151), (-0.3068288, 0.08432415, -0.20074748), (-0.30797917, 0.08473393, -0.17411137), (-0.3166207, 0.08450566, -0.18874583), (-0.33687723, 0.08464033, -0.17795281), (-0.36512253, 0.084634215, -0.17322119), (-0.36519495, 0.0844483, -0.18644115), (-0.33622864, 0.08438898, -0.19209105), (-0.35816953, 0.08408616, -0.20673662), (-0.33447698, 0.08424926, -0.20028956), (-0.28329736, 0.08404855, -0.23164955), (-0.30000517, 0.08403154, -0.22779748), (-0.301855, 0.083923824, -0.24243696), (-0.34196225, 0.08409186, -0.21259919), (-0.3218133, 0.08405894, -0.22027561), (-0.30722678, 0.08416444, -0.2139892), (-0.3465093, 0.08399729, -0.23032092), (-0.31529668, 0.08386495, -0.24362859), (-0.30629674, 0.083731785, -0.26435584), (-0.2901433, 0.08392086, -0.24562812), (-0.32812318, 0.083993845, -0.22828579), (-0.33556697, 0.08382393, -0.25045496), (-0.34662792, 0.08385979, -0.25101706), (-0.32867196, 0.08375814, -0.2558082), (-0.3396679, 0.08396095, -0.23609276), (-0.35429606, 0.08378909, -0.26494157), (-0.33786854, 0.08365394, -0.2723461), (-0.36079356, 0.084008895, -0.21617046), (-0.36106333, 0.08383651, -0.26499653), (-0.35021922, 0.08366792, -0.28683788), (-0.36550257, 0.084100425, -0.2103726), (-0.36558503, 0.08395816, -0.25467613), (-0.36094555, 0.0836488, -0.30811897), (-0.321862, 0.083663285, -0.2687114), (-0.33101097, 0.08354563, -0.29037228), (-0.2963049, 0.0837214, -0.27241376), (-0.2468179, 0.08409551, -0.21978553), (-0.21379694, 0.084310904, -0.20092344), (-0.18435161, 0.08440365, -0.19121991), (-0.15696087, 0.08422724, -0.19616775), (-0.16361664, 0.08400906, -0.20895064), (-0.1377087, 0.08392656, -0.21094513), (-0.19530629, 0.08419674, -0.20512322), (-0.18385704, 0.084002346, -0.21430598), (-0.20405625, 0.08402345, -0.2216398), (-0.22606175, 0.08418532, -0.20978923), (-0.21715231, 0.08381164, -0.24042894), (-0.23415095, 0.08400248, -0.22485441), (-0.24178725, 0.083822854, -0.2427551), (-0.25601143, 0.08391345, -0.2403301), (-0.24943982, 0.08373001, -0.25645554), (-0.2744565, 0.08387114, -0.2506245), (-0.25587285, 0.0837144, -0.26517645), (-0.2746485, 0.08374635, -0.27116728), (-0.28648084, 0.08375723, -0.27138674), (-0.30142304, 0.08363329, -0.2844066), (-0.2919142, 0.08361806, -0.29611462), (-0.31384125, 0.08349298, -0.30792513), (-0.32000867, 0.08354535, -0.29520014), (-0.33711946, 0.083510056, -0.30272174), (-0.35113052, 0.0834274, -0.33072808), (-0.33513767, 0.083347924, -0.330627), (-0.35017413, 0.08353601, -0.31266606), (-0.3604188, 0.08345038, -0.33493412), (-0.36561382, 0.08356224, -0.3319691), (-0.36542523, 0.08357316, -0.3645242), (-0.36141327, 0.08344714, -0.3961697), (-0.365624, 0.083523296, -0.40039805), (-0.36774933, 0.08352877, -0.4295382), (-0.36567482, 0.08350972, -0.43159786), (-0.36784288, 0.0833626, -0.47654626), (-0.36608392, 0.083362564, -0.48120382), (-0.36805877, 0.08325787, -0.491606), (-0.36768612, 0.083523385, -0.3757779), (-0.35674828, 0.08338615, -0.40597847), (-0.36143282, 0.08343139, -0.42743945), (-0.35524434, 0.08332319, -0.43556395), (-0.34932584, 0.08333236, -0.41534266), (-0.34979847, 0.08336525, -0.3939027), (-0.34998015, 0.08342196, -0.37380236), (-0.35786492, 0.083452746, -0.3795025), (-0.35772163, 0.08346909, -0.3595177), (-0.34211746, 0.08337478, -0.34935248), (-0.33671737, 0.08336413, -0.36319292), (-0.31722423, 0.083276376, -0.3418928), (-0.336478, 0.08332703, -0.34138894), (-0.32065746, 0.08332784, -0.33066812), (-0.3053139, 0.083421856, -0.31637508), (-0.2879686, 0.08329835, -0.32536712), (-0.286338, 0.083526105, -0.30650958), (-0.27811036, 0.08364597, -0.29462427), (-0.26713848, 0.083569214, -0.29943976), (-0.26480317, 0.08366626, -0.28680578), (-0.25287828, 0.0835047, -0.30155638), (-0.24359599, 0.083551876, -0.29035324), (-0.22702706, 0.08356318, -0.28664386), (-0.23527151, 0.08359868, -0.2750412), (-0.21573587, 0.083625615, -0.2673747), (-0.21668512, 0.08360416, -0.28198126), (-0.18186526, 0.08366009, -0.257445), (-0.21488516, 0.0836789, -0.25446504), (-0.17864089, 0.08373017, -0.24078406), (-0.1907358, 0.08377926, -0.23983383), (-0.15620178, 0.083717406, -0.23404711), (-0.1821381, 0.08387568, -0.22496699), (-0.15913588, 0.08386795, -0.21740077), (-0.12751947, 0.083714366, -0.22339787), (-0.1132748, 0.08375077, -0.21376562), (-0.12575199, 0.083900176, -0.20935692), (-0.118146464, 0.08408694, -0.19581977), (-0.09861655, 0.08427809, -0.17329223), (-0.07837458, 0.08432586, -0.13447872), (-0.06541551, 0.08409144, -0.14336064), (-0.072114356, 0.08423341, -0.14031327), (-0.07688715, 0.08428605, -0.1593459), (-0.06883243, 0.084162794, -0.15715034), (-0.0923759, 0.08434707, -0.15544112), (-0.0727714, 0.08422739, -0.17921792), (-0.06147589, 0.08404436, -0.169227), (-0.0428443, 0.08382707, -0.16563308), (-0.052535206, 0.083906986, -0.17351261), (-0.0337581, 0.08370359, -0.17792046), (-0.072120905, 0.084147446, -0.18694568), (-0.051875718, 0.083802156, -0.18769588), (-0.096384026, 0.08413022, -0.18979956), (-0.073392496, 0.084049925, -0.19356167), (-0.10063119, 0.08387989, -0.20413624), (-0.07305796, 0.083632216, -0.21205561), (-0.052689757, 0.08367249, -0.19808435), (-0.066282496, 0.08371633, -0.20423509), (-0.049918685, 0.08340259, -0.20772871), (-0.03368937, 0.08329814, -0.20505315), (-0.023773361, 0.083444595, -0.19233513), (-0.036496285, 0.083622836, -0.1928902), (-0.021897629, 0.08354311, -0.17907315), (-0.0039806673, 0.083375245, -0.17933193), (0.006348634, 0.08332791, -0.15827553), (0.01923249, 0.08322525, -0.15189323), (0.025102207, 0.08318302, -0.17281893), (0.030356323, 0.08321592, -0.15676345), (0.01340982, 0.08326613, -0.17393331), (0.02000705, 0.08318469, -0.18677926), (0.034307268, 0.08318019, -0.1765979), (0.04091161, 0.08319403, -0.17139511), (0.047472693, 0.08312938, -0.15597409), (0.051484343, 0.08304287, -0.14709753), (0.058055952, 0.08293103, -0.13399832), (0.061997794, 0.08287781, -0.11511693), (0.06787416, 0.08279133, -0.14838283), (0.06949665, 0.08274743, -0.18059212), (0.07656779, 0.082725696, -0.16135558), (0.06203229, 0.08286866, -0.17352025), (0.04796881, 0.08311845, -0.17721717), (0.056325953, 0.08293054, -0.18611129), (0.07648471, 0.08268789, -0.18057269), (0.06621143, 0.082739525, -0.20059973), (0.049105, 0.08296264, -0.195463), (0.038765755, 0.08310688, -0.18719731), (0.021424748, 0.08309126, -0.19664112), (0.002418221, 0.08325559, -0.19037043), (0.0027915076, 0.083100826, -0.20257466), (-0.022417543, 0.083149925, -0.20746706), (-0.011511315, 0.08303812, -0.21152984), (-0.032234322, 0.08311129, -0.2154464), (-0.04995763, 0.0832175, -0.21677594), (-0.029965797, 0.08304795, -0.22300032), (-0.048966013, 0.08311121, -0.23424168), (-0.0489457, 0.08304641, -0.2507104), (-0.036044274, 0.08296865, -0.24588893), (-0.036031242, 0.083028264, -0.23460992), (-0.064515196, 0.083341375, -0.22768785), (-0.078705154, 0.08360316, -0.21647763), (-0.08373981, 0.08347436, -0.2334199), (-0.094249584, 0.083577216, -0.22570243), (-0.107716605, 0.083569355, -0.23074916), (-0.12898472, 0.083612345, -0.23603147), (-0.11141769, 0.08346496, -0.24592327), (-0.13922606, 0.083563626, -0.24887134), (-0.1620078, 0.08368017, -0.24722987), (-0.15627857, 0.08360736, -0.26111332), (-0.09832959, 0.08339655, -0.25686166), (-0.13035996, 0.08348793, -0.26001173), (-0.116139606, 0.08336966, -0.2806478), (-0.14736138, 0.08349459, -0.27899444), (-0.13210104, 0.08342731, -0.2786408), (-0.16465242, 0.08357284, -0.27385005), (-0.15817785, 0.08348608, -0.2905949), (-0.1427986, 0.08337047, -0.29759312), (-0.16312043, 0.08342673, -0.29992983), (-0.14443152, 0.08329522, -0.30647564), (-0.13540123, 0.083176404, -0.31407657), (-0.16519, 0.08330089, -0.31001985), (-0.15202683, 0.08318183, -0.31689504), (-0.17652331, 0.08355945, -0.2825449), (-0.17890646, 0.08350866, -0.2930275), (-0.19551168, 0.08341106, -0.30548617), (-0.19011395, 0.08327704, -0.31469646), (-0.17164409, 0.0831194, -0.3242423), (-0.20079882, 0.08359719, -0.27673015), (-0.2120047, 0.083494894, -0.29988343), (-0.20774724, 0.08331246, -0.3153634), (-0.19323377, 0.0831626, -0.32515213), (-0.2263057, 0.08349442, -0.3004948), (-0.23925444, 0.083341025, -0.31764448), (-0.26608917, 0.083353505, -0.31789875), (-0.25839648, 0.083207816, -0.32816124), (-0.28806138, 0.08324082, -0.33301732), (-0.268403, 0.08317768, -0.33679438), (-0.28942952, 0.0832108, -0.34372863), (-0.2759018, 0.08316045, -0.35985127), (-0.24621618, 0.08320398, -0.3309505), (-0.25935602, 0.08316744, -0.3485302), (-0.23443447, 0.0831734, -0.34319296), (-0.22294617, 0.0831973, -0.33307505), (-0.21073134, 0.08319518, -0.3277247), (-0.12942672, 0.0833043, -0.2994255), (-0.10333372, 0.083279274, -0.30024883), (-0.09068321, 0.08333269, -0.28220996), (-0.08451243, 0.08326696, -0.30108947), (-0.076073125, 0.08328732, -0.28252596), (-0.07940576, 0.083338045, -0.26211575), (-0.07080989, 0.083299585, -0.24508859), (-0.09002534, 0.08340065, -0.24610637), (-0.03848353, 0.08294685, -0.2656465), (-0.055275865, 0.083098166, -0.2644973), (-0.0707372, 0.0832698, -0.26747727), (-0.060484834, 0.08313601, -0.28427878), (-0.07140209, 0.08322052, -0.295964), (-0.056026272, 0.08301395, -0.3074154), (-0.043232016, 0.08295217, -0.28999254), (-0.025872374, 0.0828808, -0.2888033), (-0.022370633, 0.08289491, -0.2653067), (-0.0049815695, 0.082849324, -0.27032906), (-0.006193607, 0.08288019, -0.24623573), (0.023103723, 0.0828791, -0.23633829), (-0.0096925665, 0.082935445, -0.23463553), (0.018934589, 0.08291429, -0.22517727), (0.022147, 0.082925044, -0.21352272), (-0.0097174905, 0.08298604, -0.21825656), (0.016450338, 0.082966186, -0.20819312), (0.043061636, 0.08292664, -0.20394228), (0.06517279, 0.08275161, -0.20830016), (0.08303498, 0.08263326, -0.20585951), (0.07234736, 0.08274177, -0.2178948), (0.04789599, 0.082877375, -0.2169073), (0.061513126, 0.08280894, -0.22773476), (0.03874386, 0.08290081, -0.22172554), (0.05024204, 0.082822874, -0.23827663), (0.026228048, 0.082830444, -0.24673001), (0.047580447, 0.082794175, -0.2539007), (0.019976903, 0.08282101, -0.2608344), (0.037437413, 0.082804985, -0.28290564), (0.06803343, 0.08269515, -0.26637235), (0.052240435, 0.0827851, -0.26676103), (0.06797245, 0.0827036, -0.28104275), (0.07153067, 0.08270266, -0.25062054), (0.081784874, 0.08271154, -0.22556774), (0.08685265, 0.08267417, -0.24102926), (0.10537666, 0.08270298, -0.2258074), (0.09469269, 0.08266426, -0.21315914), (0.09268048, 0.082601815, -0.20468359), (0.10934973, 0.0826192, -0.19342603), (0.094261914, 0.08259215, -0.19739483), (0.110100985, 0.08262118, -0.1834258), (0.12874821, 0.082669646, -0.18590446), (0.12802702, 0.08266037, -0.17343035), (0.13787305, 0.082697354, -0.16119526), (0.12751764, 0.0826919, -0.15189497), (0.14286345, 0.08272052, -0.14985114), (0.14964797, 0.08270093, -0.13908882), (0.13728133, 0.08271537, -0.137969), (0.17075607, 0.08268779, -0.13098474), (0.16430208, 0.082675874, -0.1494153), (0.1842416, 0.082713775, -0.093944825), (0.19905038, 0.08271978, -0.10646387), (0.20949252, 0.082717516, -0.07949176), (0.22071639, 0.08274565, -0.09473777), (0.23039658, 0.08277296, -0.09489569), (0.22199667, 0.08275643, -0.113796555), (0.22833401, 0.08276066, -0.13010482), (0.23106602, 0.08271133, -0.06425354), (0.18937555, 0.082662664, -0.066995166), (0.15627399, 0.08269512, -0.0819137), (0.21150196, 0.08271333, -0.119885236), (0.20188148, 0.08269926, -0.12848355), (0.17733198, 0.08267919, -0.15030967), (0.20694818, 0.08271152, -0.14486262), (0.18389605, 0.08270284, -0.16569728), (0.1628536, 0.08272654, -0.17824501), (0.18380804, 0.08271987, -0.1793001), (0.15929171, 0.08269879, -0.16211139), (0.15134276, 0.08272061, -0.18228923), (0.13011421, 0.08268001, -0.1994847), (0.15175562, 0.08273368, -0.19977403), (0.108980566, 0.08262236, -0.20508388), (0.12668197, 0.0826988, -0.21573192), (0.1722544, 0.08276232, -0.1933782), (0.15459235, 0.08271488, -0.20934436), (0.1872518, 0.08280376, -0.20522189), (0.20420367, 0.08282664, -0.19902219), (0.18822731, 0.08277109, -0.19336799), (0.20468935, 0.08276066, -0.18463142), (0.20145357, 0.08271784, -0.1711037), (0.21793358, 0.082746595, -0.17375872), (0.22144067, 0.082735665, -0.15882471), (0.23495105, 0.0827613, -0.14811754), (0.23859772, 0.08277916, -0.11640665), (0.24678396, 0.082737744, -0.07027947), (0.24430265, 0.08275944, -0.08935784), (0.26185057, 0.08277282, -0.08254244), (0.2724035, 0.08278564, -0.09603294), (0.24678378, 0.08276155, -0.10693897), (0.2630195, 0.08277606, -0.118695), (0.2433121, 0.082772315, -0.13302965), (0.2578259, 0.08277969, -0.1448805), (0.30430284, 0.08285891, -0.09472155), (0.2827555, 0.082805276, -0.10211731), (0.2850247, 0.08282815, -0.12234776), (0.3073789, 0.08280394, -0.06498297), (0.31986564, 0.082947925, -0.09018512), (0.32599747, 0.082907096, -0.06532329), (0.3323843, 0.08303423, -0.089601316), (0.3380445, 0.08301924, -0.0735826), (0.34402812, 0.0830875, -0.08943855), (0.35080004, 0.08306969, -0.07794079), (0.33740494, 0.0830563, -0.12373502), (0.33254418, 0.08304901, -0.11036528), (0.3292602, 0.08299923, -0.13056003), (0.33653015, 0.0830639, -0.15350021), (0.32606015, 0.08299349, -0.14815694), (0.33495313, 0.08305889, -0.17508265), (0.3460977, 0.08311182, -0.15801664), (0.3174222, 0.08295305, -0.11215387), (0.30349752, 0.08287376, -0.13499331), (0.29375416, 0.08282519, -0.16039656), (0.31012022, 0.08289805, -0.15215582), (0.3018154, 0.08286131, -0.17502624), (0.28489578, 0.08281309, -0.18470491), (0.3014435, 0.082870685, -0.1963007), (0.28180578, 0.08280582, -0.1622981), (0.28059477, 0.08281548, -0.14468403), (0.26315528, 0.08278802, -0.17074817), (0.24315058, 0.08277189, -0.17741165), (0.23561373, 0.08274023, -0.16283359), (0.23299354, 0.082773075, -0.18567209), (0.21780685, 0.08280435, -0.19339225), (0.22492716, 0.08283026, -0.20611286), (0.26462674, 0.08280179, -0.19174348), (0.25688004, 0.082829, -0.20378502), (0.2848072, 0.08284666, -0.20525953), (0.31798118, 0.08295724, -0.1780493), (0.34764233, 0.08306415, -0.18513532), (0.34076712, 0.08300477, -0.21002959), (0.32837465, 0.083004445, -0.19633757), (0.32317868, 0.08297775, -0.21540996), (0.3392676, 0.08298732, -0.22573847), (0.31856224, 0.0829342, -0.23424278), (0.34003678, 0.08296144, -0.24328157), (0.35382357, 0.0829823, -0.23702902), (0.32984442, 0.08291168, -0.2575386), (0.3537819, 0.08298057, -0.26523888), (0.29824194, 0.08281864, -0.25653115), (0.31753248, 0.08288761, -0.2753022), (0.29866248, 0.082860105, -0.23901969), (0.30366963, 0.08291026, -0.21463247), (0.28008166, 0.08286004, -0.23370725), (0.2790268, 0.08281094, -0.2501952), (0.25078255, 0.082837656, -0.23479672), (0.23714451, 0.082808755, -0.24365401), (0.23979437, 0.0827916, -0.26146343), (0.21713287, 0.082777396, -0.267462), (0.21442035, 0.08281982, -0.23385938), (0.19515897, 0.08272554, -0.27393046), (0.21747594, 0.082772404, -0.2859952), (0.26362225, 0.0828478, -0.21332304), (0.27889395, 0.082884915, -0.22001559), (0.23762554, 0.08284293, -0.21702215), (0.2586944, 0.08287264, -0.22462061), (0.21068156, 0.082826816, -0.21384078), (0.18815076, 0.08277157, -0.21471873), (0.18500426, 0.08277004, -0.22944595), (0.19446665, 0.08275051, -0.24823715), (0.1857254, 0.08269622, -0.2601091), (0.17829494, 0.08267576, -0.26797453), (0.17330672, 0.08270443, -0.279259), (0.18393044, 0.08271394, -0.29557097), (0.1534015, 0.08269507, -0.26431245), (0.15249905, 0.08272856, -0.27361166), (0.16354266, 0.08274829, -0.28720662), (0.1443663, 0.08275268, -0.2818813), (0.15934655, 0.08269002, -0.25459242), (0.17590299, 0.08270593, -0.24729067), (0.16967694, 0.08273138, -0.21886395), (0.15613042, 0.082734235, -0.2325196), (0.13646889, 0.0827255, -0.2418006), (0.1289026, 0.0827601, -0.27207625), (0.13633107, 0.08274209, -0.29618663), (0.10422022, 0.082681626, -0.24130683), (0.12228414, 0.08272493, -0.2485999), (0.119134076, 0.08274911, -0.2674744), (0.115452826, 0.08271933, -0.28425354), (0.11212657, 0.082693115, -0.25489113), (0.096542984, 0.082629964, -0.26774225), (0.085638136, 0.0826266, -0.2675362), (0.093601525, 0.08262354, -0.28834617), (0.10672703, 0.08266862, -0.27098897), (0.15407346, 0.08274109, -0.29842946), (0.16924512, 0.08271909, -0.30300027), (0.14712034, 0.08270707, -0.31059954), (0.16695148, 0.0827375, -0.32146454), (0.25611055, 0.08280289, -0.26780537), (0.27899677, 0.082805336, -0.28088376), (0.2462461, 0.08280608, -0.29200512), (0.26836345, 0.08282477, -0.308839), (0.294841, 0.08282949, -0.28848913), (0.33869922, 0.082961485, -0.276769), (0.3603903, 0.0830262, -0.24186562), (0.3603424, 0.083061986, -0.28445104), (0.35267112, 0.083018646, -0.288047), (0.33729076, 0.082982294, -0.29792166), (0.3393023, 0.08300726, -0.30784285), (0.34837893, 0.08301738, -0.3134965), (0.32698995, 0.08296619, -0.32081977), (0.34370312, 0.082971126, -0.3325941), (0.35379693, 0.08300373, -0.3236382), (0.31747368, 0.08291937, -0.30635768), (0.31174392, 0.08287701, -0.2952645), (0.30715287, 0.08288323, -0.31765917), (0.28374827, 0.082845606, -0.321293), (0.29714036, 0.082885854, -0.33088994), (0.26256007, 0.08283851, -0.3340546), (0.24154164, 0.08280495, -0.316878), (0.24543326, 0.08280556, -0.33833304), (0.23146397, 0.08280619, -0.34589833), (0.24283367, 0.08283568, -0.36642247), (0.22487092, 0.08282219, -0.36010092), (0.22259791, 0.08278288, -0.30236596), (0.22532839, 0.08280923, -0.32226527), (0.2111497, 0.082817085, -0.3387074), (0.20701452, 0.082791366, -0.32007086), (0.19557704, 0.08274126, -0.31109434), (0.1872119, 0.08278166, -0.33007514), (0.19511223, 0.08279175, -0.35691935), (0.12609835, 0.082719624, -0.3200586), (0.16887067, 0.08278426, -0.34702885), (0.14505742, 0.08275591, -0.33629328), (0.13656013, 0.08276874, -0.34480655), (0.15247992, 0.082787246, -0.3614273), (0.17967488, 0.082792945, -0.3709102), (0.10598391, 0.08271668, -0.33308882), (0.11960434, 0.08274107, -0.35581696), (0.13315627, 0.08276502, -0.3708833), (0.10057798, 0.08270439, -0.3559207), (0.113587454, 0.08272237, -0.37882984), (0.13009956, 0.08270649, -0.30340463), (0.10768528, 0.08267706, -0.30357748), (0.09123641, 0.08267437, -0.31239212), (0.085461386, 0.08270387, -0.33972657), (0.08799358, 0.08269201, -0.36191094), (0.065476574, 0.08272376, -0.32959566), (0.07018342, 0.082719125, -0.35828736), (0.08150958, 0.082648024, -0.288739), (0.071352206, 0.08270753, -0.30833375), (0.05850287, 0.082769945, -0.286839), (0.054614574, 0.08278634, -0.29973656), (0.048351463, 0.0827464, -0.33106995), (0.055619087, 0.0827502, -0.35497615), (0.043579627, 0.082796246, -0.30208513), (0.029537566, 0.0827703, -0.31244996), (0.029614637, 0.08272766, -0.34118262), (0.043167915, 0.08274435, -0.35506973), (0.028058818, 0.082738176, -0.3591517), (0.0131963715, 0.08275651, -0.3359763), (-0.003217128, 0.08276729, -0.36547846), (0.020388221, 0.08275944, -0.3749096), (0.044405736, 0.082768604, -0.3828193), (0.010642724, 0.08276278, -0.38671067), (-0.015689323, 0.08276503, -0.34842315), (-0.023510462, 0.08279332, -0.36620554), (-0.008201033, 0.08275239, -0.39189768), (-0.03724646, 0.0828182, -0.38028073), (-0.040968724, 0.082806475, -0.3507075), (-0.049276754, 0.08282988, -0.37266046), (-0.028423227, 0.082790785, -0.33288407), (-0.008564948, 0.08277999, -0.33649346), (0.009962694, 0.082805365, -0.28868297), (-0.008019875, 0.082813345, -0.3103888), (-0.0032672656, 0.08279585, -0.3240056), (-0.01575474, 0.08284349, -0.2980411), (-0.039272618, 0.08286957, -0.31584644), (-0.053561963, 0.082854815, -0.3432861), (-0.064309455, 0.082881674, -0.37122145), (-0.054837666, 0.08291336, -0.32365915), (-0.07115006, 0.083048254, -0.32051316), (-0.07108387, 0.08297294, -0.33136204), (-0.073055364, 0.08293868, -0.3519455), (-0.08853346, 0.082946576, -0.3676063), (-0.104854606, 0.08298886, -0.3615287), (-0.09258242, 0.08296026, -0.37789196), (-0.12406699, 0.08294972, -0.38062772), (-0.12430002, 0.08299563, -0.36122352), (-0.09363841, 0.08301055, -0.3397082), (-0.08852997, 0.08314987, -0.31594288), (-0.095751, 0.083044514, -0.32882628), (-0.11413478, 0.083173744, -0.31433973), (-0.12490019, 0.083031386, -0.33358568), (-0.111607656, 0.08302, -0.35115567), (-0.13273372, 0.08297793, -0.3597338), (-0.14797606, 0.08296016, -0.37336352), (-0.14297101, 0.08298895, -0.3470002), (-0.13652836, 0.08307992, -0.32367304), (-0.15177561, 0.0830161, -0.33311495), (-0.1718899, 0.08304163, -0.33448476), (-0.16033976, 0.08299661, -0.349119), (-0.18305747, 0.08305592, -0.34965476), (-0.20740817, 0.08313651, -0.3450495), (-0.1869679, 0.083041675, -0.37176716), (-0.16526671, 0.0829802, -0.3712314), (-0.14339277, 0.082921505, -0.38342434), (-0.15981145, 0.08294123, -0.3939034), (-0.13749476, 0.08291365, -0.39650574), (-0.11577055, 0.08291499, -0.39413908), (-0.10151211, 0.08294462, -0.39001897), (-0.06244713, 0.08287509, -0.38774356), (-0.07859103, 0.08294787, -0.38382566), (-0.074049614, 0.0828946, -0.4011504), (-0.09364351, 0.08292594, -0.40412226), (-0.12436217, 0.082917765, -0.40511224), (-0.10086329, 0.08293717, -0.4134328), (-0.117008105, 0.08291863, -0.41929913), (-0.103440404, 0.08283795, -0.42634338), (-0.08613872, 0.082875654, -0.41682494), (-0.07978173, 0.08281276, -0.4233779), (-0.1299183, 0.08276327, -0.43616915), (-0.10520812, 0.082753144, -0.4385532), (-0.12780625, 0.082928516, -0.41335094), (-0.14387068, 0.08286542, -0.42160752), (-0.15434743, 0.08277194, -0.4302158), (-0.15350136, 0.082698025, -0.44072202), (-0.13199997, 0.08266006, -0.44962084), (-0.16203356, 0.082660384, -0.44757774), (-0.16680932, 0.082741395, -0.43710592), (-0.17954284, 0.08280326, -0.4381204), (-0.18205461, 0.08273841, -0.44961464), (-0.16340417, 0.082656436, -0.45957646), (-0.14211461, 0.08264146, -0.4656559), (-0.16255356, 0.08268084, -0.47711936), (-0.14072394, 0.082671456, -0.47711486), (-0.18149155, 0.08274393, -0.46467355), (-0.17737988, 0.08273208, -0.47710523), (-0.1690658, 0.08278381, -0.4856365), (-0.19530132, 0.0828131, -0.47383302), (-0.19079323, 0.082882375, -0.48482868), (-0.22054882, 0.082860686, -0.47542277), (-0.20295149, 0.082839504, -0.45931578), (-0.21744788, 0.082854025, -0.46650872), (-0.19765209, 0.08283218, -0.4480843), (-0.19593173, 0.08287818, -0.4395749), (-0.22638617, 0.08292613, -0.43848252), (-0.2234089, 0.0828682, -0.45073605), (-0.2436575, 0.082949884, -0.44187343), (-0.2337342, 0.083018765, -0.42615694), (-0.21163812, 0.08293219, -0.43489996), (-0.21007438, 0.082999855, -0.42766666), (-0.19614169, 0.08298542, -0.42769644), (-0.1816032, 0.082929194, -0.42690033), (-0.16239749, 0.08285012, -0.42360955), (-0.17717527, 0.082969785, -0.41655305), (-0.1937435, 0.08304484, -0.41109374), (-0.21105188, 0.083051704, -0.4129863), (-0.2637471, 0.083077334, -0.42311102), (-0.26370716, 0.08295556, -0.44283783), (-0.2686632, 0.08290812, -0.4516667), (-0.2791924, 0.08303867, -0.4339419), (-0.2957263, 0.083011515, -0.44075143), (-0.30063418, 0.083000764, -0.4491091), (-0.30934644, 0.08310104, -0.43741733), (-0.2975487, 0.083113305, -0.4287533), (-0.28819346, 0.08316471, -0.41832492), (-0.24188489, 0.08306892, -0.41192433), (-0.26771325, 0.08310992, -0.4098788), (-0.2792789, 0.083183356, -0.39739695), (-0.15232603, 0.082916155, -0.40978548), (-0.16469589, 0.08294647, -0.38323563), (-0.17689611, 0.082995124, -0.39745238), (-0.19262736, 0.08307183, -0.3955407), (-0.20629852, 0.08309696, -0.3864293), (-0.21685699, 0.08309584, -0.39712432), (-0.23537768, 0.083122395, -0.37382308), (-0.24684754, 0.083126895, -0.38992345), (-0.25502172, 0.083117634, -0.39936393), (-0.25854492, 0.08315383, -0.36863917), (-0.27907625, 0.08319149, -0.37762013), (-0.29883906, 0.08320219, -0.36524218), (-0.3160264, 0.083263665, -0.3544439), (-0.31351233, 0.083247386, -0.37094647), (-0.33742598, 0.08335259, -0.38381493), (-0.31744057, 0.083291, -0.38440564), (-0.32163122, 0.08332267, -0.39817664), (-0.33951715, 0.08331331, -0.41936803), (-0.32155713, 0.08330578, -0.4124647), (-0.2991123, 0.08322109, -0.3863344), (-0.3062721, 0.08325794, -0.4034466), (-0.30243632, 0.08321425, -0.4144577), (-0.3239325, 0.0832552, -0.4255107), (-0.34674272, 0.08326479, -0.43752152), (-0.33896247, 0.08319318, -0.4532478), (-0.32532784, 0.0831818, -0.44216803), (-0.28415665, 0.08292521, -0.45820922), (-0.2408747, 0.08286908, -0.46168825), (-0.26613262, 0.08287637, -0.46871334), (-0.24821989, 0.08287039, -0.47588232), (-0.25083762, 0.08289734, -0.48210326), (-0.2678274, 0.08292483, -0.48422444), (-0.24089558, 0.08299439, -0.4888099), (-0.27568457, 0.08288721, -0.47563553), (-0.28480005, 0.08296206, -0.48348927), (-0.28396308, 0.08303497, -0.4914577), (-0.3005334, 0.08297834, -0.46534348), (-0.29550466, 0.082956016, -0.47725242), (-0.31842735, 0.08310779, -0.48552063), (-0.31304643, 0.08303941, -0.47364166), (-0.32381368, 0.08309651, -0.46438476), (-0.3370488, 0.08312606, -0.47727424), (-0.3510712, 0.083158016, -0.47928914), (-0.36017674, 0.083245605, -0.47424808), (-0.35331488, 0.08329048, -0.48985776), (-0.36489278, 0.08335789, -0.492513), (-0.3642254, 0.08345686, -0.4990062), (-0.36774012, 0.083443366, -0.4963533), (-0.34814394, 0.0833109, -0.49560323), (-0.31603593, 0.08316172, -0.49208963), (-0.26393777, 0.08299227, -0.49135864), (-0.21970513, 0.08295388, -0.48495403), (-0.1493472, 0.0827848, -0.48796085), (-0.119734846, 0.08266858, -0.4728897), (-0.08537103, 0.082736686, -0.43762788), (-0.05766951, 0.08278896, -0.42081472), (-0.052798983, 0.082805656, -0.40483442), (-0.043474257, 0.08279197, -0.41284615), (-0.022460446, 0.08274746, -0.4072429), (-0.03611748, 0.08279168, -0.3929571), (0.03731971, 0.082749166, -0.39573032), (0.16538958, 0.08277636, -0.37997708), (0.21654904, 0.08280969, -0.37637305), (0.23388597, 0.08285617, -0.37560806), (0.26186338, 0.082852475, -0.3578602), (0.29233018, 0.08290253, -0.35098633), (0.26959994, 0.0828354, -0.3753261), (0.32276705, 0.08296506, -0.3399651), (0.32627043, 0.08294845, -0.36138892), (0.34916076, 0.08299209, -0.40770993), (0.3295667, 0.08294819, -0.4101975), (0.32505408, 0.08295762, -0.4243001), (0.35409114, 0.08300449, -0.42553085), (0.35987064, 0.083011895, -0.4253656), (0.34119633, 0.08306335, -0.44364545), (0.3581235, 0.083126456, -0.45273516), (0.32812876, 0.08309873, -0.45557886), (0.3527241, 0.08314083, -0.46312937), (0.31235445, 0.08302431, -0.44057122), (0.30452263, 0.08293097, -0.42799026), (0.28889066, 0.08286587, -0.41578993), (0.28312397, 0.082890324, -0.4285035), (0.29341826, 0.08296819, -0.43808094), (0.3416576, 0.082972646, -0.35880953), (0.32661727, 0.08292436, -0.38611397), (0.3386634, 0.082954586, -0.39606795), (0.304537, 0.08290048, -0.36749136), (0.30283037, 0.0828695, -0.38861996), (0.31275707, 0.082896374, -0.4081633), (0.28321868, 0.08284178, -0.36986333), (0.29128316, 0.082831316, -0.39328742), (0.2552598, 0.08283605, -0.38647425), (0.27560583, 0.08283885, -0.40205956), (0.25674754, 0.08283811, -0.40601432), (0.25428498, 0.08284906, -0.42050895), (0.232897, 0.08282477, -0.3907617), (0.2259631, 0.08280709, -0.40485102), (0.19828962, 0.08278361, -0.3883139), (0.20458373, 0.0828167, -0.41622338), (0.2404198, 0.08286466, -0.42771104), (0.27699208, 0.083000906, -0.4450288), (0.20907879, 0.08287179, -0.43155158), (0.2243504, 0.0829076, -0.43761933), (0.24632448, 0.08299488, -0.44714272), (0.20347984, 0.08294088, -0.4446432), (0.18154581, 0.082888864, -0.44149482), (0.18272863, 0.082818635, -0.41654408), (0.16473746, 0.08288071, -0.4426403), (0.15963383, 0.0827781, -0.4061855), (0.17211556, 0.08281841, -0.41900638), (0.14789106, 0.08278756, -0.42554694), (0.14408396, 0.08276429, -0.38682213), (0.13588312, 0.0827596, -0.40781406), (0.115035586, 0.0827603, -0.42476952), (0.13429593, 0.08282585, -0.4410401), (0.099429175, 0.082817316, -0.44519818), (0.11456133, 0.08273652, -0.39643142), (0.08945258, 0.0827237, -0.38084546), (0.09681037, 0.08274575, -0.40785086), (0.07278329, 0.08275298, -0.40664697), (0.08704368, 0.08277838, -0.437078), (0.070609674, 0.082731366, -0.42903703), (0.06309678, 0.08273755, -0.44313017), (0.066860765, 0.0827784, -0.45192823), (0.08352122, 0.08286523, -0.45677653), (0.04442161, 0.08269037, -0.45321524), (0.057434663, 0.08275462, -0.46565676), (0.07665433, 0.08285383, -0.46464956), (0.035772443, 0.082665406, -0.46084136), (0.04264533, 0.082688175, -0.47247848), (0.03037575, 0.08268501, -0.47160837), (0.009970464, 0.082659535, -0.45298672), (0.030843554, 0.08269266, -0.4463141), (0.055515695, 0.08274236, -0.42980105), (0.06341894, 0.082754955, -0.37433094), (0.0549262, 0.08276504, -0.39917186), (0.03193143, 0.08272335, -0.40725756), (0.04817977, 0.0827353, -0.42566726), (0.03673511, 0.08273381, -0.42074907), (0.025385847, 0.08273526, -0.42789006), (0.0059478576, 0.08273315, -0.4089143), (0.013558786, 0.08270909, -0.42700696), (-0.0003143973, 0.08270378, -0.42258912), (-0.01574325, 0.08275027, -0.41419786), (-0.015233482, 0.082704075, -0.42581776), (-0.032411817, 0.08273763, -0.42535117), (-0.060664903, 0.08272343, -0.4322688), (-0.046205837, 0.08266012, -0.4417932), (0.0046043578, 0.08268095, -0.44013137), (-0.013341233, 0.08268272, -0.43431726), (-0.021159856, 0.08267045, -0.44297487), (-0.020874891, 0.0826249, -0.46049356), (-0.04362951, 0.08262027, -0.4652586), (-0.021049943, 0.08265162, -0.47013834), (-0.056318887, 0.082613066, -0.45275185), (-0.027954297, 0.08261693, -0.45300275), (-0.07316134, 0.08268271, -0.46362215), (-0.05829066, 0.08263737, -0.46349078), (-0.09140258, 0.082670026, -0.44946113), (-0.08951256, 0.0826866, -0.46268755), (-0.1187846, 0.08264684, -0.4581591), (-0.09565838, 0.08271534, -0.4751586), (-0.12624617, 0.08273574, -0.48247242), (-0.10477128, 0.082794175, -0.48397332), (-0.117489986, 0.08285534, -0.49158242), (-0.0998383, 0.08295094, -0.49627504), (-0.065409675, 0.08269666, -0.47647914), (-0.08549801, 0.08284958, -0.48797107), (-0.06263785, 0.08276927, -0.48361507), (-0.047029186, 0.082681246, -0.47809657), (-0.037225034, 0.08276968, -0.48499307), (0.0039114146, 0.08267144, -0.46333036), (0.014342465, 0.08269618, -0.47297302), (-0.014756727, 0.082682334, -0.4753095), (0.004128812, 0.0829273, -0.4959515), (0.03143147, 0.08271933, -0.4817617), (0.061756685, 0.0827681, -0.47683346), (0.119800225, 0.08287119, -0.45761344), (0.19762817, 0.082985066, -0.4526462), (0.2205573, 0.083042115, -0.4545984), (0.20223059, 0.0830452, -0.4622319), (0.30382308, 0.08308811, -0.45273262), (0.33467898, 0.08311673, -0.46773118), (0.31535193, 0.083101586, -0.47675696), (0.27748427, 0.08308808, -0.4761971), (0.30973366, 0.083146736, -0.4855848), (0.3394029, 0.0831457, -0.4861012), (0.2731787, 0.08312469, -0.48617482), (0.29245257, 0.0831821, -0.49239755), (0.28736418, 0.08306977, -0.4522723), (0.27488205, 0.08308905, -0.46549505), (0.30667102, 0.08310532, -0.46508595), (0.24843867, 0.08307767, -0.45862275), (0.252141, 0.083093904, -0.46916673), (0.24956709, 0.08310073, -0.4816302), (0.26298782, 0.083155684, -0.4926543), (0.23838603, 0.08318491, -0.4903419), (0.22037984, 0.08311358, -0.4827164), (0.22017351, 0.08308835, -0.46344355), (0.22643971, 0.08309467, -0.4720305), (0.20588985, 0.08306252, -0.4735102), (0.19422463, 0.08303216, -0.4815521), (0.21339309, 0.0832039, -0.49245325), (0.1880876, 0.083072565, -0.49037465), (0.17594348, 0.08296915, -0.4627527), (0.17854626, 0.082966335, -0.4720894), (0.17114499, 0.082960136, -0.48158398), (0.15486883, 0.082935356, -0.468821), (0.13286658, 0.08290192, -0.46281677), (0.12313533, 0.082906045, -0.47701737), (0.09380966, 0.08288896, -0.4680596), (0.07952717, 0.08289037, -0.4827168), (0.0541095, 0.082747795, -0.48341238), (0.045476027, 0.08281429, -0.49577394), (0.12281866, 0.08301133, -0.4903536), (0.084681675, 0.08301701, -0.49154365), (0.11123501, 0.0831077, -0.49634647), (0.124685206, 0.082936846, -0.4838964), (0.16137646, 0.08302076, -0.49139735), (0.32163507, 0.08318735, -0.4923875), (0.34041345, 0.08310795, -0.47720698), (0.3531931, 0.083139546, -0.47669998), (0.36020777, 0.08302398, -0.38677257), (0.35919645, 0.08301865, -0.35273466), (0.3517564, 0.08298267, -0.3588851), (0.36031303, 0.08306168, -0.31321582), (0.36460438, 0.083131865, -0.27898344), (0.35355413, 0.08301255, -0.20679292), (0.35802463, 0.083128445, -0.17409323), (0.35803354, 0.08317004, -0.15201089), (0.34648255, 0.08309876, -0.1349423), (0.35325304, 0.08311433, -0.09788078), (0.345089, 0.0831052, -0.11381442), (0.34002936, 0.08294758, -0.059507944), (0.346311, 0.08289014, -0.037140533), (0.3382449, 0.08285187, -0.01733647), (0.3298542, 0.08284563, -0.04580581), (0.33012426, 0.08283058, -0.025417639), (0.32964444, 0.08283702, 0.014558313), (0.31361595, 0.082748204, -0.021141797), (0.30308908, 0.08272446, -0.044385288), (0.29253656, 0.08266984, -0.020868644), (0.3010734, 0.082674414, -0.0014752935), (0.31436774, 0.082750276, 0.01746889), (0.29095545, 0.08264903, 0.004331428), (0.29973787, 0.082693584, 0.025002187), (0.26796412, 0.08263529, -0.013385205), (0.27850145, 0.08266746, -0.029323034), (0.26745516, 0.082675, -0.04504675), (0.2378758, 0.082608275, -0.023437288), (0.25947255, 0.08262414, 0.0052300645), (0.23229787, 0.08259093, 0.000094595336), (0.21384455, 0.08259673, -0.021984925), (0.22180994, 0.0826268, -0.042299118), (0.20534056, 0.082604825, 0.0073975306), (0.2031921, 0.08261032, -0.0066851447), (0.19634333, 0.08261377, -0.022870442), (0.20493062, 0.08259139, -0.03931436), (0.18483265, 0.08265823, -0.0046233977), (0.18575759, 0.082681276, -0.02328923), (0.18467155, 0.082681626, -0.043625876), (0.17279091, 0.08270035, -0.012566652), (0.171977, 0.08268686, -0.033617392), (0.17076829, 0.0826895, -0.048372027), (0.15797691, 0.08267733, -0.044848938), (0.15331846, 0.082680814, -0.056760512), (0.16880839, 0.082671456, -0.05990771), (0.14604875, 0.08274133, -0.04158936), (0.15821359, 0.08269208, -0.027286064), (0.13780649, 0.08275984, -0.032083485), (0.14064789, 0.0827288, -0.047141753), (0.12657292, 0.0827348, -0.039955534), (0.1342213, 0.082680136, -0.054130305), (0.13613988, 0.082688294, -0.06701177), (0.119529046, 0.08266192, -0.055161256), (0.11067621, 0.08272916, -0.046287924), (0.10496591, 0.08276935, -0.037872847), (0.08872486, 0.08279421, -0.045415528), (0.10007268, 0.0827081, -0.054583207), (0.078351595, 0.0827798, -0.058047812), (0.07928193, 0.08285811, -0.04386623), (0.086637095, 0.08283339, -0.030388247), (0.07079091, 0.08297579, -0.040040564), (0.06985791, 0.08300862, -0.022539055), (0.08056579, 0.08285309, -0.016189305), (0.09764218, 0.08277366, -0.01705383), (0.11001163, 0.08279521, -0.027773228), (0.12598176, 0.08277604, -0.020795979), (0.14941624, 0.08274191, -0.0233187), (0.1431477, 0.082726486, -0.014665237), (0.14562353, 0.082715556, -0.002724695), (0.16269074, 0.08268958, -0.011874811), (0.16474493, 0.082686745, 0.0075588594), (0.19243422, 0.08260302, 0.021562157), (0.21755797, 0.08261061, 0.015853636), (0.21780005, 0.08260312, 0.02405551), (0.17569666, 0.08265652, 0.023145419), (0.19281834, 0.08259122, 0.0314242), (0.1549489, 0.08270841, 0.020483369), (0.12495315, 0.08272888, 0.012829568), (0.1319055, 0.082701065, 0.026345398), (0.10126886, 0.08274228, 0.01918058), (0.09620668, 0.08274606, -0.0004188103), (0.11901489, 0.082732156, -0.007783865), (0.087446526, 0.08277278, -0.0007818376), (0.08801476, 0.08278979, 0.024832582), (0.078757755, 0.08286554, 0.0173064), (0.07877711, 0.08285974, -0.000007994958), (0.066928044, 0.08305389, 0.00899795), (0.0727704, 0.08298295, 0.025547938), (0.058598835, 0.08324083, 0.026901394), (0.056508783, 0.08325988, 0.010229084), (0.06030039, 0.08317454, -0.0116579225), (0.06265496, 0.083128944, -0.038578868), (0.048279397, 0.08338553, -0.0010976321), (0.048303224, 0.0833541, -0.015976757), (0.03865957, 0.08346378, -0.0025371257), (0.046930652, 0.08340922, 0.015845662), (0.03809, 0.083471484, 0.0148071945), (0.012848586, 0.08362268, 0.00018002838), (0.034318887, 0.08345394, -0.015357834), (0.015315566, 0.08358485, 0.01523774), (0.02880107, 0.08349475, 0.024168849), (0.034432128, 0.08343971, 0.034739837), (0.04947714, 0.08336397, 0.030285815), (0.047656037, 0.08332031, 0.045092426), (0.06283793, 0.08317271, 0.04364067), (0.07193616, 0.08308573, 0.034540057), (0.077248596, 0.08302395, 0.045121644), (0.08897831, 0.08292122, 0.034479804), (0.01826522, 0.08351472, 0.02854531), (0.033266902, 0.08337085, 0.04480186), (-0.0025737896, 0.08371285, 0.02455418), (0.0108637605, 0.083522856, 0.04247019), (0.0010497124, 0.08363024, 0.039114434), (-0.0068391697, 0.08375163, 0.037086092), (-0.018713841, 0.08392665, 0.036278944), (-0.027632223, 0.08400699, 0.032345545), (-0.0063546314, 0.08377348, 0.012409619), (-0.02306974, 0.084006645, 0.04969738), (-0.042002592, 0.08420971, 0.04934692), (-0.03838265, 0.08407418, 0.028998062), (-0.026735766, 0.08392249, 0.01747853), (-0.051679775, 0.08423727, 0.039968207), (-0.05432315, 0.08423358, 0.026624355), (-0.040031116, 0.0840043, 0.013596447), (-0.06072881, 0.08428967, 0.05417164), (-0.047447264, 0.084274784, 0.06220946), (-0.033628434, 0.08421293, 0.06265823), (-0.039305717, 0.08426563, 0.074301794), (-0.01959783, 0.0840518, 0.065832265), (-0.0048547857, 0.08373294, 0.060314745), (0.0011710555, 0.083599254, 0.052740473), (0.11504886, 0.08277107, 0.03227308), (0.16120876, 0.08266342, 0.028230526), (0.16804855, 0.08264053, 0.038439345), (0.24398786, 0.08262619, 0.016094796), (0.27156195, 0.08266458, 0.019540276), (0.29068464, 0.08275211, -0.06563288), (0.27291504, 0.08274441, -0.065759294), (0.24376763, 0.08266223, -0.050474044), (0.21777537, 0.08268048, -0.058965977), (0.20537527, 0.08263948, -0.057277452), (0.19616292, 0.0826065, -0.044355765), (0.16005002, 0.08267791, -0.06769261), (0.17682905, 0.08268129, -0.06556824), (0.13323103, 0.08269625, -0.08649959), (0.10944762, 0.08270358, -0.075904325), (0.11296652, 0.082690835, -0.08766408), (0.083656445, 0.08275024, -0.0761692), (0.09043959, 0.08275051, -0.09000673), (0.09577143, 0.08271111, -0.061392922), (0.075892076, 0.082815185, -0.07174001), (0.06974056, 0.082826845, -0.10025474), (0.06855001, 0.082920924, -0.06711552), (0.057541702, 0.08301613, -0.08186173), (0.05537199, 0.08316217, -0.062596805), (0.05470552, 0.08327483, -0.037345666), (0.049991887, 0.08331824, -0.050587635), (0.06446077, 0.08305574, -0.054633923), (0.045612186, 0.083382905, -0.033097275), (0.03172153, 0.083463706, -0.02884606), (0.031190973, 0.083485946, -0.039944183), (0.020002626, 0.083517, -0.028455079), (0.010740896, 0.08359938, -0.011539992), (0.008339132, 0.08361095, -0.024622096), (0.024670608, 0.08349377, -0.013765591), (-0.007298696, 0.08377599, -0.0056357263), (-0.04962696, 0.08413171, 0.012087921), (-0.062347542, 0.084347814, 0.01971765), (-0.077518515, 0.08452524, 0.026093893), (-0.082030684, 0.084648184, 0.01325961), (-0.062254194, 0.08435536, 0.0027942895), (-0.08044717, 0.084489465, 0.039332837), (-0.091933295, 0.08454841, 0.02831374), (-0.09733029, 0.08461533, 0.021683065), (-0.09856482, 0.0845236, 0.03912816), (-0.071300834, 0.084387876, 0.047539856), (-0.05236205, 0.08419377, -0.014616339), (-0.06614726, 0.08441986, -0.018121667), (-0.07716767, 0.08457119, -0.013525591), (-0.07667836, 0.0845956, 0.0043126564), (-0.0845309, 0.08464919, -0.008674226), (-0.08827092, 0.084598385, -0.02476213), (-0.09873973, 0.084697485, 0.010474583), (-0.1118101, 0.08465495, 0.023740523), (-0.110336825, 0.084559, 0.04060358), (-0.09951554, 0.08466555, -0.0131086195), (-0.118088536, 0.0847674, 0.016534274), (-0.11933116, 0.08469733, 0.029522467), (-0.12887213, 0.08483017, 0.02857019), (-0.12925625, 0.08486528, 0.012994732), (-0.14127433, 0.08493787, 0.016340801), (-0.16239512, 0.08497056, 0.034138273), (-0.15194224, 0.08495568, 0.043780603), (-0.15973623, 0.084966525, 0.051648263), (-0.1420584, 0.08489007, 0.06320201), (-0.13250463, 0.08482965, 0.09053306), (-0.14546213, 0.08495283, 0.0904769), (-0.12796992, 0.08476512, 0.1084248), (-0.11306723, 0.08457377, 0.086760685), (-0.10948165, 0.08458426, 0.100418165), (-0.089360535, 0.0844965, 0.08848191), (-0.06272309, 0.08428423, 0.10350597), (-0.034794956, 0.08389143, 0.1269952), (-0.041321665, 0.083952256, 0.12056462), (-0.03116894, 0.083925106, 0.108857766), (-0.04020506, 0.08401775, 0.10490807), (-0.04990689, 0.08414401, 0.10046262), (-0.043823324, 0.08418778, 0.09074228), (-0.0040812315, 0.08377889, 0.09773462), (-0.011783713, 0.083822764, 0.11031573), (-0.02522031, 0.0839658, 0.09630875), (0.012598498, 0.08370355, 0.13220894), (-0.017856868, 0.08383019, 0.12525511), (0.026948936, 0.08366574, 0.1479925), (0.00026340323, 0.08379377, 0.15347037), (0.041017152, 0.08354065, 0.17902453), (0.0483353, 0.08344515, 0.1925224), (0.0741108, 0.083254896, 0.19608495), (0.054731373, 0.08339136, 0.201415), (0.060263127, 0.08336591, 0.18837337), (0.047991402, 0.08353298, 0.17144825), (0.059082486, 0.08340347, 0.17092778), (0.03421622, 0.08366414, 0.1626396), (0.042664073, 0.08362745, 0.15585603), (0.06983124, 0.083265856, 0.17275618), (0.055224612, 0.08345186, 0.15678808), (0.07143785, 0.08325745, 0.15505368), (0.080890484, 0.08318253, 0.170335), (0.10089571, 0.083125554, 0.18958564), (0.1214427, 0.083102606, 0.19276845), (0.19078344, 0.0831664, 0.20473851), (0.24322464, 0.083128944, 0.23027422), (0.22199962, 0.08313444, 0.221014), (0.19699134, 0.08316303, 0.21910666), (0.21527877, 0.08314522, 0.20203696), (0.2881695, 0.08310802, 0.22705774), (0.30631205, 0.083183475, 0.21634717), (0.3152692, 0.08318859, 0.19922428), (0.3580803, 0.08324199, 0.26284283), (0.36718526, 0.08330747, 0.26277936), (0.34595862, 0.08323854, 0.23212816), (0.33971444, 0.08324191, 0.21282856), (0.35793707, 0.08326313, 0.23392084), (0.36034507, 0.083282806, 0.17340331), (0.35810438, 0.08327381, 0.19848122), (0.3534692, 0.08321749, 0.16537876), (0.3286788, 0.08320205, 0.19618437), (0.33816633, 0.08319989, 0.17685722), (0.33661422, 0.083177164, 0.15634875), (0.34252074, 0.08315955, 0.14034264), (0.31063253, 0.08311341, 0.17808841), (0.31416455, 0.08309988, 0.15487787), (0.32125056, 0.08309849, 0.13218558), (0.29702246, 0.08310993, 0.19705671), (0.29473653, 0.08303894, 0.16780122), (0.29644504, 0.08301525, 0.13768332), (0.27752697, 0.08301185, 0.14746094), (0.2581338, 0.08301798, 0.13399038), (0.25467864, 0.08303785, 0.15306859), (0.27710512, 0.08305915, 0.17580487), (0.27614394, 0.08308815, 0.19927862), (0.25778496, 0.0830855, 0.1914309), (0.24205704, 0.08308233, 0.164036), (0.21835494, 0.08306165, 0.15132268), (0.2511755, 0.083109684, 0.21063805), (0.23301132, 0.08310636, 0.18101321), (0.20818044, 0.0830977, 0.1612252), (0.21245448, 0.08311483, 0.18420522), (0.1977672, 0.08312162, 0.17416479), (0.17852825, 0.08313821, 0.19461578), (0.17984974, 0.083112784, 0.17379005), (0.17554548, 0.0831007, 0.15560973), (0.18697101, 0.08306826, 0.14495437), (0.15333387, 0.08311013, 0.19666633), (0.15445864, 0.0831049, 0.17535233), (0.16245739, 0.08307917, 0.15367681), (0.15178612, 0.08308535, 0.15091182), (0.13602044, 0.08310088, 0.1858516), (0.1329474, 0.0830868, 0.16771357), (0.13324802, 0.08309009, 0.14662735), (0.14903814, 0.08307689, 0.12955633), (0.1060969, 0.08310755, 0.17593315), (0.106205694, 0.08313366, 0.16045372), (0.110094756, 0.08311275, 0.13578543), (0.13178822, 0.0830784, 0.11779877), (0.08088813, 0.08320564, 0.14863323), (0.088380486, 0.08316747, 0.13729602), (0.08811026, 0.08315663, 0.12116048), (0.10601947, 0.08311151, 0.11369425), (0.068909876, 0.08330465, 0.12113585), (0.07560587, 0.08321079, 0.102192424), (0.06498395, 0.083323784, 0.113322645), (0.072586216, 0.08327012, 0.1331527), (0.06419799, 0.08336233, 0.1468951), (0.05112768, 0.08350646, 0.13835755), (0.047207147, 0.08352955, 0.11723232), (0.06006904, 0.083374016, 0.09857558), (0.040612727, 0.08362256, 0.13628249), (0.035992, 0.08365728, 0.15075584), (0.037073843, 0.083597966, 0.123020984), (0.02313751, 0.08362301, 0.11342397), (0.031977408, 0.083590865, 0.10409648), (0.008446578, 0.08368273, 0.10382131), (-0.0028194564, 0.083774, 0.08719714), (0.044743087, 0.08352622, 0.097778216), (0.024856059, 0.08357749, 0.09058988), (0.040688474, 0.08349373, 0.08765726), (0.090695344, 0.08311866, 0.098547116), (0.0823379, 0.08313803, 0.087120384), (0.061627872, 0.0833308, 0.088355556), (0.070856646, 0.083167635, 0.074773975), (0.0871198, 0.083106406, 0.079971716), (0.10346862, 0.08309724, 0.08205869), (0.1064735, 0.08306221, 0.06858293), (0.11758507, 0.08303718, 0.070185766), (0.1279804, 0.08298842, 0.074318044), (0.120459326, 0.08287166, 0.057578165), (0.1370082, 0.08302775, 0.085112534), (0.15115257, 0.08295823, 0.072353534), (0.15157928, 0.08282892, 0.062512845), (0.16918352, 0.08281536, 0.06073964), (0.18463013, 0.08283621, 0.061986823), (0.19486548, 0.08277665, 0.05851858), (0.21290578, 0.082884654, 0.06942394), (0.21710105, 0.082784235, 0.057103764), (0.23496687, 0.082820445, 0.06054102), (0.24998447, 0.082772344, 0.05855542), (0.24055892, 0.082698025, 0.044985194), (0.25122258, 0.08288156, 0.06987694), (0.2797184, 0.08278111, 0.057719003), (0.31245485, 0.08290579, 0.064038076), (0.28908247, 0.08289679, 0.07172649), (0.33333758, 0.0830259, 0.06788296), (0.3121073, 0.082995035, 0.07774667), (0.3386749, 0.08313658, 0.08282446), (0.34371674, 0.08309506, 0.06893399), (0.35338023, 0.08313951, 0.070320405), (0.34614035, 0.08319558, 0.08719628), (0.3534146, 0.08285977, 0.040008325), (0.34774122, 0.08297725, 0.05517302), (0.33898965, 0.08286711, 0.042198602), (0.3605324, 0.08325068, 0.07435064), (0.355731, 0.08298917, 0.0543635), (0.36456499, 0.083371006, 0.08422116), (0.36464798, 0.08325461, 0.06597195), (0.3667581, 0.08333926, 0.07561377), (0.36462587, 0.083064534, -0.050561547), (0.35947138, 0.0829547, -0.048995137), (0.35801524, 0.08308334, -0.073307626), (0.35554752, 0.08291542, -0.02618154), (0.35067904, 0.082926184, -0.051322673), (0.36051315, 0.08291735, 0.039975222), (0.35439554, 0.08289448, 0.004447694), (0.3603673, 0.08294943, -0.0024591107), (0.34481385, 0.082888834, -0.0130219245), (0.33759052, 0.0828557, 0.013905227), (0.34187287, 0.082852, 0.03163942), (0.34835902, 0.082876295, 0.011385533), (0.33032438, 0.08283247, 0.033753194), (0.325735, 0.08287225, 0.051204648), (0.3142963, 0.082755044, 0.038622625), (0.30485258, 0.08276953, 0.04880995), (0.2847474, 0.08274215, 0.048092168), (0.28868324, 0.082700156, 0.033872034), (0.2670966, 0.082720794, 0.045558244), (0.26623395, 0.082678385, 0.032953717), (0.24798068, 0.08266761, 0.03459607), (0.22743231, 0.08265954, 0.036603723), (0.23822173, 0.08262982, 0.027152646), (0.2073854, 0.08260693, 0.033610992), (0.19950533, 0.082667775, 0.046359994), (0.17814443, 0.0826441, 0.04343791), (0.1503706, 0.0827343, 0.05352774), (0.14781351, 0.08266982, 0.046272088), (0.13687308, 0.08268178, 0.036218844), (0.13364631, 0.08269729, 0.0459405), (0.13228613, 0.08277712, 0.060403813), (0.11950692, 0.08279284, 0.04243961), (0.108982116, 0.08295064, 0.056231923), (0.09914009, 0.082955755, 0.05032544), (0.087852046, 0.08310775, 0.071082994), (0.07999433, 0.083080895, 0.06368342), (0.075673535, 0.083051294, 0.055665027), (0.09063593, 0.08297628, 0.04858877), (0.06277502, 0.083141916, 0.053515427), (0.058468573, 0.08319137, 0.061920512), (0.052942265, 0.083332695, 0.07716085), (0.046018492, 0.08329551, 0.061436325), (0.03370379, 0.08340536, 0.07012986), (0.03725464, 0.08331776, 0.056695472), (0.022369295, 0.08341944, 0.04704381), (0.02412925, 0.08340082, 0.05678136), (0.015836673, 0.08353413, 0.07277192), (0.012266008, 0.08348251, 0.05718279), (0.0054378114, 0.083607264, 0.06980175), (-0.008744543, 0.083866656, 0.07034241), (-0.022827907, 0.08403787, 0.0867678), (-0.02056166, 0.0840786, 0.07616613), (-0.029521199, 0.08419896, 0.070055425), (-0.034302376, 0.084213644, 0.08019274), (-0.046349064, 0.084253065, 0.08447166), (-0.05503101, 0.08428924, 0.07195912), (-0.06557786, 0.08435239, 0.09021197), (-0.0818473, 0.084440224, 0.07685732), (-0.06889546, 0.084353335, 0.07372158), (-0.08411808, 0.08442819, 0.054924894), (-0.09243942, 0.084439754, 0.07161739), (-0.09757282, 0.08444118, 0.061614964), (-0.10179261, 0.0844837, 0.08061471), (-0.10687866, 0.08448592, 0.0617665), (-0.118138365, 0.084607996, 0.076930285), (-0.1136345, 0.08455839, 0.05262204), (-0.12353498, 0.084674306, 0.062472373), (-0.12046815, 0.08467113, 0.044837035), (-0.13026294, 0.08478095, 0.04612544), (-0.1344651, 0.08479445, 0.06078334), (-0.13537005, 0.08484327, 0.035598457), (-0.14624424, 0.08498156, 0.025890429), (-0.14255601, 0.08489612, 0.044764873), (0.36451992, 0.08302903, -0.012594255), (0.36450678, 0.08298393, 0.03746249), (0.023578307, 0.08349987, 0.07285645), (0.36713198, 0.08335459, 0.24194676), (0.36713108, 0.083333775, 0.20991425), (0.3669887, 0.08336126, 0.19086537), (0.3667318, 0.08336217, 0.17007485), (0.36239937, 0.08326902, 0.15347132), (0.36678347, 0.083262436, 0.12927702), (0.36445022, 0.08326252, 0.13352874), (0.36439145, 0.08334389, 0.11201536), (0.35330477, 0.08317229, 0.13892293), (0.35338536, 0.0831815, 0.12643397), (0.35752404, 0.083242476, 0.10994251), (0.3534062, 0.08320889, 0.08382115), (0.34408095, 0.08318094, 0.11886721), (0.33544692, 0.08314135, 0.095471025), (0.32734087, 0.083095945, 0.08623472), (0.31870136, 0.08306212, 0.09458475), (0.32581332, 0.08310633, 0.11278567), (0.30616707, 0.08302833, 0.11010515), (0.28555667, 0.082951486, 0.08389518), (0.29019153, 0.08299723, 0.09679102), (0.25878, 0.08294171, 0.09465308), (0.25197583, 0.082924284, 0.08188217), (0.23363769, 0.082940355, 0.09017155), (0.20731665, 0.082921736, 0.084600285), (0.18948707, 0.08289753, 0.06912727), (0.1716847, 0.08294215, 0.0723599), (0.15953189, 0.0830041, 0.08191457), (0.17642525, 0.08298349, 0.08743361), (0.18606348, 0.08294511, 0.07699801), (0.18351886, 0.0829677, 0.09639338), (0.21191053, 0.08296468, 0.10732391), (0.22112963, 0.08292863, 0.09485089), (0.2485923, 0.08296804, 0.11059812), (0.26522222, 0.082987666, 0.10940751), (0.27392146, 0.08300643, 0.10337815), (0.26532847, 0.083011486, 0.119181186), (0.2892081, 0.08301268, 0.10928958), (0.24265365, 0.083003834, 0.12558705), (0.22230104, 0.08299972, 0.12345304), (0.2144048, 0.08303641, 0.13736106), (0.19462156, 0.08303179, 0.12702912), (0.19289823, 0.08298523, 0.107041165), (0.16775927, 0.0830618, 0.12515111), (0.16894141, 0.08302746, 0.10829077), (0.14406489, 0.08305936, 0.10014547), (0.11518361, 0.08308935, 0.099256165), (0.11772447, 0.08307025, 0.07954137), (0.1517176, 0.0831122, 0.18907334), (0.12705675, 0.083075315, 0.17763329), (-0.013643699, 0.083815984, 0.1389037), (0.358038, 0.08316608, -0.12033097), (0.36476302, 0.08327485, -0.12206441), (0.36454615, 0.08321091, -0.08000012), (0.36475316, 0.0832876, -0.16074267), (0.36432853, 0.08313163, -0.18606594), (0.36248824, 0.083050594, -0.21492822), (0.36706752, 0.083063595, -0.2150405), (0.36703986, 0.08314024, -0.24143668), (0.36695695, 0.083120316, -0.18429826), (0.3668454, 0.083285145, -0.1601218), (0.3667811, 0.0832528, -0.12333775), (0.36678088, 0.08314459, -0.07095562), (0.36665705, 0.08300586, -0.048718505), (0.3666504, 0.08296137, -0.0043623047), (0.36666384, 0.082928084, 0.04021058), (0.36700532, 0.08313579, -0.26886392), (0.36707485, 0.083183475, -0.3004259), (0.3643386, 0.08303206, -0.33630392), (0.36705822, 0.08310177, -0.3640907), (0.36709833, 0.08302722, -0.332975), (0.36710492, 0.08307346, -0.37722993), (0.3671858, 0.08311214, -0.40483037), (0.36723775, 0.083116755, -0.4251433), (0.36728892, 0.0832219, -0.45260078), (0.36735597, 0.083257206, -0.47490326), (0.36094296, 0.083190925, -0.48812002), (0.36743137, 0.083183855, -0.4962245), (0.3497219, 0.083170086, -0.492499), (0.3641537, 0.08314659, -0.49520913), (0.32970506, 0.08328073, -0.49834082), (0.35151356, 0.0832205, -0.49604264), (0.36686498, 0.08315374, -0.4985456), (0.31219542, 0.083253, -0.4983878), (0.2950628, 0.08328495, -0.4983887), (0.26466855, 0.083223015, -0.4962257), (0.24992996, 0.08326352, -0.49836296), (0.24144617, 0.083304636, -0.4963371), (0.20634925, 0.083272845, -0.49634477), (0.17787278, 0.08311878, -0.49857292), (0.20121343, 0.0832509, -0.49835232), (0.13692904, 0.08311199, -0.49862918), (0.08133204, 0.0831116, -0.4986503), (0.06915717, 0.08299628, -0.49873316), (0.021269027, 0.08283762, -0.49665052), (-0.009274909, 0.08275603, -0.48137072), (-0.008351629, 0.082845934, -0.48792565), (-0.017188432, 0.082938954, -0.49637717), (-0.052853353, 0.082893476, -0.49632606), (-0.071310245, 0.08294921, -0.49606103), (0.35341185, 0.08298996, -0.38747805), (-0.063102484, 0.08266256, -0.44435352), (-0.14073348, 0.08289792, -0.4963898), (-0.1705262, 0.08291373, -0.4961803), (-0.19984783, 0.08309913, -0.496363), (-0.26251838, 0.08305924, -0.49608436), (-0.27532387, 0.08314336, -0.49897793), (-0.3074878, 0.08328384, -0.49894068), (-0.34004322, 0.083323374, -0.49884924), (0.2631046, 0.082807705, -0.27999324), (-0.07067974, 0.083148934, -0.30863422), (-0.21144229, 0.08310653, -0.36420673), (-0.09620762, 0.08337936, -0.26966193), (0.008380451, 0.083272174, -0.18412763), (-0.09882225, 0.08368593, -0.21492822), (-0.3504896, 0.08318932, -0.46161965), (-0.1780888, 0.084204294, -0.20017947), (-0.36560142, 0.083796, -0.30131918), (0.073335566, 0.08273843, -0.13595363), (0.07662565, 0.082751065, -0.11872608), (0.08131858, 0.08271687, -0.1405233), (0.09208358, 0.08271661, -0.12876195), (0.09044625, 0.08273699, -0.1453494), (0.10111799, 0.08271269, -0.14949702), (0.11159755, 0.08268612, -0.15155968), (0.10764103, 0.08267919, -0.12439355), (0.12232433, 0.0826822, -0.12981313), (0.12113971, 0.0826586, -0.11679736), (0.13782135, 0.08268904, -0.11029617), (0.16003975, 0.082708925, -0.11052489), (0.11722861, 0.08268834, -0.10399605), (0.106998615, 0.082713924, -0.10903872), (0.08580778, 0.08278088, -0.104112744), (0.09333597, 0.082749605, -0.11362051), (0.11172539, 0.082687, -0.16605964), (0.11735172, 0.08264717, -0.17433444), (0.10257949, 0.082666285, -0.17776498), (0.096170135, 0.08267216, -0.18321435), (0.08348378, 0.08263201, -0.19346413), (0.08606888, 0.08271, -0.17562273), (0.08404919, 0.082742505, -0.15954714), (0.09373584, 0.0827535, -0.16237941), (-0.013303375, 0.083527364, -0.09139675), (-0.048561182, 0.08409226, -0.05991104), (-0.064554185, 0.08437954, -0.042966835), (-0.28516322, 0.08489462, -0.13169526), (-0.365166, 0.084689535, -0.16404223), (-0.36550736, 0.084789924, -0.1396494), (-0.36562732, 0.0848565, -0.11570003), (0.3540984, 0.08318436, -0.49841836), (0.053062435, 0.08292915, -0.49893695), (-0.026731092, 0.08301868, -0.49902558), (0.0052967323, 0.08300914, -0.49901786), (0.02148975, 0.082912214, -0.4990276), (-0.1651613, 0.08300035, -0.49925762), (-0.115379944, 0.08303471, -0.49917838), (-0.0687005, 0.08304839, -0.49915746), (-0.23908396, 0.08318007, -0.49911463), (-0.19574474, 0.08316262, -0.49912044), (-0.36783645, 0.08356272, -0.32561937), (-0.36769515, 0.08373652, 0.39865786), (-0.36761582, 0.08374314, -0.30547386), (-0.36757284, 0.08388018, -0.26315522), (-0.36741933, 0.08393279, -0.21623185), (-0.36770874, 0.0836448, 0.38747334), (0.34457687, 0.08385535, 0.4987589), (0.35963824, 0.08394749, 0.49879253), (0.36818573, 0.0838713, 0.49887326), (0.2941154, 0.08368184, 0.4956444), (0.3159953, 0.08387993, 0.49544424), (0.33335865, 0.0839358, 0.49878475), (0.29379463, 0.0837493, 0.4987998), (0.31294504, 0.08394284, 0.49874812), (0.26475632, 0.08372889, 0.4987797), (0.2552165, 0.083691396, 0.49561784), (0.23484632, 0.08381389, 0.49875167), (0.2245116, 0.08374259, 0.49566486), (0.21022972, 0.08379075, 0.49879777), (0.19453524, 0.08374462, 0.4987775), (0.17946304, 0.08378099, 0.49579343), (-0.0046536783, 0.084046885, 0.49576035), (0.038695354, 0.08398716, 0.4956143), (0.08020364, 0.08386407, 0.4957681), (0.118957065, 0.08386806, 0.4957549), (0.1554695, 0.083748214, 0.49564803), (-0.31555384, 0.08395908, 0.49857897), (-0.3206639, 0.08386221, 0.4956586), (-0.29019156, 0.08387325, 0.4956244), (-0.28044292, 0.08396113, 0.49862024), (-0.268022, 0.08392277, 0.49554455), (-0.26787186, 0.08395143, 0.4985475), (-0.25658274, 0.08400171, 0.49575096), (-0.25226784, 0.08404613, 0.49853325), (-0.21378516, 0.08400696, 0.4957114), (-0.18108003, 0.08401883, 0.49860725), (-0.15525636, 0.08397752, 0.4954398), (-0.15932335, 0.083971985, 0.49857372), (-0.3387674, 0.08385045, 0.4986246), (-0.36850077, 0.08390867, 0.49551016), (-0.34667984, 0.083820544, 0.49569142), (-0.14098792, 0.08405185, 0.49587953), (-0.10837519, 0.083992, 0.4957247), (-0.07134706, 0.08398602, 0.4958331), (-0.031245686, 0.084067926, 0.49566364), (0.0034581556, 0.08404133, 0.49856484), (0.052068725, 0.08395926, 0.49859604), (0.08562687, 0.08389636, 0.4986573), (0.11090133, 0.08391642, 0.4986689), (0.15449677, 0.08379967, 0.49870363), (0.17356443, 0.083843455, 0.4986913), (-0.11986119, 0.08400998, 0.49862036), (-0.062407106, 0.0839906, 0.4985919), (-0.1452668, 0.0840746, 0.49857464), (-0.36850256, 0.08391815, 0.49865487), (-0.36682203, 0.083923995, 0.29847324), (-0.36651534, 0.083985224, 0.25504497), (-0.36725911, 0.08366069, 0.33228007), (-0.36625552, 0.08409241, 0.22856706), (-0.36611733, 0.08413408, 0.20290552), (-0.36815625, 0.083322786, -0.4987161), (-0.36732015, 0.08407155, -0.20052265), (-0.3653197, 0.08537923, 0.015294965), (-0.3696218, 0.08382875, 0.49834907), (-0.36672497, 0.08437353, -0.17757711), (-0.36655793, 0.08443388, -0.16196012), (-0.3693701, 0.08359087, 0.4913256), (-0.3691297, 0.08354439, 0.48049986), (-0.36578065, 0.084416546, 0.17310478), (0.36837885, 0.082856156, -0.49835303), (-0.3684208, 0.08363307, 0.4398493), (0.36882347, 0.08329234, 0.4907484), (0.36924696, 0.083755806, 0.49852479), (0.36874288, 0.083149016, 0.46432087), (0.36847118, 0.08313045, 0.43438905), (0.36814252, 0.08310868, 0.37080768), (0.36792544, 0.08300861, 0.299418), (0.36797285, 0.08291317, -0.4336671), (0.3681448, 0.08300709, -0.4826751), (0.36776355, 0.08285422, -0.36777702), (0.36777368, 0.08282188, -0.3226422), (0.3676766, 0.08297406, -0.30148357), (-0.36808032, 0.08365474, 0.40926677), (-0.36631554, 0.08451719, -0.12827915), (0.36718336, 0.08315136, 0.10529451), (0.36781472, 0.08295285, 0.28351057), (0.36776134, 0.08308728, 0.20831576), (0.36782652, 0.083071135, 0.25051337), (0.36715904, 0.08311105, -0.1344939), (0.36746427, 0.0831192, 0.18425956), (0.36710662, 0.083191715, 0.16536418), (0.36711714, 0.08308466, 0.13271357), (0.36759153, 0.08290682, -0.27591884), (0.36759973, 0.08287887, -0.23860434), (0.36754936, 0.08283433, -0.20007756), (0.3672749, 0.08304353, -0.17095013), (0.367124, 0.0829779, -0.07230085), (-0.3680754, 0.08325164, -0.47229818), (-0.36783245, 0.08356792, 0.38938284), (0.36696008, 0.082818516, -0.04782567), (0.36694908, 0.08280571, -0.016485319), (-0.36792836, 0.08341657, -0.41422912), (-0.36786267, 0.083424024, -0.36950612), (0.36691988, 0.08274454, 0.02456518), (0.36700037, 0.08288247, 0.05294298), (0.3670927, 0.08309337, 0.06792303), (-0.3678946, 0.08347241, -0.33368474), (0.36684212, 0.017715521, 0.061226603), (0.36683849, 0.03563942, 0.05847791), (0.36683193, 0.006622572, 0.04574087), (0.3667983, 0.025916945, 0.027796146), (0.36677825, 0.006320668, 0.020006347), (0.36680353, 0.050450776, 0.040103044), (0.36678267, 0.065204576, 0.028347297), (0.36678335, 0.047849786, 0.015289465), (0.36679754, 0.019436033, 0.007048128), (0.36678442, 0.06396493, 0.010103734), (0.36680248, 0.06525976, 0.050283555), (0.36684525, 0.055170808, 0.060676258), (0.36683446, 0.07728461, 0.05155859), (0.36680722, 0.07422102, 0.034569222), (0.36682203, 0.07986622, 0.0013647368), (0.36690181, 0.06938824, 0.06659052), (0.36697495, 0.07581322, 0.0711706), (0.36706814, 0.078225136, 0.10001926), (0.36699027, 0.06954168, 0.09640761), (0.36692378, 0.059763905, 0.083004005), (0.36695933, 0.05595981, 0.11364106), (0.3668877, 0.047325578, 0.083416186), (0.36692107, 0.03841864, 0.112284675), (0.3669245, 0.038203645, 0.13110286), (0.3668977, 0.019380782, 0.1096253), (0.36689773, 0.018057318, 0.13526087), (0.36687484, 0.0063978597, 0.102769315), (0.36691615, -0.022631384, 0.12863928), (0.36688423, -0.016608953, 0.11483364), (0.3668985, -0.0374062, 0.11693066), (0.36692798, -0.05141608, 0.1283359), (0.3669087, -0.037031073, 0.14171608), (0.36690465, -0.008761174, 0.13702266), (0.3669472, -0.018816557, 0.1548809), (0.3669497, -0.03893929, 0.15833834), (0.36693892, -0.055113792, 0.1490018), (0.36696005, -0.047279943, 0.16753453), (0.3670281, -0.066924855, 0.16713971), (0.3670271, -0.06634399, 0.13563302), (0.36703885, -0.06931528, 0.14681683), (0.36714756, -0.07365304, 0.16886002), (0.36717075, -0.07507538, 0.1411841), (0.36731654, -0.081122756, 0.16094154), (0.36737493, -0.08404481, 0.14969628), (0.36740223, -0.08414606, 0.17078945), (0.36738417, -0.081133865, 0.12680522), (0.36745992, -0.084148444, 0.11203958), (0.36720797, -0.0750243, 0.12039734), (0.36717206, -0.07513062, 0.096578725), (0.36732125, -0.08172515, 0.06545769), (0.3670426, -0.071924925, 0.06439504), (0.36705977, -0.07108115, 0.098620795), (0.3674421, -0.08163037, 0.17668611), (0.36749524, -0.073790185, 0.20031416), (0.36775312, -0.08184664, 0.20443852), (0.36765334, -0.07736702, 0.22619836), (0.36780167, -0.08159714, 0.25816277), (0.36764026, -0.07473172, 0.25636515), (0.36775854, -0.08143504, 0.270187), (0.3676375, -0.0751786, 0.277078), (0.36753637, -0.06746348, 0.2673891), (0.3675079, -0.064617425, 0.25593182), (0.36748084, -0.06602556, 0.23869398), (0.36751673, -0.07114451, 0.22558948), (0.3673402, -0.05883662, 0.21144983), (0.36738628, -0.06614823, 0.20605105), (0.36728096, -0.0661966, 0.19203351), (0.36713848, -0.05784988, 0.18618754), (0.36717975, -0.04142214, 0.19982755), (0.3670615, -0.045676403, 0.18206657), (0.36703327, -0.011765107, 0.174814), (0.36714244, -0.025909068, 0.19300179), (0.3672481, 0.005508003, 0.19892664), (0.36714163, 0.017801175, 0.18402916), (0.36701632, 0.032377876, 0.1685857), (0.3669369, 0.010959022, 0.15443183), (0.3669765, 0.052000396, 0.15793806), (0.36690754, 0.036892563, 0.14490305), (0.36690047, 0.0113477595, 0.1450834), (0.36694533, 0.05886358, 0.14645068), (0.36694896, 0.058162145, 0.13314871), (0.36698005, 0.069774516, 0.15068959), (0.36701533, 0.07170211, 0.1259145), (0.36705145, 0.07813821, 0.1319909), (0.36705837, 0.079819016, 0.16476086), (0.36704594, 0.056793228, 0.17127849), (0.3672254, 0.06887018, 0.18418756), (0.36719498, 0.052219257, 0.18650731), (0.3672333, 0.030215317, 0.19375601), (0.3673672, 0.040984765, 0.2096193), (0.3673366, 0.009127081, 0.21269323), (0.36727753, -0.01878211, 0.20871314), (0.36732915, -0.009939087, 0.22108807), (0.3672792, -0.037372597, 0.21362491), (0.36732516, -0.039395507, 0.22836396), (0.36736542, -0.054656606, 0.23013034), (0.36738515, -0.04111026, 0.2449093), (0.36744145, -0.056643765, 0.25980335), (0.3674294, -0.033450827, 0.25239104), (0.36747897, -0.028375508, 0.26600552), (0.36745423, -0.04181078, 0.27343744), (0.36747083, -0.057552677, 0.27934968), (0.36760846, -0.0725072, 0.28828427), (0.36748144, -0.055338603, 0.2903116), (0.3674927, -0.035588924, 0.28693503), (0.36763084, -0.020122368, 0.2987499), (0.367578, -0.0061161285, 0.2891326), (0.36750242, -0.0138109, 0.2775143), (0.3675079, -0.0041826656, 0.27084395), (0.36760083, 0.02223107, 0.27208933), (0.3675269, -0.007875727, 0.26217198), (0.36765853, 0.031530254, 0.26177934), (0.3675656, 0.0050454144, 0.258122), (0.36745343, 0.0034704404, 0.24139115), (0.36736768, -0.011261057, 0.23275784), (0.3674262, 0.030892598, 0.22477153), (0.36753517, 0.027120527, 0.24325152), (0.3675821, 0.05369854, 0.2447893), (0.36747357, 0.05690074, 0.22003552), (0.3673708, 0.061997905, 0.20104305), (0.36748597, 0.07025233, 0.20913512), (0.36731675, 0.076620236, 0.18408613), (0.36762372, 0.0776738, 0.20893705), (0.36774138, 0.07677825, 0.25802228), (0.36771545, 0.07808686, 0.28551242), (0.36770526, 0.071435206, 0.262076), (0.36768317, 0.07149835, 0.28809214), (0.36779866, 0.0740926, 0.29932743), (0.36783525, 0.05724577, 0.3071922), (0.36778307, 0.04753388, 0.2979345), (0.36776865, 0.033203084, 0.2998107), (0.36771446, 0.056802426, 0.28540862), (0.36770624, 0.04230858, 0.2841186), (0.36765185, 0.0204184, 0.29089054), (0.36771473, 0.009350526, 0.29884794), (0.3676093, 0.016299859, 0.283023), (0.3678094, 0.0069009503, 0.31009376), (0.36774418, -0.016819278, 0.31055635), (0.36779043, -0.032840494, 0.32091096), (0.3676521, -0.042624526, 0.30459666), (0.36780596, -0.057771545, 0.31978154), (0.36786893, -0.042860474, 0.33815327), (0.36789614, -0.059055123, 0.3389239), (0.36791223, -0.06995891, 0.32693976), (0.36776266, -0.070777364, 0.30453092), (0.3676727, -0.05883093, 0.30446374), (0.3680038, -0.068743125, 0.35262734), (0.36806065, -0.075243965, 0.3464236), (0.36811778, -0.07192558, 0.36533764), (0.36832348, -0.0814416, 0.37659878), (0.36808425, -0.081688985, 0.31893846), (0.36818406, -0.07038212, 0.381558), (0.3680548, -0.05755435, 0.36951685), (0.3681402, -0.05980111, 0.38803416), (0.3681711, -0.072992414, 0.3978755), (0.36810952, -0.05671998, 0.39740577), (0.3681186, -0.04306099, 0.39196458), (0.36809877, -0.027529227, 0.38522807), (0.36812794, 0.00027968487, 0.39113188), (0.36813888, 0.009885267, 0.38032684), (0.36809704, -0.008162116, 0.3784876), (0.36798424, -0.019120008, 0.3603251), (0.36801666, -0.04177278, 0.3668054), (0.36788905, -0.02106565, 0.34140614), (0.3679513, 0.0059443153, 0.3398839), (0.3678866, -0.0052701607, 0.3280037), (0.3678613, -0.003029565, 0.319558), (0.3678881, 0.024189401, 0.31830144), (0.36793387, 0.02846386, 0.33055773), (0.36797434, 0.0437117, 0.33785224), (0.3679252, 0.05400974, 0.32404134), (0.36790878, 0.063567534, 0.32529488), (0.367882, 0.071088195, 0.31713596), (0.36803222, 0.070098944, 0.35779896), (0.36802936, 0.07614028, 0.34227103), (0.36801198, 0.08160147, 0.31805977), (0.36821747, 0.08131714, 0.37991688), (0.36812046, 0.0725277, 0.3767223), (0.36814326, 0.07139695, 0.3979577), (0.36813074, 0.055684883, 0.3792116), (0.3681311, 0.0555941, 0.38971195), (0.3681054, 0.056998745, 0.39714953), (0.3681402, 0.036842316, 0.3936471), (0.3681969, 0.035148606, 0.4022966), (0.3681512, 0.0016439665, 0.40002143), (0.36811802, -0.009383141, 0.39612654), (0.36817056, -0.03977207, 0.4008043), (0.36822578, -0.0020586061, 0.4047837), (0.3682555, -0.03507075, 0.40550804), (0.3682718, -0.050466094, 0.40819305), (0.3682629, -0.06680765, 0.4085273), (0.36833376, -0.057893153, 0.4168082), (0.36838493, -0.07091378, 0.4220335), (0.36840203, -0.08160893, 0.418729), (0.36825758, -0.08187874, 0.39764628), (0.3686041, -0.06975213, 0.4386373), (0.36863768, -0.08117835, 0.43640715), (0.3689236, -0.0687514, 0.46004117), (0.36856815, -0.06308459, 0.43659243), (0.36875248, -0.053949054, 0.45329693), (0.36861297, -0.050499756, 0.44287997), (0.36841086, -0.046626963, 0.42303437), (0.36868584, -0.040461402, 0.452845), (0.36842224, -0.018561339, 0.4268141), (0.36833605, -0.029225001, 0.41448814), (0.36829656, 0.019445544, 0.41447875), (0.36826965, 0.028427558, 0.40818486), (0.36826226, 0.05826876, 0.4114821), (0.36817902, 0.0704013, 0.4035618), (0.36835295, 0.053002138, 0.4267566), (0.3684133, 0.07000545, 0.43484956), (0.36846128, 0.059202258, 0.43984374), (0.3685824, 0.037760243, 0.45192334), (0.36843708, 0.026836341, 0.43526214), (0.36861694, 0.025136705, 0.45124462), (0.36855373, 0.016263865, 0.44318447), (0.3687349, 0.017257204, 0.4627835), (0.36883482, 0.004516147, 0.46721995), (0.36862877, 0.0023102073, 0.4471836), (0.36872122, -0.009135885, 0.45673043), (0.36878014, -0.019510468, 0.4655655), (0.36858863, -0.0218375, 0.4445855), (0.36884966, -0.03971817, 0.4701599), (0.36900336, -0.047173582, 0.48234105), (0.36889592, -0.05876854, 0.46523476), (0.36902392, -0.06345686, 0.4727463), (0.3690043, -0.08127336, 0.45866212), (0.36923704, -0.08145209, 0.47766358), (0.36911917, -0.06669224, 0.48028833), (0.3690518, -0.05469834, 0.48467898), (0.36923805, -0.06794176, 0.49075124), (0.36927822, -0.08108533, 0.48369032), (0.36920494, -0.054679655, 0.4956678), (0.36902723, -0.034722056, 0.48447633), (0.3689205, -0.029140523, 0.47539842), (0.36899397, -0.0119589595, 0.4802605), (0.36887845, -0.010451655, 0.472744), (0.36897004, 0.011501689, 0.47929928), (0.36887878, 0.01376147, 0.47293302), (0.3688213, 0.028958041, 0.47483748), (0.36861745, 0.045236897, 0.45911366), (0.36859122, 0.05898578, 0.4552781), (0.36869952, 0.055918127, 0.47396448), (0.36868352, 0.06699761, 0.4692862), (0.36858502, 0.07296719, 0.45091987), (0.36854962, 0.08159171, 0.4400269), (0.36876345, 0.081815794, 0.46073905), (0.3688295, 0.08162029, 0.476739), (0.3687554, 0.06965861, 0.4833931), (0.36878687, 0.07706418, 0.48381475), (0.36885595, 0.081346065, 0.49098244), (0.3687378, 0.05115349, 0.48220146), (0.36874524, 0.040374186, 0.47461635), (0.36890858, 0.027408406, 0.48306367), (0.36900732, 0.027469154, 0.4901583), (0.36903754, 0.005667321, 0.48483905), (0.36916175, -0.0060056653, 0.49007726), (0.36890814, 0.052073907, 0.4958338), (0.36885667, 0.06899331, 0.49113414), (0.36896235, 0.07129156, 0.4955598), (0.36901402, 0.079872265, 0.49586943), (0.36917454, 0.021913195, 0.4956584), (0.36933592, -0.009058366, 0.49572986), (0.36920273, -0.039177217, 0.49557737), (0.36935034, -0.06751148, 0.49572957), (0.36942393, -0.07496766, 0.4936606), (0.36946115, -0.081609845, 0.4931397), (0.3683752, 0.011403752, 0.42378333), (0.36833045, 0.035371292, 0.42173585), (0.3683716, 0.08165477, 0.41626412), (0.3681573, 0.030608216, 0.38310802), (0.36813837, 0.034953345, 0.3707359), (0.3680735, 0.0018426571, 0.3649288), (0.36805075, 0.02589769, 0.35460982), (0.36807084, 0.047745578, 0.35554126), (0.36805728, 0.05981877, 0.35828814), (0.3677962, -0.081588954, 0.2884017), (0.36768427, 0.044445068, 0.27205646), (0.36769837, 0.058095817, 0.27506617), (0.36769822, 0.058385313, 0.2621203), (0.36766562, 0.05373592, 0.2557213), (0.36758226, 0.068206854, 0.24120364), (0.3669915, -0.06259072, 0.11867666), (0.36695385, -0.06288687, 0.078852706), (0.36691457, -0.055055007, 0.1078464), (0.36684772, -0.022937814, 0.09166211), (0.36687055, 0.028957473, 0.08563502), (0.36683816, -0.0061787735, 0.07510496), (0.36686534, -0.04399369, 0.095692806), (0.36687732, -0.0596916, 0.051744193), (0.36680016, -0.054550055, 0.028634429), (0.36685506, -0.06613618, 0.024175964), (0.3668584, -0.05003312, 0.06586991), (0.36683357, -0.03665232, 0.06915386), (0.36679092, -0.044945363, 0.03050472), (0.36676523, -0.045555014, 0.006948919), (0.36677033, -0.029496439, 0.007580861), (0.36674634, -0.029708851, -0.024732761), (0.36682904, -0.019261412, 0.052623905), (0.36680216, -0.014015803, 0.027895456), (0.36678535, 0.0012434414, 0.006463268), (0.36677793, -0.014183654, -0.011594088), (0.3668046, 0.038042184, 0.0016912294), (0.36680013, 0.025526645, -0.00902272), (0.36677566, 0.057220165, -0.012479452), (0.36676753, 0.033584144, -0.021390123), (0.36677557, 0.004120639, -0.013526247), (0.3667507, -0.04405987, -0.022290576), (0.36677828, -0.052124724, -0.005702488), (0.36682898, -0.06179118, 0.0072892383), (0.36694285, -0.06842594, 0.04962527), (0.3671267, -0.07938912, 0.042498752), (0.36697027, -0.07666906, 0.02175134), (0.36692703, -0.07132087, -0.0035884115), (0.36703178, -0.07649327, -0.0054617315), (0.36703306, -0.07649721, -0.03132685), (0.36720628, -0.08401848, -0.042529225), (0.36707988, -0.07613398, -0.061786026), (0.36723274, -0.0815771, -0.06858101), (0.3672588, -0.084097736, -0.06689369), (0.36729705, -0.08411992, -0.11548786), (0.36726695, -0.08161417, -0.107480384), (0.3672653, -0.08158201, -0.13826409), (0.36727437, -0.0840881, -0.13738781), (0.36739358, -0.081627406, -0.17878604), (0.3671481, -0.07634468, -0.113582894), (0.36714134, -0.07528073, -0.1331131), (0.36723265, -0.07739469, -0.15855826), (0.3673617, -0.07629487, -0.19075091), (0.3675091, -0.07736184, -0.2236367), (0.3677225, -0.081588164, -0.267952), (0.36760712, -0.07414042, -0.26875126), (0.36774698, -0.077465236, -0.29554778), (0.36792192, -0.08154162, -0.32208005), (0.36788225, -0.07515265, -0.33922568), (0.3680722, -0.081395045, -0.37619722), (0.3679258, -0.070493504, -0.36889237), (0.36803314, -0.07290794, -0.39022422), (0.36817408, -0.08137094, -0.4195563), (0.36802673, -0.06352226, -0.41012284), (0.36815512, -0.07079031, -0.42888352), (0.3683723, -0.08110521, -0.44105783), (0.3683168, -0.06857879, -0.4507443), (0.36847347, -0.08123993, -0.45863268), (0.36830655, -0.061354656, -0.4675228), (0.36848748, -0.08095891, -0.4865717), (0.36837083, -0.06940505, -0.48067138), (0.3684189, -0.07518597, -0.49262333), (0.36854124, -0.08140848, -0.49394435), (0.3682972, -0.056896303, -0.48398715), (0.36824456, -0.04123211, -0.49200946), (0.3681822, -0.039057527, -0.47202298), (0.36822745, -0.0074308277, -0.48423713), (0.36828187, -0.0006613875, -0.49235412), (0.36823454, 0.03272334, -0.48434088), (0.3682568, 0.039421983, -0.49235094), (0.36831495, 0.0476159, -0.4961689), (0.36835966, -0.0084751705, -0.49604502), (0.3683309, -0.04395903, -0.49611747), (0.3685738, -0.076354735, -0.49821424), (0.36864883, -0.08054283, -0.49824387), (0.36813584, 0.0783263, -0.49251637), (0.36818954, 0.078412995, -0.4962055), (0.3681813, 0.06006303, -0.48271495), (0.36816764, 0.06996178, -0.48562816), (0.36821035, 0.08198937, -0.48922026), (0.36813807, 0.059470948, -0.46837875), (0.36816832, 0.031377632, -0.46094066), (0.36811307, 0.058954816, -0.4555723), (0.3681051, 0.042113487, -0.44754115), (0.3681346, 0.008128104, -0.450468), (0.36819842, 0.0168428, -0.4696027), (0.36815336, -0.0161037, -0.46175045), (0.36808604, -0.029415885, -0.4409312), (0.3681234, -0.043088667, -0.4457214), (0.3680322, -0.04681895, -0.42668888), (0.36809677, -0.05941337, -0.4286518), (0.367958, -0.048068717, -0.40517357), (0.36797884, -0.03091782, -0.41799232), (0.3678971, -0.032872915, -0.39196828), (0.36785, -0.05010521, -0.37550834), (0.36797756, -0.060950477, -0.39394414), (0.3678652, -0.058596645, -0.36988854), (0.36776942, -0.047813848, -0.35177544), (0.36780855, -0.027688008, -0.36152834), (0.36783966, -0.03370042, -0.37545258), (0.367833, -0.005034393, -0.37479705), (0.36788818, -0.0021883738, -0.38999614), (0.3679383, -0.000015188826, -0.40581745), (0.36795816, 0.021644037, -0.40825692), (0.36797506, -0.012414602, -0.41863087), (0.36806047, -0.013491739, -0.43566382), (0.368033, 0.009367477, -0.43104646), (0.36804312, 0.023464218, -0.4312747), (0.36793745, 0.04273693, -0.40823662), (0.36798197, 0.047855243, -0.42580232), (0.3680505, 0.059136435, -0.44100338), (0.36793262, 0.069347024, -0.42297298), (0.368067, 0.071729034, -0.45064813), (0.36804068, 0.081102796, -0.4360726), (0.36817735, 0.080977954, -0.47420526), (0.36785513, 0.07155801, -0.39263576), (0.36784232, 0.061907403, -0.38815278), (0.3677294, 0.069630355, -0.3591616), (0.36781123, 0.08109491, -0.3653452), (0.36790964, 0.08130075, -0.3867167), (0.36774457, 0.07611059, -0.34512904), (0.36766505, 0.0696946, -0.32486898), (0.3677552, 0.061732348, -0.35893768), (0.36769867, 0.06333094, -0.33293086), (0.36774507, 0.05477865, -0.33986557), (0.36766627, 0.058625925, -0.30652252), (0.36768997, 0.044450805, -0.3143144), (0.36775428, 0.041851062, -0.33777705), (0.36766827, 0.019628858, -0.31090918), (0.3676133, 0.042474985, -0.28514948), (0.3675667, 0.028474625, -0.27342933), (0.3675457, 0.008309152, -0.27759472), (0.36761954, -0.002465666, -0.30168295), (0.36757252, -0.016713606, -0.29199448), (0.36770886, -0.0061683753, -0.3254442), (0.36763743, -0.02507198, -0.31489086), (0.36760306, -0.04153486, -0.3027193), (0.3676845, -0.03643587, -0.3266955), (0.36770546, -0.052697096, -0.32845697), (0.36765137, -0.058113832, -0.30913085), (0.36776665, -0.06466976, -0.32904783), (0.36771148, -0.07071838, -0.30924684), (0.36782733, -0.06516098, -0.35028124), (0.3675922, -0.06538458, -0.28423592), (0.36752117, -0.06452366, -0.25677016), (0.3675569, -0.05546698, -0.2845573), (0.36748862, -0.05410059, -0.25449663), (0.3675368, -0.04478337, -0.2789024), (0.36749265, -0.028973952, -0.25777128), (0.36750838, -0.018733207, -0.2669669), (0.36750668, 0.016582154, -0.2542942), (0.36745372, -0.0036923261, -0.24226834), (0.36743516, -0.02697931, -0.24069043), (0.36746773, -0.051831547, -0.24393713), (0.36741805, -0.045024615, -0.23377293), (0.3673735, -0.057842374, -0.21809609), (0.36746526, -0.07106523, -0.23287243), (0.36736926, -0.07206067, -0.20383582), (0.36727545, -0.05952713, -0.19688253), (0.36726975, -0.023537334, -0.20102414), (0.3673488, -0.026449531, -0.21373507), (0.36738977, -0.027572634, -0.22474004), (0.36738053, 0.00840458, -0.22136067), (0.36724532, 0.014381792, -0.19857837), (0.3673817, 0.026000924, -0.2160423), (0.36748758, 0.034241818, -0.24146773), (0.36742404, 0.042951956, -0.22379407), (0.3674789, 0.055918045, -0.2357023), (0.36753336, 0.059832256, -0.25835037), (0.3675591, 0.0451549, -0.260222), (0.36758593, 0.06009042, -0.28225622), (0.36763304, 0.07299106, -0.30344665), (0.36753544, 0.072053, -0.27464646), (0.36748692, 0.07411057, -0.24651964), (0.3674871, 0.065831006, -0.24631153), (0.36742413, 0.06864592, -0.22550038), (0.36739567, 0.056944463, -0.21146691), (0.36731854, 0.06527376, -0.19908383), (0.36729842, 0.058073558, -0.19613375), (0.36734095, 0.041867856, -0.20707525), (0.3672292, 0.046678558, -0.19112849), (0.3671559, 0.026649974, -0.18674368), (0.36712372, -0.0061504887, -0.18524921), (0.36704794, 0.014489273, -0.17794365), (0.36707634, -0.028144283, -0.18060361), (0.3671934, -0.04076281, -0.18884459), (0.3672149, -0.061421834, -0.18565452), (0.36710173, -0.049065895, -0.1801272), (0.36706114, -0.055321522, -0.17278145), (0.36715397, -0.06503012, -0.17789356), (0.36718512, -0.071228564, -0.17320259), (0.36706647, -0.06498513, -0.154501), (0.36712092, -0.07121033, -0.1522962), (0.3669983, -0.06677301, -0.11623775), (0.3669232, -0.05359364, -0.124733195), (0.36697948, -0.053629354, -0.14576963), (0.3669956, -0.04199637, -0.15884063), (0.36703116, -0.030711964, -0.17558485), (0.36700475, -0.019345153, -0.16767369), (0.3669994, 0.011808286, -0.16592905), (0.36697254, 0.025973404, -0.16057321), (0.3670452, 0.045340892, -0.17567632), (0.36709732, 0.049609844, -0.1804016), (0.36705515, 0.06487393, -0.17034534), (0.36721033, 0.075774536, -0.18292195), (0.36721906, 0.07078533, -0.18553077), (0.36738086, 0.07818677, -0.19363388), (0.36742473, 0.07547787, -0.20762865), (0.36752638, 0.078297116, -0.24647267), (0.3671242, 0.07756506, -0.16838236), (0.36703837, 0.078154005, -0.12906843), (0.36698246, 0.0721726, -0.1396152), (0.36694703, 0.06614768, -0.14114873), (0.3669905, 0.054423723, -0.15952742), (0.36688757, 0.054790743, -0.13112472), (0.3669275, 0.04228289, -0.14817518), (0.36684245, 0.040472228, -0.12576947), (0.366877, 0.016800012, -0.13515048), (0.36681655, 0.024053877, -0.11824389), (0.36677685, 0.0038536626, -0.107678555), (0.36685964, -0.008468684, -0.12555823), (0.3667843, -0.01831594, -0.10342484), (0.36683738, -0.033878908, -0.118108176), (0.36676365, -0.033030882, -0.09516456), (0.36680758, -0.045598395, -0.10280501), (0.3668604, -0.054928273, -0.10438298), (0.36677942, -0.04657782, -0.08415961), (0.3668245, -0.054360658, -0.074318185), (0.3667551, -0.038069416, -0.07607822), (0.36690643, -0.025012864, -0.13872294), (0.3667399, -0.023081748, -0.08201397), (0.3667159, 0.0025167728, -0.09042665), (0.36671612, 0.0025731714, -0.08208581), (0.36671147, 0.024621611, -0.08645558), (0.36675033, 0.031044055, -0.102777205), (0.36672637, 0.03982813, -0.08621304), (0.3667725, 0.046032872, -0.10253675), (0.3667993, 0.05206138, -0.08271485), (0.3667772, 0.045431238, -0.06610557), (0.36673692, 0.012241747, -0.07410544), (0.36686286, 0.062413707, -0.107444), (0.36685726, 0.06335217, -0.075009875), (0.36695167, 0.072732195, -0.114685), (0.36698258, 0.077456065, -0.07180627), (0.36693358, -0.0049739955, -0.14948678), (0.36692733, -0.06441469, -0.084702566), (0.367037, -0.072711594, -0.092122324), (0.36713272, -0.077370204, -0.084562436), (0.36773804, -0.021408072, -0.33605808), (0.3677924, -0.0024132426, -0.34419754), (0.36781073, 0.0015804357, -0.36120972), (0.3677977, 0.02384689, -0.3483491), (0.3678015, 0.034860052, -0.36058736), (0.36786288, 0.026905844, -0.3812577), (0.36785102, 0.046213333, -0.38103807), (0.36775032, 0.01777218, -0.33443975), (0.36823764, -0.05674908, -0.45216957), (0.36818972, -0.04590304, -0.46257988), (0.36819333, -0.020096611, -0.4754826), (0.3669873, -0.07320005, -0.047774754), (0.3668663, -0.06498003, -0.022569533), (0.36691308, -0.0662026, -0.05231981), (0.36678484, -0.055387445, -0.023182148), (0.36680758, -0.05433183, -0.04688076), (0.36675942, -0.03372401, -0.039704032), (0.3667605, -0.039322942, -0.055286754), (0.3667508, -0.020442529, -0.061804798), (0.36676547, -0.013996689, -0.043595497), (0.36675113, 0.0037387437, -0.050017964), (0.36674896, 0.0009014618, -0.029161504), (0.36676311, 0.030154025, -0.035016317), (0.36676356, 0.058659066, -0.03043553), (0.36677265, 0.042182542, -0.04764456), (0.36675778, 0.02391913, -0.058178257), (0.36680263, 0.065607116, -0.045081265), (0.36678192, 0.069222376, -0.012981807), (0.36684078, 0.07825795, -0.042930856), (0.36692074, 0.073079474, -0.07109262), (0.3672282, -0.08404892, -0.018746343), (0.3671545, -0.08409298, 0.017800177), (0.3673544, -0.08416037, 0.06589661), (0.3683425, 0.077282205, -0.49836674), (0.36944357, -0.062667504, 0.49877223), (0.36843863, -0.034601282, -0.49812415), (0.36842138, 0.048066996, -0.49815938), (0.36846197, 0.0011727838, -0.49822074), (0.36971626, -0.074838236, 0.49876034), (0.36913398, 0.054503556, 0.4988218), (0.36948076, -0.033550825, 0.49876153), (0.36955366, -0.00565231, 0.49875396), (0.36943075, 0.02213145, 0.49878022), (0.36935964, 0.08182081, 0.49886975), (-0.3655898, 0.011215697, 0.0143083725), (-0.36561924, -0.0056599914, 0.0068289693), (-0.36553976, 0.013212778, -0.015403301), (-0.36560455, -0.0036942598, -0.011489024), (-0.36573172, -0.028177837, 0.003783506), (-0.36580122, -0.03158294, 0.020933041), (-0.3658468, -0.04500315, 0.0042305537), (-0.36595315, -0.042190176, 0.04481175), (-0.36588517, -0.027078457, 0.04570635), (-0.3657662, -0.013477046, 0.036346715), (-0.36565754, 0.0011824117, 0.028030746), (-0.36573336, 0.0037354317, 0.048045695), (-0.3656568, 0.019307176, 0.038877662), (-0.365801, 0.017766153, 0.06748699), (-0.36571658, 0.037835937, 0.063726366), (-0.36554813, 0.042315297, 0.04293616), (-0.3656005, 0.047298178, 0.054566663), (-0.36556688, 0.06920109, 0.06073177), (-0.36572847, 0.051085237, 0.077995904), (-0.36581346, 0.03399299, 0.08599855), (-0.36576578, 0.058192413, 0.10529441), (-0.3656846, 0.07145551, 0.08551472), (-0.36583152, 0.047538657, 0.11073563), (-0.36591893, 0.034908444, 0.12356542), (-0.36576605, 0.066770226, 0.13083728), (-0.36571303, 0.07251426, 0.11039319), (-0.3658322, 0.059862744, 0.14245138), (-0.36572415, 0.082282946, 0.1452814), (-0.3658448, 0.06879189, 0.15791495), (-0.36584425, 0.08230334, 0.16784099), (-0.3659235, 0.070393145, 0.17106973), (-0.3660915, 0.04703923, 0.1670147), (-0.3659322, 0.05111802, 0.14767146), (-0.36605322, 0.042821825, 0.15457514), (-0.3659867, 0.032704998, 0.13254029), (-0.36617416, 0.022402344, 0.15006949), (-0.36609378, 0.008996354, 0.12767257), (-0.36594954, 0.013464426, 0.11342281), (-0.36588186, 0.02277455, 0.10593563), (-0.36594334, -0.00026557746, 0.10136262), (-0.36586112, 0.00769344, 0.086544305), (-0.36584345, 0.020945441, 0.08723518), (-0.36583343, -0.0018124904, 0.06029794), (-0.3659329, -0.0061431592, 0.085886575), (-0.36595708, -0.017831013, 0.07007601), (-0.36593315, -0.02298532, 0.05998356), (-0.3660773, -0.040364314, 0.07965264), (-0.36603224, -0.04088274, 0.06253207), (-0.36617106, -0.058071267, 0.05990711), (-0.3660699, -0.056964744, 0.039496787), (-0.36625385, -0.0686917, 0.05240747), (-0.36613584, -0.06559762, 0.032196175), (-0.36599657, -0.055872515, 0.012323126), (-0.36639002, -0.08089285, 0.037308734), (-0.366548, -0.081475705, 0.06285024), (-0.36631262, -0.06854617, 0.08167719), (-0.36644202, -0.075322054, 0.081570365), (-0.36646342, -0.0753502, 0.10826519), (-0.36658177, -0.08137694, 0.104341276), (-0.36642593, -0.071980715, 0.1350998), (-0.3663477, -0.06853767, 0.11459384), (-0.36631912, -0.06112134, 0.14283757), (-0.36628023, -0.06034574, 0.11714094), (-0.3662129, -0.04271594, 0.13140397), (-0.36616132, -0.04634145, 0.102544405), (-0.36613646, -0.032728534, 0.11279258), (-0.36622375, -0.03420703, 0.14456384), (-0.3662329, -0.019278476, 0.1435397), (-0.36618692, -0.013991029, 0.1280857), (-0.36627665, -0.00032104427, 0.15303649), (-0.36617574, -0.0015092862, 0.1312285), (-0.36627084, 0.010818657, 0.15813947), (-0.36638707, 0.016362878, 0.17937353), (-0.36629325, 0.034387078, 0.17769974), (-0.36609912, 0.057779808, 0.17765832), (-0.36621344, 0.06227489, 0.19042155), (-0.36611462, 0.07339092, 0.19056667), (-0.36597535, 0.08232677, 0.18308313), (-0.3662575, 0.082248986, 0.205304), (-0.36637503, 0.06542325, 0.2077042), (-0.36638972, 0.082123235, 0.23125258), (-0.3664968, 0.05940047, 0.21862768), (-0.3665494, 0.045232866, 0.20977104), (-0.36644304, 0.04535768, 0.1979672), (-0.36664495, 0.01721557, 0.20475765), (-0.36651787, 0.027965693, 0.1955929), (-0.36654273, 0.0017584393, 0.18917018), (-0.3664713, -0.014503586, 0.18057767), (-0.36632526, -0.017473478, 0.16442205), (-0.3663178, -0.03572258, 0.16714394), (-0.36648884, -0.035897575, 0.18288633), (-0.36660165, -0.0311538, 0.1912724), (-0.3666515, -0.0174005, 0.19596101), (-0.36674395, -0.022952627, 0.2079497), (-0.3666924, -0.0034358373, 0.20166045), (-0.36674908, 0.00414753, 0.21523951), (-0.36669028, 0.020581145, 0.21685351), (-0.36662537, 0.04109237, 0.22144535), (-0.3667077, 0.025474817, 0.22764911), (-0.3667386, 0.040243074, 0.24182215), (-0.36662367, 0.06062193, 0.24317198), (-0.36683506, 0.05097961, 0.26262048), (-0.36656353, 0.07173996, 0.24474676), (-0.3668153, 0.06251331, 0.27235335), (-0.36663923, 0.08199388, 0.25533754), (-0.3668702, 0.069551826, 0.28742358), (-0.36699173, 0.053268757, 0.29033265), (-0.36703444, 0.035263546, 0.2791801), (-0.36718893, 0.029137533, 0.29815686), (-0.36717814, 0.0160063, 0.286149), (-0.36710042, 0.016165877, 0.2723364), (-0.36693144, 0.028936945, 0.2577987), (-0.36690938, 0.0201173, 0.25019842), (-0.3669244, 0.0062741875, 0.24886572), (-0.36681116, -0.0018907008, 0.23068069), (-0.3667761, -0.010166105, 0.21796025), (-0.36686644, -0.021219864, 0.23285644), (-0.36679515, -0.032530878, 0.21913083), (-0.3667745, -0.044993524, 0.2074693), (-0.3668551, -0.049280178, 0.22048968), (-0.36687338, -0.058987275, 0.21038522), (-0.36676225, -0.058918197, 0.19772327), (-0.3668857, -0.07039252, 0.20231849), (-0.36658946, -0.068799414, 0.18099509), (-0.36657712, -0.0630563, 0.18288098), (-0.36648193, -0.047166653, 0.18101478), (-0.3664021, -0.052352298, 0.17229228), (-0.36631227, -0.046859328, 0.16365446), (-0.3662722, -0.046451025, 0.15282153), (-0.36638656, -0.0699673, 0.16107213), (-0.36659604, -0.08127447, 0.16684239), (-0.3667564, -0.07536954, 0.18629164), (-0.36713982, -0.08153822, 0.20502606), (-0.367016, -0.07691027, 0.20697254), (-0.36713454, -0.07750604, 0.24732697), (-0.367222, -0.08143786, 0.24661887), (-0.36733907, -0.081531994, 0.28661624), (-0.36722952, -0.07675937, 0.2850232), (-0.36713484, -0.07104141, 0.269403), (-0.36715305, -0.06349316, 0.28063142), (-0.36698872, -0.052323718, 0.24815172), (-0.36705482, -0.053461295, 0.2665516), (-0.3669229, -0.03600909, 0.24384914), (-0.36693656, -0.0565269, 0.2317616), (-0.3670451, -0.07088408, 0.24282348), (-0.36698297, -0.07093695, 0.22171305), (-0.36712426, -0.046041384, 0.28241172), (-0.3670968, -0.033580057, 0.2776845), (-0.3670071, -0.024701059, 0.25836363), (-0.36720148, -0.02409171, 0.2892134), (-0.3669759, -0.012617085, 0.2537035), (-0.36720875, -0.002625561, 0.28529996), (-0.36742553, -0.012203599, 0.30969667), (-0.36732167, 0.0082075335, 0.30106807), (-0.36753398, -0.0043657334, 0.3194964), (-0.36747143, 0.021600118, 0.32122764), (-0.3673331, 0.026603268, 0.3107), (-0.3672836, 0.049776956, 0.317096), (-0.3671367, 0.051264927, 0.30561268), (-0.3670795, 0.07185643, 0.30949774), (-0.36685002, 0.0819436, 0.2886128), (-0.36701378, 0.08206141, 0.30328777), (-0.3673397, 0.082061596, 0.3292569), (-0.3673388, 0.071874686, 0.33315784), (-0.36736628, 0.059060037, 0.3288701), (-0.36761603, 0.05162401, 0.3515227), (-0.36771175, 0.07190764, 0.36777237), (-0.36770937, 0.08191644, 0.3686606), (-0.36786336, 0.08170572, 0.3878197), (-0.3680792, 0.07424849, 0.3979574), (-0.36805606, 0.06656328, 0.39426407), (-0.3679108, 0.059432928, 0.38257867), (-0.36776948, 0.06157378, 0.36945003), (-0.36789784, 0.04419913, 0.37747136), (-0.36779737, 0.043941572, 0.36639202), (-0.36770082, 0.027931564, 0.35173395), (-0.3675823, 0.039432824, 0.34457856), (-0.3674545, 0.04125241, 0.32960838), (-0.3677094, 0.0054601375, 0.3411574), (-0.3679359, 0.008274227, 0.36636838), (-0.36787748, -0.017716307, 0.3530692), (-0.3677607, -0.013167137, 0.33917993), (-0.36767697, -0.021600166, 0.3302288), (-0.36781257, -0.025343494, 0.34340563), (-0.3676768, -0.03452256, 0.3321604), (-0.36746994, -0.026775328, 0.3146972), (-0.36730665, -0.032688696, 0.3038455), (-0.36747077, -0.03717395, 0.31646678), (-0.36732805, -0.050998155, 0.30465567), (-0.3672259, -0.041959867, 0.2967091), (-0.3672326, -0.058767203, 0.29318038), (-0.367336, -0.07107864, 0.29957157), (-0.36751848, -0.065970294, 0.31493154), (-0.36759454, -0.054799475, 0.32302472), (-0.36774397, -0.081093594, 0.32867303), (-0.36751625, -0.077597044, 0.3098257), (-0.36785898, -0.06717243, 0.34325323), (-0.36788118, -0.078270905, 0.3492419), (-0.3679571, -0.07111268, 0.35693696), (-0.36796975, -0.06261109, 0.3561235), (-0.36789057, -0.045338247, 0.3512916), (-0.36795825, -0.038403217, 0.3644243), (-0.36795527, -0.011682695, 0.3679829), (-0.3679936, -0.026611917, 0.37654245), (-0.3680706, -0.0072660684, 0.3823644), (-0.3681397, 0.010323769, 0.386333), (-0.3679375, 0.025011346, 0.37181017), (-0.3683504, 0.015431535, 0.4058092), (-0.3680966, 0.036897376, 0.39094102), (-0.36863518, 0.02860493, 0.43082115), (-0.3682323, 0.04785508, 0.40392098), (-0.36855477, 0.046107665, 0.4271427), (-0.36888665, 0.03338901, 0.44964498), (-0.3688344, 0.0475103, 0.44583756), (-0.36866364, 0.06509243, 0.4391847), (-0.36901617, 0.050319143, 0.45735544), (-0.36895514, 0.08164237, 0.46192473), (-0.36843947, 0.08178177, 0.43277687), (-0.36834642, 0.076068684, 0.4201919), (-0.3681963, 0.081684, 0.41135108), (-0.3683484, 0.064232625, 0.4161544), (-0.3691673, 0.051417258, 0.46813554), (-0.3691805, 0.03688264, 0.4703145), (-0.3691602, 0.019641742, 0.47259814), (-0.36893046, 0.021206189, 0.453557), (-0.36900914, 0.0046553416, 0.4640167), (-0.36883843, 0.0104045505, 0.44870687), (-0.36862284, 0.016475186, 0.4300651), (-0.36846837, 0.010804137, 0.4179861), (-0.36858365, 0.002236985, 0.43264598), (-0.36846393, -0.0069027054, 0.42244768), (-0.36836156, -0.0052464083, 0.40928817), (-0.36823153, -0.0057435604, 0.396787), (-0.3681267, -0.019315971, 0.39057416), (-0.36830935, -0.025343936, 0.40867618), (-0.36809525, -0.039329976, 0.38865265), (-0.3679936, -0.046482205, 0.37333998), (-0.36806315, -0.061035827, 0.38448796), (-0.3680239, -0.06559789, 0.37269628), (-0.36803764, -0.07476318, 0.37594083), (-0.3682652, -0.07144826, 0.4083626), (-0.36819854, -0.05810316, 0.40098295), (-0.36837277, -0.0431212, 0.41636997), (-0.36853993, -0.06975395, 0.43572003), (-0.3685462, -0.05415018, 0.43137088), (-0.3685819, -0.03504588, 0.43308732), (-0.3685172, -0.01908523, 0.428284), (-0.3685916, -0.010727032, 0.43604723), (-0.3687314, -0.024290642, 0.44458652), (-0.36892027, -0.010634721, 0.46048433), (-0.36871105, -0.006575188, 0.44468227), (-0.3688991, -0.02341871, 0.45634174), (-0.36885667, -0.041641872, 0.4521685), (-0.36908892, -0.034450185, 0.46980464), (-0.36907938, -0.020983823, 0.4722651), (-0.36922, -0.017798306, 0.4832308), (-0.36913493, -0.0027284943, 0.47634155), (-0.36928985, 0.019957237, 0.48318216), (-0.3693284, -0.0015171077, 0.48753455), (-0.36944783, 0.016378785, 0.4915771), (-0.36934274, 0.047328226, 0.48308223), (-0.3694634, 0.049732197, 0.49184635), (-0.36938247, 0.07139177, 0.49151048), (-0.36924925, 0.07026191, 0.48281094), (-0.36927295, 0.081915274, 0.48064783), (-0.36950853, 0.081997484, 0.49111354), (-0.36916426, 0.07192017, 0.47470516), (-0.36920437, 0.06197157, 0.47483486), (-0.36938614, -0.027030502, 0.49180672), (-0.36917624, -0.04240177, 0.47929493), (-0.3693263, -0.045411963, 0.49175593), (-0.3691376, -0.054234117, 0.48171732), (-0.36900666, -0.04654176, 0.46365437), (-0.36893606, -0.059226234, 0.46360704), (-0.36882052, -0.054002997, 0.4515769), (-0.36877525, -0.06952708, 0.45637426), (-0.36893997, -0.0711079, 0.47379774), (-0.3689941, -0.07310094, 0.48626682), (-0.36905435, -0.07660658, 0.49153754), (-0.36769482, -0.049215138, 0.33268046), (-0.36764038, -0.08156409, 0.3147981), (-0.366566, -0.08138708, 0.15046759), (-0.36608776, -0.02152263, 0.10739879), (-0.36604905, -0.0034854696, 0.11333021), (-0.36603913, -0.028435508, 0.08672632), (-0.36622742, -0.05945022, 0.09120073), (-0.36618432, -0.05504689, 0.07478386), (-0.3657227, 0.078128286, 0.1251398), (-0.36550638, 0.033045884, 0.0096203545), (-0.36550415, 0.039455626, 0.028485361), (-0.36539793, 0.050884504, 0.012384994), (-0.36544278, 0.064608954, 0.04033058), (-0.3656918, 0.07807074, 0.080817714), (-0.36541986, 0.07372652, 0.03768256), (-0.36543363, 0.07811802, 0.036756672), (-0.3655116, 0.08233135, 0.041990597), (-0.36536652, 0.07813272, -0.0017754446), (-0.36544508, 0.082232706, 0.00163456), (-0.3653708, 0.07215795, 0.012719611), (-0.36539727, 0.060849544, 0.024815727), (-0.365326, 0.067266546, -0.014147996), (-0.36539847, 0.08217313, -0.03709961), (-0.36543584, 0.07629519, -0.07677344), (-0.36537585, 0.067705, -0.07121318), (-0.3653897, 0.056843545, -0.07860881), (-0.36549723, 0.059225477, -0.09077545), (-0.36557952, 0.076033115, -0.091493614), (-0.3656526, 0.057966035, -0.10234573), (-0.3658897, 0.07089097, -0.109087415), (-0.36594453, 0.07809746, -0.108519435), (-0.36575806, 0.08258821, -0.09522191), (-0.36544824, 0.082145244, -0.064356886), (-0.36638653, 0.07788336, -0.129033), (-0.36617213, 0.06293207, -0.122921236), (-0.36641008, 0.058341734, -0.13461931), (-0.3665659, 0.0671877, -0.14518094), (-0.36662143, 0.08242214, -0.14731987), (-0.36644045, 0.08224099, -0.1300349), (-0.3666773, 0.056288086, -0.16631408), (-0.3667038, 0.08223437, -0.16539602), (-0.36683467, 0.08214957, -0.17447276), (-0.36705554, 0.06555798, -0.18529752), (-0.367295, 0.070548, -0.19657709), (-0.36739224, 0.08220758, -0.1982237), (-0.36745703, 0.07138986, -0.208972), (-0.3675521, 0.08210299, -0.21085717), (-0.3675277, 0.06773997, -0.22466603), (-0.36759627, 0.0821015, -0.2387131), (-0.36763087, 0.06768125, -0.24792498), (-0.3677143, 0.08203022, -0.26211563), (-0.36771727, 0.06867345, -0.26671976), (-0.36777002, 0.07218884, -0.2888092), (-0.3677736, 0.0818793, -0.30152443), (-0.36785892, 0.06992982, -0.31550455), (-0.36779878, 0.08289226, -0.30900714), (-0.36792564, 0.07288317, -0.33567622), (-0.3679291, 0.07615992, -0.36960575), (-0.3679397, 0.08187684, -0.3963328), (-0.36795968, 0.07830675, -0.39344895), (-0.36803144, 0.078306116, -0.42993236), (-0.36804265, 0.08162547, -0.4455138), (-0.36815974, 0.08086879, -0.4746278), (-0.3679607, 0.068628594, -0.3891882), (-0.3679763, 0.06732857, -0.41969556), (-0.36805806, 0.0704166, -0.4507125), (-0.36805034, 0.058029577, -0.47232103), (-0.36809346, 0.07132097, -0.49237067), (-0.36809835, 0.081564255, -0.49128672), (-0.36802524, 0.060230136, -0.4933667), (-0.36817276, 0.07789853, -0.4986851), (-0.36811247, 0.05883484, -0.4985566), (-0.36800015, 0.024680773, -0.49230248), (-0.3680284, 0.009074154, -0.49431947), (-0.36811677, -0.0037870482, -0.49855042), (-0.3680651, -0.04669632, -0.49850053), (-0.36795804, -0.043752227, -0.4923519), (-0.36795604, -0.07723849, -0.498502), (-0.36789238, -0.074407734, -0.49174014), (-0.36793905, -0.064415455, -0.47899073), (-0.3679579, -0.040257964, -0.48273075), (-0.3679899, -0.004930854, -0.4823624), (-0.36800084, 0.015423529, -0.48128232), (-0.36800337, 0.035589214, -0.48396417), (-0.36798573, 0.019146621, -0.46683392), (-0.3680082, 0.046830527, -0.45492944), (-0.3679589, 0.035045836, -0.4415656), (-0.3679477, 0.002744625, -0.44094414), (-0.36794305, -0.018599952, -0.4530834), (-0.36796045, -0.022632886, -0.46850833), (-0.36789995, -0.044779707, -0.44180417), (-0.3679428, -0.04763132, -0.4630597), (-0.3679199, -0.06511035, -0.44957146), (-0.367973, -0.08013544, -0.4695433), (-0.3679092, -0.07555512, -0.43902552), (-0.36786306, -0.06576717, -0.4220959), (-0.36785024, -0.07617977, -0.39175698), (-0.36782867, -0.057196185, -0.38984334), (-0.36786202, -0.04461959, -0.41742072), (-0.36789724, -0.018575147, -0.43055314), (-0.36787114, -0.02814256, -0.41203213), (-0.3679037, -0.0030460004, -0.41425902), (-0.3678665, -0.02558665, -0.39528772), (-0.36788356, 0.00031229615, -0.38279477), (-0.36791015, 0.020441778, -0.40217978), (-0.36787635, 0.021711882, -0.36319894), (-0.36792713, 0.043203305, -0.40079972), (-0.36790872, 0.04642968, -0.36467236), (-0.36785358, 0.021879693, -0.34210902), (-0.36790568, 0.054105695, -0.33612412), (-0.36793765, 0.06624015, -0.3479044), (-0.36781797, 0.041567266, -0.32360706), (-0.36780453, 0.05310471, -0.31119078), (-0.36776856, 0.06281385, -0.2966576), (-0.36768946, 0.044282798, -0.2864586), (-0.36771986, 0.055219572, -0.2758662), (-0.36763704, 0.046841107, -0.2627466), (-0.3675637, 0.017891593, -0.26980397), (-0.36759797, 0.017220054, -0.2832724), (-0.3676977, 0.0359057, -0.3000174), (-0.36763313, 0.012130067, -0.29931813), (-0.36769226, 0.010767592, -0.31195018), (-0.36781242, 0.021359064, -0.3300905), (-0.36777288, -0.010927215, -0.32505175), (-0.367826, -0.007962261, -0.33769912), (-0.36786062, 0.005075689, -0.356011), (-0.36783588, -0.014153196, -0.3550826), (-0.36784777, -0.034237377, -0.38311738), (-0.36781237, -0.04685482, -0.35690448), (-0.3678127, -0.062716365, -0.35110977), (-0.36782867, -0.06759688, -0.37641874), (-0.36785012, -0.075911894, -0.35677746), (-0.3677935, -0.077345625, -0.327889), (-0.36775064, -0.082026295, -0.3153505), (-0.36779803, -0.05865857, -0.336341), (-0.367764, -0.04781142, -0.32626566), (-0.3676462, -0.06062549, -0.30325872), (-0.36760387, -0.04395036, -0.30148834), (-0.3677093, -0.036821246, -0.317449), (-0.36756596, -0.023091683, -0.29456443), (-0.36765754, -0.016590783, -0.3105692), (-0.36756405, -0.0071495776, -0.29510313), (-0.36751342, -0.0083909, -0.27799892), (-0.36750385, -0.03237727, -0.27767876), (-0.36745748, -0.0097876005, -0.26197925), (-0.36743218, 0.012777683, -0.2530528), (-0.36749464, 0.032884527, -0.2517407), (-0.36735308, 0.02145517, -0.2411833), (-0.36740014, 0.03959718, -0.23340619), (-0.36747473, 0.053361915, -0.22635101), (-0.3676541, 0.05876301, -0.25497895), (-0.36716974, 0.032315556, -0.21179786), (-0.3671946, 0.019495409, -0.22418126), (-0.36701214, 0.0103075085, -0.20909396), (-0.36708063, 0.002707135, -0.21510975), (-0.36726153, -0.003507172, -0.23691961), (-0.36717555, -0.008949143, -0.22681685), (-0.36724496, -0.024885656, -0.23303269), (-0.3673992, -0.029596291, -0.25669834), (-0.36738348, -0.040064745, -0.2525179), (-0.3675436, -0.053111292, -0.28175005), (-0.36742592, -0.054270934, -0.2472467), (-0.36724526, -0.037762944, -0.2252936), (-0.3673526, -0.053815506, -0.22658187), (-0.3673901, -0.061998624, -0.21857525), (-0.36749908, -0.0687174, -0.24653916), (-0.36757088, -0.065479115, -0.27499107), (-0.36767367, -0.081268944, -0.2676845), (-0.36772338, -0.081102975, -0.30551487), (-0.3675467, -0.08144584, -0.21321261), (-0.367459, -0.076257765, -0.20974399), (-0.36744568, -0.08132718, -0.19867241), (-0.3673343, -0.06626841, -0.20633222), (-0.36733693, -0.07817726, -0.19688101), (-0.36714423, -0.06338551, -0.19366121), (-0.3671526, -0.048170786, -0.20361194), (-0.3672123, -0.042688362, -0.2135329), (-0.36695182, -0.032990355, -0.19825806), (-0.366996, -0.020642418, -0.2046632), (-0.36708236, -0.014704838, -0.21349807), (-0.36662123, -0.0061330814, -0.18467946), (-0.36676627, 0.0011057482, -0.19464318), (-0.3667234, 0.012525188, -0.19107816), (-0.36696172, 0.023830997, -0.20048162), (-0.36671883, 0.0300588, -0.18338247), (-0.3671288, 0.043249086, -0.19968572), (-0.36698094, 0.051615905, -0.18623048), (-0.36730096, 0.052838296, -0.20469931), (-0.36723787, 0.059273664, -0.19588931), (-0.36738497, 0.061368458, -0.20580408), (-0.36738852, 0.051360093, -0.21474051), (-0.366648, 0.04257201, -0.17321236), (-0.36643103, 0.03290924, -0.16463752), (-0.36648318, 0.045577224, -0.15830813), (-0.36645392, 0.05017788, -0.14825518), (-0.36658254, 0.059317894, -0.15147132), (-0.36626613, 0.04117219, -0.14180198), (-0.36607, 0.044385966, -0.12669681), (-0.36578265, 0.053171597, -0.110532716), (-0.3657625, 0.03470892, -0.11386682), (-0.36595443, 0.029242504, -0.12662634), (-0.36610207, 0.028762108, -0.13749991), (-0.3658875, 0.01684107, -0.12664264), (-0.3661211, 0.015871279, -0.15051883), (-0.36622536, 0.02686378, -0.15191846), (-0.36630648, 0.015829742, -0.16598345), (-0.36613476, 0.008262615, -0.15281893), (-0.36633626, 0.008232081, -0.16886915), (-0.36624986, -0.0028084926, -0.15958743), (-0.3663935, -0.018355427, -0.1661262), (-0.3666309, -0.02274682, -0.18130536), (-0.36659345, -0.039150063, -0.1749652), (-0.3667414, -0.031071479, -0.18672056), (-0.3668742, -0.048040595, -0.18688737), (-0.3667796, -0.059220992, -0.1746984), (-0.36705318, -0.071020044, -0.18541053), (-0.36674765, -0.06882286, -0.16763566), (-0.36690453, -0.07738847, -0.1683374), (-0.36703706, -0.081409276, -0.16891038), (-0.3668245, -0.081330955, -0.12926865), (-0.36670414, -0.07092268, -0.14712757), (-0.36654973, -0.06980636, -0.12684041), (-0.36657786, -0.060626883, -0.14661506), (-0.36642793, -0.0576408, -0.12825128), (-0.36642563, -0.047666803, -0.14620127), (-0.3661445, -0.03453235, -0.123048805), (-0.36632866, -0.03823302, -0.144796), (-0.36625332, -0.020728327, -0.14649107), (-0.36612326, -0.00894365, -0.1389946), (-0.36600104, -0.014243995, -0.1193062), (-0.36587325, -0.0034944292, -0.11303071), (-0.36595157, 0.008325701, -0.13200998), (-0.36572257, 0.011497841, -0.10765652), (-0.36566874, 0.029728638, -0.10746411), (-0.36559454, 0.045165263, -0.10238955), (-0.36550876, 0.044868145, -0.094112895), (-0.3655632, 0.02396086, -0.09503822), (-0.36545554, 0.03749955, -0.08476782), (-0.36536318, 0.049573977, -0.07209638), (-0.36552036, 0.019889131, -0.08299517), (-0.36549386, 0.023487808, -0.06908124), (-0.3653414, 0.05214112, -0.0521878), (-0.36547634, 0.029411774, -0.059217483), (-0.36561775, 0.0014640476, -0.072468385), (-0.36563733, 0.00009867965, -0.08426059), (-0.36568236, 0.0004902694, -0.09503585), (-0.36574405, -0.016948866, -0.08223621), (-0.36581415, -0.026966188, -0.09028887), (-0.36589152, -0.01988203, -0.10524921), (-0.36590335, -0.036979306, -0.09849475), (-0.36608654, -0.045804102, -0.109839305), (-0.36599016, -0.049882386, -0.09385422), (-0.36582556, -0.039408136, -0.083624184), (-0.36590806, -0.04847433, -0.08071386), (-0.3661578, -0.06336243, -0.08950839), (-0.3663066, -0.060528804, -0.11289499), (-0.3663686, -0.0709727, -0.10659346), (-0.36661768, -0.07652316, -0.121669084), (-0.3664739, -0.08120766, -0.097854), (-0.366166, -0.06988679, -0.06464876), (-0.3660166, -0.05843935, -0.0636545), (-0.36599594, -0.06248077, -0.045497026), (-0.36585262, -0.051332075, -0.04226228), (-0.3658088, -0.041686155, -0.05474721), (-0.36574456, -0.0388846, -0.04081668), (-0.36575887, -0.027216421, -0.06440402), (-0.3656551, -0.017716752, -0.04019801), (-0.36563012, -0.006351221, -0.049172666), (-0.36567852, -0.022155084, -0.022333419), (-0.36578867, -0.034617435, -0.073608235), (-0.3658568, -0.045372304, -0.06867759), (-0.3657438, -0.040730078, -0.02853824), (-0.36584654, -0.052074876, -0.024388758), (-0.3659635, -0.0625448, -0.028359855), (-0.36605796, -0.06882579, -0.034244694), (-0.36608616, -0.0688775, -0.014285557), (-0.36633033, -0.081409484, -0.021492664), (-0.36635447, -0.08129639, -0.048652194), (-0.36629134, -0.076529145, -0.058384143), (-0.36564198, -0.0027964483, -0.061296385), (-0.36633545, -0.031166177, -0.15340042), (-0.3664636, -0.039172847, -0.16509488), (-0.36661997, -0.05581511, -0.16468757), (-0.3679524, 0.05790001, -0.3966694), (-0.36797562, 0.056301344, -0.43435466), (-0.36793625, 0.02889068, -0.4290206), (-0.3653127, 0.06600762, -0.03163341), (-0.36535323, 0.07809908, -0.042774774), (-0.3653416, 0.06762266, -0.054606218), (-0.3653207, 0.055636995, -0.017819649), (-0.36541757, 0.039177757, -0.014958525), (-0.36539224, 0.039690983, -0.029846279), (-0.36553565, 0.022307685, -0.0077050426), (-0.36552233, 0.016415086, -0.03585046), (-0.36540693, 0.03888821, -0.045155093), (-0.3655766, -0.0019025445, -0.03361285), (-0.36574933, -0.033955626, -0.009420314), (-0.36596662, -0.059432372, -0.011190539), (-0.36615255, -0.06879514, 0.01486129), (-0.36642322, -0.08171206, 0.0015205651), (-0.3657588, 0.08234111, 0.080819435), (-0.36576307, 0.08220255, 0.12632442), (-0.36543643, 0.08479703, 0.004440276), (-0.36548743, 0.08473683, 0.04338023), (-0.36570543, 0.0845606, 0.08020833), (-0.36569446, 0.0845349, 0.11502974), (-0.36537853, 0.084770866, -0.039113317), (-0.36539063, 0.08475776, -0.06427867), (-0.3656498, 0.0845568, -0.091439895), (-0.36824945, 0.08162362, -0.49860084), (-0.36952496, 0.06846985, 0.49537158), (-0.36961344, 0.036698304, 0.495734), (-0.36959055, -0.0053485823, 0.49571612), (-0.36949837, -0.042569067, 0.49551308), (-0.36936167, -0.06813088, 0.49857533), (-0.36561424, 0.0844904, 0.14261582), (-0.36941805, -0.08134616, 0.49868363), (-0.3698268, 0.077958934, 0.4986465), (-0.3697553, 0.068306416, 0.49859825), (-0.36979154, 0.012398192, 0.49856666), (-0.36968186, -0.044245075, 0.4985806), (-0.3698016, 0.081932135, 0.49570584), (-0.3697647, 0.082006976, 0.4987043), (-0.36780256, -0.06479483, -0.49887428), (-0.3678662, 0.08161717, -0.49926436), (-0.36786637, 0.0487339, -0.4988598), (-0.3677302, -0.08099231, -0.49880219), (-0.36784568, -0.033052795, -0.49877658), (-0.36786386, -0.008954918, -0.49886224), (-0.3678624, 0.021847008, -0.49880537), (-0.3684265, -0.081559606, 0.4997033), (-0.3685101, -0.07186714, 0.49947742), (0.0023032168, 0.051395457, 0.49927807), (-0.022906268, 0.028689578, 0.49926072), (-0.035425097, 0.054224912, 0.49925387), (0.0147760995, 0.007009016, 0.499279), (-0.03604943, 0.011628841, 0.49922913), (-0.054220896, 0.03048104, 0.49922833), (-0.058647014, 0.015751276, 0.49918705), (-0.077270016, 0.030422306, 0.4991816), (-0.037286177, -0.011675437, 0.4992148), (-0.063000545, -0.010639566, 0.4991599), (-0.057939224, -0.030642552, 0.49917576), (-0.072611585, -0.039259754, 0.4991479), (-0.06344649, -0.06004142, 0.49921408), (-0.09762399, -0.03753115, 0.49912003), (-0.07649931, -0.002680919, 0.4991283), (-0.08907434, -0.022132454, 0.49910176), (-0.10440944, -0.009480268, 0.49911508), (-0.07264678, 0.016820481, 0.49915263), (-0.10224775, 0.021831028, 0.4991695), (-0.09186317, 0.041249543, 0.49919552), (-0.07779796, 0.058324512, 0.4992261), (-0.057512198, 0.051001284, 0.4992279), (-0.05197458, 0.072083704, 0.49927062), (-0.018219696, 0.0720053, 0.49927396), (-0.048547696, 0.07825518, 0.49931815), (-0.102321886, 0.07202913, 0.4992924), (-0.10405103, 0.057661455, 0.49923205), (-0.12673248, 0.055153303, 0.4992353), (-0.109358996, 0.03836436, 0.4992011), (-0.12323832, 0.02500271, 0.49917725), (-0.144888, 0.015702527, 0.49919462), (-0.1380717, 0.004562665, 0.49915263), (-0.15145521, 0.0017611725, 0.49914184), (-0.09552871, 0.0068455953, 0.4991275), (-0.11997955, -0.019609824, 0.49909893), (-0.13442384, -0.041907042, 0.49909076), (-0.16528668, -0.036772143, 0.49906716), (-0.1700917, -0.06417823, 0.49906704), (-0.14672521, -0.008426415, 0.4990946), (-0.1432658, -0.01886391, 0.49906936), (-0.16908716, -0.019347236, 0.49907824), (-0.1548806, 0.017255226, 0.49917302), (-0.14821438, 0.043175686, 0.49921754), (-0.16053683, 0.033170927, 0.49915373), (-0.24868183, -0.008859459, 0.49911326), (-0.22991575, -0.018571123, 0.49909875), (-0.25024536, -0.03433944, 0.49909317), (-0.17097312, 0.002091412, 0.49912095), (-0.19731371, -0.021433657, 0.49908662), (-0.2111576, -0.0018703301, 0.49912184), (-0.22776824, -0.035553005, 0.49909088), (-0.20951329, -0.044866983, 0.4990719), (-0.23454253, -0.052336372, 0.49907956), (-0.25548497, -0.060204357, 0.4990486), (-0.20297794, -0.06401763, 0.4990389), (-0.22425485, -0.0676952, 0.4990634), (-0.23130907, -0.08141113, 0.49908856), (-0.24554934, -0.06949779, 0.4990492), (-0.26060346, -0.026948126, 0.49910852), (-0.24328044, 0.013797297, 0.49916747), (-0.24126455, 0.0016227186, 0.49914497), (-0.21022442, 0.012374989, 0.49915436), (-0.18854648, 0.030905208, 0.49915284), (-0.21968351, 0.03223564, 0.49917373), (-0.18078636, 0.054068033, 0.49917746), (-0.16122875, 0.056311343, 0.4991803), (-0.15331475, 0.056898996, 0.4992052), (-0.14073765, 0.05405397, 0.49924368), (-0.13923666, 0.0711007, 0.4992687), (-0.12519522, 0.07790605, 0.49935418), (-0.15125388, 0.07839084, 0.49928737), (-0.15343651, 0.08213825, 0.49937415), (-0.19997369, 0.08215675, 0.49936962), (-0.22547251, 0.07829374, 0.49925557), (-0.22766116, 0.08215463, 0.4993469), (-0.26272473, 0.07817703, 0.49920684), (-0.26452652, 0.08213785, 0.4992993), (-0.28190577, 0.07778337, 0.49931905), (-0.2815456, 0.08213606, 0.49945146), (-0.30747154, 0.08215421, 0.49938467), (-0.3009329, 0.0778468, 0.49927133), (-0.34385818, 0.078759745, 0.49941605), (-0.34585673, 0.082061134, 0.49950224), (-0.36561862, 0.07716176, 0.4994079), (-0.36516845, 0.082103804, 0.499486), (-0.16324537, 0.071870394, 0.4992557), (-0.19642025, 0.07196816, 0.49923015), (-0.17275563, 0.07789972, 0.49932006), (-0.21407908, 0.05374378, 0.49918202), (-0.23468499, 0.07148801, 0.49920028), (-0.24023627, 0.042056806, 0.49917847), (-0.26089987, 0.05570103, 0.4991825), (-0.26370135, 0.023392802, 0.49916303), (-0.2699662, 0.045542452, 0.49918693), (-0.27004674, -0.011174467, 0.49915385), (-0.27642676, 0.0063053495, 0.4991803), (-0.29171824, 0.05801208, 0.49920058), (-0.28218025, 0.0398185, 0.49920338), (-0.29169208, 0.022631716, 0.49919716), (-0.2893634, -0.0083408635, 0.49919048), (-0.2811209, -0.034517, 0.49914497), (-0.26710936, -0.048165094, 0.49909955), (-0.28252044, -0.05803658, 0.4990735), (-0.29614264, -0.06682994, 0.49908915), (-0.30354372, -0.053375855, 0.49911872), (-0.27461645, -0.07103308, 0.49905565), (-0.29755703, -0.077461064, 0.49912104), (-0.26919574, -0.081628, 0.49910057), (-0.29979268, -0.08182307, 0.49916294), (-0.32093003, -0.07099851, 0.4992485), (-0.3283988, -0.07709505, 0.49930927), (-0.34205037, -0.07206116, 0.49935883), (-0.30663088, -0.06478685, 0.49913415), (-0.317398, -0.052130252, 0.49922147), (-0.30985975, -0.028470397, 0.49920815), (-0.32782757, -0.032129742, 0.4993218), (-0.33087367, 0.013375332, 0.4993573), (-0.34316942, -0.011872532, 0.49938032), (-0.3398795, 0.016135274, 0.49936882), (-0.32127434, 0.046415407, 0.4993036), (-0.31981665, 0.0012266714, 0.4993014), (-0.30108896, -0.0049183303, 0.4991942), (-0.29860312, -0.040197626, 0.49914435), (-0.30247065, 0.044866774, 0.4992051), (-0.27239624, 0.06877078, 0.49919653), (-0.29788214, 0.07001931, 0.4992145), (-0.31031755, 0.038514305, 0.49923912), (-0.32281727, 0.071426935, 0.49930462), (-0.33688527, 0.047744937, 0.49934933), (-0.34647658, 0.06432186, 0.4993902), (-0.34680852, 0.027433414, 0.49938235), (-0.35696098, 0.05188339, 0.49941403), (-0.36873806, 0.047557745, 0.49947187), (-0.36871612, 0.07046452, 0.49944046), (-0.35374343, 0.015688254, 0.4994217), (-0.36561686, 0.03484636, 0.49942645), (-0.3687166, 0.0075330324, 0.49942794), (-0.3656001, -0.019718122, 0.49941364), (-0.3686716, -0.049672313, 0.4994317), (-0.36858025, -0.059098843, 0.49941918), (-0.3531574, -0.03282325, 0.49939424), (-0.35832933, 0.0013168894, 0.49942565), (-0.33806983, -0.03133566, 0.49935097), (-0.3447635, -0.054293144, 0.49936527), (-0.33411804, -0.061903127, 0.49931854), (-0.3571699, -0.081715666, 0.49943352), (-0.36495054, -0.08163582, 0.49953565), (-0.33009282, -0.08164603, 0.49936488), (-0.17513664, 0.082133554, 0.49945158), (-0.2552579, -0.07743569, 0.4990532), (0.022586603, 0.072028495, 0.4992902), (-0.0054507777, 0.07821799, 0.49930978), (-0.004790358, 0.082148135, 0.49938002), (-0.050840523, 0.08211885, 0.49940243), (-0.097010545, 0.08210863, 0.4994646), (-0.12903883, 0.08213637, 0.49945086), (0.04606176, 0.07841235, 0.4993354), (0.040746573, 0.08210558, 0.49940625), (0.07157491, 0.0820885, 0.49951234), (0.099315606, 0.0782738, 0.4994314), (0.12510808, 0.08208272, 0.49957228), (0.15055044, 0.07825318, 0.49951425), (0.15267064, 0.08203188, 0.4996288), (0.1823876, 0.082040556, 0.4996393), (0.18626787, 0.07815801, 0.4995626), (0.2042742, 0.08203031, 0.49978846), (0.20485154, 0.07807635, 0.4996527), (0.22862151, 0.07816821, 0.49962568), (0.22821383, 0.08205386, 0.49973506), (0.26264223, 0.082000084, 0.4997712), (0.2598755, 0.07808954, 0.4996492), (0.29984254, 0.07812887, 0.49969327), (0.29893398, 0.082041025, 0.4998049), (0.32130212, 0.082119204, 0.49971932), (0.3313082, 0.07838643, 0.49961415), (0.3377391, 0.08210183, 0.4997486), (0.34694907, 0.07818092, 0.49969542), (0.36299852, 0.08213277, 0.499847), (0.36333904, 0.07786524, 0.49974495), (0.06472598, 0.07207105, 0.49932712), (0.10663191, 0.072074495, 0.49939093), (0.143595, 0.0715179, 0.49946642), (0.14894755, 0.047112964, 0.49948025), (0.12676145, 0.051254123, 0.4994337), (0.11580927, 0.026391525, 0.49942857), (0.0935841, 0.049208824, 0.49938497), (0.106467396, 0.061768763, 0.49938256), (0.060687155, 0.06016767, 0.49930817), (0.07714461, 0.036902923, 0.49937436), (0.0594365, 0.033550255, 0.49931744), (0.03780169, 0.056019526, 0.49928212), (0.019254597, 0.032529563, 0.49929), (0.03230145, 0.0145221455, 0.49927908), (0.053820994, -0.00076753256, 0.49930847), (0.01720206, -0.008762104, 0.49924186), (-0.008583583, -0.007379676, 0.4992357), (-0.020218, 0.0007199983, 0.49924368), (-0.026035776, -0.021674685, 0.499204), (-0.044358153, -0.03960046, 0.49922237), (-0.031102762, -0.06078869, 0.4992453), (-0.05968091, -0.07239643, 0.49925992), (-0.08946044, -0.059283517, 0.49919966), (-0.12673824, -0.056844983, 0.49913254), (-0.15393566, -0.07114409, 0.49912134), (-0.17584798, -0.077538334, 0.49908924), (-0.18991256, -0.06676702, 0.49904102), (-0.18288377, -0.05379651, 0.499062), (-0.20210184, -0.08137268, 0.49905756), (-0.16398159, -0.08161762, 0.49916726), (-0.120405264, -0.08165312, 0.49929282), (-0.14130655, -0.07747268, 0.4991818), (-0.11186812, -0.0773499, 0.49924034), (-0.12831852, -0.06925883, 0.49917847), (-0.10072113, -0.071020745, 0.49923235), (-0.07071704, -0.07725432, 0.4992581), (-0.040054854, -0.07723238, 0.49926707), (-0.0715226, -0.081893384, 0.49930343), (-0.019524904, -0.07415566, 0.4992476), (0.014913148, -0.08167149, 0.49933663), (0.011562103, -0.077406116, 0.49929565), (0.012176521, -0.07015844, 0.49929827), (-0.01481797, -0.051738996, 0.4992579), (0.0052292557, -0.05395771, 0.49929252), (0.03911647, -0.051420927, 0.49929968), (0.00687163, -0.04002099, 0.49926335), (0.029652542, -0.03123695, 0.4992483), (-0.015059907, -0.031244485, 0.49922287), (0.015443968, -0.018972728, 0.49921966), (0.04886575, -0.026005961, 0.49926385), (0.04757542, -0.010879705, 0.49926406), (0.06844759, -0.01212341, 0.4993467), (0.08253628, -0.0153680835, 0.4994007), (0.07477738, 0.01526195, 0.49937022), (0.06110669, 0.008088708, 0.49931955), (0.04265303, 0.022105388, 0.49928284), (0.09115402, 0.00079141004, 0.4994004), (0.12331032, -0.0051916083, 0.49942806), (0.15631865, 0.0022904677, 0.49946216), (0.15390307, -0.023704264, 0.49944773), (0.11998827, -0.039472003, 0.49943614), (0.09981895, -0.024721673, 0.4994202), (0.11038634, -0.058677707, 0.4994448), (0.08476175, -0.062316194, 0.49943694), (0.07401773, -0.033201452, 0.49938163), (0.059013408, -0.04990948, 0.49933752), (0.061799806, -0.06989061, 0.4993886), (0.07606775, -0.07737715, 0.49947116), (0.050554436, -0.07776553, 0.4993449), (0.05283661, -0.0811013, 0.49939486), (0.08298209, -0.08173407, 0.4995655), (0.1098777, -0.07749506, 0.49949417), (0.15449671, -0.077356964, 0.4994995), (0.11236604, -0.071523815, 0.49948224), (0.14243814, -0.068916015, 0.4994786), (0.1476854, -0.05105176, 0.4994655), (0.157589, -0.06936535, 0.49950165), (0.16312002, -0.05156558, 0.499475), (0.17504916, -0.043945357, 0.49949095), (0.18328176, -0.02100007, 0.4994965), (0.18122295, -0.002666313, 0.49949852), (0.19785936, -0.00045817177, 0.49954525), (0.1842647, 0.04799193, 0.4995422), (0.20206222, 0.029647002, 0.49955744), (0.20167461, 0.05130211, 0.4995719), (0.21890216, 0.04924949, 0.49957895), (0.21902673, 0.066276684, 0.4995837), (0.19312654, 0.06657944, 0.49958196), (0.24719363, 0.07123778, 0.49960285), (0.24156591, 0.057134103, 0.49957338), (0.26769337, 0.061749652, 0.49957845), (0.28185946, 0.07166751, 0.49963605), (0.31392664, 0.07146187, 0.49963343), (0.34205508, 0.07121722, 0.49962536), (0.3494949, 0.04628588, 0.4996415), (0.34131983, 0.05168328, 0.49961084), (0.3305747, 0.058922578, 0.49961415), (0.33163255, 0.02698214, 0.49960428), (0.31850722, 0.058407165, 0.49963647), (0.2959991, 0.061069977, 0.49961153), (0.31557932, 0.031449296, 0.49962133), (0.29681912, 0.04537657, 0.49958733), (0.2761655, 0.03921239, 0.49955362), (0.2606492, 0.05043694, 0.49955067), (0.25924936, 0.016048715, 0.49953726), (0.25125876, 0.038071238, 0.49955785), (0.24301259, 0.02747324, 0.49956137), (0.22268695, 0.021346062, 0.4995641), (0.23898248, -0.0008303934, 0.4995527), (0.21545526, 0.0010070932, 0.49955693), (0.22399123, -0.02175421, 0.49956432), (0.20733282, -0.029756457, 0.4995538), (0.23354764, -0.04477106, 0.49957743), (0.24789767, -0.03382909, 0.49957803), (0.24880484, -0.052618183, 0.49958158), (0.2267109, -0.06286611, 0.49956492), (0.21665885, -0.054931387, 0.49956813), (0.20436195, -0.06613298, 0.49954703), (0.1891422, -0.051776182, 0.4995337), (0.18763661, -0.07286314, 0.49953514), (0.17562397, -0.062939875, 0.49950546), (0.19092834, -0.07739752, 0.49952567), (0.17366917, -0.08169331, 0.4995404), (0.14733993, -0.08159782, 0.49955168), (0.20018607, -0.082042925, 0.49958763), (0.2221216, -0.08113013, 0.49953866), (0.2318253, -0.075301535, 0.49956098), (0.25256112, -0.07410668, 0.49957117), (0.25898692, -0.06167791, 0.49956512), (0.2790954, -0.0578565, 0.4995744), (0.26189062, -0.03344413, 0.4995722), (0.29280594, -0.04292146, 0.49959266), (0.27318606, -0.024834387, 0.4995773), (0.27376175, -0.0033026831, 0.49954847), (0.24741812, -0.01616067, 0.4995513), (0.27702236, 0.020785587, 0.49954343), (0.29788962, 0.001534667, 0.499564), (0.2996305, 0.023948602, 0.49957722), (0.3061802, -0.024982072, 0.49960166), (0.28837767, -0.018269692, 0.49957126), (0.31904787, -0.05105238, 0.4996195), (0.3256244, -0.02098039, 0.4995973), (0.3247504, 0.0041003316, 0.49959922), (0.34013253, -0.003914263, 0.49958742), (0.34222025, -0.039645758, 0.49959448), (0.33058232, -0.0518831, 0.49961224), (0.33706233, -0.06481668, 0.49961993), (0.32698947, -0.076901585, 0.49964535), (0.29360542, -0.07330948, 0.4995857), (0.3003883, -0.06281391, 0.49958652), (0.28893635, -0.08006684, 0.49955502), (0.27238226, -0.08151761, 0.49953786), (0.3475498, -0.073484614, 0.49967805), (0.34815663, -0.05402259, 0.49963143), (0.36454833, -0.06922289, 0.4997592), (0.357338, -0.04512923, 0.49965897), (0.34719795, -0.00906448, 0.49960184), (0.35728025, -0.007756436, 0.49965665), (0.35659215, 0.0409661, 0.4996728), (0.36465457, 0.06800457, 0.49974325), (0.36464486, -0.010092666, 0.49971005), (0.36466032, -0.0468387, 0.4997065), (0.3644001, -0.07740883, 0.49971074), (0.34940478, -0.077663444, 0.49964818), (0.36410072, -0.08179905, 0.49975243), (0.17396523, 0.028656013, 0.49950546), (0.36822718, -0.07568439, 0.4998045), (0.36812457, -0.046621334, 0.49978817), (0.36815727, 0.01885301, 0.4998145), (0.3682177, -0.08163523, 0.49989665), (-0.36861566, 0.082083665, 0.49959165), (0.36808488, 0.08208161, 0.5), (0.36806124, 0.06866334, 0.49983105), (0.36803734, 0.046258736, 0.49985367), (0.06516974, 0.032758873, -0.49831516), (0.06092279, 0.046755176, -0.4983897), (0.051789485, 0.03725316, -0.49836177), (0.03745218, 0.037683584, -0.4984476), (0.08200111, 0.049211673, -0.49840206), (0.07318815, 0.059268933, -0.4985089), (0.053996116, 0.051208626, -0.49845996), (0.026768709, 0.043840677, -0.4985686), (0.03678997, 0.054334387, -0.49864003), (0.016585963, 0.054709397, -0.49880794), (0.003253908, 0.045313805, -0.49872985), (0.010190542, 0.07338382, -0.49925274), (0.037724957, 0.06373952, -0.49882165), (0.032093026, 0.07286692, -0.49909458), (0.013650332, 0.07836148, -0.49939606), (-0.017109005, 0.077938065, -0.49933714), (0.048125166, 0.07800919, -0.49916977), (0.05304181, 0.07154497, -0.4988964), (0.071329474, 0.07845193, -0.49890304), (0.057912387, 0.05927925, -0.49856457), (0.08096752, 0.078441285, -0.49884024), (0.0769224, 0.08170298, -0.4989767), (0.1189746, 0.08171971, -0.4989758), (0.120812096, 0.07834689, -0.4988247), (0.14961854, 0.08172776, -0.49885595), (0.17545383, 0.078040354, -0.4986392), (0.17597045, 0.08173069, -0.4988095), (0.1946888, 0.07828537, -0.4984643), (0.08779381, 0.06915651, -0.49866235), (0.08804297, 0.059241828, -0.49849913), (0.10574789, 0.06520228, -0.49859664), (0.11504794, 0.05516527, -0.4984362), (0.10561847, 0.04577204, -0.49838698), (0.08797125, 0.03724807, -0.49835575), (0.119910456, 0.040403873, -0.498331), (0.10385311, 0.022126019, -0.49837527), (0.12419844, 0.014952013, -0.49833602), (0.13318293, 0.026698314, -0.49826533), (0.14479813, 0.0162112, -0.4982328), (0.15418102, 0.010090101, -0.49823427), (0.13724759, 0.0015794333, -0.49829963), (0.17641747, -0.00849161, -0.49812928), (0.14887358, -0.014200181, -0.4982302), (0.11517623, 0.008124124, -0.49837005), (0.15169631, 0.032927893, -0.49818364), (0.16629878, 0.020306865, -0.49822217), (0.1809511, 0.017451597, -0.49823534), (0.1652954, 0.003957168, -0.4982227), (0.17930144, 0.0029599918, -0.4981888), (0.20607944, 0.007001615, -0.4981227), (0.20939559, -0.012062645, -0.49802187), (0.20086719, -0.019650543, -0.49803516), (0.18445107, -0.015004164, -0.4980899), (0.17979954, -0.022895508, -0.49810994), (0.19374733, -0.03447017, -0.49801657), (0.17596051, -0.03562263, -0.49807733), (0.16311474, -0.024869652, -0.4981517), (0.21036579, -0.040405676, -0.49798003), (0.19475193, -0.04574622, -0.49800393), (0.1653509, -0.047004342, -0.49808848), (0.19391574, -0.05722251, -0.49803188), (0.17209414, -0.06360931, -0.49810392), (0.19825302, -0.06939674, -0.4980739), (0.17088662, -0.07318873, -0.4981479), (0.18021092, -0.07757352, -0.4981274), (0.14154525, -0.07757789, -0.49815238), (0.13558653, -0.07314474, -0.49815875), (0.09267873, -0.07313454, -0.49812496), (0.10216773, -0.077567585, -0.49812734), (0.12036297, -0.081185475, -0.49818322), (0.17259945, -0.08122379, -0.49818066), (0.20579691, -0.081237964, -0.49809805), (0.052299142, -0.07729717, -0.49804023), (0.054830134, -0.08115478, -0.4980791), (0.021923173, -0.07762511, -0.49809733), (-0.0023545139, -0.08111256, -0.49813333), (-0.008134128, -0.077595815, -0.49809766), (-0.03816268, -0.08107202, -0.49810374), (0.132056, -0.06626056, -0.4981245), (0.22554283, -0.07201358, -0.49810338), (0.24252611, -0.08143376, -0.49815995), (0.24580453, -0.07534053, -0.49812126), (0.26038936, -0.08125923, -0.49809048), (0.27919748, -0.074263796, -0.49808252), (0.3021618, -0.081351765, -0.49812773), (0.30194056, -0.07538965, -0.49811554), (0.30216336, -0.066117145, -0.49807933), (0.27581596, -0.05976366, -0.49804494), (0.25085065, -0.066023, -0.49807277), (0.261748, -0.04901589, -0.49803376), (0.22943442, -0.0559593, -0.49803504), (0.2104287, -0.0640904, -0.4980401), (0.23506124, -0.038035005, -0.4980289), (0.21901356, -0.02660195, -0.49800223), (0.2358419, -0.024514645, -0.49806282), (0.2378069, -0.01021618, -0.49807757), (0.21577875, -0.005232338, -0.4980466), (0.22862361, 0.007620442, -0.49811566), (0.21603164, 0.029042616, -0.49815232), (0.20069802, 0.017396428, -0.4981797), (0.20114887, 0.030395428, -0.49820122), (0.18328246, 0.03544525, -0.4982373), (0.19671667, 0.040582884, -0.49819243), (0.17223446, 0.041320495, -0.49821094), (0.1964822, 0.051261257, -0.4981843), (0.17258045, 0.054100674, -0.4982422), (0.15437013, 0.043239493, -0.49819133), (0.14195384, 0.03936503, -0.49820632), (0.1461873, 0.04912125, -0.49824685), (0.13828143, 0.055103537, -0.49834016), (0.12395013, 0.06702034, -0.498589), (0.14921735, 0.06752243, -0.49849254), (0.16870947, 0.07173102, -0.4985161), (0.17443016, 0.062272746, -0.498331), (0.15603669, 0.05914615, -0.49832463), (0.20187706, 0.059720375, -0.4982244), (0.20652185, 0.069036715, -0.49831814), (0.22386673, 0.070651434, -0.49834514), (0.21502885, 0.07818315, -0.49842483), (0.24747053, 0.07819066, -0.49842203), (0.25859043, 0.072496004, -0.4983657), (0.25629753, 0.06176477, -0.4982401), (0.28386647, 0.07051871, -0.49834847), (0.28108445, 0.07821357, -0.49842724), (0.31242853, 0.0782456, -0.4984463), (0.3135231, 0.06754055, -0.4983185), (0.30152577, 0.059147343, -0.4982011), (0.32147262, 0.05417454, -0.4981729), (0.33615357, 0.059242155, -0.49826923), (0.33212242, 0.071016796, -0.49839962), (0.34751675, 0.07123279, -0.49848437), (0.34962958, 0.061269943, -0.49838993), (0.34647372, 0.053197328, -0.49829805), (0.36030513, 0.056532532, -0.4984254), (0.35773998, 0.043192346, -0.4983645), (0.3451921, 0.043387, -0.4982512), (0.34730056, 0.030137124, -0.4982769), (0.333449, 0.03949151, -0.49815607), (0.33756325, 0.014916023, -0.49818075), (0.35235947, 0.010289626, -0.4983287), (0.35365835, -0.014603536, -0.49827814), (0.3416846, -0.022510968, -0.49815455), (0.35019675, -0.039596032, -0.49820885), (0.36043757, -0.02446469, -0.49829865), (0.3646055, -0.030614246, -0.49827737), (0.34954768, -0.05667153, -0.49823081), (0.35980904, -0.07707699, -0.4983461), (0.35022995, -0.0712298, -0.49827948), (0.33870304, -0.08125363, -0.4982636), (0.35936806, -0.081310906, -0.49838573), (0.36455956, -0.0813495, -0.49835655), (0.33214954, -0.073289245, -0.498227), (0.32898545, -0.06685778, -0.4981696), (0.3322914, -0.053128086, -0.4981175), (0.31156346, -0.05006008, -0.49804416), (0.3300726, -0.039864175, -0.49807456), (0.30165496, -0.040621143, -0.49801615), (0.31663963, -0.020940542, -0.49804547), (0.29548922, -0.026060862, -0.49802944), (0.271615, -0.03694337, -0.49804243), (0.2561097, -0.0235717, -0.49810624), (0.2704077, -0.023241363, -0.49809194), (0.2744515, -0.0077369516, -0.49809977), (0.25878727, -0.0039174045, -0.498111), (0.2417129, 0.004370605, -0.4981227), (0.2650022, 0.012364219, -0.49813432), (0.26261225, 0.024151424, -0.4981789), (0.24448816, 0.027588703, -0.49818859), (0.26359272, 0.037038915, -0.4981509), (0.23218144, 0.033592157, -0.4981656), (0.21481772, 0.045348227, -0.49815577), (0.22147116, 0.052178513, -0.49817923), (0.2623471, 0.053628635, -0.49816716), (0.26378855, 0.04667227, -0.49813876), (0.2955738, 0.03333102, -0.49810088), (0.27954218, 0.029419111, -0.49814355), (0.28815, 0.015202152, -0.4981175), (0.29966974, 0.0013799419, -0.49805784), (0.3174442, 0.015814912, -0.49808368), (0.32871327, -0.009083729, -0.4981039), (0.31906566, 0.039799836, -0.49810073), (0.30667275, 0.047707003, -0.498119), (0.3329646, 0.04825075, -0.49817854), (0.36753973, -0.031382512, -0.4983194), (0.36761978, -0.081365265, -0.4984194), (0.3675456, 0.015425385, -0.49844232), (0.36473057, 0.016291695, -0.49840358), (0.3675567, 0.047977675, -0.49838927), (0.3649172, 0.0509707, -0.49837017), (0.35826114, 0.027656667, -0.49838334), (0.36045054, 0.006689421, -0.49837977), (0.36112088, 0.0777125, -0.49867663), (0.36754012, 0.06863406, -0.4985936), (0.3674918, 0.07783589, -0.49865222), (0.3601837, 0.0817528, -0.49875918), (0.34362215, 0.07822992, -0.4984936), (0.34262016, 0.08175485, -0.49855182), (0.2609165, 0.081724115, -0.49847892), (0.24121736, 0.0818105, -0.49853787), (0.20046547, 0.08175581, -0.4985087), (0.3059802, 0.08181582, -0.49855888), (0.18391384, 0.07066127, -0.498426), (0.14797746, -0.055454735, -0.49810633), (0.076738335, 0.019610055, -0.4983077), (0.08804916, 0.02276741, -0.49834827), (0.122324385, -0.00076270726, -0.4983151), (0.14271367, -0.045956843, -0.4981382), (0.15195401, -0.031545434, -0.49818867), (0.13507809, -0.038615588, -0.49818832), (0.13480332, -0.021883456, -0.4982507), (0.12530234, -0.029691277, -0.49818632), (0.12568815, -0.014691168, -0.49823946), (0.11280308, -0.01458707, -0.49821076), (0.107535586, -0.0023552913, -0.4982889), (0.10018956, 0.008166658, -0.49836868), (0.0784527, 0.0034643838, -0.4982674), (0.09318949, -0.015398692, -0.49819827), (0.07966224, -0.0077791354, -0.4981929), (0.07472103, -0.023425598, -0.49813673), (0.104901865, -0.03396682, -0.49815652), (0.08593497, -0.039881468, -0.49812907), (0.118150435, -0.032971617, -0.49815226), (0.11347808, -0.057006806, -0.49811137), (0.06306626, -0.0710152, -0.49806243), (0.09127795, -0.061692588, -0.49810055), (0.064824045, -0.054572813, -0.4980596), (0.06863868, -0.038355634, -0.4980793), (0.055986673, -0.039065715, -0.49804777), (0.03681278, -0.034152906, -0.49814287), (0.032641742, -0.01271428, -0.49822366), (0.021111945, -0.030042632, -0.4982247), (0.013889729, -0.0064936574, -0.49834654), (0.029569773, 0.0031800605, -0.49833703), (0.005437524, 0.013447188, -0.498495), (0.05155384, -0.017816857, -0.49810988), (0.045719747, -0.03111362, -0.49808946), (0.059959676, -0.024032148, -0.4980834), (0.058323383, -0.005842099, -0.49816948), (0.057210807, 0.0067244447, -0.498255), (0.04289661, -0.0042448333, -0.49821284), (0.052771416, 0.016604673, -0.49828923), (0.04304999, 0.02215257, -0.49834862), (0.0256982, 0.0175523, -0.49842355), (0.01480185, 0.03208888, -0.4985694), (0.000020375239, 0.030419758, -0.49862358), (0.0035150694, 0.060294256, -0.49896443), (-0.041949943, 0.066580676, -0.49905357), (-0.04727327, 0.07324309, -0.49922454), (-0.056408767, 0.061960917, -0.49906832), (-0.023221837, 0.06973094, -0.49910367), (-0.07154124, 0.0729441, -0.49945715), (-0.056167144, 0.05279496, -0.498895), (-0.037858814, 0.054300543, -0.49880117), (-0.04007518, 0.044554748, -0.4986385), (-0.015482006, 0.044556573, -0.4987122), (-0.015291358, 0.060773812, -0.49893028), (-0.012217777, 0.02743311, -0.4986018), (-0.026875667, 0.03135037, -0.49859646), (-0.024493545, 0.017644418, -0.49850664), (-0.00996577, 0.005393785, -0.4984306), (0.0014075959, -0.025653599, -0.49824655), (-0.013881684, -0.01421766, -0.49830174), (-0.033119075, 0.0036771118, -0.49836138), (-0.035547636, -0.015148597, -0.49827003), (-0.046980783, 0.00439687, -0.49835908), (-0.04601037, -0.007915611, -0.4982885), (-0.042513918, 0.025452247, -0.49852982), (-0.060428858, 0.008919753, -0.4984812), (-0.07013343, 0.01619392, -0.49864626), (-0.08493687, 0.0041404925, -0.498598), (-0.108348474, 0.019597765, -0.4988627), (-0.108234465, 0.0018301823, -0.4986652), (-0.102968335, -0.008314225, -0.498547), (-0.12214597, 0.008033822, -0.49880216), (-0.09941436, 0.033487618, -0.49890566), (-0.11696019, 0.029369604, -0.49897075), (-0.13309152, 0.015818236, -0.4989547), (-0.11748475, 0.043032035, -0.4990483), (-0.13852729, 0.046474442, -0.49916524), (-0.13609079, 0.025054475, -0.4990341), (-0.12756951, 0.05693238, -0.49927413), (-0.1590651, 0.06011676, -0.49934852), (-0.15916885, 0.04464586, -0.49914008), (-0.10626764, 0.055650033, -0.49917704), (-0.082195066, 0.030530078, -0.4988565), (-0.086187534, 0.019203236, -0.4987761), (-0.06355661, 0.027244262, -0.4987121), (-0.07552317, 0.042495303, -0.49891272), (-0.100392185, 0.043064434, -0.4989699), (-0.07674673, 0.056635067, -0.49913535), (-0.090876915, 0.056347273, -0.49915665), (-0.08439616, 0.06929571, -0.49942383), (-0.10608568, 0.06978397, -0.49943572), (-0.13298781, 0.07083224, -0.49952394), (-0.07871823, 0.07799628, -0.49964675), (-0.11525954, 0.07785162, -0.4996449), (-0.1769145, 0.048205882, -0.49917722), (-0.18065947, 0.062269773, -0.49935892), (-0.19306926, 0.057298157, -0.49925745), (-0.14388612, 0.031247327, -0.49907172), (-0.12708926, -0.0061814594, -0.49866688), (-0.08269068, -0.012579599, -0.49847418), (-0.06438686, -0.015291573, -0.49835396), (-0.060455903, -0.002929013, -0.49837697), (-0.055735547, -0.043224238, -0.49825555), (-0.059459712, -0.026292296, -0.49830288), (-0.031246299, -0.03580943, -0.49822527), (-0.045703128, -0.026835294, -0.49824798), (-0.014194731, -0.04570211, -0.49817848), (0.00414257, -0.054850023, -0.49818754), (0.021080036, -0.05071443, -0.49820876), (0.012738194, -0.037396148, -0.49822602), (0.03336199, -0.064414464, -0.498114), (0.033040322, -0.049431995, -0.4981593), (0.04666097, -0.07104926, -0.49806026), (0.04766389, -0.05326578, -0.49806646), (-0.039458938, -0.07538858, -0.49810886), (-0.08319882, -0.077632315, -0.49817607), (-0.08626353, -0.08105256, -0.49821702), (-0.10185726, -0.081109814, -0.49832398), (-0.0037127666, -0.07323144, -0.4981311), (0.017065246, -0.0688661, -0.49815086), (-0.0111057935, -0.06585533, -0.49812478), (-0.024602432, -0.057534877, -0.49813908), (-0.037395492, -0.06586442, -0.49812806), (-0.05512262, -0.06082177, -0.4981718), (-0.07483048, -0.044293687, -0.49831894), (-0.07333196, -0.059772585, -0.49822307), (-0.09702904, -0.049857643, -0.49837127), (-0.06957175, -0.071131214, -0.4981764), (-0.08936968, -0.06732691, -0.49826676), (-0.09275543, -0.034291334, -0.49840412), (-0.10841974, -0.020808581, -0.49847165), (-0.11154136, -0.039608326, -0.4984181), (-0.121615484, -0.036676753, -0.49845314), (-0.12972532, -0.02495188, -0.49852797), (-0.14929278, -0.019502833, -0.49859846), (-0.14647824, -0.03692457, -0.4984764), (-0.116243474, -0.061464738, -0.49837863), (-0.13543774, -0.046215985, -0.4984479), (-0.13032314, -0.063359365, -0.49836597), (-0.1032884, -0.07693287, -0.49832144), (-0.10775781, -0.04692339, -0.49841464), (-0.17032081, -0.07764633, -0.49818254), (-0.13344571, -0.07338283, -0.49830046), (-0.16917528, -0.06948824, -0.49829352), (-0.15316294, -0.06549365, -0.4983324), (-0.15916932, -0.05462804, -0.49842522), (-0.15369128, -0.04518406, -0.4984647), (-0.17095028, -0.03259468, -0.49854264), (-0.19159818, -0.019088088, -0.49863824), (-0.21039666, -0.018119205, -0.49866495), (-0.1927385, -0.04043433, -0.49853423), (-0.14160585, -0.00118027, -0.49879724), (-0.16166608, -0.006750885, -0.49877524), (-0.1883395, -0.005624549, -0.49878672), (-0.21319048, -0.00494869, -0.4988069), (-0.14780101, 0.009044741, -0.4989403), (-0.16847563, 0.007885678, -0.498927), (-0.19737169, 0.014147351, -0.49899274), (-0.22082672, 0.009698762, -0.49898058), (-0.23294108, 0.0032783425, -0.4989459), (-0.20725453, 0.021355495, -0.49905393), (-0.15299594, 0.019642679, -0.49902552), (-0.16954727, 0.021686278, -0.49901438), (-0.15935537, 0.035349187, -0.49906465), (-0.1781638, 0.028539449, -0.4990397), (-0.18650365, 0.04195013, -0.4991058), (-0.20188022, 0.032426104, -0.49907246), (-0.21746586, 0.043159094, -0.49912202), (-0.20909198, 0.058856193, -0.49926448), (-0.23134856, 0.05691784, -0.49924842), (-0.20898946, 0.07177686, -0.4994302), (-0.23128934, 0.07173078, -0.4994267), (-0.19774067, 0.07841414, -0.49958917), (-0.23998567, 0.07809032, -0.4995566), (-0.26048446, 0.06110192, -0.4992258), (-0.25267592, 0.07278665, -0.4993906), (-0.2800101, 0.06816103, -0.49924567), (-0.27317804, 0.0536098, -0.49911046), (-0.276553, 0.03787593, -0.4989896), (-0.28122193, 0.04600426, -0.4990272), (-0.24872987, 0.044287395, -0.4991129), (-0.2278596, 0.030937761, -0.4991045), (-0.24363132, 0.026681758, -0.4990783), (-0.23300381, 0.020021552, -0.49908644), (-0.22780842, -0.016639596, -0.49874198), (-0.21384697, -0.036224514, -0.49859208), (-0.22923893, -0.024696188, -0.49870235), (-0.24166386, -0.03661407, -0.49872616), (-0.228131, -0.053102344, -0.49862352), (-0.24456169, -0.059339322, -0.49866503), (-0.2613278, -0.038308904, -0.49879435), (-0.25769272, -0.023498867, -0.49881753), (-0.25978658, -0.0125511605, -0.49886185), (-0.28192478, 0.0034764798, -0.4988987), (-0.29936785, -0.030907175, -0.498851), (-0.2819427, -0.034298792, -0.4988386), (-0.29766697, -0.048574362, -0.49880698), (-0.24651696, 0.0083196135, -0.4989747), (-0.25974068, 0.0052041337, -0.49891767), (-0.25950378, 0.02924796, -0.49901098), (-0.2753601, 0.017065937, -0.49892393), (-0.3062377, 0.04348008, -0.49896634), (-0.30519277, 0.030920854, -0.4989407), (-0.30382383, 0.055891704, -0.49907303), (-0.33154508, 0.04607109, -0.49892753), (-0.34847185, 0.054701425, -0.49898034), (-0.3444586, 0.041678574, -0.49890792), (-0.3241308, 0.01748998, -0.49891493), (-0.32358846, 0.034214314, -0.4989251), (-0.3385298, 0.028801607, -0.49888662), (-0.3091571, 0.0088379765, -0.4988977), (-0.31880566, 0.00030576662, -0.49888572), (-0.2972579, -0.0099520255, -0.4988649), (-0.31612077, -0.013450088, -0.4988738), (-0.33780012, 0.0068493816, -0.49890253), (-0.3350475, -0.018801473, -0.4989242), (-0.32322192, -0.035748776, -0.4988757), (-0.32293808, -0.051370263, -0.49887303), (-0.2944149, -0.05660427, -0.49876115), (-0.281513, -0.065343, -0.49864274), (-0.30235496, -0.06703698, -0.49867), (-0.25450286, -0.06735622, -0.4986071), (-0.26944536, -0.058561392, -0.4987084), (-0.22694151, -0.06538072, -0.4985743), (-0.19734824, -0.060128346, -0.49848562), (-0.18180916, -0.06277435, -0.49840498), (-0.18905686, -0.07683921, -0.4983316), (-0.19552685, -0.081031054, -0.49834564), (-0.24077226, -0.080941856, -0.49850735), (-0.23819678, -0.07343591, -0.49857283), (-0.2968633, -0.0732644, -0.49856952), (-0.23838148, -0.07730248, -0.49851054), (-0.31592554, -0.064144745, -0.498796), (-0.31828645, -0.07561728, -0.4987308), (-0.32833895, -0.0735654, -0.49883488), (-0.33307734, -0.06019053, -0.49888608), (-0.34201154, -0.06593101, -0.49887192), (-0.3571953, -0.074626654, -0.49892965), (-0.36562133, -0.06582294, -0.49898693), (-0.3653947, -0.08107923, -0.49901477), (-0.34310114, -0.047564417, -0.4989126), (-0.35396358, -0.03257789, -0.49894074), (-0.3577327, -0.05115277, -0.49894702), (-0.3485667, -0.0044724764, -0.49895912), (-0.34917572, 0.020024305, -0.49891338), (-0.35615292, -0.002816151, -0.49896595), (-0.35883534, 0.03665319, -0.4989165), (-0.36566937, 0.048286453, -0.49894878), (-0.36572516, 0.020140564, -0.49888924), (-0.36566186, -0.008789745, -0.49894443), (-0.3656112, -0.032452445, -0.4988707), (-0.33223778, -0.081060976, -0.49878016), (-0.35077307, -0.08101263, -0.4989081), (-0.36003107, -0.0811057, -0.4990471), (-0.3079087, -0.081096895, -0.49857697), (-0.29635695, -0.077655956, -0.49848717), (-0.282932, -0.08103286, -0.49845138), (-0.26686937, -0.048853956, -0.4987664), (-0.32109725, 0.06816404, -0.49914938), (-0.33712023, 0.07772064, -0.49921417), (-0.35133734, 0.06784943, -0.49914473), (-0.36572498, 0.07552361, -0.49928963), (-0.35518515, 0.077793166, -0.49934953), (-0.36561278, 0.08185261, -0.49950412), (-0.3387666, 0.081835106, -0.49932897), (-0.32303977, 0.07948877, -0.49922836), (-0.32098308, 0.081816554, -0.49928406), (-0.30636626, 0.07766408, -0.4993268), (-0.2804308, 0.078163244, -0.49938273), (-0.20519938, -0.045028903, -0.4985373), (-0.16995053, -0.08094651, -0.49819112), (-0.12342927, -0.077629544, -0.49826592), (-0.19506094, 0.06970673, -0.49940833), (-0.1824364, 0.0718896, -0.499517), (-0.16126713, 0.07295448, -0.499607), (-0.13541655, 0.078237556, -0.49975556), (-0.1683449, 0.0782663, -0.49977997), (-0.03769861, 0.017357213, -0.49845994), (-0.051210303, 0.033552334, -0.49864453), (-0.048545364, 0.078380965, -0.49939865), (-0.029550428, 0.063506335, -0.4989663), (-0.30332237, 0.08182622, -0.49951428), (0.36736935, 0.08167736, -0.49880332), (-0.3585138, 0.08185417, -0.49954683), (-0.28124818, 0.08177358, -0.49951681), (-0.23662174, 0.08178766, -0.499763), (-0.19714047, 0.08178851, -0.49977368), (-0.17136495, 0.08171672, -0.5), (-0.07440993, 0.08174491, -0.4998622), (-0.12333101, 0.08171522, -0.49991825), (0.04957779, 0.08167995, -0.49943513), (0.014084771, 0.08167798, -0.49961105), (-0.008315865, 0.08172039, -0.4995588), (-0.05007989, 0.08172771, -0.49960294)]
}

