
mtllib cc8b4212.mtl
usemtl mesh

v 0.006901 -0.021823 0.122677
v 0.012760 -0.021815 0.118538
v 0.003732 -0.021820 0.119525
v 0.005419 -0.021830 0.117074
v -0.001473 -0.021823 0.117323
v 0.004265 -0.021835 0.114407
v 0.010472 -0.021830 0.115802
v 0.005937 -0.021831 0.112107
v 0.011666 -0.021815 0.108878
v 0.006899 -0.021820 0.108430
v 0.012201 -0.021810 0.105534
v 0.017585 -0.021772 0.103381
v 0.011535 -0.021806 0.101436
v 0.008859 -0.021814 0.103494
v 0.015512 -0.021784 0.101101
v 0.014409 -0.021781 0.096638
v 0.019455 -0.021752 0.096643
v 0.012732 -0.021820 0.113688
v 0.015157 -0.021794 0.109071
v 0.018927 -0.021756 0.106532
v 0.022289 -0.021736 0.101111
v 0.016320 -0.021796 0.115009
v 0.018637 -0.021761 0.110065
v 0.020794 -0.021755 0.113727
v 0.021753 -0.021736 0.109793
v 0.022382 -0.021729 0.105715
v 0.027387 -0.021720 0.106182
v 0.027147 -0.021727 0.101425
v 0.028868 -0.021723 0.110543
v 0.024209 -0.021726 0.108552
v 0.035154 -0.021730 0.112662
v 0.036848 -0.021714 0.107142
v 0.033592 -0.021718 0.104588
v 0.037005 -0.021722 0.101073
v 0.041808 -0.021713 0.101719
v 0.039975 -0.021727 0.096093
v 0.040441 -0.021714 0.108948
v 0.045852 -0.021709 0.107692
v 0.050888 -0.021716 0.103715
v 0.049032 -0.021714 0.098392
v 0.045362 -0.021716 0.098885
v 0.045234 -0.021723 0.092988
v 0.035188 -0.021731 0.094882
v 0.031534 -0.021724 0.098263
v 0.015318 -0.021775 0.091293
v 0.008492 -0.021806 0.098885
v 0.001059 -0.021821 0.105815
v -0.002049 -0.021826 0.111880
v -0.004804 -0.021822 0.107627
v -0.006113 -0.021825 0.115226
v -0.005108 -0.021819 0.120226
v -0.010242 -0.021821 0.116978
v -0.012940 -0.021811 0.120089
v -0.018833 -0.021815 0.128485
v -0.020665 -0.021780 0.119533
v -0.026201 -0.021787 0.122603
v -0.028247 -0.021779 0.119447
v -0.015724 -0.021807 0.116500
v -0.017975 -0.021814 0.110977
v -0.022988 -0.021793 0.116262
v -0.011628 -0.021823 0.111517
v -0.011840 -0.021822 0.106455
v -0.010413 -0.021820 0.103465
v -0.016827 -0.021824 0.104983
v -0.002440 -0.021819 0.101622
v -0.014556 -0.021810 0.099011
v -0.025505 -0.021829 0.104889
v -0.020478 -0.021824 0.102612
v -0.027441 -0.021819 0.101852
v -0.031852 -0.021815 0.105445
v -0.034664 -0.021808 0.102606
v -0.028427 -0.021815 0.107624
v -0.025301 -0.021807 0.112160
v -0.022294 -0.021824 0.107205
v -0.029144 -0.021797 0.115369
v -0.032664 -0.021801 0.112151
v -0.036470 -0.021785 0.116777
v -0.042185 -0.021777 0.117355
v -0.050964 -0.021785 0.116184
v -0.045933 -0.021794 0.109708
v -0.041542 -0.021791 0.111843
v -0.032954 -0.021804 0.108456
v -0.039248 -0.021802 0.106975
v -0.051949 -0.021785 0.112717
v -0.056561 -0.021798 0.121480
v -0.058439 -0.021796 0.114418
v -0.061772 -0.021820 0.116423
v -0.064292 -0.021820 0.113045
v -0.070124 -0.021835 0.114444
v -0.070261 -0.021829 0.109806
v -0.070567 -0.021843 0.118958
v -0.075582 -0.021840 0.112943
v -0.072507 -0.021852 0.125298
v -0.078915 -0.021862 0.124350
v -0.083166 -0.021884 0.134294
v -0.072705 -0.021860 0.132398
v -0.087000 -0.021901 0.138279
v -0.078198 -0.021880 0.140083
v -0.089579 -0.021908 0.143394
v -0.089967 -0.021907 0.139196
v -0.093087 -0.021904 0.132217
v -0.093828 -0.021915 0.143084
v -0.084083 -0.021884 0.130120
v -0.087741 -0.021895 0.124666
v -0.090368 -0.021898 0.126168
v -0.084574 -0.021882 0.123028
v -0.086005 -0.021874 0.115439
v -0.080469 -0.021859 0.116615
v -0.079679 -0.021848 0.110585
v -0.076838 -0.021845 0.105240
v -0.082036 -0.021862 0.103437
v -0.070831 -0.021837 0.104406
v -0.072682 -0.021849 0.099090
v -0.067388 -0.021841 0.097559
v -0.071588 -0.021853 0.094216
v -0.065596 -0.021820 0.106736
v -0.063427 -0.021824 0.097208
v -0.066854 -0.021844 0.091293
v -0.060088 -0.021820 0.092004
v -0.067270 -0.021854 0.088356
v -0.061084 -0.021801 0.106857
v -0.059260 -0.021795 0.101061
v -0.056586 -0.021800 0.094626
v -0.058172 -0.021828 0.088344
v -0.053002 -0.021799 0.091714
v -0.058341 -0.021779 0.107548
v -0.057300 -0.021773 0.103406
v -0.055611 -0.021780 0.099264
v -0.056211 -0.021777 0.110085
v -0.054661 -0.021774 0.103997
v -0.049370 -0.021795 0.105737
v -0.050443 -0.021796 0.101467
v -0.049073 -0.021800 0.096467
v -0.049872 -0.021803 0.091549
v -0.049645 -0.021825 0.086930
v -0.054042 -0.021831 0.086436
v -0.045440 -0.021820 0.089703
v -0.040075 -0.021830 0.086643
v -0.050847 -0.021855 0.084027
v -0.040874 -0.021819 0.089695
v -0.043470 -0.021807 0.096766
v -0.044773 -0.021806 0.102714
v -0.035697 -0.021801 0.098887
v -0.036166 -0.021806 0.094385
v -0.032570 -0.021817 0.088043
v -0.027570 -0.021802 0.092975
v -0.028102 -0.021805 0.099490
v -0.025387 -0.021799 0.096314
v -0.015575 -0.021806 0.094952
v -0.004753 -0.021813 0.097426
v -0.007011 -0.021815 0.092661
v 0.002080 -0.021811 0.096557
v 0.009144 -0.021798 0.093723
v 0.002951 -0.021806 0.092472
v 0.012811 -0.021795 0.088366
v 0.003585 -0.021810 0.089546
v 0.018501 -0.021761 0.088181
v 0.018339 -0.021775 0.084671
v 0.018933 -0.021786 0.080663
v 0.021638 -0.021765 0.077153
v 0.017782 -0.021804 0.075226
v 0.020914 -0.021771 0.072923
v 0.016127 -0.021829 0.071133
v 0.021031 -0.021777 0.067700
v 0.023449 -0.021760 0.072420
v 0.024064 -0.021766 0.067277
v 0.032042 -0.021762 0.071322
v 0.034394 -0.021763 0.067594
v 0.041941 -0.021760 0.073259
v 0.036113 -0.021761 0.073737
v 0.033828 -0.021757 0.075799
v 0.045704 -0.021758 0.075236
v 0.047555 -0.021760 0.078931
v 0.038299 -0.021753 0.079541
v 0.027067 -0.021758 0.077232
v 0.030838 -0.021744 0.080143
v 0.046362 -0.021744 0.081763
v 0.023429 -0.021750 0.082230
v 0.023251 -0.021736 0.091566
v 0.026154 -0.021732 0.087509
v 0.026507 -0.021726 0.095819
v 0.030200 -0.021729 0.085711
v 0.027327 -0.021745 0.081504
v 0.033519 -0.021728 0.091379
v 0.034030 -0.021737 0.085082
v 0.035674 -0.021748 0.083023
v 0.039528 -0.021747 0.084360
v 0.038672 -0.021754 0.081432
v 0.040819 -0.021731 0.090332
v 0.045431 -0.021730 0.085408
v 0.046526 -0.021720 0.088919
v 0.048588 -0.021720 0.086168
v 0.051333 -0.021748 0.082823
v 0.058498 -0.021773 0.079807
v 0.050207 -0.021769 0.076417
v 0.056876 -0.021751 0.085042
v 0.050521 -0.021718 0.090237
v 0.053814 -0.021727 0.092729
v 0.055126 -0.021732 0.098446
v 0.056475 -0.021737 0.090964
v 0.052203 -0.021731 0.086119
v 0.061966 -0.021744 0.095691
v 0.062315 -0.021745 0.089609
v 0.063987 -0.021763 0.084431
v 0.068911 -0.021751 0.093058
v 0.071361 -0.021762 0.087464
v 0.070042 -0.021788 0.077866
v 0.057975 -0.021780 0.076085
v 0.077814 -0.021802 0.077550
v 0.071343 -0.021792 0.072453
v 0.081159 -0.021777 0.086841
v 0.073765 -0.021786 0.081275
v 0.089009 -0.021790 0.087618
v 0.085282 -0.021806 0.083246
v 0.085191 -0.021825 0.078732
v 0.089709 -0.021832 0.080117
v 0.090027 -0.021842 0.074945
v 0.090442 -0.021811 0.084615
v 0.093488 -0.021821 0.083842
v 0.094355 -0.021849 0.078256
v 0.093470 -0.021845 0.074113
v 0.096475 -0.021874 0.078277
v 0.092367 -0.021793 0.089515
v 0.094947 -0.021816 0.086589
v 0.095089 -0.021810 0.091463
v 0.097522 -0.021843 0.087558
v 0.096645 -0.021859 0.068480
v 0.094925 -0.021837 0.066020
v 0.096363 -0.021823 0.052919
v 0.097513 -0.021842 0.060269
v 0.097498 -0.021833 0.049783
v 0.092749 -0.021797 0.052769
v 0.094933 -0.021807 0.053272
v 0.090176 -0.021813 0.059615
v 0.088830 -0.021792 0.050936
v 0.085641 -0.021806 0.061404
v 0.088943 -0.021832 0.068631
v 0.083308 -0.021813 0.069478
v 0.080007 -0.021789 0.064415
v 0.076281 -0.021797 0.070122
v 0.063090 -0.021784 0.072597
v 0.042617 -0.021761 0.069411
v 0.022173 -0.021763 0.064379
v 0.037025 -0.021760 0.064680
v 0.046923 -0.021761 0.069201
v 0.047215 -0.021761 0.064114
v 0.051447 -0.021770 0.066356
v 0.051822 -0.021774 0.070922
v 0.056733 -0.021782 0.066743
v 0.057066 -0.021785 0.070881
v 0.062461 -0.021785 0.066320
v 0.047514 -0.021762 0.063160
v 0.055540 -0.021772 0.064059
v 0.058101 -0.021779 0.063580
v 0.069893 -0.021784 0.064326
v 0.064957 -0.021787 0.060028
v 0.058991 -0.021782 0.053683
v 0.060329 -0.021769 0.049736
v 0.057023 -0.021769 0.052698
v 0.067436 -0.021776 0.053963
v 0.060636 -0.021783 0.056673
v 0.065375 -0.021763 0.049013
v 0.072274 -0.021760 0.049555
v 0.064874 -0.021751 0.044966
v 0.072424 -0.021777 0.058122
v 0.075044 -0.021783 0.064711
v 0.077556 -0.021776 0.056555
v 0.080749 -0.021781 0.057347
v 0.077525 -0.021767 0.050597
v 0.085132 -0.021790 0.053504
v 0.084680 -0.021774 0.046073
v 0.090259 -0.021778 0.044755
v 0.086586 -0.021771 0.039572
v 0.084351 -0.021757 0.034326
v 0.090067 -0.021765 0.034436
v 0.089809 -0.021750 0.029221
v 0.093494 -0.021769 0.033029
v 0.094309 -0.021760 0.024247
v 0.093929 -0.021781 0.041531
v 0.096365 -0.021804 0.039080
v 0.095804 -0.021793 0.033943
v 0.094944 -0.021772 0.028530
v 0.097476 -0.021821 0.033361
v 0.096647 -0.021794 0.027025
v 0.095281 -0.021748 0.016900
v 0.093137 -0.021731 0.017445
v 0.090831 -0.021744 0.024088
v 0.091187 -0.021725 0.016811
v 0.080084 -0.021741 0.030607
v 0.078678 -0.021756 0.038000
v 0.071109 -0.021751 0.043607
v 0.078391 -0.021760 0.043760
v 0.057041 -0.021756 0.047737
v 0.054149 -0.021754 0.049676
v 0.051448 -0.021756 0.050936
v 0.051941 -0.021746 0.053281
v 0.046941 -0.021746 0.051285
v 0.044549 -0.021742 0.056135
v 0.049307 -0.021738 0.054978
v 0.048932 -0.021736 0.059054
v 0.043691 -0.021748 0.061077
v 0.051567 -0.021750 0.062171
v 0.032981 -0.021759 0.062348
v 0.038496 -0.021743 0.059157
v 0.041078 -0.021742 0.055680
v 0.035640 -0.021748 0.054680
v 0.021772 -0.021771 0.063035
v 0.029659 -0.021752 0.058677
v 0.022974 -0.021757 0.058195
v 0.026743 -0.021756 0.054892
v 0.022294 -0.021764 0.048366
v 0.020986 -0.021768 0.058171
v 0.023219 -0.021763 0.051979
v 0.020413 -0.021779 0.053174
v 0.018778 -0.021791 0.056753
v 0.016393 -0.021829 0.066440
v 0.014641 -0.021841 0.076887
v 0.015634 -0.021815 0.082085
v 0.012556 -0.021846 0.081052
v 0.008834 -0.021844 0.083281
v 0.009363 -0.021861 0.080777
v 0.003834 -0.021829 0.085829
v 0.012123 -0.021816 0.085004
v -0.003456 -0.021823 0.088556
v -0.008007 -0.021842 0.084702
v -0.001412 -0.021864 0.082414
v 0.005406 -0.021875 0.079331
v -0.001490 -0.021874 0.080552
v 0.000321 -0.021881 0.077007
v 0.009692 -0.021875 0.074699
v 0.012563 -0.021865 0.073470
v 0.011804 -0.021877 0.064497
v 0.002296 -0.021884 0.070398
v 0.006698 -0.021885 0.067247
v -0.003213 -0.021893 0.065234
v -0.004321 -0.021887 0.070465
v 0.001825 -0.021879 0.074102
v -0.013149 -0.021886 0.073695
v -0.021375 -0.021882 0.076790
v -0.012007 -0.021879 0.078265
v -0.013905 -0.021866 0.081494
v -0.018869 -0.021853 0.083144
v -0.011913 -0.021822 0.088746
v -0.016425 -0.021807 0.092314
v -0.021556 -0.021816 0.088616
v -0.032310 -0.021835 0.084898
v -0.019406 -0.021833 0.085094
v -0.031556 -0.021861 0.082505
v -0.022720 -0.021871 0.081240
v -0.030055 -0.021880 0.079553
v -0.026856 -0.021885 0.075381
v -0.033413 -0.021897 0.074250
v -0.031119 -0.021897 0.070123
v -0.036786 -0.021905 0.068356
v -0.023151 -0.021893 0.069247
v -0.012359 -0.021891 0.069940
v -0.013934 -0.021900 0.064778
v -0.024558 -0.021901 0.063203
v -0.015981 -0.021900 0.062479
v -0.025408 -0.021891 0.061727
v 0.002367 -0.021894 0.063582
v -0.006581 -0.021903 0.063121
v -0.002081 -0.021892 0.061858
v 0.003915 -0.021888 0.060187
v -0.004131 -0.021892 0.058912
v 0.011645 -0.021885 0.063123
v 0.013994 -0.021847 0.060616
v 0.010411 -0.021877 0.058030
v 0.007418 -0.021879 0.056462
v 0.006377 -0.021893 0.052769
v 0.011972 -0.021900 0.050628
v 0.002982 -0.021886 0.055429
v -0.000277 -0.021888 0.057020
v -0.011357 -0.021894 0.060496
v -0.020611 -0.021885 0.060434
v -0.034802 -0.021901 0.062597
v -0.041859 -0.021908 0.063730
v -0.026197 -0.021900 0.064683
v -0.045871 -0.021905 0.059007
v -0.042666 -0.021890 0.055661
v -0.049581 -0.021906 0.055905
v -0.047021 -0.021898 0.053725
v -0.038690 -0.021896 0.061647
v -0.035392 -0.021887 0.059004
v -0.042160 -0.021898 0.060522
v -0.026169 -0.021887 0.058414
v -0.030999 -0.021887 0.057021
v -0.022139 -0.021885 0.057309
v -0.023935 -0.021890 0.054799
v -0.015923 -0.021890 0.056032
v -0.009293 -0.021895 0.055848
v -0.012526 -0.021903 0.052874
v -0.000827 -0.021892 0.053437
v 0.003234 -0.021910 0.050501
v 0.000735 -0.021916 0.048753
v 0.010438 -0.021914 0.047858
v 0.001937 -0.021923 0.046535
v 0.011357 -0.021921 0.044740
v 0.012907 -0.021900 0.046899
v 0.016768 -0.021827 0.051526
v 0.016627 -0.021841 0.047956
v 0.017526 -0.021842 0.045111
v 0.021956 -0.021786 0.045196
v 0.017489 -0.021828 0.041699
v 0.037839 -0.021747 0.049659
v 0.029341 -0.021765 0.046364
v 0.031011 -0.021769 0.044841
v 0.029487 -0.021762 0.042761
v 0.023168 -0.021769 0.042040
v 0.020683 -0.021780 0.039214
v 0.040608 -0.021754 0.047391
v 0.047159 -0.021762 0.046343
v 0.041011 -0.021765 0.044844
v 0.048572 -0.021743 0.043448
v 0.044864 -0.021745 0.042146
v 0.038363 -0.021752 0.041946
v 0.028486 -0.021753 0.040313
v 0.023118 -0.021762 0.037419
v 0.037894 -0.021743 0.039219
v 0.042530 -0.021738 0.036189
v 0.048989 -0.021723 0.036022
v 0.047756 -0.021730 0.033592
v 0.053724 -0.021713 0.039227
v 0.054435 -0.021721 0.032288
v 0.047326 -0.021733 0.028752
v 0.054625 -0.021723 0.027302
v 0.056807 -0.021716 0.025556
v 0.045247 -0.021734 0.026331
v 0.058090 -0.021732 0.028158
v 0.058500 -0.021737 0.023798
v 0.057011 -0.021714 0.042072
v 0.058696 -0.021745 0.045491
v 0.058105 -0.021731 0.036976
v 0.059393 -0.021742 0.031279
v 0.061006 -0.021742 0.035255
v 0.065676 -0.021750 0.039162
v 0.068683 -0.021741 0.032979
v 0.072940 -0.021744 0.035566
v 0.075864 -0.021731 0.028615
v 0.086038 -0.021742 0.025361
v 0.078726 -0.021733 0.023074
v 0.084499 -0.021734 0.019772
v 0.073312 -0.021730 0.015583
v 0.069221 -0.021734 0.028031
v 0.072241 -0.021728 0.022358
v 0.068852 -0.021732 0.022605
v 0.063542 -0.021743 0.026102
v 0.048730 -0.021741 0.021767
v 0.058101 -0.021738 0.020862
v 0.050936 -0.021750 0.019812
v 0.049379 -0.021739 0.023572
v 0.053459 -0.021739 0.022858
v 0.045199 -0.021736 0.024610
v 0.039797 -0.021744 0.027164
v 0.034267 -0.021744 0.029666
v 0.041485 -0.021743 0.031220
v 0.034708 -0.021746 0.035631
v 0.029552 -0.021744 0.034149
v 0.026810 -0.021753 0.037540
v 0.013884 -0.021882 0.042043
v 0.002708 -0.021921 0.044355
v -0.010056 -0.021924 0.046377
v 0.010518 -0.021907 0.041253
v 0.010448 -0.021900 0.033827
v 0.007945 -0.021900 0.036079
v 0.004999 -0.021904 0.026646
v 0.010931 -0.021895 0.027486
v 0.010473 -0.021891 0.024801
v 0.012636 -0.021886 0.032274
v 0.008672 -0.021907 0.028658
v 0.014753 -0.021853 0.027041
v 0.016836 -0.021824 0.023969
v 0.013765 -0.021871 0.036619
v 0.017210 -0.021825 0.034370
v 0.021279 -0.021776 0.033185
v 0.019418 -0.021796 0.028318
v 0.023413 -0.021760 0.029314
v 0.026356 -0.021752 0.033267
v 0.028551 -0.021746 0.028854
v 0.034299 -0.021742 0.025136
v 0.027788 -0.021743 0.026071
v 0.026472 -0.021748 0.024781
v 0.021566 -0.021761 0.025068
v 0.032322 -0.021754 0.023338
v 0.022494 -0.021764 0.023579
v 0.042376 -0.021751 0.023332
v 0.035057 -0.021755 0.022044
v 0.043840 -0.021757 0.020276
v 0.035590 -0.021767 0.019832
v 0.042828 -0.021771 0.017684
v 0.035186 -0.021777 0.015595
v 0.042690 -0.021776 0.014578
v 0.039856 -0.021780 0.011456
v 0.047899 -0.021767 0.010326
v 0.041868 -0.021793 0.008167
v 0.050369 -0.021768 0.007328
v 0.048869 -0.021760 0.016059
v 0.054018 -0.021744 0.009917
v 0.057268 -0.021736 0.013272
v 0.061531 -0.021735 0.010158
v 0.059549 -0.021754 0.006645
v 0.055818 -0.021744 0.017204
v 0.052397 -0.021746 0.013718
v 0.063460 -0.021737 0.020392
v 0.064203 -0.021731 0.014383
v 0.072923 -0.021729 0.011317
v 0.068705 -0.021744 0.007289
v 0.081855 -0.021728 0.014860
v 0.087590 -0.021721 0.015465
v 0.084562 -0.021720 0.011830
v 0.090640 -0.021717 0.011702
v 0.095003 -0.021726 0.011896
v 0.093710 -0.021750 0.005349
v 0.087175 -0.021729 0.008288
v 0.092538 -0.021750 0.004483
v 0.085540 -0.021747 0.005259
v 0.080674 -0.021740 0.007700
v 0.054150 -0.021762 0.006168
v 0.044357 -0.021812 0.004961
v 0.034579 -0.021795 0.008325
v 0.032402 -0.021778 0.011467
v 0.027582 -0.021777 0.014573
v 0.026410 -0.021780 0.011478
v 0.028660 -0.021766 0.019602
v 0.024352 -0.021774 0.018777
v 0.022483 -0.021761 0.021762
v 0.011122 -0.021892 0.021500
v 0.011028 -0.021899 0.023442
v 0.015572 -0.021852 0.018812
v 0.011252 -0.021897 0.018928
v 0.006744 -0.021907 0.019773
v 0.001590 -0.021905 0.021454
v -0.003722 -0.021910 0.026253
v 0.000140 -0.021914 0.028059
v -0.001850 -0.021916 0.030689
v 0.006653 -0.021905 0.031142
v -0.003299 -0.021915 0.033950
v 0.003059 -0.021905 0.035294
v -0.005769 -0.021915 0.038989
v -0.007374 -0.021923 0.043996
v 0.000397 -0.021913 0.041720
v -0.010870 -0.021915 0.048469
v -0.013944 -0.021913 0.051169
v -0.006704 -0.021914 0.051389
v -0.027185 -0.021913 0.051743
v -0.021991 -0.021914 0.050394
v -0.033241 -0.021910 0.049684
v -0.031101 -0.021891 0.053640
v -0.020889 -0.021902 0.052894
v -0.038082 -0.021882 0.055108
v -0.040146 -0.021885 0.053325
v -0.053602 -0.021920 0.053763
v -0.055425 -0.021932 0.056141
v -0.053271 -0.021915 0.056979
v -0.055774 -0.021935 0.061403
v -0.053824 -0.021911 0.060464
v -0.050922 -0.021915 0.063959
v -0.043621 -0.021908 0.068161
v -0.039130 -0.021905 0.073161
v -0.045211 -0.021905 0.073765
v -0.039099 -0.021897 0.077311
v -0.046270 -0.021879 0.081608
v -0.037387 -0.021878 0.080757
v -0.075561 -0.021868 0.089385
v -0.079858 -0.021867 0.094801
v -0.081156 -0.021882 0.089118
v -0.087168 -0.021901 0.090637
v -0.085734 -0.021909 0.087754
v -0.093654 -0.021900 0.089625
v -0.088461 -0.021900 0.095002
v -0.090925 -0.021945 0.084342
v -0.089905 -0.021915 0.087830
v -0.087674 -0.021965 0.082392
v -0.089957 -0.021998 0.075205
v -0.087670 -0.021995 0.078181
v -0.087790 -0.022000 0.065652
v -0.090991 -0.021999 0.066889
v -0.091136 -0.022004 0.048324
v -0.093096 -0.022002 0.051381
v -0.093705 -0.022010 0.041321
v -0.090848 -0.022009 0.038829
v -0.092274 -0.022012 0.031189
v -0.087471 -0.022004 0.031911
v -0.088180 -0.022005 0.045590
v -0.083465 -0.021985 0.045208
v -0.093399 -0.022002 0.063294
v -0.094845 -0.022012 0.053288
v -0.093704 -0.022002 0.071390
v -0.086771 -0.022001 0.054544
v -0.081744 -0.021977 0.075662
v -0.090165 -0.021988 0.079469
v -0.080467 -0.021964 0.078822
v -0.083606 -0.021926 0.084792
v -0.078159 -0.021893 0.086287
v -0.076909 -0.021926 0.082195
v -0.070417 -0.021902 0.083375
v -0.063983 -0.021865 0.085535
v -0.065304 -0.021907 0.081225
v -0.071385 -0.021938 0.078949
v -0.069666 -0.021940 0.076903
v -0.058529 -0.021889 0.081899
v -0.056892 -0.021914 0.078957
v -0.048405 -0.021905 0.078168
v -0.058314 -0.021922 0.076866
v -0.052177 -0.021920 0.071527
v -0.060475 -0.021924 0.073232
v -0.058421 -0.021930 0.068587
v -0.050501 -0.021918 0.067764
v -0.057008 -0.021936 0.063743
v -0.058394 -0.021944 0.057496
v -0.061885 -0.021945 0.061523
v -0.055199 -0.021933 0.051471
v -0.060935 -0.021942 0.051985
v -0.049109 -0.021918 0.052343
v -0.049131 -0.021919 0.049721
v -0.044796 -0.021913 0.049094
v -0.038197 -0.021900 0.051644
v -0.035335 -0.021917 0.047202
v -0.040051 -0.021919 0.045260
v -0.030263 -0.021915 0.045449
v -0.038312 -0.021904 0.042869
v -0.047855 -0.021911 0.043847
v -0.020959 -0.021913 0.048124
v -0.019551 -0.021915 0.045286
v -0.013567 -0.021916 0.043836
v -0.021282 -0.021900 0.043012
v -0.013400 -0.021908 0.039370
v -0.013020 -0.021913 0.033317
v -0.008683 -0.021919 0.034417
v -0.008000 -0.021923 0.028942
v -0.011705 -0.021916 0.027773
v -0.008530 -0.021911 0.025501
v -0.021341 -0.021895 0.032044
v -0.016630 -0.021901 0.034085
v -0.015963 -0.021901 0.027210
v -0.026435 -0.021889 0.038078
v -0.028535 -0.021893 0.033879
v -0.029519 -0.021898 0.042701
v -0.021677 -0.021893 0.040168
v -0.042502 -0.021894 0.040474
v -0.052916 -0.021921 0.045439
v -0.057598 -0.021927 0.047828
v -0.050722 -0.021926 0.047970
v -0.058588 -0.021905 0.043671
v -0.054072 -0.021902 0.042438
v -0.056891 -0.021903 0.038004
v -0.052386 -0.021895 0.038088
v -0.048552 -0.021891 0.038570
v -0.047065 -0.021889 0.034414
v -0.039179 -0.021891 0.038189
v -0.043266 -0.021888 0.032765
v -0.039601 -0.021885 0.033837
v -0.037830 -0.021878 0.028866
v -0.031299 -0.021891 0.028676
v -0.030142 -0.021883 0.026369
v -0.023661 -0.021894 0.028069
v -0.022671 -0.021889 0.024797
v -0.040116 -0.021875 0.026112
v -0.032609 -0.021882 0.024798
v -0.045250 -0.021890 0.024147
v -0.042538 -0.021895 0.022316
v -0.026699 -0.021898 0.022313
v -0.037265 -0.021900 0.020668
v -0.030479 -0.021905 0.019025
v -0.039245 -0.021908 0.015324
v -0.022053 -0.021898 0.023332
v -0.034491 -0.021894 0.023767
v -0.015877 -0.021899 0.021762
v -0.021908 -0.021902 0.019791
v -0.014763 -0.021902 0.023976
v -0.009717 -0.021915 0.023319
v 0.000200 -0.021908 0.024092
v -0.005049 -0.021911 0.022302
v -0.014294 -0.021913 0.016408
v -0.010757 -0.021913 0.015091
v -0.016056 -0.021902 0.013792
v -0.004076 -0.021910 0.019171
v -0.011497 -0.021914 0.019184
v -0.005179 -0.021902 0.012891
v -0.007752 -0.021913 0.010729
v 0.000719 -0.021905 0.014564
v -0.005589 -0.021906 0.016131
v 0.001475 -0.021909 0.011397
v 0.008129 -0.021898 0.011594
v 0.005865 -0.021918 0.008996
v 0.004720 -0.021905 0.015979
v 0.008680 -0.021903 0.016588
v 0.011502 -0.021890 0.014590
v 0.009758 -0.021909 0.008760
v 0.015787 -0.021851 0.015129
v 0.014358 -0.021872 0.009813
v 0.016388 -0.021864 0.007838
v 0.020784 -0.021816 0.008369
v 0.018353 -0.021865 0.005239
v 0.021346 -0.021791 0.017193
v 0.020921 -0.021798 0.011602
v 0.023053 -0.021784 0.013084
v 0.022980 -0.021801 0.008754
v 0.028845 -0.021795 0.008359
v 0.027088 -0.021822 0.005090
v 0.035796 -0.021821 0.004965
v 0.032319 -0.021834 0.003254
v 0.050309 -0.021787 0.004952
v 0.055570 -0.021779 0.003520
v 0.045200 -0.021822 0.003322
v 0.061896 -0.021770 0.004355
v 0.065796 -0.021766 0.003254
v 0.072714 -0.021756 0.004675
v 0.077727 -0.021757 0.003266
v 0.022696 -0.021842 0.003198
v 0.034028 -0.021855 0.002197
v 0.021726 -0.021862 0.002155
v 0.011105 -0.021952 0.004312
v 0.006074 -0.021941 0.005530
v 0.000863 -0.021929 0.007483
v -0.002733 -0.021912 0.010333
v -0.014088 -0.021904 0.011638
v -0.017274 -0.021904 0.018151
v -0.025153 -0.021906 0.016305
v -0.021310 -0.021902 0.015506
v -0.022255 -0.021904 0.010666
v -0.027024 -0.021902 0.014065
v -0.032203 -0.021903 0.014398
v -0.047099 -0.021906 0.019283
v -0.049344 -0.021905 0.022051
v -0.051113 -0.021920 0.019407
v -0.055717 -0.021926 0.022165
v -0.052569 -0.021916 0.023748
v -0.050572 -0.021895 0.025152
v -0.051431 -0.021894 0.027629
v -0.046345 -0.021883 0.027041
v -0.052512 -0.021899 0.032683
v -0.057197 -0.021907 0.030826
v -0.059742 -0.021919 0.035787
v -0.060032 -0.021919 0.027847
v -0.060938 -0.021928 0.042026
v -0.063043 -0.021935 0.037449
v -0.065151 -0.021941 0.042968
v -0.065801 -0.021939 0.036704
v -0.065508 -0.021942 0.050267
v -0.063708 -0.021945 0.057757
v -0.070987 -0.021949 0.057209
v -0.068688 -0.021940 0.067157
v -0.066000 -0.021939 0.064585
v -0.073301 -0.021951 0.070869
v -0.076817 -0.021955 0.062352
v -0.066673 -0.021934 0.073925
v -0.083683 -0.021986 0.068136
v -0.083558 -0.021985 0.057252
v -0.079713 -0.021966 0.065143
v -0.079480 -0.021964 0.054480
v -0.074570 -0.021954 0.053612
v -0.074227 -0.021954 0.045341
v -0.070531 -0.021950 0.043698
v -0.073217 -0.021955 0.038852
v -0.068327 -0.021940 0.028536
v -0.072274 -0.021947 0.032418
v -0.063433 -0.021931 0.030559
v -0.063560 -0.021932 0.023945
v -0.060318 -0.021932 0.023373
v -0.059886 -0.021935 0.019223
v -0.053066 -0.021927 0.017032
v -0.061535 -0.021934 0.014376
v -0.075651 -0.021950 0.031336
v -0.069568 -0.021941 0.020975
v -0.076396 -0.021948 0.021348
v -0.078728 -0.021961 0.038909
v -0.082402 -0.021979 0.036689
v -0.082715 -0.021978 0.026099
v -0.078939 -0.021951 0.017654
v -0.083588 -0.021975 0.018247
v -0.087045 -0.021998 0.020661
v -0.090320 -0.022008 0.024115
v -0.092257 -0.022004 0.020158
v -0.086833 -0.021983 0.015189
v -0.091951 -0.021989 0.015587
v -0.092050 -0.021985 0.011690
v -0.088066 -0.021984 0.010941
v -0.089725 -0.021993 0.006889
v -0.093857 -0.021997 0.008414
v -0.081950 -0.021955 0.010662
v -0.085538 -0.021978 0.007455
v -0.065148 -0.021936 0.008238
v -0.062916 -0.021944 0.005493
v -0.075489 -0.021940 0.006612
v -0.067714 -0.021949 0.004283
v -0.074873 -0.021937 0.012548
v -0.078372 -0.021941 0.010472
v -0.070739 -0.021935 0.014951
v -0.065078 -0.021932 0.011319
v -0.051900 -0.021920 0.011240
v -0.050595 -0.021930 0.006786
v -0.056194 -0.021954 0.004283
v -0.044610 -0.021907 0.013205
v -0.044547 -0.021908 0.010172
v -0.041253 -0.021919 0.006405
v -0.046293 -0.021935 0.004895
v -0.032423 -0.021902 0.010884
v -0.034659 -0.021913 0.007309
v -0.027514 -0.021923 0.006324
v -0.016259 -0.021911 0.009624
v -0.018331 -0.021929 0.006431
v -0.031992 -0.021938 0.004302
v -0.017602 -0.021956 0.004309
v -0.022958 -0.021949 0.003221
v -0.007834 -0.021926 0.008168
v -0.013140 -0.021945 0.005828
v -0.005375 -0.021953 0.004916
v -0.011132 -0.021970 0.004312
v 0.000041 -0.021951 0.004933
v -0.000931 -0.021964 0.003239
v -0.011534 -0.021978 0.003263
v -0.033776 -0.021937 0.003220
v -0.079373 -0.021947 0.004407
v -0.089912 -0.022000 0.004291
v -0.094966 -0.022002 0.016648
v -0.096484 -0.022032 0.030751
v -0.096484 -0.022016 0.017760
v -0.094849 -0.022022 0.035971
v -0.095405 -0.022019 0.027410
v -0.095410 -0.022015 0.062366
v -0.096217 -0.022030 0.065870
v -0.093493 -0.021990 0.079485
v -0.094849 -0.021980 0.082196
v -0.094844 -0.021912 0.096835
v -0.096293 -0.021932 0.089727
v -0.093710 -0.021889 0.103270
v -0.092095 -0.021898 0.095623
v -0.093715 -0.021878 0.109591
v -0.091137 -0.021881 0.104521
v -0.093709 -0.021886 0.113916
v -0.088039 -0.021871 0.109208
v -0.094255 -0.021907 0.120728
v -0.089680 -0.021886 0.116674
v -0.094836 -0.021919 0.133957
v -0.091255 -0.021922 0.146046
v -0.094093 -0.021950 0.148196
v -0.090622 -0.021957 0.149568
v -0.093951 -0.021987 0.151423
v -0.093881 -0.022021 0.157359
v -0.089773 -0.022015 0.156222
v -0.093529 -0.022032 0.164305
v -0.095938 -0.022034 0.158278
v -0.096481 -0.022048 0.167008
v -0.095668 -0.022055 0.172164
v -0.094386 -0.022058 0.178515
v -0.093606 -0.022047 0.172732
v -0.094102 -0.022078 0.181562
v -0.087551 -0.022081 0.181992
v -0.093699 -0.022124 0.186454
v -0.088973 -0.022110 0.184985
v -0.094175 -0.022141 0.191707
v -0.087777 -0.022129 0.187735
v -0.095653 -0.022150 0.199194
v -0.091268 -0.022137 0.194431
v -0.095934 -0.022159 0.208510
v -0.094414 -0.022156 0.205018
v -0.093944 -0.022150 0.213250
v -0.094663 -0.022159 0.216569
v -0.088938 -0.022159 0.217267
v -0.094806 -0.022179 0.222554
v -0.094435 -0.022186 0.228369
v -0.089162 -0.022174 0.221845
v -0.093221 -0.022206 0.254644
v -0.093636 -0.022203 0.248003
v -0.097468 -0.022221 0.248816
v -0.097529 -0.022222 0.255826
v -0.094798 -0.022208 0.258755
v -0.097466 -0.022227 0.261527
v -0.088655 -0.022220 0.258938
v -0.087076 -0.022247 0.261557
v -0.080342 -0.022249 0.259958
v -0.077830 -0.022236 0.256282
v -0.087832 -0.022216 0.255293
v -0.087649 -0.022208 0.249045
v -0.066015 -0.022287 0.260074
v -0.067177 -0.022265 0.257065
v -0.068790 -0.022248 0.252571
v -0.078815 -0.022224 0.250890
v -0.061610 -0.022272 0.253852
v -0.064476 -0.022252 0.248193
v -0.055754 -0.022294 0.257105
v -0.057220 -0.022276 0.251309
v -0.053994 -0.022306 0.259345
v -0.051567 -0.022283 0.251559
v -0.050869 -0.022339 0.261994
v -0.045465 -0.022312 0.259754
v -0.044400 -0.022295 0.256399
v -0.035344 -0.022313 0.258922
v -0.039745 -0.022337 0.261498
v -0.025915 -0.022341 0.261217
v -0.019072 -0.022337 0.259861
v -0.033349 -0.022308 0.257149
v -0.014300 -0.022381 0.262980
v -0.027251 -0.022380 0.263936
v -0.021424 -0.022435 0.265915
v -0.030720 -0.022429 0.265902
v -0.034371 -0.022387 0.264214
v -0.036196 -0.022440 0.265921
v -0.045298 -0.022369 0.263690
v -0.056066 -0.022368 0.264430
v -0.065307 -0.022327 0.262879
v -0.071142 -0.022340 0.264402
v -0.079249 -0.022297 0.262827
v -0.080437 -0.022336 0.265168
v -0.085967 -0.022330 0.265790
v -0.090380 -0.022270 0.263517
v -0.094262 -0.022305 0.265938
v -0.097482 -0.022282 0.265633
v -0.097473 -0.022256 0.263752
v -0.098009 -0.022193 0.259055
v -0.085658 -0.022337 0.266646
v -0.086827 -0.022322 0.266711
v -0.097476 -0.022290 0.266720
v -0.098027 -0.022281 0.266635
v -0.077811 -0.022367 0.265942
v -0.070265 -0.022354 0.265137
v -0.060907 -0.022396 0.265902
v -0.049602 -0.022428 0.265906
v -0.079120 -0.022368 0.266556
v -0.063430 -0.022391 0.266604
v -0.050300 -0.022428 0.266632
v -0.035635 -0.022440 0.266645
v -0.021071 -0.022439 0.266638
v -0.010956 -0.022473 0.266664
v -0.010660 -0.022470 0.265841
v 0.005998 -0.022460 0.266655
v 0.007174 -0.022453 0.265871
v 0.016536 -0.022462 0.266652
v 0.019159 -0.022456 0.265912
v 0.034355 -0.022445 0.265930
v 0.033789 -0.022445 0.266650
v 0.047050 -0.022428 0.265912
v 0.047761 -0.022422 0.266634
v 0.054955 -0.022397 0.265913
v 0.059739 -0.022378 0.266592
v 0.000871 -0.022384 0.263185
v 0.006778 -0.022417 0.264395
v 0.015737 -0.022412 0.264272
v 0.019507 -0.022378 0.263351
v 0.025388 -0.022405 0.264521
v 0.037418 -0.022365 0.263733
v 0.022000 -0.022357 0.262277
v 0.012887 -0.022363 0.261507
v 0.005197 -0.022364 0.261498
v -0.010946 -0.022361 0.261270
v -0.010107 -0.022341 0.258066
v 0.009144 -0.022340 0.258904
v 0.021977 -0.022329 0.259775
v 0.034892 -0.022341 0.262229
v 0.046569 -0.022358 0.263868
v 0.035630 -0.022388 0.264468
v 0.050642 -0.022355 0.264406
v 0.059346 -0.022339 0.264665
v 0.062681 -0.022353 0.265919
v -0.094805 -0.022193 0.237447
v -0.092102 -0.022190 0.238717
v -0.086409 -0.022196 0.239336
v -0.088756 -0.022186 0.230726
v -0.079568 -0.022209 0.241293
v -0.078257 -0.022198 0.228977
v -0.072583 -0.022233 0.248367
v -0.069763 -0.022224 0.241535
v -0.071660 -0.022208 0.232798
v -0.061937 -0.022247 0.244817
v -0.064328 -0.022218 0.233584
v -0.055983 -0.022259 0.244453
v -0.060728 -0.022241 0.239775
v -0.053627 -0.022255 0.241894
v -0.047359 -0.022279 0.251210
v -0.044661 -0.022259 0.244796
v -0.039527 -0.022282 0.251415
v -0.026456 -0.022298 0.252668
v -0.031090 -0.022287 0.250336
v -0.019285 -0.022326 0.257406
v -0.020980 -0.022289 0.247981
v -0.025343 -0.022271 0.243737
v -0.016213 -0.022320 0.253245
v -0.011130 -0.022321 0.250161
v -0.005757 -0.022337 0.256711
v -0.004467 -0.022321 0.249838
v 0.008097 -0.022334 0.256945
v 0.002197 -0.022316 0.248305
v 0.019065 -0.022323 0.257583
v 0.018370 -0.022314 0.253914
v 0.026694 -0.022307 0.256623
v 0.022270 -0.022291 0.248497
v 0.036361 -0.022305 0.258992
v 0.034780 -0.022290 0.255308
v 0.034664 -0.022324 0.260865
v 0.049107 -0.022288 0.258662
v 0.046492 -0.022274 0.256251
v 0.050679 -0.022320 0.262055
v 0.056376 -0.022260 0.257109
v 0.057155 -0.022310 0.262564
v 0.066136 -0.022253 0.261899
v 0.061939 -0.022243 0.258905
v 0.066094 -0.022307 0.264421
v 0.070266 -0.022339 0.266652
v 0.071924 -0.022323 0.265671
v 0.073287 -0.022241 0.263227
v 0.076972 -0.022174 0.260855
v 0.081885 -0.022194 0.263507
v 0.080191 -0.022301 0.265949
v 0.087571 -0.022225 0.265906
v 0.087089 -0.022184 0.264833
v 0.091997 -0.022171 0.264886
v 0.094908 -0.022228 0.266713
v 0.087439 -0.022247 0.266720
v 0.080478 -0.022310 0.266716
v 0.071234 -0.022327 0.266711
v 0.087299 -0.022144 0.263265
v 0.084697 -0.022132 0.260842
v 0.096583 -0.022114 0.264824
v 0.092981 -0.022133 0.263339
v 0.093256 -0.022096 0.260847
v 0.091595 -0.022088 0.258942
v 0.096637 -0.022089 0.263720
v 0.097515 -0.022081 0.262746
v -0.097475 -0.022197 0.233455
v -0.097470 -0.022188 0.225230
v -0.097488 -0.022170 0.218546
v -0.097467 -0.022150 0.215281
v -0.097479 -0.022172 0.207231
v -0.097488 -0.022154 0.193760
v -0.097494 -0.022158 0.188981
v -0.097470 -0.022138 0.185685
v -0.097447 -0.022070 0.180458
v -0.097446 -0.022058 0.167858
v -0.097465 -0.022041 0.154006
v -0.097416 -0.021958 0.146557
v -0.097422 -0.021946 0.143170
v -0.097391 -0.021948 0.136669
v -0.096484 -0.021937 0.127729
v -0.097407 -0.021953 0.119560
v -0.097420 -0.021959 0.129099
v -0.097339 -0.021921 0.111645
v -0.097322 -0.021925 0.104347
v -0.097383 -0.021954 0.097552
v -0.097372 -0.021956 0.088353
v -0.097310 -0.022049 0.078171
v -0.097311 -0.022046 0.069028
v -0.097302 -0.022040 0.058441
v -0.097315 -0.022045 0.052318
v -0.097282 -0.022041 0.046155
v -0.097283 -0.022052 0.037308
v -0.097282 -0.022042 0.021188
v -0.097303 -0.022021 0.011651
v -0.096112 -0.022020 0.004680
v -0.097273 -0.022032 0.003468
v -0.096422 -0.022006 0.003152
v -0.085566 -0.021994 0.003242
v -0.079240 -0.021941 0.003172
v -0.068724 -0.021946 0.003250
v -0.059684 -0.021952 0.003206
v -0.048131 -0.021944 0.003210
v -0.039439 -0.021955 0.001513
v -0.047516 -0.021970 0.001532
v -0.053067 -0.021979 0.001598
v -0.067053 -0.021979 0.001616
v -0.072009 -0.021969 0.001629
v -0.078992 -0.021968 0.001635
v -0.085192 -0.022014 0.002237
v -0.096458 -0.022024 0.002185
v -0.033903 -0.021964 0.001501
v -0.028678 -0.021965 0.001505
v -0.019414 -0.021986 0.001485
v -0.012255 -0.021997 0.002299
v -0.012876 -0.022024 0.001436
v -0.002215 -0.021990 0.002149
v 0.001546 -0.022020 0.001409
v 0.010611 -0.021987 0.002082
v 0.010462 -0.021959 0.003252
v 0.014903 -0.021924 0.003329
v 0.011853 -0.022004 0.001415
v -0.058309 -0.021903 0.025499
v 0.016904 -0.021945 0.001399
v 0.022272 -0.021890 0.001383
v 0.033573 -0.021886 0.001375
v 0.044304 -0.021847 0.002154
v 0.044737 -0.021873 0.001381
v 0.052443 -0.021796 0.002146
v 0.053606 -0.021812 0.001390
v 0.064347 -0.021779 0.002150
v 0.070415 -0.021787 0.001385
v 0.075736 -0.021769 0.002150
v 0.082998 -0.021791 0.001375
v 0.086424 -0.021764 0.002151
v 0.092594 -0.021773 0.001355
v 0.092606 -0.021748 0.002310
v 0.096216 -0.021770 0.002512
v 0.097388 -0.021815 0.001326
v -0.059950 -0.021929 0.045641
v -0.034911 -0.021888 0.032965
v -0.050172 -0.021913 0.075269
v -0.048798 -0.021916 0.063238
v -0.050577 -0.021914 0.060438
v 0.012745 -0.021866 0.066369
v 0.014313 -0.021842 0.057065
v 0.012212 -0.021878 0.052929
v 0.034420 -0.021751 0.050466
v 0.051822 -0.021754 0.047029
v 0.054855 -0.021726 0.043990
v 0.052184 -0.021731 0.044343
v 0.050776 -0.021719 0.040588
v 0.097482 -0.021762 0.013055
v 0.097494 -0.021788 0.006966
v 0.097525 -0.021802 0.002656
v 0.097508 -0.021791 0.018710
v 0.097492 -0.021803 0.023945
v 0.058782 -0.021772 0.059558
v 0.056729 -0.021743 0.054875
v 0.056892 -0.021748 0.059181
v 0.054092 -0.021739 0.060371
v 0.052266 -0.021731 0.056992
v 0.095526 -0.021796 0.045210
v 0.097484 -0.021890 0.071421
v 0.097503 -0.021894 0.079189
v 0.081459 -0.021813 0.075409
v 0.086039 -0.021831 0.074170
v 0.092378 -0.021828 0.065673
v -0.087175 -0.021887 0.100149
v -0.085062 -0.021889 0.094099
v -0.052409 -0.021782 0.106975
v 0.017380 -0.021790 0.118965
v 0.015454 -0.021804 0.122863
v 0.007373 -0.021833 0.125678
v 0.000597 -0.021838 0.126532
v 0.001253 -0.021860 0.131094
v -0.003961 -0.021856 0.133086
v -0.008891 -0.021840 0.127340
v -0.001300 -0.021829 0.123974
v -0.006676 -0.021830 0.123294
v -0.014339 -0.021816 0.122779
v -0.014633 -0.021831 0.128579
v -0.020772 -0.021829 0.134313
v -0.024868 -0.021813 0.130710
v -0.028367 -0.021821 0.134520
v -0.030777 -0.021799 0.129365
v -0.036978 -0.021815 0.132652
v -0.035422 -0.021801 0.130819
v -0.043673 -0.021800 0.129690
v -0.043257 -0.021821 0.133734
v -0.048900 -0.021821 0.133768
v -0.049379 -0.021801 0.129215
v -0.055247 -0.021822 0.132474
v -0.050360 -0.021829 0.139018
v -0.057292 -0.021836 0.139296
v -0.060068 -0.021844 0.136969
v -0.058431 -0.021825 0.130816
v -0.060322 -0.021828 0.126917
v -0.062638 -0.021849 0.132900
v -0.064120 -0.021839 0.123110
v -0.065697 -0.021850 0.132017
v -0.067473 -0.021865 0.137671
v -0.073777 -0.021869 0.136079
v -0.071073 -0.021874 0.141256
v -0.069305 -0.021876 0.144194
v -0.081379 -0.021891 0.143785
v -0.084347 -0.021908 0.145520
v -0.084559 -0.021932 0.147991
v -0.081384 -0.021956 0.150358
v -0.090303 -0.021997 0.153384
v -0.081165 -0.021998 0.153932
v -0.081236 -0.022018 0.156863
v -0.073023 -0.022013 0.155147
v -0.071564 -0.021965 0.151161
v -0.069147 -0.021912 0.147891
v -0.076467 -0.021901 0.146442
v -0.062564 -0.021863 0.144889
v -0.061278 -0.021851 0.142088
v -0.064227 -0.021861 0.140187
v -0.059129 -0.021855 0.145170
v -0.054758 -0.021833 0.141276
v -0.053807 -0.021840 0.143585
v -0.047375 -0.021830 0.143044
v -0.045007 -0.021832 0.140489
v -0.042215 -0.021826 0.137901
v -0.048252 -0.021847 0.145209
v -0.053036 -0.021861 0.145647
v -0.055468 -0.021873 0.146889
v -0.051796 -0.021924 0.149529
v -0.056009 -0.021913 0.149120
v -0.058686 -0.021892 0.148006
v -0.059805 -0.021984 0.152292
v -0.062614 -0.021897 0.147681
v -0.064112 -0.021949 0.150369
v -0.065384 -0.021999 0.153276
v -0.058982 -0.022030 0.155013
v -0.064314 -0.022027 0.155352
v -0.069525 -0.022028 0.156889
v -0.062552 -0.022042 0.157026
v -0.064176 -0.022046 0.161777
v -0.068985 -0.022039 0.164798
v -0.076336 -0.022025 0.161553
v -0.083944 -0.022023 0.161158
v -0.089784 -0.022022 0.160574
v -0.087237 -0.022033 0.166678
v -0.089645 -0.022048 0.173609
v -0.082603 -0.022046 0.173161
v -0.081002 -0.022032 0.167556
v -0.073632 -0.022035 0.166700
v -0.075019 -0.022047 0.174138
v -0.067773 -0.022051 0.173754
v -0.064136 -0.022047 0.170506
v -0.070916 -0.022055 0.177811
v -0.061783 -0.022059 0.178421
v -0.059090 -0.022057 0.173552
v -0.060658 -0.022055 0.166551
v -0.060005 -0.022054 0.160330
v -0.056970 -0.022057 0.165709
v -0.054089 -0.022058 0.159681
v -0.055555 -0.022045 0.156379
v -0.053595 -0.022008 0.153533
v -0.047868 -0.022020 0.155008
v -0.049488 -0.021968 0.151997
v -0.055367 -0.021966 0.151336
v -0.046152 -0.021929 0.150601
v -0.047607 -0.021891 0.148446
v -0.043829 -0.021865 0.147347
v -0.040557 -0.021833 0.144791
v -0.038080 -0.021867 0.147184
v -0.029758 -0.021838 0.144919
v -0.032064 -0.021817 0.140124
v -0.037513 -0.021819 0.141709
v -0.042424 -0.021823 0.143161
v -0.037640 -0.021819 0.136257
v -0.033071 -0.021815 0.136597
v -0.026940 -0.021830 0.138995
v -0.027100 -0.021839 0.142365
v -0.023091 -0.021843 0.141129
v -0.021749 -0.021830 0.137999
v -0.016899 -0.021833 0.136141
v -0.012421 -0.021846 0.135762
v -0.011863 -0.021847 0.131617
v -0.010121 -0.021862 0.138150
v -0.016219 -0.021846 0.139436
v -0.016309 -0.021860 0.142540
v -0.013668 -0.021868 0.144579
v -0.025903 -0.021842 0.144263
v -0.017026 -0.021868 0.146235
v -0.004011 -0.021884 0.145478
v -0.007909 -0.021873 0.141536
v -0.005337 -0.021856 0.136621
v -0.000931 -0.021851 0.135775
v 0.003156 -0.021860 0.135384
v 0.001935 -0.021861 0.138796
v -0.003393 -0.021861 0.139083
v 0.001900 -0.021872 0.142734
v 0.007766 -0.021874 0.142292
v 0.007620 -0.021865 0.137914
v 0.013262 -0.021860 0.141426
v 0.013439 -0.021850 0.134891
v 0.007503 -0.021866 0.134486
v 0.005073 -0.021866 0.132213
v 0.007412 -0.021854 0.129784
v 0.012469 -0.021855 0.132503
v 0.012430 -0.021836 0.127629
v 0.017740 -0.021814 0.127977
v 0.021523 -0.021793 0.126203
v 0.021286 -0.021776 0.121438
v 0.027305 -0.021775 0.123050
v 0.027587 -0.021773 0.120674
v 0.021980 -0.021765 0.117322
v 0.026707 -0.021744 0.114614
v 0.032109 -0.021739 0.114806
v 0.032577 -0.021760 0.118280
v 0.040462 -0.021748 0.117269
v 0.042240 -0.021722 0.112675
v 0.047698 -0.021727 0.114029
v 0.052526 -0.021716 0.111262
v 0.053707 -0.021723 0.106694
v 0.052621 -0.021717 0.099088
v 0.055053 -0.021734 0.103383
v 0.059880 -0.021751 0.103358
v 0.061875 -0.021746 0.100147
v 0.067049 -0.021747 0.099224
v 0.067811 -0.021750 0.104209
v 0.076731 -0.021758 0.096844
v 0.075380 -0.021760 0.090772
v 0.084507 -0.021772 0.092416
v 0.085846 -0.021775 0.099250
v 0.084016 -0.021772 0.105752
v 0.074304 -0.021753 0.104836
v 0.085794 -0.021774 0.111030
v 0.074591 -0.021749 0.109840
v 0.067326 -0.021748 0.108956
v 0.061289 -0.021752 0.107481
v 0.057799 -0.021747 0.106598
v 0.057206 -0.021741 0.111703
v 0.055592 -0.021730 0.109871
v 0.053778 -0.021735 0.114071
v 0.057518 -0.021770 0.115491
v 0.065371 -0.021751 0.111982
v 0.063123 -0.021767 0.114455
v 0.068818 -0.021775 0.115937
v 0.074367 -0.021757 0.113014
v 0.084309 -0.021782 0.113690
v 0.080291 -0.021786 0.115894
v 0.073966 -0.021784 0.117632
v 0.078752 -0.021802 0.120099
v 0.071276 -0.021811 0.123150
v 0.067261 -0.021809 0.120858
v 0.061709 -0.021812 0.119795
v 0.062461 -0.021834 0.125163
v 0.057265 -0.021833 0.122380
v 0.058060 -0.021855 0.130382
v 0.056277 -0.021851 0.130346
v 0.053912 -0.021825 0.123628
v 0.051880 -0.021827 0.130442
v 0.048774 -0.021792 0.122683
v 0.048063 -0.021807 0.132339
v 0.044694 -0.021779 0.123912
v 0.044837 -0.021785 0.127279
v 0.039414 -0.021772 0.125578
v 0.034652 -0.021766 0.121708
v 0.033200 -0.021771 0.123831
v 0.042553 -0.021772 0.121331
v 0.027445 -0.021784 0.125918
v 0.034375 -0.021792 0.128841
v 0.026719 -0.021808 0.130224
v 0.022058 -0.021816 0.131257
v 0.027853 -0.021822 0.133977
v 0.018786 -0.021834 0.133612
v 0.022453 -0.021832 0.136456
v 0.020100 -0.021836 0.139851
v 0.015734 -0.021843 0.137912
v 0.018238 -0.021847 0.143620
v 0.013663 -0.021869 0.145050
v 0.018450 -0.021864 0.146286
v 0.015401 -0.021897 0.148015
v 0.006600 -0.021885 0.146275
v 0.003666 -0.021912 0.149010
v -0.005636 -0.021915 0.149669
v -0.012572 -0.021933 0.152146
v -0.009389 -0.021942 0.153173
v -0.001740 -0.021953 0.153620
v -0.006227 -0.021959 0.156062
v -0.011142 -0.021973 0.158844
v -0.016271 -0.021969 0.154555
v -0.015745 -0.021983 0.157790
v -0.020971 -0.022003 0.158537
v -0.021146 -0.021982 0.154496
v -0.025842 -0.022001 0.155744
v -0.025819 -0.021973 0.153255
v -0.031467 -0.022006 0.154728
v -0.029054 -0.022028 0.158707
v -0.033058 -0.022032 0.158089
v -0.037834 -0.022021 0.155640
v -0.035703 -0.021989 0.153509
v -0.038958 -0.021946 0.151417
v -0.031353 -0.021948 0.151473
v -0.033690 -0.021868 0.147161
v -0.028741 -0.021896 0.148911
v -0.025525 -0.021865 0.147059
v -0.021387 -0.021918 0.150170
v -0.016955 -0.021897 0.148792
v -0.018729 -0.021952 0.152530
v -0.047943 -0.022041 0.157105
v -0.037595 -0.022040 0.157850
v -0.046743 -0.022051 0.159284
v -0.048223 -0.022059 0.162694
v -0.038753 -0.022056 0.162556
v -0.043942 -0.022058 0.166422
v -0.051480 -0.022053 0.169036
v -0.055724 -0.022060 0.172882
v -0.052473 -0.022054 0.174489
v -0.057011 -0.022075 0.180879
v -0.065040 -0.022087 0.182695
v -0.071211 -0.022074 0.180829
v -0.067102 -0.022119 0.186066
v -0.076438 -0.022102 0.183942
v -0.077073 -0.022130 0.187390
v -0.078679 -0.022141 0.190251
v -0.088701 -0.022137 0.189981
v -0.085316 -0.022140 0.195613
v -0.091326 -0.022144 0.200727
v -0.089856 -0.022147 0.208898
v -0.084381 -0.022143 0.206415
v -0.085576 -0.022147 0.213426
v -0.079233 -0.022161 0.216437
v -0.077018 -0.022146 0.211092
v -0.069668 -0.022173 0.216911
v -0.067712 -0.022157 0.210791
v -0.072114 -0.022150 0.206620
v -0.077042 -0.022142 0.202422
v -0.076413 -0.022142 0.194967
v -0.068626 -0.022143 0.192334
v -0.066113 -0.022133 0.188894
v -0.063480 -0.022142 0.194347
v -0.058977 -0.022141 0.192631
v -0.060374 -0.022109 0.185414
v -0.056411 -0.022129 0.187755
v -0.055562 -0.022112 0.185174
v -0.052195 -0.022076 0.181454
v -0.045107 -0.022050 0.177426
v -0.041610 -0.022063 0.179742
v -0.033878 -0.022044 0.177021
v -0.041342 -0.022044 0.175142
v -0.048893 -0.022049 0.173627
v -0.043116 -0.022050 0.171924
v -0.035834 -0.022046 0.172524
v -0.036180 -0.022061 0.166797
v -0.034370 -0.022051 0.169650
v -0.032031 -0.022050 0.163681
v -0.029801 -0.022042 0.166798
v -0.027810 -0.022044 0.165412
v -0.026137 -0.022037 0.163464
v -0.025552 -0.022022 0.160158
v -0.020852 -0.022025 0.163379
v -0.015518 -0.022004 0.161872
v -0.016129 -0.022017 0.165011
v -0.020536 -0.022023 0.166550
v -0.024956 -0.022029 0.167022
v -0.024909 -0.022026 0.171093
v -0.029264 -0.022036 0.172460
v -0.023323 -0.022032 0.172947
v -0.016951 -0.022021 0.168763
v -0.017255 -0.022037 0.173886
v -0.012686 -0.022030 0.170736
v -0.005866 -0.022026 0.168822
v -0.009717 -0.022010 0.164478
v -0.002840 -0.022008 0.163668
v -0.006594 -0.021981 0.160208
v -0.001495 -0.021981 0.159879
v 0.002073 -0.021971 0.155893
v 0.002050 -0.021996 0.160531
v 0.005741 -0.021996 0.159355
v 0.006643 -0.021964 0.153999
v 0.009593 -0.021942 0.151804
v 0.012698 -0.021982 0.154511
v 0.013628 -0.021937 0.150724
v 0.018319 -0.021966 0.151981
v 0.019734 -0.021906 0.148930
v 0.022430 -0.021954 0.151380
v 0.023297 -0.021879 0.147932
v 0.023381 -0.021846 0.145337
v 0.027101 -0.021860 0.147702
v 0.028725 -0.021835 0.145545
v 0.028426 -0.021826 0.142841
v 0.035211 -0.021843 0.146197
v 0.039558 -0.021816 0.142439
v 0.034440 -0.021816 0.140442
v 0.027087 -0.021826 0.138928
v 0.032217 -0.021811 0.136463
v 0.034881 -0.021807 0.133003
v 0.039087 -0.021804 0.134862
v 0.041343 -0.021799 0.131182
v 0.046246 -0.021804 0.133514
v 0.041886 -0.021805 0.137759
v 0.045676 -0.021813 0.141050
v 0.049459 -0.021827 0.139752
v 0.048200 -0.021834 0.144182
v 0.054323 -0.021858 0.138642
v 0.055142 -0.021873 0.143748
v 0.057731 -0.021883 0.144822
v 0.052021 -0.021875 0.146764
v 0.053557 -0.021919 0.149392
v 0.047965 -0.021887 0.148759
v 0.045593 -0.021845 0.146610
v 0.044619 -0.021933 0.151478
v 0.039803 -0.021873 0.147948
v 0.040514 -0.021948 0.151565
v 0.035141 -0.021921 0.150277
v 0.034266 -0.021972 0.152996
v 0.031137 -0.021901 0.149775
v 0.026465 -0.021951 0.152229
v 0.029583 -0.022003 0.155432
v 0.025982 -0.022019 0.157090
v 0.021635 -0.022025 0.155442
v 0.021564 -0.022040 0.158864
v 0.017751 -0.022035 0.159854
v 0.014584 -0.022010 0.158167
v 0.011007 -0.021996 0.159249
v 0.008688 -0.021984 0.158225
v 0.006258 -0.022019 0.163369
v 0.008595 -0.022026 0.166191
v 0.001667 -0.022019 0.164461
v 0.000360 -0.022020 0.167012
v 0.005345 -0.022031 0.170262
v -0.000573 -0.022044 0.174395
v -0.006541 -0.022046 0.173485
v -0.007519 -0.022051 0.176360
v -0.012821 -0.022045 0.176500
v -0.019839 -0.022038 0.177208
v -0.025480 -0.022037 0.176313
v -0.025278 -0.022047 0.179310
v -0.030117 -0.022066 0.181211
v -0.023721 -0.022078 0.182943
v -0.019202 -0.022050 0.179459
v -0.017549 -0.022074 0.181937
v -0.013740 -0.022061 0.179939
v -0.006806 -0.022063 0.179306
v -0.012681 -0.022101 0.183282
v -0.002451 -0.022098 0.182635
v -0.001808 -0.022058 0.178645
v 0.004172 -0.022050 0.176149
v 0.007575 -0.022056 0.178463
v 0.009613 -0.022043 0.175137
v 0.014645 -0.022050 0.171297
v 0.011532 -0.022038 0.169989
v 0.014700 -0.022031 0.164816
v 0.019738 -0.022055 0.167542
v 0.017577 -0.022049 0.165062
v 0.021452 -0.022056 0.163238
v 0.023337 -0.022060 0.166643
v 0.028983 -0.022055 0.166714
v 0.027742 -0.022048 0.162351
v 0.027868 -0.022038 0.159789
v 0.034569 -0.022037 0.159414
v 0.035217 -0.022050 0.162914
v 0.040899 -0.022032 0.159067
v 0.035675 -0.022022 0.156471
v 0.037901 -0.022004 0.154804
v 0.042432 -0.022019 0.157407
v 0.043743 -0.021999 0.155361
v 0.047862 -0.022028 0.159652
v 0.049247 -0.021995 0.155526
v 0.048642 -0.021946 0.151908
v 0.052484 -0.021966 0.153196
v 0.056710 -0.021988 0.153271
v 0.058019 -0.021962 0.150790
v 0.062522 -0.022006 0.153795
v 0.061819 -0.021957 0.150547
v 0.060966 -0.021907 0.147492
v 0.061671 -0.021881 0.145403
v 0.060498 -0.021868 0.143065
v 0.060135 -0.021859 0.137245
v 0.062028 -0.021845 0.130623
v 0.066666 -0.021837 0.131416
v 0.071756 -0.021821 0.129379
v 0.076527 -0.021816 0.125784
v 0.078636 -0.021831 0.131035
v 0.071179 -0.021842 0.135232
v 0.077061 -0.021854 0.136736
v 0.085595 -0.021861 0.136607
v 0.085724 -0.021834 0.129848
v 0.084484 -0.021823 0.125324
v 0.088817 -0.021825 0.124848
v 0.084630 -0.021814 0.120491
v 0.090781 -0.021810 0.116789
v 0.092413 -0.021797 0.112402
v 0.090877 -0.021785 0.106161
v 0.094530 -0.021810 0.110453
v 0.094453 -0.021811 0.104202
v 0.092789 -0.021794 0.096521
v 0.096645 -0.021827 0.093676
v 0.097563 -0.021852 0.095163
v 0.096572 -0.021842 0.103711
v 0.097524 -0.021868 0.103344
v 0.097513 -0.021854 0.111405
v 0.096626 -0.021872 0.118767
v 0.097541 -0.021895 0.119647
v 0.096665 -0.021880 0.130129
v 0.097577 -0.021908 0.130441
v 0.097560 -0.021951 0.138303
v 0.096601 -0.021927 0.139333
v 0.097590 -0.021963 0.145635
v 0.096633 -0.021933 0.144766
v 0.096431 -0.021934 0.145801
v 0.097562 -0.022111 0.155356
v 0.096594 -0.022053 0.152803
v 0.091870 -0.021925 0.147467
v 0.089191 -0.021995 0.151970
v 0.086553 -0.021943 0.149077
v 0.078185 -0.021981 0.151646
v 0.082996 -0.022028 0.154740
v 0.075203 -0.022015 0.154292
v 0.083191 -0.022047 0.156865
v 0.070180 -0.022027 0.155760
v 0.070417 -0.021990 0.152707
v 0.064756 -0.022033 0.156371
v 0.056443 -0.022016 0.156484
v 0.061826 -0.022042 0.158570
v 0.056880 -0.022038 0.160039
v 0.053598 -0.022037 0.162591
v 0.056577 -0.022054 0.164217
v 0.052915 -0.022059 0.168536
v 0.051135 -0.022048 0.163301
v 0.049982 -0.022061 0.168664
v 0.046754 -0.022055 0.165089
v 0.046627 -0.022060 0.169296
v 0.041057 -0.022071 0.171719
v 0.040014 -0.022068 0.167133
v 0.041443 -0.022051 0.163736
v 0.035054 -0.022067 0.168017
v 0.032474 -0.022053 0.165347
v 0.033565 -0.022067 0.173576
v 0.028190 -0.022059 0.172792
v 0.024661 -0.022053 0.169501
v 0.026570 -0.022063 0.177610
v 0.021137 -0.022055 0.172397
v 0.017618 -0.022057 0.174055
v 0.019033 -0.022062 0.178607
v 0.014798 -0.022051 0.176086
v 0.013168 -0.022053 0.178291
v 0.019229 -0.022088 0.183130
v 0.011496 -0.022076 0.181615
v 0.002653 -0.022082 0.181187
v 0.006331 -0.022109 0.184771
v 0.001607 -0.022127 0.186085
v -0.003391 -0.022137 0.185578
v 0.000224 -0.022156 0.189774
v -0.002845 -0.022175 0.191996
v -0.006767 -0.022164 0.189951
v -0.010376 -0.022135 0.185828
v -0.011448 -0.022152 0.188735
v -0.008591 -0.022182 0.194090
v -0.017106 -0.022161 0.190677
v -0.016654 -0.022174 0.194551
v -0.019942 -0.022163 0.196837
v -0.014306 -0.022178 0.196568
v -0.018485 -0.022169 0.200677
v -0.024489 -0.022169 0.203481
v -0.030747 -0.022171 0.199632
v -0.031892 -0.022172 0.208288
v -0.038269 -0.022176 0.208349
v -0.042819 -0.022177 0.206109
v -0.037985 -0.022176 0.198432
v -0.045234 -0.022175 0.199308
v -0.048294 -0.022171 0.206111
v -0.049918 -0.022162 0.199083
v -0.053812 -0.022153 0.204631
v -0.055101 -0.022148 0.197832
v -0.057509 -0.022144 0.200557
v -0.057373 -0.022150 0.209291
v -0.060108 -0.022148 0.201199
v -0.055322 -0.022143 0.191556
v -0.058829 -0.022161 0.210577
v -0.063939 -0.022154 0.205646
v -0.070302 -0.022146 0.198659
v -0.063533 -0.022169 0.214210
v -0.058679 -0.022195 0.220114
v -0.056957 -0.022178 0.216975
v -0.053148 -0.022211 0.224220
v -0.052046 -0.022177 0.213600
v -0.053937 -0.022159 0.209633
v -0.049908 -0.022198 0.219995
v -0.046779 -0.022186 0.215041
v -0.042805 -0.022188 0.217985
v -0.035987 -0.022176 0.213784
v -0.034721 -0.022190 0.218509
v -0.026135 -0.022180 0.214611
v -0.025154 -0.022173 0.209834
v -0.019463 -0.022182 0.212501
v -0.018556 -0.022177 0.205381
v -0.014525 -0.022195 0.213156
v -0.012072 -0.022188 0.202800
v -0.006303 -0.022193 0.204069
v -0.006012 -0.022191 0.197046
v -0.000360 -0.022193 0.196627
v 0.006736 -0.022181 0.196323
v 0.002200 -0.022194 0.201994
v 0.005118 -0.022197 0.200792
v 0.008062 -0.022192 0.201554
v 0.011458 -0.022197 0.205573
v 0.014562 -0.022183 0.199690
v 0.018382 -0.022168 0.194589
v 0.008560 -0.022170 0.193188
v 0.004824 -0.022149 0.190045
v 0.011633 -0.022141 0.189331
v 0.013173 -0.022105 0.185160
v 0.018292 -0.022127 0.188760
v 0.020830 -0.022115 0.187003
v 0.023126 -0.022135 0.189244
v 0.024071 -0.022090 0.183126
v 0.027352 -0.022125 0.187623
v 0.026692 -0.022075 0.181092
v 0.033836 -0.022096 0.182938
v 0.032917 -0.022078 0.180702
v 0.038302 -0.022075 0.178653
v 0.043484 -0.022087 0.181478
v 0.044726 -0.022070 0.176084
v 0.046803 -0.022066 0.178334
v 0.048067 -0.022058 0.174099
v 0.049941 -0.022071 0.178286
v 0.051841 -0.022065 0.173974
v 0.051790 -0.022095 0.182513
v 0.048069 -0.022090 0.182336
v 0.045530 -0.022129 0.185992
v 0.041016 -0.022120 0.184528
v 0.035563 -0.022136 0.185983
v 0.030869 -0.022116 0.185154
v 0.031388 -0.022143 0.187924
v 0.030881 -0.022162 0.191623
v 0.026233 -0.022161 0.193836
v 0.021203 -0.022172 0.196864
v 0.018670 -0.022181 0.199213
v 0.024948 -0.022174 0.200097
v 0.018350 -0.022189 0.204476
v 0.028748 -0.022177 0.202678
v 0.031648 -0.022171 0.199750
v 0.029754 -0.022164 0.195264
v 0.033284 -0.022169 0.195374
v 0.036496 -0.022174 0.192234
v 0.034394 -0.022164 0.189916
v 0.038680 -0.022156 0.188069
v 0.040615 -0.022160 0.190803
v 0.044688 -0.022145 0.189596
v 0.049283 -0.022143 0.190704
v 0.052035 -0.022131 0.188189
v 0.052315 -0.022144 0.193001
v 0.045632 -0.022154 0.192451
v 0.043925 -0.022163 0.194038
v 0.049251 -0.022151 0.195431
v 0.044916 -0.022151 0.198264
v 0.038962 -0.022155 0.197402
v 0.035871 -0.022170 0.196262
v 0.036150 -0.022158 0.201296
v 0.032346 -0.022165 0.205038
v 0.039491 -0.022155 0.206586
v 0.035000 -0.022166 0.209819
v 0.031800 -0.022171 0.211038
v 0.028908 -0.022175 0.206579
v 0.026276 -0.022177 0.210580
v 0.025062 -0.022182 0.208129
v 0.020405 -0.022190 0.210555
v 0.016673 -0.022192 0.208338
v 0.013786 -0.022203 0.210621
v 0.007071 -0.022204 0.208143
v 0.011750 -0.022205 0.212256
v 0.008875 -0.022213 0.214293
v -0.001088 -0.022201 0.209972
v 0.000919 -0.022221 0.215870
v -0.006620 -0.022214 0.215644
v -0.013393 -0.022215 0.218541
v -0.022366 -0.022204 0.221306
v -0.019332 -0.022223 0.226364
v -0.026562 -0.022221 0.226760
v -0.028030 -0.022197 0.219878
v -0.034499 -0.022212 0.224626
v -0.029051 -0.022230 0.230396
v -0.038050 -0.022219 0.228445
v -0.040995 -0.022199 0.222523
v -0.044172 -0.022219 0.229778
v -0.045637 -0.022209 0.225144
v -0.051822 -0.022227 0.232070
v -0.057531 -0.022223 0.230868
v -0.056533 -0.022232 0.237048
v -0.059008 -0.022236 0.237026
v -0.060136 -0.022218 0.228804
v -0.065868 -0.022208 0.228356
v -0.068572 -0.022199 0.224709
v -0.074209 -0.022188 0.221902
v -0.084243 -0.022186 0.224689
v -0.061195 -0.022195 0.220555
v -0.053209 -0.022238 0.238261
v -0.046632 -0.022237 0.237270
v -0.042232 -0.022245 0.239758
v -0.039935 -0.022226 0.234965
v -0.037985 -0.022224 0.232044
v -0.032145 -0.022226 0.233300
v -0.024999 -0.022232 0.234034
v -0.034654 -0.022240 0.238155
v -0.027805 -0.022251 0.238588
v -0.020318 -0.022249 0.236889
v -0.012737 -0.022250 0.235396
v -0.016611 -0.022236 0.233195
v -0.016233 -0.022239 0.231253
v -0.005603 -0.022252 0.232188
v -0.004811 -0.022251 0.228882
v -0.012765 -0.022234 0.226635
v -0.014437 -0.022223 0.222486
v -0.006993 -0.022235 0.223192
v -0.000980 -0.022244 0.223085
v 0.002385 -0.022260 0.230391
v 0.004061 -0.022254 0.224725
v 0.003833 -0.022234 0.218465
v 0.008957 -0.022234 0.219721
v 0.015306 -0.022225 0.219885
v 0.017176 -0.022201 0.215040
v 0.019560 -0.022210 0.218545
v 0.023057 -0.022194 0.214905
v 0.027173 -0.022189 0.214417
v 0.025080 -0.022216 0.220780
v 0.031577 -0.022195 0.218033
v 0.039619 -0.022169 0.214952
v 0.043148 -0.022152 0.211971
v 0.045661 -0.022168 0.215890
v 0.049294 -0.022161 0.214850
v 0.049672 -0.022141 0.209663
v 0.046427 -0.022139 0.207116
v 0.044871 -0.022146 0.203027
v 0.040689 -0.022153 0.201033
v 0.048371 -0.022140 0.200778
v 0.051219 -0.022144 0.203597
v 0.056081 -0.022135 0.210668
v 0.054470 -0.022133 0.203286
v 0.053325 -0.022140 0.199274
v 0.055833 -0.022132 0.195833
v 0.057268 -0.022126 0.190736
v 0.061212 -0.022127 0.194794
v 0.065456 -0.022119 0.191290
v 0.059568 -0.022110 0.186034
v 0.054871 -0.022109 0.185308
v 0.054786 -0.022078 0.180073
v 0.059673 -0.022086 0.181157
v 0.055223 -0.022067 0.175734
v 0.057218 -0.022060 0.168640
v 0.059795 -0.022071 0.175099
v 0.063924 -0.022056 0.165969
v 0.066280 -0.022047 0.160257
v 0.071661 -0.022046 0.162302
v 0.080994 -0.022054 0.159750
v 0.073553 -0.022054 0.166356
v 0.066334 -0.022062 0.172513
v 0.074803 -0.022064 0.171682
v 0.071171 -0.022069 0.177089
v 0.066100 -0.022075 0.179577
v 0.066726 -0.022094 0.183633
v 0.065987 -0.022111 0.187289
v 0.073183 -0.022111 0.187687
v 0.074795 -0.022089 0.182494
v 0.083315 -0.022105 0.185481
v 0.084628 -0.022081 0.179203
v 0.092362 -0.022101 0.183941
v 0.094125 -0.022084 0.177920
v 0.090049 -0.022077 0.176650
v 0.082995 -0.022075 0.174186
v 0.083546 -0.022066 0.167591
v 0.092217 -0.022077 0.171643
v 0.090495 -0.022065 0.166594
v 0.087304 -0.022061 0.163440
v 0.091818 -0.022056 0.156568
v 0.093844 -0.022076 0.164761
v 0.096513 -0.022086 0.156384
v 0.092771 -0.022020 0.152667
v 0.096643 -0.022092 0.168059
v 0.096636 -0.022092 0.180118
v 0.094975 -0.022109 0.184400
v 0.097593 -0.022153 0.192771
v 0.094543 -0.022123 0.189486
v 0.088698 -0.022118 0.188606
v 0.091224 -0.022122 0.195064
v 0.086063 -0.022125 0.193886
v 0.079724 -0.022119 0.190400
v 0.075236 -0.022119 0.193544
v 0.086533 -0.022123 0.197681
v 0.078091 -0.022115 0.204690
v 0.074054 -0.022116 0.201441
v 0.068051 -0.022120 0.198975
v 0.067048 -0.022120 0.208185
v 0.062293 -0.022126 0.202258
v 0.059617 -0.022128 0.206508
v 0.058651 -0.022126 0.198701
v 0.065156 -0.022128 0.213847
v 0.056131 -0.022144 0.213988
v 0.062709 -0.022153 0.219005
v 0.074085 -0.022128 0.216993
v 0.072845 -0.022116 0.212192
v 0.079863 -0.022116 0.213257
v 0.082992 -0.022116 0.213935
v 0.085476 -0.022119 0.208661
v 0.087574 -0.022122 0.203885
v 0.090908 -0.022118 0.209704
v 0.093016 -0.022121 0.203232
v 0.093969 -0.022120 0.196528
v 0.096644 -0.022122 0.206178
v 0.096099 -0.022128 0.196315
v 0.097611 -0.022138 0.202482
v 0.097548 -0.022122 0.217262
v 0.093850 -0.022113 0.214148
v 0.094253 -0.022112 0.225025
v 0.089172 -0.022111 0.218642
v 0.089863 -0.022115 0.225497
v 0.085001 -0.022119 0.222360
v 0.086840 -0.022120 0.229144
v 0.079101 -0.022142 0.226042
v 0.080653 -0.022135 0.230335
v 0.071783 -0.022158 0.229138
v 0.075565 -0.022142 0.222237
v 0.066082 -0.022166 0.225706
v 0.064823 -0.022171 0.229580
v 0.069640 -0.022156 0.234375
v 0.064117 -0.022174 0.235151
v 0.059684 -0.022183 0.226763
v 0.059035 -0.022192 0.234515
v 0.053472 -0.022209 0.226382
v 0.055260 -0.022192 0.222221
v 0.051288 -0.022206 0.221119
v 0.051228 -0.022218 0.227824
v 0.047596 -0.022207 0.224209
v 0.051327 -0.022171 0.215576
v 0.054043 -0.022168 0.216714
v 0.047945 -0.022212 0.230199
v 0.042518 -0.022213 0.232183
v 0.041083 -0.022218 0.226762
v 0.033167 -0.022222 0.231888
v 0.036383 -0.022224 0.228418
v 0.025389 -0.022233 0.230505
v 0.030084 -0.022227 0.234336
v 0.019828 -0.022234 0.233942
v 0.021319 -0.022234 0.229526
v 0.014048 -0.022241 0.230881
v 0.014223 -0.022243 0.233953
v 0.006515 -0.022255 0.233507
v 0.006096 -0.022256 0.229116
v 0.005353 -0.022262 0.235807
v -0.002928 -0.022258 0.234887
v -0.001118 -0.022274 0.237611
v -0.006103 -0.022281 0.239198
v -0.012986 -0.022273 0.239235
v -0.010006 -0.022300 0.243523
v -0.016965 -0.022282 0.243022
v -0.031668 -0.022259 0.240648
v -0.033721 -0.022264 0.243869
v -0.039500 -0.022263 0.245076
v -0.003191 -0.022303 0.243407
v 0.005014 -0.022285 0.239759
v 0.011053 -0.022272 0.239024
v 0.011602 -0.022292 0.243435
v 0.015538 -0.022300 0.247138
v 0.018611 -0.022266 0.239148
v 0.014834 -0.022252 0.236419
v 0.023405 -0.022249 0.237201
v 0.025442 -0.022267 0.240732
v 0.033318 -0.022243 0.238316
v 0.038523 -0.022231 0.238367
v 0.042417 -0.022228 0.236716
v 0.045718 -0.022225 0.236174
v 0.046347 -0.022232 0.239672
v 0.050031 -0.022221 0.233875
v 0.051968 -0.022222 0.234266
v 0.053314 -0.022218 0.239005
v 0.056106 -0.022204 0.233089
v 0.056725 -0.022215 0.244382
v 0.051020 -0.022225 0.242891
v 0.052700 -0.022245 0.251226
v 0.042715 -0.022262 0.250773
v 0.045577 -0.022238 0.244418
v 0.041440 -0.022243 0.243180
v 0.033317 -0.022260 0.242702
v 0.032499 -0.022270 0.246478
v 0.028942 -0.022288 0.250839
v 0.008509 -0.022310 0.248305
v 0.058266 -0.022226 0.251243
v 0.065732 -0.022196 0.255934
v 0.062942 -0.022199 0.247743
v 0.069081 -0.022163 0.239977
v 0.068501 -0.022171 0.245612
v 0.074679 -0.022143 0.249557
v 0.077063 -0.022134 0.241565
v 0.081968 -0.022120 0.238034
v 0.078520 -0.022134 0.232748
v 0.086398 -0.022110 0.236246
v 0.087106 -0.022104 0.248996
v 0.082601 -0.022118 0.248561
v 0.087868 -0.022093 0.255499
v 0.078558 -0.022127 0.255659
v 0.072007 -0.022152 0.251990
v 0.072549 -0.022153 0.255689
v 0.066981 -0.022180 0.252053
v 0.070470 -0.022193 0.259462
v 0.075372 -0.022154 0.258658
v 0.082871 -0.022121 0.258269
v 0.097543 -0.022058 0.256620
v 0.092507 -0.022082 0.253387
v 0.097550 -0.022098 0.249285
v 0.093185 -0.022095 0.249803
v 0.089671 -0.022106 0.241389
v 0.094071 -0.022095 0.244085
v 0.094007 -0.022098 0.237315
v 0.090763 -0.022107 0.233041
v 0.097544 -0.022095 0.235787
v 0.094940 -0.022100 0.231479
v 0.097582 -0.022133 0.224915
v 0.097580 -0.022094 0.241504
v 0.010152 -0.022243 0.226990
v 0.014450 -0.022233 0.225325
v 0.019816 -0.022229 0.225182
v 0.022372 -0.022229 0.223944
v 0.030219 -0.022230 0.226630
v 0.034647 -0.022223 0.223779
v 0.036352 -0.022201 0.220027
v 0.041514 -0.022216 0.223173
v 0.041464 -0.022204 0.220863
v 0.062720 -0.022168 0.222605
v -0.052458 -0.022158 0.195110
v -0.052954 -0.022144 0.190258
v -0.048638 -0.022162 0.193453
v -0.048086 -0.022142 0.190295
v -0.051276 -0.022110 0.185095
v -0.046608 -0.022116 0.186215
v -0.042665 -0.022088 0.182710
v -0.039370 -0.022113 0.185419
v -0.031722 -0.022094 0.183381
v -0.027251 -0.022107 0.184793
v -0.019475 -0.022131 0.186075
v -0.024143 -0.022131 0.187017
v -0.030046 -0.022136 0.188248
v -0.022187 -0.022151 0.189255
v -0.029683 -0.022164 0.193382
v -0.036618 -0.022143 0.189530
v -0.039819 -0.022173 0.195232
v -0.041743 -0.022147 0.190660
v -0.029943 -0.022173 0.195342
v -0.020810 -0.022159 0.191751
v -0.023579 -0.022166 0.196414
v 0.051351 -0.022019 0.158833
v 0.073298 -0.021928 0.148760
v 0.067865 -0.021951 0.150240
v 0.068891 -0.021901 0.147031
v 0.076643 -0.021892 0.146034
v 0.066885 -0.021870 0.143706
v 0.077529 -0.021872 0.143194
v 0.072134 -0.021864 0.141174
v 0.065199 -0.021861 0.139774
v 0.066823 -0.021855 0.137200
v 0.082126 -0.021872 0.140976
v 0.085071 -0.021882 0.144341
v 0.090775 -0.021892 0.144611
v 0.090186 -0.021881 0.140410
v 0.090778 -0.021856 0.133190
v 0.093256 -0.021886 0.136923
v 0.091447 -0.021840 0.128406
v 0.092833 -0.021836 0.120579
v 0.094087 -0.021851 0.124687
v 0.093520 -0.021899 0.142793
v 0.086129 -0.021902 0.146408
v 0.042337 -0.021823 0.144400
v -0.081225 -0.022062 0.179598
v -0.089018 -0.022056 0.178307
v -0.079152 -0.022051 0.177601
v 0.049223 -0.021763 0.118252
v 0.043891 -0.021752 0.117984
v 0.052583 -0.021766 0.117455
v 0.053811 -0.021800 0.120103
v 0.059360 -0.021802 0.118328
v -0.053003 -0.021799 0.126273
v -0.050450 -0.021787 0.121834
v -0.045844 -0.021775 0.119966
v -0.042548 -0.021773 0.122321
v -0.036419 -0.021775 0.121454
v -0.030399 -0.021784 0.124869
v -0.040425 -0.021778 0.125740
v -0.034912 -0.021783 0.127235
v -0.045446 -0.021780 0.125388
v -0.020899 -0.021795 0.124332
v 0.097488 -0.022128 0.265209
v -0.097985 -0.022170 0.237789
v -0.097990 -0.022147 0.227314
v -0.097987 -0.022185 0.248445
v 0.098045 -0.021894 0.123225
v -0.097587 -0.022018 0.001666
v -0.086498 -0.022011 0.001704
v 0.098053 -0.021933 0.136489
v 0.098065 -0.021957 0.146221
v 0.098017 -0.022080 0.154261
v 0.097875 -0.021804 0.028801
v 0.097561 -0.022109 0.179745
v 0.097572 -0.022113 0.167874
v 0.097589 -0.022144 0.186770
v 0.097983 -0.021853 0.099624
v 0.097957 -0.021829 0.088373
v 0.097883 -0.021878 0.078467
v 0.097982 -0.021845 0.111973
v 0.097900 -0.021826 0.056220
v 0.097894 -0.021841 0.064989
v 0.097574 -0.022187 0.266727
v -0.097265 -0.022056 0.002195
v 0.097899 -0.021780 0.022983
v 0.097891 -0.021789 0.001413
v -0.098011 -0.022240 0.264825
v 0.098002 -0.022112 0.224404
v 0.098028 -0.022088 0.215649
v 0.097966 -0.022093 0.230065
v 0.097824 -0.021802 0.038980
v 0.097834 -0.021807 0.046549
v 0.098030 -0.022091 0.166529
v 0.098005 -0.022079 0.178326
v 0.098016 -0.022168 0.266624
v 0.098055 -0.022117 0.200354
v 0.098040 -0.022128 0.194691
v 0.098052 -0.022117 0.188222
v 0.097827 -0.021765 0.007088
v 0.097835 -0.021740 0.013909
v -0.097960 -0.022118 0.187478
v -0.097961 -0.022113 0.195902
v -0.097964 -0.022128 0.206736
v -0.097980 -0.022099 0.215276
v 0.097986 -0.022062 0.235665
v 0.097982 -0.022059 0.246374
v -0.097843 -0.021922 0.121412
v -0.097850 -0.021915 0.135439
v -0.097873 -0.021914 0.146577
v -0.097927 -0.021999 0.154492
v -0.097953 -0.022005 0.166596
v -0.097945 -0.022017 0.180872
v 0.097897 -0.022071 0.264611
v 0.097899 -0.022039 0.259976
v 0.097918 -0.022040 0.253262
v -0.097744 -0.021880 0.114066
v -0.097734 -0.021880 0.103780
v -0.097746 -0.021918 0.097463
v -0.097726 -0.021917 0.088987
v -0.097655 -0.021978 0.080915
v -0.077891 -0.022341 0.266844
v -0.081874 -0.022334 0.266790
v -0.084489 -0.022326 0.266740
v -0.097583 -0.021998 0.003437
v -0.097562 -0.021993 0.014983
v -0.097570 -0.022010 0.021268
v -0.097589 -0.022014 0.037603
v -0.097642 -0.022007 0.067430
v -0.097623 -0.022003 0.055572
v 0.056071 -0.022352 0.266903
v 0.064674 -0.022336 0.266802
v 0.068925 -0.022328 0.266752
v 0.059812 -0.022345 0.266864
v -0.097602 -0.021992 0.048533
v -0.068237 -0.022347 0.266870
v -0.060123 -0.022357 0.266875
v -0.053862 -0.022368 0.266899
v 0.045278 -0.022369 0.266925
v -0.038663 -0.022378 0.266923
v -0.031602 -0.022376 0.266907
v -0.018694 -0.022381 0.266913
v 0.031795 -0.022381 0.266923
v 0.022924 -0.022386 0.266931
v 0.006897 -0.022390 0.266928
v -0.009990 -0.022397 0.266945
v 0.097547 -0.021541 0.001026
v 0.093639 -0.021538 0.001089
v 0.082488 -0.021547 0.001133
v -0.007875 0.021810 0.155024
v -0.013497 0.021816 0.154158
v -0.009736 0.021796 0.147452
v -0.015174 0.021812 0.149631
v -0.016946 0.021822 0.146273
v -0.010851 0.021802 0.141860
v -0.016687 0.021830 0.139626
v -0.022205 0.021849 0.141775
v -0.018717 0.021845 0.137178
v -0.014343 0.021823 0.135036
v -0.011788 0.021808 0.134635
v -0.019060 0.021838 0.134763
v -0.017094 0.021823 0.131424
v -0.022595 0.021832 0.132324
v -0.030071 0.021847 0.131674
v -0.029620 0.021844 0.128952
v -0.025010 0.021860 0.135882
v -0.030320 0.021861 0.134936
v -0.035625 0.021865 0.132651
v -0.033980 0.021851 0.126618
v -0.036940 0.021864 0.128828
v -0.040125 0.021884 0.129699
v -0.037579 0.021862 0.123490
v -0.041951 0.021866 0.122280
v -0.043766 0.021882 0.124756
v -0.047147 0.021889 0.124395
v -0.043771 0.021892 0.129479
v -0.047168 0.021902 0.129728
v -0.051872 0.021929 0.128139
v -0.049217 0.021919 0.132206
v -0.045010 0.021892 0.134694
v -0.050521 0.021911 0.134790
v -0.053035 0.021934 0.131689
v -0.057121 0.021932 0.135024
v -0.057199 0.021940 0.130785
v -0.057940 0.021939 0.127772
v -0.054107 0.021928 0.123838
v -0.051570 0.021908 0.122149
v -0.049411 0.021911 0.126098
v -0.049462 0.021877 0.117882
v -0.056333 0.021900 0.117475
v -0.052014 0.021872 0.116493
v -0.058388 0.021921 0.121536
v -0.060347 0.021892 0.116927
v -0.058567 0.021865 0.113720
v -0.062332 0.021918 0.122856
v -0.064846 0.021906 0.118140
v -0.065265 0.021879 0.115115
v -0.067274 0.021935 0.122432
v -0.068795 0.021923 0.119830
v -0.069638 0.021886 0.115335
v -0.076782 0.021924 0.119771
v -0.076310 0.021881 0.114243
v -0.082820 0.021915 0.117236
v -0.084220 0.021872 0.111998
v -0.074172 0.021865 0.111541
v -0.080733 0.021860 0.109036
v -0.086713 0.021868 0.109865
v -0.089895 0.021894 0.112852
v -0.092076 0.021896 0.110495
v -0.093054 0.021906 0.106694
v -0.089651 0.021890 0.104460
v -0.096416 0.021927 0.111299
v -0.096487 0.021933 0.101701
v -0.094180 0.021926 0.099431
v -0.091700 0.021960 0.118152
v -0.088966 0.021931 0.117011
v -0.086344 0.021899 0.114885
v -0.087395 0.021970 0.122177
v -0.081228 0.021951 0.123288
v -0.088647 0.021990 0.125989
v -0.080107 0.021951 0.127037
v -0.076781 0.021942 0.128428
v -0.073301 0.021939 0.122476
v -0.069570 0.021947 0.125194
v -0.064793 0.021935 0.126980
v -0.068929 0.021941 0.130456
v -0.072561 0.021946 0.127673
v -0.074496 0.021940 0.131454
v -0.070451 0.021941 0.133898
v -0.066661 0.021939 0.134094
v -0.071617 0.021951 0.137545
v -0.075992 0.021948 0.135214
v -0.080207 0.021970 0.140496
v -0.081533 0.021967 0.136510
v -0.079775 0.021950 0.132718
v -0.085473 0.021975 0.130560
v -0.088715 0.021997 0.134912
v -0.094064 0.022025 0.135751
v -0.093194 0.022015 0.129210
v -0.096508 0.022037 0.124668
v -0.096507 0.022034 0.135001
v -0.095037 0.022047 0.141678
v -0.092712 0.022038 0.146425
v -0.088526 0.022003 0.140059
v -0.089159 0.022024 0.146516
v -0.084762 0.022001 0.145243
v -0.078840 0.021976 0.144992
v -0.072972 0.021954 0.140774
v -0.074007 0.021974 0.147528
v -0.068999 0.021961 0.146128
v -0.067208 0.021943 0.139933
v -0.064991 0.021942 0.145391
v -0.067261 0.021967 0.153627
v -0.063722 0.021953 0.154478
v -0.060560 0.021935 0.148433
v -0.060494 0.021933 0.142649
v -0.055113 0.021935 0.149892
v -0.054430 0.021930 0.144151
v -0.052002 0.021922 0.150476
v -0.049805 0.021908 0.143582
v -0.046628 0.021890 0.149930
v -0.045436 0.021885 0.143565
v -0.041602 0.021877 0.143864
v -0.040907 0.021876 0.148046
v -0.036759 0.021871 0.144863
v -0.034768 0.021864 0.148412
v -0.031638 0.021857 0.144292
v -0.027331 0.021848 0.149243
v -0.024040 0.021846 0.145203
v -0.022346 0.021833 0.148788
v -0.023060 0.021843 0.154036
v -0.019808 0.021825 0.152704
v -0.021833 0.021842 0.157893
v -0.024075 0.021865 0.160366
v -0.026453 0.021867 0.155800
v -0.027798 0.021855 0.153055
v -0.029665 0.021883 0.156832
v -0.035669 0.021871 0.154368
v -0.033620 0.021861 0.151444
v -0.041984 0.021874 0.153565
v -0.040102 0.021880 0.157157
v -0.037218 0.021883 0.156756
v -0.036408 0.021898 0.160485
v -0.033625 0.021892 0.158055
v -0.031232 0.021900 0.161751
v -0.027396 0.021890 0.160789
v -0.027010 0.021886 0.166794
v -0.025374 0.021880 0.164686
v -0.020640 0.021862 0.166503
v -0.018939 0.021841 0.159904
v -0.016638 0.021859 0.165364
v -0.016178 0.021847 0.162769
v -0.010226 0.021844 0.164696
v -0.011197 0.021829 0.159796
v -0.004515 0.021835 0.163568
v -0.004752 0.021824 0.160057
v 0.002352 0.021812 0.160367
v 0.001262 0.021828 0.163204
v 0.001273 0.021841 0.166602
v 0.010212 0.021833 0.164725
v 0.009260 0.021836 0.167235
v 0.015318 0.021828 0.166674
v 0.010582 0.021821 0.162989
v 0.019240 0.021823 0.164429
v 0.017405 0.021835 0.170835
v 0.023046 0.021834 0.168980
v 0.022497 0.021844 0.174620
v 0.027117 0.021848 0.174180
v 0.029146 0.021851 0.170225
v 0.033774 0.021856 0.173092
v 0.032900 0.021855 0.167203
v 0.028757 0.021845 0.162841
v 0.034168 0.021859 0.177315
v 0.038285 0.021853 0.174460
v 0.041974 0.021860 0.176350
v 0.042499 0.021852 0.170052
v 0.038701 0.021871 0.179135
v 0.039823 0.021912 0.182998
v 0.045382 0.021876 0.178984
v 0.047334 0.021904 0.183155
v 0.052039 0.021888 0.181800
v 0.052838 0.021856 0.176871
v 0.058263 0.021871 0.180235
v 0.056811 0.021855 0.176327
v 0.066909 0.021871 0.180638
v 0.063689 0.021856 0.176333
v 0.070374 0.021863 0.177939
v 0.067653 0.021861 0.172045
v 0.076733 0.021867 0.175943
v 0.075766 0.021872 0.172708
v 0.072167 0.021867 0.168685
v 0.064861 0.021858 0.166812
v 0.060888 0.021860 0.168657
v 0.062932 0.021857 0.161445
v 0.068570 0.021863 0.162754
v 0.059375 0.021859 0.172423
v 0.057518 0.021862 0.164332
v 0.053250 0.021858 0.169233
v 0.052763 0.021858 0.166182
v 0.055516 0.021854 0.172908
v 0.048839 0.021850 0.171288
v 0.076519 0.021878 0.180882
v 0.075701 0.021886 0.183864
v 0.083348 0.021892 0.184484
v 0.076242 0.021904 0.187822
v 0.085242 0.021903 0.188284
v 0.078995 0.021908 0.194184
v 0.083148 0.021901 0.193540
v 0.088107 0.021898 0.194332
v 0.091982 0.021902 0.191268
v 0.091878 0.021890 0.203057
v 0.094853 0.021910 0.195363
v 0.094591 0.021910 0.185422
v 0.087881 0.021891 0.203017
v 0.088056 0.021889 0.209236
v 0.092321 0.021880 0.210775
v 0.092091 0.021892 0.214433
v 0.089181 0.021904 0.214792
v 0.084361 0.021916 0.213245
v 0.083591 0.021902 0.206660
v 0.083555 0.021899 0.199456
v 0.079406 0.021915 0.205526
v 0.078900 0.021913 0.200404
v 0.074853 0.021903 0.197324
v 0.074983 0.021908 0.192124
v 0.069657 0.021906 0.195508
v 0.068519 0.021910 0.190192
v 0.067592 0.021892 0.185063
v 0.060067 0.021895 0.184994
v 0.059187 0.021917 0.189685
v 0.053911 0.021913 0.187201
v 0.048553 0.021941 0.188171
v 0.053915 0.021938 0.192945
v 0.049119 0.021956 0.192593
v 0.050813 0.021962 0.197468
v 0.054010 0.021949 0.200319
v 0.060280 0.021927 0.195636
v 0.066338 0.021914 0.202141
v 0.060168 0.021928 0.202614
v 0.066383 0.021918 0.208405
v 0.070398 0.021909 0.205292
v 0.073286 0.021911 0.208611
v 0.074620 0.021913 0.205422
v 0.079904 0.021923 0.212320
v 0.074247 0.021921 0.211818
v 0.071666 0.021944 0.215780
v 0.069097 0.021932 0.212680
v 0.061427 0.021940 0.211050
v 0.058936 0.021935 0.207538
v 0.054845 0.021953 0.210164
v 0.046974 0.021972 0.207593
v 0.056205 0.021940 0.204903
v 0.050181 0.021968 0.203022
v 0.044046 0.021985 0.203607
v 0.044960 0.021993 0.198986
v 0.048045 0.021981 0.196975
v 0.043959 0.021985 0.194753
v 0.040365 0.021999 0.198616
v 0.037938 0.021994 0.196102
v 0.041466 0.021975 0.192005
v 0.041914 0.021963 0.188781
v 0.043884 0.021936 0.185617
v 0.037680 0.021939 0.185595
v 0.034871 0.021892 0.181448
v 0.033127 0.021944 0.186825
v 0.036088 0.021960 0.188267
v 0.030877 0.021966 0.189228
v 0.035688 0.021976 0.191844
v 0.029739 0.021987 0.193777
v 0.026263 0.021978 0.189479
v 0.029723 0.021945 0.185935
v 0.027112 0.021954 0.186087
v 0.025249 0.021910 0.182819
v 0.029645 0.021889 0.180541
v 0.029034 0.021863 0.177674
v 0.023109 0.021880 0.179724
v 0.017822 0.021876 0.178048
v 0.017042 0.021849 0.174624
v 0.009341 0.021864 0.174577
v 0.007085 0.021886 0.177848
v -0.007145 0.021891 0.177473
v -0.002199 0.021868 0.173690
v 0.003671 0.021857 0.171686
v 0.006045 0.021843 0.169474
v -0.004352 0.021852 0.168828
v -0.011643 0.021880 0.173787
v -0.009938 0.021857 0.169372
v -0.016823 0.021860 0.168202
v -0.015383 0.021869 0.170179
v -0.023626 0.021883 0.170265
v -0.030162 0.021901 0.171361
v -0.034495 0.021910 0.169044
v -0.034040 0.021911 0.164983
v -0.039620 0.021904 0.164104
v -0.038858 0.021913 0.171884
v -0.041383 0.021915 0.168983
v -0.044262 0.021907 0.163377
v -0.043706 0.021897 0.159286
v -0.049034 0.021924 0.161588
v -0.047158 0.021899 0.155805
v -0.051841 0.021936 0.157518
v -0.054487 0.021963 0.164502
v -0.051048 0.021959 0.168978
v -0.047939 0.021929 0.165381
v -0.046142 0.021938 0.170527
v -0.049442 0.021959 0.174245
v -0.043926 0.021929 0.174531
v -0.048461 0.021954 0.177261
v -0.045923 0.021947 0.179427
v -0.040062 0.021942 0.179449
v -0.041428 0.021928 0.176056
v -0.037349 0.021922 0.174635
v -0.032452 0.021917 0.176193
v -0.037190 0.021970 0.183863
v -0.032611 0.021945 0.180784
v -0.027111 0.021920 0.179665
v -0.025231 0.021898 0.177468
v -0.019690 0.021938 0.182352
v -0.019227 0.021897 0.177232
v -0.014506 0.021920 0.180180
v -0.013768 0.021964 0.185364
v -0.008243 0.021923 0.181679
v -0.008476 0.021955 0.184685
v -0.004167 0.021957 0.185494
v 0.000543 0.021921 0.181622
v 0.002295 0.021967 0.185421
v 0.005257 0.021948 0.183868
v 0.006498 0.021982 0.185689
v 0.012235 0.021962 0.184834
v 0.009933 0.021921 0.181620
v 0.018132 0.021915 0.182779
v 0.019973 0.021945 0.185541
v 0.023922 0.021938 0.185147
v 0.011264 0.021992 0.186638
v 0.017198 0.021976 0.187506
v 0.020659 0.021987 0.191886
v 0.024550 0.022000 0.196129
v 0.019327 0.022010 0.198072
v 0.015225 0.022000 0.191184
v 0.011552 0.022016 0.192874
v 0.008002 0.022012 0.189354
v 0.004388 0.021997 0.187809
v 0.002514 0.022008 0.191087
v 0.008113 0.022024 0.195556
v 0.002527 0.022015 0.193820
v -0.001759 0.021986 0.189599
v -0.003241 0.022005 0.194123
v -0.006302 0.021984 0.189342
v -0.009924 0.021980 0.187291
v -0.013056 0.021999 0.190557
v -0.008456 0.022006 0.194285
v -0.013249 0.022011 0.195106
v -0.020275 0.022018 0.192744
v -0.018361 0.021992 0.188948
v -0.021459 0.021990 0.188979
v -0.022965 0.021977 0.185832
v -0.024490 0.021955 0.183272
v -0.030542 0.021979 0.184944
v -0.028851 0.021951 0.182337
v -0.029416 0.021999 0.188040
v -0.031016 0.021990 0.187011
v -0.024768 0.022000 0.189154
v -0.029072 0.022026 0.193147
v -0.035413 0.022012 0.190973
v -0.040246 0.022013 0.191387
v -0.045557 0.022002 0.187002
v -0.042802 0.021966 0.183027
v -0.045519 0.021976 0.183534
v -0.050816 0.021977 0.180352
v -0.051129 0.021996 0.184671
v -0.057620 0.021990 0.178144
v -0.054290 0.021983 0.174794
v -0.057794 0.021982 0.172098
v -0.056098 0.021973 0.167357
v -0.061695 0.021976 0.170919
v -0.060555 0.021961 0.163913
v -0.057799 0.021955 0.158200
v -0.054780 0.021955 0.159030
v -0.059955 0.021943 0.151732
v -0.065161 0.021968 0.161552
v -0.063934 0.021971 0.166325
v -0.069635 0.021986 0.162202
v -0.074088 0.021994 0.155109
v -0.076560 0.022002 0.161974
v -0.083741 0.022031 0.155657
v -0.078221 0.021990 0.150371
v -0.083160 0.021998 0.147464
v -0.086815 0.022035 0.151946
v -0.088688 0.022054 0.157545
v -0.083111 0.022030 0.160620
v -0.088550 0.022044 0.166167
v -0.080142 0.022011 0.166203
v -0.074151 0.021995 0.167362
v -0.078553 0.022012 0.171982
v -0.084747 0.022033 0.171087
v -0.082034 0.022026 0.176354
v -0.089573 0.022050 0.177634
v -0.088723 0.022046 0.170730
v -0.092180 0.022052 0.169253
v -0.090972 0.022054 0.161158
v -0.094427 0.022068 0.165405
v -0.091666 0.022056 0.153978
v -0.096493 0.022093 0.154091
v -0.096472 0.022082 0.162019
v -0.096476 0.022078 0.171829
v -0.093419 0.022061 0.176113
v -0.096499 0.022078 0.181685
v -0.094371 0.022078 0.182226
v -0.090312 0.022062 0.182387
v -0.084596 0.022047 0.181548
v -0.084581 0.022063 0.188475
v -0.077123 0.022037 0.184857
v -0.076790 0.022050 0.189483
v -0.072860 0.022034 0.184713
v -0.071686 0.022050 0.190944
v -0.067871 0.022043 0.190216
v -0.067831 0.022030 0.185773
v -0.061150 0.022018 0.187679
v -0.064776 0.022003 0.181885
v -0.061381 0.021994 0.180380
v -0.065812 0.021988 0.173183
v -0.067195 0.021986 0.168434
v -0.069217 0.022000 0.174433
v -0.073847 0.022005 0.172630
v -0.074952 0.022010 0.178462
v -0.069600 0.022015 0.181507
v -0.061480 0.022028 0.192757
v -0.050197 0.022017 0.189834
v -0.054819 0.022021 0.195044
v -0.051234 0.022015 0.192720
v -0.046038 0.022016 0.194012
v -0.042446 0.022020 0.195649
v -0.034357 0.022030 0.195121
v -0.038788 0.022038 0.197836
v -0.031306 0.022057 0.197976
v -0.025904 0.022048 0.195504
v -0.027943 0.022084 0.201011
v -0.025285 0.022087 0.201676
v -0.022209 0.022049 0.196320
v -0.022294 0.022067 0.200486
v -0.019090 0.022043 0.199760
v -0.017333 0.022023 0.195444
v -0.015288 0.022037 0.201478
v -0.010009 0.022034 0.202654
v -0.012324 0.022043 0.206125
v -0.008461 0.022050 0.206579
v -0.004763 0.022035 0.200654
v -0.003749 0.022051 0.204466
v -0.001004 0.022042 0.200850
v -0.001999 0.022065 0.206055
v 0.001188 0.022049 0.203896
v 0.002096 0.022025 0.199364
v 0.004496 0.022032 0.202169
v 0.002161 0.022066 0.208784
v 0.007219 0.022067 0.208695
v 0.007766 0.022042 0.203091
v 0.011083 0.022055 0.205234
v 0.013075 0.022031 0.200454
v 0.014330 0.022046 0.205003
v 0.011059 0.022074 0.211103
v 0.014334 0.022064 0.211985
v 0.017548 0.022042 0.207608
v 0.018686 0.022062 0.212803
v 0.021546 0.022037 0.209740
v 0.020684 0.022069 0.215701
v 0.025641 0.022028 0.209365
v 0.020860 0.022015 0.203121
v 0.024732 0.022010 0.203726
v 0.028361 0.022008 0.205921
v 0.029498 0.022026 0.211605
v 0.033319 0.022006 0.208997
v 0.034575 0.022026 0.213812
v 0.037960 0.022013 0.211326
v 0.038740 0.021991 0.206648
v 0.045463 0.021988 0.210650
v 0.041696 0.022035 0.216074
v 0.049866 0.021983 0.212872
v 0.052142 0.021990 0.214956
v 0.044495 0.022057 0.220979
v 0.049984 0.022012 0.218639
v 0.060959 0.021968 0.217658
v 0.055815 0.021987 0.222504
v 0.061235 0.021970 0.223158
v 0.069085 0.021951 0.220456
v 0.077096 0.021937 0.218403
v 0.080776 0.021938 0.216753
v 0.083264 0.021937 0.219520
v 0.087292 0.021926 0.217880
v 0.083715 0.021936 0.223960
v 0.088159 0.021933 0.221912
v 0.091607 0.021930 0.221927
v 0.093794 0.021920 0.219395
v 0.094236 0.021940 0.224346
v 0.089358 0.021944 0.226267
v 0.093205 0.021939 0.229018
v 0.090362 0.021939 0.229424
v 0.086768 0.021938 0.227657
v 0.084972 0.021945 0.229669
v 0.089070 0.021942 0.231939
v 0.090824 0.021931 0.234460
v 0.085337 0.021943 0.234236
v 0.088307 0.021933 0.238872
v 0.094501 0.021924 0.237026
v 0.091556 0.021930 0.243770
v 0.085986 0.021944 0.245479
v 0.083428 0.021947 0.238922
v 0.086026 0.021942 0.237680
v 0.079507 0.021946 0.233202
v 0.074884 0.021946 0.229198
v 0.076596 0.021941 0.221823
v 0.069795 0.021949 0.225320
v 0.065506 0.021954 0.225298
v 0.066104 0.021954 0.235015
v 0.068957 0.021950 0.229667
v 0.072506 0.021946 0.235316
v 0.071270 0.021954 0.241800
v 0.077161 0.021947 0.241435
v 0.078734 0.021944 0.237611
v 0.080786 0.021951 0.242224
v 0.077048 0.021958 0.246094
v 0.083253 0.021958 0.250852
v 0.089960 0.021942 0.249970
v 0.087292 0.021950 0.252972
v 0.088615 0.021951 0.256333
v 0.093506 0.021928 0.255267
v 0.095093 0.021926 0.253738
v 0.093320 0.021934 0.258916
v 0.078709 0.021978 0.257762
v 0.079403 0.021973 0.255282
v 0.071424 0.021997 0.256118
v 0.076268 0.021975 0.251951
v 0.072724 0.021972 0.248594
v 0.068879 0.021993 0.254497
v 0.066466 0.021970 0.246712
v 0.065176 0.021990 0.254235
v 0.068599 0.022004 0.258082
v 0.063090 0.022021 0.258166
v 0.061031 0.022007 0.255236
v 0.059690 0.022003 0.252489
v 0.057120 0.022032 0.255839
v 0.052679 0.022055 0.253001
v 0.054302 0.022025 0.247519
v 0.058344 0.022000 0.246723
v 0.062725 0.021984 0.248198
v 0.061799 0.021977 0.242244
v 0.062438 0.021970 0.237086
v 0.059852 0.021974 0.230217
v 0.055825 0.021999 0.240322
v 0.052999 0.022005 0.228681
v 0.048096 0.022039 0.228665
v 0.049631 0.022026 0.222756
v 0.045889 0.022057 0.225825
v 0.041700 0.022084 0.224623
v 0.039200 0.022075 0.220152
v 0.038390 0.022101 0.224797
v 0.033368 0.022104 0.222189
v 0.033869 0.022089 0.219860
v 0.036329 0.022055 0.217221
v 0.031153 0.022078 0.218195
v 0.029265 0.022049 0.215270
v 0.026321 0.022072 0.217290
v 0.019730 0.022107 0.220222
v 0.014478 0.022103 0.217655
v 0.013995 0.022141 0.222533
v 0.017123 0.022153 0.226098
v 0.020789 0.022140 0.225729
v 0.025726 0.022108 0.220962
v 0.023284 0.022151 0.227991
v 0.029836 0.022120 0.224846
v 0.026500 0.022150 0.229726
v 0.028826 0.022147 0.233024
v 0.032287 0.022132 0.234730
v 0.034964 0.022112 0.227584
v 0.037836 0.022122 0.234109
v 0.039633 0.022112 0.231963
v 0.040606 0.022111 0.238365
v 0.042473 0.022089 0.232829
v 0.044627 0.022069 0.236044
v 0.049781 0.022028 0.234659
v 0.046558 0.022060 0.239760
v 0.051517 0.022027 0.240359
v 0.049526 0.022063 0.246306
v 0.045513 0.022095 0.246129
v 0.041613 0.022115 0.243065
v 0.042165 0.022139 0.248976
v 0.037267 0.022156 0.244535
v 0.037424 0.022191 0.251480
v 0.043266 0.022147 0.252509
v 0.036769 0.022207 0.254572
v 0.031350 0.022221 0.251691
v 0.030732 0.022238 0.255911
v 0.024009 0.022262 0.254446
v 0.022060 0.022250 0.249845
v 0.027566 0.022219 0.248329
v 0.029834 0.022189 0.244809
v 0.031728 0.022154 0.240092
v 0.035503 0.022127 0.235529
v 0.025987 0.022176 0.240050
v 0.019977 0.022228 0.246229
v 0.016749 0.022202 0.242721
v 0.022103 0.022175 0.236971
v 0.025234 0.022168 0.233959
v 0.017937 0.022179 0.232482
v 0.015523 0.022183 0.236345
v 0.009744 0.022192 0.234179
v 0.012173 0.022177 0.228619
v 0.013741 0.022159 0.226500
v 0.009473 0.022169 0.225520
v 0.009464 0.022154 0.222451
v 0.008857 0.022129 0.219285
v 0.003910 0.022150 0.219923
v 0.004687 0.022101 0.214738
v 0.009607 0.022095 0.215547
v 0.005304 0.022087 0.211725
v -0.001178 0.022091 0.213244
v -0.002883 0.022069 0.208960
v -0.006065 0.022113 0.215454
v -0.007528 0.022089 0.211890
v -0.014281 0.022092 0.212978
v -0.013697 0.022061 0.209093
v -0.017936 0.022077 0.209749
v -0.017984 0.022056 0.204569
v -0.020784 0.022079 0.205918
v -0.024160 0.022095 0.206807
v -0.028592 0.022106 0.207243
v -0.026445 0.022111 0.211375
v -0.020891 0.022107 0.212935
v -0.024412 0.022130 0.216050
v -0.015675 0.022126 0.216725
v -0.024066 0.022154 0.219225
v -0.015594 0.022166 0.221021
v -0.008192 0.022149 0.219077
v -0.006183 0.022170 0.221019
v -0.000278 0.022168 0.221332
v 0.003949 0.022175 0.223717
v -0.002718 0.022178 0.223421
v -0.009321 0.022185 0.223512
v -0.004795 0.022203 0.226172
v 0.000381 0.022191 0.226013
v -0.002588 0.022204 0.229181
v 0.001787 0.022190 0.228545
v 0.006441 0.022186 0.227055
v 0.006185 0.022185 0.231243
v 0.003082 0.022193 0.234122
v 0.007179 0.022200 0.236805
v 0.007634 0.022203 0.239989
v 0.000864 0.022202 0.239754
v -0.002253 0.022200 0.237453
v -0.002487 0.022205 0.233141
v 0.001320 0.022190 0.231628
v -0.005907 0.022217 0.229393
v -0.005520 0.022212 0.233520
v -0.010706 0.022208 0.230427
v -0.009547 0.022207 0.226860
v -0.018814 0.022186 0.228169
v -0.016273 0.022184 0.225902
v -0.018944 0.022170 0.223341
v -0.023468 0.022165 0.221277
v -0.026422 0.022160 0.222994
v -0.033370 0.022166 0.222114
v -0.035691 0.022127 0.216964
v -0.037722 0.022169 0.221961
v -0.041040 0.022129 0.217939
v -0.035356 0.022110 0.214186
v -0.030977 0.022117 0.213929
v -0.038647 0.022095 0.211115
v -0.031967 0.022105 0.209633
v -0.035651 0.022087 0.207085
v -0.031191 0.022089 0.204649
v -0.034475 0.022081 0.203915
v -0.033215 0.022078 0.201203
v -0.039445 0.022053 0.200239
v -0.040127 0.022065 0.203370
v -0.045251 0.022030 0.200378
v -0.045024 0.022061 0.206129
v -0.047801 0.022047 0.205494
v -0.048462 0.022024 0.199508
v -0.051720 0.022036 0.200353
v -0.055654 0.022034 0.199590
v -0.061636 0.022029 0.199891
v -0.057901 0.022052 0.203112
v -0.054605 0.022053 0.203589
v -0.058293 0.022065 0.207386
v -0.061418 0.022065 0.206806
v -0.063364 0.022044 0.203652
v -0.066368 0.022053 0.206698
v -0.067962 0.022039 0.201843
v -0.067891 0.022044 0.195515
v -0.073759 0.022049 0.196783
v -0.074425 0.022041 0.205317
v -0.079948 0.022050 0.198602
v -0.080820 0.022050 0.205602
v -0.086828 0.022063 0.204379
v -0.086009 0.022065 0.195820
v -0.091904 0.022081 0.193259
v -0.090991 0.022073 0.185978
v -0.096455 0.022115 0.186743
v -0.094967 0.022101 0.194435
v -0.096472 0.022100 0.203429
v -0.094731 0.022089 0.206578
v -0.097463 0.022106 0.215583
v -0.094518 0.022091 0.214113
v -0.091439 0.022073 0.212338
v -0.091403 0.022072 0.200275
v -0.090208 0.022068 0.206263
v -0.082568 0.022055 0.211354
v -0.087080 0.022080 0.219882
v -0.081168 0.022059 0.213394
v -0.075223 0.022048 0.211901
v -0.079361 0.022082 0.217717
v -0.073864 0.022088 0.218595
v -0.070510 0.022053 0.211103
v -0.071076 0.022042 0.208626
v -0.064884 0.022094 0.214616
v -0.062034 0.022073 0.210377
v -0.061142 0.022083 0.213591
v -0.054909 0.022063 0.209333
v -0.052785 0.022085 0.214245
v -0.049494 0.022073 0.210657
v -0.045694 0.022081 0.212200
v -0.046209 0.022088 0.214836
v -0.042079 0.022091 0.213743
v -0.041870 0.022079 0.208236
v -0.045201 0.022117 0.217812
v -0.046845 0.022164 0.223156
v -0.049463 0.022130 0.219252
v -0.050683 0.022180 0.224562
v -0.049006 0.022211 0.227302
v -0.043584 0.022179 0.224308
v -0.046429 0.022207 0.229651
v -0.039096 0.022195 0.229335
v -0.039336 0.022183 0.224639
v -0.034693 0.022185 0.228050
v -0.032814 0.022180 0.229881
v -0.029211 0.022162 0.224645
v -0.029345 0.022182 0.232171
v -0.025953 0.022174 0.229902
v -0.025563 0.022187 0.236827
v -0.022192 0.022179 0.231570
v -0.021488 0.022179 0.235643
v -0.018510 0.022177 0.231706
v -0.018668 0.022172 0.235716
v -0.015019 0.022189 0.233047
v -0.014300 0.022191 0.238915
v -0.007247 0.022203 0.238297
v -0.008731 0.022204 0.234000
v -0.010789 0.022213 0.243311
v -0.005672 0.022208 0.241716
v 0.004299 0.022208 0.242585
v -0.001421 0.022217 0.244708
v 0.001998 0.022221 0.245617
v 0.006800 0.022230 0.245914
v 0.013443 0.022196 0.239878
v 0.013066 0.022250 0.248233
v 0.007202 0.022281 0.251253
v 0.001715 0.022267 0.250206
v 0.002078 0.022318 0.255362
v 0.011282 0.022306 0.254673
v 0.014455 0.022290 0.252536
v 0.017231 0.022292 0.255002
v 0.012824 0.022316 0.257735
v 0.008323 0.022320 0.256659
v 0.006165 0.022327 0.258960
v -0.004357 0.022308 0.253242
v -0.002299 0.022259 0.249104
v -0.005298 0.022240 0.246186
v -0.008331 0.022312 0.253663
v -0.011071 0.022283 0.250484
v -0.008086 0.022246 0.247120
v -0.012495 0.022235 0.246609
v -0.018191 0.022199 0.244273
v -0.018185 0.022222 0.247255
v -0.022123 0.022207 0.247091
v -0.019509 0.022185 0.240756
v -0.026942 0.022190 0.242823
v -0.025675 0.022185 0.240904
v -0.034587 0.022199 0.239299
v -0.031083 0.022189 0.236428
v -0.037208 0.022199 0.234745
v -0.045981 0.022211 0.232479
v -0.042557 0.022212 0.234879
v -0.046377 0.022218 0.237732
v -0.050777 0.022222 0.234598
v -0.050340 0.022230 0.240578
v -0.052916 0.022223 0.235440
v -0.051861 0.022203 0.229001
v -0.055943 0.022196 0.229310
v -0.056001 0.022161 0.222949
v -0.053127 0.022128 0.218118
v -0.057253 0.022128 0.218072
v -0.058702 0.022100 0.215662
v -0.061606 0.022134 0.220580
v -0.069117 0.022105 0.218613
v -0.069699 0.022081 0.214290
v -0.070666 0.022132 0.224393
v -0.064727 0.022139 0.222751
v -0.061377 0.022170 0.226633
v -0.060019 0.022158 0.223312
v -0.060282 0.022184 0.231750
v -0.055166 0.022212 0.235849
v -0.056930 0.022215 0.240433
v -0.053179 0.022238 0.242913
v -0.056748 0.022233 0.245323
v -0.062735 0.022207 0.244071
v -0.062097 0.022232 0.252236
v -0.056808 0.022252 0.252301
v -0.053369 0.022255 0.249598
v -0.052362 0.022264 0.255634
v -0.049261 0.022255 0.252497
v -0.050160 0.022243 0.244241
v -0.047843 0.022237 0.244083
v -0.045166 0.022240 0.248878
v -0.044557 0.022216 0.243244
v -0.043959 0.022219 0.245837
v -0.039430 0.022202 0.241775
v -0.040322 0.022221 0.246340
v -0.035561 0.022211 0.243602
v -0.041277 0.022207 0.238742
v -0.035047 0.022226 0.248123
v -0.031427 0.022207 0.245473
v -0.026186 0.022208 0.246346
v -0.030903 0.022226 0.249021
v -0.024981 0.022241 0.250320
v -0.021412 0.022245 0.250761
v -0.018038 0.022262 0.250992
v -0.024164 0.022275 0.253127
v -0.015442 0.022299 0.253155
v -0.014309 0.022265 0.249611
v -0.025578 0.022291 0.256202
v -0.013864 0.022310 0.254957
v -0.007837 0.022327 0.257047
v -0.017306 0.022310 0.257920
v -0.030543 0.022274 0.254535
v -0.031405 0.022249 0.251404
v -0.037771 0.022268 0.253351
v -0.036599 0.022249 0.250691
v -0.044237 0.022261 0.254944
v -0.039565 0.022275 0.255073
v -0.034858 0.022289 0.257099
v -0.039987 0.022280 0.257094
v -0.030771 0.022294 0.258875
v -0.064557 0.022235 0.257677
v -0.068039 0.022212 0.253162
v -0.068947 0.022188 0.245781
v -0.073411 0.022190 0.252036
v -0.073883 0.022171 0.246056
v -0.075152 0.022148 0.240892
v -0.066268 0.022177 0.238557
v -0.063044 0.022178 0.234422
v -0.065840 0.022153 0.227710
v -0.069390 0.022150 0.229672
v -0.078744 0.022122 0.229032
v -0.083037 0.022100 0.224921
v -0.081414 0.022094 0.221196
v -0.086679 0.022095 0.228078
v -0.089683 0.022089 0.226195
v -0.091288 0.022088 0.222595
v -0.092939 0.022106 0.228575
v -0.094373 0.022111 0.223589
v -0.092787 0.022088 0.217189
v -0.095945 0.022118 0.219782
v -0.096547 0.022139 0.232223
v -0.090658 0.022106 0.231879
v -0.094343 0.022122 0.237869
v -0.090768 0.022109 0.237294
v -0.085820 0.022111 0.234227
v -0.086600 0.022110 0.239913
v -0.083183 0.022117 0.240075
v -0.078621 0.022128 0.237193
v -0.079379 0.022125 0.232514
v -0.072393 0.022150 0.235662
v -0.082081 0.022137 0.247177
v -0.086355 0.022125 0.248722
v -0.081200 0.022158 0.254203
v -0.086143 0.022139 0.257103
v -0.078970 0.022177 0.257533
v -0.071384 0.022226 0.259723
v -0.085904 0.022159 0.259527
v -0.090766 0.022130 0.255297
v -0.091281 0.022125 0.249685
v -0.091417 0.022113 0.241491
v -0.094128 0.022131 0.246152
v -0.096477 0.022126 0.238787
v -0.096475 0.022136 0.246603
v -0.095016 0.022136 0.252433
v -0.096533 0.022128 0.253001
v -0.096446 0.022146 0.259396
v -0.090696 0.022137 0.258142
v -0.060571 0.022262 0.259523
v -0.001710 0.022328 0.258298
v -0.022644 0.022165 0.225890
v -0.051005 0.022058 0.206772
v -0.097534 0.022153 0.223854
v -0.097492 0.022110 0.208996
v -0.097493 0.022125 0.201556
v -0.097482 0.022137 0.186105
v -0.097472 0.022098 0.180837
v -0.097491 0.022113 0.164199
v -0.097455 0.022116 0.148378
v -0.000800 0.022127 0.217133
v 0.026510 0.022265 0.258247
v 0.036035 0.022229 0.259299
v 0.040063 0.022186 0.257149
v 0.047173 0.022115 0.254638
v 0.050361 0.022093 0.257029
v 0.043381 0.022159 0.258399
v 0.050032 0.022112 0.258843
v 0.043711 0.022172 0.259958
v 0.074785 0.022004 0.260553
v 0.082425 0.021985 0.260639
v 0.094904 0.021927 0.243165
v 0.061646 0.021967 0.215638
v 0.032538 0.021994 0.204124
v 0.036920 0.021991 0.201061
v 0.040789 0.021992 0.202856
v 0.033020 0.021996 0.199101
v 0.025491 0.022003 0.200083
v 0.028722 0.022002 0.201903
v 0.008332 0.022026 0.199559
v 0.001294 0.022021 0.196558
v -0.005811 0.022023 0.197578
v -0.079883 0.022027 0.180449
v -0.002362 0.021889 0.177774
v -0.019654 0.021886 0.173924
v -0.025211 0.021892 0.174265
v 0.073376 0.021904 0.202784
v 0.076150 0.021910 0.201268
v 0.070708 0.021899 0.201179
v 0.092230 0.021896 0.183893
v 0.048077 0.021859 0.175410
v -0.001984 0.021802 0.155162
v -0.018477 0.021826 0.155690
v -0.029641 0.021861 0.140326
v -0.024407 0.021865 0.138203
v -0.031486 0.021866 0.137705
v -0.037155 0.021881 0.135825
v -0.040513 0.021872 0.138607
v -0.040055 0.021883 0.136546
v -0.042008 0.021892 0.134069
v -0.045377 0.021885 0.138496
v -0.035788 0.021863 0.140700
v -0.048966 0.021907 0.138715
v -0.053050 0.021929 0.138209
v -0.056908 0.021936 0.138538
v -0.062804 0.021936 0.132717
v -0.063576 0.021936 0.138398
v -0.059255 0.021930 0.125068
v -0.096435 0.022067 0.144105
v -0.092615 0.021996 0.121548
v -0.096495 0.022018 0.120241
v -0.096462 0.021956 0.115082
v 0.005132 0.021799 0.155326
v 0.010627 0.021808 0.156242
v 0.008129 0.021809 0.158616
v 0.006816 0.021795 0.151314
v 0.014470 0.021818 0.160195
v 0.022895 0.021826 0.162269
v 0.034008 0.021850 0.163594
v 0.039237 0.021847 0.165192
v 0.039820 0.021832 0.159074
v 0.045102 0.021842 0.164794
v 0.031857 0.021838 0.159906
v 0.035456 0.021838 0.157263
v 0.038734 0.021825 0.154833
v 0.032968 0.021822 0.153964
v 0.033575 0.021798 0.150516
v 0.040159 0.021807 0.152117
v 0.029483 0.021834 0.156781
v 0.028899 0.021803 0.152169
v 0.026249 0.021829 0.159237
v 0.025645 0.021822 0.157001
v 0.020664 0.021806 0.156710
v 0.024389 0.021784 0.152495
v 0.018940 0.021815 0.158098
v 0.016938 0.021787 0.151436
v 0.014922 0.021808 0.155135
v 0.010931 0.021792 0.150298
v 0.002185 0.021790 0.152190
v 0.002855 0.021785 0.147873
v -0.001104 0.021790 0.149023
v -0.005470 0.021796 0.148223
v -0.003314 0.021787 0.144339
v 0.004187 0.021786 0.143398
v -0.002189 0.021787 0.140361
v 0.005471 0.021790 0.140119
v -0.007643 0.021795 0.141117
v -0.013392 0.021812 0.128398
v -0.011869 0.021804 0.125715
v -0.008330 0.021807 0.130849
v -0.006701 0.021806 0.128670
v -0.004587 0.021802 0.133363
v -0.016721 0.021827 0.123774
v -0.013310 0.021813 0.124293
v -0.012000 0.021802 0.122371
v -0.018956 0.021837 0.126646
v -0.020287 0.021844 0.121067
v -0.021719 0.021831 0.129136
v -0.023166 0.021840 0.125162
v -0.023271 0.021860 0.118346
v -0.027954 0.021840 0.126168
v -0.028250 0.021851 0.121889
v -0.033413 0.021852 0.121821
v -0.039369 0.021848 0.120717
v -0.046857 0.021865 0.116195
v -0.045444 0.021855 0.112664
v -0.050208 0.021854 0.111767
v -0.047616 0.021853 0.108810
v -0.053897 0.021850 0.112176
v -0.052688 0.021849 0.109042
v -0.057551 0.021851 0.109999
v -0.054493 0.021874 0.115331
v -0.063006 0.021860 0.111274
v -0.057499 0.021861 0.106082
v -0.069246 0.021865 0.109097
v -0.065077 0.021861 0.107298
v -0.076666 0.021856 0.107331
v -0.074007 0.021860 0.106127
v -0.085628 0.021871 0.106127
v -0.096506 0.021952 0.088962
v -0.089093 0.021898 0.098144
v -0.092081 0.021915 0.094124
v -0.087517 0.021895 0.095297
v -0.083212 0.021878 0.099052
v -0.076804 0.021859 0.098560
v -0.081041 0.021864 0.103811
v -0.082543 0.021879 0.092821
v -0.087190 0.021895 0.090203
v -0.079801 0.021869 0.087005
v -0.072265 0.021867 0.093405
v -0.075596 0.021862 0.089243
v -0.070723 0.021860 0.096828
v -0.067623 0.021856 0.102067
v -0.040955 0.021841 0.102553
v -0.046549 0.021840 0.100573
v -0.040397 0.021832 0.099844
v -0.049115 0.021855 0.105403
v -0.052778 0.021859 0.100779
v -0.047267 0.021852 0.102577
v -0.050341 0.021849 0.096011
v -0.054604 0.021867 0.093009
v -0.050711 0.021852 0.091242
v -0.060594 0.021860 0.103519
v -0.057259 0.021859 0.099280
v -0.063349 0.021856 0.098050
v -0.060164 0.021863 0.094566
v -0.066637 0.021857 0.095489
v -0.062588 0.021866 0.089995
v -0.058555 0.021859 0.086937
v -0.066697 0.021865 0.086747
v -0.071701 0.021868 0.088673
v -0.071716 0.021861 0.084161
v -0.078039 0.021870 0.079614
v -0.081978 0.021885 0.081065
v -0.086009 0.021911 0.081802
v -0.085225 0.021915 0.077863
v -0.090263 0.021944 0.077488
v -0.088766 0.021937 0.071938
v -0.092377 0.021960 0.062605
v -0.088336 0.021937 0.064390
v -0.078109 0.021868 0.071218
v -0.083597 0.021905 0.072027
v -0.081994 0.021891 0.068543
v -0.077587 0.021872 0.074461
v -0.068241 0.021861 0.078142
v -0.071572 0.021864 0.075701
v -0.063730 0.021856 0.080102
v -0.059236 0.021848 0.076890
v -0.069053 0.021859 0.071822
v -0.074139 0.021859 0.069329
v -0.067538 0.021862 0.065654
v -0.054790 0.021840 0.078421
v -0.060096 0.021850 0.070512
v -0.055027 0.021854 0.086029
v -0.061487 0.021850 0.082929
v -0.045345 0.021830 0.093995
v -0.033643 0.021838 0.102656
v -0.039377 0.021844 0.107463
v -0.042318 0.021850 0.112449
v -0.039377 0.021837 0.116397
v -0.042514 0.021849 0.116431
v -0.036038 0.021849 0.118803
v -0.034097 0.021842 0.116960
v -0.029433 0.021850 0.118187
v -0.018230 0.021840 0.119557
v -0.007267 0.021794 0.123661
v -0.002039 0.021797 0.131115
v -0.006143 0.021798 0.136108
v 0.004590 0.021780 0.136678
v 0.008271 0.021785 0.144406
v 0.012685 0.021779 0.142388
v 0.016753 0.021763 0.140649
v 0.012302 0.021782 0.138333
v 0.017930 0.021752 0.144332
v 0.018690 0.021754 0.147283
v 0.014147 0.021778 0.146779
v 0.021996 0.021768 0.150769
v 0.023216 0.021740 0.147105
v 0.028690 0.021770 0.148382
v 0.028463 0.021748 0.146140
v 0.037231 0.021772 0.148639
v 0.047816 0.021837 0.156227
v 0.052980 0.021849 0.160376
v 0.045484 0.021835 0.159862
v 0.059887 0.021855 0.158864
v 0.052271 0.021836 0.154586
v 0.061583 0.021832 0.153527
v 0.066044 0.021857 0.158520
v 0.078311 0.021873 0.168602
v 0.083677 0.021878 0.172435
v 0.079215 0.021870 0.178803
v 0.089781 0.021892 0.183615
v 0.091803 0.021885 0.178775
v 0.085940 0.021880 0.178802
v 0.091144 0.021889 0.173078
v 0.084683 0.021882 0.167319
v 0.089349 0.021891 0.165941
v 0.083008 0.021880 0.164049
v 0.073409 0.021865 0.160885
v 0.081923 0.021873 0.160483
v 0.079246 0.021863 0.156240
v 0.093292 0.021895 0.165531
v 0.090214 0.021885 0.161429
v 0.094308 0.021898 0.158153
v 0.094906 0.021905 0.161039
v 0.096354 0.021918 0.163219
v 0.090530 0.021885 0.158722
v 0.084143 0.021875 0.156926
v 0.085224 0.021849 0.152313
v 0.080059 0.021838 0.152510
v 0.080220 0.021800 0.147792
v 0.075377 0.021798 0.148552
v 0.074212 0.021778 0.145455
v 0.073325 0.021832 0.152333
v 0.072035 0.021854 0.155080
v 0.067253 0.021851 0.155114
v 0.068490 0.021831 0.151793
v 0.071200 0.021794 0.147705
v 0.056698 0.021820 0.152168
v 0.057519 0.021783 0.148846
v 0.052374 0.021771 0.147699
v 0.043147 0.021774 0.148995
v 0.044801 0.021750 0.146252
v 0.035509 0.021751 0.146201
v 0.043596 0.021739 0.143809
v 0.049218 0.021731 0.140146
v 0.044203 0.021732 0.137302
v 0.046733 0.021730 0.135281
v 0.040209 0.021740 0.136798
v 0.037936 0.021739 0.128960
v 0.037503 0.021750 0.140994
v 0.041032 0.021744 0.140754
v 0.034467 0.021749 0.143226
v 0.031984 0.021748 0.139506
v 0.034699 0.021743 0.135362
v 0.028282 0.021733 0.133515
v 0.034067 0.021742 0.130787
v 0.026877 0.021740 0.143990
v 0.025262 0.021740 0.140230
v 0.021465 0.021741 0.144455
v 0.022057 0.021736 0.137120
v 0.016139 0.021754 0.134757
v 0.022400 0.021722 0.131940
v 0.018184 0.021736 0.131129
v 0.022789 0.021725 0.128659
v 0.020605 0.021732 0.126708
v 0.014006 0.021757 0.130702
v 0.017263 0.021744 0.124052
v 0.012412 0.021762 0.125648
v 0.013673 0.021757 0.120364
v 0.009618 0.021781 0.137067
v 0.007596 0.021770 0.132591
v 0.000338 0.021789 0.134640
v 0.004336 0.021777 0.128467
v 0.008882 0.021765 0.121754
v 0.000100 0.021782 0.124995
v 0.004140 0.021776 0.122504
v -0.003252 0.021792 0.128175
v -0.006377 0.021780 0.120695
v -0.006392 0.021763 0.116292
v -0.003281 0.021771 0.117200
v -0.011214 0.021778 0.118450
v -0.008095 0.021754 0.112804
v -0.011423 0.021761 0.112749
v -0.013883 0.021784 0.115701
v -0.014889 0.021808 0.119114
v -0.016983 0.021812 0.115055
v -0.018463 0.021824 0.112677
v -0.018863 0.021823 0.109807
v -0.013376 0.021771 0.109633
v -0.020324 0.021845 0.116392
v -0.026005 0.021861 0.116515
v -0.024470 0.021844 0.113531
v -0.031060 0.021846 0.113269
v -0.037729 0.021841 0.113255
v -0.032373 0.021840 0.107834
v -0.025611 0.021829 0.106241
v -0.026383 0.021825 0.101124
v -0.023531 0.021834 0.110867
v -0.021982 0.021814 0.100835
v -0.019645 0.021814 0.107271
v -0.015415 0.021778 0.107039
v -0.004547 0.021746 0.109378
v -0.008621 0.021740 0.106541
v 0.000227 0.021751 0.110630
v -0.002607 0.021749 0.112663
v 0.001437 0.021756 0.114263
v 0.000585 0.021774 0.118984
v 0.006132 0.021759 0.117301
v 0.010748 0.021753 0.115760
v 0.017137 0.021737 0.117518
v 0.022039 0.021728 0.121310
v 0.027138 0.021735 0.121197
v 0.027679 0.021735 0.126601
v 0.044071 0.021730 0.127148
v 0.042235 0.021720 0.120151
v 0.036864 0.021736 0.123884
v 0.032891 0.021744 0.124922
v 0.035454 0.021729 0.117926
v 0.031211 0.021736 0.118004
v 0.031513 0.021723 0.113717
v 0.034234 0.021721 0.111082
v 0.029637 0.021724 0.109829
v 0.028963 0.021710 0.107214
v 0.035562 0.021709 0.106762
v 0.027644 0.021730 0.115917
v 0.024980 0.021718 0.113142
v 0.022540 0.021722 0.116223
v 0.021298 0.021714 0.112687
v 0.017747 0.021721 0.114178
v 0.018014 0.021724 0.111927
v 0.012919 0.021743 0.113011
v 0.018146 0.021726 0.109797
v 0.012927 0.021736 0.108355
v 0.018597 0.021714 0.107859
v 0.006322 0.021747 0.111465
v 0.005894 0.021736 0.108391
v -0.001391 0.021733 0.105959
v 0.000246 0.021714 0.103006
v -0.008722 0.021720 0.101104
v 0.000189 0.021682 0.095625
v -0.008099 0.021702 0.096197
v -0.007281 0.021695 0.092935
v -0.000305 0.021678 0.091037
v -0.012342 0.021714 0.093208
v -0.011959 0.021713 0.089753
v -0.008137 0.021702 0.087585
v -0.016107 0.021752 0.090848
v -0.015096 0.021739 0.086862
v -0.017820 0.021772 0.094794
v -0.018453 0.021773 0.087558
v -0.004244 0.021706 0.099746
v -0.012940 0.021724 0.097464
v -0.011613 0.021737 0.103388
v -0.016477 0.021773 0.102899
v -0.017240 0.021769 0.100065
v -0.020230 0.021809 0.103152
v -0.021280 0.021802 0.091497
v -0.022813 0.021815 0.095650
v -0.025483 0.021820 0.094011
v -0.033142 0.021827 0.096528
v -0.028901 0.021820 0.092626
v -0.033569 0.021827 0.091737
v -0.039159 0.021831 0.095555
v -0.040753 0.021830 0.091438
v -0.046366 0.021833 0.088852
v -0.040315 0.021824 0.087919
v -0.044828 0.021807 0.082121
v -0.039962 0.021799 0.082055
v -0.050698 0.021840 0.086143
v -0.047788 0.021811 0.079255
v -0.051731 0.021830 0.075527
v -0.048586 0.021808 0.074398
v -0.048706 0.021809 0.070602
v -0.051784 0.021837 0.067911
v -0.047034 0.021806 0.066055
v -0.045846 0.021793 0.060158
v -0.050163 0.021823 0.060877
v -0.048761 0.021807 0.056945
v -0.044816 0.021786 0.054991
v -0.049434 0.021817 0.053655
v -0.052621 0.021839 0.055139
v -0.054581 0.021855 0.052784
v -0.049032 0.021826 0.049656
v -0.052693 0.021844 0.062969
v -0.056649 0.021854 0.059020
v -0.054652 0.021849 0.068786
v -0.056712 0.021857 0.062892
v -0.062028 0.021862 0.063602
v -0.065249 0.021873 0.059583
v -0.061494 0.021865 0.055581
v -0.057791 0.021864 0.051242
v -0.056711 0.021878 0.046671
v -0.052827 0.021864 0.046572
v -0.055686 0.021878 0.041777
v -0.058826 0.021883 0.044118
v -0.062050 0.021879 0.048267
v -0.064178 0.021879 0.045157
v -0.059913 0.021881 0.037609
v -0.063856 0.021882 0.037847
v -0.063868 0.021872 0.051222
v -0.069534 0.021882 0.050192
v -0.070550 0.021886 0.043632
v -0.072792 0.021883 0.047471
v -0.078028 0.021893 0.047662
v -0.075877 0.021885 0.051240
v -0.070843 0.021881 0.056699
v -0.070257 0.021869 0.061889
v -0.073894 0.021870 0.062969
v -0.079121 0.021895 0.056479
v -0.077367 0.021869 0.067240
v -0.081304 0.021896 0.062182
v -0.086838 0.021931 0.057815
v -0.087736 0.021930 0.048666
v -0.083318 0.021913 0.048371
v -0.090588 0.021939 0.053497
v -0.092257 0.021943 0.049217
v -0.093627 0.021949 0.054567
v -0.096548 0.021971 0.051771
v -0.087405 0.021927 0.043127
v -0.092879 0.021956 0.042899
v -0.086917 0.021923 0.039086
v -0.082294 0.021909 0.042898
v -0.077551 0.021898 0.040040
v -0.068862 0.021887 0.030751
v -0.077670 0.021893 0.026164
v -0.071780 0.021889 0.025089
v -0.071774 0.021891 0.037057
v -0.083694 0.021911 0.035178
v -0.079167 0.021900 0.030829
v -0.085347 0.021916 0.024454
v -0.083530 0.021902 0.019234
v -0.077168 0.021886 0.020871
v -0.081914 0.021896 0.016267
v -0.084922 0.021919 0.030606
v -0.089284 0.021941 0.032230
v -0.092944 0.021965 0.037887
v -0.093832 0.021977 0.028033
v -0.096453 0.022009 0.026405
v -0.096436 0.021987 0.018598
v -0.089778 0.021941 0.023670
v -0.090718 0.021938 0.017608
v -0.093374 0.021935 0.010864
v -0.096494 0.021969 0.011829
v -0.096415 0.021950 0.004908
v -0.092320 0.021907 0.004983
v -0.089962 0.021919 0.012538
v -0.074876 0.021885 0.015425
v -0.063816 0.021883 0.022295
v -0.060699 0.021883 0.029031
v -0.051843 0.021863 0.043607
v -0.044243 0.021799 0.048087
v -0.042556 0.021783 0.059979
v -0.041645 0.021789 0.068195
v -0.041704 0.021784 0.074595
v -0.045273 0.021793 0.072107
v -0.034963 0.021789 0.080003
v -0.036717 0.021785 0.076110
v -0.029710 0.021777 0.075728
v -0.032833 0.021781 0.073301
v -0.025069 0.021803 0.084846
v -0.033997 0.021807 0.084316
v -0.023759 0.021806 0.088099
v -0.030652 0.021818 0.087288
v -0.012246 0.021723 0.085720
v 0.006045 0.021656 0.093595
v 0.004835 0.021665 0.096363
v 0.008284 0.021661 0.096728
v 0.010550 0.021694 0.101807
v 0.004816 0.021681 0.099602
v 0.012365 0.021718 0.104682
v 0.008694 0.021718 0.105762
v 0.017089 0.021712 0.104892
v 0.023173 0.021712 0.109331
v 0.022965 0.021697 0.105887
v 0.022223 0.021685 0.102206
v 0.027024 0.021699 0.104547
v 0.013829 0.021682 0.099690
v 0.019878 0.021658 0.097604
v 0.013216 0.021659 0.096068
v 0.016441 0.021649 0.094558
v 0.028621 0.021660 0.096600
v 0.022969 0.021645 0.095840
v 0.026617 0.021647 0.093910
v 0.021850 0.021635 0.092744
v 0.017740 0.021646 0.091204
v 0.011770 0.021655 0.092697
v 0.011741 0.021654 0.089986
v 0.006077 0.021652 0.086916
v 0.010636 0.021645 0.085543
v 0.000952 0.021670 0.087861
v -0.004976 0.021696 0.084338
v -0.013626 0.021736 0.083283
v -0.008580 0.021702 0.079800
v -0.012772 0.021718 0.077998
v -0.017469 0.021759 0.079972
v -0.018186 0.021774 0.083599
v -0.022594 0.021785 0.081570
v -0.026909 0.021779 0.079174
v -0.024384 0.021772 0.074536
v -0.015076 0.021728 0.071081
v -0.019723 0.021767 0.076210
v -0.018739 0.021752 0.068978
v -0.028094 0.021767 0.069735
v -0.022192 0.021763 0.069344
v -0.036106 0.021783 0.068021
v -0.030817 0.021776 0.064946
v -0.039196 0.021791 0.063460
v -0.032621 0.021777 0.060894
v -0.037994 0.021789 0.060505
v -0.034820 0.021775 0.055648
v -0.040691 0.021781 0.055731
v -0.034616 0.021775 0.051049
v -0.042191 0.021785 0.051194
v -0.037733 0.021788 0.047316
v -0.025510 0.021769 0.053552
v -0.030624 0.021765 0.054574
v -0.027968 0.021774 0.050353
v -0.026958 0.021763 0.058777
v -0.022818 0.021763 0.063543
v -0.025567 0.021765 0.065871
v -0.016140 0.021726 0.063414
v -0.009780 0.021695 0.074776
v -0.011501 0.021697 0.070160
v -0.005642 0.021671 0.071842
v -0.002685 0.021665 0.078171
v 0.000576 0.021664 0.081953
v 0.003936 0.021640 0.079773
v 0.010491 0.021625 0.079403
v 0.014928 0.021623 0.082076
v 0.011332 0.021638 0.083238
v 0.018298 0.021609 0.082609
v 0.017971 0.021637 0.086634
v 0.021551 0.021636 0.089702
v 0.023209 0.021628 0.086145
v 0.029603 0.021642 0.087960
v 0.027867 0.021647 0.090724
v 0.034160 0.021659 0.091635
v 0.031936 0.021656 0.093705
v 0.028711 0.021680 0.100911
v 0.034654 0.021699 0.102715
v 0.039045 0.021698 0.101110
v 0.038861 0.021711 0.110350
v 0.043292 0.021715 0.114768
v 0.038760 0.021716 0.117236
v 0.046984 0.021740 0.122421
v 0.048368 0.021737 0.131976
v 0.051482 0.021754 0.126243
v 0.054085 0.021753 0.133110
v 0.059579 0.021755 0.141961
v 0.060316 0.021757 0.137599
v 0.064382 0.021763 0.144251
v 0.052872 0.021747 0.144282
v 0.062750 0.021771 0.146332
v 0.063587 0.021796 0.149129
v 0.081110 0.021786 0.144348
v 0.073268 0.021766 0.138603
v 0.070165 0.021770 0.142904
v 0.068506 0.021761 0.133893
v 0.059870 0.021754 0.132740
v 0.064382 0.021758 0.130339
v 0.059233 0.021760 0.128955
v 0.063445 0.021760 0.125530
v 0.056428 0.021758 0.125027
v 0.059863 0.021750 0.121787
v 0.054257 0.021739 0.117892
v 0.051985 0.021753 0.122601
v 0.051084 0.021734 0.116003
v 0.047465 0.021726 0.115649
v 0.050606 0.021718 0.107665
v 0.043691 0.021715 0.109025
v 0.047415 0.021713 0.103497
v 0.043578 0.021694 0.098712
v 0.050952 0.021703 0.097547
v 0.040133 0.021661 0.092046
v 0.044116 0.021674 0.092428
v 0.033781 0.021669 0.097386
v 0.037169 0.021659 0.092043
v 0.030806 0.021634 0.085826
v 0.037246 0.021623 0.084323
v 0.048531 0.021691 0.093850
v 0.044489 0.021652 0.087272
v 0.051613 0.021679 0.090481
v 0.056082 0.021694 0.096627
v 0.061800 0.021675 0.092301
v 0.066906 0.021680 0.095509
v 0.061802 0.021694 0.099561
v 0.070409 0.021690 0.099396
v 0.056156 0.021709 0.103380
v 0.059108 0.021710 0.109107
v 0.055406 0.021710 0.106770
v 0.060931 0.021726 0.114946
v 0.063355 0.021712 0.109461
v 0.064847 0.021735 0.116264
v 0.070525 0.021718 0.109304
v 0.077406 0.021738 0.114529
v 0.068686 0.021749 0.119028
v 0.073593 0.021761 0.123604
v 0.064977 0.021760 0.122550
v 0.077520 0.021766 0.130525
v 0.070657 0.021761 0.126939
v 0.081830 0.021781 0.136738
v 0.077203 0.021775 0.138400
v 0.089178 0.021792 0.140488
v 0.089470 0.021805 0.146275
v 0.093416 0.021802 0.140646
v 0.090381 0.021779 0.133248
v 0.085606 0.021775 0.132611
v 0.089121 0.021764 0.126762
v 0.082152 0.021764 0.126142
v 0.084233 0.021758 0.122347
v 0.074815 0.021750 0.119371
v 0.082661 0.021741 0.115992
v 0.094611 0.021701 0.104854
v 0.092467 0.021698 0.105433
v 0.087419 0.021699 0.102616
v 0.083507 0.021714 0.107888
v 0.089420 0.021705 0.108773
v 0.077175 0.021719 0.108402
v 0.080745 0.021711 0.103680
v 0.070498 0.021706 0.103444
v 0.081774 0.021684 0.096351
v 0.091417 0.021676 0.093900
v 0.087574 0.021679 0.095222
v 0.090242 0.021658 0.089097
v 0.076436 0.021654 0.088880
v 0.082629 0.021661 0.089517
v 0.076295 0.021681 0.096788
v 0.069412 0.021657 0.089818
v 0.081518 0.021609 0.080606
v 0.077561 0.021637 0.085300
v 0.071728 0.021613 0.082765
v 0.057559 0.021668 0.089264
v 0.063398 0.021633 0.085475
v 0.061529 0.021606 0.081818
v 0.069102 0.021595 0.079254
v 0.055602 0.021636 0.085187
v 0.048627 0.021645 0.085492
v 0.049711 0.021622 0.082706
v 0.049101 0.021602 0.079697
v 0.053956 0.021595 0.079048
v 0.044479 0.021592 0.077285
v 0.042074 0.021615 0.082452
v 0.034364 0.021592 0.080526
v 0.040123 0.021583 0.074210
v 0.049615 0.021583 0.073931
v 0.023022 0.021603 0.082812
v 0.022659 0.021571 0.078524
v 0.019405 0.021577 0.076621
v 0.021175 0.021569 0.073057
v 0.023841 0.021565 0.072762
v 0.022751 0.021566 0.064896
v 0.026351 0.021569 0.068818
v 0.027689 0.021569 0.061626
v 0.017616 0.021590 0.071708
v 0.016972 0.021598 0.066265
v 0.017675 0.021584 0.062228
v 0.020757 0.021564 0.060217
v 0.023350 0.021555 0.057827
v 0.015001 0.021600 0.059972
v 0.018384 0.021577 0.052637
v 0.016451 0.021599 0.078403
v 0.014290 0.021613 0.070879
v 0.012672 0.021622 0.066553
v 0.011014 0.021621 0.074069
v 0.006152 0.021630 0.076498
v 0.007589 0.021629 0.069456
v 0.000563 0.021650 0.075054
v 0.002446 0.021639 0.066548
v 0.002877 0.021638 0.062382
v -0.002126 0.021657 0.060399
v 0.003591 0.021642 0.059510
v -0.003215 0.021662 0.068103
v -0.010018 0.021688 0.065671
v -0.007404 0.021678 0.060957
v -0.008432 0.021679 0.053446
v -0.003436 0.021661 0.052931
v -0.012433 0.021696 0.057725
v -0.016077 0.021725 0.059833
v -0.014195 0.021702 0.054432
v -0.018569 0.021736 0.054454
v -0.019705 0.021745 0.059234
v -0.022268 0.021767 0.051918
v -0.013721 0.021703 0.050268
v -0.018631 0.021749 0.048837
v -0.013958 0.021713 0.045052
v -0.011998 0.021701 0.034252
v -0.015091 0.021724 0.039758
v -0.018366 0.021752 0.036505
v -0.023407 0.021789 0.039360
v -0.025263 0.021785 0.033544
v -0.021030 0.021767 0.030768
v -0.028646 0.021797 0.035108
v -0.032403 0.021791 0.027824
v -0.024788 0.021781 0.027333
v -0.029119 0.021785 0.022238
v -0.030952 0.021801 0.037121
v -0.037003 0.021794 0.027657
v -0.034097 0.021782 0.022407
v -0.039798 0.021795 0.023819
v -0.042141 0.021797 0.026745
v -0.043097 0.021789 0.019908
v -0.039562 0.021794 0.031886
v -0.023297 0.021787 0.043005
v -0.018842 0.021758 0.044141
v -0.027304 0.021788 0.044912
v -0.032253 0.021794 0.042954
v -0.038039 0.021789 0.041660
v -0.034985 0.021796 0.040034
v -0.041050 0.021792 0.041028
v -0.042090 0.021794 0.035998
v -0.045213 0.021799 0.032578
v -0.045460 0.021801 0.027919
v -0.045928 0.021803 0.021206
v -0.049806 0.021833 0.029360
v -0.044956 0.021802 0.039288
v -0.047609 0.021828 0.045246
v -0.047496 0.021818 0.038549
v -0.051905 0.021854 0.039695
v -0.050937 0.021838 0.034125
v -0.055667 0.021874 0.031955
v -0.053675 0.021867 0.029016
v -0.055119 0.021876 0.025777
v -0.058874 0.021880 0.024461
v -0.054332 0.021861 0.017841
v -0.052572 0.021858 0.022505
v -0.049462 0.021829 0.021257
v -0.038703 0.021782 0.020014
v -0.025047 0.021786 0.023057
v -0.016146 0.021727 0.031004
v -0.011476 0.021697 0.043531
v -0.009283 0.021691 0.048168
v -0.004279 0.021669 0.049087
v 0.001232 0.021646 0.055318
v 0.009326 0.021627 0.063262
v 0.008544 0.021625 0.056897
v 0.003610 0.021634 0.052762
v 0.008719 0.021625 0.050793
v 0.014361 0.021606 0.053569
v 0.021525 0.021558 0.052332
v 0.031007 0.021575 0.062089
v 0.032281 0.021569 0.065343
v 0.034852 0.021567 0.063438
v 0.034509 0.021572 0.070850
v 0.030072 0.021577 0.077768
v 0.045419 0.021578 0.068838
v 0.045495 0.021575 0.065997
v 0.051933 0.021584 0.067648
v 0.062903 0.021584 0.070285
v 0.053038 0.021581 0.070608
v 0.069113 0.021582 0.074762
v 0.068147 0.021580 0.070497
v 0.072841 0.021579 0.071351
v 0.073949 0.021579 0.065897
v 0.081729 0.021589 0.071075
v 0.079863 0.021587 0.065508
v 0.087068 0.021602 0.067074
v 0.090198 0.021605 0.073123
v 0.091353 0.021607 0.066640
v 0.094711 0.021614 0.069546
v 0.091959 0.021608 0.059366
v 0.089663 0.021597 0.057219
v 0.092728 0.021594 0.055491
v 0.087030 0.021569 0.050582
v 0.087851 0.021600 0.061906
v 0.082588 0.021587 0.062170
v 0.085974 0.021581 0.058327
v 0.085309 0.021571 0.055434
v 0.078449 0.021573 0.060609
v 0.079512 0.021561 0.053034
v 0.069379 0.021563 0.056800
v 0.073490 0.021554 0.050019
v 0.064454 0.021558 0.053273
v 0.067151 0.021553 0.047206
v 0.072906 0.021560 0.042385
v 0.067155 0.021559 0.040864
v 0.061677 0.021558 0.046470
v 0.064702 0.021562 0.038254
v 0.069489 0.021573 0.062126
v 0.074864 0.021566 0.059633
v 0.061186 0.021571 0.060596
v 0.068647 0.021580 0.066197
v 0.058377 0.021574 0.063298
v 0.061047 0.021583 0.066243
v 0.050713 0.021574 0.064256
v 0.053302 0.021565 0.059115
v 0.053861 0.021557 0.055025
v 0.044027 0.021559 0.059447
v 0.039956 0.021569 0.066178
v 0.042122 0.021561 0.061953
v 0.037592 0.021566 0.057936
v 0.042197 0.021562 0.055990
v 0.036412 0.021569 0.053036
v 0.030533 0.021569 0.054918
v 0.034561 0.021563 0.048710
v 0.035311 0.021561 0.043143
v 0.030358 0.021562 0.042753
v 0.031797 0.021565 0.037781
v 0.025221 0.021559 0.039058
v 0.028307 0.021556 0.049615
v 0.025694 0.021558 0.054200
v 0.023676 0.021548 0.047636
v 0.027533 0.021554 0.044546
v 0.020780 0.021559 0.047073
v 0.020579 0.021568 0.039679
v 0.018171 0.021579 0.044384
v 0.016165 0.021595 0.041248
v 0.015031 0.021606 0.048752
v 0.012815 0.021619 0.045706
v 0.010790 0.021624 0.043816
v 0.007376 0.021632 0.045010
v 0.001616 0.021646 0.049293
v 0.000975 0.021654 0.044924
v -0.006250 0.021680 0.044258
v -0.000210 0.021654 0.039068
v -0.008295 0.021687 0.038068
v -0.004555 0.021665 0.033157
v -0.010715 0.021682 0.029212
v -0.005187 0.021659 0.029366
v -0.010336 0.021691 0.023110
v -0.005821 0.021670 0.024750
v 0.008701 0.021631 0.027123
v -0.000222 0.021644 0.029334
v 0.002621 0.021652 0.024728
v 0.007997 0.021622 0.030254
v 0.010299 0.021621 0.034240
v 0.003878 0.021635 0.033753
v 0.007636 0.021626 0.038853
v 0.013247 0.021612 0.037801
v 0.017403 0.021588 0.037010
v 0.020937 0.021577 0.033103
v 0.039608 0.021560 0.043092
v 0.044784 0.021564 0.044404
v 0.041198 0.021565 0.050273
v 0.046619 0.021559 0.054049
v 0.054793 0.021555 0.050183
v 0.051388 0.021557 0.047993
v 0.054362 0.021559 0.042920
v 0.048880 0.021565 0.040892
v 0.040780 0.021568 0.037249
v 0.048923 0.021571 0.035042
v 0.037396 0.021561 0.033042
v 0.042024 0.021562 0.032630
v 0.030304 0.021568 0.033265
v 0.032551 0.021561 0.029442
v 0.042942 0.021561 0.029437
v 0.039003 0.021569 0.025783
v 0.045022 0.021568 0.027105
v 0.048398 0.021567 0.032162
v 0.058459 0.021557 0.032039
v 0.056410 0.021558 0.028440
v 0.056931 0.021559 0.039413
v 0.052560 0.021563 0.035715
v 0.080415 0.021565 0.044459
v 0.089220 0.021570 0.044433
v 0.084847 0.021564 0.044133
v 0.084692 0.021570 0.037432
v 0.071691 0.021566 0.036233
v 0.076888 0.021563 0.033896
v 0.071662 0.021561 0.028521
v 0.076989 0.021557 0.029337
v 0.062395 0.021559 0.034247
v 0.063721 0.021564 0.027277
v 0.061246 0.021559 0.026078
v 0.060891 0.021564 0.021797
v 0.055756 0.021562 0.021878
v 0.060438 0.021561 0.015759
v 0.056273 0.021563 0.014671
v 0.052558 0.021571 0.015224
v 0.055788 0.021569 0.008485
v 0.051476 0.021569 0.024765
v 0.048372 0.021582 0.018752
v 0.050995 0.021584 0.011246
v 0.047780 0.021598 0.012226
v 0.048416 0.021596 0.005590
v 0.044588 0.021579 0.023529
v 0.041381 0.021586 0.019283
v 0.035239 0.021592 0.017664
v 0.041774 0.021604 0.010946
v 0.043992 0.021603 0.005288
v 0.030255 0.021603 0.015387
v 0.030626 0.021616 0.009398
v 0.037653 0.021603 0.005718
v 0.025592 0.021621 0.010258
v 0.021996 0.021632 0.005332
v 0.030149 0.021614 0.006617
v 0.022430 0.021620 0.012212
v 0.015577 0.021668 0.007517
v 0.016360 0.021650 0.010845
v 0.018631 0.021625 0.014364
v 0.023744 0.021593 0.018906
v 0.012139 0.021672 0.009912
v 0.008820 0.021687 0.008487
v 0.011611 0.021688 0.005168
v 0.005019 0.021693 0.006467
v 0.000591 0.021688 0.009846
v 0.004345 0.021677 0.012261
v -0.000785 0.021679 0.013158
v -0.005585 0.021697 0.009863
v -0.002681 0.021695 0.006264
v -0.009625 0.021704 0.005489
v -0.013358 0.021728 0.008090
v -0.012254 0.021713 0.013367
v 0.006544 0.021666 0.015482
v 0.013242 0.021649 0.015028
v 0.034055 0.021579 0.023536
v 0.029030 0.021573 0.025408
v 0.024548 0.021575 0.025252
v 0.020032 0.021575 0.029853
v 0.019224 0.021589 0.025708
v 0.014545 0.021606 0.029893
v 0.015798 0.021618 0.022022
v 0.020833 0.021593 0.020577
v 0.010080 0.021639 0.024092
v 0.010941 0.021642 0.019832
v 0.003076 0.021664 0.018952
v -0.001329 0.021662 0.022231
v -0.004987 0.021679 0.019377
v -0.008921 0.021697 0.015099
v -0.013196 0.021706 0.023501
v -0.014951 0.021731 0.014805
v -0.017558 0.021749 0.023509
v -0.017993 0.021756 0.016377
v -0.018885 0.021774 0.009868
v -0.020277 0.021796 0.004018
v -0.022097 0.021799 0.007551
v -0.028973 0.021804 0.006218
v -0.023426 0.021791 0.010507
v -0.020891 0.021777 0.022432
v -0.021041 0.021776 0.016603
v -0.023445 0.021787 0.019433
v -0.026692 0.021786 0.016342
v -0.030972 0.021780 0.017000
v -0.029549 0.021796 0.010618
v -0.037412 0.021793 0.010251
v -0.036354 0.021801 0.006696
v -0.031969 0.021804 0.004345
v -0.034643 0.021782 0.013780
v -0.036518 0.021774 0.017560
v -0.040177 0.021780 0.013578
v -0.042852 0.021783 0.015698
v -0.045170 0.021792 0.013384
v -0.043897 0.021805 0.007309
v -0.042436 0.021804 0.004085
v -0.049151 0.021818 0.014992
v -0.049041 0.021825 0.011719
v -0.049700 0.021836 0.006079
v -0.050030 0.021835 0.003801
v -0.053228 0.021856 0.010630
v -0.054461 0.021862 0.004956
v -0.056184 0.021867 0.009570
v -0.062300 0.021871 0.006601
v -0.057112 0.021871 0.019326
v -0.057209 0.021863 0.014273
v -0.062189 0.021872 0.016211
v -0.070013 0.021882 0.017661
v -0.068726 0.021881 0.011630
v -0.061780 0.021873 0.010321
v -0.078058 0.021893 0.012709
v -0.079388 0.021891 0.009713
v -0.086191 0.021902 0.010838
v -0.083837 0.021889 0.006890
v -0.088191 0.021889 0.005309
v -0.094292 0.021918 0.002698
v -0.096508 0.021919 0.002654
v -0.081499 0.021870 0.004966
v -0.089566 0.021874 0.002713
v -0.079242 0.021854 0.003257
v -0.073391 0.021861 0.004982
v -0.068659 0.021871 0.006738
v -0.075953 0.021877 0.007229
v -0.059908 0.021864 0.003820
v -0.014953 0.021737 0.005028
v -0.006843 0.021689 0.003925
v -0.000025 0.021693 0.004346
v -0.002581 0.021672 0.002141
v 0.001965 0.021680 0.002133
v 0.007468 0.021686 0.003780
v 0.017194 0.021660 0.005120
v 0.027892 0.021610 0.003793
v 0.063732 0.021554 0.011611
v 0.060783 0.021566 0.007233
v 0.064461 0.021562 0.007098
v 0.066832 0.021558 0.011014
v 0.057741 0.021570 0.005122
v 0.050526 0.021582 0.003814
v 0.053286 0.021567 0.002202
v 0.063814 0.021563 0.003574
v 0.068869 0.021564 0.008443
v 0.067210 0.021562 0.016595
v 0.072204 0.021564 0.019022
v 0.066631 0.021569 0.021966
v 0.078943 0.021559 0.022268
v 0.083528 0.021561 0.028202
v 0.086238 0.021558 0.022337
v 0.086643 0.021566 0.033086
v 0.092745 0.021569 0.031233
v 0.088167 0.021560 0.018600
v 0.084726 0.021560 0.013557
v 0.091576 0.021557 0.019108
v 0.080457 0.021565 0.010826
v 0.088910 0.021557 0.007110
v 0.073742 0.021560 0.013645
v 0.077090 0.021569 0.006629
v 0.069968 0.021563 0.005932
v 0.072354 0.021557 0.002223
v 0.083193 0.021569 0.006071
v 0.078044 0.021569 0.003813
v 0.083686 0.021563 0.003802
v 0.092015 0.021548 0.005361
v 0.094007 0.021530 0.003161
v 0.095723 0.021558 0.005261
v 0.094898 0.021555 0.010361
v 0.094734 0.021566 0.021250
v 0.092090 0.021552 0.012054
v 0.095170 0.021584 0.033924
v 0.094878 0.021596 0.044628
v 0.092027 0.021577 0.040171
v 0.092676 0.021585 0.050500
v 0.095182 0.021610 0.060894
v 0.093506 0.021607 0.076470
v 0.094631 0.021618 0.079841
v 0.089585 0.021606 0.078418
v 0.094327 0.021645 0.085584
v 0.092154 0.021625 0.082517
v 0.095042 0.021678 0.090799
v 0.094261 0.021689 0.096455
v 0.093443 0.021711 0.110755
v 0.094885 0.021739 0.115366
v 0.091088 0.021742 0.117135
v 0.093989 0.021770 0.121492
v 0.094576 0.021785 0.126968
v 0.092133 0.021772 0.127242
v 0.095171 0.021800 0.133694
v 0.096302 0.021832 0.147268
v 0.095039 0.021871 0.152177
v 0.090667 0.021824 0.148906
v 0.090541 0.021884 0.156110
v 0.094892 0.021905 0.174776
v 0.096641 0.021924 0.185195
v 0.096637 0.021917 0.175449
v 0.096355 0.021923 0.191487
v 0.094705 0.021898 0.203897
v 0.097557 0.021901 0.212159
v 0.096611 0.021905 0.205260
v 0.097563 0.021927 0.199727
v 0.094538 0.021893 0.213578
v 0.095717 0.021911 0.216987
v 0.096048 0.021942 0.230703
v 0.095507 0.021937 0.249645
v 0.089512 0.021962 0.260266
v 0.070931 0.022071 0.263734
v 0.070289 0.022045 0.262503
v 0.082834 0.022010 0.262548
v 0.060606 0.022097 0.262483
v 0.068015 0.022035 0.261186
v 0.059124 0.022080 0.261189
v 0.056430 0.022075 0.259523
v 0.049888 0.022192 0.263042
v 0.049078 0.022151 0.261129
v 0.039740 0.022229 0.261492
v 0.033650 0.022300 0.263017
v 0.027308 0.022286 0.260674
v 0.018998 0.022302 0.258972
v 0.024307 0.022339 0.262847
v 0.016626 0.022340 0.261275
v 0.008290 0.022377 0.262518
v 0.008515 0.022342 0.260378
v 0.002877 0.022342 0.260926
v -0.001741 0.022375 0.262846
v -0.002417 0.022345 0.261045
v -0.010624 0.022342 0.260725
v -0.015117 0.022360 0.262925
v -0.016349 0.022327 0.260660
v -0.021200 0.022324 0.262018
v -0.022049 0.022306 0.260148
v -0.026081 0.022319 0.262155
v -0.031515 0.022303 0.260347
v -0.040321 0.022330 0.262800
v -0.039476 0.022295 0.260388
v -0.040672 0.022276 0.258304
v -0.046222 0.022310 0.261794
v -0.046787 0.022280 0.259046
v -0.054137 0.022304 0.261311
v -0.057744 0.022332 0.264481
v -0.059796 0.022292 0.262097
v -0.061894 0.022328 0.265004
v -0.066457 0.022273 0.262072
v -0.079041 0.022261 0.263258
v -0.078311 0.022222 0.261536
v -0.080476 0.022188 0.259746
v -0.086588 0.022184 0.261585
v -0.098038 0.022174 0.231009
v -0.097483 0.022146 0.238615
v -0.097478 0.022153 0.248754
v -0.097476 0.022140 0.253130
v -0.097309 0.022161 0.261495
v -0.092016 0.022163 0.261533
v 0.093500 0.021954 0.262074
v 0.097502 0.021943 0.262240
v 0.093964 0.021983 0.263716
v 0.097546 0.021978 0.264674
v 0.089574 0.022022 0.263752
v 0.079442 0.022045 0.263735
v 0.084517 0.022049 0.264827
v 0.090354 0.022028 0.264881
v 0.074440 0.022067 0.264868
v 0.065052 0.022121 0.264820
v 0.060337 0.022134 0.263710
v 0.053890 0.022219 0.264828
v 0.047321 0.022293 0.265846
v 0.042257 0.022277 0.264228
v 0.033239 0.022333 0.264478
v 0.040324 0.022332 0.265901
v 0.028874 0.022408 0.265935
v 0.023204 0.022384 0.264604
v 0.015697 0.022448 0.265911
v 0.015698 0.022398 0.264242
v 0.012414 0.022381 0.262993
v 0.006379 0.022423 0.264732
v -0.000989 0.022413 0.264708
v -0.012096 0.022404 0.264640
v -0.021814 0.022342 0.264118
v -0.032407 0.022351 0.264397
v -0.032477 0.022330 0.262698
v -0.042359 0.022351 0.264453
v -0.052803 0.022348 0.264362
v -0.045612 0.022390 0.265896
v -0.030903 0.022397 0.265908
v -0.023206 0.022390 0.265890
v -0.012213 0.022445 0.265925
v -0.003920 0.022442 0.265876
v -0.052903 0.022397 0.265899
v -0.061107 0.022358 0.265924
v -0.069352 0.022363 0.265886
v -0.069778 0.022313 0.264218
v -0.078889 0.022323 0.265607
v -0.086283 0.022314 0.266434
v -0.094072 0.022235 0.264190
v -0.095249 0.022197 0.262973
v -0.097506 0.022215 0.264744
v -0.097459 0.022176 0.262955
v -0.089166 0.022289 0.265925
v -0.097386 0.022277 0.266054
v -0.071317 0.022365 0.266619
v -0.060003 0.022362 0.266612
v -0.052760 0.022391 0.266638
v -0.046287 0.022384 0.266651
v -0.031542 0.022396 0.266652
v -0.021543 0.022394 0.266652
v -0.011888 0.022452 0.266680
v -0.004404 0.022452 0.266680
v 0.001667 0.022473 0.266692
v 0.002782 0.022462 0.265917
v 0.012097 0.022465 0.266675
v 0.024036 0.022425 0.266669
v 0.037781 0.022357 0.266629
v 0.047128 0.022318 0.266639
v 0.096270 0.021964 0.264882
v 0.097540 0.021915 0.256631
v 0.097524 0.021924 0.249822
v 0.097547 0.021905 0.240107
v 0.097527 0.021922 0.234786
v 0.097560 0.021959 0.226598
v 0.097581 0.021933 0.221467
v 0.097549 0.021942 0.188964
v 0.097562 0.021936 0.177325
v 0.097561 0.021922 0.168577
v 0.097576 0.021937 0.162577
v 0.097582 0.021919 0.155352
v 0.097585 0.021848 0.147568
v 0.097562 0.021831 0.137019
v 0.097559 0.021818 0.128777
v 0.097620 0.021822 0.123489
v 0.097577 0.021791 0.118708
v 0.097552 0.021739 0.113356
v 0.097539 0.021726 0.105517
v 0.097528 0.021707 0.099301
v 0.097561 0.021700 0.090666
v 0.097482 0.021635 0.079501
v 0.097541 0.021634 0.075310
v 0.097524 0.021630 0.062969
v 0.097513 0.021618 0.057026
v 0.097501 0.021624 0.052303
v 0.097467 0.021625 0.045830
v 0.097509 0.021620 0.037230
v 0.097507 0.021597 0.029234
v 0.097462 0.021578 0.016223
v 0.097459 0.021582 0.005763
v 0.096578 0.021550 0.002424
v 0.094161 0.021533 0.002150
v 0.080962 0.021571 0.002177
v 0.062662 0.021566 0.002139
v 0.045972 0.021595 0.002220
v 0.039529 0.021589 0.002182
v 0.032318 0.021594 0.002202
v 0.019420 0.021624 0.002118
v 0.012331 0.021678 0.002182
v -0.012177 0.021685 0.002121
v -0.020283 0.021783 0.002174
v -0.035126 0.021780 0.002113
v -0.047055 0.021793 0.002103
v -0.052717 0.021857 0.002179
v -0.065191 0.021867 0.001603
v -0.055373 0.021865 0.001612
v -0.070658 0.021849 0.002424
v -0.083700 0.021863 0.001626
v -0.090468 0.021889 0.001602
v -0.096226 0.021957 0.001499
v 0.030527 0.021580 0.074768
v 0.030077 0.021576 0.069325
v 0.084386 0.021638 0.085135
v 0.088255 0.021623 0.082031
v 0.079818 0.021591 0.075077
v 0.062383 0.021595 0.078287
v 0.058109 0.021588 0.074280
v 0.031770 0.021612 0.083012
v -0.035507 0.021785 0.073216
v -0.096521 0.021993 0.040664
v -0.096459 0.022010 0.035839
v -0.096470 0.021991 0.044720
v 0.091128 0.021863 0.153105
v 0.050374 0.021820 0.152348
v 0.050186 0.021797 0.150174
v 0.018192 0.021749 0.136747
v -0.059512 0.021857 0.066969
v -0.047116 0.021835 0.097918
v -0.091850 0.021916 0.089652
v -0.088504 0.021914 0.086357
v -0.085051 0.021896 0.085857
v -0.090971 0.021939 0.081781
v -0.093180 0.021958 0.075070
v -0.093589 0.021965 0.067268
v -0.096465 0.022009 0.060309
v -0.093605 0.021962 0.058081
v -0.091443 0.021949 0.057858
v -0.096540 0.021989 0.071944
v -0.096471 0.021997 0.078399
v -0.096437 0.021988 0.082172
v -0.094098 0.021944 0.086293
v -0.097364 0.021950 0.110309
v -0.097398 0.022071 0.124466
v -0.097835 0.022065 0.122514
v -0.097381 0.022036 0.119442
v -0.097411 0.022065 0.135763
v -0.075562 0.021865 0.001617
v -0.097868 0.022056 0.133053
v -0.097889 0.022102 0.145237
v -0.098031 0.022151 0.224371
v -0.050427 0.021846 0.001558
v -0.097986 0.022108 0.182920
v -0.097421 0.022272 0.266710
v -0.087743 0.022290 0.266710
v -0.098041 0.022143 0.244330
v -0.098025 0.022148 0.236235
v -0.098014 0.022147 0.258676
v -0.097998 0.022157 0.263719
v -0.098019 0.022132 0.251537
v -0.097984 0.022094 0.174501
v -0.097957 0.022113 0.163258
v -0.097944 0.022119 0.154270
v -0.097753 0.021957 0.112154
v -0.097753 0.021938 0.104322
v -0.098006 0.022118 0.200608
v -0.098023 0.022087 0.214842
v -0.098015 0.022126 0.189796
v -0.097270 0.021991 0.011691
v -0.097288 0.021977 0.004405
v -0.097284 0.021958 0.002479
v -0.097578 0.021965 0.001512
v -0.097326 0.021998 0.050536
v -0.097381 0.022022 0.041659
v -0.097347 0.022040 0.036685
v -0.097333 0.022049 0.027094
v -0.097319 0.022031 0.019762
v -0.097405 0.022036 0.080324
v -0.097338 0.022024 0.070901
v -0.097713 0.022061 0.063892
v -0.097695 0.022065 0.059518
v -0.097332 0.021972 0.098338
v -0.097332 0.021977 0.089186
v -0.097733 0.021977 0.096056
v -0.097730 0.021972 0.088888
v -0.097722 0.022033 0.080689
v -0.097719 0.022026 0.070387
v -0.097673 0.021992 0.049226
v -0.097683 0.022011 0.042510
v -0.097647 0.022046 0.028308
v -0.097629 0.022026 0.017770
v -0.097684 0.022040 0.035968
v -0.033870 0.021797 0.001473
v -0.019873 0.021803 0.001471
v -0.045854 0.021809 0.001482
v -0.013470 0.021720 0.001452
v 0.098003 0.021801 0.122213
v -0.097608 0.021969 0.010061
v 0.048323 0.022291 0.266703
v 0.057706 0.022265 0.266711
v 0.054474 0.022267 0.265900
v 0.065381 0.022189 0.266026
v 0.093855 0.022038 0.266041
v 0.088892 0.022123 0.266726
v 0.083728 0.022157 0.266722
v 0.073088 0.022168 0.266717
v -0.086673 0.022297 0.266655
v -0.085555 0.022294 0.266734
v -0.080536 0.022307 0.266828
v -0.003819 0.021696 0.001441
v 0.002660 0.021717 0.001431
v 0.014537 0.021708 0.001429
v 0.082800 0.021593 0.001370
v 0.073208 0.021592 0.001372
v 0.063786 0.021597 0.001369
v 0.051581 0.021615 0.001369
v 0.094054 0.021557 0.001365
v 0.097359 0.021582 0.001330
v 0.040945 0.021629 0.001384
v 0.030211 0.021635 0.001371
v 0.020086 0.021654 0.001376
v 0.097736 0.021570 0.004107
v 0.098028 0.021801 0.131963
v 0.098042 0.021816 0.140627
v 0.098028 0.021824 0.148120
v 0.098033 0.021891 0.156751
v 0.097907 0.021598 0.060412
v 0.097964 0.021675 0.091144
v 0.097919 0.021601 0.079397
v 0.097944 0.021694 0.103465
v 0.097981 0.021708 0.113280
v -0.098086 0.022240 0.266641
v 0.097626 0.022080 0.266732
v 0.096636 0.022016 0.265878
v 0.093931 0.022082 0.266731
v 0.097877 0.021568 0.024313
v 0.097878 0.021582 0.033947
v 0.097798 0.021551 0.015310
v 0.097905 0.021599 0.052993
v 0.097888 0.021593 0.044333
v 0.097962 0.021925 0.228204
v 0.097995 0.021889 0.167592
v 0.097984 0.021907 0.178144
v 0.098007 0.021903 0.186802
v 0.098021 0.021859 0.214737
v 0.098008 0.021882 0.200317
v -0.097571 0.021934 0.002545
v 0.097922 0.021895 0.261442
v 0.097935 0.021942 0.264743
v 0.098055 0.022064 0.266632
v 0.097926 0.021876 0.252632
v 0.097978 0.021875 0.247911
v 0.097972 0.021861 0.237855
v 0.097775 0.021534 0.001425
v -0.073984 0.022317 0.266876
v -0.068541 0.022322 0.266902
v -0.060955 0.022311 0.266891
v -0.051699 0.022330 0.266925
v 0.031665 0.022338 0.266917
v 0.036638 0.022322 0.266889
v 0.045671 0.022295 0.266753
v 0.041534 0.022307 0.266825
v -0.035876 0.022335 0.266939
v -0.022747 0.022337 0.266913
v -0.014230 0.022366 0.266943
v 0.024165 0.022357 0.266939
v 0.013335 0.022378 0.266942
v 0.002064 0.022385 0.266955
v -0.002345 0.022373 0.266953
v 0.097518 0.021403 0.001002
v 0.094808 0.021425 0.001085
v 0.085625 0.021435 0.001106
v 0.072487 0.021441 0.001118
v 0.054552 0.021452 0.001104
v 0.062397 0.021446 0.001106
v 0.047226 0.021464 0.001137
v 0.038467 0.021465 0.001147
v 0.031113 0.021470 0.001129
v 0.019284 0.021481 0.001147
v 0.097849 0.021366 0.001300
v -0.097867 0.014528 0.135321
v -0.097858 0.006431 0.132659
v -0.097854 0.013424 0.129562
v -0.097848 0.007672 0.125908
v -0.097848 0.016989 0.125611
v -0.097847 0.002010 0.123325
v -0.097855 -0.000870 0.129283
v -0.097866 -0.003997 0.137734
v -0.097859 -0.007014 0.131233
v -0.097868 0.009528 0.140713
v -0.097869 0.001364 0.141545
v -0.097869 0.015206 0.140566
v -0.097932 0.009616 0.153825
v -0.097919 0.002351 0.151372
v -0.097913 0.008355 0.150276
v -0.097924 -0.008681 0.152002
v -0.097881 -0.001988 0.146010
v -0.097877 0.006394 0.145135
v -0.097894 -0.009061 0.148241
v -0.097872 -0.004427 0.143710
v -0.097875 -0.010074 0.144228
v -0.097874 -0.011181 0.137561
v -0.097869 -0.014145 0.134759
v -0.097879 -0.015125 0.139782
v -0.097888 -0.013324 0.146494
v -0.097877 -0.011316 0.141578
v -0.097871 -0.018590 0.137588
v -0.097860 -0.015042 0.130251
v -0.097914 -0.018770 0.150213
v -0.097888 -0.018340 0.145448
v -0.097890 -0.020712 0.145851
v -0.097882 -0.021569 0.136078
v -0.097869 -0.020754 0.135491
v -0.097869 -0.020734 0.125381
v -0.097883 -0.021585 0.123717
v -0.097844 -0.020462 0.121123
v -0.097863 -0.019142 0.128638
v -0.097856 -0.012441 0.125451
v -0.097854 -0.014814 0.123563
v -0.097839 -0.012249 0.121401
v -0.097770 -0.014575 0.114943
v -0.097747 -0.013306 0.111617
v -0.097771 -0.010130 0.114387
v -0.097809 -0.013207 0.118301
v -0.097804 -0.006414 0.116846
v -0.097839 -0.002610 0.121285
v -0.097812 -0.001135 0.117510
v -0.097835 0.013506 0.121245
v -0.097818 0.012687 0.118466
v -0.097829 0.007120 0.119471
v -0.097791 0.007765 0.114514
v -0.097762 0.014415 0.110538
v -0.097764 0.009648 0.105127
v -0.097759 0.013777 0.105911
v -0.097763 0.017785 0.106191
v -0.097763 0.011930 0.100670
v -0.097756 0.005235 0.095716
v -0.097756 0.009495 0.093416
v -0.097757 0.013948 0.095036
v -0.097762 0.017451 0.099383
v -0.097748 0.002988 0.090103
v -0.097740 0.006616 0.087754
v -0.097746 0.015491 0.088961
v -0.097725 0.013553 0.085065
v -0.097721 0.001302 0.083754
v -0.097732 -0.003152 0.089271
v -0.097743 -0.003874 0.097117
v -0.097774 -0.000544 0.112347
v -0.097767 0.008910 0.110230
v -0.097760 0.003851 0.102359
v -0.097753 -0.007374 0.110674
v -0.097753 -0.002955 0.104537
v -0.097744 -0.008410 0.104912
v -0.097740 -0.013253 0.107185
v -0.097752 -0.016669 0.112231
v -0.097739 -0.016692 0.105212
v -0.097749 -0.018983 0.108651
v -0.097744 -0.018754 0.098958
v -0.097758 -0.021588 0.090245
v -0.097732 -0.017132 0.091310
v -0.097720 -0.019050 0.087929
v -0.097697 -0.015089 0.085478
v -0.097697 -0.021601 0.082588
v -0.097683 -0.019042 0.082996
v -0.097733 -0.010528 0.098568
v -0.097732 -0.013832 0.100523
v -0.097731 -0.014422 0.095216
v -0.097691 -0.010492 0.082762
v -0.097681 -0.009870 0.077700
v -0.097700 -0.004336 0.080046
v -0.097719 -0.010152 0.089346
v -0.097673 -0.014787 0.080697
v -0.097674 -0.011081 0.074064
v -0.097679 -0.021638 0.078754
v -0.097663 -0.017585 0.078468
v -0.097660 -0.019453 0.068911
v -0.097661 -0.017724 0.074193
v -0.097666 -0.021644 0.066925
v -0.097649 -0.021622 0.055767
v -0.097657 -0.015426 0.066815
v -0.097668 -0.011305 0.067804
v -0.097720 0.008689 0.083796
v -0.097703 0.007470 0.079898
v -0.097702 0.013740 0.077179
v -0.097709 0.014959 0.080210
v -0.097701 0.007055 0.076581
v -0.097696 -0.000291 0.073300
v -0.097706 0.012077 0.074163
v -0.097704 0.014240 0.069780
v -0.097705 0.017791 0.068149
v -0.097695 0.005144 0.056821
v -0.097684 0.010122 0.051603
v -0.097697 0.013423 0.055089
v -0.097678 0.016042 0.049411
v -0.097689 0.019196 0.051118
v -0.097668 0.017688 0.044616
v -0.097665 0.012774 0.045507
v -0.097667 0.003400 0.049448
v -0.097654 -0.000421 0.047614
v -0.097674 0.000378 0.053080
v -0.097677 -0.001917 0.056796
v -0.097701 0.014957 0.064411
v -0.097704 0.008817 0.064660
v -0.097702 0.012077 0.058605
v -0.097708 0.008565 0.070584
v -0.097699 0.003634 0.066008
v -0.097680 -0.002876 0.062553
v -0.097678 -0.006875 0.066379
v -0.097662 -0.010253 0.059919
v -0.097646 -0.013461 0.052117
v -0.097642 -0.011186 0.047787
v -0.097624 -0.016078 0.045760
v -0.097650 -0.017042 0.060820
v -0.097654 -0.013692 0.056661
v -0.097633 -0.018437 0.051546
v -0.097617 -0.021634 0.038254
v -0.097604 -0.021651 0.032474
v -0.097613 -0.019031 0.041287
v -0.097632 -0.012690 0.037557
v -0.097608 -0.018371 0.033416
v -0.097623 -0.013731 0.031359
v -0.097624 -0.014690 0.041207
v -0.097652 -0.001821 0.039583
v -0.097644 -0.006394 0.045015
v -0.097643 -0.008125 0.038001
v -0.097643 -0.005154 0.031442
v -0.097624 -0.012780 0.026208
v -0.097636 -0.006447 0.025866
v -0.097629 -0.009892 0.020476
v -0.097656 0.005687 0.040388
v -0.097651 0.000608 0.032096
v -0.097654 0.005289 0.035388
v -0.097663 0.014533 0.039766
v -0.097651 0.010163 0.032611
v -0.097661 0.015379 0.033452
v -0.097645 0.004921 0.029261
v -0.097644 0.010034 0.024503
v -0.097640 0.014090 0.018259
v -0.097631 0.008342 0.018219
v -0.097620 0.014125 0.013539
v -0.097645 0.018713 0.018037
v -0.097641 0.000874 0.024161
v -0.097635 -0.002444 0.021787
v -0.097614 -0.016490 0.018233
v -0.097602 -0.019452 0.021105
v -0.097590 -0.021597 0.016045
v -0.097608 -0.015102 0.007425
v -0.097602 -0.018298 0.008835
v -0.097585 -0.018302 0.005299
v -0.097617 -0.014014 0.013358
v -0.097612 -0.008655 0.008707
v -0.097614 -0.008723 0.012695
v -0.097618 -0.004861 0.015356
v -0.097616 0.005761 0.015069
v -0.097628 -0.002879 0.018221
v -0.097611 0.011930 0.010922
v -0.097607 0.000457 0.011317
v -0.097608 0.005404 0.009020
v -0.097608 -0.001620 0.007681
v -0.097607 -0.011676 0.005538
v -0.097601 -0.004886 0.004963
v -0.097606 -0.008507 0.003550
v -0.097602 0.005894 0.006071
v -0.097594 0.000884 0.003827
v -0.097598 0.010740 0.004998
v -0.097612 0.013430 0.007345
v -0.097606 0.017041 0.005531
v -0.097620 0.017398 0.009699
v -0.097659 0.016778 0.022943
v -0.097656 0.015271 0.027930
v -0.097667 0.019757 0.027300
v -0.097687 0.021515 0.046675
v -0.097685 0.020334 0.046583
v -0.097674 0.018898 0.039668
v -0.097693 0.021355 0.036549
v -0.097701 0.017597 0.057184
v -0.097714 0.019920 0.063284
v -0.097716 0.019360 0.074051
v -0.097727 0.020072 0.079477
v -0.097730 0.018164 0.083929
v -0.097761 0.019213 0.093660
v -0.097769 0.018946 0.111632
v -0.097808 0.019803 0.117319
v -0.097786 0.014946 0.114724
v -0.097846 0.019967 0.123267
v -0.097871 0.019027 0.133928
v -0.097884 0.019859 0.139257
v -0.097872 0.020689 0.132843
v -0.097886 0.020683 0.145308
v -0.097872 0.015256 0.144108
v -0.097950 0.020681 0.166058
v -0.097942 0.019110 0.165943
v -0.097937 0.020444 0.156351
v -0.097991 0.018710 0.199744
v -0.097982 0.017738 0.190641
v -0.098001 0.020533 0.189786
v -0.097990 0.016636 0.209485
v -0.097982 0.013556 0.204917
v -0.098002 0.019103 0.215535
v -0.097985 0.015923 0.217251
v -0.097989 0.013970 0.221161
v -0.097979 0.011979 0.216926
v -0.098048 0.021692 0.224249
v -0.098031 0.020403 0.224328
v -0.098009 0.018531 0.221360
v -0.098057 0.021712 0.231211
v -0.097999 0.012368 0.224315
v -0.097986 0.003869 0.222872
v -0.098008 0.015233 0.229838
v -0.098022 0.018654 0.230450
v -0.097990 0.010709 0.231537
v -0.098036 0.020693 0.241002
v -0.098022 0.018518 0.240274
v -0.098043 0.021658 0.235327
v -0.098059 0.021696 0.244169
v -0.098041 0.021667 0.249037
v -0.098020 0.018986 0.248737
v -0.098023 0.019918 0.254271
v -0.098033 0.021676 0.260449
v -0.098011 0.014689 0.254405
v -0.098017 0.010994 0.257925
v -0.098003 0.007690 0.254616
v -0.097993 0.006874 0.250327
v -0.098008 0.014316 0.247347
v -0.098003 0.011895 0.243042
v -0.097994 0.004676 0.247716
v -0.097988 -0.001406 0.251216
v -0.097994 -0.002958 0.248023
v -0.097997 -0.002222 0.243186
v -0.097999 0.006082 0.243568
v -0.097993 0.010948 0.239302
v -0.097991 0.007696 0.238575
v -0.097993 0.001734 0.236295
v -0.097995 -0.012112 0.242864
v -0.097991 -0.009245 0.240462
v -0.097991 -0.004865 0.236536
v -0.097993 -0.006857 0.250708
v -0.098003 -0.004801 0.255997
v -0.098001 0.002892 0.255538
v -0.098030 0.005051 0.259956
v -0.098041 0.015709 0.261667
v -0.098066 0.015869 0.263984
v -0.098037 0.021679 0.263356
v -0.098059 0.021711 0.265607
v -0.098059 0.002280 0.263512
v -0.098037 -0.002553 0.260598
v -0.098072 -0.009837 0.264125
v -0.098035 -0.010835 0.260539
v -0.098017 -0.016440 0.258375
v -0.098005 -0.011435 0.253833
v -0.098004 -0.016250 0.252970
v -0.097996 -0.014687 0.245875
v -0.098012 -0.020709 0.258047
v -0.098003 -0.019051 0.252344
v -0.097994 -0.019039 0.242293
v -0.098007 -0.020741 0.252052
v -0.098055 -0.018263 0.264300
v -0.098055 -0.020644 0.265733
v -0.098080 0.004285 0.264456
v -0.098121 -0.003919 0.265901
v -0.098123 0.004494 0.265894
v -0.098087 0.017224 0.264965
v -0.098119 0.019395 0.266012
v -0.098121 -0.012789 0.265918
v -0.098104 -0.018403 0.265904
v -0.098001 0.014041 0.235074
v -0.097991 0.002879 0.225461
v -0.097992 0.002483 0.229232
v -0.097986 -0.008994 0.227997
v -0.097990 0.008336 0.232223
v -0.097991 -0.004222 0.231154
v -0.097991 -0.009262 0.232584
v -0.097990 -0.011302 0.236711
v -0.097993 -0.015705 0.233871
v -0.097989 -0.014612 0.227172
v -0.097999 -0.019957 0.230772
v -0.097981 -0.017344 0.222995
v -0.098000 -0.020737 0.239902
v -0.098019 -0.021705 0.229694
v -0.098011 -0.021705 0.238141
v -0.098015 -0.021709 0.249746
v -0.098030 -0.021744 0.258401
v -0.098031 0.021628 0.219686
v -0.098007 0.020681 0.208118
v -0.098016 0.021669 0.198556
v -0.098037 0.021654 0.215142
v -0.098030 0.021677 0.189010
v -0.097969 0.020712 0.181140
v -0.097991 0.021649 0.181240
v -0.097964 0.021662 0.162584
v -0.097957 0.021694 0.155460
v -0.097901 0.021671 0.144983
v -0.097903 0.021653 0.136603
v -0.097857 0.021656 0.127076
v -0.097837 0.021648 0.120020
v -0.097773 0.021607 0.111531
v -0.097767 0.021582 0.098619
v -0.097753 0.021597 0.087751
v -0.097736 0.021591 0.083460
v -0.097739 0.021647 0.077100
v -0.097723 0.021614 0.064682
v -0.097706 0.021576 0.053847
v -0.097661 0.021570 0.029509
v -0.097665 0.021590 0.023569
v -0.097649 0.020641 0.017960
v -0.097631 0.021444 0.011856
v -0.097600 0.021473 0.005731
v -0.097610 0.019371 0.002301
v -0.097592 0.021542 0.002077
v -0.097608 0.013927 0.002256
v -0.097597 0.006868 0.002174
v -0.097604 -0.003349 0.002166
v -0.097619 -0.009763 0.002170
v -0.097600 -0.015543 0.002196
v -0.097589 -0.019493 0.003286
v -0.097611 -0.021641 0.006905
v -0.097618 -0.021666 0.002680
v -0.097612 -0.020320 0.002220
v -0.097669 0.018889 0.032512
v -0.097613 -0.016840 0.025054
v -0.097602 -0.021628 0.024876
v -0.097629 -0.021617 0.048290
v -0.097787 -0.020697 0.116328
v -0.097761 -0.020629 0.112001
v -0.097756 -0.020752 0.102481
v -0.097771 -0.021564 0.102050
v -0.097785 -0.021554 0.115066
v -0.097885 0.013517 0.147246
v -0.097916 0.013566 0.152265
v -0.097904 0.019038 0.150334
v -0.097935 0.016431 0.157152
v -0.097943 0.007415 0.156558
v -0.097939 -0.001908 0.154668
v -0.097951 -0.009196 0.157296
v -0.097949 0.001390 0.158319
v -0.097950 -0.006373 0.161032
v -0.097958 -0.016261 0.163652
v -0.097955 -0.020667 0.157251
v -0.097946 -0.014612 0.154761
v -0.097916 -0.014554 0.150271
v -0.097911 -0.021573 0.147532
v -0.097965 -0.021615 0.156111
v -0.097984 -0.021621 0.163902
v -0.097965 -0.020741 0.168443
v -0.097975 -0.021623 0.174988
v -0.097973 -0.020743 0.184039
v -0.097965 -0.018002 0.177062
v -0.097963 -0.017047 0.168255
v -0.097958 -0.012697 0.177019
v -0.097954 -0.010963 0.168497
v -0.097953 -0.002131 0.172938
v -0.097950 -0.001946 0.167212
v -0.097953 0.006283 0.166489
v -0.097959 0.007518 0.175430
v -0.097959 0.011147 0.170809
v -0.097961 0.013085 0.177468
v -0.097947 0.015360 0.168352
v -0.097959 0.016577 0.179641
v -0.097958 0.019045 0.178552
v -0.097971 0.010932 0.186518
v -0.097976 0.011883 0.190450
v -0.097969 0.003383 0.191380
v -0.097974 0.000687 0.188765
v -0.097967 0.002267 0.182657
v -0.097968 -0.005537 0.184609
v -0.097961 -0.006669 0.178317
v -0.097968 -0.011549 0.190463
v -0.097973 -0.006349 0.193614
v -0.097970 -0.011382 0.196223
v -0.097972 -0.007628 0.201884
v -0.097973 -0.003408 0.204787
v -0.097967 0.001059 0.193837
v -0.097967 0.000366 0.197131
v -0.097967 0.003325 0.199787
v -0.097964 0.008176 0.193610
v -0.097973 0.010618 0.196652
v -0.097972 0.012038 0.192711
v -0.097983 0.015685 0.196580
v -0.097974 0.008369 0.201270
v -0.097975 0.003924 0.206889
v -0.097970 -0.001112 0.213821
v -0.097977 0.008423 0.212258
v -0.097976 0.006532 0.218142
v -0.097974 -0.002475 0.221865
v -0.097975 -0.010736 0.223734
v -0.097963 -0.008484 0.219182
v -0.097969 -0.005769 0.214835
v -0.097968 -0.010251 0.209716
v -0.097969 -0.013152 0.216951
v -0.097976 -0.015208 0.210281
v -0.097976 -0.017876 0.202947
v -0.097973 -0.016172 0.193284
v -0.097977 -0.020743 0.200008
v -0.097973 -0.018397 0.187132
v -0.097981 -0.018899 0.216542
v -0.097989 -0.020737 0.218018
v -0.097992 -0.021673 0.208188
v -0.097992 -0.021677 0.188903
v -0.097969 -0.012176 0.221676
v -0.098013 -0.021693 0.218229
v -0.097937 0.016814 0.162770
v -0.097947 0.012654 0.161446
v -0.097949 0.005857 0.161783
v -0.098058 -0.021729 0.266450
v -0.098114 0.002297 0.266638
v -0.098114 -0.012024 0.266639
v -0.098103 -0.018838 0.266631
v -0.098122 0.019074 0.266650
v -0.098132 0.022180 0.266594
v -0.097629 -0.016518 0.001641
v -0.097650 -0.003474 0.001575
v -0.097650 0.014550 0.001562
v -0.097651 0.021152 0.001508
v -0.097639 0.006242 0.001554
v -0.097661 -0.021362 0.001650
v -0.098050 -0.020727 0.266811
v -0.098057 -0.019279 0.266887
v -0.098058 -0.016753 0.266926
v -0.098072 0.021640 0.266949
v -0.098066 0.017827 0.266933
v -0.098061 -0.005194 0.266918
v -0.098060 0.007626 0.266928
v 0.098051 0.006201 0.161394
v 0.098041 0.010109 0.151687
v 0.098050 0.002446 0.157305
v 0.098036 0.013529 0.157289
v 0.098035 0.017045 0.153349
v 0.098031 0.017752 0.164780
v 0.098041 0.019072 0.158076
v 0.098048 0.020730 0.152110
v 0.098044 0.017805 0.146121
v 0.098041 0.013792 0.144324
v 0.098041 0.018505 0.134335
v 0.098062 0.020706 0.141777
v 0.098061 0.021522 0.135409
v 0.098081 0.021529 0.143521
v 0.098062 0.021535 0.150979
v 0.098069 0.021556 0.159025
v 0.098043 0.021553 0.166070
v 0.098030 0.020699 0.170544
v 0.098029 0.017724 0.170037
v 0.098042 0.011669 0.163646
v 0.098039 0.013230 0.173031
v 0.098035 0.016683 0.181954
v 0.098046 0.013090 0.182041
v 0.098055 0.008913 0.179607
v 0.098061 0.005097 0.182915
v 0.098069 0.007867 0.186190
v 0.098065 -0.001554 0.186420
v 0.098052 -0.002701 0.183312
v 0.098051 -0.003039 0.177209
v 0.098050 -0.005493 0.179458
v 0.098049 -0.010516 0.184222
v 0.098048 -0.010977 0.178640
v 0.098046 -0.015095 0.183347
v 0.098057 -0.014001 0.189252
v 0.098060 -0.017948 0.186431
v 0.098075 -0.020653 0.188758
v 0.098055 -0.020744 0.180946
v 0.098048 -0.019073 0.180457
v 0.098045 -0.015087 0.178493
v 0.098047 -0.016176 0.174606
v 0.098047 -0.011597 0.174062
v 0.098046 -0.007569 0.170772
v 0.098051 -0.015428 0.168448
v 0.098054 -0.018766 0.168743
v 0.098054 -0.015363 0.160535
v 0.098055 -0.019056 0.160548
v 0.098050 -0.016250 0.155212
v 0.098055 -0.011262 0.163685
v 0.098049 -0.000415 0.172704
v 0.098054 -0.004693 0.165800
v 0.098059 0.003630 0.178333
v 0.098051 0.007125 0.171533
v 0.098049 0.009393 0.174902
v 0.098062 -0.006830 0.189349
v 0.098072 0.005530 0.188395
v 0.098064 0.001628 0.191364
v 0.098059 0.009102 0.193720
v 0.098058 0.011430 0.190233
v 0.098053 0.013196 0.186897
v 0.098043 0.018411 0.191125
v 0.098036 0.019063 0.181082
v 0.098033 0.020697 0.179584
v 0.098035 0.021551 0.178449
v 0.098062 0.021554 0.194439
v 0.098050 0.020700 0.194473
v 0.098047 0.020692 0.202484
v 0.098046 0.018350 0.198702
v 0.098047 0.014937 0.195414
v 0.098052 0.013449 0.201553
v 0.098053 0.005489 0.197399
v 0.098059 0.006154 0.204066
v 0.098053 -0.000526 0.200380
v 0.098057 -0.006103 0.195613
v 0.098054 -0.009930 0.198339
v 0.098056 -0.014336 0.195281
v 0.098052 -0.014152 0.202731
v 0.098056 -0.016819 0.197438
v 0.098059 -0.017760 0.192301
v 0.098058 -0.012137 0.191769
v 0.098065 -0.018218 0.200371
v 0.098071 -0.018778 0.204096
v 0.098048 -0.015074 0.212336
v 0.098056 -0.018380 0.211996
v 0.098079 -0.020757 0.202456
v 0.098027 -0.015598 0.218312
v 0.098024 -0.017885 0.219019
v 0.098005 -0.013003 0.222282
v 0.098027 -0.011367 0.219196
v 0.098019 -0.004204 0.221803
v 0.098033 -0.006458 0.218883
v 0.098042 -0.010392 0.215208
v 0.098051 -0.010665 0.211622
v 0.098049 -0.011738 0.208411
v 0.098047 -0.004894 0.207999
v 0.098052 -0.009514 0.203762
v 0.098056 0.000970 0.205383
v 0.098061 0.005331 0.211641
v 0.098064 0.010570 0.210123
v 0.098062 0.010379 0.204887
v 0.098052 0.017243 0.209234
v 0.098052 0.014121 0.214294
v 0.098062 0.009514 0.213951
v 0.098047 0.013657 0.217385
v 0.098044 0.017653 0.216728
v 0.098024 0.013222 0.221315
v 0.098043 0.009628 0.218905
v 0.098026 0.006766 0.223004
v 0.098033 0.002476 0.218982
v 0.098020 0.003469 0.225724
v 0.098013 -0.002168 0.225598
v 0.098010 -0.005935 0.227639
v 0.098010 -0.010517 0.227292
v 0.098010 -0.005185 0.231560
v 0.098011 -0.012342 0.231878
v 0.098001 -0.015163 0.226157
v 0.098005 -0.018536 0.225907
v 0.098000 -0.016657 0.230513
v 0.098006 -0.014727 0.236385
v 0.097997 -0.019072 0.232537
v 0.098021 -0.008822 0.234763
v 0.098019 -0.002907 0.233731
v 0.098018 -0.000209 0.235915
v 0.098012 -0.009873 0.238321
v 0.098009 0.000057 0.240323
v 0.098010 0.006132 0.238522
v 0.098013 0.009141 0.235424
v 0.098012 0.005579 0.232547
v 0.098006 0.010464 0.231403
v 0.098018 0.008769 0.227734
v 0.098008 0.002322 0.230005
v 0.098008 0.013716 0.229006
v 0.098014 0.013308 0.224608
v 0.098017 0.017078 0.223907
v 0.098015 0.019411 0.228534
v 0.098029 0.018973 0.222220
v 0.098053 0.020662 0.214122
v 0.098055 0.019532 0.208721
v 0.098056 0.021543 0.202275
v 0.098062 0.021539 0.215448
v 0.098028 0.020676 0.221437
v 0.098015 0.021562 0.229036
v 0.098010 0.021541 0.234521
v 0.098005 0.015577 0.234748
v 0.097998 0.016618 0.238446
v 0.098000 0.012563 0.238449
v 0.098000 0.012425 0.241565
v 0.098005 0.005437 0.243554
v 0.098009 0.016143 0.244036
v 0.098004 0.018456 0.240555
v 0.098015 0.020434 0.245317
v 0.098001 0.020593 0.239391
v 0.098021 0.021536 0.245234
v 0.098001 0.021537 0.249526
v 0.097998 0.018110 0.248106
v 0.098000 0.013952 0.246927
v 0.097987 0.015107 0.250568
v 0.097985 0.008975 0.251193
v 0.097997 0.006362 0.246524
v 0.097981 0.004811 0.249310
v 0.097979 -0.000755 0.251687
v 0.097980 -0.003224 0.249484
v 0.097976 -0.011909 0.252119
v 0.097991 -0.013207 0.247440
v 0.097968 -0.018305 0.251885
v 0.097996 -0.005963 0.246503
v 0.098003 -0.012659 0.243980
v 0.097992 -0.016267 0.243803
v 0.097987 -0.019080 0.244486
v 0.098005 -0.007323 0.242611
v 0.097992 -0.019093 0.238358
v 0.097986 0.000980 0.247528
v 0.097978 -0.005237 0.256329
v 0.097977 -0.012355 0.257658
v 0.097986 -0.003820 0.260379
v 0.097979 0.001965 0.255976
v 0.097981 0.006075 0.260597
v 0.097979 0.009894 0.255591
v 0.097973 0.014638 0.253501
v 0.097969 0.014370 0.257795
v 0.097976 0.018956 0.254092
v 0.097992 0.018665 0.250597
v 0.097976 0.021516 0.252598
v 0.097967 0.019496 0.262250
v 0.097961 0.018112 0.262223
v 0.097957 0.021542 0.262475
v 0.097973 0.012547 0.260722
v 0.097993 0.002453 0.262580
v 0.098002 -0.009547 0.262626
v 0.098035 -0.003696 0.216599
v 0.098046 -0.000191 0.213312
v 0.098052 0.005023 0.215676
v 0.098058 -0.005807 0.192336
v 0.098058 -0.000398 0.194772
v 0.098053 0.002400 0.167620
v 0.098053 -0.007196 0.158559
v 0.098047 -0.009924 0.154825
v 0.098057 -0.003654 0.161390
v 0.098041 0.003696 0.153922
v 0.098041 -0.003814 0.152716
v 0.098047 -0.009666 0.151481
v 0.098065 -0.004702 0.148126
v 0.098065 -0.010475 0.148626
v 0.098075 -0.011078 0.145758
v 0.098044 0.001395 0.150927
v 0.098063 -0.000068 0.146700
v 0.098052 0.005648 0.144204
v 0.098057 0.002465 0.140132
v 0.098036 0.015246 0.134652
v 0.098045 0.011141 0.136750
v 0.098069 -0.003158 0.143660
v 0.098071 -0.009548 0.142673
v 0.098058 -0.007349 0.138773
v 0.098072 -0.014391 0.143887
v 0.098064 -0.013993 0.137133
v 0.098054 -0.007780 0.134251
v 0.098051 -0.003628 0.134580
v 0.098054 -0.004211 0.129171
v 0.098054 0.001195 0.131679
v 0.098059 0.002884 0.127200
v 0.098055 0.001313 0.124445
v 0.098060 -0.004893 0.125800
v 0.098055 -0.007134 0.122103
v 0.098035 0.004033 0.120598
v 0.098041 0.008772 0.122952
v 0.098007 0.005746 0.115755
v 0.098014 -0.001301 0.115831
v 0.098030 0.013556 0.122208
v 0.098002 0.009632 0.114244
v 0.097993 0.004170 0.111073
v 0.098044 0.012134 0.127117
v 0.098040 0.011668 0.132077
v 0.098050 0.008254 0.129386
v 0.098032 0.017891 0.125698
v 0.098011 0.017580 0.116031
v 0.098044 0.020702 0.128514
v 0.098017 0.020702 0.114781
v 0.098064 0.021523 0.129584
v 0.098029 0.021475 0.115477
v 0.097998 0.017740 0.111024
v 0.098002 0.013530 0.115716
v 0.097991 0.012466 0.111599
v 0.097988 0.015121 0.107769
v 0.097993 0.011304 0.106250
v 0.097994 0.009417 0.109219
v 0.098001 -0.000724 0.111287
v 0.098065 -0.011195 0.126157
v 0.098062 -0.014568 0.130719
v 0.098061 -0.010377 0.131613
v 0.098087 -0.017898 0.142307
v 0.098084 -0.018157 0.130882
v 0.098070 -0.015065 0.126103
v 0.098080 -0.018423 0.123011
v 0.098065 -0.015704 0.121549
v 0.098043 -0.010690 0.119357
v 0.098036 -0.015794 0.117012
v 0.098022 -0.012252 0.115395
v 0.098028 -0.006935 0.116766
v 0.098010 -0.011853 0.110980
v 0.098015 -0.018951 0.102886
v 0.098014 -0.016024 0.111581
v 0.098010 -0.016012 0.106120
v 0.098005 -0.005195 0.108398
v 0.098004 -0.012340 0.103354
v 0.097997 0.004104 0.107276
v 0.098000 0.000721 0.104566
v 0.098001 0.006476 0.102806
v 0.097998 -0.001821 0.101743
v 0.097998 0.009140 0.099891
v 0.097992 -0.002512 0.098809
v 0.097997 0.014983 0.102853
v 0.097996 0.021464 0.104767
v 0.097987 0.021426 0.101755
v 0.097985 0.021466 0.099517
v 0.097995 0.015194 0.098227
v 0.097999 0.016063 0.095551
v 0.098013 0.021470 0.092500
v 0.098006 0.010421 0.095356
v 0.097999 0.016734 0.092766
v 0.097994 0.018172 0.089138
v 0.097981 0.021416 0.082474
v 0.097961 0.015574 0.082462
v 0.097960 0.019164 0.078929
v 0.097950 0.015761 0.078551
v 0.097952 0.018385 0.074562
v 0.097964 0.010761 0.081492
v 0.097973 0.012470 0.085924
v 0.097991 0.012387 0.089881
v 0.097988 0.006515 0.090284
v 0.097998 0.003062 0.094620
v 0.097981 0.000442 0.090180
v 0.097994 -0.005647 0.094817
v 0.097998 0.004268 0.097433
v 0.098002 -0.013321 0.100160
v 0.097999 -0.008746 0.096644
v 0.097978 -0.009121 0.090045
v 0.097986 -0.013833 0.090640
v 0.097971 -0.004876 0.088785
v 0.097951 -0.003717 0.083582
v 0.097930 -0.011526 0.072339
v 0.097933 -0.005323 0.068382
v 0.097933 -0.007638 0.064413
v 0.097925 -0.014692 0.068930
v 0.097928 -0.010237 0.059851
v 0.097930 -0.015789 0.060876
v 0.097923 -0.013910 0.054771
v 0.097936 -0.017845 0.056191
v 0.097927 -0.009262 0.056313
v 0.097905 -0.010178 0.049413
v 0.097893 -0.015207 0.046481
v 0.097885 -0.012646 0.042677
v 0.097929 -0.003915 0.055758
v 0.097914 -0.001650 0.051177
v 0.097891 -0.006008 0.044608
v 0.097940 0.003680 0.058921
v 0.097935 -0.001666 0.061630
v 0.097940 0.005017 0.064507
v 0.097941 0.008961 0.057233
v 0.097947 0.008659 0.068161
v 0.097933 -0.001982 0.071911
v 0.097944 -0.002279 0.079827
v 0.097934 -0.006825 0.076037
v 0.097945 0.002127 0.074555
v 0.097964 0.003277 0.083889
v 0.097972 0.007092 0.083629
v 0.097958 0.003506 0.079187
v 0.097960 0.007369 0.076583
v 0.097958 0.010219 0.077468
v 0.097951 0.013825 0.071987
v 0.097954 0.016734 0.071034
v 0.097945 0.014195 0.065043
v 0.097939 0.013042 0.058346
v 0.097957 0.017918 0.062795
v 0.097970 0.021414 0.051908
v 0.097952 0.017153 0.056825
v 0.097926 0.014038 0.052682
v 0.097944 0.017931 0.052304
v 0.097918 0.016577 0.048179
v 0.097929 0.009976 0.053015
v 0.097932 0.004068 0.054815
v 0.097896 0.000218 0.043734
v 0.097917 0.005843 0.050364
v 0.097901 0.013550 0.046406
v 0.097902 0.008567 0.045928
v 0.097893 0.013348 0.039066
v 0.097899 0.006768 0.039680
v 0.097899 0.000435 0.036875
v 0.097891 0.009972 0.031493
v 0.097883 0.004644 0.029907
v 0.097897 -0.002477 0.033815
v 0.097901 -0.005482 0.034887
v 0.097897 0.009806 0.036690
v 0.097907 0.016587 0.042615
v 0.097896 0.015089 0.032728
v 0.097912 0.017924 0.031565
v 0.097898 0.017039 0.026218
v 0.097933 0.021399 0.026395
v 0.097910 0.021399 0.021660
v 0.097870 0.020722 0.015572
v 0.097858 0.017576 0.011969
v 0.097834 0.020583 0.004712
v 0.097845 0.021391 0.013750
v 0.097806 0.021391 0.004090
v 0.097874 0.006616 0.021318
v 0.097864 0.009094 0.016144
v 0.097872 0.006791 0.017032
v 0.097880 0.003104 0.019196
v 0.097866 0.010967 0.021397
v 0.097880 0.013501 0.025338
v 0.097870 0.015120 0.019271
v 0.097891 -0.004068 0.031084
v 0.097893 -0.006166 0.038891
v 0.097886 -0.011761 0.038374
v 0.097895 -0.008976 0.034865
v 0.097887 -0.014463 0.030557
v 0.097887 -0.008907 0.030529
v 0.097876 -0.006635 0.027445
v 0.097876 0.006501 0.026595
v 0.097877 -0.004663 0.025506
v 0.097881 -0.014340 0.026032
v 0.097869 -0.008605 0.022547
v 0.097877 -0.015820 0.022292
v 0.097903 -0.019080 0.026504
v 0.097848 -0.012439 0.016124
v 0.097858 -0.016447 0.016843
v 0.097885 -0.018982 0.019533
v 0.097877 0.008331 0.024371
v 0.097875 -0.000308 0.021343
v 0.097868 -0.001344 0.017516
v 0.097865 -0.005989 0.019716
v 0.097867 0.001898 0.015362
v 0.097854 -0.001404 0.012345
v 0.097855 -0.008030 0.016357
v 0.097839 -0.015746 0.012283
v 0.097857 -0.019140 0.012924
v 0.097841 -0.008540 0.011652
v 0.097859 -0.003045 0.007653
v 0.097864 0.001513 0.010200
v 0.097863 0.008409 0.011473
v 0.097870 0.005933 0.007647
v 0.097858 0.013718 0.007919
v 0.097866 0.012170 0.005516
v 0.097881 0.013112 0.003819
v 0.097891 0.006271 0.004475
v 0.097870 -0.001172 0.005517
v 0.097891 -0.000037 0.003875
v 0.097879 -0.005978 0.004052
v 0.097844 -0.010523 0.008200
v 0.097847 -0.013092 0.005350
v 0.097832 -0.017950 0.007460
v 0.097907 -0.019892 0.031884
v 0.097889 -0.018041 0.035573
v 0.097887 -0.015830 0.034998
v 0.097883 -0.017602 0.041370
v 0.097919 -0.017348 0.051921
v 0.097935 -0.018164 0.066123
v 0.097932 -0.015019 0.077548
v 0.097951 -0.017146 0.081041
v 0.097947 -0.010584 0.081487
v 0.097982 -0.017715 0.086928
v 0.097964 -0.013493 0.085385
v 0.098008 -0.017802 0.092796
v 0.097999 -0.020732 0.087161
v 0.098019 -0.019070 0.097312
v 0.098009 -0.015325 0.096881
v 0.098030 -0.020216 0.112749
v 0.098026 -0.020193 0.107431
v 0.098093 -0.020774 0.122045
v 0.098060 -0.018929 0.118619
v 0.098070 -0.018267 0.150016
v 0.098096 -0.020679 0.146992
v 0.098052 -0.014547 0.150110
v 0.098060 -0.020744 0.158812
v 0.098067 -0.020614 0.166656
v 0.098044 -0.018763 0.175004
v 0.098061 -0.020675 0.214485
v 0.097965 -0.017230 0.257273
v 0.097986 -0.011444 0.260813
v 0.098017 0.019293 0.264848
v 0.097992 0.021565 0.264788
v 0.098017 0.014661 0.264861
v 0.098034 0.007092 0.264831
v 0.098040 -0.000236 0.264907
v 0.098039 -0.009739 0.264804
v 0.098012 -0.016611 0.264946
v 0.097976 -0.019376 0.262644
v 0.098010 -0.019344 0.264878
v 0.097953 -0.021624 0.262941
v 0.097969 -0.017352 0.260181
v 0.097972 -0.021659 0.264832
v 0.097954 -0.021657 0.257797
v 0.097958 -0.021655 0.254010
v 0.097994 -0.020677 0.248012
v 0.097994 -0.020772 0.240426
v 0.098003 -0.020535 0.234002
v 0.098009 -0.021662 0.229647
v 0.098024 -0.021658 0.235467
v 0.098012 -0.021649 0.240692
v 0.098006 -0.021647 0.248303
v 0.098030 -0.021694 0.225521
v 0.098025 -0.020563 0.220104
v 0.098075 -0.021662 0.214697
v 0.098092 -0.021691 0.201245
v 0.098076 -0.021701 0.195591
v 0.098093 -0.021692 0.188551
v 0.098052 -0.021662 0.175615
v 0.098083 -0.021667 0.166535
v 0.098069 -0.021669 0.154227
v 0.098113 -0.021617 0.146695
v 0.098100 -0.020752 0.133286
v 0.098114 -0.021595 0.136516
v 0.098111 -0.021581 0.123292
v 0.098055 -0.021553 0.113250
v 0.098044 -0.021556 0.097802
v 0.098029 -0.020740 0.099837
v 0.098021 -0.021550 0.088809
v 0.097949 -0.021570 0.077902
v 0.097947 -0.021564 0.072640
v 0.097955 -0.021562 0.067023
v 0.097960 -0.021564 0.056194
v 0.097893 -0.021523 0.044965
v 0.097888 -0.021513 0.040035
v 0.097928 -0.021541 0.032301
v 0.097927 -0.021537 0.026771
v 0.097922 -0.020683 0.023277
v 0.097885 -0.021493 0.013419
v 0.097872 -0.021516 0.008139
v 0.097887 -0.021524 0.005103
v 0.097846 -0.017683 0.005256
v 0.097897 -0.019341 0.002729
v 0.097906 -0.020575 0.002497
v 0.097939 -0.021569 0.001316
v 0.097868 -0.017602 0.003411
v 0.097866 -0.016150 0.002057
v 0.097883 -0.011214 0.002195
v 0.097887 -0.004608 0.002076
v 0.097916 0.003522 0.002182
v 0.097908 0.008522 0.002159
v 0.097882 0.013617 0.002127
v 0.097880 0.017336 0.002187
v 0.097948 0.021413 0.045742
v 0.097944 0.021390 0.034063
v 0.097980 0.021420 0.069249
v 0.097980 0.021417 0.063453
v 0.097969 0.021407 0.060149
v 0.097972 0.021420 0.074256
v 0.097992 0.014341 0.104732
v 0.097944 -0.021538 0.023020
v 0.097835 0.020605 0.002179
v 0.097900 0.018200 0.001306
v 0.097906 0.013132 0.001304
v 0.097938 0.005040 0.001299
v 0.097907 -0.004461 0.001292
v 0.097911 -0.010653 0.001307
v 0.097891 -0.015957 0.001314
v 0.097948 -0.019517 0.001321
v 0.098109 -0.002267 0.266716
v 0.098121 -0.007464 0.266714
v 0.098118 -0.011783 0.266716
v 0.098081 -0.017093 0.266710
v 0.098090 -0.019741 0.266713
v 0.098123 0.020154 0.266730
v 0.098100 0.021690 0.266720
v 0.098112 0.015785 0.266714
v 0.098132 0.006864 0.266713
v 0.098026 -0.021707 0.265921
v 0.098038 -0.021718 0.266729
v -0.000848 0.020405 0.266948
v -0.020754 0.018338 0.266944
v -0.016747 0.020700 0.266946
v 0.034092 0.013539 0.266940
v 0.022560 0.015836 0.266942
v 0.035218 0.017924 0.266946
v 0.012521 0.016729 0.266946
v 0.020784 0.019295 0.266948
v 0.025212 0.008448 0.266938
v 0.017959 0.011811 0.266941
v 0.014377 0.007106 0.266937
v 0.007184 0.005857 0.266935
v 0.005589 0.012377 0.266940
v 0.001900 0.018156 0.266947
v -0.001747 0.006924 0.266933
v -0.004892 0.012352 0.266936
v -0.007870 0.016674 0.266943
v -0.010818 0.008792 0.266934
v -0.017046 0.014014 0.266941
v -0.032822 0.013891 0.266944
v -0.033837 0.016464 0.266944
v -0.031712 0.020129 0.266950
v -0.046489 0.014497 0.266947
v -0.038950 0.018975 0.266950
v -0.049715 0.020698 0.266958
v -0.036501 0.021818 0.266971
v -0.052187 0.021787 0.266968
v -0.062696 0.021756 0.266974
v -0.052133 0.018505 0.266952
v -0.060268 0.020163 0.266962
v -0.064505 0.016022 0.266948
v -0.067296 0.019058 0.266956
v -0.071525 0.021811 0.266959
v -0.082032 0.019652 0.266958
v -0.082908 0.020728 0.266959
v -0.094841 0.020866 0.266971
v -0.097528 0.021742 0.266981
v -0.087064 0.021759 0.266974
v -0.083195 0.021776 0.266972
v -0.078913 0.021779 0.266966
v 0.034144 0.020696 0.266952
v 0.048020 0.020143 0.266959
v 0.043822 0.021775 0.266964
v 0.046217 0.021766 0.266967
v 0.048406 0.021768 0.266970
v 0.060192 0.021746 0.266982
v 0.059936 0.020154 0.266963
v 0.069571 0.021715 0.266982
v 0.068768 0.020703 0.266964
v 0.079897 0.020707 0.266970
v 0.083890 0.021706 0.266994
v 0.096395 0.020630 0.266992
v 0.091782 0.021676 0.267010
v 0.097625 0.021659 0.267026
v 0.087951 0.019075 0.266963
v 0.096182 0.019021 0.266981
v 0.097635 0.016805 0.266995
v 0.096648 0.013541 0.266978
v 0.095019 0.015821 0.266969
v 0.092519 0.015785 0.266958
v 0.088117 0.016846 0.266953
v 0.084427 0.014426 0.266945
v 0.077856 0.016522 0.266946
v 0.072100 0.018455 0.266950
v 0.073604 0.019589 0.266961
v 0.051978 0.018470 0.266949
v 0.065872 0.015807 0.266944
v 0.049811 0.016040 0.266945
v 0.042489 0.008976 0.266941
v 0.056196 0.011467 0.266941
v 0.047252 0.005341 0.266942
v 0.050675 0.001013 0.266940
v 0.058802 0.000943 0.266939
v 0.065586 0.005163 0.266938
v 0.067118 -0.000668 0.266940
v 0.072657 0.003576 0.266942
v 0.075564 -0.001767 0.266943
v 0.081486 0.002499 0.266940
v 0.079555 0.005279 0.266943
v 0.083486 0.009168 0.266943
v 0.089659 0.006833 0.266945
v 0.072336 0.010242 0.266941
v 0.085291 -0.000293 0.266943
v 0.091710 -0.000975 0.266954
v 0.093684 0.008751 0.266959
v 0.095009 0.001121 0.266968
v 0.094527 -0.006906 0.266972
v 0.096646 0.001282 0.266979
v 0.096642 -0.009761 0.266985
v 0.097635 -0.013682 0.267004
v 0.097616 -0.018366 0.266992
v 0.097643 0.003243 0.266994
v 0.093214 -0.015776 0.266970
v 0.094193 -0.019139 0.266978
v 0.095438 -0.021759 0.266996
v 0.097583 -0.021730 0.267027
v 0.088939 -0.019412 0.266972
v 0.084997 -0.020763 0.266978
v 0.081630 -0.018834 0.266964
v 0.086864 -0.016337 0.266960
v 0.089779 -0.010378 0.266963
v 0.081771 -0.013023 0.266954
v 0.085654 -0.005819 0.266953
v 0.078066 -0.005421 0.266945
v 0.063920 -0.004343 0.266943
v 0.071527 -0.008272 0.266951
v 0.056776 -0.006371 0.266948
v 0.047420 -0.002930 0.266940
v 0.041985 -0.005647 0.266944
v 0.038778 -0.003563 0.266936
v 0.041285 0.001585 0.266939
v 0.035241 0.000295 0.266935
v 0.032033 0.007354 0.266939
v 0.024148 0.001297 0.266934
v 0.011745 0.001466 0.266932
v -0.004703 0.001379 0.266933
v -0.013960 0.003263 0.266935
v -0.017720 0.008210 0.266938
v -0.026412 0.010985 0.266943
v -0.031349 0.007899 0.266941
v -0.044814 0.009984 0.266943
v -0.056077 0.009753 0.266942
v -0.055202 0.014325 0.266947
v -0.063247 0.012284 0.266946
v -0.072473 0.011115 0.266943
v -0.075419 0.017556 0.266947
v -0.090567 0.019089 0.266956
v -0.094981 0.017890 0.266964
v -0.087583 0.016630 0.266947
v -0.091426 0.012164 0.266951
v -0.087621 0.010969 0.266944
v -0.083321 0.011219 0.266940
v -0.080382 0.016219 0.266945
v -0.077476 0.013107 0.266945
v -0.079439 0.008625 0.266942
v -0.075491 0.005984 0.266936
v -0.066365 0.007890 0.266938
v -0.072110 0.004333 0.266934
v -0.067165 0.003878 0.266937
v -0.059855 0.002413 0.266941
v -0.054149 0.006206 0.266937
v -0.049220 0.001850 0.266938
v -0.041373 0.006430 0.266937
v -0.037641 0.001201 0.266937
v -0.025186 0.001330 0.266939
v -0.026854 -0.004760 0.266939
v -0.015325 -0.001270 0.266936
v -0.017664 -0.004798 0.266936
v -0.004048 -0.003749 0.266930
v -0.006028 -0.007584 0.266936
v 0.004591 -0.005591 0.266932
v 0.003766 -0.002109 0.266927
v 0.011361 -0.004460 0.266930
v 0.017330 -0.003440 0.266933
v 0.014482 -0.007318 0.266937
v 0.017624 -0.010380 0.266933
v 0.026383 -0.006478 0.266941
v 0.024609 -0.011035 0.266936
v 0.029283 -0.011596 0.266939
v 0.033475 -0.014159 0.266948
v 0.037644 -0.014477 0.266955
v 0.036095 -0.007570 0.266949
v 0.042875 -0.011874 0.266953
v 0.046896 -0.008114 0.266950
v 0.058107 -0.009842 0.266951
v 0.052074 -0.016111 0.266956
v 0.063367 -0.016172 0.266954
v 0.066749 -0.011715 0.266952
v 0.075000 -0.016669 0.266956
v 0.069549 -0.019099 0.266960
v 0.055426 -0.019095 0.266961
v 0.066493 -0.020762 0.266966
v 0.070204 -0.021807 0.266984
v 0.086414 -0.021776 0.266997
v 0.067140 -0.021809 0.266980
v 0.062285 -0.021815 0.266980
v 0.054514 -0.020763 0.266967
v 0.058832 -0.021805 0.266981
v 0.043893 -0.021828 0.266972
v 0.042424 -0.017236 0.266957
v 0.035821 -0.019953 0.266957
v 0.034960 -0.021813 0.266971
v 0.031027 -0.021810 0.266956
v 0.030457 -0.017275 0.266944
v 0.019576 -0.018534 0.266946
v 0.021828 -0.015243 0.266936
v 0.009980 -0.016149 0.266940
v 0.010163 -0.011666 0.266936
v 0.004690 -0.009867 0.266935
v 0.000544 -0.012978 0.266937
v -0.006476 -0.014090 0.266935
v -0.000779 -0.018351 0.266944
v -0.007777 -0.017820 0.266941
v -0.013453 -0.018387 0.266948
v -0.014374 -0.011499 0.266939
v -0.023132 -0.015202 0.266945
v -0.021266 -0.009028 0.266938
v -0.029732 -0.010791 0.266945
v -0.036785 -0.006320 0.266941
v -0.034410 -0.011350 0.266941
v -0.034062 -0.016590 0.266947
v -0.043094 -0.015234 0.266942
v -0.041844 -0.010907 0.266942
v -0.053392 -0.012512 0.266942
v -0.044776 -0.004786 0.266940
v -0.052480 -0.006870 0.266941
v -0.057115 -0.003160 0.266941
v -0.059598 -0.010646 0.266942
v -0.065164 -0.007137 0.266942
v -0.068978 -0.003998 0.266943
v -0.068891 -0.000441 0.266944
v -0.081672 0.000138 0.266946
v -0.075291 0.001796 0.266940
v -0.084347 0.004534 0.266940
v -0.089229 -0.000641 0.266949
v -0.093017 0.000088 0.266960
v -0.093811 0.009094 0.266963
v -0.095611 0.002114 0.266976
v -0.095914 0.014353 0.266974
v -0.097522 0.013933 0.266989
v -0.097530 0.019704 0.266973
v -0.097520 0.003749 0.266988
v -0.097520 -0.008960 0.266970
v -0.095256 -0.010041 0.266974
v -0.097534 -0.019185 0.266988
v -0.096085 -0.020964 0.266995
v -0.092906 -0.016338 0.266978
v -0.091287 -0.020767 0.266982
v -0.085378 -0.017347 0.266957
v -0.082934 -0.021821 0.266971
v -0.080548 -0.018382 0.266956
v -0.070644 -0.020491 0.266961
v -0.067709 -0.018659 0.266952
v -0.060756 -0.021820 0.266958
v -0.052746 -0.018247 0.266948
v -0.051873 -0.020762 0.266951
v -0.034871 -0.020212 0.266954
v -0.039369 -0.017912 0.266946
v -0.016730 -0.020482 0.266952
v -0.032093 -0.021798 0.266959
v -0.014935 -0.021795 0.266959
v -0.003328 -0.021822 0.266960
v 0.008372 -0.021823 0.266962
v 0.015997 -0.021818 0.266955
v -0.049110 -0.021806 0.266958
v -0.064747 -0.014812 0.266943
v -0.065457 -0.010420 0.266945
v -0.071530 -0.012447 0.266942
v -0.073486 -0.006863 0.266944
v -0.073958 -0.010078 0.266945
v -0.079234 -0.010829 0.266944
v -0.081429 -0.003177 0.266946
v -0.083249 -0.007905 0.266944
v -0.086989 -0.005754 0.266947
v -0.092883 -0.007384 0.266960
v -0.089191 -0.010369 0.266955
v -0.089683 -0.015245 0.266965
v -0.084297 -0.011969 0.266944
v -0.074607 -0.015699 0.266945
v -0.071763 -0.021819 0.266976
v -0.080124 -0.021808 0.266974
v -0.097527 -0.021782 0.267006
v -0.085672 -0.021810 0.266982
v -0.097516 -0.020747 0.267002
v 0.031635 -0.004952 0.266940
v 0.027299 -0.002187 0.266932
v 0.040294 0.021784 0.266961
v 0.037075 0.021783 0.266957
v 0.029233 0.021812 0.266955
v 0.014294 0.021786 0.266952
v -0.018536 0.021791 0.266949
v -0.030803 0.021784 0.266955
v -0.023139 -0.006752 0.001308
v -0.021163 -0.002162 0.001301
v -0.028093 -0.000860 0.001313
v -0.023500 0.003519 0.001306
v -0.018216 -0.003375 0.001299
v -0.013768 -0.000294 0.001304
v -0.013989 -0.005120 0.001308
v -0.013229 -0.009684 0.001316
v -0.018578 -0.011592 0.001320
v -0.019388 -0.007898 0.001309
v -0.015510 -0.015806 0.001322
v -0.008941 -0.015876 0.001303
v -0.005957 -0.011409 0.001298
v -0.007376 -0.007193 0.001308
v -0.004777 -0.004284 0.001295
v -0.005469 0.001345 0.001284
v 0.005636 0.003754 0.001248
v 0.000206 0.005421 0.001266
v -0.007032 0.007248 0.001297
v 0.006003 0.011529 0.001251
v -0.001836 0.009617 0.001279
v 0.011597 0.005686 0.001233
v 0.010663 0.012398 0.001248
v 0.007540 0.014711 0.001258
v 0.002018 0.020522 0.001268
v 0.010454 0.020683 0.001285
v 0.013463 0.012967 0.001246
v 0.018327 0.016127 0.001219
v 0.016474 0.017876 0.001229
v 0.021607 0.020517 0.001163
v 0.017232 0.020406 0.001208
v 0.013113 0.020816 0.001269
v 0.011935 0.021511 0.001274
v 0.023100 0.017817 0.001187
v 0.034249 0.016242 0.001188
v 0.034186 0.019105 0.001165
v 0.031587 0.020618 0.001148
v 0.043402 0.018513 0.001162
v 0.049451 0.017950 0.001157
v 0.056705 0.016315 0.001163
v 0.049134 0.013624 0.001190
v 0.057925 0.013659 0.001182
v 0.063432 0.017794 0.001144
v 0.065236 0.011940 0.001182
v 0.068414 0.015074 0.001166
v 0.080035 0.017390 0.001137
v 0.087421 0.016526 0.001129
v 0.090751 0.017948 0.001112
v 0.092996 0.020708 0.001089
v 0.093814 0.015803 0.001104
v 0.089693 0.013007 0.001135
v 0.093827 0.009831 0.001113
v 0.096707 0.017036 0.001066
v 0.096478 0.020656 0.001057
v 0.096618 0.008434 0.001069
v 0.093830 0.001403 0.001116
v 0.091012 0.002562 0.001137
v 0.092438 -0.003286 0.001127
v 0.090033 -0.005597 0.001141
v 0.087278 0.000014 0.001153
v 0.083554 -0.005596 0.001168
v 0.081482 -0.002579 0.001174
v 0.077138 -0.004960 0.001184
v 0.076007 -0.002381 0.001182
v 0.069154 -0.000599 0.001187
v 0.066682 -0.005822 0.001187
v 0.063859 0.000524 0.001185
v 0.058785 -0.001144 0.001190
v 0.048871 -0.004930 0.001205
v 0.049896 -0.001170 0.001202
v 0.040969 -0.002432 0.001218
v 0.034844 -0.003562 0.001218
v 0.034896 0.001197 0.001219
v 0.026186 -0.002342 0.001216
v 0.028085 0.001920 0.001214
v 0.019658 -0.002276 0.001221
v 0.021393 -0.005093 0.001208
v 0.016210 -0.004445 0.001234
v 0.017706 -0.008595 0.001221
v 0.013938 -0.014587 0.001239
v 0.013147 -0.006665 0.001255
v 0.011602 -0.010191 0.001256
v 0.007593 -0.006499 0.001268
v 0.004828 -0.012296 0.001265
v 0.000703 -0.007793 0.001281
v 0.003520 -0.002234 0.001271
v 0.009581 -0.003274 0.001264
v 0.007067 0.000684 0.001254
v 0.013801 0.001686 0.001231
v 0.010788 -0.000718 0.001250
v 0.014981 -0.001673 0.001240
v 0.019970 0.001870 0.001215
v 0.015742 0.006789 0.001225
v 0.017038 0.012641 0.001230
v 0.021157 0.006711 0.001216
v 0.022549 0.013504 0.001211
v 0.026577 0.010245 0.001213
v 0.030367 0.012992 0.001206
v 0.032433 0.007731 0.001217
v 0.036328 0.010195 0.001214
v 0.035007 0.013493 0.001203
v 0.040838 0.012628 0.001202
v 0.045943 0.010159 0.001202
v 0.057040 0.011454 0.001191
v 0.057565 0.008140 0.001191
v 0.053485 0.005034 0.001194
v 0.044628 0.003759 0.001205
v 0.039129 0.007747 0.001213
v 0.039914 0.001415 0.001216
v 0.064164 0.007797 0.001185
v 0.073030 0.010936 0.001179
v 0.074269 0.013647 0.001168
v 0.081208 0.011327 0.001169
v 0.087483 0.008095 0.001148
v 0.083176 0.005251 0.001162
v 0.078742 0.007274 0.001173
v 0.075120 0.006056 0.001175
v 0.070714 0.004504 0.001182
v -0.002159 -0.014535 0.001287
v 0.000495 -0.017695 0.001270
v -0.004560 -0.018139 0.001289
v -0.011122 -0.019211 0.001296
v -0.002685 -0.019604 0.001271
v 0.005497 -0.019052 0.001252
v 0.009607 -0.015579 0.001249
v 0.014547 -0.019074 0.001234
v 0.021279 -0.018971 0.001197
v 0.017694 -0.015286 0.001217
v 0.022277 -0.012687 0.001199
v 0.030486 -0.018463 0.001190
v 0.028109 -0.015461 0.001192
v 0.033683 -0.010269 0.001196
v 0.027992 -0.007138 0.001199
v 0.029870 -0.004600 0.001207
v 0.037540 -0.006659 0.001204
v 0.045678 -0.006683 0.001199
v 0.050626 -0.010068 0.001190
v 0.064142 -0.008252 0.001181
v 0.062411 -0.012509 0.001183
v 0.078923 -0.009610 0.001170
v 0.086436 -0.009523 0.001155
v 0.081742 -0.015279 0.001169
v 0.072519 -0.014348 0.001179
v 0.076737 -0.018511 0.001182
v 0.064070 -0.018489 0.001193
v 0.065013 -0.016328 0.001185
v 0.051136 -0.015857 0.001194
v 0.051075 -0.018507 0.001201
v 0.048575 -0.019364 0.001193
v 0.044754 -0.014658 0.001190
v 0.038650 -0.018468 0.001192
v 0.037556 -0.015109 0.001192
v 0.033813 -0.019630 0.001183
v 0.059778 -0.019640 0.001191
v 0.073488 -0.019637 0.001182
v 0.083449 -0.019086 0.001163
v 0.089780 -0.014879 0.001139
v 0.089969 -0.009981 0.001138
v 0.094681 -0.005999 0.001088
v 0.094653 -0.010377 0.001092
v 0.096639 -0.005966 0.001048
v 0.096661 0.000798 0.001072
v 0.096725 -0.016421 0.001081
v 0.093733 -0.019359 0.001118
v 0.096718 -0.020626 0.001069
v -0.016451 -0.018465 0.001335
v -0.019738 -0.017579 0.001354
v -0.020892 -0.020023 0.001373
v -0.023605 -0.017085 0.001362
v -0.024241 -0.013867 0.001333
v -0.032295 -0.016196 0.001359
v -0.030083 -0.019046 0.001386
v -0.036644 -0.018340 0.001381
v -0.040536 -0.014538 0.001356
v -0.036404 -0.012660 0.001332
v -0.033060 -0.008060 0.001316
v -0.038517 -0.010198 0.001326
v -0.029215 -0.012152 0.001327
v -0.028853 -0.008517 0.001319
v -0.038613 -0.006085 0.001318
v -0.032554 -0.003559 0.001311
v -0.039315 -0.001647 0.001319
v -0.043928 -0.004113 0.001330
v -0.044379 -0.008608 0.001340
v -0.047753 -0.011103 0.001372
v -0.048741 -0.006104 0.001367
v -0.051327 -0.007753 0.001396
v -0.055232 -0.004103 0.001411
v -0.059285 -0.009212 0.001443
v -0.064271 -0.002010 0.001449
v -0.058560 0.012597 0.001434
v -0.055993 0.013976 0.001436
v -0.063363 0.014591 0.001456
v -0.054892 0.018028 0.001466
v -0.059002 -0.000749 0.001422
v -0.053852 0.003933 0.001406
v -0.057999 0.007454 0.001424
v -0.049881 0.010844 0.001370
v -0.051941 0.014206 0.001410
v -0.047450 0.008022 0.001349
v -0.045657 0.012567 0.001330
v -0.048587 0.014686 0.001368
v -0.049042 0.001135 0.001368
v -0.052064 0.005902 0.001394
v -0.046046 -0.002164 0.001342
v -0.043985 0.007201 0.001327
v -0.043334 0.013036 0.001317
v -0.044634 0.016696 0.001333
v -0.040858 0.003338 0.001325
v -0.036697 0.009177 0.001307
v -0.035985 0.012372 0.001303
v -0.036124 0.014692 0.001306
v -0.026452 0.011025 0.001299
v -0.023882 0.014911 0.001307
v -0.015793 0.013579 0.001303
v -0.017115 0.017895 0.001309
v -0.034146 0.003341 0.001311
v -0.028428 0.005808 0.001308
v -0.013917 0.008811 0.001303
v -0.011559 0.017905 0.001302
v -0.011024 0.003351 0.001298
v -0.007145 0.014002 0.001298
v -0.000548 0.015851 0.001277
v -0.003764 0.018722 0.001287
v -0.021897 0.018021 0.001319
v -0.028366 0.018488 0.001320
v -0.034487 0.017886 0.001320
v -0.064335 0.016715 0.001476
v -0.062603 0.018944 0.001496
v -0.064211 0.011844 0.001451
v -0.067707 0.007485 0.001469
v -0.062954 0.004907 0.001440
v -0.071151 0.001415 0.001493
v -0.074041 -0.004042 0.001510
v -0.068042 -0.005023 0.001483
v -0.073566 -0.010965 0.001527
v -0.079797 -0.014485 0.001580
v -0.077649 -0.014076 0.001558
v -0.078984 -0.010642 0.001554
v -0.082172 -0.016725 0.001619
v -0.079563 -0.018732 0.001591
v -0.088027 -0.019419 0.001663
v -0.087153 -0.014381 0.001669
v -0.089227 -0.014519 0.001669
v -0.088640 0.004179 0.001630
v -0.088611 0.011444 0.001615
v -0.090368 -0.000778 0.001636
v -0.088184 -0.009424 0.001667
v -0.085595 -0.013140 0.001658
v -0.086367 -0.005469 0.001650
v -0.086120 0.002656 0.001624
v -0.084004 -0.011559 0.001637
v -0.083999 -0.003880 0.001618
v -0.081875 -0.011137 0.001598
v -0.082217 -0.000452 0.001576
v -0.079969 -0.001042 0.001543
v -0.083752 0.007437 0.001581
v -0.080835 0.008929 0.001530
v -0.082888 0.013480 0.001556
v -0.077159 -0.006140 0.001527
v -0.078473 0.003937 0.001516
v -0.074581 0.003636 0.001501
v -0.077701 0.006725 0.001503
v -0.075585 0.010131 0.001494
v -0.071402 0.010341 0.001486
v -0.071091 0.014458 0.001492
v -0.068527 0.018764 0.001519
v -0.075382 0.018506 0.001537
v -0.072422 0.021567 0.001577
v -0.079602 0.016590 0.001530
v -0.079857 0.020514 0.001558
v -0.085223 0.019072 0.001570
v -0.080034 0.012543 0.001519
v -0.077686 0.012383 0.001501
v -0.085326 0.011854 0.001592
v -0.091278 0.010148 0.001597
v -0.090697 0.016070 0.001564
v -0.094357 0.012168 0.001540
v -0.088944 0.015041 0.001583
v -0.085270 0.015650 0.001574
v -0.087999 0.019393 0.001567
v -0.094521 0.015905 0.001513
v -0.093996 0.007222 0.001561
v -0.092987 -0.001855 0.001601
v -0.093296 -0.013773 0.001621
v -0.092126 -0.008390 0.001631
v -0.092106 -0.017833 0.001648
v -0.090253 -0.010248 0.001659
v -0.097371 -0.021614 0.001624
v -0.088076 -0.021643 0.001660
v -0.095098 -0.020890 0.001638
v -0.096550 -0.019771 0.001642
v -0.084750 -0.018256 0.001645
v -0.074692 -0.015359 0.001558
v -0.070383 -0.015949 0.001550
v -0.065140 -0.017824 0.001534
v -0.065456 -0.014015 0.001505
v -0.073174 -0.021639 0.001584
v -0.064455 -0.021632 0.001554
v -0.069639 -0.019854 0.001569
v -0.059505 -0.015898 0.001490
v -0.054582 -0.011098 0.001432
v -0.061450 -0.012137 0.001468
v -0.053625 -0.016054 0.001472
v -0.051128 -0.012613 0.001418
v -0.049603 -0.018445 0.001455
v -0.048004 -0.014501 0.001400
v -0.044587 -0.016873 0.001393
v -0.045801 -0.021619 0.001410
v -0.038463 -0.020161 0.001392
v -0.045326 -0.020224 0.001414
v -0.052113 -0.021617 0.001510
v -0.034495 -0.021629 0.001378
v -0.015431 -0.020055 0.001317
v -0.013388 -0.021655 0.001254
v -0.005916 -0.021654 0.001235
v -0.011817 -0.020827 0.001272
v 0.001849 -0.020681 0.001234
v 0.001442 -0.021657 0.001207
v 0.011052 -0.019633 0.001242
v 0.012962 -0.021648 0.001208
v 0.021437 -0.021598 0.001152
v 0.034511 -0.021594 0.001137
v 0.029904 -0.020751 0.001164
v 0.045236 -0.021589 0.001150
v 0.051242 -0.021562 0.001163
v 0.065226 -0.020752 0.001171
v 0.054778 -0.020754 0.001180
v 0.073214 -0.021539 0.001153
v -0.020521 -0.021639 0.001354
v -0.025726 -0.021634 0.001374
v -0.053984 -0.021622 0.001529
v -0.059343 -0.021623 0.001538
v -0.078822 -0.021640 0.001586
v -0.083955 -0.021642 0.001641
v -0.094754 -0.015478 0.001610
v -0.096367 -0.002609 0.001553
v -0.096576 -0.013686 0.001590
v -0.097321 -0.017684 0.001618
v -0.096357 0.002075 0.001523
v -0.096602 0.013229 0.001512
v -0.096376 0.020512 0.001449
v -0.092092 0.020745 0.001525
v -0.090361 0.021575 0.001545
v -0.089900 0.020833 0.001561
v -0.084778 0.021576 0.001589
v -0.079510 0.021563 0.001561
v -0.064392 0.020529 0.001532
v -0.064640 0.021570 0.001544
v -0.054182 0.021560 0.001543
v -0.055220 0.019500 0.001492
v -0.051863 0.018986 0.001443
v -0.050961 0.021571 0.001482
v -0.047744 0.020373 0.001384
v -0.045651 0.021547 0.001339
v -0.044539 0.020652 0.001342
v -0.036622 0.021545 0.001331
v -0.030757 0.021547 0.001324
v -0.024334 0.020784 0.001339
v -0.024632 0.021543 0.001338
v -0.015453 0.021509 0.001290
v -0.011787 0.020729 0.001298
v -0.044123 -0.012788 0.001354
v -0.065687 -0.009290 0.001479
v 0.001895 0.021499 0.001247
v -0.097337 -0.013392 0.001567
v -0.097347 0.020573 0.001417
v -0.097342 0.013537 0.001488
v -0.097340 0.002291 0.001481
v -0.097341 -0.002085 0.001511
v 0.097550 -0.017829 0.001044
v 0.097548 0.017878 0.001020
v 0.097555 0.009513 0.001016
v 0.097561 0.001792 0.001019
v 0.097550 -0.005910 0.001000
v -0.097315 0.021615 0.001369
vt 0.305099 0.685391
vt 0.295023 0.698704
vt 0.297424 0.678191
vt 0.291457 0.682026
vt 0.292061 0.666365
vt 0.284962 0.679404
vt 0.288362 0.693505
vt 0.279363 0.683203
vt 0.271503 0.696219
vt 0.270410 0.685389
vt 0.263361 0.697437
vt 0.258121 0.709669
vt 0.253385 0.695925
vt 0.258395 0.689845
vt 0.252570 0.704962
vt 0.241703 0.702456
vt 0.241718 0.713920
vt 0.283216 0.698641
vt 0.271974 0.704151
vt 0.265793 0.712717
vt 0.252596 0.720358
vt 0.286432 0.706792
vt 0.274395 0.712058
vt 0.283313 0.716959
vt 0.273735 0.719137
vt 0.263806 0.720568
vt 0.264943 0.731939
vt 0.253362 0.731395
vt 0.275563 0.735302
vt 0.270713 0.724718
vt 0.280721 0.749583
vt 0.267284 0.753431
vt 0.261064 0.746035
vt 0.252508 0.753790
vt 0.254083 0.764700
vt 0.240386 0.760538
vt 0.271683 0.761594
vt 0.268625 0.773886
vt 0.258944 0.785326
vt 0.245986 0.781113
vt 0.247184 0.772776
vt 0.232828 0.772486
vt 0.237435 0.749664
vt 0.245667 0.741363
vt 0.228690 0.704523
vt 0.247172 0.689012
vt 0.264042 0.672122
vt 0.278809 0.665058
vt 0.268452 0.658801
vt 0.286955 0.655824
vt 0.299129 0.658106
vt 0.291219 0.646443
vt 0.298795 0.640311
vt 0.319235 0.626919
vt 0.297437 0.622759
vt 0.304913 0.610181
vt 0.297227 0.605531
vt 0.290054 0.633987
vt 0.276605 0.628872
vt 0.289474 0.617482
vt 0.277923 0.643294
vt 0.265596 0.642814
vt 0.258317 0.646056
vt 0.262010 0.631482
vt 0.253831 0.664173
vt 0.247469 0.636645
vt 0.261778 0.611766
vt 0.256236 0.623188
vt 0.254385 0.607366
vt 0.263132 0.597343
vt 0.256218 0.590954
vt 0.268438 0.605126
vt 0.279484 0.612227
vt 0.267421 0.619061
vt 0.287298 0.603494
vt 0.279460 0.595498
vt 0.290725 0.586848
vt 0.292132 0.573862
vt 0.289277 0.553915
vt 0.273510 0.565347
vt 0.278710 0.575323
vt 0.270463 0.594839
vt 0.266855 0.580539
vt 0.280835 0.551678
vt 0.302174 0.541197
vt 0.284977 0.536929
vt 0.289859 0.529357
vt 0.281634 0.523629
vt 0.285039 0.510378
vt 0.273745 0.510068
vt 0.296030 0.509371
vt 0.281385 0.497976
vt 0.311470 0.504964
vt 0.309162 0.490402
vt 0.333374 0.480745
vt 0.328758 0.504513
vt 0.343078 0.472033
vt 0.347470 0.492031
vt 0.355533 0.466172
vt 0.345310 0.465291
vt 0.328318 0.458203
vt 0.354778 0.456519
vt 0.323212 0.478660
vt 0.309930 0.470348
vt 0.313587 0.464379
vt 0.305942 0.477545
vt 0.287463 0.474293
vt 0.290326 0.486871
vt 0.275643 0.488667
vt 0.262628 0.495123
vt 0.258237 0.483310
vt 0.260596 0.508771
vt 0.247651 0.504565
vt 0.243923 0.516595
vt 0.235780 0.507053
vt 0.266270 0.520667
vt 0.243068 0.525598
vt 0.228663 0.517810
vt 0.230395 0.533186
vt 0.221510 0.516864
vt 0.266566 0.530920
vt 0.252451 0.535067
vt 0.236781 0.541143
vt 0.221483 0.537540
vt 0.229691 0.549288
vt 0.268247 0.537154
vt 0.258163 0.539519
vt 0.248075 0.543359
vt 0.274427 0.541993
vt 0.259602 0.545517
vt 0.263839 0.557538
vt 0.253440 0.555100
vt 0.241265 0.558215
vt 0.229290 0.556399
vt 0.218041 0.556918
vt 0.216838 0.546926
vt 0.224795 0.566471
vt 0.217345 0.578664
vt 0.210972 0.554185
vt 0.224776 0.576847
vt 0.241994 0.570946
vt 0.256479 0.567984
vt 0.247161 0.588609
vt 0.236198 0.587543
vt 0.220755 0.595716
vt 0.232768 0.607076
vt 0.248632 0.605866
vt 0.240899 0.612035
vt 0.237587 0.634330
vt 0.243614 0.658920
vt 0.232010 0.653792
vt 0.241501 0.674445
vt 0.234603 0.690495
vt 0.231556 0.676425
vt 0.221562 0.698830
vt 0.224431 0.677866
vt 0.221115 0.711756
vt 0.212568 0.711390
vt 0.202811 0.712742
vt 0.194267 0.718889
vt 0.189572 0.710131
vt 0.183968 0.717247
vt 0.179607 0.706372
vt 0.171250 0.717516
vt 0.182744 0.723006
vt 0.170224 0.724407
vt 0.180077 0.742528
vt 0.171003 0.747874
vt 0.184798 0.765014
vt 0.185959 0.751776
vt 0.190978 0.746584
vt 0.189614 0.773563
vt 0.198610 0.777763
vt 0.200090 0.756738
vt 0.194462 0.731224
vt 0.201551 0.739788
vt 0.205503 0.775052
vt 0.206628 0.722956
vt 0.229357 0.722548
vt 0.219482 0.729143
vt 0.239713 0.729942
vt 0.215107 0.738335
vt 0.204862 0.731812
vt 0.228908 0.745873
vt 0.213576 0.747038
vt 0.208565 0.750773
vt 0.211822 0.759526
vt 0.204695 0.757584
vt 0.226360 0.762458
vt 0.214376 0.772937
vt 0.222924 0.775423
vt 0.216227 0.780106
vt 0.208087 0.786344
vt 0.200748 0.802621
vt 0.192491 0.783790
vt 0.213489 0.798935
vt 0.226135 0.784496
vt 0.232201 0.791976
vt 0.246117 0.794954
vt 0.227906 0.798021
vt 0.216109 0.788318
vt 0.239414 0.810493
vt 0.224609 0.811287
vt 0.212005 0.815085
vt 0.233007 0.826269
vt 0.219390 0.831834
vt 0.196028 0.828842
vt 0.191688 0.801433
vt 0.195262 0.846491
vt 0.182854 0.831797
vt 0.217874 0.854087
vt 0.204326 0.837296
vt 0.219766 0.871914
vt 0.209125 0.863450
vt 0.198140 0.863245
vt 0.201511 0.873505
vt 0.188925 0.874227
vt 0.212458 0.875170
vt 0.210576 0.882087
vt 0.196983 0.884056
vt 0.186901 0.882046
vt 0.197032 0.888870
vt 0.224383 0.879542
vt 0.217262 0.885400
vt 0.229123 0.885723
vt 0.219618 0.891249
vt 0.173193 0.889256
vt 0.167209 0.885350
vt 0.135331 0.888620
vt 0.153215 0.891229
vt 0.127703 0.891199
vt 0.134965 0.880416
vt 0.136191 0.885374
vt 0.151620 0.874570
vt 0.130502 0.871518
vt 0.155972 0.864271
vt 0.173559 0.871767
vt 0.175618 0.858971
vt 0.163297 0.851477
vt 0.177182 0.843012
vt 0.183200 0.813053
vt 0.175432 0.766553
vt 0.163166 0.720113
vt 0.163910 0.753853
vt 0.174926 0.776334
vt 0.162541 0.777001
vt 0.168001 0.786612
vt 0.179117 0.787460
vt 0.168949 0.798618
vt 0.179020 0.799373
vt 0.167922 0.811629
vt 0.160221 0.777681
vt 0.162414 0.795910
vt 0.161251 0.801726
vt 0.163074 0.828508
vt 0.152610 0.817300
vt 0.137161 0.803755
vt 0.127556 0.806798
vt 0.134761 0.799286
vt 0.137851 0.822937
vt 0.144441 0.807490
vt 0.125803 0.818259
vt 0.127128 0.833927
vt 0.115953 0.817125
vt 0.147976 0.834260
vt 0.164013 0.840207
vt 0.144166 0.845915
vt 0.146095 0.853165
vt 0.129667 0.845849
vt 0.136747 0.863120
vt 0.118665 0.862101
vt 0.115464 0.874768
vt 0.102850 0.866434
vt 0.090083 0.861364
vt 0.090356 0.874343
vt 0.077669 0.873764
vt 0.086937 0.882123
vt 0.065574 0.883984
vt 0.107622 0.883104
vt 0.101663 0.888636
vt 0.089163 0.887367
vt 0.075994 0.885421
vt 0.087751 0.891164
vt 0.072337 0.889288
vt 0.047703 0.886201
vt 0.049025 0.881335
vt 0.065182 0.876089
vt 0.047481 0.876908
vt 0.081027 0.851681
vt 0.099016 0.848480
vt 0.112652 0.831287
vt 0.113031 0.847822
vt 0.122687 0.799333
vt 0.127404 0.792762
vt 0.130469 0.786626
vt 0.136176 0.787745
vt 0.131314 0.776388
vt 0.143116 0.770951
vt 0.140304 0.781760
vt 0.150225 0.780904
vt 0.155145 0.768998
vt 0.157815 0.786887
vt 0.158232 0.744669
vt 0.150467 0.757198
vt 0.142006 0.763067
vt 0.139567 0.750716
vt 0.159894 0.719203
vt 0.149290 0.737124
vt 0.148111 0.721939
vt 0.140074 0.730503
vt 0.124180 0.720403
vt 0.148051 0.717423
vt 0.132978 0.722501
vt 0.135885 0.716124
vt 0.144596 0.712407
vt 0.168180 0.706980
vt 0.193613 0.702992
vt 0.206271 0.705247
vt 0.203753 0.698254
vt 0.209179 0.689795
vt 0.203081 0.691000
vt 0.215380 0.678434
vt 0.213374 0.697266
vt 0.222017 0.661870
vt 0.212629 0.651532
vt 0.207063 0.666515
vt 0.199559 0.682009
vt 0.202529 0.666341
vt 0.193897 0.670458
vt 0.188283 0.691750
vt 0.185294 0.698272
vt 0.163446 0.696555
vt 0.177807 0.674949
vt 0.170138 0.684952
vt 0.165230 0.662435
vt 0.177965 0.659914
vt 0.186825 0.673876
vt 0.185825 0.639852
vt 0.193357 0.621159
vt 0.196953 0.642445
vt 0.204815 0.638131
vt 0.208831 0.626851
vt 0.222475 0.642655
vt 0.231162 0.632400
vt 0.222156 0.620744
vt 0.213098 0.596308
vt 0.213580 0.625631
vt 0.207271 0.598024
vt 0.204193 0.618100
vt 0.200081 0.601435
vt 0.189925 0.608705
vt 0.187166 0.593805
vt 0.177116 0.599020
vt 0.172812 0.586143
vt 0.174988 0.617127
vt 0.176683 0.641650
vt 0.164112 0.638073
vt 0.160268 0.613933
vt 0.158512 0.633425
vt 0.156673 0.612003
vt 0.161210 0.675113
vt 0.160081 0.654782
vt 0.157009 0.665008
vt 0.152945 0.678635
vt 0.149833 0.660353
vt 0.160099 0.696195
vt 0.153998 0.701535
vt 0.147699 0.693394
vt 0.143877 0.686596
vt 0.134885 0.684234
vt 0.129676 0.696947
vt 0.141359 0.676518
vt 0.145229 0.669111
vt 0.153685 0.643933
vt 0.153529 0.622905
vt 0.158787 0.590655
vt 0.161545 0.574618
vt 0.163872 0.610207
vt 0.150040 0.565501
vt 0.141891 0.572787
vt 0.142482 0.557072
vt 0.137174 0.562890
vt 0.156473 0.581820
vt 0.150036 0.589316
vt 0.153732 0.573935
vt 0.148605 0.610275
vt 0.145210 0.599300
vt 0.145918 0.619434
vt 0.139805 0.615354
vt 0.142812 0.633561
vt 0.142369 0.648625
vt 0.135124 0.641281
vt 0.136505 0.667863
vt 0.129360 0.677094
vt 0.125101 0.671418
vt 0.122932 0.693465
vt 0.119701 0.674150
vt 0.115339 0.695556
vt 0.120599 0.699074
vt 0.131869 0.707844
vt 0.123176 0.707526
vt 0.116251 0.709572
vt 0.116461 0.719638
vt 0.107941 0.709492
vt 0.127345 0.755714
vt 0.119314 0.736414
vt 0.115608 0.740210
vt 0.110543 0.736750
vt 0.108779 0.722394
vt 0.101896 0.716752
vt 0.121827 0.762008
vt 0.119282 0.776890
vt 0.115628 0.762926
vt 0.112237 0.780103
vt 0.109064 0.771681
vt 0.108568 0.756915
vt 0.104581 0.734479
vt 0.097528 0.722287
vt 0.101931 0.755853
vt 0.094560 0.766387
vt 0.094163 0.781058
vt 0.088247 0.778261
vt 0.101970 0.791808
vt 0.085082 0.793433
vt 0.076463 0.777291
vt 0.072947 0.793871
vt 0.068701 0.798830
vt 0.070568 0.772571
vt 0.075034 0.801739
vt 0.064423 0.802678
vt 0.108899 0.799270
vt 0.117222 0.803095
vt 0.096498 0.801763
vt 0.082633 0.804694
vt 0.092313 0.808352
vt 0.101828 0.818953
vt 0.086785 0.825789
vt 0.093086 0.835453
vt 0.076174 0.842102
vt 0.068273 0.865206
vt 0.062697 0.848607
vt 0.054672 0.861720
vt 0.044458 0.836328
vt 0.074743 0.827019
vt 0.060944 0.833885
vt 0.061538 0.826188
vt 0.070040 0.814125
vt 0.059464 0.780490
vt 0.057277 0.801775
vt 0.054709 0.785504
vt 0.063858 0.781961
vt 0.062129 0.791229
vt 0.066377 0.772465
vt 0.072587 0.760190
vt 0.078669 0.747624
vt 0.082463 0.764020
vt 0.093190 0.748618
vt 0.089577 0.736909
vt 0.097828 0.730674
vt 0.108777 0.701301
vt 0.114392 0.675904
vt 0.119303 0.646899
vt 0.106849 0.693653
vt 0.088766 0.693503
vt 0.094247 0.687812
vt 0.071273 0.681129
vt 0.073327 0.694608
vt 0.066788 0.693572
vt 0.084987 0.698477
vt 0.076178 0.689473
vt 0.072250 0.703293
vt 0.064772 0.708030
vt 0.095568 0.701036
vt 0.090096 0.708866
vt 0.087217 0.718114
vt 0.075366 0.713891
vt 0.077796 0.722968
vt 0.087424 0.729649
vt 0.076683 0.734641
vt 0.067642 0.747705
vt 0.069906 0.732912
vt 0.066764 0.729923
vt 0.067455 0.718778
vt 0.063259 0.743216
vt 0.063831 0.720887
vt 0.063263 0.766054
vt 0.060115 0.749431
vt 0.055827 0.769385
vt 0.054730 0.750646
vt 0.049514 0.767092
vt 0.044415 0.749734
vt 0.041952 0.766784
vt 0.034346 0.760352
vt 0.031614 0.778624
vt 0.026344 0.764928
vt 0.024321 0.784239
vt 0.045571 0.780815
vt 0.030631 0.792522
vt 0.038802 0.799896
vt 0.031233 0.809584
vt 0.022678 0.805091
vt 0.048369 0.796596
vt 0.039878 0.788833
vt 0.056142 0.813947
vt 0.041521 0.815644
vt 0.034076 0.835451
vt 0.024266 0.825882
vt 0.042715 0.855726
vt 0.044200 0.868745
vt 0.035348 0.861878
vt 0.035049 0.875676
vt 0.035531 0.885580
vt 0.019602 0.882659
vt 0.026736 0.867819
vt 0.017491 0.880002
vt 0.019364 0.864111
vt 0.025292 0.853059
vt 0.021505 0.792829
vt 0.018544 0.770589
vt 0.026715 0.748369
vt 0.034359 0.743417
vt 0.041912 0.732461
vt 0.034375 0.729803
vt 0.054158 0.734902
vt 0.052142 0.725116
vt 0.059407 0.720866
vt 0.058751 0.695050
vt 0.063481 0.694834
vt 0.052212 0.705167
vt 0.052488 0.695349
vt 0.054539 0.685104
vt 0.058624 0.673390
vt 0.070305 0.661312
vt 0.074708 0.670087
vt 0.081109 0.665563
vt 0.082223 0.684882
vt 0.089050 0.662266
vt 0.092330 0.676711
vt 0.101317 0.656648
vt 0.113508 0.652996
vt 0.107975 0.670655
vt 0.124397 0.645047
vt 0.130972 0.638061
vt 0.131512 0.654513
vt 0.132358 0.607971
vt 0.129077 0.619776
vt 0.127341 0.594209
vt 0.136976 0.599070
vt 0.135166 0.622277
vt 0.140546 0.583204
vt 0.136204 0.578515
vt 0.137265 0.547933
vt 0.143055 0.543789
vt 0.145097 0.548684
vt 0.155870 0.542996
vt 0.153585 0.547427
vt 0.162096 0.554020
vt 0.172335 0.570612
vt 0.184513 0.580816
vt 0.185981 0.566997
vt 0.194619 0.580884
vt 0.205082 0.564587
vt 0.203011 0.584774
vt 0.224015 0.498024
vt 0.237205 0.488260
vt 0.223367 0.485309
vt 0.227066 0.471648
vt 0.220045 0.474906
vt 0.224602 0.456908
vt 0.237696 0.468710
vt 0.211735 0.463108
vt 0.220230 0.465428
vt 0.206986 0.470495
vt 0.189483 0.465306
vt 0.196731 0.470504
vt 0.166216 0.470229
vt 0.169230 0.462955
vt 0.124008 0.462624
vt 0.131455 0.458168
vt 0.106949 0.456784
vt 0.100879 0.463278
vt 0.082267 0.460038
vt 0.084027 0.470957
vt 0.117349 0.469342
vt 0.116420 0.480061
vt 0.160474 0.457481
vt 0.136100 0.454194
vt 0.180192 0.456791
vt 0.139159 0.472545
vt 0.190594 0.483971
vt 0.199868 0.464835
vt 0.198292 0.486875
vt 0.212831 0.479742
vt 0.216471 0.492119
vt 0.206505 0.494961
vt 0.209379 0.509713
vt 0.214640 0.524336
vt 0.204145 0.521333
vt 0.198601 0.507513
vt 0.193617 0.511420
vt 0.205787 0.536728
vt 0.198621 0.540449
vt 0.196703 0.559737
vt 0.193530 0.537218
vt 0.180528 0.551166
vt 0.184678 0.532308
vt 0.173367 0.536976
vt 0.171364 0.554976
vt 0.161569 0.540190
vt 0.146355 0.537041
vt 0.156161 0.529105
vt 0.131682 0.544306
vt 0.132930 0.531267
vt 0.133809 0.558145
vt 0.127421 0.558097
vt 0.125898 0.567949
vt 0.132111 0.582945
vt 0.121295 0.589453
vt 0.116561 0.578735
vt 0.117029 0.600979
vt 0.110738 0.582688
vt 0.113115 0.560999
vt 0.123551 0.622122
vt 0.116640 0.625322
vt 0.113114 0.638922
vt 0.111100 0.621390
vt 0.102237 0.639306
vt 0.087496 0.640175
vt 0.090181 0.650029
vt 0.076849 0.651589
vt 0.073997 0.643169
vt 0.068466 0.650387
vt 0.084388 0.621266
vt 0.089364 0.631970
vt 0.072622 0.633494
vt 0.099079 0.609684
vt 0.088852 0.604915
vt 0.110337 0.602672
vt 0.104174 0.620495
vt 0.104902 0.573168
vt 0.116991 0.549495
vt 0.122807 0.538854
vt 0.123156 0.554481
vt 0.112681 0.536606
vt 0.109679 0.546870
vt 0.098880 0.540466
vt 0.099085 0.550704
vt 0.100261 0.559418
vt 0.090141 0.562801
vt 0.099341 0.580722
vt 0.086126 0.571437
vt 0.088741 0.579766
vt 0.076634 0.583794
vt 0.076177 0.598638
vt 0.070557 0.601269
vt 0.074704 0.615998
vt 0.066736 0.618251
vt 0.069923 0.578600
vt 0.066728 0.595663
vt 0.065133 0.566932
vt 0.060675 0.573098
vt 0.060681 0.609098
vt 0.056666 0.585083
vt 0.052671 0.600510
vt 0.043647 0.580588
vt 0.063168 0.619657
vt 0.064215 0.591387
vt 0.059353 0.633694
vt 0.054544 0.619989
vt 0.064746 0.636223
vt 0.063152 0.647692
vt 0.065047 0.670229
vt 0.060679 0.658302
vt 0.046312 0.637298
vt 0.043111 0.645339
vt 0.039941 0.633296
vt 0.053056 0.660517
vt 0.053079 0.643652
vt 0.037761 0.658019
vt 0.032490 0.652174
vt 0.041844 0.671421
vt 0.045650 0.657083
vt 0.034132 0.673143
vt 0.034623 0.688264
vt 0.028293 0.683124
vt 0.045297 0.680511
vt 0.046786 0.689510
vt 0.041925 0.695925
vt 0.027723 0.691970
vt 0.043245 0.705660
vt 0.030297 0.702422
vt 0.025490 0.707039
vt 0.026792 0.717027
vt 0.019166 0.711509
vt 0.048281 0.718289
vt 0.034665 0.717333
vt 0.038279 0.722175
vt 0.027736 0.722017
vt 0.026785 0.735342
vt 0.018821 0.731357
vt 0.018537 0.751140
vt 0.014362 0.743244
vt 0.018536 0.784109
vt 0.015064 0.796061
vt 0.014556 0.772507
vt 0.017110 0.810426
vt 0.014439 0.819284
vt 0.017912 0.834990
vt 0.014495 0.846377
vt 0.014206 0.721382
vt 0.011793 0.747128
vt 0.011665 0.719179
vt 0.016894 0.695038
vt 0.019850 0.683604
vt 0.024597 0.671759
vt 0.031535 0.663580
vt 0.034696 0.637772
vt 0.050556 0.630523
vt 0.046051 0.612618
vt 0.044108 0.621354
vt 0.032317 0.619210
vt 0.040591 0.608367
vt 0.041397 0.596595
vt 0.053285 0.562732
vt 0.060025 0.557627
vt 0.053582 0.553609
vt 0.060297 0.543141
vt 0.064156 0.550295
vt 0.067579 0.554835
vt 0.073611 0.552879
vt 0.072182 0.564441
vt 0.085921 0.550421
vt 0.081395 0.539772
vt 0.093476 0.533986
vt 0.074136 0.533330
vt 0.108673 0.531265
vt 0.097524 0.526482
vt 0.110966 0.521688
vt 0.095708 0.520213
vt 0.128745 0.520874
vt 0.146989 0.524965
vt 0.145653 0.508421
vt 0.169882 0.513645
vt 0.163619 0.519754
vt 0.178922 0.503159
vt 0.158179 0.495169
vt 0.186366 0.518222
vt 0.172265 0.479564
vt 0.145755 0.479849
vt 0.164977 0.488589
vt 0.139004 0.489118
vt 0.136892 0.500277
vt 0.116745 0.501058
vt 0.112742 0.509459
vt 0.100939 0.503355
vt 0.075812 0.514475
vt 0.085265 0.505502
vt 0.080740 0.525599
vt 0.064630 0.525313
vt 0.063239 0.532683
vt 0.053128 0.533667
vt 0.047796 0.549171
vt 0.041321 0.529920
vt 0.082629 0.497825
vt 0.057393 0.511656
vt 0.058299 0.496136
vt 0.101075 0.490829
vt 0.095667 0.482478
vt 0.069870 0.481769
vt 0.049298 0.490355
vt 0.050740 0.479787
vt 0.056620 0.471928
vt 0.065035 0.464482
vt 0.055393 0.460079
vt 0.043290 0.472410
vt 0.044258 0.460775
vt 0.034764 0.460552
vt 0.032941 0.469608
vt 0.023067 0.465838
vt 0.026782 0.456444
vt 0.032263 0.483514
vt 0.024448 0.475357
vt 0.026365 0.521710
vt 0.019678 0.526786
vt 0.022397 0.498203
vt 0.016728 0.515880
vt 0.036861 0.499601
vt 0.031802 0.491648
vt 0.042716 0.508997
vt 0.033870 0.521868
vt 0.033686 0.551824
vt 0.022837 0.554794
vt 0.016735 0.542068
vt 0.038480 0.568395
vt 0.031092 0.568541
vt 0.021918 0.576031
vt 0.018235 0.564574
vt 0.032837 0.596098
vt 0.024127 0.591019
vt 0.021734 0.607261
vt 0.029787 0.632841
vt 0.022007 0.628135
vt 0.016803 0.597085
vt 0.016839 0.629794
vt 0.014181 0.617620
vt 0.026252 0.651990
vt 0.020545 0.639934
vt 0.018337 0.657584
vt 0.016856 0.644500
vt 0.018386 0.669893
vt 0.014259 0.667688
vt 0.014298 0.643588
vt 0.014166 0.593031
vt 0.017025 0.489374
vt 0.016737 0.465414
vt 0.046843 0.453921
vt 0.081199 0.450468
vt 0.049550 0.450470
vt 0.093915 0.454185
vt 0.073059 0.452921
vt 0.158213 0.452911
vt 0.166749 0.451077
vt 0.199908 0.457272
vt 0.206510 0.454191
vt 0.242160 0.454204
vt 0.224850 0.450911
vt 0.257830 0.456782
vt 0.239209 0.460451
vt 0.273224 0.456773
vt 0.260877 0.462629
vt 0.283756 0.456787
vt 0.272291 0.469671
vt 0.300342 0.455548
vt 0.290471 0.465941
vt 0.332555 0.454229
vt 0.361989 0.462366
vt 0.367226 0.455917
vt 0.370567 0.463803
vt 0.375084 0.456239
vt 0.389538 0.456397
vt 0.386768 0.465731
vt 0.406449 0.457194
vt 0.391774 0.451723
vt 0.413031 0.450487
vt 0.425587 0.452333
vt 0.441051 0.455247
vt 0.426969 0.457020
vt 0.448471 0.455891
vt 0.449520 0.470776
vt 0.460385 0.456806
vt 0.456806 0.467545
vt 0.473177 0.455725
vt 0.463503 0.470262
vt 0.491406 0.452366
vt 0.479808 0.462330
vt 0.514092 0.451728
vt 0.505589 0.455183
vt 0.525633 0.456252
vt 0.533714 0.454618
vt 0.535414 0.467626
vt 0.548288 0.454295
vt 0.562447 0.455138
vt 0.546560 0.467118
vt 0.626416 0.457900
vt 0.610248 0.456957
vt 0.612229 0.448249
vt 0.629294 0.448112
vt 0.636426 0.454317
vt 0.643174 0.448256
vt 0.636871 0.468273
vt 0.643246 0.471861
vt 0.639352 0.487158
vt 0.630404 0.492865
vt 0.627997 0.470142
vt 0.612786 0.470558
vt 0.639636 0.519705
vt 0.632310 0.517067
vt 0.621369 0.513401
vt 0.617275 0.490627
vt 0.624488 0.529715
vt 0.610710 0.523202
vt 0.632410 0.543018
vt 0.618298 0.539687
vt 0.637863 0.547014
vt 0.618907 0.552530
vt 0.644314 0.554115
vt 0.638862 0.566391
vt 0.630694 0.568814
vt 0.636840 0.589388
vt 0.643111 0.579386
vt 0.642432 0.610811
vt 0.639134 0.626359
vt 0.632525 0.593920
vt 0.646729 0.637202
vt 0.649054 0.607772
vt 0.653877 0.621014
vt 0.653841 0.599890
vt 0.649727 0.591595
vt 0.653883 0.587447
vt 0.648448 0.566770
vt 0.650245 0.542306
vt 0.646467 0.521314
vt 0.650173 0.508058
vt 0.646339 0.489640
vt 0.652038 0.486942
vt 0.653552 0.474381
vt 0.648019 0.464355
vt 0.653913 0.455537
vt 0.653170 0.448222
vt 0.648591 0.448241
vt 0.637155 0.447022
vt 0.655636 0.475083
vt 0.655794 0.472426
vt 0.655817 0.448236
vt 0.655610 0.446984
vt 0.653924 0.492908
vt 0.651965 0.510051
vt 0.653828 0.531309
vt 0.653843 0.556993
vt 0.655419 0.489934
vt 0.655537 0.525577
vt 0.655610 0.555406
vt 0.655647 0.588723
vt 0.655637 0.621814
vt 0.655705 0.644801
vt 0.653699 0.645473
vt 0.655686 0.683323
vt 0.653777 0.685994
vt 0.655679 0.707267
vt 0.653880 0.713230
vt 0.653927 0.747768
vt 0.655681 0.746483
vt 0.653873 0.776649
vt 0.655631 0.778260
vt 0.653867 0.794564
vt 0.655517 0.805420
vt 0.647231 0.671674
vt 0.650180 0.685096
vt 0.649882 0.705453
vt 0.647640 0.714020
vt 0.650489 0.727388
vt 0.648568 0.754733
vt 0.645023 0.719686
vt 0.643147 0.698978
vt 0.643123 0.681505
vt 0.642565 0.644822
vt 0.634764 0.646730
vt 0.636808 0.690473
vt 0.638930 0.719632
vt 0.644901 0.748982
vt 0.648904 0.775571
vt 0.650362 0.750667
vt 0.650207 0.784767
vt 0.650828 0.804534
vt 0.653882 0.812104
vt 0.584549 0.454299
vt 0.587639 0.460440
vt 0.589147 0.473374
vt 0.568183 0.468042
vt 0.593910 0.488917
vt 0.563924 0.491894
vt 0.611133 0.504786
vt 0.594499 0.511192
vt 0.573228 0.506883
vt 0.602491 0.528973
vt 0.575142 0.523540
vt 0.601606 0.542500
vt 0.590216 0.531720
vt 0.595377 0.547852
vt 0.618060 0.562090
vt 0.602443 0.568222
vt 0.618560 0.579885
vt 0.621616 0.609584
vt 0.615937 0.599055
vt 0.633155 0.625876
vt 0.610205 0.622027
vt 0.599870 0.612115
vt 0.623023 0.632858
vt 0.615514 0.644406
vt 0.631465 0.656614
vt 0.614730 0.659548
vt 0.632038 0.688094
vt 0.610996 0.674690
vt 0.633591 0.713016
vt 0.624658 0.711437
vt 0.631254 0.730351
vt 0.611467 0.720299
vt 0.637020 0.752318
vt 0.628051 0.748725
vt 0.641580 0.748463
vt 0.636218 0.781276
vt 0.630346 0.775336
vt 0.644480 0.784850
vt 0.632437 0.797791
vt 0.645715 0.799560
vt 0.644097 0.819958
vt 0.636808 0.810427
vt 0.650239 0.819861
vt 0.655676 0.829334
vt 0.653291 0.833103
vt 0.647340 0.836201
vt 0.641566 0.844577
vt 0.648028 0.855737
vt 0.653977 0.851885
vt 0.653878 0.868654
vt 0.651262 0.867562
vt 0.651396 0.878713
vt 0.655853 0.885326
vt 0.655860 0.868353
vt 0.655846 0.852537
vt 0.655821 0.831532
vt 0.647444 0.868039
vt 0.641541 0.862130
vt 0.651247 0.889136
vt 0.647631 0.880951
vt 0.641559 0.881578
vt 0.636919 0.877806
vt 0.648560 0.889260
vt 0.646188 0.891257
vt 0.574829 0.448232
vt 0.554804 0.448242
vt 0.538531 0.448200
vt 0.530580 0.448246
vt 0.510979 0.448218
vt 0.478175 0.448196
vt 0.466538 0.448183
vt 0.458513 0.448239
vt 0.445782 0.448290
vt 0.415101 0.448294
vt 0.381373 0.448255
vt 0.363234 0.448365
vt 0.354986 0.448352
vt 0.339157 0.448423
vt 0.317390 0.450484
vt 0.297500 0.448385
vt 0.320726 0.448358
vt 0.278225 0.448538
vt 0.260454 0.448576
vt 0.243908 0.448434
vt 0.221504 0.448458
vt 0.196708 0.448598
vt 0.174441 0.448591
vt 0.148653 0.448609
vt 0.133739 0.448580
vt 0.118725 0.448653
vt 0.097173 0.448650
vt 0.057902 0.448654
vt 0.034666 0.448608
vt 0.017682 0.451320
vt 0.014729 0.448681
vt 0.013961 0.450616
vt 0.014183 0.475295
vt 0.014016 0.489677
vt 0.014211 0.513584
vt 0.014109 0.534136
vt 0.014129 0.560398
vt 0.010002 0.580160
vt 0.010039 0.561799
vt 0.010195 0.549179
vt 0.010230 0.517385
vt 0.010260 0.506118
vt 0.010270 0.490241
vt 0.011735 0.476146
vt 0.011604 0.450534
vt 0.009978 0.592743
vt 0.009994 0.604622
vt 0.009956 0.625679
vt 0.011949 0.641952
vt 0.009844 0.640541
vt 0.011601 0.664770
vt 0.009804 0.673321
vt 0.011459 0.693920
vt 0.014310 0.693579
vt 0.014507 0.703671
vt 0.009836 0.696744
vt 0.068418 0.537248
vt 0.009811 0.708223
vt 0.009783 0.720422
vt 0.009789 0.746097
vt 0.011710 0.770473
vt 0.009831 0.771460
vt 0.011712 0.788961
vt 0.009874 0.791604
vt 0.011748 0.815997
vt 0.009901 0.829778
vt 0.011776 0.841858
vt 0.009907 0.858349
vt 0.011802 0.866126
vt 0.009877 0.880142
vt 0.012204 0.880164
vt 0.012712 0.888355
vt 0.009841 0.891013
vt 0.117479 0.533508
vt 0.086619 0.590424
vt 0.189641 0.555721
vt 0.160342 0.558849
vt 0.153522 0.554807
vt 0.168004 0.698690
vt 0.145351 0.702261
vt 0.135281 0.697491
vt 0.129307 0.747949
vt 0.120959 0.787481
vt 0.113565 0.794371
vt 0.114420 0.788306
vt 0.105278 0.785111
vt 0.038356 0.891204
vt 0.023545 0.891245
vt 0.013063 0.891325
vt 0.052112 0.891254
vt 0.064845 0.891211
vt 0.151460 0.803276
vt 0.140060 0.798617
vt 0.150542 0.798985
vt 0.153435 0.792624
vt 0.145209 0.788478
vt 0.116576 0.886725
vt 0.180350 0.891160
vt 0.199251 0.891204
vt 0.190051 0.854770
vt 0.187037 0.865172
vt 0.166364 0.879567
vt 0.250230 0.471633
vt 0.235497 0.476433
vt 0.266852 0.550633
vt 0.296064 0.709201
vt 0.305555 0.704824
vt 0.312407 0.686463
vt 0.314485 0.671067
vt 0.325592 0.672557
vt 0.330443 0.660710
vt 0.316451 0.649510
vt 0.308256 0.666757
vt 0.306598 0.654544
vt 0.305343 0.637131
vt 0.319465 0.636464
vt 0.333426 0.622514
vt 0.324653 0.613208
vt 0.333930 0.605256
vt 0.321377 0.599782
vt 0.329380 0.585691
vt 0.324918 0.589227
vt 0.322165 0.570480
vt 0.332013 0.571425
vt 0.332096 0.558603
vt 0.321008 0.557515
vt 0.328945 0.544181
vt 0.344878 0.555285
vt 0.345555 0.539534
vt 0.339890 0.533226
vt 0.324907 0.536947
vt 0.315413 0.532649
vt 0.329981 0.527387
vt 0.306142 0.524020
vt 0.327830 0.520437
vt 0.341599 0.516400
vt 0.337721 0.502077
vt 0.350327 0.508222
vt 0.357480 0.512238
vt 0.356484 0.484803
vt 0.360710 0.478059
vt 0.366727 0.477579
vt 0.372489 0.484793
vt 0.379858 0.464526
vt 0.381194 0.485289
vt 0.388331 0.485128
vt 0.384154 0.503789
vt 0.374446 0.507105
vt 0.366485 0.512597
vt 0.362956 0.495964
vt 0.359175 0.527554
vt 0.352352 0.530477
vt 0.347725 0.523778
vt 0.359859 0.535359
vt 0.350377 0.545291
vt 0.355998 0.547451
vt 0.354681 0.562066
vt 0.348460 0.567448
vt 0.342159 0.573791
vt 0.359954 0.560073
vt 0.361020 0.549204
vt 0.364044 0.543677
vt 0.370473 0.552020
vt 0.369477 0.542448
vt 0.366765 0.536365
vt 0.377202 0.533823
vt 0.365972 0.527440
vt 0.372518 0.524037
vt 0.379599 0.521146
vt 0.383830 0.535692
vt 0.384653 0.523578
vt 0.388394 0.511738
vt 0.388729 0.527581
vt 0.400298 0.523890
vt 0.407653 0.512964
vt 0.399750 0.496260
vt 0.398790 0.478974
vt 0.397367 0.465704
vt 0.412229 0.471492
vt 0.429106 0.466020
vt 0.428016 0.482021
vt 0.414368 0.485658
vt 0.412284 0.502404
vt 0.430396 0.499251
vt 0.429462 0.515715
vt 0.421552 0.523980
vt 0.439340 0.508574
vt 0.440826 0.529325
vt 0.428971 0.535444
vt 0.411923 0.531884
vt 0.396775 0.533367
vt 0.409872 0.540262
vt 0.395195 0.546809
vt 0.387155 0.543480
vt 0.380225 0.547932
vt 0.383818 0.560944
vt 0.376486 0.557264
vt 0.374875 0.543907
vt 0.373086 0.564844
vt 0.367836 0.561539
vt 0.365161 0.570123
vt 0.358936 0.577558
vt 0.364764 0.583187
vt 0.359251 0.602094
vt 0.347574 0.596856
vt 0.351433 0.584475
vt 0.354969 0.573317
vt 0.338158 0.584186
vt 0.338986 0.594567
vt 0.344826 0.608499
vt 0.353032 0.608133
vt 0.350023 0.617243
vt 0.342402 0.620293
vt 0.337878 0.631312
vt 0.336957 0.641486
vt 0.326865 0.642756
vt 0.342773 0.646714
vt 0.345901 0.632856
vt 0.353460 0.632652
vt 0.358426 0.638653
vt 0.357653 0.610854
vt 0.362458 0.631024
vt 0.360615 0.660594
vt 0.351018 0.651738
vt 0.339050 0.657583
vt 0.336991 0.667594
vt 0.336039 0.676879
vt 0.344346 0.674105
vt 0.345045 0.661999
vt 0.353935 0.674026
vt 0.352860 0.687353
vt 0.342200 0.687022
vt 0.350751 0.699840
vt 0.334841 0.700243
vt 0.333855 0.686757
vt 0.328319 0.681235
vt 0.322406 0.686551
vt 0.329025 0.698041
vt 0.317158 0.697953
vt 0.318006 0.710017
vt 0.313688 0.718610
vt 0.302086 0.718075
vt 0.306012 0.731749
vt 0.300228 0.732390
vt 0.292064 0.719653
vt 0.285473 0.730392
vt 0.285943 0.742663
vt 0.294399 0.743725
vt 0.291940 0.761641
vt 0.280756 0.765680
vt 0.284053 0.778078
vt 0.277317 0.789046
vt 0.266197 0.791730
vt 0.247680 0.789265
vt 0.258137 0.794789
vt 0.258076 0.805753
vt 0.250260 0.810285
vt 0.248013 0.822039
vt 0.260148 0.823769
vt 0.242221 0.844029
vt 0.227442 0.840962
vt 0.231444 0.861690
vt 0.248078 0.864733
vt 0.263904 0.860576
vt 0.261675 0.838518
vt 0.276750 0.864618
vt 0.273856 0.839170
vt 0.271705 0.822667
vt 0.268115 0.808953
vt 0.265964 0.801025
vt 0.278391 0.799678
vt 0.273930 0.796013
vt 0.284155 0.791891
vt 0.287613 0.800387
vt 0.279070 0.818226
vt 0.285090 0.813120
vt 0.288699 0.826057
vt 0.281583 0.838661
vt 0.283225 0.861245
vt 0.288592 0.852119
vt 0.292824 0.837751
vt 0.298829 0.848623
vt 0.306257 0.831641
vt 0.300679 0.822520
vt 0.298092 0.809908
vt 0.311160 0.811617
vt 0.304385 0.799813
vt 0.323866 0.801618
vt 0.323777 0.797568
vt 0.307422 0.792195
vt 0.324012 0.787578
vt 0.305122 0.780522
vt 0.328631 0.778906
vt 0.308114 0.771254
vt 0.316310 0.771579
vt 0.312169 0.759257
vt 0.302745 0.748441
vt 0.307915 0.745142
vt 0.301829 0.766390
vt 0.312994 0.732066
vt 0.320112 0.747810
vt 0.323479 0.730417
vt 0.325994 0.719827
vt 0.332617 0.732992
vt 0.331726 0.712391
vt 0.338652 0.720724
vt 0.346918 0.715376
vt 0.342196 0.705458
vt 0.356095 0.711147
vt 0.359577 0.700751
vt 0.362586 0.711628
vt 0.366797 0.704699
vt 0.362557 0.684703
vt 0.369218 0.678038
vt 0.370820 0.656902
vt 0.376851 0.641143
vt 0.379352 0.648374
vt 0.380443 0.665754
vt 0.386388 0.655558
vt 0.393161 0.644390
vt 0.382717 0.632737
vt 0.390595 0.633932
vt 0.392414 0.622058
vt 0.382574 0.621660
vt 0.385613 0.610990
vt 0.379552 0.611042
vt 0.383139 0.598210
vt 0.392827 0.603692
vt 0.391321 0.594593
vt 0.385358 0.583744
vt 0.380168 0.588584
vt 0.375074 0.581189
vt 0.375211 0.598470
vt 0.364709 0.593160
vt 0.368972 0.604404
vt 0.364463 0.611711
vt 0.372038 0.621113
vt 0.368684 0.631184
vt 0.377786 0.627152
vt 0.388923 0.560775
vt 0.390738 0.584285
vt 0.394231 0.563501
vt 0.402532 0.560137
vt 0.402198 0.581653
vt 0.411611 0.569865
vt 0.417976 0.552737
vt 0.427339 0.543094
vt 0.431251 0.550480
vt 0.446811 0.540168
vt 0.451234 0.521925
vt 0.446689 0.507904
vt 0.459440 0.517240
vt 0.454269 0.496026
vt 0.462665 0.494584
vt 0.469630 0.490934
vt 0.468974 0.468163
vt 0.482688 0.475854
vt 0.495139 0.462199
vt 0.515036 0.465540
vt 0.508990 0.477979
vt 0.526061 0.475265
vt 0.533391 0.489676
vt 0.520378 0.494708
vt 0.534547 0.511409
vt 0.519644 0.515853
vt 0.509487 0.505852
vt 0.499267 0.494655
vt 0.481114 0.496084
vt 0.474704 0.513778
vt 0.466326 0.519488
vt 0.479605 0.525469
vt 0.475426 0.535701
vt 0.457854 0.532526
vt 0.463555 0.541532
vt 0.457270 0.543460
vt 0.448212 0.551111
vt 0.438404 0.567216
vt 0.444043 0.575161
vt 0.437420 0.592729
vt 0.432844 0.575771
vt 0.429153 0.558614
vt 0.425007 0.571741
vt 0.426469 0.588285
vt 0.412524 0.587501
vt 0.419470 0.591613
vt 0.404937 0.596927
vt 0.412528 0.601995
vt 0.409154 0.606518
vt 0.404410 0.610318
vt 0.396361 0.611650
vt 0.404203 0.622327
vt 0.400535 0.634448
vt 0.408176 0.633059
vt 0.411924 0.623046
vt 0.413074 0.613003
vt 0.422985 0.613109
vt 0.426315 0.603213
vt 0.427499 0.616713
vt 0.417312 0.631189
vt 0.429788 0.630500
vt 0.422118 0.640880
vt 0.417458 0.656377
vt 0.406879 0.647628
vt 0.404910 0.663254
vt 0.396483 0.654725
vt 0.395683 0.666308
vt 0.385979 0.674417
vt 0.397271 0.674364
vt 0.394408 0.682751
vt 0.381366 0.684799
vt 0.376022 0.691504
vt 0.382613 0.698557
vt 0.373393 0.700671
vt 0.376455 0.711328
vt 0.369023 0.714545
vt 0.374991 0.720670
vt 0.366595 0.722640
vt 0.360274 0.722830
vt 0.366034 0.731282
vt 0.360781 0.734972
vt 0.354199 0.734292
vt 0.362369 0.749707
vt 0.353220 0.759583
vt 0.348358 0.747956
vt 0.344671 0.731252
vt 0.338670 0.742907
vt 0.330246 0.748959
vt 0.334771 0.758514
vt 0.325812 0.763640
vt 0.331491 0.774778
vt 0.341825 0.764872
vt 0.349838 0.773484
vt 0.346679 0.782079
vt 0.357463 0.779219
vt 0.343977 0.793128
vt 0.356407 0.794989
vt 0.359023 0.800871
vt 0.363751 0.787899
vt 0.370151 0.791388
vt 0.368609 0.778684
vt 0.363376 0.773296
vt 0.375230 0.771082
vt 0.366635 0.760140
vt 0.375441 0.761756
vt 0.372306 0.749548
vt 0.378926 0.747560
vt 0.371081 0.740453
vt 0.377058 0.729838
vt 0.384859 0.736921
vt 0.388896 0.728740
vt 0.384884 0.718862
vt 0.393215 0.718702
vt 0.395625 0.710038
vt 0.391517 0.702843
vt 0.394151 0.694716
vt 0.391657 0.689447
vt 0.404181 0.683924
vt 0.411053 0.689234
vt 0.406839 0.673494
vt 0.413051 0.670523
vt 0.420966 0.681850
vt 0.431028 0.668402
vt 0.428813 0.654844
vt 0.435812 0.652620
vt 0.436153 0.640573
vt 0.437875 0.624627
vt 0.435695 0.611810
vt 0.442993 0.612269
vt 0.447622 0.601275
vt 0.451840 0.615807
vt 0.443356 0.626076
vt 0.449390 0.629830
vt 0.444526 0.638485
vt 0.442985 0.654241
vt 0.452667 0.640892
vt 0.451092 0.664134
vt 0.441376 0.665596
vt 0.435301 0.679184
vt 0.440933 0.686914
vt 0.432836 0.691546
vt 0.423486 0.702979
vt 0.420301 0.695907
vt 0.407707 0.703105
vt 0.414344 0.714553
vt 0.408306 0.709641
vt 0.403865 0.718447
vt 0.412154 0.722729
vt 0.412329 0.735558
vt 0.401705 0.732737
vt 0.395466 0.733024
vt 0.394554 0.748249
vt 0.403077 0.749721
vt 0.393710 0.762632
vt 0.387388 0.750761
vt 0.383330 0.755820
vt 0.389668 0.766115
vt 0.384685 0.769091
vt 0.395133 0.778451
vt 0.385086 0.781598
vt 0.376278 0.780223
vt 0.379413 0.788952
vt 0.379595 0.798553
vt 0.373554 0.801528
vt 0.380871 0.811758
vt 0.372963 0.810160
vt 0.365523 0.808221
vt 0.360437 0.809824
vt 0.354745 0.807159
vt 0.340574 0.806333
vt 0.324452 0.810633
vt 0.326381 0.821171
vt 0.321422 0.832733
vt 0.312669 0.843571
vt 0.325452 0.848362
vt 0.335671 0.831422
vt 0.339333 0.844785
vt 0.339015 0.864174
vt 0.322559 0.864464
vt 0.311546 0.861645
vt 0.310387 0.871488
vt 0.299781 0.861975
vt 0.290768 0.875948
vt 0.280088 0.879653
vt 0.264898 0.876160
vt 0.275342 0.884459
vt 0.260129 0.884282
vt 0.241433 0.880501
vt 0.234508 0.889258
vt 0.238128 0.891343
vt 0.258932 0.889095
vt 0.258038 0.891257
vt 0.277658 0.891237
vt 0.295580 0.889225
vt 0.297721 0.891305
vt 0.323239 0.889320
vt 0.323998 0.891393
vt 0.343139 0.891359
vt 0.345646 0.889179
vt 0.360989 0.891430
vt 0.358874 0.889255
vt 0.361393 0.888797
vt 0.384662 0.891374
vt 0.378445 0.889170
vt 0.365453 0.878435
vt 0.376419 0.872351
vt 0.369377 0.866355
vt 0.375634 0.847343
vt 0.383167 0.858277
vt 0.382079 0.840570
vt 0.388342 0.858721
vt 0.385654 0.829157
vt 0.378221 0.829697
vt 0.387144 0.816834
vt 0.387420 0.797948
vt 0.392499 0.810177
vt 0.396076 0.798941
vt 0.402290 0.791484
vt 0.406248 0.798252
vt 0.416764 0.789932
vt 0.404019 0.785889
vt 0.417077 0.783268
vt 0.408372 0.775934
vt 0.418615 0.775646
vt 0.424516 0.762990
vt 0.413348 0.760621
vt 0.405078 0.763867
vt 0.415503 0.749350
vt 0.408999 0.743490
vt 0.429037 0.745966
vt 0.427128 0.733756
vt 0.419114 0.725737
vt 0.438860 0.730074
vt 0.426165 0.717731
vt 0.430202 0.709734
vt 0.441286 0.712948
vt 0.435148 0.703326
vt 0.440516 0.699624
vt 0.452300 0.713394
vt 0.448609 0.695823
vt 0.447568 0.675732
vt 0.456295 0.684089
vt 0.459494 0.673355
vt 0.458259 0.661999
vt 0.468476 0.670213
vt 0.473886 0.663239
vt 0.468906 0.654327
vt 0.458868 0.646129
vt 0.465944 0.643692
vt 0.478985 0.650183
vt 0.470673 0.630837
vt 0.480107 0.631862
vt 0.485673 0.624393
vt 0.485018 0.637199
vt 0.495022 0.627701
vt 0.501850 0.614061
vt 0.492476 0.599843
vt 0.513554 0.597240
vt 0.513700 0.582750
vt 0.508247 0.572412
vt 0.489553 0.583396
vt 0.491685 0.566927
vt 0.508251 0.559972
vt 0.491137 0.556283
vt 0.504647 0.547436
vt 0.488092 0.544506
vt 0.494727 0.539036
vt 0.515992 0.539343
vt 0.496290 0.533131
vt 0.472809 0.544005
vt 0.519124 0.536037
vt 0.507118 0.524427
vt 0.490105 0.509968
vt 0.527970 0.525347
vt 0.542345 0.536376
vt 0.534703 0.540289
vt 0.552343 0.548942
vt 0.526486 0.551448
vt 0.516827 0.547150
vt 0.542056 0.556304
vt 0.529995 0.563415
vt 0.537163 0.572444
vt 0.526935 0.587934
vt 0.538440 0.590810
vt 0.528950 0.610318
vt 0.517317 0.612549
vt 0.523813 0.625479
vt 0.506476 0.627540
vt 0.525409 0.636698
vt 0.500192 0.642272
vt 0.503282 0.655380
vt 0.486183 0.656043
vt 0.485163 0.668884
vt 0.484423 0.685009
vt 0.498232 0.674702
vt 0.495306 0.681330
vt 0.497160 0.688020
vt 0.506948 0.695736
vt 0.492623 0.702788
vt 0.480202 0.711469
vt 0.476789 0.689152
vt 0.469137 0.680664
vt 0.467399 0.696135
vt 0.457243 0.699635
vt 0.466008 0.711265
vt 0.461731 0.717033
vt 0.467188 0.722248
vt 0.452290 0.724396
vt 0.463240 0.731850
vt 0.447337 0.730350
vt 0.451834 0.746583
vt 0.446389 0.744495
vt 0.441398 0.756730
vt 0.448279 0.768504
vt 0.435145 0.771325
vt 0.440622 0.776045
vt 0.430311 0.778917
vt 0.440504 0.783176
vt 0.430005 0.787492
vt 0.450799 0.787378
vt 0.450366 0.778922
vt 0.459270 0.773152
vt 0.455705 0.762898
vt 0.459247 0.750508
vt 0.457229 0.739842
vt 0.463974 0.741020
vt 0.472981 0.739868
vt 0.478369 0.729307
vt 0.485741 0.717878
vt 0.491462 0.712123
vt 0.493613 0.726388
vt 0.504276 0.711395
vt 0.499900 0.735021
vt 0.492771 0.741612
vt 0.481846 0.737307
vt 0.482114 0.745328
vt 0.474469 0.752627
vt 0.468824 0.747850
vt 0.464327 0.757589
vt 0.470985 0.761985
vt 0.468046 0.771241
vt 0.470744 0.781680
vt 0.464619 0.787935
vt 0.476336 0.788569
vt 0.474998 0.773385
vt 0.478861 0.769506
vt 0.482253 0.781607
vt 0.489152 0.771757
vt 0.487053 0.758229
vt 0.484276 0.751207
vt 0.496535 0.751840
vt 0.505645 0.743196
vt 0.509415 0.759432
vt 0.517288 0.749226
vt 0.520255 0.741955
vt 0.509399 0.735385
vt 0.519139 0.729404
vt 0.513171 0.726647
vt 0.519079 0.716064
vt 0.513680 0.707585
vt 0.519239 0.701025
vt 0.513204 0.685768
vt 0.523219 0.696398
vt 0.528180 0.689866
vt 0.517656 0.667229
vt 0.532017 0.671788
vt 0.531468 0.654658
vt 0.538520 0.639271
vt 0.545253 0.618881
vt 0.557567 0.625775
vt 0.558531 0.609346
vt 0.541773 0.606013
vt 0.553334 0.591314
vt 0.567384 0.603692
vt 0.562631 0.583245
vt 0.548213 0.576554
vt 0.565876 0.569336
vt 0.554594 0.566007
vt 0.571458 0.551954
vt 0.568529 0.538983
vt 0.583578 0.541250
vt 0.583524 0.535628
vt 0.563504 0.533066
vt 0.562413 0.520042
vt 0.553534 0.513898
vt 0.546698 0.501092
vt 0.553485 0.478294
vt 0.543418 0.530659
vt 0.586529 0.548802
vt 0.584119 0.563746
vt 0.590178 0.573742
vt 0.578507 0.578963
vt 0.571396 0.583393
vt 0.574456 0.596662
vt 0.576244 0.612897
vt 0.586275 0.590961
vt 0.587332 0.606521
vt 0.583196 0.623534
vt 0.579561 0.640757
vt 0.574201 0.631957
vt 0.569474 0.632815
vt 0.571752 0.656969
vt 0.563701 0.658769
vt 0.558228 0.640695
vt 0.548125 0.636898
vt 0.549847 0.653812
vt 0.549587 0.667473
vt 0.567376 0.675119
vt 0.553580 0.678928
vt 0.538337 0.678409
vt 0.541397 0.690052
vt 0.541795 0.704479
vt 0.529998 0.708727
vt 0.538535 0.714143
vt 0.529670 0.722090
vt 0.528483 0.731443
vt 0.543976 0.726686
vt 0.537288 0.741449
vt 0.529786 0.759721
vt 0.522527 0.767741
vt 0.532071 0.773451
vt 0.529540 0.781704
vt 0.516909 0.782564
vt 0.510706 0.775191
vt 0.500750 0.771655
vt 0.495894 0.762154
vt 0.495274 0.779609
vt 0.502137 0.786078
vt 0.519356 0.797125
vt 0.501382 0.793467
vt 0.491612 0.790864
vt 0.483232 0.796564
vt 0.470820 0.799825
vt 0.480702 0.808785
vt 0.472169 0.818429
vt 0.459372 0.805049
vt 0.457603 0.794378
vt 0.444857 0.794184
vt 0.447495 0.805288
vt 0.434293 0.795177
vt 0.417018 0.799710
vt 0.432746 0.805564
vt 0.410513 0.814947
vt 0.396605 0.820298
vt 0.401582 0.832524
vt 0.395366 0.853730
vt 0.411454 0.836825
vt 0.426448 0.820423
vt 0.424423 0.839666
vt 0.437590 0.831413
vt 0.443649 0.819891
vt 0.453524 0.821315
vt 0.462429 0.819636
vt 0.463396 0.835986
vt 0.450750 0.839648
vt 0.458024 0.859008
vt 0.442734 0.861991
vt 0.454270 0.879568
vt 0.439608 0.883572
vt 0.436517 0.874310
vt 0.430519 0.858280
vt 0.414458 0.859530
vt 0.424324 0.879234
vt 0.412028 0.875319
vt 0.404349 0.868068
vt 0.387614 0.878322
vt 0.407563 0.882928
vt 0.387164 0.888989
vt 0.378114 0.880484
vt 0.415594 0.889290
vt 0.444959 0.889278
vt 0.455388 0.885504
vt 0.475774 0.891457
vt 0.467773 0.884525
vt 0.465632 0.871243
vt 0.481358 0.876982
vt 0.478490 0.865255
vt 0.470001 0.850850
vt 0.477659 0.840651
vt 0.487733 0.866322
vt 0.504802 0.847140
vt 0.496889 0.837967
vt 0.490883 0.824325
vt 0.513310 0.822046
vt 0.498879 0.811242
vt 0.509227 0.805162
vt 0.490216 0.802967
vt 0.527098 0.817746
vt 0.527440 0.797239
vt 0.539657 0.812185
vt 0.534761 0.838035
vt 0.523069 0.835218
vt 0.525664 0.851166
vt 0.527316 0.858275
vt 0.514470 0.863922
vt 0.502839 0.868689
vt 0.517012 0.876265
vt 0.501251 0.881057
vt 0.484923 0.883220
vt 0.508426 0.889301
vt 0.484404 0.888062
vt 0.499425 0.891497
vt 0.535418 0.891353
vt 0.527835 0.882951
vt 0.554325 0.883865
vt 0.538780 0.872319
vt 0.555474 0.873887
vt 0.547832 0.862841
vt 0.564352 0.867016
vt 0.556798 0.849430
vt 0.567253 0.852957
vt 0.564335 0.832803
vt 0.547531 0.841397
vt 0.555975 0.819849
vt 0.565409 0.816988
vt 0.577086 0.827932
vt 0.578975 0.815382
vt 0.558549 0.805311
vt 0.577425 0.803835
vt 0.557619 0.791196
vt 0.547487 0.795260
vt 0.544805 0.786234
vt 0.561132 0.786098
vt 0.552329 0.777845
vt 0.531307 0.786324
vt 0.534078 0.792495
vt 0.566914 0.778638
vt 0.571745 0.766307
vt 0.558545 0.763046
vt 0.571026 0.745059
vt 0.562577 0.752368
vt 0.567658 0.727388
vt 0.576986 0.738056
vt 0.576024 0.714752
vt 0.565273 0.718141
vt 0.568571 0.701619
vt 0.576051 0.702017
vt 0.574965 0.684502
vt 0.564273 0.683551
vt 0.580565 0.681862
vt 0.578324 0.663046
vt 0.584958 0.667159
vt 0.588820 0.655831
vt 0.588910 0.640193
vt 0.599352 0.646961
vt 0.598129 0.631150
vt 0.592345 0.597743
vt 0.600188 0.593080
vt 0.603127 0.579948
vt 0.599071 0.662446
vt 0.590188 0.681090
vt 0.588399 0.694813
vt 0.599140 0.696059
vt 0.608157 0.705002
vt 0.588702 0.711985
vt 0.582057 0.703403
vt 0.583962 0.722879
vt 0.592559 0.727508
vt 0.586676 0.745402
vt 0.586802 0.757228
vt 0.582780 0.766078
vt 0.581463 0.773576
vt 0.589979 0.775007
vt 0.575865 0.783378
vt 0.576817 0.787779
vt 0.588356 0.790836
vt 0.573952 0.797180
vt 0.601448 0.798585
vt 0.597817 0.785622
vt 0.618113 0.789439
vt 0.617009 0.766754
vt 0.601535 0.773255
vt 0.598521 0.763857
vt 0.597355 0.745400
vt 0.606551 0.743542
vt 0.617168 0.735459
vt 0.610999 0.689031
vt 0.618155 0.802086
vt 0.629577 0.819045
vt 0.609635 0.812708
vt 0.590727 0.826660
vt 0.604448 0.825340
vt 0.614054 0.839375
vt 0.594596 0.844796
vt 0.586001 0.855942
vt 0.573127 0.848109
vt 0.581647 0.866009
vt 0.612696 0.867612
vt 0.611636 0.857375
vt 0.628532 0.869339
vt 0.628916 0.848185
vt 0.619977 0.833303
vt 0.628983 0.834532
vt 0.620128 0.821884
vt 0.638169 0.829807
vt 0.636214 0.840944
vt 0.635274 0.857983
vt 0.631270 0.891325
vt 0.623394 0.879883
vt 0.613407 0.891344
vt 0.614665 0.881425
vt 0.594173 0.873444
vt 0.600742 0.883442
vt 0.584256 0.883301
vt 0.573845 0.875930
vt 0.580535 0.891338
vt 0.570042 0.885422
vt 0.554057 0.891430
vt 0.594459 0.891418
vt 0.559096 0.692766
vt 0.555042 0.702532
vt 0.554695 0.714724
vt 0.551681 0.720533
vt 0.558221 0.738362
vt 0.551280 0.748423
vt 0.542143 0.752298
vt 0.549805 0.764026
vt 0.544180 0.763913
vt 0.548424 0.812211
vt 0.481463 0.550513
vt 0.469650 0.549386
vt 0.477429 0.559192
vt 0.469741 0.560446
vt 0.457078 0.553199
vt 0.459806 0.563805
vt 0.451271 0.572765
vt 0.457868 0.580250
vt 0.452907 0.597627
vt 0.456344 0.607787
vt 0.459468 0.625454
vt 0.461761 0.614849
vt 0.464758 0.601435
vt 0.467211 0.619292
vt 0.477259 0.602261
vt 0.467878 0.586503
vt 0.481763 0.579230
vt 0.470630 0.574858
vt 0.482031 0.601668
vt 0.473288 0.622420
vt 0.484642 0.616129
vt 0.393139 0.786379
vt 0.368607 0.836241
vt 0.372214 0.823897
vt 0.364399 0.826228
vt 0.361970 0.843839
vt 0.356304 0.821670
vt 0.355054 0.845851
vt 0.350137 0.833594
vt 0.346731 0.817839
vt 0.340463 0.821528
vt 0.349653 0.856295
vt 0.357844 0.862986
vt 0.358500 0.875946
vt 0.348272 0.874606
vt 0.330693 0.875947
vt 0.339782 0.881578
vt 0.319047 0.877463
vt 0.299994 0.880608
vt 0.309992 0.883460
vt 0.354071 0.882182
vt 0.362876 0.865391
vt 0.357994 0.765899
vt 0.443690 0.485150
vt 0.440547 0.467443
vt 0.438826 0.489860
vt 0.294333 0.781543
vt 0.293680 0.769430
vt 0.292393 0.789177
vt 0.298842 0.791966
vt 0.294519 0.804572
vt 0.313844 0.549280
vt 0.303035 0.555082
vt 0.298489 0.565547
vt 0.304222 0.573037
vt 0.302112 0.586962
vt 0.310429 0.600642
vt 0.312550 0.577859
vt 0.316189 0.590386
vt 0.311690 0.566452
vt 0.309124 0.622227
vt 0.652187 0.891192
vt 0.585380 0.447071
vt 0.559878 0.447056
vt 0.611325 0.447069
vt 0.306433 0.892450
vt 0.010341 0.447967
vt 0.010437 0.473178
vt 0.338721 0.892477
vt 0.362415 0.892510
vt 0.381995 0.892407
vt 0.076657 0.892073
vt 0.444052 0.891382
vt 0.415142 0.891401
vt 0.461160 0.891447
vt 0.248985 0.892299
vt 0.221602 0.892237
vt 0.197495 0.892067
vt 0.279042 0.892302
vt 0.143364 0.892110
vt 0.164701 0.892094
vt 0.655889 0.891384
vt 0.011629 0.448699
vt 0.062505 0.892137
vt 0.010032 0.892156
vt 0.651202 0.447017
vt 0.552814 0.892385
vt 0.531492 0.892448
vt 0.566602 0.892301
vt 0.101421 0.891950
vt 0.119835 0.891966
vt 0.411866 0.892443
vt 0.440596 0.892392
vt 0.655637 0.892388
vt 0.494242 0.892510
vt 0.480449 0.892475
vt 0.464697 0.892501
vt 0.023842 0.892002
vt 0.040433 0.892006
vt 0.462877 0.447121
vt 0.483392 0.447118
vt 0.509772 0.447111
vt 0.530568 0.447075
vt 0.580239 0.892345
vt 0.606318 0.892333
vt 0.302009 0.447390
vt 0.336163 0.447376
vt 0.363283 0.447322
vt 0.382555 0.447199
vt 0.412027 0.447137
vt 0.446791 0.447150
vt 0.650730 0.892126
vt 0.639443 0.892132
vt 0.623092 0.892181
vt 0.284122 0.447610
vt 0.259075 0.447633
vt 0.243690 0.447605
vt 0.223049 0.447649
vt 0.203392 0.447804
vt 0.656123 0.492725
vt 0.655991 0.483677
vt 0.655868 0.477737
vt 0.014653 0.447972
vt 0.042785 0.448014
vt 0.058097 0.447995
vt 0.097891 0.447951
vt 0.170549 0.447834
vt 0.141665 0.447874
vt 0.656282 0.797105
vt 0.656038 0.816630
vt 0.655920 0.826286
vt 0.656183 0.805586
vt 0.124519 0.447916
vt 0.656191 0.514658
vt 0.656208 0.533089
vt 0.656270 0.547314
vt 0.656356 0.772619
vt 0.656338 0.581842
vt 0.656305 0.597886
vt 0.656326 0.627216
vt 0.656367 0.741949
vt 0.656383 0.721786
vt 0.656372 0.685365
vt 0.656413 0.646995
vt 0.008863 0.891396
vt 0.009009 0.882511
vt 0.009070 0.857192
vt 0.273052 0.205424
vt 0.275164 0.192655
vt 0.291488 0.201199
vt 0.286184 0.188846
vt 0.294360 0.184822
vt 0.305100 0.198668
vt 0.310541 0.185413
vt 0.305311 0.172878
vt 0.316502 0.180802
vt 0.321715 0.190736
vt 0.322690 0.196542
vt 0.322380 0.180023
vt 0.330509 0.184489
vt 0.328318 0.171993
vt 0.329904 0.155011
vt 0.336528 0.156037
vt 0.319658 0.166507
vt 0.321962 0.154446
vt 0.327526 0.142397
vt 0.342211 0.146134
vt 0.336833 0.139411
vt 0.334714 0.132175
vt 0.349828 0.137961
vt 0.352775 0.128029
vt 0.346747 0.123906
vt 0.347628 0.116227
vt 0.335250 0.123895
vt 0.334645 0.116179
vt 0.338515 0.105493
vt 0.328613 0.111523
vt 0.322555 0.121078
vt 0.322323 0.108561
vt 0.329871 0.102850
vt 0.321754 0.093568
vt 0.332074 0.093391
vt 0.339409 0.091709
vt 0.348986 0.100416
vt 0.353096 0.106182
vt 0.343481 0.111083
vt 0.363483 0.110969
vt 0.364476 0.095362
vt 0.366867 0.105173
vt 0.354591 0.090693
vt 0.365811 0.086244
vt 0.373617 0.090290
vt 0.351378 0.081734
vt 0.362860 0.076026
vt 0.370223 0.075074
vt 0.352411 0.070508
vt 0.358746 0.067055
vt 0.369689 0.065141
vt 0.358892 0.048912
vt 0.372351 0.049988
vt 0.365066 0.035199
vt 0.377818 0.032021
vt 0.378928 0.054844
vt 0.385028 0.039942
vt 0.383011 0.026359
vt 0.375739 0.019129
vt 0.381479 0.014176
vt 0.390733 0.011956
vt 0.396170 0.019685
vt 0.379522 0.004317
vt 0.402888 0.004160
vt 0.408413 0.009398
vt 0.362836 0.015027
vt 0.365615 0.021238
vt 0.370789 0.027195
vt 0.353036 0.024806
vt 0.350332 0.038812
vt 0.343757 0.021961
vt 0.341205 0.041359
vt 0.337817 0.048914
vt 0.352305 0.056819
vt 0.345687 0.065292
vt 0.341338 0.076144
vt 0.332878 0.066749
vt 0.339655 0.058500
vt 0.330449 0.054103
vt 0.324500 0.063291
vt 0.324020 0.071899
vt 0.315621 0.060640
vt 0.321297 0.050704
vt 0.308438 0.041128
vt 0.318143 0.038118
vt 0.327374 0.042111
vt 0.332628 0.029169
vt 0.322035 0.021804
vt 0.319994 0.009654
vt 0.335917 0.011632
vt 0.346976 0.004105
vt 0.321819 0.004103
vt 0.305564 0.007442
vt 0.294007 0.012722
vt 0.309506 0.022231
vt 0.293784 0.020792
vt 0.296884 0.030781
vt 0.297492 0.044233
vt 0.307761 0.057562
vt 0.291318 0.055209
vt 0.294725 0.066585
vt 0.309806 0.070656
vt 0.296517 0.075690
vt 0.276468 0.070533
vt 0.274395 0.078570
vt 0.289112 0.085755
vt 0.303193 0.085904
vt 0.285557 0.098127
vt 0.299534 0.099678
vt 0.284137 0.105191
vt 0.300919 0.110184
vt 0.285463 0.117399
vt 0.300959 0.120110
vt 0.300230 0.128817
vt 0.290048 0.130395
vt 0.297797 0.139818
vt 0.289157 0.144340
vt 0.299186 0.151450
vt 0.287133 0.161231
vt 0.296967 0.168708
vt 0.288237 0.172556
vt 0.275461 0.170932
vt 0.278703 0.178320
vt 0.266072 0.173719
vt 0.260053 0.168625
vt 0.271170 0.163225
vt 0.277852 0.160171
vt 0.268658 0.155928
vt 0.274657 0.142291
vt 0.281774 0.146947
vt 0.276614 0.127948
vt 0.267869 0.132221
vt 0.268844 0.138772
vt 0.259765 0.140611
vt 0.265679 0.146933
vt 0.256683 0.152368
vt 0.259023 0.161081
vt 0.244403 0.161957
vt 0.249535 0.165675
vt 0.245112 0.176427
vt 0.261176 0.180291
vt 0.247884 0.185517
vt 0.254200 0.186562
vt 0.249509 0.200081
vt 0.261437 0.197877
vt 0.252253 0.213054
vt 0.260801 0.212517
vt 0.260043 0.228652
vt 0.253138 0.226178
vt 0.244865 0.226200
vt 0.249431 0.246506
vt 0.243321 0.244342
vt 0.244687 0.258103
vt 0.253658 0.247346
vt 0.250150 0.267013
vt 0.234556 0.262843
vt 0.239071 0.275656
vt 0.225340 0.274407
vt 0.226411 0.284903
vt 0.236038 0.289512
vt 0.229057 0.300023
vt 0.243394 0.298039
vt 0.254015 0.288631
vt 0.218778 0.300916
vt 0.225726 0.310269
vt 0.221124 0.318649
vt 0.236457 0.319843
vt 0.214345 0.311212
vt 0.204941 0.313761
vt 0.214709 0.326388
vt 0.204556 0.330822
vt 0.207854 0.341509
vt 0.219852 0.343324
vt 0.211663 0.355648
vt 0.221175 0.352349
vt 0.210678 0.375285
vt 0.221159 0.367973
vt 0.217249 0.383156
vt 0.231598 0.376977
vt 0.222105 0.397600
vt 0.229982 0.395405
vt 0.239776 0.387231
vt 0.244337 0.370637
vt 0.239848 0.361611
vt 0.257402 0.366257
vt 0.254215 0.379062
vt 0.230679 0.358174
vt 0.250376 0.353959
vt 0.238446 0.344262
vt 0.245874 0.343157
vt 0.229500 0.349409
vt 0.233446 0.334242
vt 0.210082 0.397114
vt 0.202822 0.395256
vt 0.201311 0.412624
vt 0.193188 0.396483
vt 0.192060 0.416925
vt 0.177700 0.402734
vt 0.179266 0.412167
vt 0.177338 0.423432
vt 0.184795 0.432234
vt 0.156097 0.431996
vt 0.174825 0.438756
vt 0.199027 0.438162
vt 0.156194 0.422918
vt 0.141054 0.423314
vt 0.137306 0.433000
vt 0.128400 0.432479
vt 0.127529 0.425867
vt 0.131296 0.414920
vt 0.147326 0.413172
vt 0.164864 0.413091
vt 0.150088 0.403666
vt 0.162557 0.402519
vt 0.170057 0.393326
vt 0.182715 0.393622
vt 0.174477 0.381525
vt 0.187419 0.378940
vt 0.199907 0.376836
vt 0.200077 0.359743
vt 0.188657 0.357742
vt 0.194705 0.345759
vt 0.192345 0.333589
vt 0.180722 0.345767
vt 0.181580 0.334874
vt 0.169710 0.338719
vt 0.162770 0.345982
vt 0.174169 0.360225
vt 0.158332 0.373984
vt 0.157182 0.359968
vt 0.143082 0.374085
vt 0.150660 0.383205
vt 0.142579 0.389764
vt 0.150342 0.392795
vt 0.133548 0.404796
vt 0.134770 0.391946
vt 0.125127 0.386083
vt 0.132673 0.380248
vt 0.136645 0.362826
vt 0.145194 0.357170
vt 0.138802 0.347876
vt 0.145064 0.329999
vt 0.151610 0.350965
vt 0.156190 0.337283
vt 0.154768 0.323348
vt 0.166016 0.325424
vt 0.170911 0.332433
vt 0.176321 0.323152
vt 0.166917 0.314988
vt 0.173039 0.309476
vt 0.183011 0.317490
vt 0.190859 0.318510
vt 0.198562 0.322983
vt 0.198619 0.308891
vt 0.208716 0.302513
vt 0.195626 0.298550
vt 0.192114 0.305276
vt 0.189775 0.293438
vt 0.183407 0.304366
vt 0.178702 0.290854
vt 0.189165 0.282959
vt 0.197792 0.290818
vt 0.197423 0.284888
vt 0.205380 0.280657
vt 0.210924 0.290642
vt 0.217905 0.289255
vt 0.212914 0.275797
vt 0.216996 0.263789
vt 0.225332 0.262018
vt 0.225449 0.244525
vt 0.217487 0.239401
vt 0.218402 0.207076
vt 0.227611 0.218313
vt 0.232488 0.231646
vt 0.237872 0.237039
vt 0.239447 0.213424
vt 0.227376 0.196862
vt 0.238124 0.200736
vt 0.240974 0.185096
vt 0.236160 0.188366
vt 0.235954 0.169644
vt 0.233288 0.154797
vt 0.238930 0.144955
vt 0.248816 0.145988
vt 0.250955 0.133315
vt 0.232015 0.135044
vt 0.239078 0.129310
vt 0.252726 0.122770
vt 0.262687 0.124036
vt 0.257084 0.111931
vt 0.271162 0.116195
vt 0.266992 0.105556
vt 0.249991 0.099544
vt 0.239093 0.107355
vt 0.247848 0.114417
vt 0.235322 0.118499
vt 0.226271 0.111002
vt 0.225573 0.123531
vt 0.218928 0.113231
vt 0.213655 0.118994
vt 0.213599 0.132306
vt 0.221860 0.129205
vt 0.225319 0.138470
vt 0.221524 0.149594
vt 0.202853 0.138830
vt 0.210347 0.149231
vt 0.213071 0.161724
vt 0.218418 0.165997
vt 0.206527 0.178581
vt 0.218991 0.179633
vt 0.211813 0.190357
vt 0.199193 0.192030
vt 0.208163 0.204582
vt 0.200844 0.204051
vt 0.198875 0.213840
vt 0.208299 0.224540
vt 0.199049 0.228519
vt 0.202829 0.235245
vt 0.198397 0.238065
vt 0.200477 0.251095
vt 0.208303 0.245868
vt 0.205479 0.264491
vt 0.198753 0.268673
vt 0.199713 0.277643
vt 0.196085 0.248890
vt 0.193971 0.262369
vt 0.183306 0.270229
vt 0.172977 0.279066
vt 0.168247 0.267201
vt 0.185017 0.257886
vt 0.180904 0.249543
vt 0.189474 0.241479
vt 0.193236 0.233271
vt 0.185256 0.229014
vt 0.174374 0.241731
vt 0.178602 0.229043
vt 0.188880 0.219308
vt 0.177868 0.215941
vt 0.189507 0.208990
vt 0.194501 0.200763
vt 0.186550 0.193649
vt 0.177473 0.204094
vt 0.175475 0.193208
vt 0.181228 0.177249
vt 0.190470 0.181599
vt 0.190395 0.174561
vt 0.198056 0.171141
vt 0.204289 0.167678
vt 0.200220 0.153931
vt 0.206565 0.157773
vt 0.192683 0.156486
vt 0.195187 0.152853
vt 0.189969 0.167045
vt 0.180250 0.157268
vt 0.185543 0.142864
vt 0.184536 0.131886
vt 0.195212 0.119823
vt 0.204889 0.126082
vt 0.203656 0.119911
vt 0.211405 0.107880
vt 0.200890 0.107167
vt 0.216781 0.092426
vt 0.224935 0.099989
vt 0.231499 0.092032
vt 0.243042 0.095886
vt 0.234371 0.083171
vt 0.251426 0.085762
vt 0.265334 0.092024
vt 0.263313 0.098881
vt 0.281079 0.087127
vt 0.257176 0.075300
vt 0.245555 0.078086
vt 0.255592 0.065138
vt 0.272863 0.055023
vt 0.256149 0.049407
vt 0.271531 0.033097
vt 0.284398 0.045636
vt 0.291475 0.034419
vt 0.280566 0.026114
vt 0.266935 0.021858
vt 0.259448 0.034527
vt 0.245945 0.022171
vt 0.245855 0.041269
vt 0.243032 0.054878
vt 0.231786 0.044878
vt 0.233967 0.030808
vt 0.221145 0.036969
vt 0.218028 0.019845
vt 0.234838 0.021776
vt 0.238433 0.013925
vt 0.258140 0.016670
vt 0.247801 0.008822
vt 0.275620 0.015096
vt 0.275346 0.004130
vt 0.256046 0.004177
vt 0.232164 0.004167
vt 0.221734 0.011109
vt 0.208168 0.004112
vt 0.206852 0.008946
vt 0.206458 0.018165
vt 0.208500 0.031150
vt 0.191636 0.031181
vt 0.200441 0.048122
vt 0.189182 0.048878
vt 0.200793 0.057806
vt 0.185623 0.060472
vt 0.187394 0.069138
vt 0.198209 0.069230
vt 0.193568 0.084404
vt 0.207674 0.076169
vt 0.211337 0.083881
vt 0.228859 0.073818
vt 0.240422 0.070678
vt 0.225818 0.066083
vt 0.230209 0.055568
vt 0.216012 0.053056
vt 0.208595 0.065212
vt 0.181207 0.083654
vt 0.188320 0.109284
vt 0.175638 0.098783
vt 0.181295 0.106926
vt 0.178148 0.118730
vt 0.174162 0.126889
vt 0.175444 0.145262
vt 0.168836 0.135197
vt 0.168492 0.152191
vt 0.174510 0.164463
vt 0.161103 0.159830
vt 0.159485 0.165868
vt 0.172522 0.172856
vt 0.162381 0.172661
vt 0.164147 0.179940
vt 0.174655 0.183932
vt 0.159965 0.188576
vt 0.157099 0.200567
vt 0.148650 0.195307
vt 0.147545 0.204082
vt 0.161968 0.212481
vt 0.152687 0.214784
vt 0.161489 0.221020
vt 0.148819 0.218758
vt 0.154075 0.225999
vt 0.165106 0.228062
vt 0.158277 0.233512
vt 0.142175 0.228207
vt 0.142389 0.239697
vt 0.156033 0.240940
vt 0.150813 0.248474
vt 0.162451 0.253001
vt 0.151376 0.255850
vt 0.136526 0.248419
vt 0.134379 0.255857
vt 0.145034 0.263158
vt 0.132385 0.265743
vt 0.139842 0.272239
vt 0.125331 0.270280
vt 0.140755 0.281541
vt 0.155957 0.270682
vt 0.154481 0.279477
vt 0.149137 0.287721
vt 0.135299 0.290301
vt 0.141648 0.298981
vt 0.129926 0.301833
vt 0.135977 0.309522
vt 0.147365 0.311295
vt 0.137622 0.326565
vt 0.124418 0.318008
vt 0.132210 0.336565
vt 0.127137 0.341736
vt 0.112476 0.324363
vt 0.118171 0.336833
vt 0.120556 0.361763
vt 0.108761 0.350077
vt 0.107169 0.362388
vt 0.113744 0.380220
vt 0.118739 0.398416
vt 0.122757 0.406776
vt 0.116018 0.412425
vt 0.120010 0.421577
vt 0.105210 0.413451
vt 0.110195 0.423545
vt 0.110158 0.431377
vt 0.116322 0.436345
vt 0.104269 0.437347
vt 0.099592 0.426266
vt 0.092895 0.435004
vt 0.091908 0.428547
vt 0.096210 0.420384
vt 0.091313 0.416304
vt 0.085786 0.425612
vt 0.079647 0.429596
vt 0.080194 0.417131
vt 0.068907 0.423878
vt 0.073399 0.437947
vt 0.056983 0.431257
vt 0.052824 0.418605
vt 0.068786 0.412796
vt 0.071808 0.418697
vt 0.082713 0.403889
vt 0.092462 0.393389
vt 0.110414 0.397280
vt 0.101903 0.381832
vt 0.101958 0.372088
vt 0.078302 0.373444
vt 0.091321 0.379927
vt 0.077568 0.387987
vt 0.061784 0.385177
vt 0.062669 0.398558
vt 0.071980 0.402133
vt 0.060748 0.406793
vt 0.051327 0.398301
vt 0.039743 0.412394
vt 0.041888 0.427628
vt 0.034582 0.421569
vt 0.026399 0.424573
vt 0.028993 0.435683
vt 0.032715 0.439288
vt 0.020110 0.435260
vt 0.022923 0.402071
vt 0.028960 0.403649
vt 0.026927 0.385525
vt 0.037071 0.396528
vt 0.045242 0.388478
vt 0.030874 0.379744
vt 0.049826 0.374264
vt 0.031513 0.371333
vt 0.022147 0.379107
vt 0.021943 0.366594
vt 0.029078 0.361917
vt 0.035764 0.358872
vt 0.027611 0.353034
vt 0.034519 0.342947
vt 0.047865 0.346636
vt 0.049802 0.355816
vt 0.046210 0.365768
vt 0.060704 0.363666
vt 0.073260 0.365118
vt 0.089984 0.359246
vt 0.065386 0.350096
vt 0.093725 0.343680
vt 0.093765 0.332543
vt 0.108150 0.336031
vt 0.100677 0.327529
vt 0.103604 0.318015
vt 0.114491 0.312338
vt 0.103181 0.310497
vt 0.109533 0.299089
vt 0.115203 0.300227
vt 0.121627 0.305817
vt 0.119256 0.294059
vt 0.126379 0.289771
vt 0.121461 0.283085
vt 0.114325 0.268113
vt 0.120575 0.256183
vt 0.108700 0.255085
vt 0.100019 0.262189
vt 0.100917 0.270516
vt 0.112522 0.281732
vt 0.095409 0.276182
vt 0.103064 0.291066
vt 0.091186 0.283488
vt 0.083155 0.288769
vt 0.079003 0.296631
vt 0.096397 0.302713
vt 0.080512 0.309235
vt 0.085737 0.313318
vt 0.070152 0.315527
vt 0.083629 0.319769
vt 0.075800 0.324661
vt 0.079172 0.336369
vt 0.066754 0.329046
vt 0.065295 0.340312
vt 0.050817 0.335787
vt 0.051249 0.326671
vt 0.058709 0.317812
vt 0.044320 0.319066
vt 0.055131 0.307941
vt 0.038223 0.308295
vt 0.035718 0.321565
vt 0.030697 0.306808
vt 0.037712 0.294498
vt 0.027439 0.293093
vt 0.031007 0.277823
vt 0.042208 0.273397
vt 0.045897 0.285904
vt 0.054465 0.291056
vt 0.065948 0.295359
vt 0.077056 0.303937
vt 0.066053 0.282320
vt 0.051011 0.268667
vt 0.059552 0.261334
vt 0.073550 0.273498
vt 0.080882 0.280611
vt 0.084477 0.264035
vt 0.075075 0.258551
vt 0.080349 0.245427
vt 0.093884 0.250945
vt 0.099042 0.254506
vt 0.101429 0.244813
vt 0.108901 0.244793
vt 0.116607 0.243415
vt 0.115056 0.232177
vt 0.127680 0.233944
vt 0.125707 0.245120
vt 0.135014 0.235346
vt 0.131316 0.220622
vt 0.141748 0.216750
vt 0.125938 0.209522
vt 0.134615 0.206198
vt 0.131968 0.190860
vt 0.141427 0.192188
vt 0.139829 0.182559
vt 0.152440 0.182450
vt 0.149156 0.176091
vt 0.146992 0.168422
vt 0.145932 0.158355
vt 0.135874 0.163231
vt 0.132074 0.175845
vt 0.124493 0.167848
vt 0.122847 0.187694
vt 0.116762 0.168633
vt 0.112387 0.187875
vt 0.117119 0.204689
vt 0.112389 0.209253
vt 0.111627 0.222665
vt 0.105820 0.232265
vt 0.106541 0.217122
vt 0.106323 0.202124
vt 0.099846 0.212404
vt 0.100231 0.224161
vt 0.092520 0.217417
vt 0.094066 0.227354
vt 0.097693 0.237924
vt 0.087498 0.237342
vt 0.080489 0.230293
vt 0.073957 0.239598
vt 0.066206 0.240632
vt 0.066779 0.225254
vt 0.072383 0.218175
vt 0.082878 0.217645
vt 0.086562 0.226292
vt 0.092004 0.209876
vt 0.081957 0.210754
vt 0.089487 0.198975
vt 0.098171 0.201610
vt 0.094986 0.180560
vt 0.100504 0.186332
vt 0.106739 0.180266
vt 0.111765 0.169990
vt 0.107586 0.163279
vt 0.109731 0.147498
vt 0.122268 0.142227
vt 0.110104 0.137613
vt 0.119896 0.130078
vt 0.129031 0.142989
vt 0.129658 0.152936
vt 0.136509 0.135514
vt 0.140115 0.150687
vt 0.146320 0.142320
vt 0.152249 0.152451
vt 0.154035 0.144993
vt 0.160638 0.147855
vt 0.162986 0.133704
vt 0.155364 0.132155
vt 0.162651 0.120516
vt 0.148648 0.121030
vt 0.150195 0.114722
vt 0.164769 0.113223
vt 0.162712 0.105821
vt 0.164570 0.096885
vt 0.163840 0.083298
vt 0.155996 0.091781
vt 0.154834 0.099268
vt 0.145593 0.090890
vt 0.147005 0.083792
vt 0.154683 0.079373
vt 0.147268 0.072548
vt 0.159088 0.068927
vt 0.174493 0.069090
vt 0.171407 0.055762
vt 0.150632 0.054247
vt 0.166981 0.041703
vt 0.149941 0.039720
vt 0.152919 0.026073
vt 0.173755 0.027937
vt 0.179992 0.014547
vt 0.197716 0.016622
vt 0.195856 0.004211
vt 0.177129 0.007589
vt 0.155235 0.004167
vt 0.147567 0.008122
vt 0.125646 0.001913
vt 0.129225 0.008604
vt 0.133544 0.015599
vt 0.162912 0.015682
vt 0.148333 0.018395
vt 0.135939 0.035749
vt 0.115179 0.025497
vt 0.130972 0.038927
vt 0.134605 0.052433
vt 0.120446 0.043032
vt 0.118309 0.055519
vt 0.136546 0.063139
vt 0.142577 0.061853
vt 0.127992 0.075917
vt 0.138312 0.082391
vt 0.130487 0.084417
vt 0.140851 0.098575
vt 0.128892 0.103399
vt 0.137628 0.110875
vt 0.133869 0.119507
vt 0.127453 0.118336
vt 0.130113 0.127717
vt 0.143518 0.128195
vt 0.120207 0.120626
vt 0.107196 0.116891
vt 0.116701 0.110943
vt 0.103775 0.108171
vt 0.097105 0.111982
vt 0.104392 0.124297
vt 0.091386 0.117834
vt 0.092152 0.134490
vt 0.103584 0.133947
vt 0.095280 0.144491
vt 0.090822 0.148760
vt 0.103569 0.156945
vt 0.085246 0.156638
vt 0.090769 0.164345
vt 0.073912 0.165228
vt 0.086709 0.172887
vt 0.076793 0.174485
vt 0.086376 0.181250
vt 0.076613 0.180889
vt 0.083112 0.189179
vt 0.068827 0.190811
vt 0.070328 0.206831
vt 0.080789 0.203462
vt 0.058122 0.198785
vt 0.062005 0.210408
vt 0.059886 0.233056
vt 0.054721 0.220063
vt 0.052506 0.227829
vt 0.051783 0.238735
vt 0.066475 0.253826
vt 0.046134 0.252968
vt 0.038784 0.239648
vt 0.041334 0.227185
vt 0.028781 0.228008
vt 0.030456 0.248915
vt 0.035659 0.256121
vt 0.029654 0.262427
vt 0.023003 0.252415
vt 0.025623 0.242193
vt 0.020022 0.237290
vt 0.033945 0.213392
vt 0.044019 0.218067
vt 0.051122 0.211256
vt 0.032920 0.204366
vt 0.040661 0.198144
vt 0.048849 0.204924
vt 0.050096 0.194910
vt 0.055784 0.181971
vt 0.048523 0.181985
vt 0.048925 0.173041
vt 0.064346 0.178979
vt 0.059316 0.162096
vt 0.063986 0.164973
vt 0.067895 0.144730
vt 0.074884 0.152689
vt 0.078981 0.138777
vt 0.084499 0.118851
vt 0.078656 0.126627
vt 0.071712 0.117950
vt 0.079343 0.107955
vt 0.064784 0.108948
vt 0.077293 0.103097
vt 0.092969 0.105496
vt 0.092218 0.096224
vt 0.107702 0.096094
vt 0.119464 0.102622
vt 0.119576 0.093250
vt 0.125443 0.089960
vt 0.113472 0.083361
vt 0.118263 0.066301
vt 0.128786 0.064980
vt 0.104191 0.062782
vt 0.108188 0.076272
vt 0.098737 0.083879
vt 0.106820 0.086967
vt 0.086277 0.086368
vt 0.076298 0.097986
vt 0.065140 0.093979
vt 0.059100 0.102499
vt 0.053234 0.094390
vt 0.056283 0.080792
vt 0.036407 0.082239
vt 0.036246 0.094253
vt 0.042826 0.102064
vt 0.028131 0.104352
vt 0.035769 0.111396
vt 0.055867 0.109356
vt 0.056251 0.114619
vt 0.044577 0.120699
vt 0.058293 0.122084
vt 0.051980 0.123441
vt 0.061868 0.133730
vt 0.050756 0.131703
vt 0.057420 0.142517
vt 0.069252 0.129535
vt 0.046414 0.143685
vt 0.052864 0.151908
vt 0.050738 0.163812
vt 0.044227 0.153097
vt 0.041064 0.166548
vt 0.039989 0.174656
vt 0.039427 0.182317
vt 0.034230 0.168403
vt 0.034159 0.188214
vt 0.042787 0.190788
vt 0.026743 0.165190
vt 0.029773 0.191798
vt 0.024682 0.205486
vt 0.022561 0.183980
vt 0.030802 0.153914
vt 0.038426 0.151957
vt 0.033685 0.137495
vt 0.040163 0.140158
vt 0.029810 0.122808
vt 0.029495 0.133420
vt 0.024562 0.144112
vt 0.024574 0.132462
vt 0.020237 0.153396
vt 0.023161 0.076649
vt 0.034153 0.068742
vt 0.052121 0.066681
vt 0.036895 0.056539
vt 0.051455 0.055469
vt 0.064026 0.052587
vt 0.069709 0.072767
vt 0.079775 0.080092
vt 0.096115 0.073742
vt 0.091340 0.065679
vt 0.092899 0.044431
vt 0.102909 0.034680
vt 0.111978 0.038367
vt 0.095226 0.026408
vt 0.099810 0.019585
vt 0.108574 0.015940
vt 0.094017 0.012188
vt 0.106154 0.008930
vt 0.121736 0.012534
vt 0.115422 0.005362
vt 0.085135 0.003990
vt 0.085973 0.017368
vt 0.071390 0.008996
vt 0.072789 0.017117
vt 0.080256 0.028358
vt 0.066414 0.026584
vt 0.066017 0.034345
vt 0.073033 0.044708
vt 0.084425 0.042988
vt 0.076757 0.058856
vt 0.048727 0.036846
vt 0.044967 0.027137
vt 0.031622 0.038847
vt 0.024564 0.027618
vt 0.023516 0.043912
vt 0.018182 0.061141
vt 0.018662 0.028159
vt 0.028963 0.017116
vt 0.042625 0.015948
vt 0.062573 0.015641
vt 0.051225 0.009483
vt 0.069157 0.004149
vt 0.050129 0.004150
vt 0.035934 0.007465
vt 0.034553 0.004019
vt 0.018984 0.004215
vt 0.022037 0.017275
vt 0.018665 0.085703
vt 0.021636 0.219402
vt 0.100536 0.171860
vt 0.147084 0.107445
vt 0.105511 0.001750
vt 0.141682 0.001850
vt 0.159795 0.001848
vt 0.197409 0.001877
vt 0.210234 0.001902
vt 0.250739 0.001860
vt 0.289255 0.001945
vt 0.121848 0.221481
vt 0.021753 0.283502
vt 0.019190 0.305140
vt 0.024423 0.314288
vt 0.030535 0.330441
vt 0.024713 0.337681
vt 0.021381 0.321825
vt 0.020297 0.336933
vt 0.017585 0.322575
vt 0.016129 0.393157
vt 0.015917 0.410511
vt 0.058453 0.438861
vt 0.125474 0.363324
vt 0.153511 0.297208
vt 0.160967 0.307162
vt 0.156595 0.315951
vt 0.165739 0.298303
vt 0.163351 0.281203
vt 0.158920 0.288542
vt 0.164630 0.242227
vt 0.171937 0.226241
vt 0.169456 0.210103
vt 0.211174 0.041855
vt 0.217668 0.217941
vt 0.227045 0.178665
vt 0.226215 0.166043
vt 0.156764 0.389970
vt 0.160455 0.396271
vt 0.160673 0.383909
vt 0.202749 0.432800
vt 0.223411 0.332510
vt 0.272717 0.218805
vt 0.271433 0.181343
vt 0.308840 0.155986
vt 0.314007 0.167876
vt 0.315221 0.151797
vt 0.319799 0.138920
vt 0.313026 0.131293
vt 0.318045 0.132334
vt 0.324076 0.127898
vt 0.313300 0.120245
vt 0.307930 0.142025
vt 0.312767 0.112092
vt 0.314000 0.102815
vt 0.313198 0.094052
vt 0.327372 0.080660
vt 0.313543 0.078906
vt 0.345993 0.088724
vt 0.299657 0.004265
vt 0.354570 0.012948
vt 0.357752 0.004135
vt 0.370312 0.004211
vt 0.272316 0.234968
vt 0.270084 0.247451
vt 0.264306 0.241776
vt 0.282082 0.238796
vt 0.260459 0.256178
vt 0.255409 0.275314
vt 0.252178 0.300557
vt 0.248287 0.312435
vt 0.263182 0.313760
vt 0.249255 0.325756
vt 0.261157 0.295672
vt 0.267591 0.303848
vt 0.273507 0.311293
vt 0.275623 0.298197
vt 0.284016 0.299577
vt 0.280117 0.314532
vt 0.268767 0.290281
vt 0.279994 0.288954
vt 0.262788 0.282934
vt 0.268232 0.281562
vt 0.268942 0.270250
vt 0.279203 0.278710
vt 0.265564 0.266333
vt 0.281782 0.261787
vt 0.272776 0.257207
vt 0.284553 0.248143
vt 0.279950 0.228275
vt 0.290459 0.229798
vt 0.287662 0.220806
vt 0.289610 0.210890
vt 0.299064 0.215788
vt 0.301354 0.232826
vt 0.308747 0.218343
vt 0.309335 0.235742
vt 0.306909 0.205954
vt 0.337875 0.192899
vt 0.344405 0.196360
vt 0.331905 0.204395
vt 0.337210 0.208097
vt 0.325784 0.212899
vt 0.349131 0.185337
vt 0.347868 0.193086
vt 0.352546 0.196063
vt 0.342141 0.180261
vt 0.355723 0.177240
vt 0.336080 0.173984
vt 0.345754 0.170698
vt 0.362349 0.170460
vt 0.343308 0.159822
vt 0.353725 0.159150
vt 0.353889 0.147425
vt 0.356579 0.133896
vt 0.367590 0.116889
vt 0.376186 0.120098
vt 0.378370 0.109277
vt 0.385569 0.115166
vt 0.377375 0.100897
vt 0.385004 0.103644
vt 0.382677 0.092599
vt 0.369695 0.099543
vt 0.379573 0.080206
vt 0.392211 0.092717
vt 0.384875 0.066034
vt 0.389255 0.075503
vt 0.389178 0.049180
vt 0.392108 0.055220
vt 0.392110 0.028823
vt 0.433901 0.004119
vt 0.411545 0.020954
vt 0.421332 0.014169
vt 0.418475 0.024535
vt 0.409332 0.034314
vt 0.410529 0.048869
vt 0.397748 0.039242
vt 0.424502 0.035833
vt 0.430877 0.025280
vt 0.438659 0.042065
vt 0.423078 0.059179
vt 0.433211 0.051616
vt 0.414743 0.062682
vt 0.401989 0.069723
vt 0.400800 0.130297
vt 0.405622 0.117591
vt 0.407394 0.131566
vt 0.393863 0.111761
vt 0.405122 0.103442
vt 0.400743 0.115960
vt 0.416728 0.108979
vt 0.424038 0.099296
vt 0.428338 0.108139
vt 0.398452 0.085687
vt 0.408771 0.093264
vt 0.411767 0.079431
vt 0.420249 0.086667
vt 0.418002 0.071963
vt 0.431377 0.081161
vt 0.438820 0.090324
vt 0.439286 0.071830
vt 0.434597 0.060462
vt 0.445583 0.060430
vt 0.456654 0.046068
vt 0.453121 0.037121
vt 0.451328 0.027962
vt 0.460918 0.029745
vt 0.461832 0.018302
vt 0.475343 0.021704
vt 0.498064 0.013503
vt 0.493717 0.022682
vt 0.477093 0.045911
vt 0.475125 0.033445
vt 0.483605 0.037086
vt 0.469198 0.047097
vt 0.460234 0.068323
vt 0.466178 0.060757
vt 0.455461 0.078571
vt 0.463279 0.088780
vt 0.475618 0.066480
vt 0.481689 0.054930
vt 0.490636 0.069924
vt 0.459551 0.098877
vt 0.478807 0.086828
vt 0.441031 0.098338
vt 0.448579 0.083664
vt 0.421635 0.120328
vt 0.400546 0.146906
vt 0.388845 0.133881
vt 0.376708 0.127199
vt 0.367097 0.133878
vt 0.367015 0.126752
vt 0.361239 0.141462
vt 0.365725 0.145870
vt 0.362735 0.156464
vt 0.359397 0.181911
vt 0.349403 0.206814
vt 0.331256 0.218686
vt 0.319103 0.209363
vt 0.317713 0.233743
vt 0.298899 0.242101
vt 0.303809 0.252128
vt 0.308042 0.261368
vt 0.313682 0.251258
vt 0.299077 0.264042
vt 0.291892 0.265766
vt 0.293120 0.255448
vt 0.283404 0.273275
vt 0.292324 0.276048
vt 0.289213 0.288480
vt 0.294672 0.287966
vt 0.288586 0.307882
vt 0.270110 0.331922
vt 0.260008 0.343650
vt 0.261261 0.326625
vt 0.263687 0.359342
vt 0.274104 0.342042
vt 0.276679 0.363193
vt 0.264523 0.373326
vt 0.239977 0.401187
vt 0.230645 0.413374
vt 0.215143 0.403238
vt 0.203425 0.427236
vt 0.215207 0.431830
vt 0.215143 0.418513
vt 0.229077 0.430334
vt 0.243098 0.415661
vt 0.246451 0.426259
vt 0.251060 0.411857
vt 0.258763 0.390055
vt 0.259741 0.409393
vt 0.270070 0.403314
vt 0.247449 0.435214
vt 0.257434 0.428224
vt 0.265410 0.437524
vt 0.258384 0.438882
vt 0.253077 0.442171
vt 0.264024 0.428942
vt 0.268398 0.414436
vt 0.279629 0.416893
vt 0.279150 0.405161
vt 0.290637 0.405529
vt 0.288788 0.394527
vt 0.296328 0.391881
vt 0.279583 0.389864
vt 0.272896 0.386934
vt 0.272814 0.376072
vt 0.280898 0.378884
vt 0.290850 0.385039
vt 0.279988 0.352099
vt 0.288075 0.353965
vt 0.290870 0.342277
vt 0.287717 0.321320
vt 0.294394 0.325078
vt 0.294522 0.303970
vt 0.300343 0.322339
vt 0.309258 0.335111
vt 0.316182 0.323720
vt 0.321103 0.329468
vt 0.317411 0.314649
vt 0.336494 0.309489
vt 0.307198 0.308501
vt 0.307781 0.316518
vt 0.301765 0.301604
vt 0.310820 0.295964
vt 0.320908 0.302132
vt 0.325406 0.287559
vt 0.332047 0.300698
vt 0.299905 0.284365
vt 0.309060 0.280697
vt 0.298776 0.272070
vt 0.316631 0.273417
vt 0.322387 0.259975
vt 0.329241 0.274198
vt 0.331216 0.264623
vt 0.337230 0.275081
vt 0.341980 0.270121
vt 0.332258 0.255132
vt 0.348445 0.262531
vt 0.344561 0.251513
vt 0.357426 0.254377
vt 0.316763 0.245163
vt 0.327662 0.240570
vt 0.322675 0.224084
vt 0.337702 0.233167
vt 0.354042 0.243495
vt 0.346155 0.223547
vt 0.352218 0.232723
vt 0.338414 0.215931
vt 0.356626 0.208835
vt 0.367344 0.208802
vt 0.365133 0.215868
vt 0.362091 0.197848
vt 0.375836 0.204934
vt 0.375970 0.197375
vt 0.368784 0.191788
vt 0.360476 0.189502
vt 0.370357 0.184746
vt 0.376147 0.181385
vt 0.383134 0.180477
vt 0.383557 0.192940
vt 0.367104 0.177155
vt 0.366805 0.164251
vt 0.374070 0.167740
vt 0.374709 0.152770
vt 0.374744 0.137621
vt 0.387940 0.149790
vt 0.391818 0.165150
vt 0.404275 0.163397
vt 0.380554 0.169874
vt 0.404977 0.173394
vt 0.389307 0.178700
vt 0.389871 0.188310
vt 0.384175 0.212996
vt 0.391082 0.203741
vt 0.381127 0.223839
vt 0.376178 0.217400
vt 0.372280 0.226587
vt 0.360788 0.224649
vt 0.364883 0.237249
vt 0.368634 0.247735
vt 0.364354 0.262246
vt 0.355120 0.273381
vt 0.355394 0.284961
vt 0.342237 0.286191
vt 0.340902 0.323424
vt 0.357937 0.319255
vt 0.348851 0.307053
vt 0.346323 0.298029
vt 0.363355 0.303852
vt 0.363167 0.294214
vt 0.373603 0.294903
vt 0.380017 0.301083
vt 0.383067 0.290642
vt 0.389433 0.289112
vt 0.390533 0.304101
vt 0.368247 0.286114
vt 0.375004 0.280062
vt 0.367503 0.274519
vt 0.376113 0.271700
vt 0.372484 0.263634
vt 0.377964 0.264239
vt 0.375327 0.252668
vt 0.383149 0.264540
vt 0.386661 0.252686
vt 0.387866 0.265565
vt 0.379091 0.237682
vt 0.386574 0.236710
vt 0.392498 0.220165
vt 0.399685 0.223883
vt 0.404318 0.203514
vt 0.417654 0.223755
vt 0.416265 0.204931
vt 0.424205 0.206789
vt 0.428824 0.222635
vt 0.423542 0.195294
vt 0.431954 0.196164
vt 0.437230 0.204846
vt 0.429287 0.186741
vt 0.438990 0.189039
vt 0.419682 0.182850
vt 0.437297 0.181414
vt 0.407625 0.213686
vt 0.413181 0.193933
vt 0.398758 0.196946
vt 0.399950 0.185897
vt 0.406851 0.184166
vt 0.399336 0.177372
vt 0.427708 0.174991
vt 0.417598 0.171508
vt 0.421591 0.165444
vt 0.415464 0.148046
vt 0.424962 0.157681
vt 0.427128 0.147078
vt 0.417835 0.134377
vt 0.427858 0.130758
vt 0.434156 0.118010
vt 0.436425 0.131756
vt 0.450540 0.121504
vt 0.450700 0.132558
vt 0.440751 0.108170
vt 0.457518 0.114782
vt 0.466596 0.105827
vt 0.469343 0.112971
vt 0.478584 0.112699
vt 0.485137 0.105709
vt 0.489653 0.116497
vt 0.504008 0.119199
vt 0.502260 0.109393
vt 0.511830 0.112577
vt 0.516588 0.121540
vt 0.519840 0.111050
vt 0.516230 0.103811
vt 0.521963 0.099359
vt 0.529577 0.111964
vt 0.497167 0.103645
vt 0.506782 0.094660
vt 0.483007 0.099193
vt 0.497357 0.094516
vt 0.495630 0.082439
vt 0.505414 0.075125
vt 0.515155 0.083656
vt 0.525717 0.092067
vt 0.536845 0.094521
vt 0.537086 0.103343
vt 0.548759 0.096852
vt 0.543060 0.089718
vt 0.532962 0.082395
vt 0.540532 0.077562
vt 0.558906 0.087250
vt 0.558329 0.078295
vt 0.525768 0.078263
vt 0.528278 0.065394
vt 0.544247 0.063088
vt 0.534901 0.057995
vt 0.534438 0.046100
vt 0.525728 0.050986
vt 0.512437 0.062420
vt 0.499800 0.063749
vt 0.497172 0.055486
vt 0.512974 0.043615
vt 0.486777 0.047597
vt 0.499092 0.038657
vt 0.509723 0.026087
vt 0.531997 0.024049
vt 0.532714 0.034086
vt 0.520236 0.017570
vt 0.530656 0.013779
vt 0.517632 0.010666
vt 0.524441 0.004033
vt 0.545480 0.024803
vt 0.546039 0.012368
vt 0.555317 0.025913
vt 0.546037 0.036413
vt 0.552993 0.047185
vt 0.575605 0.066925
vt 0.586773 0.046920
vt 0.589388 0.060299
vt 0.560253 0.060310
vt 0.564832 0.033233
vt 0.575416 0.043518
vt 0.590938 0.029483
vt 0.603646 0.033610
vt 0.599660 0.048062
vt 0.610868 0.037283
vt 0.575962 0.030445
vt 0.572010 0.020538
vt 0.558239 0.012222
vt 0.582228 0.010208
vt 0.586191 0.004253
vt 0.605197 0.004294
vt 0.592849 0.019418
vt 0.607607 0.017284
vt 0.624025 0.011253
vt 0.621676 0.004166
vt 0.638526 0.004346
vt 0.638340 0.013649
vt 0.619950 0.019002
vt 0.612916 0.053268
vt 0.596187 0.078389
vt 0.579789 0.085468
vt 0.544302 0.105581
vt 0.533395 0.122842
vt 0.504444 0.126671
vt 0.484441 0.128739
vt 0.468860 0.128603
vt 0.474919 0.120498
vt 0.455695 0.143913
vt 0.465172 0.139931
vt 0.466099 0.155845
vt 0.472009 0.148754
vt 0.443901 0.166385
vt 0.445193 0.146107
vt 0.435982 0.169361
vt 0.437958 0.153704
vt 0.441770 0.195512
vt 0.422594 0.237057
vt 0.415858 0.234309
vt 0.414967 0.242143
vt 0.402603 0.247289
vt 0.407971 0.234266
vt 0.395603 0.251411
vt 0.392974 0.243071
vt 0.395090 0.262140
vt 0.384283 0.275958
vt 0.392666 0.275488
vt 0.401628 0.273803
vt 0.395927 0.284708
vt 0.407755 0.254738
vt 0.412832 0.268477
vt 0.416573 0.253347
vt 0.420248 0.260671
vt 0.415274 0.288337
vt 0.417124 0.275500
vt 0.421821 0.283786
vt 0.424663 0.272959
vt 0.428412 0.263623
vt 0.424781 0.250063
vt 0.431379 0.249998
vt 0.438854 0.237133
vt 0.442195 0.247489
vt 0.436555 0.225492
vt 0.445134 0.212026
vt 0.447703 0.192378
vt 0.456183 0.203841
vt 0.460569 0.194320
vt 0.455765 0.183650
vt 0.446935 0.182020
vt 0.451875 0.172008
vt 0.457709 0.162209
vt 0.469001 0.167945
vt 0.477409 0.189089
vt 0.464924 0.178531
vt 0.482531 0.180769
vt 0.480689 0.159519
vt 0.481639 0.172924
vt 0.484864 0.141319
vt 0.492348 0.153335
vt 0.495968 0.134302
vt 0.502214 0.149238
vt 0.503162 0.137034
vt 0.514984 0.144243
vt 0.514785 0.130909
vt 0.526180 0.144708
vt 0.525830 0.127503
vt 0.535270 0.137628
vt 0.520086 0.165391
vt 0.517599 0.153777
vt 0.527873 0.159810
vt 0.507365 0.162103
vt 0.495761 0.171504
vt 0.490096 0.165258
vt 0.496075 0.186673
vt 0.468413 0.201118
vt 0.479650 0.197210
vt 0.475553 0.210517
vt 0.460147 0.217233
vt 0.450937 0.224638
vt 0.456245 0.232271
vt 0.457144 0.247160
vt 0.450634 0.257238
vt 0.447806 0.249070
vt 0.449336 0.264893
vt 0.439537 0.264148
vt 0.432069 0.272281
vt 0.440728 0.276046
vt 0.436305 0.290569
vt 0.429579 0.286627
vt 0.427358 0.300919
vt 0.422321 0.295868
vt 0.404778 0.288541
vt 0.400384 0.302038
vt 0.404290 0.312012
vt 0.381797 0.311592
vt 0.371041 0.321658
vt 0.365033 0.311362
vt 0.352409 0.330040
vt 0.329149 0.333182
vt 0.343102 0.340257
vt 0.326385 0.346168
vt 0.304838 0.358644
vt 0.315457 0.360321
vt 0.299260 0.369554
vt 0.299188 0.343409
vt 0.294196 0.365846
vt 0.287387 0.367748
vt 0.299020 0.407549
vt 0.313008 0.389740
vt 0.302539 0.382690
vt 0.324475 0.378924
vt 0.327285 0.359308
vt 0.333128 0.369558
vt 0.336500 0.357863
vt 0.344835 0.367429
vt 0.346061 0.351491
vt 0.353949 0.359294
vt 0.363431 0.346562
vt 0.351969 0.341400
vt 0.368031 0.339356
vt 0.368895 0.331136
vt 0.388331 0.338271
vt 0.385022 0.322565
vt 0.398477 0.331025
vt 0.410127 0.322311
vt 0.412961 0.339060
vt 0.426357 0.314486
vt 0.425425 0.323533
vt 0.413359 0.300058
vt 0.426364 0.307756
vt 0.441501 0.293303
vt 0.445158 0.307931
vt 0.421963 0.333561
vt 0.437977 0.324383
vt 0.430163 0.340563
vt 0.415201 0.350713
vt 0.425730 0.363702
vt 0.417918 0.375299
vt 0.408057 0.363705
vt 0.408455 0.383256
vt 0.398761 0.350879
vt 0.384817 0.357582
vt 0.390508 0.349175
vt 0.370601 0.361723
vt 0.383954 0.367230
vt 0.367392 0.370618
vt 0.384336 0.383515
vt 0.371614 0.399143
vt 0.360664 0.379336
vt 0.349523 0.390481
vt 0.352090 0.370910
vt 0.332672 0.399399
vt 0.341405 0.383812
vt 0.317547 0.409188
vt 0.313500 0.398677
vt 0.308415 0.425877
vt 0.294327 0.426539
vt 0.308029 0.435504
vt 0.326040 0.428610
vt 0.327592 0.417765
vt 0.341829 0.425752
vt 0.343342 0.409922
vt 0.352578 0.414649
vt 0.359827 0.393258
vt 0.368051 0.411081
vt 0.395163 0.438227
vt 0.393752 0.433357
vt 0.400612 0.421891
vt 0.387778 0.413004
vt 0.385623 0.426435
vt 0.386529 0.398621
vt 0.398023 0.406732
vt 0.398601 0.383456
vt 0.415866 0.409071
vt 0.421830 0.430975
vt 0.418613 0.422245
vt 0.433523 0.428306
vt 0.434054 0.396947
vt 0.432501 0.411013
vt 0.414803 0.396625
vt 0.431772 0.380993
vt 0.454195 0.408493
vt 0.442770 0.399503
vt 0.448943 0.386254
vt 0.433124 0.354069
vt 0.442348 0.367333
vt 0.451249 0.363089
vt 0.457491 0.380292
vt 0.443050 0.349625
vt 0.442309 0.333783
vt 0.449093 0.336246
vt 0.456417 0.334860
vt 0.457995 0.345889
vt 0.462291 0.324363
vt 0.449713 0.318898
vt 0.454403 0.301387
vt 0.469776 0.314468
vt 0.470455 0.336029
vt 0.448841 0.275623
vt 0.459279 0.274799
vt 0.463915 0.267409
vt 0.472590 0.271430
vt 0.473306 0.277485
vt 0.492457 0.275012
vt 0.482907 0.283189
vt 0.500415 0.286229
vt 0.475875 0.263346
vt 0.489125 0.261884
vt 0.498954 0.263483
vt 0.503847 0.270484
vt 0.509665 0.276374
vt 0.504446 0.257410
vt 0.522300 0.265096
vt 0.459575 0.260698
vt 0.477894 0.255792
vt 0.488424 0.252119
vt 0.470128 0.248350
vt 0.464217 0.237305
vt 0.481359 0.240571
vt 0.467733 0.224611
vt 0.488440 0.228890
vt 0.498582 0.229870
vt 0.503410 0.218507
vt 0.505574 0.231493
vt 0.484656 0.216030
vt 0.490579 0.200580
vt 0.502054 0.206517
vt 0.520339 0.204184
vt 0.521591 0.215533
vt 0.509923 0.195096
vt 0.504793 0.186816
vt 0.517941 0.191093
vt 0.517886 0.181159
vt 0.506252 0.178577
vt 0.524062 0.172757
vt 0.528076 0.192171
vt 0.531562 0.181019
vt 0.540775 0.191635
vt 0.567066 0.196090
vt 0.553664 0.189061
vt 0.561583 0.181624
vt 0.554634 0.170171
vt 0.568793 0.165958
vt 0.575549 0.175573
vt 0.564986 0.158273
vt 0.582721 0.149742
vt 0.583913 0.167038
vt 0.596319 0.157202
vt 0.560088 0.153034
vt 0.583128 0.139293
vt 0.595907 0.145895
vt 0.592473 0.132945
vt 0.585350 0.127621
vt 0.601994 0.125452
vt 0.572832 0.133479
vt 0.545761 0.170420
vt 0.542993 0.180541
vt 0.541120 0.161319
vt 0.545887 0.150077
vt 0.549038 0.136937
vt 0.552997 0.143873
vt 0.550577 0.130096
vt 0.562824 0.127735
vt 0.571150 0.120644
vt 0.582492 0.120083
vt 0.598835 0.119023
vt 0.578985 0.110211
vt 0.554814 0.121225
vt 0.540310 0.115197
vt 0.556616 0.115456
vt 0.553826 0.105440
vt 0.567385 0.107640
vt 0.572669 0.096896
vt 0.579824 0.101423
vt 0.587709 0.098142
vt 0.590914 0.089615
vt 0.607029 0.099932
vt 0.595674 0.103929
vt 0.598711 0.110994
vt 0.601735 0.135432
vt 0.594323 0.166452
vt 0.574974 0.186667
vt 0.544478 0.197272
vt 0.533189 0.202252
vt 0.530949 0.213618
vt 0.515778 0.226135
vt 0.496438 0.244518
vt 0.511932 0.242745
vt 0.522000 0.231537
vt 0.526793 0.243143
vt 0.520034 0.255957
vt 0.523043 0.272230
vt 0.499286 0.293766
vt 0.491365 0.296660
vt 0.496003 0.302498
vt 0.477957 0.301718
vt 0.461119 0.291637
vt 0.482852 0.326500
vt 0.489770 0.326673
vt 0.485749 0.341295
vt 0.479326 0.366212
vt 0.478542 0.343804
vt 0.468426 0.380318
vt 0.478809 0.378125
vt 0.476729 0.388787
vt 0.490005 0.391305
vt 0.477398 0.408974
vt 0.490951 0.404738
vt 0.487135 0.421101
vt 0.472409 0.428209
vt 0.488192 0.430836
vt 0.481118 0.438462
vt 0.505900 0.432214
vt 0.511127 0.426999
vt 0.515333 0.433961
vt 0.527284 0.421019
vt 0.499718 0.422882
vt 0.499075 0.410928
vt 0.508430 0.418619
vt 0.515474 0.417109
vt 0.502876 0.401527
vt 0.521318 0.403943
vt 0.512153 0.380926
vt 0.528659 0.390266
vt 0.520739 0.369741
vt 0.535509 0.375867
vt 0.547243 0.388940
vt 0.550948 0.375877
vt 0.537301 0.363434
vt 0.557303 0.370307
vt 0.499186 0.381174
vt 0.505255 0.393384
vt 0.502913 0.362314
vt 0.489277 0.379260
vt 0.496337 0.355935
vt 0.489166 0.361997
vt 0.494006 0.338527
vt 0.506521 0.344407
vt 0.516478 0.345678
vt 0.505716 0.323341
vt 0.489331 0.314091
vt 0.499616 0.319012
vt 0.509395 0.308723
vt 0.514132 0.319184
vt 0.521324 0.306045
vt 0.516743 0.292692
vt 0.531857 0.301841
vt 0.545409 0.303547
vt 0.546359 0.292298
vt 0.558463 0.295567
vt 0.555355 0.280629
vt 0.529654 0.287637
vt 0.518493 0.281700
vt 0.534473 0.277117
vt 0.541995 0.285880
vt 0.535846 0.270540
vt 0.553845 0.270085
vt 0.542393 0.264614
vt 0.550028 0.260058
vt 0.531759 0.257480
vt 0.539176 0.252448
vt 0.543777 0.247849
vt 0.540871 0.240093
vt 0.530446 0.227008
vt 0.541081 0.225553
vt 0.542706 0.209144
vt 0.555339 0.222863
vt 0.557774 0.204498
vt 0.569730 0.212996
vt 0.579336 0.199006
vt 0.578960 0.211561
vt 0.594190 0.199867
vt 0.590195 0.210121
vt 0.584417 0.243108
vt 0.579035 0.222840
vt 0.590246 0.229297
vt 0.576793 0.241507
vt 0.567090 0.246736
vt 0.568275 0.232150
vt 0.555860 0.240686
vt 0.558420 0.253431
vt 0.560343 0.262871
vt 0.569855 0.270899
vt 0.545530 0.313306
vt 0.542335 0.325063
vt 0.528050 0.316916
vt 0.518856 0.329228
vt 0.528266 0.347797
vt 0.533596 0.340063
vt 0.545945 0.346820
vt 0.550884 0.334367
vt 0.559754 0.315972
vt 0.565126 0.334468
vt 0.569997 0.308285
vt 0.570999 0.318799
vt 0.569456 0.292177
vt 0.578764 0.297281
vt 0.578773 0.320884
vt 0.587668 0.311938
vt 0.584449 0.325610
vt 0.572137 0.333276
vt 0.572434 0.356130
vt 0.581194 0.351475
vt 0.554482 0.352657
vt 0.563486 0.342728
vt 0.542192 0.405997
vt 0.542253 0.425996
vt 0.542983 0.416063
vt 0.559296 0.415713
vt 0.562220 0.386182
vt 0.567908 0.397987
vt 0.580993 0.386119
vt 0.579006 0.398219
vt 0.567056 0.365068
vt 0.584023 0.368082
vt 0.586944 0.362460
vt 0.597365 0.361655
vt 0.597171 0.349993
vt 0.612065 0.360630
vt 0.614714 0.351168
vt 0.613369 0.342729
vt 0.629773 0.350068
vt 0.590144 0.340269
vt 0.604782 0.333220
vt 0.623055 0.339181
vt 0.620669 0.331878
vt 0.636825 0.333324
vt 0.593153 0.324625
vt 0.603491 0.317340
vt 0.607434 0.303390
vt 0.623787 0.318235
vt 0.637561 0.323277
vt 0.612980 0.292071
vt 0.627561 0.292915
vt 0.636517 0.308877
vt 0.625468 0.281480
vt 0.637460 0.273313
vt 0.634331 0.291833
vt 0.620711 0.274296
vt 0.632144 0.258732
vt 0.624042 0.260509
vt 0.615474 0.265667
vt 0.604414 0.277281
vt 0.626313 0.250920
vt 0.629784 0.243383
vt 0.637862 0.249723
vt 0.634703 0.234749
vt 0.626478 0.224690
vt 0.620598 0.233217
vt 0.618414 0.221564
vt 0.626438 0.210662
vt 0.635199 0.217260
vt 0.637085 0.201486
vt 0.630757 0.193006
vt 0.617908 0.195512
vt 0.612756 0.238211
vt 0.613859 0.253426
vt 0.593141 0.300699
vt 0.588584 0.289286
vt 0.588965 0.279105
vt 0.577767 0.268846
vt 0.587857 0.267012
vt 0.577671 0.256382
vt 0.596832 0.259229
vt 0.600348 0.270666
vt 0.591793 0.246241
vt 0.602165 0.248197
vt 0.604309 0.230333
vt 0.596327 0.220326
vt 0.603277 0.212019
vt 0.613691 0.203082
vt 0.593240 0.193371
vt 0.614409 0.189385
vt 0.593220 0.183463
vt 0.610582 0.182476
vt 0.626429 0.180451
vt 0.640671 0.177291
vt 0.632069 0.173157
vt 0.635318 0.157537
vt 0.624875 0.170137
vt 0.595843 0.175891
vt 0.610035 0.175552
vt 0.603145 0.170090
vt 0.610670 0.162717
vt 0.609069 0.152994
vt 0.624605 0.156228
vt 0.625502 0.138368
vt 0.634156 0.140771
vt 0.639879 0.150732
vt 0.616908 0.144657
vt 0.607708 0.140396
vt 0.617402 0.132088
vt 0.612242 0.126010
vt 0.617875 0.120746
vt 0.632666 0.123639
vt 0.640514 0.126959
vt 0.613964 0.111703
vt 0.621932 0.111953
vt 0.635662 0.110457
vt 0.641208 0.109709
vt 0.624583 0.102443
vt 0.638397 0.099643
vt 0.627163 0.095728
vt 0.634395 0.081836
vt 0.603415 0.093618
vt 0.615717 0.093400
vt 0.610998 0.082087
vt 0.607473 0.064315
vt 0.622152 0.067240
vt 0.625339 0.083016
vt 0.619530 0.046043
vt 0.626822 0.043022
vt 0.624086 0.027569
vt 0.633696 0.032916
vt 0.637548 0.023027
vt 0.643904 0.009169
vt 0.644013 0.004136
vt 0.638380 0.038228
vt 0.643867 0.019906
vt 0.642541 0.043355
vt 0.638338 0.056645
vt 0.634062 0.067394
vt 0.632870 0.050825
vt 0.641164 0.087271
vt 0.638211 0.189385
vt 0.640892 0.207807
vt 0.639866 0.223292
vt 0.645235 0.217486
vt 0.645253 0.227812
vt 0.641244 0.240311
vt 0.637979 0.262406
vt 0.641206 0.286706
vt 0.622162 0.368113
vt 0.632819 0.361414
vt 0.633147 0.369768
vt 0.623614 0.375153
vt 0.637960 0.354505
vt 0.641147 0.338117
vt 0.645068 0.344387
vt 0.641727 0.368301
vt 0.629872 0.379780
vt 0.610028 0.376011
vt 0.604117 0.387354
vt 0.596952 0.374693
vt 0.596213 0.402659
vt 0.581767 0.413072
vt 0.596043 0.419228
vt 0.569876 0.420146
vt 0.574386 0.434005
vt 0.605139 0.423612
vt 0.617416 0.415795
vt 0.603902 0.431355
vt 0.624066 0.406099
vt 0.633111 0.425302
vt 0.617207 0.390848
vt 0.634283 0.398454
vt 0.635983 0.382279
vt 0.645013 0.387699
vt 0.635639 0.412316
vt 0.641137 0.400622
vt 0.641163 0.413437
vt 0.637367 0.432353
vt 0.642723 0.436879
vt 0.637610 0.440776
vt 0.625194 0.438902
vt 0.598688 0.438525
vt 0.621075 0.432522
vt 0.567833 0.439513
vt 0.541778 0.438848
vt 0.552627 0.432372
vt 0.527483 0.433845
vt 0.502178 0.439535
vt 0.464262 0.435724
vt 0.456054 0.438278
vt 0.459520 0.426817
vt 0.442073 0.437586
vt 0.449541 0.432650
vt 0.429379 0.439210
vt 0.415610 0.437434
vt 0.380796 0.435571
vt 0.369570 0.438846
vt 0.365266 0.430222
vt 0.354657 0.436810
vt 0.341327 0.438143
vt 0.340660 0.432592
vt 0.324952 0.439493
vt 0.291906 0.442056
vt 0.279958 0.439187
vt 0.287921 0.429257
vt 0.270384 0.428970
vt 0.224944 0.438848
vt 0.199578 0.442818
vt 0.223303 0.442810
vt 0.184262 0.442167
vt 0.154051 0.438418
vt 0.133935 0.444894
vt 0.150732 0.442747
vt 0.164203 0.444911
vt 0.130483 0.438035
vt 0.122183 0.440712
vt 0.088793 0.441462
vt 0.042679 0.440228
vt 0.016823 0.426610
vt 0.008386 0.384402
vt 0.011384 0.382943
vt 0.011271 0.411439
vt 0.011435 0.360950
vt 0.014590 0.377780
vt 0.014586 0.357584
vt 0.018642 0.351467
vt 0.010074 0.336604
vt 0.014731 0.334765
vt 0.013850 0.313555
vt 0.010137 0.299720
vt 0.015843 0.285316
vt 0.019988 0.266440
vt 0.010553 0.278498
vt 0.014382 0.261050
vt 0.011360 0.242116
vt 0.016569 0.242627
vt 0.015237 0.229822
vt 0.010563 0.219332
vt 0.014949 0.217796
vt 0.015730 0.199156
vt 0.010376 0.188951
vt 0.015891 0.186152
vt 0.012584 0.175135
vt 0.017136 0.173205
vt 0.012251 0.164048
vt 0.016655 0.151706
vt 0.010681 0.131701
vt 0.016554 0.133621
vt 0.021629 0.130906
vt 0.013132 0.118298
vt 0.019822 0.117015
vt 0.014311 0.100319
vt 0.006592 0.092124
vt 0.012398 0.087464
vt 0.005322 0.082698
vt 0.012460 0.072334
vt 0.009577 0.043748
vt 0.013770 0.045406
vt 0.018127 0.040491
vt 0.013653 0.026606
vt 0.088092 0.000604
vt 0.069574 0.001863
vt 0.044893 0.001872
vt 0.034239 0.001877
vt 0.013873 0.002252
vt 0.013781 0.014276
vt 0.012422 0.435668
vt 0.012015 0.444758
vt 0.008422 0.436720
vt 0.006088 0.444857
vt 0.008336 0.426748
vt 0.008382 0.403733
vt 0.005719 0.415262
vt 0.005586 0.428520
vt 0.005624 0.392371
vt 0.005743 0.371048
vt 0.008447 0.360339
vt 0.005724 0.345693
vt 0.003244 0.330773
vt 0.007186 0.319270
vt 0.006581 0.298786
vt 0.003113 0.314878
vt 0.003033 0.288869
vt 0.006277 0.275991
vt 0.003095 0.258938
vt 0.007158 0.258942
vt 0.010200 0.251484
vt 0.005968 0.237776
vt 0.006029 0.221038
vt 0.006201 0.195811
vt 0.007473 0.173741
vt 0.006794 0.149680
vt 0.010930 0.149520
vt 0.006658 0.127072
vt 0.006882 0.103348
vt 0.003142 0.119683
vt 0.003113 0.153096
vt 0.003157 0.170578
vt 0.003073 0.195545
vt 0.003184 0.214381
vt 0.003137 0.103121
vt 0.003080 0.084486
vt 0.003173 0.065756
vt 0.007238 0.064790
vt 0.003856 0.044094
vt 0.001844 0.027300
vt 0.007310 0.009607
vt 0.010273 0.006933
vt 0.005964 0.001806
vt 0.010319 0.001912
vt 0.003085 0.020750
vt 0.002771 0.002080
vt 0.001389 0.061294
vt 0.001403 0.086992
vt 0.001338 0.103445
vt 0.001304 0.118149
vt 0.001303 0.151644
vt 0.001300 0.174354
vt 0.001235 0.196284
vt 0.001227 0.213282
vt 0.001197 0.227071
vt 0.003083 0.229605
vt 0.001237 0.250761
vt 0.001246 0.277879
vt 0.001342 0.309101
vt 0.001314 0.330331
vt 0.005584 0.441957
vt 0.025671 0.444846
vt 0.042247 0.444811
vt 0.065898 0.444866
vt 0.078851 0.444821
vt 0.098786 0.444897
vt 0.111276 0.444946
vt 0.190402 0.444880
vt 0.218736 0.444912
vt 0.240033 0.444911
vt 0.254638 0.444945
vt 0.272227 0.444962
vt 0.291175 0.444972
vt 0.316857 0.444921
vt 0.336922 0.444916
vt 0.349794 0.445057
vt 0.361433 0.444961
vt 0.374462 0.444905
vt 0.393548 0.444878
vt 0.408679 0.444855
vt 0.429701 0.444930
vt 0.456880 0.444754
vt 0.467084 0.444888
vt 0.497127 0.444852
vt 0.511594 0.444829
vt 0.523091 0.444803
vt 0.538851 0.444729
vt 0.559784 0.444824
vt 0.579251 0.444823
vt 0.610924 0.444723
vt 0.636389 0.444719
vt 0.644514 0.442717
vt 0.645186 0.437229
vt 0.645119 0.407249
vt 0.645220 0.365685
vt 0.645030 0.327774
vt 0.645124 0.313140
vt 0.645078 0.296761
vt 0.645286 0.267463
vt 0.645132 0.251359
vt 0.645287 0.195690
vt 0.645160 0.177279
vt 0.645313 0.143562
vt 0.645341 0.116466
vt 0.645156 0.103605
vt 0.646563 0.075273
vt 0.646537 0.097572
vt 0.644566 0.062854
vt 0.646511 0.033230
vt 0.646573 0.017856
vt 0.646825 0.004777
vt 0.468422 0.292673
vt 0.481671 0.291650
vt 0.443168 0.415006
vt 0.450724 0.423796
vt 0.467656 0.404632
vt 0.459846 0.365030
vt 0.469602 0.355322
vt 0.448351 0.295494
vt 0.472216 0.142679
vt 0.551479 0.004097
vt 0.563227 0.004238
vt 0.541606 0.004211
vt 0.277700 0.430303
vt 0.279552 0.337734
vt 0.284845 0.337307
vt 0.317540 0.264638
vt 0.487431 0.088155
vt 0.412084 0.116305
vt 0.432218 0.014695
vt 0.440241 0.022296
vt 0.441456 0.030139
vt 0.451380 0.016692
vt 0.467720 0.011677
vt 0.486714 0.010749
vt 0.503654 0.004217
vt 0.509079 0.010716
vt 0.509619 0.015626
vt 0.475330 0.004046
vt 0.459617 0.004199
vt 0.450431 0.004275
vt 0.440396 0.009589
vt 0.381931 0.002163
vt 0.347466 0.002080
vt 0.352220 0.001089
vt 0.359698 0.002122
vt 0.319966 0.002048
vt 0.646531 0.051715
vt 0.326563 0.001012
vt 0.296902 0.000961
vt 0.104253 0.000620
vt 0.646667 0.108807
vt 0.205163 0.000734
vt 0.001175 0.001998
vt 0.001171 0.023983
vt 0.055662 0.000595
vt 0.075370 0.000631
vt 0.020738 0.000653
vt 0.008460 0.000687
vt 0.038117 0.000643
vt 0.225658 0.000740
vt 0.253030 0.000802
vt 0.274909 0.000834
vt 0.377440 0.001279
vt 0.396507 0.001279
vt 0.162102 0.000685
vt 0.127451 0.000641
vt 0.188423 0.000664
vt 0.622013 0.002402
vt 0.639749 0.002364
vt 0.644438 0.002371
vt 0.646794 0.001703
vt 0.527448 0.002265
vt 0.549059 0.002141
vt 0.561167 0.002219
vt 0.584516 0.002253
vt 0.602364 0.002286
vt 0.454931 0.002076
vt 0.477871 0.002231
vt 0.494932 0.001378
vt 0.505580 0.001420
vt 0.411075 0.002238
vt 0.433355 0.002242
vt 0.416630 0.001329
vt 0.434081 0.001337
vt 0.454041 0.001356
vt 0.479120 0.001366
vt 0.530636 0.001476
vt 0.546987 0.001454
vt 0.581559 0.001541
vt 0.607214 0.001584
vt 0.562911 0.001454
vt 0.646871 0.146415
vt 0.646871 0.178209
vt 0.646852 0.119195
vt 0.646916 0.192753
vt 0.352901 0.445928
vt 0.625980 0.001633
vt 0.001159 0.333047
vt 0.001136 0.354360
vt 0.003110 0.347019
vt 0.002802 0.371794
vt 0.002760 0.436472
vt 0.001090 0.425196
vt 0.001099 0.413468
vt 0.001117 0.389300
vt 0.001305 0.026412
vt 0.001112 0.028952
vt 0.000880 0.040352
vt 0.646942 0.214676
vt 0.646964 0.229391
vt 0.646968 0.256370
vt 0.647082 0.411426
vt 0.647085 0.389639
vt 0.647097 0.368238
vt 0.647099 0.340515
vt 0.647100 0.436989
vt 0.647172 0.444491
vt 0.647067 0.316356
vt 0.647102 0.291974
vt 0.647094 0.268974
vt 0.640417 0.445349
vt 0.329166 0.445983
vt 0.308075 0.446012
vt 0.289833 0.445979
vt 0.268820 0.445990
vt 0.503350 0.445727
vt 0.428536 0.445847
vt 0.457134 0.445750
vt 0.398542 0.445800
vt 0.374650 0.445882
vt 0.001344 0.000486
vt 0.001073 0.445036
vt 0.003157 0.442788
vt 0.001078 0.436643
vt 0.591231 0.445667
vt 0.567777 0.445668
vt 0.613147 0.445488
vt 0.521412 0.445723
vt 0.542495 0.445688
vt 0.094875 0.445814
vt 0.242431 0.445901
vt 0.216744 0.445873
vt 0.195666 0.445926
vt 0.127660 0.445954
vt 0.162765 0.445924
vt 0.644278 0.001716
vt 0.013959 0.445716
vt 0.005924 0.445745
vt 0.001315 0.446012
vt 0.035407 0.445728
vt 0.046900 0.445847
vt 0.071381 0.445837
vt 0.646961 0.445446
vt 0.000758 0.055236
vt 0.000693 0.067598
vt 0.000713 0.084830
vt 0.000624 0.105855
vt 0.000630 0.295210
vt 0.000701 0.306506
vt 0.001029 0.327025
vt 0.000855 0.317627
vt 0.000591 0.141805
vt 0.000653 0.171620
vt 0.000568 0.190962
vt 0.000569 0.278174
vt 0.000553 0.253574
vt 0.000521 0.227972
vt 0.000530 0.217958
vt 0.648071 0.444870
vt 0.647856 0.438699
vt 0.647823 0.417841
vt 0.647805 0.388001
vt 0.647851 0.347264
vt 0.647837 0.365083
vt 0.647780 0.330622
vt 0.647774 0.310728
vt 0.647814 0.294025
vt 0.647797 0.267154
vt 0.647433 0.445714
vt 0.575665 0.981766
vt 0.569194 0.963365
vt 0.561640 0.979250
vt 0.552751 0.966174
vt 0.552012 0.987343
vt 0.546469 0.953304
vt 0.560987 0.946770
vt 0.581573 0.939681
vt 0.565745 0.932816
vt 0.588805 0.970414
vt 0.590845 0.951868
vt 0.588437 0.983315
vt 0.620740 0.970635
vt 0.614779 0.954125
vt 0.612099 0.967765
vt 0.616330 0.929060
vt 0.601725 0.944259
vt 0.599581 0.963301
vt 0.607171 0.928191
vt 0.596129 0.938713
vt 0.597401 0.925884
vt 0.581166 0.923356
vt 0.574346 0.916619
vt 0.586582 0.914399
vt 0.602925 0.918503
vt 0.590949 0.923057
vt 0.581243 0.906525
vt 0.563368 0.914574
vt 0.611991 0.906134
vt 0.600386 0.907103
vt 0.601372 0.901716
vt 0.577571 0.899753
vt 0.576139 0.901603
vt 0.551518 0.901632
vt 0.547468 0.899697
vt 0.541146 0.902244
vt 0.559447 0.905254
vt 0.551673 0.920474
vt 0.547080 0.915081
vt 0.541809 0.920904
vt 0.526083 0.915609
vt 0.517980 0.918487
vt 0.524721 0.925708
vt 0.534260 0.918722
vt 0.530705 0.934153
vt 0.541510 0.942804
vt 0.532312 0.946150
vt 0.541385 0.979423
vt 0.534618 0.977557
vt 0.537074 0.964908
vt 0.525000 0.966367
vt 0.515304 0.981471
vt 0.502135 0.970631
vt 0.504037 0.980013
vt 0.504712 0.989119
vt 0.491275 0.975807
vt 0.479221 0.960588
vt 0.473611 0.970263
vt 0.477550 0.980384
vt 0.488132 0.988349
vt 0.465555 0.955474
vt 0.459828 0.963712
vt 0.462751 0.983879
vt 0.453265 0.979469
vt 0.450093 0.951632
vt 0.463540 0.941521
vt 0.482650 0.939892
vt 0.519736 0.947483
vt 0.514565 0.968962
vt 0.495404 0.957453
vt 0.515674 0.931962
vt 0.500720 0.941994
vt 0.501642 0.929598
vt 0.507187 0.918600
vt 0.519483 0.910846
vt 0.502388 0.910782
vt 0.510767 0.905583
vt 0.487159 0.906088
vt 0.465943 0.899633
vt 0.468530 0.909759
vt 0.460297 0.905396
vt 0.454322 0.914392
vt 0.447294 0.899590
vt 0.448284 0.905405
vt 0.486194 0.924777
vt 0.490961 0.917273
vt 0.478038 0.915923
vt 0.447698 0.924832
vt 0.435368 0.926237
vt 0.441072 0.938815
vt 0.463733 0.925616
vt 0.442677 0.915070
vt 0.426514 0.923481
vt 0.437955 0.899500
vt 0.437253 0.908710
vt 0.413978 0.904449
vt 0.426841 0.908387
vt 0.409146 0.899467
vt 0.381968 0.899500
vt 0.408867 0.913596
vt 0.411268 0.922962
vt 0.450183 0.968417
vt 0.440693 0.965641
vt 0.434058 0.979882
vt 0.441440 0.982656
vt 0.432615 0.964691
vt 0.424635 0.947996
vt 0.426716 0.976099
vt 0.416036 0.981007
vt 0.412058 0.989073
vt 0.384491 0.960318
vt 0.371773 0.971622
vt 0.380258 0.979127
vt 0.366423 0.985069
vt 0.370577 0.992238
vt 0.354743 0.988801
vt 0.356920 0.977637
vt 0.366535 0.956343
vt 0.362075 0.947658
vt 0.375386 0.949482
vt 0.384440 0.944274
vt 0.402960 0.982626
vt 0.403577 0.968677
vt 0.388824 0.976073
vt 0.418005 0.968114
vt 0.406868 0.956902
vt 0.398466 0.942105
vt 0.407790 0.933025
vt 0.392062 0.925338
vt 0.373065 0.918036
vt 0.362517 0.923199
vt 0.357588 0.912080
vt 0.394267 0.909915
vt 0.384134 0.917520
vt 0.371683 0.906730
vt 0.339315 0.899444
vt 0.325237 0.899395
vt 0.346698 0.905363
vt 0.337602 0.919765
vt 0.327527 0.906850
vt 0.322509 0.917390
vt 0.346496 0.915228
vt 0.342517 0.944464
vt 0.355755 0.934084
vt 0.338674 0.930137
vt 0.322696 0.936879
vt 0.309962 0.919544
vt 0.309117 0.933932
vt 0.295994 0.926094
vt 0.344465 0.961526
vt 0.324278 0.949971
vt 0.332289 0.960613
vt 0.342935 0.981624
vt 0.325515 0.971684
vt 0.327557 0.983537
vt 0.317365 0.959768
vt 0.305770 0.971377
vt 0.290554 0.980583
vt 0.290466 0.967523
vt 0.279059 0.980654
vt 0.290005 0.991086
vt 0.304951 0.950563
vt 0.299174 0.943021
vt 0.290545 0.911100
vt 0.297543 0.904375
vt 0.285222 0.899492
vt 0.264216 0.914236
vt 0.267657 0.906977
vt 0.259045 0.906962
vt 0.278666 0.916717
vt 0.267329 0.928886
vt 0.277043 0.928739
vt 0.283517 0.937518
vt 0.282798 0.961653
vt 0.290491 0.942025
vt 0.272687 0.975664
vt 0.273669 0.949596
vt 0.268067 0.960831
vt 0.264818 0.944870
vt 0.259615 0.922018
vt 0.258203 0.937446
vt 0.254766 0.929214
vt 0.260883 0.961941
vt 0.255426 0.950553
vt 0.258260 0.972949
vt 0.263973 0.979065
vt 0.259549 0.987267
vt 0.269701 0.988086
vt 0.301958 0.986697
vt 0.314107 0.983282
vt 0.312565 0.993474
vt 0.365963 0.998589
vt 0.359751 0.997499
vt 0.349605 0.998621
vt 0.359528 0.994817
vt 0.342690 0.991543
vt 0.335088 0.997119
vt 0.385353 0.988613
vt 0.400205 0.993902
vt 0.426430 0.992647
vt 0.439644 0.994273
vt 0.450491 0.989945
vt 0.474190 0.992345
vt 0.517961 0.991765
vt 0.531811 0.993722
vt 0.525499 0.982683
vt 0.546298 0.994104
vt 0.572265 0.991985
vt 0.585241 0.993885
vt 0.569619 0.995760
vt 0.599976 0.995766
vt 0.597064 0.983435
vt 0.650513 0.995797
vt 0.650236 0.992227
vt 0.626872 0.995242
vt 0.732557 0.991371
vt 0.710389 0.989150
vt 0.708303 0.995499
vt 0.756284 0.986677
vt 0.745166 0.979669
vt 0.771015 0.992290
vt 0.775201 0.985068
vt 0.784727 0.980636
vt 0.774415 0.976106
vt 0.792233 0.998186
vt 0.792428 0.995258
vt 0.785204 0.991000
vt 0.809189 0.998243
vt 0.792411 0.977002
vt 0.788911 0.957689
vt 0.805858 0.983520
vt 0.807342 0.991293
vt 0.810003 0.973244
vt 0.833036 0.995943
vt 0.831267 0.991000
vt 0.819214 0.998128
vt 0.840748 0.998228
vt 0.852605 0.998169
vt 0.851876 0.992076
vt 0.865353 0.994204
vt 0.880395 0.998206
vt 0.865688 0.982322
vt 0.874267 0.973932
vt 0.866215 0.966421
vt 0.855771 0.964560
vt 0.848500 0.981465
vt 0.838019 0.975958
vt 0.849414 0.959562
vt 0.857949 0.945749
vt 0.850176 0.942219
vt 0.838394 0.943884
vt 0.839310 0.962750
vt 0.828912 0.973799
vt 0.827148 0.966410
vt 0.821605 0.952860
vt 0.837625 0.921413
vt 0.831772 0.927923
vt 0.822204 0.937867
vt 0.856721 0.933364
vt 0.869597 0.938044
vt 0.868467 0.955523
vt 0.879224 0.960434
vt 0.883373 0.984651
vt 0.889016 0.985019
vt 0.887476 0.998218
vt 0.892960 0.998296
vt 0.887889 0.954144
vt 0.880800 0.943159
vt 0.889402 0.926615
vt 0.880669 0.924341
vt 0.875409 0.911605
vt 0.864338 0.922969
vt 0.862246 0.912028
vt 0.844964 0.915567
vt 0.874617 0.901905
vt 0.860725 0.905662
vt 0.836247 0.905675
vt 0.860018 0.901823
vt 0.889843 0.907472
vt 0.893336 0.902065
vt 0.890186 0.958700
vt 0.893719 0.940064
vt 0.893687 0.959176
vt 0.891403 0.988100
vt 0.893952 0.993033
vt 0.893774 0.919912
vt 0.893751 0.907158
vt 0.818610 0.980820
vt 0.795218 0.955444
vt 0.804402 0.954552
vt 0.801415 0.928473
vt 0.811678 0.967853
vt 0.809095 0.939320
vt 0.812586 0.927872
vt 0.822639 0.923244
vt 0.815731 0.913234
vt 0.799414 0.915707
vt 0.808190 0.903569
vt 0.789246 0.909495
vt 0.830427 0.901811
vt 0.805570 0.899597
vt 0.826141 0.899610
vt 0.854405 0.899620
vt 0.875483 0.899553
vt 0.781121 0.998035
vt 0.752949 0.995864
vt 0.729659 0.998094
vt 0.770053 0.998087
vt 0.706412 0.998097
vt 0.687244 0.995892
vt 0.687488 0.998021
vt 0.642051 0.998020
vt 0.624700 0.998081
vt 0.599183 0.998012
vt 0.578774 0.997956
vt 0.555571 0.997949
vt 0.538386 0.997920
vt 0.517712 0.997813
vt 0.486264 0.997735
vt 0.459794 0.997752
vt 0.449343 0.997731
vt 0.433852 0.997848
vt 0.403607 0.997752
vt 0.377220 0.997650
vt 0.333673 0.998675
vt 0.317942 0.997598
vt 0.315016 0.998677
vt 0.303475 0.997632
vt 0.289816 0.995468
vt 0.274947 0.997282
vt 0.260029 0.997339
vt 0.251678 0.992558
vt 0.251130 0.997489
vt 0.251576 0.980188
vt 0.251389 0.964147
vt 0.251387 0.940934
vt 0.251407 0.926358
vt 0.251483 0.913226
vt 0.254144 0.904251
vt 0.262963 0.899377
vt 0.252672 0.899313
vt 0.251549 0.902372
vt 0.325260 0.991509
vt 0.307157 0.910315
vt 0.306732 0.899435
vt 0.363758 0.899499
vt 0.529468 0.901702
vt 0.518929 0.901847
vt 0.495744 0.901552
vt 0.494696 0.899707
vt 0.526397 0.899752
vt 0.604709 0.979488
vt 0.616933 0.979607
vt 0.612220 0.992039
vt 0.628830 0.986126
vt 0.627398 0.965640
vt 0.622812 0.944453
vt 0.629226 0.927900
vt 0.631698 0.951953
vt 0.638320 0.934319
vt 0.644718 0.911858
vt 0.629136 0.901836
vt 0.623060 0.915589
vt 0.612125 0.915715
vt 0.605466 0.899761
vt 0.626361 0.899680
vt 0.645336 0.899679
vt 0.656393 0.901687
vt 0.672336 0.899693
vt 0.694377 0.901708
vt 0.677380 0.907924
vt 0.655930 0.910079
vt 0.677267 0.919976
vt 0.656509 0.923903
vt 0.667309 0.943977
vt 0.653364 0.944388
vt 0.651588 0.963082
vt 0.673362 0.965903
vt 0.662101 0.974142
vt 0.678316 0.978557
vt 0.656111 0.983710
vt 0.683602 0.986493
vt 0.680944 0.992100
vt 0.700361 0.973678
vt 0.709935 0.975845
vt 0.712215 0.956534
vt 0.705851 0.950406
vt 0.690971 0.953984
vt 0.695739 0.936257
vt 0.680418 0.933676
vt 0.710007 0.922607
vt 0.717673 0.934426
vt 0.724036 0.922997
vt 0.737816 0.931534
vt 0.744879 0.941127
vt 0.718202 0.951260
vt 0.726226 0.949689
vt 0.732690 0.956418
vt 0.717637 0.967429
vt 0.725041 0.972982
vt 0.715440 0.976203
vt 0.724857 0.984494
vt 0.736293 0.967878
vt 0.749986 0.957790
vt 0.766875 0.946358
vt 0.763053 0.968020
vt 0.777387 0.963733
vt 0.786469 0.943275
vt 0.791036 0.924508
vt 0.779944 0.929618
vt 0.769353 0.935780
vt 0.756895 0.925588
vt 0.774519 0.919008
vt 0.758280 0.914326
vt 0.740422 0.908252
vt 0.716885 0.912108
vt 0.733269 0.901734
vt 0.701906 0.907042
vt 0.773533 0.905950
vt 0.777132 0.901777
vt 0.753193 0.899634
vt 0.706226 0.899592
vt 0.786026 0.921233
vt 0.777647 0.899605
vt 0.642511 0.987004
vt 0.639295 0.977552
vt 0.640127 0.962109
vt 0.391030 0.998771
vt 0.289349 0.998614
vt 0.401684 0.998767
vt 0.417503 0.998699
vt 0.671074 0.999022
vt 0.895085 0.899602
vt 0.895504 0.954187
vt 0.895529 0.921650
vt 0.895521 0.906171
vt 0.895506 0.992306
vt 0.895368 0.999349
vt 0.691577 0.999067
vt 0.708325 0.999120
vt 0.734657 0.999117
vt 0.769322 0.999069
vt 0.792530 0.999231
vt 0.858692 0.999231
vt 0.808696 0.999294
vt 0.821424 0.999241
vt 0.841140 0.999243
vt 0.876077 0.999274
vt 0.599800 0.998992
vt 0.621802 0.999045
vt 0.643691 0.999046
vt 0.544459 0.998871
vt 0.570127 0.998869
vt 0.270575 0.998473
vt 0.252266 0.998384
vt 0.541853 0.898924
vt 0.442593 0.998732
vt 0.462563 0.998606
vt 0.250131 0.911009
vt 0.249945 0.940649
vt 0.249883 0.981602
vt 0.249739 0.996603
vt 0.249878 0.962724
vt 0.500153 0.998553
vt 0.519229 0.998609
vt 0.250160 0.900001
vt 0.877075 0.898533
vt 0.851236 0.898534
vt 0.825283 0.898550
vt 0.799774 0.898585
vt 0.770456 0.898674
vt 0.749658 0.898595
vt 0.723272 0.898610
vt 0.702756 0.898585
vt 0.686667 0.898804
vt 0.891127 0.898434
vt 0.483523 0.898893
vt 0.895537 0.898346
vt 0.297945 0.898561
vt 0.282638 0.898587
vt 0.337730 0.898577
vt 0.443220 0.898728
vt 0.410376 0.898643
vt 0.381495 0.898633
vt 0.364352 0.898644
vt 0.462880 0.898880
vt 0.651897 0.898808
vt 0.622419 0.898803
vt 0.480022 0.998631
vt 0.888357 0.999309
vt 0.895483 0.999514
vt 0.523962 0.899005
vt 0.498910 0.898986
vt 0.576014 0.898962
vt 0.603141 0.898982
vt 0.254516 0.898556
vt 0.250205 0.898502
vt 0.895967 0.901878
vt 0.896153 0.905169
vt 0.896246 0.910907
vt 0.896246 0.998129
vt 0.896209 0.989474
vt 0.896209 0.937168
vt 0.896215 0.966294
vt 0.249752 0.998457
vt 0.728457 0.658023
vt 0.738077 0.635984
vt 0.719267 0.648719
vt 0.746441 0.648722
vt 0.755074 0.639784
vt 0.756764 0.665756
vt 0.760026 0.650531
vt 0.764116 0.636983
vt 0.756967 0.623366
vt 0.747133 0.619270
vt 0.758729 0.596593
vt 0.764096 0.613509
vt 0.766121 0.599045
vt 0.766107 0.617472
vt 0.766092 0.634415
vt 0.766113 0.652694
vt 0.766079 0.668699
vt 0.763968 0.678860
vt 0.756677 0.677698
vt 0.741856 0.663157
vt 0.745646 0.684485
vt 0.754077 0.704768
vt 0.745267 0.704952
vt 0.735036 0.699408
vt 0.725667 0.706910
vt 0.732446 0.714360
vt 0.709348 0.714848
vt 0.706547 0.707784
vt 0.705741 0.693917
vt 0.699717 0.699019
vt 0.687384 0.709824
vt 0.686274 0.697140
vt 0.676161 0.707819
vt 0.678820 0.721237
vt 0.669152 0.714814
vt 0.662513 0.720092
vt 0.662319 0.702344
vt 0.666418 0.701239
vt 0.676197 0.696791
vt 0.673544 0.687958
vt 0.684772 0.686738
vt 0.694660 0.679278
vt 0.675400 0.673971
vt 0.667217 0.674629
vt 0.675591 0.655994
vt 0.666537 0.656011
vt 0.673435 0.643898
vt 0.685633 0.663166
vt 0.712192 0.683693
vt 0.701731 0.667993
vt 0.722088 0.696495
vt 0.730683 0.681060
vt 0.736232 0.688720
vt 0.696400 0.721483
vt 0.726707 0.719360
vt 0.717131 0.726090
vt 0.735446 0.731471
vt 0.741166 0.723557
vt 0.745510 0.715984
vt 0.758280 0.725609
vt 0.759916 0.702795
vt 0.763929 0.699399
vt 0.766027 0.696822
vt 0.765973 0.733149
vt 0.763878 0.733223
vt 0.763829 0.751421
vt 0.758100 0.742821
vt 0.749746 0.735340
vt 0.746072 0.749281
vt 0.726572 0.739816
vt 0.728179 0.754964
vt 0.711815 0.746567
vt 0.698159 0.735717
vt 0.688766 0.741895
vt 0.677975 0.734934
vt 0.678397 0.751858
vt 0.671880 0.739824
vt 0.669591 0.728152
vt 0.683381 0.726963
vt 0.668438 0.746483
vt 0.667050 0.754942
vt 0.676101 0.773676
vt 0.667997 0.772891
vt 0.662205 0.751211
vt 0.674792 0.787249
vt 0.669183 0.788849
vt 0.681141 0.796279
vt 0.685163 0.789274
vt 0.702716 0.795222
vt 0.697199 0.788580
vt 0.687569 0.780216
vt 0.686913 0.772070
vt 0.684295 0.764770
vt 0.701075 0.763859
vt 0.689764 0.754218
vt 0.715463 0.757937
vt 0.726130 0.772169
vt 0.738983 0.768739
vt 0.738534 0.756843
vt 0.755345 0.766745
vt 0.747673 0.778228
vt 0.736378 0.777433
vt 0.746522 0.785249
vt 0.756323 0.783771
vt 0.745440 0.794174
vt 0.736639 0.788686
vt 0.729607 0.797990
vt 0.719103 0.788837
vt 0.721513 0.804157
vt 0.707691 0.803850
vt 0.698447 0.808474
vt 0.687214 0.807670
vt 0.700273 0.817384
vt 0.682724 0.818080
vt 0.675829 0.805074
vt 0.667560 0.804493
vt 0.672148 0.814963
vt 0.676859 0.828310
vt 0.666222 0.819554
vt 0.691342 0.824648
vt 0.705849 0.822323
vt 0.712456 0.827294
vt 0.688751 0.832726
vt 0.713089 0.837311
vt 0.727992 0.833241
vt 0.735382 0.826213
vt 0.726660 0.819664
vt 0.738641 0.817082
vt 0.734500 0.808741
vt 0.718683 0.813878
vt 0.746623 0.811648
vt 0.745640 0.801655
vt 0.754885 0.800076
vt 0.760588 0.810598
vt 0.759537 0.796250
vt 0.763711 0.777861
vt 0.760960 0.765587
vt 0.765915 0.750949
vt 0.765855 0.780876
vt 0.763717 0.794477
vt 0.765859 0.811744
vt 0.765787 0.824206
vt 0.751164 0.824701
vt 0.753700 0.833104
vt 0.743760 0.833096
vt 0.743408 0.840176
vt 0.726268 0.844669
vt 0.752516 0.845803
vt 0.758199 0.837901
vt 0.763031 0.848728
vt 0.763444 0.835266
vt 0.765732 0.848542
vt 0.765720 0.858294
vt 0.757321 0.855055
vt 0.747132 0.852363
vt 0.749950 0.860638
vt 0.734915 0.862036
vt 0.728525 0.851419
vt 0.724713 0.857743
vt 0.711055 0.863124
vt 0.705010 0.858110
vt 0.683707 0.864065
vt 0.680542 0.853430
vt 0.668026 0.863511
vt 0.698308 0.851329
vt 0.681901 0.845572
vt 0.673053 0.845158
vt 0.666154 0.846700
vt 0.694987 0.842482
vt 0.666147 0.832779
vt 0.715326 0.853680
vt 0.700049 0.873652
vt 0.682593 0.876648
vt 0.703509 0.882860
vt 0.717708 0.872877
vt 0.727767 0.883391
vt 0.737151 0.872030
vt 0.748789 0.867300
vt 0.748114 0.877053
vt 0.759373 0.868657
vt 0.758674 0.860717
vt 0.765657 0.865272
vt 0.760666 0.887192
vt 0.757273 0.887125
vt 0.765683 0.887712
vt 0.743635 0.883697
vt 0.718879 0.887881
vt 0.689458 0.887945
vt 0.703979 0.783400
vt 0.712587 0.775947
vt 0.725360 0.781334
vt 0.698898 0.728274
vt 0.712150 0.733827
vt 0.719113 0.672153
vt 0.695622 0.651533
vt 0.688947 0.643042
vt 0.704295 0.657979
vt 0.722345 0.641040
vt 0.703936 0.638271
vt 0.689593 0.635446
vt 0.701776 0.627841
vt 0.687621 0.628957
vt 0.686154 0.622439
vt 0.716715 0.634227
vt 0.713143 0.624618
vt 0.727166 0.618968
vt 0.719378 0.609707
vt 0.750736 0.597303
vt 0.740663 0.602053
vt 0.705580 0.617701
vt 0.689915 0.615437
vt 0.695323 0.606584
vt 0.678037 0.618177
vt 0.679039 0.602834
vt 0.694283 0.596309
vt 0.704463 0.597073
vt 0.703054 0.584781
vt 0.716299 0.590499
vt 0.720456 0.580329
vt 0.716615 0.574065
vt 0.701395 0.577121
vt 0.695915 0.568714
vt 0.723300 0.565334
vt 0.734909 0.570699
vt 0.727516 0.554338
vt 0.710239 0.554485
vt 0.746640 0.569026
vt 0.737051 0.550919
vt 0.723672 0.543697
vt 0.743135 0.580174
vt 0.741975 0.591440
vt 0.733615 0.585314
vt 0.757256 0.576971
vt 0.756530 0.555007
vt 0.764137 0.583377
vt 0.764188 0.552180
vt 0.766145 0.585812
vt 0.766082 0.553763
vt 0.756941 0.543634
vt 0.746602 0.554277
vt 0.744009 0.544922
vt 0.750532 0.536229
vt 0.741181 0.532765
vt 0.736543 0.539503
vt 0.711670 0.544165
vt 0.685942 0.577909
vt 0.677654 0.588262
vt 0.687926 0.590307
vt 0.669446 0.614575
vt 0.668855 0.588619
vt 0.676452 0.577774
vt 0.668232 0.570737
vt 0.674905 0.567425
vt 0.687206 0.562464
vt 0.674700 0.557119
vt 0.683391 0.553457
vt 0.696423 0.556590
vt 0.684387 0.543428
vt 0.667014 0.525014
vt 0.674159 0.544778
vt 0.674209 0.532372
vt 0.700721 0.537586
vt 0.683221 0.526103
vt 0.723523 0.535069
vt 0.715241 0.528901
vt 0.729356 0.524925
vt 0.709019 0.522479
vt 0.735899 0.518311
vt 0.707336 0.515811
vt 0.750214 0.525061
vt 0.766095 0.529432
vt 0.766015 0.522590
vt 0.766123 0.517506
vt 0.750749 0.514553
vt 0.752890 0.508477
vt 0.766159 0.501564
vt 0.739057 0.508014
vt 0.754546 0.502152
vt 0.758086 0.493916
vt 0.766066 0.478788
vt 0.751741 0.478739
vt 0.760555 0.470726
vt 0.752215 0.469856
vt 0.758663 0.460802
vt 0.739945 0.476517
vt 0.744117 0.486594
vt 0.743899 0.495582
vt 0.729500 0.496477
vt 0.721019 0.506314
vt 0.714610 0.496218
vt 0.699666 0.506733
vt 0.723964 0.512710
vt 0.680830 0.518841
vt 0.692059 0.510870
vt 0.691166 0.495877
vt 0.679612 0.497213
vt 0.701578 0.493031
vt 0.704439 0.481214
vt 0.685337 0.455644
vt 0.700559 0.446678
vt 0.694900 0.437652
vt 0.677587 0.447890
vt 0.688546 0.427280
vt 0.674930 0.429590
vt 0.679559 0.415727
vt 0.669906 0.418938
vt 0.690950 0.419245
vt 0.688731 0.403568
vt 0.676412 0.396888
vt 0.682704 0.388255
vt 0.704062 0.418004
vt 0.709633 0.407606
vt 0.698972 0.392666
vt 0.722671 0.425216
vt 0.709552 0.431351
vt 0.725927 0.437911
vt 0.735624 0.421400
vt 0.734842 0.446226
vt 0.708738 0.454707
vt 0.707980 0.472689
vt 0.696848 0.464064
vt 0.718803 0.460729
vt 0.721586 0.481936
vt 0.730941 0.481360
vt 0.722165 0.471255
vt 0.731647 0.465353
vt 0.738632 0.467375
vt 0.747492 0.454937
vt 0.754629 0.452782
vt 0.748428 0.439161
vt 0.745627 0.423944
vt 0.757563 0.434068
vt 0.766176 0.409347
vt 0.755712 0.420503
vt 0.748090 0.411079
vt 0.757637 0.410236
vt 0.754331 0.400860
vt 0.738130 0.411821
vt 0.723638 0.415890
vt 0.714240 0.390703
vt 0.728006 0.405785
vt 0.746916 0.396821
vt 0.734702 0.395717
vt 0.746451 0.380145
vt 0.730316 0.381517
vt 0.714800 0.375121
vt 0.738203 0.362929
vt 0.725145 0.359306
vt 0.707670 0.368159
vt 0.700300 0.370583
vt 0.737775 0.374735
vt 0.754378 0.388219
vt 0.750743 0.365751
vt 0.757699 0.363121
vt 0.755550 0.350971
vt 0.766237 0.351388
vt 0.766257 0.340631
vt 0.764621 0.326798
vt 0.756921 0.318602
vt 0.764322 0.302125
vt 0.766266 0.322662
vt 0.766303 0.300715
vt 0.730012 0.339800
vt 0.736107 0.328056
vt 0.730457 0.330066
vt 0.721410 0.334969
vt 0.740681 0.339996
vt 0.746879 0.348958
vt 0.750872 0.335182
vt 0.703782 0.361950
vt 0.698608 0.379678
vt 0.684892 0.378484
vt 0.691732 0.370522
vt 0.678297 0.360714
vt 0.691919 0.360671
vt 0.697501 0.353673
vt 0.729711 0.351789
vt 0.702343 0.349276
vt 0.678615 0.350437
vt 0.692690 0.342540
vt 0.675000 0.341935
vt 0.666993 0.351490
vt 0.683316 0.327934
vt 0.673486 0.329552
vt 0.667260 0.335656
vt 0.734207 0.346743
vt 0.713036 0.339832
vt 0.710512 0.331134
vt 0.699115 0.336118
vt 0.718469 0.326253
vt 0.710384 0.319387
vt 0.694123 0.328479
vt 0.675222 0.319196
vt 0.666896 0.320639
vt 0.692892 0.317789
vt 0.706378 0.308722
vt 0.717544 0.314526
vt 0.734447 0.317442
vt 0.728391 0.308741
vt 0.747476 0.309387
vt 0.743691 0.303921
vt 0.746007 0.300069
vt 0.729232 0.301536
vt 0.710979 0.303878
vt 0.713768 0.300151
vt 0.699202 0.300532
vt 0.688043 0.309940
vt 0.681755 0.303454
vt 0.669835 0.308232
vt 0.664981 0.363711
vt 0.669504 0.372096
vt 0.674927 0.370798
vt 0.670559 0.385269
vt 0.671141 0.409240
vt 0.669085 0.441501
vt 0.676752 0.467466
vt 0.671524 0.475394
vt 0.687611 0.476430
vt 0.670107 0.488767
vt 0.680463 0.485277
vt 0.669871 0.502096
vt 0.662708 0.489284
vt 0.666745 0.512351
vt 0.675928 0.511385
vt 0.663877 0.547416
vt 0.663954 0.535336
vt 0.662473 0.568534
vt 0.667008 0.560757
vt 0.668511 0.632088
vt 0.662609 0.625208
vt 0.677630 0.632314
vt 0.662405 0.652061
vt 0.662693 0.669882
vt 0.667199 0.688852
vt 0.662359 0.778538
vt 0.670642 0.875755
vt 0.684815 0.883817
vt 0.760160 0.893094
vt 0.765729 0.892965
vt 0.748801 0.893106
vt 0.730244 0.893011
vt 0.712278 0.893159
vt 0.688979 0.892890
vt 0.672129 0.893188
vt 0.665360 0.887950
vt 0.665429 0.893025
vt 0.659848 0.888615
vt 0.670331 0.882360
vt 0.659753 0.892911
vt 0.659785 0.876930
vt 0.659804 0.868326
vt 0.662225 0.854704
vt 0.662022 0.837471
vt 0.662628 0.822876
vt 0.659882 0.812980
vt 0.659869 0.826201
vt 0.659871 0.838070
vt 0.659846 0.855362
vt 0.659818 0.803605
vt 0.662613 0.791304
vt 0.659939 0.779015
vt 0.659918 0.748456
vt 0.659917 0.735612
vt 0.659965 0.719618
vt 0.660088 0.690230
vt 0.660112 0.669602
vt 0.660155 0.641642
vt 0.660311 0.624530
vt 0.662482 0.594072
vt 0.660403 0.601405
vt 0.660489 0.571365
vt 0.660595 0.548551
vt 0.660649 0.513456
vt 0.662639 0.518082
vt 0.660697 0.493026
vt 0.660689 0.468248
vt 0.660724 0.456294
vt 0.660752 0.443532
vt 0.660788 0.418931
vt 0.660931 0.393421
vt 0.660976 0.382221
vt 0.660936 0.364653
vt 0.660966 0.352088
vt 0.663075 0.344155
vt 0.661126 0.321755
vt 0.661090 0.309761
vt 0.661083 0.302864
vt 0.670499 0.303225
vt 0.666443 0.297479
vt 0.663419 0.296947
vt 0.660987 0.294261
vt 0.670705 0.299035
vt 0.674270 0.295962
vt 0.686370 0.296294
vt 0.702568 0.296048
vt 0.722502 0.296316
vt 0.734759 0.296283
vt 0.747251 0.296229
vt 0.756369 0.296378
vt 0.766197 0.395341
vt 0.766187 0.368807
vt 0.766124 0.448743
vt 0.766140 0.435576
vt 0.766127 0.428070
vt 0.766106 0.460117
vt 0.748633 0.529327
vt 0.660978 0.343567
vt 0.764384 0.296370
vt 0.766253 0.294376
vt 0.758491 0.294380
vt 0.746067 0.294356
vt 0.726227 0.294317
vt 0.702932 0.294267
vt 0.687750 0.294279
vt 0.674747 0.294275
vt 0.666018 0.294279
vt 0.707291 0.897262
vt 0.694550 0.897238
vt 0.683961 0.897228
vt 0.670941 0.897195
vt 0.664449 0.897191
vt 0.762263 0.897374
vt 0.766028 0.897355
vt 0.751551 0.897322
vt 0.729678 0.897287
vt 0.659632 0.895385
vt 0.659603 0.897221
vt 0.658498 0.896981
vt 0.658844 0.850977
vt 0.658877 0.826649
vt 0.658799 0.801067
vt 0.658822 0.813928
vt 0.658892 0.781178
vt 0.658874 0.733564
vt 0.658879 0.746431
vt 0.658925 0.718870
vt 0.659056 0.696388
vt 0.766555 0.854626
vt 0.766945 0.647531
vt 0.766812 0.627922
vt 0.659072 0.669587
vt 0.659146 0.641718
vt 0.766559 0.831780
vt 0.766551 0.885365
vt 0.766654 0.892864
vt 0.658865 0.866625
vt 0.766822 0.610899
vt 0.766817 0.591217
vt 0.766857 0.715800
vt 0.766902 0.696129
vt 0.766898 0.672159
vt 0.658839 0.881879
vt 0.658743 0.892409
vt 0.766539 0.865351
vt 0.766945 0.897157
vt 0.766642 0.779261
vt 0.766755 0.746503
vt 0.766752 0.809856
vt 0.766856 0.569067
vt 0.659478 0.623451
vt 0.660305 0.356699
vt 0.766662 0.548772
vt 0.766664 0.526475
vt 0.766666 0.498485
vt 0.660484 0.307372
vt 0.660446 0.294480
vt 0.659575 0.601342
vt 0.660385 0.343482
vt 0.660519 0.322868
vt 0.659721 0.571212
vt 0.659885 0.545649
vt 0.659914 0.517595
vt 0.659932 0.469530
vt 0.660015 0.492034
vt 0.660074 0.438911
vt 0.660146 0.418990
vt 0.660270 0.379825
vt 0.660229 0.397019
vt 0.766531 0.471798
vt 0.766661 0.346658
vt 0.766644 0.392139
vt 0.766659 0.368545
vt 0.766596 0.428668
vt 0.766654 0.326205
vt 0.766742 0.300755
vt 0.766625 0.411813
vt 0.766666 0.294662
vt 0.781175 0.637635
vt 0.786179 0.592433
vt 0.780415 0.601536
vt 0.798036 0.716953
vt 0.792396 0.690773
vt 0.787321 0.719519
vt 0.790190 0.667982
vt 0.783938 0.686749
vt 0.810457 0.696779
vt 0.802220 0.680318
vt 0.813711 0.672175
vt 0.816746 0.655840
vt 0.800810 0.652233
vt 0.786676 0.643870
vt 0.814119 0.635565
vt 0.800845 0.628436
vt 0.790277 0.621683
vt 0.809531 0.614972
vt 0.796755 0.600842
vt 0.797019 0.565021
vt 0.790729 0.562724
vt 0.781776 0.567556
vt 0.795505 0.533991
vt 0.784578 0.551120
vt 0.780342 0.526680
vt 0.777638 0.556687
vt 0.777676 0.521070
vt 0.777726 0.497208
vt 0.785698 0.521186
vt 0.781626 0.502719
vt 0.791735 0.493089
vt 0.784310 0.486757
vt 0.777570 0.477162
vt 0.782824 0.453300
vt 0.780193 0.451313
vt 0.779826 0.424220
vt 0.777679 0.418119
vt 0.777661 0.441881
vt 0.777629 0.450664
vt 0.777633 0.460388
vt 0.780546 0.717088
vt 0.781930 0.748593
vt 0.777931 0.739064
vt 0.777958 0.744503
vt 0.777959 0.749473
vt 0.778039 0.776232
vt 0.781930 0.775648
vt 0.778137 0.797528
vt 0.780610 0.795703
vt 0.780626 0.820971
vt 0.778195 0.830040
vt 0.780853 0.858431
vt 0.778286 0.847960
vt 0.778342 0.861227
vt 0.784633 0.839256
vt 0.784784 0.857944
vt 0.790205 0.861238
vt 0.798178 0.858990
vt 0.792604 0.855296
vt 0.792686 0.849620
vt 0.790081 0.839628
vt 0.795986 0.831244
vt 0.790848 0.816328
vt 0.786111 0.803264
vt 0.783343 0.806681
vt 0.786027 0.757576
vt 0.792568 0.789116
vt 0.791962 0.752649
vt 0.809208 0.736009
vt 0.803153 0.767136
vt 0.818101 0.746815
vt 0.828688 0.754579
vt 0.828878 0.773030
vt 0.818582 0.788444
vt 0.832834 0.791910
vt 0.822477 0.804496
vt 0.835541 0.811084
vt 0.825128 0.824540
vt 0.818330 0.820161
vt 0.808835 0.829096
vt 0.814556 0.843108
vt 0.806183 0.803780
vt 0.831961 0.833174
vt 0.833642 0.847746
vt 0.809877 0.852251
vt 0.828529 0.855241
vt 0.848144 0.854130
vt 0.828138 0.858958
vt 0.855127 0.858926
vt 0.864713 0.861171
vt 0.876159 0.861119
vt 0.823348 0.861226
vt 0.869820 0.851129
vt 0.878040 0.853345
vt 0.884446 0.856165
vt 0.884381 0.861035
vt 0.878694 0.841414
vt 0.881988 0.832461
vt 0.877266 0.824821
vt 0.871175 0.836709
vt 0.856618 0.843341
vt 0.863064 0.825153
vt 0.845467 0.833985
vt 0.844475 0.816757
vt 0.841810 0.784641
vt 0.851428 0.801903
vt 0.846749 0.768415
vt 0.838316 0.747179
vt 0.844943 0.734833
vt 0.839844 0.727556
vt 0.827267 0.733260
vt 0.830405 0.719534
vt 0.813147 0.712265
vt 0.827932 0.694349
vt 0.827490 0.666188
vt 0.827662 0.628840
vt 0.823037 0.607826
vt 0.810938 0.599300
vt 0.804136 0.579570
vt 0.811666 0.568353
vt 0.806539 0.537786
vt 0.807077 0.512210
vt 0.795906 0.514209
vt 0.800874 0.495936
vt 0.803709 0.474985
vt 0.787962 0.468311
vt 0.784180 0.433921
vt 0.787099 0.423895
vt 0.790195 0.440690
vt 0.801102 0.431955
vt 0.804031 0.440591
vt 0.803429 0.450356
vt 0.791218 0.457039
vt 0.798830 0.463630
vt 0.809778 0.459165
vt 0.816243 0.468123
vt 0.811606 0.488847
vt 0.820286 0.475796
vt 0.821408 0.487022
vt 0.825005 0.503617
vt 0.815751 0.516582
vt 0.826406 0.527764
vt 0.815233 0.545589
vt 0.828021 0.554052
vt 0.827734 0.582332
vt 0.842614 0.578532
vt 0.834111 0.604717
vt 0.842728 0.599398
vt 0.840198 0.630316
vt 0.849565 0.625812
vt 0.844719 0.649928
vt 0.836207 0.648063
vt 0.841970 0.665302
vt 0.839492 0.678858
vt 0.848962 0.672382
vt 0.856455 0.679509
vt 0.846938 0.699406
vt 0.858071 0.695368
vt 0.859452 0.705978
vt 0.865726 0.715492
vt 0.866512 0.724958
vt 0.849629 0.721455
vt 0.860163 0.736840
vt 0.850985 0.745979
vt 0.855234 0.771430
vt 0.870541 0.757718
vt 0.870716 0.783359
vt 0.859832 0.791047
vt 0.871957 0.809771
vt 0.877884 0.797389
vt 0.877841 0.765322
vt 0.881940 0.790447
vt 0.884504 0.798871
vt 0.884466 0.835676
vt 0.884503 0.791913
vt 0.884505 0.780889
vt 0.881915 0.763247
vt 0.884472 0.773050
vt 0.884494 0.739130
vt 0.873267 0.735805
vt 0.879893 0.720805
vt 0.884435 0.718846
vt 0.884418 0.709918
vt 0.873334 0.708634
vt 0.876385 0.683923
vt 0.868347 0.689045
vt 0.870534 0.662141
vt 0.859579 0.662565
vt 0.855170 0.650143
vt 0.862763 0.640723
vt 0.865465 0.624781
vt 0.875890 0.637707
vt 0.874576 0.621819
vt 0.875949 0.608929
vt 0.859113 0.606854
vt 0.868143 0.586960
vt 0.853057 0.591209
vt 0.857347 0.571984
vt 0.846403 0.555979
vt 0.858703 0.561361
vt 0.871509 0.562141
vt 0.868173 0.541634
vt 0.857603 0.544483
vt 0.861498 0.518258
vt 0.842635 0.537840
vt 0.847710 0.520342
vt 0.838632 0.509826
vt 0.856921 0.504172
vt 0.848333 0.491541
vt 0.840654 0.482888
vt 0.831961 0.483095
vt 0.830514 0.454076
vt 0.826477 0.468568
vt 0.819765 0.448011
vt 0.832401 0.436915
vt 0.830611 0.428316
vt 0.808598 0.426532
vt 0.825652 0.422430
vt 0.795742 0.421769
vt 0.796764 0.418118
vt 0.782661 0.418112
vt 0.821653 0.418100
vt 0.852713 0.418072
vt 0.855359 0.423209
vt 0.877701 0.418018
vt 0.882053 0.421304
vt 0.870754 0.428532
vt 0.881582 0.432198
vt 0.873238 0.445622
vt 0.884177 0.451163
vt 0.875779 0.456586
vt 0.880957 0.479069
vt 0.876486 0.485739
vt 0.884227 0.501518
vt 0.875515 0.519712
vt 0.881663 0.521690
vt 0.880359 0.560296
vt 0.874726 0.550087
vt 0.881061 0.601484
vt 0.884241 0.566600
vt 0.884275 0.605558
vt 0.884367 0.631912
vt 0.884398 0.658477
vt 0.884402 0.675790
vt 0.884220 0.527961
vt 0.867091 0.492473
vt 0.856356 0.490870
vt 0.861295 0.477076
vt 0.847645 0.472647
vt 0.855500 0.471569
vt 0.857322 0.459586
vt 0.838616 0.454620
vt 0.850166 0.450477
vt 0.844901 0.441991
vt 0.848872 0.428604
vt 0.856174 0.436981
vt 0.868092 0.435852
vt 0.860097 0.448088
vt 0.869236 0.470082
vt 0.884200 0.476526
vt 0.884152 0.457542
vt 0.884048 0.418027
vt 0.884144 0.444945
vt 0.881520 0.418055
vt 0.843222 0.711334
vt 0.836453 0.701494
vt 0.777900 0.731054
vt 0.777896 0.723744
vt 0.777806 0.705939
vt 0.777835 0.672019
vt 0.776342 0.644251
vt 0.776361 0.634241
vt 0.777746 0.597476
vt 0.777732 0.569624
vt 0.776351 0.607254
vt 0.776386 0.669842
vt 0.776462 0.694433
vt 0.885757 0.616784
vt 0.885780 0.655127
vt 0.776401 0.587917
vt 0.885807 0.691518
vt 0.885816 0.711659
vt 0.885819 0.742273
vt 0.885697 0.597022
vt 0.776375 0.558107
vt 0.776350 0.522179
vt 0.776375 0.501163
vt 0.776331 0.483938
vt 0.776526 0.711461
vt 0.777926 0.416886
vt 0.787245 0.416890
vt 0.885644 0.551680
vt 0.885656 0.567712
vt 0.885583 0.517171
vt 0.843507 0.416851
vt 0.812177 0.416882
vt 0.871757 0.416833
vt 0.776576 0.722753
vt 0.776330 0.471580
vt 0.885804 0.766779
vt 0.885542 0.502955
vt 0.885499 0.484531
vt 0.877929 0.416829
vt 0.885794 0.775273
vt 0.885460 0.462610
vt 0.776625 0.733871
vt 0.776338 0.456702
vt 0.885783 0.786312
vt 0.885434 0.453567
vt 0.776663 0.743263
vt 0.881468 0.416843
vt 0.776357 0.445307
vt 0.885408 0.447630
vt 0.885774 0.795965
vt 0.776613 0.746570
vt 0.776362 0.440340
vt 0.776384 0.418364
vt 0.776681 0.749284
vt 0.776765 0.770589
vt 0.777039 0.805515
vt 0.777092 0.829674
vt 0.777185 0.841398
vt 0.776460 0.416855
vt 0.885757 0.822198
vt 0.885778 0.801207
vt 0.776347 0.442768
vt 0.885289 0.418143
vt 0.885394 0.442321
vt 0.814500 0.862345
vt 0.836815 0.862273
vt 0.849516 0.862290
vt 0.860071 0.862273
vt 0.782020 0.862354
vt 0.792697 0.862320
vt 0.885619 0.838002
vt 0.885591 0.854961
vt 0.885498 0.861015
vt 0.885266 0.416892
vt 0.879520 0.862191
vt 0.873049 0.862178
vt 0.885805 0.799010
vt 0.885433 0.444977
vt 0.778266 0.862305
vt 0.884351 0.862068
vt 0.777298 0.852839
vt 0.777311 0.861229
vt 0.777353 0.862204
vt 0.885452 0.862018
vt 0.962105 0.480010
vt 0.950898 0.475529
vt 0.947728 0.491268
vt 0.937033 0.480842
vt 0.953856 0.468833
vt 0.946329 0.458735
vt 0.958110 0.459232
vt 0.969250 0.457501
vt 0.973915 0.469647
vt 0.964898 0.471490
vt 0.984197 0.462674
vt 0.984360 0.447755
vt 0.973452 0.440983
vt 0.963163 0.444210
vt 0.956060 0.438311
vt 0.942320 0.439888
vt 0.936426 0.414665
vt 0.932363 0.427000
vt 0.927911 0.443444
vt 0.917444 0.413839
vt 0.922120 0.431644
vt 0.931704 0.401127
vt 0.915319 0.403252
vt 0.909671 0.410350
vt 0.895494 0.422904
vt 0.895079 0.403734
vt 0.913926 0.396893
vt 0.906210 0.385843
vt 0.901940 0.390052
vt 0.895499 0.378390
vt 0.895765 0.388325
vt 0.894753 0.397688
vt 0.893046 0.400367
vt 0.902089 0.375001
vt 0.905931 0.349684
vt 0.898944 0.349826
vt 0.895250 0.355729
vt 0.893172 0.356805
vt 0.893146 0.383663
vt 0.893182 0.340107
vt 0.900384 0.328900
vt 0.893179 0.320217
vt 0.901753 0.315164
vt 0.893204 0.303582
vt 0.905740 0.298690
vt 0.912313 0.315882
vt 0.912223 0.295917
vt 0.902126 0.283415
vt 0.916414 0.279314
vt 0.908763 0.272099
vt 0.893218 0.262855
vt 0.893214 0.285767
vt 0.903100 0.245710
vt 0.893225 0.233020
vt 0.905205 0.228938
vt 0.901730 0.221377
vt 0.894994 0.216280
vt 0.893242 0.212167
vt 0.906965 0.214420
vt 0.913791 0.223776
vt 0.921540 0.214386
vt 0.903954 0.207850
vt 0.895117 0.208373
vt 0.924947 0.208047
vt 0.942111 0.214372
vt 0.939284 0.220773
vt 0.953557 0.217532
vt 0.959200 0.222992
vt 0.945508 0.229252
vt 0.959203 0.237705
vt 0.951840 0.242411
vt 0.957655 0.252274
vt 0.951360 0.254846
vt 0.947017 0.270409
vt 0.959765 0.276020
vt 0.944279 0.282436
vt 0.948354 0.293957
vt 0.957599 0.316469
vt 0.948423 0.314142
vt 0.951508 0.334415
vt 0.954267 0.348325
vt 0.942653 0.348209
vt 0.951295 0.367987
vt 0.940890 0.363676
vt 0.951138 0.382813
vt 0.958013 0.378872
vt 0.956434 0.390644
vt 0.966564 0.387244
vt 0.981194 0.395797
vt 0.961856 0.397599
vt 0.970463 0.401106
vt 0.961455 0.410213
vt 0.975609 0.416487
vt 0.964619 0.425861
vt 0.951046 0.419468
vt 0.953581 0.405700
vt 0.943921 0.411413
vt 0.941468 0.396118
vt 0.947340 0.402961
vt 0.949668 0.393436
vt 0.941016 0.382107
vt 0.929009 0.391712
vt 0.914723 0.388771
vt 0.929199 0.379414
vt 0.912616 0.376254
vt 0.920570 0.367104
vt 0.913865 0.358497
vt 0.926705 0.353805
vt 0.920688 0.344960
vt 0.912640 0.347961
vt 0.914749 0.334720
vt 0.920772 0.323125
vt 0.917605 0.297926
vt 0.925693 0.296733
vt 0.933278 0.305995
vt 0.936394 0.326109
vt 0.926662 0.338598
vt 0.942118 0.336814
vt 0.926527 0.281746
vt 0.918859 0.261614
vt 0.912242 0.258803
vt 0.917899 0.243044
vt 0.925782 0.228792
vt 0.932728 0.238570
vt 0.927793 0.248641
vt 0.930768 0.256865
vt 0.934560 0.266870
vt 0.981080 0.432354
vt 0.988791 0.426324
vt 0.989880 0.437803
vt 0.992503 0.452706
vt 0.993453 0.433543
vt 0.992098 0.414964
vt 0.983617 0.405631
vt 0.992145 0.394410
vt 0.991887 0.379121
vt 0.982896 0.387267
vt 0.976549 0.376860
vt 0.990641 0.358214
vt 0.983317 0.363613
vt 0.970639 0.350958
vt 0.963001 0.363884
vt 0.956804 0.359619
vt 0.961827 0.342200
vt 0.961880 0.323720
vt 0.970140 0.312479
vt 0.965699 0.281786
vt 0.976092 0.285714
vt 0.969002 0.248219
vt 0.968784 0.231156
vt 0.982837 0.241811
vt 0.980573 0.262757
vt 0.990731 0.253174
vt 0.990687 0.281942
vt 0.985411 0.279803
vt 0.984272 0.311318
vt 0.990741 0.311456
vt 0.992833 0.317133
vt 0.981346 0.325813
vt 0.990650 0.339673
vt 0.982451 0.342160
vt 0.993490 0.350658
vt 0.993502 0.291691
vt 0.993484 0.260552
vt 0.992127 0.237932
vt 0.981854 0.223558
vt 0.969899 0.223134
vt 0.960178 0.212438
vt 0.970863 0.212496
vt 0.960095 0.207992
vt 0.943586 0.207942
vt 0.985611 0.207784
vt 0.992785 0.214580
vt 0.995875 0.207800
vt 0.990688 0.464809
vt 0.988530 0.472276
vt 0.994499 0.474893
vt 0.987330 0.481058
vt 0.979474 0.482507
vt 0.985170 0.500797
vt 0.992124 0.495769
vt 0.990408 0.510671
vt 0.981130 0.519513
vt 0.976543 0.510130
vt 0.965310 0.502542
vt 0.970534 0.514932
vt 0.975293 0.493804
vt 0.966420 0.492987
vt 0.960497 0.515156
vt 0.954323 0.501397
vt 0.949663 0.516754
vt 0.955690 0.527227
vt 0.966662 0.528247
vt 0.972757 0.535905
vt 0.960556 0.538155
vt 0.964585 0.544026
vt 0.955683 0.552900
vt 0.968159 0.562098
vt 0.950586 0.573431
vt 0.914924 0.560481
vt 0.911552 0.554654
vt 0.910065 0.571392
vt 0.901660 0.552158
vt 0.947501 0.561467
vt 0.936064 0.549777
vt 0.927476 0.559199
vt 0.919189 0.540767
vt 0.910986 0.545450
vt 0.926074 0.535243
vt 0.914979 0.531176
vt 0.909810 0.537835
vt 0.942886 0.538849
vt 0.931256 0.545718
vt 0.950935 0.532041
vt 0.928074 0.527372
vt 0.913831 0.525900
vt 0.904898 0.528858
vt 0.937499 0.520265
vt 0.923239 0.510823
vt 0.915440 0.509211
vt 0.909776 0.509529
vt 0.918713 0.487557
vt 0.909223 0.481725
vt 0.912466 0.463350
vt 0.901930 0.466358
vt 0.937482 0.505021
vt 0.931451 0.492037
vt 0.924102 0.459084
vt 0.901900 0.453737
vt 0.937427 0.452505
vt 0.911423 0.443707
vt 0.906900 0.428726
vt 0.899897 0.436035
vt 0.901626 0.477220
vt 0.900499 0.491914
vt 0.901978 0.505817
vt 0.904881 0.573604
vt 0.899437 0.569674
vt 0.916769 0.573314
vt 0.927416 0.581248
vt 0.933701 0.570450
vt 0.942237 0.589060
vt 0.955562 0.595615
vt 0.957946 0.581992
vt 0.972458 0.594527
vt 0.981061 0.608675
vt 0.980059 0.603796
vt 0.971678 0.606833
vt 0.986532 0.614065
vt 0.991427 0.608137
vt 0.993114 0.627361
vt 0.980817 0.625382
vt 0.981156 0.630093
vt 0.935517 0.628781
vt 0.917786 0.628725
vt 0.947618 0.632698
vt 0.968719 0.627728
vt 0.977786 0.621845
vt 0.959064 0.623607
vt 0.939232 0.623058
vt 0.973925 0.618233
vt 0.955182 0.618231
vt 0.972890 0.613397
vt 0.946812 0.614188
vt 0.948248 0.609083
vt 0.927558 0.617685
vt 0.923912 0.611063
vt 0.912806 0.615733
vt 0.960686 0.602693
vt 0.936092 0.605692
vt 0.936821 0.596853
vt 0.929287 0.603942
vt 0.920969 0.599143
vt 0.920450 0.589644
vt 0.910400 0.588944
vt 0.899886 0.583127
vt 0.900526 0.598695
vt 0.893048 0.591979
vt 0.905212 0.608274
vt 0.895636 0.608859
vt 0.899161 0.621043
vt 0.915089 0.609248
vt 0.915476 0.603917
vt 0.916780 0.621267
vt 0.920953 0.634781
vt 0.906497 0.633470
vt 0.916027 0.641777
vt 0.909006 0.629487
vt 0.907514 0.621145
vt 0.898384 0.627348
vt 0.906906 0.642154
vt 0.928098 0.640948
vt 0.950249 0.638646
vt 0.979340 0.639334
vt 0.966200 0.636681
vt 0.989248 0.636626
vt 0.970731 0.632425
vt 0.998483 0.648581
vt 0.998546 0.627469
vt 0.996712 0.643420
vt 0.993983 0.646717
vt 0.990272 0.619919
vt 0.983185 0.597079
vt 0.984620 0.587291
vt 0.989189 0.575382
vt 0.979890 0.576106
vt 0.998513 0.593624
vt 0.998484 0.573822
vt 0.994151 0.585598
vt 0.984480 0.562589
vt 0.972754 0.551414
vt 0.975302 0.567011
vt 0.984852 0.549235
vt 0.976447 0.543569
vt 0.990681 0.540098
vt 0.981051 0.536472
vt 0.986836 0.528709
vt 0.998417 0.531458
vt 0.994852 0.514800
vt 0.995014 0.530382
vt 0.998427 0.545794
vt 0.998432 0.505787
vt 0.994569 0.462491
vt 0.998472 0.457846
vt 0.998465 0.440881
vt 0.996450 0.454282
vt 0.996079 0.423247
vt 0.998461 0.424169
vt 0.993513 0.402346
vt 0.998431 0.398007
vt 0.998300 0.378761
vt 0.998283 0.349072
vt 0.996227 0.359535
vt 0.998266 0.324716
vt 0.998198 0.311077
vt 0.996212 0.279316
vt 0.996224 0.303044
vt 0.998128 0.261174
vt 0.998103 0.214791
vt 0.998135 0.240112
vt 0.998444 0.474049
vt 0.998440 0.485871
vt 0.998443 0.550044
vt 0.998452 0.562211
vt 0.998525 0.606450
vt 0.998536 0.618109
vt 0.983502 0.642643
vt 0.952095 0.646322
vt 0.979130 0.646781
vt 0.988890 0.648474
vt 0.940663 0.646304
vt 0.913440 0.646878
vt 0.895662 0.646371
vt 0.895088 0.636645
vt 0.893062 0.632717
vt 0.894872 0.631667
vt 0.893049 0.620035
vt 0.893075 0.608073
vt 0.895572 0.573740
vt 0.893031 0.574304
vt 0.893032 0.550553
vt 0.898067 0.552906
vt 0.899318 0.545281
vt 0.893004 0.543236
vt 0.895926 0.535927
vt 0.893059 0.531173
vt 0.895242 0.528647
vt 0.893049 0.510670
vt 0.893036 0.497350
vt 0.894882 0.482759
vt 0.893025 0.483437
vt 0.893108 0.462585
vt 0.895007 0.454257
vt 0.976865 0.527659
vt 0.968359 0.576635
vt 0.893110 0.423186
vt 0.978412 0.648510
vt 0.895507 0.648583
vt 0.912690 0.648560
vt 0.940136 0.648536
vt 0.950817 0.648537
vt 0.998108 0.205916
vt 0.989048 0.205907
vt 0.893292 0.206009
vt 0.901898 0.205939
vt 0.922313 0.205918
vt 0.941160 0.205893
vt 0.959958 0.205920
vt 0.892969 0.648494
vt 0.986044 0.649178
vt 0.997871 0.649243
vt 0.999449 0.623885
vt 0.999475 0.649072
vt 0.999334 0.606836
vt 0.999325 0.590976
vt 0.999344 0.579721
vt 0.892340 0.617588
vt 0.892282 0.632957
vt 0.892319 0.599108
vt 0.892293 0.575555
vt 0.954206 0.649250
vt 0.892086 0.646020
vt 0.999330 0.547960
vt 0.892276 0.553260
vt 0.892300 0.542028
vt 0.999313 0.535355
vt 0.930495 0.649242
vt 0.910218 0.649284
vt 0.894091 0.649319
vt 0.999286 0.517013
vt 0.999304 0.504444
vt 0.999306 0.492575
vt 0.999358 0.471535
vt 0.892075 0.649119
vt 0.999479 0.456688
vt 0.999475 0.423932
vt 0.892333 0.531639
vt 0.892336 0.504422
vt 0.999433 0.400527
vt 0.999314 0.389057
vt 0.892292 0.472627
vt 0.892448 0.458083
vt 0.993165 0.204799
vt 0.984479 0.204913
vt 0.971535 0.204865
vt 0.998173 0.204808
vt 0.933230 0.204832
vt 0.956421 0.204874
vt 0.892464 0.436164
vt 0.999211 0.376865
vt 0.999161 0.325848
vt 0.999017 0.305704
vt 0.999204 0.351202
vt 0.913479 0.204894
vt 0.901111 0.204909
vt 0.892416 0.421449
vt 0.892398 0.394457
vt 0.998954 0.267530
vt 0.893385 0.204999
vt 0.998771 0.204767
f 2071/5425 5359/5423 5360/5424
f 2071/5832 5456/5580 2059/5821
f 2071/5832 5360/5828 5456/5580
f 5359/5423 2089/5450 5283/5346
f 2071/5425 2089/5450 5359/5423
f 5283/5346 2089/5450 5281/5344
f 2089/5450 2090/5449 5281/5344
f 2090/5449 5284/5347 5281/5344
f 2090/5449 5285/5348 5284/5347
f 2090/5449 2091/5443 5285/5348
f 2091/5443 5292/5355 5285/5348
f 2091/5443 2082/5426 5292/5355
f 2082/5426 5291/5354 5292/5355
f 2082/5426 2081/5427 5291/5354
f 2081/5427 5290/5353 5291/5354
f 2081/5427 5289/5352 5290/5353
f 2081/5427 2066/5429 5289/5352
f 2066/5429 2064/5428 5289/5352
f 2064/5428 5293/5356 5289/5352
f 5293/5356 2065/5430 5295/5358
f 2064/5428 2065/5430 5293/5356
f 5295/5358 2065/5430 5296/5359
f 2065/5430 2072/5432 5296/5359
f 5296/5359 2073/5431 5297/5360
f 2072/5432 2073/5431 5296/5359
f 2073/5431 2074/5433 5297/5360
f 2074/5433 5298/5361 5297/5360
f 2074/5433 2070/5434 5298/5361
f 5298/5361 2070/5434 5299/5362
f 2070/5434 2069/5438 5299/5362
f 2069/5438 5300/5363 5299/5362
f 5300/5363 2069/5438 5301/5364
f 2069/5438 2048/5439 5301/5364
f 2048/5439 5302/5365 5301/5364
f 2048/5439 2047/5457 5302/5365
f 5302/5365 2047/5457 5304/5367
f 2047/5457 2046/5464 5304/5367
f 2046/5464 5305/5368 5304/5367
f 2046/5464 2043/5467 5305/5368
f 5305/5368 2043/5467 5306/5369
f 2043/5467 2056/5468 5306/5369
f 2056/5468 5307/5370 5306/5369
f 2056/5468 2053/5469 5307/5370
f 2053/5469 5309/5372 5307/5370
f 2053/5469 2054/5471 5309/5372
f 2054/5471 2055/5470 5309/5372
f 5309/5372 2055/5470 5310/5373
f 2055/5470 5311/5374 5310/5373
f 2055/5470 2058/5472 5311/5374
f 5311/5374 2058/5472 5312/5375
f 5312/5375 2057/5473 5313/5376
f 2058/5472 2057/5473 5312/5375
f 5313/5376 2057/5473 5314/5377
f 2057/5473 2068/5475 5314/5377
f 5314/5377 2067/5474 5315/5378
f 2068/5475 2067/5474 5314/5377
f 2067/5474 5316/5379 5315/5378
f 2067/5474 2049/5458 5316/5379
f 5316/5379 2049/5458 5317/5380
f 2049/5458 5341/5404 5317/5380
f 2049/5458 2061/5465 5341/5404
f 2061/5465 2076/5466 5341/5404
f 5341/5404 2076/5466 5319/5382
f 2076/5466 2075/5462 5319/5382
f 2075/5462 5320/5383 5319/5382
f 5320/5383 2075/5462 5321/5384
f 2075/5462 2062/5463 5321/5384
f 2062/5463 5325/5388 5321/5384
f 5360/5424 5359/5423 5354/5418
f 5360/5828 5354/5823 5456/5580
f 5285/5348 5292/5355 5286/5349
f 5292/5355 5291/5354 5286/5349
f 5286/5349 5291/5354 5287/5350
f 5287/5350 5290/5353 5288/5351
f 5291/5354 5290/5353 5287/5350
f 5290/5353 5289/5352 5288/5351
f 5293/5356 5295/5358 5294/5357
f 5294/5357 5295/5358 5269/5332
f 5295/5358 5296/5359 5269/5332
f 5296/5359 4918/4981 5269/5332
f 5296/5359 5297/5360 4918/4981
f 5297/5360 5298/5361 4870/4933
f 5298/5361 4871/4934 4870/4933
f 5298/5361 5299/5362 4871/4934
f 5299/5362 5300/5363 5267/5330
f 5267/5330 5300/5363 5266/5329
f 5300/5363 5301/5364 5266/5329
f 5301/5364 5302/5365 5264/5327
f 5302/5365 5303/5366 5264/5327
f 5302/5365 5304/5367 5303/5366
f 5304/5367 5305/5368 5303/5366
f 5303/5366 5305/5368 5261/5324
f 5305/5368 5306/5369 5261/5324
f 5261/5324 5306/5369 5259/5322
f 5259/5322 5306/5369 5260/5323
f 5306/5369 5307/5370 5260/5323
f 5260/5323 5307/5370 5308/5371
f 5307/5370 5309/5372 5308/5371
f 5309/5372 5310/5373 5256/5319
f 5315/5378 5316/5379 5244/5307
f 5317/5380 5341/5404 5318/5381
f 5341/5404 5319/5382 5318/5381
f 5321/5384 5325/5388 5324/5387
f 5456/5580 5354/5823 5451/5575
f 5359/5423 5280/5343 5354/5418
f 5359/5423 5283/5346 5280/5343
f 5283/5346 5281/5344 5280/5343
f 5281/5344 5279/5342 5280/5343
f 5281/5344 5282/5345 5279/5342
f 5281/5344 5284/5347 5282/5345
f 5285/5348 5286/5349 4998/5061
f 5286/5349 5287/5350 5002/5065
f 5287/5350 5288/5351 5004/5067
f 5288/5351 4953/5016 5004/5067
f 5288/5351 4950/5013 4953/5016
f 5288/5351 5289/5352 4950/5013
f 5289/5352 5293/5356 4950/5013
f 5293/5356 5294/5357 4950/5013
f 4920/4983 5294/5357 5269/5332
f 4917/4980 4918/4981 4915/4978
f 5269/5332 4918/4981 4917/4980
f 4918/4981 4914/4977 4915/4978
f 4918/4981 5297/5360 4914/4977
f 5297/5360 4912/4975 4914/4977
f 5297/5360 4870/4933 4912/4975
f 4870/4933 4871/4934 4869/4932
f 4871/4934 4872/4935 4869/4932
f 4872/4935 5299/5362 5268/5331
f 4871/4934 5299/5362 4872/4935
f 5268/5331 5299/5362 4878/4941
f 5299/5362 5267/5330 4878/4941
f 5267/5330 4880/4943 4878/4941
f 5267/5330 5266/5329 4880/4943
f 4880/4943 5266/5329 4881/4944
f 5266/5329 5301/5364 4881/4944
f 5301/5364 5263/5326 4881/4944
f 5301/5364 5264/5327 5263/5326
f 5263/5326 5264/5327 5083/5146
f 5264/5327 5303/5366 5083/5146
f 5083/5146 5303/5366 5084/5147
f 5084/5147 5261/5324 5086/5149
f 5303/5366 5261/5324 5084/5147
f 5261/5324 5262/5325 5086/5149
f 5261/5324 5259/5322 5262/5325
f 5260/5323 5308/5371 5093/5156
f 5093/5156 5308/5371 5257/5320
f 5308/5371 5309/5372 5257/5320
f 5257/5320 5309/5372 5255/5318
f 5255/5318 5256/5319 5253/5316
f 5309/5372 5256/5319 5255/5318
f 5256/5319 5310/5373 5253/5316
f 5311/5374 5312/5375 5249/5312
f 5249/5312 5312/5375 5313/5376
f 5313/5376 5248/5311 5140/5203
f 5313/5376 5314/5377 5248/5311
f 5316/5379 5216/5279 5244/5307
f 5316/5379 5317/5380 5216/5279
f 5317/5380 5318/5381 5216/5279
f 5318/5381 5319/5382 5219/5282
f 5319/5382 5228/5291 5219/5282
f 5319/5382 5320/5383 5228/5291
f 5320/5383 5321/5384 5243/5306
f 5321/5384 5323/5386 5322/5385
f 5321/5384 5324/5387 5323/5386
f 5324/5387 5349/5413 5323/5386
f 5324/5387 5325/5388 5349/5413
f 5282/5345 5284/5347 5270/5333
f 5284/5347 4998/5061 5270/5333
f 5284/5347 5285/5348 4998/5061
f 5286/5349 5002/5065 4998/5061
f 5002/5065 5287/5350 5004/5067
f 4920/4983 5269/5332 4917/4980
f 4914/4977 4912/4975 4911/4974
f 5259/5322 5260/5323 5093/5156
f 5253/5316 5310/5373 5251/5314
f 5313/5376 5140/5203 5249/5312
f 5314/5377 5315/5378 5247/5310
f 5315/5378 5245/5308 5247/5310
f 5315/5378 5244/5307 5245/5308
f 5318/5381 5219/5282 5216/5279
f 5228/5291 5320/5383 5243/5306
f 5321/5384 5322/5385 5243/5306
f 5354/5823 5353/5824 5451/5575
f 5354/5418 5278/5341 5353/5417
f 5354/5418 5280/5343 5278/5341
f 4998/5061 5002/5065 4997/5060
f 4997/5060 5002/5065 5001/5064
f 5001/5064 5004/5067 4952/5015
f 5002/5065 5004/5067 5001/5064
f 5004/5067 4953/5016 4952/5015
f 4953/5016 4951/5014 4952/5015
f 4953/5016 4950/5013 4951/5014
f 4951/5014 4950/5013 4949/5012
f 5294/5357 4920/4983 4950/5013
f 4920/4983 4917/4980 4919/4982
f 4917/4980 4915/4978 4916/4979
f 4911/4974 4912/4975 4909/4972
f 4912/4975 4870/4933 4868/4931
f 4870/4933 4869/4932 4868/4931
f 4869/4932 4872/4935 4867/4930
f 4867/4930 4872/4935 4873/4936
f 4872/4935 4874/4937 4873/4936
f 4872/4935 5268/5331 4874/4937
f 5268/5331 4878/4941 4874/4937
f 4878/4941 4880/4943 4879/4942
f 4880/4943 4881/4944 4879/4942
f 5084/5147 5086/5149 5085/5148
f 5086/5149 5262/5325 5087/5150
f 5262/5325 5259/5322 5089/5152
f 5259/5322 5094/5157 5089/5152
f 5259/5322 5093/5156 5094/5157
f 5093/5156 5095/5158 5094/5157
f 5093/5156 5097/5160 5095/5158
f 5093/5156 5127/5190 5097/5160
f 5093/5156 5257/5320 5127/5190
f 5127/5190 5257/5320 5258/5321
f 5257/5320 5255/5318 5258/5321
f 5251/5314 5310/5373 5250/5313
f 5310/5373 5311/5374 5136/5199
f 5311/5374 5249/5312 5136/5199
f 5138/5201 5249/5312 5140/5203
f 5248/5311 5314/5377 5143/5206
f 5314/5377 5247/5310 5143/5206
f 5247/5310 5245/5308 5246/5309
f 5246/5309 5244/5307 5208/5271
f 5245/5308 5244/5307 5246/5309
f 5244/5307 5213/5276 5208/5271
f 5244/5307 5216/5279 5213/5276
f 5216/5279 5215/5278 5213/5276
f 5216/5279 5219/5282 5215/5278
f 5215/5278 5219/5282 5218/5281
f 5218/5281 5228/5291 5227/5290
f 5219/5282 5228/5291 5218/5281
f 5228/5291 5243/5306 5227/5290
f 5322/5385 5323/5386 5326/5389
f 5326/5389 5323/5386 5327/5390
f 5327/5390 5349/5413 5348/5412
f 5323/5386 5349/5413 5327/5390
f 5451/5575 5353/5824 5450/5574
f 5280/5343 5279/5342 5278/5341
f 4916/4979 4915/4978 4910/4973
f 4915/4978 4914/4977 4910/4973
f 4874/4937 4878/4941 4877/4940
f 4878/4941 4879/4942 4877/4940
f 5087/5150 5262/5325 5089/5152
f 5140/5203 5248/5311 5139/5202
f 5282/5345 5270/5333 5007/5070
f 5007/5070 5270/5333 4996/5059
f 5270/5333 4998/5061 4996/5059
f 4996/5059 4998/5061 4997/5060
f 5001/5064 4952/5015 4957/5020
f 4952/5015 4951/5014 4948/5011
f 4950/5013 4921/4984 4949/5012
f 4950/5013 4920/4983 4921/4984
f 4921/4984 4920/4983 4919/4982
f 4919/4982 4917/4980 4916/4979
f 4914/4977 4911/4974 4910/4973
f 4868/4931 4869/4932 4867/4930
f 4881/4944 5263/5326 5265/5328
f 5265/5328 5083/5146 5047/5110
f 5263/5326 5083/5146 5265/5328
f 5083/5146 5048/5111 5047/5110
f 5083/5146 5084/5147 5048/5111
f 5084/5147 5081/5144 5048/5111
f 5084/5147 5085/5148 5081/5144
f 5086/5149 5087/5150 5085/5148
f 5258/5321 5255/5318 5130/5193
f 5255/5318 5253/5316 5130/5193
f 5253/5316 5251/5314 5254/5317
f 5250/5313 5310/5373 5136/5199
f 5249/5312 5138/5201 5136/5199
f 5138/5201 5140/5203 5139/5202
f 5143/5206 5247/5310 5144/5207
f 5247/5310 5246/5309 5144/5207
f 5326/5389 5327/5390 5322/5385
f 5353/5824 5352/5816 5450/5574
f 4997/5060 5001/5064 5000/5063
f 4951/5014 4949/5012 4948/5011
f 4916/4979 4910/4973 4927/4990
f 4911/4974 4909/4972 4910/4973
f 4909/4972 4912/4975 4913/4976
f 4912/4975 4868/4931 4913/4976
f 5089/5152 5094/5157 5090/5153
f 5090/5153 5094/5157 5092/5155
f 5094/5157 5095/5158 5092/5155
f 5092/5155 5095/5158 5097/5160
f 5130/5193 5253/5316 5254/5317
f 5139/5202 5248/5311 5143/5206
f 5144/5207 5246/5309 5206/5269
f 5215/5278 5218/5281 5217/5280
f 5218/5281 5227/5290 5217/5280
f 5243/5306 5242/5305 5241/5304
f 5243/5306 5322/5385 5242/5305
f 5242/5305 5322/5385 5328/5391
f 5322/5385 5327/5390 5328/5391
f 5353/5417 5277/5340 5352/5416
f 5353/5417 5278/5341 5277/5340
f 5278/5341 5022/5085 5277/5340
f 5278/5341 5279/5342 5022/5085
f 5022/5085 5282/5345 5271/5334
f 5279/5342 5282/5345 5022/5085
f 5282/5345 5007/5070 5271/5334
f 4949/5012 4946/5009 4948/5011
f 4921/4984 4919/4982 4922/4985
f 4922/4985 4916/4979 4925/4988
f 4919/4982 4916/4979 4922/4985
f 4916/4979 4926/4989 4925/4988
f 4916/4979 4927/4990 4926/4989
f 4927/4990 4910/4973 4929/4992
f 4910/4973 4909/4972 4908/4971
f 4868/4931 4867/4930 4865/4928
f 4865/4928 4867/4930 4866/4929
f 4867/4930 4873/4936 4866/4929
f 4866/4929 4874/4937 4875/4938
f 4873/4936 4874/4937 4866/4929
f 4874/4937 4876/4939 4875/4938
f 4874/4937 4877/4940 4876/4939
f 4876/4939 4877/4940 4882/4945
f 4877/4940 4879/4942 4882/4945
f 4879/4942 4881/4944 5030/5093
f 4881/4944 5034/5097 5030/5093
f 4881/4944 5265/5328 5034/5097
f 5034/5097 5265/5328 5036/5099
f 5265/5328 5047/5110 5036/5099
f 5047/5110 5037/5100 5036/5099
f 5047/5110 5045/5108 5037/5100
f 5047/5110 5046/5109 5045/5108
f 5047/5110 5048/5111 5046/5109
f 5048/5111 5081/5144 5082/5145
f 5081/5144 5080/5143 5082/5145
f 5081/5144 5085/5148 5080/5143
f 5085/5148 5056/5119 5080/5143
f 5085/5148 5087/5150 5056/5119
f 5056/5119 5087/5150 5088/5151
f 5087/5150 5089/5152 5088/5151
f 5089/5152 5090/5153 5088/5151
f 5127/5190 5258/5321 5128/5191
f 5128/5191 5130/5193 5129/5192
f 5258/5321 5130/5193 5128/5191
f 5254/5317 5251/5314 5252/5315
f 5251/5314 5250/5313 5252/5315
f 5250/5313 5133/5196 5252/5315
f 5250/5313 5136/5199 5133/5196
f 5136/5199 5138/5201 5137/5200
f 5138/5201 5139/5202 5137/5200
f 5139/5202 5143/5206 5142/5205
f 5142/5205 5143/5206 5144/5207
f 5206/5269 5246/5309 5208/5271
f 5208/5271 5213/5276 5210/5273
f 5213/5276 5215/5278 5214/5277
f 5215/5278 5217/5280 5214/5277
f 5214/5277 5217/5280 5226/5289
f 5227/5290 5229/5292 5217/5280
f 5227/5290 5243/5306 5229/5292
f 5000/5063 5001/5064 5003/5066
f 5001/5064 4957/5020 5003/5066
f 5048/5111 5082/5145 5049/5112
f 5130/5193 5254/5317 5129/5192
f 5139/5202 5141/5204 5137/5200
f 5208/5271 5210/5273 5209/5272
f 5210/5273 5213/5276 5212/5275
f 5229/5292 5243/5306 5241/5304
f 5328/5391 5348/5412 5347/5411
f 5327/5390 5348/5412 5328/5391
f 4997/5060 5000/5063 4999/5062
f 4999/5062 5000/5063 5003/5066
f 4957/5020 4952/5015 4954/5017
f 4952/5015 4948/5011 4954/5017
f 4948/5011 4946/5009 4947/5010
f 4949/5012 4921/4984 4946/5009
f 4908/4971 4909/4972 4907/4970
f 4909/4972 4913/4976 4907/4970
f 4913/4976 4868/4931 4888/4951
f 4868/4931 4865/4928 4861/4924
f 4866/4929 4875/4938 4863/4926
f 4882/4945 4879/4942 5029/5092
f 4879/4942 5030/5093 5029/5092
f 5133/5196 5136/5199 5135/5198
f 5136/5199 5137/5200 5135/5198
f 5139/5202 5142/5205 5141/5204
f 5007/5070 4996/5059 5006/5069
f 4910/4973 4908/4971 4929/4992
f 4907/4970 4913/4976 5026/5089
f 4868/4931 4861/4924 4888/4951
f 5048/5111 5049/5112 5046/5109
f 5090/5153 5092/5155 5091/5154
f 5092/5155 5097/5160 5096/5159
f 5128/5191 5129/5192 5125/5188
f 5254/5317 5252/5315 5129/5192
f 5252/5315 5133/5196 5155/5218
f 5206/5269 5208/5271 5207/5270
f 5208/5271 5209/5272 5207/5270
f 5214/5277 5226/5289 5223/5286
f 5241/5304 5242/5305 5240/5303
f 5242/5305 5328/5391 5240/5303
f 5352/5816 5351/5815 5450/5574
f 5022/5085 5271/5334 5008/5071
f 5271/5334 5007/5070 5008/5071
f 5007/5070 5006/5069 5008/5071
f 4996/5059 4997/5060 4995/5058
f 4995/5058 4997/5060 4999/5062
f 4947/5010 4946/5009 4945/5008
f 4921/4984 4922/4985 4923/4986
f 4922/4985 4925/4988 4924/4987
f 4913/4976 4888/4951 5026/5089
f 5055/5118 5080/5143 5056/5119
f 5056/5119 5088/5151 5091/5154
f 5142/5205 5144/5207 5147/5210
f 5144/5207 5206/5269 5147/5210
f 5206/5269 5207/5270 5205/5268
f 5212/5275 5213/5276 5214/5277
f 5217/5280 5229/5292 5226/5289
f 5352/5416 5277/5340 5351/5415
f 5006/5069 4996/5059 4994/5057
f 4946/5009 4923/4986 4945/5008
f 4946/5009 4921/4984 4923/4986
f 4927/4990 4929/4992 4928/4991
f 4876/4939 4882/4945 4884/4947
f 4882/4945 5031/5094 4884/4947
f 5031/5094 4882/4945 5029/5092
f 5030/5093 5034/5097 5033/5096
f 5036/5099 5037/5100 5035/5098
f 5037/5100 5044/5107 5035/5098
f 5037/5100 5045/5108 5044/5107
f 5082/5145 5080/5143 5055/5118
f 5155/5218 5133/5196 5134/5197
f 5133/5196 5135/5198 5134/5197
f 5141/5204 5142/5205 5145/5208
f 5241/5304 5240/5303 5238/5301
f 5329/5392 5347/5411 5346/5410
f 5328/5391 5347/5411 5329/5392
f 4996/5059 4995/5058 4994/5057
f 4954/5017 4948/5011 4955/5018
f 4948/5011 4947/5010 4955/5018
f 4923/4986 4922/4985 4924/4987
f 4924/4987 4925/4988 5023/5086
f 4925/4988 4926/4989 5023/5086
f 4926/4989 4927/4990 4928/4991
f 4907/4970 5026/5089 5027/5090
f 4865/4928 4866/4929 4864/4927
f 4866/4929 4863/4926 4864/4927
f 4863/4926 4875/4938 4876/4939
f 5034/5097 5036/5099 5035/5098
f 5088/5151 5090/5153 5091/5154
f 5092/5155 5096/5159 5091/5154
f 5097/5160 5101/5164 5096/5159
f 5097/5160 5127/5190 5101/5164
f 5131/5194 5129/5192 5132/5195
f 5129/5192 5252/5315 5132/5195
f 5132/5195 5252/5315 5155/5218
f 5135/5198 5137/5200 5149/5212
f 5142/5205 5147/5210 5146/5209
f 5147/5210 5206/5269 5205/5268
f 5205/5268 5207/5270 5184/5247
f 5184/5247 5209/5272 5204/5267
f 5207/5270 5209/5272 5184/5247
f 5277/5340 5022/5085 5276/5339
f 5003/5066 4957/5020 4958/5021
f 4957/5020 4956/5019 4958/5021
f 4957/5020 4954/5017 4956/5019
f 4956/5019 4954/5017 4955/5018
f 4929/4992 4908/4971 4906/4969
f 4908/4971 4907/4970 4906/4969
f 5046/5109 5049/5112 5050/5113
f 5049/5112 5082/5145 5051/5114
f 5082/5145 5055/5118 5051/5114
f 5184/5247 5204/5267 5183/5246
f 5241/5304 5238/5301 5230/5293
f 5328/5391 5329/5392 5240/5303
f 5351/5815 5350/5814 5450/5574
f 5351/5415 5277/5340 5350/5414
f 5276/5339 5022/5085 5021/5084
f 5022/5085 5008/5071 5021/5084
f 4923/4986 4924/4987 5023/5086
f 4926/4989 4928/4991 5023/5086
f 4928/4991 4929/4992 4906/4969
f 4861/4924 4865/4928 4862/4925
f 4865/4928 4864/4927 4862/4925
f 5049/5112 5051/5114 5050/5113
f 5101/5164 5127/5190 5103/5166
f 5127/5190 5128/5191 5103/5166
f 5125/5188 5129/5192 5131/5194
f 5132/5195 5155/5218 5154/5217
f 5155/5218 5134/5197 5153/5216
f 5145/5208 5142/5205 5146/5209
f 5229/5292 5241/5304 5230/5293
f 5350/5414 5277/5340 5276/5339
f 4945/5008 4923/4986 4944/5007
f 5026/5089 4888/4951 4890/4953
f 5030/5093 5033/5096 5029/5092
f 5034/5097 5035/5098 5038/5101
f 5056/5119 5091/5154 5060/5123
f 5091/5154 5079/5142 5060/5123
f 5091/5154 5096/5159 5079/5142
f 5137/5200 5145/5208 5149/5212
f 5137/5200 5141/5204 5145/5208
f 5205/5268 5184/5247 5180/5243
f 5209/5272 5210/5273 5204/5267
f 5223/5286 5226/5289 5222/5285
f 5238/5301 5240/5303 5239/5302
f 4999/5062 5003/5066 4981/5044
f 5023/5086 4928/4991 5024/5087
f 4862/4925 4864/4927 4863/4926
f 4863/4926 4876/4939 4883/4946
f 4876/4939 4884/4947 4883/4946
f 5031/5094 5029/5092 4837/4900
f 5029/5092 5033/5096 5032/5095
f 5033/5096 5034/5097 5038/5101
f 5050/5113 5051/5114 5052/5115
f 5051/5114 5055/5118 5052/5115
f 5103/5166 5128/5191 5126/5189
f 5126/5189 5125/5188 5123/5186
f 5128/5191 5125/5188 5126/5189
f 5123/5186 5125/5188 5124/5187
f 5125/5188 5131/5194 5124/5187
f 5155/5218 5153/5216 5154/5217
f 5135/5198 5149/5212 5134/5197
f 5146/5209 5147/5210 5174/5237
f 5147/5210 5205/5268 5174/5237
f 5180/5243 5184/5247 5183/5246
f 5214/5277 5223/5286 5221/5284
f 5221/5284 5223/5286 5222/5285
f 5222/5285 5226/5289 5225/5288
f 5226/5289 5229/5292 5225/5288
f 5229/5292 5230/5293 5225/5288
f 5350/5814 5452/5576 5450/5574
f 5008/5071 5006/5069 5009/5072
f 5006/5069 4994/5057 5009/5072
f 4995/5058 4999/5062 5005/5068
f 5024/5087 4928/4991 4931/4994
f 4928/4991 4930/4993 4931/4994
f 4928/4991 4906/4969 4930/4993
f 5035/5098 5044/5107 5039/5102
f 5045/5108 5046/5109 5044/5107
f 5052/5115 5055/5118 5053/5116
f 5053/5116 5055/5118 5054/5117
f 5096/5159 5101/5164 5099/5162
f 5154/5217 5153/5216 5156/5219
f 5153/5216 5134/5197 5150/5213
f 5150/5213 5134/5197 5149/5212
f 5205/5268 5180/5243 5174/5237
f 5240/5303 5329/5392 5239/5302
f 5350/5414 5276/5339 5358/5422
f 4999/5062 4981/5044 5005/5068
f 5003/5066 4958/5021 4981/5044
f 4947/5010 4945/5008 4964/5027
f 4945/5008 4944/5007 4964/5027
f 4944/5007 4923/4986 4943/5006
f 5027/5090 5026/5089 4890/4953
f 4888/4951 4889/4952 4890/4953
f 4888/4951 4861/4924 4889/4952
f 4862/4925 4863/4926 4859/4922
f 4883/4946 4884/4947 5028/5091
f 5028/5091 5031/5094 4835/4898
f 4884/4947 5031/5094 5028/5091
f 4835/4898 5031/5094 4837/4900
f 4837/4900 5029/5092 5032/5095
f 5039/5102 5044/5107 5041/5104
f 5046/5109 5050/5113 5044/5107
f 5055/5118 5056/5119 5054/5117
f 5056/5119 5060/5123 5057/5120
f 5079/5142 5096/5159 5098/5161
f 5096/5159 5099/5162 5098/5161
f 5131/5194 5132/5195 5124/5187
f 5124/5187 5132/5195 5157/5220
f 5149/5212 5145/5208 5148/5211
f 5183/5246 5204/5267 5182/5245
f 5204/5267 5210/5273 5182/5245
f 5212/5275 5214/5277 5221/5284
f 5222/5285 5225/5288 5224/5287
f 5225/5288 5230/5293 5231/5294
f 5230/5293 5238/5301 5231/5294
f 4964/5027 4944/5007 4943/5006
f 4943/5006 4923/4986 4942/5005
f 4923/4986 5023/5086 4942/5005
f 5023/5086 5024/5087 4942/5005
f 5032/5095 5033/5096 5038/5101
f 5035/5098 5039/5102 5038/5101
f 5044/5107 5050/5113 5041/5104
f 5054/5117 5056/5119 5057/5120
f 5132/5195 5154/5217 5157/5220
f 5154/5217 5156/5219 5157/5220
f 5148/5211 5145/5208 5146/5209
f 4955/5018 4961/5024 4956/5019
f 4955/5018 4947/5010 4961/5024
f 4942/5005 5024/5087 5025/5088
f 4862/4925 4859/4922 4861/4924
f 4859/4922 4863/4926 4885/4948
f 4885/4948 4883/4946 4886/4949
f 4863/4926 4883/4946 4885/4948
f 5039/5102 5041/5104 5040/5103
f 5050/5113 5052/5115 5041/5104
f 5101/5164 5103/5166 5102/5165
f 5153/5216 5150/5213 5156/5219
f 5175/5238 5146/5209 5174/5237
f 5221/5284 5222/5285 5200/5263
f 5222/5285 5224/5287 5200/5263
f 5224/5287 5225/5288 5231/5294
f 5231/5294 5238/5301 5233/5296
f 5239/5302 5329/5392 5330/5393
f 5329/5392 5346/5410 5330/5393
f 5276/5339 5021/5084 5275/5338
f 5008/5071 5009/5072 5010/5073
f 5005/5068 4981/5044 4992/5055
f 4943/5006 4942/5005 4941/5004
f 4930/4993 4906/4969 4905/4968
f 4906/4969 4907/4970 4904/4967
f 5157/5220 5156/5219 5159/5222
f 5149/5212 5148/5211 5150/5213
f 5148/5211 5146/5209 5173/5236
f 5174/5237 5180/5243 5179/5242
f 5180/5243 5183/5246 5182/5245
f 5210/5273 5212/5275 5211/5274
f 5197/5260 5221/5284 5200/5263
f 5231/5294 5233/5296 5232/5295
f 5350/5814 5358/5813 5452/5576
f 4994/5057 4995/5058 4993/5056
f 4995/5058 5005/5068 4993/5056
f 5005/5068 4992/5055 4993/5056
f 4958/5021 4956/5019 4959/5022
f 4947/5010 4964/5027 4961/5024
f 4907/4970 5027/5090 4904/4967
f 5038/5101 5039/5102 5040/5103
f 5060/5123 5059/5122 5057/5120
f 5059/5122 5079/5142 5063/5126
f 5060/5123 5079/5142 5059/5122
f 5079/5142 5098/5161 5063/5126
f 5099/5162 5100/5163 5098/5161
f 5099/5162 5101/5164 5100/5163
f 5123/5186 5124/5187 5122/5185
f 5124/5187 5157/5220 5122/5185
f 5146/5209 5175/5238 5173/5236
f 5210/5273 5211/5274 5182/5245
f 5212/5275 5220/5283 5211/5274
f 5212/5275 5221/5284 5220/5283
f 5221/5284 5197/5260 5220/5283
f 5200/5263 5224/5287 5199/5262
f 5224/5287 5232/5295 5198/5261
f 5224/5287 5231/5294 5232/5295
f 5238/5301 5239/5302 5237/5300
f 5330/5393 5346/5410 5345/5409
f 5358/5422 5276/5339 5275/5338
f 5021/5084 5008/5071 5010/5073
f 5009/5072 4994/5057 4991/5054
f 5025/5088 5024/5087 4931/4994
f 4931/4994 4930/4993 4905/4968
f 4906/4969 4904/4967 4905/4968
f 4883/4946 5028/5091 4886/4949
f 5052/5115 5065/5128 5041/5104
f 5052/5115 5053/5116 5066/5129
f 5053/5116 5054/5117 5058/5121
f 5103/5166 5126/5189 5102/5165
f 5157/5220 5159/5222 5158/5221
f 5159/5222 5156/5219 5160/5223
f 5175/5238 5174/5237 5177/5240
f 5177/5240 5174/5237 5179/5242
f 5239/5302 5330/5393 5237/5300
f 4958/5021 4959/5022 4981/5044
f 4941/5004 4942/5005 4940/5003
f 4942/5005 5025/5088 4940/5003
f 5027/5090 4891/4954 4904/4967
f 5027/5090 4890/4953 4891/4954
f 4889/4952 4861/4924 4860/4923
f 4861/4924 4859/4922 4860/4923
f 4885/4948 4887/4950 4858/4921
f 4885/4948 4886/4949 4887/4950
f 5028/5091 4835/4898 4886/4949
f 5054/5117 5057/5120 5058/5121
f 5059/5122 5063/5126 5062/5125
f 5062/5125 5063/5126 5078/5141
f 5063/5126 5098/5161 5078/5141
f 5100/5163 5101/5164 5102/5165
f 5158/5221 5159/5222 5160/5223
f 5156/5219 5150/5213 5152/5215
f 5180/5243 5182/5245 5181/5244
f 5199/5262 5224/5287 5198/5261
f 5233/5296 5238/5301 5237/5300
f 4994/5057 4993/5056 4991/5054
f 4959/5022 4956/5019 4960/5023
f 4956/5019 4961/5024 4960/5023
f 4961/5024 4943/5006 4963/5026
f 4964/5027 4943/5006 4961/5024
f 4890/4953 4889/4952 4891/4954
f 4885/4948 4858/4921 4859/4922
f 5032/5095 5038/5101 4836/4899
f 5038/5101 5040/5103 4836/4899
f 5052/5115 5066/5129 5065/5128
f 5122/5185 5157/5220 5158/5221
f 5160/5223 5156/5219 5152/5215
f 5148/5211 5173/5236 5151/5214
f 5173/5236 5175/5238 5151/5214
f 5179/5242 5180/5243 5181/5244
f 5197/5260 5200/5263 5199/5262
f 5237/5300 5330/5393 5331/5394
f 5330/5393 5345/5409 5331/5394
f 4991/5054 4993/5056 4992/5055
f 4961/5024 4963/5026 4962/5025
f 4943/5006 4941/5004 4963/5026
f 4891/4954 4889/4952 4892/4955
f 5098/5161 5100/5163 5077/5140
f 5119/5182 5160/5223 5161/5224
f 5158/5221 5160/5223 5119/5182
f 5150/5213 5148/5211 5151/5214
f 5151/5214 5175/5238 5172/5235
f 5179/5242 5181/5244 5185/5248
f 5233/5296 5237/5300 5235/5298
f 5010/5073 5009/5072 5011/5074
f 5009/5072 4991/5054 5011/5074
f 4962/5025 4963/5026 4965/5028
f 4941/5004 4940/5003 4939/5002
f 4940/5003 5025/5088 4936/4999
f 5025/5088 4931/4994 4936/4999
f 4931/4994 4932/4995 4936/4999
f 4931/4994 4905/4968 4932/4995
f 4932/4995 4905/4968 4933/4996
f 4860/4923 4859/4922 4857/4920
f 5040/5103 5041/5104 5043/5106
f 5041/5104 5065/5128 5043/5106
f 5066/5129 5053/5116 5064/5127
f 5053/5116 5058/5121 5064/5127
f 5057/5120 5059/5122 5058/5121
f 5126/5189 5123/5186 5111/5174
f 5121/5184 5122/5185 5120/5183
f 5122/5185 5158/5221 5120/5183
f 5160/5223 5152/5215 5162/5225
f 5233/5296 5235/5298 5234/5297
f 5331/5394 5345/5409 5344/5408
f 5275/5338 5021/5084 5018/5081
f 5021/5084 5010/5073 5018/5081
f 5010/5073 5011/5074 5020/5083
f 4992/5055 4989/5052 4991/5054
f 4981/5044 4959/5022 4980/5043
f 4980/5043 4959/5022 4979/5042
f 4959/5022 4960/5023 4979/5042
f 4960/5023 4961/5024 4962/5025
f 4966/5029 4941/5004 4939/5002
f 4933/4996 4905/4968 4903/4966
f 4905/4968 4904/4967 4903/4966
f 4903/4966 4904/4967 4891/4954
f 4857/4920 4859/4922 4858/4921
f 4855/4918 4886/4949 4854/4917
f 4886/4949 4835/4898 4854/4917
f 4835/4898 4837/4900 4836/4899
f 4837/4900 5032/5095 4836/4899
f 4836/4899 5040/5103 4844/4907
f 4844/4907 5040/5103 5043/5106
f 5098/5161 5077/5140 5078/5141
f 5077/5140 5100/5163 5104/5167
f 5100/5163 5102/5165 5104/5167
f 5102/5165 5126/5189 5111/5174
f 5111/5174 5123/5186 5122/5185
f 5182/5245 5211/5274 5202/5265
f 5220/5283 5197/5260 5201/5264
f 5197/5260 5198/5261 5201/5264
f 5197/5260 5199/5262 5198/5261
f 5233/5296 5234/5297 5232/5295
f 5358/5422 5275/5338 5274/5337
f 5020/5083 5011/5074 5013/5076
f 4992/5055 4982/5045 4989/5052
f 4992/5055 4981/5044 4982/5045
f 4960/5023 4962/5025 4977/5040
f 4963/5026 4941/5004 4966/5029
f 4940/5003 4936/4999 4937/5000
f 4936/4999 4935/4998 4937/5000
f 4892/4955 4889/4952 4893/4956
f 4889/4952 4860/4923 4893/4956
f 4854/4917 4835/4898 4838/4901
f 4835/4898 4836/4899 4838/4901
f 5058/5121 5061/5124 5064/5127
f 5058/5121 5059/5122 5061/5124
f 5059/5122 5062/5125 5061/5124
f 5062/5125 5078/5141 5075/5138
f 5111/5174 5122/5185 5121/5184
f 5158/5221 5119/5182 5120/5183
f 5152/5215 5150/5213 5151/5214
f 5151/5214 5172/5235 5165/5228
f 5177/5240 5179/5242 5178/5241
f 5179/5242 5185/5248 5178/5241
f 5182/5245 5202/5265 5181/5244
f 5211/5274 5220/5283 5202/5265
f 5235/5298 5237/5300 5236/5299
f 5237/5300 5331/5394 5236/5299
f 5358/5813 5417/5541 5452/5576
f 5358/5813 5357/5818 5417/5541
f 5358/5422 5274/5337 5357/5421
f 5275/5338 5018/5081 5274/5337
f 5018/5081 5010/5073 5020/5083
f 4936/4999 4932/4995 4935/4998
f 4860/4923 4857/4920 4893/4956
f 4857/4920 4858/4921 4855/4918
f 4858/4921 4887/4950 4855/4918
f 4887/4950 4886/4949 4855/4918
f 5075/5138 5078/5141 5077/5140
f 5102/5165 5111/5174 5108/5171
f 5111/5174 5121/5184 5109/5172
f 5160/5223 5162/5225 5161/5224
f 5220/5283 5201/5264 5202/5265
f 5011/5074 5012/5075 5013/5076
f 5011/5074 4991/5054 5012/5075
f 4981/5044 4980/5043 4982/5045
f 4891/4954 4892/4955 4902/4965
f 5066/5129 5064/5127 5065/5128
f 5061/5124 5062/5125 5074/5137
f 5062/5125 5075/5138 5074/5137
f 5077/5140 5104/5167 5340/5403
f 5108/5171 5111/5174 5109/5172
f 5162/5225 5152/5215 5164/5227
f 5164/5227 5152/5215 5165/5228
f 5152/5215 5151/5214 5165/5228
f 5165/5228 5172/5235 5169/5232
f 5172/5235 5175/5238 5169/5232
f 5175/5238 5176/5239 5169/5232
f 5175/5238 5177/5240 5176/5239
f 5177/5240 5178/5241 5176/5239
f 5185/5248 5181/5244 5178/5241
f 5201/5264 5203/5266 5202/5265
f 5201/5264 5198/5261 5203/5266
f 5236/5299 5331/5394 5332/5395
f 5331/5394 5344/5408 5332/5395
f 5012/5075 4991/5054 4990/5053
f 4991/5054 4989/5052 4990/5053
f 4980/5043 4979/5042 4978/5041
f 4979/5042 4960/5023 4977/5040
f 4962/5025 4965/5028 4977/5040
f 4965/5028 4963/5026 4966/5029
f 4935/4998 4932/4995 4934/4997
f 4932/4995 4933/4996 4903/4966
f 4903/4966 4891/4954 4902/4965
f 4844/4907 5043/5106 5042/5105
f 5075/5138 5077/5140 5076/5139
f 5077/5140 5340/5403 5076/5139
f 5109/5172 5121/5184 5112/5175
f 5120/5183 5119/5182 5115/5178
f 5119/5182 5117/5180 5115/5178
f 5119/5182 5161/5224 5117/5180
f 5161/5224 5162/5225 5117/5180
f 5178/5241 5181/5244 5187/5250
f 5187/5250 5181/5244 5202/5265
f 5203/5266 5198/5261 5193/5256
f 5198/5261 5232/5295 5193/5256
f 5232/5295 5234/5297 5193/5256
f 4982/5045 4980/5043 4983/5046
f 4980/5043 4978/5041 4983/5046
f 4978/5041 4979/5042 4977/5040
f 4977/5040 4965/5028 4968/5031
f 4966/5029 4939/5002 4967/5030
f 4940/5003 4937/5000 4939/5002
f 4838/4901 4836/4899 4839/4902
f 4836/4899 4844/4907 4839/4902
f 5043/5106 5065/5128 5042/5105
f 5061/5124 5074/5137 5068/5131
f 5068/5131 5075/5138 5073/5136
f 5074/5137 5075/5138 5068/5131
f 5075/5138 5076/5139 5073/5136
f 5112/5175 5121/5184 5113/5176
f 5120/5183 5115/5178 5121/5184
f 5163/5226 5162/5225 5164/5227
f 5164/5227 5165/5228 5166/5229
f 5166/5229 5165/5228 5168/5231
f 5165/5228 5169/5232 5168/5231
f 5169/5232 5176/5239 5171/5234
f 5171/5234 5176/5239 5186/5249
f 5176/5239 5178/5241 5186/5249
f 5178/5241 5187/5250 5186/5249
f 5187/5250 5202/5265 5189/5252
f 5020/5083 5013/5076 5018/5081
f 4965/5028 4966/5029 4967/5030
f 4932/4995 4903/4966 4934/4997
f 4893/4956 4857/4920 4856/4919
f 4857/4920 4855/4918 4856/4919
f 4856/4919 4855/4918 4853/4916
f 4853/4916 4854/4917 4840/4903
f 4855/4918 4854/4917 4853/4916
f 4854/4917 4838/4901 4840/4903
f 4844/4907 4843/4906 4839/4902
f 5065/5128 5064/5127 5067/5130
f 5106/5169 5102/5165 5108/5171
f 5104/5167 5102/5165 5106/5169
f 5168/5231 5169/5232 5170/5233
f 5169/5232 5171/5234 5170/5233
f 5187/5250 5189/5252 5188/5251
f 5202/5265 5203/5266 5189/5252
f 5235/5298 5236/5299 5333/5396
f 5236/5299 5332/5395 5333/5396
f 5333/5396 5344/5408 5343/5407
f 5332/5395 5344/5408 5333/5396
f 5274/5337 5272/5335 5357/5421
f 5274/5337 5018/5081 5272/5335
f 5013/5076 5014/5077 5018/5081
f 5013/5076 5012/5075 5014/5077
f 5014/5077 4990/5053 5015/5078
f 5012/5075 4990/5053 5014/5077
f 4990/5053 4988/5051 5015/5078
f 4990/5053 4989/5052 4988/5051
f 4988/5051 4989/5052 4984/5047
f 4989/5052 4982/5045 4984/5047
f 4965/5028 4967/5030 4968/5031
f 4939/5002 4938/5001 4967/5030
f 4939/5002 4937/5000 4938/5001
f 4937/5000 4935/4998 4938/5001
f 4938/5001 4935/4998 4934/4997
f 4934/4997 4903/4966 4901/4964
f 4903/4966 4902/4965 4901/4964
f 4901/4964 4902/4965 4894/4957
f 4902/4965 4892/4955 4894/4957
f 4892/4955 4856/4919 4894/4957
f 4892/4955 4893/4956 4856/4919
f 4838/4901 4839/4902 4840/4903
f 4843/4906 4844/4907 4845/4908
f 4844/4907 5042/5105 4845/4908
f 5042/5105 5065/5128 4845/4908
f 5065/5128 5067/5130 4845/4908
f 5064/5127 5061/5124 5067/5130
f 5061/5124 5068/5131 5067/5130
f 5073/5136 5076/5139 5105/5168
f 5121/5184 5115/5178 5113/5176
f 5117/5180 5162/5225 5118/5181
f 5162/5225 5163/5226 5118/5181
f 5163/5226 5164/5227 5166/5229
f 5186/5249 5187/5250 5188/5251
f 5189/5252 5203/5266 5191/5254
f 5234/5297 5235/5298 5194/5257
f 5235/5298 5333/5396 5194/5257
f 5357/5818 5355/5817 5417/5541
f 5357/5421 5272/5335 5355/5419
f 5272/5335 5018/5081 5017/5080
f 4967/5030 4938/5001 4969/5032
f 4856/4919 4895/4958 4894/4957
f 4856/4919 4853/4916 4895/4958
f 4840/4903 4839/4902 4841/4904
f 5340/5403 5104/5167 5076/5139
f 5106/5169 5108/5171 5107/5170
f 5108/5171 5109/5172 5107/5170
f 5113/5176 5115/5178 5114/5177
f 5114/5177 5115/5178 5116/5179
f 5115/5178 5117/5180 5116/5179
f 5117/5180 5118/5181 5116/5179
f 5163/5226 5166/5229 5336/5399
f 5171/5234 5334/5397 5170/5233
f 5171/5234 5186/5249 5334/5397
f 5186/5249 5335/5398 5334/5397
f 5186/5249 5188/5251 5335/5398
f 5189/5252 5190/5253 5188/5251
f 5191/5254 5203/5266 5193/5256
f 5018/5081 5014/5077 5017/5080
f 4982/5045 4983/5046 4984/5047
f 4978/5041 4976/5039 4983/5046
f 4978/5041 4977/5040 4976/5039
f 4977/5040 4968/5031 4976/5039
f 4967/5030 4969/5032 4968/5031
f 4938/5001 4970/5033 4969/5032
f 4938/5001 4934/4997 4970/5033
f 4934/4997 4971/5034 4970/5033
f 4971/5034 4934/4997 4901/4964
f 5076/5139 5104/5167 5105/5168
f 5118/5181 5163/5226 5336/5399
f 5336/5399 5166/5229 5337/5400
f 5191/5254 5193/5256 5192/5255
f 5234/5297 5194/5257 5193/5256
f 5333/5396 5343/5407 5342/5405
f 5355/5817 5414/5538 5417/5541
f 5355/5419 5272/5335 5273/5336
f 5272/5335 5019/5082 5273/5336
f 5272/5335 5017/5080 5019/5082
f 5019/5082 5017/5080 5016/5079
f 5017/5080 5014/5077 5016/5079
f 5014/5077 5015/5078 5016/5079
f 5015/5078 4987/5050 5016/5079
f 5015/5078 4988/5051 4987/5050
f 4988/5051 4984/5047 4987/5050
f 4984/5047 4983/5046 4985/5048
f 4983/5046 4976/5039 4985/5048
f 4976/5039 4968/5031 4975/5038
f 4969/5032 4974/5037 4968/5031
f 4969/5032 4970/5033 4974/5037
f 4971/5034 4900/4963 4970/5033
f 4971/5034 4901/4964 4900/4963
f 4901/4964 4899/4962 4900/4963
f 4901/4964 4894/4957 4899/4962
f 4894/4957 4896/4959 4899/4962
f 4894/4957 4895/4958 4896/4959
f 4895/4958 4852/4915 4896/4959
f 4895/4958 4853/4916 4852/4915
f 4853/4916 4840/4903 4852/4915
f 4852/4915 4840/4903 4851/4914
f 4840/4903 4841/4904 4851/4914
f 4841/4904 4842/4905 4851/4914
f 4841/4904 4839/4902 4842/4905
f 4839/4902 4843/4906 4842/4905
f 4843/4906 4846/4909 4842/4905
f 4843/4906 4845/4908 4846/4909
f 4846/4909 4845/4908 4847/4910
f 4847/4910 4845/4908 5069/5132
f 4845/4908 5067/5130 5069/5132
f 5069/5132 5067/5130 5070/5133
f 5067/5130 5068/5131 5070/5133
f 5068/5131 5073/5136 5070/5133
f 5073/5136 5105/5168 5070/5133
f 5104/5167 5106/5169 5105/5168
f 5107/5170 5109/5172 5110/5173
f 5109/5172 5112/5175 5110/5173
f 5112/5175 5113/5176 5110/5173
f 5110/5173 5113/5176 5114/5177
f 5116/5179 5339/5402 5114/5177
f 5116/5179 5118/5181 5339/5402
f 5118/5181 5336/5399 5339/5402
f 5337/5400 5166/5229 5338/5401
f 5338/5401 5166/5229 5167/5230
f 5166/5229 5168/5231 5167/5230
f 5168/5231 5170/5233 5167/5230
f 5170/5233 5334/5397 5167/5230
f 5335/5398 5188/5251 5190/5253
f 5190/5253 5189/5252 5191/5254
f 5193/5256 5194/5257 5192/5255
f 5333/5396 5342/5405 5194/5257
f 5342/5405 5343/5407 4392/5406
f 5355/5817 5356/5827 5414/5538
f 5355/5419 5273/5336 5356/5420
f 4987/5050 4984/5047 4986/5049
f 4984/5047 4985/5048 4986/5049
f 4986/5049 4985/5048 4976/5039
f 4968/5031 4974/5037 4975/5038
f 4975/5038 4974/5037 4973/5036
f 4974/5037 4970/5033 4973/5036
f 4973/5036 4970/5033 4972/5035
f 4970/5033 4900/4963 4972/5035
f 4900/4963 4898/4961 4972/5035
f 4900/4963 4899/4962 4898/4961
f 4898/4961 4896/4959 4897/4960
f 4899/4962 4896/4959 4898/4961
f 4896/4959 4852/4915 4897/4960
f 4852/4915 4851/4914 4897/4960
f 4851/4914 4842/4905 4850/4913
f 4842/4905 4849/4912 4850/4913
f 4842/4905 4848/4911 4849/4912
f 4842/4905 4846/4909 4848/4911
f 4846/4909 4847/4910 4848/4911
f 4847/4910 5069/5132 5071/5134
f 5071/5134 5069/5132 5072/5135
f 5069/5132 5070/5133 5072/5135
f 5072/5135 5070/5133 5105/5168
f 5191/5254 5192/5255 5195/5258
f 5192/5255 5194/5257 5195/5258
f 5195/5258 5194/5257 5196/5259
f 5194/5257 4392/5406 5196/5259
f 5194/5257 5342/5405 4392/5406
f 5414/5538 4362/5831 4345/5830
f 5356/5827 4362/5831 5414/5538
f 5356/5420 4361/5442 4362/5452
f 5356/5420 5273/5336 4361/5442
f 4345/4345 4361/4361 4116/4116
f 4362/4362 4361/4361 4345/4345
f 4361/5442 5019/5082 4360/5441
f 5273/5336 5019/5082 4361/5442
f 4116/4116 4360/4360 4114/4114
f 4361/4361 4360/4360 4116/4116
f 5019/5082 5016/5079 4360/5441
f 4360/4360 4174/4174 4114/4114
f 5016/5079 4363/5451 4360/5441
f 4360/4360 4363/4363 4174/4174
f 4363/4363 4175/4175 4174/4174
f 4363/5451 4987/5050 4364/5435
f 5016/5079 4987/5050 4363/5451
f 4363/4363 4364/4364 4175/4175
f 4987/5050 4986/5049 4364/5435
f 4364/4364 4176/4176 4175/4175
f 4364/5435 4986/5049 4365/5440
f 4364/4364 4365/4365 4176/4176
f 4986/5049 4976/5039 4365/5440
f 4365/4365 4177/4177 4176/4176
f 4365/5440 4975/5038 4353/5455
f 4976/5039 4975/5038 4365/5440
f 4365/4365 4353/4353 4177/4177
f 4177/4177 4353/4353 4178/4178
f 4178/4178 4353/4353 4179/4179
f 4353/5455 4973/5036 4357/5453
f 4975/5038 4973/5036 4353/5455
f 4353/4353 4357/4357 4179/4179
f 4179/4179 4357/4357 4058/4058
f 4357/5453 4972/5035 4358/5454
f 4973/5036 4972/5035 4357/5453
f 4357/4357 4358/4358 4058/4058
f 4358/4358 4060/4060 4058/4058
f 4972/5035 4898/4961 4358/5454
f 4358/4358 4180/4180 4060/4060
f 4898/4961 4356/5446 4358/5454
f 4358/4358 4356/4356 4180/4180
f 4898/4961 4897/4960 4356/5446
f 4180/4180 4356/4356 4181/4181
f 4897/4960 4355/5447 4356/5446
f 4356/4356 4355/4355 4181/4181
f 4897/4960 4354/5448 4355/5447
f 4897/4960 4851/4914 4354/5448
f 4181/4181 4354/4354 4182/4182
f 4355/4355 4354/4354 4181/4181
f 4182/4182 4354/4354 4183/4183
f 4851/4914 4338/5436 4354/5448
f 4851/4914 4850/4913 4338/5436
f 4354/4354 4338/4338 4183/4183
f 4183/4183 4338/4338 4184/4184
f 4850/4913 4849/4912 4338/5436
f 4338/5436 4849/4912 4337/5437
f 4338/4338 4185/4185 4184/4184
f 4338/4338 4337/4337 4185/4185
f 4849/4912 4848/4911 4337/5437
f 4337/5437 4848/4911 4336/5444
f 4337/4337 4336/4336 4185/4185
f 4185/4185 4336/4336 4186/4186
f 4848/4911 4847/4910 4336/5444
f 4847/4910 4335/5445 4336/5444
f 4336/4336 4335/4335 4186/4186
f 4847/4910 5071/5134 4335/5445
f 4335/4335 4187/4187 4186/4186
f 5071/5134 4309/5456 4335/5445
f 4335/4335 4309/4309 4187/4187
f 4309/4309 4188/4188 4187/4187
f 5071/5134 5072/5135 4309/5456
f 4188/4188 4309/4309 4189/4189
f 5072/5135 4343/5459 4309/5456
f 4189/4189 4343/4343 4190/4190
f 4309/4309 4343/4343 4189/4189
f 5072/5135 4342/5460 4343/5459
f 4343/4343 4342/4342 4190/4190
f 5072/5135 5105/5168 4342/5460
f 4342/4342 4191/4191 4190/4190
f 5105/5168 5106/5169 4342/5460
f 4342/4342 4192/4192 4191/4191
f 5106/5169 4340/5461 4342/5460
f 4342/4342 4340/4340 4192/4192
f 5106/5169 5107/5170 4340/5461
f 5107/5170 5110/5173 4340/5461
f 4340/4340 4193/4193 4192/4192
f 5110/5173 5114/5177 4340/5461
f 5114/5177 4341/5476 4340/5461
f 4340/4340 4194/4194 4193/4193
f 4340/4340 4341/4341 4194/4194
f 4194/4194 4341/4341 4195/4195
f 5114/5177 5339/5402 4341/5476
f 5339/5402 5336/5399 4341/5476
f 5336/5399 4339/5480 4341/5476
f 4341/4341 4196/4196 4195/4195
f 4341/4341 4339/4339 4196/4196
f 5336/5399 5337/5400 4339/5480
f 5337/5400 5338/5401 4339/5480
f 4339/4339 4197/4197 4196/4196
f 5338/5401 5167/5230 4339/5480
f 4339/5480 5167/5230 4351/5483
f 4339/4339 4198/4198 4197/4197
f 4339/4339 4351/4351 4198/4198
f 4351/5483 5167/5230 4352/5478
f 4198/4198 4352/4352 4199/4199
f 4351/4351 4352/4352 4198/4198
f 5167/5230 5334/5397 4352/5478
f 5334/5397 5335/5398 4352/5478
f 4352/4352 4200/4200 4199/4199
f 4352/5478 5335/5398 4349/5479
f 4352/4352 4349/4349 4200/4200
f 4349/4349 4201/4201 4200/4200
f 5335/5398 5190/5253 4349/5479
f 4349/5479 5190/5253 4348/5477
f 4349/4349 4348/4348 4201/4201
f 5190/5253 5191/5254 4348/5477
f 4201/4201 4348/4348 4202/4202
f 5191/5254 4350/5481 4348/5477
f 4348/4348 4350/4350 4202/4202
f 5191/5254 5195/5258 4350/5481
f 4202/4202 4350/4350 4203/4203
f 4350/5481 5195/5258 4334/5482
f 4350/4350 4334/4334 4203/4203
f 5195/5258 5196/5259 4334/5482
f 4334/4334 4330/4330 4203/4203
f 4334/5482 4392/5406 4366/5484
f 5196/5259 4392/5406 4334/5482
f 4334/4334 4366/4366 4330/4330
f 2059/5821 5455/5579 1008/5820
f 2059/5821 5456/5580 5455/5579
f 5456/5580 5451/5575 5455/5579
f 5451/5575 5450/5574 5449/5573
f 5449/5573 5450/5574 5448/5572
f 5450/5574 5452/5576 5448/5572
f 5448/5572 5452/5576 5418/5542
f 5452/5576 5417/5541 5418/5542
f 5417/5541 5416/5540 5418/5542
f 5417/5541 5412/5536 5416/5540
f 5417/5541 5414/5538 5412/5536
f 5414/5538 4345/5830 4347/5829
f 4345/4345 4346/4346 4347/4347
f 4345/4345 4173/4173 4346/4346
f 4345/4345 4116/4116 4173/4173
f 4177/4177 4178/4178 4063/4063
f 4179/4179 4058/4058 4062/4062
f 4058/4058 4060/4060 4059/4059
f 4060/4060 4180/4180 4056/4056
f 4180/4180 4054/4054 4056/4056
f 4180/4180 4181/4181 4054/4054
f 4181/4181 4055/4055 4054/4054
f 4181/4181 4182/4182 4055/4055
f 4182/4182 4183/4183 3240/3240
f 3240/3240 4183/4183 4184/4184
f 4184/4184 4185/4185 4050/4050
f 4185/4185 4049/4049 4050/4050
f 4185/4185 4186/4186 4049/4049
f 4048/4048 4186/4186 4187/4187
f 4192/4192 4193/4193 4040/4040
f 4195/4195 4196/4196 3774/3774
f 4196/4196 4197/4197 4034/4034
f 4201/4201 4202/4202 4028/4028
f 4203/4203 4204/4204 4026/4026
f 4203/4203 4330/4330 4204/4204
f 5455/5579 5451/5575 5454/5578
f 5449/5573 5447/5571 5451/5575
f 5447/5571 5448/5572 5446/5570
f 5449/5573 5448/5572 5447/5571
f 5448/5572 5418/5542 5446/5570
f 5446/5570 5418/5542 5445/5569
f 5445/5569 5418/5542 5419/5543
f 5418/5542 5416/5540 5419/5543
f 4173/4173 4116/4116 4115/4115
f 4116/4116 4114/4114 4115/4115
f 4174/4174 4175/4175 2641/2641
f 4175/4175 4064/4064 2641/2641
f 4175/4175 3026/3026 4064/4064
f 4175/4175 4176/4176 3026/3026
f 4176/4176 2618/2618 3026/3026
f 4176/4176 4177/4177 2618/2618
f 4177/4177 4063/4063 2618/2618
f 4178/4178 2608/2608 4063/4063
f 4178/4178 4179/4179 2608/2608
f 2608/2608 4179/4179 2607/2607
f 4179/4179 4062/4062 2607/2607
f 4062/4062 4058/4058 4061/4061
f 4059/4059 4057/4057 4058/4058
f 4057/4057 4060/4060 2327/2327
f 4059/4059 4060/4060 4057/4057
f 4060/4060 4056/4056 2327/2327
f 4056/4056 4054/4054 2328/2328
f 4054/4054 4053/4053 2328/2328
f 4054/4054 4055/4055 4053/4053
f 4055/4055 4182/4182 4053/4053
f 4053/4053 4182/4182 3240/3240
f 3240/3240 3238/3238 3239/3239
f 3240/3240 4184/4184 3238/3238
f 4049/4049 4186/4186 3620/3620
f 4187/4187 4188/4188 4046/4046
f 4189/4189 4190/4190 4043/4043
f 4191/4191 4192/4192 3628/3628
f 4192/4192 4040/4040 4041/4041
f 4193/4193 4194/4194 4038/4038
f 4194/4194 4036/4036 4038/4038
f 3774/3774 4196/4196 4034/4034
f 4197/4197 4198/4198 4031/4031
f 4198/4198 4199/4199 4031/4031
f 4199/4199 4200/4200 4031/4031
f 4200/4200 4030/4030 4031/4031
f 4200/4200 4201/4201 4030/4030
f 4030/4030 4201/4201 4028/4028
f 4202/4202 4203/4203 4027/4027
f 4203/4203 4026/4026 4027/4027
f 4026/4026 4204/4204 4025/4025
f 4025/4025 4204/4204 4205/4205
f 4204/4204 4329/4329 4205/4205
f 4204/4204 4330/4330 4329/4329
f 5453/5577 5451/5575 5447/5571
f 5412/5536 5414/5538 5413/5537
f 5414/5538 4347/5829 5413/5537
f 4347/4347 4346/4346 4315/4315
f 4346/4346 4173/4173 4315/4315
f 4115/4115 4114/4114 4113/4113
f 4113/4113 4114/4114 2642/2642
f 4114/4114 4174/4174 2642/2642
f 2642/2642 2641/2641 2640/2640
f 4174/4174 2641/2641 2642/2642
f 2618/2618 4063/4063 2610/2610
f 4063/4063 2608/2608 2610/2610
f 2327/2327 4056/4056 2328/2328
f 4053/4053 3240/3240 3236/3236
f 3240/3240 3239/3239 3236/3236
f 3238/3238 4184/4184 4050/4050
f 4186/4186 4048/4048 3620/3620
f 4187/4187 4046/4046 4048/4048
f 4046/4046 4188/4188 4045/4045
f 4188/4188 4189/4189 4045/4045
f 4045/4045 4189/4189 4043/4043
f 4043/4043 4190/4190 4042/4042
f 4190/4190 3628/3628 4042/4042
f 4190/4190 4191/4191 3628/3628
f 3628/3628 4192/4192 4041/4041
f 4040/4040 4193/4193 4038/4038
f 4036/4036 4195/4195 4035/4035
f 4194/4194 4195/4195 4036/4036
f 4195/4195 3774/3774 4035/4035
f 4034/4034 4197/4197 3777/3777
f 4197/4197 4033/4033 3777/3777
f 4197/4197 4031/4031 4033/4033
f 4011/4011 4030/4030 4028/4028
f 4202/4202 4027/4027 4028/4028
f 5454/5578 5451/5575 5453/5577
f 5447/5571 5461/5585 5453/5577
f 5447/5571 5446/5570 5444/5568
f 5444/5568 5446/5570 5445/5569
f 5445/5569 5419/5543 5420/5544
f 5419/5543 5416/5540 5420/5544
f 4113/4113 2642/2642 4065/4065
f 2640/2640 2641/2641 2637/2637
f 2641/2641 4064/4064 2637/2637
f 2637/2637 3026/3026 2619/2619
f 4064/4064 3026/3026 2637/2637
f 2619/2619 3026/3026 2618/2618
f 2618/2618 2610/2610 2615/2615
f 2608/2608 2607/2607 2606/2606
f 2607/2607 4062/4062 2332/2332
f 4062/4062 4061/4061 2332/2332
f 4061/4061 4058/4058 2331/2331
f 2331/2331 4057/4057 2326/2326
f 4058/4058 4057/4057 2331/2331
f 4057/4057 2327/2327 2326/2326
f 2327/2327 2325/2325 2326/2326
f 2327/2327 2328/2328 2325/2325
f 2325/2325 2328/2328 3044/3044
f 2328/2328 3227/3227 3044/3044
f 2328/2328 4053/4053 3227/3227
f 3227/3227 4053/4053 3229/3229
f 4053/4053 3236/3236 3229/3229
f 3236/3236 3239/3239 3238/3238
f 4052/4052 4050/4050 4236/4236
f 3238/3238 4050/4050 4052/4052
f 4050/4050 4049/4049 4051/4051
f 3620/3620 4048/4048 4047/4047
f 4048/4048 4046/4046 4047/4047
f 4046/4046 4045/4045 4047/4047
f 4045/4045 4043/4043 4044/4044
f 4043/4043 4042/4042 4044/4044
f 4042/4042 3628/3628 3629/3629
f 3628/3628 3630/3630 3629/3629
f 3628/3628 4041/4041 3630/3630
f 4041/4041 4040/4040 3639/3639
f 4038/4038 4036/4036 4039/4039
f 4039/4039 4036/4036 4037/4037
f 4036/4036 4035/4035 4037/4037
f 4035/4035 3774/3774 3772/3772
f 3774/3774 3773/3773 3772/3772
f 3774/3774 4034/4034 3773/3773
f 4034/4034 3775/3775 3773/3773
f 4034/4034 3777/3777 3775/3775
f 4033/4033 4031/4031 4032/4032
f 4031/4031 4030/4030 4032/4032
f 4032/4032 4030/4030 4011/4011
f 4014/4014 4028/4028 4029/4029
f 4028/4028 4027/4027 4029/4029
f 4027/4027 4024/4024 4029/4029
f 4027/4027 4026/4026 4024/4024
f 4026/4026 4025/4025 4024/4024
f 1008/5820 5455/5579 5534/5658
f 5534/5658 5455/5579 5458/5582
f 5455/5579 5457/5581 5458/5582
f 5455/5579 5454/5578 5457/5581
f 5454/5578 5453/5577 5457/5581
f 5461/5585 5447/5571 5463/5587
f 5447/5571 5444/5568 5463/5587
f 5413/5537 4347/5829 4316/5806
f 4347/4347 4315/4315 4316/4316
f 4315/4315 4173/4173 4120/4120
f 4173/4173 4115/4115 4120/4120
f 4061/4061 2331/2331 2332/2332
f 3236/3236 3238/3238 3237/3237
f 3238/3238 3241/3241 3237/3237
f 3238/3238 4052/4052 3241/3241
f 4050/4050 4051/4051 4236/4236
f 4051/4051 4049/4049 3619/3619
f 4049/4049 3620/3620 3619/3619
f 4047/4047 4045/4045 4044/4044
f 4041/4041 3639/3639 3637/3637
f 4040/4040 4038/4038 3639/3639
f 4038/4038 4039/4039 3639/3639
f 4028/4028 4014/4014 4011/4011
f 1008/5820 5534/5658 1009/5819
f 5444/5568 5445/5569 5441/5565
f 5445/5569 5420/5544 5441/5565
f 5420/5544 5416/5540 5421/5545
f 4120/4120 4115/4115 4117/4117
f 4115/4115 4113/4113 4117/4117
f 2642/2642 2640/2640 2639/2639
f 2640/2640 2637/2637 2639/2639
f 2619/2619 2618/2618 2617/2617
f 2618/2618 2615/2615 2617/2617
f 2610/2610 2611/2611 2615/2615
f 2607/2607 2603/2603 2606/2606
f 2607/2607 2333/2333 2603/2603
f 2607/2607 2332/2332 2333/2333
f 3044/3044 3227/3227 3226/3226
f 3229/3229 3236/3236 3231/3231
f 3236/3236 3237/3237 3231/3231
f 3619/3619 3620/3620 3618/3618
f 3620/3620 4047/4047 3621/3621
f 3621/3621 4047/4047 3623/3623
f 4044/4044 4042/4042 3632/3632
f 4042/4042 3629/3629 3632/3632
f 4041/4041 3637/3637 3630/3630
f 4037/4037 4035/4035 3772/3772
f 3775/3775 3777/3777 3776/3776
f 4033/4033 4032/4032 3869/3869
f 4029/4029 4024/4024 4016/4016
f 5457/5581 5453/5577 5460/5584
f 5453/5577 5461/5585 5460/5584
f 5421/5545 5416/5540 5415/5539
f 5416/5540 5412/5536 5415/5539
f 4315/4315 4120/4120 4316/4316
f 2642/2642 2639/2639 4065/4065
f 2637/2637 2619/2619 2620/2620
f 2615/2615 2611/2611 2614/2614
f 2610/2610 2609/2609 2611/2611
f 2610/2610 2608/2608 2609/2609
f 2332/2332 2330/2330 2333/2333
f 2332/2332 2331/2331 2330/2330
f 2331/2331 2326/2326 2330/2330
f 2326/2326 2325/2325 2324/2324
f 2324/2324 2325/2325 2321/2321
f 2325/2325 3044/3044 2321/2321
f 3044/3044 3226/3226 2321/2321
f 3226/3226 3227/3227 3228/3228
f 3227/3227 3229/3229 3228/3228
f 3620/3620 3621/3621 3618/3618
f 4047/4047 4044/4044 3625/3625
f 3632/3632 3629/3629 3630/3630
f 3630/3630 3637/3637 3638/3638
f 3637/3637 3639/3639 3638/3638
f 4039/4039 4037/4037 4227/4227
f 3773/3773 3775/3775 3779/3779
f 3779/3779 3775/3775 3776/3776
f 3777/3777 4033/4033 3778/3778
f 3869/3869 4032/4032 3871/3871
f 4032/4032 4010/4010 3871/3871
f 4032/4032 4011/4011 4010/4010
f 4010/4010 4011/4011 4008/4008
f 4011/4011 4014/4014 4008/4008
f 4014/4014 4009/4009 4008/4008
f 4009/4009 4014/4014 4012/4012
f 4205/4205 4329/4329 4325/4325
f 5463/5587 5444/5568 5443/5567
f 5444/5568 5441/5565 5443/5567
f 5441/5565 5420/5544 5422/5546
f 5420/5544 5421/5545 5422/5546
f 4117/4117 4113/4113 4068/4068
f 4113/4113 4065/4065 4068/4068
f 2639/2639 2637/2637 2638/2638
f 2609/2609 2608/2608 2605/2605
f 2608/2608 2606/2606 2605/2605
f 2606/2606 2603/2603 2605/2605
f 2330/2330 2326/2326 2329/2329
f 2329/2329 2326/2326 2324/2324
f 4052/4052 4236/4236 3243/3243
f 3621/3621 3623/3623 3622/3622
f 3623/3623 4047/4047 3625/3625
f 3639/3639 4039/4039 4227/4227
f 3772/3772 3773/3773 3771/3771
f 3773/3773 3779/3779 3771/3771
f 3777/3777 3778/3778 3776/3776
f 4033/4033 3869/3869 3778/3778
f 5443/5567 5441/5565 5438/5562
f 5441/5565 5440/5564 5438/5562
f 5441/5565 5422/5546 5440/5564
f 4068/4068 4065/4065 3025/3025
f 2619/2619 2617/2617 2620/2620
f 2617/2617 2615/2615 2616/2616
f 2615/2615 2614/2614 2616/2616
f 2611/2611 2609/2609 2612/2612
f 2321/2321 3226/3226 2319/2319
f 3229/3229 3224/3224 3228/3228
f 3229/3229 3230/3230 3224/3224
f 3229/3229 3231/3231 3230/3230
f 3231/3231 3237/3237 3232/3232
f 3237/3237 3241/3241 3234/3234
f 3241/3241 3242/3242 3234/3234
f 3241/3241 4052/4052 3242/3242
f 4236/4236 4051/4051 3243/3243
f 3619/3619 3618/3618 3570/3570
f 3618/3618 3621/3621 3622/3622
f 4044/4044 3632/3632 3627/3627
f 3639/3639 3641/3641 3638/3638
f 3779/3779 3776/3776 3781/3781
f 3781/3781 3776/3776 3782/3782
f 3776/3776 3778/3778 3782/3782
f 4012/4012 4014/4014 4013/4013
f 4014/4014 4029/4029 4013/4013
f 4029/4029 4016/4016 4013/4013
f 4016/4016 4023/4023 4021/4021
f 4016/4016 4024/4024 4023/4023
f 4024/4024 4025/4025 4023/4023
f 5412/5536 5413/5537 5411/5535
f 5413/5537 4316/5806 5411/5535
f 4316/4316 4120/4120 4119/4119
f 4120/4120 4117/4117 4119/4119
f 2617/2617 2616/2616 2622/2622
f 2614/2614 2611/2611 2613/2613
f 2613/2613 2611/2611 2612/2612
f 2609/2609 2605/2605 2612/2612
f 3570/3570 3618/3618 3616/3616
f 3639/3639 4227/4227 4226/4226
f 4037/4037 3772/3772 4228/4228
f 3869/3869 3871/3871 3870/3870
f 4025/4025 4205/4205 4206/4206
f 4205/4205 4325/4325 4206/4206
f 5457/5581 5460/5584 5459/5583
f 5438/5562 5440/5564 5439/5563
f 5415/5539 5412/5536 5410/5534
f 5412/5536 5411/5535 5410/5534
f 2639/2639 2638/2638 2643/2643
f 2638/2638 2637/2637 2636/2636
f 2637/2637 2620/2620 2636/2636
f 2614/2614 2613/2613 2616/2616
f 2612/2612 2605/2605 2604/2604
f 2605/2605 2603/2603 2604/2604
f 2603/2603 2333/2333 2334/2334
f 2333/2333 2330/2330 2334/2334
f 2330/2330 2335/2335 2334/2334
f 2329/2329 2324/2324 2336/2336
f 2324/2324 2321/2321 2323/2323
f 3230/3230 3231/3231 3232/3232
f 3242/3242 4052/4052 3235/3235
f 4052/4052 3243/3243 3235/3235
f 3625/3625 4044/4044 3627/3627
f 3632/3632 3630/3630 3631/3631
f 4226/4226 4227/4227 3644/3644
f 4227/4227 4037/4037 3644/3644
f 3772/3772 3769/3769 4228/4228
f 3772/3772 3771/3771 3769/3769
f 3869/3869 3870/3870 3778/3778
f 5460/5584 5461/5585 5462/5586
f 5421/5545 5415/5539 5424/5548
f 5415/5539 5425/5549 5424/5548
f 5415/5539 5410/5534 5425/5549
f 5411/5535 4316/5806 4317/5805
f 4316/4316 4119/4119 4317/4317
f 2643/2643 2638/2638 2644/2644
f 2638/2638 2636/2636 2644/2644
f 2620/2620 2617/2617 2621/2621
f 2617/2617 2622/2622 2621/2621
f 2622/2622 2616/2616 2621/2621
f 2612/2612 2604/2604 2613/2613
f 2604/2604 2603/2603 2602/2602
f 2330/2330 2336/2336 2335/2335
f 2330/2330 2329/2329 2336/2336
f 2336/2336 2324/2324 2323/2323
f 3226/3226 3228/3228 2319/2319
f 3232/3232 3237/3237 3234/3234
f 3243/3243 4051/4051 3245/3245
f 4051/4051 3619/3619 3245/3245
f 3618/3618 3622/3622 3616/3616
f 3622/3622 3623/3623 3624/3624
f 3623/3623 3625/3625 3624/3624
f 3627/3627 3632/3632 3631/3631
f 3630/3630 3638/3638 3636/3636
f 3636/3636 3638/3638 3641/3641
f 3641/3641 3639/3639 4226/4226
f 3779/3779 3781/3781 3780/3780
f 4009/4009 4012/4012 4013/4013
f 4025/4025 4206/4206 4023/4023
f 1009/5819 5534/5658 1010/5808
f 5458/5582 5457/5581 5459/5583
f 5459/5583 5460/5584 5529/5653
f 5460/5584 5462/5586 5529/5653
f 5422/5546 5421/5545 5423/5547
f 4119/4119 4117/4117 4118/4118
f 4117/4117 4068/4068 4118/4118
f 4065/4065 2639/2639 3025/3025
f 3769/3769 3771/3771 3770/3770
f 3779/3779 3780/3780 3771/3771
f 3782/3782 3778/3778 3784/3784
f 3778/3778 3870/3870 3784/3784
f 5463/5587 5443/5567 5464/5588
f 5421/5545 5424/5548 5423/5547
f 2620/2620 2621/2621 2634/2634
f 2616/2616 2613/2613 2623/2623
f 2613/2613 2604/2604 2623/2623
f 2604/2604 2602/2602 2625/2625
f 2602/2602 2603/2603 2601/2601
f 2603/2603 2334/2334 2601/2601
f 3235/3235 3243/3243 3244/3244
f 3619/3619 3570/3570 3245/3245
f 3622/3622 3624/3624 3616/3616
f 4037/4037 4228/4228 3644/3644
f 3780/3780 3781/3781 3783/3783
f 3781/3781 3782/3782 3783/3783
f 3784/3784 3870/3870 3868/3868
f 3870/3870 3871/3871 3868/3868
f 4008/4008 4009/4009 4007/4007
f 4009/4009 4013/4013 4007/4007
f 4013/4013 4016/4016 4015/4015
f 5461/5585 5463/5587 5462/5586
f 5464/5588 5443/5567 5437/5561
f 5440/5564 5422/5546 5442/5566
f 3025/3025 2639/2639 2643/2643
f 2621/2621 2616/2616 2623/2623
f 2602/2602 2601/2601 2600/2600
f 2601/2601 2334/2334 2359/2359
f 2334/2334 2335/2335 2359/2359
f 3230/3230 3232/3232 3223/3223
f 3570/3570 3616/3616 3617/3617
f 3624/3624 3614/3614 3616/3616
f 3631/3631 3630/3630 3634/3634
f 3634/3634 3630/3630 3636/3636
f 4226/4226 3645/3645 3641/3641
f 4226/4226 3644/3644 3645/3645
f 3771/3771 3780/3780 3770/3770
f 3783/3783 3782/3782 3784/3784
f 3871/3871 4010/4010 3873/3873
f 4010/4010 4008/4008 3873/3873
f 4016/4016 4021/4021 4015/4015
f 4021/4021 4023/4023 4022/4022
f 2634/2634 2621/2621 2633/2633
f 2621/2621 2623/2623 2633/2633
f 2623/2623 2604/2604 2624/2624
f 2625/2625 2602/2602 2600/2600
f 2335/2335 2336/2336 2337/2337
f 2323/2323 2321/2321 2322/2322
f 2318/2318 2319/2319 2317/2317
f 2317/2317 2319/2319 3225/3225
f 2319/2319 3228/3228 3225/3225
f 3228/3228 2304/2304 3225/3225
f 3228/3228 3224/3224 2304/2304
f 2305/2305 3224/3224 3223/3223
f 3224/3224 3230/3230 3223/3223
f 3243/3243 3245/3245 3244/3244
f 3627/3627 3631/3631 3610/3610
f 3631/3631 3634/3634 3633/3633
f 4013/4013 4015/4015 4017/4017
f 4015/4015 4021/4021 4018/4018
f 5443/5567 5438/5562 5437/5561
f 5411/5535 4317/5805 4318/5804
f 2636/2636 2646/2646 2644/2644
f 2636/2636 2620/2620 2634/2634
f 2359/2359 2335/2335 2337/2337
f 2337/2337 2336/2336 2338/2338
f 2338/2338 2336/2336 2322/2322
f 2336/2336 2323/2323 2322/2322
f 2322/2322 2321/2321 2320/2320
f 2320/2320 2319/2319 2318/2318
f 2321/2321 2319/2319 2320/2320
f 3624/3624 3625/3625 3612/3612
f 3625/3625 3626/3626 3612/3612
f 3625/3625 3627/3627 3626/3626
f 3626/3626 3627/3627 3610/3610
f 3610/3610 3631/3631 3633/3633
f 3636/3636 3641/3641 3640/3640
f 3868/3868 3871/3871 3872/3872
f 5462/5586 5463/5587 5464/5588
f 4068/4068 3025/3025 3024/3024
f 2646/2646 2636/2636 2647/2647
f 2636/2636 2635/2635 2647/2647
f 2636/2636 2634/2634 2635/2635
f 2634/2634 2632/2632 2635/2635
f 2632/2632 2634/2634 2633/2633
f 2604/2604 2625/2625 2624/2624
f 3224/3224 2305/2305 2304/2304
f 3234/3234 3242/3242 3235/3235
f 3633/3633 3634/3634 3635/3635
f 3634/3634 3636/3636 3635/3635
f 3636/3636 3642/3642 3635/3635
f 3636/3636 3640/3640 3642/3642
f 3641/3641 3645/3645 3640/3640
f 3644/3644 3646/3646 3645/3645
f 3868/3868 3786/3786 3784/3784
f 4007/4007 4013/4013 4005/4005
f 4005/4005 4013/4013 4017/4017
f 4023/4023 4206/4206 4022/4022
f 4206/4206 4325/4325 4326/4326
f 5458/5582 5459/5583 5530/5654
f 5462/5586 5466/5590 5529/5653
f 5462/5586 5464/5588 5466/5590
f 5439/5563 5440/5564 5442/5566
f 4317/4317 4119/4119 4121/4121
f 4119/4119 4118/4118 4121/4121
f 3025/3025 2643/2643 3024/3024
f 2359/2359 2337/2337 2357/2357
f 2357/2357 2337/2337 2358/2358
f 2358/2358 2338/2338 3042/3042
f 2337/2337 2338/2338 2358/2358
f 2338/2338 2322/2322 2339/2339
f 2322/2322 2340/2340 2339/2339
f 2317/2317 3225/3225 2304/2304
f 3233/3233 3234/3234 3235/3235
f 3235/3235 3248/3248 3249/3249
f 3235/3235 3244/3244 3248/3248
f 3248/3248 3244/3244 3246/3246
f 3244/3244 3245/3245 3246/3246
f 3245/3245 3247/3247 3246/3246
f 3245/3245 3570/3570 3247/3247
f 3570/3570 3617/3617 3571/3571
f 3616/3616 3614/3614 3617/3617
f 3769/3769 3770/3770 3768/3768
f 3871/3871 3873/3873 3872/3872
f 3873/3873 4008/4008 3875/3875
f 4021/4021 4022/4022 4018/4018
f 5438/5562 5436/5560 5437/5561
f 5438/5562 5439/5563 5436/5560
f 5442/5566 5422/5546 5427/5551
f 5422/5546 5423/5547 5427/5551
f 4317/4317 4121/4121 4318/4318
f 2632/2632 2633/2633 2630/2630
f 2633/2633 2623/2623 2630/2630
f 2359/2359 2357/2357 2360/2360
f 2338/2338 2339/2339 3042/3042
f 2322/2322 2320/2320 2340/2340
f 3232/3232 3233/3233 3223/3223
f 3232/3232 3234/3234 3233/3233
f 3617/3617 3614/3614 3571/3571
f 3614/3614 3624/3624 3612/3612
f 4228/4228 3769/3769 3767/3767
f 3769/3769 3768/3768 3767/3767
f 3783/3783 3784/3784 3794/3794
f 3868/3868 3872/3872 3789/3789
f 1010/5808 5534/5658 5533/5657
f 5534/5658 5458/5582 5533/5657
f 5459/5583 5529/5653 5530/5654
f 5464/5588 5437/5561 5465/5589
f 5410/5534 5411/5535 5408/5532
f 5411/5535 4318/5804 5408/5532
f 4121/4121 4118/4118 4066/4066
f 4066/4066 4068/4068 4067/4067
f 4118/4118 4068/4068 4066/4066
f 4068/4068 3024/3024 4067/4067
f 2600/2600 2601/2601 2361/2361
f 2601/2601 2359/2359 2361/2361
f 2359/2359 2360/2360 2361/2361
f 3223/3223 3233/3233 2306/2306
f 3770/3770 3780/3780 3783/3783
f 3794/3794 3784/3784 3785/3785
f 3786/3786 3868/3868 3789/3789
f 3875/3875 4007/4007 3874/3874
f 3875/3875 4008/4008 4007/4007
f 4017/4017 4018/4018 4019/4019
f 4015/4015 4018/4018 4017/4017
f 4018/4018 4022/4022 4020/4020
f 4022/4022 4206/4206 4020/4020
f 4206/4206 4326/4326 4020/4020
f 3024/3024 2643/2643 2651/2651
f 2644/2644 2646/2646 2645/2645
f 2635/2635 2632/2632 2631/2631
f 2624/2624 2625/2625 2626/2626
f 2361/2361 2360/2360 2362/2362
f 2358/2358 3042/3042 3041/3041
f 2305/2305 3223/3223 2306/2306
f 3570/3570 3571/3571 3247/3247
f 3633/3633 3609/3609 3610/3610
f 3642/3642 3643/3643 3600/3600
f 3642/3642 3640/3640 3643/3643
f 3770/3770 3783/3783 3768/3768
f 3784/3784 3786/3786 3785/3785
f 3873/3873 3875/3875 3874/3874
f 1010/5808 5533/5657 1011/5809
f 5439/5563 5442/5566 5436/5560
f 2635/2635 2631/2631 2647/2647
f 2632/2632 2630/2630 2631/2631
f 2623/2623 2624/2624 2630/2630
f 2625/2625 2600/2600 2599/2599
f 2600/2600 2361/2361 2599/2599
f 2357/2357 2358/2358 2356/2356
f 3042/3042 2339/2339 3041/3041
f 2340/2340 2320/2320 2342/2342
f 2318/2318 2317/2317 2302/2302
f 3248/3248 3246/3246 3252/3252
f 3252/3252 3246/3246 3247/3247
f 3247/3247 3571/3571 3572/3572
f 3571/3571 3614/3614 3615/3615
f 3614/3614 3612/3612 3615/3615
f 3633/3633 3635/3635 3609/3609
f 3635/3635 3642/3642 3602/3602
f 3646/3646 3644/3644 3650/3650
f 3650/3650 4228/4228 3765/3765
f 3644/3644 4228/4228 3650/3650
f 3767/3767 3768/3768 3766/3766
f 3768/3768 3783/3783 3793/3793
f 3793/3793 3783/3783 3794/3794
f 4018/4018 4020/4020 4019/4019
f 5529/5653 5466/5590 5528/5652
f 5423/5547 5424/5548 5427/5551
f 4067/4067 3024/3024 4070/4070
f 2643/2643 2645/2645 2651/2651
f 2643/2643 2644/2644 2645/2645
f 3041/3041 2339/2339 3043/3043
f 2317/2317 2304/2304 2302/2302
f 2304/2304 2305/2305 2303/2303
f 3235/3235 3249/3249 3233/3233
f 3571/3571 3573/3573 3572/3572
f 3602/3602 3642/3642 3600/3600
f 3765/3765 4228/4228 3767/3767
f 3768/3768 3796/3796 3766/3766
f 3785/3785 3786/3786 3787/3787
f 3872/3872 3873/3873 3874/3874
f 4007/4007 4005/4005 4006/4006
f 4005/4005 4017/4017 4004/4004
f 5533/5657 5458/5582 5532/5656
f 5458/5582 5530/5654 5532/5656
f 5466/5590 5464/5588 5465/5589
f 5437/5561 5436/5560 5435/5559
f 5425/5549 5410/5534 5409/5533
f 5410/5534 5408/5532 5409/5533
f 4318/4318 4121/4121 4314/4314
f 2645/2645 2646/2646 2648/2648
f 2648/2648 2646/2646 2647/2647
f 2624/2624 2626/2626 2629/2629
f 2358/2358 3041/3041 2356/2356
f 3041/3041 3043/3043 2356/2356
f 3043/3043 2339/2339 2341/2341
f 2339/2339 2340/2340 2341/2341
f 2341/2341 2340/2340 2342/2342
f 2342/2342 2320/2320 2343/2343
f 2320/2320 2300/2300 2343/2343
f 2320/2320 2318/2318 2300/2300
f 2318/2318 2302/2302 2300/2300
f 2304/2304 2303/2303 2302/2302
f 2305/2305 2306/2306 2303/2303
f 3247/3247 3572/3572 3252/3252
f 3612/3612 3626/3626 3611/3611
f 3626/3626 3610/3610 3611/3611
f 3610/3610 3609/3609 3611/3611
f 3794/3794 3785/3785 3793/3793
f 3789/3789 3872/3872 3792/3792
f 3874/3874 4007/4007 4006/4006
f 4017/4017 4019/4019 4003/4003
f 1011/5809 5533/5657 999/5825
f 5465/5589 5437/5561 5435/5559
f 4070/4070 3024/3024 2652/2652
f 3024/3024 2651/2651 2652/2652
f 2626/2626 2625/2625 2599/2599
f 2306/2306 3233/3233 2310/2310
f 3233/3233 3249/3249 3250/3250
f 3249/3249 3248/3248 3251/3251
f 3251/3251 3248/3248 3252/3252
f 3571/3571 3615/3615 3573/3573
f 3640/3640 3645/3645 3643/3643
f 3643/3643 3645/3645 3646/3646
f 3786/3786 3789/3789 3788/3788
f 3789/3789 3792/3792 3790/3790
f 4019/4019 4020/4020 4002/4002
f 4020/4020 4326/4326 4327/4327
f 999/5825 5533/5657 2108/5798
f 5530/5654 5529/5653 5527/5651
f 5529/5653 5528/5652 5527/5651
f 5436/5560 5442/5566 5434/5558
f 4314/4314 4121/4121 4122/4122
f 4121/4121 4066/4066 4122/4122
f 2648/2648 2647/2647 2649/2649
f 2649/2649 2647/2647 2631/2631
f 2630/2630 2624/2624 2629/2629
f 2362/2362 2360/2360 2355/2355
f 2360/2360 2357/2357 2355/2355
f 2357/2357 2356/2356 2355/2355
f 2356/2356 3043/3043 2353/2353
f 3043/3043 2341/2341 2353/2353
f 2302/2302 2303/2303 2301/2301
f 2310/2310 3233/3233 3222/3222
f 3233/3233 3250/3250 3222/3222
f 3250/3250 3249/3249 3251/3251
f 3252/3252 3569/3569 3251/3251
f 3569/3569 3252/3252 3568/3568
f 3252/3252 3572/3572 3568/3568
f 3768/3768 3793/3793 3796/3796
f 2108/5798 5533/5657 5535/5659
f 5533/5657 5532/5656 5535/5659
f 2645/2645 2648/2648 2651/2651
f 2631/2631 2630/2630 2628/2628
f 2599/2599 2361/2361 2596/2596
f 3564/3564 3573/3573 3565/3565
f 3572/3572 3573/3573 3564/3564
f 3573/3573 3615/3615 3575/3575
f 3575/3575 3615/3615 3577/3577
f 3600/3600 3643/3643 3599/3599
f 3643/3643 3646/3646 3648/3648
f 3648/3648 3646/3646 3649/3649
f 3646/3646 3650/3650 3649/3649
f 3765/3765 3767/3767 3766/3766
f 3787/3787 3786/3786 3788/3788
f 3788/3788 3789/3789 3790/3790
f 3872/3872 3874/3874 3876/3876
f 4004/4004 4017/4017 3998/3998
f 4017/4017 4003/4003 3998/3998
f 4002/4002 4020/4020 4207/4207
f 4020/4020 4327/4327 4207/4207
f 5435/5559 5436/5560 5434/5558
f 5442/5566 5427/5551 5430/5554
f 2631/2631 2628/2628 2649/2649
f 2628/2628 2630/2630 2629/2629
f 2361/2361 2362/2362 3027/3027
f 2355/2355 2356/2356 2353/2353
f 2306/2306 2307/2307 2303/2303
f 3568/3568 3572/3572 3566/3566
f 3615/3615 3612/3612 3613/3613
f 3612/3612 3611/3611 3613/3613
f 3611/3611 3609/3609 3608/3608
f 936/936 2108/2108 2107/2107
f 999/999 2108/2108 936/936
f 2108/5798 5535/5659 2107/5792
f 2651/2651 2648/2648 2650/2650
f 2650/2650 2648/2648 2649/2649
f 2628/2628 2626/2626 2627/2627
f 2629/2629 2626/2626 2628/2628
f 2626/2626 2599/2599 2627/2627
f 2596/2596 2361/2361 3027/3027
f 2341/2341 2342/2342 2353/2353
f 2307/2307 2306/2306 2310/2310
f 3251/3251 3221/3221 3250/3250
f 3251/3251 3569/3569 3221/3221
f 3615/3615 3613/3613 3577/3577
f 3609/3609 3635/3635 3607/3607
f 3635/3635 3602/3602 3601/3601
f 3602/3602 3600/3600 3601/3601
f 3650/3650 3765/3765 4229/4229
f 3793/3793 3785/3785 3795/3795
f 3998/3998 4003/4003 3997/3997
f 4003/4003 4019/4019 3997/3997
f 5434/5558 5442/5566 5430/5554
f 4122/4122 4066/4066 4123/4123
f 4066/4066 4069/4069 4123/4123
f 4066/4066 4067/4067 4069/4069
f 4067/4067 4070/4070 4069/4069
f 2649/2649 2660/2660 2659/2659
f 2649/2649 2628/2628 2660/2660
f 2627/2627 2599/2599 2598/2598
f 2599/2599 2596/2596 2598/2598
f 2342/2342 2343/2343 2345/2345
f 2345/2345 2343/2343 2344/2344
f 2302/2302 2301/2301 2300/2300
f 2303/2303 2307/2307 2308/2308
f 2307/2307 2310/2310 2309/2309
f 2310/2310 3222/3222 2309/2309
f 3566/3566 3572/3572 3564/3564
f 3573/3573 3575/3575 3574/3574
f 3613/3613 3611/3611 3608/3608
f 3649/3649 3650/3650 4229/4229
f 3765/3765 3763/3763 4229/4229
f 3765/3765 3766/3766 3763/3763
f 3796/3796 3797/3797 3798/3798
f 3796/3796 3793/3793 3797/3797
f 3788/3788 3790/3790 3791/3791
f 3876/3876 3874/3874 3877/3877
f 3874/3874 4006/4006 3877/3877
f 4005/4005 4004/4004 4006/4006
f 3998/3998 3995/3995 4004/4004
f 3997/3997 4019/4019 4002/4002
f 2107/5792 5535/5659 5536/5660
f 5535/5659 5532/5656 5536/5660
f 5532/5656 5530/5654 5531/5655
f 5528/5652 5466/5590 5467/5591
f 5466/5590 5465/5589 5467/5591
f 5465/5589 5435/5559 5433/5557
f 5424/5548 5425/5549 5407/5531
f 5425/5549 5409/5533 5407/5531
f 5407/5531 5408/5532 5406/5530
f 5409/5533 5408/5532 5407/5531
f 5406/5530 4318/5804 4312/5803
f 5408/5532 4318/5804 5406/5530
f 4318/4318 4314/4314 4312/4312
f 2652/2652 2650/2650 2653/2653
f 2651/2651 2650/2650 2652/2652
f 2628/2628 2661/2661 2660/2660
f 2628/2628 2662/2662 2661/2661
f 2628/2628 2627/2627 2662/2662
f 2662/2662 2627/2627 2598/2598
f 2362/2362 2355/2355 2363/2363
f 2353/2353 2342/2342 2352/2352
f 2343/2343 2300/2300 2344/2344
f 3573/3573 3574/3574 3565/3565
f 3766/3766 3796/3796 3763/3763
f 3796/3796 3798/3798 3763/3763
f 3793/3793 3795/3795 3797/3797
f 3787/3787 3788/3788 3791/3791
f 3792/3792 3872/3872 3876/3876
f 3998/3998 3997/3997 3995/3995
f 5536/5660 5532/5656 5537/5661
f 5532/5656 5531/5655 5537/5661
f 5528/5652 5467/5591 5525/5649
f 5435/5559 5434/5558 5433/5557
f 4069/4069 4070/4070 4071/4071
f 4070/4070 2652/2652 4071/4071
f 2653/2653 2650/2650 2654/2654
f 2650/2650 2649/2649 2654/2654
f 2654/2654 2649/2649 2659/2659
f 2363/2363 2355/2355 2364/2364
f 2355/2355 2353/2353 2354/2354
f 2342/2342 2345/2345 2352/2352
f 3575/3575 3577/3577 3576/3576
f 3577/3577 3613/3613 3579/3579
f 3608/3608 3607/3607 3606/3606
f 3608/3608 3609/3609 3607/3607
f 3643/3643 3647/3647 3599/3599
f 3643/3643 3648/3648 3647/3647
f 3791/3791 3790/3790 3792/3792
f 3877/3877 3879/3879 3878/3878
f 3877/3877 4006/4006 3879/3879
f 4006/4006 3881/3881 3879/3879
f 4006/4006 4004/4004 3881/3881
f 4004/4004 3995/3995 3881/3881
f 3995/3995 3997/3997 3996/3996
f 3997/3997 4002/4002 3996/3996
f 936/936 2107/2107 2109/2109
f 2107/5792 5536/5660 2109/5788
f 5530/5654 5527/5651 5531/5655
f 2354/2354 2353/2353 2352/2352
f 2344/2344 2300/2300 2298/2298
f 2300/2300 2301/2301 2299/2299
f 2301/2301 2303/2303 2311/2311
f 2311/2311 2303/2303 2308/2308
f 2309/2309 3222/3222 3219/3219
f 3219/3219 3222/3222 3221/3221
f 3222/3222 3250/3250 3221/3221
f 3566/3566 3564/3564 3567/3567
f 3607/3607 3635/3635 3604/3604
f 3795/3795 3785/3785 3787/3787
f 3881/3881 3995/3995 3884/3884
f 3995/3995 3996/3996 3884/3884
f 2109/5788 5536/5660 5538/5662
f 5536/5660 5537/5661 5538/5662
f 4071/4071 2652/2652 4072/4072
f 2659/2659 2660/2660 2658/2658
f 2355/2355 2354/2354 2364/2364
f 2308/2308 2309/2309 2312/2312
f 2307/2307 2309/2309 2308/2308
f 3568/3568 3566/3566 3567/3567
f 3574/3574 3575/3575 3576/3576
f 3613/3613 3608/3608 3579/3579
f 3876/3876 3877/3877 3864/3864
f 3864/3864 3877/3877 3878/3878
f 3996/3996 4002/4002 3999/3999
f 5433/5557 5434/5558 5430/5554
f 5427/5551 5424/5548 5426/5550
f 5424/5548 5407/5531 5426/5550
f 3027/3027 2362/2362 2363/2363
f 2300/2300 2299/2299 2298/2298
f 2309/2309 3219/3219 2312/2312
f 3221/3221 3569/3569 3253/3253
f 3576/3576 3577/3577 3578/3578
f 3577/3577 3579/3579 3578/3578
f 3608/3608 3606/3606 3579/3579
f 3606/3606 3607/3607 3604/3604
f 3604/3604 3635/3635 3603/3603
f 3635/3635 3601/3601 3603/3603
f 3600/3600 3599/3599 3598/3598
f 4229/4229 3763/3763 4230/4230
f 3795/3795 3787/3787 3800/3800
f 3787/3787 3791/3791 3801/3801
f 3791/3791 3850/3850 3801/3801
f 3792/3792 3876/3876 3866/3866
f 5527/5651 5528/5652 5525/5649
f 4314/4314 4122/4122 4124/4124
f 4122/4122 4123/4123 4124/4124
f 4072/4072 2652/2652 2655/2655
f 2652/2652 2653/2653 2655/2655
f 2659/2659 2658/2658 2654/2654
f 2658/2658 2660/2660 2663/2663
f 2662/2662 2598/2598 2597/2597
f 2301/2301 2311/2311 2299/2299
f 3253/3253 3569/3569 3254/3254
f 3763/3763 3798/3798 3762/3762
f 3798/3798 3797/3797 3799/3799
f 3791/3791 3792/3792 3866/3866
f 3864/3864 3878/3878 3865/3865
f 3865/3865 3878/3878 3880/3880
f 3878/3878 3879/3879 3880/3880
f 936/936 2109/2109 2106/2106
f 2109/5788 5538/5662 2106/5784
f 2653/2653 2654/2654 2655/2655
f 2660/2660 2661/2661 2663/2663
f 2598/2598 2596/2596 2597/2597
f 3027/3027 2363/2363 2593/2593
f 2593/2593 2363/2363 2365/2365
f 2363/2363 2364/2364 2365/2365
f 2364/2364 2354/2354 2367/2367
f 2352/2352 2345/2345 2348/2348
f 2299/2299 2311/2311 2315/2315
f 3219/3219 3217/3217 2312/2312
f 3569/3569 3568/3568 3254/3254
f 3574/3574 3576/3576 3563/3563
f 3579/3579 3606/3606 3580/3580
f 3606/3606 3604/3604 3580/3580
f 3604/3604 3603/3603 3605/3605
f 3603/3603 3601/3601 3598/3598
f 3601/3601 3600/3600 3598/3598
f 3648/3648 3649/3649 3651/3651
f 4230/4230 3763/3763 3764/3764
f 3763/3763 3762/3762 3764/3764
f 3850/3850 3791/3791 3852/3852
f 3791/3791 3866/3866 3852/3852
f 3866/3866 3876/3876 3864/3864
f 3879/3879 3881/3881 3880/3880
f 3881/3881 3882/3882 3880/3880
f 3881/3881 3884/3884 3882/3882
f 4312/4312 4314/4314 4313/4313
f 4314/4314 4124/4124 4313/4313
f 2661/2661 2662/2662 2663/2663
f 2367/2367 2354/2354 2351/2351
f 2354/2354 2352/2352 2351/2351
f 2311/2311 2308/2308 2312/2312
f 3254/3254 3255/3255 3253/3253
f 3254/3254 3568/3568 3255/3255
f 3255/3255 3568/3568 3567/3567
f 3649/3649 4229/4229 3655/3655
f 4229/4229 4230/4230 3655/3655
f 3800/3800 3787/3787 3801/3801
f 5531/5655 5527/5651 5526/5650
f 5527/5651 5525/5649 5526/5650
f 5433/5557 5430/5554 5432/5556
f 5430/5554 5427/5551 5428/5552
f 5427/5551 5426/5550 5428/5552
f 4124/4124 4123/4123 4073/4073
f 4123/4123 4069/4069 4073/4073
f 2655/2655 2654/2654 2656/2656
f 2654/2654 2657/2657 2656/2656
f 2654/2654 2658/2658 2657/2657
f 2662/2662 2597/2597 2664/2664
f 2352/2352 2348/2348 2351/2351
f 2298/2298 2299/2299 2297/2297
f 2311/2311 2312/2312 2313/2313
f 3219/3219 3220/3220 3217/3217
f 3219/3219 3221/3221 3220/3220
f 3221/3221 3253/3253 3220/3220
f 3564/3564 3565/3565 3563/3563
f 3578/3578 3579/3579 3580/3580
f 3580/3580 3604/3604 3582/3582
f 3604/3604 3605/3605 3582/3582
f 3647/3647 3648/3648 3651/3651
f 3655/3655 4230/4230 3660/3660
f 3866/3866 3864/3864 3867/3867
f 3996/3996 3999/3999 3884/3884
f 3999/3999 4002/4002 4001/4001
f 4002/4002 4207/4207 4001/4001
f 4207/4207 4328/4328 4001/4001
f 4207/4207 4327/4327 4328/4328
f 5467/5591 5465/5589 5468/5592
f 5465/5589 5433/5557 5468/5592
f 5407/5531 5406/5530 5402/5526
f 3022/3022 2655/2655 3020/3020
f 4072/4072 2655/2655 3022/3022
f 2655/2655 2656/2656 3020/3020
f 2658/2658 2663/2663 2657/2657
f 3027/3027 2593/2593 2596/2596
f 2593/2593 2365/2365 2592/2592
f 2345/2345 2346/2346 2348/2348
f 2345/2345 2344/2344 2346/2346
f 2344/2344 2298/2298 2296/2296
f 2311/2311 2313/2313 2315/2315
f 2313/2313 2312/2312 2314/2314
f 2314/2314 2312/2312 3217/3217
f 3253/3253 3255/3255 4238/4238
f 3565/3565 3574/3574 3563/3563
f 3563/3563 3576/3576 3562/3562
f 3576/3576 3578/3578 3562/3562
f 3578/3578 3580/3580 3581/3581
f 3599/3599 3647/3647 3597/3597
f 3850/3850 3852/3852 3851/3851
f 3864/3864 3865/3865 3863/3863
f 936/936 2106/2106 934/934
f 5426/5550 5407/5531 5402/5526
f 4073/4073 4071/4071 4074/4074
f 4069/4069 4071/4071 4073/4073
f 4071/4071 4072/4072 4074/4074
f 2657/2657 2663/2663 2696/2696
f 2663/2663 2664/2664 2694/2694
f 2663/2663 2662/2662 2664/2664
f 2597/2597 2596/2596 2595/2595
f 2365/2365 2364/2364 2366/2366
f 2364/2364 2367/2367 2366/2366
f 2367/2367 2368/2368 2366/2366
f 2367/2367 2351/2351 2368/2368
f 2344/2344 2296/2296 2346/2346
f 2298/2298 2297/2297 2296/2296
f 3217/3217 3220/3220 3216/3216
f 3220/3220 3253/3253 4237/4237
f 3253/3253 4238/4238 4237/4237
f 3567/3567 3564/3564 3563/3563
f 3598/3598 3599/3599 3597/3597
f 3651/3651 3649/3649 3653/3653
f 4230/4230 3764/3764 3660/3660
f 3852/3852 3866/3866 3867/3867
f 3864/3864 3863/3863 3867/3867
f 3863/3863 3865/3865 3885/3885
f 3865/3865 3880/3880 3885/3885
f 3880/3880 3882/3882 3883/3883
f 3883/3883 3884/3884 3887/3887
f 3882/3882 3884/3884 3883/3883
f 3884/3884 3999/3999 4000/4000
f 3999/3999 4001/4001 4000/4000
f 5402/5526 5406/5530 5405/5529
f 5406/5530 4312/5803 5405/5529
f 2656/2656 2657/2657 2697/2697
f 2696/2696 2663/2663 2694/2694
f 2597/2597 2595/2595 2666/2666
f 2595/2595 2596/2596 2593/2593
f 2351/2351 2348/2348 2350/2350
f 2346/2346 2347/2347 2348/2348
f 3578/3578 3581/3581 3562/3562
f 3582/3582 3605/3605 3584/3584
f 3605/3605 3603/3603 3584/3584
f 3603/3603 3598/3598 3588/3588
f 3598/3598 3597/3597 3588/3588
f 3647/3647 3652/3652 3597/3597
f 3647/3647 3651/3651 3652/3652
f 3651/3651 3653/3653 3652/3652
f 3653/3653 3649/3649 3654/3654
f 3649/3649 3655/3655 3654/3654
f 3799/3799 3795/3795 3800/3800
f 3797/3797 3795/3795 3799/3799
f 934/934 2106/2106 2114/2114
f 2106/5784 5538/5662 2114/5767
f 5526/5650 5525/5649 5523/5647
f 5523/5647 5525/5649 5524/5648
f 5467/5591 5468/5592 5469/5593
f 5468/5592 5433/5557 5432/5556
f 5405/5529 4312/5803 4311/5802
f 4312/4312 4125/4125 4311/4311
f 4312/4312 4313/4313 4125/4125
f 4313/4313 4124/4124 4125/4125
f 2657/2657 2696/2696 2697/2697
f 2350/2350 2348/2348 2349/2349
f 2347/2347 2346/2346 2296/2296
f 2297/2297 2299/2299 2316/2316
f 2299/2299 2315/2315 2316/2316
f 2315/2315 2313/2313 2316/2316
f 3567/3567 3563/3563 3260/3260
f 3563/3563 3561/3561 3260/3260
f 3563/3563 3562/3562 3561/3561
f 3584/3584 3603/3603 3586/3586
f 3603/3603 3588/3588 3586/3586
f 3798/3798 3799/3799 3762/3762
f 3852/3852 3867/3867 3853/3853
f 3887/3887 3884/3884 3889/3889
f 3884/3884 4000/4000 3889/3889
f 5525/5649 5467/5591 5524/5648
f 5524/5648 5467/5591 5469/5593
f 5432/5556 5430/5554 5431/5555
f 5431/5555 5430/5554 5429/5553
f 4074/4074 4072/4072 3022/3022
f 2664/2664 2597/2597 2665/2665
f 2597/2597 2666/2666 2665/2665
f 2351/2351 2350/2350 2368/2368
f 2347/2347 2296/2296 2295/2295
f 2296/2296 2297/2297 2294/2294
f 3581/3581 3580/3580 3582/3582
f 3582/3582 3584/3584 3583/3583
f 3588/3588 3597/3597 3595/3595
f 3655/3655 3660/3660 3656/3656
f 3764/3764 3762/3762 3760/3760
f 3849/3849 3850/3850 3851/3851
f 3851/3851 3852/3852 3853/3853
f 2114/5767 5538/5662 5539/5663
f 5538/5662 5537/5661 5539/5663
f 3020/3020 2656/2656 3019/3019
f 2592/2592 2365/2365 2590/2590
f 2365/2365 2366/2366 2590/2590
f 2368/2368 2350/2350 2371/2371
f 2297/2297 2316/2316 3045/3045
f 2313/2313 2314/2314 2316/2316
f 2314/2314 3076/3076 2316/2316
f 2314/2314 3218/3218 3076/3076
f 2314/2314 3217/3217 3218/3218
f 3217/3217 3216/3216 3218/3218
f 3581/3581 3582/3582 3562/3562
f 3801/3801 3850/3850 3849/3849
f 3851/3851 3853/3853 3847/3847
f 3853/3853 3867/3867 3855/3855
f 3867/3867 3863/3863 3855/3855
f 3863/3863 3885/3885 3890/3890
f 3885/3885 3880/3880 3886/3886
f 3880/3880 3883/3883 3886/3886
f 3886/3886 3883/3883 3887/3887
f 4000/4000 4001/4001 4208/4208
f 4001/4001 4328/4328 4208/4208
f 5531/5655 5526/5650 5540/5664
f 4124/4124 4073/4073 4125/4125
f 3019/3019 2656/2656 2703/2703
f 2656/2656 2697/2697 2703/2703
f 2697/2697 2696/2696 2695/2695
f 2696/2696 2694/2694 2695/2695
f 2694/2694 2664/2664 2665/2665
f 2665/2665 2666/2666 2667/2667
f 2371/2371 2350/2350 2349/2349
f 2349/2349 2348/2348 2347/2347
f 2296/2296 2294/2294 2295/2295
f 2294/2294 2297/2297 3045/3045
f 3562/3562 3582/3582 3560/3560
f 3584/3584 3585/3585 3583/3583
f 3586/3586 3588/3588 3587/3587
f 3595/3595 3597/3597 3596/3596
f 3597/3597 3652/3652 3596/3596
f 3655/3655 3656/3656 3654/3654
f 3863/3863 3890/3890 3862/3862
f 3885/3885 3886/3886 3890/3890
f 3886/3886 3887/3887 3888/3888
f 3887/3887 3889/3889 3888/3888
f 5540/5664 5526/5650 5523/5647
f 5432/5556 5431/5555 5471/5595
f 5405/5529 4311/5802 4172/5799
f 4311/4311 4125/4125 4172/4172
f 4074/4074 3022/3022 3023/3023
f 2703/2703 2697/2697 2698/2698
f 2695/2695 2694/2694 2693/2693
f 2368/2368 2370/2370 2369/2369
f 2368/2368 2371/2371 2370/2370
f 3257/3257 3567/3567 3259/3259
f 3567/3567 3260/3260 3259/3259
f 3260/3260 3561/3561 3262/3262
f 3561/3561 3562/3562 3560/3560
f 3560/3560 3582/3582 3583/3583
f 3588/3588 3595/3595 3587/3587
f 3595/3595 3596/3596 3590/3590
f 3660/3660 3764/3764 3760/3760
f 3762/3762 3799/3799 3761/3761
f 3799/3799 3800/3800 3802/3802
f 3800/3800 3801/3801 3802/3802
f 3851/3851 3847/3847 3849/3849
f 3853/3853 3855/3855 3854/3854
f 3855/3855 3863/3863 3854/3854
f 3889/3889 3894/3894 3888/3888
f 3889/3889 4000/4000 4208/4208
f 5537/5661 5531/5655 5539/5663
f 5430/5554 5428/5552 5429/5553
f 5402/5526 5405/5529 5404/5528
f 5404/5528 4172/5799 4373/5794
f 5405/5529 4172/5799 5404/5528
f 2697/2697 2695/2695 2698/2698
f 2694/2694 2692/2692 2693/2693
f 2694/2694 2665/2665 2692/2692
f 2666/2666 2595/2595 2594/2594
f 2595/2595 2593/2593 2594/2594
f 2371/2371 2372/2372 2370/2370
f 2371/2371 2349/2349 2372/2372
f 2349/2349 2347/2347 2372/2372
f 2347/2347 2295/2295 2377/2377
f 2294/2294 3045/3045 2290/2290
f 2316/2316 3076/3076 2291/2291
f 3255/3255 3567/3567 3257/3257
f 3259/3259 3260/3260 3261/3261
f 3260/3260 3262/3262 3261/3261
f 3583/3583 3585/3585 3558/3558
f 3584/3584 3586/3586 3585/3585
f 3595/3595 3590/3590 3587/3587
f 3760/3760 3762/3762 3761/3761
f 3801/3801 3849/3849 3802/3802
f 3863/3863 3862/3862 3860/3860
f 3886/3886 3891/3891 3890/3890
f 3891/3891 3888/3888 3892/3892
f 3886/3886 3888/3888 3891/3891
f 3892/3892 3888/3888 3893/3893
f 3888/3888 3894/3894 3893/3893
f 5531/5655 5540/5664 5539/5663
f 5468/5592 5432/5556 5471/5595
f 5428/5552 5426/5550 5366/5490
f 5426/5550 5402/5526 5366/5490
f 4125/4125 4073/4073 4126/4126
f 4126/4126 4073/4073 4075/4075
f 4073/4073 4074/4074 4075/4075
f 3022/3022 3020/3020 3021/3021
f 3021/3021 3020/3020 3018/3018
f 3020/3020 3019/3019 3018/3018
f 2703/2703 2698/2698 2700/2700
f 2667/2667 2666/2666 2594/2594
f 2366/2366 2368/2368 2369/2369
f 3216/3216 3220/3220 3082/3082
f 4238/4238 3255/3255 3256/3256
f 3255/3255 3257/3257 3256/3256
f 3653/3653 3654/3654 3656/3656
f 3802/3802 3849/3849 3806/3806
f 3847/3847 3853/3853 3854/3854
f 3889/3889 4208/4208 3894/3894
f 4373/4373 4172/4172 4171/4171
f 934/934 2114/2114 932/932
f 5402/5526 5404/5528 5403/5527
f 5404/5528 4373/5794 5403/5527
f 4074/4074 3023/3023 4075/4075
f 3023/3023 3022/3022 3021/3021
f 2665/2665 2667/2667 2692/2692
f 2667/2667 2594/2594 2668/2668
f 2594/2594 2593/2593 2591/2591
f 2593/2593 2592/2592 2591/2591
f 2592/2592 2590/2590 2591/2591
f 2369/2369 2370/2370 3030/3030
f 2372/2372 2376/2376 2375/2375
f 2372/2372 2347/2347 2376/2376
f 2376/2376 2347/2347 2377/2377
f 3045/3045 2316/2316 2290/2290
f 3220/3220 4237/4237 3082/3082
f 4237/4237 4238/4238 3256/3256
f 3262/3262 3329/3329 3261/3261
f 3262/3262 3561/3561 3329/3329
f 3561/3561 3560/3560 3329/3329
f 3560/3560 3330/3330 3329/3329
f 3560/3560 3583/3583 3330/3330
f 3586/3586 3587/3587 3556/3556
f 3652/3652 3653/3653 3657/3657
f 3653/3653 3656/3656 3657/3657
f 3761/3761 3799/3799 3803/3803
f 3803/3803 3799/3799 3804/3804
f 3799/3799 3802/3802 3804/3804
f 3849/3849 3847/3847 3848/3848
f 3863/3863 3860/3860 3857/3857
f 4208/4208 4328/4328 4331/4331
f 5403/5527 4373/5794 4374/5790
f 2698/2698 2699/2699 2700/2700
f 2698/2698 2695/2695 2699/2699
f 2699/2699 2695/2695 2693/2693
f 2692/2692 2667/2667 2668/2668
f 2366/2366 2369/2369 2589/2589
f 2290/2290 2316/2316 2291/2291
f 2291/2291 3076/3076 3074/3074
f 3259/3259 3261/3261 3266/3266
f 3266/3266 3261/3261 3263/3263
f 3330/3330 3583/3583 3558/3558
f 3596/3596 3652/3652 3657/3657
f 3656/3656 3660/3660 3659/3659
f 3659/3659 3660/3660 3760/3760
f 3760/3760 3761/3761 3803/3803
f 3847/3847 3846/3846 3848/3848
f 3854/3854 3863/3863 3857/3857
f 3862/3862 3890/3890 3861/3861
f 4373/4373 4171/4171 4374/4374
f 5469/5593 5468/5592 5470/5594
f 5468/5592 5471/5595 5470/5594
f 5431/5555 5429/5553 5471/5595
f 3019/3019 2703/2703 3018/3018
f 2699/2699 2693/2693 2691/2691
f 2693/2693 2692/2692 2691/2691
f 3030/3030 2370/2370 2373/2373
f 2370/2370 2372/2372 2373/2373
f 2377/2377 2295/2295 2293/2293
f 2295/2295 2294/2294 2293/2293
f 3074/3074 3076/3076 3075/3075
f 3076/3076 3218/3218 3075/3075
f 4237/4237 3256/3256 3082/3082
f 3261/3261 3329/3329 3264/3264
f 3329/3329 3330/3330 3264/3264
f 3806/3806 3849/3849 3848/3848
f 3860/3860 3862/3862 3861/3861
f 3893/3893 3894/3894 3897/3897
f 3894/3894 4208/4208 4209/4209
f 5523/5647 5524/5648 5522/5646
f 5401/5525 5403/5527 5627/5751
f 5402/5526 5403/5527 5401/5525
f 5403/5527 4374/5790 5627/5751
f 4125/4125 4126/4126 4128/4128
f 2692/2692 2668/2668 2690/2690
f 2668/2668 2594/2594 2669/2669
f 2594/2594 2591/2591 2669/2669
f 2591/2591 2590/2590 2588/2588
f 2590/2590 2366/2366 2589/2589
f 2589/2589 2369/2369 3030/3030
f 2373/2373 2372/2372 2374/2374
f 2374/2374 2372/2372 2375/2375
f 2376/2376 2377/2377 2378/2378
f 2377/2377 2293/2293 2378/2378
f 2293/2293 2294/2294 2290/2290
f 2290/2290 2291/2291 2289/2289
f 3215/3215 3257/3257 3258/3258
f 3256/3256 3257/3257 3215/3215
f 3257/3257 3259/3259 3258/3258
f 3558/3558 3585/3585 3557/3557
f 3587/3587 3590/3590 3589/3589
f 3590/3590 3596/3596 3589/3589
f 3760/3760 3803/3803 3659/3659
f 3847/3847 3854/3854 3846/3846
f 4208/4208 4331/4331 4209/4209
f 4171/4171 4172/4172 4128/4128
f 5540/5664 5523/5647 5521/5645
f 5364/5488 5428/5552 5366/5490
f 2699/2699 2691/2691 2701/2701
f 2691/2691 2692/2692 2690/2690
f 2690/2690 2668/2668 2670/2670
f 2668/2668 2669/2669 2670/2670
f 2590/2590 2589/2589 2588/2588
f 2293/2293 2290/2290 2292/2292
f 3218/3218 3216/3216 3075/3075
f 3075/3075 3216/3216 3079/3079
f 3216/3216 3082/3082 3079/3079
f 3256/3256 3215/3215 3082/3082
f 3261/3261 3264/3264 3263/3263
f 3330/3330 3558/3558 3559/3559
f 3558/3558 3557/3557 3559/3559
f 3585/3585 3586/3586 3555/3555
f 3586/3586 3556/3556 3555/3555
f 3596/3596 3657/3657 3594/3594
f 3658/3658 3656/3656 3659/3659
f 3657/3657 3656/3656 3658/3658
f 3804/3804 3802/3802 3805/3805
f 3802/3802 3806/3806 3805/3805
f 3854/3854 3857/3857 3856/3856
f 3894/3894 4209/4209 3897/3897
f 5539/5663 5540/5664 5541/5665
f 5524/5648 5469/5593 5522/5646
f 5470/5594 5471/5595 5472/5596
f 5429/5553 5428/5552 5364/5488
f 5402/5526 5401/5525 5366/5490
f 4075/4075 3023/3023 3017/3017
f 3023/3023 3018/3018 3017/3017
f 3023/3023 3021/3021 3018/3018
f 2700/2700 2699/2699 2701/2701
f 2690/2690 2670/2670 2689/2689
f 2669/2669 2591/2591 2673/2673
f 2591/2591 2588/2588 2673/2673
f 2375/2375 2376/2376 2383/2383
f 3259/3259 3266/3266 3265/3265
f 3266/3266 3263/3263 3265/3265
f 3330/3330 3331/3331 3264/3264
f 3331/3331 3330/3330 3559/3559
f 3587/3587 3591/3591 3556/3556
f 3587/3587 3589/3589 3591/3591
f 3592/3592 3596/3596 3594/3594
f 3589/3589 3596/3596 3592/3592
f 3657/3657 3658/3658 3594/3594
f 3856/3856 3860/3860 3859/3859
f 3857/3857 3860/3860 3856/3856
f 3860/3860 3861/3861 3859/3859
f 2114/5767 5539/5663 5542/5666
f 5539/5663 5541/5665 5542/5666
f 5540/5664 5521/5645 5541/5665
f 5401/5525 5627/5751 5628/5752
f 5627/5751 4372/5782 5628/5752
f 5627/5751 4374/5790 4372/5782
f 4127/4127 4126/4126 4076/4076
f 4126/4126 4075/4075 4076/4076
f 3018/3018 2703/2703 2704/2704
f 2703/2703 2702/2702 2704/2704
f 2703/2703 2700/2700 2702/2702
f 2702/2702 2700/2700 2701/2701
f 2701/2701 2691/2691 2689/2689
f 2691/2691 2690/2690 2689/2689
f 2589/2589 3030/3030 3029/3029
f 3030/3030 2373/2373 3029/3029
f 2373/2373 2374/2374 3029/3029
f 2376/2376 2378/2378 2381/2381
f 2293/2293 2292/2292 2379/2379
f 2292/2292 2290/2290 2288/2288
f 2290/2290 2289/2289 2288/2288
f 3075/3075 3079/3079 3078/3078
f 3559/3559 3336/3336 3333/3333
f 3559/3559 3557/3557 3336/3336
f 3591/3591 3589/3589 3592/3592
f 3804/3804 3805/3805 3803/3803
f 3806/3806 3848/3848 3807/3807
f 3848/3848 3846/3846 3809/3809
f 3861/3861 3890/3890 3920/3920
f 3890/3890 3891/3891 3920/3920
f 3897/3897 4209/4209 4210/4210
f 4209/4209 4331/4331 4210/4210
f 4374/4374 4171/4171 4372/4372
f 5523/5647 5522/5646 5521/5645
f 2701/2701 2689/2689 2712/2712
f 2689/2689 2670/2670 2688/2688
f 2374/2374 2375/2375 2383/2383
f 2376/2376 2381/2381 2383/2383
f 2291/2291 3074/3074 2286/2286
f 3078/3078 3079/3079 3080/3080
f 3079/3079 3081/3081 3080/3080
f 3079/3079 3082/3082 3081/3081
f 3082/3082 3215/3215 3081/3081
f 3557/3557 3585/3585 3339/3339
f 3806/3806 3807/3807 3805/3805
f 3809/3809 3846/3846 3810/3810
f 3846/3846 3854/3854 3812/3812
f 3859/3859 3861/3861 3920/3920
f 3892/3892 3893/3893 3895/3895
f 4210/4210 4331/4331 4332/4332
f 932/932 2114/2114 2118/2118
f 2114/5767 5542/5666 2118/5766
f 5521/5645 5520/5644 5541/5665
f 5522/5646 5469/5593 5625/5749
f 5469/5593 5470/5594 5625/5749
f 5471/5595 5429/5553 5472/5596
f 3017/3017 3018/3018 2704/2704
f 2689/2689 2688/2688 2712/2712
f 2669/2669 2673/2673 2672/2672
f 2586/2586 2588/2588 2589/2589
f 3031/3031 3029/3029 2374/2374
f 2381/2381 2378/2378 2380/2380
f 2289/2289 2291/2291 2285/2285
f 3074/3074 3075/3075 3077/3077
f 3075/3075 3078/3078 3077/3077
f 3258/3258 3259/3259 3267/3267
f 3259/3259 3265/3265 3267/3267
f 3265/3265 3263/3263 3268/3268
f 3268/3268 3263/3263 3269/3269
f 3263/3263 3264/3264 3269/3269
f 3585/3585 3555/3555 3339/3339
f 3659/3659 3758/3758 3759/3759
f 3659/3659 3803/3803 3758/3758
f 3803/3803 3757/3757 3758/3758
f 3803/3803 3805/3805 3757/3757
f 3807/3807 3848/3848 3809/3809
f 3810/3810 3846/3846 3812/3812
f 3893/3893 3897/3897 3896/3896
f 4171/4171 4128/4128 4129/4129
f 4128/4128 4127/4127 4129/4129
f 5472/5596 5429/5553 5473/5597
f 5429/5553 5364/5488 5473/5597
f 4076/4076 4075/4075 4077/4077
f 4075/4075 3017/3017 4077/4077
f 2704/2704 2702/2702 2705/2705
f 2702/2702 2701/2701 2705/2705
f 2701/2701 2712/2712 2711/2711
f 2688/2688 2670/2670 2684/2684
f 2684/2684 2670/2670 2671/2671
f 2670/2670 2669/2669 2671/2671
f 2669/2669 2672/2672 2671/2671
f 2673/2673 2588/2588 2587/2587
f 2588/2588 2586/2586 2587/2587
f 2378/2378 2293/2293 2379/2379
f 2379/2379 2292/2292 2288/2288
f 2288/2288 2289/2289 2285/2285
f 2291/2291 2286/2286 2285/2285
f 2286/2286 3074/3074 3073/3073
f 3074/3074 3077/3077 3073/3073
f 3269/3269 3264/3264 3271/3271
f 3264/3264 3331/3331 3332/3332
f 3331/3331 3559/3559 3333/3333
f 3557/3557 3339/3339 3336/3336
f 3591/3591 3592/3592 3552/3552
f 3592/3592 3593/3593 3552/3552
f 3592/3592 3594/3594 3593/3593
f 3594/3594 3658/3658 4231/4231
f 3658/3658 3659/3659 3759/3759
f 3854/3854 3856/3856 3858/3858
f 3893/3893 3896/3896 3895/3895
f 5521/5645 5517/5641 5520/5644
f 5521/5645 5522/5646 5517/5641
f 5625/5749 5470/5594 5626/5750
f 5470/5594 5472/5596 5626/5750
f 5401/5525 5628/5752 5629/5753
f 5628/5752 4371/5773 5629/5753
f 5628/5752 4372/5782 4371/5773
f 4077/4077 3017/3017 3016/3016
f 3017/3017 2706/2706 3016/3016
f 3017/3017 2704/2704 2706/2706
f 2704/2704 2705/2705 2706/2706
f 2705/2705 2701/2701 2710/2710
f 2589/2589 3029/3029 3028/3028
f 3029/3029 3031/3031 3028/3028
f 2379/2379 2288/2288 2389/2389
f 3267/3267 3265/3265 3268/3268
f 3270/3270 3269/3269 3271/3271
f 3264/3264 3332/3332 3271/3271
f 3331/3331 3333/3333 3332/3332
f 3333/3333 3335/3335 3334/3334
f 3333/3333 3336/3336 3335/3335
f 3594/3594 4231/4231 3593/3593
f 3758/3758 3757/3757 3756/3756
f 3805/3805 3807/3807 3808/3808
f 3807/3807 3809/3809 3808/3808
f 3812/3812 3854/3854 3858/3858
f 3891/3891 3892/3892 3920/3920
f 4372/4372 4171/4171 4371/4371
f 2118/5766 5542/5666 5543/5667
f 5542/5666 5541/5665 5543/5667
f 5541/5665 5520/5644 5544/5668
f 5522/5646 5625/5749 5517/5641
f 2710/2710 2701/2701 2711/2711
f 2711/2711 2712/2712 2687/2687
f 2712/2712 2688/2688 2687/2687
f 2672/2672 2673/2673 2674/2674
f 2673/2673 2675/2675 2674/2674
f 2673/2673 2587/2587 2675/2675
f 2675/2675 2587/2587 2585/2585
f 2587/2587 2586/2586 2585/2585
f 2586/2586 2589/2589 3028/3028
f 2374/2374 2383/2383 2384/2384
f 2383/2383 2381/2381 2382/2382
f 2382/2382 2381/2381 2380/2380
f 2380/2380 2378/2378 2379/2379
f 3215/3215 3258/3258 3081/3081
f 3267/3267 3268/3268 3272/3272
f 3332/3332 3333/3333 3334/3334
f 3591/3591 3552/3552 3553/3553
f 3552/3552 3593/3593 3550/3550
f 3759/3759 3758/3758 4224/4224
f 3757/3757 3805/3805 3755/3755
f 3809/3809 3810/3810 3811/3811
f 3896/3896 3897/3897 3900/3900
f 3897/3897 4210/4210 3900/3900
f 5541/5665 5544/5668 5543/5667
f 5472/5596 5473/5597 5474/5598
f 2705/2705 2710/2710 2709/2709
f 2688/2688 2684/2684 2687/2687
f 3031/3031 2374/2374 2384/2384
f 2383/2383 2382/2382 2384/2384
f 2380/2380 2379/2379 2386/2386
f 2285/2285 2286/2286 2284/2284
f 3073/3073 3077/3077 2287/2287
f 3077/3077 3078/3078 3083/3083
f 3078/3078 3080/3080 3083/3083
f 3081/3081 3258/3258 3213/3213
f 3267/3267 3272/3272 3258/3258
f 3271/3271 3332/3332 3328/3328
f 3336/3336 3338/3338 3337/3337
f 3336/3336 3339/3339 3338/3338
f 3339/3339 3555/3555 3338/3338
f 3555/3555 3556/3556 3554/3554
f 3556/3556 3591/3591 3554/3554
f 3756/3756 3757/3757 3755/3755
f 3805/3805 3808/3808 3755/3755
f 3808/3808 3809/3809 3814/3814
f 3809/3809 3817/3817 3814/3814
f 3809/3809 3811/3811 3817/3817
f 3810/3810 3812/3812 3811/3811
f 3859/3859 3920/3920 3921/3921
f 3900/3900 4210/4210 3994/3994
f 5520/5644 5517/5641 5519/5643
f 2687/2687 2713/2713 2711/2711
f 2687/2687 2686/2686 2713/2713
f 2687/2687 2684/2684 2686/2686
f 2585/2585 2586/2586 2584/2584
f 2586/2586 3028/3028 2584/2584
f 3028/3028 3033/3033 2584/2584
f 3028/3028 3031/3031 3033/3033
f 2382/2382 2385/2385 2384/2384
f 2382/2382 2380/2380 2386/2386
f 2386/2386 2379/2379 2389/2389
f 2389/2389 2288/2288 2390/2390
f 2288/2288 2285/2285 2283/2283
f 2286/2286 3073/3073 2287/2287
f 3077/3077 3083/3083 3085/3085
f 3080/3080 3081/3081 3084/3084
f 3081/3081 3213/3213 3084/3084
f 3213/3213 3258/3258 3214/3214
f 3268/3268 3269/3269 3270/3270
f 3270/3270 3271/3271 3328/3328
f 3332/3332 3334/3334 3327/3327
f 3335/3335 3336/3336 3337/3337
f 3338/3338 3555/3555 3491/3491
f 3591/3591 3553/3553 3496/3496
f 3553/3553 3552/3552 3551/3551
f 3552/3552 3550/3550 3551/3551
f 4224/4224 3758/3758 4225/4225
f 3758/3758 3756/3756 4225/4225
f 3856/3856 3859/3859 3858/3858
f 3920/3920 3892/3892 3921/3921
f 5544/5668 5520/5644 5519/5643
f 2684/2684 2671/2671 2682/2682
f 2671/2671 2672/2672 2682/2682
f 2672/2672 2674/2674 2682/2682
f 2674/2674 2675/2675 2676/2676
f 2288/2288 2283/2283 2390/2390
f 2285/2285 2284/2284 2283/2283
f 3083/3083 3080/3080 3084/3084
f 3332/3332 3327/3327 3328/3328
f 3335/3335 3337/3337 3341/3341
f 3554/3554 3591/3591 3496/3496
f 3496/3496 3553/3553 3498/3498
f 3553/3553 3551/3551 3498/3498
f 3755/3755 3808/3808 3668/3668
f 3895/3895 3896/3896 3898/3898
f 5519/5643 5517/5641 5518/5642
f 5472/5596 5474/5598 5626/5750
f 5473/5597 5364/5488 5369/5493
f 5366/5490 5401/5525 5368/5492
f 5629/5753 4371/5773 4378/5761
f 2706/2706 2705/2705 2707/2707
f 2686/2686 2684/2684 2685/2685
f 2674/2674 2676/2676 2682/2682
f 3031/3031 2384/2384 2452/2452
f 2386/2386 2389/2389 2388/2388
f 2286/2286 2287/2287 2284/2284
f 3268/3268 3270/3270 3273/3273
f 3334/3334 3340/3340 3327/3327
f 3334/3334 3335/3335 3340/3340
f 3337/3337 3338/3338 3488/3488
f 3555/3555 3554/3554 3491/3491
f 4224/4224 4225/4225 3667/3667
f 4225/4225 3756/3756 3667/3667
f 3667/3667 3755/3755 3668/3668
f 3756/3756 3755/3755 3667/3667
f 4371/4371 4170/4170 4378/4378
f 4371/4371 4171/4171 4170/4170
f 4171/4171 4129/4129 4170/4170
f 932/932 2118/2118 2119/2119
f 2118/5766 5543/5667 2119/5765
f 5543/5667 5544/5668 5545/5669
f 5474/5598 5473/5597 5369/5493
f 2711/2711 2713/2713 2710/2710
f 2585/2585 2584/2584 2581/2581
f 3032/3032 3031/3031 2452/2452
f 3033/3033 3031/3031 3032/3032
f 2382/2382 2386/2386 2385/2385
f 2386/2386 2388/2388 2387/2387
f 2390/2390 2283/2283 2282/2282
f 3083/3083 3084/3084 3086/3086
f 3084/3084 3213/3213 3088/3088
f 3258/3258 3272/3272 3214/3214
f 3668/3668 3808/3808 3815/3815
f 3815/3815 3808/3808 3814/3814
f 4129/4129 4127/4127 4130/4130
f 932/932 2119/2119 929/929
f 5544/5668 5519/5643 5518/5642
f 5364/5488 5366/5490 5365/5489
f 5366/5490 5368/5492 5365/5489
f 4076/4076 4077/4077 4079/4079
f 2713/2713 2686/2686 2717/2717
f 2686/2686 2685/2685 2717/2717
f 2685/2685 2684/2684 2683/2683
f 2675/2675 2585/2585 2581/2581
f 2452/2452 2384/2384 2385/2385
f 2385/2385 2386/2386 2387/2387
f 2284/2284 2287/2287 2281/2281
f 2287/2287 3077/3077 3085/3085
f 3085/3085 3083/3083 3086/3086
f 3272/3272 3268/3268 3273/3273
f 3340/3340 3341/3341 3342/3342
f 3340/3340 3335/3335 3341/3341
f 3550/3550 3549/3549 3551/3551
f 4231/4231 3658/3658 3661/3661
f 3759/3759 4224/4224 3667/3667
f 3817/3817 3811/3811 3813/3813
f 3811/3811 3812/3812 3813/3813
f 3892/3892 3895/3895 3905/3905
f 5545/5669 5544/5668 5546/5670
f 5544/5668 5518/5642 5546/5670
f 5368/5492 5401/5525 5629/5753
f 3016/3016 2706/2706 2707/2707
f 2713/2713 2717/2717 2716/2716
f 2584/2584 3033/3033 2583/2583
f 3033/3033 3032/3032 2583/2583
f 2385/2385 2387/2387 2447/2447
f 2387/2387 2448/2448 2447/2447
f 2387/2387 2388/2388 2448/2448
f 2388/2388 2389/2389 2391/2391
f 2389/2389 2390/2390 2391/2391
f 2283/2283 2284/2284 2281/2281
f 2281/2281 2287/2287 3072/3072
f 2287/2287 3085/3085 3072/3072
f 3213/3213 3212/3212 3088/3088
f 3213/3213 3214/3214 3212/3212
f 3214/3214 3272/3272 3212/3212
f 3491/3491 3554/3554 3490/3490
f 3496/3496 3498/3498 3497/3497
f 3550/3550 3593/3593 3549/3549
f 3593/3593 4231/4231 3661/3661
f 3666/3666 3668/3668 3673/3673
f 3668/3668 3815/3815 3673/3673
f 3813/3813 3812/3812 3845/3845
f 3812/3812 3858/3858 3845/3845
f 3859/3859 3921/3921 3922/3922
f 3922/3922 3892/3892 3905/3905
f 3921/3921 3892/3892 3922/3922
f 5369/5493 5364/5488 5365/5489
f 2705/2705 2708/2708 2707/2707
f 2705/2705 2709/2709 2708/2708
f 2710/2710 2713/2713 2709/2709
f 2684/2684 2682/2682 2683/2683
f 2581/2581 2584/2584 2583/2583
f 2390/2390 2282/2282 2391/2391
f 3086/3086 3084/3084 3088/3088
f 3273/3273 3270/3270 3275/3275
f 3270/3270 3328/3328 3277/3277
f 3277/3277 3328/3328 3279/3279
f 3327/3327 3340/3340 3342/3342
f 3338/3338 3491/3491 3489/3489
f 3658/3658 3662/3662 3661/3661
f 3658/3658 3759/3759 3662/3662
f 3759/3759 3667/3667 3665/3665
f 3815/3815 3814/3814 3816/3816
f 3814/3814 3817/3817 3816/3816
f 3816/3816 3817/3817 3813/3813
f 3858/3858 3859/3859 3845/3845
f 3900/3900 3994/3994 3899/3899
f 3994/3994 4210/4210 4211/4211
f 4210/4210 4332/4332 4211/4211
f 5518/5642 5517/5641 5516/5640
f 5625/5749 5626/5750 5517/5641
f 5626/5750 5474/5598 5514/5638
f 2708/2708 2709/2709 2714/2714
f 2709/2709 2713/2713 2714/2714
f 2682/2682 2676/2676 2677/2677
f 3032/3032 2452/2452 2453/2453
f 2385/2385 2447/2447 2451/2451
f 3088/3088 3212/3212 3211/3211
f 3272/3272 3273/3273 3274/3274
f 3275/3275 3270/3270 3277/3277
f 3279/3279 3328/3328 3326/3326
f 3327/3327 3326/3326 3328/3328
f 3326/3326 3327/3327 3342/3342
f 3341/3341 3337/3337 3488/3488
f 3338/3338 3489/3489 3488/3488
f 3490/3490 3554/3554 3497/3497
f 3554/3554 3496/3496 3497/3497
f 3498/3498 3499/3499 3497/3497
f 3498/3498 3548/3548 3499/3499
f 3498/3498 3551/3551 3548/3548
f 3551/3551 3549/3549 3548/3548
f 3759/3759 3665/3665 3662/3662
f 3665/3665 3667/3667 3666/3666
f 3667/3667 3668/3668 3666/3666
f 3673/3673 3815/3815 3754/3754
f 3816/3816 3813/3813 3819/3819
f 3845/3845 3859/3859 3923/3923
f 3895/3895 3901/3901 3905/3905
f 3895/3895 3898/3898 3901/3901
f 3898/3898 3896/3896 3899/3899
f 3896/3896 3900/3900 3899/3899
f 4211/4211 4332/4332 4333/4333
f 5543/5667 5545/5669 5604/5728
f 5626/5750 5514/5638 5517/5641
f 5369/5493 5365/5489 5370/5494
f 2717/2717 2685/2685 2683/2683
f 2683/2683 2682/2682 2681/2681
f 2676/2676 2580/2580 2677/2677
f 2676/2676 2675/2675 2580/2580
f 2675/2675 2581/2581 2580/2580
f 2581/2581 2579/2579 2580/2580
f 2581/2581 2583/2583 2582/2582
f 2583/2583 3032/3032 2582/2582
f 3032/3032 2453/2453 2582/2582
f 2452/2452 2385/2385 2451/2451
f 2391/2391 2282/2282 2392/2392
f 3072/3072 3085/3085 3087/3087
f 3085/3085 3086/3086 3087/3087
f 3087/3087 3086/3086 3088/3088
f 3212/3212 3272/3272 3274/3274
f 3341/3341 3488/3488 3343/3343
f 3489/3489 3491/3491 3490/3490
f 3593/3593 3661/3661 3549/3549
f 3662/3662 3665/3665 3664/3664
f 3664/3664 3665/3665 3666/3666
f 3666/3666 3673/3673 3672/3672
f 3815/3815 3816/3816 3754/3754
f 3813/3813 3845/3845 3819/3819
f 3859/3859 3922/3922 3923/3923
f 3922/3922 3927/3927 3924/3924
f 3922/3922 3905/3905 3927/3927
f 3898/3898 3899/3899 3901/3901
f 3899/3899 3994/3994 4211/4211
f 2119/5765 5543/5667 5604/5728
f 5368/5492 5629/5753 5630/5754
f 5629/5753 4378/5761 5630/5754
f 4077/4077 3016/3016 4078/4078
f 2716/2716 2717/2717 2718/2718
f 2717/2717 2683/2683 2718/2718
f 2580/2580 2579/2579 2578/2578
f 2452/2452 2451/2451 2453/2453
f 2448/2448 2388/2388 2447/2447
f 2388/2388 2391/2391 2446/2446
f 2283/2283 2281/2281 2282/2282
f 3072/3072 3087/3087 3089/3089
f 3088/3088 3211/3211 3087/3087
f 3274/3274 3273/3273 3275/3275
f 3279/3279 3326/3326 3280/3280
f 3342/3342 3341/3341 3343/3343
f 3488/3488 3489/3489 3349/3349
f 3490/3490 3497/3497 3493/3493
f 3548/3548 3549/3549 3547/3547
f 3662/3662 3664/3664 3663/3663
f 3673/3673 3754/3754 3672/3672
f 3754/3754 3816/3816 3818/3818
f 3816/3816 3819/3819 3818/3818
f 3922/3922 3924/3924 3923/3923
f 4170/4170 4129/4129 4131/4131
f 4129/4129 4130/4130 4131/4131
f 4079/4079 4077/4077 4080/4080
f 4077/4077 4078/4078 4080/4080
f 3016/3016 2707/2707 2875/2875
f 2707/2707 2708/2708 2875/2875
f 2713/2713 2715/2715 2714/2714
f 2715/2715 2716/2716 2719/2719
f 2713/2713 2716/2716 2715/2715
f 2683/2683 2681/2681 2718/2718
f 2681/2681 2682/2682 2677/2677
f 2581/2581 2582/2582 2579/2579
f 2451/2451 2447/2447 2450/2450
f 2447/2447 2388/2388 2446/2446
f 2446/2446 2391/2391 2392/2392
f 2282/2282 2281/2281 2280/2280
f 2281/2281 3072/3072 2279/2279
f 3072/3072 3089/3089 2279/2279
f 3211/3211 3212/3212 3209/3209
f 3212/3212 3274/3274 3209/3209
f 3208/3208 3274/3274 3206/3206
f 3274/3274 3275/3275 3206/3206
f 3275/3275 4239/4239 3206/3206
f 4239/4239 3275/3275 3276/3276
f 3275/3275 3277/3277 3276/3276
f 3277/3277 3279/3279 3278/3278
f 3278/3278 3279/3279 3280/3280
f 3280/3280 3326/3326 3282/3282
f 3343/3343 3347/3347 3345/3345
f 3343/3343 3488/3488 3347/3347
f 3488/3488 3349/3349 3347/3347
f 3349/3349 3489/3489 3487/3487
f 3489/3489 3490/3490 3487/3487
f 3493/3493 3497/3497 3495/3495
f 3497/3497 3499/3499 3495/3495
f 3499/3499 3548/3548 3500/3500
f 3549/3549 3661/3661 3547/3547
f 3661/3661 3662/3662 3546/3546
f 3662/3662 3676/3676 3546/3546
f 3662/3662 3663/3663 3676/3676
f 3905/3905 3904/3904 3927/3927
f 3905/3905 3901/3901 3904/3904
f 3901/3901 3903/3903 3904/3904
f 3903/3903 3901/3901 3902/3902
f 3901/3901 3899/3899 3902/3902
f 5516/5640 5517/5641 5514/5638
f 5474/5598 5371/5495 5475/5599
f 5474/5598 5369/5493 5371/5495
f 5369/5493 5370/5494 5371/5495
f 3016/3016 2875/2875 4078/4078
f 2578/2578 2579/2579 2577/2577
f 2579/2579 2582/2582 2577/2577
f 2392/2392 2282/2282 2393/2393
f 2281/2281 2279/2279 2280/2280
f 3087/3087 3211/3211 3090/3090
f 3211/3211 3209/3209 3090/3090
f 3277/3277 3278/3278 3276/3276
f 3282/3282 3326/3326 3325/3325
f 3326/3326 3342/3342 3325/3325
f 3547/3547 3661/3661 3546/3546
f 3669/3669 3666/3666 3670/3670
f 3664/3664 3666/3666 3669/3669
f 3670/3670 3666/3666 3671/3671
f 3666/3666 3672/3672 3671/3671
f 3672/3672 3754/3754 3675/3675
f 3754/3754 3818/3818 3675/3675
f 3818/3818 3820/3820 3675/3675
f 3818/3818 3819/3819 3820/3820
f 3844/3844 3819/3819 3845/3845
f 3924/3924 3927/3927 3926/3926
f 3902/3902 3899/3899 3993/3993
f 3899/3899 4211/4211 3993/3993
f 5365/5489 5368/5492 5367/5491
f 5630/5754 4378/5761 4379/5760
f 2715/2715 2719/2719 2868/2868
f 2718/2718 2681/2681 2680/2680
f 2681/2681 2677/2677 2680/2680
f 2451/2451 2450/2450 2454/2454
f 2279/2279 3089/3089 3071/3071
f 3209/3209 3274/3274 3208/3208
f 3280/3280 3282/3282 3278/3278
f 3342/3342 3344/3344 3325/3325
f 3342/3342 3343/3343 3344/3344
f 3343/3343 3345/3345 3344/3344
f 3487/3487 3490/3490 3492/3492
f 3490/3490 3493/3493 3492/3492
f 3499/3499 3500/3500 3495/3495
f 3548/3548 3547/3547 3500/3500
f 3663/3663 3664/3664 3669/3669
f 3671/3671 3672/3672 3674/3674
f 3672/3672 3675/3675 3674/3674
f 3926/3926 3927/3927 3904/3904
f 4378/4378 4170/4170 4379/4379
f 5546/5670 5516/5640 5547/5671
f 5546/5670 5518/5642 5516/5640
f 5365/5489 5367/5491 5370/5494
f 2875/2875 2708/2708 2714/2714
f 2714/2714 2715/2715 2869/2869
f 2582/2582 2453/2453 2573/2573
f 2453/2453 2451/2451 2454/2454
f 2393/2393 2282/2282 2280/2280
f 2280/2280 2279/2279 2277/2277
f 3071/3071 3089/3089 3091/3091
f 3087/3087 3090/3090 3089/3089
f 3278/3278 3282/3282 3281/3281
f 3546/3546 3676/3676 3544/3544
f 3676/3676 3663/3663 3669/3669
f 3820/3820 3819/3819 3821/3821
f 3819/3819 3844/3844 3821/3821
f 3845/3845 3923/3923 3925/3925
f 3923/3923 3924/3924 3925/3925
f 4131/4131 4130/4130 4132/4132
f 929/929 2119/2119 2120/2120
f 2119/5765 5604/5728 2120/5763
f 5545/5669 5546/5670 5547/5671
f 5516/5640 5514/5638 5515/5639
f 5474/5598 5475/5599 5514/5638
f 2875/2875 2714/2714 2874/2874
f 2716/2716 2718/2718 2719/2719
f 2680/2680 2677/2677 2679/2679
f 2679/2679 2677/2677 2678/2678
f 2677/2677 2580/2580 2678/2678
f 2678/2678 2580/2580 2578/2578
f 2578/2578 2577/2577 2576/2576
f 2577/2577 2582/2582 2574/2574
f 2447/2447 2446/2446 2444/2444
f 2277/2277 2279/2279 2278/2278
f 3209/3209 3208/3208 3210/3210
f 3210/3210 3208/3208 3205/3205
f 3208/3208 3206/3206 3205/3205
f 3325/3325 3344/3344 3346/3346
f 3344/3344 3345/3345 3346/3346
f 3492/3492 3493/3493 3494/3494
f 3493/3493 3495/3495 3494/3494
f 3674/3674 3675/3675 3753/3753
f 3675/3675 3822/3822 3753/3753
f 3675/3675 3820/3820 3822/3822
f 3844/3844 3845/3845 3843/3843
f 3845/3845 3925/3925 3843/3843
f 4211/4211 4333/4333 4324/4324
f 4132/4132 4080/4080 4133/4133
f 4080/4080 4078/4078 2876/2876
f 4078/4078 2875/2875 2876/2876
f 2874/2874 2714/2714 2869/2869
f 2680/2680 2722/2722 2718/2718
f 2678/2678 2578/2578 2576/2576
f 2576/2576 2577/2577 2574/2574
f 2574/2574 2582/2582 2573/2573
f 2573/2573 2453/2453 2455/2455
f 2453/2453 2454/2454 2455/2455
f 2393/2393 2280/2280 2394/2394
f 2279/2279 3071/3071 2278/2278
f 3089/3089 3090/3090 3091/3091
f 3090/3090 3209/3209 3210/3210
f 3206/3206 4239/4239 3276/3276
f 3347/3347 3349/3349 3348/3348
f 3349/3349 3487/3487 3348/3348
f 3547/3547 3545/3545 3504/3504
f 3547/3547 3546/3546 3545/3545
f 3546/3546 3544/3544 3545/3545
f 3669/3669 3677/3677 3676/3676
f 3669/3669 3670/3670 3677/3677
f 3670/3670 3671/3671 3674/3674
f 3820/3820 3821/3821 3822/3822
f 3821/3821 3844/3844 3843/3843
f 3924/3924 3926/3926 3925/3925
f 3926/3926 3904/3904 3919/3919
f 3919/3919 3904/3904 3903/3903
f 3903/3903 3902/3902 3906/3906
f 3993/3993 4211/4211 4212/4212
f 4211/4211 4324/4324 4212/4212
f 5547/5671 5516/5640 5548/5672
f 5515/5639 5514/5638 5513/5637
f 2876/2876 2875/2875 2873/2873
f 2718/2718 2722/2722 2721/2721
f 2277/2277 2278/2278 2275/2275
f 3091/3091 3090/3090 3092/3092
f 3090/3090 3210/3210 3092/3092
f 3276/3276 3278/3278 3281/3281
f 3282/3282 3284/3284 3283/3283
f 3282/3282 3325/3325 3284/3284
f 3325/3325 3346/3346 3284/3284
f 3345/3345 3347/3347 3346/3346
f 3346/3346 3347/3347 3348/3348
f 3348/3348 3487/3487 3485/3485
f 3487/3487 3492/3492 3485/3485
f 3495/3495 3500/3500 3501/3501
f 3500/3500 3502/3502 3501/3501
f 3500/3500 3547/3547 3502/3502
f 3502/3502 3547/3547 3504/3504
f 3677/3677 3670/3670 3678/3678
f 3822/3822 3821/3821 3823/3823
f 3821/3821 3843/3843 3823/3823
f 3843/3843 3925/3925 3840/3840
f 3926/3926 3919/3919 3929/3929
f 3902/3902 3993/3993 3908/3908
f 3993/3993 4212/4212 3908/3908
f 4379/4379 4170/4170 4169/4169
f 4170/4170 4131/4131 4169/4169
f 2120/5763 5604/5728 5603/5727
f 5370/5494 5367/5491 5371/5495
f 2875/2875 2874/2874 2873/2873
f 2722/2722 2680/2680 2679/2679
f 2576/2576 2574/2574 2575/2575
f 2450/2450 2447/2447 2449/2449
f 2447/2447 2444/2444 2449/2449
f 2446/2446 2392/2392 2445/2445
f 2445/2445 2392/2392 2395/2395
f 2392/2392 2394/2394 2395/2395
f 2280/2280 2277/2277 2394/2394
f 3071/3071 3091/3091 3068/3068
f 3206/3206 3207/3207 3205/3205
f 3206/3206 3276/3276 3207/3207
f 3281/3281 3282/3282 3283/3283
f 3485/3485 3492/3492 3483/3483
f 3676/3676 3679/3679 3543/3543
f 3676/3676 3677/3677 3679/3679
f 3670/3670 3674/3674 3678/3678
f 3674/3674 3753/3753 3750/3750
f 3750/3750 3753/3753 3752/3752
f 3822/3822 3823/3823 3753/3753
f 3823/3823 3843/3843 3824/3824
f 3925/3925 3926/3926 3928/3928
f 929/929 2120/2120 927/927
f 5516/5640 5515/5639 5548/5672
f 5514/5638 5475/5599 5513/5637
f 5371/5495 5367/5491 5373/5497
f 4133/4133 4080/4080 4081/4081
f 4080/4080 2878/2878 4082/4082
f 4080/4080 2876/2876 2878/2878
f 2873/2873 2874/2874 2870/2870
f 2874/2874 2869/2869 2870/2870
f 2715/2715 2868/2868 2761/2761
f 2868/2868 2719/2719 2720/2720
f 2719/2719 2718/2718 2720/2720
f 2718/2718 2721/2721 2720/2720
f 2722/2722 2679/2679 2723/2723
f 2679/2679 2678/2678 2725/2725
f 2678/2678 2576/2576 2728/2728
f 2575/2575 2574/2574 2572/2572
f 2572/2572 2574/2574 2573/2573
f 2573/2573 2455/2455 2459/2459
f 2454/2454 2450/2450 2449/2449
f 2392/2392 2393/2393 2394/2394
f 2277/2277 2275/2275 2276/2276
f 3091/3091 3092/3092 3068/3068
f 3207/3207 3276/3276 3285/3285
f 3276/3276 3281/3281 3285/3285
f 3281/3281 3283/3283 3286/3286
f 3283/3283 3284/3284 3289/3289
f 3284/3284 3324/3324 3289/3289
f 3284/3284 3346/3346 3324/3324
f 3324/3324 3346/3346 3350/3350
f 3348/3348 3485/3485 3486/3486
f 3494/3494 3495/3495 3501/3501
f 3544/3544 3543/3543 3545/3545
f 3544/3544 3676/3676 3543/3543
f 3677/3677 3678/3678 3679/3679
f 3678/3678 3674/3674 3749/3749
f 3928/3928 3926/3926 3929/3929
f 5475/5599 5371/5495 5372/5496
f 2868/2868 2720/2720 2760/2760
f 2721/2721 2722/2722 2723/2723
f 2723/2723 2679/2679 2724/2724
f 2679/2679 2725/2725 2724/2724
f 2678/2678 2728/2728 2725/2725
f 2444/2444 2446/2446 2445/2445
f 2399/2399 2277/2277 2276/2276
f 2394/2394 2277/2277 2399/2399
f 3069/3069 3071/3071 3068/3068
f 3679/3679 3678/3678 3681/3681
f 3678/3678 3749/3749 3681/3681
f 3753/3753 3823/3823 3752/3752
f 3823/3823 3824/3824 3752/3752
f 3824/3824 3843/3843 3842/3842
f 3842/3842 3843/3843 3840/3840
f 3925/3925 3928/3928 3836/3836
f 3919/3919 3903/3903 3906/3906
f 3906/3906 3902/3902 3907/3907
f 3902/3902 3908/3908 3907/3907
f 3908/3908 4212/4212 3992/3992
f 5604/5728 5545/5669 5547/5671
f 5549/5673 5513/5637 5511/5635
f 5515/5639 5513/5637 5549/5673
f 5371/5495 5373/5497 5372/5496
f 4081/4081 4080/4080 4082/4082
f 2876/2876 2877/2877 2878/2878
f 2876/2876 2873/2873 2877/2877
f 2869/2869 2715/2715 2867/2867
f 2715/2715 2761/2761 2867/2867
f 2761/2761 2868/2868 2760/2760
f 2720/2720 2721/2721 2757/2757
f 2721/2721 2723/2723 2757/2757
f 2728/2728 2576/2576 2575/2575
f 2572/2572 2573/2573 2571/2571
f 2455/2455 2454/2454 2456/2456
f 2454/2454 2449/2449 2456/2456
f 2449/2449 2444/2444 2443/2443
f 3068/3068 3092/3092 3070/3070
f 3092/3092 3205/3205 3204/3204
f 3210/3210 3205/3205 3092/3092
f 3205/3205 3207/3207 3285/3285
f 3285/3285 3281/3281 3286/3286
f 3288/3288 3283/3283 3289/3289
f 3483/3483 3492/3492 3482/3482
f 3543/3543 3679/3679 3680/3680
f 3674/3674 3750/3750 3749/3749
f 3925/3925 3836/3836 3839/3839
f 3919/3919 3906/3906 3918/3918
f 4212/4212 4324/4324 4323/4323
f 4169/4169 4131/4131 4168/4168
f 4168/4168 4132/4132 4134/4134
f 4131/4131 4132/4132 4168/4168
f 4132/4132 4133/4133 4134/4134
f 5548/5672 5515/5639 5549/5673
f 5513/5637 5475/5599 5512/5636
f 5367/5491 5368/5492 5361/5485
f 5368/5492 5630/5754 5361/5485
f 2575/2575 2572/2572 2570/2570
f 2573/2573 3034/3034 2571/2571
f 2573/2573 2459/2459 3034/3034
f 2444/2444 2445/2445 2442/2442
f 3204/3204 3205/3205 3100/3100
f 3205/3205 3285/3285 3100/3100
f 3286/3286 3283/3283 3288/3288
f 3324/3324 3350/3350 3323/3323
f 3348/3348 3486/3486 3351/3351
f 3485/3485 3483/3483 3486/3486
f 3492/3492 3494/3494 3482/3482
f 3494/3494 3501/3501 3482/3482
f 3502/3502 3504/3504 3503/3503
f 3752/3752 3824/3824 3825/3825
f 3840/3840 3925/3925 3839/3839
f 3928/3928 3929/3929 3930/3930
f 3929/3929 3919/3919 3918/3918
f 3918/3918 3906/3906 3911/3911
f 3907/3907 3908/3908 3909/3909
f 3908/3908 3992/3992 3909/3909
f 4134/4134 4133/4133 4081/4081
f 5604/5728 5547/5671 5603/5727
f 5513/5637 5512/5636 5511/5635
f 5361/5485 5630/5754 4380/5755
f 5630/5754 4379/5760 4380/5755
f 2869/2869 2867/2867 2870/2870
f 2867/2867 2761/2761 2864/2864
f 2720/2720 2759/2759 2760/2760
f 2720/2720 2757/2757 2758/2758
f 2724/2724 2725/2725 2726/2726
f 2728/2728 2575/2575 2727/2727
f 2572/2572 2571/2571 2570/2570
f 2459/2459 2455/2455 2456/2456
f 3071/3071 3069/3069 2278/2278
f 3068/3068 3070/3070 3069/3069
f 3289/3289 3324/3324 3323/3323
f 3482/3482 3501/3501 3480/3480
f 3545/3545 3543/3543 3541/3541
f 3680/3680 3679/3679 3681/3681
f 3824/3824 3842/3842 3825/3825
f 3840/3840 3839/3839 3841/3841
f 3906/3906 3907/3907 3911/3911
f 3992/3992 4212/4212 3991/3991
f 4212/4212 4323/4323 3991/3991
f 5373/5497 5367/5491 5374/5498
f 2759/2759 2720/2720 2758/2758
f 2723/2723 2724/2724 2750/2750
f 2750/2750 2724/2724 2726/2726
f 2725/2725 2728/2728 2727/2727
f 2575/2575 2729/2729 2727/2727
f 2575/2575 2570/2570 2729/2729
f 2456/2456 2449/2449 2457/2457
f 2449/2449 2443/2443 2457/2457
f 2444/2444 2442/2442 2443/2443
f 3069/3069 3070/3070 3067/3067
f 3204/3204 3100/3100 3098/3098
f 3100/3100 3285/3285 3203/3203
f 3285/3285 3286/3286 3203/3203
f 3346/3346 3348/3348 3351/3351
f 3483/3483 3484/3484 3486/3486
f 3483/3483 3482/3482 3484/3484
f 3480/3480 3502/3502 3503/3503
f 3501/3501 3502/3502 3480/3480
f 3749/3749 3750/3750 3686/3686
f 4380/4380 4169/4169 4167/4167
f 4379/4379 4169/4169 4380/4380
f 4169/4169 4168/4168 4167/4167
f 5603/5727 5547/5671 5552/5676
f 5547/5671 5548/5672 5549/5673
f 4081/4081 4082/4082 4083/4083
f 2878/2878 2877/2877 2872/2872
f 2723/2723 2750/2750 2757/2757
f 2571/2571 3034/3034 2568/2568
f 2459/2459 2456/2456 2458/2458
f 2442/2442 2445/2445 2440/2440
f 2445/2445 2395/2395 2440/2440
f 2394/2394 2399/2399 2398/2398
f 2276/2276 2275/2275 2274/2274
f 2278/2278 3069/3069 2272/2272
f 3069/3069 3067/3067 2272/2272
f 3092/3092 3204/3204 3070/3070
f 3204/3204 3098/3098 3094/3094
f 3289/3289 3323/3323 3291/3291
f 3323/3323 3350/3350 3321/3321
f 3346/3346 3351/3351 3350/3350
f 3484/3484 3482/3482 3481/3481
f 3481/3481 3482/3482 3480/3480
f 3480/3480 3503/3503 3358/3358
f 3504/3504 3545/3545 3503/3503
f 3545/3545 3541/3541 3503/3503
f 3541/3541 3543/3543 3542/3542
f 3543/3543 3680/3680 3542/3542
f 3749/3749 3686/3686 3684/3684
f 3752/3752 3825/3825 3826/3826
f 3842/3842 3840/3840 3841/3841
f 3841/3841 3839/3839 3837/3837
f 5552/5676 5547/5671 5550/5674
f 5547/5671 5549/5673 5550/5674
f 5475/5599 5372/5496 5476/5600
f 4082/4082 2878/2878 4083/4083
f 2877/2877 2873/2873 2872/2872
f 2873/2873 2870/2870 2872/2872
f 2726/2726 2725/2725 2727/2727
f 2729/2729 2570/2570 2569/2569
f 2570/2570 2571/2571 2568/2568
f 3034/3034 2459/2459 3035/3035
f 3035/3035 2459/2459 2460/2460
f 2459/2459 2458/2458 2460/2460
f 2458/2458 2456/2456 2457/2457
f 2457/2457 2443/2443 2441/2441
f 2443/2443 2442/2442 2441/2441
f 2275/2275 2278/2278 2273/2273
f 3067/3067 3070/3070 3093/3093
f 3070/3070 3204/3204 3094/3094
f 3289/3289 3291/3291 3288/3288
f 3351/3351 3353/3353 3352/3352
f 3351/3351 3486/3486 3353/3353
f 3681/3681 3749/3749 3683/3683
f 3750/3750 3751/3751 3748/3748
f 3750/3750 3752/3752 3751/3751
f 3751/3751 3752/3752 3826/3826
f 3825/3825 3827/3827 3826/3826
f 3825/3825 3842/3842 3827/3827
f 3836/3836 3928/3928 3838/3838
f 3928/3928 3930/3930 3838/3838
f 3929/3929 3918/3918 3930/3930
f 5511/5635 5512/5636 5509/5633
f 5367/5491 5361/5485 5374/5498
f 2870/2870 2867/2867 2871/2871
f 2867/2867 2864/2864 2866/2866
f 2864/2864 2761/2761 2762/2762
f 2760/2760 2759/2759 2761/2761
f 2758/2758 2757/2757 2756/2756
f 2570/2570 2568/2568 2569/2569
f 2568/2568 3034/3034 2567/2567
f 3034/3034 3035/3035 2567/2567
f 2394/2394 2398/2398 2397/2397
f 2399/2399 2276/2276 2274/2274
f 2274/2274 2275/2275 2273/2273
f 2278/2278 2272/2272 2273/2273
f 3203/3203 3286/3286 3287/3287
f 3286/3286 3288/3288 3287/3287
f 3291/3291 3323/3323 3322/3322
f 3486/3486 3484/3484 3353/3353
f 3481/3481 3480/3480 3355/3355
f 3480/3480 3358/3358 3355/3355
f 3358/3358 3503/3503 3505/3505
f 3680/3680 3681/3681 3682/3682
f 3681/3681 3683/3683 3682/3682
f 3839/3839 3836/3836 3837/3837
f 3911/3911 3907/3907 3910/3910
f 3907/3907 3909/3909 3910/3910
f 3909/3909 3992/3992 3989/3989
f 4134/4134 4081/4081 4084/4084
f 5476/5600 5372/5496 5375/5499
f 5372/5496 5373/5497 5375/5499
f 5373/5497 5374/5498 5376/5500
f 2872/2872 2870/2870 2871/2871
f 2867/2867 2866/2866 2871/2871
f 2759/2759 2758/2758 2765/2765
f 2758/2758 2756/2756 2765/2765
f 2756/2756 2757/2757 2754/2754
f 2750/2750 2726/2726 2749/2749
f 2726/2726 2727/2727 3015/3015
f 2727/2727 2729/2729 2569/2569
f 2569/2569 2568/2568 2566/2566
f 2566/2566 2568/2568 2567/2567
f 3093/3093 3070/3070 3094/3094
f 3288/3288 3291/3291 3290/3290
f 3322/3322 3323/3323 3321/3321
f 3503/3503 3541/3541 3506/3506
f 3542/3542 3680/3680 3682/3682
f 3683/3683 3749/3749 3684/3684
f 3750/3750 3748/3748 3686/3686
f 3827/3827 3842/3842 3829/3829
f 3842/3842 3841/3841 3829/3829
f 3836/3836 3838/3838 3837/3837
f 3930/3930 3918/3918 3912/3912
f 3918/3918 3911/3911 3912/3912
f 3989/3989 3992/3992 3991/3991
f 4168/4168 4134/4134 4135/4135
f 4134/4134 4084/4084 4135/4135
f 5475/5599 5476/5600 5512/5636
f 5376/5500 5374/5498 5377/5501
f 2878/2878 2872/2872 3005/3005
f 2761/2761 2759/2759 2762/2762
f 2757/2757 2750/2750 2754/2754
f 2440/2440 2395/2395 3038/3038
f 3067/3067 3093/3093 3046/3046
f 3094/3094 3098/3098 3095/3095
f 3095/3095 3098/3098 3097/3097
f 3291/3291 3322/3322 3290/3290
f 3321/3321 3350/3350 3319/3319
f 3350/3350 3351/3351 3319/3319
f 3351/3351 3352/3352 3319/3319
f 3484/3484 3481/3481 3355/3355
f 3505/3505 3503/3503 3506/3506
f 3542/3542 3682/3682 3540/3540
f 3829/3829 3841/3841 3831/3831
f 3910/3910 3909/3909 3914/3914
f 4084/4084 4083/4083 4085/4085
f 4083/4083 2878/2878 3005/3005
f 2866/2866 2864/2864 2865/2865
f 2727/2727 2730/2730 3015/3015
f 2727/2727 2569/2569 2730/2730
f 2458/2458 2457/2457 2461/2461
f 2441/2441 2442/2442 2440/2440
f 2395/2395 2396/2396 3038/3038
f 2395/2395 2394/2394 2396/2396
f 2394/2394 2397/2397 2396/2396
f 3093/3093 3094/3094 3095/3095
f 3100/3100 3203/3203 3099/3099
f 3484/3484 3355/3355 3366/3366
f 3541/3541 3542/3542 3540/3540
f 3682/3682 3683/3683 3687/3687
f 3683/3683 3684/3684 3685/3685
f 3684/3684 3686/3686 3685/3685
f 3751/3751 3826/3826 3748/3748
f 3841/3841 3837/3837 3831/3831
f 3837/3837 3838/3838 3931/3931
f 3911/3911 3910/3910 3912/3912
f 3909/3909 3989/3989 3914/3914
f 2120/5763 5603/5727 5602/5726
f 5550/5674 5549/5673 5510/5634
f 5549/5673 5511/5635 5510/5634
f 5361/5485 4380/5755 4381/5756
f 4083/4083 3005/3005 4085/4085
f 2872/2872 2871/2871 2879/2879
f 2871/2871 2866/2866 2880/2880
f 2762/2762 2759/2759 2763/2763
f 2759/2759 2764/2764 2763/2763
f 2759/2759 2765/2765 2764/2764
f 2764/2764 2765/2765 2755/2755
f 2765/2765 2756/2756 2755/2755
f 2754/2754 2750/2750 2751/2751
f 2750/2750 2749/2749 2751/2751
f 2569/2569 2731/2731 2730/2730
f 2569/2569 2566/2566 2731/2731
f 2566/2566 2567/2567 2564/2564
f 2567/2567 3035/3035 2564/2564
f 2457/2457 2441/2441 2461/2461
f 2397/2397 2398/2398 2400/2400
f 2398/2398 2399/2399 2400/2400
f 2399/2399 2274/2274 2400/2400
f 2272/2272 3067/3067 3046/3046
f 3046/3046 3093/3093 3095/3095
f 3097/3097 3098/3098 3099/3099
f 3098/3098 3100/3100 3099/3099
f 3287/3287 3288/3288 3201/3201
f 3201/3201 3288/3288 3292/3292
f 3288/3288 3290/3290 3292/3292
f 3321/3321 3319/3319 3320/3320
f 3319/3319 3352/3352 3317/3317
f 3484/3484 3366/3366 3353/3353
f 3686/3686 3748/3748 3685/3685
f 3748/3748 3826/3826 3691/3691
f 3838/3838 3930/3930 3931/3931
f 4167/4167 4168/4168 4146/4146
f 4168/4168 4135/4135 4146/4146
f 5552/5676 5550/5674 5551/5675
f 5511/5635 5509/5633 5510/5634
f 2879/2879 2871/2871 2880/2880
f 2866/2866 2865/2865 2880/2880
f 2748/2748 2726/2726 2747/2747
f 2749/2749 2726/2726 2748/2748
f 2726/2726 3015/3015 2747/2747
f 2731/2731 2566/2566 2565/2565
f 2566/2566 2564/2564 2565/2565
f 3035/3035 2460/2460 2462/2462
f 2460/2460 2461/2461 2462/2462
f 2460/2460 2458/2458 2461/2461
f 2461/2461 2441/2441 2439/2439
f 2441/2441 2440/2440 2439/2439
f 2274/2274 2273/2273 2270/2270
f 2273/2273 2272/2272 2270/2270
f 3099/3099 3203/3203 3202/3202
f 3203/3203 3287/3287 3202/3202
f 3322/3322 3321/3321 3295/3295
f 3295/3295 3321/3321 3294/3294
f 3685/3685 3748/3748 3691/3691
f 3931/3931 3930/3930 3932/3932
f 3910/3910 3914/3914 3913/3913
f 3989/3989 3991/3991 3990/3990
f 3990/3990 4323/4323 4322/4322
f 3991/3991 4323/4323 3990/3990
f 4381/4381 4167/4167 4166/4166
f 4380/4380 4167/4167 4381/4381
f 4167/4167 4146/4146 4166/4166
f 927/927 2120/2120 2121/2121
f 2120/5763 5602/5726 2121/5762
f 5374/5498 5361/5485 5377/5501
f 2865/2865 2864/2864 2863/2863
f 2864/2864 2762/2762 2863/2863
f 2756/2756 2754/2754 2755/2755
f 2754/2754 2751/2751 2753/2753
f 2565/2565 2564/2564 2563/2563
f 2564/2564 3036/3036 2562/2562
f 2564/2564 3035/3035 3036/3036
f 3035/3035 2462/2462 3036/3036
f 2272/2272 3046/3046 2271/2271
f 3095/3095 3097/3097 3096/3096
f 3287/3287 3201/3201 3106/3106
f 3290/3290 3322/3322 3293/3293
f 3322/3322 3295/3295 3293/3293
f 3321/3321 3320/3320 3294/3294
f 3319/3319 3317/3317 3320/3320
f 3352/3352 3353/3353 3354/3354
f 3541/3541 3540/3540 3508/3508
f 3682/3682 3687/3687 3539/3539
f 3691/3691 3826/3826 3747/3747
f 3747/3747 3827/3827 3828/3828
f 3826/3826 3827/3827 3747/3747
f 3827/3827 3829/3829 3828/3828
f 3930/3930 3912/3912 3932/3932
f 3912/3912 3910/3910 3913/3913
f 3913/3913 3914/3914 3915/3915
f 5373/5497 5376/5500 5375/5499
f 2880/2880 2865/2865 2881/2881
f 2865/2865 2863/2863 2881/2881
f 2755/2755 2754/2754 2753/2753
f 2730/2730 2731/2731 2732/2732
f 2563/2563 2564/2564 2562/2562
f 2274/2274 2270/2270 2400/2400
f 2270/2270 2272/2272 2271/2271
f 3202/3202 3287/3287 3106/3106
f 3355/3355 3357/3357 3356/3356
f 3355/3355 3358/3358 3357/3357
f 3358/3358 3505/3505 3361/3361
f 3505/3505 3506/3506 3361/3361
f 3682/3682 3539/3539 3540/3540
f 3683/3683 3685/3685 3687/3687
f 3831/3831 3837/3837 3833/3833
f 3837/3837 3931/3931 3835/3835
f 3932/3932 3912/3912 3933/3933
f 3912/3912 3913/3913 3933/3933
f 3989/3989 3990/3990 3988/3988
f 927/927 2121/2121 925/925
f 5551/5675 5550/5674 5510/5634
f 2863/2863 2762/2762 2860/2860
f 2762/2762 2763/2763 2860/2860
f 3015/3015 2730/2730 2732/2732
f 2732/2732 2731/2731 2733/2733
f 2731/2731 2565/2565 2563/2563
f 2462/2462 2461/2461 2463/2463
f 3046/3046 3095/3095 2125/2125
f 3097/3097 3099/3099 3101/3101
f 3106/3106 3201/3201 3105/3105
f 3201/3201 3292/3292 3105/3105
f 3290/3290 3293/3293 3292/3292
f 3317/3317 3352/3352 3318/3318
f 3689/3689 3685/3685 3690/3690
f 3685/3685 3691/3691 3690/3690
f 3829/3829 3831/3831 3830/3830
f 3833/3833 3837/3837 3835/3835
f 3931/3931 3932/3932 3835/3835
f 3914/3914 3989/3989 3988/3988
f 5602/5726 5603/5727 5599/5723
f 5603/5727 5552/5676 5599/5723
f 5552/5676 5551/5675 5553/5677
f 5512/5636 5476/5600 5507/5631
f 5476/5600 5375/5499 5378/5502
f 5378/5502 5375/5499 5376/5500
f 3005/3005 2882/2882 2946/2946
f 3005/3005 2872/2872 2882/2882
f 2872/2872 2879/2879 2882/2882
f 2879/2879 2880/2880 2881/2881
f 2860/2860 2763/2763 2767/2767
f 2763/2763 2764/2764 2767/2767
f 2767/2767 2764/2764 2766/2766
f 2764/2764 2755/2755 2766/2766
f 2755/2755 2753/2753 2766/2766
f 2752/2752 2749/2749 2748/2748
f 2751/2751 2749/2749 2752/2752
f 2747/2747 3015/3015 2732/2732
f 2461/2461 2439/2439 2463/2463
f 2439/2439 2440/2440 2437/2437
f 2440/2440 3038/3038 2437/2437
f 2400/2400 2270/2270 2268/2268
f 2125/2125 3095/3095 3096/3096
f 3099/3099 3202/3202 3101/3101
f 3292/3292 3293/3293 3200/3200
f 3294/3294 3320/3320 3297/3297
f 3320/3320 3317/3317 3297/3297
f 3353/3353 3366/3366 3354/3354
f 3506/3506 3541/3541 3508/3508
f 3539/3539 3687/3687 3688/3688
f 3687/3687 3685/3685 3689/3689
f 3691/3691 3747/3747 3690/3690
f 3747/3747 3828/3828 3746/3746
f 3828/3828 3829/3829 3830/3830
f 4146/4146 4135/4135 4136/4136
f 4135/4135 4084/4084 4136/4136
f 5599/5723 5552/5676 5553/5677
f 5509/5633 5512/5636 5507/5631
f 4084/4084 4085/4085 4086/4086
f 4085/4085 3005/3005 4086/4086
f 4086/4086 3005/3005 2946/2946
f 2881/2881 2863/2863 2862/2862
f 2766/2766 2753/2753 2769/2769
f 2753/2753 2751/2751 2752/2752
f 2733/2733 2731/2731 2561/2561
f 2731/2731 2563/2563 2561/2561
f 2561/2561 2562/2562 2559/2559
f 2563/2563 2562/2562 2561/2561
f 3036/3036 2462/2462 2466/2466
f 2462/2462 2463/2463 2466/2466
f 2439/2439 2437/2437 2438/2438
f 2437/2437 3038/3038 2396/2396
f 2401/2401 2400/2400 2402/2402
f 2397/2397 2400/2400 2401/2401
f 2270/2270 2271/2271 2269/2269
f 2271/2271 2125/2125 2269/2269
f 2271/2271 3046/3046 2125/2125
f 3106/3106 3105/3105 3104/3104
f 3105/3105 3292/3292 3200/3200
f 3366/3366 3355/3355 3356/3356
f 3357/3357 3358/3358 3361/3361
f 3540/3540 3539/3539 3537/3537
f 3914/3914 3988/3988 3915/3915
f 3988/3988 3990/3990 4213/4213
f 3990/3990 4322/4322 4213/4213
f 5361/5485 4381/5756 5631/5757
f 2879/2879 2881/2881 2882/2882
f 2881/2881 2862/2862 2884/2884
f 2860/2860 2767/2767 2861/2861
f 2767/2767 2766/2766 2768/2768
f 2766/2766 2769/2769 2768/2768
f 2562/2562 3036/3036 2559/2559
f 2463/2463 2439/2439 2464/2464
f 2396/2396 2397/2397 2401/2401
f 3096/3096 3097/3097 2127/2127
f 3097/3097 3101/3101 2127/2127
f 3106/3106 3104/3104 3202/3202
f 3293/3293 3295/3295 3294/3294
f 3318/3318 3352/3352 3368/3368
f 3352/3352 3354/3354 3368/3368
f 3687/3687 3689/3689 3688/3688
f 3690/3690 3747/3747 3746/3746
f 3833/3833 3835/3835 3834/3834
f 4166/4166 4146/4146 4145/4145
f 4146/4146 4136/4136 4145/4145
f 2121/5762 5602/5726 5601/5725
f 5602/5726 5599/5723 5601/5725
f 5551/5675 5510/5634 5555/5679
f 2882/2882 2881/2881 2883/2883
f 2881/2881 2884/2884 2883/2883
f 2767/2767 2768/2768 2861/2861
f 2769/2769 2753/2753 2752/2752
f 2559/2559 3036/3036 2466/2466
f 2466/2466 2463/2463 2465/2465
f 2465/2465 2463/2463 2464/2464
f 2439/2439 2438/2438 2464/2464
f 2127/2127 3101/3101 2130/2130
f 3101/3101 3202/3202 2130/2130
f 3540/3540 3537/3537 3508/3508
f 3830/3830 3831/3831 3701/3701
f 3831/3831 3833/3833 3832/3832
f 3832/3832 3833/3833 3834/3834
f 4381/4381 4166/4166 4165/4165
f 4166/4166 4145/4145 4165/4165
f 5476/5600 5378/5502 5477/5601
f 5361/5485 5631/5757 5363/5487
f 5631/5757 4381/5756 4377/5759
f 2946/2946 2882/2882 2945/2945
f 2883/2883 2884/2884 2885/2885
f 2863/2863 2860/2860 2862/2862
f 2561/2561 2559/2559 2560/2560
f 2464/2464 2438/2438 2436/2436
f 2400/2400 2268/2268 2402/2402
f 2270/2270 2269/2269 2268/2268
f 3096/3096 2127/2127 2125/2125
f 3200/3200 3293/3293 3109/3109
f 3293/3293 3294/3294 3296/3296
f 3294/3294 3297/3297 3296/3296
f 3297/3297 3317/3317 3298/3298
f 3366/3366 3356/3356 3354/3354
f 3361/3361 3506/3506 3479/3479
f 3539/3539 3688/3688 3538/3538
f 4381/4381 4165/4165 4377/4377
f 5553/5677 5551/5675 5554/5678
f 5378/5502 5376/5500 5379/5503
f 5376/5500 5377/5501 5379/5503
f 5377/5501 5361/5485 5362/5486
f 5361/5485 5363/5487 5362/5486
f 4086/4086 2946/2946 2947/2947
f 2947/2947 2946/2946 2945/2945
f 2884/2884 2862/2862 2885/2885
f 2862/2862 2860/2860 2859/2859
f 2747/2747 2732/2732 2744/2744
f 2732/2732 2733/2733 2744/2744
f 2559/2559 2466/2466 2467/2467
f 2466/2466 2465/2465 2467/2467
f 2401/2401 2434/2434 2396/2396
f 2269/2269 2125/2125 2126/2126
f 2130/2130 3202/3202 2135/2135
f 3202/3202 3104/3104 2135/2135
f 3104/3104 3105/3105 3103/3103
f 3105/3105 3200/3200 3103/3103
f 3103/3103 3200/3200 3109/3109
f 3109/3109 3293/3293 3296/3296
f 3296/3296 3297/3297 3298/3298
f 3298/3298 3317/3317 3304/3304
f 3317/3317 3318/3318 3304/3304
f 3356/3356 3357/3357 3359/3359
f 3359/3359 3357/3357 3360/3360
f 3357/3357 3361/3361 3360/3360
f 3479/3479 3506/3506 3507/3507
f 3506/3506 3508/3508 3507/3507
f 3508/3508 3537/3537 3509/3509
f 3539/3539 3538/3538 3537/3537
f 3689/3689 3692/3692 3688/3688
f 3689/3689 3690/3690 3692/3692
f 3746/3746 3828/3828 3745/3745
f 3828/3828 3830/3830 3745/3745
f 3701/3701 3831/3831 3832/3832
f 3835/3835 3932/3932 3834/3834
f 3932/3932 3933/3933 3834/3834
f 3913/3913 3915/3915 3916/3916
f 3988/3988 4213/4213 3915/3915
f 5599/5723 5553/5677 5554/5678
f 5510/5634 5509/5633 5508/5632
f 5478/5602 5378/5502 5379/5503
f 2860/2860 2861/2861 2858/2858
f 2769/2769 2752/2752 2771/2771
f 2752/2752 2748/2748 2746/2746
f 2748/2748 2747/2747 2746/2746
f 2744/2744 2733/2733 2734/2734
f 2733/2733 2561/2561 2734/2734
f 2734/2734 2561/2561 2735/2735
f 2561/2561 2560/2560 2735/2735
f 2438/2438 2437/2437 2436/2436
f 2437/2437 2396/2396 2435/2435
f 2402/2402 2268/2268 2403/2403
f 2125/2125 2127/2127 2126/2126
f 2127/2127 2130/2130 2129/2129
f 2135/2135 3104/3104 3102/3102
f 3102/3102 3104/3104 3103/3103
f 3103/3103 3109/3109 3108/3108
f 3304/3304 3318/3318 3368/3368
f 3354/3354 3367/3367 3368/3368
f 3354/3354 3356/3356 3367/3367
f 3356/3356 3359/3359 3367/3367
f 3361/3361 3479/3479 3360/3360
f 3690/3690 3746/3746 3698/3698
f 3745/3745 3830/3830 3701/3701
f 3832/3832 3834/3834 3934/3934
f 3834/3834 3933/3933 3917/3917
f 3933/3933 3913/3913 3917/3917
f 3913/3913 3916/3916 3917/3917
f 4213/4213 4322/4322 4308/4308
f 5508/5632 5509/5633 5507/5631
f 2882/2882 2942/2942 2945/2945
f 2882/2882 2883/2883 2942/2942
f 2860/2860 2858/2858 2859/2859
f 2861/2861 2768/2768 2858/2858
f 2560/2560 2559/2559 2558/2558
f 2559/2559 2467/2467 2558/2558
f 2401/2401 2402/2402 2404/2404
f 2403/2403 2268/2268 2266/2266
f 2268/2268 2267/2267 2266/2266
f 2126/2126 2127/2127 2128/2128
f 2128/2128 2127/2127 2129/2129
f 2130/2130 2135/2135 2131/2131
f 2134/2134 2135/2135 2137/2137
f 3109/3109 3296/3296 3300/3300
f 3296/3296 3299/3299 3300/3300
f 3296/3296 3298/3298 3299/3299
f 3298/3298 3304/3304 3299/3299
f 3507/3507 3508/3508 3509/3509
f 3688/3688 3515/3515 3538/3538
f 3688/3688 3536/3536 3515/3515
f 3688/3688 3692/3692 3536/3536
f 3692/3692 3690/3690 3694/3694
f 3690/3690 3698/3698 3694/3694
f 3746/3746 3700/3700 3698/3698
f 3746/3746 3745/3745 3700/3700
f 3745/3745 3702/3702 3700/3700
f 3745/3745 3701/3701 3702/3702
f 3701/3701 3832/3832 3744/3744
f 3832/3832 3934/3934 3744/3744
f 3834/3834 3917/3917 3934/3934
f 3916/3916 3915/3915 3987/3987
f 3915/3915 4213/4213 3987/3987
f 5554/5678 5551/5675 5555/5679
f 2942/2942 2883/2883 2943/2943
f 2883/2883 2885/2885 2943/2943
f 2768/2768 2770/2770 2858/2858
f 2768/2768 2769/2769 2770/2770
f 2769/2769 2771/2771 2770/2770
f 2771/2771 2752/2752 2772/2772
f 2752/2752 2746/2746 2772/2772
f 2746/2746 2747/2747 2744/2744
f 2130/2130 2131/2131 2129/2129
f 2131/2131 2135/2135 2134/2134
f 2135/2135 3102/3102 2137/2137
f 3304/3304 3368/3368 3316/3316
f 3368/3368 3369/3369 3316/3316
f 3367/3367 3359/3359 3364/3364
f 3359/3359 3360/3360 3362/3362
f 3360/3360 3479/3479 3363/3363
f 3509/3509 3537/3537 3515/3515
f 3537/3537 3538/3538 3515/3515
f 3536/3536 3692/3692 3693/3693
f 3744/3744 3934/3934 3936/3936
f 3934/3934 3917/3917 3935/3935
f 5555/5679 5508/5632 5557/5681
f 5555/5679 5510/5634 5508/5632
f 5477/5601 5378/5502 5478/5602
f 4087/4087 4086/4086 4088/4088
f 4086/4086 2947/2947 4088/4088
f 2885/2885 2862/2862 2886/2886
f 2886/2886 2859/2859 2889/2889
f 2862/2862 2859/2859 2886/2886
f 2735/2735 2737/2737 2736/2736
f 2735/2735 2560/2560 2737/2737
f 2560/2560 2558/2558 2737/2737
f 2558/2558 2467/2467 2557/2557
f 2465/2465 2464/2464 2436/2436
f 2436/2436 2437/2437 2435/2435
f 2435/2435 2396/2396 2434/2434
f 2434/2434 2401/2401 3039/3039
f 2404/2404 2402/2402 2403/2403
f 2268/2268 2269/2269 2267/2267
f 2131/2131 2134/2134 2133/2133
f 3109/3109 3107/3107 3108/3108
f 3109/3109 3300/3300 3107/3107
f 3368/3368 3370/3370 3369/3369
f 3368/3368 3367/3367 3370/3370
f 3359/3359 3362/3362 3364/3364
f 3360/3360 3363/3363 3362/3362
f 3479/3479 3507/3507 3363/3363
f 3507/3507 3509/3509 3510/3510
f 3509/3509 3515/3515 3510/3510
f 3692/3692 3694/3694 3693/3693
f 3694/3694 3698/3698 3695/3695
f 3700/3700 3702/3702 3719/3719
f 3701/3701 3703/3703 3702/3702
f 3917/3917 3916/3916 3935/3935
f 4136/4136 4087/4087 4137/4137
f 925/925 2121/2121 2117/2117
f 2121/5762 5601/5725 2117/5768
f 2942/2942 2943/2943 2940/2940
f 2940/2940 2943/2943 2887/2887
f 2943/2943 2885/2885 2887/2887
f 2467/2467 2465/2465 2468/2468
f 2267/2267 2269/2269 2265/2265
f 2265/2265 2269/2269 3047/3047
f 2269/2269 2126/2126 3047/3047
f 2134/2134 2136/2136 2133/2133
f 2134/2134 2137/2137 2136/2136
f 3102/3102 3103/3103 3107/3107
f 3103/3103 3108/3108 3107/3107
f 3300/3300 3299/3299 3301/3301
f 3301/3301 3304/3304 3302/3302
f 3299/3299 3304/3304 3301/3301
f 3370/3370 3367/3367 3364/3364
f 3362/3362 3363/3363 3365/3365
f 3507/3507 3510/3510 3511/3511
f 3695/3695 3698/3698 3699/3699
f 3698/3698 3700/3700 3699/3699
f 3703/3703 3701/3701 3744/3744
f 3936/3936 3934/3934 3937/3937
f 3934/3934 3935/3935 3937/3937
f 3987/3987 4213/4213 3939/3939
f 4377/4377 4165/4165 4164/4164
f 4165/4165 4145/4145 4164/4164
f 5599/5723 5554/5678 5556/5680
f 5554/5678 5555/5679 5556/5680
f 5379/5503 5377/5501 5362/5486
f 2885/2885 2886/2886 2887/2887
f 2734/2734 2735/2735 2736/2736
f 2467/2467 2468/2468 2557/2557
f 2465/2465 2436/2436 2469/2469
f 2436/2436 2433/2433 2469/2469
f 2436/2436 2435/2435 2433/2433
f 2433/2433 2435/2435 2434/2434
f 2137/2137 3102/3102 3110/3110
f 3102/3102 3107/3107 3110/3110
f 3107/3107 3300/3300 3199/3199
f 3304/3304 3316/3316 3303/3303
f 3693/3693 3694/3694 3695/3695
f 3700/3700 3719/3719 3699/3699
f 3938/3938 3916/3916 3939/3939
f 3916/3916 3987/3987 3939/3939
f 4213/4213 4306/4306 4214/4214
f 4213/4213 4308/4308 4306/4306
f 4164/4164 4145/4145 4144/4144
f 4145/4145 4136/4136 4144/4144
f 925/925 2117/2117 924/924
f 4087/4087 4088/4088 4089/4089
f 4088/4088 2947/2947 4090/4090
f 2859/2859 2857/2857 2889/2889
f 2859/2859 2858/2858 2857/2857
f 2858/2858 2856/2856 2857/2857
f 2858/2858 2770/2770 2856/2856
f 2772/2772 2746/2746 2773/2773
f 2734/2734 2736/2736 2742/2742
f 2737/2737 2558/2558 2556/2556
f 2465/2465 2469/2469 2468/2468
f 2401/2401 2404/2404 3039/3039
f 2403/2403 2266/2266 2264/2264
f 3047/3047 2126/2126 2247/2247
f 2126/2126 2128/2128 2247/2247
f 2129/2129 2131/2131 2132/2132
f 3107/3107 3199/3199 3111/3111
f 3199/3199 3300/3300 3305/3305
f 3302/3302 3304/3304 3303/3303
f 3303/3303 3316/3316 3315/3315
f 3316/3316 3369/3369 3315/3315
f 3362/3362 3365/3365 3364/3364
f 3365/3365 3507/3507 3511/3511
f 3363/3363 3507/3507 3365/3365
f 3510/3510 3515/3515 3516/3516
f 3515/3515 3517/3517 3516/3516
f 3515/3515 3536/3536 3517/3517
f 3536/3536 3693/3693 3696/3696
f 3693/3693 3695/3695 3696/3696
f 3937/3937 3935/3935 3938/3938
f 3935/3935 3916/3916 3938/3938
f 3939/3939 4213/4213 4214/4214
f 5476/5600 5505/5629 5507/5631
f 5476/5600 5477/5601 5505/5629
f 5477/5601 5478/5602 5505/5629
f 4089/4089 4088/4088 4090/4090
f 2942/2942 2940/2940 2941/2941
f 2773/2773 2746/2746 2745/2745
f 2744/2744 2734/2734 2742/2742
f 2736/2736 2737/2737 2738/2738
f 2558/2558 2557/2557 2556/2556
f 2556/2556 2557/2557 2554/2554
f 2469/2469 2433/2433 2470/2470
f 2433/2433 2471/2471 2470/2470
f 2247/2247 2128/2128 2245/2245
f 2128/2128 2129/2129 2245/2245
f 3300/3300 3301/3301 3305/3305
f 3301/3301 3302/3302 3305/3305
f 3315/3315 3369/3369 3371/3371
f 3370/3370 3364/3364 3314/3314
f 3744/3744 3936/3936 3706/3706
f 3943/3943 3937/3937 3944/3944
f 3936/3936 3937/3937 3943/3943
f 4144/4144 4136/4136 4137/4137
f 5631/5757 4377/5759 4376/5764
f 2947/2947 2945/2945 2944/2944
f 2944/2944 2942/2942 2941/2941
f 2945/2945 2942/2942 2944/2944
f 2940/2940 2939/2939 2941/2941
f 2857/2857 2856/2856 2855/2855
f 2855/2855 2856/2856 2854/2854
f 2856/2856 2770/2770 2854/2854
f 2746/2746 2744/2744 2745/2745
f 2744/2744 2742/2742 2743/2743
f 2737/2737 2555/2555 2738/2738
f 2737/2737 2556/2556 2555/2555
f 2557/2557 2468/2468 2554/2554
f 3039/3039 2404/2404 2405/2405
f 2266/2266 2265/2265 2264/2264
f 2266/2266 2267/2267 2265/2265
f 2265/2265 3047/3047 2248/2248
f 2248/2248 3047/3047 2247/2247
f 2129/2129 2132/2132 2244/2244
f 2136/2136 2137/2137 2138/2138
f 2137/2137 3110/3110 3112/3112
f 3107/3107 3111/3111 3110/3110
f 3369/3369 3370/3370 3371/3371
f 3364/3364 3365/3365 3372/3372
f 3511/3511 3510/3510 3512/3512
f 3510/3510 3516/3516 3512/3512
f 3517/3517 3519/3519 3516/3516
f 3719/3719 3702/3702 3703/3703
f 3703/3703 3744/3744 3706/3706
f 3706/3706 3936/3936 3943/3943
f 3937/3937 3942/3942 3944/3944
f 3937/3937 3938/3938 3942/3942
f 4377/4377 4164/4164 4376/4376
f 2117/5768 5601/5725 5600/5724
f 5601/5725 5599/5723 5600/5724
f 5555/5679 5557/5681 5556/5680
f 5478/5602 5379/5503 5479/5603
f 4090/4090 2947/2947 2956/2956
f 2947/2947 2944/2944 2956/2956
f 2940/2940 2888/2888 2939/2939
f 2940/2940 2887/2887 2888/2888
f 2887/2887 2886/2886 2888/2888
f 2889/2889 2857/2857 2855/2855
f 2771/2771 3006/3006 2770/2770
f 2771/2771 2772/2772 3006/3006
f 2468/2468 2469/2469 2470/2470
f 2404/2404 2403/2403 2405/2405
f 2403/2403 2264/2264 2405/2405
f 2264/2264 2265/2265 2249/2249
f 2247/2247 2245/2245 2246/2246
f 2245/2245 2129/2129 2244/2244
f 2131/2131 2133/2133 2132/2132
f 2137/2137 3112/3112 2138/2138
f 3112/3112 3110/3110 3113/3113
f 3199/3199 3305/3305 3114/3114
f 3302/3302 3313/3313 3305/3305
f 3302/3302 3303/3303 3313/3313
f 3371/3371 3370/3370 3314/3314
f 3314/3314 3364/3364 3372/3372
f 3365/3365 3511/3511 3477/3477
f 3695/3695 3699/3699 3697/3697
f 3942/3942 3938/3938 3940/3940
f 3938/3938 3939/3939 3940/3940
f 5362/5486 5363/5487 5382/5506
f 2886/2886 2889/2889 2888/2888
f 2745/2745 2744/2744 2743/2743
f 2736/2736 2739/2739 2742/2742
f 2736/2736 2738/2738 2739/2739
f 2556/2556 2554/2554 2555/2555
f 2471/2471 2433/2433 2472/2472
f 2249/2249 2265/2265 2248/2248
f 2247/2247 2246/2246 2248/2248
f 2132/2132 2133/2133 3049/3049
f 3049/3049 2133/2133 2141/2141
f 2133/2133 2136/2136 2141/2141
f 3110/3110 3111/3111 3113/3113
f 3305/3305 3313/3313 3307/3307
f 3315/3315 3311/3311 3303/3303
f 3311/3311 3315/3315 3314/3314
f 3315/3315 3371/3371 3314/3314
f 3314/3314 3372/3372 3373/3373
f 3372/3372 3365/3365 3477/3477
f 3477/3477 3511/3511 3475/3475
f 3511/3511 3512/3512 3475/3475
f 3512/3512 3516/3516 3514/3514
f 3519/3519 3517/3517 3534/3534
f 3517/3517 3536/3536 3534/3534
f 3536/3536 3696/3696 3534/3534
f 3696/3696 3697/3697 3534/3534
f 3696/3696 3695/3695 3697/3697
f 3697/3697 3719/3719 3718/3718
f 3699/3699 3719/3719 3697/3697
f 3719/3719 3704/3704 3718/3718
f 3719/3719 3703/3703 3704/3704
f 3703/3703 3706/3706 3705/3705
f 3706/3706 3943/3943 3709/3709
f 3943/3943 3944/3944 3945/3945
f 5557/5681 5508/5632 5506/5630
f 5506/5630 5507/5631 5505/5629
f 5508/5632 5507/5631 5506/5630
f 2941/2941 2939/2939 2938/2938
f 2939/2939 2888/2888 2938/2938
f 2888/2888 2889/2889 2890/2890
f 2890/2890 2889/2889 2891/2891
f 2889/2889 2855/2855 2891/2891
f 2855/2855 2854/2854 2853/2853
f 2554/2554 2468/2468 2551/2551
f 2468/2468 2470/2470 2477/2477
f 2470/2470 2471/2471 2477/2477
f 2433/2433 2434/2434 2432/2432
f 2434/2434 3040/3040 2432/2432
f 2434/2434 3039/3039 3040/3040
f 3039/3039 2405/2405 3040/3040
f 2405/2405 2264/2264 2262/2262
f 2246/2246 2245/2245 2243/2243
f 3111/3111 3199/3199 3114/3114
f 3303/3303 3311/3311 3313/3313
f 3314/3314 3373/3373 3312/3312
f 3373/3373 3372/3372 3374/3374
f 3374/3374 3372/3372 3477/3477
f 3516/3516 3519/3519 3514/3514
f 3703/3703 3705/3705 3704/3704
f 3709/3709 3943/3943 3743/3743
f 3943/3943 3945/3945 3743/3743
f 3945/3945 3944/3944 3946/3946
f 5505/5629 5478/5602 5480/5604
f 5478/5602 5479/5603 5480/5604
f 5363/5487 5631/5757 5382/5506
f 4137/4137 4089/4089 4091/4091
f 4089/4089 4090/4090 4091/4091
f 2938/2938 2888/2888 2936/2936
f 2888/2888 2890/2890 2936/2936
f 2891/2891 2855/2855 2853/2853
f 2853/2853 2854/2854 2852/2852
f 2854/2854 2770/2770 2852/2852
f 3006/3006 2772/2772 2774/2774
f 2772/2772 2773/2773 2774/2774
f 2743/2743 2742/2742 2741/2741
f 2742/2742 2739/2739 2741/2741
f 2739/2739 2738/2738 2553/2553
f 2738/2738 2555/2555 2553/2553
f 2468/2468 2477/2477 2551/2551
f 2472/2472 2433/2433 2431/2431
f 2433/2433 2432/2432 2431/2431
f 2262/2262 2264/2264 2263/2263
f 2264/2264 2249/2249 2263/2263
f 2248/2248 2246/2246 2249/2249
f 2138/2138 3112/3112 2140/2140
f 3112/3112 3115/3115 2140/2140
f 3112/3112 3113/3113 3115/3115
f 3111/3111 3114/3114 3113/3113
f 3114/3114 3305/3305 3306/3306
f 3305/3305 3307/3307 3306/3306
f 3311/3311 3314/3314 3312/3312
f 3373/3373 3374/3374 3312/3312
f 3512/3512 3514/3514 3513/3513
f 3519/3519 3534/3534 3535/3535
f 3534/3534 3533/3533 3535/3535
f 3534/3534 3697/3697 3533/3533
f 3533/3533 3697/3697 3530/3530
f 3530/3530 3697/3697 3532/3532
f 3697/3697 3720/3720 3532/3532
f 3697/3697 3718/3718 3720/3720
f 3944/3944 3942/3942 3946/3946
f 3942/3942 3940/3940 3941/3941
f 3941/3941 3939/3939 3951/3951
f 3940/3940 3939/3939 3941/3941
f 3939/3939 4214/4214 3951/3951
f 5479/5603 5379/5503 5380/5504
f 5380/5504 5379/5503 5381/5505
f 5379/5503 5362/5486 5381/5505
f 2770/2770 3006/3006 2852/2852
f 2852/2852 3006/3006 2850/2850
f 3006/3006 2774/2774 2850/2850
f 2472/2472 2431/2431 2474/2474
f 2249/2249 2246/2246 2250/2250
f 2246/2246 2251/2251 2250/2250
f 2246/2246 2243/2243 2251/2251
f 2136/2136 2138/2138 2139/2139
f 3514/3514 3519/3519 3518/3518
f 3519/3519 3535/3535 3518/3518
f 3705/3705 3706/3706 3709/3709
f 3743/3743 3945/3945 3710/3710
f 924/924 2117/2117 2116/2116
f 2117/5768 5600/5724 2116/5777
f 5557/5681 5506/5630 5558/5682
f 2853/2853 2852/2852 2851/2851
f 2553/2553 2554/2554 2551/2551
f 2555/2555 2554/2554 2553/2553
f 2551/2551 2477/2477 2478/2478
f 2477/2477 2471/2471 2475/2475
f 2471/2471 2473/2473 2475/2475
f 2471/2471 2472/2472 2473/2473
f 2263/2263 2249/2249 2261/2261
f 2261/2261 2249/2249 2250/2250
f 2132/2132 3049/3049 3048/3048
f 3049/3049 2141/2141 2142/2142
f 2136/2136 2139/2139 2141/2141
f 3115/3115 3113/3113 3116/3116
f 3113/3113 3114/3114 3116/3116
f 3114/3114 3306/3306 3116/3116
f 3718/3718 3711/3711 3720/3720
f 3718/3718 3704/3704 3711/3711
f 3704/3704 3707/3707 3711/3711
f 3704/3704 3705/3705 3707/3707
f 3945/3945 3946/3946 3710/3710
f 4214/4214 4306/4306 4305/4305
f 5556/5680 5557/5681 5558/5682
f 5382/5506 5631/5757 5632/5758
f 5631/5757 4376/5764 5632/5758
f 4137/4137 4091/4091 4138/4138
f 4091/4091 4090/4090 4092/4092
f 4090/4090 2956/2956 4092/4092
f 2944/2944 2941/2941 2948/2948
f 2938/2938 2936/2936 2937/2937
f 2851/2851 2852/2852 2850/2850
f 2741/2741 2739/2739 2740/2740
f 2739/2739 2553/2553 2740/2740
f 2553/2553 2552/2552 2740/2740
f 2553/2553 2551/2551 2552/2552
f 2477/2477 2475/2475 2478/2478
f 2472/2472 2474/2474 2473/2473
f 2432/2432 3040/3040 2428/2428
f 3040/3040 2405/2405 2406/2406
f 2263/2263 2261/2261 2262/2262
f 2245/2245 2244/2244 2243/2243
f 2244/2244 2132/2132 3048/3048
f 2138/2138 2140/2140 2139/2139
f 3116/3116 3306/3306 3198/3198
f 3306/3306 3307/3307 3308/3308
f 3307/3307 3313/3313 3308/3308
f 3374/3374 3477/3477 3376/3376
f 3477/3477 3475/3475 3478/3478
f 3475/3475 3512/3512 3471/3471
f 3512/3512 3513/3513 3471/3471
f 3513/3513 3514/3514 3473/3473
f 3514/3514 3518/3518 3473/3473
f 3518/3518 3535/3535 3521/3521
f 3720/3720 3711/3711 3721/3721
f 3946/3946 3942/3942 3948/3948
f 3948/3948 3942/3942 3941/3941
f 924/924 2116/2116 923/923
f 5600/5724 5599/5723 5597/5721
f 5599/5723 5556/5680 5597/5721
f 2937/2937 2936/2936 2935/2935
f 2936/2936 2890/2890 2935/2935
f 2853/2853 2893/2893 2891/2891
f 2853/2853 2851/2851 2893/2893
f 2743/2743 2741/2741 2780/2780
f 2741/2741 2740/2740 2782/2782
f 2552/2552 2551/2551 2550/2550
f 2551/2551 2478/2478 2550/2550
f 2475/2475 2473/2473 2476/2476
f 2262/2262 2261/2261 2260/2260
f 2261/2261 2250/2250 2252/2252
f 2250/2250 2251/2251 2252/2252
f 2243/2243 2244/2244 2242/2242
f 2244/2244 3048/3048 2242/2242
f 2141/2141 2139/2139 2142/2142
f 3308/3308 3313/3313 3310/3310
f 3310/3310 3313/3313 3311/3311
f 3477/3477 3478/3478 3376/3376
f 3535/3535 3533/3533 3521/3521
f 4214/4214 4305/4305 4215/4215
f 4376/4376 4164/4164 4163/4163
f 4164/4164 4143/4143 4163/4163
f 4164/4164 4144/4144 4143/4143
f 4143/4143 4144/4144 4138/4138
f 5558/5682 5506/5630 5559/5683
f 5381/5505 5362/5486 5382/5506
f 5632/5758 4376/5764 4375/5769
f 4138/4138 4091/4091 4139/4139
f 4091/4091 4092/4092 4139/4139
f 2941/2941 2938/2938 2949/2949
f 2938/2938 2937/2937 2949/2949
f 2774/2774 2773/2773 2775/2775
f 2741/2741 2782/2782 2780/2780
f 2740/2740 2552/2552 2784/2784
f 2552/2552 2550/2550 2784/2784
f 2431/2431 2432/2432 2428/2428
f 2428/2428 3040/3040 2406/2406
f 2405/2405 2262/2262 2406/2406
f 2252/2252 2251/2251 2253/2253
f 2251/2251 2243/2243 2254/2254
f 3049/3049 2142/2142 3048/3048
f 3306/3306 3308/3308 3198/3198
f 3311/3311 3312/3312 3310/3310
f 3374/3374 3376/3376 3375/3375
f 3478/3478 3475/3475 3476/3476
f 3475/3475 3471/3471 3476/3476
f 3521/3521 3533/3533 3523/3523
f 3533/3533 3530/3530 3531/3531
f 3530/3530 3532/3532 3531/3531
f 3707/3707 3705/3705 3708/3708
f 3705/3705 3709/3709 3708/3708
f 3709/3709 3710/3710 3708/3708
f 3709/3709 3743/3743 3710/3710
f 3951/3951 4214/4214 4215/4215
f 4376/4376 4163/4163 4375/4375
f 5597/5721 5556/5680 5561/5685
f 5561/5685 5556/5680 5558/5682
f 2956/2956 2944/2944 2954/2954
f 2954/2954 2944/2944 2948/2948
f 2948/2948 2941/2941 2949/2949
f 2890/2890 2891/2891 2892/2892
f 2891/2891 2893/2893 2892/2892
f 2851/2851 2850/2850 2849/2849
f 2745/2745 2743/2743 2776/2776
f 2743/2743 2780/2780 2776/2776
f 2474/2474 2431/2431 2430/2430
f 2261/2261 2252/2252 2260/2260
f 3048/3048 2142/2142 3050/3050
f 3191/3191 3312/3312 3375/3375
f 3312/3312 3374/3374 3375/3375
f 3376/3376 3478/3478 3377/3377
f 3523/3523 3533/3533 3531/3531
f 3532/3532 3527/3527 3531/3531
f 3527/3527 3532/3532 3529/3529
f 3532/3532 3720/3720 3529/3529
f 3710/3710 3946/3946 3947/3947
f 3947/3947 3946/3946 3948/3948
f 3948/3948 3941/3941 3949/3949
f 5560/5684 5558/5682 5559/5683
f 5506/5630 5505/5629 5504/5628
f 5505/5629 5480/5604 5504/5628
f 2893/2893 2851/2851 2849/2849
f 2774/2774 2775/2775 2850/2850
f 2773/2773 2745/2745 2775/2775
f 2740/2740 2784/2784 2782/2782
f 2785/2785 2784/2784 2786/2786
f 2784/2784 2550/2550 2786/2786
f 2550/2550 2478/2478 2548/2548
f 2406/2406 2262/2262 2407/2407
f 2262/2262 2260/2260 2408/2408
f 2260/2260 2252/2252 2259/2259
f 2254/2254 2243/2243 2241/2241
f 2242/2242 3048/3048 3056/3056
f 2140/2140 3115/3115 2144/2144
f 2144/2144 3115/3115 3117/3117
f 3115/3115 3116/3116 3117/3117
f 3116/3116 3198/3198 3117/3117
f 3117/3117 3198/3198 3197/3197
f 3198/3198 3308/3308 3197/3197
f 3310/3310 3312/3312 3191/3191
f 3376/3376 3377/3377 3375/3375
f 3513/3513 3473/3473 3471/3471
f 3473/3473 3518/3518 3474/3474
f 3518/3518 3521/3521 3520/3520
f 3523/3523 3531/3531 3525/3525
f 3721/3721 3711/3711 3723/3723
f 3708/3708 3710/3710 3713/3713
f 2849/2849 2850/2850 2775/2775
f 2775/2775 2745/2745 2776/2776
f 2776/2776 2780/2780 2779/2779
f 2548/2548 2478/2478 2479/2479
f 2431/2431 2428/2428 2430/2430
f 2407/2407 2262/2262 2408/2408
f 2252/2252 2253/2253 2259/2259
f 2253/2253 2251/2251 2254/2254
f 2243/2243 2242/2242 2241/2241
f 3050/3050 2142/2142 3051/3051
f 2139/2139 2140/2140 2144/2144
f 3710/3710 3947/3947 3713/3713
f 3947/3947 3948/3948 3952/3952
f 3949/3949 3941/3941 3950/3950
f 5558/5682 5560/5684 5561/5685
f 5480/5604 5479/5603 5380/5504
f 5381/5505 5382/5506 5384/5508
f 5382/5506 5632/5758 5386/5510
f 5632/5758 4375/5769 5386/5510
f 2954/2954 2948/2948 2950/2950
f 2950/2950 2949/2949 2951/2951
f 2948/2948 2949/2949 2950/2950
f 2949/2949 2937/2937 2951/2951
f 2937/2937 2935/2935 2934/2934
f 2935/2935 2890/2890 2932/2932
f 2849/2849 2775/2775 2848/2848
f 2782/2782 2784/2784 2783/2783
f 2550/2550 2548/2548 2549/2549
f 2478/2478 2475/2475 2479/2479
f 2474/2474 2430/2430 2473/2473
f 2428/2428 2406/2406 2407/2407
f 2260/2260 2259/2259 2258/2258
f 3048/3048 3050/3050 3056/3056
f 3051/3051 2142/2142 2143/2143
f 2142/2142 2139/2139 2143/2143
f 3117/3117 3197/3197 3196/3196
f 3525/3525 3531/3531 3527/3527
f 3707/3707 3708/3708 3711/3711
f 3948/3948 3949/3949 3952/3952
f 3941/3941 3951/3951 3950/3950
f 2937/2937 2934/2934 2951/2951
f 2892/2892 2893/2893 2894/2894
f 2893/2893 2849/2849 2894/2894
f 2783/2783 2784/2784 2785/2785
f 2473/2473 2430/2430 2429/2429
f 2430/2430 2428/2428 2429/2429
f 2428/2428 2407/2407 2427/2427
f 2259/2259 2253/2253 2257/2257
f 2241/2241 2242/2242 2240/2240
f 3056/3056 3050/3050 3052/3052
f 3050/3050 3051/3051 3052/3052
f 2139/2139 2144/2144 2143/2143
f 3197/3197 3308/3308 3309/3309
f 3191/3191 3375/3375 3150/3150
f 3471/3471 3473/3473 3472/3472
f 3473/3473 3474/3474 3472/3472
f 3474/3474 4232/4232 3472/3472
f 4232/4232 3474/3474 3520/3520
f 3474/3474 3518/3518 3520/3520
f 3720/3720 3721/3721 3529/3529
f 3713/3713 3947/3947 3953/3953
f 3947/3947 3952/3952 3953/3953
f 923/923 2116/2116 2115/2115
f 2116/5777 5600/5724 2115/5776
f 5597/5721 5561/5685 5598/5722
f 5506/5630 5504/5628 5559/5683
f 4093/4093 4092/4092 4094/4094
f 4139/4139 4092/4092 4093/4093
f 4092/4092 2956/2956 4094/4094
f 2935/2935 2932/2932 2934/2934
f 2890/2890 2892/2892 2932/2932
f 2775/2775 2776/2776 2777/2777
f 2780/2780 2782/2782 2781/2781
f 2785/2785 2786/2786 2788/2788
f 2788/2788 2786/2786 2787/2787
f 2786/2786 2550/2550 2787/2787
f 2550/2550 2549/2549 2787/2787
f 2476/2476 2473/2473 2429/2429
f 2427/2427 2407/2407 2410/2410
f 2260/2260 2258/2258 2408/2408
f 2242/2242 3056/3056 2240/2240
f 2143/2143 2144/2144 2145/2145
f 3117/3117 3196/3196 2147/2147
f 3375/3375 3377/3377 3378/3378
f 3723/3723 3711/3711 3717/3717
f 3708/3708 3713/3713 3712/3712
f 3713/3713 3953/3953 3742/3742
f 5562/5686 5560/5684 5563/5687
f 5561/5685 5560/5684 5562/5686
f 2954/2954 2950/2950 2953/2953
f 2934/2934 2932/2932 2931/2931
f 2932/2932 2892/2892 2930/2930
f 2894/2894 2849/2849 2846/2846
f 2849/2849 2848/2848 2846/2846
f 2848/2848 2847/2847 2846/2846
f 2848/2848 2775/2775 2847/2847
f 2777/2777 2776/2776 2778/2778
f 2782/2782 2783/2783 2781/2781
f 2475/2475 2476/2476 2429/2429
f 2429/2429 2428/2428 2425/2425
f 2407/2407 2408/2408 2409/2409
f 2408/2408 2258/2258 2409/2409
f 2258/2258 2259/2259 2257/2257
f 2241/2241 2240/2240 2239/2239
f 2145/2145 2144/2144 2147/2147
f 2144/2144 3117/3117 2147/2147
f 3309/3309 3310/3310 3192/3192
f 3308/3308 3310/3310 3309/3309
f 3310/3310 3191/3191 3192/3192
f 3377/3377 3379/3379 3378/3378
f 3379/3379 3478/3478 3381/3381
f 3377/3377 3478/3478 3379/3379
f 3478/3478 3476/3476 3381/3381
f 3476/3476 3471/3471 3383/3383
f 3520/3520 3521/3521 3522/3522
f 3522/3522 3523/3523 3524/3524
f 3521/3521 3523/3523 3522/3522
f 3523/3523 3525/3525 3524/3524
f 3529/3529 3721/3721 3722/3722
f 3721/3721 3723/3723 3722/3722
f 3711/3711 3712/3712 3717/3717
f 3711/3711 3708/3708 3712/3712
f 3712/3712 3713/3713 3714/3714
f 4163/4163 4143/4143 4142/4142
f 4143/4143 4138/4138 4142/4142
f 5504/5628 5480/5604 5503/5627
f 5503/5627 5480/5604 5481/5605
f 5480/5604 5380/5504 5481/5605
f 2956/2956 2954/2954 2955/2955
f 2951/2951 2934/2934 2931/2931
f 2847/2847 2775/2775 2777/2777
f 2783/2783 2785/2785 2788/2788
f 2479/2479 2475/2475 2480/2480
f 2475/2475 2429/2429 2480/2480
f 2428/2428 2427/2427 2425/2425
f 2407/2407 2409/2409 2410/2410
f 3052/3052 3051/3051 3053/3053
f 3191/3191 3150/3150 3148/3148
f 4232/4232 3520/3520 3472/3472
f 3723/3723 3717/3717 3722/3722
f 3953/3953 3952/3952 3954/3954
f 3952/3952 3949/3949 3954/3954
f 5598/5722 5561/5685 5562/5686
f 5560/5684 5559/5683 5563/5687
f 5559/5683 5504/5628 5565/5689
f 4094/4094 2956/2956 4095/4095
f 2956/2956 2955/2955 4095/4095
f 2954/2954 2953/2953 2955/2955
f 2932/2932 2930/2930 2931/2931
f 2930/2930 2892/2892 2933/2933
f 2892/2892 2896/2896 2933/2933
f 2892/2892 2894/2894 2896/2896
f 2779/2779 2780/2780 2781/2781
f 2781/2781 2783/2783 2838/2838
f 2783/2783 2788/2788 2838/2838
f 2548/2548 2479/2479 2480/2480
f 2425/2425 2427/2427 2426/2426
f 2410/2410 2409/2409 2411/2411
f 2256/2256 2257/2257 2253/2253
f 2253/2253 2254/2254 2255/2255
f 2254/2254 2241/2241 2239/2239
f 2240/2240 3056/3056 2238/2238
f 3051/3051 2143/2143 2146/2146
f 2143/2143 2145/2145 2146/2146
f 2145/2145 2147/2147 2146/2146
f 2147/2147 3196/3196 3118/3118
f 3118/3118 3196/3196 3194/3194
f 3196/3196 3197/3197 3194/3194
f 3197/3197 3309/3309 3194/3194
f 3192/3192 3191/3191 3148/3148
f 3150/3150 3375/3375 3378/3378
f 3381/3381 3476/3476 3383/3383
f 3520/3520 3522/3522 3468/3468
f 3524/3524 3525/3525 3526/3526
f 3527/3527 3529/3529 3528/3528
f 3717/3717 3712/3712 3715/3715
f 3950/3950 3951/3951 3958/3958
f 3951/3951 4215/4215 3958/3958
f 4142/4142 4138/4138 4140/4140
f 2115/5776 5600/5724 5605/5729
f 5600/5724 5597/5721 5605/5729
f 2776/2776 2779/2779 2778/2778
f 2779/2779 2781/2781 2778/2778
f 2549/2549 2548/2548 2547/2547
f 2548/2548 2480/2480 2547/2547
f 2480/2480 2429/2429 2481/2481
f 2258/2258 2256/2256 2409/2409
f 2258/2258 2257/2257 2256/2256
f 2255/2255 2254/2254 2239/2239
f 2239/2239 2240/2240 2238/2238
f 2146/2146 2147/2147 2148/2148
f 2147/2147 3118/3118 2148/2148
f 3472/3472 3520/3520 3469/3469
f 3520/3520 3468/3468 3469/3469
f 3526/3526 3527/3527 3528/3528
f 3525/3525 3527/3527 3526/3526
f 3529/3529 3722/3722 3724/3724
f 3724/3724 3722/3722 3725/3725
f 3722/3722 3717/3717 3725/3725
f 3714/3714 3713/3713 3742/3742
f 3742/3742 3953/3953 3955/3955
f 3953/3953 3954/3954 3955/3955
f 5380/5504 5381/5505 5383/5507
f 5384/5508 5382/5506 5385/5509
f 5382/5506 5386/5510 5385/5509
f 2950/2950 2951/2951 2931/2931
f 2847/2847 2777/2777 2844/2844
f 2777/2777 2778/2778 2844/2844
f 2778/2778 2781/2781 2837/2837
f 2427/2427 2410/2410 2426/2426
f 2409/2409 2256/2256 2413/2413
f 2256/2256 2253/2253 2255/2255
f 3051/3051 3054/3054 3053/3053
f 3051/3051 2146/2146 3054/3054
f 2146/2146 2149/2149 2151/2151
f 2146/2146 2148/2148 2149/2149
f 3118/3118 3195/3195 2148/2148
f 3118/3118 3194/3194 3195/3195
f 3194/3194 3193/3193 3195/3195
f 3194/3194 3309/3309 3193/3193
f 3309/3309 3192/3192 3193/3193
f 3471/3471 3472/3472 3469/3469
f 3522/3522 3524/3524 3467/3467
f 3524/3524 3526/3526 3467/3467
f 3712/3712 3714/3714 3715/3715
f 3949/3949 3950/3950 3957/3957
f 3950/3950 3958/3958 3957/3957
f 5597/5721 5598/5722 5595/5719
f 5563/5687 5559/5683 5565/5689
f 5481/5605 5380/5504 5383/5507
f 5385/5509 5386/5510 5387/5511
f 5386/5510 4370/5770 5387/5511
f 5386/5510 4375/5769 4370/5770
f 2953/2953 2950/2950 2952/2952
f 2952/2952 2950/2950 2927/2927
f 2950/2950 2931/2931 2927/2927
f 2929/2929 2930/2930 2928/2928
f 2931/2931 2930/2930 2929/2929
f 2930/2930 2933/2933 2928/2928
f 2896/2896 2894/2894 2895/2895
f 2894/2894 2846/2846 2895/2895
f 2781/2781 2838/2838 2837/2837
f 2547/2547 2480/2480 2546/2546
f 2429/2429 2482/2482 2481/2481
f 2429/2429 2425/2425 2482/2482
f 2426/2426 2410/2410 2422/2422
f 2410/2410 2411/2411 2422/2422
f 3056/3056 3052/3052 2238/2238
f 3383/3383 3471/3471 3382/3382
f 3471/3471 3469/3469 3382/3382
f 3529/3529 3724/3724 3466/3466
f 3742/3742 3955/3955 3716/3716
f 3958/3958 4215/4215 4216/4216
f 4215/4215 4305/4305 4216/4216
f 4370/4370 4163/4163 4162/4162
f 4375/4375 4163/4163 4370/4370
f 4163/4163 4142/4142 4162/4162
f 4093/4093 4094/4094 4096/4096
f 4094/4094 4097/4097 4096/4096
f 4094/4094 4095/4095 4097/4097
f 4097/4097 4095/4095 2952/2952
f 4095/4095 2955/2955 2952/2952
f 2955/2955 2953/2953 2952/2952
f 2931/2931 2929/2929 2927/2927
f 2928/2928 2933/2933 2897/2897
f 2837/2837 2838/2838 2835/2835
f 2409/2409 2413/2413 2412/2412
f 2256/2256 2255/2255 2413/2413
f 3052/3052 3053/3053 2155/2155
f 3053/3053 3054/3054 2155/2155
f 3054/3054 2146/2146 2151/2151
f 3379/3379 3381/3381 3380/3380
f 3381/3381 3383/3383 3382/3382
f 3468/3468 3522/3522 3467/3467
f 3467/3467 3526/3526 3394/3394
f 3528/3528 3529/3529 3466/3466
f 3466/3466 3724/3724 3730/3730
f 3725/3725 3717/3717 3726/3726
f 3714/3714 3716/3716 3715/3715
f 3714/3714 3742/3742 3716/3716
f 3955/3955 3954/3954 3956/3956
f 4216/4216 4305/4305 4307/4307
f 5383/5507 5384/5508 5389/5513
f 5381/5505 5384/5508 5383/5507
f 2895/2895 2846/2846 2845/2845
f 2846/2846 2844/2844 2845/2845
f 2846/2846 2847/2847 2844/2844
f 2778/2778 2837/2837 2836/2836
f 2837/2837 2835/2835 2836/2836
f 2838/2838 2788/2788 2790/2790
f 2788/2788 2789/2789 2790/2790
f 2788/2788 2787/2787 2789/2789
f 2787/2787 2549/2549 2789/2789
f 2789/2789 2549/2549 2547/2547
f 2481/2481 2482/2482 2483/2483
f 2425/2425 2426/2426 2422/2422
f 2422/2422 2411/2411 2420/2420
f 2420/2420 2411/2411 2412/2412
f 2411/2411 2409/2409 2412/2412
f 2255/2255 2239/2239 2236/2236
f 2238/2238 3055/3055 2237/2237
f 2238/2238 3052/3052 3055/3055
f 3052/3052 2155/2155 3055/3055
f 3054/3054 2151/2151 2155/2155
f 2148/2148 3195/3195 3119/3119
f 3193/3193 3120/3120 3195/3195
f 3193/3193 3122/3122 3120/3120
f 3122/3122 3192/3192 3151/3151
f 3193/3193 3192/3192 3122/3122
f 3192/3192 3148/3148 3151/3151
f 3153/3153 3148/3148 3149/3149
f 3148/3148 3150/3150 3149/3149
f 3150/3150 3378/3378 3190/3190
f 3378/3378 3379/3379 3190/3190
f 3382/3382 3469/3469 3385/3385
f 3469/3469 3468/3468 3470/3470
f 3526/3526 3528/3528 3394/3394
f 3724/3724 3725/3725 3730/3730
f 3717/3717 3715/3715 3726/3726
f 3715/3715 3716/3716 3728/3728
f 3956/3956 3949/3949 3957/3957
f 3954/3954 3949/3949 3956/3956
f 923/923 2115/2115 922/922
f 5595/5719 5598/5722 5562/5686
f 5565/5689 5504/5628 5502/5626
f 5384/5508 5385/5509 5389/5513
f 2933/2933 2896/2896 2897/2897
f 2844/2844 2778/2778 2840/2840
f 2778/2778 2839/2839 2840/2840
f 2838/2838 2790/2790 2834/2834
f 2789/2789 2547/2547 2546/2546
f 2482/2482 2424/2424 2483/2483
f 2482/2482 2425/2425 2424/2424
f 2425/2425 2422/2422 2424/2424
f 2413/2413 2255/2255 2415/2415
f 2415/2415 2255/2255 2236/2236
f 2239/2239 2238/2238 2236/2236
f 2236/2236 2238/2238 2237/2237
f 3195/3195 3120/3120 3119/3119
f 3148/3148 3153/3153 3151/3151
f 3150/3150 3190/3190 3149/3149
f 3379/3379 3380/3380 3190/3190
f 3381/3381 3382/3382 3380/3380
f 3469/3469 3470/3470 3385/3385
f 3470/3470 3468/3468 3390/3390
f 3468/3468 3391/3391 3390/3390
f 3468/3468 3467/3467 3391/3391
f 3467/3467 3394/3394 3391/3391
f 3394/3394 3528/3528 3466/3466
f 3466/3466 3730/3730 3731/3731
f 3725/3725 3726/3726 3730/3730
f 3726/3726 3715/3715 3727/3727
f 3715/3715 3728/3728 3727/3727
f 3716/3716 3955/3955 3728/3728
f 922/922 2115/2115 2113/2113
f 2115/5776 5605/5729 2113/5778
f 5605/5729 5597/5721 5596/5720
f 5597/5721 5595/5719 5596/5720
f 5562/5686 5563/5687 5564/5688
f 5504/5628 5503/5627 5502/5626
f 2924/2924 2952/2952 2927/2927
f 2929/2929 2928/2928 2927/2927
f 2928/2928 2897/2897 2926/2926
f 2839/2839 2778/2778 2836/2836
f 2835/2835 2838/2838 2834/2834
f 2546/2546 2480/2480 2543/2543
f 2480/2480 2481/2481 2543/2543
f 2424/2424 2422/2422 2423/2423
f 2423/2423 2422/2422 2421/2421
f 2420/2420 2412/2412 2419/2419
f 2412/2412 2413/2413 2414/2414
f 2237/2237 3055/3055 3057/3057
f 2151/2151 2152/2152 2155/2155
f 2151/2151 2150/2150 2152/2152
f 2151/2151 2149/2149 2150/2150
f 2149/2149 2148/2148 2150/2150
f 2150/2150 2148/2148 3119/3119
f 3149/3149 3190/3190 4241/4241
f 3731/3731 3730/3730 3732/3732
f 3955/3955 3956/3956 3728/3728
f 3956/3956 3957/3957 3960/3960
f 5563/5687 5565/5689 5564/5688
f 4097/4097 2952/2952 2923/2923
f 2927/2927 2928/2928 2926/2926
f 2896/2896 2895/2895 2897/2897
f 2845/2845 2844/2844 2843/2843
f 2844/2844 2840/2840 2843/2843
f 2840/2840 2839/2839 2841/2841
f 2834/2834 2790/2790 2791/2791
f 2790/2790 2789/2789 2791/2791
f 2789/2789 2792/2792 2791/2791
f 2789/2789 2546/2546 2792/2792
f 2483/2483 2424/2424 2484/2484
f 2422/2422 2420/2420 2421/2421
f 2412/2412 2414/2414 2419/2419
f 2236/2236 2237/2237 2235/2235
f 3055/3055 2155/2155 2156/2156
f 2154/2154 2155/2155 2152/2152
f 3385/3385 3470/3470 3387/3387
f 3387/3387 3470/3470 3388/3388
f 3388/3388 3470/3470 3390/3390
f 3390/3390 3391/3391 3392/3392
f 3391/3391 3394/3394 3393/3393
f 3393/3393 3394/3394 3395/3395
f 3394/3394 3466/3466 3395/3395
f 3466/3466 3398/3398 3395/3395
f 3466/3466 3731/3731 3398/3398
f 3730/3730 3726/3726 3732/3732
f 3734/3734 3726/3726 3729/3729
f 3726/3726 3727/3727 3729/3729
f 3727/3727 3728/3728 3729/3729
f 3728/3728 3956/3956 3959/3959
f 3956/3956 3960/3960 3959/3959
f 3961/3961 3958/3958 3962/3962
f 3957/3957 3958/3958 3961/3961
f 3958/3958 4216/4216 3962/3962
f 5564/5688 5565/5689 5566/5690
f 5502/5626 5503/5627 5501/5625
f 5503/5627 5481/5605 5501/5625
f 2952/2952 2924/2924 2923/2923
f 2926/2926 2897/2897 2899/2899
f 2839/2839 2836/2836 2841/2841
f 2483/2483 2484/2484 2481/2481
f 2414/2414 2413/2413 2415/2415
f 2237/2237 3057/3057 2235/2235
f 3055/3055 2156/2156 3057/3057
f 2153/2153 2150/2150 2163/2163
f 2152/2152 2150/2150 2153/2153
f 2150/2150 3119/3119 2164/2164
f 4241/4241 3190/3190 3154/3154
f 3190/3190 3156/3156 3154/3154
f 3190/3190 3380/3380 3156/3156
f 3380/3380 3382/3382 3384/3384
f 3731/3731 3732/3732 3733/3733
f 3732/3732 3726/3726 3734/3734
f 3729/3729 3728/3728 3741/3741
f 3728/3728 3959/3959 3741/3741
f 3960/3960 3957/3957 3961/3961
f 4216/4216 4307/4307 4264/4264
f 4142/4142 4140/4140 4141/4141
f 5383/5507 5389/5513 5483/5607
f 4096/4096 4097/4097 4098/4098
f 2927/2927 2926/2926 2924/2924
f 2926/2926 2899/2899 2925/2925
f 2897/2897 2898/2898 2899/2899
f 2897/2897 2895/2895 2898/2898
f 2895/2895 2845/2845 2898/2898
f 2845/2845 2843/2843 2898/2898
f 2843/2843 2840/2840 2842/2842
f 2842/2842 2840/2840 2841/2841
f 2841/2841 2836/2836 2833/2833
f 2833/2833 2835/2835 2834/2834
f 2836/2836 2835/2835 2833/2833
f 2834/2834 2791/2791 3007/3007
f 2791/2791 2793/2793 3007/3007
f 2791/2791 2792/2792 2793/2793
f 2546/2546 2543/2543 2545/2545
f 2481/2481 2484/2484 2485/2485
f 2421/2421 2420/2420 2418/2418
f 2420/2420 2419/2419 2418/2418
f 2415/2415 2236/2236 2416/2416
f 2155/2155 2154/2154 2156/2156
f 2154/2154 2152/2152 2153/2153
f 2163/2163 2150/2150 2162/2162
f 2150/2150 2164/2164 2162/2162
f 3119/3119 3121/3121 2164/2164
f 3119/3119 3120/3120 3121/3121
f 3120/3120 3122/3122 3121/3121
f 3153/3153 3149/3149 3152/3152
f 3149/3149 4241/4241 3152/3152
f 4241/4241 3154/3154 3152/3152
f 3382/3382 3385/3385 3384/3384
f 3388/3388 3390/3390 3389/3389
f 3391/3391 3393/3393 3392/3392
f 4370/4370 4162/4162 4161/4161
f 4162/4162 4147/4147 4161/4161
f 4162/4162 4142/4142 4147/4147
f 4142/4142 4141/4141 4147/4147
f 5481/5605 5383/5507 5482/5606
f 2924/2924 2926/2926 2925/2925
f 2792/2792 2546/2546 2544/2544
f 2546/2546 2545/2545 2544/2544
f 2543/2543 2481/2481 2485/2485
f 2484/2484 2424/2424 2423/2423
f 2414/2414 2415/2415 2416/2416
f 2416/2416 2236/2236 2234/2234
f 2236/2236 2235/2235 2234/2234
f 2156/2156 2154/2154 2157/2157
f 3122/3122 3151/3151 3124/3124
f 3387/3387 3388/3388 3386/3386
f 3398/3398 3731/3731 3408/3408
f 3731/3731 3733/3733 3465/3465
f 3962/3962 4216/4216 4217/4217
f 4216/4216 4264/4264 4217/4217
f 5566/5690 5565/5689 5567/5691
f 5565/5689 5502/5626 5567/5691
f 2898/2898 2843/2843 2901/2901
f 2843/2843 2842/2842 2901/2901
f 2841/2841 2904/2904 2842/2842
f 2834/2834 3007/3007 2832/2832
f 3007/3007 2793/2793 2797/2797
f 2418/2418 2419/2419 2414/2414
f 2154/2154 2153/2153 2157/2157
f 2163/2163 2162/2162 2153/2153
f 2162/2162 2164/2164 2166/2166
f 2164/2164 3121/3121 2166/2166
f 3121/3121 3122/3122 3124/3124
f 3380/3380 3384/3384 3156/3156
f 3385/3385 3387/3387 3386/3386
f 3386/3386 3388/3388 3389/3389
f 3390/3390 3399/3399 3389/3389
f 3390/3390 3392/3392 3399/3399
f 3393/3393 3395/3395 3396/3396
f 3731/3731 3465/3465 3408/3408
f 3732/3732 3734/3734 3733/3733
f 3729/3729 3741/3741 3740/3740
f 3741/3741 3959/3959 3740/3740
f 5595/5719 5562/5686 5564/5688
f 5564/5688 5566/5690 5568/5692
f 5482/5606 5383/5507 5483/5607
f 4097/4097 2923/2923 4098/4098
f 2841/2841 2833/2833 2904/2904
f 2797/2797 2793/2793 2794/2794
f 2792/2792 2544/2544 2793/2793
f 2423/2423 2421/2421 2484/2484
f 2234/2234 2235/2235 2233/2233
f 2235/2235 3057/3057 3058/3058
f 3057/3057 2156/2156 3058/3058
f 2153/2153 2162/2162 2161/2161
f 2166/2166 3121/3121 3123/3123
f 3121/3121 3124/3124 3123/3123
f 3151/3151 3153/3153 3152/3152
f 3385/3385 3386/3386 3186/3186
f 3393/3393 3396/3396 3392/3392
f 3396/3396 3395/3395 3397/3397
f 3395/3395 3398/3398 3397/3397
f 3729/3729 3740/3740 3736/3736
f 3740/3740 3959/3959 3739/3739
f 3960/3960 3961/3961 3963/3963
f 922/922 2113/2113 921/921
f 5567/5691 5502/5626 5500/5624
f 5502/5626 5501/5625 5500/5624
f 5501/5625 5481/5605 5482/5606
f 2923/2923 2924/2924 2922/2922
f 2924/2924 2925/2925 2922/2922
f 2925/2925 2917/2917 2922/2922
f 2925/2925 2899/2899 2917/2917
f 2917/2917 2899/2899 2900/2900
f 2899/2899 2898/2898 2900/2900
f 2898/2898 2901/2901 2900/2900
f 2900/2900 2901/2901 2902/2902
f 2842/2842 2903/2903 2901/2901
f 2842/2842 2904/2904 2903/2903
f 2904/2904 2833/2833 2906/2906
f 2484/2484 2421/2421 2487/2487
f 2421/2421 2418/2418 2487/2487
f 2418/2418 2414/2414 2417/2417
f 2417/2417 2414/2414 2416/2416
f 2235/2235 3058/3058 2233/2233
f 2166/2166 3123/3123 3126/3126
f 3151/3151 3152/3152 3128/3128
f 3152/3152 3154/3154 3155/3155
f 3154/3154 3156/3156 3155/3155
f 3156/3156 3384/3384 3188/3188
f 3384/3384 3186/3186 3188/3188
f 3384/3384 3385/3385 3186/3186
f 3186/3186 3389/3389 3401/3401
f 3386/3386 3389/3389 3186/3186
f 3398/3398 3408/3408 3397/3397
f 3736/3736 3740/3740 3737/3737
f 3959/3959 3960/3960 3739/3739
f 3960/3960 3963/3963 3739/3739
f 3963/3963 3961/3961 3964/3964
f 3961/3961 3962/3962 3964/3964
f 3962/3962 4217/4217 3964/3964
f 4217/4217 4264/4264 4219/4219
f 2113/5778 5605/5729 5594/5718
f 5605/5729 5596/5720 5594/5718
f 5389/5513 5385/5509 5390/5514
f 4098/4098 2923/2923 3004/3004
f 2921/2921 2922/2922 2918/2918
f 2922/2922 2917/2917 2918/2918
f 2917/2917 2915/2915 2916/2916
f 2917/2917 2900/2900 2915/2915
f 2915/2915 2900/2900 2902/2902
f 2833/2833 2834/2834 2832/2832
f 3007/3007 2797/2797 2832/2832
f 2543/2543 2485/2485 2533/2533
f 2485/2485 2486/2486 2533/2533
f 2485/2485 2484/2484 2486/2486
f 2487/2487 2418/2418 2489/2489
f 2418/2418 2417/2417 2489/2489
f 2417/2417 2416/2416 2493/2493
f 2493/2493 2234/2234 2232/2232
f 2416/2416 2234/2234 2493/2493
f 2234/2234 2233/2233 2232/2232
f 2233/2233 3058/3058 3059/3059
f 3058/3058 2156/2156 2158/2158
f 2156/2156 2157/2157 2158/2158
f 2157/2157 2153/2153 2159/2159
f 3126/3126 3123/3123 2169/2169
f 3152/3152 3155/3155 3158/3158
f 3155/3155 3156/3156 3188/3188
f 3389/3389 3399/3399 3401/3401
f 3399/3399 3392/3392 3400/3400
f 3392/3392 3397/3397 3400/3400
f 3392/3392 3396/3396 3397/3397
f 3408/3408 3465/3465 3409/3409
f 3465/3465 3733/3733 3409/3409
f 3733/3733 3734/3734 3735/3735
f 3734/3734 3729/3729 3735/3735
f 3729/3729 3736/3736 3735/3735
f 3737/3737 3740/3740 3739/3739
f 3963/3963 3964/3964 3965/3965
f 3004/3004 2923/2923 2921/2921
f 2917/2917 2916/2916 2918/2918
f 2901/2901 2903/2903 2902/2902
f 2793/2793 2544/2544 2794/2794
f 2484/2484 2487/2487 2486/2486
f 2487/2487 2489/2489 2488/2488
f 2493/2493 2232/2232 2492/2492
f 3058/3058 2158/2158 3059/3059
f 2159/2159 2153/2153 2160/2160
f 2153/2153 2161/2161 2160/2160
f 2161/2161 2162/2162 2165/2165
f 2162/2162 2166/2166 2165/2165
f 2166/2166 3126/3126 2165/2165
f 3123/3123 3124/3124 3125/3125
f 3124/3124 3151/3151 3128/3128
f 3186/3186 3401/3401 3187/3187
f 3401/3401 3399/3399 3402/3402
f 3399/3399 3400/3400 3402/3402
f 3397/3397 3408/3408 3407/3407
f 3408/3408 3409/3409 3407/3407
f 3733/3733 3735/3735 3409/3409
f 3736/3736 3737/3737 3735/3735
f 3739/3739 3968/3968 3967/3967
f 3739/3739 3965/3965 3968/3968
f 3739/3739 3963/3963 3965/3965
f 3964/3964 4217/4217 3986/3986
f 5483/5607 5389/5513 5391/5515
f 2923/2923 2922/2922 2921/2921
f 2903/2903 2904/2904 2905/2905
f 2904/2904 2906/2906 2905/2905
f 2798/2798 2832/2832 2797/2797
f 2797/2797 2794/2794 2796/2796
f 2545/2545 2543/2543 2544/2544
f 2533/2533 2486/2486 2535/2535
f 2487/2487 2488/2488 2486/2486
f 2492/2492 2232/2232 2494/2494
f 2232/2232 2230/2230 2494/2494
f 2232/2232 2231/2231 2230/2230
f 2232/2232 2233/2233 2231/2231
f 2161/2161 3062/3062 2160/2160
f 2161/2161 2167/2167 3062/3062
f 2161/2161 2165/2165 2167/2167
f 3126/3126 2169/2169 2165/2165
f 3128/3128 3152/3152 3157/3157
f 3152/3152 3158/3158 3157/3157
f 3158/3158 3155/3155 3160/3160
f 3155/3155 3188/3188 3162/3162
f 3188/3188 3163/3163 3162/3162
f 3186/3186 3187/3187 3182/3182
f 3401/3401 3402/3402 4240/4240
f 3400/3400 3397/3397 3405/3405
f 3397/3397 3406/3406 3405/3405
f 3397/3397 3407/3407 3406/3406
f 3407/3407 3409/3409 3410/3410
f 3737/3737 3739/3739 3738/3738
f 3738/3738 3739/3739 3967/3967
f 5385/5509 5387/5511 5388/5512
f 5387/5511 4369/5771 5388/5512
f 5387/5511 4370/5770 4369/5771
f 4099/4099 4098/4098 4100/4100
f 4098/4098 3004/3004 4100/4100
f 3004/3004 2921/2921 2957/2957
f 2915/2915 2902/2902 2914/2914
f 2903/2903 2913/2913 2902/2902
f 2797/2797 2796/2796 2798/2798
f 2544/2544 2543/2543 2542/2542
f 2417/2417 2492/2492 2489/2489
f 2417/2417 2493/2493 2492/2492
f 2158/2158 2157/2157 2159/2159
f 2167/2167 2165/2165 2168/2168
f 2168/2168 2165/2165 2169/2169
f 2169/2169 3123/3123 3127/3127
f 3123/3123 3125/3125 3127/3127
f 3125/3125 3124/3124 3128/3128
f 3160/3160 3155/3155 3162/3162
f 3188/3188 3186/3186 3189/3189
f 3187/3187 3401/3401 4240/4240
f 3409/3409 3735/3735 3413/3413
f 3413/3413 3735/3735 3464/3464
f 3735/3735 3738/3738 3464/3464
f 3735/3735 3737/3737 3738/3738
f 3967/3967 3968/3968 3969/3969
f 3965/3965 3964/3964 3966/3966
f 3964/3964 3986/3986 3966/3966
f 4369/4369 4161/4161 4160/4160
f 4370/4370 4161/4161 4369/4369
f 4161/4161 4148/4148 4160/4160
f 4161/4161 4147/4147 4148/4148
f 4147/4147 4099/4099 4148/4148
f 4147/4147 4141/4141 4099/4099
f 921/921 2113/2113 2112/2112
f 2113/5778 5594/5718 2112/5785
f 5596/5720 5595/5719 5594/5718
f 5568/5692 5566/5690 5567/5691
f 5482/5606 5483/5607 5484/5608
f 2916/2916 2915/2915 2914/2914
f 2906/2906 2833/2833 2831/2831
f 2833/2833 2832/2832 2831/2831
f 2798/2798 2796/2796 2799/2799
f 2488/2488 2489/2489 2490/2490
f 2233/2233 3059/3059 2231/2231
f 3972/3972 3965/3965 3966/3966
f 3986/3986 4217/4217 4218/4218
f 4217/4217 4219/4219 4218/4218
f 5595/5719 5564/5688 5606/5730
f 2921/2921 2920/2920 2957/2957
f 2914/2914 2902/2902 2912/2912
f 2913/2913 2903/2903 2907/2907
f 2832/2832 2830/2830 2831/2831
f 2832/2832 2798/2798 2830/2830
f 2796/2796 2794/2794 2795/2795
f 2795/2795 2794/2794 2544/2544
f 2542/2542 2543/2543 2533/2533
f 2490/2490 2489/2489 2491/2491
f 2489/2489 2492/2492 2491/2491
f 3188/3188 3189/3189 3163/3163
f 3186/3186 3182/3182 3189/3189
f 3403/3403 3402/3402 3404/3404
f 3402/3402 3400/3400 3404/3404
f 3405/3405 3406/3406 3415/3415
f 3409/3409 3413/3413 3410/3410
f 3738/3738 3967/3967 3463/3463
f 3968/3968 3965/3965 3972/3972
f 4148/4148 4099/4099 4101/4101
f 5595/5719 5606/5730 5593/5717
f 5564/5688 5568/5692 5606/5730
f 5568/5692 5567/5691 5569/5693
f 5569/5693 5567/5691 5570/5694
f 5483/5607 5391/5515 5484/5608
f 5385/5509 5388/5512 5390/5514
f 4099/4099 4100/4100 4101/4101
f 2920/2920 2918/2918 2919/2919
f 2921/2921 2918/2918 2920/2920
f 2918/2918 2916/2916 2919/2919
f 2919/2919 2914/2914 2964/2964
f 2916/2916 2914/2914 2919/2919
f 2907/2907 2905/2905 2829/2829
f 2903/2903 2905/2905 2907/2907
f 2905/2905 2906/2906 2829/2829
f 2799/2799 2796/2796 2800/2800
f 2796/2796 2795/2795 2800/2800
f 2158/2158 2159/2159 3060/3060
f 3060/3060 2159/2159 2160/2160
f 3125/3125 3128/3128 3127/3127
f 3158/3158 3160/3160 3159/3159
f 3189/3189 3182/3182 3181/3181
f 3968/3968 3972/3972 3969/3969
f 5594/5718 5595/5719 5593/5717
f 5500/5624 5501/5625 5497/5621
f 5501/5625 5482/5606 5497/5621
f 5482/5606 5484/5608 5497/5621
f 2902/2902 2913/2913 2912/2912
f 2906/2906 2831/2831 2829/2829
f 2830/2830 2798/2798 2799/2799
f 2795/2795 2544/2544 2542/2542
f 2491/2491 2492/2492 2229/2229
f 2231/2231 3059/3059 3061/3061
f 3059/3059 3060/3060 3061/3061
f 3059/3059 2158/2158 3060/3060
f 3062/3062 2167/2167 2170/2170
f 2167/2167 2168/2168 2170/2170
f 3127/3127 3128/3128 3130/3130
f 3128/3128 3157/3157 3130/3130
f 3157/3157 3158/3158 3159/3159
f 3163/3163 3164/3164 3162/3162
f 4240/4240 3402/3402 3403/3403
f 3404/3404 3400/3400 3405/3405
f 3406/3406 3411/3411 3415/3415
f 3406/3406 3407/3407 3411/3411
f 3407/3407 3410/3410 3411/3411
f 3410/3410 3412/3412 3411/3411
f 3410/3410 3413/3413 3412/3412
f 3413/3413 3464/3464 3414/3414
f 3463/3463 3967/3967 3969/3969
f 921/921 2112/2112 2111/2111
f 2112/5785 5594/5718 2111/5786
f 5389/5513 5390/5514 5392/5516
f 4101/4101 4100/4100 4102/4102
f 4100/4100 3004/3004 4102/4102
f 2912/2912 2913/2913 2911/2911
f 2913/2913 2907/2907 2911/2911
f 2486/2486 2490/2490 2535/2535
f 2486/2486 2488/2488 2490/2490
f 2490/2490 2491/2491 2496/2496
f 2492/2492 2494/2494 2229/2229
f 3060/3060 3062/3062 2170/2170
f 2160/2160 3062/3062 3060/3060
f 2170/2170 2168/2168 2171/2171
f 3181/3181 3182/3182 3179/3179
f 3182/3182 3187/3187 3183/3183
f 3187/3187 4240/4240 3403/3403
f 3412/3412 3413/3413 3414/3414
f 5568/5692 5569/5693 5607/5731
f 5567/5691 5500/5624 5571/5695
f 5391/5515 5389/5513 5392/5516
f 2914/2914 2965/2965 2964/2964
f 2914/2914 2912/2912 2965/2965
f 2799/2799 2800/2800 2801/2801
f 2802/2802 2542/2542 2803/2803
f 2795/2795 2542/2542 2802/2802
f 2533/2533 2534/2534 2532/2532
f 2533/2533 2535/2535 2534/2534
f 2536/2536 2490/2490 2537/2537
f 2490/2490 2496/2496 2537/2537
f 2496/2496 2491/2491 2495/2495
f 2491/2491 2229/2229 2495/2495
f 2494/2494 2230/2230 2229/2229
f 2230/2230 2227/2227 2229/2229
f 2230/2230 2231/2231 2227/2227
f 2231/2231 3061/3061 2227/2227
f 3060/3060 2170/2170 2200/2200
f 2200/2200 2170/2170 2173/2173
f 2171/2171 2168/2168 2172/2172
f 2168/2168 2169/2169 2172/2172
f 2169/2169 3127/3127 2172/2172
f 3157/3157 3159/3159 3147/3147
f 3163/3163 3189/3189 3164/3164
f 3182/3182 3183/3183 3179/3179
f 3411/3411 3412/3412 3415/3415
f 3414/3414 3464/3464 3439/3439
f 3464/3464 3738/3738 3439/3439
f 3738/3738 3463/3463 3439/3439
f 4369/4369 4160/4160 4159/4159
f 4160/4160 4148/4148 4159/4159
f 5594/5718 5593/5717 5592/5716
f 5568/5692 5607/5731 5606/5730
f 5500/5624 5497/5621 5499/5623
f 2957/2957 2920/2920 2958/2958
f 2919/2919 2964/2964 2963/2963
f 2963/2963 2964/2964 2966/2966
f 2965/2965 2912/2912 2910/2910
f 2912/2912 2911/2911 2910/2910
f 2831/2831 2830/2830 2829/2829
f 2829/2829 2830/2830 2801/2801
f 2830/2830 2799/2799 2801/2801
f 2800/2800 2795/2795 2802/2802
f 2542/2542 2533/2533 2531/2531
f 2535/2535 2490/2490 2536/2536
f 2227/2227 3061/3061 2226/2226
f 2170/2170 2171/2171 2173/2173
f 3159/3159 3160/3160 3161/3161
f 3187/3187 3403/3403 3185/3185
f 3969/3969 3972/3972 3971/3971
f 2111/5786 5594/5718 5620/5744
f 5594/5718 5592/5716 5620/5744
f 5571/5695 5500/5624 5499/5623
f 5392/5516 5390/5514 5393/5517
f 5390/5514 5388/5512 5393/5517
f 4101/4101 4102/4102 4150/4150
f 2803/2803 2542/2542 2531/2531
f 2533/2533 2532/2532 2531/2531
f 2541/2541 2535/2535 2538/2538
f 2534/2534 2535/2535 2541/2541
f 2535/2535 2536/2536 2538/2538
f 2495/2495 2229/2229 2228/2228
f 2229/2229 2227/2227 2228/2228
f 3061/3061 3060/3060 2205/2205
f 3060/3060 2200/2200 2205/2205
f 2172/2172 3127/3127 2175/2175
f 3130/3130 3157/3157 3147/3147
f 3159/3159 3161/3161 3147/3147
f 3160/3160 3162/3162 3161/3161
f 3183/3183 3187/3187 3185/3185
f 3403/3403 3404/3404 3185/3185
f 3463/3463 3969/3969 3970/3970
f 3969/3969 3971/3971 3970/3970
f 3966/3966 3986/3986 3984/3984
f 3986/3986 4220/4220 3984/3984
f 3986/3986 4218/4218 4220/4220
f 5570/5694 5567/5691 5571/5695
f 5388/5512 4369/5771 4368/5772
f 4102/4102 3004/3004 2992/2992
f 3004/3004 2957/2957 2992/2992
f 2963/2963 2966/2966 2986/2986
f 2964/2964 2965/2965 2966/2966
f 2911/2911 2907/2907 2908/2908
f 2907/2907 2829/2829 2908/2908
f 2496/2496 2495/2495 2497/2497
f 2225/2225 2227/2227 2226/2226
f 3061/3061 2206/2206 2226/2226
f 3061/3061 2205/2205 2206/2206
f 2205/2205 2200/2200 2201/2201
f 2200/2200 2173/2173 2199/2199
f 2173/2173 2171/2171 2174/2174
f 2175/2175 3127/3127 3129/3129
f 3129/3129 3127/3127 3130/3130
f 3189/3189 3181/3181 3179/3179
f 3179/3179 3183/3183 3180/3180
f 3405/3405 3415/3415 3416/3416
f 3415/3415 3412/3412 3416/3416
f 3416/3416 3412/3412 3417/3417
f 3412/3412 3414/3414 3417/3417
f 3414/3414 3442/3442 3417/3417
f 3971/3971 3972/3972 3966/3966
f 4369/4369 4159/4159 4368/4368
f 4159/4159 4148/4148 4149/4149
f 4148/4148 4101/4101 4149/4149
f 5606/5730 5619/5743 5593/5717
f 5497/5621 5484/5608 5485/5609
f 5484/5608 5391/5515 5485/5609
f 2958/2958 2920/2920 2959/2959
f 2920/2920 2919/2919 2959/2959
f 2919/2919 2963/2963 2959/2959
f 2829/2829 2827/2827 2909/2909
f 2829/2829 2801/2801 2827/2827
f 2801/2801 2800/2800 2802/2802
f 2532/2532 2534/2534 2541/2541
f 2496/2496 2497/2497 2537/2537
f 2495/2495 2228/2228 2497/2497
f 2228/2228 2227/2227 2225/2225
f 2204/2204 2205/2205 2201/2201
f 2200/2200 2199/2199 2201/2201
f 3147/3147 3161/3161 3146/3146
f 3189/3189 3179/3179 3166/3166
f 3185/3185 3404/3404 3422/3422
f 3404/3404 3421/3421 3422/3422
f 3421/3421 3404/3404 3405/3405
f 3442/3442 3414/3414 3439/3439
f 3439/3439 3463/3463 3441/3441
f 3463/3463 3970/3970 3441/3441
f 4149/4149 4101/4101 4150/4150
f 5606/5730 5608/5732 5619/5743
f 5606/5730 5607/5731 5608/5732
f 5607/5731 5569/5693 5608/5732
f 5569/5693 5570/5694 5609/5733
f 5571/5695 5499/5623 5573/5697
f 5499/5623 5497/5621 5498/5622
f 5388/5512 4368/5772 5393/5517
f 2965/2965 2910/2910 2966/2966
f 2910/2910 2911/2911 2908/2908
f 2908/2908 2829/2829 2909/2909
f 2827/2827 2801/2801 2828/2828
f 2801/2801 2802/2802 2828/2828
f 2536/2536 2537/2537 2538/2538
f 2171/2171 2175/2175 2174/2174
f 2171/2171 2172/2172 2175/2175
f 3130/3130 3147/3147 3129/3129
f 3161/3161 3162/3162 3144/3144
f 3162/3162 3164/3164 3144/3144
f 3164/3164 3189/3189 3166/3166
f 3405/3405 3416/3416 3421/3421
f 3966/3966 3984/3984 3971/3971
f 5391/5515 5486/5610 5485/5609
f 5391/5515 5392/5516 5486/5610
f 2959/2959 2963/2963 2962/2962
f 2803/2803 2531/2531 2530/2530
f 2531/2531 2532/2532 2529/2529
f 2532/2532 2541/2541 2529/2529
f 2541/2541 2538/2538 2540/2540
f 2228/2228 2225/2225 2498/2498
f 2225/2225 2226/2226 2223/2223
f 2205/2205 2204/2204 2206/2206
f 2201/2201 2199/2199 2202/2202
f 3146/3146 3161/3161 3144/3144
f 3144/3144 3164/3164 3165/3165
f 3164/3164 3166/3166 3165/3165
f 3183/3183 3185/3185 3184/3184
f 3416/3416 3417/3417 3418/3418
f 5608/5732 5569/5693 5609/5733
f 5573/5697 5499/5623 5498/5622
f 5498/5622 5497/5621 5496/5620
f 5393/5517 4368/5772 4367/5783
f 2992/2992 2957/2957 2991/2991
f 2957/2957 2958/2958 2960/2960
f 2958/2958 2959/2959 2960/2960
f 2986/2986 2966/2966 2967/2967
f 2802/2802 2803/2803 2804/2804
f 2804/2804 2803/2803 2530/2530
f 2531/2531 2529/2529 2530/2530
f 2539/2539 2538/2538 2508/2508
f 2538/2538 2537/2537 2508/2508
f 2537/2537 2497/2497 2508/2508
f 2497/2497 2228/2228 2498/2498
f 2226/2226 2206/2206 2223/2223
f 2204/2204 2201/2201 2203/2203
f 2199/2199 2173/2173 2198/2198
f 2173/2173 2174/2174 2198/2198
f 2174/2174 2176/2176 2198/2198
f 2174/2174 2175/2175 2176/2176
f 2175/2175 3129/3129 2180/2180
f 3184/3184 3185/3185 3423/3423
f 3185/3185 3422/3422 3423/3423
f 3970/3970 3971/3971 3462/3462
f 3984/3984 3983/3983 3985/3985
f 3984/3984 4220/4220 3983/3983
f 4368/4368 4159/4159 4367/4367
f 921/921 2097/2097 920/920
f 921/921 2111/2111 2097/2097
f 2111/5786 5620/5744 2097/5789
f 5608/5732 5609/5733 5610/5734
f 5571/5695 5573/5697 5572/5696
f 5486/5610 5392/5516 5394/5518
f 5392/5516 5395/5519 5394/5518
f 5392/5516 5393/5517 5395/5519
f 4150/4150 4102/4102 4103/4103
f 2960/2960 2959/2959 2961/2961
f 2959/2959 2962/2962 2961/2961
f 2963/2963 2986/2986 2962/2962
f 2910/2910 2908/2908 2826/2826
f 2828/2828 2802/2802 2805/2805
f 2802/2802 2804/2804 2805/2805
f 2538/2538 2539/2539 2540/2540
f 2508/2508 2497/2497 2499/2499
f 2498/2498 2225/2225 2224/2224
f 2225/2225 2223/2223 2224/2224
f 2177/2177 2175/2175 2180/2180
f 2180/2180 3129/3129 3132/3132
f 3129/3129 3147/3147 3132/3132
f 3441/3441 3970/3970 3447/3447
f 3974/3974 3984/3984 3985/3985
f 3971/3971 3984/3984 3974/3974
f 5609/5733 5570/5694 5612/5736
f 5497/5621 5485/5609 5496/5620
f 4103/4103 4102/4102 4104/4104
f 4102/4102 2992/2992 4104/4104
f 2957/2957 2960/2960 2991/2991
f 2908/2908 2909/2909 2826/2826
f 2909/2909 2827/2827 2826/2826
f 2528/2528 2529/2529 2527/2527
f 2530/2530 2529/2529 2528/2528
f 2541/2541 2540/2540 2529/2529
f 2203/2203 2201/2201 2202/2202
f 3132/3132 3147/3147 3139/3139
f 3147/3147 3146/3146 3139/3139
f 3144/3144 3165/3165 3145/3145
f 3166/3166 3179/3179 3167/3167
f 3422/3422 3421/3421 3423/3423
f 3416/3416 3418/3418 3420/3420
f 3417/3417 3442/3442 3438/3438
f 4220/4220 4218/4218 4260/4260
f 4149/4149 4150/4150 4151/4151
f 5485/5609 5493/5617 5494/5618
f 5485/5609 5486/5610 5493/5617
f 2827/2827 2824/2824 2826/2826
f 2827/2827 2828/2828 2824/2824
f 2824/2824 2828/2828 2805/2805
f 2497/2497 2498/2498 2499/2499
f 2498/2498 2224/2224 2501/2501
f 2206/2206 2204/2204 2207/2207
f 2202/2202 2199/2199 2197/2197
f 2175/2175 2177/2177 2176/2176
f 3146/3146 3144/3144 3139/3139
f 3165/3165 3166/3166 3145/3145
f 3180/3180 3183/3183 3178/3178
f 3418/3418 3417/3417 3419/3419
f 3442/3442 3439/3439 3440/3440
f 3439/3439 3441/3441 3440/3440
f 3462/3462 3971/3971 3973/3973
f 3971/3971 3974/3974 3973/3973
f 3983/3983 4220/4220 3982/3982
f 5593/5717 5619/5743 5591/5715
f 5395/5519 5393/5517 5400/5524
f 5393/5517 4367/5783 5400/5524
f 2986/2986 2967/2967 2985/2985
f 2529/2529 2540/2540 2527/2527
f 2540/2540 2539/2539 2509/2509
f 2207/2207 2204/2204 2203/2203
f 2203/2203 2202/2202 2197/2197
f 2199/2199 2198/2198 2197/2197
f 3184/3184 3423/3423 3425/3425
f 3423/3423 3421/3421 3424/3424
f 3442/3442 3440/3440 3444/3444
f 4159/4159 4149/4149 4151/4151
f 5608/5732 5610/5734 5611/5735
f 5610/5734 5609/5733 5611/5735
f 5496/5620 5485/5609 5495/5619
f 2960/2960 2961/2961 2989/2989
f 2962/2962 2986/2986 2984/2984
f 2966/2966 2910/2910 2967/2967
f 2910/2910 2826/2826 2825/2825
f 2826/2826 2824/2824 2825/2825
f 2804/2804 2530/2530 2528/2528
f 2180/2180 3132/3132 3131/3131
f 3132/3132 3139/3139 3131/3131
f 3144/3144 3145/3145 3139/3139
f 3179/3179 3178/3178 3167/3167
f 3179/3179 3180/3180 3178/3178
f 3183/3183 3175/3175 3178/3178
f 3183/3183 3184/3184 3175/3175
f 3421/3421 3416/3416 3420/3420
f 3420/3420 3418/3418 3419/3419
f 3417/3417 3438/3438 3419/3419
f 3441/3441 3447/3447 3440/3440
f 2097/5789 5620/5744 5621/5745
f 5620/5744 5592/5716 5621/5745
f 5592/5716 5593/5717 5591/5715
f 5619/5743 5608/5732 5611/5735
f 2991/2991 2960/2960 2989/2989
f 2987/2987 2961/2961 2962/2962
f 2984/2984 2986/2986 2985/2985
f 2825/2825 2824/2824 2823/2823
f 2823/2823 2824/2824 2821/2821
f 2805/2805 2806/2806 2807/2807
f 2805/2805 2804/2804 2806/2806
f 2539/2539 2508/2508 2509/2509
f 2508/2508 2507/2507 2509/2509
f 2508/2508 2499/2499 2507/2507
f 2224/2224 2222/2222 2501/2501
f 2222/2222 2223/2223 2208/2208
f 2224/2224 2223/2223 2222/2222
f 2223/2223 2206/2206 2208/2208
f 2206/2206 2207/2207 2208/2208
f 2207/2207 2203/2203 2210/2210
f 2203/2203 2197/2197 2210/2210
f 2197/2197 2198/2198 2194/2194
f 3145/3145 3166/3166 3143/3143
f 3166/3166 3167/3167 3143/3143
f 3184/3184 3425/3425 3175/3175
f 3970/3970 3462/3462 3447/3447
f 3985/3985 3983/3983 3980/3980
f 3983/3983 3982/3982 3980/3980
f 3982/3982 4220/4220 4221/4221
f 4220/4220 4260/4260 4221/4221
f 5621/5745 5592/5716 5590/5714
f 5592/5716 5591/5715 5590/5714
f 5612/5736 5570/5694 5572/5696
f 5570/5694 5571/5695 5572/5696
f 5400/5524 4367/5783 4321/5791
f 4150/4150 4103/4103 4151/4151
f 4104/4104 2992/2992 4105/4105
f 2989/2989 2961/2961 2987/2987
f 2910/2910 2825/2825 2969/2969
f 2824/2824 2805/2805 2821/2821
f 2804/2804 2528/2528 2806/2806
f 2527/2527 2540/2540 3037/3037
f 2498/2498 2501/2501 2500/2500
f 2208/2208 2207/2207 2209/2209
f 2209/2209 2207/2207 2210/2210
f 2198/2198 2176/2176 2194/2194
f 2176/2176 2177/2177 2178/2178
f 2177/2177 2180/2180 2179/2179
f 2180/2180 2181/2181 2179/2179
f 2180/2180 3131/3131 2181/2181
f 3131/3131 3140/3140 2181/2181
f 3131/3131 3139/3139 3140/3140
f 3139/3139 3145/3145 3143/3143
f 3425/3425 3423/3423 3426/3426
f 3423/3423 3424/3424 3426/3426
f 3421/3421 3420/3420 3424/3424
f 3424/3424 3420/3420 3419/3419
f 4367/4367 4159/4159 4321/4321
f 5573/5697 5498/5622 5496/5620
f 5485/5609 5494/5618 5495/5619
f 2992/2992 2991/2991 4105/4105
f 2987/2987 2962/2962 2983/2983
f 2962/2962 2984/2984 2983/2983
f 2967/2967 2910/2910 2968/2968
f 2968/2968 2910/2910 2969/2969
f 2821/2821 2805/2805 2807/2807
f 3037/3037 2540/2540 2511/2511
f 2540/2540 2509/2509 2511/2511
f 2509/2509 2510/2510 2511/2511
f 2210/2210 2197/2197 2196/2196
f 2197/2197 2194/2194 2196/2196
f 3139/3139 3138/3138 3140/3140
f 3139/3139 3141/3141 3138/3138
f 3141/3141 3139/3139 3143/3143
f 3143/3143 3167/3167 3168/3168
f 3175/3175 3425/3425 3177/3177
f 3419/3419 3438/3438 3437/3437
f 3447/3447 3462/3462 3448/3448
f 5611/5735 5612/5736 5613/5737
f 5609/5733 5612/5736 5611/5735
f 2806/2806 2528/2528 2526/2526
f 2526/2526 2527/2527 2525/2525
f 2528/2528 2527/2527 2526/2526
f 2499/2499 2498/2498 2500/2500
f 2177/2177 2179/2179 2178/2178
f 3178/3178 3175/3175 3176/3176
f 3177/3177 3425/3425 3426/3426
f 3419/3419 3429/3429 3424/3424
f 3419/3419 3437/3437 3429/3429
f 3438/3438 3442/3442 3443/3443
f 3442/3442 3444/3444 3443/3443
f 3444/3444 3449/3449 3443/3443
f 3440/3440 3446/3446 3445/3445
f 3440/3440 3447/3447 3446/3446
f 3447/3447 3448/3448 3446/3446
f 3462/3462 3973/3973 3448/3448
f 3974/3974 3985/3985 3976/3976
f 3985/3985 3980/3980 3976/3976
f 920/920 2097/2097 2098/2098
f 2097/5789 5621/5745 2098/5793
f 5495/5619 5494/5618 5492/5616
f 5494/5618 5493/5617 5492/5616
f 5395/5519 5400/5524 5399/5523
f 5400/5524 4321/5791 5399/5523
f 2984/2984 2985/2985 2981/2981
f 2806/2806 2526/2526 2809/2809
f 2527/2527 3037/3037 2525/2525
f 3037/3037 2511/2511 2525/2525
f 2509/2509 2507/2507 2510/2510
f 2507/2507 2499/2499 2505/2505
f 2222/2222 2208/2208 2221/2221
f 3167/3167 3178/3178 3168/3168
f 3178/3178 3176/3176 3168/3168
f 3175/3175 3177/3177 3176/3176
f 3444/3444 3440/3440 3445/3445
f 2098/5793 5621/5745 5590/5714
f 5619/5743 5611/5735 5618/5742
f 5611/5735 5613/5737 5618/5742
f 5613/5737 5612/5736 5614/5738
f 5573/5697 5496/5620 5574/5698
f 5496/5620 5495/5619 5574/5698
f 5495/5619 5492/5616 5574/5698
f 2505/2505 2499/2499 2500/2500
f 2501/2501 2222/2222 2502/2502
f 2502/2502 2222/2222 2221/2221
f 2210/2210 2211/2211 2209/2209
f 2210/2210 2196/2196 2211/2211
f 2194/2194 2176/2176 2178/2178
f 4244/4244 3143/3143 3168/3168
f 3448/3448 3973/3973 3975/3975
f 3973/3973 3974/3974 3975/3975
f 4321/4321 4159/4159 4152/4152
f 4159/4159 4151/4151 4152/4152
f 920/920 2098/2098 2099/2099
f 2098/5793 5590/5714 2099/5797
f 5590/5714 5591/5715 5589/5713
f 5591/5715 5619/5743 5589/5713
f 5619/5743 5618/5742 5589/5713
f 5572/5696 5573/5697 5574/5698
f 5399/5523 4321/5791 4320/5796
f 4151/4151 4103/4103 4152/4152
f 4105/4105 2991/2991 2993/2993
f 2984/2984 2981/2981 2983/2983
f 2985/2985 2967/2967 2981/2981
f 2500/2500 2501/2501 2502/2502
f 2221/2221 2208/2208 2219/2219
f 2208/2208 2209/2209 2219/2219
f 2179/2179 2181/2181 2182/2182
f 2181/2181 3140/3140 3133/3133
f 3169/3169 3168/3168 3170/3170
f 3427/3427 3424/3424 3429/3429
f 3426/3426 3424/3424 3427/3427
f 3438/3438 3443/3443 3437/3437
f 3980/3980 3982/3982 3981/3981
f 3982/3982 4221/4221 3981/3981
f 4321/4321 4152/4152 4320/4320
f 920/920 2099/2099 912/912
f 2099/5797 5590/5714 5623/5747
f 5574/5698 5492/5616 5491/5615
f 5492/5616 5493/5617 5489/5613
f 5493/5617 5486/5610 5489/5613
f 4103/4103 4104/4104 4106/4106
f 4104/4104 2993/2993 4106/4106
f 4104/4104 4105/4105 2993/2993
f 2991/2991 2989/2989 2990/2990
f 2988/2988 2989/2989 2987/2987
f 2967/2967 2968/2968 2970/2970
f 2968/2968 2969/2969 2822/2822
f 2821/2821 2807/2807 2808/2808
f 2510/2510 2507/2507 2506/2506
f 2507/2507 2505/2505 2506/2506
f 2500/2500 2502/2502 2503/2503
f 2211/2211 2196/2196 2195/2195
f 2196/2196 2194/2194 2195/2195
f 2194/2194 2178/2178 2193/2193
f 2178/2178 2179/2179 2192/2192
f 2181/2181 3133/3133 2182/2182
f 3141/3141 3143/3143 3142/3142
f 3143/3143 4244/4244 3142/3142
f 4244/4244 3168/3168 3169/3169
f 3168/3168 3176/3176 3170/3170
f 3437/3437 3443/3443 3436/3436
f 3444/3444 3445/3445 3449/3449
f 3974/3974 3976/3976 3975/3975
f 3980/3980 3981/3981 3977/3977
f 2099/5797 5623/5747 912/5826
f 5589/5713 5618/5742 5617/5741
f 5618/5742 5613/5737 5616/5740
f 5614/5738 5612/5736 5575/5699
f 5612/5736 5572/5696 5575/5699
f 2991/2991 2990/2990 2993/2993
f 2990/2990 2989/2989 2988/2988
f 2987/2987 2983/2983 2988/2988
f 2988/2988 2983/2983 2982/2982
f 2983/2983 2981/2981 2982/2982
f 2981/2981 2967/2967 2970/2970
f 2969/2969 2825/2825 2822/2822
f 2825/2825 2823/2823 2822/2822
f 2807/2807 2806/2806 2808/2808
f 2806/2806 2809/2809 2808/2808
f 2503/2503 2502/2502 2221/2221
f 2219/2219 2209/2209 2212/2212
f 2209/2209 2211/2211 2212/2212
f 3133/3133 3140/3140 3138/3138
f 3135/3135 3138/3138 3137/3137
f 3138/3138 3141/3141 3137/3137
f 3177/3177 3426/3426 3174/3174
f 3426/3426 3427/3427 3174/3174
f 3428/3428 3437/3437 3434/3434
f 3429/3429 3437/3437 3428/3428
f 3437/3437 3436/3436 3434/3434
f 3443/3443 3449/3449 3450/3450
f 3448/3448 3461/3461 3446/3446
f 3448/3448 3975/3975 3461/3461
f 3976/3976 3980/3980 3977/3977
f 912/5826 5623/5747 913/5812
f 5623/5747 5590/5714 5588/5712
f 5590/5714 5589/5713 5588/5712
f 5617/5741 5618/5742 5616/5740
f 5613/5737 5614/5738 5616/5740
f 5489/5613 5486/5610 5487/5611
f 5486/5610 5394/5518 5487/5611
f 5395/5519 5399/5523 5398/5522
f 5398/5522 4320/5796 4319/5810
f 5399/5523 4320/5796 5398/5522
f 4152/4152 4103/4103 4153/4153
f 4103/4103 4112/4112 4153/4153
f 4103/4103 4106/4106 4112/4112
f 2968/2968 2822/2822 2970/2970
f 2823/2823 2821/2821 2822/2822
f 2505/2505 2500/2500 2504/2504
f 2195/2195 2194/2194 2193/2193
f 2178/2178 2192/2192 2191/2191
f 3137/3137 3141/3141 3142/3142
f 3142/3142 4244/4244 4243/4243
f 3170/3170 3176/3176 3172/3172
f 3427/3427 3429/3429 3428/3428
f 3436/3436 3443/3443 3450/3450
f 4320/4320 4152/4152 4319/4319
f 5492/5616 5489/5613 5491/5615
f 5398/5522 4319/5810 4267/5800
f 4267/4267 4152/4152 4157/4157
f 4319/4319 4152/4152 4267/4267
f 2982/2982 2981/2981 2980/2980
f 2981/2981 2970/2970 2978/2978
f 2525/2525 2511/2511 2512/2512
f 2511/2511 2510/2510 2512/2512
f 2510/2510 2506/2506 2513/2513
f 2506/2506 2505/2505 2504/2504
f 2504/2504 2500/2500 2503/2503
f 2503/2503 2221/2221 2220/2220
f 2221/2221 2219/2219 2220/2220
f 2193/2193 2178/2178 2190/2190
f 2178/2178 2191/2191 2190/2190
f 4244/4244 3169/3169 4243/4243
f 3169/3169 3170/3170 3171/3171
f 3170/3170 3172/3172 3171/3171
f 3172/3172 3176/3176 3174/3174
f 3176/3176 3177/3177 3174/3174
f 3449/3449 3445/3445 3450/3450
f 3445/3445 3446/3446 3455/3455
f 3446/3446 3456/3456 3455/3455
f 5572/5696 5574/5698 5575/5699
f 4152/4152 4153/4153 4157/4157
f 4106/4106 2993/2993 4112/4112
f 4112/4112 2993/2993 3003/3003
f 2993/2993 2990/2990 3003/3003
f 2990/2990 2994/2994 3003/3003
f 2990/2990 2988/2988 2994/2994
f 2994/2994 2988/2988 2995/2995
f 2988/2988 2982/2982 2996/2996
f 2978/2978 2970/2970 2971/2971
f 2970/2970 2822/2822 2971/2971
f 2809/2809 2526/2526 2810/2810
f 2526/2526 2811/2811 2810/2810
f 2526/2526 2524/2524 2811/2811
f 2526/2526 2525/2525 2524/2524
f 2525/2525 2512/2512 2524/2524
f 2510/2510 2513/2513 2512/2512
f 2506/2506 2504/2504 2515/2515
f 2195/2195 2193/2193 2215/2215
f 2192/2192 2183/2183 2191/2191
f 2192/2192 2179/2179 2183/2183
f 2179/2179 2182/2182 2183/2183
f 2182/2182 3133/3133 2186/2186
f 3133/3133 3138/3138 2186/2186
f 3138/3138 3135/3135 2186/2186
f 4243/4243 3169/3169 4245/4245
f 3427/3427 3428/3428 3430/3430
f 3450/3450 3445/3445 3455/3455
f 3446/3446 3461/3461 3456/3456
f 3975/3975 3976/3976 3977/3977
f 4221/4221 4222/4222 3981/3981
f 5588/5712 5589/5713 5587/5711
f 5589/5713 5617/5741 5587/5711
f 5574/5698 5490/5614 5575/5699
f 5574/5698 5491/5615 5490/5614
f 5394/5518 5395/5519 5487/5611
f 5395/5519 5398/5522 5397/5521
f 5398/5522 4267/5800 5397/5521
f 2822/2822 2972/2972 2971/2971
f 2808/2808 2809/2809 2820/2820
f 2504/2504 2503/2503 2517/2517
f 2503/2503 2220/2220 2517/2517
f 3064/3064 2193/2193 2190/2190
f 2183/2183 2182/2182 2184/2184
f 2184/2184 2182/2182 2185/2185
f 2182/2182 2186/2186 2185/2185
f 3169/3169 3171/3171 4245/4245
f 3975/3975 3977/3977 3461/3461
f 5616/5740 5614/5738 5615/5739
f 5614/5738 5575/5699 5615/5739
f 5491/5615 5489/5613 5490/5614
f 5487/5611 5395/5519 5396/5520
f 5395/5519 5397/5521 5396/5520
f 5397/5521 4267/5800 4266/5801
f 4267/4267 4157/4157 4266/4266
f 2988/2988 2996/2996 2995/2995
f 2982/2982 2980/2980 2996/2996
f 2980/2980 2981/2981 2978/2978
f 2972/2972 2822/2822 2818/2818
f 2822/2822 2821/2821 2818/2818
f 2821/2821 2808/2808 2818/2818
f 2808/2808 2820/2820 2818/2818
f 2820/2820 2809/2809 2819/2819
f 2809/2809 2810/2810 2819/2819
f 2512/2512 2513/2513 2506/2506
f 2215/2215 2193/2193 3064/3064
f 3135/3135 3137/3137 3136/3136
f 3137/3137 3142/3142 3136/3136
f 3136/3136 3142/3142 4242/4242
f 3142/3142 4243/4243 4242/4242
f 4243/4243 4245/4245 4242/4242
f 3172/3172 3174/3174 3173/3173
f 3173/3173 3427/3427 4250/4250
f 3174/3174 3427/3427 3173/3173
f 3427/3427 3430/3430 4250/4250
f 3428/3428 3431/3431 3430/3430
f 3428/3428 3434/3434 3431/3431
f 3431/3431 3434/3434 3435/3435
f 3434/3434 3436/3436 3435/3435
f 3436/3436 3451/3451 3435/3435
f 3436/3436 3450/3450 3451/3451
f 3977/3977 3981/3981 3460/3460
f 913/5812 5623/5747 914/5811
f 5617/5741 5616/5740 5587/5711
f 5575/5699 5490/5614 5576/5700
f 2995/2995 2996/2996 2997/2997
f 2978/2978 2971/2971 2973/2973
f 2971/2971 2972/2972 2973/2973
f 2972/2972 2818/2818 2975/2975
f 2820/2820 2819/2819 2818/2818
f 2524/2524 2512/2512 2521/2521
f 2521/2521 2512/2512 2514/2514
f 2512/2512 2506/2506 2514/2514
f 2506/2506 2515/2515 2514/2514
f 2515/2515 2504/2504 2517/2517
f 2517/2517 2220/2220 2218/2218
f 2220/2220 2219/2219 2218/2218
f 2211/2211 2195/2195 2214/2214
f 2191/2191 2183/2183 2190/2190
f 2190/2190 2183/2183 2187/2187
f 2183/2183 2184/2184 2187/2187
f 2185/2185 2186/2186 2189/2189
f 2186/2186 3135/3135 2189/2189
f 3135/3135 3136/3136 2189/2189
f 3171/3171 3172/3172 4246/4246
f 3172/3172 3173/3173 4246/4246
f 3456/3456 3461/3461 3457/3457
f 5615/5739 5575/5699 5576/5700
f 5576/5700 5490/5614 5577/5701
f 5490/5614 5489/5613 5488/5612
f 5489/5613 5487/5611 5488/5612
f 4266/4266 4157/4157 4158/4158
f 4157/4157 4153/4153 4158/4158
f 4112/4112 3003/3003 3002/3002
f 3003/3003 2994/2994 3002/3002
f 2994/2994 2995/2995 3000/3000
f 2996/2996 2980/2980 2979/2979
f 2979/2979 2978/2978 2977/2977
f 2980/2980 2978/2978 2979/2979
f 2978/2978 2973/2973 2977/2977
f 2973/2973 2972/2972 2974/2974
f 2974/2974 2972/2972 2975/2975
f 2975/2975 2818/2818 2817/2817
f 2818/2818 2815/2815 2817/2817
f 2818/2818 2819/2819 2815/2815
f 2819/2819 2810/2810 2815/2815
f 2810/2810 2811/2811 2812/2812
f 2811/2811 2523/2523 2812/2812
f 2811/2811 2524/2524 2523/2523
f 2524/2524 2521/2521 2523/2523
f 2514/2514 2515/2515 2516/2516
f 2516/2516 2515/2515 2517/2517
f 2219/2219 2213/2213 2218/2218
f 2219/2219 2212/2212 2213/2213
f 2212/2212 2211/2211 2213/2213
f 2211/2211 2214/2214 2213/2213
f 2195/2195 2215/2215 2214/2214
f 4242/4242 4245/4245 4254/4254
f 4245/4245 3171/3171 4246/4246
f 4246/4246 3173/3173 4247/4247
f 3173/3173 4250/4250 4249/4249
f 4250/4250 3432/3432 4249/4249
f 4250/4250 3430/3430 3432/3432
f 3432/3432 3430/3430 3431/3431
f 3451/3451 3450/3450 3452/3452
f 3450/3450 3455/3455 3452/3452
f 3452/3452 3455/3455 3454/3454
f 3455/3455 3456/3456 3454/3454
f 3461/3461 3977/3977 3457/3457
f 3977/3977 3460/3460 3457/3457
f 3460/3460 3981/3981 3978/3978
f 3981/3981 4222/4222 3978/3978
f 914/5811 5623/5747 5622/5746
f 5623/5747 5588/5712 5622/5746
f 5587/5711 5616/5740 5615/5739
f 5490/5614 5488/5612 5577/5701
f 5488/5612 5487/5611 5396/5520
f 4153/4153 4112/4112 4154/4154
f 4112/4112 4111/4111 4154/4154
f 3002/3002 2994/2994 3000/3000
f 2996/2996 2979/2979 2997/2997
f 2815/2815 2810/2810 2813/2813
f 2810/2810 2812/2812 2813/2813
f 2521/2521 2514/2514 2516/2516
f 2516/2516 2517/2517 2518/2518
f 2517/2517 2218/2218 2518/2518
f 2218/2218 2217/2217 2518/2518
f 2218/2218 2213/2213 2217/2217
f 2190/2190 2187/2187 3066/3066
f 3136/3136 4242/4242 3134/3134
f 4242/4242 4254/4254 3134/3134
f 4254/4254 4245/4245 4253/4253
f 4253/4253 4245/4245 4246/4246
f 4246/4246 4247/4247 4251/4251
f 3431/3431 3433/3433 3432/3432
f 3431/3431 3435/3435 3433/3433
f 3451/3451 3452/3452 4234/4234
f 3456/3456 3457/3457 3454/3454
f 3457/3457 3460/3460 3459/3459
f 3460/3460 3978/3978 3459/3459
f 3978/3978 4222/4222 4223/4223
f 5622/5746 5588/5712 5586/5710
f 5588/5712 5587/5711 5586/5710
f 5586/5710 5587/5711 5584/5708
f 5587/5711 5615/5739 5584/5708
f 5615/5739 5576/5700 5584/5708
f 5584/5708 5576/5700 5578/5702
f 5576/5700 5577/5701 5578/5702
f 5578/5702 5577/5701 5579/5703
f 5577/5701 5488/5612 5579/5703
f 4111/4111 4112/4112 3002/3002
f 2995/2995 2997/2997 3000/3000
f 2974/2974 2975/2975 2976/2976
f 2976/2976 2975/2975 2817/2817
f 2213/2213 2215/2215 2216/2216
f 2213/2213 2214/2214 2215/2215
f 2215/2215 3064/3064 3065/3065
f 3064/3064 2190/2190 3065/3065
f 2190/2190 3066/3066 3065/3065
f 2184/2184 2185/2185 2187/2187
f 2189/2189 3136/3136 3134/3134
f 4253/4253 4246/4246 4252/4252
f 4252/4252 4246/4246 4251/4251
f 4251/4251 4247/4247 4248/4248
f 4247/4247 3173/3173 4248/4248
f 3173/3173 4249/4249 4248/4248
f 4248/4248 4249/4249 3433/3433
f 4249/4249 3432/3432 3433/3433
f 3433/3433 3435/3435 4235/4235
f 3435/3435 4233/4233 4235/4235
f 3435/3435 3451/3451 4233/4233
f 3451/3451 4234/4234 4233/4233
f 4234/4234 3452/3452 3453/3453
f 3453/3453 3452/3452 3454/3454
f 3454/3454 3457/3457 3458/3458
f 3457/3457 3459/3459 3458/3458
f 5586/5710 5584/5708 5585/5709
f 5585/5709 5584/5708 5583/5707
f 5584/5708 5578/5702 5583/5707
f 5583/5707 5578/5702 5582/5706
f 5488/5612 5396/5520 5581/5705
f 5396/5520 5397/5521 5581/5705
f 4158/4158 4153/4153 4155/4155
f 4155/4155 4154/4154 4156/4156
f 4153/4153 4154/4154 4155/4155
f 4154/4154 4111/4111 4156/4156
f 3000/3000 3001/3001 3002/3002
f 3000/3000 2999/2999 3001/3001
f 3000/3000 2997/2997 2999/2999
f 2997/2997 2998/2998 2999/2999
f 2997/2997 2979/2979 2998/2998
f 2998/2998 2979/2979 2977/2977
f 2973/2973 2974/2974 2977/2977
f 2977/2977 2974/2974 2976/2976
f 2976/2976 2817/2817 2816/2816
f 2817/2817 2815/2815 2816/2816
f 2816/2816 2815/2815 2814/2814
f 2815/2815 2813/2813 2814/2814
f 2814/2814 2813/2813 2812/2812
f 2812/2812 2523/2523 2522/2522
f 2523/2523 2521/2521 2522/2522
f 2522/2522 2521/2521 2520/2520
f 2521/2521 2516/2516 2520/2520
f 2516/2516 2519/2519 2520/2520
f 2516/2516 2518/2518 2519/2519
f 2518/2518 2217/2217 3063/3063
f 2217/2217 2216/2216 3063/3063
f 2217/2217 2213/2213 2216/2216
f 2187/2187 2185/2185 2188/2188
f 2185/2185 2189/2189 2188/2188
f 2188/2188 2189/2189 3134/3134
f 4254/4254 4253/4253 3134/3134
f 3459/3459 3978/3978 3979/3979
f 3978/3978 4223/4223 3979/3979
f 5622/5746 5586/5710 5624/5748
f 5624/5748 5586/5710 5585/5709
f 5582/5706 5579/5703 5580/5704
f 5578/5702 5579/5703 5582/5706
f 5580/5704 5488/5612 5581/5705
f 5579/5703 5488/5612 5580/5704
f 4111/4111 3002/3002 4110/4110
f 3002/3002 3001/3001 4110/4110
f 3001/3001 4109/4109 4110/4110
f 3001/3001 2999/2999 4109/4109
f 4109/4109 2999/2999 4108/4108
f 2999/2999 2998/2998 4108/4108
f 2998/2998 2977/2977 4108/4108
f 4108/4108 2977/2977 4107/4107
f 4107/4107 2977/2977 3008/3008
f 2977/2977 2976/2976 3008/3008
f 3008/3008 2976/2976 2816/2816
f 2816/2816 2814/2814 3009/3009
f 2814/2814 3010/3010 3009/3009
f 2814/2814 3011/3011 3010/3010
f 2814/2814 2812/2812 3011/3011
f 3011/3011 2522/2522 3012/3012
f 2812/2812 2522/2522 3011/3011
f 2522/2522 2520/2520 3012/3012
f 2520/2520 3013/3013 3012/3012
f 2520/2520 2519/2519 3013/3013
f 2519/2519 2518/2518 3013/3013
f 2518/2518 3014/3014 3013/3013
f 2518/2518 3063/3063 3014/3014
f 3014/3014 3063/3063 4259/4259
f 3063/3063 2216/2216 4259/4259
f 2216/2216 2215/2215 4259/4259
f 4259/4259 2215/2215 4256/4256
f 2215/2215 3065/3065 4256/4256
f 4256/4256 3065/3065 4258/4258
f 3065/3065 3066/3066 4258/4258
f 3066/3066 4255/4255 4258/4258
f 3066/3066 2187/2187 4255/4255
f 2187/2187 2188/2188 4255/4255
f 4255/4255 2188/2188 4294/4294
f 2188/2188 3134/3134 4294/4294
f 3134/3134 4295/4295 4294/4294
f 3134/3134 4290/4290 4295/4295
f 3134/3134 4253/4253 4290/4290
f 4253/4253 4252/4252 4290/4290
f 4290/4290 4251/4251 4291/4291
f 4252/4252 4251/4251 4290/4290
f 4251/4251 4292/4292 4291/4291
f 4251/4251 4248/4248 4292/4292
f 4292/4292 4248/4248 4293/4293
f 4293/4293 3433/3433 4285/4285
f 4248/4248 3433/3433 4293/4293
f 3433/3433 4235/4235 4285/4285
f 4235/4235 4286/4286 4285/4285
f 4235/4235 4233/4233 4286/4286
f 4286/4286 4234/4234 4287/4287
f 4233/4233 4234/4234 4286/4286
f 4234/4234 3453/3453 4287/4287
f 4287/4287 3453/3453 4288/4288
f 4288/4288 3453/3453 4289/4289
f 3453/3453 3454/3454 4289/4289
f 3454/3454 4281/4281 4289/4289
f 3454/3454 3458/3458 4281/4281
f 3458/3458 3459/3459 4281/4281
f 4281/4281 3459/3459 4282/4282
f 4282/4282 3979/3979 4283/4283
f 3459/3459 3979/3979 4282/4282
f 4283/4283 4223/4223 4284/4284
f 3979/3979 4223/4223 4283/4283
f 914/5811 5622/5746 915/5822
f 5622/5746 4828/5795 915/5822
f 5622/5746 5624/5748 4828/5795
f 5624/5748 4829/5787 4828/5795
f 5624/5748 5585/5709 4829/5787
f 5585/5709 4830/5781 4829/5787
f 5585/5709 5583/5707 4830/5781
f 4830/5781 5583/5707 4833/5779
f 5583/5707 5582/5706 4833/5779
f 4833/5779 5582/5706 4834/5780
f 5582/5706 5580/5704 4834/5780
f 4834/5780 5580/5704 4832/5775
f 5580/5704 5581/5705 4832/5775
f 4832/5775 5581/5705 4831/5774
f 5581/5705 5397/5521 4831/5774
f 4831/5774 4266/5801 4344/5807
f 5397/5521 4266/5801 4831/5774
f 4266/4266 4158/4158 4344/4344
f 4344/4344 4155/4155 4271/4271
f 4158/4158 4155/4155 4344/4344
f 4155/4155 4156/4156 4271/4271
f 4156/4156 4111/4111 4271/4271
f 4111/4111 4270/4270 4271/4271
f 4111/4111 4110/4110 4270/4270
f 4110/4110 4272/4272 4270/4270
f 4110/4110 4109/4109 4272/4272
f 4109/4109 4268/4268 4272/4272
f 4109/4109 4108/4108 4268/4268
f 4108/4108 4269/4269 4268/4268
f 4108/4108 4107/4107 4269/4269
f 4107/4107 3008/3008 4263/4263
f 3008/3008 2816/2816 4263/4263
f 2816/2816 4279/4279 4263/4263
f 2816/2816 3009/3009 4279/4279
f 4279/4279 3009/3009 4278/4278
f 3009/3009 3010/3010 4278/4278
f 3010/3010 3011/3011 4278/4278
f 4278/4278 3011/3011 4280/4280
f 4280/4280 3011/3011 4265/4265
f 3011/3011 3012/3012 4265/4265
f 4265/4265 3012/3012 4273/4273
f 3012/3012 3013/3013 4273/4273
f 4273/4273 3013/3013 4274/4274
f 4274/4274 3013/3013 4275/4275
f 3013/3013 3014/3014 4275/4275
f 4275/4275 3014/3014 4262/4262
f 3014/3014 4259/4259 4262/4262
f 4262/4262 4259/4259 4261/4261
f 4259/4259 4256/4256 4261/4261
f 4261/4261 4256/4256 4257/4257
f 4256/4256 4258/4258 4257/4257
f 4258/4258 4276/4276 4257/4257
f 4258/4258 4255/4255 4276/4276
f 4255/4255 4277/4277 4276/4276
f 4255/4255 4294/4294 4277/4277
f 4277/4277 4294/4294 4296/4296
f 4294/4294 4295/4295 4296/4296
f 4296/4296 4295/4295 4297/4297
f 4295/4295 4290/4290 4297/4297
f 4297/4297 4290/4290 4298/4298
f 4298/4298 4291/4291 4299/4299
f 4290/4290 4291/4291 4298/4298
f 4299/4299 4291/4291 4292/4292
f 4285/4285 4300/4300 4293/4293
f 4300/4300 4286/4286 4301/4301
f 4285/4285 4286/4286 4300/4300
f 4301/4301 4287/4287 4304/4304
f 4286/4286 4287/4287 4301/4301
f 4304/4304 4287/4287 4302/4302
f 4287/4287 4288/4288 4302/4302
f 4288/4288 4289/4289 4302/4302
f 4289/4289 4303/4303 4302/4302
f 4289/4289 4281/4281 4303/4303
f 4281/4281 4310/4310 4303/4303
f 4281/4281 4282/4282 4310/4310
f 4282/4282 4359/4359 4310/4310
f 4282/4282 4283/4283 4359/4359
f 4283/4283 4284/4284 4359/4359
f 915/4870 4828/4890 4816/4825
f 4816/4825 4829/4891 4819/4828
f 4828/4890 4829/4891 4816/4825
f 4829/4891 4830/4892 4819/4828
f 4819/4828 4830/4892 4818/4827
f 4830/4892 4833/4895 4818/4827
f 4818/4827 4833/4895 4817/4826
f 4833/4895 4834/4896 4817/4826
f 4834/4896 4832/4894 4817/4826
f 4817/4826 4832/4894 4820/4829
f 4832/4894 4831/4893 4820/4829
f 4820/4829 4831/4893 4821/4830
f 4831/4893 4344/4883 4821/4830
f 2059/2059 2039/2039 2071/2071
f 2039/2039 2089/2089 2071/2071
f 2039/2039 1019/1019 2089/2089
f 1019/1019 2090/2090 2089/2089
f 1019/1019 1956/1956 2090/2090
f 2090/2090 1956/1956 2091/2091
f 1956/1956 1958/1958 2091/2091
f 2091/2091 1958/1958 2082/2082
f 1958/1958 1967/1967 2082/2082
f 2082/2082 1967/1967 2081/2081
f 1967/1967 1964/1964 2081/2081
f 2081/2081 1964/1964 2066/2066
f 1964/1964 1966/1966 2066/2066
f 1966/1966 2064/2064 2066/2066
f 2064/2064 1861/1861 2065/2065
f 1966/1966 1861/1861 2064/2064
f 1861/1861 1860/1860 2065/2065
f 1860/1860 2072/2072 2065/2065
f 2072/2072 1831/1831 2073/2073
f 1860/1860 1831/1831 2072/2072
f 2073/2073 1831/1831 2074/2074
f 1831/1831 2052/2052 2074/2074
f 2052/2052 2070/2070 2074/2074
f 2052/2052 2050/2050 2070/2070
f 2070/2070 2051/2051 2069/2069
f 2050/2050 2051/2051 2070/2070
f 2051/2051 1561/1561 2069/2069
f 1561/1561 2048/2048 2069/2069
f 2048/2048 1561/1561 2047/2047
f 1561/1561 1558/1558 2047/2047
f 1558/1558 2046/2046 2047/2047
f 1558/1558 1556/1556 2046/2046
f 1556/1556 1555/1555 2046/2046
f 1555/1555 2043/2043 2046/2046
f 1555/1555 1553/1553 2043/2043
f 1553/1553 2056/2056 2043/2043
f 1553/1553 1551/1551 2056/2056
f 1551/1551 2053/2053 2056/2056
f 1551/1551 1550/1550 2053/2053
f 1550/1550 1548/1548 2053/2053
f 1548/1548 2054/2054 2053/2053
f 1548/1548 226/226 2054/2054
f 2054/2054 226/226 2055/2055
f 226/226 1118/1118 2055/2055
f 1118/1118 1117/1117 2055/2055
f 1117/1117 2058/2058 2055/2055
f 1117/1117 230/230 2058/2058
f 2058/2058 230/230 2057/2057
f 230/230 231/231 2057/2057
f 231/231 2068/2068 2057/2057
f 231/231 2067/2067 2068/2068
f 231/231 283/283 2067/2067
f 283/283 2049/2049 2067/2067
f 283/283 1110/1110 2049/2049
f 1110/1110 2061/2061 2049/2049
f 1110/1110 1109/1109 2061/2061
f 2061/2061 1109/1109 2076/2076
f 1109/1109 1106/1106 2076/2076
f 2076/2076 1106/1106 2075/2075
f 1106/1106 1107/1107 2075/2075
f 1107/1107 2062/2062 2075/2075
f 1107/1107 1108/1108 2062/2062
f 1108/1108 1092/1092 2062/2062
f 2062/6272 2122/6214 5325/6258
f 1092/1092 2122/2122 2062/2062
f 2122/6214 5349/6255 5325/6258
f 2122/6214 6003/6215 5349/6255
f 5349/6255 6003/6215 5348/6256
f 6003/6215 6007/6220 5348/6256
f 5348/6256 6007/6220 5347/6257
f 5347/6257 6007/6220 5346/6260
f 6007/6220 6006/6219 5346/6260
f 6006/6219 5345/6259 5346/6260
f 6006/6219 6005/6218 5345/6259
f 5345/6259 6005/6218 5344/6266
f 6005/6218 6004/6217 5344/6266
f 6004/6217 5343/6267 5344/6266
f 6004/6217 4382/6216 5343/6267
f 4382/6216 4392/6271 5343/6267
f 4382/4382 4366/4366 4392/4392
f 4382/4382 4330/4330 4366/4366
f 1008/1008 2039/2039 2059/2059
f 1014/1014 1019/1019 2039/2039
f 1014/1014 1018/1018 1019/1019
f 1858/1858 1860/1860 1861/1861
f 1858/1858 1859/1859 1860/1860
f 1859/1859 1831/1831 1860/1860
f 1831/1831 1829/1829 2052/2052
f 2052/2052 1829/1829 2050/2050
f 1829/1829 1828/1828 2050/2050
f 1828/1828 2051/2051 2050/2050
f 2051/2051 1828/1828 1561/1561
f 1828/1828 1826/1826 1561/1561
f 1826/1826 1562/1562 1561/1561
f 1561/1561 1560/1560 1558/1558
f 1562/1562 1560/1560 1561/1561
f 1560/1560 1559/1559 1558/1558
f 1559/1559 1557/1557 1558/1558
f 1557/1557 1556/1556 1558/1558
f 1557/1557 1554/1554 1556/1556
f 1554/1554 1555/1555 1556/1556
f 1554/1554 1553/1553 1555/1555
f 1554/1554 1552/1552 1553/1553
f 1552/1552 1551/1551 1553/1553
f 1551/1551 1549/1549 1550/1550
f 1550/1550 1549/1549 1548/1548
f 1549/1549 1547/1547 1548/1548
f 1548/1548 1547/1547 226/226
f 222/222 1118/1118 226/226
f 222/222 1117/1117 1118/1118
f 222/222 227/227 1117/1117
f 1117/1117 227/227 230/230
f 229/229 231/231 230/230
f 231/231 280/280 283/283
f 280/280 281/281 283/283
f 281/281 284/284 283/283
f 284/284 1110/1110 283/283
f 513/513 1091/1091 1108/1108
f 1091/1091 1092/1092 1108/1108
f 2122/6214 5797/6006 6003/6215
f 5797/6006 5795/6004 6003/6215
f 6003/6215 5795/6004 6007/6220
f 5795/6004 5793/6002 6007/6220
f 5793/6002 5794/6003 6007/6220
f 6007/6220 5794/6003 6006/6219
f 5794/6003 5687/5896 6006/6219
f 6006/6219 5687/5896 6005/6218
f 5687/5896 5685/5894 6005/6218
f 5685/5894 6004/6217 6005/6218
f 5685/5894 4382/6216 6004/6217
f 5685/5894 5686/5895 4382/6216
f 5686/5895 4383/5890 4382/6216
f 4383/4383 4330/4330 4382/4382
f 1008/1008 1014/1014 2039/2039
f 1016/1016 1017/1017 1019/1019
f 1017/1017 1956/1956 1019/1019
f 1957/1957 1958/1958 1956/1956
f 1958/1958 1961/1961 1967/1967
f 1967/1967 1961/1961 1964/1964
f 1961/1961 1962/1962 1964/1964
f 1964/1964 1965/1965 1966/1966
f 1965/1965 1863/1863 1966/1966
f 1863/1863 1861/1861 1966/1966
f 1863/1863 1862/1862 1861/1861
f 1862/1862 1858/1858 1861/1861
f 1862/1862 1856/1856 1858/1858
f 1856/1856 1857/1857 1858/1858
f 1857/1857 1859/1859 1858/1858
f 1859/1859 1832/1832 1831/1831
f 1831/1831 1830/1830 1829/1829
f 1832/1832 1830/1830 1831/1831
f 1830/1830 1817/1817 1829/1829
f 1829/1829 1817/1817 1828/1828
f 1817/1817 1821/1821 1828/1828
f 1821/1821 1825/1825 1828/1828
f 1828/1828 1825/1825 1826/1826
f 1557/1557 2014/2014 1554/1554
f 2017/2017 1552/1552 1554/1554
f 2017/2017 2016/2016 1552/1552
f 1552/1552 1544/1544 1551/1551
f 1551/1551 1544/1544 1549/1549
f 1544/1544 1545/1545 1549/1549
f 1545/1545 1547/1547 1549/1549
f 1545/1545 225/225 1547/1547
f 225/225 226/226 1547/1547
f 225/225 224/224 226/226
f 224/224 222/222 226/226
f 222/222 228/228 227/227
f 228/228 230/230 227/227
f 228/228 233/233 230/230
f 233/233 229/229 230/230
f 229/229 233/233 231/231
f 233/233 1116/1116 231/231
f 1116/1116 280/280 231/231
f 281/281 282/282 284/284
f 282/282 278/278 284/284
f 278/278 1110/1110 284/284
f 278/278 1109/1109 1110/1110
f 278/278 285/285 1109/1109
f 1109/1109 285/285 1106/1106
f 285/285 512/512 1106/1106
f 512/512 1107/1107 1106/1106
f 512/512 513/513 1107/1107
f 1107/1107 513/513 1108/1108
f 1092/1092 2123/2123 2122/2122
f 2123/6171 5797/6006 2122/6214
f 5795/6004 5792/6001 5793/6002
f 4383/4383 4329/4329 4330/4330
f 1014/1014 1015/1015 1018/1018
f 1018/1018 1016/1016 1019/1019
f 1015/1015 1016/1016 1018/1018
f 1957/1957 1959/1959 1958/1958
f 1857/1857 1832/1832 1859/1859
f 2018/2018 1557/1557 1559/1559
f 219/219 222/222 224/224
f 219/219 220/220 222/222
f 220/220 221/221 222/222
f 221/221 228/228 222/222
f 233/233 279/279 1116/1116
f 1116/1116 279/279 280/280
f 279/279 281/281 280/280
f 279/279 277/277 281/281
f 281/281 277/277 282/282
f 515/515 1091/1091 513/513
f 1091/1091 1089/1089 1092/1092
f 1090/1090 1089/1089 1091/1091
f 1089/1089 2123/2123 1092/1092
f 2123/6171 5796/6005 5797/6006
f 5797/6006 5796/6005 5795/6004
f 5795/6004 5796/6005 5792/6001
f 5792/6001 5791/6000 5793/6002
f 5791/6000 5794/6003 5793/6002
f 5791/6000 5688/5897 5794/6003
f 5688/5897 5687/5896 5794/6003
f 5688/5897 5684/5893 5687/5896
f 5687/5896 5684/5893 5685/5894
f 5684/5893 5682/5891 5685/5894
f 5682/5891 5686/5895 5685/5894
f 5681/5889 4383/5890 5686/5895
f 1008/1008 1007/1007 1014/1014
f 1007/1007 1015/1015 1014/1014
f 1959/1959 1961/1961 1958/1958
f 1962/1962 1963/1963 1964/1964
f 1964/1964 1963/1963 1965/1965
f 1963/1963 1863/1863 1965/1965
f 1832/1832 1816/1816 1830/1830
f 1816/1816 1817/1817 1830/1830
f 1825/1825 1824/1824 1826/1826
f 1826/1826 1827/1827 1562/1562
f 1562/1562 1563/1563 1560/1560
f 1560/1560 2018/2018 1559/1559
f 2018/2018 2014/2014 1557/1557
f 2016/2016 1542/1542 1552/1552
f 1552/1552 1542/1542 1544/1544
f 1546/1546 225/225 1545/1545
f 1546/1546 223/223 225/225
f 225/225 223/223 224/224
f 223/223 219/219 224/224
f 221/221 1121/1121 228/228
f 1121/1121 232/232 228/228
f 232/232 233/233 228/228
f 232/232 279/279 233/233
f 277/277 278/278 282/282
f 278/278 286/286 285/285
f 286/286 512/512 285/285
f 515/515 1090/1090 1091/1091
f 5690/5899 5688/5897 5791/6000
f 5682/5891 5681/5889 5686/5895
f 1956/1956 1948/1948 1957/1957
f 1959/1959 1960/1960 1961/1961
f 1960/1960 1962/1962 1961/1961
f 1963/1963 1865/1865 1863/1863
f 1865/1865 1864/1864 1863/1863
f 1863/1863 1864/1864 1862/1862
f 1855/1855 1856/1856 1862/1862
f 1856/1856 1834/1834 1857/1857
f 1834/1834 1832/1832 1857/1857
f 1834/1834 1833/1833 1832/1832
f 1833/1833 1816/1816 1832/1832
f 1816/1816 1815/1815 1817/1817
f 1815/1815 1818/1818 1817/1817
f 1818/1818 1821/1821 1817/1817
f 1824/1824 1827/1827 1826/1826
f 1564/1564 1562/1562 1827/1827
f 1564/1564 1563/1563 1562/1562
f 1563/1563 2011/2011 1560/1560
f 2011/2011 2018/2018 1560/1560
f 2011/2011 2012/2012 2018/2018
f 2018/2018 2012/2012 2014/2014
f 2014/2014 2013/2013 1554/1554
f 2013/2013 2015/2015 1554/1554
f 1554/1554 2015/2015 2017/2017
f 2015/2015 2016/2016 2017/2017
f 1541/1541 1542/1542 2016/2016
f 1542/1542 1543/1543 1544/1544
f 1543/1543 1545/1545 1544/1544
f 1543/1543 1546/1546 1545/1545
f 213/213 219/219 223/223
f 213/213 218/218 219/219
f 218/218 216/216 219/219
f 219/219 216/216 220/220
f 216/216 221/221 220/220
f 216/216 217/217 221/221
f 217/217 1121/1121 221/221
f 1121/1121 234/234 232/232
f 272/272 279/279 232/232
f 272/272 273/273 279/279
f 273/273 277/277 279/279
f 273/273 275/275 277/277
f 275/275 276/276 277/277
f 277/277 276/276 278/278
f 276/276 287/287 278/278
f 287/287 286/286 278/278
f 286/286 511/511 512/512
f 288/288 511/511 286/286
f 511/511 513/513 512/512
f 5796/6005 5790/5999 5792/6001
f 5789/5998 5790/5999 5796/6005
f 5790/5999 5791/6000 5792/6001
f 5691/5900 5690/5899 5791/6000
f 5690/5899 5689/5898 5688/5897
f 5688/5897 5689/5898 5684/5893
f 5689/5898 5683/5892 5684/5893
f 5683/5892 5682/5891 5684/5893
f 5683/5892 5680/5888 5682/5891
f 5682/5891 5680/5888 5681/5889
f 1855/1855 1854/1854 1856/1856
f 1821/1821 1822/1822 1825/1825
f 287/287 288/288 286/286
f 5790/5999 5691/5900 5791/6000
f 5681/5889 4384/5886 4383/5890
f 4384/4384 4329/4329 4383/4383
f 1009/1009 1005/1005 1008/1008
f 1005/1005 1007/1007 1008/1008
f 1015/1015 1012/1012 1016/1016
f 1012/1012 1017/1017 1016/1016
f 1960/1960 1963/1963 1962/1962
f 1864/1864 1855/1855 1862/1862
f 1853/1853 1854/1854 1855/1855
f 1814/1814 1815/1815 1816/1816
f 1822/1822 1823/1823 1825/1825
f 1823/1823 1824/1824 1825/1825
f 1824/1824 1564/1564 1827/1827
f 1564/1564 1565/1565 1563/1563
f 2012/2012 2013/2013 2014/2014
f 2013/2013 1539/1539 2015/2015
f 1539/1539 2016/2016 2015/2015
f 1539/1539 1541/1541 2016/2016
f 1541/1541 1285/1285 1542/1542
f 1285/1285 1543/1543 1542/1542
f 1543/1543 1282/1282 1546/1546
f 1282/1282 223/223 1546/1546
f 1282/1282 1281/1281 223/223
f 1281/1281 213/213 223/223
f 217/217 237/237 1121/1121
f 235/235 272/272 232/232
f 509/509 511/511 288/288
f 511/511 514/514 513/513
f 514/514 515/515 513/513
f 514/514 516/516 515/515
f 5691/5900 5689/5898 5690/5899
f 5746/5955 5683/5892 5689/5898
f 5679/5887 5680/5888 5683/5892
f 4384/4384 4325/4325 4329/4329
f 1005/1005 1006/1006 1007/1007
f 1007/1007 1012/1012 1015/1015
f 1006/1006 1012/1012 1007/1007
f 1017/1017 1948/1948 1956/1956
f 1948/1948 1946/1946 1957/1957
f 1946/1946 1959/1959 1957/1957
f 1959/1959 1946/1946 1960/1960
f 1867/1867 1865/1865 1963/1963
f 1854/1854 1838/1838 1856/1856
f 1838/1838 1834/1834 1856/1856
f 1838/1838 1835/1835 1834/1834
f 1835/1835 1833/1833 1834/1834
f 1833/1833 1814/1814 1816/1816
f 1818/1818 1820/1820 1821/1821
f 1820/1820 1822/1822 1821/1821
f 1820/1820 1823/1823 1822/1822
f 1823/1823 1569/1569 1824/1824
f 1569/1569 1567/1567 1824/1824
f 1824/1824 1567/1567 1564/1564
f 1565/1565 2019/2019 1563/1563
f 2019/2019 2011/2011 1563/1563
f 2019/2019 2010/2010 2011/2011
f 2011/2011 2009/2009 2012/2012
f 2010/2010 2009/2009 2011/2011
f 2012/2012 1536/1536 2013/2013
f 1536/1536 1537/1537 2013/2013
f 2013/2013 1537/1537 1539/1539
f 1539/1539 1540/1540 1541/1541
f 1540/1540 1298/1298 1541/1541
f 1298/1298 1285/1285 1541/1541
f 1285/1285 1283/1283 1543/1543
f 1283/1283 1282/1282 1543/1543
f 237/237 234/234 1121/1121
f 234/234 235/235 232/232
f 274/274 276/276 275/275
f 276/276 440/440 287/287
f 287/287 442/442 288/288
f 442/442 509/509 288/288
f 509/509 510/510 511/511
f 1088/1088 1089/1089 1090/1090
f 5692/5901 5746/5955 5689/5898
f 213/213 214/214 218/218
f 214/214 216/216 218/218
f 215/215 217/217 216/216
f 215/215 1120/1120 217/217
f 1120/1120 237/237 217/217
f 236/236 234/234 237/237
f 236/236 270/270 234/234
f 270/270 235/235 234/234
f 271/271 272/272 235/235
f 5788/5997 5789/5998 5796/6005
f 5789/5998 5773/5982 5790/5999
f 5773/5982 5691/5900 5790/5999
f 5691/5900 5692/5901 5689/5898
f 5679/5887 4384/5886 5680/5888
f 4384/5886 5681/5889 5680/5888
f 1012/1012 1013/1013 1017/1017
f 1955/1955 1948/1948 1017/1017
f 1946/1946 1945/1945 1960/1960
f 1960/1960 1945/1945 1963/1963
f 1945/1945 1867/1867 1963/1963
f 1867/1867 1866/1866 1865/1865
f 1865/1865 1866/1866 1864/1864
f 1864/1864 1853/1853 1855/1855
f 2009/2009 1536/1536 2012/2012
f 1537/1537 1538/1538 1539/1539
f 214/214 215/215 216/216
f 1120/1120 238/238 237/237
f 238/238 236/236 237/237
f 270/270 271/271 235/235
f 273/273 274/274 275/275
f 440/440 442/442 287/287
f 510/510 514/514 511/511
f 1089/1089 2124/2124 2123/2123
f 2124/6172 5796/6005 2123/6171
f 5788/5997 5774/5983 5789/5998
f 5773/5982 5693/5902 5691/5900
f 5693/5902 5692/5901 5691/5900
f 1013/1013 1955/1955 1017/1017
f 1946/1946 1943/1943 1945/1945
f 1945/1945 1869/1869 1867/1867
f 1866/1866 1852/1852 1864/1864
f 1852/1852 1853/1853 1864/1864
f 1819/1819 1820/1820 1818/1818
f 1281/1281 211/211 213/213
f 515/515 709/709 1090/1090
f 709/709 1088/1088 1090/1090
f 1088/1088 1087/1087 1089/1089
f 1087/1087 2124/2124 1089/1089
f 5692/5901 5747/5956 5746/5955
f 1009/1009 1004/1004 1005/1005
f 1004/1004 1006/1006 1005/1005
f 1006/1006 1003/1003 1012/1012
f 1003/1003 1013/1013 1012/1012
f 1947/1947 1943/1943 1946/1946
f 1943/1943 1869/1869 1945/1945
f 1815/1815 1819/1819 1818/1818
f 1804/1804 1569/1569 1823/1823
f 1538/1538 1540/1540 1539/1539
f 213/213 211/211 214/214
f 274/274 289/289 276/276
f 289/289 440/440 276/276
f 508/508 509/509 442/442
f 508/508 510/510 509/509
f 2124/6172 5788/5997 5796/6005
f 5774/5983 5773/5982 5789/5998
f 5772/5981 5693/5902 5773/5982
f 5693/5902 5694/5903 5692/5901
f 5678/5885 4384/5886 5679/5887
f 1010/1010 1004/1004 1009/1009
f 1949/1949 1948/1948 1955/1955
f 1948/1948 1947/1947 1946/1946
f 1835/1835 1836/1836 1833/1833
f 1836/1836 1814/1814 1833/1833
f 1820/1820 1804/1804 1823/1823
f 1567/1567 1566/1566 1564/1564
f 1564/1564 1566/1566 1565/1565
f 1565/1565 2003/2003 2019/2019
f 2005/2005 2009/2009 2010/2010
f 1536/1536 1533/1533 1537/1537
f 1299/1299 1298/1298 1540/1540
f 215/215 1119/1119 1120/1120
f 236/236 268/268 270/270
f 271/271 273/273 272/272
f 510/510 517/517 514/514
f 516/516 709/709 515/515
f 5774/5983 5772/5981 5773/5982
f 5746/5955 5745/5954 5683/5892
f 1942/1942 1943/1943 1947/1947
f 1944/1944 1869/1869 1943/1943
f 1867/1867 1868/1868 1866/1866
f 1852/1852 1839/1839 1853/1853
f 1853/1853 1839/1839 1854/1854
f 1854/1854 1839/1839 1838/1838
f 1532/1532 1540/1540 1538/1538
f 1119/1119 238/238 1120/1120
f 238/238 239/239 236/236
f 269/269 271/271 270/270
f 271/271 292/292 273/273
f 292/292 290/290 273/273
f 273/273 290/290 274/274
f 289/289 439/439 440/440
f 439/439 441/441 440/440
f 441/441 442/442 440/440
f 517/517 516/516 514/514
f 5683/5892 5678/5885 5679/5887
f 1871/1871 1851/1851 1852/1852
f 1819/1819 1807/1807 1820/1820
f 1279/1279 1281/1281 1282/1282
f 239/239 268/268 236/236
f 268/268 269/269 270/270
f 709/709 1086/1086 1088/1088
f 1086/1086 1087/1087 1088/1088
f 5776/5985 5774/5983 5788/5997
f 5694/5903 5747/5956 5692/5901
f 5747/5956 5745/5954 5746/5955
f 5745/5954 5678/5885 5683/5892
f 1003/1003 1002/1002 1013/1013
f 1949/1949 1947/1947 1948/1948
f 1869/1869 1868/1868 1867/1867
f 1866/1866 1871/1871 1852/1852
f 1838/1838 1837/1837 1835/1835
f 1813/1813 1815/1815 1814/1814
f 2003/2003 2010/2010 2019/2019
f 2009/2009 1535/1535 1536/1536
f 1535/1535 1533/1533 1536/1536
f 1537/1537 1533/1533 1538/1538
f 1533/1533 1532/1532 1538/1538
f 1532/1532 1301/1301 1540/1540
f 1301/1301 1299/1299 1540/1540
f 211/211 209/209 214/214
f 209/209 215/215 214/214
f 209/209 1119/1119 215/215
f 269/269 292/292 271/271
f 517/517 708/708 516/516
f 708/708 709/709 516/516
f 5695/5904 5694/5903 5693/5902
f 5694/5903 5749/5958 5747/5956
f 5749/5958 5748/5957 5747/5956
f 5748/5957 5745/5954 5747/5956
f 1004/1004 1003/1003 1006/1006
f 1001/1001 1002/1002 1003/1003
f 1868/1868 1871/1871 1866/1866
f 1851/1851 1839/1839 1852/1852
f 1837/1837 1836/1836 1835/1835
f 1280/1280 211/211 1281/1281
f 1119/1119 240/240 238/238
f 240/240 239/239 238/238
f 290/290 289/289 274/274
f 441/441 443/443 442/442
f 442/442 443/443 508/508
f 5695/5904 5696/5905 5694/5903
f 5744/5953 5678/5885 5745/5954
f 1002/1002 1955/1955 1013/1013
f 1002/1002 1954/1954 1955/1955
f 1949/1949 1941/1941 1947/1947
f 1871/1871 1849/1849 1851/1851
f 1815/1815 1807/1807 1819/1819
f 1286/1286 1285/1285 1298/1298
f 1283/1283 1279/1279 1282/1282
f 1279/1279 1280/1280 1281/1281
f 1280/1280 206/206 211/211
f 209/209 240/240 1119/1119
f 239/239 266/266 268/268
f 266/266 267/267 268/268
f 267/267 269/269 268/268
f 508/508 506/506 510/510
f 506/506 517/517 510/510
f 5775/5984 5772/5981 5774/5983
f 5696/5905 5749/5958 5694/5903
f 4384/4384 4326/4326 4325/4325
f 1000/1000 1003/1003 1004/1004
f 1839/1839 1837/1837 1838/1838
f 1567/1567 1568/1568 1566/1566
f 1566/1566 2000/2000 1565/1565
f 2000/2000 2003/2003 1565/1565
f 2003/2003 2005/2005 2010/2010
f 1299/1299 1297/1297 1298/1298
f 1297/1297 1286/1286 1298/1298
f 1285/1285 1284/1284 1283/1283
f 1286/1286 1284/1284 1285/1285
f 206/206 212/212 211/211
f 212/212 209/209 211/211
f 506/506 507/507 517/517
f 1086/1086 1085/1085 1087/1087
f 1085/1085 2124/2124 1087/1087
f 2124/6172 5787/5996 5788/5997
f 5787/5996 5776/5985 5788/5997
f 5772/5981 5698/5907 5693/5902
f 5698/5907 5695/5904 5693/5902
f 5748/5957 5743/5952 5745/5954
f 5743/5952 5744/5953 5745/5954
f 4385/4385 4326/4326 4384/4384
f 1010/1010 1000/1000 1004/1004
f 1870/1870 1868/1868 1869/1869
f 1849/1849 1850/1850 1851/1851
f 1840/1840 1837/1837 1839/1839
f 1805/1805 1804/1804 1820/1820
f 1569/1569 1568/1568 1567/1567
f 1301/1301 1300/1300 1299/1299
f 240/240 266/266 239/239
f 266/266 265/265 267/267
f 290/290 438/438 289/289
f 438/438 439/439 289/289
f 5776/5985 5775/5984 5774/5983
f 5678/5885 4385/5883 4384/5886
f 1000/1000 1001/1001 1003/1003
f 1954/1954 1949/1949 1955/1955
f 1954/1954 1951/1951 1949/1949
f 1951/1951 1950/1950 1949/1949
f 1950/1950 1941/1941 1949/1949
f 1942/1942 1874/1874 1943/1943
f 1943/1943 1874/1874 1944/1944
f 1870/1870 1871/1871 1868/1868
f 1850/1850 1839/1839 1851/1851
f 1836/1836 1812/1812 1814/1814
f 1812/1812 1813/1813 1814/1814
f 1813/1813 1808/1808 1815/1815
f 1808/1808 1807/1807 1815/1815
f 1807/1807 1805/1805 1820/1820
f 1805/1805 1803/1803 1804/1804
f 1804/1804 1570/1570 1569/1569
f 1570/1570 1568/1568 1569/1569
f 1532/1532 1302/1302 1301/1301
f 1302/1302 1300/1300 1301/1301
f 1284/1284 1279/1279 1283/1283
f 439/439 445/445 441/441
f 443/443 506/506 508/508
f 5961/6170 5787/5996 2124/6172
f 5770/5979 5698/5907 5772/5981
f 5749/5958 5743/5952 5748/5957
f 1953/1953 1954/1954 1002/1002
f 1941/1941 1942/1942 1947/1947
f 1939/1939 1874/1874 1942/1942
f 1837/1837 1812/1812 1836/1836
f 1803/1803 1570/1570 1804/1804
f 1568/1568 1571/1571 1566/1566
f 1571/1571 2000/2000 1566/1566
f 2006/2006 2009/2009 2005/2005
f 2006/2006 1535/1535 2009/2009
f 1300/1300 1297/1297 1299/1299
f 212/212 207/207 209/209
f 207/207 210/210 209/209
f 209/209 210/210 240/240
f 507/507 708/708 517/517
f 1085/6270 5961/6170 2124/6172
f 5697/5906 5750/5959 5696/5905
f 5750/5959 5749/5958 5696/5905
f 1011/1011 1000/1000 1010/1010
f 1534/1534 1533/1533 1535/1535
f 210/210 266/266 240/240
f 255/255 265/265 266/266
f 267/267 263/263 269/269
f 265/265 263/263 267/267
f 269/269 291/291 292/292
f 291/291 290/290 292/292
f 291/291 438/438 290/290
f 441/441 445/445 443/443
f 1001/1001 996/996 1002/1002
f 996/996 1953/1953 1002/1002
f 1953/1953 1951/1951 1954/1954
f 1941/1941 1939/1939 1942/1942
f 1850/1850 1840/1840 1839/1839
f 1570/1570 1571/1571 1568/1568
f 2000/2000 2002/2002 2003/2003
f 2003/2003 2004/2004 2005/2005
f 2004/2004 2006/2006 2005/2005
f 2006/2006 1534/1534 1535/1535
f 1534/1534 1531/1531 1533/1533
f 1533/1533 1531/1531 1532/1532
f 1531/1531 1302/1302 1532/1532
f 263/263 291/291 269/269
f 438/438 437/437 439/439
f 439/439 444/444 445/445
f 5787/5996 5777/5986 5776/5985
f 5777/5986 5775/5984 5776/5985
f 5744/5953 5677/5882 5678/5885
f 5677/5882 4385/5883 5678/5885
f 1874/1874 1869/1869 1944/1944
f 1874/1874 1870/1870 1869/1869
f 1872/1872 1871/1871 1870/1870
f 1842/1842 1840/1840 1850/1850
f 1841/1841 1837/1837 1840/1840
f 1841/1841 1793/1793 1837/1837
f 1837/1837 1811/1811 1812/1812
f 1793/1793 1811/1811 1837/1837
f 1810/1810 1813/1813 1812/1812
f 2002/2002 2004/2004 2003/2003
f 2004/2004 2007/2007 2006/2006
f 2008/2008 1534/1534 2006/2006
f 1303/1303 1300/1300 1302/1302
f 1303/1303 1296/1296 1300/1300
f 1296/1296 1297/1297 1300/1300
f 1296/1296 1294/1294 1297/1297
f 1294/1294 1286/1286 1297/1297
f 1294/1294 1287/1287 1286/1286
f 1286/1286 1278/1278 1284/1284
f 1287/1287 1278/1278 1286/1286
f 1284/1284 1278/1278 1279/1279
f 1278/1278 205/205 1279/1279
f 1279/1279 205/205 1280/1280
f 205/205 206/206 1280/1280
f 260/260 263/263 265/265
f 437/437 444/444 439/439
f 444/444 446/446 445/445
f 5959/6168 5787/5996 5961/6170
f 999/999 1000/1000 1011/1011
f 998/998 1001/1001 1000/1000
f 1953/1953 1937/1937 1951/1951
f 1952/1952 1950/1950 1951/1951
f 1950/1950 1940/1940 1941/1941
f 1940/1940 1939/1939 1941/1941
f 1871/1871 1872/1872 1849/1849
f 1872/1872 1848/1848 1849/1849
f 1807/1807 1806/1806 1805/1805
f 1806/1806 1803/1803 1805/1805
f 1802/1802 1570/1570 1803/1803
f 2001/2001 2000/2000 1571/1571
f 2001/2001 2002/2002 2000/2000
f 1534/1534 1530/1530 1531/1531
f 1530/1530 1302/1302 1531/1531
f 1277/1277 205/205 1278/1278
f 255/255 266/266 210/210
f 708/708 707/707 709/709
f 709/709 1084/1084 1086/1086
f 707/707 1084/1084 709/709
f 1084/1084 1085/1085 1086/1086
f 5775/5984 5771/5980 5772/5981
f 5771/5980 5770/5979 5772/5981
f 4385/4385 4327/4327 4326/4326
f 1848/1848 1846/1846 1849/1849
f 1849/1849 1846/1846 1850/1850
f 1846/1846 1842/1842 1850/1850
f 1842/1842 1841/1841 1840/1840
f 1811/1811 1810/1810 1812/1812
f 1810/1810 1809/1809 1813/1813
f 1809/1809 1808/1808 1813/1813
f 1808/1808 1806/1806 1807/1807
f 1802/1802 1572/1572 1570/1570
f 260/260 262/262 263/263
f 291/291 436/436 438/438
f 5777/5986 5778/5987 5775/5984
f 5695/5904 5697/5906 5696/5905
f 5698/5907 5697/5906 5695/5904
f 5750/5959 5743/5952 5749/5958
f 5743/5952 5676/5881 5744/5953
f 998/998 996/996 1001/1001
f 1937/1937 1952/1952 1951/1951
f 1875/1875 1874/1874 1939/1939
f 1809/1809 1806/1806 1808/1808
f 1806/1806 1801/1801 1803/1803
f 1801/1801 1802/1802 1803/1803
f 2007/2007 2008/2008 2006/2006
f 2008/2008 1530/1530 1534/1534
f 206/206 204/204 212/212
f 212/212 204/204 207/207
f 256/256 265/265 255/255
f 256/256 260/260 265/265
f 263/263 264/264 291/291
f 262/262 264/264 263/263
f 436/436 437/437 438/438
f 446/446 504/504 445/445
f 504/504 443/443 445/445
f 5959/6168 5786/5995 5787/5996
f 5786/5995 5777/5986 5787/5996
f 5676/5881 5677/5882 5744/5953
f 999/999 998/998 1000/1000
f 1952/1952 1940/1940 1950/1950
f 1874/1874 1873/1873 1870/1870
f 1870/1870 1873/1873 1872/1872
f 1526/1526 2004/2004 2002/2002
f 1305/1305 1303/1303 1302/1302
f 1295/1295 1294/1294 1296/1296
f 207/207 241/241 210/210
f 241/241 255/255 210/210
f 505/505 506/506 443/443
f 5675/5880 4387/5884 4385/5883
f 996/996 997/997 1953/1953
f 997/997 1937/1937 1953/1953
f 1872/1872 1977/1977 1848/1848
f 204/204 194/194 207/207
f 194/194 208/208 207/207
f 241/241 251/251 255/255
f 251/251 256/256 255/255
f 264/264 436/436 291/291
f 447/447 446/446 444/444
f 500/500 507/507 506/506
f 507/507 706/706 708/708
f 706/706 707/707 708/708
f 5742/5951 5750/5959 5697/5906
f 5750/5959 5742/5951 5743/5952
f 5742/5951 5676/5881 5743/5952
f 5676/5881 5675/5880 5677/5882
f 5675/5880 4385/5883 5677/5882
f 4387/4387 4327/4327 4385/4385
f 936/936 955/955 999/999
f 955/955 998/998 999/999
f 1937/1937 1938/1938 1952/1952
f 1938/1938 1940/1940 1952/1952
f 1938/1938 1939/1939 1940/1940
f 1875/1875 1873/1873 1874/1874
f 1802/1802 1574/1574 1572/1572
f 1570/1570 1523/1523 1571/1571
f 1523/1523 1524/1524 1571/1571
f 1524/1524 2001/2001 1571/1571
f 1530/1530 1305/1305 1302/1302
f 1303/1303 1304/1304 1296/1296
f 1278/1278 1276/1276 1277/1277
f 1276/1276 202/202 1277/1277
f 202/202 205/205 1277/1277
f 202/202 203/203 205/205
f 205/205 203/203 206/206
f 203/203 204/204 206/206
f 208/208 241/241 207/207
f 437/437 447/447 444/444
f 447/447 504/504 446/446
f 505/505 499/499 506/506
f 499/499 500/500 506/506
f 501/501 706/706 507/507
f 5778/5987 5771/5980 5775/5984
f 5698/5907 5699/5908 5697/5906
f 5699/5908 5742/5951 5697/5906
f 1843/1843 1845/1845 1841/1841
f 1845/1845 1792/1792 1841/1841
f 1792/1792 1793/1793 1841/1841
f 1572/1572 1523/1523 1570/1570
f 1524/1524 2002/2002 2001/2001
f 1529/1529 1305/1305 1530/1530
f 1304/1304 1295/1295 1296/1296
f 1288/1288 1278/1278 1287/1287
f 436/436 435/435 437/437
f 435/435 447/447 437/437
f 504/504 505/505 443/443
f 500/500 501/501 507/507
f 955/955 954/954 998/998
f 954/954 996/996 998/998
f 1875/1875 1876/1876 1873/1873
f 1842/1842 1843/1843 1841/1841
f 1844/1844 1843/1843 1842/1842
f 1810/1810 1797/1797 1809/1809
f 1524/1524 1525/1525 2002/2002
f 1525/1525 1526/1526 2002/2002
f 2007/2007 1530/1530 2008/2008
f 1304/1304 2028/2028 1295/1295
f 1294/1294 1288/1288 1287/1287
f 256/256 261/261 260/260
f 5698/5907 5700/5909 5699/5908
f 1937/1937 1936/1936 1938/1938
f 1938/1938 1926/1926 1939/1939
f 1939/1939 1877/1877 1875/1875
f 1926/1926 1877/1877 1939/1939
f 1873/1873 1876/1876 1872/1872
f 1876/1876 1977/1977 1872/1872
f 1794/1794 1811/1811 1793/1793
f 1811/1811 1794/1794 1810/1810
f 1527/1527 2007/2007 2004/2004
f 1528/1528 1530/1530 2007/2007
f 1528/1528 1529/1529 1530/1530
f 1288/1288 1275/1275 1278/1278
f 1275/1275 1276/1276 1278/1278
f 261/261 258/258 260/260
f 258/258 262/262 260/260
f 258/258 264/264 262/262
f 1085/6270 5958/6167 5961/6170
f 5958/6167 5959/6168 5961/6170
f 954/954 995/995 996/996
f 997/997 994/994 1937/1937
f 1846/1846 1844/1844 1842/1842
f 1792/1792 1791/1791 1793/1793
f 1794/1794 1797/1797 1810/1810
f 1809/1809 1800/1800 1806/1806
f 1797/1797 1800/1800 1809/1809
f 1800/1800 1801/1801 1806/1806
f 1801/1801 1577/1577 1802/1802
f 1577/1577 1574/1574 1802/1802
f 1526/1526 1527/1527 2004/2004
f 1527/1527 1528/1528 2007/2007
f 1305/1305 1304/1304 1303/1303
f 1290/1290 1288/1288 1294/1294
f 251/251 254/254 256/256
f 254/254 261/261 256/256
f 432/432 436/436 264/264
f 432/432 435/435 436/436
f 435/435 434/434 447/447
f 434/434 430/430 447/447
f 430/430 504/504 447/447
f 5700/5909 5738/5947 5699/5908
f 5699/5908 5738/5947 5742/5951
f 5738/5947 5737/5946 5742/5951
f 5737/5946 5676/5881 5742/5951
f 5737/5946 5736/5945 5676/5881
f 5736/5945 5674/5879 5676/5881
f 5674/5879 5675/5880 5676/5881
f 5674/5879 5672/5877 5675/5880
f 995/995 997/997 996/996
f 994/994 1936/1936 1937/1937
f 1936/1936 1926/1926 1938/1938
f 1877/1877 1876/1876 1875/1875
f 1791/1791 1794/1794 1793/1793
f 1799/1799 1577/1577 1801/1801
f 200/200 203/203 202/202
f 203/203 196/196 204/204
f 254/254 1111/1111 261/261
f 261/261 257/257 258/258
f 258/258 432/432 264/264
f 434/434 429/429 430/430
f 430/430 449/449 504/504
f 449/449 502/502 504/504
f 502/502 505/505 504/504
f 706/706 704/704 707/707
f 704/704 1084/1084 707/707
f 1084/1084 1083/1083 1085/1085
f 1083/6264 5958/6167 1085/6270
f 5958/6167 5960/6169 5959/6168
f 5960/6169 5786/5995 5959/6168
f 1876/1876 1848/1848 1977/1977
f 1847/1847 1846/1846 1848/1848
f 1847/1847 1787/1787 1846/1846
f 1846/1846 1787/1787 1844/1844
f 1844/1844 1845/1845 1843/1843
f 1577/1577 1575/1575 1574/1574
f 1575/1575 1573/1573 1574/1574
f 1574/1574 1573/1573 1572/1572
f 1573/1573 1523/1523 1572/1572
f 1573/1573 1521/1521 1523/1523
f 1523/1523 1522/1522 1524/1524
f 1521/1521 1522/1522 1523/1523
f 1522/1522 1525/1525 1524/1524
f 1522/1522 1456/1456 1525/1525
f 1525/1525 1456/1456 1526/1526
f 1456/1456 1527/1527 1526/1526
f 1527/1527 1456/1456 1528/1528
f 1456/1456 1307/1307 1528/1528
f 1528/1528 1307/1307 1529/1529
f 1529/1529 1307/1307 1305/1305
f 1307/1307 1306/1306 1305/1305
f 1305/1305 1306/1306 1304/1304
f 1306/1306 2028/2028 1304/1304
f 1293/1293 1295/1295 2028/2028
f 1293/1293 1294/1294 1295/1295
f 1293/1293 1290/1290 1294/1294
f 1290/1290 1289/1289 1288/1288
f 1288/1288 1289/1289 1275/1275
f 241/241 250/250 251/251
f 250/250 249/249 251/251
f 1111/1111 257/257 261/261
f 257/257 259/259 258/258
f 259/259 293/293 258/258
f 293/293 432/432 258/258
f 432/432 433/433 435/435
f 433/433 434/434 435/435
f 5769/5978 5770/5979 5771/5980
f 5770/5979 5701/5910 5698/5907
f 936/936 935/935 955/955
f 935/935 954/954 955/955
f 1925/1925 1878/1878 1877/1877
f 1878/1878 1876/1876 1877/1877
f 1876/1876 1879/1879 1848/1848
f 1879/1879 1847/1847 1848/1848
f 1845/1845 1790/1790 1792/1792
f 1790/1790 1791/1791 1792/1792
f 1797/1797 1798/1798 1800/1800
f 1800/1800 1799/1799 1801/1801
f 1798/1798 1799/1799 1800/1800
f 1308/1308 1306/1306 1307/1307
f 1291/1291 1289/1289 1290/1290
f 199/199 1276/1276 1275/1275
f 196/196 194/194 204/204
f 251/251 253/253 254/254
f 249/249 253/253 251/251
f 1111/1111 1112/1112 257/257
f 432/432 431/431 433/433
f 433/433 429/429 434/434
f 427/427 430/430 429/429
f 5701/5910 5700/5909 5698/5907
f 1788/1788 1845/1845 1844/1844
f 1791/1791 1795/1795 1794/1794
f 1795/1795 1797/1797 1794/1794
f 1795/1795 1796/1796 1797/1797
f 1796/1796 1798/1798 1797/1797
f 1522/1522 1458/1458 1456/1456
f 1456/1456 1308/1308 1307/1307
f 1308/1308 1309/1309 1306/1306
f 1306/1306 2027/2027 2028/2028
f 2027/2027 1293/1293 2028/2028
f 1291/1291 1274/1274 1289/1289
f 1289/1289 1274/1274 1275/1275
f 1274/1274 199/199 1275/1275
f 199/199 202/202 1276/1276
f 199/199 200/200 202/202
f 200/200 196/196 203/203
f 208/208 250/250 241/241
f 254/254 1113/1113 1111/1111
f 1113/1113 1112/1112 1111/1111
f 259/259 257/257 1112/1112
f 431/431 429/429 433/433
f 452/452 449/449 430/430
f 501/501 704/704 706/706
f 5672/5877 4386/5876 5675/5880
f 5675/5880 4386/5876 4387/5884
f 4386/4386 4327/4327 4387/4387
f 995/995 994/994 997/997
f 994/994 1928/1928 1936/1936
f 1928/1928 1926/1926 1936/1936
f 1926/1926 1924/1924 1877/1877
f 1927/1927 1924/1924 1926/1926
f 1877/1877 1924/1924 1925/1925
f 1878/1878 1879/1879 1876/1876
f 1879/1879 1884/1884 1847/1847
f 1787/1787 1788/1788 1844/1844
f 1788/1788 1790/1790 1845/1845
f 1702/1702 1791/1791 1790/1790
f 1701/1701 1795/1795 1791/1791
f 1521/1521 1458/1458 1522/1522
f 1455/1455 1308/1308 1456/1456
f 1292/1292 1290/1290 1293/1293
f 1291/1291 1272/1272 1274/1274
f 199/199 198/198 200/200
f 208/208 248/248 250/250
f 254/254 1114/1114 1113/1113
f 1114/1114 1112/1112 1113/1113
f 293/293 1103/1103 432/432
f 1103/1103 431/431 432/432
f 1103/1103 423/423 431/431
f 423/423 424/424 431/431
f 424/424 429/429 431/431
f 424/424 426/426 429/429
f 426/426 427/427 429/429
f 502/502 499/499 505/505
f 500/500 498/498 501/501
f 704/704 1082/1082 1084/1084
f 1082/1082 1083/1083 1084/1084
f 5777/5986 5779/5988 5778/5987
f 5779/5988 5771/5980 5778/5987
f 5702/5911 5738/5947 5700/5909
f 4386/4386 4328/4328 4327/4327
f 935/935 953/953 954/954
f 953/953 995/995 954/954
f 992/992 1928/1928 994/994
f 1788/1788 1789/1789 1790/1790
f 1702/1702 1701/1701 1791/1791
f 1798/1798 1578/1578 1799/1799
f 1578/1578 1577/1577 1799/1799
f 1576/1576 1575/1575 1577/1577
f 1575/1575 1576/1576 1573/1573
f 1458/1458 1457/1457 1456/1456
f 1457/1457 1455/1455 1456/1456
f 1454/1454 1308/1308 1455/1455
f 2027/2027 1292/1292 1293/1293
f 1292/1292 1271/1271 1290/1290
f 1271/1271 1291/1291 1290/1290
f 200/200 201/201 196/196
f 201/201 193/193 196/196
f 193/193 194/194 196/196
f 195/195 248/248 208/208
f 248/248 249/249 250/250
f 248/248 247/247 249/249
f 247/247 253/253 249/249
f 1112/1112 296/296 259/259
f 296/296 295/295 259/259
f 295/295 294/294 259/259
f 294/294 293/293 259/259
f 427/427 451/451 430/430
f 451/451 452/452 430/430
f 450/450 502/502 449/449
f 499/499 498/498 500/500
f 498/498 518/518 501/501
f 518/518 704/704 501/501
f 5779/5988 5769/5978 5771/5980
f 5701/5910 5702/5911 5700/5909
f 934/934 935/935 936/936
f 953/953 993/993 995/995
f 991/991 992/992 994/994
f 1923/1923 1925/1925 1924/1924
f 1925/1925 1923/1923 1878/1878
f 1923/1923 1881/1881 1878/1878
f 1789/1789 1702/1702 1790/1790
f 1795/1795 1678/1678 1796/1796
f 1578/1578 1576/1576 1577/1577
f 1573/1573 1520/1520 1521/1521
f 1520/1520 1458/1458 1521/1521
f 1454/1454 1310/1310 1308/1308
f 1310/1310 1309/1309 1308/1308
f 1309/1309 2027/2027 1306/1306
f 2026/2026 1292/1292 2027/2027
f 195/195 208/208 194/194
f 294/294 1102/1102 293/293
f 1102/1102 1103/1103 293/293
f 452/452 448/448 449/449
f 448/448 450/450 449/449
f 503/503 499/499 502/502
f 503/503 498/498 499/499
f 5736/5945 5673/5878 5674/5879
f 5673/5878 5672/5877 5674/5879
f 993/993 994/994 995/995
f 1701/1701 1678/1678 1795/1795
f 1678/1678 1677/1677 1796/1796
f 1796/1796 1677/1677 1798/1798
f 1677/1677 1578/1578 1798/1798
f 1576/1576 1999/1999 1573/1573
f 1999/1999 1520/1520 1573/1573
f 1271/1271 1272/1272 1291/1291
f 1272/1272 1273/1273 1274/1274
f 1273/1273 199/199 1274/1274
f 1273/1273 198/198 199/199
f 198/198 201/201 200/200
f 193/193 173/173 194/194
f 173/173 195/195 194/194
f 247/247 252/252 253/253
f 252/252 254/254 253/253
f 252/252 302/302 254/254
f 302/302 1114/1114 254/254
f 1114/1114 1115/1115 1112/1112
f 1115/1115 296/296 1112/1112
f 295/295 1102/1102 294/294
f 1102/1102 1104/1104 1103/1103
f 1104/1104 1105/1105 1103/1103
f 1105/1105 423/423 1103/1103
f 494/494 496/496 498/498
f 496/496 518/518 498/498
f 496/496 703/703 518/518
f 518/518 703/703 704/704
f 5960/6169 5781/5990 5786/5995
f 5786/5995 5780/5989 5777/5986
f 5781/5990 5780/5989 5786/5995
f 5780/5989 5779/5988 5777/5986
f 5672/5877 5671/5875 4386/5876
f 993/993 991/991 994/994
f 1928/1928 1927/1927 1926/1926
f 1878/1878 1880/1880 1879/1879
f 1880/1880 1884/1884 1879/1879
f 1880/1880 1883/1883 1884/1884
f 1883/1883 1847/1847 1884/1884
f 1883/1883 1781/1781 1847/1847
f 1847/1847 1781/1781 1787/1787
f 1781/1781 1786/1786 1787/1787
f 1786/1786 1788/1788 1787/1787
f 1786/1786 1789/1789 1788/1788
f 1786/1786 1702/1702 1789/1789
f 1578/1578 1579/1579 1576/1576
f 1579/1579 1999/1999 1576/1576
f 1457/1457 1453/1453 1455/1455
f 1453/1453 1454/1454 1455/1455
f 1453/1453 1452/1452 1454/1454
f 1454/1454 1452/1452 1310/1310
f 2026/2026 1270/1270 1292/1292
f 1270/1270 1271/1271 1292/1292
f 1271/1271 39/39 1272/1272
f 39/39 1273/1273 1272/1272
f 1273/1273 40/40 198/198
f 40/40 197/197 198/198
f 197/197 201/201 198/198
f 302/302 300/300 1114/1114
f 300/300 1115/1115 1114/1114
f 1105/1105 421/421 423/423
f 423/423 421/421 424/424
f 421/421 425/425 424/424
f 424/424 425/425 426/426
f 425/425 427/427 426/426
f 450/450 497/497 502/502
f 503/503 494/494 498/498
f 703/703 705/705 704/704
f 705/705 1082/1082 704/704
f 5958/6167 5781/5990 5960/6169
f 5769/5978 5701/5910 5770/5979
f 1927/1927 1921/1921 1924/1924
f 1921/1921 1923/1923 1924/1924
f 1923/1923 1922/1922 1881/1881
f 1881/1881 1880/1880 1878/1878
f 1786/1786 1705/1705 1702/1702
f 1702/1702 1700/1700 1701/1701
f 1678/1678 1676/1676 1677/1677
f 1677/1677 1580/1580 1578/1578
f 1580/1580 1579/1579 1578/1578
f 1518/1518 1520/1520 1999/1999
f 1520/1520 1519/1519 1458/1458
f 2027/2027 2024/2024 2026/2026
f 2024/2024 1270/1270 2026/2026
f 1270/1270 38/38 1271/1271
f 38/38 39/39 1271/1271
f 39/39 40/40 1273/1273
f 246/246 252/252 247/247
f 300/300 299/299 1115/1115
f 299/299 296/296 1115/1115
f 1102/1102 414/414 1104/1104
f 414/414 1105/1105 1104/1104
f 497/497 503/503 502/502
f 497/497 494/494 503/503
f 5737/5946 5735/5944 5736/5945
f 5738/5947 5735/5944 5737/5946
f 5735/5944 5673/5878 5736/5945
f 5673/5878 5671/5875 5672/5877
f 5671/5875 4388/5874 4386/5876
f 934/934 933/933 935/935
f 935/935 933/933 953/953
f 1929/1929 1927/1927 1928/1928
f 1921/1921 1922/1922 1923/1923
f 1885/1885 1881/1881 1922/1922
f 1882/1882 1880/1880 1881/1881
f 1882/1882 1780/1780 1880/1880
f 1780/1780 1883/1883 1880/1880
f 1883/1883 1780/1780 1781/1781
f 1785/1785 1705/1705 1786/1786
f 1705/1705 1704/1704 1702/1702
f 1680/1680 1678/1678 1701/1701
f 1679/1679 1676/1676 1678/1678
f 1580/1580 1581/1581 1579/1579
f 1581/1581 1517/1517 1579/1579
f 1517/1517 1999/1999 1579/1579
f 1518/1518 1519/1519 1520/1520
f 1519/1519 1459/1459 1458/1458
f 1459/1459 1457/1457 1458/1458
f 1312/1312 1310/1310 1452/1452
f 1312/1312 1311/1311 1310/1310
f 1310/1310 1311/1311 1309/1309
f 1309/1309 1311/1311 2027/2027
f 422/422 425/425 421/421
f 1082/1082 1081/1081 1083/1083
f 1081/6263 5958/6167 1083/6264
f 4388/4388 4328/4328 4386/4386
f 933/933 951/951 953/953
f 992/992 1929/1929 1928/1928
f 1885/1885 1882/1882 1881/1881
f 1781/1781 1785/1785 1786/1786
f 1704/1704 1703/1703 1702/1702
f 1703/1703 1700/1700 1702/1702
f 1680/1680 1679/1679 1678/1678
f 1676/1676 1675/1675 1677/1677
f 1675/1675 1580/1580 1677/1677
f 1517/1517 1518/1518 1999/1999
f 1311/1311 2024/2024 2027/2027
f 38/38 40/40 39/39
f 40/40 192/192 197/197
f 192/192 201/201 197/197
f 192/192 193/193 201/201
f 192/192 177/177 193/193
f 193/193 177/177 173/173
f 172/172 248/248 195/195
f 245/245 247/247 248/248
f 299/299 297/297 296/296
f 296/296 297/297 295/295
f 297/297 1102/1102 295/295
f 412/412 414/414 1102/1102
f 425/425 428/428 427/427
f 453/453 451/451 427/427
f 448/448 488/488 450/450
f 705/705 1080/1080 1082/1082
f 1080/1080 1081/1081 1082/1082
f 5781/5990 5779/5988 5780/5989
f 5782/5991 5769/5978 5779/5988
f 5768/5977 5701/5910 5769/5978
f 1921/1921 1920/1920 1922/1922
f 1920/1920 1885/1885 1922/1922
f 1882/1882 1779/1779 1780/1780
f 1779/1779 1778/1778 1780/1780
f 1780/1780 1778/1778 1781/1781
f 1778/1778 1782/1782 1781/1781
f 1782/1782 1785/1785 1781/1781
f 1700/1700 1680/1680 1701/1701
f 1679/1679 1674/1674 1676/1676
f 1674/1674 1675/1675 1676/1676
f 1675/1675 1582/1582 1580/1580
f 1582/1582 1581/1581 1580/1580
f 1459/1459 1460/1460 1457/1457
f 1460/1460 1453/1453 1457/1457
f 1451/1451 1452/1452 1453/1453
f 1312/1312 1313/1313 1311/1311
f 1313/1313 1318/1318 1311/1311
f 41/41 42/42 40/40
f 42/42 191/191 40/40
f 40/40 191/191 192/192
f 191/191 190/190 192/192
f 190/190 177/177 192/192
f 173/173 172/172 195/195
f 172/172 245/245 248/248
f 301/301 300/300 302/302
f 415/415 1105/1105 414/414
f 428/428 453/453 427/427
f 451/451 448/448 452/452
f 1081/6263 5957/6166 5958/6167
f 5670/5873 4388/5874 5671/5875
f 953/953 950/950 993/993
f 950/950 991/991 993/993
f 1929/1929 1930/1930 1927/1927
f 1930/1930 1921/1921 1927/1927
f 1920/1920 1886/1886 1885/1885
f 1975/1975 1976/1976 1882/1882
f 1882/1882 1976/1976 1779/1779
f 1782/1782 1783/1783 1785/1785
f 1783/1783 1706/1706 1785/1785
f 1706/1706 1705/1705 1785/1785
f 1706/1706 1704/1704 1705/1705
f 1703/1703 1699/1699 1700/1700
f 1699/1699 1680/1680 1700/1700
f 1672/1672 1674/1674 1679/1679
f 1674/1674 1673/1673 1675/1675
f 1673/1673 1582/1582 1675/1675
f 1585/1585 1517/1517 1581/1581
f 1585/1585 1512/1512 1517/1517
f 1517/1517 1516/1516 1518/1518
f 1516/1516 1519/1519 1518/1518
f 1452/1452 1449/1449 1312/1312
f 1451/1451 1449/1449 1452/1452
f 1449/1449 1314/1314 1312/1312
f 1314/1314 1313/1313 1312/1312
f 1318/1318 2024/2024 1311/1311
f 1318/1318 2025/2025 2024/2024
f 2025/2025 1270/1270 2024/2024
f 245/245 246/246 247/247
f 252/252 301/301 302/302
f 300/300 298/298 299/299
f 298/298 297/297 299/299
f 297/297 411/411 1102/1102
f 411/411 412/412 1102/1102
f 1105/1105 420/420 421/421
f 453/453 486/486 451/451
f 450/450 490/490 497/497
f 5957/6166 5781/5990 5958/6167
f 5701/5910 5703/5912 5702/5911
f 5702/5911 5739/5948 5738/5947
f 5739/5948 5735/5944 5738/5947
f 5673/5878 5670/5873 5671/5875
f 933/933 942/942 951/951
f 951/951 950/950 953/953
f 1886/1886 1882/1882 1885/1885
f 1681/1681 1679/1679 1680/1680
f 1681/1681 1672/1672 1679/1679
f 1519/1519 1461/1461 1459/1459
f 1460/1460 2020/2020 1453/1453
f 2020/2020 1451/1451 1453/1453
f 1448/1448 1314/1314 1449/1449
f 1270/1270 1269/1269 38/38
f 40/40 35/35 41/41
f 177/177 174/174 173/173
f 169/169 242/242 172/172
f 242/242 245/245 172/172
f 242/242 244/244 245/245
f 244/244 246/246 245/245
f 412/412 413/413 414/414
f 413/413 415/415 414/414
f 415/415 420/420 1105/1105
f 456/456 425/425 422/422
f 490/490 492/492 497/497
f 492/492 494/494 497/497
f 494/494 495/495 496/496
f 496/496 519/519 703/703
f 495/495 519/519 496/496
f 519/519 705/705 703/703
f 932/932 933/933 934/934
f 1672/1672 1673/1673 1674/1674
f 1673/1673 1583/1583 1582/1582
f 1583/1583 1581/1581 1582/1582
f 1512/1512 1515/1515 1517/1517
f 1515/1515 1516/1516 1517/1517
f 1516/1516 1461/1461 1519/1519
f 1461/1461 1460/1460 1459/1459
f 1450/1450 1449/1449 1451/1451
f 38/38 35/35 40/40
f 41/41 36/36 42/42
f 300/300 305/305 298/298
f 301/301 305/305 300/300
f 411/411 413/413 412/412
f 420/420 422/422 421/421
f 420/420 456/456 422/422
f 486/486 448/448 451/451
f 488/488 490/490 450/450
f 492/492 493/493 494/494
f 5957/6166 5785/5994 5781/5990
f 5781/5990 5782/5991 5779/5988
f 5782/5991 5784/5993 5769/5978
f 4389/4389 4328/4328 4388/4388
f 4389/4389 4331/4331 4328/4328
f 932/932 931/931 933/933
f 931/931 942/942 933/933
f 988/988 992/992 991/991
f 989/989 1929/1929 992/992
f 1931/1931 1921/1921 1930/1930
f 1919/1919 1920/1920 1921/1921
f 1919/1919 1886/1886 1920/1920
f 1886/1886 1887/1887 1882/1882
f 1887/1887 1975/1975 1882/1882
f 1976/1976 1974/1974 1779/1779
f 1778/1778 1711/1711 1782/1782
f 1711/1711 1783/1783 1782/1782
f 1783/1783 1784/1784 1706/1706
f 1703/1703 1698/1698 1699/1699
f 1672/1672 1671/1671 1673/1673
f 1671/1671 1583/1583 1673/1673
f 1584/1584 1581/1581 1583/1583
f 1584/1584 1585/1585 1581/1581
f 1516/1516 1463/1463 1461/1461
f 1461/1461 1462/1462 1460/1460
f 2020/2020 1442/1442 1451/1451
f 1442/1442 1450/1450 1451/1451
f 2025/2025 1268/1268 1270/1270
f 1268/1268 1269/1269 1270/1270
f 1269/1269 37/37 38/38
f 189/189 191/191 42/42
f 189/189 190/190 191/191
f 419/419 420/420 415/415
f 493/493 495/495 494/494
f 495/495 701/701 519/519
f 5703/5912 5739/5948 5702/5911
f 5739/5948 5740/5949 5735/5944
f 5734/5943 5673/5878 5735/5944
f 5670/5873 4389/5872 4388/5874
f 942/942 950/950 951/951
f 950/950 988/988 991/991
f 1929/1929 1931/1931 1930/1930
f 1931/1931 1919/1919 1921/1921
f 1974/1974 1777/1777 1779/1779
f 1711/1711 1784/1784 1783/1783
f 1707/1707 1704/1704 1706/1706
f 1463/1463 1462/1462 1461/1461
f 1450/1450 1447/1447 1449/1449
f 1449/1449 1447/1447 1448/1448
f 1448/1448 1315/1315 1314/1314
f 35/35 36/36 41/41
f 36/36 189/189 42/42
f 187/187 177/177 190/190
f 298/298 405/405 297/297
f 416/416 419/419 415/415
f 456/456 454/454 425/425
f 454/454 428/428 425/425
f 428/428 480/480 453/453
f 454/454 480/480 428/428
f 486/486 487/487 448/448
f 487/487 488/488 448/448
f 701/701 705/705 519/519
f 5785/5994 5783/5992 5781/5990
f 5783/5992 5782/5991 5781/5990
f 5703/5912 5741/5950 5739/5948
f 5740/5949 5734/5943 5735/5944
f 1777/1777 1778/1778 1779/1779
f 1784/1784 1707/1707 1706/1706
f 1704/1704 1698/1698 1703/1703
f 1462/1462 1441/1441 1460/1460
f 1441/1441 2020/2020 1460/1460
f 1315/1315 1313/1313 1314/1314
f 1268/1268 2025/2025 1318/1318
f 32/32 35/35 38/38
f 187/187 188/188 177/177
f 188/188 174/174 177/177
f 173/173 171/171 172/172
f 171/171 169/169 172/172
f 252/252 303/303 301/301
f 304/304 305/305 301/301
f 405/405 411/411 297/297
f 1081/6263 5955/6164 5957/6166
f 4125/4125 4128/4128 4172/4172
f 1931/1931 1918/1918 1919/1919
f 1918/1918 1886/1886 1919/1919
f 1888/1888 1887/1887 1886/1886
f 1888/1888 1889/1889 1887/1887
f 1698/1698 1697/1697 1699/1699
f 1699/1699 1697/1697 1680/1680
f 1697/1697 1681/1681 1680/1680
f 1515/1515 1514/1514 1516/1516
f 1514/1514 1463/1463 1516/1516
f 37/37 32/32 38/38
f 189/189 187/187 190/190
f 303/303 304/304 301/301
f 304/304 306/306 305/305
f 305/305 405/405 298/298
f 413/413 416/416 415/415
f 1080/1080 1079/1079 1081/1081
f 1079/6265 5955/6164 1081/6263
f 5784/5993 5764/5973 5769/5978
f 5769/5978 5764/5973 5768/5977
f 5764/5973 5767/5976 5768/5977
f 5767/5976 5701/5910 5768/5977
f 5741/5950 5740/5949 5739/5948
f 5734/5943 5667/5867 5673/5878
f 5667/5867 5670/5873 5673/5878
f 952/952 942/942 931/931
f 990/990 988/988 950/950
f 1711/1711 1709/1709 1784/1784
f 1669/1669 1672/1672 1681/1681
f 1670/1670 1671/1671 1672/1672
f 1511/1511 1512/1512 1585/1585
f 1511/1511 1510/1510 1512/1512
f 1315/1315 1316/1316 1313/1313
f 1316/1316 1318/1318 1313/1313
f 32/32 34/34 35/35
f 246/246 303/303 252/252
f 411/411 407/407 413/413
f 457/457 456/456 420/420
f 5783/5992 5784/5993 5782/5991
f 5767/5976 5704/5913 5701/5910
f 5668/5868 4389/5872 5670/5873
f 988/988 989/989 992/992
f 1929/1929 1932/1932 1931/1931
f 1933/1933 1932/1932 1929/1929
f 1932/1932 1918/1918 1931/1931
f 1917/1917 1886/1886 1918/1918
f 1917/1917 1891/1891 1886/1886
f 1891/1891 1888/1888 1886/1886
f 1889/1889 1973/1973 1887/1887
f 1973/1973 1975/1975 1887/1887
f 1975/1975 1974/1974 1976/1976
f 1973/1973 1974/1974 1975/1975
f 1709/1709 1707/1707 1784/1784
f 1707/1707 1708/1708 1704/1704
f 1708/1708 1695/1695 1704/1704
f 1704/1704 1695/1695 1698/1698
f 1682/1682 1681/1681 1697/1697
f 1512/1512 1513/1513 1515/1515
f 1513/1513 1514/1514 1515/1515
f 1514/1514 1465/1465 1463/1463
f 1465/1465 1464/1464 1463/1463
f 1463/1463 1464/1464 1462/1462
f 1448/1448 1320/1320 1315/1315
f 1318/1318 1267/1267 1268/1268
f 31/31 1269/1269 1268/1268
f 31/31 37/37 1269/1269
f 34/34 36/36 35/35
f 174/174 171/171 173/173
f 171/171 170/170 169/169
f 169/169 168/168 242/242
f 168/168 244/244 242/242
f 244/244 303/303 246/246
f 306/306 1101/1101 305/305
f 305/305 1101/1101 405/405
f 419/419 457/457 420/420
f 455/455 454/454 456/456
f 480/480 486/486 453/453
f 480/480 484/484 486/486
f 484/484 487/487 486/486
f 487/487 489/489 488/488
f 489/489 490/490 488/488
f 489/489 491/491 490/490
f 490/490 491/491 492/492
f 705/705 711/711 1080/1080
f 711/711 1079/1079 1080/1080
f 5704/5913 5703/5912 5701/5910
f 5732/5941 5734/5943 5740/5949
f 5732/5941 5733/5942 5734/5943
f 4127/4127 4128/4128 4126/4126
f 1932/1932 1917/1917 1918/1918
f 1776/1776 1777/1777 1974/1974
f 1776/1776 1713/1713 1777/1777
f 1777/1777 1713/1713 1778/1778
f 1713/1713 1712/1712 1778/1778
f 1712/1712 1711/1711 1778/1778
f 1695/1695 1697/1697 1698/1698
f 1682/1682 1669/1669 1681/1681
f 1669/1669 1670/1670 1672/1672
f 1588/1588 1586/1586 1583/1583
f 1583/1583 1586/1586 1584/1584
f 1584/1584 1511/1511 1585/1585
f 1442/1442 1443/1443 1450/1450
f 1443/1443 1447/1447 1450/1450
f 1267/1267 31/31 1268/1268
f 31/31 32/32 37/37
f 33/33 34/34 32/32
f 36/36 184/184 189/189
f 43/43 184/184 36/36
f 184/184 187/187 189/189
f 187/187 186/186 188/188
f 185/185 186/186 187/187
f 170/170 167/167 169/169
f 167/167 168/168 169/169
f 491/491 493/493 492/492
f 493/493 520/520 495/495
f 520/520 701/701 495/495
f 5703/5912 5705/5914 5741/5950
f 5705/5914 5740/5949 5741/5950
f 5667/5867 5668/5868 5670/5873
f 4389/4389 4332/4332 4331/4331
f 989/989 1934/1934 1929/1929
f 1709/1709 1708/1708 1707/1707
f 1695/1695 1696/1696 1697/1697
f 1696/1696 1682/1682 1697/1697
f 1671/1671 1588/1588 1583/1583
f 1586/1586 1511/1511 1584/1584
f 1464/1464 1441/1441 1462/1462
f 1441/1441 1442/1442 2020/2020
f 1446/1446 1448/1448 1447/1447
f 1446/1446 1320/1320 1448/1448
f 1317/1317 1316/1316 1315/1315
f 34/34 43/43 36/36
f 186/186 174/174 188/188
f 457/457 455/455 456/456
f 491/491 521/521 493/493
f 521/521 520/520 493/493
f 5704/5913 5705/5914 5703/5912
f 5733/5942 5667/5867 5734/5943
f 5668/5868 5669/5869 4389/5872
f 1934/1934 1933/1933 1929/1929
f 1712/1712 1710/1710 1711/1711
f 1711/1711 1710/1710 1709/1709
f 1694/1694 1695/1695 1708/1708
f 1586/1586 1587/1587 1511/1511
f 1466/1466 1441/1441 1464/1464
f 33/33 44/44 34/34
f 184/184 185/185 187/187
f 304/304 308/308 306/306
f 408/408 419/419 416/416
f 455/455 480/480 454/454
f 701/701 702/702 705/705
f 702/702 711/711 705/705
f 5955/6164 5956/6165 5957/6166
f 5956/6165 5785/5994 5957/6166
f 5785/5994 5762/5971 5783/5992
f 5762/5971 5784/5993 5783/5992
f 5705/5914 5731/5940 5740/5949
f 5740/5949 5731/5940 5732/5941
f 5732/5941 5730/5939 5733/5942
f 1972/1972 1973/1973 1889/1889
f 1710/1710 1692/1692 1709/1709
f 1692/1692 1708/1708 1709/1709
f 1694/1694 1685/1685 1695/1695
f 1685/1685 1696/1696 1695/1695
f 1684/1684 1682/1682 1696/1696
f 1684/1684 1683/1683 1682/1682
f 1510/1510 1513/1513 1512/1512
f 1513/1513 1468/1468 1514/1514
f 1468/1468 1465/1465 1514/1514
f 1445/1445 1447/1447 1443/1443
f 1445/1445 1446/1446 1447/1447
f 1320/1320 1319/1319 1315/1315
f 1319/1319 1317/1317 1315/1315
f 1316/1316 1267/1267 1318/1318
f 1266/1266 31/31 1267/1267
f 34/34 44/44 43/43
f 186/186 176/176 174/174
f 185/185 176/176 186/186
f 303/303 308/308 304/304
f 405/405 406/406 411/411
f 406/406 407/407 411/411
f 407/407 416/416 413/413
f 407/407 408/408 416/416
f 5767/5976 5766/5975 5704/5913
f 5707/5916 5731/5940 5705/5914
f 5731/5940 5730/5939 5732/5941
f 1713/1713 1710/1710 1712/1712
f 1510/1510 1468/1468 1513/1513
f 1442/1442 1440/1440 1443/1443
f 1101/1101 311/311 405/405
f 311/311 406/406 405/405
f 417/417 419/419 408/408
f 489/489 524/524 491/491
f 5669/5869 4390/5870 4389/5872
f 4390/4390 4332/4332 4389/4389
f 1692/1692 1694/1694 1708/1708
f 1693/1693 1685/1685 1694/1694
f 1683/1683 1669/1669 1682/1682
f 1588/1588 1507/1507 1586/1586
f 1507/1507 1587/1587 1586/1586
f 1508/1508 1510/1510 1511/1511
f 1508/1508 1509/1509 1510/1510
f 1441/1441 1440/1440 1442/1442
f 1439/1439 1440/1440 1441/1441
f 1445/1445 1323/1323 1446/1446
f 1323/1323 1321/1321 1446/1446
f 1321/1321 1320/1320 1446/1446
f 1267/1267 1265/1265 1266/1266
f 33/33 28/28 44/44
f 184/184 182/182 185/185
f 174/174 175/175 171/171
f 171/171 167/167 170/170
f 243/243 244/244 168/168
f 243/243 303/303 244/244
f 487/487 524/524 489/489
f 521/521 699/699 520/520
f 699/699 701/701 520/520
f 5762/5971 5763/5972 5784/5993
f 5784/5993 5763/5972 5764/5973
f 5764/5973 5765/5974 5767/5976
f 5765/5974 5766/5975 5767/5976
f 931/931 941/941 952/952
f 941/941 942/942 952/952
f 1973/1973 1775/1775 1974/1974
f 1775/1775 1776/1776 1974/1974
f 1693/1693 1694/1694 1692/1692
f 1685/1685 1684/1684 1696/1696
f 1670/1670 1591/1591 1671/1671
f 1671/1671 1589/1589 1588/1588
f 1587/1587 1508/1508 1511/1511
f 1466/1466 1464/1464 1465/1465
f 1444/1444 1445/1445 1443/1443
f 1317/1317 1263/1263 1316/1316
f 1262/1262 1263/1263 1317/1317
f 1263/1263 1267/1267 1316/1316
f 1266/1266 29/29 31/31
f 44/44 184/184 43/43
f 182/182 176/176 185/185
f 310/310 306/306 308/308
f 310/310 311/311 306/306
f 311/311 1101/1101 306/306
f 417/417 457/457 419/419
f 479/479 480/480 455/455
f 479/479 481/481 480/480
f 5729/5938 5730/5939 5731/5940
f 5730/5939 5667/5867 5733/5942
f 986/986 989/989 988/988
f 1932/1932 1916/1916 1917/1917
f 1888/1888 1890/1890 1889/1889
f 1774/1774 1713/1713 1776/1776
f 1713/1713 1714/1714 1710/1710
f 1714/1714 1691/1691 1710/1710
f 1691/1691 1692/1692 1710/1710
f 1591/1591 1589/1589 1671/1671
f 1507/1507 1508/1508 1587/1587
f 1510/1510 1469/1469 1468/1468
f 1465/1465 1467/1467 1466/1466
f 1468/1468 1467/1467 1465/1465
f 1440/1440 1444/1444 1443/1443
f 1444/1444 1323/1323 1445/1445
f 1319/1319 1262/1262 1317/1317
f 29/29 32/32 31/31
f 32/32 27/27 33/33
f 29/29 27/27 32/32
f 44/44 181/181 184/184
f 181/181 182/182 184/184
f 182/182 183/183 176/176
f 176/176 175/175 174/174
f 417/417 458/458 457/457
f 457/457 458/458 455/455
f 458/458 479/479 455/455
f 481/481 482/482 480/480
f 524/524 522/522 491/491
f 522/522 521/521 491/491
f 699/699 700/700 701/701
f 700/700 702/702 701/701
f 5766/5975 5706/5915 5704/5913
f 5706/5915 5705/5914 5704/5913
f 5667/5867 5662/5862 5668/5868
f 5662/5862 5669/5869 5668/5868
f 950/950 949/949 990/990
f 949/949 988/988 990/990
f 1933/1933 987/987 1932/1932
f 1916/1916 1915/1915 1917/1917
f 1774/1774 1715/1715 1713/1713
f 1715/1715 1714/1714 1713/1713
f 1689/1689 1692/1692 1691/1691
f 1689/1689 1693/1693 1692/1692
f 1686/1686 1685/1685 1693/1693
f 1667/1667 1683/1683 1684/1684
f 1683/1683 1667/1667 1669/1669
f 1668/1668 1591/1591 1670/1670
f 1589/1589 1507/1507 1588/1588
f 1509/1509 1469/1469 1510/1510
f 1467/1467 1438/1438 1466/1466
f 1466/1466 1438/1438 1441/1441
f 1438/1438 1439/1439 1441/1441
f 27/27 28/28 33/33
f 28/28 181/181 44/44
f 180/180 183/183 182/182
f 459/459 458/458 417/417
f 459/459 478/478 458/458
f 482/482 484/484 480/480
f 522/522 523/523 521/521
f 700/700 710/710 702/702
f 710/710 711/711 702/702
f 710/710 712/712 711/711
f 712/712 1079/1079 711/711
f 5706/5915 5707/5916 5705/5914
f 942/942 943/943 950/950
f 943/943 949/949 950/950
f 949/949 986/986 988/988
f 986/986 1934/1934 989/989
f 1934/1934 987/987 1933/1933
f 987/987 1916/1916 1932/1932
f 1915/1915 1891/1891 1917/1917
f 1890/1890 1972/1972 1889/1889
f 1685/1685 1667/1667 1684/1684
f 1667/1667 1668/1668 1669/1669
f 1669/1669 1668/1668 1670/1670
f 1589/1589 1590/1590 1507/1507
f 1439/1439 1437/1437 1440/1440
f 1321/1321 1319/1319 1320/1320
f 1265/1265 29/29 1266/1266
f 181/181 180/180 182/182
f 183/183 175/175 176/176
f 478/478 479/479 458/458
f 482/482 485/485 484/484
f 484/484 526/526 487/487
f 485/485 526/526 484/484
f 526/526 524/524 487/487
f 524/524 525/525 522/522
f 523/523 699/699 521/521
f 1079/6265 5954/6163 5955/6164
f 5954/6163 5956/6165 5955/6164
f 5707/5916 5729/5938 5731/5940
f 4076/4076 4130/4130 4127/4127
f 929/929 931/931 932/932
f 1775/1775 1774/1774 1776/1776
f 1716/1716 1714/1714 1715/1715
f 1714/1714 1690/1690 1691/1691
f 1716/1716 1690/1690 1714/1714
f 1689/1689 1686/1686 1693/1693
f 1686/1686 1667/1667 1685/1685
f 1666/1666 1668/1668 1667/1667
f 1325/1325 1323/1323 1444/1444
f 171/171 165/165 167/167
f 166/166 168/168 167/167
f 243/243 307/307 303/303
f 310/310 313/313 311/311
f 712/712 1078/1078 1079/1079
f 1078/6262 5954/6163 1079/6265
f 5662/5862 4390/5870 5669/5869
f 4079/4079 4130/4130 4076/4076
f 929/929 930/930 931/931
f 930/930 941/941 931/931
f 941/941 940/940 942/942
f 940/940 943/943 942/942
f 986/986 987/987 1934/1934
f 1972/1972 1775/1775 1973/1973
f 1690/1690 1689/1689 1691/1691
f 1665/1665 1666/1666 1667/1667
f 1591/1591 1590/1590 1589/1589
f 1469/1469 1467/1467 1468/1468
f 1436/1436 1438/1438 1467/1467
f 1438/1438 1437/1437 1439/1439
f 30/30 27/27 29/29
f 179/179 180/180 181/181
f 183/183 178/178 175/175
f 166/166 243/243 168/168
f 408/408 409/409 417/417
f 5763/5972 5761/5970 5764/5973
f 5709/5918 5766/5975 5765/5974
f 5728/5937 5730/5939 5729/5938
f 5730/5939 5666/5866 5667/5867
f 5728/5937 5666/5866 5730/5939
f 5666/5866 5662/5862 5667/5867
f 1913/1913 1915/1915 1916/1916
f 1891/1891 1890/1890 1888/1888
f 1893/1893 1972/1972 1890/1890
f 1893/1893 1971/1971 1972/1972
f 1972/1972 1971/1971 1775/1775
f 1775/1775 1773/1773 1774/1774
f 1687/1687 1686/1686 1689/1689
f 1592/1592 1590/1590 1591/1591
f 1590/1590 1506/1506 1507/1507
f 1507/1507 1505/1505 1508/1508
f 1435/1435 1436/1436 1467/1467
f 1323/1323 1322/1322 1321/1321
f 1263/1263 1264/1264 1267/1267
f 1264/1264 1265/1265 1267/1267
f 21/21 181/181 28/28
f 21/21 179/179 181/181
f 178/178 183/183 180/180
f 175/175 165/165 171/171
f 165/165 166/166 167/167
f 697/697 523/523 522/522
f 5727/5936 5729/5938 5707/5916
f 949/949 984/984 986/986
f 984/984 987/987 986/986
f 1970/1970 1971/1971 1893/1893
f 1773/1773 1715/1715 1774/1774
f 1717/1717 1716/1716 1715/1715
f 1658/1658 1667/1667 1686/1686
f 1658/1658 1665/1665 1667/1667
f 1665/1665 1597/1597 1666/1666
f 1668/1668 1594/1594 1591/1591
f 1666/1666 1594/1594 1668/1668
f 1506/1506 1505/1505 1507/1507
f 1509/1509 1471/1471 1469/1469
f 1470/1470 1467/1467 1469/1469
f 1436/1436 1437/1437 1438/1438
f 1440/1440 1326/1326 1444/1444
f 1322/1322 1260/1260 1321/1321
f 1260/1260 1319/1319 1321/1321
f 1262/1262 1261/1261 1263/1263
f 1261/1261 1264/1264 1263/1263
f 1265/1265 25/25 29/29
f 25/25 30/30 29/29
f 30/30 26/26 27/27
f 27/27 26/26 28/28
f 26/26 21/21 28/28
f 178/178 160/160 175/175
f 160/160 165/165 175/175
f 307/307 308/308 303/303
f 307/307 309/309 308/308
f 309/309 310/310 308/308
f 309/309 313/313 310/310
f 311/311 403/403 406/406
f 406/406 403/403 407/407
f 403/403 408/408 407/407
f 403/403 409/409 408/408
f 409/409 418/418 417/417
f 418/418 459/459 417/417
f 418/418 478/478 459/459
f 418/418 477/477 478/478
f 477/477 479/479 478/478
f 479/479 483/483 481/481
f 477/477 483/483 479/479
f 481/481 483/483 482/482
f 526/526 525/525 524/524
f 525/525 697/697 522/522
f 695/695 697/697 525/525
f 697/697 698/698 523/523
f 698/698 699/699 523/523
f 698/698 700/700 699/699
f 5956/6165 5759/5968 5785/5994
f 5759/5968 5762/5971 5785/5994
f 5762/5971 5761/5970 5763/5972
f 5759/5968 5761/5970 5762/5971
f 5761/5970 5765/5974 5764/5973
f 5724/5933 5727/5936 5707/5916
f 5662/5862 4391/5871 4390/5870
f 4391/4391 4332/4332 4390/4390
f 4391/4391 4333/4333 4332/4332
f 4079/4079 4132/4132 4130/4130
f 1892/1892 1890/1890 1891/1891
f 1687/1687 1658/1658 1686/1686
f 1664/1664 1597/1597 1665/1665
f 1590/1590 1503/1503 1506/1506
f 1505/1505 1509/1509 1508/1508
f 1505/1505 1471/1471 1509/1509
f 1471/1471 1470/1470 1469/1469
f 1470/1470 1435/1435 1467/1467
f 1326/1326 1325/1325 1444/1444
f 1325/1325 1324/1324 1323/1323
f 1324/1324 1322/1322 1323/1323
f 1260/1260 1262/1262 1319/1319
f 1260/1260 1261/1261 1262/1262
f 1264/1264 24/24 1265/1265
f 24/24 25/25 1265/1265
f 25/25 26/26 30/30
f 418/418 475/475 477/477
f 483/483 485/485 482/482
f 698/698 710/710 700/700
f 5954/6163 5759/5968 5956/6165
f 5761/5970 5709/5918 5765/5974
f 5709/5918 5706/5915 5766/5975
f 5709/5918 5708/5917 5706/5915
f 5706/5915 5708/5917 5707/5916
f 5708/5917 5724/5933 5707/5916
f 985/985 987/987 984/984
f 1912/1912 1916/1916 987/987
f 1915/1915 1892/1892 1891/1891
f 1971/1971 1772/1772 1775/1775
f 1772/1772 1773/1773 1775/1775
f 1773/1773 1717/1717 1715/1715
f 1717/1717 1690/1690 1716/1716
f 1690/1690 1688/1688 1689/1689
f 1689/1689 1688/1688 1687/1687
f 1437/1437 1328/1328 1440/1440
f 1328/1328 1326/1326 1440/1440
f 17/17 179/179 21/21
f 179/179 178/178 180/180
f 158/158 160/160 178/178
f 160/160 162/162 165/165
f 162/162 164/164 165/165
f 164/164 166/166 165/165
f 164/164 243/243 166/166
f 307/307 312/312 309/309
f 309/309 312/312 313/313
f 312/312 314/314 313/313
f 314/314 311/311 313/313
f 403/403 410/410 409/409
f 409/409 410/410 418/418
f 410/410 475/475 418/418
f 475/475 476/476 477/477
f 476/476 483/483 477/477
f 526/526 695/695 525/525
f 695/695 696/696 697/697
f 697/697 696/696 698/698
f 696/696 693/693 698/698
f 693/693 710/710 698/698
f 939/939 940/940 941/941
f 1912/1912 1913/1913 1916/1916
f 1892/1892 1893/1893 1890/1890
f 1772/1772 1771/1771 1773/1773
f 1771/1771 1717/1717 1773/1773
f 1591/1591 1593/1593 1592/1592
f 1594/1594 1593/1593 1591/1591
f 1592/1592 1503/1503 1590/1590
f 1503/1503 1505/1505 1506/1506
f 1470/1470 1433/1433 1435/1435
f 1433/1433 1434/1434 1435/1435
f 1434/1434 1436/1436 1435/1435
f 1434/1434 1437/1437 1436/1436
f 1260/1260 1126/1126 1261/1261
f 25/25 20/20 26/26
f 20/20 21/21 26/26
f 20/20 12/12 21/21
f 12/12 17/17 21/21
f 157/157 178/178 179/179
f 157/157 158/158 178/178
f 158/158 159/159 160/160
f 315/315 314/314 312/312
f 472/472 526/526 485/485
f 693/693 694/694 710/710
f 5727/5936 5728/5937 5729/5938
f 5660/5860 5666/5866 5728/5937
f 5660/5860 5662/5862 5666/5866
f 4080/4080 4132/4132 4079/4079
f 930/930 939/939 941/941
f 1663/1663 1665/1665 1658/1658
f 1663/1663 1664/1664 1665/1665
f 1597/1597 1594/1594 1666/1666
f 1434/1434 1330/1330 1437/1437
f 1330/1330 1328/1328 1437/1437
f 1326/1326 1324/1324 1325/1325
f 1324/1324 1259/1259 1322/1322
f 1259/1259 1260/1260 1322/1322
f 1261/1261 1125/1125 1264/1264
f 1125/1125 24/24 1264/1264
f 23/23 25/25 24/24
f 23/23 20/20 25/25
f 159/159 161/161 160/160
f 161/161 162/162 160/160
f 161/161 163/163 162/162
f 162/162 163/163 164/164
f 163/163 316/316 164/164
f 164/164 332/332 243/243
f 316/316 332/332 164/164
f 400/400 311/311 314/314
f 400/400 401/401 311/311
f 311/311 402/402 403/403
f 401/401 402/402 311/311
f 404/404 410/410 403/403
f 475/475 474/474 476/476
f 472/472 485/485 483/483
f 472/472 527/527 526/526
f 527/527 695/695 526/526
f 527/527 529/529 695/695
f 695/695 691/691 696/696
f 690/690 691/691 695/695
f 691/691 693/693 696/696
f 692/692 694/694 693/693
f 694/694 1074/1074 710/710
f 1074/1074 712/712 710/710
f 712/712 1077/1077 1078/1078
f 1077/6252 5954/6163 1078/6262
f 5760/5969 5761/5970 5759/5968
f 5760/5969 5711/5920 5761/5970
f 5711/5920 5709/5918 5761/5970
f 5727/5936 5726/5935 5728/5937
f 1914/1914 1892/1892 1915/1915
f 1892/1892 1894/1894 1893/1893
f 1894/1894 1970/1970 1893/1893
f 1894/1894 1969/1969 1970/1970
f 1970/1970 1772/1772 1971/1971
f 1718/1718 1690/1690 1717/1717
f 1663/1663 1597/1597 1664/1664
f 1595/1595 1593/1593 1594/1594
f 1504/1504 1505/1505 1503/1503
f 1504/1504 1472/1472 1505/1505
f 1472/1472 1471/1471 1505/1505
f 1472/1472 1470/1470 1471/1471
f 1331/1331 1330/1330 1434/1434
f 1259/1259 1126/1126 1260/1260
f 1125/1125 22/22 24/24
f 15/15 17/17 12/12
f 17/17 157/157 179/179
f 318/318 159/159 158/158
f 332/332 307/307 243/243
f 402/402 404/404 403/403
f 404/404 474/474 410/410
f 474/474 475/475 410/410
f 691/691 692/692 693/693
f 5711/5920 5710/5919 5709/5918
f 5708/5917 5723/5932 5724/5933
f 5725/5934 5726/5935 5727/5936
f 5726/5935 5660/5860 5728/5937
f 5661/5861 5662/5862 5660/5860
f 5661/5861 5663/5863 5662/5862
f 5663/5863 4391/5871 5662/5862
f 1913/1913 1914/1914 1915/1915
f 1914/1914 1895/1895 1892/1892
f 1895/1895 1894/1894 1892/1892
f 1770/1770 1772/1772 1970/1970
f 1770/1770 1771/1771 1772/1772
f 1771/1771 1719/1719 1717/1717
f 1690/1690 1657/1657 1688/1688
f 1688/1688 1658/1658 1687/1687
f 1658/1658 1661/1661 1663/1663
f 1662/1662 1597/1597 1663/1663
f 1500/1500 1592/1592 1593/1593
f 1500/1500 1503/1503 1592/1592
f 1500/1500 1502/1502 1503/1503
f 1502/1502 1504/1504 1503/1503
f 1504/1504 1502/1502 1472/1472
f 1433/1433 1331/1331 1434/1434
f 1330/1330 1329/1329 1328/1328
f 1328/1328 1327/1327 1326/1326
f 1326/1326 1253/1253 1324/1324
f 1327/1327 1253/1253 1326/1326
f 24/24 22/22 23/23
f 19/19 20/20 23/23
f 45/45 157/157 17/17
f 307/307 367/367 312/312
f 367/367 315/315 312/312
f 315/315 400/400 314/314
f 404/404 473/473 474/474
f 476/476 471/471 483/483
f 529/529 690/690 695/695
f 1077/6252 5953/6162 5954/6163
f 5709/5918 5710/5919 5708/5917
f 5723/5932 5721/5930 5724/5933
f 944/944 949/949 943/943
f 1912/1912 987/987 985/985
f 1969/1969 1770/1770 1970/1970
f 1719/1719 1718/1718 1717/1717
f 1688/1688 1657/1657 1658/1658
f 1597/1597 1596/1596 1594/1594
f 1596/1596 1595/1595 1594/1594
f 1502/1502 1473/1473 1472/1472
f 1473/1473 1470/1470 1472/1472
f 1473/1473 1431/1431 1470/1470
f 1431/1431 1433/1433 1470/1470
f 1431/1431 1432/1432 1433/1433
f 1252/1252 1327/1327 1328/1328
f 1126/1126 1125/1125 1261/1261
f 22/22 19/19 23/23
f 15/15 16/16 17/17
f 332/332 366/366 307/307
f 366/366 367/367 307/307
f 367/367 1099/1099 315/315
f 1099/1099 400/400 315/315
f 1074/1074 1075/1075 712/712
f 1075/1075 1077/1077 712/712
f 5954/6163 5758/5967 5759/5968
f 5953/6162 5758/5967 5954/6163
f 5710/5919 5723/5932 5708/5917
f 5724/5933 5725/5934 5727/5936
f 5721/5930 5725/5934 5724/5933
f 4391/4391 4324/4324 4333/4333
f 1912/1912 1910/1910 1913/1913
f 1911/1911 1910/1910 1912/1912
f 1910/1910 1914/1914 1913/1913
f 1719/1719 1656/1656 1718/1718
f 1661/1661 1662/1662 1663/1663
f 1662/1662 1598/1598 1597/1597
f 1598/1598 1596/1596 1597/1597
f 1433/1433 1432/1432 1331/1331
f 1331/1331 1329/1329 1330/1330
f 1253/1253 1257/1257 1324/1324
f 1324/1324 1257/1257 1259/1259
f 1257/1257 1258/1258 1259/1259
f 1126/1126 2/2 1125/1125
f 19/19 12/12 20/20
f 16/16 45/45 17/17
f 155/155 158/158 157/157
f 323/323 318/318 158/158
f 318/318 317/317 159/159
f 159/159 317/317 161/161
f 317/317 163/163 161/161
f 1098/1098 332/332 316/316
f 371/371 401/401 400/400
f 460/460 473/473 404/404
f 471/471 472/472 483/483
f 713/713 694/694 692/692
f 713/713 1074/1074 694/694
f 5759/5968 5712/5921 5760/5969
f 5758/5967 5712/5921 5759/5968
f 5712/5921 5711/5920 5760/5969
f 5664/5864 4391/5871 5663/5863
f 5664/5864 5665/5865 4391/5871
f 5665/5865 4324/6269 4391/5871
f 929/929 928/928 930/930
f 928/928 939/939 930/930
f 939/939 937/937 940/940
f 937/937 943/943 940/940
f 937/937 944/944 943/943
f 1771/1771 1721/1721 1719/1719
f 1501/1501 1502/1502 1500/1500
f 1258/1258 1126/1126 1259/1259
f 1125/1125 2/2 22/22
f 22/22 18/18 19/19
f 9/9 12/12 19/19
f 9/9 11/11 12/12
f 45/45 155/155 157/157
f 401/401 399/399 402/402
f 399/399 398/398 402/402
f 402/402 460/460 404/404
f 398/398 460/460 402/402
f 473/473 469/469 474/474
f 474/474 471/471 476/476
f 469/469 471/471 474/474
f 5712/5921 5710/5919 5711/5920
f 5712/5921 5713/5922 5710/5919
f 5713/5922 5723/5932 5710/5919
f 5725/5934 5659/5859 5726/5935
f 5659/5859 5660/5860 5726/5935
f 5660/5860 5658/5858 5661/5861
f 5659/5859 5658/5858 5660/5860
f 5661/5861 5664/5864 5663/5863
f 944/944 948/948 949/949
f 948/948 984/984 949/949
f 948/948 982/982 984/984
f 984/984 982/982 985/985
f 982/982 1912/1912 985/985
f 1912/1912 1935/1935 1911/1911
f 1969/1969 1769/1769 1770/1770
f 1722/1722 1721/1721 1771/1771
f 1718/1718 1656/1656 1690/1690
f 1690/1690 1656/1656 1657/1657
f 1657/1657 1652/1652 1658/1658
f 1652/1652 1659/1659 1658/1658
f 1659/1659 1661/1661 1658/1658
f 1595/1595 1500/1500 1593/1593
f 1474/1474 1473/1473 1502/1502
f 1329/1329 1252/1252 1328/1328
f 1252/1252 1253/1253 1327/1327
f 2/2 18/18 22/22
f 12/12 13/13 15/15
f 11/11 13/13 12/12
f 13/13 16/16 15/15
f 155/155 323/323 158/158
f 323/323 319/319 318/318
f 318/318 319/319 317/317
f 319/319 331/331 317/317
f 331/331 163/163 317/317
f 163/163 331/331 316/316
f 331/331 1098/1098 316/316
f 1099/1099 1100/1100 400/400
f 1100/1100 371/371 400/400
f 371/371 399/399 401/401
f 471/471 468/468 472/472
f 468/468 528/528 472/472
f 528/528 527/527 472/472
f 690/690 688/688 691/691
f 1075/6251 5953/6162 1077/6252
f 5953/6162 5952/6161 5758/5967
f 5654/5854 5725/5934 5721/5930
f 5654/5854 5659/5859 5725/5934
f 5658/5858 5664/5864 5661/5861
f 927/927 928/928 929/929
f 928/928 938/938 939/939
f 937/937 945/945 944/944
f 1894/1894 1968/1968 1969/1969
f 1770/1770 1722/1722 1771/1771
f 1596/1596 1499/1499 1595/1595
f 1477/1477 1502/1502 1501/1501
f 1477/1477 1474/1474 1502/1502
f 1474/1474 1431/1431 1473/1473
f 1254/1254 1257/1257 1253/1253
f 1127/1127 1126/1126 1258/1258
f 1127/1127 1/1 1126/1126
f 9/9 19/19 18/18
f 153/153 45/45 16/16
f 153/153 155/155 45/45
f 367/367 368/368 1099/1099
f 368/368 1100/1100 1099/1099
f 398/398 463/463 460/460
f 463/463 473/473 460/460
f 469/469 467/467 471/471
f 467/467 468/468 471/471
f 527/527 530/530 529/529
f 530/530 690/690 529/529
f 530/530 688/688 690/690
f 688/688 689/689 691/691
f 691/691 713/713 692/692
f 713/713 1073/1073 1074/1074
f 1074/1074 1072/1072 1075/1075
f 1073/1073 1072/1072 1074/1074
f 5757/5966 5714/5923 5712/5921
f 5714/5923 5713/5922 5712/5921
f 5723/5932 5722/5931 5721/5930
f 5654/5854 5655/5855 5659/5859
f 982/982 1935/1935 1912/1912
f 1769/1769 1722/1722 1770/1770
f 1600/1600 1598/1598 1662/1662
f 1598/1598 1498/1498 1596/1596
f 1431/1431 1430/1430 1432/1432
f 1430/1430 1331/1331 1432/1432
f 1331/1331 1332/1332 1329/1329
f 1252/1252 1251/1251 1253/1253
f 1257/1257 1256/1256 1258/1258
f 1/1 2/2 1126/1126
f 2/2 7/7 18/18
f 14/14 13/13 11/11
f 46/46 153/153 16/16
f 323/323 320/320 319/319
f 320/320 321/321 319/319
f 321/321 331/331 319/319
f 321/321 330/330 331/331
f 330/330 332/332 331/331
f 331/331 332/332 1098/1098
f 366/366 368/368 367/367
f 371/371 396/396 399/399
f 396/396 398/398 399/399
f 463/463 464/464 473/473
f 464/464 469/469 473/473
f 464/464 470/470 469/469
f 470/470 467/467 469/469
f 5952/6161 5756/5965 5758/5967
f 5758/5967 5757/5966 5712/5921
f 5756/5965 5757/5966 5758/5967
f 5714/5923 5715/5924 5713/5922
f 5715/5924 5719/5928 5713/5922
f 5719/5928 5723/5932 5713/5922
f 5719/5928 5722/5931 5723/5932
f 5655/5855 5658/5858 5659/5859
f 5658/5858 5665/5865 5664/5864
f 938/938 937/937 939/939
f 1911/1911 1909/1909 1910/1910
f 1910/1910 1895/1895 1914/1914
f 1968/1968 1769/1769 1969/1969
f 1721/1721 1720/1720 1719/1719
f 1656/1656 1652/1652 1657/1657
f 1498/1498 1499/1499 1596/1596
f 1499/1499 1500/1500 1595/1595
f 1477/1477 1476/1476 1474/1474
f 1329/1329 1250/1250 1252/1252
f 1/1 3/3 2/2
f 3/3 7/7 2/2
f 7/7 8/8 18/18
f 18/18 8/8 9/9
f 10/10 11/11 9/9
f 13/13 46/46 16/16
f 322/322 323/323 155/155
f 368/368 371/371 1100/1100
f 530/530 687/687 688/688
f 688/688 684/684 689/689
f 689/689 713/713 691/691
f 5757/5966 5716/5925 5714/5923
f 5716/5925 5715/5924 5714/5923
f 5721/5930 5649/5849 5654/5854
f 5652/5852 5655/5855 5654/5854
f 5665/5865 4323/6268 4324/6269
f 945/945 948/948 944/944
f 1910/1910 1896/1896 1895/1895
f 1896/1896 1894/1894 1895/1895
f 1722/1722 1720/1720 1721/1721
f 1719/1719 1720/1720 1656/1656
f 1656/1656 1655/1655 1652/1652
f 1499/1499 1480/1480 1500/1500
f 1480/1480 1501/1501 1500/1500
f 1476/1476 1475/1475 1474/1474
f 1475/1475 1431/1431 1474/1474
f 1332/1332 1249/1249 1329/1329
f 1249/1249 1250/1250 1329/1329
f 1250/1250 1251/1251 1252/1252
f 1256/1256 1127/1127 1258/1258
f 3/3 4/4 7/7
f 4/4 6/6 7/7
f 6/6 8/8 7/7
f 8/8 10/10 9/9
f 10/10 47/47 11/11
f 47/47 14/14 11/11
f 14/14 46/46 13/13
f 154/154 155/155 153/153
f 154/154 156/156 155/155
f 156/156 322/322 155/155
f 322/322 320/320 323/323
f 337/337 334/334 330/330
f 330/330 334/334 332/332
f 361/361 366/366 332/332
f 366/366 364/364 368/368
f 368/368 370/370 371/371
f 369/369 370/370 368/368
f 370/370 394/394 371/371
f 394/394 396/396 371/371
f 394/394 395/395 396/396
f 395/395 397/397 396/396
f 397/397 398/398 396/396
f 397/397 461/461 398/398
f 461/461 463/463 398/398
f 463/463 465/465 464/464
f 465/465 536/536 464/464
f 536/536 470/470 464/464
f 470/470 466/466 467/467
f 466/466 468/468 467/467
f 527/527 531/531 530/530
f 531/531 687/687 530/530
f 686/686 688/688 687/687
f 686/686 684/684 688/688
f 684/684 685/685 689/689
f 689/689 714/714 713/713
f 1075/6251 5951/6160 5953/6162
f 5951/6160 5950/6159 5953/6162
f 5950/6159 5952/6161 5953/6162
f 5722/5931 5720/5929 5721/5930
f 5720/5929 5649/5849 5721/5930
f 5649/5849 5652/5852 5654/5854
f 5652/5852 5656/5856 5655/5855
f 5655/5855 5656/5856 5658/5858
f 1898/1898 1896/1896 1910/1910
f 1896/1896 1897/1897 1894/1894
f 1897/1897 1968/1968 1894/1894
f 1720/1720 1654/1654 1656/1656
f 1659/1659 1660/1660 1661/1661
f 1660/1660 1600/1600 1661/1661
f 1600/1600 1662/1662 1661/1661
f 1498/1498 1497/1497 1499/1499
f 1475/1475 1429/1429 1431/1431
f 1429/1429 1430/1430 1431/1431
f 1333/1333 1331/1331 1430/1430
f 1333/1333 1332/1332 1331/1331
f 321/321 327/327 330/330
f 364/364 369/369 368/368
f 528/528 532/532 527/527
f 532/532 531/531 527/527
f 1072/1072 1071/1071 1075/1075
f 1071/6248 5951/6160 1075/6251
f 5719/5928 5720/5929 5722/5931
f 5657/5857 5665/5865 5658/5858
f 5657/5857 5997/6208 5665/5865
f 5997/6208 4323/6268 5665/5865
f 1897/1897 1767/1767 1968/1968
f 1767/1767 1769/1769 1968/1968
f 1768/1768 1722/1722 1769/1769
f 1654/1654 1655/1655 1656/1656
f 1600/1600 1599/1599 1598/1598
f 1497/1497 1480/1480 1499/1499
f 1501/1501 1480/1480 1477/1477
f 1476/1476 1428/1428 1475/1475
f 1428/1428 1429/1429 1475/1475
f 1251/1251 1254/1254 1253/1253
f 1254/1254 1255/1255 1257/1257
f 1255/1255 1256/1256 1257/1257
f 46/46 152/152 153/153
f 334/334 361/361 332/332
f 538/538 536/536 465/465
f 5950/6159 5756/5965 5952/6161
f 5715/5924 5718/5927 5719/5928
f 5656/5856 5657/5857 5658/5858
f 1909/1909 1898/1898 1910/1910
f 1599/1599 1498/1498 1598/1598
f 1480/1480 1479/1479 1477/1477
f 361/361 364/364 366/366
f 461/461 541/541 463/463
f 541/541 465/465 463/463
f 681/681 684/684 686/686
f 683/683 685/685 684/684
f 5718/5927 5720/5929 5719/5928
f 982/982 983/983 1935/1935
f 1935/1935 983/983 1911/1911
f 1723/1723 1720/1720 1722/1722
f 1654/1654 1652/1652 1655/1655
f 1428/1428 1426/1426 1429/1429
f 1429/1429 1333/1333 1430/1430
f 1249/1249 1247/1247 1250/1250
f 1247/1247 1251/1251 1250/1250
f 1246/1246 1254/1254 1251/1251
f 1246/1246 1255/1255 1254/1254
f 14/14 65/65 46/46
f 65/65 152/152 46/46
f 329/329 330/330 327/327
f 329/329 337/337 330/330
f 333/333 334/334 337/337
f 364/364 372/372 369/369
f 369/369 372/372 370/370
f 541/541 538/538 465/465
f 536/536 534/534 470/470
f 534/534 466/466 470/470
f 468/468 672/672 528/528
f 672/672 673/673 528/528
f 673/673 532/532 528/528
f 531/531 686/686 687/687
f 681/681 683/683 684/684
f 685/685 714/714 689/689
f 5756/5965 5716/5925 5757/5966
f 5650/5850 5652/5852 5649/5849
f 5652/5852 5657/5857 5656/5856
f 4083/4083 4084/4084 4081/4081
f 983/983 1909/1909 1911/1911
f 1766/1766 1897/1897 1896/1896
f 1767/1767 1768/1768 1769/1769
f 1768/1768 1724/1724 1722/1722
f 1724/1724 1723/1723 1722/1722
f 1720/1720 1653/1653 1654/1654
f 1601/1601 1600/1600 1660/1660
f 1479/1479 1478/1478 1477/1477
f 1478/1478 1476/1476 1477/1477
f 1478/1478 1427/1427 1476/1476
f 1476/1476 1427/1427 1428/1428
f 1427/1427 1426/1426 1428/1428
f 1426/1426 1337/1337 1429/1429
f 1247/1247 1246/1246 1251/1251
f 1246/1246 1129/1129 1255/1255
f 1127/1127 1128/1128 1/1
f 8/8 48/48 10/10
f 47/47 65/65 14/14
f 322/322 326/326 320/320
f 320/320 326/326 321/321
f 326/326 327/327 321/321
f 372/372 393/393 370/370
f 5717/5926 5715/5924 5716/5925
f 5718/5927 5649/5849 5720/5929
f 1909/1909 1900/1900 1898/1898
f 1897/1897 1766/1766 1767/1767
f 1723/1723 1653/1653 1720/1720
f 1653/1653 1652/1652 1654/1654
f 1652/1652 1660/1660 1659/1659
f 1601/1601 1599/1599 1600/1600
f 1497/1497 1481/1481 1480/1480
f 1337/1337 1333/1333 1429/1429
f 1332/1332 1242/1242 1249/1249
f 1255/1255 1129/1129 1256/1256
f 1129/1129 1127/1127 1256/1256
f 5/5 6/6 4/4
f 326/326 328/328 327/327
f 328/328 329/329 327/327
f 333/333 335/335 334/334
f 335/335 361/361 334/334
f 393/393 394/394 370/370
f 683/683 715/715 685/685
f 685/685 810/810 714/714
f 715/715 810/810 685/685
f 810/810 713/713 714/714
f 5756/5965 5752/5961 5716/5925
f 5653/5853 5652/5852 5650/5850
f 5653/5853 5855/6064 5652/5852
f 5855/6064 5657/5857 5652/5852
f 928/928 937/937 938/938
f 1908/1908 1909/1909 983/983
f 1908/1908 1900/1900 1909/1909
f 1898/1898 1766/1766 1896/1896
f 1765/1765 1768/1768 1767/1767
f 1765/1765 1724/1724 1768/1768
f 1651/1651 1652/1652 1653/1653
f 1652/1652 1603/1603 1660/1660
f 1660/1660 1603/1603 1601/1601
f 1247/1247 1245/1245 1246/1246
f 1246/1246 1130/1130 1129/1129
f 1129/1129 1128/1128 1127/1127
f 1128/1128 1132/1132 1/1
f 1132/1132 3/3 1/1
f 3/3 5/5 4/4
f 48/48 47/47 10/10
f 48/48 49/49 47/47
f 150/150 152/152 65/65
f 152/152 154/154 153/153
f 361/361 363/363 364/364
f 538/538 535/535 536/536
f 466/466 533/533 468/468
f 533/533 672/672 468/468
f 531/531 677/677 686/686
f 713/713 811/811 1073/1073
f 810/810 811/811 713/713
f 811/811 1072/1072 1073/1073
f 811/811 1070/1070 1072/1072
f 1070/1070 1071/1071 1072/1072
f 5950/6159 5755/5964 5756/5965
f 5755/5964 5752/5961 5756/5965
f 5717/5926 5718/5927 5715/5924
f 1900/1900 1899/1899 1898/1898
f 1899/1899 1766/1766 1898/1898
f 1761/1761 1765/1765 1766/1766
f 1766/1766 1765/1765 1767/1767
f 1495/1495 1599/1599 1601/1601
f 1599/1599 1496/1496 1498/1498
f 1496/1496 1497/1497 1498/1498
f 1423/1423 1427/1427 1478/1478
f 1337/1337 1334/1334 1333/1333
f 1242/1242 1332/1332 1333/1333
f 5/5 48/48 6/6
f 6/6 48/48 8/8
f 156/156 324/324 322/322
f 364/364 373/373 372/372
f 373/373 393/393 372/372
f 535/535 534/534 536/536
f 532/532 677/677 531/531
f 677/677 681/681 686/686
f 716/716 715/715 683/683
f 5752/5961 5751/5960 5716/5925
f 5751/5960 5717/5926 5716/5925
f 5855/6064 5856/6065 5657/5857
f 980/980 983/983 982/982
f 981/981 1908/1908 983/983
f 1899/1899 1760/1760 1766/1766
f 1760/1760 1761/1761 1766/1766
f 1651/1651 1604/1604 1652/1652
f 1604/1604 1603/1603 1652/1652
f 1423/1423 1425/1425 1427/1427
f 1334/1334 1242/1242 1333/1333
f 362/362 363/363 361/361
f 363/363 365/365 364/364
f 365/365 373/373 364/364
f 541/541 539/539 538/538
f 539/539 537/537 538/538
f 537/537 535/535 538/538
f 534/534 533/533 466/466
f 5648/5848 5650/5850 5649/5849
f 948/948 980/980 982/982
f 980/980 981/981 983/983
f 1725/1725 1723/1723 1724/1724
f 1723/1723 1649/1649 1653/1653
f 1602/1602 1495/1495 1601/1601
f 1495/1495 1496/1496 1599/1599
f 1481/1481 1421/1421 1480/1480
f 1421/1421 1479/1479 1480/1480
f 1427/1427 1425/1425 1426/1426
f 1249/1249 1248/1248 1247/1247
f 1248/1248 1245/1245 1247/1247
f 1245/1245 1130/1130 1246/1246
f 152/152 324/324 154/154
f 324/324 156/156 154/154
f 325/325 326/326 322/322
f 337/337 336/336 333/333
f 336/336 335/335 333/333
f 1071/6248 5948/6157 5951/6160
f 5948/6157 5950/6159 5951/6160
f 5717/5926 5647/5847 5718/5927
f 5647/5847 5649/5849 5718/5927
f 5647/5847 5648/5848 5649/5849
f 5997/6208 4322/6261 4323/6268
f 927/927 926/926 928/928
f 926/926 937/937 928/928
f 926/926 894/894 937/937
f 1725/1725 1724/1724 1765/1765
f 1603/1603 1602/1602 1601/1601
f 1604/1604 1602/1602 1603/1603
f 1496/1496 1481/1481 1497/1497
f 1482/1482 1421/1421 1481/1481
f 1425/1425 1338/1338 1426/1426
f 1248/1248 1244/1244 1245/1245
f 1130/1130 1128/1128 1129/1129
f 1132/1132 51/51 3/3
f 51/51 5/5 3/3
f 150/150 151/151 152/152
f 393/393 544/544 394/394
f 544/544 395/395 394/394
f 542/542 397/397 395/395
f 5755/5964 5753/5962 5752/5961
f 5753/5962 5751/5960 5752/5961
f 5751/5960 5645/5845 5717/5926
f 945/945 947/947 948/948
f 947/947 980/980 948/948
f 1908/1908 1901/1901 1900/1900
f 1649/1649 1650/1650 1653/1653
f 1653/1653 1650/1650 1651/1651
f 1650/1650 1604/1604 1651/1651
f 1602/1602 1494/1494 1495/1495
f 1493/1493 1496/1496 1495/1495
f 1479/1479 1423/1423 1478/1478
f 1423/1423 1424/1424 1425/1425
f 1424/1424 1338/1338 1425/1425
f 1338/1338 1337/1337 1426/1426
f 1244/1244 1130/1130 1245/1245
f 1131/1131 1128/1128 1130/1130
f 50/50 48/48 5/5
f 151/151 324/324 152/152
f 365/365 393/393 373/373
f 462/462 461/461 397/397
f 677/677 682/682 681/681
f 682/682 679/679 681/681
f 679/679 683/683 681/681
f 716/716 806/806 715/715
f 715/715 808/808 810/810
f 806/806 808/808 715/715
f 808/808 811/811 810/810
f 1070/1070 1069/1069 1071/1071
f 1069/6247 5948/6157 1071/6248
f 925/925 926/926 927/927
f 946/946 947/947 945/945
f 1493/1493 1481/1481 1496/1496
f 1483/1483 1482/1482 1481/1481
f 1421/1421 1423/1423 1479/1479
f 1131/1131 1132/1132 1128/1128
f 1132/1132 1133/1133 51/51
f 49/49 62/62 47/47
f 462/462 540/540 461/461
f 540/540 541/541 461/461
f 535/535 630/630 534/534
f 630/630 533/533 534/534
f 673/673 677/677 532/532
f 679/679 716/716 683/683
f 808/808 812/812 811/811
f 812/812 1070/1070 811/811
f 5948/6157 5949/6158 5950/6159
f 5949/6158 5755/5964 5950/6159
f 5644/5844 5751/5960 5753/5962
f 5645/5845 5647/5847 5717/5926
f 1903/1903 1901/1901 1908/1908
f 1764/1764 1765/1765 1761/1761
f 1764/1764 1725/1725 1765/1765
f 1650/1650 1608/1608 1604/1604
f 1608/1608 1605/1605 1604/1604
f 1605/1605 1602/1602 1604/1604
f 1605/1605 1606/1606 1602/1602
f 1606/1606 1494/1494 1602/1602
f 1493/1493 1483/1483 1481/1481
f 1243/1243 1249/1249 1242/1242
f 51/51 50/50 5/5
f 47/47 63/63 65/65
f 324/324 325/325 322/322
f 365/365 391/391 393/393
f 539/539 629/629 537/537
f 533/533 632/632 672/672
f 679/679 680/680 716/716
f 680/680 806/806 716/716
f 5644/5844 5645/5845 5751/5960
f 5648/5848 5651/5851 5650/5850
f 5650/5850 5651/5851 5653/5853
f 5651/5851 5854/6063 5653/5853
f 5653/5853 5854/6063 5855/6064
f 5854/6063 5856/6065 5855/6064
f 937/937 946/946 945/945
f 1421/1421 1422/1422 1423/1423
f 1422/1422 1424/1424 1423/1423
f 1336/1336 1334/1334 1337/1337
f 1249/1249 1243/1243 1248/1248
f 1243/1243 1244/1244 1248/1248
f 1131/1131 1133/1133 1132/1132
f 328/328 340/340 329/329
f 335/335 357/357 361/361
f 357/357 362/362 361/361
f 362/362 374/374 363/363
f 374/374 365/365 363/363
f 392/392 544/544 393/393
f 542/542 462/462 397/397
f 540/540 539/539 541/541
f 632/632 671/671 672/672
f 671/671 673/673 672/672
f 5645/5845 5646/5846 5647/5847
f 1901/1901 1757/1757 1900/1900
f 1757/1757 1899/1899 1900/1900
f 1726/1726 1725/1725 1764/1764
f 48/48 61/61 49/49
f 62/62 63/63 47/47
f 338/338 337/337 329/329
f 356/356 335/335 336/336
f 629/629 535/535 537/537
f 629/629 630/630 535/535
f 682/682 675/675 679/679
f 675/675 680/680 679/679
f 5638/5838 5648/5848 5647/5847
f 5648/5848 5853/6062 5651/5851
f 5854/6063 5852/6061 5856/6065
f 5856/6065 5994/6205 5657/5857
f 5852/6061 5994/6205 5856/6065
f 5657/5857 5993/6204 5997/6208
f 5994/6205 5993/6204 5657/5857
f 5993/6204 4322/6261 5997/6208
f 1757/1757 1760/1760 1899/1899
f 1605/1605 1607/1607 1606/1606
f 1494/1494 1493/1493 1495/1495
f 1418/1418 1422/1422 1421/1421
f 1338/1338 1336/1336 1337/1337
f 1239/1239 1243/1243 1242/1242
f 1243/1243 1236/1236 1244/1244
f 1244/1244 1236/1236 1130/1130
f 1236/1236 1131/1131 1130/1130
f 53/53 51/51 1133/1133
f 51/51 52/52 50/50
f 50/50 61/61 48/48
f 65/65 66/66 150/150
f 151/151 343/343 324/324
f 343/343 325/325 324/324
f 326/326 341/341 328/328
f 341/341 340/340 328/328
f 337/337 338/338 336/336
f 391/391 392/392 393/393
f 544/544 542/542 395/395
f 630/630 632/632 533/533
f 677/677 675/675 682/682
f 809/809 812/812 808/808
f 812/812 1068/1068 1070/1070
f 1068/1068 1069/1069 1070/1070
f 5949/6158 5754/5963 5755/5964
f 5754/5963 5753/5962 5755/5964
f 5640/5840 5646/5846 5645/5845
f 5646/5846 5638/5838 5647/5847
f 980/980 979/979 981/981
f 947/947 979/979 980/980
f 979/979 1908/1908 981/981
f 979/979 1903/1903 1908/1908
f 1903/1903 1902/1902 1901/1901
f 1901/1901 1902/1902 1757/1757
f 1760/1760 1759/1759 1761/1761
f 1759/1759 1762/1762 1761/1761
f 1762/1762 1764/1764 1761/1761
f 1764/1764 1763/1763 1726/1726
f 1647/1647 1723/1723 1725/1725
f 1649/1649 1648/1648 1650/1650
f 1493/1493 1484/1484 1483/1483
f 1483/1483 1419/1419 1482/1482
f 1484/1484 1419/1419 1483/1483
f 1419/1419 1421/1421 1482/1482
f 1419/1419 1420/1420 1421/1421
f 1234/1234 1235/1235 1236/1236
f 1235/1235 1131/1131 1236/1236
f 1131/1131 53/53 1133/1133
f 53/53 52/52 51/51
f 52/52 61/61 50/50
f 63/63 66/66 65/65
f 150/150 149/149 151/151
f 325/325 341/341 326/326
f 340/340 338/338 329/329
f 338/338 356/356 336/336
f 356/356 357/357 335/335
f 543/543 542/542 544/544
f 462/462 625/625 540/540
f 540/540 627/627 539/539
f 627/627 629/629 539/539
f 631/631 632/632 630/630
f 673/673 678/678 677/677
f 717/717 806/806 680/680
f 807/807 808/808 806/806
f 807/807 809/809 808/808
f 5754/5963 5644/5844 5753/5962
f 5640/5840 5638/5838 5646/5846
f 5651/5851 5851/6060 5854/6063
f 4086/4086 4136/4136 4084/4084
f 894/894 946/946 937/937
f 1762/1762 1763/1763 1764/1764
f 1608/1608 1607/1607 1605/1605
f 1422/1422 1339/1339 1424/1424
f 1424/1424 1339/1339 1338/1338
f 1339/1339 1336/1336 1338/1338
f 1335/1335 1334/1334 1336/1336
f 1239/1239 1236/1236 1243/1243
f 66/66 149/149 150/150
f 344/344 343/343 151/151
f 374/374 391/391 365/365
f 670/670 671/671 632/632
f 678/678 675/675 677/677
f 1069/6247 5947/6156 5948/6157
f 5947/6156 5949/6158 5948/6157
f 5644/5844 5640/5840 5645/5845
f 5640/5840 5639/5839 5638/5838
f 5853/6062 5851/6060 5651/5851
f 5851/6060 5852/6061 5854/6063
f 1723/1723 1647/1647 1649/1649
f 1647/1647 1648/1648 1649/1649
f 1648/1648 1612/1612 1650/1650
f 1612/1612 1608/1608 1650/1650
f 1494/1494 1492/1492 1493/1493
f 1492/1492 1484/1484 1493/1493
f 1420/1420 1418/1418 1421/1421
f 1412/1412 1422/1422 1418/1418
f 1335/1335 1242/1242 1334/1334
f 1235/1235 1135/1135 1131/1131
f 52/52 58/58 61/61
f 61/61 62/62 49/49
f 374/374 390/390 391/391
f 625/625 627/627 540/540
f 628/628 630/630 629/629
f 628/628 631/631 630/630
f 671/671 668/668 673/673
f 668/668 678/678 673/673
f 675/675 717/717 680/680
f 5638/5838 5853/6062 5648/5848
f 5993/6204 4308/6254 4322/6261
f 979/979 1904/1904 1903/1903
f 1726/1726 1647/1647 1725/1725
f 1491/1491 1492/1492 1494/1494
f 1422/1422 1411/1411 1339/1339
f 1411/1411 1341/1341 1339/1339
f 1339/1339 1340/1340 1336/1336
f 1341/1341 1340/1340 1339/1339
f 1340/1340 1335/1335 1336/1336
f 1335/1335 1241/1241 1242/1242
f 1241/1241 1239/1239 1242/1242
f 1238/1238 1236/1236 1239/1239
f 1135/1135 1134/1134 1131/1131
f 1131/1131 1134/1134 53/53
f 53/53 58/58 52/52
f 149/149 344/344 151/151
f 325/325 342/342 341/341
f 357/357 359/359 362/362
f 359/359 374/374 362/362
f 624/624 625/625 462/462
f 628/628 629/629 627/627
f 628/628 635/635 631/631
f 631/631 635/635 632/632
f 635/635 670/670 632/632
f 678/678 674/674 675/675
f 676/676 717/717 675/675
f 717/717 801/801 806/806
f 801/801 802/802 806/806
f 802/802 807/807 806/806
f 5754/5963 5643/5843 5644/5844
f 5851/6060 5847/6056 5852/6061
f 4086/4086 4087/4087 4136/4136
f 946/946 892/892 947/947
f 892/892 975/975 947/947
f 975/975 978/978 947/947
f 947/947 978/978 979/979
f 1646/1646 1648/1648 1647/1647
f 1646/1646 1613/1613 1648/1648
f 1609/1609 1607/1607 1608/1608
f 1609/1609 1606/1606 1607/1607
f 1412/1412 1411/1411 1422/1422
f 1357/1357 1241/1241 1335/1335
f 1238/1238 1237/1237 1236/1236
f 1237/1237 1234/1234 1236/1236
f 62/62 64/64 63/63
f 63/63 68/68 66/66
f 390/390 392/392 391/391
f 392/392 543/543 544/544
f 670/670 668/668 671/671
f 668/668 718/718 678/678
f 674/674 676/676 675/675
f 807/807 804/804 809/809
f 804/804 812/812 809/809
f 5949/6158 5946/6155 5754/5963
f 1904/1904 1902/1902 1903/1903
f 1757/1757 1758/1758 1760/1760
f 1758/1758 1759/1759 1760/1760
f 1728/1728 1763/1763 1762/1762
f 1610/1610 1608/1608 1612/1612
f 1610/1610 1609/1609 1608/1608
f 1485/1485 1419/1419 1484/1484
f 1340/1340 1358/1358 1335/1335
f 1358/1358 1357/1357 1335/1335
f 1237/1237 1233/1233 1234/1234
f 1233/1233 1136/1136 1234/1234
f 1136/1136 1235/1235 1234/1234
f 59/59 61/61 58/58
f 343/343 347/347 325/325
f 347/347 342/342 325/325
f 543/543 623/623 542/542
f 546/546 623/623 543/543
f 634/634 635/635 628/628
f 718/718 674/674 678/678
f 5947/6156 5946/6155 5949/6158
f 5946/6155 5798/6007 5754/5963
f 5798/6007 5643/5843 5754/5963
f 5643/5843 5640/5840 5644/5844
f 5638/5838 5851/6060 5853/6062
f 5847/6056 5848/6057 5852/6061
f 5848/6057 5994/6205 5852/6061
f 978/978 976/976 979/979
f 979/979 976/976 1904/1904
f 1902/1902 1756/1756 1757/1757
f 1645/1645 1646/1646 1647/1647
f 1491/1491 1490/1490 1492/1492
f 1490/1490 1484/1484 1492/1492
f 1136/1136 1135/1135 1235/1235
f 59/59 62/62 61/61
f 64/64 68/68 63/63
f 345/345 347/347 343/343
f 627/627 634/634 628/628
f 1068/1068 1067/1067 1069/1069
f 1067/6245 5947/6156 1069/6247
f 5637/5837 5638/5838 5639/5839
f 925/925 896/896 926/926
f 896/896 894/894 926/926
f 894/894 892/892 946/946
f 1728/1728 1726/1726 1763/1763
f 1727/1727 1647/1647 1726/1726
f 1613/1613 1612/1612 1648/1648
f 1609/1609 1988/1988 1606/1606
f 1988/1988 1494/1494 1606/1606
f 1419/1419 1418/1418 1420/1420
f 54/54 1134/1134 1135/1135
f 54/54 53/53 1134/1134
f 344/344 345/345 343/343
f 339/339 338/338 340/340
f 356/356 355/355 357/357
f 390/390 549/549 392/392
f 542/542 623/623 462/462
f 623/623 624/624 462/462
f 718/718 676/676 674/674
f 5641/5841 5640/5840 5643/5843
f 5637/5837 5634/5834 5638/5838
f 5848/6057 5991/6202 5994/6205
f 5991/6202 5993/6204 5994/6205
f 5993/6204 4306/6253 4308/6254
f 924/924 896/896 925/925
f 1759/1759 1728/1728 1762/1762
f 1490/1490 1485/1485 1484/1484
f 1418/1418 1413/1413 1412/1412
f 1358/1358 1356/1356 1357/1357
f 1136/1136 54/54 1135/1135
f 74/74 64/64 62/62
f 375/375 374/374 359/359
f 374/374 388/388 390/390
f 549/549 543/543 392/392
f 624/624 626/626 625/625
f 626/626 627/627 625/625
f 626/626 639/639 627/627
f 639/639 634/634 627/627
f 633/633 635/635 634/634
f 633/633 656/656 635/635
f 635/635 657/657 670/670
f 657/657 666/666 670/670
f 676/676 721/721 717/717
f 721/721 801/801 717/717
f 802/802 804/804 807/807
f 812/812 1067/1067 1068/1068
f 1067/6245 5962/6173 5947/6156
f 5947/6156 5962/6173 5946/6155
f 5962/6173 5800/6009 5946/6155
f 5800/6009 5798/6007 5946/6155
f 5798/6007 5799/6008 5643/5843
f 5641/5841 5639/5839 5640/5840
f 5641/5841 5642/5842 5639/5839
f 1756/1756 1753/1753 1757/1757
f 1753/1753 1758/1758 1757/1757
f 1753/1753 1759/1759 1758/1758
f 1728/1728 1727/1727 1726/1726
f 1613/1613 1611/1611 1612/1612
f 1611/1611 1610/1610 1612/1612
f 1610/1610 1611/1611 1609/1609
f 1611/1611 1997/1997 1609/1609
f 1997/1997 1991/1991 1609/1609
f 1991/1991 1988/1988 1609/1609
f 1988/1988 1489/1489 1494/1494
f 1412/1412 1410/1410 1411/1411
f 1410/1410 1342/1342 1411/1411
f 1342/1342 1341/1341 1411/1411
f 1342/1342 1340/1340 1341/1341
f 1343/1343 1358/1358 1340/1340
f 54/54 55/55 53/53
f 55/55 58/58 53/53
f 58/58 60/60 59/59
f 59/59 74/74 62/62
f 341/341 339/339 340/340
f 339/339 356/356 338/338
f 375/375 388/388 374/374
f 549/549 545/545 543/543
f 545/545 546/546 543/543
f 639/639 633/633 634/634
f 666/666 668/668 670/670
f 666/666 662/662 668/668
f 668/668 669/669 718/718
f 662/662 669/669 668/668
f 718/718 720/720 676/676
f 720/720 721/721 676/676
f 801/801 800/800 802/802
f 804/804 805/805 812/812
f 805/805 1067/1067 812/812
f 5800/6009 5799/6008 5798/6007
f 5799/6008 5802/6011 5643/5843
f 5802/6011 5641/5841 5643/5843
f 5642/5842 5637/5837 5639/5839
f 5851/6060 5845/6054 5847/6056
f 5846/6055 5848/6057 5847/6056
f 5846/6055 5857/6066 5848/6057
f 1904/1904 1756/1756 1902/1902
f 1727/1727 1645/1645 1647/1647
f 1417/1417 1418/1418 1419/1419
f 1413/1413 1410/1410 1412/1412
f 1342/1342 1343/1343 1340/1340
f 1239/1239 1231/1231 1238/1238
f 2038/2038 55/55 54/54
f 55/55 60/60 58/58
f 147/147 148/148 66/66
f 148/148 149/149 66/66
f 349/349 339/339 341/341
f 339/339 355/355 356/356
f 378/378 358/358 357/357
f 357/357 358/358 359/359
f 358/358 360/360 359/359
f 360/360 375/375 359/359
f 388/388 389/389 390/390
f 721/721 800/800 801/801
f 5633/5833 5637/5837 5642/5842
f 5636/5836 5845/6054 5851/6060
f 5857/6066 5991/6202 5848/6057
f 4089/4089 4137/4137 4087/4087
f 975/975 976/976 978/978
f 976/976 977/977 1904/1904
f 1998/1998 1997/1997 1611/1611
f 1991/1991 1989/1989 1988/1988
f 1489/1489 1491/1491 1494/1494
f 1357/1357 1355/1355 1241/1241
f 1238/1238 1231/1231 1237/1237
f 1231/1231 1232/1232 1237/1237
f 1232/1232 1233/1233 1237/1237
f 1232/1232 1136/1136 1233/1233
f 1136/1136 1137/1137 54/54
f 1137/1137 2038/2038 54/54
f 74/74 67/67 64/64
f 67/67 68/68 64/64
f 342/342 349/349 341/341
f 355/355 378/378 357/357
f 389/389 549/549 390/390
f 656/656 657/657 635/635
f 669/669 720/720 718/718
f 5801/6010 5802/6011 5799/6008
f 5802/6011 5642/5842 5641/5841
f 5633/5833 5634/5834 5637/5837
f 5634/5834 5636/5836 5638/5838
f 5636/5836 5851/6060 5638/5838
f 5845/6054 5846/6055 5847/6056
f 5991/6202 5992/6203 5993/6204
f 5992/6203 4306/6253 5993/6204
f 894/894 891/891 892/892
f 1727/1727 1643/1643 1645/1645
f 1645/1645 1644/1644 1646/1646
f 1646/1646 1614/1614 1613/1613
f 1614/1614 1611/1611 1613/1613
f 1486/1486 1419/1419 1485/1485
f 1414/1414 1410/1410 1413/1413
f 1343/1343 1345/1345 1358/1358
f 1345/1345 1356/1356 1358/1358
f 1356/1356 1355/1355 1357/1357
f 1355/1355 1223/1223 1241/1241
f 1223/1223 1239/1239 1241/1241
f 1223/1223 1240/1240 1239/1239
f 1240/1240 1231/1231 1239/1239
f 56/56 55/55 2038/2038
f 60/60 73/73 59/59
f 68/68 147/147 66/66
f 148/148 146/146 149/149
f 146/146 344/344 149/149
f 146/146 345/345 344/344
f 719/719 721/721 720/720
f 1066/6244 5962/6173 1067/6245
f 896/896 895/895 894/894
f 895/895 891/891 894/894
f 975/975 973/973 976/976
f 1755/1755 1904/1904 977/977
f 1755/1755 1756/1756 1904/1904
f 1729/1729 1727/1727 1728/1728
f 1643/1643 1644/1644 1645/1645
f 1614/1614 1646/1646 1644/1644
f 1614/1614 1615/1615 1611/1611
f 1615/1615 1998/1998 1611/1611
f 1988/1988 1987/1987 1489/1489
f 1489/1489 1490/1490 1491/1491
f 1487/1487 1485/1485 1490/1490
f 1487/1487 1486/1486 1485/1485
f 1486/1486 1417/1417 1419/1419
f 1415/1415 1413/1413 1418/1418
f 1415/1415 1414/1414 1413/1413
f 1414/1414 1408/1408 1410/1410
f 1409/1409 1344/1344 1342/1342
f 1344/1344 1343/1343 1342/1342
f 1240/1240 1230/1230 1231/1231
f 1229/1229 1136/1136 1232/1232
f 2034/2034 56/56 2038/2038
f 56/56 57/57 55/55
f 57/57 60/60 55/55
f 73/73 74/74 59/59
f 360/360 386/386 375/375
f 386/386 388/388 375/375
f 802/802 803/803 804/804
f 803/803 805/805 804/804
f 5962/6173 5963/6174 5800/6009
f 5800/6009 5801/6010 5799/6008
f 5802/6011 5633/5833 5642/5842
f 891/891 889/889 892/892
f 892/892 893/893 975/975
f 889/889 893/893 892/892
f 973/973 977/977 976/976
f 1753/1753 1732/1732 1759/1759
f 1759/1759 1732/1732 1728/1728
f 1732/1732 1729/1729 1728/1728
f 1730/1730 1643/1643 1727/1727
f 1998/1998 1996/1996 1997/1997
f 1996/1996 1992/1992 1997/1997
f 1992/1992 1991/1991 1997/1997
f 1489/1489 1487/1487 1490/1490
f 1415/1415 1418/1418 1417/1417
f 1408/1408 1342/1342 1410/1410
f 1408/1408 1409/1409 1342/1342
f 1231/1231 1229/1229 1232/1232
f 1137/1137 2034/2034 2038/2038
f 347/347 348/348 342/342
f 349/349 350/350 339/339
f 351/351 355/355 339/339
f 389/389 548/548 549/549
f 618/618 624/624 623/623
f 639/639 636/636 633/633
f 669/669 719/719 720/720
f 719/719 722/722 721/721
f 1066/6244 5963/6174 5962/6173
f 5633/5833 5635/5835 5634/5834
f 5850/6059 5845/6054 5636/5836
f 5846/6055 5858/6067 5857/6066
f 1616/1616 1614/1614 1644/1644
f 1989/1989 1987/1987 1988/1988
f 1416/1416 1414/1414 1415/1415
f 1344/1344 1345/1345 1343/1343
f 1345/1345 1354/1354 1356/1356
f 69/69 147/147 68/68
f 548/548 545/545 549/549
f 636/636 637/637 633/633
f 637/637 656/656 633/633
f 655/655 657/657 656/656
f 662/662 664/664 669/669
f 800/800 803/803 802/802
f 5802/6011 5810/6019 5633/5833
f 5635/5835 5636/5836 5634/5834
f 5858/6067 5991/6202 5857/6066
f 893/893 973/973 975/975
f 1755/1755 1753/1753 1756/1756
f 1992/1992 1990/1990 1991/1991
f 1990/1990 1989/1989 1991/1991
f 1987/1987 1986/1986 1489/1489
f 1986/1986 1488/1488 1489/1489
f 1488/1488 1487/1487 1489/1489
f 1416/1416 1406/1406 1414/1414
f 1414/1414 1407/1407 1408/1408
f 1347/1347 1344/1344 1409/1409
f 1354/1354 1355/1355 1356/1356
f 1230/1230 1229/1229 1231/1231
f 1229/1229 1138/1138 1136/1136
f 1138/1138 1137/1137 1136/1136
f 75/75 73/73 60/60
f 73/73 72/72 74/74
f 67/67 69/69 68/68
f 345/345 346/346 347/347
f 346/346 348/348 347/347
f 348/348 349/349 342/342
f 386/386 389/389 388/388
f 618/618 620/620 624/624
f 624/624 638/638 626/626
f 638/638 639/639 626/626
f 638/638 636/636 639/639
f 657/657 667/667 666/666
f 667/667 662/662 666/666
f 664/664 719/719 669/669
f 805/805 1066/1066 1067/1067
f 5992/6203 4305/6250 4306/6253
f 974/974 977/977 973/973
f 1729/1729 1730/1730 1727/1727
f 1990/1990 1987/1987 1989/1989
f 1486/1486 1416/1416 1417/1417
f 1416/1416 1415/1415 1417/1417
f 1139/1139 2034/2034 1137/1137
f 76/76 82/82 73/73
f 82/82 72/72 73/73
f 72/72 67/67 74/74
f 72/72 70/70 67/67
f 348/348 350/350 349/349
f 350/350 351/351 339/339
f 663/663 664/664 662/662
f 722/722 798/798 721/721
f 5963/6174 5804/6013 5800/6009
f 5804/6013 5801/6010 5800/6009
f 5804/6013 5803/6012 5801/6010
f 5803/6012 5802/6011 5801/6010
f 5810/6019 5811/6020 5633/5833
f 5811/6020 5635/5835 5633/5833
f 4138/4138 4144/4144 4137/4137
f 923/923 896/896 924/924
f 923/923 897/897 896/896
f 897/897 895/895 896/896
f 1753/1753 1752/1752 1732/1732
f 1615/1615 1996/1996 1998/1998
f 1406/1406 1407/1407 1414/1414
f 1408/1408 1347/1347 1409/1409
f 57/57 75/75 60/60
f 75/75 76/76 73/73
f 146/146 145/145 345/345
f 145/145 346/346 345/345
f 351/351 353/353 355/355
f 620/620 638/638 624/624
f 655/655 659/659 657/657
f 659/659 667/667 657/657
f 803/803 813/813 805/805
f 813/813 1066/1066 805/805
f 5945/6154 5804/6013 5963/6174
f 5811/6020 5813/6022 5635/5835
f 5635/5835 5850/6059 5636/5836
f 895/895 890/890 891/891
f 977/977 1905/1905 1755/1755
f 1642/1642 1643/1643 1730/1730
f 1616/1616 1644/1644 1643/1643
f 1616/1616 1615/1615 1614/1614
f 1398/1398 1486/1486 1487/1487
f 1407/1407 1405/1405 1408/1408
f 1406/1406 1405/1405 1407/1407
f 1405/1405 1347/1347 1408/1408
f 1347/1347 1346/1346 1344/1344
f 1344/1344 1346/1346 1345/1345
f 1346/1346 1352/1352 1345/1345
f 1352/1352 1354/1354 1345/1345
f 70/70 69/69 67/67
f 350/350 352/352 351/351
f 353/353 378/378 355/355
f 360/360 384/384 386/386
f 384/384 387/387 386/386
f 386/386 548/548 389/389
f 387/387 548/548 386/386
f 637/637 654/654 656/656
f 654/654 655/655 656/656
f 1065/6243 5963/6174 1066/6244
f 5846/6055 5859/6068 5858/6067
f 5858/6067 5990/6201 5991/6202
f 5990/6201 5992/6203 5991/6202
f 5990/6201 4305/6250 5992/6203
f 897/897 898/898 895/895
f 1906/1906 1905/1905 977/977
f 1732/1732 1731/1731 1729/1729
f 1729/1729 1731/1731 1730/1730
f 1641/1641 1616/1616 1643/1643
f 1619/1619 1996/1996 1615/1615
f 1488/1488 1398/1398 1487/1487
f 1348/1348 1346/1346 1347/1347
f 1230/1230 1224/1224 1229/1229
f 1224/1224 1138/1138 1229/1229
f 1138/1138 1139/1139 1137/1137
f 70/70 71/71 69/69
f 143/143 148/148 147/147
f 378/378 376/376 358/358
f 358/358 376/376 360/360
f 545/545 547/547 546/546
f 547/547 623/623 546/546
f 1094/1094 654/654 637/637
f 664/664 722/722 719/719
f 664/664 723/723 722/722
f 723/723 798/798 722/722
f 721/721 799/799 800/800
f 1065/6243 5945/6154 5963/6174
f 974/974 1906/1906 977/977
f 1754/1754 1753/1753 1755/1755
f 1754/1754 1752/1752 1753/1753
f 1398/1398 1416/1416 1486/1486
f 1354/1354 1353/1353 1355/1355
f 1353/1353 1223/1223 1355/1355
f 1223/1223 1230/1230 1240/1240
f 1224/1224 1228/1228 1138/1138
f 1228/1228 1140/1140 1138/1138
f 1140/1140 1139/1139 1138/1138
f 82/82 70/70 72/72
f 71/71 147/147 69/69
f 143/143 146/146 148/148
f 352/352 353/353 351/351
f 547/547 618/618 623/623
f 620/620 621/621 638/638
f 638/638 650/650 636/636
f 650/650 637/637 636/636
f 813/813 1065/1065 1066/1066
f 5808/6017 5813/6022 5811/6020
f 5635/5835 5849/6058 5850/6059
f 5842/6051 5845/6054 5850/6059
f 5845/6054 5844/6053 5846/6055
f 5844/6053 5859/6068 5846/6055
f 5859/6068 5990/6201 5858/6067
f 923/923 899/899 897/897
f 899/899 898/898 897/897
f 898/898 890/890 895/895
f 890/890 889/889 891/891
f 1731/1731 1642/1642 1730/1730
f 1990/1990 1985/1985 1987/1987
f 1985/1985 1986/1986 1987/1987
f 1398/1398 1402/1402 1416/1416
f 1404/1404 1406/1406 1416/1416
f 1404/1404 1405/1405 1406/1406
f 1350/1350 1352/1352 1346/1346
f 1353/1353 1354/1354 1352/1352
f 1223/1223 1224/1224 1230/1230
f 1140/1140 1141/1141 1139/1139
f 2036/2036 2034/2034 1139/1139
f 2034/2034 2033/2033 56/56
f 2033/2033 57/57 56/56
f 57/57 77/77 75/75
f 77/77 76/76 75/75
f 143/143 144/144 146/146
f 348/348 563/563 350/350
f 798/798 799/799 721/721
f 5849/6058 5842/6051 5850/6059
f 5842/6051 5843/6052 5845/6054
f 893/893 972/972 973/973
f 972/972 974/974 973/973
f 972/972 1906/1906 974/974
f 1905/1905 1754/1754 1755/1755
f 1751/1751 1732/1732 1752/1752
f 1642/1642 1641/1641 1643/1643
f 1992/1992 1993/1993 1990/1990
f 1402/1402 1404/1404 1416/1416
f 1405/1405 1348/1348 1347/1347
f 352/352 354/354 353/353
f 617/617 545/545 548/548
f 617/617 547/547 545/545
f 653/653 655/655 654/654
f 5803/6012 5807/6016 5802/6011
f 5807/6016 5810/6019 5802/6011
f 5810/6019 5808/6017 5811/6020
f 5849/6058 5635/5835 5813/6022
f 5843/6052 5844/6053 5845/6054
f 5989/6200 4305/6250 5990/6201
f 1750/1750 1752/1752 1754/1754
f 1751/1751 1733/1733 1732/1732
f 1733/1733 1731/1731 1732/1732
f 1617/1617 1615/1615 1616/1616
f 1996/1996 1994/1994 1992/1992
f 1994/1994 1993/1993 1992/1992
f 1403/1403 1405/1405 1404/1404
f 1227/1227 1140/1140 1228/1228
f 1141/1141 2036/2036 1139/1139
f 71/71 143/143 147/147
f 144/144 145/145 146/146
f 138/138 346/346 145/145
f 354/354 378/378 353/353
f 376/376 383/383 360/360
f 383/383 384/384 360/360
f 618/618 619/619 620/620
f 619/619 621/621 620/620
f 650/650 1094/1094 637/637
f 664/664 665/665 723/723
f 5945/6154 5805/6014 5804/6013
f 5805/6014 5803/6012 5804/6013
f 5807/6016 5808/6017 5810/6019
f 5859/6068 5989/6200 5990/6201
f 1906/1906 1754/1754 1905/1905
f 1993/1993 1985/1985 1990/1990
f 1986/1986 1984/1984 1488/1488
f 1398/1398 1399/1399 1402/1402
f 1360/1360 1349/1349 1348/1348
f 1349/1349 1346/1346 1348/1348
f 1349/1349 1350/1350 1346/1346
f 1351/1351 1352/1352 1350/1350
f 1351/1351 1353/1353 1352/1352
f 1222/1222 1223/1223 1353/1353
f 1221/1221 1224/1224 1223/1223
f 1221/1221 1225/1225 1224/1224
f 1225/1225 1228/1228 1224/1224
f 140/140 145/145 144/144
f 563/563 561/561 350/350
f 350/350 561/561 352/352
f 377/377 376/376 378/378
f 384/384 550/550 387/387
f 550/550 548/548 387/387
f 1094/1094 653/653 654/654
f 653/653 658/658 655/655
f 658/658 659/659 655/655
f 663/663 665/665 664/664
f 665/665 798/798 723/723
f 813/813 1057/1057 1065/1065
f 5942/6151 5805/6014 5945/6154
f 5807/6016 5809/6018 5808/6017
f 5809/6018 5812/6021 5808/6017
f 5812/6021 5813/6022 5808/6017
f 5812/6021 5814/6023 5813/6022
f 5814/6023 5849/6058 5813/6022
f 4093/4093 4138/4138 4139/4139
f 1907/1907 1754/1754 1906/1906
f 1749/1749 1750/1750 1754/1754
f 1750/1750 1751/1751 1752/1752
f 1641/1641 1617/1617 1616/1616
f 1619/1619 1994/1994 1996/1996
f 1985/1985 1984/1984 1986/1986
f 1984/1984 1397/1397 1488/1488
f 1397/1397 1398/1398 1488/1488
f 1402/1402 1403/1403 1404/1404
f 1403/1403 1363/1363 1405/1405
f 1405/1405 1363/1363 1348/1348
f 1363/1363 1360/1360 1348/1348
f 1222/1222 1221/1221 1223/1223
f 1225/1225 1227/1227 1228/1228
f 2036/2036 2035/2035 2034/2034
f 2035/2035 2033/2033 2034/2034
f 81/81 82/82 76/76
f 82/82 83/83 70/70
f 83/83 71/71 70/70
f 143/143 141/141 144/144
f 140/140 138/138 145/145
f 346/346 563/563 348/348
f 561/561 559/559 352/352
f 559/559 354/354 352/352
f 383/383 385/385 384/384
f 617/617 618/618 547/547
f 621/621 650/650 638/638
f 667/667 661/661 662/662
f 661/661 663/663 662/662
f 1057/6242 5945/6154 1065/6243
f 5805/6014 5806/6015 5803/6012
f 5806/6015 5807/6016 5803/6012
f 5814/6023 5841/6050 5849/6058
f 5841/6050 5842/6051 5849/6058
f 1907/1907 1749/1749 1754/1754
f 1351/1351 1222/1222 1353/1353
f 1141/1141 1142/1142 2036/2036
f 1142/1142 2035/2035 2036/2036
f 354/354 377/377 378/378
f 550/550 551/551 548/548
f 551/551 617/617 548/548
f 621/621 640/640 650/650
f 795/795 799/799 798/798
f 799/799 796/796 800/800
f 796/796 803/803 800/800
f 4093/4093 4140/4140 4138/4138
f 900/900 890/890 898/898
f 888/888 972/972 893/893
f 972/972 1907/1907 1906/1906
f 1734/1734 1640/1640 1642/1642
f 1640/1640 1641/1641 1642/1642
f 1618/1618 1615/1615 1617/1617
f 1402/1402 1364/1364 1403/1403
f 1364/1364 1363/1363 1403/1403
f 1140/1140 1142/1142 1141/1141
f 2033/2033 78/78 57/57
f 78/78 77/77 57/57
f 77/77 81/81 76/76
f 81/81 83/83 82/82
f 83/83 143/143 71/71
f 559/559 558/558 354/354
f 650/650 652/652 1094/1094
f 652/652 653/653 1094/1094
f 658/658 660/660 659/659
f 660/660 667/667 659/659
f 795/795 796/796 799/799
f 1057/6242 5941/6150 5945/6154
f 5941/6150 5942/6151 5945/6154
f 5988/6199 5989/6200 5859/6068
f 889/889 888/888 893/893
f 971/971 1749/1749 1907/1907
f 1733/1733 1734/1734 1731/1731
f 1731/1731 1734/1734 1642/1642
f 1994/1994 1995/1995 1993/1993
f 1995/1995 1985/1985 1993/1993
f 1397/1397 1396/1396 1398/1398
f 1396/1396 1399/1399 1398/1398
f 1399/1399 1401/1401 1402/1402
f 1401/1401 1364/1364 1402/1402
f 1215/1215 1350/1350 1349/1349
f 1225/1225 1178/1178 1227/1227
f 562/562 561/561 563/563
f 558/558 377/377 354/354
f 380/380 550/550 384/384
f 794/794 798/798 665/665
f 1751/1751 1735/1735 1733/1733
f 1618/1618 1619/1619 1615/1615
f 1364/1364 1362/1362 1363/1363
f 1363/1363 1361/1361 1360/1360
f 1215/1215 1351/1351 1350/1350
f 1351/1351 1220/1220 1222/1222
f 1221/1221 1226/1226 1225/1225
f 1178/1178 1143/1143 1227/1227
f 1143/1143 1140/1140 1227/1227
f 2035/2035 2032/2032 2033/2033
f 2032/2032 78/78 2033/2033
f 78/78 81/81 77/77
f 81/81 80/80 83/83
f 83/83 142/142 143/143
f 138/138 562/562 346/346
f 561/561 560/560 559/559
f 380/380 551/551 550/550
f 652/652 651/651 653/653
f 731/731 658/658 653/653
f 803/803 1056/1056 813/813
f 1056/1056 1057/1057 813/813
f 5988/6199 5987/6198 5989/6200
f 5987/6198 4305/6250 5989/6200
f 899/899 900/900 898/898
f 1735/1735 1734/1734 1733/1733
f 1220/1220 1221/1221 1222/1222
f 1226/1226 1178/1178 1225/1225
f 562/562 563/563 346/346
f 377/377 383/383 376/376
f 385/385 380/380 384/384
f 651/651 652/652 650/650
f 651/651 731/731 653/653
f 660/660 661/661 667/667
f 794/794 795/795 798/798
f 796/796 797/797 803/803
f 797/797 1056/1056 803/803
f 5842/6051 5839/6048 5843/6052
f 5839/6048 5844/6053 5843/6052
f 890/890 887/887 889/889
f 887/887 888/888 889/889
f 1749/1749 1748/1748 1750/1750
f 1750/1750 1735/1735 1751/1751
f 1735/1735 1736/1736 1734/1734
f 1639/1639 1641/1641 1640/1640
f 1639/1639 1617/1617 1641/1641
f 1362/1362 1361/1361 1363/1363
f 1361/1361 1359/1359 1360/1360
f 1359/1359 1349/1349 1360/1360
f 1359/1359 1215/1215 1349/1349
f 1143/1143 1142/1142 1140/1140
f 1142/1142 2037/2037 2035/2035
f 141/141 140/140 144/144
f 559/559 560/560 558/558
f 385/385 379/379 380/380
f 616/616 618/618 617/617
f 616/616 643/643 618/618
f 643/643 619/619 618/618
f 724/724 665/665 663/663
f 1056/1056 1058/1058 1057/1057
f 1058/6238 5941/6150 1057/6242
f 5941/6150 5943/6152 5942/6151
f 5943/6152 5805/6014 5942/6151
f 5943/6152 5940/6149 5805/6014
f 5805/6014 5940/6149 5806/6015
f 5995/6206 5807/6016 5806/6015
f 5807/6016 5816/6025 5809/6018
f 5995/6206 5816/6025 5807/6016
f 5816/6025 5812/6021 5809/6018
f 5816/6025 5815/6024 5812/6021
f 5815/6024 5814/6023 5812/6021
f 5841/6050 5838/6047 5842/6051
f 5838/6047 5839/6048 5842/6051
f 5839/6048 5840/6049 5844/6053
f 5844/6053 5988/6199 5859/6068
f 5840/6049 5988/6199 5844/6053
f 5987/6198 4307/6249 4305/6250
f 900/900 886/886 890/890
f 972/972 971/971 1907/1907
f 1639/1639 1618/1618 1617/1617
f 1618/1618 1620/1620 1619/1619
f 1619/1619 1620/1620 1994/1994
f 1995/1995 1983/1983 1985/1985
f 1218/1218 1220/1220 1351/1351
f 1176/1176 1178/1178 1226/1226
f 1176/1176 1177/1177 1178/1178
f 1145/1145 2037/2037 1142/1142
f 2037/2037 2032/2032 2035/2035
f 2031/2031 78/78 2032/2032
f 80/80 142/142 83/83
f 142/142 141/141 143/143
f 141/141 137/137 140/140
f 137/137 138/138 140/140
f 562/562 603/603 561/561
f 377/377 385/385 383/383
f 380/380 382/382 551/551
f 382/382 617/617 551/551
f 5940/6149 5995/6206 5806/6015
f 5815/6024 5841/6050 5814/6023
f 922/922 899/899 923/923
f 888/888 970/970 972/972
f 1748/1748 1735/1735 1750/1750
f 1736/1736 1640/1640 1734/1734
f 1983/1983 1984/1984 1985/1985
f 1218/1218 1219/1219 1220/1220
f 1220/1220 1179/1179 1221/1221
f 1221/1221 1176/1176 1226/1226
f 1179/1179 1176/1176 1221/1221
f 2037/2037 2031/2031 2032/2032
f 614/614 616/616 617/617
f 622/622 640/640 621/621
f 650/650 649/649 651/651
f 5837/6046 5841/6050 5815/6024
f 5837/6046 5838/6047 5841/6050
f 5838/6047 5832/6041 5839/6048
f 5832/6041 5833/6042 5839/6048
f 5833/6042 5840/6049 5839/6048
f 4096/4096 4140/4140 4093/4093
f 970/970 971/971 972/972
f 1639/1639 1621/1621 1618/1618
f 1621/1621 1620/1620 1618/1618
f 1620/1620 1980/1980 1994/1994
f 1980/1980 1995/1995 1994/1994
f 1980/1980 1981/1981 1995/1995
f 1995/1995 1981/1981 1983/1983
f 1215/1215 1216/1216 1351/1351
f 1216/1216 1218/1218 1351/1351
f 1219/1219 1179/1179 1220/1220
f 1147/1147 1178/1178 1177/1177
f 1147/1147 1144/1144 1178/1178
f 1144/1144 1143/1143 1178/1178
f 80/80 81/81 78/78
f 80/80 131/131 142/142
f 141/141 133/133 137/137
f 603/603 560/560 561/561
f 558/558 557/557 377/377
f 377/377 379/379 385/385
f 1096/1096 379/379 377/377
f 382/382 614/614 617/617
f 619/619 622/622 621/621
f 640/640 648/648 650/650
f 648/648 649/649 650/650
f 731/731 660/660 658/658
f 661/661 724/724 663/663
f 792/792 797/797 796/796
f 5940/6149 5939/6148 5995/6206
f 5817/6026 5816/6025 5995/6206
f 5816/6025 5837/6046 5815/6024
f 5837/6046 5835/6044 5838/6047
f 885/885 970/970 888/888
f 969/969 1749/1749 971/971
f 969/969 1748/1748 1749/1749
f 1737/1737 1735/1735 1748/1748
f 1621/1621 1622/1622 1620/1620
f 1622/1622 1978/1978 1620/1620
f 1983/1983 1982/1982 1984/1984
f 1984/1984 1395/1395 1397/1397
f 1395/1395 1396/1396 1397/1397
f 1396/1396 1400/1400 1399/1399
f 1400/1400 1401/1401 1399/1399
f 1144/1144 1142/1142 1143/1143
f 2037/2037 2030/2030 2031/2031
f 2031/2031 79/79 78/78
f 79/79 80/80 78/78
f 134/134 137/137 133/133
f 135/135 138/138 137/137
f 138/138 139/139 562/562
f 560/560 608/608 558/558
f 379/379 381/381 380/380
f 381/381 382/382 380/380
f 614/614 615/615 616/616
f 649/649 732/732 651/651
f 660/660 725/725 661/661
f 725/725 724/724 661/661
f 724/724 794/794 665/665
f 795/795 792/792 796/796
f 5939/6148 5817/6026 5995/6206
f 5817/6026 5818/6027 5816/6025
f 5818/6027 5837/6046 5816/6025
f 5835/6044 5832/6041 5838/6047
f 5830/6039 5833/6042 5832/6041
f 5830/6039 5834/6043 5833/6042
f 5834/6043 5840/6049 5833/6042
f 5834/6043 5986/6197 5840/6049
f 5840/6049 5986/6197 5988/6199
f 5986/6197 5987/6198 5988/6199
f 4096/4096 4141/4141 4140/4140
f 922/922 919/919 899/899
f 886/886 887/887 890/890
f 970/970 969/969 971/971
f 1736/1736 1638/1638 1640/1640
f 1638/1638 1639/1639 1640/1640
f 1639/1639 1636/1636 1621/1621
f 1978/1978 1980/1980 1620/1620
f 1400/1400 1365/1365 1401/1401
f 1365/1365 1364/1364 1401/1401
f 1176/1176 1147/1147 1177/1177
f 2029/2029 2030/2030 2037/2037
f 132/132 141/141 142/142
f 132/132 133/133 141/141
f 134/134 135/135 137/137
f 135/135 139/139 138/138
f 603/603 1095/1095 560/560
f 1095/1095 605/605 560/560
f 605/605 608/608 560/560
f 608/608 557/557 558/558
f 557/557 1096/1096 377/377
f 1096/1096 1097/1097 379/379
f 552/552 614/614 382/382
f 615/615 643/643 616/616
f 641/641 622/622 619/619
f 732/732 731/731 651/651
f 731/731 729/729 660/660
f 724/724 762/762 794/794
f 762/762 791/791 794/794
f 794/794 791/791 795/795
f 5943/6152 5938/6147 5940/6149
f 5938/6147 5939/6148 5940/6149
f 5818/6027 5835/6044 5837/6046
f 5987/6198 4264/6237 4307/6249
f 886/886 884/884 887/887
f 884/884 888/888 887/887
f 1144/1144 1145/1145 1142/1142
f 1145/1145 2029/2029 2037/2037
f 2030/2030 79/79 2031/2031
f 131/131 132/132 142/142
f 643/643 641/641 619/619
f 622/622 648/648 640/640
f 729/729 728/728 660/660
f 728/728 725/725 660/660
f 726/726 762/762 724/724
f 791/791 792/792 795/795
f 5941/6150 5944/6153 5943/6152
f 5937/6146 5817/6026 5939/6148
f 5817/6026 5819/6028 5818/6027
f 5834/6043 5984/6195 5986/6197
f 5986/6197 5985/6196 5987/6198
f 5985/6196 4264/6237 5987/6198
f 919/919 901/901 899/899
f 901/901 900/900 899/899
f 970/970 885/885 969/969
f 969/969 1747/1747 1748/1748
f 1747/1747 1737/1737 1748/1748
f 1737/1737 1736/1736 1735/1735
f 1737/1737 1635/1635 1736/1736
f 1635/1635 1638/1638 1736/1736
f 1638/1638 1636/1636 1639/1639
f 1980/1980 1979/1979 1981/1981
f 1981/1981 1982/1982 1983/1983
f 1979/1979 1982/1982 1981/1981
f 1367/1367 1400/1400 1396/1396
f 1365/1365 1362/1362 1364/1364
f 1214/1214 1216/1216 1215/1215
f 1216/1216 1182/1182 1218/1218
f 1182/1182 1219/1219 1218/1218
f 1175/1175 1147/1147 1176/1176
f 79/79 84/84 80/80
f 84/84 131/131 80/80
f 84/84 1124/1124 131/131
f 1097/1097 381/381 379/379
f 381/381 552/552 382/382
f 732/732 730/730 731/731
f 730/730 729/729 731/731
f 725/725 726/726 724/724
f 1058/6238 5944/6153 5941/6150
f 5944/6153 5938/6147 5943/6152
f 5938/6147 5937/6146 5939/6148
f 901/901 886/886 900/900
f 884/884 885/885 888/888
f 1636/1636 1623/1623 1621/1621
f 1637/1637 1623/1623 1636/1636
f 1623/1623 1622/1622 1621/1621
f 1395/1395 1368/1368 1396/1396
f 1368/1368 1367/1367 1396/1396
f 1182/1182 1179/1179 1219/1219
f 1182/1182 1180/1180 1179/1179
f 125/125 135/135 134/134
f 612/612 615/615 614/614
f 612/612 643/643 615/615
f 641/641 645/645 622/622
f 645/645 648/648 622/622
f 647/647 649/649 648/648
f 647/647 732/732 649/649
f 792/792 793/793 797/797
f 793/793 1056/1056 797/797
f 1056/1056 1059/1059 1058/1058
f 1059/6235 5944/6153 1058/6238
f 5944/6153 5937/6146 5938/6147
f 5937/6146 5819/6028 5817/6026
f 5836/6045 5832/6041 5835/6044
f 5836/6045 5830/6039 5832/6041
f 5830/6039 5831/6040 5834/6043
f 5831/6040 5984/6195 5834/6043
f 5984/6195 5985/6196 5986/6197
f 922/922 918/918 919/919
f 918/918 901/901 919/919
f 882/882 885/885 884/884
f 1635/1635 1636/1636 1638/1638
f 1978/1978 1979/1979 1980/1980
f 1982/1982 1395/1395 1984/1984
f 1367/1367 1365/1365 1400/1400
f 1362/1362 1212/1212 1361/1361
f 1212/1212 1359/1359 1361/1361
f 1179/1179 1175/1175 1176/1176
f 1174/1174 1147/1147 1175/1175
f 125/125 136/136 135/135
f 136/136 139/139 135/135
f 601/601 602/602 562/562
f 602/602 603/603 562/562
f 1096/1096 557/557 1097/1097
f 557/557 556/556 1097/1097
f 556/556 554/554 1097/1097
f 1097/1097 554/554 381/381
f 554/554 552/552 381/381
f 645/645 647/647 648/648
f 725/725 727/727 726/726
f 1059/6235 5964/6175 5944/6153
f 5944/6153 5936/6145 5937/6146
f 5934/6143 5819/6028 5937/6146
f 5819/6028 5820/6029 5818/6027
f 5820/6029 5835/6044 5818/6027
f 5820/6029 5828/6037 5835/6044
f 5835/6044 5828/6037 5836/6045
f 5984/6195 5982/6193 5985/6196
f 5982/6193 4264/6237 5985/6196
f 4098/4098 4141/4141 4096/4096
f 921/921 918/918 922/922
f 885/885 967/967 969/969
f 1623/1623 1624/1624 1622/1622
f 1622/1622 1624/1624 1978/1978
f 1979/1979 1394/1394 1982/1982
f 1365/1365 1211/1211 1362/1362
f 1211/1211 1212/1212 1362/1362
f 1212/1212 1213/1213 1359/1359
f 1359/1359 1213/1213 1215/1215
f 1213/1213 1214/1214 1215/1215
f 1214/1214 1217/1217 1216/1216
f 1217/1217 1182/1182 1216/1216
f 1183/1183 1181/1181 1182/1182
f 1181/1181 1180/1180 1182/1182
f 1180/1180 1175/1175 1179/1179
f 1147/1147 1146/1146 1144/1144
f 1144/1144 1146/1146 1145/1145
f 1146/1146 2029/2029 1145/1145
f 1124/1124 130/130 131/131
f 602/602 604/604 603/603
f 604/604 1095/1095 603/603
f 604/604 605/605 1095/1095
f 552/552 612/612 614/614
f 642/642 641/641 643/643
f 730/730 1076/1076 729/729
f 728/728 727/727 725/725
f 5826/6035 5984/6195 5831/6040
f 5982/6193 4219/6236 4264/6237
f 901/901 902/902 886/886
f 882/882 883/883 885/885
f 883/883 967/967 885/885
f 1634/1634 1636/1636 1635/1635
f 1978/1978 1628/1628 1979/1979
f 1393/1393 1394/1394 1979/1979
f 1394/1394 1395/1395 1982/1982
f 1368/1368 1366/1366 1367/1367
f 1367/1367 1366/1366 1365/1365
f 1366/1366 1211/1211 1365/1365
f 1217/1217 1183/1183 1182/1182
f 1174/1174 1148/1148 1147/1147
f 1148/1148 1146/1146 1147/1147
f 85/85 79/79 2030/2030
f 79/79 129/129 84/84
f 84/84 129/129 1124/1124
f 130/130 132/132 131/131
f 132/132 128/128 133/133
f 130/130 128/128 132/132
f 128/128 125/125 133/133
f 125/125 134/134 133/133
f 123/123 124/124 125/125
f 124/124 136/136 125/125
f 139/139 601/601 562/562
f 605/605 607/607 608/608
f 607/607 609/609 608/608
f 609/609 557/557 608/608
f 609/609 555/555 557/557
f 555/555 556/556 557/557
f 556/556 553/553 554/554
f 553/553 552/552 554/554
f 645/645 646/646 647/647
f 646/646 732/732 647/647
f 1076/1076 760/760 729/729
f 760/760 728/728 729/729
f 727/727 762/762 726/726
f 793/793 1055/1055 1056/1056
f 1055/1055 1059/1059 1056/1056
f 5964/6175 5936/6145 5944/6153
f 5936/6145 5934/6143 5937/6146
f 5934/6143 5820/6029 5819/6028
f 5828/6037 5830/6039 5836/6045
f 5828/6037 5824/6033 5830/6039
f 5830/6039 5824/6033 5831/6040
f 5824/6033 5826/6035 5831/6040
f 5826/6035 5983/6194 5984/6195
f 5983/6194 5982/6193 5984/6195
f 876/876 884/884 886/886
f 969/969 1740/1740 1747/1747
f 1739/1739 1737/1737 1747/1747
f 1737/1737 1738/1738 1635/1635
f 1624/1624 1628/1628 1978/1978
f 1979/1979 1628/1628 1393/1393
f 1189/1189 1214/1214 1213/1213
f 1181/1181 1175/1175 1180/1180
f 2029/2029 85/85 2030/2030
f 129/129 130/130 1124/1124
f 128/128 123/123 125/125
f 601/601 139/139 136/136
f 604/604 606/606 605/605
f 606/606 607/607 605/605
f 553/553 612/612 552/552
f 612/612 642/642 643/643
f 644/644 645/645 641/641
f 646/646 733/733 732/732
f 732/732 733/733 730/730
f 733/733 1076/1076 730/730
f 760/760 727/727 728/728
f 761/761 762/762 727/727
f 784/784 793/793 792/792
f 5964/6175 5934/6143 5936/6145
f 883/883 965/965 967/967
f 1740/1740 1739/1739 1747/1747
f 1739/1739 1738/1738 1737/1737
f 1634/1634 1626/1626 1636/1636
f 1626/1626 1637/1637 1636/1636
f 1626/1626 1623/1623 1637/1637
f 1626/1626 1625/1625 1623/1623
f 1623/1623 1625/1625 1624/1624
f 1625/1625 1628/1628 1624/1624
f 1625/1625 1391/1391 1628/1628
f 1391/1391 1393/1393 1628/1628
f 1183/1183 1184/1184 1181/1181
f 1181/1181 1173/1173 1175/1175
f 1173/1173 1174/1174 1175/1175
f 1173/1173 1148/1148 1174/1174
f 85/85 86/86 79/79
f 86/86 129/129 79/79
f 129/129 127/127 130/130
f 127/127 128/128 130/130
f 555/555 553/553 556/556
f 642/642 644/644 641/641
f 761/761 763/763 762/762
f 762/762 763/763 791/791
f 763/763 790/790 791/791
f 790/790 783/783 791/791
f 791/791 783/783 792/792
f 783/783 784/784 792/792
f 5821/6030 5820/6029 5934/6143
f 5820/6029 5827/6036 5828/6037
f 5827/6036 5829/6038 5828/6037
f 5829/6038 5824/6033 5828/6037
f 5829/6038 5823/6032 5824/6033
f 5983/6194 5980/6191 5982/6193
f 4098/4098 4099/4099 4141/4141
f 902/902 876/876 886/886
f 967/967 968/968 969/969
f 969/969 968/968 1740/1740
f 1738/1738 1633/1633 1635/1635
f 1633/1633 1634/1634 1635/1635
f 1368/1368 1395/1395 1394/1394
f 1207/1207 1366/1366 1368/1368
f 1207/1207 1208/1208 1366/1366
f 1366/1366 1208/1208 1211/1211
f 1210/1210 1212/1212 1211/1211
f 1210/1210 1213/1213 1212/1212
f 1189/1189 1185/1185 1214/1214
f 1214/1214 1185/1185 1217/1217
f 1185/1185 1183/1183 1217/1217
f 1184/1184 1173/1173 1181/1181
f 1149/1149 1146/1146 1148/1148
f 1149/1149 1150/1150 1146/1146
f 1146/1146 1150/1150 2029/2029
f 1150/1150 85/85 2029/2029
f 86/86 126/126 129/129
f 126/126 127/127 129/129
f 127/127 123/123 128/128
f 555/555 610/610 553/553
f 610/610 612/612 553/553
f 644/644 646/646 645/645
f 1060/6228 5964/6175 1059/6235
f 1060/6228 5965/6176 5964/6175
f 5964/6175 5933/6142 5934/6143
f 5933/6142 5935/6144 5934/6143
f 5935/6144 5821/6030 5934/6143
f 1740/1740 1738/1738 1739/1739
f 1633/1633 1629/1629 1634/1634
f 1629/1629 1626/1626 1634/1634
f 1629/1629 1627/1627 1626/1626
f 1627/1627 1625/1625 1626/1626
f 1627/1627 1391/1391 1625/1625
f 1393/1393 1392/1392 1394/1394
f 1392/1392 1368/1368 1394/1394
f 1210/1210 1192/1192 1213/1213
f 1192/1192 1189/1189 1213/1213
f 1185/1185 1184/1184 1183/1183
f 1171/1171 1149/1149 1148/1148
f 1151/1151 85/85 1150/1150
f 1151/1151 86/86 85/85
f 126/126 122/122 127/127
f 122/122 123/123 127/127
f 119/119 124/124 123/123
f 609/609 610/610 555/555
f 610/610 613/613 612/612
f 613/613 642/642 612/612
f 1093/1093 644/644 642/642
f 644/644 734/734 646/646
f 734/734 733/733 646/646
f 735/735 1076/1076 733/733
f 5965/6176 5933/6142 5964/6175
f 5980/6191 5981/6192 5982/6193
f 5981/6192 4219/6236 5982/6193
f 918/918 917/917 901/901
f 1741/1741 1633/1633 1738/1738
f 1391/1391 1392/1392 1393/1393
f 1209/1209 1211/1211 1208/1208
f 1186/1186 1173/1173 1184/1184
f 1173/1173 1171/1171 1148/1148
f 1170/1170 1171/1171 1173/1173
f 1149/1149 1151/1151 1150/1150
f 122/122 119/119 123/123
f 136/136 598/598 601/601
f 734/734 735/735 733/733
f 1055/1055 1060/1060 1059/1059
f 882/882 880/880 883/883
f 1740/1740 1741/1741 1738/1738
f 1741/1741 1746/1746 1633/1633
f 1746/1746 1632/1632 1633/1633
f 1632/1632 1629/1629 1633/1633
f 1632/1632 1630/1630 1629/1629
f 1630/1630 1627/1627 1629/1629
f 1391/1391 1371/1371 1392/1392
f 1209/1209 1210/1210 1211/1211
f 1185/1185 1186/1186 1184/1184
f 1151/1151 87/87 86/86
f 87/87 88/88 86/86
f 88/88 121/121 86/86
f 86/86 121/121 126/126
f 121/121 122/122 126/126
f 609/609 611/611 610/610
f 611/611 741/741 610/610
f 741/741 613/613 610/610
f 1093/1093 736/736 644/644
f 736/736 734/734 644/644
f 735/735 760/760 1076/1076
f 760/760 761/761 727/727
f 5864/6073 5829/6038 5827/6036
f 5826/6035 5861/6070 5983/6194
f 5861/6070 5980/6191 5983/6194
f 884/884 877/877 882/882
f 877/877 880/880 882/882
f 880/880 881/881 883/883
f 881/881 965/965 883/883
f 965/965 968/968 967/967
f 966/966 1741/1741 1740/1740
f 1627/1627 1390/1390 1391/1391
f 1390/1390 1389/1389 1391/1391
f 1389/1389 1371/1371 1391/1391
f 1392/1392 1369/1369 1368/1368
f 1193/1193 1210/1210 1209/1209
f 1187/1187 1186/1186 1185/1185
f 1152/1152 1151/1151 1149/1149
f 121/121 117/117 122/122
f 117/117 119/119 122/122
f 119/119 120/120 124/124
f 124/124 597/597 136/136
f 597/597 598/598 136/136
f 607/607 744/744 609/609
f 744/744 611/611 609/609
f 642/642 738/738 1093/1093
f 736/736 737/737 734/734
f 737/737 758/758 734/734
f 734/734 758/758 735/735
f 1060/6228 5931/6140 5965/6176
f 5931/6140 5933/6142 5965/6176
f 5821/6030 5822/6031 5820/6029
f 5822/6031 5827/6036 5820/6029
f 5829/6038 5862/6071 5823/6032
f 5823/6032 5825/6034 5824/6033
f 5825/6034 5826/6035 5824/6033
f 917/917 903/903 901/901
f 903/903 902/902 901/901
f 1740/1740 968/968 966/966
f 1383/1383 1632/1632 1746/1746
f 1632/1632 1384/1384 1630/1630
f 1207/1207 1205/1205 1208/1208
f 1208/1208 1205/1205 1209/1209
f 1151/1151 1153/1153 87/87
f 118/118 120/120 119/119
f 120/120 597/597 124/124
f 602/602 600/600 604/604
f 613/613 740/740 642/642
f 740/740 738/738 642/642
f 738/738 736/736 1093/1093
f 758/758 759/759 735/735
f 759/759 760/760 735/735
f 784/784 786/786 793/793
f 786/786 1055/1055 793/793
f 5931/6140 5928/6137 5933/6142
f 5928/6137 5929/6138 5933/6142
f 5933/6142 5929/6138 5935/6144
f 5935/6144 5996/6207 5821/6030
f 5996/6207 5822/6031 5821/6030
f 5822/6031 5864/6073 5827/6036
f 5864/6073 5862/6071 5829/6038
f 5862/6071 5825/6034 5823/6032
f 5825/6034 5860/6069 5826/6035
f 5860/6069 5861/6070 5826/6035
f 5981/6192 4218/6232 4219/6236
f 876/876 877/877 884/884
f 880/880 878/878 881/881
f 966/966 1742/1742 1741/1741
f 1741/1741 1743/1743 1746/1746
f 1742/1742 1743/1743 1741/1741
f 1743/1743 1383/1383 1746/1746
f 1630/1630 1390/1390 1627/1627
f 1369/1369 1392/1392 1371/1371
f 1205/1205 1193/1193 1209/1209
f 1193/1193 1192/1192 1210/1210
f 1192/1192 1190/1190 1189/1189
f 1189/1189 1188/1188 1185/1185
f 1190/1190 1188/1188 1189/1189
f 1188/1188 1187/1187 1185/1185
f 1186/1186 1170/1170 1173/1173
f 1171/1171 1172/1172 1149/1149
f 1172/1172 1152/1152 1149/1149
f 1152/1152 1153/1153 1151/1151
f 88/88 116/116 121/121
f 116/116 117/117 121/121
f 117/117 118/118 119/119
f 741/741 740/740 613/613
f 738/738 737/737 736/736
f 759/759 765/765 761/761
f 761/761 765/765 763/763
f 5867/6076 5822/6031 5996/6207
f 965/965 966/966 968/968
f 1369/1369 1207/1207 1368/1368
f 1170/1170 1158/1158 1171/1171
f 1158/1158 1172/1172 1171/1171
f 1155/1155 1152/1152 1172/1172
f 1155/1155 1154/1154 1152/1152
f 1154/1154 1153/1153 1152/1152
f 91/91 87/87 1153/1153
f 91/91 88/88 87/87
f 601/601 598/598 602/602
f 598/598 600/600 602/602
f 600/600 747/747 604/604
f 604/604 747/747 606/606
f 606/606 744/744 607/607
f 744/744 741/741 611/611
f 738/738 739/739 737/737
f 739/739 758/758 737/737
f 759/759 761/761 760/760
f 5860/6069 5899/6108 5861/6070
f 5899/6108 5980/6191 5861/6070
f 881/881 963/963 965/965
f 963/963 966/966 965/965
f 1369/1369 1370/1370 1207/1207
f 1370/1370 1206/1206 1207/1207
f 1206/1206 1205/1205 1207/1207
f 1206/1206 1204/1204 1205/1205
f 747/747 743/743 606/606
f 606/606 743/743 744/744
f 758/758 756/756 759/759
f 786/786 1054/1054 1055/1055
f 1054/1054 1060/1060 1055/1055
f 5928/6137 5927/6136 5929/6138
f 5863/6072 5862/6071 5864/6073
f 5862/6071 5898/6107 5825/6034
f 1630/1630 1631/1631 1390/1390
f 1631/1631 1388/1388 1390/1390
f 1388/1388 1389/1389 1390/1390
f 1204/1204 1194/1194 1205/1205
f 1193/1193 1191/1191 1192/1192
f 1191/1191 1190/1190 1192/1192
f 1166/1166 1188/1188 1190/1190
f 1167/1167 1187/1187 1188/1188
f 1168/1168 1186/1186 1187/1187
f 1168/1168 1170/1170 1186/1186
f 1168/1168 1158/1158 1170/1170
f 1158/1158 1155/1155 1172/1172
f 1155/1155 96/96 1154/1154
f 1154/1154 93/93 1153/1153
f 91/91 89/89 88/88
f 90/90 116/116 88/88
f 116/116 114/114 117/117
f 114/114 118/118 117/117
f 120/120 596/596 597/597
f 596/596 598/598 597/597
f 740/740 754/754 738/738
f 739/739 756/756 758/758
f 756/756 765/765 759/759
f 765/765 789/789 763/763
f 5980/6191 5901/6110 5981/6192
f 5901/6110 4218/6232 5981/6192
f 921/921 916/916 918/918
f 916/916 917/917 918/918
f 877/877 878/878 880/880
f 878/878 962/962 881/881
f 964/964 1742/1742 966/966
f 1205/1205 1194/1194 1193/1193
f 1194/1194 1191/1191 1193/1193
f 1191/1191 1166/1166 1190/1190
f 93/93 91/91 1153/1153
f 90/90 112/112 116/116
f 115/115 118/118 114/114
f 598/598 599/599 600/600
f 789/789 790/790 763/763
f 5932/6141 5928/6137 5931/6140
f 5822/6031 5863/6072 5864/6073
f 5897/6106 5898/6107 5862/6071
f 5825/6034 5899/6108 5860/6069
f 963/963 964/964 966/966
f 1744/1744 1383/1383 1743/1743
f 1384/1384 1385/1385 1630/1630
f 1371/1371 1370/1370 1369/1369
f 1166/1166 1167/1167 1188/1188
f 1167/1167 1168/1168 1187/1187
f 1158/1158 1157/1157 1155/1155
f 89/89 90/90 88/88
f 116/116 113/113 114/114
f 112/112 113/113 116/116
f 596/596 599/599 598/598
f 747/747 745/745 743/743
f 743/743 742/742 744/744
f 742/742 741/741 744/744
f 741/741 742/742 740/740
f 5932/6141 5927/6136 5928/6137
f 5897/6106 5862/6071 5863/6072
f 5898/6107 5899/6108 5825/6034
f 902/902 872/872 876/876
f 962/962 963/963 881/881
f 1383/1383 1384/1384 1632/1632
f 1385/1385 1631/1631 1630/1630
f 96/96 93/93 1154/1154
f 113/113 115/115 114/114
f 600/600 745/745 747/747
f 742/742 752/752 740/740
f 752/752 754/754 740/740
f 754/754 755/755 738/738
f 738/738 755/755 739/739
f 755/755 756/756 739/739
f 1054/1054 1061/1061 1060/1060
f 1061/6227 5931/6140 1060/6228
f 5929/6138 5996/6207 5935/6144
f 5867/6076 5865/6074 5822/6031
f 5822/6031 5865/6074 5863/6072
f 5865/6074 5897/6106 5863/6072
f 5899/6108 5901/6110 5980/6191
f 873/873 878/878 877/877
f 964/964 1743/1743 1742/1742
f 1631/1631 1387/1387 1388/1388
f 1387/1387 1374/1374 1388/1388
f 1388/1388 1374/1374 1389/1389
f 1374/1374 1373/1373 1389/1389
f 1373/1373 1371/1371 1389/1389
f 1373/1373 1372/1372 1371/1371
f 1371/1371 1372/1372 1370/1370
f 1206/1206 1203/1203 1204/1204
f 1204/1204 1202/1202 1194/1194
f 1203/1203 1202/1202 1204/1204
f 1157/1157 1156/1156 1155/1155
f 1156/1156 96/96 1155/1155
f 115/115 564/564 118/118
f 564/564 120/120 118/118
f 752/752 753/753 754/754
f 755/755 757/757 756/756
f 1061/6227 5930/6139 5931/6140
f 5930/6139 5932/6141 5931/6140
f 5868/6077 5996/6207 5929/6138
f 5996/6207 5868/6077 5867/6076
f 920/920 916/916 921/921
f 1202/1202 1195/1195 1194/1194
f 1195/1195 1191/1191 1194/1194
f 594/594 596/596 120/120
f 757/757 764/764 756/756
f 764/764 765/765 756/756
f 766/766 789/789 765/765
f 766/766 787/787 789/789
f 789/789 787/787 790/790
f 787/787 783/783 790/790
f 5930/6139 5927/6136 5932/6141
f 5930/6139 5926/6135 5927/6136
f 5927/6136 5868/6077 5929/6138
f 5868/6077 5866/6075 5867/6076
f 5866/6075 5865/6074 5867/6076
f 962/962 960/960 963/963
f 1383/1383 1382/1382 1384/1384
f 1382/1382 1385/1385 1384/1384
f 1386/1386 1387/1387 1631/1631
f 1195/1195 1165/1165 1191/1191
f 1165/1165 1166/1166 1191/1191
f 1164/1164 1167/1167 1166/1166
f 1169/1169 1158/1158 1168/1168
f 89/89 109/109 90/90
f 92/92 109/109 89/89
f 595/595 599/599 596/596
f 599/599 592/592 600/600
f 745/745 746/746 743/743
f 743/743 752/752 742/742
f 783/783 785/785 784/784
f 785/785 786/786 784/784
f 5926/6135 5868/6077 5927/6136
f 5866/6075 5894/6103 5865/6074
f 5865/6074 5894/6103 5897/6106
f 5898/6107 5900/6109 5899/6108
f 5901/6110 4260/6231 4218/6232
f 876/876 873/873 877/877
f 964/964 961/961 1743/1743
f 1162/1162 1168/1168 1167/1167
f 98/98 1156/1156 1157/1157
f 91/91 92/92 89/89
f 90/90 110/110 112/112
f 110/110 113/113 112/112
f 785/785 814/814 786/786
f 786/786 1053/1053 1054/1054
f 814/814 1053/1053 786/786
f 1053/1053 1061/1061 1054/1054
f 5894/6103 5896/6105 5897/6106
f 5896/6105 5898/6107 5897/6106
f 5900/6109 5901/6110 5899/6108
f 904/904 872/872 902/902
f 872/872 873/873 876/876
f 873/873 879/879 878/878
f 879/879 962/962 878/878
f 960/960 964/964 963/963
f 961/961 1744/1744 1743/1743
f 1744/1744 1381/1381 1383/1383
f 1381/1381 1382/1382 1383/1383
f 1385/1385 1386/1386 1631/1631
f 1158/1158 98/98 1157/1157
f 109/109 110/110 90/90
f 746/746 752/752 743/743
f 755/755 764/764 757/757
f 1382/1382 1386/1386 1385/1385
f 1370/1370 2021/2021 1206/1206
f 1162/1162 1169/1169 1168/1168
f 564/564 594/594 120/120
f 754/754 753/753 755/755
f 788/788 783/783 787/787
f 1053/1053 1062/1062 1061/1061
f 1061/6227 5966/6177 5930/6139
f 1062/6226 5966/6177 1061/6227
f 5930/6139 5870/6079 5926/6135
f 5892/6101 5866/6075 5868/6077
f 5900/6109 5903/6112 5901/6110
f 903/903 904/904 902/902
f 960/960 961/961 964/964
f 1372/1372 2021/2021 1370/1370
f 2021/2021 2023/2023 1206/1206
f 2023/2023 1203/1203 1206/1206
f 1201/1201 1195/1195 1202/1202
f 1159/1159 98/98 1158/1158
f 93/93 94/94 91/91
f 595/595 596/596 594/594
f 764/764 766/766 765/765
f 788/788 785/785 783/783
f 5966/6177 5870/6079 5930/6139
f 5870/6079 5868/6077 5926/6135
f 5870/6079 5892/6101 5868/6077
f 5892/6101 5894/6103 5866/6075
f 5892/6101 5893/6102 5894/6103
f 5893/6102 5895/6104 5894/6103
f 5894/6103 5895/6104 5896/6105
f 5895/6104 5906/6115 5896/6105
f 5896/6105 5906/6115 5898/6107
f 5906/6115 5902/6111 5898/6107
f 5898/6107 5902/6111 5900/6109
f 5903/6112 5979/6190 5901/6110
f 5979/6190 4260/6231 5901/6110
f 917/917 905/905 903/903
f 905/905 904/904 903/903
f 879/879 960/960 962/962
f 961/961 1745/1745 1744/1744
f 1200/1200 1202/1202 1203/1203
f 1200/1200 1201/1201 1202/1202
f 1169/1169 1159/1159 1158/1158
f 98/98 96/96 1156/1156
f 96/96 94/94 93/93
f 94/94 108/108 91/91
f 91/91 108/108 92/92
f 110/110 565/565 113/113
f 113/113 565/565 115/115
f 565/565 564/564 115/115
f 595/595 592/592 599/599
f 592/592 590/590 600/600
f 600/600 750/750 745/745
f 590/590 750/750 600/600
f 745/745 750/750 746/746
f 746/746 751/751 752/752
f 752/752 751/751 753/753
f 751/751 767/767 753/753
f 753/753 767/767 755/755
f 767/767 764/764 755/755
f 767/767 766/766 764/764
f 766/766 770/770 787/787
f 770/770 788/788 787/787
f 788/788 814/814 785/785
f 5966/6177 5873/6082 5870/6079
f 5870/6079 5871/6080 5892/6101
f 5892/6101 5888/6097 5893/6102
f 916/916 905/905 917/917
f 871/871 872/872 904/904
f 1745/1745 1381/1381 1744/1744
f 2023/2023 1200/1200 1203/1203
f 1161/1161 1169/1169 1162/1162
f 95/95 96/96 98/98
f 95/95 94/94 96/96
f 108/108 109/109 92/92
f 109/109 111/111 110/110
f 565/565 566/566 564/564
f 566/566 594/594 564/564
f 750/750 751/751 746/746
f 769/769 766/766 767/767
f 769/769 770/770 766/766
f 5873/6082 5869/6078 5870/6079
f 5869/6078 5871/6080 5870/6079
f 5888/6097 5892/6101 5871/6080
f 5893/6102 5905/6114 5895/6104
f 5905/6114 5906/6115 5895/6104
f 5905/6114 5902/6111 5906/6115
f 5902/6111 5903/6112 5900/6109
f 5979/6190 4221/6229 4260/6231
f 958/958 961/961 960/960
f 1380/1380 1382/1382 1381/1381
f 1373/1373 849/849 1372/1372
f 849/849 2021/2021 1372/1372
f 1201/1201 1196/1196 1195/1195
f 1161/1161 1160/1160 1169/1169
f 1160/1160 1159/1159 1169/1169
f 95/95 103/103 94/94
f 111/111 565/565 110/110
f 593/593 592/592 595/595
f 748/748 750/750 590/590
f 585/585 767/767 751/751
f 585/585 768/768 767/767
f 771/771 775/775 770/770
f 770/770 781/781 788/788
f 781/781 814/814 788/788
f 5872/6081 5869/6078 5873/6082
f 5888/6097 5890/6099 5893/6102
f 5890/6099 5905/6114 5893/6102
f 1374/1374 853/853 1373/1373
f 2021/2021 2022/2022 2023/2023
f 103/103 106/106 94/94
f 566/566 593/593 594/594
f 594/594 593/593 595/595
f 749/749 751/751 750/750
f 749/749 585/585 751/751
f 1053/1053 1063/1063 1062/1062
f 5967/6178 5873/6082 5966/6177
f 5967/6178 5925/6134 5873/6082
f 5925/6134 5872/6081 5873/6082
f 5872/6081 5886/6095 5869/6078
f 5869/6078 5886/6095 5871/6080
f 5886/6095 5888/6097 5871/6080
f 5886/6095 5887/6096 5888/6097
f 5890/6099 5891/6100 5905/6114
f 5978/6189 5979/6190 5903/6112
f 920/920 912/912 916/916
f 912/912 905/905 916/916
f 906/906 904/904 905/905
f 873/873 875/875 879/879
f 874/874 875/875 873/873
f 875/875 960/960 879/879
f 958/958 959/959 961/961
f 959/959 1745/1745 961/961
f 1380/1380 1379/1379 1382/1382
f 1382/1382 1379/1379 1386/1386
f 1386/1386 1376/1376 1387/1387
f 1376/1376 1374/1374 1387/1387
f 1198/1198 1196/1196 1201/1201
f 1196/1196 1165/1165 1195/1195
f 1165/1165 1164/1164 1166/1166
f 1164/1164 1162/1162 1167/1167
f 106/106 108/108 94/94
f 107/107 109/109 108/108
f 1123/1123 566/566 565/565
f 768/768 769/769 767/767
f 769/769 771/771 770/770
f 775/775 781/781 770/770
f 782/782 814/814 781/781
f 1062/6226 5967/6178 5966/6177
f 5887/6096 5889/6098 5888/6097
f 5888/6097 5889/6098 5890/6099
f 5889/6098 5891/6100 5890/6099
f 5905/6114 5912/6121 5902/6111
f 912/912 906/906 905/905
f 906/906 907/907 904/904
f 907/907 871/871 904/904
f 872/872 870/870 873/873
f 870/870 874/874 873/873
f 860/860 1380/1380 1381/1381
f 1379/1379 1376/1376 1386/1386
f 1375/1375 853/853 1374/1374
f 851/851 849/849 1373/1373
f 1122/1122 565/565 111/111
f 1123/1123 567/567 566/566
f 568/568 593/593 566/566
f 748/748 749/749 750/750
f 814/814 1052/1052 1053/1053
f 1052/1052 1063/1063 1053/1053
f 1063/1063 2045/2045 1062/1062
f 2045/6224 5967/6178 1062/6226
f 5872/6081 5884/6093 5886/6095
f 5884/6093 5885/6094 5886/6095
f 5885/6094 5887/6096 5886/6095
f 5891/6100 5912/6121 5905/6114
f 5902/6111 5904/6113 5903/6112
f 5904/6113 5978/6189 5903/6112
f 5978/6189 4221/6229 5979/6190
f 1745/1745 863/863 1381/1381
f 97/97 98/98 1159/1159
f 97/97 95/95 98/98
f 109/109 832/832 111/111
f 1122/1122 1123/1123 565/565
f 567/567 568/568 566/566
f 782/782 1052/1052 814/814
f 5967/6178 5874/6083 5925/6134
f 5925/6134 5881/6090 5872/6081
f 5881/6090 5884/6093 5872/6081
f 5885/6094 5889/6098 5887/6096
f 5889/6098 5907/6116 5891/6100
f 5907/6116 5912/6121 5891/6100
f 5912/6121 5904/6113 5902/6111
f 863/863 860/860 1381/1381
f 1376/1376 1375/1375 1374/1374
f 2022/2022 1200/1200 2023/2023
f 99/99 97/97 1159/1159
f 107/107 108/108 106/106
f 107/107 832/832 109/109
f 749/749 589/589 585/585
f 585/585 583/583 768/768
f 769/769 772/772 771/771
f 2045/6224 5922/6131 5967/6178
f 5884/6093 5882/6091 5885/6094
f 5881/6090 5882/6091 5884/6093
f 5882/6091 5883/6092 5885/6094
f 5883/6092 5889/6098 5885/6094
f 5883/6092 5907/6116 5889/6098
f 913/913 906/906 912/912
f 875/875 958/958 960/960
f 853/853 851/851 1373/1373
f 1200/1200 1198/1198 1201/1201
f 1197/1197 1165/1165 1196/1196
f 1160/1160 99/99 1159/1159
f 103/103 104/104 106/106
f 832/832 1122/1122 111/111
f 573/573 592/592 593/593
f 573/573 575/575 592/592
f 575/575 590/590 592/592
f 590/590 576/576 748/748
f 576/576 589/589 748/748
f 589/589 749/749 748/748
f 584/584 583/583 585/585
f 583/583 769/769 768/768
f 772/772 775/775 771/771
f 775/775 778/778 781/781
f 778/778 782/782 781/781
f 5922/6131 5874/6083 5967/6178
f 5925/6134 5875/6084 5881/6090
f 5878/6087 5912/6121 5907/6116
f 1380/1380 1378/1378 1379/1379
f 1198/1198 1197/1197 1196/1196
f 104/104 107/107 106/106
f 834/834 832/832 107/107
f 1122/1122 570/570 1123/1123
f 570/570 567/567 1123/1123
f 568/568 572/572 593/593
f 572/572 573/573 593/593
f 575/575 576/576 590/590
f 589/589 584/584 585/585
f 583/583 772/772 769/769
f 779/779 1052/1052 782/782
f 779/779 815/815 1052/1052
f 5874/6083 5875/6084 5925/6134
f 5875/6084 5880/6089 5881/6090
f 5880/6089 5882/6091 5881/6090
f 5882/6091 5877/6086 5883/6092
f 5877/6086 5878/6087 5883/6092
f 5883/6092 5878/6087 5907/6116
f 5912/6121 5913/6122 5904/6113
f 5913/6122 5978/6189 5904/6113
f 5913/6122 5977/6188 5978/6189
f 5977/6188 5976/6187 5978/6189
f 5978/6189 4222/6230 4221/6229
f 5976/6187 4222/6230 5978/6189
f 959/959 863/863 1745/1745
f 1378/1378 1377/1377 1379/1379
f 1379/1379 1377/1377 1376/1376
f 1377/1377 855/855 1376/1376
f 855/855 1375/1375 1376/1376
f 849/849 2022/2022 2021/2021
f 2022/2022 1199/1199 1200/1200
f 1199/1199 1198/1198 1200/1200
f 1197/1197 841/841 1165/1165
f 841/841 1164/1164 1165/1165
f 841/841 1163/1163 1164/1164
f 1164/1164 1163/1163 1162/1162
f 1163/1163 838/838 1162/1162
f 1162/1162 838/838 1161/1161
f 838/838 836/836 1161/1161
f 1161/1161 836/836 1160/1160
f 836/836 99/99 1160/1160
f 99/99 100/100 97/97
f 95/95 105/105 103/103
f 97/97 105/105 95/95
f 103/103 105/105 104/104
f 104/104 834/834 107/107
f 572/572 568/568 567/567
f 591/591 575/575 573/573
f 574/574 576/576 575/575
f 576/576 584/584 589/589
f 583/583 773/773 772/772
f 779/779 782/782 778/778
f 5874/6083 5876/6085 5875/6084
f 5876/6085 5880/6089 5875/6084
f 5880/6089 5877/6086 5882/6091
f 5878/6087 5911/6120 5912/6121
f 5911/6120 5913/6122 5912/6121
f 5911/6120 5909/6118 5913/6122
f 913/913 908/908 906/906
f 908/908 907/907 906/906
f 958/958 957/957 959/959
f 105/105 834/834 104/104
f 832/832 830/830 1122/1122
f 830/830 828/828 1122/1122
f 1122/1122 828/828 570/570
f 828/828 569/569 570/570
f 569/569 567/567 570/570
f 569/569 572/572 567/567
f 571/571 573/573 572/572
f 571/571 591/591 573/573
f 591/591 574/574 575/575
f 577/577 576/576 574/574
f 578/578 584/584 576/576
f 578/578 581/581 584/584
f 584/584 581/581 583/583
f 581/581 582/582 583/583
f 582/582 773/773 583/583
f 773/773 774/774 772/772
f 774/774 775/775 772/772
f 774/774 776/776 775/775
f 775/775 777/777 778/778
f 776/776 777/777 775/775
f 777/777 779/779 778/778
f 5919/6128 5876/6085 5874/6083
f 5876/6085 5920/6129 5880/6089
f 5920/6129 5879/6088 5880/6089
f 5880/6089 5879/6088 5877/6086
f 871/871 870/870 872/872
f 875/875 957/957 958/958
f 100/100 105/105 97/97
f 577/577 578/578 576/576
f 2045/6224 5921/6130 5922/6131
f 5922/6131 5919/6128 5874/6083
f 5919/6128 5920/6129 5876/6085
f 5877/6086 5879/6088 5878/6087
f 5879/6088 5908/6117 5878/6087
f 5908/6117 5909/6118 5878/6087
f 5909/6118 5911/6120 5878/6087
f 5909/6118 5975/6186 5913/6122
f 5975/6186 5977/6188 5913/6122
f 914/914 908/908 913/913
f 864/864 875/875 874/874
f 862/862 863/863 959/959
f 860/860 858/858 1380/1380
f 858/858 1378/1378 1380/1380
f 857/857 1377/1377 1378/1378
f 855/855 852/852 1375/1375
f 850/850 851/851 853/853
f 847/847 1198/1198 1199/1199
f 842/842 1197/1197 1198/1198
f 815/815 1051/1051 1052/1052
f 1051/1051 1063/1063 1052/1052
f 1063/1063 2044/2044 2045/2045
f 2044/6225 5921/6130 2045/6224
f 5921/6130 5923/6132 5922/6131
f 5923/6132 5919/6128 5922/6131
f 5919/6128 5917/6126 5920/6129
f 5917/6126 5918/6127 5920/6129
f 5918/6127 5879/6088 5920/6129
f 5918/6127 5916/6125 5879/6088
f 5916/6125 5908/6117 5879/6088
f 870/870 864/864 874/874
f 864/864 865/865 875/875
f 865/865 957/957 875/875
f 957/957 862/862 959/959
f 859/859 858/858 860/860
f 852/852 853/853 1375/1375
f 852/852 850/850 853/853
f 851/851 848/848 849/849
f 850/850 848/848 851/851
f 849/849 846/846 2022/2022
f 848/848 846/846 849/849
f 846/846 1199/1199 2022/2022
f 846/846 847/847 1199/1199
f 847/847 842/842 1198/1198
f 842/842 840/840 1197/1197
f 840/840 841/841 1197/1197
f 841/841 839/839 1163/1163
f 840/840 839/839 841/841
f 839/839 838/838 1163/1163
f 839/839 837/837 838/838
f 837/837 836/836 838/838
f 836/836 102/102 99/99
f 102/102 101/101 99/99
f 99/99 101/101 100/100
f 101/101 105/105 100/100
f 101/101 834/834 105/105
f 101/101 833/833 834/834
f 833/833 831/831 834/834
f 834/834 831/831 832/832
f 831/831 829/829 832/832
f 832/832 829/829 830/830
f 829/829 827/827 830/830
f 827/827 828/828 830/830
f 572/572 823/823 571/571
f 569/569 823/823 572/572
f 571/571 823/823 591/591
f 591/591 823/823 574/574
f 823/823 588/588 574/574
f 588/588 577/577 574/574
f 588/588 586/586 577/577
f 586/586 579/579 577/577
f 579/579 578/578 577/577
f 579/579 580/580 578/578
f 580/580 581/581 578/578
f 580/580 582/582 581/581
f 582/582 774/774 773/773
f 777/777 780/780 779/779
f 780/780 815/815 779/779
f 780/780 1049/1049 815/815
f 1049/1049 1051/1051 815/815
f 1051/1051 1064/1064 1063/1063
f 1064/1064 2044/2044 1063/1063
f 5915/6124 5908/6117 5916/6125
f 5915/6124 5910/6119 5908/6117
f 5910/6119 5909/6118 5908/6117
f 5910/6119 5914/6123 5909/6118
f 5914/6123 5975/6186 5909/6118
f 5975/6186 5976/6187 5977/6188
f 908/908 909/909 907/907
f 909/909 910/910 907/907
f 907/907 869/869 871/871
f 910/910 869/869 907/907
f 869/869 870/870 871/871
f 869/869 868/868 870/870
f 868/868 864/864 870/870
f 865/865 956/956 957/957
f 956/956 862/862 957/957
f 862/862 861/861 863/863
f 861/861 860/860 863/863
f 861/861 859/859 860/860
f 858/858 857/857 1378/1378
f 857/857 854/854 1377/1377
f 1377/1377 854/854 855/855
f 854/854 852/852 855/855
f 837/837 1031/1031 836/836
f 1031/1031 102/102 836/836
f 102/102 835/835 101/101
f 835/835 833/833 101/101
f 825/825 828/828 827/827
f 825/825 569/569 828/828
f 569/569 824/824 823/823
f 586/586 587/587 579/579
f 587/587 580/580 579/579
f 819/819 582/582 580/580
f 774/774 816/816 776/776
f 816/816 777/777 776/776
f 816/816 780/780 777/777
f 5923/6132 5968/6179 5919/6128
f 5919/6128 5968/6179 5917/6126
f 5917/6126 5916/6125 5918/6127
f 5916/6125 5972/6183 5915/6124
f 5976/6187 4223/6234 4222/6230
f 868/868 867/867 864/864
f 867/867 866/866 864/864
f 864/864 866/866 865/865
f 866/866 956/956 865/865
f 856/856 857/857 858/858
f 1026/1026 850/850 852/852
f 1027/1027 848/848 850/850
f 846/846 845/845 847/847
f 845/845 842/842 847/847
f 842/842 843/843 840/840
f 840/840 1030/1030 839/839
f 833/833 1035/1035 831/831
f 1035/1035 1037/1037 831/831
f 831/831 1037/1037 829/829
f 829/829 1038/1038 827/827
f 1037/1037 1038/1038 829/829
f 1038/1038 1039/1039 827/827
f 1039/1039 825/825 827/827
f 825/825 826/826 569/569
f 826/826 1040/1040 569/569
f 1040/1040 824/824 569/569
f 824/824 1041/1041 823/823
f 823/823 1042/1042 588/588
f 1042/1042 822/822 588/588
f 822/822 586/586 588/588
f 822/822 821/821 586/586
f 821/821 587/587 586/586
f 587/587 1045/1045 580/580
f 1045/1045 819/819 580/580
f 819/819 820/820 582/582
f 582/582 820/820 774/774
f 820/820 816/816 774/774
f 816/816 1048/1048 780/780
f 5968/6179 5969/6180 5917/6126
f 5969/6180 5916/6125 5917/6126
f 5969/6180 5972/6183 5916/6125
f 5914/6123 5974/6185 5975/6186
f 5974/6185 5976/6187 5975/6186
f 5974/6185 6008/6221 5976/6187
f 6008/6221 4223/6234 5976/6187
f 914/914 909/909 908/908
f 869/869 867/867 868/868
f 866/866 1020/1020 956/956
f 956/956 1020/1020 862/862
f 1020/1020 1021/1021 862/862
f 1021/1021 861/861 862/862
f 1021/1021 1022/1022 861/861
f 1022/1022 859/859 861/861
f 1022/1022 1023/1023 859/859
f 1023/1023 858/858 859/859
f 858/858 1023/1023 856/856
f 856/856 854/854 857/857
f 854/854 1025/1025 852/852
f 1025/1025 1026/1026 852/852
f 1026/1026 1027/1027 850/850
f 1027/1027 1028/1028 848/848
f 1028/1028 846/846 848/848
f 1028/1028 845/845 846/846
f 845/845 844/844 842/842
f 844/844 843/843 842/842
f 843/843 1030/1030 840/840
f 1030/1030 837/837 839/839
f 1031/1031 1032/1032 102/102
f 1032/1032 835/835 102/102
f 1032/1032 1033/1033 835/835
f 1033/1033 1034/1034 835/835
f 1034/1034 833/833 835/835
f 1034/1034 1035/1035 833/833
f 1039/1039 826/826 825/825
f 1040/1040 1041/1041 824/824
f 1041/1041 1042/1042 823/823
f 822/822 1043/1043 821/821
f 821/821 1043/1043 587/587
f 1043/1043 1044/1044 587/587
f 1044/1044 1045/1045 587/587
f 1046/1046 819/819 1045/1045
f 1046/1046 817/817 819/819
f 819/819 817/817 820/820
f 817/817 816/816 820/820
f 817/817 818/818 816/816
f 818/818 1048/1048 816/816
f 1048/1048 1049/1049 780/780
f 5921/6130 5924/6133 5923/6132
f 5923/6132 5924/6133 5968/6179
f 5924/6133 5970/6181 5968/6179
f 5968/6179 5970/6181 5969/6180
f 5972/6183 5973/6184 5915/6124
f 5973/6184 5910/6119 5915/6124
f 5910/6119 5973/6184 5914/6123
f 5973/6184 5974/6185 5914/6123
f 1023/1023 1024/1024 856/856
f 1024/1024 854/854 856/856
f 1024/1024 1025/1025 854/854
f 1028/1028 1029/1029 845/845
f 1029/1029 844/844 845/845
f 844/844 1029/1029 843/843
f 1029/1029 1030/1030 843/843
f 1031/1031 837/837 1030/1030
f 1033/1033 1036/1036 1034/1034
f 1036/1036 1035/1035 1034/1034
f 1039/1039 1040/1040 826/826
f 1042/1042 1043/1043 822/822
f 1046/1046 1047/1047 817/817
f 817/817 1047/1047 818/818
f 1047/1047 1048/1048 818/818
f 1048/1048 1050/1050 1049/1049
f 1050/1050 1051/1051 1049/1049
f 1051/1051 2060/2060 1064/1064
f 1050/1050 2060/2060 1051/1051
f 2060/2060 2044/2044 1064/1064
f 5921/6130 5971/6182 5924/6133
f 5924/6133 5971/6182 5970/6181
f 5971/6182 5998/6209 5970/6181
f 5998/6209 6002/6213 5970/6181
f 5970/6181 6002/6213 5969/6180
f 6002/6213 5972/6183 5969/6180
f 6002/6213 6001/6212 5972/6183
f 5972/6183 6001/6212 5973/6184
f 6001/6212 6000/6211 5973/6184
f 6000/6211 5999/6210 5973/6184
f 5999/6210 5974/6185 5973/6184
f 5999/6210 6008/6221 5974/6185
f 6008/6221 4284/6246 4223/6234
f 915/915 909/909 914/914
f 915/915 2063/2063 909/909
f 2063/2063 910/910 909/909
f 2063/2063 911/911 910/910
f 911/911 869/869 910/910
f 911/911 867/867 869/869
f 867/867 911/911 866/866
f 911/911 2042/2042 866/866
f 2042/2042 2040/2040 866/866
f 866/866 2040/2040 1020/1020
f 2040/2040 2041/2041 1020/1020
f 1020/1020 2041/2041 1021/1021
f 2041/2041 1022/1022 1021/1021
f 2041/2041 2080/2080 1022/1022
f 1022/1022 2080/2080 1023/1023
f 2080/2080 1024/1024 1023/1023
f 2080/2080 2079/2079 1024/1024
f 2079/2079 2078/2078 1024/1024
f 2078/2078 1025/1025 1024/1024
f 1025/1025 2078/2078 1026/1026
f 2078/2078 2077/2077 1026/1026
f 2077/2077 1027/1027 1026/1026
f 1027/1027 2088/2088 1028/1028
f 2077/2077 2088/2088 1027/1027
f 1028/1028 2087/2087 1029/1029
f 2088/2088 2087/2087 1028/1028
f 1029/1029 2086/2086 1030/1030
f 2087/2087 2086/2086 1029/1029
f 1030/1030 2085/2085 1031/1031
f 2086/2086 2085/2085 1030/1030
f 2085/2085 1032/1032 1031/1031
f 2085/2085 2084/2084 1032/1032
f 1032/1032 2084/2084 1033/1033
f 1033/1033 2084/2084 1036/1036
f 2084/2084 2083/2083 1036/1036
f 2083/2083 1035/1035 1036/1036
f 2083/2083 2092/2092 1035/1035
f 2092/2092 1037/1037 1035/1035
f 2092/2092 2093/2093 1037/1037
f 2093/2093 1038/1038 1037/1037
f 2093/2093 1039/1039 1038/1038
f 2093/2093 2094/2094 1039/1039
f 1039/1039 2095/2095 1040/1040
f 2094/2094 2095/2095 1039/1039
f 2095/2095 2096/2096 1040/1040
f 1040/1040 2096/2096 1041/1041
f 2096/2096 2104/2104 1041/1041
f 1041/1041 2104/2104 1042/1042
f 2104/2104 1043/1043 1042/1042
f 2104/2104 2105/2105 1043/1043
f 2105/2105 1044/1044 1043/1043
f 2105/2105 2110/2110 1044/1044
f 1044/1044 2110/2110 1045/1045
f 2110/2110 2103/2103 1045/1045
f 2103/2103 1046/1046 1045/1045
f 2103/2103 2102/2102 1046/1046
f 2102/2102 1047/1047 1046/1046
f 2102/2102 2101/2101 1047/1047
f 1047/1047 2101/2101 1048/1048
f 2101/2101 2100/2100 1048/1048
f 1048/1048 2100/2100 1050/1050
f 2100/2100 2060/2060 1050/1050
f 2100/2100 2044/2044 2060/2060
f 2044/6225 4827/6223 5921/6130
f 5921/6130 4822/6222 5971/6182
f 4827/6223 4822/6222 5921/6130
f 4822/6222 5998/6209 5971/6182
f 4822/6222 4823/6233 5998/6209
f 5998/6209 4823/6233 6002/6213
f 6002/6213 4823/6233 6001/6212
f 4823/6233 4826/6239 6001/6212
f 4826/6239 6000/6211 6001/6212
f 4826/6239 4824/6240 6000/6211
f 6000/6211 4824/6240 5999/6210
f 4824/6240 4825/6241 5999/6210
f 4825/6241 6008/6221 5999/6210
f 4825/6241 4284/6246 6008/6221
f 4816/4825 2063/4868 915/4870
f 4816/4825 4694/4696 2063/4868
f 2063/4868 4694/4696 911/4859
f 911/4859 4693/4695 2042/4860
f 4694/4696 4693/4695 911/4859
f 4693/4695 4692/4694 2042/4860
f 4692/4694 2040/4861 2042/4860
f 2040/4861 4691/4693 2041/4862
f 4692/4694 4691/4693 2040/4861
f 4691/4693 4812/4816 2041/4862
f 2041/4862 4812/4816 2080/4863
f 4812/4816 4809/4813 2080/4863
f 2080/4863 4809/4813 2079/4864
f 2079/4864 4809/4813 2078/4865
f 4809/4813 4810/4814 2078/4865
f 4810/4814 2077/4866 2078/4865
f 2077/4866 4810/4814 2088/4867
f 4810/4814 4757/4761 2088/4867
f 2088/4867 4757/4761 2087/4879
f 4757/4761 4755/4759 2087/4879
f 4755/4759 4754/4758 2087/4879
f 4754/4758 2086/4880 2087/4879
f 4754/4758 4753/4757 2086/4880
f 2086/4880 4753/4757 2085/4887
f 4753/4757 2084/4886 2085/4887
f 4753/4757 4424/4424 2084/4886
f 4424/4424 4427/4427 2084/4886
f 4427/4427 2083/4848 2084/4886
f 4427/4427 4739/4743 2083/4848
f 4739/4743 2092/4884 2083/4848
f 4739/4743 2093/4885 2092/4884
f 4739/4743 4738/4742 2093/4885
f 2093/4885 4738/4742 2094/4869
f 4738/4742 4471/4471 2094/4869
f 4471/4471 2095/4878 2094/4869
f 4471/4471 4475/4475 2095/4878
f 4475/4475 2096/4874 2095/4878
f 4475/4475 4486/4486 2096/4874
f 2096/4874 4486/4486 2104/4875
f 4486/4486 4490/4490 2104/4875
f 4490/4490 4491/4491 2104/4875
f 2104/4875 4491/4491 2105/4876
f 4491/4491 4734/4738 2105/4876
f 4734/4738 2110/4877 2105/4876
f 4734/4738 2103/4873 2110/4877
f 4734/4738 4528/4528 2103/4873
f 4528/4528 4529/4529 2103/4873
f 2103/4873 4529/4529 2102/4871
f 4529/4529 4733/4737 2102/4871
f 4733/4737 4558/4558 2102/4871
f 4558/4558 2101/4872 2102/4871
f 4558/4558 4728/4732 2101/4872
f 4728/4732 2100/4888 2101/4872
f 4728/4732 4729/4733 2100/4888
f 2100/4888 4729/4733 2044/4889
f 4729/4733 4827/4858 2044/4889
f 4816/4825 4670/4672 4694/4696
f 4670/4672 4665/4667 4694/4696
f 4665/4667 4668/4670 4694/4696
f 4694/4696 4668/4670 4693/4695
f 4668/4670 4690/4692 4693/4695
f 4693/4695 4690/4692 4692/4694
f 4692/4694 4690/4692 4691/4693
f 4690/4692 4688/4690 4691/4693
f 4688/4690 4808/4812 4691/4693
f 4691/4693 4808/4812 4812/4816
f 4812/4816 4808/4812 4809/4813
f 4808/4812 4805/4809 4809/4813
f 4805/4809 4810/4814 4809/4813
f 4805/4809 4758/4762 4810/4814
f 4758/4762 4757/4761 4810/4814
f 4758/4762 4756/4760 4757/4761
f 4756/4760 4755/4759 4757/4761
f 4756/4760 4750/4754 4755/4759
f 4755/4759 4750/4754 4754/4758
f 4750/4754 4753/4757 4754/4758
f 4750/4754 4423/4423 4753/4757
f 4753/4757 4423/4423 4424/4424
f 4423/4423 4425/4425 4424/4424
f 4425/4425 4426/4426 4424/4424
f 4424/4424 4426/4426 4427/4427
f 4426/4426 4428/4428 4427/4427
f 4427/4427 4428/4428 4739/4743
f 4428/4428 4735/4739 4739/4743
f 4735/4739 4736/4740 4739/4743
f 4736/4740 4737/4741 4739/4743
f 4739/4743 4737/4741 4738/4742
f 4737/4741 4471/4471 4738/4742
f 4486/4486 4488/4488 4490/4490
f 4557/4557 4558/4558 4733/4737
f 4727/4731 4730/4734 4729/4733
f 4730/4734 4827/4858 4729/4733
f 4816/4825 4677/4679 4670/4672
f 4669/4671 4665/4667 4670/4672
f 4669/4671 4661/4663 4665/4667
f 4665/4667 4666/4668 4668/4670
f 4666/4668 4667/4669 4668/4670
f 4667/4669 4690/4692 4668/4670
f 4667/4669 4688/4690 4690/4692
f 4688/4690 4689/4691 4808/4812
f 4689/4691 4807/4811 4808/4812
f 4807/4811 4805/4809 4808/4812
f 4807/4811 4803/4807 4805/4809
f 4803/4807 4804/4808 4805/4809
f 4804/4808 4758/4762 4805/4809
f 4804/4808 4806/4810 4758/4762
f 4806/4810 4759/4763 4758/4762
f 4759/4763 4756/4760 4758/4762
f 4759/4763 4760/4764 4756/4760
f 4760/4764 4749/4753 4756/4760
f 4749/4753 4750/4754 4756/4760
f 4750/4754 4421/4421 4423/4423
f 4421/4421 4422/4422 4423/4423
f 4422/4422 4419/4419 4423/4423
f 4423/4423 4419/4419 4425/4425
f 4425/4425 4429/4429 4426/4426
f 4419/4419 4429/4429 4425/4425
f 4469/4469 4737/4741 4736/4740
f 4469/4469 4470/4470 4737/4741
f 4470/4470 4471/4471 4737/4741
f 4470/4470 4472/4472 4471/4471
f 4472/4472 4473/4473 4471/4471
f 4473/4473 4475/4475 4471/4471
f 4473/4473 4476/4476 4475/4475
f 4476/4476 4486/4486 4475/4475
f 4486/4486 4489/4489 4488/4488
f 4488/4488 4491/4491 4490/4490
f 4491/4491 4527/4527 4734/4738
f 4734/4738 4530/4530 4528/4528
f 4528/4528 4530/4530 4529/4529
f 4530/4530 4532/4532 4529/4529
f 4532/4532 4733/4737 4529/4529
f 4733/4737 4732/4736 4557/4557
f 4728/4732 4727/4731 4729/4733
f 4561/4561 4727/4731 4728/4732
f 4677/4679 4669/4671 4670/4672
f 4476/4476 4487/4487 4486/4486
f 4487/4487 4489/4489 4486/4486
f 4488/4488 4525/4525 4491/4491
f 4525/4525 4527/4527 4491/4491
f 4527/4527 4530/4530 4734/4738
f 4557/4557 4556/4556 4558/4558
f 4558/4558 4560/4560 4728/4732
f 4560/4560 4561/4561 4728/4732
f 4730/4734 4822/4851 4827/4858
f 4661/4663 4663/4665 4665/4667
f 4665/4667 4663/4665 4666/4668
f 4663/4665 4667/4669 4666/4668
f 4663/4665 4664/4666 4667/4669
f 4664/4666 4686/4688 4667/4669
f 4667/4669 4686/4688 4688/4690
f 4686/4688 4689/4691 4688/4690
f 4686/4688 4687/4689 4689/4691
f 4802/4806 4803/4807 4807/4811
f 4420/4420 4429/4429 4419/4419
f 4420/4420 4430/4430 4429/4429
f 4429/4429 4431/4431 4426/4426
f 4430/4430 4431/4431 4429/4429
f 4431/4431 4428/4428 4426/4426
f 4431/4431 4432/4432 4428/4428
f 4436/4436 4735/4739 4428/4428
f 4436/4436 4433/4433 4735/4739
f 4433/4433 4467/4467 4735/4739
f 4735/4739 4467/4467 4736/4740
f 4736/4740 4467/4467 4469/4469
f 4467/4467 4468/4468 4469/4469
f 4468/4468 4470/4470 4469/4469
f 4470/4470 4479/4479 4472/4472
f 4472/4472 4474/4474 4473/4473
f 4474/4474 4476/4476 4473/4473
f 4476/4476 4484/4484 4487/4487
f 4474/4474 4484/4484 4476/4476
f 4489/4489 4492/4492 4488/4488
f 4492/4492 4525/4525 4488/4488
f 4526/4526 4527/4527 4525/4525
f 4522/4522 4524/4524 4527/4527
f 4524/4524 4530/4530 4527/4527
f 4524/4524 4534/4534 4530/4530
f 4534/4534 4532/4532 4530/4530
f 4532/4532 4533/4533 4733/4737
f 4533/4533 4732/4736 4733/4737
f 4732/4736 4556/4556 4557/4557
f 4556/4556 4560/4560 4558/4558
f 4727/4731 4726/4730 4730/4734
f 4726/4730 4822/4851 4730/4734
f 4660/4662 4661/4663 4669/4671
f 4687/4689 4811/4815 4689/4691
f 4689/4691 4801/4805 4807/4811
f 4801/4805 4802/4806 4807/4811
f 4761/4765 4760/4764 4759/4763
f 4761/4765 4762/4766 4760/4764
f 4752/4756 4421/4421 4750/4754
f 4421/4421 4417/4417 4422/4422
f 4752/4756 4417/4417 4421/4421
f 4416/4416 4415/4415 4419/4419
f 4415/4415 4420/4420 4419/4419
f 4432/4432 4436/4436 4428/4428
f 4468/4468 4479/4479 4470/4470
f 4526/4526 4522/4522 4527/4527
f 4559/4559 4561/4561 4560/4560
f 4646/4648 4686/4688 4664/4666
f 4687/4689 4797/4801 4811/4815
f 4804/4808 4779/4783 4806/4810
f 4806/4810 4761/4765 4759/4763
f 4779/4783 4761/4765 4806/4810
f 4749/4753 4746/4750 4750/4754
f 4751/4755 4752/4756 4750/4754
f 4417/4417 4419/4419 4422/4422
f 4417/4417 4416/4416 4419/4419
f 4433/4433 4434/4434 4467/4467
f 4434/4434 4466/4466 4467/4467
f 4466/4466 4468/4468 4467/4467
f 4466/4466 4478/4478 4468/4468
f 4478/4478 4479/4479 4468/4468
f 4484/4484 4485/4485 4487/4487
f 4485/4485 4489/4489 4487/4487
f 4485/4485 4492/4492 4489/4489
f 4523/4523 4534/4534 4524/4524
f 4531/4531 4532/4532 4534/4534
f 4533/4533 4539/4539 4732/4736
f 4562/4562 4560/4560 4556/4556
f 4562/4562 4559/4559 4560/4560
f 4572/4572 4727/4731 4561/4561
f 4572/4572 4726/4730 4727/4731
f 4661/4663 4662/4664 4663/4665
f 4762/4766 4749/4753 4760/4764
f 4746/4750 4751/4755 4750/4754
f 4418/4418 4416/4416 4417/4417
f 4531/4531 4533/4533 4532/4532
f 4732/4736 4539/4539 4556/4556
f 4539/4539 4541/4541 4556/4556
f 4541/4541 4562/4562 4556/4556
f 4559/4559 4572/4572 4561/4561
f 4662/4664 4664/4666 4663/4665
f 4681/4683 4797/4801 4687/4689
f 4801/4805 4800/4804 4802/4806
f 4800/4804 4803/4807 4802/4806
f 4800/4804 4781/4785 4803/4807
f 4803/4807 4781/4785 4804/4808
f 4781/4785 4779/4783 4804/4808
f 4746/4750 4408/4408 4751/4755
f 4751/4755 4408/4408 4752/4756
f 4413/4413 4418/4418 4417/4417
f 4418/4418 4414/4414 4416/4416
f 4414/4414 4415/4415 4416/4416
f 4401/4401 4420/4420 4415/4415
f 4479/4479 4483/4483 4472/4472
f 4485/4485 4493/4493 4492/4492
f 4493/4493 4521/4521 4492/4492
f 4492/4492 4521/4521 4525/4525
f 4521/4521 4526/4526 4525/4525
f 4522/4522 4523/4523 4524/4524
f 4562/4562 4563/4563 4559/4559
f 4563/4563 4572/4572 4559/4559
f 4659/4661 4660/4662 4669/4671
f 4685/4687 4686/4688 4646/4648
f 4685/4687 4684/4686 4686/4688
f 4684/4686 4687/4689 4686/4688
f 4684/4686 4681/4683 4687/4689
f 4811/4815 4801/4805 4689/4691
f 4779/4783 4777/4781 4761/4765
f 4436/4436 4435/4435 4433/4433
f 4433/4433 4435/4435 4434/4434
f 4466/4466 4477/4477 4478/4478
f 4477/4477 4479/4479 4478/4478
f 4483/4483 4474/4474 4472/4472
f 4483/4483 4480/4480 4474/4474
f 4474/4474 4480/4480 4484/4484
f 4480/4480 4481/4481 4484/4484
f 4481/4481 4485/4485 4484/4484
f 4725/4729 4822/4851 4726/4730
f 4660/4662 4650/4652 4661/4663
f 4650/4652 4662/4664 4661/4663
f 4662/4664 4649/4651 4664/4666
f 4649/4651 4646/4648 4664/4666
f 4647/4649 4685/4687 4646/4648
f 4800/4804 4782/4786 4781/4785
f 4748/4752 4746/4750 4749/4753
f 4408/4408 4411/4411 4752/4756
f 4430/4430 4432/4432 4431/4431
f 4477/4477 4483/4483 4479/4479
f 4536/4536 4534/4534 4523/4523
f 4534/4534 4537/4537 4531/4531
f 4537/4537 4533/4533 4531/4531
f 4565/4565 4564/4564 4562/4562
f 4564/4564 4563/4563 4562/4562
f 4572/4572 4574/4574 4726/4730
f 4574/4574 4725/4729 4726/4730
f 4725/4729 4823/4852 4822/4851
f 4811/4815 4798/4802 4801/4805
f 4798/4802 4800/4804 4801/4805
f 4781/4785 4780/4784 4779/4783
f 4777/4781 4778/4782 4761/4765
f 4763/4767 4762/4766 4761/4765
f 4411/4411 4417/4417 4752/4756
f 4414/4414 4401/4401 4415/4415
f 4401/4401 4430/4430 4420/4420
f 4435/4435 4463/4463 4434/4434
f 4463/4463 4466/4466 4434/4434
f 4463/4463 4465/4465 4466/4466
f 4465/4465 4477/4477 4466/4466
f 4513/4513 4523/4523 4522/4522
f 4536/4536 4537/4537 4534/4534
f 4537/4537 4538/4538 4533/4533
f 4533/4533 4538/4538 4539/4539
f 4538/4538 4540/4540 4539/4539
f 4540/4540 4541/4541 4539/4539
f 4541/4541 4565/4565 4562/4562
f 4641/4643 4647/4649 4646/4648
f 4647/4649 4648/4650 4685/4687
f 4648/4650 4684/4686 4685/4687
f 4681/4683 4796/4800 4797/4801
f 4797/4801 4798/4802 4811/4815
f 4763/4767 4764/4768 4762/4766
f 4762/4766 4748/4752 4749/4753
f 4411/4411 4413/4413 4417/4417
f 4436/4436 4437/4437 4435/4435
f 4458/4458 4483/4483 4477/4477
f 4480/4480 4482/4482 4481/4481
f 4520/4520 4521/4521 4493/4493
f 4526/4526 4513/4513 4522/4522
f 4511/4511 4536/4536 4523/4523
f 4683/4685 4681/4683 4684/4686
f 4799/4803 4800/4804 4798/4802
f 4782/4786 4780/4784 4781/4785
f 4778/4782 4763/4767 4761/4765
f 4746/4750 4745/4749 4408/4408
f 4411/4411 4412/4412 4413/4413
f 4418/4418 4400/4400 4414/4414
f 4400/4400 4401/4401 4414/4414
f 4465/4465 4459/4459 4477/4477
f 4483/4483 4482/4482 4480/4480
f 4485/4485 4520/4520 4493/4493
f 4521/4521 4513/4513 4526/4526
f 4572/4572 4573/4573 4574/4574
f 4659/4661 4658/4660 4660/4662
f 4650/4652 4649/4651 4662/4664
f 4640/4642 4646/4648 4649/4651
f 4796/4800 4798/4802 4797/4801
f 4799/4803 4783/4787 4800/4804
f 4408/4408 4409/4409 4411/4411
f 4409/4409 4412/4412 4411/4411
f 4413/4413 4400/4400 4418/4418
f 4412/4412 4400/4400 4413/4413
f 4430/4430 4438/4438 4432/4432
f 4432/4432 4437/4437 4436/4436
f 4437/4437 4463/4463 4435/4435
f 4463/4463 4464/4464 4465/4465
f 4459/4459 4458/4458 4477/4477
f 4482/4482 4485/4485 4481/4481
f 4499/4499 4520/4520 4485/4485
f 4519/4519 4521/4521 4520/4520
f 4519/4519 4513/4513 4521/4521
f 4513/4513 4511/4511 4523/4523
f 4541/4541 4567/4567 4565/4565
f 4563/4563 4571/4571 4572/4572
f 4571/4571 4573/4573 4572/4572
f 4657/4659 4658/4660 4659/4661
f 4659/4661 4671/4673 4657/4659
f 4639/4641 4640/4642 4649/4651
f 4640/4642 4641/4643 4646/4648
f 4648/4650 4683/4685 4684/4686
f 4681/4683 4679/4681 4796/4800
f 4798/4802 4793/4797 4799/4803
f 4783/4787 4782/4786 4800/4804
f 4764/4768 4748/4752 4762/4766
f 4399/4399 4398/4398 4401/4401
f 4398/4398 4430/4430 4401/4401
f 4398/4398 4438/4438 4430/4430
f 4438/4438 4437/4437 4432/4432
f 4437/4437 4460/4460 4463/4463
f 4464/4464 4459/4459 4465/4465
f 4482/4482 4499/4499 4485/4485
f 4540/4540 4555/4555 4541/4541
f 4554/4554 4555/4555 4540/4540
f 4658/4660 4650/4652 4660/4662
f 4641/4643 4648/4650 4647/4649
f 4796/4800 4793/4797 4798/4802
f 4780/4784 4777/4781 4779/4783
f 4406/4406 4409/4409 4408/4408
f 4438/4438 4439/4439 4437/4437
f 4439/4439 4460/4460 4437/4437
f 4458/4458 4482/4482 4483/4483
f 4555/4555 4567/4567 4541/4541
f 4574/4574 4724/4728 4725/4729
f 4724/4728 4823/4852 4725/4729
f 4683/4685 4680/4682 4681/4683
f 4679/4681 4620/4622 4796/4800
f 4793/4797 4783/4787 4799/4803
f 4783/4787 4780/4784 4782/4786
f 4775/4779 4777/4781 4780/4784
f 4412/4412 4403/4403 4400/4400
f 4535/4535 4537/4537 4536/4536
f 4535/4535 4538/4538 4537/4537
f 4573/4573 4576/4576 4574/4574
f 4576/4576 4724/4728 4574/4574
f 4650/4652 4639/4641 4649/4651
f 4645/4647 4683/4685 4648/4650
f 4783/4787 4784/4788 4780/4784
f 4785/4789 4784/4788 4783/4787
f 4784/4788 4775/4779 4780/4784
f 4777/4781 4776/4780 4778/4782
f 4776/4780 4763/4767 4778/4782
f 4745/4749 4406/4406 4408/4408
f 4400/4400 4399/4399 4401/4401
f 4499/4499 4519/4519 4520/4520
f 4513/4513 4512/4512 4511/4511
f 4535/4535 4543/4543 4538/4538
f 4565/4565 4569/4569 4564/4564
f 4564/4564 4569/4569 4563/4563
f 4569/4569 4571/4571 4563/4563
f 4641/4643 4645/4647 4648/4650
f 4680/4682 4679/4681 4681/4683
f 4747/4751 4746/4750 4748/4752
f 4460/4460 4464/4464 4463/4463
f 4518/4518 4519/4519 4499/4499
f 4571/4571 4575/4575 4573/4573
f 4575/4575 4576/4576 4573/4573
f 4793/4797 4792/4796 4783/4787
f 4792/4796 4786/4790 4783/4787
f 4409/4409 4403/4403 4412/4412
f 4457/4457 4495/4495 4482/4482
f 4495/4495 4499/4499 4482/4482
f 4518/4518 4513/4513 4519/4519
f 4512/4512 4510/4510 4511/4511
f 4538/4538 4543/4543 4540/4540
f 4652/4654 4650/4652 4658/4660
f 4652/4654 4651/4653 4650/4652
f 4650/4652 4651/4653 4639/4641
f 4796/4800 4795/4799 4793/4797
f 4775/4779 4776/4780 4777/4781
f 4764/4768 4747/4751 4748/4752
f 4747/4751 4745/4749 4746/4750
f 4403/4403 4394/4394 4400/4400
f 4394/4394 4399/4399 4400/4400
f 4396/4396 4398/4398 4399/4399
f 4459/4459 4453/4453 4458/4458
f 4453/4453 4457/4457 4458/4458
f 4458/4458 4457/4457 4482/4482
f 4542/4542 4543/4543 4535/4535
f 4543/4543 4548/4548 4540/4540
f 4548/4548 4554/4554 4540/4540
f 4570/4570 4571/4571 4569/4569
f 4576/4576 4723/4727 4724/4728
f 4723/4727 4823/4852 4724/4728
f 4638/4640 4641/4643 4640/4642
f 4794/4798 4792/4796 4793/4797
f 4786/4790 4785/4789 4783/4787
f 4784/4788 4774/4778 4775/4779
f 4815/4819 4747/4751 4764/4768
f 4409/4409 4410/4410 4403/4403
f 4443/4443 4460/4460 4439/4439
f 4460/4460 4462/4462 4464/4464
f 4464/4464 4462/4462 4459/4459
f 4449/4449 4453/4453 4459/4459
f 4536/4536 4542/4542 4535/4535
f 4551/4551 4567/4567 4555/4555
f 4566/4566 4565/4565 4567/4567
f 4651/4653 4635/4637 4639/4641
f 4635/4637 4638/4640 4639/4641
f 4638/4640 4640/4642 4639/4641
f 4786/4790 4784/4788 4785/4789
f 4815/4819 4744/4748 4747/4751
f 4747/4751 4744/4748 4745/4749
f 4744/4748 4406/4406 4745/4749
f 4398/4398 4439/4439 4438/4438
f 4462/4462 4449/4449 4459/4459
f 4453/4453 4454/4454 4457/4457
f 4513/4513 4503/4503 4512/4512
f 4511/4511 4542/4542 4536/4536
f 4542/4542 4544/4544 4543/4543
f 4566/4566 4569/4569 4565/4565
f 4723/4727 4826/4855 4823/4852
f 4657/4659 4652/4654 4658/4660
f 4645/4647 4680/4682 4683/4685
f 4795/4799 4794/4798 4793/4797
f 4792/4796 4791/4795 4786/4790
f 4763/4767 4765/4769 4764/4768
f 4765/4769 4815/4819 4764/4768
f 4406/4406 4410/4410 4409/4409
f 4402/4402 4394/4394 4403/4403
f 4498/4498 4499/4499 4495/4495
f 4518/4518 4503/4503 4513/4513
f 4544/4544 4548/4548 4543/4543
f 4551/4551 4566/4566 4567/4567
f 4634/4636 4635/4637 4651/4653
f 4638/4640 4642/4644 4641/4643
f 4642/4644 4644/4646 4641/4643
f 4641/4643 4644/4646 4645/4647
f 4774/4778 4772/4776 4775/4779
f 4773/4777 4772/4776 4774/4778
f 4766/4770 4763/4767 4776/4780
f 4398/4398 4442/4442 4439/4439
f 4494/4494 4495/4495 4457/4457
f 4503/4503 4504/4504 4512/4512
f 4512/4512 4504/4504 4510/4510
f 4549/4549 4554/4554 4548/4548
f 4570/4570 4575/4575 4571/4571
f 4679/4681 4619/4621 4620/4622
f 4786/4790 4787/4791 4784/4788
f 4787/4791 4774/4778 4784/4788
f 4775/4779 4772/4776 4776/4780
f 4766/4770 4765/4769 4763/4767
f 4410/4410 4402/4402 4403/4403
f 4394/4394 4396/4396 4399/4399
f 4442/4442 4443/4443 4439/4439
f 4443/4443 4461/4461 4460/4460
f 4454/4454 4494/4494 4457/4457
f 4554/4554 4551/4551 4555/4555
f 4652/4654 4633/4635 4651/4653
f 4633/4635 4634/4636 4651/4653
f 4644/4646 4682/4684 4645/4647
f 4682/4684 4680/4682 4645/4647
f 4620/4622 4795/4799 4796/4800
f 4787/4791 4773/4777 4774/4778
f 4407/4407 4410/4410 4406/4406
f 4460/4460 4445/4445 4462/4462
f 4461/4461 4445/4445 4460/4460
f 4449/4449 4450/4450 4453/4453
f 4450/4450 4454/4454 4453/4453
f 4517/4517 4518/4518 4499/4499
f 4517/4517 4515/4515 4518/4518
f 4515/4515 4503/4503 4518/4518
f 4509/4509 4511/4511 4510/4510
f 4546/4546 4548/4548 4544/4544
f 4682/4684 4679/4681 4680/4682
f 4791/4795 4788/4792 4786/4790
f 4772/4776 4766/4770 4776/4780
f 4405/4405 4406/4406 4744/4748
f 4405/4405 4407/4407 4406/4406
f 4445/4445 4449/4449 4462/4462
f 4498/4498 4500/4500 4499/4499
f 4500/4500 4517/4517 4499/4499
f 4503/4503 4505/4505 4504/4504
f 4549/4549 4551/4551 4554/4554
f 4566/4566 4568/4568 4569/4569
f 4568/4568 4570/4570 4569/4569
f 4654/4656 4652/4654 4657/4659
f 4657/4659 4671/4673 4654/4656
f 4634/4636 4632/4634 4635/4637
f 4635/4637 4637/4639 4638/4640
f 4638/4640 4643/4645 4642/4644
f 4637/4639 4643/4645 4638/4640
f 4643/4645 4644/4646 4642/4644
f 4614/4616 4794/4798 4795/4799
f 4788/4792 4787/4791 4786/4790
f 4407/4407 4740/4744 4410/4410
f 4445/4445 4448/4448 4449/4449
f 4448/4448 4450/4450 4449/4449
f 4516/4516 4503/4503 4515/4515
f 4546/4546 4549/4549 4548/4548
f 4575/4575 4577/4577 4576/4576
f 4577/4577 4723/4727 4576/4576
f 4644/4646 4623/4625 4682/4684
f 4682/4684 4623/4625 4679/4681
f 4623/4625 4619/4621 4679/4681
f 4610/4612 4792/4796 4794/4798
f 4610/4612 4791/4795 4792/4796
f 4789/4793 4773/4777 4787/4791
f 4772/4776 4768/4772 4766/4770
f 4766/4770 4767/4771 4765/4769
f 4767/4771 4814/4818 4765/4769
f 4814/4818 4815/4819 4765/4769
f 4741/4745 4407/4407 4405/4405
f 4402/4402 4393/4393 4394/4394
f 4397/4397 4398/4398 4396/4396
f 4440/4440 4442/4442 4398/4398
f 4440/4440 4441/4441 4442/4442
f 4441/4441 4443/4443 4442/4442
f 4516/4516 4505/4505 4503/4503
f 4542/4542 4546/4546 4544/4544
f 4723/4727 4824/4853 4826/4855
f 4654/4656 4653/4655 4652/4654
f 4653/4655 4633/4635 4652/4654
f 4635/4637 4636/4638 4637/4639
f 4643/4645 4623/4625 4644/4646
f 4620/4622 4613/4615 4795/4799
f 4613/4615 4614/4616 4795/4799
f 4788/4792 4789/4793 4787/4791
f 4768/4772 4767/4771 4766/4770
f 4814/4818 4744/4748 4815/4819
f 4395/4395 4396/4396 4394/4394
f 4397/4397 4440/4440 4398/4398
f 4448/4448 4451/4451 4450/4450
f 4495/4495 4496/4496 4498/4498
f 4504/4504 4509/4509 4510/4510
f 4549/4549 4550/4550 4551/4551
f 4568/4568 4578/4578 4570/4570
f 4578/4578 4575/4575 4570/4570
f 4722/4726 4824/4853 4723/4727
f 4633/4635 4632/4634 4634/4636
f 4632/4634 4636/4638 4635/4637
f 4643/4645 4678/4680 4623/4625
f 4678/4680 4621/4623 4623/4625
f 4619/4621 4613/4615 4620/4622
f 4814/4818 4743/4747 4744/4748
f 4743/4747 4405/4405 4744/4748
f 4741/4745 4740/4744 4407/4407
f 4393/4393 4395/4395 4394/4394
f 4496/4496 4500/4500 4498/4498
f 4500/4500 4501/4501 4517/4517
f 4504/4504 4506/4506 4509/4509
f 4509/4509 4542/4542 4511/4511
f 4545/4545 4546/4546 4542/4542
f 4581/4581 4550/4550 4549/4549
f 4551/4551 4552/4552 4566/4566
f 4552/4552 4568/4568 4566/4566
f 4637/4639 4678/4680 4643/4645
f 4621/4623 4619/4621 4623/4625
f 4768/4772 4769/4773 4767/4771
f 4767/4771 4769/4773 4814/4818
f 4743/4747 4741/4745 4405/4405
f 4410/4410 4602/4604 4402/4402
f 4602/4604 4404/4404 4402/4402
f 4404/4404 4393/4393 4402/4402
f 4441/4441 4596/4598 4443/4443
f 4596/4598 4444/4444 4443/4443
f 4444/4444 4461/4461 4443/4443
f 4461/4461 4444/4444 4445/4445
f 4444/4444 4446/4446 4445/4445
f 4446/4446 4448/4448 4445/4445
f 4451/4451 4455/4455 4450/4450
f 4450/4450 4455/4455 4454/4454
f 4455/4455 4456/4456 4454/4454
f 4454/4454 4456/4456 4494/4494
f 4456/4456 4495/4495 4494/4494
f 4456/4456 4497/4497 4495/4495
f 4495/4495 4497/4497 4496/4496
f 4501/4501 4515/4515 4517/4517
f 4501/4501 4514/4514 4515/4515
f 4514/4514 4516/4516 4515/4515
f 4509/4509 4545/4545 4542/4542
f 4545/4545 4547/4547 4546/4546
f 4546/4546 4582/4582 4549/4549
f 4547/4547 4582/4582 4546/4546
f 4550/4550 4552/4552 4551/4551
f 4578/4578 4577/4577 4575/4575
f 4577/4577 4722/4726 4723/4727
f 4616/4618 4613/4615 4619/4621
f 4614/4616 4609/4611 4794/4798
f 4609/4611 4610/4612 4794/4798
f 4791/4795 4790/4794 4788/4792
f 4610/4612 4790/4794 4791/4795
f 4790/4794 4789/4793 4788/4792
f 4740/4744 4602/4604 4410/4410
f 4395/4395 4397/4397 4396/4396
f 4552/4552 4580/4580 4568/4568
f 4580/4580 4578/4578 4568/4568
f 4578/4578 4579/4579 4577/4577
f 4631/4633 4632/4634 4633/4635
f 4622/4624 4621/4623 4678/4680
f 4613/4615 4612/4614 4614/4616
f 4612/4614 4609/4611 4614/4616
f 4772/4776 4770/4774 4768/4772
f 4446/4446 4447/4447 4448/4448
f 4452/4452 4451/4451 4448/4448
f 4455/4455 4592/4594 4456/4456
f 4592/4594 4497/4497 4456/4456
f 4514/4514 4588/4590 4516/4516
f 4588/4590 4505/4505 4516/4516
f 4582/4582 4581/4581 4549/4549
f 4579/4579 4722/4726 4577/4577
f 4653/4655 4631/4633 4633/4635
f 4636/4638 4625/4627 4637/4639
f 4625/4627 4678/4680 4637/4639
f 4617/4619 4612/4614 4613/4615
f 4790/4794 4607/4609 4789/4793
f 4789/4793 4607/4609 4773/4777
f 4607/4609 4772/4776 4773/4777
f 4770/4774 4769/4773 4768/4772
f 4769/4773 4813/4817 4814/4818
f 4813/4817 4743/4747 4814/4818
f 4444/4444 4447/4447 4446/4446
f 4447/4447 4452/4452 4448/4448
f 4505/4505 4506/4506 4504/4504
f 4508/4508 4545/4545 4509/4509
f 4553/4553 4550/4550 4581/4581
f 4580/4580 4579/4579 4578/4578
f 4617/4619 4611/4613 4612/4614
f 4609/4611 4606/4608 4610/4612
f 4606/4608 4790/4794 4610/4612
f 4606/4608 4607/4609 4790/4794
f 4607/4609 4770/4774 4772/4776
f 4605/4607 4741/4745 4743/4747
f 4451/4451 4710/4712 4455/4455
f 4497/4497 4502/4502 4496/4496
f 4502/4502 4500/4500 4496/4496
f 4500/4500 4502/4502 4501/4501
f 4502/4502 4514/4514 4501/4501
f 4506/4506 4508/4508 4509/4509
f 4631/4633 4630/4632 4632/4634
f 4632/4634 4629/4631 4636/4638
f 4630/4632 4629/4631 4632/4634
f 4629/4631 4625/4627 4636/4638
f 4625/4627 4622/4624 4678/4680
f 4621/4623 4622/4624 4619/4621
f 4622/4624 4616/4618 4619/4621
f 4617/4619 4613/4615 4616/4618
f 4611/4613 4609/4611 4612/4614
f 4700/4702 4771/4775 4607/4609
f 4771/4775 4770/4774 4607/4609
f 4771/4775 4604/4606 4770/4774
f 4770/4774 4604/4606 4769/4773
f 4604/4606 4813/4817 4769/4773
f 4605/4607 4742/4746 4741/4745
f 4742/4746 4740/4744 4741/4745
f 4740/4744 4601/4603 4602/4604
f 4742/4746 4601/4603 4740/4744
f 4602/4604 4599/4601 4404/4404
f 4601/4603 4599/4601 4602/4604
f 4599/4601 4393/4393 4404/4404
f 4599/4601 4598/4600 4393/4393
f 4393/4393 4598/4600 4395/4395
f 4598/4600 4397/4397 4395/4395
f 4397/4397 4597/4599 4440/4440
f 4597/4599 4595/4597 4440/4440
f 4440/4440 4595/4597 4441/4441
f 4441/4441 4595/4597 4596/4598
f 4595/4597 4594/4596 4596/4598
f 4596/4598 4594/4596 4444/4444
f 4444/4444 4594/4596 4447/4447
f 4452/4452 4593/4595 4451/4451
f 4593/4595 4710/4712 4451/4451
f 4710/4712 4592/4594 4455/4455
f 4592/4594 4590/4592 4497/4497
f 4497/4497 4590/4592 4502/4502
f 4514/4514 4502/4502 4588/4590
f 4505/4505 4507/4507 4506/4506
f 4588/4590 4507/4507 4505/4505
f 4507/4507 4508/4508 4506/4506
f 4508/4508 4586/4588 4545/4545
f 4586/4588 4547/4547 4545/4545
f 4586/4588 4731/4735 4547/4547
f 4731/4735 4582/4582 4547/4547
f 4731/4735 4583/4583 4582/4582
f 4582/4582 4583/4583 4581/4581
f 4553/4553 4552/4552 4550/4550
f 4553/4553 4580/4580 4552/4552
f 4579/4579 4720/4724 4722/4726
f 4720/4724 4824/4853 4722/4726
f 4720/4724 4825/4854 4824/4853
f 4674/4676 4656/4658 4654/4656
f 4813/4817 4604/4606 4743/4747
f 4591/4593 4590/4592 4592/4594
f 4590/4592 4589/4591 4502/4502
f 4502/4502 4589/4591 4588/4590
f 4585/4587 4508/4508 4507/4507
f 4585/4587 4586/4588 4508/4508
f 4656/4658 4655/4657 4654/4656
f 4654/4656 4655/4657 4653/4655
f 4655/4657 4631/4633 4653/4655
f 4630/4632 4628/4630 4629/4631
f 4629/4631 4628/4630 4625/4627
f 4628/4630 4624/4626 4625/4627
f 4624/4626 4626/4628 4625/4627
f 4626/4628 4622/4624 4625/4627
f 4626/4628 4616/4618 4622/4624
f 4615/4617 4617/4619 4616/4618
f 4617/4619 4695/4697 4611/4613
f 4615/4617 4695/4697 4617/4619
f 4695/4697 4696/4698 4611/4613
f 4611/4613 4696/4698 4609/4611
f 4696/4698 4606/4608 4609/4611
f 4696/4698 4608/4610 4606/4608
f 4606/4608 4608/4610 4607/4609
f 4608/4610 4700/4702 4607/4609
f 4771/4775 4700/4702 4604/4606
f 4700/4702 4603/4605 4604/4606
f 4604/4606 4605/4607 4743/4747
f 4603/4605 4605/4607 4604/4606
f 4605/4607 4601/4603 4742/4746
f 4599/4601 4600/4602 4598/4600
f 4600/4602 4706/4708 4598/4600
f 4598/4600 4706/4708 4397/4397
f 4706/4708 4597/4599 4397/4397
f 4595/4597 4708/4710 4594/4596
f 4708/4710 4447/4447 4594/4596
f 4708/4710 4709/4711 4447/4447
f 4447/4447 4709/4711 4452/4452
f 4452/4452 4709/4711 4593/4595
f 4709/4711 4710/4712 4593/4595
f 4710/4712 4711/4713 4592/4594
f 4711/4713 4591/4593 4592/4594
f 4714/4716 4588/4590 4589/4591
f 4714/4716 4507/4507 4588/4590
f 4585/4587 4587/4589 4586/4588
f 4587/4589 4731/4735 4586/4588
f 4587/4589 4583/4583 4731/4735
f 4583/4583 4716/4720 4581/4581
f 4716/4720 4553/4553 4581/4581
f 4716/4720 4717/4721 4553/4553
f 4553/4553 4718/4722 4580/4580
f 4717/4721 4718/4722 4553/4553
f 4718/4722 4719/4723 4580/4580
f 4719/4723 4579/4579 4580/4580
f 4719/4723 4720/4724 4579/4579
f 4719/4723 4721/4725 4720/4724
f 4721/4725 4825/4854 4720/4724
f 4675/4677 4821/4830 4656/4658
f 4631/4633 4628/4630 4630/4632
f 4628/4630 4627/4629 4624/4626
f 4627/4629 4626/4628 4624/4626
f 4618/4620 4616/4618 4626/4628
f 4618/4620 4615/4617 4616/4618
f 4698/4700 4696/4698 4695/4697
f 4698/4700 4697/4699 4696/4698
f 4696/4698 4697/4699 4608/4610
f 4697/4699 4699/4701 4608/4610
f 4608/4610 4699/4701 4700/4702
f 4699/4701 4701/4703 4700/4702
f 4700/4702 4701/4703 4603/4605
f 4701/4703 4702/4704 4603/4605
f 4702/4704 4703/4705 4603/4605
f 4603/4605 4703/4705 4605/4607
f 4605/4607 4703/4705 4601/4603
f 4703/4705 4704/4706 4601/4603
f 4601/4603 4704/4706 4599/4601
f 4704/4706 4705/4707 4599/4601
f 4705/4707 4600/4602 4599/4601
f 4705/4707 4706/4708 4600/4602
f 4706/4708 4707/4709 4597/4599
f 4597/4599 4707/4709 4595/4597
f 4707/4709 4708/4710 4595/4597
f 4711/4713 4712/4714 4591/4593
f 4591/4593 4712/4714 4590/4592
f 4712/4714 4713/4715 4590/4592
f 4590/4592 4713/4715 4589/4591
f 4589/4591 4713/4715 4714/4716
f 4714/4716 4585/4587 4507/4507
f 4714/4716 4584/4585 4585/4587
f 4584/4585 4587/4589 4585/4587
f 4587/4589 4715/4718 4583/4583
f 4715/4718 4716/4720 4583/4583
f 4716/4720 4303/4821 4717/4721
f 4303/4821 4718/4722 4717/4721
f 4344/4883 4271/4882 4656/4658
f 4656/4658 4821/4830 4344/4883
f 4656/4658 4271/4882 4655/4657
f 4655/4657 4270/4840 4631/4633
f 4271/4882 4270/4840 4655/4657
f 4270/4840 4628/4630 4631/4633
f 4270/4840 4272/4836 4628/4630
f 4272/4836 4627/4629 4628/4630
f 4272/4836 4268/4839 4627/4629
f 4627/4629 4269/4838 4626/4628
f 4268/4839 4269/4838 4627/4629
f 4269/4838 4107/4837 4626/4628
f 4626/4628 4107/4837 4618/4620
f 4107/4837 4263/4835 4618/4620
f 4618/4620 4263/4835 4615/4617
f 4615/4617 4263/4835 4695/4697
f 4263/4835 4279/4834 4695/4697
f 4279/4834 4698/4700 4695/4697
f 4279/4834 4697/4699 4698/4700
f 4279/4834 4278/4833 4697/4699
f 4278/4833 4280/4832 4697/4699
f 4697/4699 4280/4832 4699/4701
f 4280/4832 4265/4831 4699/4701
f 4265/4831 4701/4703 4699/4701
f 4265/4831 4273/4824 4701/4703
f 4701/4703 4273/4824 4702/4704
f 4273/4824 4274/4843 4702/4704
f 4702/4704 4274/4843 4703/4705
f 4274/4843 4275/4842 4703/4705
f 4703/4705 4262/4841 4704/4706
f 4275/4842 4262/4841 4703/4705
f 4262/4841 4705/4707 4704/4706
f 4262/4841 4261/4845 4705/4707
f 4705/4707 4261/4845 4706/4708
f 4261/4845 4257/4844 4706/4708
f 4706/4708 4257/4844 4707/4709
f 4257/4844 4276/4857 4707/4709
f 4276/4857 4708/4710 4707/4709
f 4276/4857 4277/4856 4708/4710
f 4277/4856 4709/4711 4708/4710
f 4277/4856 4296/4881 4709/4711
f 4296/4881 4710/4712 4709/4711
f 4296/4881 4297/4850 4710/4712
f 4297/4850 4711/4713 4710/4712
f 4297/4850 4298/4849 4711/4713
f 4298/4849 4712/4714 4711/4713
f 4298/4849 4299/4823 4712/4714
f 4712/4714 4299/4823 4713/4715
f 4299/4823 4292/4822 4713/4715
f 4292/4822 4293/4820 4713/4715
f 4293/4820 4714/4716 4713/4715
f 4293/4820 4300/4584 4714/4716
f 4714/4716 4300/4584 4584/4585
f 4300/4584 4301/4586 4584/4585
f 4301/4586 4587/4589 4584/4585
f 4301/4586 4304/4717 4587/4589
f 4304/4717 4715/4718 4587/4589
f 4304/4717 4302/4719 4715/4718
f 4715/4718 4302/4719 4716/4720
f 4302/4719 4303/4821 4716/4720
f 4303/4821 4310/4846 4718/4722
f 4718/4722 4310/4846 4719/4723
f 4310/4846 4359/4847 4719/4723
f 4719/4723 4359/4847 4721/4725
f 4359/4847 4825/4854 4721/4725
f 4359/4847 4284/4897 4825/4854
f 4819/4828 4677/4679 4816/4825
f 4818/4827 4677/4679 4819/4828
f 4818/4827 4676/4678 4677/4679
f 4676/4678 4669/4671 4677/4679
f 4676/4678 4659/4661 4669/4671
f 4818/4827 4672/4674 4676/4678
f 4676/4678 4672/4674 4659/4661
f 4672/4674 4671/4673 4659/4661
f 4817/4826 4672/4674 4818/4827
f 4817/4826 4673/4675 4672/4674
f 4673/4675 4671/4673 4672/4674
f 4817/4826 4675/4677 4673/4675
f 4673/4675 4674/4676 4671/4673
f 4675/4677 4674/4676 4673/4675
f 4674/4676 4654/4656 4671/4673
f 4820/4829 4675/4677 4817/4826
f 4675/4677 4656/4658 4674/4676
f 4821/4830 4675/4677 4820/4829