#usda 1.0
(
    defaultPrim = "Mesh"
    metersPerUnit = 1
    upAxis = "Z"
)

def Mesh "Mesh"
{
    int[] faceVertexCounts = [3, 3, 3, 3, 3, 3, 3, 3, 3, 3, 3, 3, 3, 3, 3, 3, 3, 3, 3, 3, 3, 3, 3, 3, 3, 3, 3, 3, 3, 3, 3, 3, 3, 3, 3, 3, 3, 3, 3, 3, 3, 3, 3, 3, 3, 3, 3, 3, 3, 3, 3, 3, 3, 3, 3, 3, 3, 3, 3, 3, 3, 3, 3, 3, 3, 3, 3, 3, 3, 3, 3, 3, 3, 3, 3, 3, 3, 3, 3, 3, 3, 3, 3, 3, 3, 3, 3, 3, 3, 3, 3, 3, 3, 3, 3, 3, 3, 3, 3, 3, 3, 3, 3, 3, 3, 3, 3, 3, 3, 3, 3, 3, 3, 3, 3, 3, 3, 3, 3, 3, 3, 3, 3, 3, 3, 3, 3, 3, 3, 3, 3, 3, 3, 3, 3, 3, 3, 3, 3, 3, 3, 3, 3, 3, 3, 3, 3, 3, 3, 3, 3, 3, 3, 3, 3, 3, 3, 3, 3, 3, 3, 3, 3, 3, 3, 3, 3, 3, 3, 3, 3, 3, 3, 3, 3, 3, 3, 3, 3, 3, 3, 3, 3, 3, 3, 3, 3, 3, 3, 3, 3, 3, 3, 3, 3, 3, 3, 3, 3, 3, 3, 3, 3, 3, 3, 3, 3, 3, 3, 3, 3, 3, 3, 3, 3, 3, 3, 3, 3, 3, 3, 3, 3, 3, 3, 3, 3, 3, 3, 3, 3, 3, 3, 3, 3, 3, 3, 3, 3, 3, 3, 3, 3, 3, 3, 3, 3, 3, 3, 3, 3, 3, 3, 3, 3, 3, 3, 3, 3, 3, 3, 3, 3, 3, 3, 3, 3, 3, 3, 3, 3, 3, 3, 3, 3, 3, 3, 3, 3, 3, 3, 3, 3, 3, 3, 3, 3, 3, 3, 3, 3, 3, 3, 3, 3, 3, 3, 3, 3, 3, 3, 3, 3, 3, 3, 3, 3, 3, 3, 3, 3, 3, 3, 3, 3, 3, 3, 3, 3, 3, 3, 3, 3, 3, 3, 3, 3, 3, 3, 3, 3, 3, 3, 3, 3, 3, 3, 3, 3, 3, 3, 3, 3, 3, 3, 3, 3, 3, 3, 3, 3, 3, 3, 3, 3, 3, 3, 3, 3, 3, 3, 3, 3, 3, 3, 3, 3, 3, 3, 3, 3, 3, 3, 3, 3, 3, 3, 3, 3, 3, 3, 3, 3, 3, 3, 3, 3, 3, 3, 3, 3, 3, 3, 3, 3, 3, 3, 3, 3, 3, 3, 3, 3, 3, 3, 3, 3, 3, 3, 3, 3, 3, 3, 3, 3, 3, 3, 3, 3, 3, 3, 3, 3, 3, 3, 3, 3, 3, 3, 3, 3, 3, 3, 3, 3, 3, 3, 3, 3, 3, 3, 3, 3, 3, 3, 3, 3, 3, 3, 3, 3, 3, 3, 3, 3, 3, 3, 3, 3, 3, 3, 3, 3, 3, 3, 3, 3, 3, 3, 3, 3, 3, 3, 3, 3, 3, 3, 3, 3, 3, 3, 3, 3, 3, 3, 3, 3, 3, 3, 3, 3, 3, 3, 3, 3, 3, 3, 3, 3, 3, 3, 3, 3, 3, 3, 3, 3, 3, 3, 3, 3, 3, 3, 3, 3, 3, 3, 3, 3, 3, 3, 3, 3, 3, 3, 3, 3, 3, 3, 3, 3, 3, 3, 3, 3, 3, 3, 3, 3, 3, 3, 3, 3, 3, 3, 3, 3, 3, 3, 3, 3, 3, 3, 3, 3, 3, 3, 3, 3, 3, 3, 3, 3, 3, 3, 3, 3, 3, 3, 3, 3, 3, 3, 3, 3, 3, 3, 3, 3, 3, 3, 3, 3, 3, 3, 3, 3, 3, 3, 3, 3, 3, 3, 3, 3, 3, 3, 3, 3, 3, 3, 3, 3, 3, 3, 3, 3, 3, 3, 3, 3, 3, 3, 3, 3, 3, 3, 3, 3, 3, 3, 3, 3, 3, 3, 3, 3, 3, 3, 3, 3, 3, 3, 3, 3, 3, 3, 3, 3, 3, 3, 3, 3, 3, 3, 3, 3, 3, 3, 3, 3, 3, 3, 3, 3, 3, 3, 3, 3, 3, 3, 3, 3, 3, 3, 3, 3, 3, 3, 3, 3, 3, 3, 3, 3, 3, 3, 3, 3, 3, 3, 3, 3, 3, 3, 3, 3, 3, 3, 3, 3, 3, 3, 3, 3, 3, 3, 3, 3, 3, 3, 3, 3, 3, 3, 3, 3, 3, 3, 3, 3, 3, 3, 3, 3, 3, 3, 3, 3, 3, 3, 3, 3, 3, 3, 3, 3, 3, 3, 3, 3, 3, 3, 3, 3, 3, 3, 3, 3, 3, 3, 3, 3, 3, 3, 3, 3, 3, 3, 3, 3, 3, 3, 3, 3, 3, 3, 3, 3, 3, 3, 3, 3, 3, 3, 3, 3, 3, 3, 3, 3, 3, 3, 3, 3, 3, 3, 3, 3, 3, 3, 3, 3, 3, 3, 3, 3, 3, 3, 3, 3, 3, 3, 3, 3, 3, 3, 3, 3, 3, 3, 3, 3, 3, 3, 3, 3, 3, 3, 3, 3, 3, 3, 3, 3, 3, 3, 3, 3, 3, 3, 3, 3, 3, 3, 3, 3, 3, 3, 3, 3, 3, 3, 3, 3, 3, 3, 3, 3, 3, 3, 3, 3, 3, 3, 3, 3, 3, 3, 3, 3, 3, 3, 3, 3, 3, 3, 3, 3, 3, 3, 3, 3, 3, 3, 3, 3, 3, 3, 3, 3, 3, 3, 3, 3, 3, 3, 3, 3, 3, 3, 3, 3, 3, 3, 3, 3, 3, 3, 3, 3, 3, 3, 3, 3, 3, 3, 3, 3, 3, 3, 3, 3, 3, 3, 3, 3, 3, 3, 3, 3, 3, 3, 3, 3, 3, 3, 3, 3, 3, 3, 3, 3, 3, 3, 3, 3, 3, 3, 3, 3, 3, 3, 3, 3, 3, 3, 3, 3, 3, 3, 3, 3, 3, 3, 3, 3, 3, 3, 3, 3, 3, 3, 3, 3, 3, 3, 3, 3, 3, 3, 3, 3, 3, 3, 3, 3, 3, 3, 3, 3, 3, 3, 3, 3, 3, 3, 3, 3, 3, 3, 3, 3, 3, 3, 3, 3, 3, 3, 3, 3, 3, 3, 3, 3, 3, 3, 3, 3, 3, 3, 3, 3, 3, 3, 3, 3, 3, 3, 3, 3, 3, 3, 3, 3, 3, 3, 3, 3, 3, 3, 3, 3, 3, 3, 3, 3, 3, 3, 3, 3, 3, 3, 3, 3, 3, 3, 3, 3, 3, 3, 3, 3, 3, 3, 3, 3, 3, 3, 3, 3, 3, 3, 3, 3, 3, 3, 3, 3, 3, 3, 3, 3, 3, 3, 3, 3, 3, 3, 3, 3, 3, 3, 3, 3, 3, 3, 3, 3, 3, 3, 3, 3, 3, 3, 3, 3, 3, 3, 3, 3, 3, 3, 3, 3, 3, 3, 3, 3, 3, 3, 3, 3, 3, 3, 3, 3, 3, 3, 3, 3, 3, 3, 3, 3, 3, 3, 3, 3, 3, 3, 3, 3, 3, 3, 3, 3, 3, 3, 3, 3, 3, 3, 3, 3, 3, 3, 3, 3, 3, 3, 3, 3, 3, 3, 3, 3, 3, 3, 3, 3, 3, 3, 3, 3, 3, 3, 3, 3, 3, 3, 3, 3, 3, 3, 3, 3, 3, 3, 3, 3, 3, 3, 3, 3, 3, 3, 3, 3, 3, 3, 3, 3, 3, 3, 3, 3, 3, 3, 3, 3, 3, 3, 3, 3, 3, 3, 3, 3, 3, 3, 3, 3, 3, 3, 3, 3, 3, 3, 3, 3, 3, 3, 3, 3, 3, 3, 3, 3, 3, 3, 3, 3, 3, 3, 3, 3, 3, 3, 3, 3, 3, 3, 3, 3, 3, 3, 3, 3, 3, 3, 3, 3, 3, 3, 3, 3, 3, 3, 3, 3, 3, 3, 3, 3, 3, 3, 3, 3, 3, 3, 3, 3, 3, 3, 3, 3, 3, 3, 3, 3, 3, 3, 3, 3, 3, 3, 3, 3, 3, 3, 3, 3, 3, 3, 3, 3, 3, 3, 3, 3, 3, 3, 3, 3, 3, 3, 3, 3, 3, 3, 3, 3, 3, 3, 3, 3, 3, 3, 3, 3, 3, 3, 3, 3, 3, 3, 3, 3, 3, 3, 3, 3, 3, 3, 3, 3, 3, 3, 3, 3, 3, 3, 3, 3, 3, 3, 3, 3, 3, 3, 3, 3, 3, 3, 3, 3, 3, 3, 3, 3, 3, 3, 3, 3, 3, 3, 3, 3, 3, 3, 3, 3, 3, 3, 3, 3, 3, 3, 3, 3, 3, 3, 3, 3, 3, 3, 3, 3, 3, 3, 3, 3, 3, 3, 3, 3, 3, 3, 3, 3, 3, 3, 3, 3, 3, 3, 3, 3, 3, 3, 3, 3, 3, 3, 3, 3, 3, 3, 3, 3, 3, 3, 3, 3, 3, 3, 3, 3, 3, 3, 3, 3, 3, 3, 3, 3, 3, 3, 3, 3, 3, 3, 3, 3, 3, 3, 3, 3, 3, 3, 3, 3, 3, 3, 3, 3, 3, 3, 3, 3, 3, 3, 3, 3, 3, 3, 3, 3, 3, 3, 3, 3, 3, 3, 3, 3, 3, 3, 3, 3, 3, 3, 3, 3, 3, 3, 3, 3, 3, 3, 3, 3, 3, 3, 3, 3, 3, 3, 3, 3, 3, 3, 3, 3, 3, 3, 3, 3, 3, 3, 3, 3, 3, 3, 3, 3, 3, 3, 3, 3, 3, 3, 3, 3, 3, 3, 3, 3, 3, 3, 3, 3, 3, 3, 3, 3, 3, 3, 3, 3, 3, 3, 3, 3, 3, 3, 3, 3, 3, 3, 3, 3, 3, 3, 3, 3, 3, 3, 3, 3, 3, 3, 3, 3, 3, 3, 3, 3, 3, 3, 3, 3, 3, 3, 3, 3, 3, 3, 3, 3, 3, 3, 3, 3, 3, 3, 3, 3, 3, 3, 3, 3, 3, 3, 3, 3, 3, 3, 3, 3, 3, 3, 3, 3, 3, 3, 3, 3, 3, 3, 3, 3, 3, 3, 3, 3, 3, 3, 3, 3, 3, 3, 3, 3, 3, 3, 3, 3, 3, 3, 3, 3, 3, 3, 3, 3, 3, 3, 3, 3, 3, 3, 3, 3, 3, 3, 3, 3, 3, 3, 3, 3, 3, 3, 3, 3, 3, 3, 3, 3, 3, 3, 3, 3, 3, 3, 3, 3, 3, 3, 3, 3, 3, 3, 3, 3, 3, 3, 3, 3, 3, 3, 3, 3, 3, 3, 3, 3, 3, 3, 3, 3, 3, 3, 3, 3, 3, 3, 3, 3, 3, 3, 3, 3, 3, 3, 3, 3, 3, 3, 3, 3, 3, 3, 3, 3, 3, 3, 3, 3, 3, 3, 3, 3, 3, 3, 3, 3, 3, 3, 3, 3, 3, 3, 3, 3, 3, 3, 3, 3, 3, 3, 3, 3, 3, 3, 3, 3, 3, 3, 3, 3, 3, 3, 3, 3, 3, 3, 3, 3, 3, 3, 3, 3, 3, 3, 3, 3, 3, 3, 3, 3, 3, 3, 3, 3, 3, 3, 3, 3, 3, 3, 3, 3, 3, 3, 3, 3, 3, 3, 3, 3, 3, 3, 3, 3, 3, 3, 3, 3, 3, 3, 3, 3, 3, 3, 3, 3, 3, 3, 3, 3, 3, 3, 3, 3, 3, 3, 3, 3, 3, 3, 3, 3, 3, 3, 3, 3, 3, 3, 3, 3, 3, 3, 3, 3, 3, 3, 3, 3, 3, 3, 3, 3, 3, 3, 3, 3, 3, 3, 3, 3, 3, 3, 3, 3, 3, 3, 3, 3, 3, 3, 3, 3, 3, 3, 3, 3, 3, 3, 3, 3, 3, 3, 3, 3, 3, 3, 3, 3, 3, 3, 3, 3, 3, 3, 3, 3, 3, 3, 3, 3, 3, 3, 3, 3, 3, 3, 3, 3, 3, 3, 3, 3, 3, 3, 3, 3, 3, 3, 3, 3, 3, 3, 3, 3, 3, 3, 3, 3, 3, 3, 3, 3, 3, 3, 3, 3, 3, 3, 3, 3, 3, 3, 3, 3, 3, 3, 3, 3, 3, 3, 3, 3, 3, 3, 3, 3, 3, 3, 3, 3, 3, 3, 3, 3, 3, 3, 3, 3, 3, 3, 3, 3, 3, 3, 3, 3, 3, 3, 3, 3, 3, 3, 3, 3, 3, 3, 3, 3, 3, 3, 3, 3, 3, 3, 3, 3, 3, 3, 3, 3, 3, 3, 3, 3, 3, 3, 3, 3, 3, 3, 3, 3, 3, 3, 3, 3, 3, 3, 3, 3, 3, 3, 3, 3, 3, 3, 3, 3, 3, 3, 3, 3, 3, 3, 3, 3, 3, 3, 3, 3, 3, 3, 3, 3, 3, 3, 3, 3, 3, 3, 3, 3, 3, 3, 3, 3, 3, 3, 3, 3, 3, 3, 3, 3, 3, 3, 3, 3, 3, 3, 3, 3, 3, 3, 3, 3, 3, 3, 3, 3, 3, 3, 3, 3, 3, 3, 3, 3, 3, 3, 3, 3, 3, 3, 3, 3, 3, 3, 3, 3, 3, 3, 3, 3, 3, 3, 3, 3, 3, 3, 3, 3, 3, 3, 3, 3, 3, 3, 3, 3, 3, 3, 3, 3, 3, 3, 3, 3, 3, 3, 3, 3, 3, 3, 3, 3, 3, 3, 3, 3, 3, 3, 3, 3, 3, 3, 3, 3, 3, 3, 3, 3, 3, 3, 3, 3, 3, 3, 3, 3, 3, 3, 3, 3, 3, 3, 3, 3, 3, 3, 3, 3, 3, 3, 3, 3, 3, 3, 3, 3, 3, 3, 3, 3, 3, 3, 3, 3, 3, 3, 3, 3, 3, 3, 3, 3, 3, 3, 3, 3, 3, 3, 3, 3, 3, 3, 3, 3, 3, 3, 3, 3, 3, 3, 3, 3, 3, 3, 3, 3, 3, 3, 3, 3, 3, 3, 3, 3, 3, 3, 3, 3, 3, 3, 3, 3, 3, 3, 3, 3, 3, 3, 3, 3, 3, 3, 3, 3, 3, 3, 3, 3, 3, 3, 3, 3, 3, 3, 3, 3, 3, 3, 3, 3, 3, 3, 3, 3, 3, 3, 3, 3, 3, 3, 3, 3, 3, 3, 3, 3, 3, 3, 3, 3, 3, 3, 3, 3, 3, 3, 3, 3, 3, 3, 3, 3, 3, 3, 3, 3, 3, 3, 3, 3, 3, 3, 3, 3, 3, 3, 3, 3, 3, 3, 3, 3, 3, 3, 3, 3, 3, 3, 3, 3, 3, 3, 3, 3, 3, 3, 3, 3, 3, 3, 3, 3, 3, 3, 3, 3, 3, 3, 3, 3, 3, 3, 3, 3, 3, 3, 3, 3, 3, 3, 3, 3, 3, 3, 3, 3, 3, 3, 3, 3, 3, 3, 3, 3, 3, 3, 3, 3, 3, 3, 3, 3, 3, 3, 3, 3, 3, 3, 3, 3, 3, 3, 3, 3, 3, 3, 3, 3, 3, 3, 3, 3, 3, 3, 3, 3, 3, 3, 3, 3, 3, 3, 3, 3, 3, 3, 3, 3, 3, 3, 3, 3, 3, 3, 3, 3, 3, 3, 3, 3, 3, 3, 3, 3, 3, 3, 3, 3, 3, 3, 3, 3, 3, 3, 3, 3, 3, 3, 3, 3, 3, 3, 3, 3, 3, 3, 3, 3, 3, 3, 3, 3, 3, 3, 3, 3, 3, 3, 3, 3, 3, 3, 3, 3, 3, 3, 3, 3, 3, 3, 3, 3, 3, 3, 3, 3, 3, 3, 3, 3, 3, 3, 3, 3, 3, 3, 3, 3, 3, 3, 3, 3, 3, 3, 3, 3, 3, 3, 3, 3, 3, 3, 3, 3, 3, 3, 3, 3, 3, 3, 3, 3, 3, 3, 3, 3, 3, 3, 3, 3, 3, 3, 3, 3, 3, 3, 3, 3, 3, 3, 3, 3, 3, 3, 3, 3, 3, 3, 3, 3, 3, 3, 3, 3, 3, 3, 3, 3, 3, 3, 3, 3, 3, 3, 3, 3, 3, 3, 3, 3, 3, 3, 3, 3, 3, 3, 3, 3, 3, 3, 3, 3, 3, 3, 3, 3, 3, 3, 3, 3, 3, 3, 3, 3, 3, 3, 3, 3, 3, 3, 3, 3, 3, 3, 3, 3, 3, 3, 3, 3, 3, 3, 3, 3, 3, 3, 3, 3, 3, 3, 3, 3, 3, 3, 3, 3, 3, 3, 3, 3, 3, 3, 3, 3, 3, 3, 3, 3, 3, 3, 3, 3, 3, 3, 3, 3, 3, 3, 3, 3, 3, 3, 3, 3, 3, 3, 3, 3, 3, 3, 3, 3, 3, 3, 3, 3, 3, 3, 3, 3, 3, 3, 3, 3, 3, 3, 3, 3, 3, 3, 3, 3, 3, 3, 3, 3, 3, 3, 3, 3, 3, 3, 3, 3, 3, 3, 3, 3, 3, 3, 3, 3, 3, 3, 3, 3, 3, 3, 3, 3, 3, 3, 3, 3, 3, 3, 3, 3, 3, 3, 3, 3, 3, 3, 3, 3, 3, 3, 3, 3, 3, 3, 3, 3, 3, 3, 3, 3, 3, 3, 3, 3, 3, 3, 3, 3, 3, 3, 3, 3, 3, 3, 3, 3, 3, 3, 3, 3, 3, 3, 3, 3, 3, 3, 3, 3, 3, 3, 3, 3, 3, 3, 3, 3, 3, 3, 3, 3, 3, 3, 3, 3, 3, 3, 3, 3, 3, 3, 3, 3, 3, 3, 3, 3, 3, 3, 3, 3, 3, 3, 3, 3, 3, 3, 3, 3, 3, 3, 3, 3, 3, 3, 3, 3, 3, 3, 3, 3, 3, 3, 3, 3, 3, 3, 3, 3, 3, 3, 3, 3, 3, 3, 3, 3, 3, 3, 3, 3, 3, 3, 3, 3, 3, 3, 3, 3, 3, 3, 3, 3, 3, 3, 3, 3, 3, 3, 3, 3, 3, 3, 3, 3, 3, 3, 3, 3, 3, 3, 3, 3, 3, 3, 3, 3, 3, 3, 3, 3, 3, 3, 3, 3, 3, 3, 3, 3, 3, 3, 3, 3, 3, 3, 3, 3, 3, 3, 3, 3, 3, 3, 3, 3, 3, 3, 3, 3, 3, 3, 3, 3, 3, 3, 3, 3, 3, 3, 3, 3, 3, 3, 3, 3, 3, 3, 3, 3, 3, 3, 3, 3, 3, 3, 3, 3, 3, 3, 3, 3, 3, 3, 3, 3, 3, 3, 3, 3, 3, 3, 3, 3, 3, 3, 3, 3, 3, 3, 3, 3, 3, 3, 3, 3, 3, 3, 3, 3, 3, 3, 3, 3, 3, 3, 3, 3, 3, 3, 3, 3, 3, 3, 3, 3, 3, 3, 3, 3, 3, 3, 3, 3, 3, 3, 3, 3, 3, 3, 3, 3, 3, 3, 3, 3, 3, 3, 3, 3, 3, 3, 3, 3, 3, 3, 3, 3, 3, 3, 3, 3, 3, 3, 3, 3, 3, 3, 3, 3, 3, 3, 3, 3, 3, 3, 3, 3, 3, 3, 3, 3, 3, 3, 3, 3, 3, 3, 3, 3, 3, 3, 3, 3, 3, 3, 3, 3, 3, 3, 3, 3, 3, 3, 3, 3, 3, 3, 3, 3, 3, 3, 3, 3, 3, 3, 3, 3, 3, 3, 3, 3, 3, 3, 3, 3, 3, 3, 3, 3, 3, 3, 3, 3, 3, 3, 3, 3, 3, 3, 3, 3, 3, 3, 3, 3, 3, 3, 3, 3, 3, 3, 3, 3, 3, 3, 3, 3, 3, 3, 3, 3, 3, 3, 3, 3, 3, 3, 3, 3, 3, 3, 3, 3, 3, 3, 3, 3, 3, 3, 3, 3, 3, 3, 3, 3, 3, 3, 3, 3, 3, 3, 3, 3, 3, 3, 3, 3, 3, 3, 3, 3, 3, 3, 3, 3, 3, 3, 3, 3, 3, 3, 3, 3, 3, 3, 3, 3, 3, 3, 3, 3, 3, 3, 3, 3, 3, 3, 3, 3, 3, 3, 3, 3, 3, 3, 3, 3, 3, 3, 3, 3, 3, 3, 3, 3, 3, 3, 3, 3, 3, 3, 3, 3, 3, 3, 3, 3, 3, 3, 3, 3, 3, 3, 3, 3, 3, 3, 3, 3, 3, 3, 3, 3, 3, 3, 3, 3, 3, 3, 3, 3, 3, 3, 3, 3, 3, 3, 3, 3, 3, 3, 3, 3, 3, 3, 3, 3, 3, 3, 3, 3, 3, 3, 3, 3, 3, 3, 3, 3, 3, 3, 3, 3, 3, 3, 3, 3, 3, 3, 3, 3, 3, 3, 3, 3, 3, 3, 3, 3, 3, 3, 3, 3, 3, 3, 3, 3, 3, 3, 3, 3, 3, 3, 3, 3, 3, 3, 3, 3, 3, 3, 3, 3, 3, 3, 3, 3, 3, 3, 3, 3, 3, 3, 3, 3, 3, 3, 3, 3, 3, 3, 3, 3, 3, 3, 3, 3, 3, 3, 3, 3, 3, 3, 3, 3, 3, 3, 3, 3, 3, 3, 3, 3, 3, 3, 3, 3, 3, 3, 3, 3, 3, 3, 3, 3, 3, 3, 3, 3, 3, 3, 3, 3, 3, 3, 3, 3, 3, 3, 3, 3, 3, 3, 3, 3, 3, 3, 3, 3, 3, 3, 3, 3, 3, 3, 3, 3, 3, 3, 3, 3, 3, 3, 3, 3, 3, 3, 3, 3, 3, 3, 3, 3, 3, 3, 3, 3, 3, 3, 3, 3, 3, 3, 3, 3, 3, 3, 3, 3, 3, 3, 3, 3, 3, 3, 3, 3, 3, 3, 3, 3, 3, 3, 3, 3, 3, 3, 3, 3, 3, 3, 3, 3, 3, 3, 3, 3, 3, 3, 3, 3, 3, 3, 3, 3, 3, 3, 3, 3, 3, 3, 3, 3, 3, 3, 3, 3, 3, 3, 3, 3, 3, 3, 3, 3, 3, 3, 3, 3, 3, 3, 3, 3, 3, 3, 3, 3, 3, 3, 3, 3, 3, 3, 3, 3, 3, 3, 3, 3, 3, 3, 3, 3, 3, 3, 3, 3, 3, 3, 3, 3, 3, 3, 3, 3, 3, 3, 3, 3, 3, 3, 3, 3, 3, 3, 3, 3, 3, 3, 3, 3, 3, 3, 3, 3, 3, 3, 3, 3, 3, 3, 3, 3, 3, 3, 3, 3, 3, 3, 3, 3, 3, 3, 3, 3, 3, 3, 3, 3, 3, 3, 3, 3, 3, 3, 3, 3, 3, 3, 3, 3, 3, 3, 3, 3, 3, 3, 3, 3, 3, 3, 3, 3, 3, 3, 3, 3, 3, 3, 3, 3, 3, 3, 3, 3, 3, 3, 3, 3, 3, 3, 3, 3, 3, 3, 3, 3, 3, 3, 3, 3, 3, 3, 3, 3, 3, 3, 3, 3, 3, 3, 3, 3, 3, 3, 3, 3, 3, 3, 3, 3, 3, 3, 3, 3, 3, 3, 3, 3, 3, 3, 3, 3, 3, 3, 3, 3, 3, 3, 3, 3, 3, 3, 3, 3, 3, 3, 3, 3, 3, 3, 3, 3, 3, 3, 3, 3, 3, 3, 3, 3, 3, 3, 3, 3, 3, 3, 3, 3, 3, 3, 3, 3, 3, 3, 3, 3, 3, 3, 3, 3, 3, 3, 3, 3, 3, 3, 3, 3, 3, 3, 3, 3, 3, 3, 3, 3, 3, 3, 3, 3, 3, 3, 3, 3, 3, 3, 3, 3, 3, 3, 3, 3, 3, 3, 3, 3, 3, 3, 3, 3, 3, 3, 3, 3, 3, 3, 3, 3, 3, 3, 3, 3, 3, 3, 3, 3, 3, 3, 3, 3, 3, 3, 3, 3, 3, 3, 3, 3, 3, 3, 3, 3, 3, 3, 3, 3, 3, 3, 3, 3, 3, 3, 3, 3, 3, 3, 3, 3, 3, 3, 3, 3, 3, 3, 3, 3, 3, 3, 3, 3, 3, 3, 3, 3, 3, 3, 3, 3, 3, 3, 3, 3, 3, 3, 3, 3, 3, 3, 3, 3, 3, 3, 3, 3, 3, 3, 3, 3, 3, 3, 3, 3, 3, 3, 3, 3, 3, 3, 3, 3, 3, 3, 3, 3, 3, 3, 3, 3, 3, 3, 3, 3, 3, 3, 3, 3, 3, 3, 3, 3, 3, 3, 3, 3, 3, 3, 3, 3, 3, 3, 3, 3, 3, 3, 3, 3, 3, 3, 3, 3, 3, 3, 3, 3, 3, 3, 3, 3, 3, 3, 3, 3, 3, 3, 3, 3, 3, 3, 3, 3, 3, 3, 3, 3, 3, 3, 3, 3, 3, 3, 3, 3, 3, 3, 3, 3, 3, 3, 3, 3, 3, 3, 3, 3, 3, 3, 3, 3, 3, 3, 3, 3, 3, 3, 3, 3, 3, 3, 3, 3, 3, 3, 3, 3, 3, 3, 3, 3, 3, 3, 3, 3, 3, 3, 3, 3, 3, 3, 3, 3, 3, 3, 3, 3, 3, 3, 3, 3, 3, 3, 3, 3, 3, 3, 3, 3, 3, 3, 3, 3, 3, 3, 3, 3, 3, 3, 3, 3, 3, 3, 3, 3, 3, 3, 3, 3, 3, 3, 3, 3, 3, 3, 3, 3, 3, 3, 3, 3, 3, 3, 3, 3, 3, 3, 3, 3, 3, 3, 3, 3, 3, 3, 3, 3, 3, 3, 3, 3, 3, 3, 3, 3, 3, 3, 3, 3, 3, 3, 3, 3, 3, 3, 3, 3, 3, 3, 3, 3, 3, 3, 3, 3, 3, 3, 3, 3, 3, 3, 3, 3, 3, 3, 3, 3, 3, 3, 3, 3, 3, 3, 3, 3, 3, 3, 3, 3, 3, 3, 3, 3, 3, 3, 3, 3, 3, 3, 3, 3, 3, 3, 3, 3, 3, 3, 3, 3, 3, 3, 3, 3, 3, 3, 3, 3, 3, 3, 3, 3, 3, 3, 3, 3, 3, 3, 3, 3, 3, 3, 3, 3, 3, 3, 3, 3, 3, 3, 3, 3, 3, 3, 3, 3, 3, 3, 3, 3, 3, 3, 3, 3, 3, 3, 3, 3, 3, 3, 3, 3, 3, 3, 3, 3, 3, 3, 3, 3, 3, 3, 3, 3, 3, 3, 3, 3, 3, 3, 3, 3, 3, 3, 3, 3, 3, 3, 3, 3, 3, 3, 3, 3, 3, 3, 3, 3, 3, 3, 3, 3, 3, 3, 3, 3, 3, 3, 3, 3, 3, 3, 3, 3, 3, 3, 3, 3, 3, 3, 3, 3, 3, 3, 3, 3, 3, 3, 3, 3, 3, 3, 3, 3, 3, 3, 3, 3, 3, 3, 3, 3, 3, 3, 3, 3, 3, 3, 3, 3, 3, 3, 3, 3, 3, 3, 3, 3, 3, 3, 3, 3, 3, 3, 3, 3, 3, 3, 3, 3, 3, 3, 3, 3, 3, 3, 3, 3, 3, 3, 3, 3, 3, 3, 3, 3, 3, 3, 3, 3, 3, 3, 3, 3, 3, 3, 3, 3, 3, 3, 3, 3, 3, 3, 3, 3, 3, 3, 3, 3, 3, 3, 3, 3, 3, 3, 3, 3, 3, 3, 3, 3, 3, 3, 3, 3, 3, 3, 3, 3, 3, 3, 3, 3, 3, 3, 3, 3, 3, 3, 3, 3, 3, 3, 3, 3, 3, 3, 3, 3, 3, 3, 3, 3, 3, 3, 3, 3, 3, 3, 3, 3, 3, 3, 3, 3, 3, 3, 3, 3, 3, 3, 3, 3, 3, 3, 3, 3, 3, 3, 3, 3, 3, 3, 3, 3, 3, 3, 3, 3, 3, 3, 3, 3, 3, 3, 3, 3, 3, 3, 3, 3, 3, 3, 3, 3, 3, 3, 3, 3, 3, 3, 3, 3, 3, 3, 3, 3, 3, 3, 3, 3, 3, 3, 3, 3, 3, 3, 3, 3, 3, 3, 3, 3, 3, 3, 3, 3, 3, 3, 3, 3, 3, 3, 3, 3, 3, 3, 3, 3, 3, 3, 3, 3, 3, 3, 3, 3, 3, 3, 3, 3, 3, 3, 3, 3, 3, 3, 3, 3, 3, 3, 3, 3, 3, 3, 3, 3, 3, 3, 3, 3, 3, 3, 3, 3, 3, 3, 3, 3, 3, 3, 3, 3, 3, 3, 3, 3, 3, 3, 3, 3, 3, 3, 3, 3, 3, 3, 3, 3, 3, 3, 3, 3, 3, 3, 3, 3, 3, 3, 3, 3, 3, 3, 3, 3, 3, 3, 3, 3, 3, 3, 3, 3, 3, 3, 3, 3, 3, 3, 3, 3, 3, 3, 3, 3, 3, 3, 3, 3, 3, 3, 3, 3, 3, 3, 3, 3, 3, 3, 3, 3, 3, 3, 3, 3, 3, 3, 3, 3, 3, 3, 3, 3, 3, 3, 3, 3, 3, 3, 3, 3, 3, 3, 3, 3, 3, 3, 3, 3, 3, 3, 3, 3, 3, 3, 3, 3, 3, 3, 3, 3, 3, 3, 3, 3, 3, 3, 3, 3, 3, 3, 3, 3, 3, 3, 3, 3, 3, 3, 3, 3, 3, 3, 3, 3, 3, 3, 3, 3, 3, 3, 3, 3, 3, 3, 3, 3, 3, 3, 3, 3, 3, 3, 3, 3, 3, 3, 3, 3, 3, 3, 3, 3, 3, 3, 3, 3, 3, 3, 3, 3, 3, 3, 3, 3, 3, 3, 3, 3, 3, 3, 3, 3, 3, 3, 3, 3, 3, 3, 3, 3, 3, 3, 3, 3, 3, 3, 3, 3, 3, 3, 3, 3, 3, 3, 3, 3, 3, 3, 3, 3, 3, 3, 3, 3, 3, 3, 3, 3, 3, 3, 3, 3, 3, 3, 3, 3, 3, 3, 3, 3, 3, 3, 3, 3, 3, 3, 3, 3, 3, 3, 3, 3, 3, 3, 3, 3, 3, 3, 3, 3, 3, 3, 3, 3, 3, 3, 3, 3, 3, 3, 3, 3, 3, 3, 3, 3, 3, 3, 3, 3, 3, 3, 3, 3, 3, 3, 3, 3, 3, 3, 3, 3, 3, 3, 3, 3, 3, 3, 3, 3, 3, 3, 3, 3, 3, 3, 3, 3, 3, 3, 3, 3, 3, 3, 3, 3, 3, 3, 3, 3, 3, 3, 3, 3, 3, 3, 3, 3, 3, 3, 3, 3, 3, 3, 3, 3, 3, 3, 3, 3, 3, 3, 3, 3, 3, 3, 3, 3, 3, 3, 3, 3, 3, 3, 3, 3, 3, 3, 3, 3, 3, 3, 3, 3, 3, 3, 3, 3, 3, 3, 3, 3, 3, 3, 3, 3, 3, 3, 3, 3, 3, 3, 3, 3, 3, 3, 3, 3, 3, 3, 3, 3, 3, 3, 3, 3, 3, 3, 3, 3, 3, 3, 3, 3, 3, 3, 3, 3, 3, 3, 3, 3, 3, 3, 3, 3, 3, 3, 3, 3, 3, 3, 3, 3, 3, 3, 3, 3, 3, 3, 3, 3, 3, 3, 3, 3, 3, 3, 3, 3, 3, 3, 3, 3, 3, 3, 3, 3, 3, 3, 3, 3, 3, 3, 3, 3, 3, 3, 3, 3, 3, 3, 3, 3, 3, 3, 3, 3, 3, 3, 3, 3, 3, 3, 3, 3, 3, 3, 3, 3, 3, 3, 3, 3, 3, 3, 3, 3, 3, 3, 3, 3, 3, 3, 3, 3, 3, 3, 3, 3, 3, 3, 3, 3, 3, 3, 3, 3, 3, 3, 3, 3, 3, 3, 3, 3, 3, 3, 3, 3, 3, 3, 3, 3, 3, 3, 3, 3, 3, 3, 3, 3, 3, 3, 3, 3, 3, 3, 3, 3, 3, 3, 3, 3, 3, 3, 3, 3, 3, 3, 3, 3, 3, 3, 3, 3, 3, 3, 3, 3, 3, 3, 3, 3, 3, 3, 3, 3, 3, 3, 3, 3, 3, 3, 3, 3, 3, 3, 3, 3, 3, 3, 3, 3, 3, 3, 3, 3, 3, 3, 3, 3, 3, 3, 3, 3, 3, 3, 3, 3, 3, 3, 3, 3, 3, 3, 3, 3, 3, 3, 3, 3, 3, 3, 3, 3, 3, 3, 3, 3, 3, 3, 3, 3, 3, 3, 3, 3, 3, 3, 3, 3, 3, 3, 3, 3, 3, 3, 3, 3, 3, 3, 3, 3, 3, 3, 3, 3, 3, 3, 3, 3, 3, 3, 3, 3, 3, 3, 3, 3, 3, 3, 3, 3, 3, 3, 3, 3, 3, 3, 3, 3, 3, 3, 3, 3, 3, 3, 3, 3, 3, 3, 3, 3, 3, 3, 3, 3, 3, 3, 3, 3, 3, 3, 3, 3, 3, 3, 3, 3, 3, 3, 3, 3, 3, 3, 3, 3, 3, 3, 3, 3, 3, 3, 3, 3, 3, 3, 3, 3, 3, 3, 3, 3, 3, 3, 3, 3, 3, 3, 3, 3, 3, 3, 3, 3, 3, 3, 3, 3, 3, 3, 3, 3, 3, 3, 3, 3, 3, 3, 3, 3, 3, 3, 3, 3, 3, 3, 3, 3, 3, 3, 3, 3, 3, 3, 3, 3, 3, 3, 3, 3, 3, 3, 3, 3, 3, 3, 3, 3, 3, 3, 3, 3, 3, 3, 3, 3, 3, 3, 3, 3, 3, 3, 3, 3, 3, 3, 3, 3, 3, 3, 3, 3, 3, 3, 3, 3, 3, 3, 3, 3, 3, 3, 3, 3, 3, 3, 3, 3, 3, 3, 3, 3, 3, 3, 3, 3, 3, 3, 3, 3, 3, 3, 3, 3, 3, 3, 3, 3, 3, 3, 3, 3, 3, 3, 3, 3, 3, 3, 3, 3, 3, 3, 3, 3, 3, 3, 3, 3, 3, 3, 3, 3, 3, 3, 3, 3, 3, 3, 3, 3, 3, 3, 3, 3, 3, 3, 3, 3, 3, 3, 3, 3, 3, 3, 3, 3, 3, 3, 3, 3, 3, 3, 3, 3, 3, 3, 3, 3, 3, 3, 3, 3, 3, 3, 3, 3, 3, 3, 3, 3, 3, 3, 3, 3, 3, 3, 3, 3, 3, 3, 3, 3, 3, 3, 3, 3, 3, 3, 3, 3, 3, 3, 3, 3, 3, 3, 3, 3, 3, 3, 3, 3, 3, 3, 3, 3, 3, 3, 3, 3, 3, 3, 3, 3, 3, 3, 3, 3, 3, 3, 3, 3, 3, 3, 3, 3, 3, 3, 3, 3, 3, 3, 3, 3, 3, 3, 3, 3, 3, 3, 3, 3, 3, 3, 3, 3, 3, 3, 3, 3, 3, 3, 3, 3, 3, 3, 3, 3, 3, 3, 3, 3, 3, 3, 3, 3, 3, 3, 3, 3, 3, 3, 3, 3, 3, 3, 3, 3, 3, 3, 3, 3, 3, 3, 3, 3, 3, 3, 3, 3, 3, 3, 3, 3, 3, 3, 3, 3, 3, 3, 3, 3, 3, 3, 3, 3, 3, 3, 3, 3, 3, 3, 3, 3, 3, 3, 3, 3, 3, 3, 3, 3, 3, 3, 3, 3, 3, 3, 3, 3, 3, 3, 3, 3, 3, 3, 3, 3, 3, 3, 3, 3, 3, 3, 3, 3, 3, 3, 3, 3, 3, 3, 3, 3, 3, 3, 3, 3, 3, 3, 3, 3, 3, 3, 3, 3, 3, 3, 3, 3, 3, 3, 3, 3, 3, 3, 3, 3, 3, 3, 3, 3, 3, 3, 3, 3, 3, 3, 3, 3, 3, 3, 3, 3, 3, 3, 3, 3, 3, 3, 3, 3, 3, 3, 3, 3, 3, 3, 3, 3, 3, 3, 3, 3, 3, 3, 3, 3, 3, 3, 3, 3, 3, 3, 3, 3, 3, 3, 3, 3, 3, 3, 3, 3, 3, 3, 3, 3, 3, 3, 3, 3, 3, 3, 3, 3, 3, 3, 3, 3, 3, 3, 3, 3, 3, 3, 3, 3, 3, 3, 3, 3, 3, 3, 3, 3, 3, 3, 3, 3, 3, 3, 3, 3, 3, 3, 3, 3, 3, 3, 3, 3, 3, 3, 3, 3, 3, 3, 3, 3, 3, 3, 3, 3, 3, 3, 3, 3, 3, 3, 3, 3, 3, 3, 3, 3, 3, 3, 3, 3, 3, 3, 3, 3, 3, 3, 3, 3, 3, 3, 3, 3, 3, 3, 3, 3, 3, 3, 3, 3, 3, 3, 3, 3, 3, 3, 3, 3, 3, 3, 3, 3, 3, 3, 3, 3, 3, 3, 3, 3, 3, 3, 3, 3, 3, 3, 3, 3, 3, 3, 3, 3, 3, 3, 3, 3, 3, 3, 3, 3, 3, 3, 3, 3, 3, 3, 3, 3, 3, 3, 3, 3, 3, 3, 3, 3, 3, 3, 3, 3, 3, 3, 3, 3, 3, 3, 3, 3, 3, 3, 3, 3, 3, 3, 3, 3, 3, 3, 3, 3, 3, 3, 3, 3, 3, 3, 3, 3, 3, 3, 3, 3, 3, 3, 3, 3, 3, 3, 3, 3, 3, 3, 3, 3, 3, 3, 3, 3, 3, 3, 3, 3, 3, 3, 3, 3, 3, 3, 3, 3, 3, 3, 3, 3, 3, 3, 3, 3, 3, 3, 3, 3, 3, 3, 3, 3, 3, 3, 3, 3, 3, 3, 3, 3, 3, 3, 3, 3, 3, 3, 3, 3, 3, 3, 3, 3, 3, 3, 3, 3, 3, 3, 3, 3, 3, 3, 3, 3, 3, 3, 3, 3, 3, 3, 3, 3, 3, 3, 3, 3, 3, 3, 3, 3, 3, 3, 3, 3, 3, 3, 3, 3, 3, 3, 3, 3, 3, 3, 3, 3, 3, 3, 3, 3, 3, 3, 3, 3, 3, 3, 3, 3, 3, 3, 3, 3, 3, 3, 3, 3, 3, 3, 3, 3, 3, 3, 3, 3, 3, 3, 3, 3, 3, 3, 3, 3, 3, 3, 3, 3, 3, 3, 3, 3, 3, 3, 3, 3, 3, 3, 3, 3, 3, 3, 3, 3, 3, 3, 3, 3, 3, 3, 3, 3, 3, 3, 3, 3, 3, 3, 3, 3, 3, 3, 3, 3, 3, 3, 3, 3, 3, 3, 3, 3, 3, 3, 3, 3, 3, 3, 3, 3, 3, 3, 3, 3, 3, 3, 3, 3, 3, 3, 3, 3, 3, 3, 3, 3, 3, 3, 3, 3, 3, 3, 3, 3, 3, 3, 3, 3, 3, 3, 3, 3, 3, 3, 3, 3, 3, 3, 3, 3, 3, 3, 3, 3, 3, 3, 3, 3, 3, 3, 3, 3, 3, 3, 3, 3, 3, 3, 3, 3, 3, 3, 3, 3, 3, 3, 3, 3, 3, 3, 3, 3, 3, 3, 3, 3, 3, 3, 3, 3, 3, 3, 3, 3, 3, 3, 3, 3, 3, 3, 3, 3, 3, 3, 3, 3, 3, 3, 3, 3, 3, 3, 3, 3, 3, 3, 3, 3, 3, 3, 3, 3, 3, 3, 3, 3, 3, 3, 3, 3, 3, 3, 3, 3, 3, 3, 3, 3, 3, 3, 3, 3, 3, 3, 3, 3, 3, 3, 3, 3, 3, 3, 3, 3, 3, 3, 3, 3, 3, 3, 3, 3, 3, 3, 3, 3, 3, 3, 3, 3, 3, 3, 3, 3, 3, 3, 3, 3, 3, 3, 3, 3, 3, 3, 3, 3, 3, 3, 3, 3, 3, 3, 3, 3, 3, 3, 3, 3, 3, 3, 3, 3, 3, 3, 3, 3, 3, 3, 3, 3, 3, 3, 3, 3, 3, 3, 3, 3, 3, 3, 3, 3, 3, 3, 3, 3, 3, 3, 3, 3, 3, 3, 3, 3, 3, 3, 3, 3, 3, 3, 3, 3, 3, 3, 3, 3, 3, 3, 3, 3, 3, 3, 3, 3, 3, 3, 3, 3, 3, 3, 3, 3, 3, 3, 3, 3, 3, 3, 3, 3, 3, 3, 3, 3, 3, 3, 3, 3, 3, 3, 3, 3, 3, 3, 3, 3, 3, 3, 3, 3, 3, 3, 3, 3, 3, 3, 3, 3, 3, 3, 3, 3, 3, 3, 3, 3, 3, 3, 3, 3, 3, 3, 3, 3, 3, 3, 3, 3, 3, 3, 3, 3, 3, 3, 3, 3, 3, 3, 3, 3, 3, 3, 3, 3, 3, 3, 3, 3, 3, 3, 3, 3, 3, 3, 3, 3, 3, 3, 3, 3, 3, 3, 3, 3, 3, 3, 3, 3, 3, 3, 3, 3, 3, 3, 3, 3, 3, 3, 3, 3, 3, 3, 3, 3, 3, 3, 3, 3, 3, 3, 3, 3, 3, 3, 3, 3, 3, 3, 3, 3, 3, 3, 3, 3, 3, 3, 3, 3, 3, 3, 3, 3, 3, 3, 3, 3, 3, 3, 3, 3, 3, 3, 3, 3, 3, 3, 3, 3, 3, 3, 3, 3, 3, 3, 3, 3, 3, 3, 3, 3, 3, 3, 3, 3, 3, 3, 3, 3, 3, 3, 3, 3, 3, 3, 3, 3, 3, 3, 3, 3, 3, 3, 3, 3, 3, 3, 3, 3, 3, 3, 3, 3, 3, 3, 3, 3, 3, 3, 3, 3, 3, 3, 3, 3, 3, 3, 3, 3, 3, 3, 3, 3, 3, 3, 3, 3, 3, 3, 3, 3, 3, 3, 3, 3, 3, 3, 3, 3, 3, 3, 3, 3, 3, 3, 3, 3, 3, 3, 3, 3, 3, 3, 3, 3, 3, 3, 3, 3, 3, 3, 3, 3, 3, 3, 3, 3, 3, 3, 3, 3, 3, 3, 3, 3, 3, 3, 3, 3, 3, 3, 3, 3, 3, 3, 3, 3, 3, 3, 3, 3, 3, 3, 3, 3, 3, 3, 3, 3, 3, 3, 3, 3, 3, 3, 3, 3, 3, 3, 3, 3, 3, 3, 3, 3, 3, 3, 3, 3, 3, 3, 3, 3, 3, 3, 3, 3, 3, 3, 3, 3, 3, 3, 3, 3, 3, 3, 3, 3, 3, 3, 3, 3, 3, 3, 3, 3, 3, 3, 3, 3, 3, 3, 3, 3, 3, 3, 3, 3, 3, 3, 3, 3, 3, 3, 3, 3, 3, 3, 3, 3, 3, 3, 3, 3, 3, 3, 3, 3, 3, 3, 3, 3, 3, 3, 3, 3, 3, 3, 3, 3, 3, 3, 3, 3, 3, 3, 3, 3, 3, 3, 3, 3, 3, 3, 3, 3, 3, 3, 3, 3, 3, 3, 3, 3, 3, 3, 3, 3, 3, 3, 3, 3, 3, 3, 3, 3, 3, 3, 3, 3, 3, 3, 3, 3, 3, 3, 3, 3, 3, 3, 3, 3, 3, 3, 3, 3, 3, 3, 3, 3, 3, 3, 3, 3, 3, 3, 3, 3, 3, 3, 3, 3, 3, 3, 3, 3, 3, 3, 3, 3, 3, 3, 3, 3, 3, 3, 3, 3, 3, 3, 3, 3, 3, 3, 3, 3, 3, 3, 3, 3, 3, 3, 3, 3, 3, 3, 3, 3, 3, 3, 3, 3, 3, 3, 3, 3, 3, 3, 3, 3, 3, 3, 3, 3, 3, 3, 3, 3, 3, 3, 3, 3, 3, 3, 3, 3, 3, 3, 3, 3, 3, 3, 3, 3, 3, 3, 3, 3, 3, 3, 3, 3, 3, 3, 3, 3, 3, 3, 3, 3, 3, 3, 3, 3, 3, 3, 3, 3, 3, 3, 3, 3, 3, 3, 3, 3, 3, 3, 3, 3, 3, 3, 3, 3, 3, 3, 3, 3, 3, 3, 3, 3, 3, 3, 3, 3, 3, 3, 3, 3, 3, 3, 3, 3, 3, 3, 3, 3, 3, 3, 3, 3, 3, 3, 3, 3, 3, 3, 3, 3, 3, 3, 3, 3, 3, 3, 3, 3, 3, 3, 3, 3, 3, 3, 3, 3, 3, 3, 3, 3, 3, 3, 3, 3, 3, 3, 3, 3, 3, 3, 3, 3, 3, 3, 3, 3, 3, 3, 3, 3, 3, 3, 3, 3, 3, 3, 3, 3, 3, 3, 3, 3, 3, 3, 3, 3, 3, 3, 3, 3, 3, 3, 3, 3, 3, 3, 3, 3, 3, 3, 3, 3, 3, 3, 3, 3, 3, 3, 3, 3, 3, 3, 3, 3, 3, 3, 3, 3, 3, 3, 3, 3, 3, 3, 3, 3, 3, 3, 3, 3, 3, 3, 3, 3, 3, 3, 3, 3, 3, 3, 3, 3, 3, 3, 3, 3, 3, 3, 3, 3, 3, 3, 3, 3, 3, 3, 3, 3, 3, 3, 3, 3, 3, 3, 3, 3, 3, 3, 3, 3, 3, 3, 3, 3, 3, 3, 3, 3, 3, 3, 3, 3, 3, 3, 3, 3, 3, 3, 3, 3, 3, 3, 3, 3, 3, 3, 3, 3, 3, 3, 3, 3, 3, 3, 3, 3, 3, 3, 3, 3, 3, 3, 3, 3, 3, 3, 3, 3, 3, 3, 3, 3, 3, 3, 3, 3, 3, 3, 3, 3, 3, 3, 3, 3, 3, 3, 3, 3, 3, 3, 3, 3, 3, 3, 3, 3, 3, 3, 3, 3, 3, 3, 3, 3, 3, 3, 3, 3, 3, 3, 3, 3, 3, 3, 3, 3, 3, 3, 3, 3, 3, 3, 3, 3, 3, 3, 3, 3, 3, 3, 3, 3, 3, 3, 3, 3, 3, 3, 3, 3, 3, 3, 3, 3, 3, 3, 3, 3, 3, 3, 3, 3, 3, 3, 3, 3, 3, 3, 3, 3, 3, 3, 3, 3, 3, 3, 3, 3, 3, 3, 3, 3, 3, 3, 3, 3, 3, 3, 3, 3, 3, 3, 3, 3, 3, 3, 3, 3, 3, 3, 3, 3, 3, 3, 3, 3, 3, 3, 3, 3, 3, 3, 3, 3, 3, 3, 3, 3, 3, 3, 3, 3, 3, 3, 3, 3, 3, 3, 3, 3, 3, 3, 3, 3, 3, 3, 3, 3, 3, 3, 3, 3, 3, 3, 3, 3, 3, 3, 3, 3, 3, 3, 3, 3, 3, 3, 3, 3, 3, 3, 3, 3, 3, 3, 3, 3, 3, 3, 3, 3, 3, 3, 3, 3, 3, 3, 3, 3, 3, 3, 3, 3, 3, 3, 3, 3, 3, 3, 3, 3, 3, 3, 3, 3, 3, 3, 3, 3, 3, 3, 3, 3, 3, 3, 3, 3, 3, 3, 3, 3, 3, 3, 3, 3, 3, 3, 3, 3, 3, 3, 3, 3, 3, 3, 3, 3, 3, 3, 3, 3, 3, 3, 3, 3, 3, 3, 3, 3, 3, 3, 3, 3, 3, 3, 3, 3, 3, 3, 3, 3, 3, 3, 3, 3, 3, 3, 3, 3, 3, 3, 3, 3, 3, 3, 3, 3, 3, 3, 3, 3, 3, 3, 3, 3, 3, 3, 3, 3, 3, 3, 3, 3, 3, 3, 3, 3, 3, 3, 3, 3, 3, 3, 3, 3, 3, 3, 3, 3, 3, 3, 3, 3, 3, 3, 3, 3, 3, 3, 3, 3, 3, 3, 3, 3, 3, 3, 3, 3, 3, 3, 3, 3, 3, 3, 3, 3, 3, 3, 3, 3, 3, 3, 3, 3, 3, 3, 3, 3, 3, 3, 3, 3, 3, 3, 3, 3, 3, 3, 3, 3, 3, 3, 3, 3, 3, 3, 3, 3, 3, 3, 3, 3, 3, 3, 3, 3, 3, 3, 3, 3, 3, 3, 3, 3, 3, 3, 3, 3, 3, 3, 3, 3, 3, 3, 3, 3, 3, 3, 3, 3, 3, 3, 3, 3, 3, 3, 3, 3, 3, 3, 3, 3, 3, 3, 3, 3, 3, 3, 3, 3, 3, 3, 3, 3, 3, 3, 3, 3, 3, 3, 3, 3, 3, 3, 3, 3, 3, 3, 3, 3, 3, 3, 3, 3, 3, 3, 3, 3, 3, 3, 3, 3, 3, 3, 3, 3, 3, 3, 3, 3, 3, 3, 3, 3, 3, 3, 3, 3, 3, 3, 3, 3, 3, 3, 3, 3, 3, 3, 3, 3, 3, 3, 3, 3, 3, 3, 3, 3, 3, 3, 3, 3, 3, 3, 3, 3, 3, 3, 3, 3, 3, 3, 3, 3, 3, 3, 3, 3, 3, 3, 3, 3, 3, 3, 3, 3, 3, 3, 3, 3, 3, 3, 3, 3, 3, 3, 3, 3, 3, 3, 3, 3, 3, 3, 3, 3, 3, 3, 3, 3, 3, 3, 3, 3, 3, 3, 3, 3, 3, 3, 3, 3, 3, 3, 3, 3, 3, 3, 3, 3, 3, 3, 3, 3, 3, 3, 3, 3, 3, 3, 3, 3, 3, 3, 3, 3, 3, 3, 3, 3, 3, 3, 3, 3, 3, 3, 3, 3, 3, 3, 3, 3, 3, 3, 3, 3, 3, 3, 3, 3, 3, 3, 3, 3, 3, 3, 3, 3, 3, 3, 3, 3, 3, 3, 3, 3, 3, 3, 3, 3, 3, 3, 3, 3, 3, 3, 3, 3, 3, 3, 3, 3, 3, 3, 3, 3, 3, 3, 3, 3, 3, 3, 3, 3, 3, 3, 3, 3, 3, 3, 3, 3, 3, 3, 3, 3, 3, 3, 3, 3, 3, 3, 3, 3, 3, 3, 3, 3, 3, 3, 3, 3, 3, 3, 3, 3, 3, 3, 3, 3, 3, 3, 3, 3, 3, 3, 3, 3, 3, 3, 3, 3, 3, 3, 3, 3, 3, 3, 3, 3, 3, 3, 3, 3, 3, 3, 3, 3, 3, 3, 3, 3, 3, 3, 3, 3, 3, 3, 3, 3, 3, 3, 3, 3, 3, 3, 3, 3, 3, 3, 3, 3, 3, 3, 3, 3, 3, 3, 3, 3, 3, 3, 3, 3, 3, 3, 3, 3, 3, 3, 3, 3, 3, 3, 3, 3, 3, 3, 3, 3, 3, 3, 3, 3, 3, 3, 3, 3, 3, 3, 3, 3, 3, 3, 3, 3, 3, 3, 3, 3, 3, 3, 3, 3, 3, 3, 3, 3, 3, 3, 3, 3, 3, 3, 3, 3, 3, 3, 3, 3, 3, 3, 3, 3, 3, 3, 3, 3, 3, 3, 3, 3, 3, 3, 3, 3, 3, 3, 3, 3, 3, 3, 3, 3, 3, 3, 3, 3, 3, 3, 3, 3, 3, 3, 3, 3, 3, 3, 3, 3, 3, 3, 3, 3, 3, 3, 3, 3, 3, 3, 3, 3, 3, 3, 3, 3, 3, 3, 3, 3, 3, 3, 3, 3, 3, 3, 3, 3, 3, 3, 3, 3, 3, 3, 3, 3, 3, 3, 3, 3, 3, 3, 3, 3, 3, 3, 3, 3, 3, 3, 3, 3, 3, 3, 3, 3, 3, 3, 3, 3, 3, 3, 3, 3, 3, 3, 3, 3, 3, 3, 3, 3, 3, 3, 3, 3, 3, 3, 3, 3, 3, 3, 3, 3, 3, 3, 3, 3, 3, 3, 3, 3, 3, 3, 3, 3, 3, 3, 3, 3, 3, 3, 3, 3, 3, 3, 3, 3, 3, 3, 3, 3, 3, 3, 3, 3, 3, 3, 3, 3, 3, 3, 3, 3, 3, 3, 3, 3, 3, 3, 3, 3, 3, 3, 3, 3, 3, 3, 3, 3, 3, 3, 3, 3, 3, 3, 3, 3, 3, 3, 3, 3, 3, 3, 3, 3, 3, 3, 3, 3, 3, 3, 3, 3, 3, 3, 3, 3, 3, 3, 3, 3, 3, 3, 3, 3, 3, 3, 3, 3, 3, 3, 3, 3, 3, 3, 3, 3, 3, 3, 3, 3, 3, 3, 3, 3, 3, 3, 3, 3, 3, 3, 3, 3, 3, 3, 3, 3, 3, 3, 3, 3, 3, 3, 3, 3, 3, 3, 3, 3, 3, 3, 3, 3, 3, 3, 3, 3, 3, 3, 3, 3, 3, 3, 3, 3, 3, 3, 3, 3, 3, 3, 3, 3, 3, 3, 3, 3, 3, 3, 3, 3, 3, 3, 3, 3, 3, 3, 3, 3, 3, 3, 3, 3, 3, 3, 3, 3, 3, 3, 3, 3, 3, 3, 3, 3, 3, 3, 3, 3, 3, 3, 3, 3, 3, 3, 3, 3, 3, 3, 3, 3, 3, 3, 3, 3, 3, 3, 3, 3, 3, 3, 3, 3, 3, 3, 3, 3, 3, 3, 3, 3, 3, 3, 3, 3, 3, 3, 3, 3, 3, 3, 3, 3, 3, 3, 3, 3, 3, 3, 3, 3, 3, 3, 3, 3, 3, 3, 3, 3, 3, 3, 3, 3, 3, 3, 3, 3, 3, 3, 3, 3, 3, 3, 3, 3, 3, 3, 3, 3, 3, 3, 3, 3, 3, 3, 3, 3, 3, 3, 3, 3, 3, 3, 3, 3, 3, 3, 3, 3, 3, 3, 3, 3, 3, 3, 3, 3, 3, 3, 3, 3, 3, 3, 3, 3, 3, 3, 3, 3, 3, 3, 3, 3, 3, 3, 3, 3, 3, 3, 3, 3, 3, 3, 3, 3, 3, 3, 3, 3, 3, 3, 3, 3, 3, 3, 3, 3, 3, 3, 3, 3, 3, 3, 3, 3, 3, 3, 3, 3, 3, 3, 3, 3, 3, 3, 3, 3, 3, 3, 3, 3, 3, 3, 3, 3, 3, 3, 3, 3, 3, 3, 3, 3, 3, 3, 3, 3, 3, 3, 3, 3, 3, 3, 3, 3, 3, 3, 3, 3, 3, 3, 3, 3, 3, 3, 3, 3, 3, 3, 3, 3, 3, 3, 3, 3, 3, 3, 3, 3, 3, 3, 3, 3, 3, 3, 3, 3, 3, 3, 3, 3, 3, 3, 3, 3, 3, 3, 3, 3, 3, 3, 3, 3, 3, 3, 3, 3, 3, 3, 3, 3, 3, 3, 3, 3, 3, 3, 3, 3, 3, 3, 3, 3, 3, 3, 3, 3, 3, 3, 3, 3, 3, 3, 3, 3, 3, 3, 3, 3, 3, 3, 3, 3, 3, 3, 3, 3, 3, 3, 3, 3, 3, 3, 3, 3, 3, 3, 3, 3, 3, 3, 3, 3, 3, 3, 3, 3, 3, 3, 3, 3, 3, 3, 3, 3, 3, 3, 3, 3, 3, 3, 3, 3, 3, 3, 3, 3, 3, 3, 3, 3, 3, 3, 3, 3, 3, 3, 3, 3, 3, 3, 3, 3, 3, 3, 3, 3, 3, 3, 3, 3, 3, 3, 3, 3, 3, 3, 3, 3, 3, 3, 3, 3, 3, 3, 3, 3, 3, 3, 3, 3, 3, 3, 3, 3, 3, 3, 3, 3, 3, 3, 3, 3, 3, 3, 3, 3, 3, 3, 3, 3, 3, 3, 3, 3, 3, 3, 3, 3, 3, 3, 3, 3, 3, 3, 3, 3, 3, 3, 3, 3, 3, 3, 3, 3, 3, 3, 3, 3, 3, 3, 3, 3, 3, 3, 3, 3, 3, 3, 3, 3, 3, 3, 3, 3, 3, 3, 3, 3, 3, 3, 3, 3, 3, 3, 3, 3, 3, 3, 3, 3, 3, 3, 3, 3, 3, 3, 3, 3, 3, 3, 3, 3, 3, 3, 3, 3, 3, 3, 3, 3, 3, 3, 3, 3, 3, 3, 3, 3, 3, 3, 3, 3, 3, 3, 3, 3, 3, 3, 3, 3, 3, 3, 3, 3, 3, 3, 3, 3, 3, 3, 3, 3, 3, 3, 3, 3, 3, 3, 3, 3, 3, 3, 3, 3, 3, 3, 3, 3, 3, 3, 3, 3, 3, 3, 3, 3, 3, 3, 3, 3, 3, 3, 3, 3, 3, 3, 3, 3, 3, 3, 3, 3, 3, 3, 3, 3, 3, 3, 3, 3, 3, 3, 3, 3, 3, 3, 3, 3, 3, 3, 3, 3, 3, 3, 3, 3, 3, 3, 3, 3, 3, 3, 3, 3, 3, 3, 3, 3, 3, 3, 3, 3, 3, 3, 3, 3, 3, 3, 3, 3, 3, 3, 3, 3, 3, 3, 3, 3, 3, 3, 3, 3, 3, 3, 3, 3, 3, 3, 3, 3, 3, 3, 3, 3, 3, 3, 3, 3, 3, 3, 3, 3, 3, 3, 3, 3, 3, 3, 3, 3, 3, 3, 3, 3, 3, 3, 3, 3, 3, 3, 3, 3, 3, 3, 3, 3, 3, 3, 3, 3, 3, 3, 3, 3, 3, 3, 3, 3, 3, 3, 3, 3, 3, 3, 3, 3, 3, 3, 3, 3, 3, 3, 3, 3, 3, 3, 3, 3, 3, 3, 3, 3, 3, 3, 3, 3, 3, 3, 3, 3, 3, 3, 3, 3, 3, 3, 3, 3, 3, 3, 3, 3, 3, 3, 3, 3, 3, 3, 3, 3, 3, 3, 3, 3, 3, 3, 3, 3, 3, 3, 3, 3, 3, 3, 3, 3, 3, 3, 3, 3, 3, 3, 3, 3, 3, 3, 3, 3, 3, 3, 3, 3, 3, 3, 3, 3, 3, 3, 3, 3, 3, 3, 3, 3, 3, 3, 3, 3, 3, 3, 3, 3, 3, 3, 3, 3, 3, 3, 3, 3, 3, 3, 3, 3, 3, 3, 3, 3, 3, 3, 3, 3, 3, 3, 3, 3, 3, 3, 3, 3, 3, 3, 3, 3, 3, 3, 3, 3, 3, 3, 3, 3, 3, 3, 3, 3, 3, 3, 3, 3, 3, 3, 3, 3, 3, 3, 3, 3, 3, 3, 3, 3, 3, 3, 3, 3, 3, 3, 3, 3, 3, 3, 3, 3, 3, 3, 3, 3, 3, 3, 3, 3, 3, 3, 3, 3, 3, 3, 3, 3, 3, 3, 3, 3, 3, 3, 3, 3, 3, 3, 3, 3, 3, 3, 3, 3, 3, 3, 3, 3, 3, 3, 3, 3, 3, 3, 3, 3, 3, 3, 3, 3, 3, 3, 3, 3, 3, 3, 3, 3, 3, 3, 3, 3, 3, 3, 3, 3, 3, 3, 3, 3, 3, 3, 3, 3, 3, 3, 3, 3, 3, 3, 3, 3, 3, 3, 3, 3, 3, 3, 3, 3, 3, 3, 3, 3, 3, 3, 3, 3, 3, 3, 3, 3, 3, 3, 3, 3, 3, 3, 3, 3, 3, 3, 3, 3, 3, 3, 3, 3, 3, 3, 3, 3, 3, 3, 3, 3, 3, 3, 3, 3, 3, 3, 3, 3, 3, 3, 3, 3, 3, 3, 3, 3, 3, 3, 3, 3, 3, 3, 3, 3, 3, 3, 3, 3, 3, 3, 3, 3, 3, 3, 3, 3, 3, 3, 3, 3, 3, 3, 3, 3, 3, 3, 3, 3, 3, 3, 3, 3, 3, 3, 3, 3, 3, 3, 3, 3, 3, 3, 3, 3, 3, 3, 3, 3, 3, 3, 3, 3, 3, 3, 3, 3, 3, 3, 3, 3, 3, 3, 3, 3, 3, 3, 3, 3, 3, 3, 3, 3, 3, 3, 3, 3, 3, 3, 3, 3, 3, 3, 3, 3, 3, 3, 3, 3, 3, 3, 3, 3, 3, 3, 3, 3, 3, 3, 3, 3, 3, 3, 3, 3, 3, 3, 3, 3, 3, 3, 3, 3, 3, 3, 3, 3, 3, 3, 3, 3, 3, 3, 3, 3, 3, 3, 3, 3, 3, 3, 3, 3, 3, 3, 3, 3, 3, 3, 3, 3, 3, 3, 3, 3, 3, 3, 3, 3, 3, 3, 3, 3, 3, 3, 3, 3, 3, 3, 3, 3, 3, 3, 3, 3, 3, 3, 3, 3, 3, 3, 3, 3, 3, 3, 3, 3, 3, 3, 3, 3, 3, 3, 3, 3, 3, 3, 3, 3, 3, 3, 3, 3, 3, 3, 3, 3, 3, 3, 3, 3, 3, 3, 3, 3, 3, 3, 3, 3, 3, 3, 3, 3, 3, 3, 3, 3, 3, 3, 3, 3, 3, 3, 3, 3, 3, 3, 3, 3, 3, 3, 3, 3, 3, 3, 3, 3, 3, 3, 3, 3, 3, 3, 3, 3, 3, 3, 3, 3, 3, 3, 3, 3, 3, 3, 3, 3, 3, 3, 3, 3, 3, 3, 3, 3, 3, 3, 3, 3, 3, 3, 3, 3, 3, 3, 3, 3, 3, 3, 3, 3, 3, 3, 3, 3, 3, 3, 3, 3, 3, 3, 3, 3, 3, 3, 3, 3, 3, 3, 3, 3, 3, 3, 3, 3, 3, 3, 3, 3, 3, 3, 3, 3, 3, 3, 3, 3, 3, 3, 3, 3, 3, 3, 3, 3, 3, 3, 3, 3, 3, 3, 3, 3, 3, 3, 3, 3, 3, 3, 3, 3, 3, 3, 3, 3, 3, 3, 3, 3, 3, 3, 3, 3, 3, 3, 3, 3, 3, 3, 3, 3, 3, 3, 3, 3, 3, 3, 3, 3, 3, 3, 3, 3, 3, 3, 3, 3, 3, 3, 3, 3, 3, 3, 3, 3, 3, 3, 3, 3, 3, 3, 3, 3, 3, 3, 3, 3, 3, 3, 3, 3, 3, 3, 3, 3, 3, 3, 3, 3, 3, 3, 3, 3, 3, 3, 3, 3, 3, 3, 3, 3, 3, 3, 3, 3, 3, 3, 3, 3, 3, 3, 3, 3, 3, 3, 3, 3, 3, 3, 3, 3, 3, 3, 3, 3, 3, 3, 3, 3, 3, 3, 3, 3, 3, 3, 3, 3, 3, 3, 3, 3, 3, 3, 3, 3, 3, 3, 3, 3, 3, 3, 3, 3, 3, 3, 3, 3, 3, 3, 3, 3, 3, 3, 3, 3, 3, 3, 3, 3, 3, 3, 3, 3, 3, 3, 3, 3, 3, 3, 3, 3, 3, 3, 3, 3, 3, 3, 3, 3, 3, 3, 3, 3, 3, 3, 3, 3, 3, 3, 3, 3, 3, 3, 3, 3, 3, 3, 3, 3, 3, 3, 3, 3, 3, 3, 3, 3, 3, 3, 3, 3, 3, 3, 3, 3, 3, 3, 3, 3, 3, 3, 3, 3, 3, 3, 3, 3, 3, 3, 3, 3, 3, 3, 3, 3, 3, 3, 3, 3, 3, 3, 3, 3, 3, 3, 3, 3, 3, 3, 3, 3, 3, 3, 3, 3, 3, 3, 3, 3, 3, 3, 3, 3, 3, 3, 3, 3, 3, 3, 3, 3, 3, 3, 3, 3, 3, 3, 3, 3, 3, 3, 3, 3, 3, 3, 3, 3, 3, 3, 3, 3, 3, 3, 3, 3, 3, 3, 3, 3, 3, 3, 3, 3, 3, 3, 3, 3, 3, 3, 3, 3, 3, 3, 3, 3, 3, 3, 3, 3, 3, 3, 3, 3, 3, 3, 3, 3, 3, 3, 3, 3, 3, 3, 3, 3, 3, 3, 3, 3, 3, 3, 3, 3, 3, 3, 3, 3, 3, 3, 3, 3, 3, 3, 3, 3, 3, 3, 3, 3, 3, 3, 3, 3, 3, 3, 3, 3, 3, 3, 3, 3, 3, 3, 3, 3, 3, 3, 3, 3, 3, 3, 3, 3, 3, 3, 3, 3, 3, 3, 3, 3, 3, 3, 3, 3, 3, 3, 3, 3, 3, 3, 3, 3, 3, 3, 3, 3, 3, 3, 3, 3, 3, 3, 3, 3, 3, 3, 3, 3, 3, 3, 3, 3, 3, 3, 3, 3, 3, 3, 3, 3, 3, 3, 3, 3, 3, 3, 3, 3, 3, 3, 3, 3, 3, 3, 3, 3, 3, 3, 3, 3, 3, 3, 3, 3, 3, 3, 3, 3, 3, 3, 3, 3, 3, 3, 3, 3, 3, 3, 3, 3, 3, 3, 3, 3, 3, 3, 3, 3, 3, 3, 3, 3, 3, 3, 3, 3, 3, 3, 3, 3, 3, 3, 3, 3, 3, 3, 3, 3, 3, 3, 3, 3, 3, 3, 3, 3, 3, 3, 3, 3, 3, 3, 3, 3, 3, 3, 3, 3, 3, 3, 3, 3, 3, 3, 3, 3, 3, 3, 3, 3, 3, 3, 3, 3, 3, 3, 3, 3, 3, 3, 3, 3, 3, 3, 3, 3, 3, 3, 3, 3, 3, 3, 3, 3, 3, 3, 3, 3, 3, 3, 3, 3, 3, 3, 3, 3, 3, 3, 3, 3, 3, 3, 3, 3, 3, 3, 3, 3, 3, 3, 3, 3, 3, 3, 3, 3, 3, 3, 3, 3, 3, 3, 3, 3, 3, 3, 3, 3, 3, 3, 3, 3, 3, 3, 3, 3, 3, 3, 3, 3, 3, 3, 3, 3, 3, 3, 3, 3, 3, 3, 3, 3, 3, 3, 3, 3, 3, 3, 3, 3, 3, 3, 3, 3, 3, 3, 3, 3, 3, 3, 3, 3, 3, 3, 3, 3, 3, 3, 3, 3, 3, 3, 3, 3, 3, 3, 3, 3, 3, 3, 3, 3, 3, 3, 3, 3, 3, 3, 3, 3, 3, 3, 3, 3, 3, 3, 3, 3, 3, 3, 3, 3, 3, 3, 3, 3, 3, 3, 3, 3, 3, 3, 3, 3, 3, 3, 3, 3, 3, 3, 3, 3, 3, 3, 3, 3, 3, 3, 3, 3, 3, 3, 3, 3, 3, 3, 3, 3, 3, 3, 3, 3, 3, 3, 3, 3, 3, 3, 3, 3, 3, 3, 3, 3, 3, 3, 3, 3, 3, 3, 3, 3, 3, 3, 3, 3, 3, 3, 3, 3, 3, 3, 3, 3, 3, 3, 3, 3, 3, 3, 3, 3, 3, 3, 3, 3, 3, 3, 3, 3, 3, 3, 3, 3, 3, 3, 3, 3, 3, 3, 3, 3, 3, 3, 3, 3, 3, 3, 3, 3, 3, 3, 3, 3, 3, 3, 3, 3, 3, 3, 3, 3, 3, 3, 3, 3, 3, 3, 3, 3, 3, 3, 3, 3, 3, 3, 3, 3, 3, 3, 3, 3, 3, 3, 3, 3, 3, 3, 3, 3, 3, 3, 3, 3, 3, 3, 3, 3, 3, 3, 3, 3, 3, 3, 3, 3, 3, 3, 3, 3, 3, 3, 3, 3, 3, 3, 3, 3, 3, 3, 3, 3, 3, 3, 3, 3, 3, 3, 3, 3, 3, 3, 3, 3, 3, 3, 3, 3, 3, 3, 3, 3, 3, 3, 3, 3, 3, 3, 3, 3, 3, 3, 3, 3, 3, 3, 3, 3, 3, 3, 3, 3, 3, 3, 3, 3, 3, 3, 3, 3, 3, 3, 3, 3, 3, 3, 3, 3, 3, 3, 3, 3, 3, 3, 3, 3, 3, 3, 3, 3, 3, 3, 3, 3, 3, 3, 3, 3, 3, 3, 3, 3, 3, 3, 3, 3, 3, 3, 3, 3, 3, 3, 3, 3, 3, 3, 3, 3, 3, 3, 3, 3, 3, 3, 3, 3, 3, 3, 3, 3, 3, 3, 3, 3, 3, 3, 3, 3, 3, 3, 3, 3, 3, 3, 3, 3, 3, 3, 3, 3, 3, 3, 3, 3, 3, 3, 3, 3, 3, 3, 3, 3, 3, 3, 3, 3, 3, 3, 3, 3, 3, 3, 3, 3, 3, 3, 3, 3, 3, 3, 3, 3, 3, 3, 3, 3, 3, 3, 3, 3, 3, 3, 3, 3, 3, 3, 3, 3, 3, 3, 3, 3, 3, 3, 3, 3, 3, 3, 3, 3, 3, 3, 3, 3, 3, 3, 3, 3, 3, 3, 3, 3, 3, 3, 3, 3, 3, 3, 3, 3, 3, 3, 3, 3, 3, 3, 3, 3, 3, 3, 3, 3, 3, 3, 3, 3, 3, 3, 3, 3, 3, 3, 3, 3, 3, 3, 3, 3, 3, 3, 3, 3, 3, 3, 3, 3, 3, 3, 3, 3, 3, 3, 3, 3, 3, 3, 3, 3, 3, 3, 3, 3, 3, 3, 3, 3, 3, 3, 3, 3, 3, 3, 3, 3, 3, 3, 3, 3, 3, 3, 3, 3, 3, 3, 3, 3, 3, 3, 3, 3, 3, 3, 3, 3, 3, 3, 3, 3, 3, 3, 3, 3, 3, 3, 3, 3, 3, 3, 3, 3, 3, 3, 3, 3, 3, 3, 3, 3, 3, 3, 3, 3, 3, 3, 3, 3, 3, 3, 3, 3, 3, 3, 3, 3, 3, 3, 3, 3, 3, 3, 3, 3, 3, 3, 3, 3, 3, 3, 3, 3, 3, 3, 3, 3, 3, 3, 3, 3, 3, 3, 3, 3, 3, 3, 3, 3, 3, 3, 3, 3, 3, 3, 3, 3, 3, 3, 3, 3, 3, 3, 3, 3, 3, 3, 3, 3, 3, 3, 3, 3, 3, 3, 3, 3, 3, 3, 3, 3, 3, 3, 3, 3, 3, 3, 3, 3, 3, 3, 3, 3, 3, 3, 3, 3, 3, 3, 3, 3, 3, 3, 3, 3, 3, 3, 3, 3, 3, 3, 3, 3, 3, 3, 3, 3, 3, 3, 3, 3, 3, 3, 3, 3, 3, 3, 3, 3, 3, 3, 3, 3, 3, 3, 3, 3, 3, 3, 3, 3, 3, 3, 3, 3, 3, 3, 3, 3, 3, 3, 3, 3, 3, 3, 3, 3, 3, 3, 3, 3, 3, 3, 3, 3, 3, 3, 3, 3, 3, 3, 3, 3, 3, 3, 3, 3, 3, 3, 3, 3, 3, 3, 3, 3, 3, 3, 3, 3, 3, 3, 3, 3, 3, 3, 3, 3, 3, 3, 3, 3, 3, 3, 3, 3, 3, 3, 3, 3, 3, 3, 3, 3, 3, 3, 3, 3, 3, 3, 3, 3, 3, 3, 3, 3, 3, 3, 3, 3, 3, 3, 3, 3, 3, 3, 3, 3, 3, 3, 3, 3, 3, 3, 3, 3, 3, 3, 3, 3, 3, 3, 3, 3, 3, 3, 3, 3, 3, 3, 3, 3, 3, 3, 3, 3, 3, 3, 3, 3, 3, 3, 3, 3, 3, 3, 3, 3, 3, 3, 3, 3, 3, 3, 3, 3, 3, 3, 3, 3, 3, 3, 3, 3, 3, 3, 3, 3, 3, 3, 3, 3, 3, 3, 3, 3, 3, 3, 3, 3, 3, 3, 3, 3, 3, 3, 3, 3, 3, 3, 3, 3, 3, 3, 3, 3, 3, 3, 3, 3, 3, 3, 3, 3, 3, 3, 3, 3, 3, 3, 3, 3, 3, 3, 3, 3, 3, 3, 3, 3, 3, 3, 3, 3, 3, 3, 3, 3, 3, 3, 3, 3, 3, 3, 3, 3, 3, 3, 3, 3, 3, 3, 3, 3, 3, 3, 3, 3, 3, 3, 3, 3, 3, 3, 3, 3, 3, 3, 3, 3, 3, 3, 3, 3, 3, 3, 3, 3, 3, 3, 3, 3, 3, 3, 3, 3, 3, 3, 3, 3, 3, 3, 3, 3, 3, 3, 3, 3, 3, 3, 3, 3, 3, 3, 3, 3, 3, 3, 3, 3, 3, 3, 3, 3, 3, 3, 3, 3, 3, 3, 3, 3, 3, 3, 3, 3, 3, 3, 3, 3, 3, 3, 3, 3, 3, 3, 3, 3, 3, 3, 3, 3, 3, 3, 3, 3, 3, 3, 3, 3, 3, 3, 3, 3, 3, 3, 3, 3, 3, 3, 3, 3, 3, 3, 3, 3, 3, 3, 3, 3, 3, 3, 3, 3, 3, 3, 3, 3, 3, 3, 3, 3, 3, 3, 3, 3, 3, 3, 3, 3, 3, 3, 3, 3, 3, 3, 3, 3, 3, 3, 3, 3, 3, 3, 3, 3, 3, 3, 3, 3, 3, 3, 3, 3, 3, 3, 3, 3, 3, 3, 3, 3, 3, 3, 3, 3, 3, 3, 3, 3, 3, 3, 3, 3, 3, 3, 3, 3, 3, 3, 3, 3, 3, 3, 3, 3, 3, 3, 3, 3, 3, 3, 3, 3, 3, 3, 3, 3, 3, 3, 3, 3, 3, 3, 3, 3, 3, 3, 3, 3, 3, 3, 3, 3, 3, 3, 3, 3, 3, 3, 3, 3, 3, 3, 3, 3, 3, 3, 3, 3, 3, 3, 3, 3, 3, 3, 3, 3, 3, 3, 3, 3, 3, 3, 3, 3, 3, 3, 3, 3, 3, 3, 3, 3, 3, 3, 3, 3, 3, 3, 3, 3, 3, 3, 3, 3, 3, 3, 3, 3, 3, 3, 3, 3, 3, 3, 3, 3, 3, 3, 3, 3, 3, 3, 3, 3, 3, 3, 3, 3, 3, 3, 3, 3, 3, 3, 3, 3, 3, 3, 3, 3, 3, 3, 3, 3, 3, 3, 3, 3, 3, 3, 3, 3, 3, 3, 3, 3, 3, 3, 3, 3, 3, 3, 3, 3, 3, 3, 3, 3, 3, 3, 3, 3, 3, 3, 3, 3, 3, 3, 3, 3, 3, 3, 3, 3, 3, 3, 3, 3, 3, 3, 3, 3, 3, 3, 3, 3, 3, 3, 3, 3, 3, 3, 3, 3, 3, 3, 3, 3, 3, 3, 3, 3, 3, 3, 3, 3, 3, 3, 3, 3, 3, 3, 3, 3, 3, 3, 3, 3, 3, 3, 3, 3, 3, 3, 3, 3, 3, 3, 3, 3, 3, 3, 3, 3, 3, 3, 3, 3, 3, 3, 3, 3, 3, 3, 3, 3, 3, 3, 3, 3, 3, 3, 3, 3, 3, 3, 3, 3, 3, 3, 3, 3, 3, 3, 3, 3, 3, 3, 3, 3, 3, 3, 3, 3, 3, 3, 3, 3, 3, 3, 3, 3, 3, 3, 3, 3, 3, 3, 3, 3, 3, 3, 3, 3, 3, 3, 3, 3, 3, 3, 3, 3, 3, 3, 3, 3, 3, 3, 3, 3, 3, 3, 3, 3, 3, 3, 3, 3, 3, 3, 3, 3, 3, 3, 3, 3, 3, 3, 3, 3, 3, 3, 3, 3, 3, 3, 3, 3, 3, 3, 3, 3, 3, 3, 3, 3, 3, 3, 3, 3, 3, 3, 3, 3, 3, 3, 3, 3, 3, 3, 3, 3, 3, 3, 3, 3, 3, 3, 3, 3, 3, 3, 3, 3, 3, 3, 3, 3, 3, 3, 3, 3, 3, 3, 3, 3, 3, 3, 3, 3, 3, 3, 3, 3, 3, 3, 3, 3, 3, 3, 3, 3, 3, 3, 3, 3, 3, 3, 3, 3, 3, 3, 3, 3, 3, 3, 3, 3, 3, 3, 3, 3, 3, 3, 3, 3, 3, 3, 3, 3, 3, 3, 3, 3, 3, 3, 3, 3, 3, 3, 3, 3, 3, 3, 3, 3, 3, 3, 3, 3, 3, 3, 3, 3, 3, 3, 3, 3, 3, 3, 3, 3, 3, 3, 3, 3, 3, 3, 3, 3, 3, 3, 3, 3, 3, 3, 3, 3, 3, 3, 3, 3, 3, 3, 3, 3, 3, 3, 3, 3, 3, 3, 3, 3, 3, 3, 3, 3, 3, 3, 3, 3, 3, 3, 3, 3, 3, 3, 3, 3, 3, 3, 3, 3, 3, 3, 3, 3, 3, 3, 3, 3, 3, 3, 3, 3, 3, 3, 3, 3, 3, 3, 3, 3, 3, 3, 3, 3, 3, 3, 3, 3, 3, 3, 3, 3, 3, 3, 3, 3, 3, 3, 3, 3, 3, 3, 3, 3, 3, 3, 3, 3, 3, 3, 3, 3, 3, 3, 3, 3, 3, 3, 3, 3, 3, 3, 3, 3, 3, 3, 3, 3, 3, 3, 3, 3, 3, 3, 3, 3, 3, 3, 3, 3, 3, 3, 3, 3, 3, 3, 3, 3, 3, 3, 3, 3, 3, 3, 3, 3, 3, 3, 3, 3, 3, 3, 3, 3, 3, 3, 3, 3, 3, 3, 3, 3, 3, 3, 3, 3, 3, 3, 3, 3, 3, 3, 3, 3, 3, 3, 3, 3, 3, 3, 3, 3, 3, 3, 3, 3, 3, 3, 3, 3, 3, 3, 3, 3, 3, 3, 3, 3, 3, 3, 3, 3, 3, 3, 3, 3, 3, 3, 3, 3, 3, 3, 3, 3, 3, 3, 3, 3, 3, 3, 3, 3, 3, 3, 3, 3, 3, 3, 3, 3, 3, 3, 3, 3, 3, 3, 3, 3, 3, 3, 3, 3, 3, 3, 3, 3, 3, 3, 3, 3, 3, 3, 3, 3, 3, 3, 3, 3, 3, 3, 3, 3, 3, 3, 3, 3, 3, 3, 3, 3, 3, 3, 3, 3, 3, 3, 3, 3, 3, 3, 3, 3, 3, 3, 3, 3, 3, 3, 3, 3, 3, 3, 3, 3, 3, 3, 3, 3, 3, 3, 3, 3, 3, 3, 3, 3, 3, 3, 3, 3, 3, 3, 3, 3, 3, 3, 3, 3, 3, 3, 3, 3, 3, 3, 3, 3, 3, 3, 3, 3, 3, 3, 3, 3, 3, 3, 3, 3, 3, 3, 3, 3, 3, 3, 3, 3, 3, 3, 3, 3, 3, 3, 3, 3, 3, 3, 3, 3, 3, 3, 3, 3, 3, 3, 3, 3, 3, 3, 3, 3, 3, 3, 3, 3, 3, 3, 3, 3, 3, 3, 3, 3, 3, 3, 3, 3, 3, 3, 3, 3, 3, 3, 3, 3, 3, 3, 3, 3, 3, 3, 3, 3, 3, 3, 3, 3, 3, 3, 3, 3, 3, 3, 3, 3, 3, 3, 3, 3, 3, 3, 3, 3, 3, 3, 3, 3, 3, 3, 3, 3, 3, 3, 3, 3, 3, 3, 3, 3, 3, 3, 3, 3, 3, 3, 3, 3, 3, 3, 3, 3, 3, 3, 3, 3, 3, 3, 3, 3, 3, 3, 3, 3, 3, 3, 3, 3, 3, 3, 3, 3, 3, 3, 3, 3, 3, 3, 3, 3, 3, 3, 3, 3, 3, 3, 3, 3, 3, 3, 3, 3, 3, 3, 3, 3, 3, 3, 3, 3, 3, 3, 3, 3, 3, 3, 3, 3, 3, 3, 3, 3, 3, 3, 3, 3, 3, 3, 3, 3, 3, 3, 3, 3, 3, 3, 3, 3, 3, 3, 3, 3, 3, 3, 3, 3, 3, 3, 3, 3, 3, 3, 3, 3, 3, 3, 3, 3, 3, 3, 3, 3, 3, 3, 3, 3, 3, 3, 3, 3, 3, 3, 3, 3, 3, 3, 3, 3, 3, 3, 3, 3, 3, 3, 3, 3, 3, 3, 3, 3, 3, 3, 3, 3, 3, 3, 3, 3, 3, 3, 3, 3, 3, 3, 3, 3, 3, 3, 3, 3, 3, 3, 3, 3, 3, 3, 3, 3, 3, 3, 3, 3, 3, 3, 3, 3, 3, 3, 3, 3, 3, 3, 3, 3, 3, 3, 3, 3, 3, 3, 3, 3, 3, 3, 3, 3, 3, 3, 3, 3, 3, 3, 3, 3, 3, 3, 3, 3, 3, 3, 3, 3, 3, 3, 3, 3, 3, 3, 3, 3, 3, 3, 3, 3, 3, 3, 3, 3, 3, 3, 3, 3, 3, 3, 3, 3, 3, 3, 3, 3, 3, 3, 3, 3, 3, 3, 3, 3, 3, 3, 3, 3, 3, 3, 3, 3, 3, 3, 3, 3, 3, 3, 3, 3, 3, 3, 3, 3, 3, 3, 3, 3, 3, 3, 3, 3, 3, 3, 3, 3, 3, 3, 3, 3, 3, 3, 3, 3, 3, 3, 3, 3, 3, 3, 3, 3, 3, 3, 3, 3, 3, 3, 3, 3, 3, 3, 3, 3, 3, 3, 3, 3, 3, 3, 3, 3, 3, 3, 3, 3, 3, 3, 3, 3, 3, 3, 3, 3, 3, 3, 3, 3, 3, 3, 3, 3, 3, 3, 3, 3, 3, 3, 3, 3, 3, 3, 3, 3, 3, 3, 3, 3, 3, 3, 3, 3, 3, 3, 3, 3, 3, 3, 3, 3, 3, 3, 3, 3, 3, 3, 3, 3, 3, 3, 3, 3, 3, 3, 3, 3, 3, 3, 3, 3, 3, 3, 3, 3, 3, 3, 3, 3, 3, 3, 3, 3, 3, 3, 3, 3, 3, 3, 3, 3, 3, 3, 3, 3, 3, 3, 3, 3, 3, 3, 3, 3, 3, 3, 3, 3, 3, 3, 3, 3, 3, 3, 3, 3, 3, 3, 3, 3, 3, 3, 3, 3, 3, 3, 3, 3, 3, 3, 3, 3, 3, 3, 3, 3, 3, 3, 3, 3, 3, 3, 3, 3, 3, 3, 3, 3, 3, 3, 3, 3, 3, 3, 3, 3, 3, 3, 3, 3, 3, 3, 3, 3, 3, 3, 3, 3, 3, 3, 3, 3, 3, 3, 3, 3, 3, 3, 3, 3, 3, 3, 3, 3, 3, 3, 3, 3, 3, 3, 3, 3, 3, 3, 3, 3, 3, 3, 3, 3, 3, 3, 3, 3, 3, 3, 3, 3, 3, 3, 3, 3, 3, 3, 3, 3, 3, 3, 3, 3, 3, 3, 3, 3, 3, 3, 3, 3, 3, 3, 3, 3, 3, 3, 3, 3, 3, 3, 3, 3, 3, 3, 3, 3, 3, 3, 3, 3, 3, 3, 3, 3, 3, 3, 3, 3, 3, 3, 3, 3, 3, 3, 3, 3, 3, 3, 3, 3, 3, 3, 3, 3, 3, 3, 3, 3, 3, 3, 3, 3, 3, 3, 3, 3, 3, 3, 3, 3, 3, 3, 3, 3, 3, 3, 3, 3, 3, 3, 3, 3, 3, 3, 3, 3, 3, 3, 3, 3, 3, 3, 3, 3, 3, 3, 3, 3, 3, 3, 3, 3, 3, 3, 3, 3, 3, 3, 3, 3, 3, 3, 3, 3, 3, 3, 3, 3, 3, 3, 3, 3, 3, 3, 3, 3, 3, 3, 3, 3, 3, 3, 3, 3, 3, 3, 3, 3, 3, 3, 3, 3, 3, 3, 3, 3, 3, 3, 3, 3, 3, 3, 3, 3, 3, 3, 3, 3, 3, 3, 3, 3, 3, 3, 3, 3, 3, 3, 3, 3, 3, 3, 3, 3, 3, 3, 3, 3, 3, 3, 3, 3, 3, 3, 3, 3, 3, 3, 3, 3, 3, 3, 3, 3, 3, 3, 3, 3, 3, 3, 3, 3, 3, 3, 3, 3, 3, 3, 3, 3, 3, 3, 3, 3, 3, 3, 3, 3, 3, 3, 3, 3, 3, 3, 3, 3, 3, 3, 3, 3, 3, 3, 3, 3, 3, 3, 3, 3, 3, 3, 3, 3, 3, 3, 3, 3, 3, 3, 3, 3, 3, 3, 3, 3, 3, 3, 3, 3, 3, 3, 3, 3, 3, 3, 3, 3, 3, 3, 3, 3, 3, 3, 3, 3, 3, 3, 3, 3, 3, 3, 3, 3, 3, 3, 3, 3, 3, 3, 3, 3, 3, 3, 3, 3, 3, 3, 3, 3, 3, 3, 3, 3, 3, 3, 3, 3, 3, 3, 3, 3, 3, 3, 3, 3, 3, 3, 3, 3, 3, 3, 3, 3, 3, 3, 3, 3, 3, 3, 3, 3, 3, 3, 3, 3, 3, 3, 3, 3, 3, 3, 3, 3, 3, 3, 3, 3, 3, 3, 3, 3, 3, 3, 3, 3, 3, 3, 3, 3, 3, 3, 3, 3, 3, 3, 3, 3, 3, 3, 3, 3, 3, 3, 3, 3, 3, 3, 3, 3, 3, 3, 3, 3, 3, 3, 3, 3, 3, 3, 3, 3, 3, 3, 3, 3, 3, 3, 3, 3, 3, 3, 3, 3, 3, 3, 3, 3, 3, 3, 3, 3, 3, 3, 3, 3, 3, 3, 3, 3, 3, 3, 3, 3, 3, 3, 3, 3, 3, 3, 3, 3, 3, 3, 3, 3, 3, 3, 3, 3, 3, 3, 3, 3, 3, 3, 3, 3, 3, 3, 3, 3, 3, 3, 3, 3, 3, 3, 3, 3, 3, 3, 3, 3, 3, 3, 3, 3, 3, 3, 3, 3, 3, 3, 3, 3, 3, 3, 3, 3, 3, 3, 3, 3, 3, 3, 3, 3, 3, 3, 3, 3, 3, 3, 3, 3, 3, 3, 3, 3, 3, 3, 3, 3, 3, 3, 3, 3, 3, 3, 3, 3, 3, 3, 3, 3, 3, 3, 3, 3, 3, 3, 3, 3, 3, 3, 3, 3, 3, 3, 3, 3, 3, 3, 3, 3, 3, 3, 3, 3, 3, 3, 3, 3, 3, 3, 3, 3, 3, 3, 3, 3, 3, 3, 3, 3, 3, 3, 3, 3, 3, 3, 3, 3, 3, 3, 3, 3, 3, 3, 3, 3, 3, 3, 3, 3, 3, 3, 3, 3, 3, 3, 3, 3, 3, 3, 3, 3, 3, 3, 3, 3, 3, 3, 3, 3, 3, 3, 3, 3, 3, 3, 3, 3, 3, 3, 3, 3, 3, 3, 3, 3, 3, 3, 3, 3, 3, 3, 3, 3, 3, 3, 3, 3, 3, 3, 3, 3, 3, 3, 3, 3, 3, 3, 3, 3, 3, 3, 3, 3, 3, 3, 3, 3, 3, 3, 3, 3, 3, 3, 3, 3, 3, 3, 3, 3, 3, 3, 3, 3, 3, 3, 3, 3, 3, 3, 3, 3, 3, 3, 3, 3, 3, 3, 3, 3, 3, 3, 3, 3, 3, 3, 3, 3, 3, 3, 3, 3, 3, 3, 3, 3, 3, 3, 3, 3, 3, 3, 3, 3, 3, 3, 3, 3, 3, 3, 3, 3, 3, 3, 3, 3, 3, 3, 3, 3, 3, 3, 3, 3, 3, 3, 3, 3, 3, 3, 3, 3, 3, 3, 3, 3, 3, 3, 3, 3, 3, 3, 3, 3, 3, 3, 3, 3, 3, 3, 3, 3, 3, 3, 3, 3, 3, 3, 3, 3, 3, 3, 3, 3, 3, 3, 3, 3, 3, 3, 3, 3, 3, 3, 3, 3, 3, 3, 3, 3, 3, 3, 3, 3, 3, 3, 3, 3, 3, 3, 3, 3, 3, 3, 3, 3, 3, 3, 3, 3, 3, 3, 3, 3, 3, 3, 3, 3, 3, 3, 3, 3, 3, 3, 3, 3, 3, 3, 3, 3, 3, 3, 3, 3, 3, 3, 3, 3, 3, 3, 3, 3, 3, 3, 3, 3, 3, 3, 3, 3, 3, 3, 3, 3, 3, 3, 3, 3, 3, 3, 3, 3, 3, 3, 3, 3, 3, 3, 3, 3, 3, 3, 3, 3, 3, 3, 3, 3, 3, 3, 3, 3, 3, 3, 3, 3, 3, 3, 3, 3, 3, 3, 3, 3, 3, 3, 3, 3, 3, 3, 3, 3, 3, 3, 3, 3, 3, 3, 3, 3, 3, 3, 3, 3, 3, 3, 3, 3, 3, 3, 3, 3, 3, 3, 3, 3, 3, 3, 3, 3, 3, 3, 3, 3, 3, 3, 3, 3, 3, 3, 3, 3, 3, 3, 3, 3, 3, 3, 3, 3, 3, 3, 3, 3, 3, 3, 3, 3, 3, 3, 3, 3, 3, 3, 3, 3, 3, 3, 3, 3, 3, 3, 3, 3, 3, 3, 3, 3, 3, 3, 3, 3, 3, 3, 3, 3, 3, 3, 3, 3, 3, 3, 3, 3, 3, 3, 3, 3, 3, 3, 3, 3, 3, 3, 3, 3, 3, 3, 3, 3, 3, 3, 3, 3, 3, 3, 3, 3, 3, 3, 3, 3, 3, 3, 3, 3, 3, 3, 3, 3, 3, 3, 3, 3, 3, 3, 3, 3, 3, 3, 3, 3, 3, 3, 3, 3, 3, 3, 3, 3, 3, 3, 3, 3, 3, 3, 3, 3, 3, 3, 3, 3, 3, 3, 3, 3, 3, 3, 3, 3, 3, 3, 3, 3, 3, 3, 3, 3, 3, 3, 3, 3, 3, 3, 3, 3, 3, 3, 3, 3, 3, 3, 3, 3, 3, 3, 3, 3, 3, 3, 3, 3, 3, 3, 3, 3, 3, 3, 3, 3, 3, 3, 3, 3, 3, 3, 3, 3, 3, 3, 3, 3, 3, 3, 3, 3, 3, 3, 3, 3, 3, 3, 3, 3, 3, 3, 3, 3, 3, 3, 3, 3, 3, 3, 3, 3, 3, 3, 3, 3, 3, 3, 3, 3, 3, 3, 3, 3, 3, 3, 3, 3, 3, 3, 3, 3, 3, 3, 3, 3, 3, 3, 3, 3, 3, 3, 3, 3, 3, 3, 3, 3, 3, 3, 3, 3, 3, 3, 3, 3, 3, 3, 3, 3, 3, 3, 3, 3, 3, 3, 3, 3, 3, 3, 3, 3, 3, 3, 3, 3, 3, 3, 3, 3, 3, 3, 3, 3, 3, 3, 3, 3, 3, 3, 3, 3, 3, 3, 3, 3, 3, 3, 3, 3, 3, 3, 3, 3, 3, 3, 3, 3, 3, 3, 3, 3, 3, 3, 3, 3, 3, 3, 3, 3, 3, 3, 3, 3, 3, 3, 3, 3, 3, 3, 3, 3, 3, 3, 3, 3, 3, 3, 3, 3, 3, 3, 3, 3, 3, 3, 3, 3, 3, 3, 3, 3, 3, 3, 3, 3, 3, 3, 3, 3, 3, 3, 3, 3, 3, 3, 3, 3, 3, 3, 3, 3, 3, 3, 3, 3, 3, 3, 3, 3, 3, 3, 3, 3, 3, 3, 3, 3, 3, 3, 3, 3, 3, 3, 3, 3, 3, 3, 3, 3, 3, 3, 3, 3, 3, 3, 3, 3, 3, 3, 3, 3, 3, 3, 3, 3, 3, 3, 3, 3, 3, 3, 3, 3, 3, 3, 3, 3, 3, 3, 3, 3, 3, 3, 3, 3, 3, 3, 3, 3, 3, 3, 3, 3, 3, 3, 3, 3, 3, 3, 3, 3, 3, 3, 3, 3, 3, 3, 3, 3, 3, 3, 3, 3, 3, 3, 3, 3, 3, 3, 3, 3, 3, 3, 3, 3, 3, 3, 3, 3, 3, 3, 3, 3, 3, 3, 3, 3, 3, 3, 3, 3, 3, 3, 3, 3, 3, 3, 3, 3, 3, 3, 3, 3, 3, 3, 3, 3, 3, 3, 3, 3, 3, 3, 3, 3, 3, 3, 3, 3, 3, 3, 3, 3, 3, 3, 3, 3, 3, 3, 3, 3, 3, 3, 3, 3, 3, 3, 3, 3, 3, 3, 3, 3, 3, 3, 3, 3, 3, 3, 3, 3, 3, 3, 3, 3, 3, 3, 3, 3, 3, 3, 3, 3, 3, 3, 3, 3, 3, 3, 3, 3, 3, 3, 3, 3, 3, 3, 3, 3, 3, 3, 3, 3, 3, 3, 3, 3, 3, 3, 3, 3, 3, 3, 3, 3, 3, 3, 3, 3, 3, 3, 3, 3, 3, 3, 3, 3, 3, 3, 3, 3, 3, 3, 3, 3, 3, 3, 3, 3, 3, 3, 3, 3, 3, 3, 3, 3, 3, 3, 3, 3, 3, 3, 3, 3, 3, 3, 3, 3, 3, 3, 3, 3, 3, 3, 3, 3, 3, 3, 3, 3, 3, 3, 3, 3, 3, 3, 3, 3, 3, 3, 3, 3, 3, 3, 3, 3, 3, 3, 3, 3, 3, 3, 3, 3, 3, 3, 3, 3, 3, 3, 3, 3, 3, 3, 3, 3, 3, 3, 3, 3, 3, 3, 3, 3, 3, 3, 3, 3, 3, 3, 3, 3, 3, 3, 3, 3, 3, 3, 3, 3, 3, 3, 3, 3, 3, 3, 3, 3, 3, 3, 3, 3, 3, 3, 3, 3, 3, 3, 3, 3, 3, 3, 3, 3, 3, 3, 3, 3, 3, 3, 3, 3, 3, 3, 3, 3, 3, 3, 3, 3, 3, 3, 3, 3, 3, 3, 3, 3, 3, 3, 3, 3, 3, 3, 3, 3, 3, 3, 3, 3, 3, 3, 3, 3, 3, 3, 3, 3, 3, 3, 3, 3, 3, 3, 3, 3, 3, 3, 3, 3, 3, 3, 3, 3, 3, 3, 3, 3, 3, 3, 3, 3, 3, 3, 3, 3, 3, 3, 3, 3, 3, 3, 3, 3, 3, 3, 3, 3, 3, 3, 3, 3, 3, 3, 3, 3, 3, 3, 3, 3, 3, 3, 3, 3, 3, 3, 3, 3, 3, 3, 3, 3, 3, 3, 3, 3, 3, 3, 3, 3, 3, 3, 3, 3, 3, 3, 3, 3, 3, 3, 3, 3, 3, 3, 3, 3, 3, 3, 3, 3, 3, 3, 3, 3, 3, 3, 3, 3, 3, 3, 3, 3, 3, 3, 3, 3, 3, 3, 3, 3, 3, 3, 3, 3, 3, 3, 3, 3, 3, 3, 3, 3, 3, 3, 3, 3, 3, 3, 3, 3, 3, 3, 3, 3, 3, 3, 3, 3, 3, 3, 3, 3, 3, 3, 3, 3, 3, 3, 3, 3, 3, 3, 3, 3, 3, 3, 3, 3, 3, 3, 3, 3, 3, 3, 3, 3, 3, 3, 3, 3, 3, 3, 3, 3, 3, 3, 3, 3, 3, 3, 3, 3, 3, 3, 3, 3, 3, 3, 3, 3, 3, 3, 3, 3, 3, 3, 3, 3, 3, 3, 3, 3, 3, 3, 3, 3, 3, 3, 3, 3, 3, 3, 3, 3, 3, 3, 3, 3, 3, 3, 3, 3, 3, 3, 3, 3, 3, 3, 3, 3, 3, 3, 3, 3, 3, 3, 3, 3, 3, 3, 3, 3, 3, 3, 3, 3, 3, 3, 3, 3, 3, 3, 3, 3, 3, 3, 3, 3, 3, 3, 3, 3, 3, 3, 3, 3, 3, 3, 3, 3, 3, 3, 3, 3, 3, 3, 3, 3, 3, 3, 3, 3, 3, 3, 3, 3, 3, 3, 3, 3, 3, 3, 3, 3, 3, 3, 3, 3, 3, 3, 3, 3, 3, 3, 3, 3, 3, 3, 3, 3, 3, 3, 3, 3, 3, 3, 3, 3, 3, 3, 3, 3, 3, 3, 3, 3, 3, 3, 3, 3, 3, 3, 3, 3, 3, 3, 3, 3, 3, 3, 3, 3, 3, 3, 3, 3, 3, 3, 3, 3, 3, 3, 3, 3, 3, 3, 3, 3, 3, 3, 3, 3, 3, 3, 3, 3, 3, 3, 3, 3, 3, 3, 3, 3, 3, 3, 3, 3, 3, 3, 3, 3, 3, 3, 3, 3, 3, 3, 3, 3, 3, 3, 3, 3, 3, 3, 3, 3, 3, 3, 3, 3, 3, 3, 3, 3, 3, 3, 3, 3, 3, 3, 3, 3, 3, 3, 3, 3, 3, 3, 3, 3, 3, 3, 3, 3, 3, 3, 3, 3, 3, 3, 3, 3, 3, 3, 3, 3, 3, 3, 3, 3, 3, 3, 3, 3, 3, 3, 3, 3, 3, 3, 3, 3, 3, 3, 3, 3, 3, 3, 3, 3, 3, 3, 3, 3, 3, 3, 3, 3, 3, 3, 3, 3, 3, 3, 3, 3, 3, 3, 3, 3, 3, 3, 3, 3, 3, 3, 3, 3, 3, 3, 3, 3, 3, 3, 3, 3, 3, 3, 3, 3, 3, 3, 3, 3, 3, 3, 3, 3, 3, 3, 3, 3, 3, 3, 3, 3, 3, 3, 3, 3, 3, 3, 3, 3, 3, 3, 3, 3, 3, 3, 3, 3, 3, 3, 3, 3, 3, 3, 3, 3, 3, 3, 3, 3, 3, 3, 3, 3, 3, 3, 3, 3, 3, 3, 3, 3, 3, 3, 3, 3, 3, 3, 3, 3, 3, 3, 3, 3, 3, 3, 3, 3, 3, 3, 3, 3, 3, 3, 3, 3, 3, 3, 3, 3, 3, 3, 3, 3, 3, 3, 3, 3, 3, 3, 3, 3, 3, 3, 3, 3, 3, 3, 3, 3, 3, 3, 3, 3, 3, 3, 3, 3, 3, 3, 3, 3, 3, 3, 3, 3, 3, 3, 3, 3, 3, 3, 3, 3, 3, 3, 3, 3, 3, 3, 3, 3, 3, 3, 3, 3, 3, 3, 3, 3, 3, 3, 3, 3, 3, 3, 3, 3, 3, 3, 3, 3, 3, 3, 3, 3, 3, 3, 3, 3, 3, 3, 3, 3, 3, 3, 3, 3, 3, 3, 3, 3, 3, 3, 3, 3, 3, 3, 3, 3, 3, 3, 3, 3, 3, 3, 3, 3, 3, 3, 3, 3, 3, 3, 3, 3, 3, 3, 3, 3, 3, 3, 3, 3, 3, 3, 3, 3, 3, 3, 3, 3, 3, 3, 3, 3, 3, 3, 3, 3, 3, 3, 3, 3, 3, 3, 3, 3, 3, 3, 3, 3, 3, 3, 3, 3, 3, 3, 3, 3, 3, 3, 3, 3, 3, 3, 3, 3, 3, 3, 3, 3, 3, 3, 3, 3, 3, 3, 3, 3, 3, 3, 3, 3, 3, 3, 3, 3, 3, 3, 3, 3, 3, 3, 3, 3, 3, 3, 3, 3, 3, 3, 3, 3, 3, 3, 3, 3, 3, 3, 3, 3, 3, 3, 3, 3, 3, 3, 3, 3, 3, 3, 3, 3, 3, 3, 3, 3, 3, 3, 3, 3, 3, 3, 3, 3, 3, 3, 3, 3, 3, 3, 3, 3, 3, 3, 3, 3, 3, 3, 3, 3, 3, 3, 3, 3, 3, 3, 3, 3, 3, 3, 3, 3, 3, 3, 3, 3, 3, 3, 3, 3, 3, 3, 3, 3, 3, 3, 3, 3, 3, 3, 3, 3, 3, 3, 3, 3, 3, 3, 3, 3, 3, 3, 3, 3, 3, 3, 3, 3, 3, 3, 3, 3, 3, 3, 3, 3, 3, 3, 3, 3, 3, 3, 3, 3, 3, 3, 3, 3, 3, 3, 3, 3, 3, 3, 3, 3, 3, 3, 3, 3, 3, 3, 3, 3, 3, 3, 3, 3, 3, 3, 3, 3, 3, 3, 3, 3, 3, 3, 3, 3, 3, 3, 3, 3, 3, 3, 3, 3, 3, 3, 3, 3, 3, 3, 3, 3, 3, 3, 3, 3, 3, 3, 3, 3, 3, 3, 3, 3, 3, 3, 3, 3, 3, 3, 3, 3, 3, 3, 3, 3, 3, 3, 3, 3, 3, 3, 3, 3, 3, 3, 3, 3, 3, 3, 3, 3, 3, 3, 3, 3, 3, 3, 3, 3, 3, 3, 3, 3, 3, 3, 3, 3, 3, 3, 3, 3, 3, 3, 3, 3, 3, 3, 3, 3, 3, 3, 3, 3, 3, 3, 3, 3, 3, 3, 3, 3, 3, 3, 3, 3, 3, 3, 3, 3, 3, 3, 3, 3, 3, 3, 3, 3, 3, 3, 3, 3, 3, 3, 3, 3, 3, 3, 3, 3, 3, 3, 3, 3, 3, 3, 3, 3, 3, 3, 3, 3, 3, 3, 3, 3, 3, 3, 3, 3, 3, 3, 3, 3, 3, 3, 3, 3, 3, 3, 3, 3, 3, 3, 3, 3, 3, 3, 3, 3, 3, 3, 3, 3, 3, 3, 3, 3, 3, 3, 3, 3, 3, 3, 3, 3, 3, 3, 3, 3, 3, 3, 3, 3, 3, 3, 3, 3, 3, 3, 3, 3, 3, 3, 3, 3, 3, 3, 3, 3, 3, 3, 3, 3, 3, 3, 3, 3, 3, 3, 3, 3, 3, 3, 3, 3, 3, 3, 3, 3, 3, 3, 3, 3, 3, 3, 3, 3, 3, 3, 3, 3, 3, 3, 3, 3, 3, 3, 3, 3, 3, 3, 3, 3, 3, 3, 3, 3, 3, 3, 3, 3, 3, 3, 3, 3, 3, 3, 3, 3, 3, 3, 3, 3, 3, 3, 3, 3, 3, 3, 3, 3, 3, 3, 3, 3, 3, 3, 3, 3, 3, 3, 3, 3, 3, 3, 3, 3, 3, 3, 3, 3, 3, 3, 3, 3, 3, 3, 3, 3, 3, 3, 3, 3, 3, 3, 3, 3, 3, 3, 3, 3, 3, 3, 3, 3, 3, 3, 3, 3, 3, 3, 3, 3, 3, 3, 3, 3, 3, 3, 3, 3, 3, 3, 3, 3, 3, 3, 3, 3, 3, 3, 3, 3, 3, 3, 3, 3, 3, 3, 3, 3, 3, 3, 3, 3, 3, 3, 3, 3, 3, 3, 3, 3, 3, 3, 3, 3, 3, 3, 3, 3, 3, 3, 3, 3, 3, 3, 3, 3, 3, 3, 3, 3, 3, 3, 3, 3, 3, 3, 3, 3, 3, 3, 3, 3, 3, 3, 3, 3, 3, 3, 3, 3, 3, 3, 3, 3, 3, 3, 3, 3, 3, 3, 3, 3, 3, 3, 3, 3, 3, 3, 3, 3, 3, 3, 3, 3, 3, 3, 3, 3, 3, 3, 3, 3, 3, 3, 3, 3, 3, 3, 3, 3, 3, 3, 3, 3, 3, 3, 3, 3, 3, 3, 3, 3, 3, 3, 3, 3, 3, 3, 3, 3, 3, 3, 3, 3, 3, 3, 3, 3, 3, 3, 3, 3, 3, 3, 3, 3, 3, 3, 3, 3, 3, 3, 3, 3, 3, 3, 3, 3, 3, 3, 3, 3, 3, 3, 3, 3, 3, 3, 3, 3, 3, 3, 3, 3, 3, 3, 3, 3, 3, 3, 3, 3, 3, 3, 3, 3, 3, 3, 3, 3, 3, 3, 3, 3, 3, 3, 3, 3, 3, 3, 3, 3, 3, 3, 3, 3, 3, 3, 3, 3, 3, 3, 3, 3, 3, 3, 3, 3, 3, 3, 3, 3, 3, 3, 3, 3, 3, 3, 3, 3, 3, 3, 3, 3, 3, 3, 3, 3, 3, 3, 3, 3, 3, 3, 3, 3, 3, 3, 3, 3, 3, 3, 3, 3, 3, 3, 3, 3, 3, 3, 3, 3, 3, 3, 3, 3, 3, 3, 3, 3, 3, 3, 3, 3, 3, 3, 3, 3, 3, 3, 3, 3, 3, 3, 3, 3, 3, 3, 3, 3, 3, 3, 3, 3, 3, 3, 3, 3, 3, 3, 3, 3, 3, 3, 3, 3, 3, 3, 3, 3, 3, 3, 3, 3, 3, 3, 3, 3, 3, 3, 3, 3, 3, 3, 3, 3, 3, 3, 3, 3, 3, 3, 3, 3, 3, 3, 3, 3, 3, 3, 3, 3, 3, 3, 3, 3, 3, 3, 3, 3, 3, 3, 3, 3, 3, 3, 3, 3, 3, 3, 3, 3, 3, 3, 3, 3, 3, 3, 3, 3, 3, 3, 3, 3, 3, 3, 3, 3, 3, 3, 3, 3, 3, 3, 3, 3, 3, 3, 3, 3, 3, 3, 3, 3, 3, 3, 3, 3, 3, 3, 3, 3, 3, 3, 3, 3, 3, 3, 3, 3, 3, 3, 3, 3, 3, 3, 3, 3, 3, 3, 3, 3, 3, 3, 3, 3, 3, 3, 3, 3, 3, 3, 3, 3, 3, 3, 3, 3, 3, 3, 3, 3, 3, 3, 3, 3, 3, 3, 3, 3, 3, 3, 3, 3, 3, 3, 3, 3, 3, 3, 3, 3, 3, 3, 3, 3, 3, 3, 3, 3, 3, 3, 3, 3, 3, 3, 3, 3, 3, 3, 3, 3, 3, 3, 3, 3, 3, 3, 3, 3, 3, 3, 3, 3, 3, 3, 3, 3, 3, 3, 3, 3, 3, 3, 3, 3, 3, 3, 3, 3, 3, 3, 3, 3, 3, 3, 3, 3, 3, 3, 3, 3, 3, 3, 3, 3, 3, 3, 3, 3, 3, 3, 3, 3, 3, 3, 3, 3, 3, 3, 3, 3, 3, 3, 3, 3, 3, 3, 3, 3, 3, 3, 3, 3, 3, 3, 3, 3, 3, 3, 3, 3, 3, 3, 3, 3, 3, 3, 3, 3, 3, 3, 3, 3, 3, 3, 3, 3, 3, 3, 3, 3, 3, 3, 3, 3, 3, 3, 3, 3, 3, 3, 3, 3, 3, 3, 3, 3, 3, 3, 3, 3, 3, 3, 3, 3, 3, 3, 3, 3, 3, 3, 3, 3, 3, 3, 3, 3, 3, 3, 3, 3, 3, 3, 3, 3, 3, 3, 3, 3, 3, 3, 3, 3, 3, 3, 3, 3, 3, 3, 3, 3, 3, 3, 3, 3, 3, 3, 3, 3, 3, 3, 3, 3, 3, 3, 3, 3, 3, 3, 3, 3, 3, 3, 3, 3, 3, 3, 3, 3, 3, 3, 3, 3, 3, 3, 3, 3, 3, 3, 3, 3, 3, 3, 3, 3, 3, 3, 3, 3, 3, 3, 3, 3, 3, 3, 3, 3, 3, 3, 3, 3, 3, 3, 3, 3, 3, 3, 3, 3, 3, 3, 3, 3, 3, 3, 3, 3, 3, 3, 3, 3, 3, 3, 3, 3, 3, 3, 3, 3, 3, 3, 3, 3, 3, 3, 3, 3, 3, 3, 3, 3, 3, 3, 3, 3, 3, 3, 3, 3, 3, 3, 3, 3, 3, 3, 3, 3, 3, 3, 3, 3, 3, 3, 3, 3, 3, 3, 3, 3, 3, 3, 3, 3, 3, 3, 3, 3, 3, 3, 3, 3, 3, 3, 3, 3, 3, 3, 3, 3, 3, 3, 3, 3, 3, 3, 3, 3, 3, 3, 3, 3, 3, 3, 3, 3, 3, 3, 3, 3, 3, 3, 3, 3, 3, 3, 3, 3, 3, 3, 3, 3, 3, 3, 3, 3, 3, 3, 3, 3, 3, 3, 3, 3, 3, 3, 3, 3, 3, 3, 3, 3, 3, 3, 3, 3, 3, 3, 3, 3, 3, 3, 3, 3, 3, 3, 3, 3, 3, 3, 3, 3, 3, 3, 3, 3, 3, 3, 3, 3, 3, 3, 3, 3, 3, 3, 3, 3, 3, 3, 3, 3, 3, 3, 3, 3, 3, 3, 3, 3, 3, 3, 3, 3, 3, 3, 3, 3, 3, 3, 3, 3, 3, 3, 3, 3, 3, 3, 3, 3, 3, 3, 3, 3, 3, 3, 3, 3, 3, 3, 3, 3, 3, 3, 3, 3, 3, 3, 3, 3, 3, 3, 3, 3, 3, 3, 3, 3, 3, 3, 3, 3, 3, 3, 3, 3, 3, 3, 3, 3, 3, 3, 3, 3, 3, 3, 3, 3, 3, 3, 3, 3, 3, 3, 3, 3, 3, 3, 3, 3, 3, 3, 3, 3, 3, 3, 3, 3, 3, 3, 3, 3, 3, 3, 3, 3, 3, 3, 3, 3, 3, 3, 3, 3, 3, 3, 3, 3, 3, 3, 3, 3, 3, 3, 3, 3, 3, 3, 3, 3, 3, 3, 3, 3, 3, 3, 3, 3, 3, 3, 3, 3, 3, 3, 3, 3, 3, 3, 3, 3, 3, 3, 3, 3, 3, 3, 3, 3, 3, 3, 3, 3, 3, 3, 3, 3, 3, 3, 3, 3, 3, 3, 3, 3, 3, 3, 3, 3, 3, 3, 3, 3, 3, 3, 3, 3, 3, 3, 3, 3, 3, 3, 3, 3, 3, 3, 3, 3, 3, 3, 3, 3, 3, 3, 3, 3, 3, 3, 3, 3, 3, 3, 3, 3, 3, 3, 3, 3, 3, 3, 3, 3, 3, 3, 3, 3, 3, 3, 3, 3, 3, 3, 3, 3, 3, 3, 3, 3, 3, 3, 3, 3, 3, 3, 3, 3, 3, 3, 3, 3, 3, 3, 3, 3, 3, 3, 3, 3, 3, 3, 3, 3, 3, 3, 3, 3, 3, 3, 3, 3, 3, 3, 3, 3, 3, 3, 3, 3, 3, 3, 3, 3, 3, 3, 3, 3, 3, 3, 3, 3, 3, 3, 3, 3, 3, 3, 3, 3, 3, 3, 3, 3, 3, 3, 3, 3, 3, 3, 3, 3, 3, 3, 3, 3, 3, 3, 3, 3, 3, 3, 3, 3, 3, 3, 3, 3, 3, 3, 3, 3, 3, 3, 3, 3, 3, 3, 3, 3, 3, 3, 3, 3, 3, 3, 3, 3, 3, 3, 3, 3, 3, 3, 3, 3, 3, 3, 3, 3, 3, 3, 3, 3, 3, 3, 3, 3, 3, 3, 3, 3, 3, 3, 3, 3, 3, 3, 3, 3, 3, 3, 3, 3, 3, 3, 3, 3, 3, 3, 3, 3, 3, 3, 3, 3, 3, 3, 3, 3, 3, 3, 3, 3, 3, 3, 3, 3, 3, 3, 3, 3, 3, 3, 3, 3, 3, 3, 3, 3, 3, 3, 3, 3, 3, 3, 3, 3, 3, 3, 3, 3, 3, 3, 3, 3, 3, 3, 3, 3, 3, 3, 3, 3, 3, 3, 3, 3, 3, 3, 3, 3, 3, 3, 3, 3, 3, 3, 3, 3, 3, 3, 3, 3, 3, 3, 3, 3, 3, 3, 3, 3, 3, 3, 3, 3, 3, 3, 3, 3, 3, 3, 3, 3, 3, 3, 3, 3, 3, 3, 3, 3, 3, 3, 3, 3, 3, 3, 3, 3, 3, 3, 3, 3, 3, 3, 3, 3, 3, 3, 3, 3, 3, 3, 3, 3, 3, 3, 3, 3, 3, 3, 3, 3, 3, 3, 3, 3, 3, 3, 3, 3, 3, 3, 3, 3, 3, 3, 3, 3, 3, 3, 3, 3, 3, 3, 3, 3, 3, 3, 3, 3, 3, 3, 3, 3, 3, 3, 3, 3, 3, 3, 3, 3, 3, 3, 3, 3, 3, 3, 3, 3, 3, 3, 3, 3, 3, 3, 3, 3, 3, 3, 3, 3, 3, 3, 3, 3, 3, 3, 3, 3, 3, 3, 3, 3, 3, 3, 3, 3, 3, 3, 3, 3, 3, 3, 3, 3, 3, 3, 3, 3, 3, 3, 3, 3, 3, 3, 3, 3, 3, 3, 3, 3, 3, 3, 3, 3, 3, 3, 3, 3, 3, 3, 3, 3, 3, 3, 3, 3, 3, 3, 3, 3, 3, 3, 3, 3, 3, 3, 3, 3, 3, 3, 3, 3, 3, 3, 3, 3, 3, 3, 3, 3, 3, 3, 3, 3, 3, 3, 3, 3, 3, 3, 3, 3, 3, 3, 3, 3, 3, 3, 3, 3, 3, 3, 3, 3, 3, 3, 3, 3, 3, 3, 3, 3, 3, 3, 3, 3, 3, 3, 3, 3, 3, 3, 3, 3, 3, 3, 3, 3, 3, 3, 3, 3, 3, 3, 3, 3, 3, 3, 3, 3, 3, 3, 3, 3, 3, 3, 3, 3, 3, 3, 3, 3, 3, 3, 3, 3, 3, 3, 3, 3, 3, 3, 3, 3, 3, 3, 3, 3, 3, 3, 3, 3, 3, 3, 3, 3, 3, 3, 3, 3, 3, 3, 3, 3, 3, 3, 3, 3, 3, 3, 3, 3, 3, 3, 3, 3, 3, 3, 3, 3, 3, 3, 3, 3, 3, 3, 3, 3, 3, 3, 3, 3, 3, 3, 3, 3, 3, 3, 3, 3, 3, 3, 3, 3, 3, 3, 3, 3, 3, 3, 3, 3, 3, 3, 3, 3, 3, 3, 3, 3, 3, 3, 3, 3, 3, 3, 3, 3, 3, 3, 3, 3, 3, 3, 3, 3, 3, 3, 3, 3, 3, 3, 3, 3, 3, 3, 3, 3, 3, 3, 3, 3, 3, 3, 3, 3, 3, 3, 3, 3, 3, 3, 3, 3, 3, 3, 3, 3, 3, 3, 3, 3, 3, 3, 3, 3, 3, 3, 3, 3, 3, 3, 3, 3, 3, 3, 3, 3, 3, 3, 3, 3, 3, 3, 3, 3, 3, 3, 3, 3, 3, 3, 3, 3, 3, 3, 3, 3, 3, 3, 3, 3, 3, 3, 3, 3, 3, 3, 3, 3, 3, 3, 3, 3, 3, 3, 3, 3, 3, 3, 3, 3, 3, 3, 3, 3, 3, 3, 3, 3, 3, 3, 3, 3, 3, 3, 3, 3, 3, 3, 3, 3, 3, 3, 3, 3, 3, 3, 3, 3, 3, 3, 3, 3, 3, 3, 3, 3, 3, 3, 3, 3, 3, 3, 3, 3, 3, 3, 3, 3, 3, 3, 3, 3, 3, 3, 3, 3, 3, 3, 3, 3, 3, 3, 3, 3, 3, 3, 3, 3, 3, 3, 3, 3, 3, 3, 3, 3, 3, 3, 3, 3, 3, 3, 3, 3, 3, 3, 3, 3, 3, 3, 3, 3, 3, 3, 3, 3, 3, 3, 3, 3, 3, 3, 3, 3, 3, 3, 3, 3, 3, 3, 3, 3, 3, 3, 3, 3, 3, 3, 3, 3, 3, 3, 3, 3, 3, 3, 3, 3, 3, 3, 3, 3, 3, 3, 3, 3, 3, 3, 3, 3, 3, 3, 3, 3, 3, 3, 3, 3, 3, 3, 3, 3, 3, 3, 3, 3, 3, 3, 3, 3, 3, 3, 3, 3, 3, 3, 3, 3, 3, 3, 3, 3, 3, 3, 3, 3, 3, 3, 3, 3, 3, 3, 3, 3, 3, 3, 3, 3, 3, 3, 3, 3, 3, 3, 3, 3, 3, 3, 3, 3, 3, 3, 3, 3, 3, 3, 3, 3, 3, 3, 3, 3, 3, 3, 3, 3, 3, 3, 3, 3, 3, 3, 3, 3, 3, 3, 3, 3, 3, 3, 3, 3, 3, 3, 3, 3, 3, 3, 3, 3, 3, 3, 3, 3, 3, 3, 3, 3, 3, 3, 3, 3, 3, 3, 3, 3, 3, 3, 3, 3, 3, 3, 3, 3, 3, 3, 3, 3, 3, 3, 3, 3, 3, 3, 3, 3, 3, 3, 3, 3, 3, 3, 3, 3, 3, 3, 3, 3, 3, 3, 3, 3, 3, 3, 3, 3, 3, 3, 3, 3, 3, 3, 3, 3, 3, 3, 3, 3, 3, 3, 3, 3, 3, 3, 3, 3, 3, 3, 3, 3, 3, 3, 3, 3, 3, 3, 3, 3, 3, 3, 3, 3, 3, 3, 3, 3, 3, 3, 3, 3, 3, 3, 3, 3, 3, 3, 3, 3, 3, 3, 3, 3, 3, 3, 3, 3, 3, 3, 3, 3, 3, 3, 3, 3, 3, 3, 3, 3, 3, 3, 3, 3, 3, 3, 3, 3, 3, 3, 3, 3, 3, 3, 3, 3, 3, 3, 3, 3, 3, 3, 3, 3, 3, 3, 3, 3, 3, 3, 3, 3, 3, 3, 3, 3, 3, 3, 3, 3, 3, 3, 3, 3, 3, 3, 3, 3, 3, 3, 3, 3, 3, 3, 3, 3, 3, 3, 3, 3, 3, 3, 3, 3, 3, 3, 3, 3, 3, 3, 3, 3, 3, 3, 3, 3, 3, 3, 3, 3, 3, 3, 3, 3, 3, 3, 3, 3, 3, 3, 3, 3, 3, 3, 3, 3, 3, 3, 3, 3, 3, 3, 3, 3, 3, 3, 3, 3, 3, 3, 3, 3, 3, 3, 3, 3, 3, 3, 3, 3, 3, 3, 3, 3, 3, 3, 3, 3, 3, 3, 3, 3, 3, 3, 3, 3, 3, 3, 3, 3, 3, 3, 3, 3, 3, 3, 3, 3, 3, 3, 3, 3, 3, 3, 3, 3, 3, 3, 3, 3, 3, 3, 3, 3, 3, 3, 3, 3, 3, 3, 3, 3, 3, 3, 3, 3, 3, 3, 3, 3, 3, 3, 3, 3, 3, 3, 3, 3, 3, 3, 3, 3, 3, 3, 3, 3, 3, 3, 3, 3, 3, 3, 3, 3, 3, 3, 3, 3, 3, 3, 3, 3, 3, 3, 3, 3, 3, 3, 3, 3, 3, 3, 3, 3, 3, 3, 3, 3, 3, 3, 3, 3, 3, 3, 3, 3, 3, 3, 3, 3, 3, 3, 3, 3, 3, 3, 3, 3, 3, 3, 3, 3, 3, 3, 3, 3, 3, 3, 3, 3, 3, 3, 3, 3, 3, 3, 3, 3, 3, 3, 3, 3, 3, 3, 3, 3, 3, 3, 3, 3, 3, 3, 3, 3, 3, 3, 3, 3, 3, 3, 3, 3, 3, 3, 3, 3, 3, 3, 3, 3, 3, 3, 3, 3, 3, 3, 3, 3, 3, 3, 3, 3, 3, 3, 3, 3, 3, 3, 3, 3, 3, 3, 3, 3, 3, 3, 3, 3, 3, 3, 3, 3, 3, 3, 3, 3, 3, 3, 3, 3, 3, 3, 3, 3, 3, 3, 3, 3, 3, 3, 3, 3, 3, 3, 3, 3, 3, 3, 3, 3, 3, 3, 3, 3, 3, 3, 3, 3, 3, 3, 3, 3, 3, 3, 3, 3, 3, 3, 3, 3, 3, 3, 3, 3, 3, 3, 3, 3, 3, 3, 3, 3, 3, 3, 3, 3, 3, 3, 3, 3, 3, 3, 3, 3, 3, 3, 3, 3, 3, 3, 3, 3, 3, 3, 3, 3, 3, 3, 3, 3, 3, 3, 3, 3, 3, 3, 3, 3, 3, 3, 3, 3, 3, 3, 3, 3, 3, 3, 3, 3, 3, 3, 3, 3, 3, 3, 3, 3, 3, 3, 3, 3, 3, 3, 3, 3, 3, 3, 3, 3, 3, 3, 3, 3, 3, 3, 3, 3, 3, 3, 3, 3, 3, 3, 3, 3, 3, 3, 3, 3, 3, 3, 3, 3, 3, 3, 3, 3, 3, 3, 3, 3, 3, 3, 3, 3, 3, 3, 3, 3, 3, 3, 3, 3, 3, 3, 3, 3, 3, 3, 3, 3, 3, 3, 3, 3, 3, 3, 3, 3, 3, 3, 3, 3, 3, 3, 3, 3, 3, 3, 3, 3, 3, 3, 3, 3, 3, 3, 3, 3, 3, 3, 3, 3, 3, 3, 3, 3, 3, 3, 3, 3, 3, 3, 3, 3, 3, 3, 3, 3, 3, 3, 3, 3, 3, 3, 3, 3, 3, 3, 3, 3, 3, 3, 3, 3, 3, 3, 3, 3, 3, 3, 3, 3, 3, 3, 3, 3, 3, 3, 3, 3, 3, 3, 3, 3, 3, 3, 3, 3, 3, 3, 3, 3, 3, 3, 3, 3, 3, 3, 3, 3, 3, 3, 3, 3, 3, 3, 3, 3, 3, 3, 3, 3, 3, 3, 3, 3, 3, 3, 3, 3, 3, 3, 3, 3, 3, 3, 3, 3, 3, 3, 3, 3, 3, 3, 3, 3, 3, 3, 3, 3, 3, 3, 3, 3, 3, 3, 3, 3, 3, 3, 3, 3, 3, 3, 3, 3, 3, 3, 3, 3, 3, 3, 3, 3, 3, 3, 3, 3, 3, 3, 3, 3, 3, 3, 3, 3, 3, 3, 3, 3, 3, 3, 3, 3, 3, 3, 3, 3, 3, 3, 3, 3, 3, 3, 3, 3, 3, 3, 3, 3, 3, 3, 3, 3, 3, 3, 3, 3, 3, 3, 3, 3, 3, 3, 3, 3, 3, 3, 3, 3, 3, 3, 3, 3, 3, 3, 3, 3, 3, 3, 3, 3, 3, 3, 3, 3, 3, 3, 3, 3, 3, 3, 3, 3, 3, 3, 3, 3, 3, 3, 3, 3, 3, 3, 3, 3, 3, 3, 3, 3, 3, 3, 3, 3, 3, 3, 3, 3, 3, 3, 3, 3, 3, 3, 3, 3, 3, 3, 3, 3, 3, 3, 3, 3, 3, 3, 3, 3, 3, 3, 3, 3, 3, 3, 3, 3, 3, 3, 3, 3, 3, 3, 3, 3, 3, 3, 3, 3, 3, 3, 3, 3, 3, 3, 3, 3, 3, 3, 3, 3, 3, 3, 3, 3, 3, 3, 3, 3, 3, 3, 3, 3, 3, 3, 3, 3, 3, 3, 3, 3, 3, 3, 3, 3, 3, 3, 3, 3, 3, 3, 3, 3, 3, 3, 3, 3, 3, 3, 3, 3, 3, 3, 3, 3, 3, 3, 3, 3, 3, 3, 3, 3, 3, 3, 3, 3, 3, 3, 3, 3, 3, 3, 3, 3, 3, 3, 3, 3, 3, 3, 3, 3, 3, 3, 3, 3, 3, 3, 3, 3, 3, 3, 3, 3, 3, 3, 3, 3, 3, 3, 3, 3, 3, 3, 3, 3, 3, 3, 3, 3, 3, 3, 3, 3, 3, 3, 3, 3, 3, 3, 3, 3, 3, 3, 3, 3, 3, 3, 3, 3, 3, 3, 3, 3, 3, 3, 3, 3, 3, 3, 3, 3, 3, 3, 3, 3, 3, 3, 3, 3, 3, 3, 3, 3, 3, 3, 3, 3, 3, 3, 3, 3, 3, 3, 3, 3, 3, 3, 3, 3, 3, 3, 3, 3, 3, 3, 3, 3, 3, 3, 3, 3, 3, 3, 3, 3, 3, 3, 3, 3, 3, 3, 3, 3, 3, 3, 3, 3, 3, 3, 3, 3, 3, 3, 3, 3, 3, 3, 3, 3, 3, 3, 3, 3, 3, 3, 3, 3, 3, 3, 3, 3, 3, 3, 3, 3, 3, 3, 3, 3, 3, 3, 3, 3, 3, 3, 3, 3, 3, 3, 3, 3, 3, 3, 3, 3, 3, 3, 3, 3, 3, 3, 3, 3, 3, 3, 3, 3, 3, 3, 3, 3, 3, 3, 3, 3, 3, 3, 3, 3, 3, 3, 3, 3, 3, 3, 3, 3, 3, 3, 3, 3, 3, 3, 3, 3, 3, 3, 3, 3, 3, 3, 3, 3, 3, 3, 3, 3, 3, 3, 3, 3, 3, 3, 3, 3, 3, 3, 3, 3, 3, 3, 3, 3, 3, 3, 3, 3, 3, 3, 3, 3, 3, 3, 3, 3, 3, 3, 3, 3, 3, 3, 3, 3, 3, 3, 3, 3, 3, 3, 3, 3, 3, 3, 3, 3, 3, 3, 3, 3, 3, 3, 3, 3, 3, 3, 3, 3, 3, 3, 3, 3, 3, 3, 3, 3, 3, 3, 3, 3, 3, 3, 3, 3, 3, 3, 3, 3, 3, 3, 3, 3, 3, 3, 3, 3, 3, 3, 3, 3, 3, 3, 3, 3, 3, 3, 3, 3, 3, 3, 3, 3, 3, 3, 3, 3, 3, 3, 3, 3, 3, 3, 3, 3, 3, 3, 3, 3, 3, 3, 3, 3, 3, 3, 3, 3, 3, 3, 3, 3, 3, 3, 3, 3, 3, 3, 3, 3, 3, 3, 3, 3, 3, 3, 3, 3, 3, 3, 3, 3, 3, 3, 3, 3, 3, 3, 3, 3, 3, 3, 3, 3, 3, 3, 3, 3, 3, 3, 3, 3, 3, 3, 3, 3, 3, 3, 3, 3, 3, 3, 3, 3, 3, 3, 3, 3, 3, 3, 3, 3, 3, 3, 3, 3, 3, 3, 3, 3, 3, 3, 3, 3, 3, 3, 3, 3, 3, 3, 3, 3, 3, 3, 3, 3, 3, 3, 3, 3, 3, 3, 3, 3, 3, 3, 3, 3, 3, 3, 3, 3, 3, 3, 3, 3, 3, 3, 3, 3, 3, 3, 3, 3, 3, 3, 3, 3, 3, 3, 3, 3, 3, 3, 3, 3, 3, 3, 3, 3, 3, 3, 3, 3, 3, 3, 3, 3, 3, 3, 3, 3, 3, 3, 3, 3, 3, 3, 3, 3, 3, 3, 3, 3, 3, 3, 3, 3, 3, 3, 3, 3, 3, 3, 3, 3, 3, 3, 3, 3, 3, 3, 3, 3, 3, 3]
    int[] faceVertexIndices = [152, 9222, 1631, 9231, 9229, 9262, 9262, 9229, 9228, 9223, 9212, 288, 9222, 9221, 1631, 9227, 9228, 3111, 9227, 3111, 9226, 9221, 991, 1631, 9231, 9230, 9229, 9229, 9230, 3106, 9229, 3106, 9228, 9228, 3106, 3111, 9224, 9212, 9223, 9222, 9220, 9221, 9221, 998, 991, 9368, 3432, 9224, 9224, 3432, 9212, 3432, 9208, 9212, 3432, 9211, 9208, 9248, 2527, 9256, 9211, 9210, 9208, 9220, 9218, 9221, 9221, 9218, 998, 2527, 9258, 9256, 2527, 2522, 9258, 9218, 999, 998, 3432, 3429, 9211, 9256, 3855, 3856, 9258, 3855, 9256, 3429, 9209, 9211, 9211, 9209, 9210, 9210, 9209, 9208, 9220, 9219, 9218, 9218, 995, 999, 9209, 9207, 9208, 2522, 2523, 9258, 2523, 9261, 9258, 9258, 9261, 3855, 3429, 3430, 9209, 9261, 3854, 3855, 3430, 9337, 9209, 9209, 9337, 9207, 9219, 9216, 9218, 2523, 9263, 9261, 9261, 9263, 3854, 3444, 9337, 3430, 2523, 2530, 9263, 9218, 1041, 995, 9337, 9205, 9207, 9216, 9217, 9218, 9218, 9217, 1041, 3444, 9213, 9337, 9263, 3857, 3854, 9337, 9213, 9205, 3444, 9206, 9213, 9213, 9204, 9205, 9206, 9204, 9213, 9216, 3211, 9217, 9206, 3439, 9204, 9204, 9203, 9205, 3211, 9169, 3206, 3439, 9203, 9204, 9169, 164, 3206, 164, 9170, 3206, 3206, 9170, 3202, 9170, 3212, 3202, 3089, 9328, 3082, 3082, 9328, 3087, 3068, 9195, 3067, 3075, 3074, 3094, 6619, 6621, 9186, 6619, 9186, 6617, 6604, 6609, 6603, 3212, 9172, 9174, 3212, 9174, 3198, 3198, 9174, 3209, 3209, 9175, 3204, 3204, 9175, 3093, 3068, 9180, 9195, 9195, 9180, 3067, 3067, 9181, 3070, 3070, 9181, 3074, 3074, 9183, 3094, 9183, 9185, 3094, 3094, 9185, 6622, 6622, 9185, 6621, 6613, 9189, 6614, 6606, 9190, 6608, 6609, 6608, 9191, 9193, 6603, 6609, 6603, 9196, 6602, 3246, 9199, 3247, 164, 9171, 9170, 3212, 9170, 9172, 9174, 9175, 3209, 9175, 9176, 3093, 3093, 9176, 9328, 3087, 9328, 3068, 3068, 9328, 9180, 3067, 9180, 9181, 3074, 9181, 9183, 6617, 9186, 6616, 6613, 6616, 9189, 6614, 9189, 6606, 9189, 9190, 6606, 6608, 9190, 9191, 6602, 9197, 9214, 9214, 9197, 6625, 6625, 9197, 3242, 3242, 9197, 3249, 3249, 9198, 3246, 3246, 9198, 9199, 9199, 9201, 3247, 3247, 9201, 3248, 3248, 9201, 3439, 3439, 9201, 9202, 3439, 9202, 9203, 164, 165, 9171, 9170, 9171, 9172, 9328, 9176, 9178, 9328, 9178, 9180, 9181, 9182, 9183, 9183, 9184, 9185, 6621, 9185, 9184, 6621, 9184, 9186, 9186, 8681, 6616, 9189, 9188, 9190, 9190, 9192, 9191, 9191, 9193, 6609, 9193, 9196, 6603, 6602, 9196, 9197, 9197, 9198, 3249, 9172, 9171, 9173, 9172, 9173, 9174, 9174, 9173, 9303, 9174, 9303, 9175, 9303, 9177, 9175, 9175, 9177, 9176, 9180, 9179, 9181, 9183, 9182, 9184, 9186, 9184, 9187, 9186, 9187, 8681, 6616, 8681, 9188, 6616, 9188, 9189, 9188, 9194, 9190, 9190, 9194, 9192, 9192, 9193, 9191, 9177, 9178, 9176, 9180, 9178, 9179, 9179, 9182, 9181, 9194, 8707, 9192, 9192, 8707, 9193, 9193, 8707, 8708, 9193, 8708, 9196, 9196, 8708, 9197, 9197, 8708, 9198, 9198, 8708, 8770, 9198, 9200, 9199, 9198, 8770, 9200, 9199, 9200, 9201, 9201, 9200, 9202, 165, 8684, 9171, 165, 163, 8684, 8684, 8683, 9171, 9171, 8683, 9173, 9173, 8683, 8700, 9173, 8700, 9303, 8700, 8711, 9303, 9303, 8711, 9177, 9177, 8711, 9178, 9178, 8711, 8646, 9178, 8646, 8704, 9178, 8704, 9179, 8704, 8651, 9179, 9179, 8651, 9182, 8651, 8643, 9182, 9182, 8643, 9184, 8643, 8640, 9184, 9184, 8640, 9187, 8640, 8639, 9187, 9187, 8639, 8681, 9188, 8681, 8710, 9188, 8710, 9194, 9194, 8710, 8707, 8707, 8661, 8708, 8661, 8667, 8708, 8708, 8667, 8663, 8663, 8669, 8708, 8708, 8669, 8770, 8770, 8669, 8689, 8770, 8689, 9200, 9200, 8689, 8690, 9200, 8690, 9202, 8690, 8694, 9202, 1631, 9331, 1630, 1630, 9331, 1628, 1628, 9331, 9330, 1628, 9330, 1627, 9330, 9321, 1627, 1627, 9321, 1618, 9321, 9317, 1618, 1618, 9317, 1614, 1614, 9317, 9316, 1614, 9316, 9315, 1614, 9315, 1615, 9315, 9314, 1615, 1615, 9314, 1607, 1607, 9314, 9308, 1607, 9308, 1604, 9308, 9307, 1604, 1604, 9307, 1601, 1601, 9307, 1600, 1600, 9307, 9306, 1600, 9306, 1669, 9306, 9305, 1669, 1669, 9305, 1679, 1679, 9305, 9273, 1679, 9273, 1705, 9273, 9265, 1705, 1705, 9265, 1706, 9265, 9247, 1706, 1706, 9247, 1707, 1707, 9247, 1704, 1704, 9247, 9234, 1704, 9234, 9262, 1704, 9262, 1709, 1709, 9262, 9336, 1709, 9336, 1711, 9336, 9223, 1711, 1711, 9223, 300, 300, 9223, 288, 152, 127, 9222, 9331, 9333, 9330, 9330, 9333, 9332, 9330, 9332, 9321, 9314, 9365, 9308, 9307, 9369, 9306, 9306, 9338, 9305, 9305, 9338, 9273, 9273, 9338, 9266, 9273, 9266, 9265, 9266, 9241, 9265, 9265, 9241, 9247, 9241, 9235, 9247, 9247, 9235, 9234, 9321, 9319, 9317, 9317, 9318, 9316, 9315, 9365, 9314, 9365, 9310, 9308, 9308, 9310, 9309, 9308, 9309, 9307, 9309, 9369, 9307, 9306, 9369, 9279, 9306, 9279, 9338, 9235, 9241, 9240, 9262, 9228, 9336, 9228, 9227, 9336, 9227, 9223, 9336, 9319, 9318, 9317, 9318, 9323, 9316, 9316, 9365, 9315, 9310, 9311, 9309, 9309, 9312, 9369, 9280, 9279, 9369, 9279, 9277, 9276, 9279, 9276, 9338, 9338, 9276, 9269, 9269, 9266, 9338, 9266, 9268, 9267, 9266, 9267, 9241, 9241, 9329, 9243, 9241, 9243, 9240, 9240, 9236, 9235, 9234, 9231, 9262, 9227, 9226, 9223, 9226, 9225, 9223, 1631, 9376, 9331, 9331, 9376, 9334, 9331, 9334, 9333, 9332, 9340, 9321, 9340, 9322, 9321, 9322, 9319, 9321, 9316, 9323, 9365, 9365, 9313, 9310, 9310, 9313, 9311, 9309, 9311, 9312, 9312, 9374, 9369, 9369, 9374, 9280, 9279, 9280, 9277, 9267, 9329, 9241, 9235, 9236, 9233, 9235, 9233, 9234, 9233, 9231, 9234, 127, 54, 9222, 9334, 9340, 9333, 9333, 9340, 9332, 9319, 9322, 9320, 9319, 9320, 9318, 9323, 9313, 9365, 9280, 9374, 9278, 9280, 9278, 9277, 9243, 9236, 9240, 9236, 9237, 9233, 9237, 9238, 9233, 9233, 9232, 9231, 9231, 9232, 9230, 9225, 9224, 9223, 9376, 1068, 3188, 9376, 3188, 9334, 9334, 3188, 3190, 9334, 3190, 9340, 3190, 3189, 9340, 9340, 3189, 9322, 9322, 3189, 2773, 9322, 9339, 9320, 9322, 9341, 9339, 9320, 3123, 9318, 9318, 3123, 9323, 3123, 3130, 9323, 9323, 3130, 9313, 3130, 3129, 9313, 9313, 3129, 9311, 9311, 3129, 9312, 3129, 3128, 9312, 9312, 2898, 9374, 9312, 3128, 2898, 9374, 2898, 2896, 9374, 9282, 9278, 9278, 2759, 9277, 9277, 2759, 2757, 9277, 2757, 9276, 9276, 2757, 9269, 9269, 2757, 2761, 9269, 2761, 9268, 9268, 2761, 9267, 2761, 2756, 9267, 9267, 2756, 9329, 9329, 2756, 9243, 9243, 2756, 9236, 2756, 2755, 9236, 9236, 2755, 2754, 9236, 2529, 9237, 9236, 2754, 2529, 9245, 9232, 9233, 9232, 3108, 9230, 9230, 3108, 3107, 9230, 3107, 3106, 3111, 3112, 9226, 9226, 3112, 9225, 9225, 3112, 9364, 2773, 2770, 9322, 9322, 2770, 9341, 2896, 9284, 9374, 9374, 9284, 9282, 9238, 9239, 9233, 3112, 7681, 9364, 9225, 9364, 9224, 2770, 2769, 9341, 2894, 9335, 2896, 2896, 9335, 9284, 4430, 9366, 7681, 4430, 4437, 9366, 7681, 9366, 9364, 2769, 9342, 9341, 9341, 9373, 9339, 9341, 9342, 9373, 9357, 5248, 5299, 9366, 9368, 9364, 9364, 9368, 9224, 9222, 54, 9220, 2529, 9242, 9237, 9237, 9242, 9238, 4437, 4435, 9366, 4435, 3442, 9366, 9366, 3442, 9368, 2894, 2893, 9335, 9335, 2893, 9284, 9284, 9283, 9282, 2529, 2526, 9242, 9242, 9244, 9238, 9238, 9259, 9239, 9238, 9244, 9259, 9249, 8828, 8829, 3442, 3435, 9368, 3435, 3432, 9368, 2769, 2767, 9342, 2893, 9285, 9284, 9284, 9285, 9283, 9249, 9251, 8828, 9342, 9344, 9373, 9242, 9248, 9244, 9344, 9356, 9373, 2767, 2763, 9342, 9302, 9299, 466, 2526, 9248, 9242, 3864, 9244, 3863, 9248, 3863, 9244, 2763, 9343, 9342, 9342, 9343, 9344, 2884, 9288, 2893, 2893, 9288, 9285, 9283, 9299, 9302, 9299, 467, 466, 2526, 2527, 9248, 9248, 9256, 3863, 9256, 3856, 3863, 3863, 3856, 3861, 9344, 9354, 9356, 9354, 9355, 9356, 9356, 9355, 9357, 9355, 9358, 9357, 9357, 9358, 5248, 9283, 9298, 9299, 9343, 9353, 9344, 9344, 9353, 9354, 9358, 5291, 5248, 9288, 9286, 9285, 9285, 9286, 9283, 9299, 9298, 467, 9252, 9253, 9251, 9251, 9253, 8828, 9353, 9355, 9354, 3432, 3426, 3429, 2763, 9345, 9343, 9353, 9362, 9355, 9220, 54, 65, 9343, 9347, 9353, 9353, 9347, 9362, 2763, 2762, 9345, 2884, 2880, 9288, 9252, 9254, 9253, 9343, 9346, 9347, 9345, 9346, 9343, 9283, 9297, 9298, 9253, 8825, 8828, 8828, 8825, 8824, 9220, 65, 9219, 2880, 9289, 9288, 9300, 9297, 467, 9288, 9289, 9286, 9253, 9270, 8825, 9286, 9287, 9283, 9253, 9257, 9270, 9297, 459, 467, 2880, 2881, 9289, 2762, 2764, 9345, 9346, 9363, 9347, 9359, 5297, 9358, 9358, 5297, 5291, 9289, 9287, 9286, 9287, 9290, 9283, 9283, 9290, 9297, 9219, 65, 9216, 2764, 2765, 9345, 9345, 2765, 9346, 9346, 9348, 9363, 9270, 8826, 8825, 9257, 9271, 9270, 9290, 9301, 9297, 9257, 3853, 9271, 3430, 3433, 3444, 2530, 2523, 2524, 2765, 9348, 9346, 9289, 2886, 9287, 9348, 9370, 9363, 2881, 2886, 9289, 3853, 3859, 9271, 9263, 9264, 3857, 9216, 65, 131, 2886, 9291, 9287, 9287, 9291, 9290, 9264, 9375, 3857, 3857, 9375, 3858, 3444, 3433, 9206, 9291, 9292, 9290, 2524, 9264, 2530, 2766, 9349, 2765, 2765, 9349, 9348, 2886, 2888, 9294, 9294, 9291, 2886, 2524, 9372, 9264, 9264, 9372, 9375, 9271, 9272, 9270, 9272, 8826, 9270, 9372, 9215, 9375, 9375, 3866, 3858, 9375, 9215, 3866, 9349, 9352, 9348, 9348, 9352, 9370, 2524, 2525, 9372, 9206, 3433, 3439, 3433, 3428, 3439, 9216, 131, 3211, 2766, 9350, 9349, 9349, 9350, 9351, 9352, 3092, 9370, 2888, 2890, 9294, 9294, 2890, 9295, 9295, 9293, 9294, 9294, 9293, 9291, 9291, 9293, 9292, 9217, 3211, 1041, 9349, 9351, 9352, 5298, 5315, 5252, 9293, 6623, 9292, 2525, 6601, 9372, 6601, 9215, 9372, 9272, 8904, 8826, 3211, 131, 9169, 3211, 1047, 1041, 2766, 2768, 9350, 9351, 9350, 9352, 2890, 9296, 9295, 9295, 9296, 9293, 3428, 3438, 3439, 9169, 131, 120, 2768, 3210, 9350, 9350, 3210, 9352, 9352, 3210, 3096, 2890, 2902, 9296, 2902, 3090, 9296, 9296, 3090, 9293, 9293, 3090, 3095, 2525, 2533, 6601, 6601, 9214, 9215, 3239, 3248, 3438, 3438, 3248, 3439, 9169, 120, 164, 3204, 3093, 3210, 3210, 3093, 3096, 3096, 3093, 3092, 3093, 3089, 3092, 6622, 3095, 3094, 3090, 3094, 3095, 9215, 9214, 3866, 9214, 6625, 3866, 3866, 6625, 3867, 120, 121, 164, 164, 121, 165, 165, 121, 163, 8684, 8682, 8683, 8683, 8682, 8654, 8683, 8654, 8700, 8700, 8654, 8652, 8700, 8652, 8711, 8652, 8647, 8711, 8711, 8647, 8646, 8646, 8645, 8704, 8704, 8645, 8651, 8645, 8644, 8651, 8651, 8644, 8643, 8681, 8639, 8656, 8681, 8656, 8710, 8710, 8656, 8707, 8707, 8656, 8657, 8707, 8657, 8661, 8689, 8687, 8690, 152, 126, 127, 126, 115, 127, 127, 115, 54, 3188, 3185, 3190, 3185, 3186, 3190, 3190, 3186, 3189, 3189, 3186, 3187, 3189, 3187, 2773, 9320, 3134, 3123, 9320, 9339, 3134, 3134, 3132, 3123, 3134, 5268, 3132, 3132, 3124, 3123, 3123, 3118, 3130, 3118, 3119, 3130, 3130, 3119, 3129, 3119, 3126, 3129, 3129, 3126, 3128, 9282, 9281, 9278, 9278, 506, 2759, 9278, 9281, 506, 506, 460, 2759, 506, 424, 460, 2759, 2758, 2757, 2757, 2758, 2753, 2757, 2753, 2752, 2757, 2752, 2761, 2761, 2752, 2748, 2761, 2748, 2756, 2748, 2750, 2756, 2756, 2751, 2755, 2756, 2750, 2751, 2755, 2751, 2754, 2754, 2528, 2529, 9245, 9246, 9232, 9232, 3117, 3108, 9232, 9246, 3117, 9246, 8823, 3117, 3108, 3104, 3107, 3107, 3104, 3098, 3107, 3098, 3106, 3098, 3099, 3106, 3099, 3102, 3106, 3106, 3102, 3111, 3111, 3102, 3112, 3112, 3102, 3113, 3112, 3113, 7681, 5299, 3134, 9367, 9339, 9367, 3134, 468, 506, 9302, 9281, 9302, 506, 8829, 9246, 9249, 9245, 9249, 9246, 4430, 4431, 4437, 5299, 9367, 9357, 468, 9302, 466, 9260, 9250, 9245, 9245, 9250, 9249, 4437, 4431, 4435, 2529, 2528, 2526, 9260, 3865, 9250, 4435, 3441, 3442, 3442, 3441, 3435, 9357, 9367, 9356, 8829, 8828, 8823, 9249, 9250, 9251, 3865, 3862, 9250, 3862, 9252, 9250, 9251, 9250, 9252, 3432, 3418, 3426, 3862, 3849, 9252, 3849, 9255, 9252, 9355, 9362, 9358, 54, 55, 65, 9298, 9300, 467, 3426, 3423, 3429, 9252, 9255, 9254, 3429, 3423, 3424, 9298, 9297, 9300, 3429, 3424, 3421, 3429, 3421, 3430, 3849, 3850, 9255, 9253, 9254, 9257, 9358, 9362, 9359, 9255, 9257, 9254, 9255, 3850, 9257, 3430, 3421, 3433, 9297, 9304, 459, 9301, 9304, 9297, 9257, 3850, 3853, 3421, 3419, 3433, 5297, 9360, 5298, 5297, 9359, 9360, 459, 9304, 474, 9361, 8204, 9359, 9359, 8204, 9360, 3433, 3419, 3420, 65, 66, 131, 9301, 9371, 9304, 9304, 9324, 474, 3859, 9274, 9271, 3433, 3420, 3425, 8204, 8205, 9360, 9271, 9274, 9272, 9360, 8205, 5298, 9304, 9371, 9324, 3859, 3860, 9274, 131, 66, 112, 3433, 3425, 3428, 8204, 8206, 8205, 5298, 8205, 3091, 9371, 9326, 9324, 9326, 9325, 9324, 9324, 9325, 475, 9325, 412, 475, 9272, 9274, 9275, 5298, 3091, 5315, 8205, 8206, 3091, 3860, 3867, 9274, 9272, 9275, 8904, 9274, 3867, 9275, 5315, 3088, 5252, 9326, 9327, 9325, 9325, 443, 412, 9325, 9327, 443, 131, 112, 120, 8206, 3092, 3091, 3091, 3088, 5315, 9326, 6620, 9327, 9326, 6623, 6620, 9327, 6620, 443, 6620, 501, 443, 2525, 2532, 2533, 3867, 6624, 9275, 9275, 8903, 8904, 9275, 6624, 8903, 6624, 3251, 8903, 163, 8705, 8684, 8682, 4465, 8654, 4465, 4466, 8654, 4466, 8653, 8654, 8654, 8653, 8652, 8652, 8653, 4481, 8652, 4481, 8647, 8647, 4481, 8650, 8647, 8648, 3676, 8647, 3676, 8646, 8646, 3676, 8645, 3676, 3673, 8645, 3673, 3674, 8645, 8645, 3674, 8644, 8644, 3668, 8643, 8643, 3668, 3669, 3669, 8640, 8643, 8640, 1304, 8639, 8641, 8642, 8639, 8639, 8642, 8655, 8639, 8655, 8656, 8656, 8655, 8658, 8656, 8658, 8657, 8657, 8660, 8661, 8660, 8662, 8661, 8661, 8662, 8667, 8667, 8662, 8663, 8663, 8664, 8669, 8685, 8686, 8669, 8669, 8686, 8689, 8689, 8686, 8687, 8687, 8691, 8690, 8691, 8692, 8690, 8690, 8692, 8694, 152, 166, 126, 3110, 3109, 3104, 115, 51, 54, 1062, 2595, 1068, 1068, 2595, 3188, 2595, 2594, 3188, 3188, 2594, 3185, 3185, 2594, 2590, 3185, 2590, 3186, 3186, 2590, 3187, 3187, 2590, 2586, 2586, 2584, 3187, 3187, 2584, 2773, 2584, 2585, 2773, 2773, 2585, 2770, 2585, 2608, 2770, 3124, 3122, 3123, 3123, 3122, 3118, 3122, 3121, 3118, 3121, 3120, 3118, 3118, 3120, 3119, 3119, 3120, 3125, 3125, 3126, 3119, 3126, 3127, 3128, 3127, 3131, 3128, 3128, 3131, 2898, 3131, 2897, 2898, 2898, 2897, 2896, 2897, 2895, 2896, 460, 2760, 2759, 460, 451, 2760, 2759, 2760, 2758, 2752, 2753, 2080, 2752, 2080, 2748, 2080, 2749, 2748, 2748, 2749, 2750, 2749, 2041, 2750, 2750, 2041, 2751, 2751, 2032, 2754, 2032, 2031, 2754, 2754, 2031, 2528, 2031, 2010, 2528, 3109, 3101, 3104, 3104, 3101, 3098, 3101, 3100, 3098, 3098, 3100, 3099, 3100, 3103, 3099, 3099, 3103, 3102, 3102, 3103, 3105, 3102, 3105, 3113, 3105, 3114, 3113, 3114, 4438, 3113, 2896, 2895, 2894, 4430, 4432, 4431, 4432, 4433, 4431, 2770, 2608, 2769, 2608, 2607, 2769, 4431, 4434, 4435, 4431, 4433, 4434, 2010, 2009, 2528, 4435, 4434, 3441, 3441, 4434, 3440, 3441, 3440, 3435, 3440, 3436, 3435, 2528, 2009, 2526, 2607, 2609, 2769, 2893, 2894, 2892, 3435, 3434, 3432, 3435, 3436, 3434, 2769, 2609, 2767, 3432, 3434, 3418, 2893, 2892, 2883, 2526, 2009, 2527, 3418, 3416, 3426, 2893, 2883, 2884, 2527, 2009, 2522, 54, 53, 55, 2767, 2556, 2763, 3426, 3416, 3423, 2763, 2556, 2583, 3423, 3416, 3412, 2763, 2583, 2762, 2884, 2883, 2880, 3423, 3412, 3424, 2762, 2583, 2587, 3424, 3412, 3411, 2880, 2883, 2882, 3424, 3411, 3421, 2762, 2587, 2589, 3421, 3411, 3409, 2880, 2882, 2881, 2762, 2589, 2764, 3410, 3413, 3409, 3421, 3409, 3419, 3409, 3414, 3419, 3413, 3414, 3409, 2764, 2588, 2765, 2523, 2035, 2524, 3413, 3445, 3414, 3419, 3414, 3420, 3420, 3414, 3422, 3445, 3422, 3414, 3445, 3447, 3422, 3420, 3422, 3425, 2765, 2588, 2766, 2886, 2887, 2888, 3447, 3446, 3422, 3422, 3427, 3425, 3425, 3427, 3428, 3428, 3427, 3431, 2766, 2593, 2768, 3428, 3431, 3437, 2768, 2593, 2549, 2525, 2531, 2532, 3428, 3253, 3438, 3428, 3437, 3253, 1069, 1000, 1001, 1069, 1065, 1000, 2549, 2771, 2768, 2890, 2900, 2902, 3438, 3253, 3244, 3252, 3243, 3253, 3243, 3244, 3253, 3088, 3699, 5266, 3081, 3080, 3097, 3395, 3196, 3393, 3395, 3404, 3196, 3393, 3389, 3394, 3097, 3689, 3693, 3097, 3080, 3689, 3389, 3401, 3394, 4483, 4469, 4461, 4469, 4460, 4461, 8685, 8739, 8686, 8739, 8738, 8686, 8686, 8738, 8688, 8705, 1073, 8684, 8684, 1073, 8682, 1073, 4467, 8682, 8682, 4467, 4465, 4466, 4472, 8653, 8653, 4472, 4474, 8653, 4474, 4481, 8650, 8649, 8647, 8649, 8648, 8647, 8648, 3675, 3676, 3674, 3672, 8644, 8644, 3672, 3668, 3669, 3670, 8640, 8640, 3670, 1304, 1304, 8638, 8639, 8639, 8638, 2104, 8639, 2104, 8641, 8703, 8659, 8658, 8658, 8659, 8657, 8659, 8660, 8657, 8662, 8666, 8663, 8666, 8665, 8663, 8663, 8665, 8664, 8669, 8664, 8685, 8687, 8688, 8691, 8691, 8693, 8692, 1591, 1661, 1602, 1592, 1599, 486, 1599, 405, 486, 570, 749, 303, 166, 52, 126, 1639, 1660, 1071, 1760, 472, 507, 1737, 5669, 5316, 5669, 3135, 5316, 3124, 3136, 3135, 3124, 3135, 3122, 2760, 493, 2027, 2027, 2028, 2760, 3110, 3116, 3109, 9142, 672, 702, 3126, 3125, 3127, 2760, 2028, 2758, 2028, 2079, 2758, 2758, 2079, 2753, 2079, 2078, 2753, 2753, 2078, 2080, 2080, 2093, 2749, 2749, 2093, 2041, 2041, 2032, 2751, 3105, 3115, 3114, 3114, 3115, 4438, 3115, 9070, 4438, 4438, 9070, 4436, 3579, 3577, 3580, 672, 668, 702, 5729, 3443, 3440, 5729, 4433, 3443, 3440, 3443, 3436, 3577, 3585, 3580, 2010, 2008, 2009, 2894, 2895, 2892, 54, 51, 53, 3579, 3576, 3577, 3576, 3575, 3577, 3577, 3575, 3585, 3471, 3470, 3434, 9146, 656, 710, 656, 667, 710, 2892, 2891, 2883, 3461, 3417, 3470, 3418, 3434, 3417, 3470, 3417, 3434, 2609, 2556, 2767, 3418, 3417, 3416, 3461, 3460, 3417, 3417, 3415, 3416, 3460, 3475, 3417, 3417, 3475, 3415, 3576, 3574, 3575, 3574, 3573, 3575, 3575, 3573, 3585, 3573, 3587, 3585, 3416, 3415, 3412, 3415, 3408, 3412, 3475, 3408, 3415, 3460, 3458, 3475, 3574, 3569, 3573, 3458, 3476, 3475, 3475, 3476, 3408, 2883, 2891, 2882, 3569, 3570, 3573, 3573, 3570, 3587, 2522, 2009, 2034, 3412, 3408, 3411, 3570, 3589, 3587, 2522, 2034, 2523, 3570, 3586, 3589, 3458, 3474, 3476, 3411, 3408, 3409, 3408, 3410, 3409, 3476, 3474, 3408, 3474, 3410, 3408, 3458, 3457, 3474, 3569, 3571, 3570, 2881, 2882, 2885, 3571, 3572, 3570, 3570, 3572, 3586, 3410, 3474, 3413, 65, 63, 66, 3572, 3583, 3586, 2523, 2034, 2035, 3413, 3474, 3473, 3457, 3473, 3474, 2764, 2589, 2588, 3457, 3455, 3473, 2881, 2885, 2886, 63, 111, 66, 3571, 3578, 3572, 3572, 3578, 3583, 3413, 3465, 3445, 3413, 3473, 3465, 3455, 3465, 3473, 2886, 2885, 2887, 3571, 3581, 3578, 3455, 3453, 3465, 3445, 3465, 3452, 3453, 3452, 3465, 3445, 3452, 3447, 2524, 2035, 2525, 3447, 3452, 3446, 3453, 3451, 3452, 3451, 3446, 3452, 2588, 2593, 2766, 2887, 2889, 2888, 3578, 3582, 3583, 3451, 3448, 3446, 3422, 3446, 3427, 3582, 3584, 3583, 2525, 2035, 2030, 3448, 3427, 3446, 66, 111, 112, 2888, 2889, 2890, 2890, 2889, 2900, 3582, 3588, 3584, 3582, 3590, 3588, 2525, 2030, 2531, 3437, 3254, 3253, 3590, 3591, 3588, 2900, 2889, 2901, 2889, 2903, 2901, 6618, 2115, 2108, 2115, 2114, 2108, 2771, 2549, 2772, 2092, 2045, 2044, 9139, 9113, 9127, 3406, 3549, 3407, 3548, 3546, 3552, 3546, 3545, 3552, 2772, 3544, 3403, 3535, 3528, 3703, 3528, 3646, 3703, 2901, 2903, 2904, 2107, 2108, 2106, 3690, 3698, 3663, 3698, 3662, 3663, 3632, 8378, 3533, 1031, 4488, 4468, 4488, 4491, 4468, 4468, 4491, 4483, 4491, 4490, 4483, 4491, 7178, 4490, 4483, 4490, 4469, 4490, 7178, 7180, 4469, 4492, 4470, 4469, 4490, 4492, 4490, 7180, 4492, 7180, 2567, 4492, 4470, 4492, 4480, 4492, 4487, 4480, 4492, 2567, 4487, 4480, 4487, 4471, 3667, 5267, 3691, 3667, 5235, 5267, 3641, 3643, 3644, 3644, 3647, 3641, 3641, 3645, 3639, 3641, 3647, 3645, 3645, 3638, 3639, 5643, 5647, 1287, 5647, 1286, 1287, 4491, 7179, 7178, 4471, 4487, 4486, 4471, 4486, 4473, 4473, 4486, 4485, 4473, 4485, 4475, 4475, 4484, 4477, 4475, 4485, 4484, 4477, 4484, 4478, 4484, 2591, 4478, 4478, 2591, 4482, 2591, 2601, 4482, 2601, 2602, 4482, 3663, 3662, 3661, 3665, 3658, 3656, 3656, 3654, 3653, 3653, 3654, 3652, 3652, 3650, 3649, 3649, 3650, 3642, 2076, 2058, 2075, 2058, 2062, 2075, 2096, 2062, 2061, 2096, 2065, 2101, 2064, 2063, 2101, 2101, 2063, 2119, 2119, 2063, 2118, 2063, 2046, 2118, 2118, 2046, 2117, 2117, 2046, 2116, 2116, 2046, 2042, 2116, 2103, 8666, 2116, 2042, 2103, 8712, 8741, 8740, 8740, 8741, 8743, 8743, 8741, 9100, 8743, 9100, 8738, 8738, 9097, 8749, 8738, 9100, 9097, 8749, 9097, 8750, 9097, 9094, 8750, 121, 161, 163, 4482, 2602, 8649, 3677, 1288, 1304, 8638, 478, 2104, 2075, 2096, 8655, 8655, 2096, 2101, 8666, 2103, 8665, 2103, 2077, 8665, 8664, 8670, 8712, 8691, 8750, 8693, 163, 161, 8705, 8649, 8696, 8648, 8648, 5282, 3675, 8664, 8665, 8668, 8693, 8525, 8692, 166, 1637, 52, 1653, 1761, 1654, 1591, 1978, 1661, 1658, 1761, 2570, 1661, 1978, 1977, 749, 570, 673, 2570, 1761, 1907, 1977, 1976, 1981, 2733, 2029, 1724, 126, 52, 115, 1907, 1914, 1915, 115, 52, 51, 1914, 3027, 1915, 1915, 3027, 2554, 1976, 2972, 1981, 1981, 2972, 1290, 2972, 2971, 1290, 2029, 3184, 2012, 2554, 9025, 2552, 1290, 1239, 5660, 2012, 3183, 1486, 2012, 3184, 3183, 1015, 946, 1070, 1015, 927, 946, 1239, 1257, 5660, 2552, 9027, 2546, 2552, 9025, 9027, 1486, 1432, 1466, 1257, 1256, 1280, 2546, 9027, 2545, 1256, 1134, 1302, 2899, 5659, 2892, 1302, 1134, 1301, 3579, 3624, 3576, 1301, 1134, 1248, 3471, 3472, 3470, 2892, 5659, 2891, 3461, 3462, 3459, 2545, 9027, 9028, 1301, 1248, 1131, 3461, 3459, 3460, 2545, 9028, 2548, 1301, 1131, 1300, 3576, 3624, 3623, 3576, 3623, 3574, 1300, 1131, 1130, 3460, 3459, 3458, 3574, 3623, 3569, 9028, 9030, 2548, 3458, 3459, 3456, 1300, 1130, 1297, 3569, 3623, 3620, 2548, 9030, 2541, 55, 63, 65, 3458, 3456, 3457, 1297, 1130, 1128, 3569, 3620, 3571, 3620, 3621, 3571, 3457, 3456, 3455, 1297, 1128, 1295, 3455, 3456, 3454, 1128, 1235, 1295, 9030, 9007, 2541, 3571, 3621, 3581, 3455, 3454, 3453, 63, 62, 111, 2541, 9007, 9021, 1295, 1235, 1294, 1294, 1235, 1126, 2541, 9021, 2543, 3621, 3622, 3581, 3453, 3454, 3451, 3578, 3581, 3582, 650, 647, 696, 2035, 1997, 2030, 3451, 3450, 3448, 3448, 3449, 3427, 3448, 3450, 3449, 1126, 1245, 1294, 3581, 3592, 3582, 3622, 3592, 3581, 3427, 3449, 9091, 696, 647, 695, 2543, 9019, 2550, 2543, 9021, 9019, 1294, 1245, 1289, 3582, 3592, 3590, 3622, 3590, 3592, 112, 111, 120, 3590, 3625, 3591, 3622, 3625, 3590, 120, 111, 118, 2115, 3626, 2114, 2115, 3625, 3626, 2030, 1997, 1996, 3238, 3245, 9148, 2549, 2555, 2772, 2903, 2889, 5644, 1289, 1245, 1286, 2114, 3627, 2111, 2114, 3626, 3627, 9148, 3245, 9104, 3549, 5115, 3407, 3549, 3550, 5115, 2550, 9019, 2582, 3528, 4959, 3646, 3528, 3520, 4959, 1245, 1124, 1286, 2111, 3627, 2112, 3627, 3628, 2112, 120, 118, 121, 2582, 9019, 2598, 3646, 4959, 3647, 4959, 8381, 3647, 3647, 8381, 8376, 3645, 8376, 8371, 3645, 8371, 8378, 8378, 5854, 3533, 1286, 1124, 1287, 2110, 3628, 2109, 3628, 3629, 2109, 2036, 1985, 1983, 695, 648, 713, 695, 647, 648, 1031, 1032, 4488, 1032, 4489, 4488, 4488, 4489, 5113, 2591, 2551, 2596, 2591, 2557, 2551, 2598, 9019, 4923, 3647, 8376, 3645, 1287, 1124, 1232, 2109, 3629, 2113, 2113, 7853, 2100, 3629, 7853, 2113, 3629, 3610, 7853, 1983, 1985, 1984, 1985, 1986, 1984, 9098, 9099, 9095, 4488, 5121, 4491, 4488, 5113, 5121, 4491, 5122, 7179, 4491, 5121, 5122, 5113, 5122, 5121, 5113, 5120, 5122, 2606, 2604, 7178, 7178, 2604, 7180, 7180, 2604, 2567, 4487, 2567, 2565, 4487, 2565, 4486, 2565, 2563, 4486, 4486, 2563, 4485, 4485, 2563, 2561, 4485, 2561, 4484, 2561, 2560, 4484, 4484, 2560, 2591, 2600, 4933, 2602, 1287, 1232, 1288, 6716, 7787, 7102, 2100, 3734, 2066, 2100, 7853, 3734, 1992, 2120, 2077, 9102, 8527, 9096, 5122, 7176, 7179, 2602, 4933, 8649, 4933, 8698, 8649, 1288, 1232, 1304, 2077, 2120, 8665, 8665, 2120, 8675, 2120, 6737, 8675, 8705, 1072, 1073, 8649, 8698, 8696, 8696, 5281, 8648, 8648, 5281, 5282, 1304, 434, 8638, 8675, 8668, 8665, 8668, 8670, 8664, 8692, 8695, 8694, 1591, 1590, 1978, 1724, 1688, 2733, 1761, 1906, 1907, 1906, 1905, 1907, 1978, 1975, 1977, 1977, 1975, 1976, 570, 571, 673, 1907, 1905, 1914, 2733, 2732, 2029, 3027, 3022, 2554, 2554, 3022, 3026, 3026, 9023, 2554, 1976, 2969, 2972, 2972, 2969, 2971, 2971, 2969, 2970, 2971, 1273, 1290, 2971, 2970, 1273, 1290, 1270, 1239, 1290, 1273, 1270, 2029, 2732, 3184, 673, 571, 672, 2554, 9023, 9025, 3184, 2732, 3183, 3183, 1429, 1486, 1486, 1429, 1432, 1239, 1135, 1257, 1257, 1135, 1256, 1135, 1134, 1256, 672, 573, 668, 3579, 3602, 3624, 3602, 3600, 3624, 668, 573, 660, 9027, 9025, 9026, 660, 573, 656, 51, 50, 53, 1134, 1133, 1248, 3600, 3597, 3624, 656, 655, 667, 3462, 3463, 3459, 9027, 9026, 9028, 1248, 1133, 1131, 3463, 3466, 3459, 3624, 3597, 3623, 3623, 3597, 3595, 53, 56, 55, 1372, 1371, 1464, 3466, 3467, 3459, 56, 64, 55, 3459, 3467, 3456, 1371, 1358, 1464, 3456, 3467, 3468, 3623, 3595, 3620, 653, 651, 654, 9050, 9049, 9053, 3620, 3595, 3593, 1464, 1358, 1359, 1130, 1129, 1128, 3620, 3593, 3621, 3621, 3593, 3603, 3456, 3464, 3454, 1128, 1127, 1235, 3464, 3469, 3454, 1235, 1127, 1126, 3621, 3603, 3622, 3454, 3469, 8479, 3603, 3604, 3622, 1245, 1126, 1125, 9021, 9006, 9019, 3622, 3604, 3625, 3625, 3606, 3626, 3625, 3604, 3606, 1370, 1368, 1465, 3626, 3606, 3627, 3550, 3553, 5115, 3553, 5116, 5115, 3520, 3524, 4959, 1245, 1125, 1124, 3627, 3606, 3628, 3606, 3608, 3628, 5115, 5114, 4489, 5115, 5116, 5114, 4959, 4960, 8381, 8381, 8377, 8376, 4960, 8377, 8381, 8371, 8372, 8378, 8371, 8373, 8372, 8378, 8372, 5854, 8372, 5853, 5854, 3628, 3608, 3629, 3608, 3610, 3629, 1465, 1368, 1482, 4489, 5114, 5113, 5114, 5117, 5113, 8376, 8377, 8373, 1482, 1368, 1487, 5113, 5118, 5120, 5113, 5117, 5118, 2600, 4920, 4933, 3610, 3611, 7853, 7100, 7786, 8402, 7853, 3611, 3734, 2122, 3379, 2120, 8524, 8540, 8533, 121, 118, 161, 5120, 7181, 5122, 5120, 5118, 7181, 5122, 7181, 7176, 4933, 4935, 8698, 6716, 6713, 7787, 6713, 7785, 7787, 7787, 7786, 7102, 7787, 7785, 7786, 8527, 8524, 8525, 8524, 8526, 8525, 8528, 8526, 8524, 8698, 8699, 8696, 8698, 4935, 8699, 8696, 8697, 5281, 6737, 8731, 8675, 8731, 8730, 8675, 8730, 8676, 8675, 8675, 8674, 8668, 8675, 8676, 8674, 8525, 8526, 8692, 8692, 8526, 8695, 1637, 48, 52, 1653, 1650, 1761, 1761, 1650, 1906, 1978, 1590, 1975, 2733, 2724, 2732, 1914, 3023, 3027, 1914, 1905, 3023, 3027, 3023, 3022, 2970, 2967, 1273, 3183, 3181, 1429, 2732, 3181, 3183, 1430, 1353, 1372, 656, 573, 655, 1131, 1118, 1130, 53, 50, 56, 1130, 1118, 1129, 652, 651, 653, 64, 63, 55, 1129, 1119, 1128, 654, 651, 650, 9007, 9006, 9021, 4959, 4954, 4960, 4959, 3524, 4954, 4954, 4958, 4960, 5854, 5853, 3526, 5853, 5851, 3526, 647, 646, 648, 4960, 8379, 8377, 4960, 4958, 8379, 4958, 4957, 8379, 8377, 8379, 8373, 8379, 8375, 8373, 8375, 8374, 8373, 8373, 8374, 8372, 8372, 8374, 5853, 648, 646, 671, 5117, 5119, 5118, 4920, 4925, 4933, 3379, 6738, 6737, 5118, 7182, 7181, 7181, 7177, 7176, 7181, 7182, 7177, 4933, 4925, 4935, 1232, 1303, 1304, 6716, 6712, 6713, 6712, 6714, 6713, 7071, 7782, 7070, 5921, 8481, 8480, 8480, 8481, 8528, 161, 8706, 8705, 8705, 8706, 1072, 434, 1304, 8637, 8637, 415, 434, 6713, 6714, 7785, 7785, 7782, 7786, 7785, 7784, 7782, 7782, 7784, 7783, 7782, 7783, 7070, 7783, 7068, 7070, 8676, 8677, 8674, 8526, 8528, 8630, 8526, 8630, 8695, 1590, 1587, 1975, 1688, 2724, 2733, 1906, 1650, 1905, 1587, 1974, 1975, 1975, 1974, 1976, 1905, 1922, 3023, 1976, 1974, 2969, 2969, 2959, 2970, 2970, 2959, 2967, 2967, 1271, 1273, 9023, 9024, 9025, 2732, 2723, 3181, 571, 573, 672, 1432, 1430, 1466, 9025, 9024, 9026, 1134, 1132, 1133, 573, 568, 655, 9028, 9043, 9030, 1371, 1355, 1358, 9043, 9011, 9030, 9030, 9011, 9007, 1128, 1119, 1127, 1359, 1357, 1360, 650, 629, 647, 3525, 4955, 4954, 3525, 3530, 4955, 4954, 4955, 4958, 9019, 4930, 4923, 4958, 4955, 4957, 4955, 4956, 4957, 8379, 8380, 8375, 8375, 8380, 8374, 8380, 8382, 8374, 8380, 8384, 8382, 8380, 8383, 8384, 8374, 5850, 5853, 8374, 8382, 5850, 8382, 5852, 5850, 8382, 8384, 5852, 5850, 5852, 5851, 5852, 3772, 5851, 1368, 1481, 1487, 646, 670, 671, 4918, 4922, 4925, 4957, 4956, 8383, 8383, 4956, 8370, 8383, 8385, 8384, 8383, 8370, 8385, 8384, 8385, 5852, 7101, 7090, 6712, 7090, 7088, 6712, 3379, 3366, 6738, 8482, 5921, 8480, 8482, 8542, 8531, 8482, 8480, 8542, 118, 162, 161, 4066, 8267, 4069, 1038, 1066, 4066, 1066, 8267, 4066, 4065, 4092, 4063, 4063, 4092, 4062, 4925, 4922, 8699, 4922, 4934, 8699, 8370, 3774, 8385, 6712, 6715, 6714, 8676, 8678, 8677, 161, 162, 8706, 8706, 1066, 1072, 1066, 6027, 8267, 1066, 6030, 6027, 4069, 4092, 4067, 4069, 8267, 4092, 8267, 6027, 4092, 4092, 6027, 6022, 8699, 4934, 8696, 4934, 8697, 8696, 1303, 8637, 1304, 6714, 6902, 7785, 7785, 6902, 7784, 7066, 7067, 5768, 8731, 8723, 8730, 8674, 8671, 8668, 8668, 8671, 8670, 5921, 8728, 8481, 5921, 5920, 8728, 8481, 8724, 8528, 8481, 8728, 8724, 1688, 1689, 2724, 48, 44, 52, 1650, 1904, 1905, 682, 572, 570, 570, 572, 571, 2724, 2723, 2732, 52, 44, 51, 1905, 1904, 1922, 3023, 1922, 3022, 1922, 3014, 3022, 3022, 3014, 3026, 3026, 3014, 9023, 3014, 9022, 9023, 1974, 2968, 2969, 2969, 2968, 2959, 2959, 2958, 2967, 2967, 2958, 1271, 3181, 1535, 1429, 9023, 9022, 9024, 1429, 1430, 1432, 51, 44, 50, 1135, 1132, 1134, 1132, 1131, 1133, 1353, 1355, 1372, 9026, 9043, 9028, 1355, 1356, 1358, 1118, 1119, 1129, 1356, 1357, 1358, 1358, 1357, 1359, 651, 628, 650, 1127, 1121, 1126, 1126, 1121, 1125, 9006, 9013, 9019, 4955, 3530, 3773, 9019, 9013, 4930, 4955, 3773, 4956, 1368, 1369, 1481, 4921, 4926, 4924, 8482, 5914, 5921, 118, 119, 162, 4059, 6023, 4058, 4922, 4924, 4934, 4956, 3771, 8370, 4956, 3773, 3771, 8385, 3774, 5852, 3774, 3772, 5852, 1232, 1123, 1303, 6715, 6717, 6714, 6738, 8723, 8731, 5921, 5914, 5920, 5919, 5920, 5914, 1066, 8747, 6030, 4092, 6022, 4062, 6028, 6024, 6022, 6022, 6023, 4062, 6022, 6024, 6023, 6714, 6717, 6902, 6717, 6899, 6902, 8671, 8672, 8670, 8724, 0, 8528, 8528, 0, 8630, 0, 1, 8630, 0, 2, 1, 8630, 1, 308, 8630, 308, 8695, 162, 8747, 8706, 6030, 6029, 6027, 6029, 6028, 6027, 6027, 6028, 6022, 6902, 6899, 7788, 6902, 7788, 7784, 7784, 7788, 7783, 7788, 7789, 7783, 7783, 7789, 7068, 7789, 7790, 7068, 7068, 7790, 7067, 7067, 7791, 5768, 7067, 7790, 7791, 1637, 156, 48, 1650, 1903, 1904, 1904, 1901, 1922, 1974, 1973, 2968, 1270, 1190, 1239, 2723, 3180, 3181, 571, 572, 573, 1239, 1190, 1135, 1429, 1431, 1430, 1372, 1355, 1371, 1131, 1132, 1118, 655, 568, 652, 1119, 1121, 1127, 650, 628, 629, 1360, 1368, 1370, 629, 646, 647, 1125, 1121, 1124, 3770, 3532, 3769, 3770, 3531, 3532, 3769, 3771, 3768, 4926, 4927, 4924, 8482, 8483, 5914, 4058, 6023, 4056, 4924, 4928, 4934, 3771, 3772, 3774, 6715, 7089, 6717, 8678, 8680, 8677, 5914, 5907, 5919, 119, 145, 162, 6024, 6025, 6023, 4934, 4201, 8697, 4934, 4928, 4201, 8697, 5275, 5281, 8697, 4201, 5275, 5919, 8729, 5920, 5919, 5907, 8729, 5920, 8729, 8728, 8728, 8729, 8726, 8728, 8726, 8724, 162, 145, 8747, 8747, 145, 6030, 145, 1077, 6030, 6030, 1077, 6029, 1077, 6057, 6029, 6029, 6033, 6028, 6029, 6057, 6033, 6028, 6031, 6024, 6028, 6033, 6031, 7790, 7789, 7791, 7791, 5767, 5768, 7791, 5770, 5767, 1647, 1913, 1650, 1650, 1913, 1903, 1689, 2723, 2724, 2968, 2957, 2959, 2959, 2957, 2958, 2723, 3179, 3180, 574, 568, 573, 1117, 1118, 1132, 652, 568, 628, 652, 628, 651, 64, 61, 63, 646, 649, 670, 9013, 4931, 4930, 3366, 3375, 6738, 8483, 5901, 5914, 4070, 4074, 7375, 4071, 4090, 7804, 4056, 6026, 4055, 7089, 6901, 6717, 6738, 3375, 8723, 3375, 8742, 8723, 5914, 5901, 5907, 7375, 4074, 7803, 7804, 4090, 6031, 4090, 6102, 6031, 6031, 6102, 6032, 4201, 4199, 5275, 8637, 485, 415, 6717, 6901, 6899, 8723, 8714, 8730, 8677, 8680, 8674, 8674, 8679, 8671, 8724, 8725, 0, 8724, 8726, 8725, 0, 8725, 2, 145, 6058, 1077, 6058, 1051, 1077, 1077, 1046, 6057, 1077, 1051, 1046, 6031, 6032, 6024, 6024, 6032, 6025, 6899, 7796, 7788, 7788, 7796, 7794, 7788, 7794, 7789, 7794, 7792, 7789, 7789, 7792, 7791, 7791, 7792, 7793, 7793, 7797, 7791, 8725, 8727, 2, 2, 8727, 1, 1, 8727, 308, 8727, 315, 308, 7791, 7797, 5770, 3876, 3875, 3878, 3876, 3870, 3875, 1940, 1939, 3896, 3876, 3869, 3870, 3873, 3872, 3869, 3869, 3871, 3870, 3869, 3872, 3871, 3870, 3874, 3875, 3870, 3871, 3874, 156, 45, 48, 1647, 1649, 1913, 1587, 1584, 1972, 1903, 1889, 1904, 1587, 1972, 1974, 1689, 1692, 2723, 48, 45, 44, 1974, 1972, 1973, 1904, 1889, 1901, 3014, 3013, 9022, 2958, 1272, 1271, 1135, 1190, 1132, 1431, 1353, 1430, 9024, 9040, 9026, 44, 42, 50, 9026, 9040, 9043, 1119, 1120, 1121, 1357, 1361, 1360, 1360, 1361, 1368, 9006, 9005, 9013, 118, 117, 119, 1124, 1123, 1232, 117, 122, 119, 8483, 8484, 5901, 4075, 4076, 6102, 4055, 7484, 4053, 8742, 8715, 8723, 8678, 8714, 8680, 5901, 5902, 5907, 5900, 5902, 5901, 119, 122, 145, 122, 144, 145, 6026, 7484, 4055, 4201, 4197, 4199, 4201, 4202, 4197, 4199, 4198, 5275, 4198, 4189, 5275, 6901, 6898, 6899, 6898, 6900, 6899, 7095, 6900, 6898, 5763, 5765, 5764, 8723, 8715, 8714, 8674, 8680, 8679, 5907, 5902, 8729, 5902, 5925, 8729, 5925, 5846, 8729, 8729, 5846, 8726, 5846, 8737, 8726, 8726, 8737, 8725, 145, 144, 6058, 6032, 6034, 6025, 6025, 6034, 6026, 4202, 4200, 4197, 4197, 4200, 4196, 4197, 4196, 4191, 4191, 4195, 4192, 4191, 4196, 4195, 4192, 4195, 4193, 6899, 6900, 7796, 6900, 7801, 7796, 7801, 7800, 7796, 7796, 7795, 7794, 7796, 7800, 7795, 7800, 7798, 7795, 7794, 7793, 7792, 7794, 7795, 7793, 7795, 7798, 7793, 7798, 7797, 7793, 5765, 5769, 5764, 5765, 5771, 5769, 8725, 8733, 8727, 8727, 8733, 8734, 8727, 8734, 315, 7798, 7799, 7797, 7797, 5771, 5770, 7797, 7799, 5771, 7799, 5769, 5771, 5405, 5402, 5400, 5405, 1940, 5402, 5400, 5402, 3901, 5400, 3901, 5401, 3901, 3899, 5401, 1938, 1939, 1940, 3901, 3888, 3899, 3900, 3889, 3893, 3899, 3889, 3900, 3899, 3888, 3889, 3917, 6179, 4105, 3917, 4098, 3915, 3917, 4105, 4098, 3915, 4093, 3911, 3915, 4098, 4093, 4093, 4096, 3911, 3911, 4096, 3910, 3910, 4096, 4099, 3910, 4099, 3913, 4099, 4103, 3913, 4103, 4106, 3913, 3876, 6722, 3869, 6721, 6718, 6722, 6718, 3869, 6722, 1938, 1936, 1939, 1936, 1931, 1939, 1939, 1931, 3895, 1931, 3897, 3895, 3895, 3897, 3890, 1939, 3895, 3896, 3895, 3888, 3896, 3895, 3890, 3888, 3888, 3890, 3889, 3890, 3891, 3889, 3893, 3892, 3898, 3893, 3889, 3892, 3889, 3891, 3892, 3891, 3894, 3892, 3892, 3902, 3898, 3892, 3894, 3902, 3907, 3903, 3908, 3907, 3906, 3903, 3902, 3903, 3906, 3902, 3894, 3903, 6179, 6177, 4105, 6177, 4104, 4105, 4105, 4104, 4098, 4104, 1598, 4098, 4098, 4095, 4093, 4098, 1598, 4095, 4093, 4094, 4096, 4093, 4095, 4094, 4096, 4094, 4097, 4096, 4097, 4099, 4097, 4100, 4099, 4099, 4101, 4103, 4099, 4100, 4101, 4103, 4101, 4106, 6719, 1767, 5112, 6718, 3877, 3873, 6719, 5112, 6718, 5112, 3877, 6718, 1931, 1649, 3897, 1931, 1913, 1649, 3897, 1651, 3890, 3897, 1649, 1651, 3890, 1651, 3891, 1651, 1652, 3891, 3891, 1652, 3894, 1652, 3904, 3894, 3903, 3905, 3908, 3894, 3904, 3903, 3904, 3905, 3903, 4104, 1593, 1598, 1598, 1596, 4095, 4095, 1596, 4094, 4100, 4102, 4101, 2742, 1766, 6727, 6727, 1759, 6725, 6727, 1766, 1759, 6725, 1759, 1758, 6725, 1758, 6723, 6723, 1758, 1767, 1758, 1762, 1767, 1767, 1721, 5112, 1767, 1762, 1721, 5112, 5108, 3877, 5112, 1721, 5108, 3873, 3877, 3872, 3877, 5109, 3872, 5108, 5109, 3877, 3908, 3905, 5690, 3905, 5680, 5690, 2742, 1692, 1766, 1692, 1701, 1766, 1691, 1759, 1701, 1766, 1701, 1759, 3872, 5110, 3871, 3872, 5109, 5110, 3871, 5110, 3874, 1692, 2722, 2723, 682, 706, 572, 706, 681, 572, 681, 574, 572, 1889, 1882, 1901, 1901, 3013, 3014, 1973, 1967, 2968, 2968, 1967, 2957, 2957, 2955, 2958, 2958, 2955, 1272, 2723, 2719, 3179, 9024, 9022, 9040, 572, 574, 573, 1190, 1191, 1132, 1132, 1191, 1117, 1355, 1352, 1356, 568, 627, 628, 64, 56, 61, 1118, 1115, 1119, 1357, 1362, 1361, 1368, 1361, 1369, 629, 644, 646, 1121, 1123, 1124, 111, 117, 118, 646, 645, 649, 646, 644, 645, 4932, 4929, 4931, 8485, 5899, 8484, 4068, 4089, 6098, 4089, 6097, 6098, 4929, 9045, 4201, 3375, 6174, 8742, 8742, 6174, 8715, 5900, 5899, 5898, 5897, 5898, 5899, 6098, 6097, 6034, 7484, 6026, 6036, 4201, 9045, 4202, 9046, 4200, 9045, 4189, 4190, 8321, 8321, 4194, 8319, 8321, 4190, 4194, 4194, 8625, 8319, 8671, 8673, 8672, 5900, 5925, 5902, 5900, 5898, 5925, 5898, 5924, 5925, 5925, 5848, 5846, 5846, 5843, 8737, 5843, 5838, 8737, 144, 6059, 6058, 6058, 6059, 1051, 6059, 1052, 1051, 7095, 3790, 6900, 6900, 3790, 7801, 3790, 7802, 7801, 3789, 3792, 3790, 3792, 7802, 3790, 8737, 8733, 8725, 8737, 5838, 8733, 8733, 5842, 8734, 8734, 298, 315, 8734, 5841, 298, 8734, 5842, 5841, 4200, 5528, 5529, 4200, 5529, 4203, 5529, 5528, 4203, 5528, 5524, 4203, 4200, 4203, 4196, 4203, 5522, 4196, 4203, 5524, 5522, 5522, 5523, 4196, 4196, 5523, 4195, 4195, 5525, 4193, 4195, 5523, 5525, 5523, 5526, 5525, 5525, 5574, 4193, 7801, 8150, 7800, 7801, 7802, 8150, 7800, 8150, 7798, 8150, 8151, 7798, 8151, 8152, 7798, 7798, 8152, 7799, 7799, 8152, 5769, 5405, 1937, 1940, 5405, 3565, 1937, 5404, 5403, 3900, 3876, 3827, 6722, 3876, 3819, 3827, 3917, 3916, 6179, 6721, 3815, 6718, 6721, 3827, 3815, 3868, 8417, 313, 733, 8419, 3868, 8419, 8417, 3868, 1938, 1937, 1936, 6719, 6720, 1767, 6719, 3826, 6720, 733, 732, 8419, 8419, 732, 8417, 732, 8418, 8417, 8417, 312, 313, 8417, 314, 312, 8417, 8418, 314, 1936, 1932, 1931, 1931, 1932, 1913, 1932, 1814, 1913, 6177, 6178, 4104, 4104, 6178, 1593, 6178, 1595, 1593, 4094, 489, 4097, 489, 5890, 4097, 4097, 5889, 4100, 4097, 5890, 5889, 4100, 5889, 4102, 4101, 4580, 4106, 2747, 2741, 2742, 8418, 301, 314, 8418, 1726, 301, 156, 46, 45, 3904, 5676, 3905, 3904, 5306, 5676, 3905, 5676, 5680, 5690, 5679, 7847, 5679, 5678, 7847, 2742, 2741, 1692, 2741, 2722, 1692, 1721, 3828, 5108, 1721, 3830, 3828, 5108, 3828, 5109, 3828, 3829, 5109, 5109, 3829, 5110, 3829, 5111, 5110, 5110, 3824, 3874, 5110, 5111, 3824, 1913, 1814, 1903, 1889, 1811, 1882, 2722, 2719, 2723, 1901, 3012, 3013, 2957, 1967, 2955, 1535, 1470, 1429, 1429, 1470, 1431, 1353, 1352, 1355, 566, 569, 568, 569, 627, 568, 9043, 9008, 9011, 9011, 9008, 9004, 1119, 1115, 1120, 9011, 9004, 9007, 9007, 9004, 9006, 9006, 9004, 9005, 629, 631, 644, 1361, 1367, 1369, 1369, 1367, 1467, 9013, 4932, 4931, 1369, 1467, 1481, 4932, 3759, 4929, 3365, 3363, 6174, 3363, 6172, 6174, 3362, 6172, 3363, 8485, 8486, 5899, 8487, 5896, 8486, 4929, 3759, 9045, 6174, 6172, 8715, 6172, 8716, 8715, 8883, 8271, 8272, 5897, 5896, 5895, 5894, 5895, 5896, 5844, 5834, 5843, 5834, 5831, 5843, 6097, 6037, 6034, 9046, 9047, 4200, 8317, 8625, 8316, 8625, 8624, 8316, 1303, 8636, 8637, 8637, 8636, 485, 7092, 7093, 3790, 7093, 3786, 3790, 8715, 8713, 8714, 8715, 8716, 8713, 8714, 8713, 8680, 8713, 8701, 8680, 8680, 8701, 8679, 8701, 8702, 8679, 8679, 8702, 8671, 8702, 8709, 8671, 8671, 8709, 8673, 8709, 8274, 8673, 8274, 8271, 8673, 8274, 8273, 8271, 8274, 8275, 8273, 8271, 8273, 8272, 5897, 5895, 5898, 5895, 5923, 5898, 5898, 5923, 5924, 5925, 7663, 5848, 5843, 5831, 5838, 6034, 6035, 6026, 6034, 6037, 6035, 6026, 6035, 6036, 4200, 9047, 5528, 3789, 3788, 3792, 5838, 5837, 8733, 8733, 5837, 5842, 5522, 5530, 5523, 5522, 5531, 5530, 5525, 5527, 5574, 5525, 5526, 5527, 3792, 3788, 7802, 7802, 8149, 8150, 7802, 3788, 8149, 8150, 8149, 8151, 8151, 4180, 8152, 8152, 4180, 5769, 5769, 4180, 4183, 3916, 4582, 6179, 3827, 3819, 3817, 733, 755, 730, 1935, 1934, 1932, 3563, 3567, 5321, 5321, 5673, 5320, 6179, 4583, 6177, 6179, 4582, 4583, 3826, 5439, 6720, 5439, 5438, 6720, 733, 730, 732, 730, 731, 732, 156, 158, 46, 1932, 1934, 1814, 1814, 1934, 1827, 1827, 1934, 3560, 1827, 3560, 1828, 3560, 3561, 1828, 3561, 1813, 1828, 5320, 5673, 5674, 5673, 5675, 5674, 5674, 5675, 5676, 6177, 4583, 6178, 4583, 4581, 6178, 6178, 4581, 1595, 4581, 1594, 1595, 489, 4575, 5890, 489, 4572, 4575, 5890, 4575, 5889, 4575, 4578, 5889, 5889, 4579, 4102, 5889, 4578, 4579, 3816, 3822, 3829, 731, 8416, 732, 731, 728, 8416, 732, 8420, 8418, 732, 8416, 8420, 8418, 8420, 1726, 5676, 5675, 5679, 5675, 5678, 5679, 4102, 4579, 4580, 2741, 2693, 2722, 3829, 3822, 5111, 3822, 3821, 5111, 5111, 3821, 3824, 728, 1738, 8416, 1726, 8420, 1738, 8416, 1738, 8420, 45, 46, 41, 1814, 1812, 1903, 1584, 1947, 1972, 1584, 1572, 1947, 706, 728, 681, 45, 41, 44, 1972, 1947, 1946, 2693, 2719, 2722, 1972, 1946, 1973, 1973, 1946, 1967, 1946, 1966, 1967, 1967, 1966, 2955, 3180, 1470, 1535, 3180, 3179, 1470, 1882, 3012, 1901, 574, 566, 568, 1118, 1117, 1115, 1356, 1352, 1357, 63, 61, 62, 1120, 1122, 1121, 1122, 1123, 1121, 9013, 3766, 4932, 117, 134, 122, 4932, 3766, 3758, 3360, 6172, 3362, 649, 645, 661, 645, 711, 661, 134, 138, 122, 4088, 6099, 6097, 4051, 7483, 4050, 3758, 3766, 3753, 3753, 5274, 5236, 6171, 8716, 6172, 5891, 5892, 5894, 661, 711, 5840, 5840, 316, 5836, 122, 139, 144, 122, 138, 139, 1054, 1053, 1078, 6097, 6099, 6037, 3749, 3750, 5367, 8318, 3764, 3760, 7093, 7094, 3786, 3787, 3786, 7094, 8713, 6223, 8701, 8701, 6223, 8702, 6223, 6736, 8702, 6736, 8461, 8702, 8702, 8461, 8709, 8709, 8461, 8328, 8709, 8328, 8274, 8274, 8328, 8275, 5894, 5892, 5895, 5895, 5892, 5923, 5923, 7662, 7663, 5836, 316, 5839, 144, 139, 6059, 139, 6061, 6059, 6059, 1053, 1052, 6037, 6038, 6035, 8624, 5527, 5533, 5839, 316, 319, 6059, 6061, 6060, 3767, 3755, 3756, 3767, 3756, 5531, 5531, 3756, 5530, 3756, 3757, 5530, 5530, 3761, 5523, 5530, 3757, 3761, 5523, 3761, 5526, 3761, 3762, 5526, 5526, 3762, 5527, 3762, 3765, 5527, 3784, 8148, 3788, 3788, 8148, 8149, 8148, 4187, 8149, 8149, 4187, 4182, 8151, 4182, 4180, 158, 47, 46, 2744, 2745, 2693, 731, 730, 728, 730, 729, 728, 2693, 2745, 2639, 2639, 5434, 2663, 2639, 2745, 5434, 5434, 2637, 2663, 46, 47, 41, 728, 729, 681, 2693, 2638, 2719, 2955, 1265, 1272, 41, 42, 44, 9043, 8997, 9008, 1117, 1116, 1115, 1352, 1350, 1357, 1357, 1350, 1362, 1115, 1112, 1120, 62, 110, 111, 9013, 9038, 3766, 8488, 8496, 8489, 4080, 4081, 6099, 4081, 6100, 6099, 3766, 9153, 3753, 3753, 9153, 5274, 1123, 1315, 1303, 3360, 6171, 6172, 3360, 6170, 6171, 6170, 6176, 6171, 3382, 3384, 6736, 711, 768, 5840, 5840, 768, 316, 6099, 6100, 6038, 5367, 5361, 3749, 7825, 7823, 7824, 7823, 5640, 7824, 3764, 8223, 3763, 8636, 496, 485, 6171, 6176, 8716, 6176, 8717, 8716, 8716, 8717, 8713, 8717, 6215, 8713, 8713, 6215, 6223, 6736, 3384, 8461, 8328, 8276, 8275, 8328, 8326, 8276, 5891, 5893, 5892, 5893, 5922, 5892, 768, 250, 316, 6059, 6060, 1053, 1053, 6060, 1078, 6060, 1079, 1078, 3749, 5361, 3757, 7823, 5549, 5640, 7823, 5548, 5549, 8275, 8276, 8273, 5892, 5922, 5923, 5922, 7661, 5923, 3757, 5548, 3761, 3765, 5532, 5527, 5527, 5532, 5533, 8148, 4517, 4187, 158, 167, 47, 167, 154, 47, 976, 1017, 977, 976, 167, 1017, 2859, 2857, 705, 47, 154, 41, 729, 705, 681, 3013, 3011, 9022, 50, 57, 56, 1353, 1351, 1352, 1352, 1351, 1350, 628, 627, 629, 1362, 1363, 1361, 111, 110, 117, 1367, 1468, 1467, 9038, 9154, 3766, 3360, 3359, 6170, 1467, 1468, 1510, 134, 149, 138, 9153, 5280, 5274, 6169, 6176, 6170, 5891, 5903, 5893, 5904, 5893, 5903, 711, 678, 768, 6100, 6040, 6038, 7824, 5640, 7821, 3787, 3785, 3786, 3787, 3793, 3785, 5918, 5922, 5893, 768, 5849, 250, 139, 6478, 6061, 6060, 1075, 1079, 6038, 6039, 6035, 6038, 6040, 6039, 6035, 6043, 7483, 6035, 6039, 6043, 5361, 5362, 3757, 5640, 5550, 5551, 3763, 8223, 5532, 8223, 8224, 5532, 5532, 8224, 5571, 3757, 5365, 5548, 3757, 5362, 5365, 5548, 5365, 5549, 5365, 5550, 5549, 3784, 3791, 8147, 3784, 8147, 8148, 8148, 8147, 4517, 154, 155, 41, 705, 575, 681, 705, 716, 575, 1811, 1883, 1882, 1966, 2954, 2955, 2955, 2954, 1265, 1431, 1428, 1353, 1191, 1136, 1117, 42, 49, 50, 50, 49, 57, 627, 569, 626, 629, 627, 630, 629, 630, 631, 9154, 9155, 9153, 3359, 6146, 6170, 134, 151, 149, 4087, 6101, 6100, 9155, 9168, 9153, 9153, 9168, 5280, 6170, 6146, 6169, 1510, 8465, 8462, 8462, 8465, 8463, 8463, 8464, 8326, 8326, 8464, 8327, 5904, 5905, 5893, 5906, 5905, 5904, 678, 771, 768, 149, 151, 6477, 6100, 6101, 6040, 5359, 5357, 5358, 8225, 7822, 8224, 7822, 5584, 8224, 7821, 5585, 7822, 5585, 5584, 7822, 6169, 8717, 6176, 8717, 6213, 6215, 5893, 5905, 5918, 7676, 8773, 7678, 6040, 6041, 6039, 5358, 5360, 5365, 8224, 5584, 5571, 5918, 7660, 5922, 5922, 7660, 7661, 5365, 5360, 5550, 5571, 5535, 5532, 5532, 5534, 5533, 5532, 5535, 5534, 8147, 8146, 4517, 155, 136, 41, 1572, 1550, 1947, 3011, 3007, 9022, 1946, 1945, 1966, 2719, 2717, 3179, 1882, 3010, 3012, 1882, 1883, 3010, 1966, 1945, 2954, 1190, 1224, 1191, 9040, 8997, 9043, 1353, 1354, 1351, 1112, 1122, 1120, 9005, 9002, 9013, 644, 643, 645, 117, 133, 134, 9038, 9155, 9154, 3359, 3357, 6146, 3354, 6146, 3357, 1468, 1513, 1510, 134, 133, 151, 133, 3048, 151, 4085, 4086, 6101, 4086, 6065, 6101, 6146, 6168, 6169, 1510, 1513, 8465, 6101, 6065, 6041, 5357, 5341, 5358, 1303, 1315, 8636, 3793, 3795, 3785, 6169, 6168, 8717, 5906, 5908, 5905, 5906, 5909, 5908, 5905, 5908, 5918, 6041, 6042, 6039, 6039, 6042, 6043, 5358, 5341, 5360, 5585, 5567, 5584, 5567, 5583, 5584, 5584, 5583, 5586, 5586, 5537, 5535, 5360, 5363, 5550, 5550, 5363, 5551, 5363, 5366, 5551, 3791, 3794, 8147, 8147, 3794, 6015, 8147, 6015, 8146, 716, 741, 575, 1550, 1547, 1947, 1811, 1793, 1883, 1947, 1547, 1946, 2638, 2718, 2719, 2719, 2718, 2717, 2954, 1308, 1265, 681, 575, 574, 2717, 3176, 3179, 1136, 1116, 1117, 9004, 9002, 9005, 9013, 9029, 9038, 9038, 9029, 9155, 3354, 6145, 6146, 3367, 6145, 3354, 3367, 6144, 6145, 4045, 7481, 4044, 1123, 1277, 1315, 6146, 6145, 6168, 6144, 6153, 6145, 6153, 6168, 6145, 8465, 8466, 8463, 8463, 8466, 8464, 5906, 5910, 5909, 5911, 5909, 5910, 5344, 5339, 5341, 5339, 5340, 5341, 8229, 8226, 5586, 3793, 3796, 3795, 5909, 7597, 5908, 771, 5849, 768, 6042, 6044, 6043, 5341, 5340, 5363, 5567, 5568, 5583, 5567, 5366, 5568, 5366, 5575, 5568, 5586, 8226, 5537, 8622, 5536, 5539, 3795, 3796, 6015, 3796, 6014, 6015, 6015, 6014, 6013, 5908, 7659, 5918, 5908, 7597, 7659, 5918, 7659, 7660, 5535, 5536, 5534, 5535, 5537, 5536, 6015, 6013, 8146, 136, 43, 41, 1308, 1224, 1265, 1116, 1114, 1115, 1115, 1114, 1112, 627, 626, 630, 9004, 9001, 9002, 110, 108, 117, 9013, 9002, 9029, 645, 643, 678, 117, 108, 133, 1123, 1109, 1277, 4078, 6820, 6065, 9155, 9157, 9168, 5911, 5913, 5912, 6065, 6045, 6042, 6065, 6820, 6045, 6499, 6495, 6492, 8230, 8227, 8226, 1315, 417, 8636, 8636, 417, 496, 6020, 6011, 6014, 6153, 6175, 6168, 6168, 6175, 8717, 6175, 6211, 8717, 8717, 6211, 6213, 5911, 5912, 5909, 5912, 7597, 5909, 7659, 8520, 7676, 6042, 6045, 6044, 6043, 6044, 7481, 5340, 5337, 5366, 5340, 5339, 5337, 5366, 5342, 5575, 5366, 5337, 5342, 6495, 5575, 5576, 8226, 5538, 5537, 8226, 8227, 5538, 6014, 6011, 6013, 7597, 7658, 7659, 5537, 5538, 5536, 5536, 5538, 5539, 6013, 6005, 8146, 8146, 6005, 4513, 1547, 1945, 1946, 41, 43, 42, 3007, 9012, 9022, 9022, 9012, 9040, 574, 565, 566, 62, 109, 110, 1122, 1109, 1123, 644, 631, 643, 643, 677, 678, 3367, 3352, 6144, 4077, 4083, 6820, 6144, 6175, 6153, 6162, 6175, 6144, 678, 677, 771, 6820, 6046, 6045, 5336, 5338, 5337, 6492, 6494, 6493, 8230, 8228, 8227, 8232, 8231, 8603, 6020, 6012, 6011, 5913, 5915, 5912, 5912, 5915, 7597, 7594, 7597, 5915, 6045, 6046, 6044, 6044, 6064, 7481, 5337, 5338, 5342, 6494, 5576, 5578, 8227, 5540, 5538, 8227, 8228, 5540, 6011, 6010, 6013, 5342, 5364, 5575, 5575, 5364, 5576, 5538, 5540, 5539, 5540, 5541, 5539, 6013, 6010, 6005, 6005, 4512, 4513, 3178, 1500, 1470, 1224, 1189, 1191, 9040, 9012, 8994, 1191, 1137, 1136, 1112, 1111, 1122, 62, 103, 109, 3352, 6143, 6144, 4083, 6821, 6820, 6144, 6143, 6162, 5913, 5916, 5915, 5917, 5915, 5916, 6820, 6821, 6046, 5343, 5345, 5338, 6493, 6496, 6497, 6496, 6498, 6497, 6012, 5996, 6011, 6175, 6209, 6211, 5338, 5346, 5364, 5338, 5345, 5346, 6496, 5578, 6498, 6011, 5996, 6010, 4512, 4509, 4511, 7594, 7657, 7597, 7597, 7657, 7658, 5364, 5577, 5576, 5364, 5346, 5577, 5576, 5577, 5578, 5541, 5542, 5539, 2638, 2686, 2718, 3006, 3007, 3011, 3178, 3177, 1500, 1883, 3009, 3010, 2717, 3175, 3176, 575, 564, 574, 1191, 1189, 1137, 9040, 8994, 8997, 1136, 1113, 1116, 1116, 1113, 1114, 9008, 8995, 9004, 9004, 8995, 9001, 631, 630, 632, 1361, 1363, 1364, 1122, 1111, 1109, 631, 632, 643, 9029, 9156, 9155, 9155, 9156, 9157, 3352, 3351, 6143, 4083, 4082, 6821, 6143, 6164, 6162, 5355, 5347, 5345, 8232, 5582, 8231, 8232, 6501, 5582, 6497, 6498, 6501, 6498, 5582, 6501, 6162, 8718, 6175, 6162, 6164, 8718, 6175, 8718, 6209, 5917, 7594, 5915, 5917, 7584, 7594, 6046, 6047, 6044, 6044, 6048, 6064, 6044, 6047, 6048, 8231, 5582, 5541, 5582, 5543, 5541, 6498, 5579, 5582, 7594, 7595, 7657, 5346, 5348, 5577, 5577, 5579, 5578, 5541, 5543, 5542, 6005, 8145, 4512, 2954, 1307, 1308, 1308, 1223, 1224, 1308, 1307, 1223, 1883, 1884, 3009, 3009, 3006, 3010, 1945, 1962, 2954, 1962, 2953, 2954, 1224, 1223, 1189, 1353, 1428, 1354, 566, 625, 569, 56, 59, 61, 61, 59, 62, 59, 103, 62, 1362, 1349, 1363, 9001, 9000, 9002, 1361, 1364, 1367, 109, 108, 110, 1367, 1365, 1468, 3351, 6142, 6143, 1468, 1365, 1513, 6143, 6142, 6164, 6142, 6163, 6164, 5917, 7585, 7584, 7583, 7584, 7585, 6821, 4082, 6822, 5355, 5350, 5347, 5350, 5349, 5347, 8301, 8619, 8304, 5998, 5995, 5996, 5995, 5997, 5996, 4508, 4500, 4495, 6164, 6163, 8718, 8718, 6208, 6209, 7584, 7595, 7594, 6047, 6049, 6048, 5347, 5349, 5348, 5996, 6003, 6005, 5996, 5997, 6003, 7595, 7656, 7657, 5348, 5356, 5577, 5577, 5580, 5579, 5577, 5356, 5580, 5543, 5544, 5542, 6005, 6003, 8145, 8145, 8144, 4512, 1793, 1884, 1883, 1547, 1944, 1945, 1945, 1944, 1962, 2954, 2953, 1307, 574, 564, 565, 566, 565, 567, 56, 57, 59, 625, 623, 569, 569, 623, 626, 1112, 1110, 1111, 9029, 9003, 9156, 3351, 3347, 6142, 4016, 6823, 6822, 9157, 9156, 9168, 7583, 7582, 7584, 7579, 7582, 7583, 6822, 6050, 6047, 6822, 6823, 6050, 5350, 5351, 5349, 6297, 6296, 5581, 6297, 6295, 6296, 7584, 7582, 7595, 6047, 6050, 6049, 6049, 6051, 6048, 6049, 6050, 6051, 5349, 5352, 5356, 5349, 5351, 5352, 5581, 6296, 5543, 6296, 5546, 5543, 4500, 4494, 4495, 5356, 5352, 5580, 5580, 5352, 5354, 5543, 5545, 5544, 5543, 5546, 5545, 8145, 6003, 8144, 566, 567, 625, 1113, 1112, 1114, 1362, 1350, 1349, 3347, 6140, 6142, 4016, 4079, 6823, 4015, 7477, 4013, 9156, 9158, 9168, 9168, 9158, 5280, 6142, 6140, 6163, 1513, 8467, 8465, 8465, 8467, 8466, 8464, 8818, 8327, 6823, 6053, 6050, 5999, 6000, 5997, 4494, 4497, 4493, 8718, 6204, 6208, 7582, 7598, 7595, 7656, 7674, 7675, 7674, 8523, 7675, 6050, 6052, 6051, 6050, 6053, 6052, 5353, 5354, 5352, 5997, 6004, 6003, 5997, 6000, 6004, 7595, 7598, 7656, 5544, 5545, 5573, 6003, 6004, 8144, 6004, 6006, 8144, 8144, 4497, 4500, 8144, 6006, 4497, 155, 124, 136, 741, 739, 575, 136, 124, 43, 1885, 1884, 1793, 1547, 1546, 1944, 3177, 3174, 1500, 3175, 3173, 3176, 625, 624, 623, 8997, 8990, 9008, 626, 633, 630, 1364, 1365, 1367, 9002, 9003, 9029, 3347, 3346, 6140, 3346, 6141, 6140, 4079, 6824, 6823, 9003, 9044, 9159, 9003, 9158, 9156, 9003, 9159, 9158, 6140, 6147, 6163, 6141, 6147, 6140, 7579, 7580, 7582, 7579, 7581, 7580, 7586, 7580, 7581, 3048, 3047, 1036, 6823, 6824, 6053, 6292, 6290, 6291, 1315, 492, 417, 5999, 6001, 6000, 6163, 6147, 8718, 6147, 8719, 8718, 8719, 6204, 8718, 7582, 7580, 7598, 6051, 6052, 7477, 6291, 5569, 5546, 6000, 6002, 6004, 6000, 6001, 6002, 6004, 6002, 6006, 7598, 7655, 7656, 5546, 5547, 5545, 5546, 5569, 5547, 5545, 5552, 5573, 5545, 5547, 5552, 6006, 8143, 4497, 1793, 1805, 1885, 2686, 2716, 2718, 8997, 8994, 8991, 1137, 1113, 1136, 1351, 1348, 1350, 630, 633, 632, 4079, 4091, 6824, 7586, 7588, 7587, 7589, 7587, 7588, 7589, 7590, 7587, 6824, 6054, 6053, 6290, 6289, 6291, 8307, 8618, 8308, 8719, 6196, 6204, 7586, 7587, 7580, 7587, 7654, 7580, 7580, 7654, 7598, 7655, 7679, 7674, 6053, 6054, 6052, 6052, 6062, 7477, 6291, 6289, 5569, 7598, 7654, 7655, 5569, 5566, 5547, 8143, 8142, 4497, 155, 7303, 124, 2718, 2716, 2717, 42, 40, 49, 57, 60, 59, 60, 101, 59, 1354, 1347, 1351, 9008, 8990, 8995, 59, 102, 103, 9002, 9000, 9003, 108, 135, 133, 3346, 3345, 6141, 133, 135, 3048, 9158, 5278, 5280, 6141, 6148, 6147, 3047, 1027, 1036, 6288, 6287, 6289, 1315, 8634, 492, 6009, 6008, 6002, 6008, 6007, 6002, 6147, 6148, 8719, 6148, 8720, 8719, 8720, 6196, 8719, 7590, 7600, 7587, 7587, 7600, 7654, 7654, 7653, 7655, 7653, 7677, 7655, 6054, 6055, 6052, 6289, 6287, 5566, 6002, 6007, 6006, 7654, 7600, 7653, 5566, 5554, 5547, 5547, 5553, 5552, 5547, 5554, 5553, 6006, 6016, 8143, 8143, 6016, 8142, 43, 40, 42, 1431, 1424, 1428, 1137, 1093, 1113, 1427, 1347, 1354, 101, 102, 59, 1113, 1100, 1112, 1112, 1100, 1110, 1350, 1348, 1349, 1363, 1349, 1364, 1111, 1110, 1109, 3345, 3343, 6141, 4072, 6825, 4091, 7589, 7591, 7590, 7589, 7592, 7591, 7593, 7591, 7592, 4091, 6825, 6055, 6288, 6286, 6287, 8720, 6202, 6196, 7590, 7591, 7600, 6052, 6056, 6062, 6052, 6055, 6056, 6287, 5556, 5554, 8617, 5553, 5559, 7600, 7652, 7653, 5554, 5555, 5553, 5554, 5556, 5555, 575, 576, 564, 1500, 1469, 1470, 1470, 1469, 1431, 1469, 1424, 1431, 8994, 9012, 8992, 1138, 1093, 1137, 1347, 1348, 1351, 3343, 6149, 6141, 4072, 4084, 6825, 6141, 6149, 6148, 6149, 6150, 6148, 7593, 7599, 7596, 6825, 4902, 6055, 6286, 6285, 6287, 6021, 6018, 6007, 6018, 4850, 6007, 6148, 6150, 8720, 7593, 7596, 7591, 7596, 7652, 7591, 7591, 7652, 7600, 7653, 7650, 7673, 6055, 4902, 6056, 6056, 6063, 6062, 6287, 6285, 5556, 6007, 6017, 6016, 6007, 4850, 6017, 5556, 5557, 5555, 5553, 5555, 5559, 6016, 4853, 8142, 6016, 6017, 4853, 8142, 4507, 4496, 8142, 4853, 4507, 739, 577, 575, 575, 577, 576, 2717, 2715, 3175, 565, 619, 567, 567, 619, 625, 1093, 1094, 1113, 1364, 1344, 1365, 632, 642, 643, 643, 642, 677, 1109, 1278, 1277, 3343, 3341, 6149, 4084, 4897, 6825, 1277, 1278, 1315, 8466, 8469, 8464, 8464, 8469, 8818, 6825, 4897, 4902, 6284, 6283, 6285, 6150, 8721, 8720, 8720, 6203, 6202, 7599, 7578, 7596, 7596, 7578, 7652, 7578, 7650, 7652, 4902, 4899, 6056, 6285, 6283, 5557, 6017, 4850, 4853, 5557, 5558, 5555, 5555, 5558, 5559, 4853, 8140, 4507, 2716, 2715, 2717, 1944, 1948, 1962, 1962, 1948, 2953, 9001, 8995, 9000, 103, 104, 109, 3341, 6151, 6149, 135, 3045, 3048, 6149, 6151, 6150, 6151, 6152, 6150, 7577, 7578, 7599, 7323, 7578, 7577, 3048, 3045, 3047, 6284, 6282, 6283, 6019, 4847, 4850, 6150, 6152, 8721, 8721, 6203, 8720, 7578, 7646, 7650, 7646, 7649, 7650, 771, 772, 5849, 5849, 772, 8628, 6056, 5809, 6063, 6056, 4899, 5809, 6283, 5561, 5558, 8616, 5559, 5572, 4850, 4849, 4853, 4850, 4847, 4849, 5558, 5560, 5559, 5558, 5561, 5560, 4853, 4849, 8140, 8140, 8139, 4507, 739, 742, 577, 124, 67, 43, 1885, 1886, 1884, 3005, 3008, 3007, 3007, 3008, 9012, 3174, 1469, 1500, 3009, 3005, 3006, 1189, 1187, 1137, 1137, 1187, 1138, 1093, 1088, 1094, 1113, 1094, 1100, 102, 104, 103, 1110, 1100, 1101, 9000, 9009, 9003, 105, 108, 109, 108, 107, 135, 3341, 3340, 6151, 1365, 1519, 1513, 4006, 4896, 4897, 3997, 4205, 3996, 1513, 1519, 8467, 4897, 4898, 4899, 6282, 6281, 6283, 8310, 8616, 8315, 6019, 4846, 4847, 4846, 4848, 4847, 8721, 6200, 6203, 7323, 7646, 7578, 7646, 7648, 7649, 4899, 5808, 5809, 4899, 4898, 5808, 6283, 6281, 5561, 4847, 4848, 4849, 4502, 8139, 4518, 5561, 5562, 5560, 5559, 5560, 5572, 8140, 4849, 8139, 3008, 8992, 9012, 2953, 1948, 1307, 1307, 1299, 1223, 3174, 3170, 1469, 3175, 3172, 3173, 8997, 8991, 8990, 9003, 8978, 9044, 3340, 3337, 6154, 4896, 4895, 4897, 9044, 8978, 9159, 9159, 9160, 9158, 9158, 9160, 5278, 3340, 6154, 6152, 6154, 6155, 6152, 7323, 7322, 7321, 7314, 7321, 7322, 7314, 7317, 7321, 4897, 4895, 4898, 6282, 6280, 6281, 6152, 6155, 8721, 7323, 7321, 7646, 7321, 7645, 7646, 5809, 5808, 4205, 6281, 5570, 5562, 4848, 4851, 4849, 5560, 5563, 5572, 5560, 5562, 5563, 4849, 4851, 8139, 4851, 4518, 8139, 2686, 2714, 2716, 1546, 1544, 1944, 8994, 8992, 8991, 49, 58, 57, 8995, 8999, 9000, 8999, 9009, 9000, 9003, 9009, 8978, 4896, 4876, 4895, 4876, 4874, 4895, 8978, 9161, 9159, 4895, 4878, 4898, 4895, 4874, 4878, 4855, 4852, 4848, 4504, 4506, 4558, 8721, 6201, 6200, 7317, 7645, 7321, 7317, 7325, 7645, 7646, 7012, 7648, 7012, 7015, 7648, 4898, 5807, 5808, 4898, 4878, 5807, 5808, 4207, 4205, 5808, 5807, 4207, 4848, 4852, 4851, 4505, 4506, 4504, 5570, 5565, 5562, 5562, 5564, 5563, 5562, 5565, 5564, 4518, 4851, 4567, 1948, 1299, 1307, 1884, 1886, 3009, 8992, 8987, 8991, 623, 622, 626, 626, 622, 633, 8990, 8989, 8995, 1348, 1345, 1349, 1349, 1345, 1344, 1349, 1344, 1364, 1110, 1107, 1109, 3337, 6156, 6154, 3337, 3336, 6156, 6154, 6156, 6155, 6156, 6157, 6155, 7314, 7315, 7317, 7314, 7316, 7315, 7318, 7315, 7316, 6278, 6272, 6279, 4855, 4856, 4852, 6155, 6157, 8721, 8721, 6206, 6201, 7317, 7315, 7325, 7645, 7644, 7012, 7644, 7011, 7012, 6279, 6272, 5565, 4854, 7474, 4851, 4506, 4562, 4558, 5565, 5587, 5564, 5563, 5564, 8615, 4851, 7474, 4567, 4567, 7474, 4564, 8992, 8993, 8987, 8991, 8987, 8990, 1427, 1374, 1347, 1347, 1345, 1348, 8995, 8989, 8999, 633, 635, 632, 1101, 1107, 1110, 1344, 1366, 1365, 642, 675, 677, 1365, 1366, 1519, 4876, 4873, 4874, 9161, 9160, 9159, 8467, 8468, 8466, 8466, 8468, 8469, 4874, 4877, 4878, 4856, 4857, 4852, 6157, 8722, 8721, 8722, 6216, 8721, 8721, 6216, 6206, 7315, 7326, 7325, 7326, 7644, 7325, 4878, 4877, 5807, 5807, 4217, 4207, 6272, 5589, 5587, 8614, 5564, 8620, 4852, 4857, 4854, 4854, 7465, 7474, 5587, 5588, 5564, 5587, 5589, 5588, 1544, 1943, 1944, 2716, 2714, 2715, 1187, 1092, 1138, 1138, 1091, 1093, 619, 624, 625, 1427, 1426, 1374, 623, 620, 622, 1347, 1374, 1346, 104, 105, 109, 108, 105, 107, 1107, 1108, 1109, 3336, 6158, 6156, 3336, 3334, 6158, 4873, 4872, 4874, 6156, 6158, 6157, 6158, 6159, 6157, 7318, 7319, 7315, 7318, 7320, 7319, 7324, 7319, 7320, 677, 675, 771, 675, 772, 771, 4874, 4872, 4877, 6277, 6253, 6272, 8614, 8613, 8312, 6157, 6159, 8722, 7315, 7319, 7326, 4857, 8141, 4854, 4854, 3781, 7465, 4854, 8141, 3781, 7465, 7466, 7474, 5589, 5590, 5588, 5564, 5588, 8620, 7474, 4565, 4564, 7474, 7466, 4565, 67, 40, 43, 1299, 1186, 1223, 2715, 3171, 3175, 1886, 3005, 3009, 1223, 1186, 1189, 3175, 3171, 3172, 1424, 1425, 1427, 1427, 1425, 1426, 632, 635, 642, 9009, 8977, 8978, 4873, 4871, 4872, 6158, 6160, 6159, 7324, 8428, 7668, 8429, 7668, 8428, 3047, 1021, 1027, 4872, 4859, 4877, 1315, 1278, 8634, 7113, 7117, 7465, 7117, 7463, 7465, 6159, 6160, 8722, 8722, 6217, 6216, 7324, 7668, 7319, 7668, 7643, 7319, 7319, 7643, 7326, 4877, 5806, 5807, 4877, 4859, 5806, 5807, 4218, 4217, 5807, 5806, 4218, 6253, 6252, 5590, 6252, 5591, 5590, 8141, 3777, 3781, 8141, 3783, 3777, 7465, 7463, 7466, 7326, 7643, 7644, 5590, 5591, 5588, 5591, 5592, 5588, 5588, 5592, 5593, 8620, 5588, 8613, 7466, 7467, 4565, 4565, 7467, 4555, 1186, 1187, 1189, 1469, 1423, 1424, 58, 60, 57, 624, 620, 623, 1088, 1095, 1094, 1347, 1346, 1345, 1345, 1343, 1344, 1109, 1108, 1278, 3334, 6161, 6158, 3334, 3332, 6161, 4871, 4859, 4872, 6158, 6161, 6160, 6165, 6160, 6161, 6250, 8612, 6314, 8634, 8632, 492, 492, 8632, 379, 6160, 8732, 8722, 8732, 6217, 8722, 7668, 7642, 7643, 8429, 7642, 7668, 772, 8627, 8628, 4857, 4858, 8141, 8141, 4858, 3783, 4858, 8169, 3783, 7117, 7464, 7463, 7463, 7464, 7467, 5588, 5609, 8613, 5588, 5593, 5609, 7467, 8138, 4555, 1885, 1887, 1886, 1886, 1888, 3005, 1423, 1425, 1424, 564, 562, 565, 40, 39, 49, 49, 39, 58, 1092, 1091, 1138, 8993, 8969, 8987, 622, 620, 621, 8987, 8989, 8990, 8989, 8976, 8999, 8999, 8976, 9009, 4871, 4870, 4859, 4870, 4861, 4859, 8452, 7665, 8429, 8451, 7665, 8452, 4859, 4861, 4860, 4856, 4445, 4857, 6165, 8732, 6160, 8732, 6218, 6217, 8429, 7665, 7642, 4859, 5805, 5806, 4859, 4860, 5805, 5806, 5792, 4218, 5806, 5805, 5792, 6252, 5639, 5592, 7464, 7468, 7467, 7642, 7005, 7643, 5592, 5594, 5593, 5592, 5639, 5594, 5593, 5595, 5609, 7467, 7468, 8138, 1805, 1887, 1885, 1887, 1888, 1886, 1943, 1948, 1944, 576, 562, 564, 1091, 1088, 1093, 3332, 3330, 6166, 6166, 6167, 6165, 6426, 6173, 6166, 6173, 6167, 6166, 6250, 6248, 6249, 6248, 6247, 6249, 7119, 7120, 7464, 6165, 6167, 8732, 7665, 7641, 7642, 7641, 7005, 7642, 7665, 7640, 7641, 6249, 5636, 5594, 6249, 6247, 5636, 7464, 7120, 7468, 7120, 7469, 7468, 7468, 7469, 7470, 5593, 5594, 5595, 7468, 7470, 8138, 2715, 2720, 3171, 3170, 3169, 1471, 3170, 1471, 1469, 1469, 1471, 1423, 8992, 3008, 8993, 576, 577, 562, 8969, 9031, 8987, 3330, 3328, 6166, 1366, 1460, 1519, 4870, 4863, 4861, 8451, 7672, 7665, 8451, 8450, 7672, 8449, 7672, 8450, 8449, 7671, 7672, 4861, 4862, 4860, 6248, 6245, 6247, 7121, 7471, 7469, 6173, 8732, 6167, 8732, 6221, 6218, 7665, 7672, 7640, 7641, 7638, 7005, 7638, 7000, 7005, 4860, 4862, 5805, 5805, 5791, 5792, 4857, 4442, 4858, 4857, 4445, 4442, 4858, 4442, 8169, 7469, 7471, 7470, 5636, 5597, 5594, 5594, 5596, 5595, 5594, 5597, 5596, 2642, 2662, 2655, 2714, 2713, 2715, 2715, 2713, 2720, 1888, 3004, 3005, 8987, 8988, 8989, 1345, 1346, 1343, 102, 99, 104, 622, 634, 633, 1343, 1342, 1344, 3328, 6425, 6426, 4863, 4862, 4861, 6426, 6428, 6173, 6426, 6425, 6428, 6427, 6428, 6425, 6245, 6246, 6247, 1278, 8631, 8634, 8634, 8631, 8632, 7123, 7125, 7471, 7125, 7472, 7471, 6173, 6428, 8732, 8732, 6222, 6221, 7671, 7639, 7672, 7672, 7639, 7640, 7639, 7638, 7640, 5805, 5803, 5791, 5805, 4862, 5803, 6247, 6246, 5597, 7471, 7472, 7470, 5597, 5598, 5596, 5595, 5596, 8605, 5596, 5604, 8605, 7470, 7473, 8138, 7470, 7472, 7473, 8138, 4563, 4552, 8138, 7473, 4563, 3008, 8969, 8993, 9031, 8942, 8987, 8989, 8998, 8976, 104, 99, 105, 633, 634, 635, 3328, 3326, 6425, 4863, 4866, 4864, 8449, 7666, 7671, 8449, 8448, 7666, 8447, 7666, 8448, 8447, 7667, 7666, 4864, 4865, 4862, 6245, 6239, 6246, 6427, 8735, 6428, 6428, 8735, 8732, 8735, 6225, 8732, 8732, 6225, 6222, 7671, 7666, 7639, 7666, 7637, 7639, 7639, 7637, 7638, 7637, 6998, 7638, 4862, 4865, 5803, 5803, 5790, 5791, 6246, 5637, 5598, 8604, 5604, 5605, 7472, 7475, 7473, 5598, 5599, 5596, 5598, 5637, 5599, 7473, 8137, 4563, 1299, 1305, 1186, 1092, 1089, 1091, 8969, 8942, 9031, 58, 101, 60, 1346, 1331, 1343, 1094, 1099, 1100, 105, 99, 106, 9009, 8976, 8977, 4866, 4865, 4864, 3045, 3046, 3047, 3047, 3046, 1021, 6245, 6238, 6239, 4439, 4440, 4442, 7125, 7127, 7475, 6423, 8735, 6427, 7667, 7637, 7666, 7667, 7636, 7637, 7637, 6997, 6998, 5803, 5796, 5790, 5803, 4865, 5796, 4442, 4440, 8169, 4440, 4443, 8169, 5604, 5600, 5605, 8169, 4443, 3783, 67, 38, 40, 1091, 1089, 1088, 1426, 1376, 1374, 1374, 1373, 1346, 621, 634, 622, 8998, 8974, 8976, 1343, 1337, 1342, 1107, 1106, 1108, 1107, 1105, 1106, 3326, 3324, 3381, 4866, 4867, 4865, 3381, 6424, 6423, 8447, 8438, 7667, 8447, 8446, 8438, 8437, 8438, 8446, 6238, 6233, 6239, 4439, 4441, 4440, 6423, 6424, 8735, 8735, 6226, 6225, 7667, 8438, 7636, 7637, 6992, 6997, 4865, 4868, 5796, 5796, 5789, 5790, 6239, 5632, 5599, 6239, 6233, 5632, 7475, 7127, 7473, 7127, 7412, 7473, 7473, 7412, 8137, 7412, 7410, 8137, 5599, 5601, 5600, 5599, 5632, 5601, 4443, 8170, 3783, 8137, 8136, 4563, 8137, 7410, 8136, 1805, 1806, 1887, 3169, 3168, 1471, 40, 38, 39, 1377, 1376, 1426, 1346, 1373, 1331, 101, 100, 102, 100, 99, 102, 1342, 1460, 1366, 7535, 3381, 3324, 4867, 4868, 4865, 6429, 6424, 3381, 1519, 8470, 8467, 8467, 8470, 8468, 6238, 6234, 6233, 3779, 3776, 3782, 8735, 6228, 6226, 8438, 7635, 7636, 6992, 6994, 6997, 5796, 5795, 5789, 5796, 4868, 5795, 6233, 5638, 5601, 6233, 6234, 5638, 7636, 7635, 6992, 5600, 5602, 5605, 5600, 5601, 5602, 5605, 5602, 8608, 8136, 4561, 4563, 1299, 2951, 1305, 1888, 1878, 3004, 1186, 1188, 1187, 1425, 1377, 1426, 8989, 8988, 8998, 1331, 1336, 1343, 1100, 1099, 1101, 1336, 1337, 1343, 8998, 9033, 8974, 4867, 4869, 4868, 4869, 4875, 4868, 8437, 8434, 8438, 8437, 8436, 8434, 8433, 8434, 8436, 4868, 4875, 4907, 6241, 6236, 6234, 7128, 7130, 7412, 6429, 8736, 6424, 6424, 8736, 8735, 8735, 8736, 6228, 8438, 8434, 7635, 8434, 7634, 7635, 4868, 4907, 5795, 5795, 5788, 5789, 8609, 5602, 8611, 7412, 7130, 7410, 7410, 8135, 8136, 7634, 6992, 7635, 5638, 5606, 5601, 5601, 5603, 5602, 5601, 5606, 5603, 8136, 4566, 4561, 8136, 8135, 4566, 1943, 1959, 1948, 1948, 1959, 2952, 619, 620, 624, 105, 106, 107, 107, 106, 135, 1106, 1236, 1108, 1108, 1310, 1278, 1108, 1236, 1310, 7530, 7531, 6429, 7529, 7531, 7530, 8433, 8431, 8434, 6236, 6235, 6234, 1278, 1310, 8631, 4441, 4443, 4440, 7131, 7409, 7410, 6429, 7531, 8736, 8736, 6229, 6228, 8431, 7634, 8434, 8431, 7633, 7634, 6992, 6993, 6994, 5795, 5794, 5788, 5795, 4907, 5794, 6234, 6235, 5606, 7410, 7409, 8135, 4417, 4566, 4414, 7634, 7633, 6992, 5606, 5607, 5603, 5602, 5603, 8611, 1305, 1188, 1186, 3008, 2991, 8969, 8969, 8940, 8942, 1101, 1102, 1107, 1102, 1105, 1107, 4869, 4879, 4875, 9160, 5277, 5278, 8433, 8430, 8431, 675, 676, 772, 4875, 4904, 4907, 7132, 7133, 7409, 7529, 7828, 7531, 7531, 7828, 8736, 7828, 7845, 8736, 8736, 7844, 6229, 8736, 7845, 7844, 4907, 4904, 5794, 7633, 6988, 6992, 5607, 5608, 5603, 5603, 5608, 5610, 8611, 5603, 8610, 7303, 68, 124, 124, 68, 67, 1959, 2951, 2952, 1373, 1329, 1331, 634, 636, 635, 642, 641, 675, 8977, 8975, 8978, 4879, 4880, 4875, 8978, 8975, 9161, 8430, 8432, 8431, 4875, 4880, 4904, 6237, 6240, 6235, 4441, 4444, 4443, 7133, 7407, 7409, 7532, 7828, 7529, 7828, 8744, 7845, 8744, 7842, 7845, 8431, 8432, 7633, 6988, 6989, 6992, 6235, 6240, 5608, 5603, 5611, 8610, 5603, 5610, 5611, 5610, 5612, 5611, 4566, 8105, 4414, 1544, 1542, 1943, 1887, 1878, 1888, 2720, 2746, 3171, 3168, 1472, 1471, 1471, 1472, 1423, 1188, 1092, 1187, 2991, 2990, 8969, 8969, 2990, 8940, 565, 563, 619, 1376, 1375, 1374, 8942, 8946, 8987, 8987, 8946, 8988, 1331, 1332, 1336, 8976, 8974, 8975, 642, 635, 641, 4879, 4881, 4880, 7532, 7534, 7827, 7537, 7827, 7534, 8430, 8435, 8432, 8439, 8432, 8435, 4880, 4901, 4904, 7133, 7135, 7407, 7135, 7408, 7407, 7532, 7827, 7828, 7827, 8744, 7828, 7827, 8745, 8744, 8744, 7846, 7842, 8432, 7632, 7633, 4904, 5799, 5794, 4904, 4901, 5799, 5794, 5787, 5788, 5794, 5799, 5787, 6240, 5641, 5608, 7407, 7413, 4566, 7407, 7408, 7413, 7633, 7632, 6988, 5608, 5613, 5610, 5608, 5641, 5613, 5610, 5613, 5612, 4566, 7413, 8105, 8105, 4409, 4414, 742, 724, 577, 1092, 1090, 1089, 1374, 1375, 1373, 1342, 1338, 1460, 1460, 1524, 1519, 4881, 4882, 4880, 1519, 1524, 8470, 8469, 8881, 8818, 8439, 8440, 8432, 8441, 8440, 8439, 4880, 4882, 4901, 6237, 6242, 6240, 6242, 6243, 6240, 6310, 7504, 7502, 7537, 8745, 7827, 8744, 8745, 7846, 8745, 7837, 7846, 8432, 8440, 7632, 6240, 6243, 5613, 7632, 7629, 6988, 5613, 5614, 5612, 5611, 5612, 7504, 2686, 2692, 2714, 2714, 2692, 2713, 2713, 2705, 2720, 1878, 2989, 3004, 619, 618, 620, 101, 58, 89, 634, 637, 636, 675, 641, 676, 4881, 4883, 4882, 7538, 7571, 7537, 7541, 7571, 7538, 676, 773, 772, 4882, 4910, 4901, 6242, 6244, 6243, 8631, 8633, 8632, 7136, 7147, 7408, 7537, 7571, 8745, 8745, 7836, 7837, 8440, 7631, 7632, 772, 773, 8627, 4901, 4910, 5799, 5799, 5786, 5787, 5799, 4910, 5786, 6243, 6244, 5614, 7408, 7411, 7413, 7408, 7147, 7411, 7632, 7631, 7629, 5614, 5615, 5612, 5612, 5616, 7504, 5612, 5615, 5616, 7413, 8104, 8105, 7413, 7411, 8104, 8105, 8104, 4409, 2951, 1316, 1305, 562, 563, 565, 620, 618, 621, 100, 98, 99, 1099, 1102, 1101, 8441, 8442, 8440, 8441, 8443, 8442, 6251, 6254, 6244, 7541, 8746, 7571, 7571, 8746, 8745, 8745, 8746, 7836, 8746, 4837, 7836, 8440, 8442, 7631, 8442, 7630, 7631, 4910, 5801, 5786, 6244, 5626, 5614, 7411, 7851, 8104, 7631, 7630, 7629, 5614, 5626, 5615, 5626, 5627, 5615, 5615, 5617, 5616, 1305, 1316, 1188, 562, 560, 563, 8942, 8940, 8941, 618, 617, 621, 101, 89, 100, 1095, 1099, 1094, 621, 637, 634, 1337, 1338, 1342, 7544, 7542, 7543, 1460, 1493, 1524, 4883, 4884, 4882, 4884, 4885, 4882, 7541, 7542, 7576, 7545, 7576, 7542, 4882, 4903, 4910, 4882, 4885, 4903, 6254, 6255, 6244, 7138, 7148, 7411, 7541, 7576, 8746, 7576, 8748, 8746, 8746, 4836, 4837, 4910, 4903, 5801, 6244, 6255, 5627, 7411, 7148, 7851, 4407, 4408, 4406, 5627, 5628, 5615, 5615, 5618, 5617, 5615, 5628, 5618, 5616, 5617, 7501, 5617, 7500, 7501, 8104, 4408, 4409, 8104, 7851, 4408, 1542, 1942, 1943, 577, 578, 562, 578, 560, 562, 1878, 1879, 2989, 38, 36, 39, 563, 618, 619, 635, 636, 641, 8443, 8444, 8442, 8443, 8445, 8444, 8453, 8444, 8445, 3046, 1020, 1021, 7545, 8748, 7576, 8746, 4834, 4836, 8442, 8444, 7630, 5801, 5800, 5786, 5801, 4903, 5800, 5786, 5785, 5697, 5786, 5800, 5785, 7851, 7148, 7850, 7630, 7628, 7629, 7851, 8103, 4408, 7851, 7850, 8103, 2662, 2654, 2655, 3169, 3149, 3168, 1959, 2935, 2951, 1188, 1192, 1092, 8942, 8941, 8946, 621, 617, 637, 8988, 8946, 8998, 8998, 8944, 9033, 1336, 1335, 1337, 106, 130, 135, 135, 130, 3045, 4884, 4886, 4885, 7545, 7546, 7575, 7563, 7575, 7546, 8453, 8455, 8454, 8456, 8454, 8455, 4885, 4900, 4903, 7146, 7145, 7148, 7145, 7848, 7148, 7545, 7575, 8748, 8453, 8454, 8444, 8454, 7628, 8444, 8444, 7628, 7630, 4903, 4900, 5800, 6255, 6256, 5628, 7148, 7848, 7850, 5628, 5629, 5618, 5628, 6256, 5629, 5617, 5620, 7500, 5617, 5619, 5620, 4408, 8103, 4406, 5618, 5619, 5617, 724, 578, 577, 1092, 1192, 1090, 1089, 1084, 1088, 9033, 8948, 8974, 8974, 8973, 8975, 8974, 8948, 8973, 7547, 7548, 7546, 4886, 4887, 4885, 7563, 7549, 7568, 7551, 7568, 7549, 4885, 4887, 4900, 6257, 6258, 6256, 8632, 494, 379, 7563, 7568, 7575, 7568, 8748, 7575, 8748, 4832, 4834, 8456, 7627, 8454, 8454, 7627, 7628, 7628, 6980, 6981, 6980, 6979, 6981, 5800, 5797, 5785, 5800, 4900, 5797, 6256, 6258, 5629, 7848, 7849, 7850, 7627, 6980, 7628, 5629, 5630, 5619, 7850, 8102, 8103, 7850, 7849, 8102, 8103, 4418, 4406, 8103, 8102, 4418, 7303, 7301, 68, 3149, 3167, 3168, 3168, 3167, 1472, 618, 561, 617, 1088, 1096, 1095, 637, 638, 636, 1338, 1493, 1460, 4886, 4888, 4887, 9161, 9162, 9160, 8468, 8472, 8469, 8469, 8472, 8881, 8456, 8457, 7627, 8457, 7625, 7627, 8458, 7625, 8457, 4887, 4889, 4900, 1310, 8633, 8631, 8633, 494, 8632, 7140, 7692, 7848, 7551, 7569, 7568, 7568, 8751, 8748, 8751, 4832, 8748, 4900, 4889, 5797, 5797, 5784, 5785, 7848, 7692, 7849, 7625, 6974, 7627, 7627, 6974, 6980, 5620, 5624, 7495, 5620, 5621, 5624, 1095, 1096, 1099, 617, 616, 637, 1337, 1335, 1338, 1106, 1103, 1236, 7548, 7550, 7549, 4888, 4889, 4887, 7551, 7552, 7569, 7553, 7569, 7552, 8470, 8471, 8468, 8468, 8471, 8472, 8458, 7669, 7625, 8459, 7669, 8458, 6259, 6260, 6258, 7491, 7492, 7493, 7141, 7143, 7692, 7569, 8751, 7568, 8751, 4829, 4832, 5797, 5798, 5784, 5797, 4889, 5798, 6258, 6260, 5630, 7625, 6973, 6974, 5630, 6260, 5631, 5631, 5622, 5619, 5619, 5622, 5621, 67, 68, 38, 38, 68, 36, 2720, 2743, 2746, 1423, 1380, 1425, 1425, 1380, 1377, 2990, 8943, 8940, 1090, 1084, 1089, 1377, 1375, 1376, 1375, 1329, 1373, 99, 97, 106, 641, 639, 676, 106, 97, 130, 4888, 4890, 4889, 8973, 9032, 8975, 8975, 9032, 9161, 9032, 9162, 9161, 8459, 7670, 7669, 5415, 7670, 8459, 3045, 3042, 3046, 3046, 3042, 1020, 7143, 7690, 7692, 7553, 8752, 7569, 7569, 8752, 8751, 7670, 7624, 7669, 7669, 7624, 7625, 7624, 6973, 7625, 7670, 7623, 7624, 6973, 6970, 6974, 4889, 4891, 5798, 7494, 5624, 5625, 7692, 7690, 7849, 5631, 5635, 5622, 7849, 7852, 8102, 5622, 5623, 5621, 2713, 2692, 2705, 2720, 2705, 2743, 1380, 1378, 1377, 560, 561, 563, 8940, 8937, 8941, 1084, 1085, 1088, 8946, 8944, 8998, 636, 639, 641, 636, 513, 639, 1338, 1339, 1493, 4890, 4891, 4889, 7554, 7572, 7553, 7562, 7572, 7554, 8472, 8901, 8881, 7553, 7572, 8752, 8752, 8753, 8751, 8751, 8753, 4829, 8753, 4824, 4829, 5415, 7623, 7670, 7624, 6975, 6973, 6975, 6969, 6973, 5798, 5783, 5784, 5798, 4891, 5783, 6261, 6262, 5635, 5635, 5634, 5623, 5624, 5623, 5625, 8102, 4391, 4418, 8102, 7852, 4391, 1943, 1942, 1959, 2935, 2934, 1316, 1959, 1949, 2935, 563, 561, 618, 8940, 8939, 8937, 1377, 1327, 1375, 1329, 1330, 1331, 1330, 1332, 1331, 637, 616, 638, 99, 98, 97, 4890, 4892, 4891, 4892, 4893, 4891, 9162, 9163, 9160, 9160, 9163, 5277, 4410, 4390, 4389, 5415, 5413, 7187, 5412, 7187, 5413, 4891, 4893, 4911, 5691, 5783, 5782, 7144, 7691, 7690, 4390, 4391, 4385, 7572, 8753, 8752, 5415, 7187, 7623, 7187, 7192, 7623, 7192, 6975, 7623, 4891, 4911, 5783, 6262, 6270, 5634, 7690, 7691, 7852, 7691, 7707, 7852, 7623, 6975, 7624, 7852, 8101, 4391, 2934, 1318, 1316, 1316, 1318, 1188, 1879, 2986, 2989, 1949, 2934, 2935, 1423, 1472, 1419, 1419, 1380, 1423, 1378, 1327, 1377, 617, 561, 616, 1088, 1097, 1096, 638, 513, 636, 1335, 1339, 1338, 7550, 7555, 7554, 4389, 7695, 4410, 7695, 7694, 4410, 7556, 7570, 7562, 7557, 7570, 7556, 5412, 5410, 7188, 5409, 7188, 5410, 4893, 4905, 4911, 6263, 6264, 6262, 6307, 7496, 7497, 7693, 7706, 7707, 7562, 7570, 7572, 7570, 8754, 7572, 7572, 8754, 8753, 8753, 4823, 4824, 5412, 7188, 7187, 7188, 7191, 7187, 7187, 7191, 7192, 7191, 6967, 7192, 7192, 6967, 6975, 6967, 6968, 6975, 4911, 5804, 5783, 4911, 4905, 5804, 5783, 5804, 5782, 7707, 7706, 7704, 8101, 4393, 4391, 5623, 5633, 5625, 5623, 5634, 5633, 1542, 1540, 1942, 1318, 1193, 1188, 1188, 1193, 1192, 561, 609, 616, 1085, 1097, 1088, 1332, 1333, 1336, 1336, 1333, 1335, 9033, 8947, 8948, 1102, 1099, 1103, 1102, 1103, 1105, 1105, 1103, 1106, 4892, 4894, 4893, 7695, 7696, 7694, 4953, 7190, 5409, 4893, 4894, 4905, 6264, 6265, 6262, 7694, 7701, 7704, 7557, 8754, 7570, 5409, 7189, 7188, 5409, 7190, 7189, 7188, 7189, 7191, 5804, 4905, 5782, 6262, 6265, 6270, 7496, 5633, 7416, 7704, 8100, 8101, 7704, 7701, 8100, 8101, 8100, 4393, 6270, 6301, 5634, 5634, 7417, 5633, 5634, 6301, 7417, 2662, 2661, 2654, 1942, 1949, 1959, 1879, 1880, 2986, 2990, 2988, 8943, 39, 88, 58, 89, 98, 100, 1103, 1148, 1236, 1493, 1517, 1524, 1236, 1148, 1310, 7696, 7697, 7694, 4384, 4376, 4383, 7557, 7558, 7573, 7560, 7573, 7558, 1524, 1517, 8470, 8470, 4943, 8471, 8471, 4940, 8472, 8471, 4943, 4940, 8472, 4940, 8901, 4953, 4946, 7190, 4953, 4951, 4946, 4947, 4946, 4951, 4947, 4941, 4946, 676, 774, 773, 4894, 4906, 4905, 7694, 7697, 7701, 7557, 7573, 8754, 8754, 4838, 8753, 8753, 4838, 4823, 4838, 4827, 4823, 7190, 4946, 7189, 4946, 4948, 7189, 4941, 4944, 4946, 4944, 4948, 4946, 6967, 6966, 6964, 773, 774, 8627, 4905, 5793, 5782, 4905, 4906, 5793, 5782, 5781, 5693, 5782, 5793, 5781, 7498, 7416, 7415, 7701, 7708, 8100, 7189, 4948, 7620, 7189, 7620, 7191, 6301, 6302, 7417, 5633, 7417, 7416, 1806, 1868, 1887, 1887, 1869, 1878, 1878, 1869, 1879, 8943, 8939, 8940, 561, 615, 609, 8946, 8941, 8944, 1096, 1098, 1099, 8948, 8970, 8973, 1339, 1494, 1493, 8973, 8970, 9032, 1493, 1494, 1517, 5406, 5408, 4951, 5406, 5417, 5408, 5713, 4908, 4894, 7696, 7698, 7697, 1517, 4950, 8470, 8470, 4950, 4943, 4943, 4942, 4940, 4947, 4952, 4941, 4940, 4941, 4952, 4940, 4942, 4941, 4894, 4908, 4906, 6266, 6267, 6265, 7697, 7705, 7708, 7560, 8754, 7573, 4942, 4944, 4941, 4942, 4945, 4944, 6265, 6267, 6302, 7708, 8099, 8100, 7708, 7705, 8099, 4393, 8100, 4376, 4944, 7620, 4948, 1887, 1868, 1869, 1869, 1880, 1879, 36, 37, 39, 1096, 1097, 1098, 9033, 8968, 8947, 1099, 1104, 1103, 7555, 7559, 7558, 5417, 5418, 5408, 5713, 5709, 4908, 7698, 7699, 7697, 7560, 7561, 7574, 7384, 7574, 7561, 4908, 4909, 4906, 6266, 6268, 6267, 7697, 7699, 7705, 7560, 7574, 8754, 7574, 8755, 8754, 8754, 8755, 4838, 4950, 1525, 4943, 1525, 4949, 4943, 4943, 4949, 4942, 4949, 4945, 4942, 6966, 6971, 6965, 4906, 5802, 5793, 4906, 4909, 5802, 5793, 5802, 5781, 6267, 6269, 6302, 8100, 4371, 4376, 8100, 8099, 4371, 4945, 7626, 4944, 4944, 7626, 7620, 6302, 7418, 7417, 6302, 6269, 7418, 7417, 7414, 7416, 7417, 7418, 7414, 1192, 1185, 1090, 37, 88, 39, 1329, 1328, 1330, 1332, 1330, 1333, 8944, 8968, 9033, 638, 512, 513, 1339, 1501, 1494, 8970, 9037, 9032, 1501, 1507, 1494, 1507, 1517, 1494, 5420, 8774, 8777, 5420, 5416, 8774, 5709, 4909, 4908, 9032, 9037, 9162, 7698, 7700, 7699, 7700, 7702, 7699, 7383, 7382, 7384, 1517, 1507, 4950, 6268, 6269, 6267, 7699, 7702, 7705, 7384, 8756, 7574, 7384, 7382, 8756, 7574, 8756, 8755, 1507, 1508, 1525, 4917, 6972, 6971, 774, 6193, 8627, 7705, 8097, 8099, 8099, 8098, 4371, 8099, 8097, 8098, 1525, 1508, 7664, 1525, 7647, 4949, 1525, 7664, 7647, 4949, 7647, 4945, 7647, 7622, 4945, 4945, 7622, 7626, 7622, 7621, 7626, 7626, 7621, 7620, 560, 558, 561, 98, 90, 97, 1335, 1340, 1339, 1339, 1340, 1501, 1340, 1502, 1501, 1501, 1506, 1507, 1501, 1502, 1506, 5709, 5708, 4909, 7379, 7382, 7383, 7379, 7380, 7382, 1506, 1508, 1507, 6268, 6271, 6269, 8755, 4839, 4838, 4909, 5820, 5802, 5802, 5780, 5781, 6269, 6271, 6273, 8097, 8085, 8098, 1508, 1522, 7664, 1522, 7651, 7664, 7664, 7651, 7647, 7651, 4914, 7647, 7621, 4916, 7620, 6269, 7419, 7418, 6269, 6273, 7419, 7418, 7419, 7414, 7647, 4914, 7622, 7622, 4913, 7621, 1540, 1539, 1942, 1942, 1539, 1949, 2692, 2696, 2705, 3167, 1473, 1472, 578, 558, 560, 2986, 2988, 2989, 1472, 1473, 1419, 1375, 1327, 1329, 616, 512, 638, 1333, 1334, 1335, 1335, 1334, 1340, 5719, 6749, 5727, 1502, 1480, 1506, 3037, 8775, 8776, 5708, 5706, 4909, 9163, 5276, 5277, 7703, 8289, 7702, 4909, 5706, 5820, 7702, 8096, 8097, 7702, 8289, 8096, 8755, 8757, 4839, 8757, 4841, 4839, 1518, 1523, 1522, 5802, 5820, 5780, 5820, 5812, 5780, 6273, 6305, 7419, 8097, 8096, 8085, 8098, 4372, 4371, 8098, 8085, 4372, 1522, 1523, 7651, 1523, 4912, 7651, 7651, 4912, 4914, 7414, 7419, 6377, 4914, 4913, 7622, 2661, 2653, 2654, 724, 686, 578, 2699, 2696, 2692, 1318, 1246, 1193, 1318, 2930, 1246, 1193, 1246, 1192, 558, 559, 561, 88, 3, 58, 58, 3, 89, 89, 90, 98, 1334, 1341, 1340, 1103, 1104, 1148, 1340, 1341, 1502, 1502, 1341, 1480, 5708, 5705, 5706, 5705, 5707, 5706, 9162, 5276, 9163, 1148, 1309, 1310, 8288, 8287, 8289, 7379, 7381, 7380, 7379, 7385, 7381, 7386, 7381, 7385, 3035, 3036, 3037, 5706, 5707, 5820, 6274, 6275, 6273, 1310, 1309, 8633, 8289, 8095, 8096, 8289, 8287, 8095, 7380, 7381, 7382, 7381, 7402, 7382, 6273, 6275, 6305, 8096, 8095, 8085, 8085, 8095, 8084, 4372, 4429, 4374, 4372, 8085, 4429, 7382, 7402, 8756, 7402, 8757, 8756, 8756, 8757, 8755, 7419, 6305, 6377, 2692, 2688, 2699, 1539, 1950, 1949, 1246, 1194, 1192, 1185, 1084, 1090, 1327, 1328, 1329, 8941, 8937, 8944, 1098, 1147, 1099, 97, 90, 96, 5719, 5716, 5705, 8970, 9036, 9037, 8970, 9035, 9036, 9037, 9036, 9162, 9162, 9036, 5276, 6293, 6376, 6294, 8288, 8285, 8287, 7386, 7397, 7401, 3042, 1019, 1020, 6276, 6130, 6275, 494, 456, 440, 7386, 7401, 7381, 7401, 7402, 7381, 7401, 7400, 7402, 5812, 5810, 5780, 5780, 5810, 5777, 6275, 6130, 6305, 8085, 8084, 4429, 2696, 2704, 2705, 2705, 2704, 2743, 2987, 8943, 2988, 8937, 8968, 8944, 1146, 1098, 1097, 97, 96, 130, 5705, 5710, 5707, 6294, 6128, 6293, 6131, 6374, 6139, 8285, 8283, 8287, 8633, 1309, 494, 8287, 8165, 8095, 8287, 8283, 8165, 7397, 7400, 7401, 6129, 8184, 6305, 6377, 8184, 6375, 8095, 8165, 8084, 8165, 8083, 8084, 4374, 4429, 4377, 7400, 8758, 7402, 7402, 8758, 8757, 6305, 8184, 6377, 8084, 8083, 4429, 1949, 2929, 2934, 1192, 1194, 1185, 561, 559, 615, 1341, 1383, 1480, 5716, 5712, 5710, 1480, 1499, 1518, 1499, 1534, 1518, 5710, 5711, 5707, 6750, 5776, 5774, 6139, 6123, 6131, 6123, 6124, 6131, 6139, 6374, 6373, 8285, 8281, 8283, 7397, 7394, 7398, 1518, 1534, 3034, 3034, 3031, 3035, 3035, 3031, 3036, 3036, 3031, 3039, 5707, 5711, 5810, 6128, 6127, 6129, 494, 1309, 456, 8283, 8166, 8165, 7397, 7398, 7400, 5810, 5811, 5777, 5811, 5775, 5777, 6129, 6127, 8184, 6127, 6126, 8184, 8184, 6383, 6375, 8184, 6126, 6383, 8165, 8166, 8083, 4429, 4379, 4377, 7301, 7299, 68, 686, 579, 578, 1949, 1950, 2929, 89, 4, 90, 1328, 1320, 1330, 616, 609, 512, 1099, 1147, 1104, 8947, 8905, 8948, 513, 640, 639, 8948, 8905, 8970, 1104, 1149, 1148, 1383, 1499, 1480, 130, 3041, 3045, 9036, 9164, 5276, 9164, 5261, 5276, 6123, 6122, 6124, 6373, 6370, 6369, 4548, 4545, 4546, 4548, 4546, 4547, 3045, 3041, 3042, 5776, 5775, 5774, 6124, 6122, 6126, 6370, 6383, 6371, 1309, 8635, 456, 4539, 4540, 4545, 4545, 4543, 4546, 4545, 4540, 4543, 4546, 4543, 4547, 7394, 7399, 7398, 7394, 7395, 7399, 7398, 7399, 7400, 6126, 6134, 6383, 8166, 8067, 8083, 4429, 8066, 4379, 7399, 8759, 7400, 7400, 8759, 8758, 3149, 3150, 3167, 3167, 3150, 1473, 2987, 2984, 8943, 1419, 1422, 1380, 8937, 8923, 8968, 1330, 1334, 1333, 8970, 8984, 9035, 5717, 5714, 5712, 9035, 5725, 9036, 1220, 1243, 1148, 5712, 5714, 5711, 5714, 5715, 5711, 6123, 6121, 6122, 1148, 1243, 1309, 4548, 8264, 4545, 8281, 8279, 8280, 4378, 4380, 4395, 7394, 7396, 7395, 7391, 7395, 7396, 1534, 3028, 3034, 3034, 3028, 3031, 5711, 5715, 5811, 6122, 6125, 6134, 8635, 6746, 456, 6746, 4550, 456, 6746, 6747, 4550, 4550, 4549, 456, 4539, 4549, 4542, 4550, 4542, 4549, 4550, 6747, 4542, 8280, 8171, 8067, 5811, 5813, 5775, 5813, 5773, 5775, 6134, 8183, 6383, 6134, 6125, 8183, 6383, 8183, 6371, 6747, 6744, 4542, 6744, 6745, 4542, 4539, 4541, 4540, 4539, 4542, 4541, 4540, 4541, 4543, 4541, 4544, 4543, 8067, 8065, 8066, 8067, 8171, 8065, 3149, 3151, 3150, 578, 579, 558, 558, 556, 559, 1422, 1379, 1380, 1380, 1379, 1378, 1378, 1379, 1327, 1085, 1086, 1097, 609, 509, 512, 90, 4, 91, 90, 91, 96, 8968, 8921, 8947, 1147, 1149, 1104, 1330, 1382, 1334, 1149, 1219, 1148, 639, 640, 676, 676, 640, 679, 9035, 8984, 5725, 5714, 8478, 5715, 5725, 9165, 9036, 9036, 9165, 9164, 6121, 6120, 6122, 6360, 6359, 8264, 8284, 8282, 8279, 7388, 7389, 7391, 5772, 5773, 5728, 6122, 6120, 6125, 1309, 1243, 8635, 8635, 6741, 6746, 8635, 1243, 6741, 6746, 6739, 6747, 6746, 6741, 6739, 4380, 4381, 4382, 7391, 7389, 7395, 7395, 7389, 7399, 6747, 6739, 6744, 4542, 4939, 4541, 4939, 4936, 4541, 4541, 4936, 4544, 4543, 4544, 4938, 8171, 8172, 8065, 8066, 8065, 4381, 7299, 69, 68, 1869, 1881, 1880, 1880, 2985, 2986, 559, 614, 615, 1320, 1382, 1330, 679, 704, 676, 6119, 6114, 6120, 8284, 8286, 8282, 7387, 7389, 7388, 676, 704, 774, 6120, 6114, 6125, 1243, 7976, 6741, 6741, 7976, 6742, 7976, 6743, 6742, 6742, 6743, 6740, 6359, 4937, 4936, 8282, 8286, 8172, 5813, 5814, 5773, 8183, 6381, 6371, 6740, 6743, 4939, 4936, 4937, 4544, 4937, 4938, 4544, 8172, 8173, 8065, 7389, 8760, 7399, 7389, 8761, 8760, 7399, 8760, 8759, 36, 34, 37, 556, 557, 559, 557, 614, 559, 8939, 8938, 8937, 1084, 1086, 1085, 1327, 1323, 1328, 8937, 8932, 8923, 610, 509, 609, 8905, 8984, 8970, 1148, 1219, 1220, 8477, 5725, 8984, 1220, 1238, 1243, 8476, 5827, 5715, 5725, 5830, 9165, 6118, 6104, 6114, 6368, 6363, 6361, 7387, 7390, 7389, 5715, 5827, 5813, 6114, 6113, 8183, 6363, 6381, 6364, 7976, 7975, 6743, 6743, 329, 457, 6743, 7975, 329, 7389, 7390, 8763, 7389, 8763, 8761, 5814, 5815, 5773, 8183, 6135, 6381, 8183, 6113, 6135, 8065, 8064, 4381, 4381, 8064, 4422, 2661, 2660, 2653, 1950, 2924, 2929, 1185, 1087, 1084, 1084, 1087, 1086, 1327, 1379, 1326, 1334, 1383, 1341, 8476, 8473, 5827, 9165, 9166, 9164, 1238, 1258, 1243, 7387, 7392, 7390, 7393, 7390, 7392, 9164, 5296, 5261, 6114, 6104, 6113, 1243, 1258, 7976, 8286, 8174, 8173, 8765, 8763, 7390, 6113, 6112, 6135, 6381, 6135, 6364, 8173, 8174, 8065, 8174, 8086, 8065, 8065, 8086, 8064, 8763, 8762, 8761, 8761, 8762, 8760, 1806, 1808, 1868, 1246, 1195, 1194, 89, 3, 4, 1086, 1146, 1097, 8968, 8923, 8921, 8947, 8921, 8905, 1382, 1321, 1334, 8477, 8928, 8475, 9166, 9167, 9164, 9166, 5819, 9167, 6103, 6105, 6104, 8290, 8292, 8291, 7393, 9377, 7390, 5827, 5828, 5814, 9164, 9167, 5296, 6104, 6105, 6112, 7390, 9377, 8765, 5814, 5816, 5815, 5814, 5828, 5816, 5816, 5817, 5815, 6135, 6384, 6364, 8765, 8764, 8763, 8763, 8764, 8762, 8064, 8063, 4422, 2930, 2925, 1246, 2925, 1247, 1246, 2696, 2697, 2704, 2704, 3153, 2743, 2924, 2925, 2929, 1246, 1247, 1195, 1334, 1321, 1383, 1220, 1237, 1238, 8928, 8474, 8475, 6103, 6106, 6105, 6106, 6107, 6105, 7393, 8574, 9377, 5827, 8473, 5828, 8473, 8474, 5828, 5817, 5822, 5819, 9167, 7769, 5296, 9167, 5819, 7769, 5819, 5822, 7769, 5822, 5826, 7769, 6105, 6116, 6135, 6105, 6107, 6116, 7976, 1258, 7975, 8291, 8200, 8086, 4398, 4399, 4400, 9377, 8766, 8765, 6135, 6385, 6384, 6135, 6116, 6385, 8200, 8195, 8086, 8086, 8062, 8064, 8086, 8195, 8062, 8765, 8766, 8764, 8764, 8768, 8762, 8064, 8062, 8063, 2697, 2725, 2704, 2704, 2725, 3153, 1880, 1881, 2985, 1326, 1323, 1327, 1328, 1323, 1320, 1219, 1218, 1220, 8984, 8905, 8928, 1220, 1218, 1237, 1383, 1485, 1499, 8928, 9039, 8474, 1237, 1282, 1238, 1485, 1479, 1499, 6365, 6366, 6367, 1238, 1282, 1258, 4394, 4424, 4426, 1499, 1479, 1534, 3028, 3029, 3031, 8474, 5829, 5828, 8474, 9039, 5829, 7769, 5295, 5296, 7975, 328, 329, 8293, 8277, 8195, 4424, 4427, 8602, 4424, 4425, 4427, 8574, 8602, 9377, 9377, 8602, 8766, 4427, 8766, 8602, 5828, 5829, 5816, 5829, 5818, 5816, 5816, 5818, 5817, 5818, 5821, 5817, 5817, 5821, 5822, 5821, 5737, 5822, 5822, 5737, 5826, 5737, 5741, 5826, 5826, 5305, 5295, 5826, 5741, 5305, 4399, 4428, 4400, 4428, 4425, 4400, 8766, 8767, 8764, 8764, 8767, 8768, 5741, 5309, 5305, 8063, 8062, 4428, 686, 581, 579, 579, 556, 558, 1098, 1143, 1147, 512, 514, 513, 513, 514, 640, 8928, 8986, 9039, 6108, 6109, 6107, 6367, 6366, 6372, 7507, 7509, 7506, 7506, 7509, 1319, 8574, 8601, 8602, 8574, 8572, 8601, 4426, 8601, 8572, 9039, 8986, 5829, 6107, 6109, 6116, 1282, 8013, 1258, 1282, 1319, 8013, 1258, 8013, 7974, 1258, 7974, 7975, 5821, 5736, 5737, 5736, 5734, 5737, 6116, 6132, 6385, 8195, 8277, 8197, 4425, 8060, 4427, 4427, 8767, 8766, 5737, 5734, 5741, 5741, 5734, 5309, 2688, 2698, 2699, 68, 34, 36, 68, 69, 34, 1539, 1571, 1950, 2699, 2698, 2696, 579, 580, 556, 8905, 8906, 8928, 96, 128, 130, 8928, 8906, 8986, 1237, 1283, 1282, 130, 128, 3041, 6110, 6111, 6109, 6111, 6115, 6109, 6387, 6388, 7507, 6372, 6382, 6387, 6382, 6388, 6387, 4426, 8297, 8294, 8297, 8295, 8294, 1479, 1532, 1534, 1534, 1532, 3028, 704, 775, 774, 6109, 6115, 6132, 6366, 6382, 6372, 6382, 6385, 8180, 7507, 6388, 7509, 7509, 8155, 1319, 1319, 8155, 8013, 8155, 8191, 8013, 7974, 328, 7975, 8278, 8296, 8197, 774, 775, 6193, 5818, 5823, 5821, 5821, 5739, 5736, 5821, 5823, 5739, 5736, 5730, 5734, 5736, 5739, 5730, 8197, 8198, 8062, 8197, 8296, 8198, 8062, 8198, 8061, 4427, 8060, 8767, 8060, 8769, 8767, 5734, 5735, 5309, 8062, 8060, 4428, 8062, 8061, 8060, 2652, 2659, 2684, 2688, 2691, 2698, 1194, 1195, 1185, 1185, 1195, 1087, 37, 35, 88, 613, 615, 614, 615, 610, 609, 1146, 1143, 1098, 1320, 1321, 1382, 1218, 1260, 1237, 8906, 8979, 8986, 1237, 1260, 1283, 8297, 6863, 8295, 6863, 6831, 8295, 6115, 6133, 6132, 6382, 8180, 6388, 6388, 8156, 7509, 6388, 8180, 8156, 7509, 8156, 8155, 8156, 8182, 8155, 8155, 8182, 8191, 8013, 8159, 7974, 8191, 8192, 8159, 8295, 6831, 8198, 6831, 6832, 8198, 6132, 8180, 6385, 6132, 6133, 8180, 8198, 6832, 8061, 8060, 8059, 8769, 5730, 5731, 5734, 5734, 5731, 5735, 5735, 5311, 5309, 581, 580, 579, 2696, 2698, 2697, 1321, 1459, 1383, 3970, 6117, 6115, 3970, 3969, 6117, 7993, 7973, 7974, 7993, 8049, 7973, 8986, 8979, 5829, 6115, 6117, 6133, 7974, 7973, 328, 5823, 5740, 5739, 5739, 5740, 5730, 5740, 5732, 5730, 8180, 4671, 8156, 8156, 8181, 8182, 8182, 8181, 8185, 8182, 8190, 8191, 8182, 8185, 8190, 8191, 8190, 8192, 6832, 8058, 8061, 5730, 5732, 5731, 8061, 8058, 8060, 8060, 8058, 8059, 1868, 1870, 1869, 1869, 1871, 1881, 8938, 8932, 8937, 3, 5, 4, 1147, 1143, 1149, 512, 509, 510, 512, 510, 514, 1260, 1284, 1283, 3969, 6871, 6117, 3969, 3967, 6871, 6863, 6833, 6831, 6863, 6862, 6833, 1532, 3030, 3028, 3028, 3030, 3029, 8979, 4354, 5829, 6117, 6871, 6133, 6871, 6874, 6133, 4671, 4668, 8181, 4668, 7826, 8181, 7826, 8186, 8181, 8049, 8048, 7973, 6831, 6833, 6832, 6833, 6834, 6832, 5829, 5824, 5818, 5829, 4354, 5824, 5818, 5824, 5823, 5823, 5824, 5740, 6133, 6874, 8180, 6874, 4671, 8180, 8181, 8186, 8185, 8186, 8187, 8185, 8185, 8188, 8190, 8185, 8187, 8188, 8190, 8188, 8192, 6832, 6834, 8058, 6834, 8055, 8058, 8058, 8055, 8054, 8054, 8053, 8059, 5732, 5733, 5731, 5731, 5733, 5735, 1808, 1870, 1868, 3150, 1474, 1473, 34, 35, 37, 1422, 1420, 1379, 8905, 8907, 8906, 91, 92, 96, 8907, 8908, 8906, 3967, 6870, 6871, 3967, 3965, 6870, 6862, 6835, 6833, 4814, 4812, 4813, 6871, 6870, 6874, 6873, 6874, 6870, 4671, 4667, 4668, 4667, 3980, 4668, 7826, 3976, 8186, 8186, 3976, 8193, 3976, 7854, 8193, 8193, 8189, 8187, 8193, 7854, 8189, 8048, 7995, 7973, 6833, 6835, 6834, 4354, 5825, 5824, 5824, 5738, 5740, 5740, 5738, 5732, 5738, 5733, 5732, 6874, 4669, 4671, 8187, 8189, 8188, 8055, 6096, 8054, 6096, 7687, 8054, 8054, 8052, 8053, 8054, 7687, 8052, 8053, 8052, 8051, 5733, 5312, 5735, 5735, 5312, 5311, 1881, 2981, 2985, 2985, 2981, 2984, 557, 555, 614, 1379, 1325, 1326, 88, 35, 3, 3, 35, 5, 8906, 8908, 8979, 8908, 8996, 8979, 1260, 1285, 1284, 3965, 6869, 6870, 3965, 3963, 6869, 3978, 1285, 7854, 6862, 6861, 6835, 6860, 6835, 6861, 8203, 7685, 7686, 8979, 8996, 4354, 6870, 6869, 6873, 6872, 6873, 6869, 7854, 1285, 8164, 1285, 1279, 8164, 8164, 1279, 7995, 7995, 1279, 7973, 7973, 331, 328, 6835, 6841, 6834, 6838, 6841, 6835, 5824, 5825, 5738, 5825, 5399, 5738, 5738, 5399, 5733, 6873, 6876, 6874, 6874, 6876, 4669, 6876, 4666, 4669, 6834, 6841, 8055, 6841, 6096, 8055, 8052, 7687, 8051, 5399, 5323, 5733, 5733, 5323, 5312, 1870, 1871, 1869, 1247, 1197, 1195, 556, 555, 557, 556, 580, 555, 1086, 1139, 1146, 8921, 8909, 8905, 1149, 1218, 1219, 8905, 8909, 8907, 1218, 1259, 1260, 1383, 1459, 1485, 1260, 1259, 1285, 6860, 6837, 6835, 6860, 6839, 6837, 4811, 4794, 4810, 3029, 3032, 3031, 3031, 3032, 3039, 5289, 5314, 5374, 1279, 7972, 7973, 7973, 7972, 331, 6835, 6837, 6838, 6839, 6836, 6837, 6836, 6838, 6837, 7686, 7685, 7683, 7683, 7688, 7687, 5825, 5372, 5399, 5372, 5313, 5399, 6872, 6876, 6873, 6838, 8056, 6841, 6841, 8056, 6096, 8056, 6089, 6096, 6096, 6089, 6075, 7687, 7688, 8051, 1881, 1871, 2981, 1950, 1965, 2924, 2924, 2926, 2925, 2984, 2980, 8943, 8939, 8943, 8938, 1323, 1322, 1320, 1320, 1322, 1321, 8907, 5951, 8908, 1218, 1229, 1259, 96, 92, 128, 8908, 5948, 8996, 8908, 5951, 5948, 8996, 5948, 4346, 4352, 4346, 5948, 3963, 6864, 6869, 3963, 3962, 6864, 1285, 1259, 1279, 8996, 4346, 4354, 6869, 6864, 6872, 6864, 6876, 6872, 6865, 6876, 6864, 4354, 4355, 5825, 5825, 4355, 5372, 6836, 8056, 6838, 7688, 8011, 8051, 2684, 2683, 2652, 2925, 2926, 1247, 1473, 1474, 1419, 615, 611, 610, 8922, 8921, 8923, 3962, 6866, 6864, 6860, 6859, 6839, 6858, 6839, 6859, 7682, 7684, 7683, 4355, 5370, 5371, 5371, 5370, 5314, 5370, 5373, 5314, 5314, 5373, 5374, 6864, 6866, 6865, 6867, 6865, 6866, 6839, 6840, 6836, 6842, 6840, 6839, 7683, 7684, 7688, 7684, 7689, 7688, 7688, 7689, 8011, 6865, 6875, 6876, 6876, 6875, 4666, 6875, 4663, 4666, 6836, 6840, 8056, 8056, 6079, 6089, 2725, 3154, 3153, 3151, 3152, 3150, 3150, 3152, 1474, 1965, 2927, 2924, 2924, 2927, 2926, 2982, 2980, 2984, 614, 555, 613, 4, 6, 91, 6, 92, 91, 5951, 5947, 5948, 5951, 5950, 5947, 5944, 4345, 4352, 3962, 3957, 6866, 6858, 6843, 6839, 3032, 3040, 3039, 4352, 4345, 4346, 4346, 4321, 4354, 4355, 5368, 5370, 1279, 7955, 7972, 7972, 450, 331, 6839, 6843, 6842, 6844, 6842, 6843, 4354, 4321, 4355, 6867, 6875, 6865, 6842, 8057, 6840, 6840, 8057, 8056, 8057, 6079, 8056, 8011, 4791, 4794, 8011, 8010, 4791, 1474, 1421, 1419, 1419, 1421, 1420, 8938, 8953, 8932, 1146, 1140, 1143, 1149, 1217, 1218, 8909, 8910, 8907, 640, 674, 679, 5950, 5949, 5947, 679, 674, 704, 5943, 4351, 5944, 4351, 4345, 5944, 5368, 5204, 5373, 6866, 3957, 6868, 3955, 6868, 3957, 1259, 1229, 1279, 6858, 6855, 6843, 7781, 7308, 7689, 4345, 4321, 4346, 5373, 5204, 5374, 6868, 6875, 6867, 6877, 6875, 6868, 1279, 1229, 7955, 5687, 6538, 6729, 5687, 6539, 6538, 6729, 6538, 5685, 6538, 6480, 5685, 7689, 7308, 8011, 7308, 7306, 8011, 8011, 7306, 8010, 6875, 4662, 4663, 6844, 8057, 6842, 8057, 8068, 6079, 8068, 6078, 6079, 2683, 2657, 2652, 2926, 1244, 1247, 1247, 1244, 1197, 1197, 1196, 1195, 1195, 1196, 1087, 1420, 1325, 1379, 1087, 1157, 1086, 1087, 1196, 1157, 1086, 1157, 1139, 1326, 1325, 1323, 1325, 1324, 1323, 1146, 1139, 1140, 1324, 1322, 1323, 8932, 8922, 8923, 1218, 1217, 1229, 8907, 8929, 5950, 1459, 1479, 1485, 3955, 6878, 6868, 3959, 6878, 3955, 5681, 5682, 5685, 6855, 6845, 6843, 6854, 6845, 6855, 7305, 7307, 7306, 4351, 4319, 4345, 4345, 4319, 4321, 4319, 4320, 4321, 6868, 6878, 6877, 6879, 6877, 6878, 7955, 7971, 7972, 7971, 5700, 7972, 7972, 5700, 450, 5700, 498, 450, 5687, 498, 5703, 5700, 5703, 498, 6843, 6845, 6844, 6845, 6846, 6844, 7306, 7307, 8010, 6877, 4662, 6875, 5700, 5701, 5703, 5687, 6536, 6539, 5687, 5703, 6536, 6539, 6536, 6538, 6536, 6483, 6538, 6538, 6483, 6480, 6844, 6846, 8057, 6846, 8068, 8057, 34, 69, 33, 34, 33, 35, 613, 611, 615, 5, 6, 4, 1149, 1143, 1145, 1145, 1217, 1149, 5943, 4347, 4351, 5368, 5203, 5204, 5681, 5683, 5682, 5683, 5684, 5682, 4351, 4347, 4319, 4320, 4318, 4333, 6878, 3959, 6879, 6880, 6879, 3959, 7971, 5699, 5700, 5699, 5701, 5700, 7307, 7328, 8010, 6879, 6883, 6877, 6877, 6883, 4662, 6883, 4660, 4662, 5703, 5702, 6536, 5702, 6537, 6536, 6536, 6537, 6483, 6483, 6482, 6480, 8068, 8069, 6078, 8069, 6067, 6078, 1571, 1951, 1950, 2698, 2700, 2697, 1950, 1951, 1965, 8943, 2980, 8938, 611, 511, 610, 8932, 8953, 8922, 1381, 1321, 1322, 8921, 8922, 8909, 8907, 8910, 8929, 8910, 8930, 8929, 1217, 1151, 1229, 640, 514, 674, 5945, 5942, 5946, 5943, 5942, 4347, 4367, 4347, 5942, 5369, 5375, 5368, 5368, 5375, 5203, 6881, 3960, 4699, 6881, 6880, 3960, 6854, 6847, 6845, 6854, 6856, 6847, 7327, 7329, 7328, 4347, 4315, 4319, 4347, 4316, 4315, 4319, 4315, 4318, 4315, 4317, 4318, 7971, 449, 5699, 7971, 7955, 449, 5699, 449, 497, 5684, 5689, 6537, 6845, 6847, 6846, 6847, 6848, 6846, 7328, 7329, 8009, 6880, 6883, 6879, 6883, 4659, 4660, 6537, 5689, 6482, 5689, 6481, 6482, 6846, 6848, 8068, 6848, 8069, 8068, 8069, 6080, 6067, 8010, 4788, 4791, 8010, 8009, 4788, 580, 554, 555, 1139, 1141, 1140, 1324, 1381, 1322, 1140, 1141, 1142, 5940, 5942, 5945, 5940, 5941, 5942, 8929, 8930, 5369, 8930, 5393, 5369, 5369, 5393, 5375, 6881, 6882, 6880, 1229, 1151, 1298, 6856, 6849, 6847, 4789, 4788, 4752, 3030, 3033, 3029, 3029, 3033, 3032, 4367, 4316, 4347, 4315, 4314, 4317, 6882, 6883, 6880, 6884, 6883, 6882, 1229, 1298, 7955, 6847, 6849, 6848, 7329, 7619, 8009, 6883, 4658, 4659, 2926, 2932, 1244, 1965, 1951, 2927, 555, 554, 527, 555, 527, 613, 35, 29, 5, 613, 527, 611, 8953, 8918, 8922, 610, 511, 509, 1140, 1142, 1143, 509, 511, 510, 6, 93, 92, 1321, 1381, 1387, 515, 514, 510, 1459, 1456, 1479, 5941, 4348, 4367, 5393, 5377, 5375, 6881, 4704, 6882, 6881, 4699, 4704, 4705, 6885, 4704, 6856, 6857, 6849, 6827, 6849, 6857, 7618, 7186, 7619, 704, 674, 775, 4367, 4348, 4316, 4348, 4305, 4316, 4348, 4304, 4305, 6885, 6886, 6884, 6887, 6886, 6885, 6849, 6850, 6848, 7619, 7184, 8009, 7619, 7186, 7184, 8009, 7184, 8008, 6884, 6886, 6883, 6886, 4697, 6883, 6883, 4697, 4658, 6848, 6850, 8069, 6850, 8070, 8069, 8069, 8070, 6080, 8070, 6081, 6080, 8009, 8008, 4788, 2927, 2928, 2926, 1421, 1416, 1420, 554, 580, 529, 2978, 8938, 2980, 1197, 1198, 1196, 527, 612, 611, 1157, 1141, 1139, 612, 511, 611, 8922, 8918, 8950, 6827, 6828, 6849, 6826, 6828, 6827, 1532, 1536, 3030, 3030, 1536, 3033, 3041, 3043, 3042, 3042, 3043, 1019, 6887, 6889, 6886, 6849, 6828, 6850, 6828, 6851, 6850, 4788, 4733, 4752, 4788, 8008, 4733, 775, 776, 6193, 6193, 776, 6192, 6886, 6889, 7330, 6886, 7330, 4697, 4697, 4655, 4658, 4655, 4657, 4658, 6851, 8070, 6850, 8070, 6090, 6081, 2691, 2700, 2698, 1571, 1558, 1951, 1871, 1873, 2981, 2981, 2976, 2980, 1474, 1433, 1421, 1433, 1416, 1421, 554, 529, 527, 1157, 1196, 1183, 1420, 1417, 1325, 1325, 1417, 1324, 1324, 1417, 1389, 8953, 8981, 8918, 8918, 8981, 8920, 8922, 8950, 8909, 1381, 1390, 1387, 1321, 1387, 1456, 1321, 1456, 1459, 514, 601, 674, 5940, 5954, 5939, 5939, 4356, 4348, 6829, 6828, 6826, 7183, 7185, 7184, 3032, 3038, 3040, 4348, 4356, 4304, 4313, 4332, 7510, 5377, 5376, 5375, 5375, 5376, 5203, 5376, 5310, 5203, 6887, 6888, 6889, 6890, 6889, 6888, 7955, 490, 449, 449, 490, 431, 7184, 7185, 8008, 6851, 6090, 8070, 7299, 7297, 69, 2691, 2690, 2700, 1870, 1872, 1871, 581, 582, 580, 2697, 2701, 2725, 2725, 2701, 3154, 1873, 2976, 2981, 511, 516, 510, 8909, 8911, 8910, 8930, 8971, 5393, 1479, 1457, 1532, 4360, 4356, 5939, 5393, 8971, 5377, 1536, 1533, 3033, 1533, 4271, 3033, 3033, 3038, 3032, 3033, 4271, 3038, 4356, 4301, 4304, 4303, 4302, 4332, 6890, 7331, 6889, 6891, 7331, 6890, 1298, 490, 7955, 6829, 6830, 6828, 6830, 6852, 6828, 7185, 7374, 8008, 4733, 8008, 4731, 1531, 4271, 1533, 4271, 4257, 3038, 4304, 4301, 4303, 6889, 7331, 7330, 6828, 6852, 6851, 6852, 8071, 6851, 6851, 8071, 6090, 8071, 6085, 6090, 7330, 4652, 4697, 1808, 1872, 1870, 581, 680, 582, 1871, 1872, 1873, 3155, 1433, 3152, 3152, 1433, 1474, 1951, 2931, 2927, 2927, 2931, 2928, 1244, 1198, 1197, 580, 582, 529, 1389, 1381, 1324, 92, 93, 94, 1217, 1150, 1151, 1456, 1457, 1479, 92, 94, 128, 5954, 5955, 5939, 8553, 8552, 7373, 1457, 1530, 1532, 6911, 4359, 4360, 6829, 8427, 6830, 8426, 6830, 8427, 1532, 1530, 1536, 1530, 1533, 1536, 4264, 4255, 4254, 4360, 4299, 4356, 4360, 4359, 4299, 4356, 4299, 4301, 4301, 4300, 4302, 4300, 4334, 4302, 5377, 5378, 5376, 8008, 4730, 4731, 4301, 4299, 4300, 6891, 7332, 7331, 7331, 7332, 7330, 1531, 8116, 4271, 4271, 8116, 8114, 4271, 8114, 4257, 8114, 4256, 4257, 7332, 4652, 7330, 2932, 1231, 1244, 2701, 3165, 3154, 1244, 1231, 1198, 3154, 3165, 3155, 1198, 1183, 1196, 529, 528, 527, 511, 518, 516, 1387, 1455, 1456, 515, 601, 514, 8910, 8971, 8930, 1457, 1528, 1530, 6912, 4359, 6911, 8425, 6853, 8426, 7373, 7372, 7374, 4728, 4730, 4729, 4252, 4253, 4258, 6892, 7312, 6891, 7311, 7312, 6892, 8426, 6853, 6830, 6830, 6853, 6852, 6853, 8072, 6852, 8073, 8072, 6853, 7374, 7372, 8008, 7372, 7371, 8008, 8008, 8007, 4730, 8008, 7371, 8007, 1530, 1528, 1531, 1528, 1529, 1531, 4299, 4298, 4300, 6891, 7312, 7332, 6852, 8072, 8071, 8072, 6087, 8071, 8071, 6087, 6085, 1531, 1529, 8116, 1529, 8117, 8116, 8116, 8115, 8114, 8116, 8117, 8115, 8115, 8113, 8114, 8114, 8113, 4256, 8113, 8112, 4256, 4256, 8112, 6503, 69, 70, 33, 2700, 2701, 2697, 2978, 8957, 8938, 8938, 8957, 8981, 8938, 8981, 8953, 1183, 1158, 1157, 527, 526, 612, 510, 516, 515, 8909, 8912, 8911, 8910, 5391, 8971, 5955, 5961, 6911, 8552, 8551, 7370, 1457, 1526, 1528, 4272, 8852, 4264, 4269, 4258, 4262, 6912, 6910, 6914, 8971, 5391, 5377, 8423, 6853, 8425, 7370, 7362, 7371, 1526, 1529, 1528, 6912, 4297, 4359, 6912, 6914, 4297, 4359, 4297, 4299, 4300, 4323, 4334, 7309, 7310, 7311, 7371, 7362, 8007, 4730, 8007, 4729, 4299, 4297, 4298, 7311, 7310, 7312, 7312, 7333, 7332, 8072, 6460, 6087, 1529, 6594, 8117, 8117, 6594, 8115, 6594, 8113, 8115, 7333, 4650, 7332, 7332, 4650, 4652, 7297, 70, 69, 1420, 1416, 1417, 527, 528, 526, 1389, 1390, 1381, 612, 518, 511, 1142, 1144, 1143, 1456, 1455, 1457, 8551, 7364, 7370, 4272, 8854, 8852, 4262, 8257, 4269, 6913, 6914, 6910, 7370, 7364, 7362, 5377, 5391, 5378, 8423, 8421, 6853, 8421, 8075, 6853, 8075, 8073, 6853, 7362, 7363, 8007, 8007, 4735, 4729, 6592, 6588, 6594, 7309, 5490, 7310, 7310, 7333, 7312, 8073, 6460, 8072, 6594, 6588, 8113, 6588, 6593, 8113, 1873, 2975, 2976, 1157, 1158, 1141, 1141, 1144, 1142, 1143, 1144, 1145, 1145, 1153, 1217, 5959, 6905, 5961, 8551, 8550, 7364, 4262, 4268, 8257, 4268, 6599, 8257, 6906, 6913, 6905, 1151, 1312, 1298, 8423, 8424, 8421, 4260, 4261, 4263, 674, 776, 775, 674, 664, 776, 6914, 6913, 4297, 4298, 4324, 4323, 4298, 4322, 4324, 7309, 7313, 5490, 5488, 5490, 7313, 7363, 8006, 8007, 8007, 8006, 4735, 6589, 6591, 6593, 4259, 6503, 4261, 6503, 6504, 4261, 4297, 4296, 4298, 5490, 7334, 7310, 4645, 4646, 4647, 8075, 8074, 8073, 8073, 8074, 6460, 8074, 6459, 6460, 6593, 6591, 8113, 8113, 6598, 8112, 8113, 6591, 6598, 8112, 6600, 6503, 8112, 6598, 6600, 7310, 7334, 7333, 7333, 7334, 4650, 7334, 4649, 4650, 1872, 1874, 1873, 1558, 1952, 1951, 3155, 3156, 1433, 33, 32, 35, 1416, 1418, 1417, 35, 32, 29, 8981, 8919, 8920, 518, 517, 516, 8918, 8915, 8950, 516, 517, 515, 8950, 8912, 8909, 8910, 8954, 5391, 601, 664, 674, 1457, 1458, 1526, 8424, 8422, 8421, 7364, 7365, 7363, 2910, 2911, 2912, 2912, 2919, 2920, 2912, 2911, 2919, 6599, 8233, 6597, 8233, 8199, 6597, 4263, 6504, 4266, 6906, 4357, 6913, 6913, 4357, 4297, 4357, 4295, 4297, 5488, 5487, 5490, 5485, 5487, 5488, 8421, 8422, 8075, 7363, 7365, 8006, 8006, 4737, 4735, 6597, 8199, 6600, 4261, 6504, 4263, 4297, 4295, 4296, 5490, 5487, 7334, 6503, 6600, 6504, 2931, 2937, 2928, 2978, 8956, 8957, 1391, 1392, 1390, 1158, 1159, 1141, 5, 7, 6, 6, 7, 8, 8920, 8917, 8918, 1141, 1159, 1144, 8917, 8915, 8918, 6, 8, 93, 8915, 8912, 8950, 1144, 1156, 1145, 1390, 1385, 1387, 1153, 1150, 1217, 1455, 1458, 1457, 8550, 8549, 7366, 8549, 7368, 7366, 1458, 1527, 1526, 6906, 6904, 4357, 6907, 4357, 6904, 8424, 8397, 8422, 7366, 7367, 7365, 7366, 7368, 7367, 1526, 1527, 2910, 8233, 8176, 8199, 4296, 4335, 4322, 4296, 4331, 4335, 8422, 8076, 8075, 8077, 8076, 8422, 7365, 7367, 8006, 7367, 8004, 8006, 8006, 8004, 4737, 8199, 8176, 8111, 8176, 8175, 8111, 5487, 5486, 7334, 8075, 8076, 8074, 8074, 6447, 6459, 5486, 4648, 7334, 7334, 4648, 4649, 1872, 1875, 1874, 2700, 2702, 2701, 2933, 2936, 2932, 2932, 2936, 1231, 2936, 1230, 1231, 1433, 3156, 1497, 1497, 1434, 1433, 2975, 2977, 2976, 1433, 1434, 1416, 8957, 8919, 8981, 1417, 1393, 1391, 1159, 1156, 1144, 1145, 1156, 1153, 515, 520, 601, 5959, 5957, 6904, 1150, 1152, 1151, 6908, 4358, 6907, 1151, 1152, 1312, 8397, 8396, 8422, 4738, 4739, 4740, 8256, 6893, 8175, 6907, 4358, 4357, 4357, 4358, 4295, 8422, 8396, 8077, 8106, 8077, 8396, 8004, 4739, 4737, 8175, 6893, 8111, 6893, 6894, 8111, 6504, 6505, 4266, 6504, 6506, 6505, 4295, 4294, 4296, 5491, 5483, 5485, 5485, 5486, 5487, 5483, 5484, 5485, 5484, 5486, 5485, 8077, 8074, 8076, 8111, 6506, 6504, 1808, 1875, 1872, 2690, 2702, 2700, 680, 583, 582, 1873, 1874, 2975, 1951, 2937, 2931, 1951, 1952, 2937, 2978, 2979, 8956, 1414, 1418, 1416, 1198, 1182, 1183, 1391, 1393, 1392, 1390, 1392, 1385, 1387, 1454, 1455, 1455, 1454, 1458, 4364, 4358, 6908, 8397, 8395, 8396, 7368, 7369, 7367, 6895, 6896, 6894, 5378, 5379, 5376, 5379, 5384, 5376, 5376, 5384, 5310, 5491, 5505, 5483, 1298, 7956, 490, 490, 7956, 482, 7367, 7369, 8004, 7369, 8003, 8004, 8004, 8001, 4739, 8004, 8003, 8001, 4739, 8001, 4740, 6894, 8110, 6506, 6894, 6896, 8110, 5481, 5484, 5483, 4641, 4642, 4643, 8106, 8078, 8077, 8077, 8078, 8074, 8078, 8079, 8074, 8074, 8079, 6447, 8079, 6446, 6447, 5484, 4695, 5486, 5486, 4695, 4648, 4695, 4640, 4648, 1198, 1199, 1182, 8911, 8949, 8910, 1387, 1388, 1454, 8949, 8954, 8910, 601, 602, 664, 8547, 8548, 8549, 6909, 4363, 4364, 8395, 8394, 8396, 2911, 2918, 2919, 2919, 2918, 2923, 4364, 4293, 4358, 4364, 4363, 4293, 4358, 4293, 4295, 4294, 4329, 4330, 5505, 5482, 5483, 8396, 8078, 8106, 8396, 8394, 8078, 8389, 8078, 8394, 7369, 8005, 8003, 6896, 8118, 8110, 6506, 6507, 6505, 6506, 8110, 6507, 8110, 8046, 6507, 4295, 4293, 4294, 5483, 5482, 5481, 5481, 4695, 5484, 2977, 2979, 2978, 582, 583, 529, 70, 31, 33, 529, 552, 528, 1183, 1215, 1158, 517, 520, 515, 601, 520, 602, 128, 3044, 3041, 6915, 4363, 6909, 8395, 6470, 8394, 8548, 8201, 8005, 8253, 7489, 8118, 3041, 3044, 3043, 5391, 5379, 5378, 8005, 8002, 8003, 8003, 8002, 8001, 8001, 4743, 4740, 8118, 7489, 8110, 7489, 7488, 8110, 8110, 7488, 8046, 6507, 8046, 6509, 5482, 5480, 5481, 8389, 8080, 8078, 8389, 8390, 8080, 8078, 8080, 8079, 8079, 6443, 6446, 1231, 1230, 1198, 1230, 1199, 1198, 33, 31, 32, 5, 29, 7, 1387, 1385, 1388, 93, 14, 94, 5963, 6916, 6909, 8547, 8544, 8201, 8544, 8047, 8201, 6917, 4362, 6915, 8201, 8047, 8002, 6915, 4362, 4363, 4363, 4362, 4293, 4294, 4306, 4329, 4306, 4336, 4329, 5482, 5506, 5480, 8389, 8391, 8390, 8392, 8390, 8391, 8002, 7895, 8001, 7488, 7486, 8046, 6509, 8044, 6511, 5480, 5479, 5481, 5481, 5479, 4695, 4695, 4638, 4640, 8080, 6439, 8079, 1418, 1393, 1417, 612, 526, 518, 1153, 1154, 1150, 1150, 1154, 1152, 6919, 4362, 6917, 8954, 5379, 5391, 7487, 7490, 7486, 5506, 5478, 5480, 5507, 5478, 5506, 8393, 8158, 8392, 8168, 8158, 8393, 8002, 8047, 7895, 8047, 8012, 7895, 8001, 4745, 4743, 8001, 7895, 4745, 7486, 7490, 8044, 4293, 4292, 4294, 5480, 5478, 5479, 5477, 5479, 5478, 8392, 8158, 8390, 8158, 8080, 8390, 8080, 8081, 6439, 8081, 6461, 6439, 7297, 7296, 70, 3156, 3157, 1497, 1159, 1160, 1156, 8, 14, 93, 1454, 1452, 1458, 6916, 6918, 6917, 8544, 8545, 8202, 8202, 7454, 8012, 6510, 6512, 6513, 6919, 4361, 4362, 4362, 4361, 4293, 4291, 4293, 4361, 5489, 5478, 5507, 1312, 7957, 1298, 1298, 7957, 7956, 8012, 7454, 7895, 7895, 7894, 4745, 7490, 7709, 8044, 8168, 8081, 8158, 8158, 8081, 8080, 8044, 8043, 6511, 5477, 7357, 5479, 5479, 7357, 4695, 7357, 4636, 4695, 4695, 4636, 4638, 2702, 2703, 2701, 583, 552, 529, 8919, 8917, 8920, 1158, 1215, 1159, 518, 519, 517, 1458, 1520, 1527, 6919, 6920, 4361, 6923, 4361, 6920, 1527, 1520, 2910, 7710, 7711, 7709, 664, 760, 776, 4292, 4326, 4306, 5489, 5476, 5478, 5475, 5476, 5489, 8387, 8087, 8168, 7454, 7452, 7895, 7895, 7452, 7894, 7894, 4747, 4745, 4291, 4292, 4293, 5478, 5476, 5477, 8168, 8087, 8081, 8043, 6512, 6511, 767, 584, 680, 680, 584, 583, 2977, 2983, 2979, 2703, 2721, 2701, 2701, 2721, 3165, 1952, 2938, 2937, 2979, 8959, 8956, 528, 552, 530, 528, 530, 526, 8957, 8956, 8919, 520, 603, 602, 602, 603, 664, 6918, 6921, 6920, 6921, 6922, 6920, 8545, 8546, 7453, 8546, 7425, 7453, 6922, 4366, 6923, 7453, 7425, 7452, 6923, 4291, 4361, 6923, 4366, 4291, 4292, 4327, 4326, 8388, 8087, 8387, 7452, 7451, 7894, 7894, 4750, 4747, 7709, 7711, 8043, 7711, 8194, 8043, 6512, 6514, 6513, 4291, 4289, 4292, 5476, 5474, 5477, 5475, 5474, 5476, 8043, 8042, 6512, 5477, 5474, 7357, 7357, 4631, 4636, 8081, 8082, 6461, 1808, 1792, 1875, 2936, 2939, 1230, 3165, 3158, 3155, 1182, 1184, 1183, 1183, 1162, 1215, 1183, 1184, 1162, 8546, 7424, 7425, 1458, 1452, 1520, 4365, 4366, 6922, 7425, 7428, 7451, 7711, 7455, 8194, 6514, 6516, 6515, 3044, 3049, 3043, 4366, 4290, 4291, 4327, 4328, 4326, 5475, 5504, 5468, 5467, 5468, 5504, 8388, 8386, 8088, 7460, 8088, 8386, 8194, 7455, 8043, 7455, 7456, 8043, 8043, 7456, 8042, 4290, 4289, 4291, 5475, 5468, 5474, 8388, 8088, 8087, 8088, 8082, 8087, 8087, 8082, 8081, 6461, 6444, 6441, 7296, 71, 70, 2983, 2993, 2979, 2979, 2993, 8959, 2939, 1262, 1230, 2721, 3166, 3165, 3157, 1496, 1497, 1497, 1496, 1434, 70, 71, 31, 3165, 3166, 3158, 1215, 1163, 1159, 8919, 8916, 8917, 1388, 1386, 1454, 8911, 8924, 8949, 1454, 1386, 1452, 8949, 8926, 8954, 94, 95, 128, 6924, 4353, 4365, 2911, 2915, 2918, 2918, 2915, 2923, 7457, 7458, 7456, 4365, 4290, 4366, 4365, 4353, 4290, 5467, 5466, 5468, 5465, 5466, 5467, 7428, 7450, 7451, 7451, 7893, 7894, 7451, 7450, 7893, 7894, 4751, 4750, 7894, 7893, 4751, 7456, 7458, 8042, 5466, 5473, 5468, 5468, 5473, 5474, 7460, 7461, 8088, 8088, 7461, 8082, 8082, 6453, 6444, 8042, 6516, 6512, 8042, 8041, 6516, 5474, 5473, 7357, 5473, 4651, 7357, 7357, 4651, 4631, 1418, 1397, 1393, 530, 525, 526, 526, 525, 518, 8916, 8915, 8917, 518, 522, 519, 517, 519, 520, 8915, 8914, 8912, 6921, 6925, 6924, 7424, 7421, 7422, 6475, 4353, 6924, 5379, 5380, 5384, 5380, 5383, 5384, 7422, 7420, 7450, 7459, 7461, 7460, 7462, 7461, 7459, 7450, 7420, 7893, 7458, 8157, 8042, 8042, 8157, 8041, 4290, 4288, 4289, 5465, 5464, 5466, 5465, 5462, 5464, 5466, 5464, 5473, 7461, 8089, 8082, 8089, 6453, 8082, 5464, 4651, 5473, 583, 584, 552, 1952, 1953, 2938, 7, 10, 8, 525, 522, 518, 1385, 1392, 1394, 1156, 1155, 1153, 1385, 1386, 1388, 14, 95, 94, 95, 129, 128, 7426, 7423, 7421, 128, 129, 3044, 6474, 4349, 6475, 1520, 2905, 2910, 2910, 2905, 2911, 8236, 8160, 8157, 8236, 8234, 8160, 6475, 4349, 4353, 4349, 4288, 4353, 4353, 4288, 4290, 5465, 5508, 5462, 5461, 5462, 5508, 7420, 7883, 7893, 7893, 4755, 4751, 8157, 8160, 8041, 5462, 5463, 5464, 7462, 8090, 7461, 7462, 8177, 8090, 7461, 8090, 8089, 8089, 6456, 6454, 5463, 4624, 5464, 5464, 4624, 4651, 8089, 8090, 6456, 2690, 2689, 2702, 2939, 2942, 1262, 1230, 1200, 1199, 1434, 1414, 1416, 31, 30, 32, 32, 30, 29, 7, 9, 10, 8916, 8914, 8915, 1384, 1386, 1385, 1153, 1155, 1154, 604, 603, 520, 6925, 6926, 6474, 7426, 7427, 7423, 6476, 4349, 6474, 7423, 7427, 7883, 8234, 8161, 8160, 8234, 8235, 8161, 4288, 4280, 4287, 4280, 4286, 4287, 5461, 5459, 5462, 5460, 5459, 5461, 7462, 8398, 8177, 8399, 8094, 8398, 8094, 8177, 8398, 8160, 8040, 8041, 8160, 8161, 8040, 776, 6191, 6192, 5462, 5459, 5463, 8041, 8040, 6516, 8040, 6519, 6516, 5463, 4696, 4624, 4696, 4598, 4624, 1953, 2940, 2938, 530, 532, 531, 530, 531, 525, 8911, 8913, 8924, 6927, 4350, 6476, 8954, 5388, 5379, 5379, 5388, 5380, 7427, 7882, 7883, 2905, 2906, 2911, 2911, 2906, 2915, 2915, 2922, 2923, 6476, 4350, 4349, 4350, 4280, 4349, 4349, 4280, 4288, 4350, 4279, 4280, 4280, 4285, 4286, 4160, 4157, 6768, 7883, 7892, 7893, 7883, 7882, 7892, 7893, 7892, 4755, 5460, 5457, 5459, 5459, 4696, 5463, 8094, 8090, 8177, 8090, 6458, 6456, 1559, 1563, 1558, 1874, 1876, 2975, 1876, 2992, 2975, 552, 551, 530, 8956, 8955, 8919, 1394, 1384, 1385, 8, 12, 14, 8914, 8913, 8912, 8912, 8913, 8911, 1386, 1448, 1452, 603, 665, 664, 7429, 7430, 7427, 7430, 7431, 7427, 7427, 7431, 7882, 8237, 8238, 8161, 8238, 8162, 8161, 4280, 4278, 4285, 5460, 5510, 5457, 5456, 5457, 5510, 4160, 4156, 4157, 8399, 8091, 8094, 8399, 8400, 8091, 8178, 8091, 8400, 8161, 8039, 8040, 8161, 8162, 8039, 4279, 4278, 4280, 5457, 5458, 5459, 8094, 8091, 8090, 8091, 6458, 8090, 8091, 8092, 6458, 8040, 8039, 6519, 5459, 5458, 4696, 4696, 4586, 4598, 1875, 1876, 1874, 1558, 1563, 1952, 1952, 1563, 1953, 2939, 2941, 2942, 3158, 1496, 3157, 29, 9, 7, 1162, 1163, 1215, 6926, 6928, 6927, 6927, 6686, 4350, 5384, 5383, 5279, 7431, 7881, 7882, 3049, 1030, 3043, 4350, 6686, 4279, 6686, 4277, 4279, 4278, 4309, 4285, 4278, 4308, 4309, 5456, 5455, 5457, 5454, 5455, 5456, 4156, 4155, 4157, 8401, 8093, 8178, 7768, 8093, 8401, 7882, 7881, 7892, 7892, 4757, 4755, 8162, 8163, 8039, 5457, 5455, 5458, 8178, 8093, 8091, 8093, 8092, 8091, 6519, 6525, 6520, 6519, 8039, 6525, 2993, 2999, 8959, 519, 521, 520, 6928, 6929, 6927, 7430, 7432, 7431, 7432, 7433, 7431, 6927, 6929, 6686, 6929, 6687, 6686, 7431, 7433, 7881, 8239, 7780, 8163, 5453, 5452, 5454, 4155, 4158, 4157, 8163, 7780, 8039, 4277, 4278, 4279, 5454, 5452, 5455, 5452, 5471, 5455, 5455, 5471, 5458, 5452, 5472, 5471, 4157, 4158, 8129, 4157, 8129, 6768, 7768, 8092, 8093, 7768, 7767, 8092, 8092, 7601, 6462, 7601, 6464, 6462, 8039, 8038, 6525, 5458, 5471, 4696, 5471, 4585, 4696, 1199, 1200, 1182, 8959, 8958, 8956, 8956, 8958, 8955, 1418, 1414, 1397, 8919, 8955, 8916, 525, 531, 522, 522, 523, 519, 519, 523, 521, 1160, 1170, 1156, 520, 521, 604, 8949, 8924, 8926, 7432, 7434, 7433, 1452, 1453, 1520, 8954, 8926, 5388, 7433, 7880, 7881, 6530, 6524, 6528, 4278, 4307, 4308, 7768, 7766, 7767, 7765, 7767, 7766, 7892, 4760, 4757, 7892, 7881, 4760, 7780, 7779, 8039, 8039, 7779, 8038, 5453, 5449, 5452, 5449, 5451, 5452, 5451, 5472, 5452, 8129, 6767, 6768, 7767, 8119, 8092, 8092, 8119, 7601, 5472, 4627, 5471, 5471, 4627, 4585, 767, 751, 584, 2689, 2706, 2702, 2702, 2706, 2703, 3158, 1495, 1496, 3158, 3159, 1495, 1496, 1495, 1434, 3166, 3159, 3158, 584, 585, 552, 530, 551, 532, 531, 524, 522, 1170, 1155, 1156, 1154, 1172, 1152, 603, 608, 665, 6928, 6954, 6945, 7434, 7435, 7433, 6929, 6685, 6687, 6929, 6930, 6685, 7433, 7435, 7880, 7778, 6491, 7779, 6528, 6524, 6526, 6687, 6685, 6686, 6685, 4273, 6686, 5453, 5512, 5449, 5448, 5449, 5512, 5448, 5450, 5449, 7771, 7772, 7765, 7881, 7880, 4760, 7779, 6491, 8038, 6686, 4273, 4277, 4273, 4274, 4277, 4277, 4274, 4278, 5450, 5451, 5449, 7765, 7772, 7767, 7772, 7775, 7767, 7775, 8119, 7767, 8119, 7605, 7603, 5451, 4627, 5472, 1876, 2994, 2992, 1392, 1395, 1394, 522, 524, 523, 8, 13, 12, 1155, 1172, 1154, 7434, 7436, 7435, 6685, 6931, 6684, 4156, 4152, 4155, 7435, 7879, 7880, 6684, 4273, 6685, 7770, 7772, 7771, 7770, 7773, 7772, 7880, 7879, 4760, 6491, 6490, 8038, 6524, 6525, 6526, 776, 760, 6191, 7775, 8120, 8119, 8119, 8120, 7605, 1563, 1954, 1953, 2703, 2706, 2707, 2993, 2995, 2999, 2703, 2707, 2721, 1876, 1893, 2994, 1953, 1954, 2940, 1414, 1396, 1397, 532, 533, 531, 1393, 1397, 1392, 6932, 6931, 6944, 7436, 7437, 7435, 6683, 6684, 6931, 5383, 5148, 5279, 7435, 7437, 7879, 6491, 6489, 6490, 6529, 6527, 6531, 5448, 5511, 5450, 5492, 5450, 5511, 7774, 7773, 7770, 4760, 7879, 4781, 7879, 7898, 4781, 7898, 4764, 4781, 6490, 6489, 6487, 6525, 6527, 6526, 5450, 5469, 5451, 7773, 8120, 7772, 7772, 8120, 7775, 7604, 7606, 7605, 8038, 6487, 6525, 5451, 5469, 4627, 5469, 4592, 4627, 2940, 2943, 2941, 2941, 2943, 2942, 552, 550, 551, 1414, 1415, 1396, 1397, 1398, 1392, 1392, 1398, 1395, 1394, 1395, 1384, 10, 13, 8, 7436, 7438, 7437, 7437, 7878, 7879, 6488, 6484, 6487, 6484, 6485, 6487, 6683, 4273, 6684, 5492, 5470, 5450, 5493, 5470, 5492, 7879, 7878, 7898, 4273, 4275, 4274, 5450, 5470, 5469, 4158, 8128, 8129, 7774, 7776, 7773, 7773, 7776, 8120, 7776, 8121, 8120, 8120, 8121, 7604, 8121, 7607, 7604, 6487, 8037, 6525, 8037, 6527, 6525, 5469, 4593, 4592, 7296, 7294, 71, 751, 585, 584, 2942, 1261, 1262, 552, 553, 550, 8958, 8972, 8955, 1159, 1161, 1160, 8914, 8985, 8913, 604, 605, 603, 6943, 6933, 6947, 7438, 7439, 7437, 6683, 6933, 6675, 6934, 6675, 6933, 5380, 5381, 5383, 7437, 7439, 7878, 6683, 6675, 4273, 6675, 4276, 4273, 7774, 7777, 7776, 7361, 7776, 7777, 7898, 4767, 4764, 4276, 4275, 4273, 5493, 5494, 5470, 5470, 4694, 5469, 5494, 5495, 5470, 5495, 4694, 5470, 4694, 4593, 5469, 2689, 2687, 2706, 2943, 2944, 2942, 2942, 2944, 1261, 2721, 2707, 3166, 1495, 1435, 1434, 1954, 2943, 2940, 1434, 1435, 1414, 1162, 1164, 1163, 533, 524, 531, 1384, 1408, 1386, 1448, 1449, 1453, 1448, 1408, 1449, 7438, 7440, 7439, 5383, 5381, 5148, 4152, 4153, 4155, 7439, 7865, 7878, 6486, 7166, 6485, 7166, 7172, 6485, 4275, 4281, 4325, 5493, 5509, 5494, 5500, 5494, 5509, 4155, 4153, 4158, 4153, 4159, 4158, 7878, 7865, 7898, 6485, 7172, 8037, 4276, 4281, 4275, 4158, 8127, 8128, 4158, 4159, 8127, 7361, 8122, 7776, 7776, 8122, 8121, 8122, 7616, 8121, 8121, 7616, 7607, 7616, 7609, 7607, 6527, 8037, 6533, 4694, 4596, 4593, 2670, 2675, 2682, 3159, 1505, 1495, 1414, 1435, 1415, 9, 11, 10, 1159, 1163, 1161, 1161, 1168, 1160, 1386, 1408, 1448, 7440, 7441, 7439, 6934, 6674, 6675, 6934, 6935, 6674, 6936, 6674, 6935, 4152, 4154, 4153, 7439, 7441, 7865, 1520, 2907, 2905, 2905, 2907, 2906, 6675, 6674, 4276, 5500, 5496, 5494, 5499, 5496, 5500, 6794, 7360, 7361, 6793, 7360, 6794, 4276, 4282, 4281, 5494, 5496, 5495, 7361, 7360, 8122, 7360, 8123, 8122, 8122, 8123, 7616, 1261, 1200, 1262, 1495, 1505, 1435, 1396, 1398, 1397, 1160, 1168, 1170, 1384, 1395, 1408, 6948, 6946, 6935, 7440, 7442, 7441, 1453, 1449, 1520, 665, 662, 664, 6936, 6937, 6673, 7441, 7864, 7865, 7165, 7164, 7172, 664, 662, 760, 6936, 6673, 6674, 6673, 4282, 6674, 6674, 4282, 4276, 7957, 455, 7956, 7956, 455, 482, 6775, 8125, 6793, 6766, 8126, 6775, 8126, 8125, 6775, 7865, 7897, 7898, 7865, 7864, 7897, 7898, 7897, 4767, 7172, 7164, 8036, 5496, 5497, 5495, 4159, 8126, 8127, 6793, 8125, 7360, 7360, 7617, 8123, 8123, 7617, 7616, 5495, 5497, 4694, 5497, 4623, 4694, 585, 553, 552, 1182, 1181, 1184, 1184, 1181, 1162, 29, 30, 28, 29, 28, 9, 1396, 1403, 1398, 11, 13, 10, 8916, 8931, 8914, 1395, 1398, 1404, 8914, 8931, 8985, 523, 538, 521, 603, 605, 608, 1173, 1216, 1152, 7442, 7443, 7441, 6677, 6673, 6937, 1152, 1216, 1312, 7441, 7443, 7864, 2907, 2908, 2906, 2906, 2908, 2915, 4282, 4284, 4283, 4284, 4312, 4283, 5499, 5498, 5496, 7897, 4770, 4767, 7164, 7173, 8036, 5496, 5498, 5497, 5502, 5501, 5498, 5501, 5497, 5498, 8126, 8124, 8125, 8126, 4159, 8124, 8125, 8124, 7360, 8124, 7617, 7360, 8037, 8036, 6533, 6533, 8036, 7762, 5497, 7355, 4623, 7355, 4602, 4623, 1893, 2996, 2994, 3166, 3161, 3159, 1415, 1447, 1396, 28, 11, 9, 8972, 8936, 8955, 521, 605, 604, 12, 15, 14, 14, 15, 95, 1172, 1173, 1152, 6411, 6414, 6937, 7442, 7444, 7443, 6677, 6938, 6672, 4154, 4161, 4153, 7443, 7863, 7864, 6677, 6672, 6673, 6672, 4284, 6673, 6673, 4284, 4282, 4284, 4337, 4312, 1312, 7958, 7957, 7957, 7958, 455, 4153, 4161, 4159, 4161, 4162, 4159, 4164, 4162, 4161, 7864, 7863, 7897, 4159, 4162, 8130, 4159, 8130, 8124, 5501, 7355, 5497, 7355, 4622, 4602, 1200, 1180, 1182, 8959, 8960, 8958, 1182, 1180, 1181, 1396, 1447, 1403, 8955, 8936, 8916, 1398, 1403, 1404, 8936, 8931, 8916, 524, 536, 523, 1404, 1406, 1395, 1170, 1171, 1155, 8985, 8925, 8913, 8913, 8925, 8924, 8924, 8925, 8926, 8926, 8925, 8927, 608, 606, 665, 8926, 8927, 5388, 7444, 7445, 7443, 4806, 4771, 4784, 6676, 6672, 6938, 4154, 4163, 4161, 4154, 4167, 4163, 7443, 7445, 7863, 7159, 7158, 7173, 4284, 4338, 4337, 4338, 4339, 4337, 5502, 5513, 5503, 5514, 5503, 5513, 7897, 4772, 4770, 7173, 7158, 7174, 5502, 5503, 5501, 5503, 7354, 5501, 4164, 8131, 4162, 4162, 8131, 8130, 8130, 6354, 6338, 6354, 6336, 6338, 8036, 8035, 7762, 5501, 7354, 7355, 7354, 4622, 7355, 751, 586, 585, 1875, 1877, 1876, 1875, 1809, 1877, 1876, 1877, 1893, 2943, 2945, 2944, 2707, 3162, 3166, 3166, 3162, 3161, 551, 548, 532, 532, 549, 533, 533, 534, 524, 1395, 1406, 1408, 538, 540, 521, 1155, 1171, 1172, 6414, 6939, 6938, 7444, 7446, 7445, 6676, 6940, 6671, 5388, 5382, 5380, 5380, 5382, 5381, 7445, 7862, 7863, 7156, 7163, 7174, 662, 663, 760, 6676, 6671, 6672, 6671, 4338, 6672, 6672, 4338, 4284, 4338, 4340, 4339, 5514, 5515, 5503, 5516, 5515, 5514, 4163, 4165, 4164, 7863, 7862, 7897, 7174, 7163, 8035, 7760, 7762, 7754, 760, 663, 6191, 5503, 5515, 7354, 4164, 4165, 8131, 8131, 6354, 8130, 7354, 4621, 4622, 1792, 1809, 1875, 71, 72, 31, 2945, 2946, 2944, 2944, 2946, 1261, 3159, 3160, 1505, 8958, 8961, 8972, 532, 548, 549, 533, 549, 535, 1403, 1405, 1404, 533, 535, 534, 8931, 8934, 8985, 1404, 1400, 1406, 536, 538, 523, 8985, 8934, 8925, 95, 15, 129, 8927, 5387, 5388, 7446, 7447, 7445, 129, 3050, 3044, 6941, 6671, 6940, 5388, 5387, 5382, 1216, 1311, 1312, 7445, 7447, 7862, 3044, 3050, 3049, 4338, 4341, 4340, 4341, 4342, 4340, 1312, 1311, 7958, 4163, 4166, 4165, 4170, 4165, 4166, 7897, 7899, 4772, 7897, 7862, 7899, 4772, 7899, 4774, 7163, 8045, 8035, 5516, 5517, 5515, 5517, 7353, 5515, 5515, 7353, 7354, 4621, 4606, 4603, 4606, 4605, 4603, 8131, 6334, 6354, 6354, 6334, 6336, 6334, 6335, 6336, 8035, 8034, 7762, 7354, 7353, 4621, 7353, 4620, 4621, 7294, 72, 71, 2682, 2666, 2670, 2682, 2681, 2666, 2687, 2685, 2706, 2995, 2997, 2999, 2999, 2997, 8959, 1505, 1436, 1435, 553, 587, 550, 8960, 8961, 8958, 550, 548, 551, 1181, 1164, 1162, 524, 534, 536, 1168, 1171, 1170, 6939, 3537, 6940, 3538, 6942, 3537, 7446, 7448, 7447, 6941, 6942, 6669, 6670, 6669, 6942, 7447, 7860, 7862, 7162, 7161, 8045, 6941, 6669, 6671, 6669, 4341, 6671, 6671, 4341, 4338, 6669, 6668, 4341, 5516, 5518, 5517, 5519, 5517, 5518, 4170, 4171, 6315, 7862, 7860, 7899, 8045, 7161, 7150, 8045, 8033, 8035, 8045, 7150, 8033, 5517, 7352, 7353, 4170, 8133, 4165, 4170, 6315, 8133, 4165, 8133, 8131, 8133, 8132, 8131, 8131, 8132, 6334, 8132, 6331, 6334, 8035, 8033, 8034, 7352, 4620, 7353, 2685, 2708, 2706, 2706, 2708, 2707, 1954, 2945, 2943, 8972, 9020, 8936, 8936, 8945, 8931, 8931, 8945, 8934, 1406, 1407, 1408, 15, 137, 129, 7448, 7449, 7447, 4807, 4708, 4706, 1449, 1511, 1520, 1449, 1450, 1511, 129, 137, 3050, 7447, 7449, 7860, 1520, 1511, 2907, 7149, 6759, 7150, 6670, 6667, 6669, 6667, 6668, 6669, 4341, 4343, 4342, 4343, 4344, 4342, 5519, 5520, 5517, 5521, 5520, 5519, 7899, 4775, 4774, 7150, 6759, 8033, 6668, 4343, 4341, 5517, 5520, 7352, 8133, 8134, 8132, 7352, 7351, 4620, 7351, 4609, 4620, 8132, 8134, 6329, 1564, 1566, 1563, 1563, 1566, 1954, 2997, 8960, 8959, 585, 586, 553, 1435, 1436, 1415, 31, 72, 30, 9020, 8945, 8936, 1163, 1169, 1161, 1161, 1169, 1168, 8925, 8934, 8933, 12, 16, 15, 1172, 1171, 1173, 3538, 3536, 3539, 8415, 8414, 7449, 6670, 6903, 6667, 6666, 6667, 6903, 5382, 5385, 5381, 5381, 5128, 5148, 5381, 5385, 5128, 7449, 7859, 7860, 4174, 6315, 4171, 7860, 7859, 7899, 6668, 6392, 4343, 5521, 7351, 5520, 5521, 7350, 7351, 5520, 7351, 7352, 6315, 8134, 8133, 1893, 1892, 2996, 1954, 1955, 2945, 30, 72, 28, 550, 587, 548, 1405, 1400, 1404, 13, 16, 12, 8414, 7858, 7449, 665, 606, 662, 6666, 6665, 6664, 7449, 7858, 7859, 2908, 2916, 2915, 2915, 2916, 2922, 6758, 6752, 6756, 6666, 6664, 6667, 6667, 6664, 6668, 6392, 6395, 4343, 5521, 8346, 7350, 8355, 7350, 8346, 7899, 4776, 4775, 6668, 6664, 6392, 7350, 7349, 7351, 4174, 8134, 6315, 8134, 6353, 6329, 6756, 6757, 8033, 8033, 8032, 8034, 8033, 6757, 8032, 7349, 4613, 7351, 7351, 4613, 4609, 1566, 1955, 1954, 2997, 2998, 8960, 1200, 1201, 1180, 1447, 1399, 1403, 8972, 8961, 9020, 521, 541, 605, 1171, 1175, 1173, 6408, 7359, 6407, 8414, 8413, 7858, 7168, 7748, 7169, 7858, 7856, 7859, 6665, 6662, 6664, 8355, 7347, 7350, 7348, 7347, 8355, 4174, 4176, 6897, 5761, 6897, 4176, 7859, 7856, 7899, 7899, 7856, 4776, 6752, 6753, 6756, 6756, 6753, 6757, 663, 320, 6191, 7350, 7347, 7349, 4174, 6897, 8134, 6897, 6353, 8134, 6897, 6356, 6353, 6353, 6327, 6329, 6327, 6328, 6329, 751, 752, 586, 1877, 1892, 1893, 2945, 2947, 2946, 2708, 2709, 2707, 2707, 2709, 3162, 1169, 1166, 1168, 1168, 1174, 1171, 521, 540, 541, 6408, 6412, 7359, 8413, 7855, 7858, 7169, 7043, 7168, 6665, 7359, 6662, 6663, 6662, 7359, 7858, 7855, 7856, 6752, 6754, 6753, 6662, 6661, 6664, 6753, 6755, 6757, 6753, 6754, 6755, 6664, 6661, 6392, 7348, 7336, 7347, 7336, 7346, 7347, 7347, 7346, 7349, 7336, 7345, 7346, 5761, 5759, 6897, 6897, 5759, 6356, 7349, 7346, 4613, 7346, 4614, 4613, 1415, 1413, 1447, 8961, 8962, 9020, 1403, 1399, 1405, 1168, 1166, 1174, 605, 606, 608, 605, 541, 606, 8413, 8412, 7855, 4711, 4712, 4713, 7855, 7857, 7856, 7043, 7044, 6755, 6663, 6660, 6662, 6662, 6660, 6661, 6661, 6396, 6391, 6396, 6394, 6391, 7348, 8341, 7336, 7335, 7336, 8341, 1311, 7951, 7958, 7958, 7951, 455, 7951, 7954, 455, 455, 7954, 438, 5760, 5759, 5761, 7856, 7857, 4776, 4776, 7901, 4777, 4777, 7901, 4778, 7335, 7337, 7336, 7337, 7345, 7336, 6757, 8031, 8032, 8032, 8031, 8030, 7345, 4614, 7346, 7294, 7293, 72, 1164, 1169, 1163, 536, 534, 537, 1174, 1175, 1171, 8925, 8933, 8927, 6413, 7358, 6405, 8412, 7861, 7855, 6663, 7358, 6660, 6659, 6660, 7358, 7855, 7861, 7857, 5760, 5758, 5759, 5742, 5745, 5758, 5745, 5759, 5758, 4776, 7857, 7901, 7044, 8167, 6755, 6755, 8167, 8031, 6660, 6657, 6661, 6657, 6396, 6661, 7335, 7338, 7337, 7340, 7339, 7338, 7339, 7337, 7338, 5759, 6355, 6356, 7337, 7356, 7345, 7345, 7356, 4614, 7356, 4618, 4614, 6356, 6355, 6340, 2946, 1306, 1261, 586, 587, 553, 587, 547, 548, 548, 547, 549, 549, 543, 535, 1407, 1446, 1408, 1449, 1446, 1450, 8927, 5396, 5387, 1173, 1214, 1216, 8412, 8411, 7861, 7039, 7755, 7045, 5387, 5386, 5382, 5382, 5386, 5385, 7861, 7866, 7857, 7042, 7041, 8167, 6659, 6657, 6660, 6659, 6658, 6657, 7342, 7341, 7340, 7342, 7343, 7341, 7857, 7866, 7901, 8167, 7041, 8031, 7041, 7047, 8031, 6657, 6561, 6396, 7340, 7341, 7339, 5745, 6357, 5759, 5759, 6357, 6355, 6355, 6323, 6325, 7339, 7356, 7337, 2947, 1306, 2946, 1306, 1249, 1261, 3160, 1503, 1505, 1505, 1503, 1436, 1892, 3000, 2996, 2996, 3000, 2998, 8960, 8962, 8961, 1413, 1399, 1447, 1405, 1399, 1400, 8945, 8951, 8934, 11, 16, 13, 537, 538, 536, 1446, 1451, 1450, 8411, 7867, 7861, 7045, 7036, 7039, 7861, 7867, 7866, 7038, 7037, 7047, 3049, 1043, 1030, 6658, 6655, 6657, 3950, 7343, 7342, 5742, 5743, 5745, 5742, 5744, 5743, 5747, 5746, 5744, 5746, 5743, 5744, 7901, 4779, 4778, 7047, 7037, 8031, 7343, 5886, 7344, 7343, 7344, 7341, 7341, 7344, 7339, 7344, 7356, 7339, 5745, 5743, 6357, 6357, 6341, 6355, 8031, 8029, 8030, 8030, 8029, 7756, 7356, 4672, 4618, 752, 699, 586, 1955, 2947, 2945, 1181, 1179, 1164, 1164, 1179, 1178, 1164, 1178, 1169, 28, 18, 11, 11, 18, 17, 11, 17, 16, 541, 607, 606, 8927, 8933, 5396, 606, 607, 662, 8411, 8410, 7867, 6658, 6735, 6655, 6656, 6655, 6735, 7867, 7868, 7866, 6655, 6579, 6657, 6579, 6561, 6657, 7866, 7896, 7901, 7866, 7868, 7896, 7901, 7896, 4779, 7037, 8029, 8031, 3950, 5885, 7343, 3950, 3945, 5885, 7343, 5885, 5886, 7344, 4672, 7356, 7344, 4691, 4672, 5746, 5750, 5743, 5743, 5750, 6357, 8029, 8028, 7756, 6357, 5750, 6341, 1436, 1412, 1415, 1415, 1412, 1413, 538, 539, 540, 1408, 1446, 1449, 6557, 6415, 6410, 8410, 7869, 7867, 5386, 5389, 5385, 7867, 7869, 7868, 1511, 2909, 2907, 2907, 2909, 2908, 7035, 7046, 8029, 7758, 7741, 7740, 6656, 6653, 6655, 6655, 6653, 6579, 6579, 6558, 6561, 6558, 6409, 6561, 3950, 3949, 3945, 3944, 3945, 3949, 7954, 7951, 7953, 7954, 7953, 438, 5747, 5748, 5746, 5747, 5749, 5748, 7896, 4780, 4779, 8029, 7046, 8028, 3945, 5883, 5885, 4691, 5880, 4670, 4691, 4670, 4619, 4670, 4626, 4619, 5746, 5748, 5750, 6341, 6342, 6322, 8028, 8025, 7756, 5883, 5884, 5885, 5885, 5884, 5886, 5750, 6345, 6341, 752, 757, 699, 72, 73, 25, 3162, 1503, 3160, 1503, 1437, 1436, 586, 588, 587, 1201, 1202, 1180, 1436, 1437, 1412, 8960, 8963, 8962, 1180, 1179, 1181, 72, 25, 28, 549, 545, 543, 535, 543, 534, 1406, 1400, 1407, 1175, 1214, 1173, 6585, 6733, 6557, 8410, 8409, 7869, 4718, 4720, 4719, 6733, 6653, 6656, 6654, 6653, 6733, 5389, 5127, 5385, 5385, 5127, 5128, 7869, 7870, 7868, 7032, 7031, 7046, 7031, 7017, 7046, 3049, 3050, 1043, 6653, 6578, 6579, 3944, 3941, 3945, 3944, 3943, 3941, 3940, 3941, 3943, 5753, 5748, 5749, 7868, 7870, 7896, 7046, 7017, 8028, 7741, 7739, 7740, 7741, 8025, 7739, 3945, 3941, 5883, 5748, 5751, 5750, 5750, 5751, 6345, 7293, 73, 72, 2998, 3001, 8960, 1306, 2947, 2948, 1892, 1891, 3000, 1202, 1179, 1180, 28, 25, 18, 547, 545, 549, 1399, 1401, 1400, 534, 543, 537, 607, 663, 662, 1214, 1226, 1216, 8409, 7871, 7869, 1450, 1451, 1511, 6654, 6732, 6651, 6650, 6651, 6732, 1216, 1226, 1311, 7869, 7871, 7870, 7016, 7018, 7017, 6654, 6651, 6653, 6651, 6578, 6653, 6651, 6577, 6578, 6578, 6559, 6558, 6559, 6556, 6558, 3940, 3923, 3922, 3921, 3922, 3923, 4780, 7896, 4718, 3940, 3922, 3941, 3922, 5875, 3941, 3941, 5875, 5878, 5875, 5877, 5878, 5878, 5877, 5879, 5877, 4677, 5879, 5878, 4675, 5880, 5878, 5879, 4675, 5879, 4677, 4675, 5880, 4675, 4670, 4675, 4674, 4670, 5753, 5752, 5748, 5748, 5752, 5751, 6345, 6344, 6342, 2685, 2710, 2708, 699, 687, 586, 1877, 1891, 1892, 1566, 1956, 1955, 2708, 2710, 2709, 586, 687, 588, 3001, 3024, 8960, 1955, 1956, 2947, 546, 545, 547, 1178, 1165, 1169, 9020, 8952, 8945, 1169, 1165, 1166, 1174, 1166, 1175, 1446, 1461, 1451, 5396, 5394, 5386, 8409, 8408, 7871, 7871, 7872, 7870, 7737, 7735, 7736, 6650, 6577, 6651, 3918, 3919, 3921, 3918, 3920, 3919, 5753, 5756, 5754, 7870, 7872, 7896, 7896, 4723, 4718, 7018, 7048, 7017, 7017, 7048, 8025, 3921, 3919, 3922, 3919, 5872, 3922, 3922, 5872, 5875, 5872, 5874, 5875, 5875, 5876, 5877, 5875, 5874, 5876, 5753, 5754, 5752, 6345, 6346, 6344, 7293, 7292, 73, 1566, 1568, 1958, 2665, 2667, 2666, 1958, 1957, 1566, 1809, 1810, 1877, 73, 74, 25, 3024, 8963, 8960, 587, 546, 547, 1165, 1167, 1166, 6584, 6583, 6731, 5394, 5390, 5386, 5386, 5390, 5389, 8408, 7873, 7871, 6650, 6730, 6649, 6652, 6649, 6730, 7871, 7873, 7872, 2916, 2921, 2922, 7020, 7023, 7048, 7023, 7025, 7048, 7736, 7735, 7734, 6650, 6649, 6577, 7953, 437, 438, 5756, 5757, 5754, 7896, 7872, 4724, 7896, 4724, 4723, 6577, 6570, 6559, 3920, 3926, 3919, 3920, 3925, 3926, 3919, 3926, 5872, 3926, 5871, 5872, 5872, 5873, 5874, 5872, 5871, 5873, 5874, 5873, 5876, 5876, 5881, 5877, 5873, 5881, 5876, 5754, 5755, 5752, 7048, 8024, 8025, 8025, 7745, 7739, 8025, 8024, 7745, 5877, 5881, 4677, 5881, 4678, 4677, 5752, 5755, 5751, 757, 714, 699, 1877, 1890, 1891, 1877, 1810, 1890, 1566, 1957, 1956, 1891, 3002, 3001, 1891, 1890, 3002, 3001, 3002, 3024, 2947, 2950, 2948, 2948, 1249, 1306, 2709, 2711, 3162, 2711, 3163, 3162, 537, 543, 539, 8945, 8952, 8951, 537, 539, 538, 1400, 1402, 1407, 16, 23, 15, 5389, 5390, 5127, 8408, 8407, 7873, 8407, 7875, 7873, 137, 148, 3050, 6652, 6648, 6649, 6647, 6648, 6652, 5127, 5124, 5128, 7873, 7874, 7872, 7873, 7875, 7874, 4722, 4724, 4725, 2909, 2913, 2908, 2908, 2913, 2916, 7022, 7026, 7025, 6649, 6648, 6570, 6649, 6570, 6577, 6648, 6572, 6570, 6559, 6568, 6560, 6559, 6569, 6568, 3918, 3924, 3920, 3918, 3942, 3924, 3936, 3924, 3942, 8325, 5882, 5873, 8325, 8324, 5882, 8323, 5882, 8324, 8323, 5870, 5882, 7951, 7952, 7953, 5757, 4150, 5754, 4141, 4150, 5757, 7872, 7874, 4724, 7735, 7731, 7734, 3920, 3924, 3925, 3926, 5870, 5871, 5873, 5882, 5881, 5754, 4150, 5755, 4151, 5755, 4150, 5755, 6351, 5751, 1074, 953, 981, 2685, 2680, 2710, 699, 714, 687, 2710, 2711, 2709, 1503, 1504, 1437, 1213, 1214, 1175, 15, 116, 137, 6734, 6580, 6586, 8407, 8406, 7875, 1226, 1296, 1311, 7875, 7876, 7874, 1511, 2914, 2909, 2909, 2914, 2913, 2913, 2917, 2916, 2916, 2917, 2921, 7733, 7731, 7732, 6647, 6572, 6648, 6570, 6571, 6569, 6571, 6581, 6569, 3936, 3928, 3924, 1311, 1296, 7951, 4141, 4140, 4150, 7874, 7876, 4724, 7025, 7026, 8024, 7026, 8196, 8024, 3928, 3927, 3924, 3924, 3927, 3925, 3928, 3929, 3927, 3926, 5869, 5870, 3926, 5867, 5869, 5870, 4682, 5882, 5870, 5869, 4682, 5882, 4682, 5881, 4150, 4140, 4151, 4140, 4136, 4151, 6347, 6348, 6346, 3925, 3927, 5867, 5881, 4682, 4678, 4151, 4136, 5755, 7292, 153, 73, 1568, 1578, 1958, 953, 940, 981, 2948, 2950, 2949, 2948, 2949, 1249, 1202, 1178, 1179, 8964, 8952, 9020, 1402, 1409, 1407, 1166, 1213, 1175, 8933, 8983, 5396, 116, 148, 137, 6586, 6587, 6734, 5394, 5395, 5390, 8406, 7877, 7875, 1451, 1490, 1511, 1451, 1477, 1490, 7030, 7732, 7742, 148, 1042, 1043, 6647, 6690, 6646, 6688, 6646, 6690, 6688, 6645, 6646, 7875, 7877, 7876, 1511, 1490, 2914, 7028, 6797, 8196, 7732, 7731, 7730, 6647, 6646, 6572, 6646, 6573, 6572, 6573, 6571, 6572, 3936, 3930, 3928, 3936, 3947, 3930, 3932, 3930, 3947, 3932, 3931, 3930, 4141, 4138, 4140, 8196, 6798, 8024, 8196, 6797, 6798, 663, 287, 320, 3928, 3930, 3929, 3931, 3929, 3930, 3927, 5866, 5867, 3927, 5865, 5866, 5867, 4685, 5869, 5867, 5866, 4685, 5869, 4685, 4682, 4685, 4683, 4682, 6347, 6350, 6348, 8024, 7728, 7745, 7745, 7728, 7729, 4110, 4107, 4108, 4107, 4109, 4108, 7723, 290, 306, 4107, 4111, 4109, 2740, 3842, 3838, 736, 7725, 745, 745, 7724, 7723, 745, 7725, 7724, 7723, 7724, 290, 2740, 2680, 3842, 3842, 2680, 2679, 3842, 3840, 3838, 3842, 2679, 3840, 736, 2858, 7725, 304, 7724, 2858, 7725, 2858, 7724, 153, 76, 73, 2679, 2625, 3840, 73, 76, 74, 2680, 2712, 2710, 714, 736, 715, 2710, 2712, 2711, 714, 715, 687, 1810, 1894, 1890, 588, 589, 587, 8962, 8964, 9020, 18, 19, 17, 8951, 8935, 8934, 8934, 8935, 8933, 1176, 1213, 1166, 1407, 1409, 1446, 5396, 8983, 5394, 8983, 5392, 5394, 1461, 1477, 1451, 5394, 5392, 5395, 607, 685, 663, 8405, 7885, 7877, 7742, 6801, 7030, 7742, 7730, 7743, 148, 169, 1042, 5395, 5392, 5390, 5392, 5123, 5390, 5390, 5123, 5127, 5127, 5123, 5124, 7877, 7884, 7876, 7877, 7885, 7884, 6799, 6800, 6798, 7730, 7729, 7726, 685, 6190, 663, 6645, 6574, 6646, 6646, 6574, 6573, 6573, 6567, 6571, 6573, 6563, 6567, 3932, 3933, 3931, 3932, 3934, 3933, 7952, 7969, 7953, 7953, 7969, 437, 6786, 6553, 4148, 7876, 7900, 4724, 7876, 7884, 7900, 4724, 7900, 4727, 6798, 6811, 8024, 663, 6190, 287, 3933, 3935, 3931, 5866, 4690, 4685, 4136, 4139, 4146, 8024, 6811, 7728, 3931, 5863, 3929, 3931, 3935, 5863, 3929, 5863, 5868, 4136, 6708, 5755, 4136, 4146, 6708, 5755, 6708, 6351, 6708, 3714, 6351, 3833, 1930, 3803, 4124, 4110, 4122, 4124, 4122, 4108, 4108, 4114, 4125, 4116, 4117, 5704, 3879, 3881, 3887, 3887, 3881, 3886, 1930, 3800, 3803, 1930, 1928, 3800, 3803, 3800, 3802, 3802, 3800, 3797, 3802, 3797, 3804, 3804, 3797, 3805, 4110, 4123, 4107, 4108, 4113, 4114, 4117, 4116, 4115, 4114, 4115, 4116, 4114, 4113, 4115, 3884, 3846, 3879, 3879, 3880, 3881, 3879, 3846, 3880, 3881, 3880, 3886, 1928, 3801, 3800, 1928, 1929, 3801, 3801, 3799, 3800, 3800, 3799, 3797, 3797, 3799, 3798, 3797, 3798, 3805, 3798, 3806, 3805, 3805, 3807, 3810, 3805, 3806, 3807, 4107, 4123, 4112, 4107, 4112, 4111, 4123, 1754, 4112, 4113, 452, 484, 4113, 484, 4115, 484, 4119, 4115, 4117, 4115, 4118, 4115, 4119, 4118, 3847, 3841, 3845, 3847, 3839, 3841, 3841, 3844, 3845, 3845, 3844, 3846, 3844, 3848, 3846, 3846, 3848, 3882, 3846, 3882, 3880, 3880, 3885, 3886, 745, 743, 736, 743, 738, 736, 1929, 1816, 3801, 1816, 1815, 3801, 3806, 3808, 3807, 3808, 3809, 3807, 1740, 1739, 1741, 1741, 1659, 1754, 1741, 1739, 1659, 1754, 1765, 4112, 1754, 1659, 1765, 4111, 4112, 1765, 4111, 1765, 1733, 4119, 4120, 4118, 4120, 4121, 4118, 2740, 2738, 2680, 2738, 2735, 2680, 3839, 2695, 3841, 2695, 2694, 3841, 3841, 3843, 3844, 3841, 2694, 3843, 3844, 3843, 3848, 3882, 3883, 3880, 3883, 3885, 3880, 1791, 1894, 1810, 1791, 1816, 1894, 3808, 3811, 3809, 1578, 1740, 1958, 2694, 2626, 3843, 738, 737, 736, 2680, 2735, 2712, 736, 737, 715, 1894, 1895, 1890, 1890, 3003, 3002, 1890, 1895, 3003, 3002, 3015, 3024, 3002, 3003, 3015, 687, 589, 588, 1412, 1411, 1413, 1413, 1411, 1399, 1399, 1411, 1401, 543, 544, 539, 1400, 1401, 1402, 539, 599, 540, 540, 599, 541, 1214, 1213, 1226, 116, 125, 148, 4457, 4451, 8581, 8581, 4451, 8584, 8584, 1490, 8587, 8584, 4451, 1490, 8587, 1490, 1477, 148, 125, 169, 125, 150, 169, 169, 6534, 1042, 6688, 6643, 6645, 6688, 6689, 6643, 6644, 6643, 6689, 1226, 1242, 1296, 7884, 7885, 7886, 4451, 4455, 4454, 4451, 4454, 4450, 4451, 4450, 1490, 1490, 4450, 2914, 4450, 4452, 2914, 2914, 4452, 2913, 2917, 4456, 2921, 7726, 7728, 7727, 685, 770, 6190, 150, 6534, 169, 150, 6535, 6534, 6645, 6643, 6574, 6643, 6575, 6574, 6574, 6562, 6563, 6562, 6564, 6563, 3939, 3937, 3934, 3948, 3946, 3939, 3946, 3937, 3939, 3713, 3711, 3705, 7884, 7886, 7900, 4727, 7900, 4455, 4450, 4454, 4452, 4452, 4453, 2913, 2913, 4453, 2917, 2917, 4453, 4456, 6798, 6800, 6811, 7729, 7728, 7726, 6575, 6562, 6574, 3951, 3938, 3946, 3951, 3952, 3938, 3946, 3938, 3937, 3934, 3937, 3933, 3937, 3938, 3933, 3938, 3935, 3933, 5863, 5864, 5865, 5863, 5859, 5864, 5865, 5864, 5866, 5866, 5864, 4690, 5859, 4690, 5864, 3711, 3704, 3705, 3711, 3712, 3704, 3704, 3706, 3705, 3705, 3706, 3707, 3707, 3706, 3709, 3706, 3710, 3709, 6811, 6812, 7728, 6708, 3712, 3714, 3706, 3704, 3708, 3708, 3710, 3706, 4124, 5324, 4110, 3887, 4961, 3879, 3887, 3744, 4961, 1930, 1926, 1928, 1930, 1927, 1926, 4110, 4235, 4123, 4110, 5324, 4235, 3884, 4449, 3846, 3884, 4961, 4449, 1928, 1923, 1929, 1928, 1926, 1923, 4123, 1751, 1754, 4123, 4235, 1751, 2740, 4130, 2738, 4130, 2739, 2738, 743, 744, 738, 1929, 1923, 1816, 1923, 1894, 1816, 3801, 1815, 3799, 1815, 3812, 3799, 3812, 1815, 1807, 3799, 1817, 3798, 3799, 3812, 1817, 3812, 1807, 1817, 3798, 1817, 3814, 1817, 5283, 3814, 3798, 3813, 3806, 3798, 3814, 3813, 3806, 3813, 3808, 484, 4221, 4119, 484, 483, 4221, 4119, 4221, 4120, 2738, 2736, 2735, 2738, 2739, 2736, 3848, 7377, 3882, 3848, 7376, 7377, 3882, 7377, 3883, 7377, 3743, 3883, 738, 727, 737, 738, 744, 727, 5447, 744, 317, 5447, 317, 318, 1960, 1958, 1740, 4120, 6554, 4121, 8886, 8898, 3843, 3883, 3743, 7378, 3883, 7378, 3885, 7378, 3748, 3885, 727, 712, 737, 2735, 2736, 2712, 737, 712, 715, 1958, 1960, 1957, 715, 712, 687, 1894, 1896, 1895, 1960, 1961, 1957, 2711, 2712, 2726, 1895, 3016, 3003, 1957, 1961, 2950, 2950, 2956, 2949, 74, 27, 25, 2711, 2726, 3163, 1202, 1201, 1203, 3024, 3015, 8963, 1202, 1203, 1177, 587, 589, 546, 1202, 1177, 1178, 546, 590, 545, 25, 20, 18, 18, 20, 19, 8952, 8935, 8951, 544, 599, 539, 19, 23, 17, 1167, 1176, 1166, 17, 23, 16, 541, 683, 607, 15, 86, 116, 1213, 1225, 1226, 1461, 1462, 1477, 607, 683, 685, 86, 125, 116, 8403, 7887, 7885, 6801, 6803, 6802, 6803, 6804, 6802, 7743, 6186, 7744, 125, 140, 150, 1058, 1057, 1056, 6644, 6691, 6639, 6636, 6639, 6691, 5392, 5398, 5397, 5398, 8771, 5397, 5392, 5397, 5123, 5397, 5125, 5123, 5397, 8771, 5125, 8771, 8772, 5125, 5125, 8772, 8329, 5123, 5125, 5124, 5125, 5126, 5124, 7885, 7887, 7886, 6802, 6807, 6811, 6186, 6185, 6183, 6185, 6184, 6183, 6183, 6181, 6180, 6183, 6184, 6181, 6180, 6181, 770, 6190, 6182, 287, 770, 6182, 6190, 770, 6181, 6182, 6644, 6639, 6643, 6639, 6575, 6643, 5398, 3951, 8771, 5398, 9041, 3951, 3951, 3948, 8771, 8771, 3948, 8772, 7951, 7950, 7952, 7952, 7950, 7969, 6553, 4144, 4148, 4144, 4137, 4148, 6787, 3709, 5425, 7900, 7903, 4455, 4455, 7903, 4454, 6807, 6812, 6811, 7728, 6185, 7727, 7728, 8018, 6185, 6184, 6188, 6181, 6181, 6188, 6187, 6181, 6187, 6182, 6182, 289, 287, 6182, 6189, 289, 6182, 6187, 6189, 6535, 8108, 6534, 8108, 1057, 6534, 3952, 9041, 3954, 4139, 4142, 4146, 4454, 8153, 4452, 4452, 8153, 4453, 4453, 8153, 8154, 6812, 8021, 7728, 8021, 8018, 7728, 3952, 3954, 3953, 3954, 5861, 3953, 5861, 5855, 3953, 3952, 3953, 3938, 3953, 5855, 3938, 5855, 5856, 3938, 3938, 5856, 3935, 3935, 5856, 5863, 5856, 5859, 5863, 5859, 4687, 4690, 4146, 4142, 6708, 6708, 6707, 3712, 6708, 4142, 6707, 3712, 6707, 3704, 3744, 3738, 4961, 1927, 1925, 1926, 5324, 4233, 4235, 4223, 4224, 4219, 4223, 4227, 4224, 4961, 3745, 4449, 3745, 3735, 4449, 1926, 1925, 1923, 1925, 1924, 1923, 4235, 4233, 4234, 4234, 4233, 1753, 4233, 4232, 1753, 1753, 4232, 4230, 4219, 4225, 4221, 4219, 4224, 4225, 4128, 4135, 4127, 1923, 1902, 1894, 1923, 1924, 1902, 3814, 5307, 3813, 5307, 5938, 3813, 3813, 5938, 5937, 4221, 4225, 8266, 4225, 4228, 8266, 7376, 3740, 7377, 3740, 3739, 7377, 7377, 3739, 3743, 3813, 5937, 3808, 1740, 1743, 1960, 2731, 4132, 7239, 3743, 3742, 7378, 7378, 3742, 3748, 727, 726, 712, 1902, 1898, 1894, 3808, 5937, 3811, 2736, 2731, 2712, 1896, 3017, 3016, 3016, 3017, 3003, 1961, 2956, 2950, 2956, 1317, 2949, 2949, 1317, 1249, 1504, 1438, 1437, 2726, 3164, 3163, 1437, 1438, 1412, 26, 20, 25, 1178, 1177, 1165, 590, 542, 545, 1411, 1410, 1401, 545, 542, 543, 542, 544, 543, 544, 594, 599, 599, 600, 541, 23, 86, 15, 1446, 1445, 1461, 125, 123, 140, 5392, 9034, 5398, 8404, 7889, 7887, 6806, 6805, 6803, 7744, 8214, 8213, 685, 683, 770, 140, 123, 141, 6636, 6638, 6637, 6640, 6637, 6638, 5125, 4536, 5126, 7887, 7888, 7886, 7887, 7889, 7888, 6804, 6810, 6812, 6636, 6637, 6639, 6637, 6576, 6639, 6639, 6576, 6575, 6575, 5983, 5984, 5398, 9034, 9041, 9034, 9042, 9041, 7951, 1296, 7950, 4144, 4143, 4137, 7886, 7888, 7900, 7888, 7902, 7900, 7900, 7902, 7903, 7903, 7902, 7904, 7902, 7905, 7904, 7904, 7905, 7912, 7904, 7912, 7998, 7998, 7912, 7921, 7998, 7921, 7999, 6810, 6813, 6812, 6812, 6813, 8021, 6185, 8017, 6184, 6185, 8018, 8017, 6184, 8017, 6188, 6535, 8109, 8108, 8109, 8107, 8108, 8108, 8107, 1057, 9041, 9042, 3954, 6188, 8026, 6187, 6188, 8017, 8026, 6187, 8026, 6189, 8026, 8027, 6189, 5855, 5857, 5856, 5857, 5858, 5856, 5856, 5858, 5859, 5858, 5860, 5859, 5859, 5860, 4687, 4142, 4149, 6707, 4149, 6696, 6707, 6707, 6698, 3704, 6707, 6696, 6698, 5861, 5857, 5855, 3704, 6701, 3708, 3704, 6698, 6701, 3708, 6701, 6699, 6699, 5427, 3708, 3708, 5427, 3710, 3835, 3836, 6431, 1743, 1746, 1960, 726, 723, 712, 2731, 2727, 2712, 1898, 1897, 1894, 76, 75, 74, 1894, 1897, 1896, 2712, 2727, 2726, 2727, 2728, 2726, 74, 75, 27, 1896, 1897, 3017, 1897, 1899, 3017, 3017, 3018, 3003, 3003, 3018, 3015, 2956, 2960, 1317, 3163, 3164, 1504, 1438, 1439, 1412, 1401, 1410, 1402, 1167, 1207, 1176, 1176, 1208, 1213, 8935, 8983, 8933, 1409, 1445, 1446, 1213, 1208, 1211, 1445, 1462, 1461, 541, 684, 683, 8983, 9014, 5392, 125, 86, 123, 8404, 8543, 7889, 6806, 6808, 6805, 683, 717, 746, 123, 157, 141, 4535, 5126, 4536, 6547, 6550, 6548, 6548, 6550, 6552, 6550, 6790, 6552, 6805, 6817, 6813, 6805, 6808, 6817, 141, 8107, 8109, 141, 157, 8107, 6640, 6641, 6637, 6637, 6641, 6576, 6576, 5980, 5983, 5980, 5981, 5983, 7969, 436, 437, 4144, 4145, 4143, 7905, 7908, 7912, 7908, 7911, 7912, 7912, 7911, 7921, 6813, 6817, 8021, 8018, 8016, 8017, 8016, 6421, 8017, 8017, 6421, 6416, 9042, 4529, 3954, 4529, 4528, 3954, 4143, 6694, 4149, 8017, 6416, 8026, 8026, 6419, 8027, 8026, 6416, 6419, 3954, 4528, 5862, 5862, 4527, 5857, 5862, 4528, 4527, 5857, 4527, 5858, 5858, 4527, 5860, 4527, 4531, 5860, 4149, 6695, 6696, 1911, 1910, 1902, 723, 688, 712, 1746, 1963, 1960, 712, 688, 687, 1897, 1898, 1899, 1961, 2963, 2956, 2956, 2963, 2960, 1317, 1240, 1249, 1249, 1240, 1203, 3164, 1514, 1504, 1504, 1514, 1438, 2726, 2728, 3164, 589, 590, 546, 26, 22, 20, 542, 590, 591, 1165, 1177, 1167, 20, 21, 19, 19, 21, 23, 594, 600, 599, 8935, 9017, 8983, 1225, 1242, 1226, 1462, 1484, 1477, 683, 684, 717, 684, 719, 717, 5978, 7405, 5976, 6818, 6814, 6809, 8212, 8221, 8207, 7406, 6642, 6640, 7406, 7405, 6642, 7404, 6642, 7405, 4537, 5126, 4535, 6547, 6544, 4145, 7889, 7890, 7888, 6808, 6815, 6817, 6808, 6814, 6815, 717, 719, 746, 719, 769, 746, 746, 769, 7984, 746, 7984, 6417, 6640, 6642, 6641, 6641, 6678, 5980, 6678, 5966, 5980, 7969, 7950, 436, 4145, 4147, 4143, 7888, 7890, 7902, 6817, 6815, 8021, 8021, 8020, 8018, 8018, 8019, 8016, 8018, 8020, 8019, 8019, 7996, 8016, 8016, 7996, 6421, 6421, 769, 6420, 6421, 7996, 769, 6417, 7984, 293, 7984, 299, 293, 4143, 4147, 6694, 4147, 6703, 6694, 6694, 6702, 6695, 6694, 6703, 6702, 6695, 5334, 6697, 6695, 6702, 5334, 5334, 5325, 6697, 5325, 5328, 6697, 6697, 5328, 6700, 6700, 5330, 5423, 6700, 5328, 5330, 153, 75, 76, 1902, 1910, 1898, 1898, 1900, 1899, 688, 589, 687, 3018, 3019, 3015, 25, 27, 26, 8952, 8964, 8966, 1176, 1207, 1208, 8952, 9017, 8935, 21, 24, 23, 9017, 9015, 8983, 541, 600, 684, 23, 24, 86, 684, 701, 719, 701, 725, 719, 5993, 6631, 7403, 5978, 5979, 7405, 5993, 7403, 5979, 6318, 6548, 5335, 8543, 7891, 7889, 6960, 7891, 8543, 6818, 6816, 6814, 8207, 8014, 8015, 719, 725, 8218, 7404, 7403, 6680, 6631, 6680, 7403, 6631, 6633, 6680, 6544, 6543, 4145, 7889, 7891, 7890, 8222, 8000, 7996, 7404, 6680, 6642, 6680, 6679, 6642, 6642, 6679, 6678, 6679, 5965, 6678, 6678, 5965, 5966, 7890, 7906, 7902, 7902, 7906, 7905, 7906, 7907, 7905, 6815, 8022, 8021, 8021, 8022, 8020, 7996, 8000, 7985, 7996, 7985, 769, 7985, 7938, 769, 769, 7938, 7984, 7938, 299, 7984, 4147, 6706, 6703, 6703, 6704, 6702, 6703, 6706, 6704, 6702, 6704, 5334, 153, 7290, 75, 723, 709, 688, 1910, 1909, 1898, 1746, 1968, 1963, 2731, 2734, 2727, 1898, 1909, 1900, 1960, 1963, 1961, 1900, 1908, 1899, 1900, 1916, 1908, 3018, 1908, 3020, 3018, 3020, 3019, 3015, 9010, 8963, 1412, 1440, 1411, 589, 592, 590, 1203, 1204, 1177, 592, 591, 590, 20, 22, 21, 591, 593, 542, 542, 593, 544, 594, 596, 600, 24, 87, 86, 9553, 9560, 9548, 9553, 9564, 9560, 9548, 9560, 9547, 9547, 9561, 9549, 9549, 9561, 9565, 9553, 9566, 9564, 9560, 9561, 9547, 5994, 6631, 5993, 5994, 6629, 6631, 9564, 9562, 9560, 9564, 9566, 9562, 9560, 9562, 9561, 9562, 9563, 9561, 9561, 9563, 9565, 8208, 8218, 725, 8208, 7936, 8218, 123, 159, 157, 6631, 6632, 6633, 6629, 6630, 6631, 6630, 6632, 6631, 4537, 7981, 5126, 7981, 5194, 5126, 9566, 9567, 9562, 9562, 9567, 9563, 6544, 6540, 6543, 6540, 6541, 6543, 6960, 6957, 7891, 7891, 6957, 7890, 6814, 6816, 6815, 7992, 7935, 8014, 8014, 7935, 8015, 7935, 7936, 8015, 8216, 7936, 7985, 157, 159, 7989, 6633, 6632, 6680, 6632, 6679, 6680, 6679, 5968, 5965, 1296, 1250, 7950, 6543, 6541, 6706, 7905, 7907, 7908, 7985, 7936, 7938, 7938, 7933, 299, 6706, 6705, 6704, 6704, 6705, 5334, 1910, 1921, 1909, 2734, 2729, 2727, 1909, 1916, 1900, 1968, 1969, 1963, 1963, 1964, 1961, 2727, 2729, 2728, 1961, 1964, 2963, 1964, 2964, 2963, 2963, 2961, 2960, 2963, 2964, 2961, 2960, 2961, 1317, 2961, 2962, 1317, 1317, 2962, 1240, 688, 669, 589, 589, 669, 666, 1412, 1439, 1440, 589, 666, 592, 1440, 1410, 1411, 8962, 8963, 8964, 1204, 1205, 1177, 1177, 1205, 1167, 1167, 1205, 1207, 1410, 1443, 1402, 544, 593, 594, 8952, 8966, 9017, 593, 595, 594, 1443, 1444, 1402, 1402, 1444, 1409, 21, 82, 24, 1207, 1209, 1208, 594, 595, 596, 1209, 1211, 1208, 684, 600, 701, 1213, 1211, 1225, 1445, 1463, 1462, 9553, 9551, 9571, 9553, 9571, 9566, 86, 87, 123, 5994, 6626, 6629, 6960, 6956, 6957, 6629, 6627, 6630, 6629, 6626, 6627, 6626, 6628, 6627, 6819, 8023, 8022, 7992, 7937, 7935, 159, 7987, 7989, 7989, 7987, 1048, 7987, 1049, 1048, 6630, 6627, 6632, 6627, 6681, 6632, 6632, 6681, 6679, 6681, 5971, 6679, 6679, 5971, 5968, 9563, 9567, 9578, 7950, 441, 436, 6541, 6709, 6705, 6705, 6709, 6317, 7908, 5107, 7911, 8022, 8023, 8020, 7936, 7934, 7938, 7936, 7935, 7934, 7938, 7934, 7933, 1746, 1748, 1968, 7232, 7233, 7231, 2734, 2737, 2729, 688, 709, 708, 1909, 1917, 1916, 1917, 1918, 1916, 688, 708, 669, 1963, 1969, 1964, 1916, 1918, 1908, 1918, 3025, 1908, 1908, 3025, 2204, 1908, 2204, 3020, 3019, 9010, 3015, 2962, 1241, 1240, 1240, 1241, 1227, 1514, 1475, 1438, 1203, 1227, 1204, 1438, 1475, 1439, 22, 82, 21, 1442, 1443, 1410, 3311, 3312, 5000, 3312, 5004, 5000, 5000, 5004, 4998, 5004, 4996, 4998, 3312, 3310, 5004, 600, 700, 701, 8983, 5433, 9014, 8983, 2184, 5433, 9551, 9572, 9571, 700, 703, 701, 9014, 5432, 7981, 9014, 5433, 5432, 9572, 9568, 9571, 9571, 9568, 9569, 9568, 9570, 9569, 9570, 9573, 9569, 9569, 9573, 9579, 1462, 1463, 1484, 701, 734, 725, 701, 703, 734, 5994, 5987, 6626, 5994, 5974, 5987, 5992, 6634, 5987, 5431, 7980, 5430, 7981, 5432, 7980, 5430, 7980, 5432, 8209, 8220, 6819, 6626, 6634, 6628, 7981, 7980, 5194, 6540, 6542, 6541, 6956, 6958, 6957, 6957, 6958, 7890, 6819, 8220, 8023, 7992, 7991, 7937, 6628, 6682, 6627, 6627, 6682, 6681, 6682, 5972, 6681, 6681, 5972, 5971, 1250, 441, 7950, 6541, 6542, 6709, 6709, 6320, 6317, 1921, 1917, 1909, 1748, 1971, 1968, 1971, 1970, 1968, 1968, 1970, 1969, 1964, 2965, 2964, 2964, 2965, 2961, 3164, 1521, 1514, 1514, 1521, 1475, 75, 77, 27, 2728, 3182, 3164, 1475, 1476, 1439, 1476, 1441, 1439, 9010, 9018, 8963, 1204, 1227, 1228, 1228, 1206, 1204, 1439, 1441, 1440, 3485, 7065, 2521, 27, 80, 26, 3485, 3482, 7065, 1204, 1206, 1205, 8963, 8965, 8964, 1440, 1442, 1410, 3482, 7064, 7065, 1205, 1206, 1221, 3317, 4997, 5005, 3317, 3318, 4997, 5005, 4997, 4990, 4997, 4988, 4990, 592, 659, 591, 3318, 3309, 4997, 4997, 4986, 4988, 591, 659, 658, 3309, 4999, 4997, 4997, 4999, 4986, 3482, 7063, 7064, 3482, 3481, 7063, 8964, 8965, 8966, 591, 658, 593, 658, 657, 593, 4999, 4984, 4986, 3309, 3307, 4999, 3307, 5001, 4999, 4999, 5001, 4984, 1221, 1210, 1205, 5001, 4979, 4984, 3307, 5003, 5001, 5001, 5003, 4979, 1205, 1210, 1207, 5003, 4992, 4979, 3307, 3306, 5003, 3481, 3477, 7063, 3477, 7062, 7063, 8966, 8982, 9017, 657, 598, 593, 3306, 5002, 5003, 5003, 4995, 4992, 5003, 5002, 4995, 593, 598, 595, 3306, 3305, 5002, 1207, 1210, 1209, 1210, 1222, 1209, 5002, 5000, 4995, 3311, 3305, 3302, 5000, 4993, 4995, 4995, 4993, 4967, 4993, 4966, 4967, 3311, 3302, 3312, 4993, 4965, 4966, 3477, 7060, 7062, 4993, 4976, 4965, 4976, 4964, 4965, 4976, 4996, 4964, 1222, 1212, 1209, 3312, 3302, 3310, 4996, 4968, 4964, 3477, 3480, 7060, 3480, 7061, 7060, 3302, 3301, 3310, 4996, 5006, 4975, 4996, 4975, 4968, 3310, 3301, 5006, 9017, 8982, 9015, 1209, 1212, 1211, 596, 689, 600, 1409, 1444, 1445, 600, 689, 690, 1211, 1212, 1234, 3480, 3487, 7061, 600, 690, 700, 1234, 1233, 1211, 3487, 7058, 7061, 8983, 9015, 2184, 1211, 1233, 1225, 3487, 3493, 7058, 3493, 7049, 7058, 5433, 5429, 5432, 9572, 9575, 9568, 9575, 9574, 9568, 9568, 9574, 9570, 9570, 9556, 9573, 3493, 3496, 7049, 3496, 6711, 7049, 6549, 6710, 6546, 3496, 6320, 6711, 6956, 6959, 6958, 6959, 6961, 6958, 8215, 8219, 7991, 123, 87, 159, 6634, 6635, 6628, 5431, 2241, 7980, 1242, 1250, 1296, 6958, 7977, 7890, 6958, 6961, 7977, 7991, 7986, 7937, 7991, 8219, 7986, 6628, 6635, 6682, 6682, 5975, 5972, 6709, 6542, 6320, 7890, 7977, 7906, 7906, 7977, 7907, 7908, 7909, 5107, 7937, 7931, 7935, 7935, 7931, 7934, 7290, 78, 75, 1921, 7267, 1917, 1748, 1755, 1971, 2737, 2421, 2729, 1933, 1920, 1917, 1917, 1919, 1918, 1917, 1920, 1919, 2729, 2421, 2391, 708, 707, 669, 1970, 1979, 1969, 1969, 2974, 1964, 1969, 1979, 2974, 2387, 2389, 2385, 2729, 2730, 2728, 2729, 2391, 2730, 5056, 5045, 5046, 1918, 1919, 3025, 1919, 2203, 3025, 3025, 2203, 2204, 2204, 3021, 3020, 2204, 2205, 3021, 3020, 3021, 3019, 3019, 2199, 9010, 3019, 3021, 2199, 2205, 2199, 3021, 1964, 2974, 2965, 2965, 2966, 2961, 2961, 2973, 2962, 2961, 2966, 2973, 2962, 2973, 1241, 2973, 1263, 1241, 1263, 1227, 1241, 1521, 1509, 1475, 5050, 5049, 5045, 5052, 5044, 5043, 2199, 9018, 9010, 2728, 2730, 3182, 1475, 1509, 1476, 5045, 5049, 5048, 5048, 5047, 5045, 5045, 5047, 5046, 5047, 5044, 5046, 5046, 5044, 5052, 5043, 5044, 5042, 5043, 5042, 5040, 669, 692, 666, 692, 693, 666, 1227, 1264, 1228, 2402, 2413, 2399, 77, 79, 27, 9018, 8980, 8963, 2402, 2510, 2511, 2402, 2511, 2413, 2373, 2372, 2380, 2521, 2510, 3485, 2511, 2512, 2413, 2512, 4570, 2413, 2373, 2370, 2372, 666, 698, 697, 666, 697, 592, 3485, 2510, 3484, 2512, 7057, 4570, 2373, 2381, 2370, 2370, 2371, 2372, 1441, 1478, 1440, 3485, 3484, 3482, 592, 697, 659, 1440, 1478, 1442, 8963, 8980, 8965, 2248, 2247, 2251, 7057, 7056, 4568, 2381, 2367, 2370, 2370, 2367, 2369, 2370, 2369, 2371, 1442, 1478, 1491, 3299, 3319, 5037, 3319, 4994, 5037, 7056, 4569, 4568, 4994, 4989, 5037, 3317, 3308, 3318, 4988, 4987, 4989, 3482, 3484, 3483, 2248, 2246, 2247, 2246, 2244, 2247, 2247, 2244, 2258, 1221, 1206, 1251, 3318, 3308, 3309, 2367, 2368, 2369, 7056, 7055, 4569, 2369, 2368, 1491, 22, 26, 82, 659, 694, 658, 3482, 3483, 3481, 3483, 3479, 3481, 2381, 2363, 2367, 2381, 2415, 2363, 2367, 2363, 2368, 658, 694, 657, 1442, 1491, 1492, 2368, 1492, 1491, 8965, 8967, 8966, 7055, 3516, 4569, 3309, 3308, 3307, 1221, 1251, 1210, 2363, 2364, 2368, 2244, 2270, 2258, 7055, 7054, 3516, 2246, 2243, 2244, 1442, 1492, 1443, 2368, 2364, 1492, 1210, 1251, 1252, 2415, 2365, 2363, 2363, 2365, 2364, 4980, 4979, 4978, 2364, 2366, 1492, 3307, 3308, 3304, 657, 694, 597, 3307, 3304, 3306, 2244, 2250, 2270, 3481, 3479, 3477, 4979, 4977, 4978, 8966, 8967, 8982, 2365, 2366, 2364, 657, 597, 598, 1252, 1253, 1210, 7054, 3515, 3516, 2243, 2245, 2244, 2415, 2414, 2365, 4977, 4974, 4978, 2245, 2249, 2244, 2244, 2249, 2250, 1492, 1488, 1443, 2366, 1488, 1492, 7054, 7052, 3515, 3306, 3304, 3305, 1210, 1253, 1222, 3477, 3479, 3478, 1443, 1488, 1444, 3305, 3304, 3302, 2234, 2197, 2195, 7052, 3514, 3515, 598, 597, 595, 2249, 2263, 2250, 1222, 1253, 1254, 2245, 2266, 2249, 7052, 7051, 3514, 2365, 2374, 2366, 2366, 2374, 1488, 595, 597, 596, 82, 83, 85, 2266, 2264, 2249, 2249, 2264, 2263, 2414, 2375, 2365, 2365, 2375, 2374, 1488, 1483, 1444, 2374, 1483, 1488, 2197, 2182, 2196, 2266, 2267, 2264, 1222, 1254, 1212, 2414, 2378, 2375, 82, 85, 24, 3477, 3478, 3480, 3302, 3300, 3301, 2264, 2268, 1313, 1212, 1254, 1255, 4975, 4969, 4968, 4975, 4983, 4969, 8982, 9016, 9015, 2264, 2267, 2268, 3301, 3298, 5006, 5006, 3298, 4975, 3298, 3296, 4975, 3296, 4983, 4975, 2266, 2286, 2267, 1255, 1266, 1212, 4983, 3296, 4973, 3296, 5029, 4973, 2286, 2271, 2267, 2267, 2269, 2268, 7051, 7050, 3514, 3296, 3297, 5029, 689, 691, 690, 1212, 1266, 1234, 3480, 3486, 3487, 3480, 3478, 3486, 7051, 7053, 7050, 2378, 2376, 2375, 2378, 2379, 2376, 2375, 2376, 2374, 2376, 2377, 2374, 1444, 1483, 1445, 2374, 2377, 1483, 2271, 2269, 2267, 1483, 1489, 1445, 2377, 1489, 1483, 3294, 5023, 3297, 3294, 2848, 5023, 691, 735, 690, 3486, 3488, 3487, 2839, 5019, 2848, 2848, 5019, 5023, 735, 718, 690, 735, 5027, 718, 9015, 9016, 2184, 3487, 3488, 3489, 7053, 2463, 7050, 7053, 7058, 2463, 2379, 2408, 2376, 2379, 2409, 2408, 2408, 2407, 2376, 2376, 2407, 2377, 2377, 2407, 1489, 2839, 5065, 5019, 5019, 5021, 5023, 5019, 5020, 5021, 5023, 5021, 5026, 5026, 5021, 5027, 5021, 748, 5027, 5027, 748, 718, 3487, 3489, 3493, 1445, 1489, 1463, 2407, 2416, 1489, 5065, 5008, 5019, 5008, 5017, 5019, 5019, 5017, 5020, 5020, 5022, 5021, 700, 748, 747, 5021, 5022, 748, 5022, 747, 748, 2133, 2175, 2161, 2184, 2176, 5433, 9559, 9558, 9575, 3489, 3492, 3493, 7058, 7059, 2463, 2409, 2412, 2408, 2408, 2412, 2407, 2412, 2416, 2407, 1463, 1489, 1498, 2416, 1498, 1489, 2416, 2420, 1498, 5018, 5016, 5014, 5018, 5014, 5013, 5013, 5014, 5011, 5013, 5011, 5012, 5012, 5011, 5010, 5011, 5007, 5010, 5010, 5007, 5008, 5007, 5009, 5008, 5008, 5009, 5017, 5020, 5017, 5022, 700, 720, 703, 700, 747, 720, 4819, 7809, 4818, 4818, 7809, 2150, 2129, 2125, 2126, 2126, 2125, 2123, 2123, 2125, 2124, 2123, 2124, 2127, 2127, 2124, 2128, 2128, 2213, 2133, 2133, 2213, 2179, 2133, 2178, 2175, 2133, 2179, 2178, 2175, 2178, 5428, 2175, 5428, 5429, 9575, 9558, 9574, 9558, 9576, 9574, 9574, 9576, 9570, 9576, 9556, 9570, 1225, 1233, 1242, 1233, 1250, 1242, 3493, 3492, 3496, 3492, 3494, 3496, 6693, 2491, 7059, 2442, 2444, 2443, 2442, 2443, 2441, 1463, 1498, 1484, 2420, 2419, 1498, 5016, 5015, 5014, 5015, 5011, 5014, 703, 750, 734, 703, 720, 750, 5992, 5990, 6634, 5992, 5986, 5990, 2241, 2179, 2230, 2213, 2230, 2179, 8219, 8217, 7986, 6634, 5990, 6635, 5990, 5989, 6635, 2241, 2230, 7982, 2241, 7970, 7980, 2241, 7982, 7970, 7980, 7970, 5194, 7970, 7979, 5194, 7979, 5269, 5194, 6549, 6692, 6710, 6710, 6692, 6320, 6320, 6692, 6711, 7986, 7983, 7937, 7986, 8217, 7983, 6635, 5989, 6682, 6682, 5989, 5975, 7977, 7910, 7907, 7907, 7909, 7908, 2229, 2207, 2239, 2229, 2211, 2207, 2207, 2216, 2239, 2239, 2216, 2240, 2240, 2216, 2237, 2237, 2216, 2202, 2237, 2202, 1941, 2284, 2280, 2356, 2280, 2288, 2356, 2356, 2288, 2362, 2362, 2288, 2361, 2288, 2349, 2361, 2361, 2349, 2295, 2361, 2295, 2297, 2297, 2295, 1980, 1971, 1980, 1970, 2496, 2495, 7227, 2495, 2433, 7227, 7227, 2433, 2520, 2520, 2433, 2519, 2519, 2433, 2436, 2519, 2437, 2518, 2519, 2436, 2437, 2518, 2437, 2517, 2517, 2437, 2387, 2387, 2499, 2517, 2517, 2499, 7215, 7215, 2435, 7214, 7215, 2499, 2435, 7214, 2435, 2411, 5073, 5054, 5059, 5073, 5059, 7196, 5059, 5071, 7196, 7196, 5071, 7195, 7195, 5071, 5072, 7195, 5072, 7194, 7194, 5072, 5052, 7194, 5052, 5043, 7194, 5043, 5040, 7194, 5040, 7193, 5040, 5060, 7193, 709, 721, 708, 709, 722, 721, 7193, 721, 722, 7193, 5060, 721, 952, 1067, 969, 1067, 952, 2229, 2229, 952, 2211, 2207, 2208, 2216, 2208, 2206, 2216, 2216, 2206, 2202, 2202, 1919, 1941, 1933, 1941, 1920, 1941, 1919, 1920, 2280, 2278, 2288, 2278, 2276, 2288, 2288, 2276, 2274, 2288, 2274, 2349, 2349, 2274, 2272, 2349, 2272, 2295, 2295, 2272, 1979, 1980, 1979, 1970, 2295, 1979, 1980, 487, 2401, 2496, 2496, 2401, 2495, 2495, 2401, 2393, 2495, 2393, 2394, 2495, 2394, 2433, 2394, 2396, 2433, 2433, 2396, 2436, 2436, 2396, 2392, 2392, 2386, 2436, 2436, 2386, 2437, 2386, 2387, 2437, 2499, 2387, 2385, 2499, 2385, 2435, 2385, 2390, 2435, 2435, 2390, 2411, 2390, 2391, 2411, 2411, 2391, 2421, 5059, 5054, 5050, 5059, 5050, 5045, 5059, 5045, 5071, 5045, 5056, 5071, 5071, 5056, 5055, 5071, 5055, 5072, 5072, 5055, 5052, 5060, 5040, 5038, 5060, 5038, 721, 5038, 766, 721, 708, 721, 740, 721, 766, 740, 75, 78, 77, 2211, 2210, 2207, 2206, 2201, 2202, 2285, 2282, 2281, 2285, 2281, 2284, 2284, 2281, 2280, 2272, 2261, 1979, 1979, 2260, 2974, 2401, 2400, 2393, 2390, 2383, 2391, 5054, 5053, 5050, 952, 951, 2211, 2210, 2209, 2207, 2207, 2209, 2208, 2209, 2200, 2208, 2208, 2200, 2206, 2200, 2201, 2206, 2202, 2201, 1919, 2201, 2198, 1919, 1919, 2198, 2203, 2203, 2198, 2204, 2281, 2279, 2280, 2280, 2279, 2278, 2278, 2279, 2277, 2278, 2277, 2276, 2277, 2275, 2276, 2276, 2275, 2274, 2275, 2273, 2274, 2274, 2273, 2272, 2273, 2261, 2272, 1979, 2261, 2260, 2974, 2260, 2965, 2965, 2260, 2966, 2260, 2262, 2966, 2260, 1227, 2262, 2966, 2262, 2973, 2973, 2262, 1263, 2262, 1227, 1263, 487, 480, 2401, 480, 2400, 2401, 2393, 2395, 2394, 2394, 2395, 2396, 2396, 2395, 2397, 2396, 2397, 2392, 2392, 2397, 2398, 2392, 2388, 2386, 2392, 2398, 2388, 2385, 2383, 2390, 2385, 2384, 2383, 2391, 2382, 2730, 5053, 5051, 5050, 5050, 5051, 5049, 707, 766, 692, 951, 2212, 2211, 2212, 2210, 2211, 2201, 2186, 2198, 2204, 2198, 2205, 2198, 2199, 2205, 2281, 2282, 2279, 2261, 2259, 2260, 2260, 2259, 1264, 2260, 1264, 1227, 2400, 2399, 2393, 2393, 2399, 2395, 2386, 2388, 2387, 2387, 2388, 2389, 2389, 2384, 2385, 2391, 2383, 2382, 2730, 2382, 3182, 3182, 2382, 1521, 2382, 1509, 1521, 2382, 1512, 1509, 1509, 1512, 1476, 5040, 5039, 5038, 5040, 5042, 5039, 5038, 693, 766, 5038, 5039, 693, 692, 766, 693, 951, 949, 2212, 2200, 2186, 2201, 2198, 2187, 2199, 2282, 2293, 2279, 2277, 2283, 2275, 2275, 2283, 2261, 2275, 2261, 2273, 2261, 2290, 2259, 480, 2403, 2400, 2400, 2403, 2402, 2400, 2402, 2399, 2395, 2405, 2397, 2397, 2404, 2398, 2397, 2405, 2404, 2398, 2404, 2388, 2388, 2404, 2406, 2388, 2406, 2389, 2389, 2406, 2410, 2389, 2410, 2384, 1476, 1512, 1441, 5062, 5061, 5051, 5061, 5049, 5051, 2212, 2220, 2210, 2220, 2219, 2210, 2210, 2219, 2209, 2209, 2219, 2222, 2209, 2222, 2200, 2200, 2222, 2223, 2200, 2223, 2186, 2186, 2223, 2224, 2224, 2225, 2186, 2186, 2225, 2226, 2198, 2186, 2187, 9018, 2199, 2187, 2293, 2351, 2279, 2279, 2351, 2277, 2277, 2351, 2283, 2351, 2355, 2283, 2283, 2355, 2261, 2261, 2355, 2358, 2261, 2358, 2290, 2259, 2290, 2289, 2259, 2254, 1264, 2403, 2432, 2402, 2432, 2438, 2402, 2399, 2430, 2395, 2395, 2430, 2405, 2405, 2430, 2504, 2405, 2504, 2505, 2405, 2505, 2404, 2505, 2506, 2404, 2404, 2506, 2406, 2406, 2506, 2514, 2406, 2514, 2410, 2410, 2514, 2500, 2410, 2500, 2384, 2384, 2500, 2501, 2384, 2501, 2380, 2380, 2788, 2373, 2501, 2788, 2380, 2382, 2372, 1512, 5061, 5106, 5049, 5049, 5106, 5101, 5049, 5101, 5048, 5101, 5100, 5048, 5048, 5100, 5047, 5047, 5100, 5044, 5044, 5100, 5099, 5044, 5066, 5042, 5044, 5099, 5066, 5066, 4251, 5042, 5042, 4251, 5039, 2226, 2227, 2186, 9018, 2187, 8980, 2289, 2256, 2259, 2259, 2256, 2254, 2402, 2438, 2510, 2438, 3500, 2510, 3064, 2399, 2413, 1441, 1512, 1478, 2372, 1478, 1512, 4251, 4245, 5039, 5039, 5036, 693, 693, 5036, 763, 693, 698, 666, 763, 698, 693, 2227, 2185, 2186, 2185, 2187, 2186, 4245, 5041, 5039, 4245, 4244, 5041, 5041, 5036, 5039, 2187, 2185, 2188, 2875, 2255, 2256, 2256, 2255, 2254, 4244, 3292, 5041, 4244, 4177, 3292, 5041, 3292, 5036, 27, 79, 80, 2255, 2252, 2254, 2254, 1267, 1264, 2254, 2252, 1267, 1228, 1264, 1267, 2510, 3500, 3484, 3500, 3502, 3484, 2373, 2788, 2381, 1478, 2371, 1515, 3292, 3279, 5036, 2185, 2189, 2188, 2187, 2188, 8980, 2875, 2873, 2255, 2255, 2251, 2252, 2788, 2785, 2381, 2255, 2873, 2251, 3279, 3278, 5036, 5036, 5035, 763, 697, 763, 659, 2185, 2235, 2189, 2252, 2253, 1267, 3278, 5037, 5036, 5036, 5037, 5035, 659, 763, 762, 5035, 762, 763, 2251, 2247, 2252, 2252, 2247, 2253, 2251, 2873, 2248, 1478, 1515, 1491, 3299, 3320, 3319, 2235, 2236, 2189, 2189, 2190, 2188, 3502, 3497, 3484, 1515, 1516, 1491, 3319, 3320, 3316, 5037, 4989, 5035, 8980, 2188, 8965, 3317, 3316, 3308, 2236, 2191, 2189, 2188, 2190, 8965, 3484, 3497, 3483, 3316, 3315, 3308, 4989, 5057, 5035, 2189, 2191, 2190, 2253, 1268, 1267, 2247, 2257, 2253, 2253, 2257, 1268, 80, 81, 26, 26, 81, 82, 5057, 4991, 5035, 659, 762, 694, 2236, 2221, 2191, 3483, 3497, 3479, 3479, 3497, 3498, 3308, 3315, 3314, 694, 762, 761, 5035, 761, 762, 8965, 2190, 2192, 4991, 5034, 5035, 5035, 5034, 761, 8965, 2192, 8967, 2257, 1269, 1268, 4991, 4981, 5034, 2191, 2192, 2190, 81, 83, 82, 2415, 2381, 2782, 2270, 2250, 2257, 3308, 3314, 3313, 1251, 1276, 1252, 1251, 1269, 1276, 2257, 1276, 1269, 2191, 2193, 2192, 3308, 3313, 3304, 694, 761, 597, 2250, 2265, 2257, 2257, 2265, 1276, 1252, 1276, 1274, 4981, 5058, 5034, 597, 761, 759, 5034, 759, 761, 2265, 1274, 1276, 8967, 2192, 8982, 3498, 3499, 3479, 5058, 4974, 5034, 2265, 1275, 1274, 2415, 2782, 2414, 2193, 2194, 2192, 5034, 5033, 759, 8982, 2192, 2194, 3479, 3499, 3478, 2193, 2195, 2194, 2265, 1314, 1275, 4972, 4970, 5033, 597, 759, 753, 5033, 753, 759, 2195, 2196, 2194, 2250, 2263, 2265, 2265, 2263, 1314, 1253, 1314, 1254, 4970, 5032, 5033, 5033, 5032, 753, 597, 753, 596, 3304, 3303, 3302, 2194, 2183, 8982, 1254, 1314, 1313, 2263, 1313, 1314, 2414, 2782, 2792, 4970, 4971, 5032, 753, 754, 596, 5032, 754, 753, 2196, 2183, 2194, 2263, 2264, 1313, 3478, 3499, 3501, 2414, 2792, 2378, 3302, 3303, 3300, 8982, 2183, 9016, 4971, 5030, 5032, 4971, 4973, 5030, 5032, 5030, 754, 1254, 1313, 1255, 1313, 2268, 1255, 3300, 3272, 3298, 3300, 3321, 3272, 596, 754, 689, 2231, 2182, 2197, 2196, 2182, 2183, 3298, 3272, 3296, 1255, 2268, 1266, 4973, 5029, 5030, 2182, 2180, 2183, 3296, 3287, 3297, 3287, 3289, 3297, 689, 5031, 691, 689, 754, 5031, 5030, 5031, 754, 2231, 2228, 2182, 2180, 2184, 2183, 2183, 2184, 9016, 2268, 2269, 1266, 3478, 3501, 3486, 2378, 2795, 2379, 2378, 2792, 2795, 3297, 3289, 3294, 5029, 5023, 5030, 2228, 2181, 2182, 2182, 2181, 2180, 2286, 2296, 2271, 2286, 2876, 2296, 2269, 1293, 1266, 1266, 1293, 1281, 3486, 3501, 3503, 691, 5031, 735, 24, 85, 113, 3486, 2846, 3488, 3486, 3503, 2846, 2795, 2508, 2379, 5031, 5028, 735, 5030, 5028, 5031, 2271, 2287, 2269, 2269, 2287, 1293, 2846, 3490, 3488, 2810, 3490, 2846, 735, 5028, 5027, 2228, 2160, 2181, 2876, 2317, 2296, 2317, 2298, 2296, 2296, 2298, 2271, 2298, 2292, 2271, 2271, 2292, 2287, 1234, 1293, 1233, 3488, 3490, 3489, 2463, 2461, 2485, 2379, 2508, 2409, 2508, 2494, 2409, 2493, 2494, 2508, 2834, 5079, 5065, 2839, 2836, 5065, 2834, 5065, 2836, 24, 113, 87, 2160, 2132, 2161, 2160, 2161, 2181, 2181, 2161, 2180, 2180, 2161, 2176, 2180, 2176, 2184, 1233, 1293, 1291, 2287, 1291, 1293, 3558, 3555, 2810, 2810, 3555, 3490, 2461, 2459, 2464, 2464, 2459, 2458, 2458, 2457, 2467, 2467, 2457, 2469, 2457, 2450, 2469, 2469, 2450, 2471, 2450, 2448, 2471, 2471, 2448, 2473, 2448, 2447, 2473, 2447, 2446, 2474, 2446, 2497, 2474, 2474, 2497, 2487, 2487, 2497, 2434, 2487, 2434, 2492, 2434, 2431, 2492, 2493, 2428, 2494, 5093, 5104, 5094, 5104, 5070, 5094, 5094, 5070, 5098, 5070, 5069, 5098, 5098, 5069, 5064, 5098, 5064, 5080, 5080, 5064, 5063, 5079, 5063, 5065, 2137, 2135, 2136, 2136, 2135, 2126, 2136, 2126, 2138, 2126, 2134, 2138, 2138, 2134, 2139, 2139, 2134, 2131, 2139, 2131, 2130, 2130, 2128, 2132, 2132, 2133, 2161, 2132, 2128, 2133, 2333, 2327, 2346, 2346, 2327, 2325, 2346, 2325, 2344, 2344, 2325, 2322, 2344, 2322, 2342, 2329, 2321, 2319, 2329, 2319, 2332, 2332, 2319, 2309, 2298, 2294, 2292, 2292, 2291, 2287, 2292, 2294, 2291, 2287, 2291, 1291, 3489, 3491, 3492, 3489, 3490, 3491, 3555, 3491, 3490, 2463, 2460, 2461, 2461, 2460, 2459, 2459, 2460, 2455, 2459, 2455, 2458, 2458, 2455, 2457, 2455, 2451, 2457, 2457, 2451, 2450, 2450, 2451, 2449, 2450, 2449, 2448, 2448, 2445, 2447, 2448, 2449, 2445, 2447, 2445, 2446, 2446, 2445, 2442, 2446, 2442, 2497, 2442, 2439, 2497, 2497, 2439, 2434, 2439, 2426, 2434, 2434, 2426, 2431, 2426, 2423, 2431, 2431, 2423, 2422, 2423, 2418, 2422, 2422, 2412, 2428, 2422, 2418, 2412, 2409, 2494, 2412, 2428, 2412, 2494, 5078, 5076, 5077, 5016, 5074, 5015, 5077, 5076, 5074, 5022, 765, 747, 747, 756, 720, 747, 765, 756, 4819, 4820, 7807, 4821, 7807, 4820, 2218, 2217, 2137, 2129, 2135, 2217, 2137, 2217, 2135, 2327, 2328, 2326, 2327, 2326, 2325, 2325, 2326, 2324, 2325, 2324, 2322, 2322, 2324, 2323, 2322, 2323, 2320, 2322, 2320, 2321, 2321, 2320, 2319, 2320, 2318, 2319, 2319, 2318, 2309, 2309, 2318, 2308, 1233, 1291, 1250, 1291, 1292, 1250, 2291, 1292, 1291, 3555, 3557, 3556, 3492, 3491, 3494, 3491, 3495, 3494, 3555, 3495, 3491, 3555, 3556, 3495, 2463, 2462, 2460, 2463, 2491, 2462, 2460, 2462, 2455, 2455, 2462, 2456, 2455, 2456, 2451, 2451, 2456, 2454, 2451, 2454, 2453, 2451, 2453, 2449, 2449, 2453, 2452, 2449, 2452, 2445, 2445, 2452, 2444, 2426, 2429, 2425, 2426, 2425, 2423, 2425, 2424, 2423, 2423, 2424, 2418, 2412, 2418, 2417, 2412, 2417, 2416, 2417, 2419, 2416, 2420, 2416, 2419, 5074, 5075, 5015, 5076, 5075, 5074, 5009, 5068, 5017, 5068, 5024, 5017, 5017, 5024, 5022, 5024, 765, 5022, 5024, 5025, 765, 5025, 756, 765, 720, 756, 750, 2242, 7805, 4821, 4821, 7805, 7807, 7807, 7809, 4819, 7809, 7811, 2150, 2150, 7811, 2141, 2141, 7811, 2218, 2129, 2217, 7813, 2129, 7813, 2125, 7813, 7815, 2125, 2125, 7815, 7817, 7815, 7816, 7817, 2125, 7817, 2124, 7817, 7818, 2124, 2124, 7818, 2128, 2128, 7818, 2238, 2128, 2238, 2213, 2213, 2238, 2230, 2326, 2354, 2324, 2324, 2354, 2323, 2354, 2352, 2323, 3556, 3559, 3495, 3494, 2498, 6693, 3494, 3495, 2498, 3495, 3559, 2498, 6693, 2498, 2491, 2491, 2498, 2462, 2452, 2516, 2444, 2444, 2516, 2443, 2443, 2516, 2441, 2429, 2509, 2425, 2509, 2427, 2425, 6959, 2424, 6961, 2424, 2427, 6961, 2425, 2427, 2424, 5015, 5075, 7829, 5075, 7830, 7829, 7829, 7831, 5015, 7831, 7832, 5015, 5015, 7832, 5011, 7832, 7833, 5011, 5011, 7833, 5007, 7833, 7834, 5007, 5007, 7834, 5009, 7834, 7835, 5009, 7835, 5068, 5009, 5068, 5067, 5024, 5068, 7835, 5067, 8217, 5025, 7983, 5025, 5067, 7983, 5024, 5067, 5025, 87, 114, 159, 2230, 2238, 7982, 1292, 7940, 1250, 6961, 2427, 7910, 7909, 7830, 5107, 7983, 5067, 7931, 7987, 7820, 1049, 1250, 504, 441, 7907, 7910, 7909, 7934, 7931, 7933, 2284, 7285, 2285, 2282, 3142, 3141, 2282, 3141, 2293, 3141, 3140, 2293, 480, 3057, 2403, 480, 428, 3057, 2403, 3057, 2432, 2500, 3063, 2501, 2500, 2791, 3063, 5062, 5936, 5061, 5061, 5929, 5106, 949, 1012, 2212, 2293, 3138, 2351, 2358, 3145, 2290, 3145, 3146, 2290, 2290, 2878, 2289, 2290, 3146, 2878, 2289, 2878, 2256, 2438, 3055, 3064, 2438, 2432, 3055, 3064, 3055, 2399, 3055, 2430, 2399, 2430, 3051, 2504, 3051, 2505, 2504, 2505, 3054, 2506, 2506, 3054, 2514, 2514, 3061, 2500, 2501, 2790, 2788, 5106, 5929, 5101, 5066, 5935, 4251, 5935, 4246, 4251, 4251, 4246, 4245, 4246, 4238, 4245, 4245, 4238, 4244, 4241, 4244, 4238, 4241, 4247, 4244, 2788, 2790, 2789, 4244, 4247, 4177, 2789, 2787, 2788, 2788, 2787, 2785, 3279, 3277, 3278, 3278, 3277, 3275, 2235, 2862, 2236, 2785, 2787, 2784, 2785, 2784, 2381, 3275, 3277, 3274, 3275, 3274, 3276, 2221, 2236, 2860, 3276, 3274, 3273, 3274, 3267, 3273, 2860, 2861, 2221, 2381, 2784, 2783, 2381, 2783, 2782, 3273, 3267, 3268, 3267, 3269, 3268, 2243, 1855, 2245, 2193, 2861, 2195, 1855, 1840, 2245, 2195, 2861, 2234, 3268, 3269, 3270, 2234, 2866, 2197, 3269, 3271, 3270, 2245, 1840, 2266, 84, 85, 83, 3270, 3271, 3272, 2197, 2867, 2231, 2266, 1848, 2286, 3272, 3271, 3287, 3287, 3271, 3289, 2792, 2794, 2795, 3289, 3293, 3294, 2794, 2508, 2795, 973, 1061, 974, 3219, 2341, 2345, 2483, 2488, 2807, 2488, 2489, 2807, 2807, 2489, 2804, 2489, 2486, 2804, 2804, 2486, 2802, 2486, 2475, 2802, 2802, 2475, 2477, 2848, 3293, 2838, 1061, 1060, 2214, 1060, 2215, 2214, 2173, 2170, 2172, 2170, 2169, 2172, 2172, 2169, 2171, 2171, 2169, 2168, 2168, 2169, 2167, 2168, 2167, 2166, 2166, 2167, 2164, 2166, 2164, 2165, 2165, 2164, 2162, 2165, 2162, 2232, 2336, 2334, 2347, 2347, 2316, 2348, 2347, 2334, 2316, 2348, 2316, 2341, 2316, 2313, 2341, 2341, 2313, 2314, 2341, 2314, 2345, 2345, 2314, 2343, 2314, 2310, 2343, 2343, 2310, 2338, 2310, 2307, 2338, 2307, 2304, 2338, 2338, 2304, 2339, 2339, 2304, 2302, 2339, 2303, 2353, 2339, 2302, 2303, 2876, 2353, 2303, 2810, 2809, 3558, 2485, 2466, 2503, 2503, 2466, 2484, 2484, 2466, 2465, 2484, 2465, 2483, 2465, 2468, 2483, 2483, 2468, 2488, 2488, 2468, 2489, 2468, 2470, 2489, 2470, 2472, 2489, 2489, 2472, 2486, 2472, 2475, 2486, 2475, 2476, 2477, 2479, 2481, 2490, 2508, 2490, 2493, 2490, 2481, 2493, 5102, 5091, 2837, 2837, 5091, 2830, 5091, 5089, 2830, 2830, 5089, 2831, 2831, 5089, 5086, 2831, 5086, 5084, 2831, 5084, 2832, 2833, 5081, 2829, 2829, 5081, 5097, 2834, 2829, 5097, 2215, 2174, 2214, 2215, 2163, 2174, 2214, 2174, 2173, 2174, 2159, 2173, 2173, 2159, 2170, 2159, 2156, 2170, 2170, 2156, 2169, 2156, 2158, 2169, 2169, 2158, 2167, 2167, 2158, 2157, 2167, 2157, 2155, 2167, 2155, 2164, 2155, 2153, 2164, 2164, 2153, 2162, 2228, 2232, 2160, 2162, 2160, 2232, 2334, 2333, 2316, 2316, 2333, 2315, 2316, 2315, 2313, 2315, 2312, 2313, 2313, 2312, 2314, 2314, 2312, 2310, 2312, 2311, 2310, 2310, 2311, 2309, 2310, 2309, 2307, 2302, 2301, 2303, 2876, 2303, 2317, 2303, 2301, 2317, 2466, 2461, 2465, 2465, 2461, 2464, 2465, 2467, 2468, 2465, 2464, 2467, 2468, 2467, 2469, 2468, 2469, 2470, 2469, 2471, 2470, 2470, 2471, 2472, 2471, 2473, 2472, 2472, 2473, 2474, 2472, 2474, 2475, 2475, 2474, 2476, 2476, 2478, 2477, 2477, 2478, 2479, 2478, 2480, 2479, 2479, 2480, 2481, 2480, 2482, 2481, 2481, 2482, 2493, 5091, 5090, 5089, 5089, 5090, 5088, 5089, 5088, 5086, 5088, 5087, 5086, 5087, 5085, 5086, 5086, 5085, 5084, 5085, 5083, 5084, 5084, 5083, 2832, 2832, 5083, 2833, 5083, 5082, 2833, 2833, 5082, 5081, 5082, 5080, 5081, 5081, 5079, 5097, 5081, 5080, 5079, 2834, 5097, 5079, 1060, 1035, 2163, 1035, 2154, 2163, 2163, 2154, 2174, 2154, 2146, 2174, 2174, 2146, 2159, 2159, 2146, 2145, 2145, 2143, 2159, 2159, 2143, 2156, 2156, 2143, 2140, 2156, 2140, 2136, 2156, 2136, 2158, 2158, 2136, 2139, 2158, 2139, 2157, 2157, 2139, 2155, 2139, 2147, 2155, 2155, 2147, 2153, 2147, 2148, 2153, 2160, 2148, 2132, 2160, 2162, 2148, 2153, 2148, 2162, 2360, 2335, 2336, 2336, 2335, 2334, 2334, 2335, 2333, 2333, 2330, 2315, 2315, 2330, 2312, 2312, 2330, 2331, 2331, 2329, 2312, 2312, 2329, 2311, 2311, 2329, 2332, 2311, 2332, 2309, 2307, 2306, 2304, 2302, 2300, 2301, 495, 3555, 3558, 2478, 2492, 2480, 2493, 2482, 2428, 5091, 5096, 5090, 5090, 5095, 5088, 5090, 5096, 5095, 5095, 5092, 5088, 5088, 5092, 5087, 5087, 5092, 5085, 5092, 5093, 5085, 113, 114, 87, 1035, 2152, 2154, 2154, 2152, 2146, 2152, 2149, 2146, 2149, 2144, 2146, 2146, 2144, 2145, 2145, 2144, 2143, 2143, 2144, 2142, 2143, 2142, 2140, 2335, 2328, 2333, 2331, 2342, 2329, 2329, 2342, 2321, 2309, 2308, 2307, 2307, 2308, 2306, 2304, 2300, 2302, 2301, 2294, 2317, 2298, 2317, 2294, 2152, 2177, 2242, 1035, 1033, 2152, 1033, 2177, 2152, 2335, 2337, 2328, 2306, 2305, 2304, 2304, 2305, 2300, 2301, 2300, 2294, 3555, 495, 3557, 2242, 2177, 7805, 7807, 7808, 7809, 7809, 7808, 7811, 7811, 7808, 7812, 7808, 7810, 7812, 7811, 7812, 2218, 2218, 7812, 2217, 7810, 7813, 7812, 2217, 7812, 7813, 7813, 7816, 7815, 2328, 2337, 2350, 2328, 2350, 2326, 2350, 2354, 2326, 2323, 2352, 2320, 2352, 2340, 2320, 2320, 2340, 2318, 2318, 2340, 2308, 2308, 2340, 2306, 2300, 2299, 2294, 2294, 2299, 2291, 2462, 2498, 2502, 2462, 2502, 2456, 2456, 2502, 2507, 2456, 2507, 2454, 2454, 2507, 2513, 2454, 2513, 2453, 2453, 2513, 2515, 2453, 2515, 2452, 2515, 2516, 2452, 2516, 8050, 2441, 2516, 7918, 8050, 7918, 7916, 8050, 2441, 8050, 2440, 8050, 2509, 2440, 8050, 7916, 2509, 2440, 2509, 2429, 1033, 7806, 2177, 1033, 7820, 7806, 2177, 7806, 7805, 7805, 7806, 7807, 7807, 7806, 7808, 7806, 7810, 7808, 7810, 7814, 7813, 7813, 7814, 7816, 7817, 7816, 7819, 7817, 7819, 7818, 7818, 7982, 2238, 7818, 7819, 7982, 7982, 7819, 7970, 7819, 7960, 7970, 7970, 7960, 7979, 7979, 2337, 5269, 7979, 7961, 2337, 7979, 7960, 7961, 2337, 7961, 2350, 2350, 7959, 2354, 2350, 7961, 7959, 2354, 7959, 2352, 2352, 7959, 2357, 2352, 2357, 2340, 2357, 2305, 2340, 2340, 2305, 2306, 2305, 2359, 2300, 2300, 2359, 2299, 2299, 7940, 2291, 2291, 7940, 1292, 465, 504, 3557, 3557, 504, 2502, 3556, 3557, 3559, 3557, 2502, 3559, 3559, 2502, 2498, 2502, 7943, 2507, 7943, 7945, 2507, 2507, 7945, 2513, 2513, 7945, 2515, 2515, 7945, 7939, 2515, 7939, 2516, 7939, 7918, 2516, 7916, 7915, 2509, 2509, 7915, 2427, 7915, 7910, 2427, 7909, 7920, 7830, 7829, 7990, 7831, 7829, 7830, 7990, 7831, 7990, 7832, 7990, 7994, 7832, 7832, 7994, 7833, 7833, 7994, 7834, 7834, 7994, 7927, 7834, 7927, 7928, 7834, 7928, 7835, 7835, 7928, 5067, 5067, 7928, 7929, 5067, 7929, 7931, 159, 7967, 7987, 7987, 7967, 7820, 1250, 7940, 504, 7290, 160, 78, 2212, 2779, 2220, 1082, 2779, 2212, 3142, 3140, 3141, 428, 458, 502, 428, 502, 3057, 5936, 5929, 5061, 5936, 5926, 5929, 4248, 4239, 4240, 1012, 1082, 2212, 2779, 2777, 2220, 2220, 2777, 2219, 2219, 2777, 2222, 2222, 2777, 2774, 2774, 2775, 2222, 2222, 2775, 2223, 2775, 2776, 2223, 2223, 2776, 2224, 2224, 2776, 2778, 2224, 2778, 2225, 2225, 2780, 2226, 2225, 2778, 2780, 2226, 2780, 2227, 2780, 2865, 2227, 3140, 3138, 2293, 3139, 3137, 3138, 3138, 3137, 2351, 2351, 3137, 2355, 3137, 3143, 2355, 2355, 3143, 2358, 3143, 3144, 2358, 2358, 3144, 3145, 3145, 1862, 3146, 3145, 3144, 1862, 3146, 2877, 2878, 3146, 1862, 2877, 2432, 3057, 3056, 2432, 3056, 3055, 3055, 3053, 2430, 3055, 3056, 3053, 2430, 3053, 3051, 2505, 3051, 3052, 2505, 3052, 3054, 3054, 3052, 2514, 3052, 3060, 2514, 2514, 3060, 3061, 3061, 3062, 2500, 2500, 3062, 2791, 2790, 2791, 2789, 5101, 5929, 5934, 5101, 5934, 5100, 5934, 5931, 5100, 5931, 5932, 5100, 5100, 5932, 5099, 5932, 5933, 5099, 5099, 5933, 5066, 5066, 5933, 5935, 2227, 2865, 2864, 4241, 4242, 4247, 2227, 2864, 2185, 2864, 2863, 2185, 4247, 4178, 4177, 1835, 2874, 2875, 4177, 4178, 3292, 3292, 4178, 3291, 3292, 3291, 3279, 3291, 3285, 3279, 2875, 2874, 2873, 3279, 3285, 3277, 2185, 2863, 2235, 2863, 2862, 2235, 3277, 3285, 3280, 80, 79, 81, 2874, 1857, 2873, 2873, 1857, 2248, 2236, 2862, 2860, 3277, 3280, 3274, 2248, 1857, 2246, 3280, 3281, 3274, 2246, 1857, 1856, 3274, 3281, 3267, 2246, 1856, 2243, 2221, 2861, 2193, 3267, 3281, 3269, 83, 81, 84, 3269, 3281, 3282, 1856, 1855, 2243, 2234, 2861, 2866, 2783, 2786, 2782, 3269, 3282, 3271, 1840, 1848, 2266, 2786, 2793, 2782, 3271, 3282, 3288, 2197, 2866, 2867, 1848, 1849, 2286, 2782, 2793, 2792, 3271, 3288, 3289, 2792, 2793, 2794, 3289, 3288, 3290, 2231, 2867, 2228, 3289, 3290, 3293, 2228, 2867, 2870, 2286, 1867, 2876, 2286, 1849, 1867, 2794, 2798, 2508, 3290, 3295, 3293, 1037, 1061, 3261, 3257, 2870, 3259, 2228, 2870, 2232, 2348, 2341, 3220, 3220, 2341, 3219, 2876, 2879, 2353, 2876, 1867, 2879, 2479, 2798, 2800, 3293, 2835, 2838, 3293, 3295, 2835, 1060, 2163, 2215, 114, 168, 159, 7830, 7920, 7990, 7920, 7926, 7990, 7926, 7920, 7923, 7990, 7926, 7994, 7994, 7926, 7925, 7926, 7923, 7925, 7994, 7925, 7927, 159, 168, 7967, 7810, 7806, 7965, 7810, 7965, 7814, 7814, 7963, 7816, 7816, 7963, 7819, 7960, 7962, 7961, 7961, 7962, 7959, 7959, 7962, 7949, 7959, 7949, 2357, 2357, 7947, 2305, 2359, 7941, 2299, 2299, 7941, 7940, 7940, 7941, 504, 504, 7941, 2502, 2502, 7942, 7943, 7939, 7919, 7918, 7915, 7914, 7910, 7910, 7913, 7909, 7909, 7913, 7920, 7927, 7924, 7928, 7927, 7925, 7924, 7924, 7929, 7928, 7929, 7930, 7931, 7931, 7930, 7932, 7931, 7932, 7933, 78, 160, 132, 78, 132, 77, 77, 132, 143, 3148, 3147, 3142, 3142, 3147, 3140, 2791, 3062, 2796, 5930, 5928, 5926, 5926, 5928, 5927, 5926, 5927, 5929, 5933, 4249, 4248, 4248, 4249, 4239, 1082, 1083, 2779, 2775, 2774, 2776, 2780, 9389, 2865, 3727, 3726, 3148, 3727, 3148, 5317, 3140, 3139, 3138, 1862, 1838, 2877, 3057, 502, 3056, 3053, 3059, 3051, 3059, 3058, 3051, 3051, 3058, 3052, 3052, 3058, 3060, 3060, 3062, 3061, 2791, 2796, 2789, 4249, 4250, 4239, 77, 143, 79, 5284, 3725, 9397, 2796, 2797, 2789, 8873, 9426, 9425, 4242, 4243, 4247, 4243, 4178, 4247, 2789, 2797, 2787, 2874, 1835, 1836, 1836, 1837, 2874, 79, 143, 81, 143, 142, 81, 9426, 8872, 9434, 2863, 2869, 2862, 2874, 1837, 1857, 2862, 2869, 2860, 8872, 9455, 9434, 9434, 9455, 9456, 3281, 3280, 3284, 2869, 2868, 2860, 9456, 9455, 9454, 2860, 2868, 2861, 3284, 3283, 3281, 3281, 3283, 3282, 81, 142, 84, 9445, 9454, 8877, 84, 142, 146, 2861, 2868, 2866, 2866, 2868, 2871, 3283, 3286, 3282, 9445, 8877, 9443, 84, 146, 85, 3282, 3286, 3288, 3718, 9542, 9543, 2866, 2871, 2867, 9443, 8877, 8868, 8868, 8877, 8866, 146, 147, 85, 3288, 3286, 3290, 1854, 1858, 1859, 85, 147, 113, 9543, 5290, 3228, 1849, 1851, 1867, 2794, 2799, 2798, 2794, 2793, 2799, 3228, 5290, 3227, 3227, 5290, 5265, 1851, 1863, 1867, 1859, 1858, 1865, 2799, 2800, 2798, 7820, 7967, 7806, 7806, 7967, 7966, 7806, 7966, 7965, 7966, 7964, 7965, 7965, 7964, 7814, 7814, 7964, 7963, 7819, 7963, 7960, 7963, 7962, 7960, 2357, 7949, 7948, 2357, 7948, 7947, 2305, 7946, 2359, 2305, 7947, 7946, 2359, 7946, 7941, 2502, 7941, 7942, 7942, 7944, 7943, 7943, 7944, 7945, 7944, 7919, 7945, 7945, 7919, 7939, 7919, 7917, 7918, 7918, 7917, 7916, 7916, 7917, 7914, 7916, 7914, 7915, 7910, 7914, 7913, 7913, 7922, 7920, 7920, 7922, 7923, 7925, 7923, 7924, 7924, 7930, 7929, 160, 8629, 132, 8629, 9531, 132, 132, 9531, 143, 143, 9531, 9532, 9390, 3724, 3722, 9416, 9423, 9419, 143, 9532, 142, 9529, 9523, 9536, 9420, 9419, 9427, 9532, 9534, 142, 9420, 9427, 9421, 142, 9534, 146, 2868, 2872, 2871, 2871, 2872, 9459, 9459, 3719, 3720, 147, 9480, 113, 9480, 168, 113, 113, 168, 114, 7967, 7968, 7966, 7966, 7968, 7964, 7963, 7964, 7978, 7963, 7978, 7962, 7962, 7978, 7949, 7949, 7978, 7948, 7941, 7946, 7942, 7923, 7922, 7924, 270, 288, 9212, 9376, 1631, 991, 9269, 9268, 9266, 9376, 991, 1068, 270, 9212, 268, 9212, 9208, 268, 9244, 3864, 9259, 3861, 3856, 3851, 3856, 3855, 3851, 268, 9208, 267, 9208, 9207, 267, 3851, 3855, 3852, 3855, 3854, 3852, 3852, 3854, 3853, 995, 1041, 996, 9207, 9205, 267, 3854, 3857, 3853, 9263, 2530, 9264, 267, 9205, 266, 3211, 3206, 1047, 3206, 3202, 3195, 3202, 3212, 3198, 3069, 3087, 3068, 3065, 3068, 3067, 266, 9205, 9203, 3198, 3209, 3201, 3209, 3204, 3201, 3201, 3204, 3200, 3200, 3204, 2768, 2768, 3204, 3210, 3079, 3082, 3087, 3079, 3087, 3069, 3071, 3070, 3074, 2902, 3075, 3090, 3090, 3075, 3094, 3095, 6622, 6623, 6604, 6603, 2533, 6603, 6602, 2533, 2533, 6602, 6601, 6625, 3242, 6624, 3233, 3242, 3249, 3233, 3249, 3232, 3249, 3246, 3232, 3232, 3246, 3231, 3231, 3246, 3247, 3231, 3247, 3248, 3231, 3248, 3239, 3089, 3093, 9328, 6601, 6602, 9214, 266, 9203, 265, 265, 9203, 9202, 265, 9202, 8694, 152, 1631, 1634, 1634, 1631, 1629, 1631, 1630, 1629, 1629, 1630, 1628, 1629, 1628, 1626, 1628, 1627, 1626, 1626, 1627, 1624, 1624, 1627, 1620, 1627, 1618, 1620, 1620, 1618, 1619, 1619, 1618, 1616, 1616, 1618, 1614, 1616, 1614, 1613, 1613, 1614, 1612, 1612, 1614, 1615, 1612, 1615, 1607, 1612, 1607, 1606, 1606, 1607, 1604, 1606, 1604, 1605, 1605, 1604, 1603, 1604, 1601, 1603, 1666, 1600, 1667, 1667, 1600, 1668, 1668, 1600, 1669, 1668, 1669, 1670, 1670, 1669, 1671, 1669, 1679, 1671, 1671, 1679, 1675, 1675, 1679, 1705, 1675, 1705, 1678, 1678, 1705, 1706, 1678, 1706, 1681, 1681, 1706, 1707, 1681, 1707, 1683, 1683, 1707, 1685, 1707, 1704, 1685, 1685, 1704, 1698, 1698, 1704, 1708, 1708, 1704, 1709, 1708, 1709, 1710, 1710, 1709, 1711, 1710, 1711, 1712, 1712, 1711, 1718, 1711, 300, 1718, 300, 288, 272, 288, 270, 272, 3117, 3110, 3108, 3108, 3110, 3104, 9245, 9233, 9260, 9233, 9239, 9260, 3134, 5299, 5268, 506, 468, 424, 9246, 8829, 8823, 4430, 7681, 3113, 9367, 9339, 9373, 5299, 5248, 5268, 468, 466, 424, 9282, 9283, 9281, 424, 466, 407, 9260, 9239, 3865, 9239, 9259, 3865, 990, 991, 998, 9367, 9373, 9356, 9281, 9283, 9302, 3865, 9259, 3864, 3865, 3864, 3862, 3864, 3863, 3862, 3863, 3861, 3862, 270, 268, 269, 998, 999, 990, 407, 466, 435, 990, 999, 961, 466, 467, 435, 3862, 3861, 3849, 5248, 5291, 5249, 3849, 3861, 3851, 961, 999, 944, 269, 268, 264, 5249, 5291, 5250, 467, 459, 435, 944, 999, 995, 268, 267, 264, 264, 267, 263, 9362, 9347, 9359, 3849, 3851, 3850, 435, 459, 410, 3851, 3852, 3850, 9347, 9363, 9359, 5250, 5297, 5251, 5250, 5291, 5297, 944, 995, 942, 942, 995, 996, 459, 474, 410, 3850, 3852, 3853, 9359, 9363, 9361, 9363, 9370, 9361, 942, 996, 984, 5297, 5298, 5251, 3853, 3858, 3859, 3853, 3857, 3858, 263, 267, 266, 9301, 9290, 9292, 410, 474, 475, 475, 474, 9324, 9361, 9370, 8204, 5251, 5298, 5252, 9301, 9292, 9371, 3859, 3858, 3860, 3858, 3866, 3860, 996, 1041, 984, 8204, 9370, 8206, 9370, 3092, 8206, 984, 1041, 1001, 9371, 6623, 9326, 9371, 9292, 6623, 8903, 8826, 8904, 1041, 1047, 1001, 3860, 3866, 3867, 1001, 1047, 3206, 1069, 1001, 3207, 1001, 3206, 3207, 3207, 3206, 3196, 3206, 3195, 3196, 3195, 3202, 3193, 3193, 3202, 3198, 3193, 3198, 3197, 3197, 3198, 3201, 3197, 3201, 3199, 9352, 3096, 3092, 3069, 3068, 3065, 3065, 3067, 3066, 3067, 3070, 3066, 9293, 3095, 6623, 6615, 6616, 6613, 6615, 6613, 6607, 6613, 6614, 6607, 6607, 6614, 6606, 6605, 6607, 6606, 6605, 6606, 6608, 6605, 6608, 6609, 6605, 6609, 6610, 6609, 6604, 6610, 6610, 6604, 6611, 3239, 3438, 3244, 3199, 3201, 3200, 3092, 3089, 3091, 3091, 3089, 3088, 3089, 3082, 3088, 3088, 3082, 3086, 3699, 3086, 3693, 3699, 3088, 3086, 3086, 3082, 3081, 3693, 3086, 3097, 3086, 3081, 3097, 3081, 3082, 3079, 3066, 3070, 3071, 3071, 3074, 3073, 3073, 3074, 3075, 6623, 6622, 6620, 6622, 6621, 6620, 6620, 6619, 501, 6620, 6621, 6619, 6618, 6619, 6617, 6617, 6616, 2121, 2121, 6616, 6615, 6611, 6604, 6612, 6612, 6604, 2533, 6612, 2533, 2532, 3867, 6625, 6624, 3251, 3242, 3241, 3251, 6624, 3242, 3241, 3242, 3234, 3242, 3233, 3234, 3233, 3232, 3234, 3234, 3232, 3230, 3230, 3232, 3231, 3238, 3231, 3239, 3395, 3393, 3394, 8686, 8688, 8687, 166, 152, 1634, 1635, 1629, 1639, 1635, 1634, 1629, 1635, 1639, 1071, 1639, 1629, 1632, 1632, 1629, 1626, 1632, 1626, 1633, 1633, 1626, 1625, 1626, 1624, 1625, 1625, 1624, 1622, 1622, 1624, 1620, 1622, 1620, 1621, 1620, 1619, 1621, 1621, 1619, 1623, 1623, 1619, 1617, 1619, 1616, 1617, 1617, 1616, 1611, 1616, 1613, 1611, 1613, 1612, 1611, 1611, 1612, 1610, 1612, 1606, 1610, 1610, 1606, 1609, 1609, 1606, 1605, 1609, 1605, 1608, 1608, 1605, 1603, 1608, 1603, 1602, 1602, 1601, 1597, 1602, 1603, 1601, 1597, 1601, 1600, 1597, 1600, 1599, 1599, 1600, 1666, 1666, 1667, 1703, 507, 1703, 1760, 1703, 1667, 1702, 1667, 1668, 1702, 1703, 1702, 1760, 1702, 1668, 1672, 1668, 1670, 1672, 1702, 1672, 1732, 1672, 1670, 1673, 1670, 1671, 1673, 1673, 1671, 1674, 1671, 1675, 1674, 1674, 1675, 1676, 1676, 1675, 1677, 1675, 1678, 1677, 1677, 1678, 1680, 1678, 1681, 1680, 1680, 1681, 1682, 1682, 1683, 1684, 1682, 1681, 1683, 1684, 1685, 1686, 1684, 1683, 1685, 1685, 1698, 1697, 1697, 1698, 1699, 1699, 1698, 1717, 1717, 1698, 1716, 1698, 1708, 1716, 1716, 1708, 1715, 1715, 1708, 1713, 1708, 1710, 1713, 1713, 1710, 1712, 1713, 1712, 1714, 1714, 1718, 1719, 1714, 1712, 1718, 1719, 1718, 749, 749, 1718, 303, 1718, 300, 303, 303, 272, 208, 303, 300, 272, 208, 272, 271, 272, 270, 271, 3124, 3132, 3133, 1062, 1068, 991, 3133, 3132, 5268, 451, 424, 406, 451, 460, 424, 3110, 3117, 8823, 4432, 3113, 4438, 4432, 4430, 3113, 4433, 4432, 4436, 4432, 4438, 4436, 4434, 4433, 5729, 4434, 5729, 3440, 271, 270, 269, 8823, 8828, 8821, 925, 990, 924, 8821, 8828, 8824, 990, 961, 924, 407, 435, 408, 924, 961, 923, 923, 961, 944, 408, 435, 409, 8822, 8824, 8825, 923, 944, 922, 409, 435, 410, 8822, 8825, 8826, 922, 944, 942, 264, 263, 261, 942, 984, 943, 410, 475, 412, 943, 984, 909, 261, 263, 262, 984, 1001, 909, 909, 1001, 1000, 5252, 3088, 5266, 263, 266, 262, 443, 501, 500, 8903, 3251, 3241, 1065, 1069, 3208, 1069, 3207, 3208, 1064, 1065, 3208, 3208, 3207, 3196, 3208, 3196, 3404, 3196, 3195, 3194, 3196, 3194, 3393, 3195, 3193, 3194, 3194, 3193, 3191, 3191, 3193, 3192, 3192, 3193, 3197, 3199, 3200, 3203, 3203, 3200, 3205, 3205, 2768, 2771, 3205, 3200, 2768, 3080, 3081, 3079, 3080, 3079, 3078, 3078, 3079, 3077, 3077, 3079, 3069, 3077, 3069, 3065, 3077, 3065, 3084, 3077, 3084, 3701, 3065, 3066, 3084, 3701, 3084, 3700, 3084, 3066, 3083, 3700, 3084, 3083, 3700, 3083, 3702, 3702, 3083, 3630, 3083, 3066, 3072, 3630, 3083, 3072, 3066, 3071, 3072, 3072, 3071, 3073, 3630, 3072, 3073, 3630, 3073, 3631, 3631, 3073, 3633, 3073, 3076, 3633, 3076, 3075, 3085, 3076, 3073, 3075, 3076, 3085, 3633, 3085, 2902, 2900, 3085, 3075, 2902, 3633, 3085, 2901, 3085, 2900, 2901, 501, 6619, 500, 500, 6619, 6618, 499, 500, 2108, 500, 6618, 2108, 6618, 6617, 2121, 2081, 2095, 2082, 2081, 2121, 2095, 2121, 6615, 2095, 2082, 2095, 2084, 2095, 6615, 6607, 2095, 6607, 2094, 2084, 2095, 2094, 2084, 2094, 2086, 6607, 6605, 2094, 2094, 6605, 2102, 2094, 2102, 2086, 2086, 2102, 2087, 6605, 6610, 2102, 2102, 6610, 2097, 2087, 2102, 2097, 2087, 2097, 2090, 2090, 2097, 2091, 2097, 6610, 2098, 2091, 2097, 2098, 2098, 6610, 6611, 6611, 6612, 2098, 2098, 6612, 2099, 2098, 2099, 2091, 2091, 2099, 2092, 2099, 6612, 2532, 2099, 2532, 2531, 2092, 2099, 2045, 2099, 2531, 2045, 2045, 2531, 2030, 8887, 3240, 9121, 8887, 3241, 3240, 3240, 3241, 3234, 3240, 3234, 3237, 9121, 3240, 9117, 3240, 3237, 9117, 9117, 3237, 9116, 3237, 3234, 3236, 9116, 3237, 3236, 3234, 3230, 3236, 9116, 3236, 9127, 3236, 3230, 3235, 9127, 3236, 3235, 3230, 3231, 3235, 9127, 3235, 9139, 9139, 3235, 3250, 3235, 3231, 3238, 3238, 3239, 3243, 3243, 3239, 3244, 1050, 1064, 3406, 1064, 3208, 3406, 3404, 3395, 3405, 3406, 3208, 3405, 3208, 3404, 3405, 3389, 3393, 3194, 3389, 3194, 3388, 3388, 3194, 3191, 3388, 3191, 3386, 3191, 3192, 3386, 3386, 3192, 3387, 3192, 3197, 3387, 3387, 3197, 3390, 3390, 3199, 3391, 3390, 3197, 3199, 3199, 3203, 3391, 3391, 3203, 3392, 3392, 3205, 3403, 3392, 3203, 3205, 3403, 3205, 2772, 3205, 2771, 2772, 3699, 3693, 3692, 3080, 3078, 3689, 3689, 3078, 3688, 3688, 3078, 3077, 3688, 3077, 3685, 3077, 3701, 3685, 3685, 3701, 3683, 3683, 3701, 3700, 3683, 3700, 3680, 3680, 3700, 3679, 3700, 3702, 3679, 3702, 3630, 3679, 3679, 3630, 3535, 3535, 3630, 3534, 3534, 3630, 3631, 2107, 499, 2108, 2071, 2081, 2059, 2081, 2082, 2059, 2059, 2082, 2083, 2083, 2082, 2084, 2083, 2084, 2085, 2084, 2086, 2085, 2085, 2086, 2072, 2072, 2086, 2087, 2072, 2087, 2088, 2087, 2090, 2088, 2088, 2090, 2089, 2090, 2091, 2089, 2089, 2091, 2044, 2044, 2091, 2092, 8889, 8887, 9120, 8887, 9121, 9120, 9121, 9117, 9120, 9120, 9117, 9118, 9118, 9117, 9115, 9115, 9117, 9116, 9115, 9116, 9114, 9116, 9127, 9114, 262, 266, 265, 1050, 3406, 3407, 3405, 3395, 3547, 3401, 3389, 3400, 3400, 3389, 3388, 3400, 3388, 3402, 3402, 3388, 3386, 3402, 3386, 3398, 3386, 3387, 3398, 3398, 3387, 3397, 3397, 3387, 3390, 3397, 3390, 3396, 3390, 3391, 3396, 3396, 3391, 3399, 3399, 3391, 3392, 3399, 3392, 3403, 3692, 3693, 3689, 3691, 3689, 3690, 3691, 3692, 3689, 3690, 3689, 3687, 3687, 3689, 3688, 3687, 3685, 3686, 3687, 3688, 3685, 3686, 3685, 3684, 3684, 3685, 3683, 3684, 3683, 3678, 3683, 3680, 3678, 3678, 3679, 3681, 3678, 3680, 3679, 3681, 3679, 3682, 3682, 3679, 3643, 3643, 3679, 3703, 3703, 3679, 3535, 3632, 3534, 3631, 3634, 3631, 3633, 3633, 2901, 2904, 499, 2107, 2105, 3547, 3395, 3401, 3395, 3394, 3401, 3691, 3690, 3663, 3638, 3632, 3634, 3632, 3631, 3634, 3636, 3633, 2904, 499, 2105, 505, 262, 265, 206, 4468, 4483, 4461, 4460, 4469, 4463, 4469, 4470, 4463, 4463, 4470, 4464, 4470, 4480, 4464, 4464, 4480, 4471, 3667, 3691, 3663, 3642, 3643, 3641, 3642, 3641, 3640, 3641, 3639, 3640, 3640, 3639, 3635, 3635, 3639, 3638, 3638, 3634, 3635, 3634, 3633, 3635, 3635, 3633, 3636, 3636, 2904, 5643, 3637, 5643, 1287, 1040, 1031, 4462, 1031, 4468, 4462, 4462, 4468, 4461, 4462, 4461, 4458, 4461, 4460, 4458, 4458, 4460, 4459, 4460, 4463, 4459, 4463, 4464, 4459, 4459, 4464, 4465, 4465, 4464, 4466, 4464, 4471, 4466, 4466, 4471, 4472, 4471, 4473, 4472, 4472, 4473, 4474, 4474, 4473, 4475, 4474, 4475, 4476, 4475, 4477, 4476, 4476, 4477, 4478, 4476, 4478, 4479, 4478, 4482, 4479, 3671, 3667, 3664, 3667, 3663, 3664, 3663, 3661, 3664, 3664, 3661, 3666, 3666, 3661, 3658, 3666, 3658, 3665, 3665, 3656, 3653, 3653, 3652, 3649, 3649, 3642, 3640, 3635, 3636, 3637, 3636, 5643, 3637, 8703, 2101, 2119, 2117, 2116, 8662, 8662, 2116, 8666, 8685, 8740, 8739, 8740, 8743, 8739, 8739, 8743, 8738, 8738, 8749, 8688, 8688, 8749, 8691, 8691, 8749, 8750, 1073, 1040, 4462, 1073, 4462, 4467, 4462, 4458, 4467, 4467, 4458, 4459, 4467, 4459, 4465, 4474, 4476, 4481, 4481, 4476, 4479, 4481, 4479, 8650, 8650, 4479, 4482, 8650, 4482, 8649, 3675, 3671, 3664, 3664, 3666, 3675, 3675, 3666, 3676, 3666, 3665, 3676, 3676, 3665, 3673, 3673, 3665, 3653, 3673, 3653, 3674, 3674, 3653, 3672, 3672, 3653, 3649, 3672, 3649, 3668, 3668, 3649, 3640, 3640, 3635, 3668, 3668, 3635, 3669, 3669, 3635, 3670, 3670, 3635, 3637, 3670, 3677, 1304, 3670, 3637, 3677, 2104, 2076, 8641, 2076, 2075, 8641, 8641, 2075, 8642, 2075, 8655, 8642, 8655, 2101, 8658, 8658, 2101, 8703, 8703, 2119, 8659, 2119, 2118, 8659, 8659, 2118, 8660, 2118, 2117, 8660, 8660, 2117, 8662, 8712, 8685, 8664, 206, 265, 8694, 166, 1634, 1636, 1636, 1634, 986, 1634, 1635, 986, 986, 1635, 1071, 1660, 1639, 1657, 1639, 1632, 1657, 1660, 1657, 2580, 1657, 1632, 1633, 1657, 1633, 1655, 2580, 1657, 1655, 2580, 1655, 2581, 1655, 1633, 1625, 1655, 1625, 1656, 1655, 1656, 2581, 1656, 1625, 1622, 1656, 1622, 1658, 2581, 1656, 2570, 1656, 1658, 2570, 1658, 1622, 1642, 1642, 1622, 1621, 1642, 1621, 1641, 1641, 1621, 1623, 1641, 1617, 1764, 1641, 1623, 1617, 1764, 1617, 1737, 1737, 1617, 1665, 1737, 1665, 5669, 1665, 1617, 1611, 5669, 1665, 5646, 1665, 1611, 1663, 5646, 1665, 1663, 1611, 1610, 1663, 1663, 1610, 1609, 1663, 1609, 1664, 5646, 1663, 1664, 5646, 1664, 5645, 1664, 1609, 1608, 5645, 1664, 1608, 1608, 1602, 1661, 5645, 1608, 1977, 1608, 1661, 1977, 1602, 1597, 1591, 1591, 1597, 1592, 1592, 1597, 1599, 1599, 1703, 405, 1599, 1666, 1703, 405, 1703, 507, 1732, 1672, 1722, 1672, 1673, 1722, 2039, 1732, 1722, 1722, 1673, 1674, 2039, 1722, 2037, 1674, 1676, 1722, 1722, 1676, 1736, 1722, 1736, 2037, 1676, 1677, 1736, 2037, 1736, 2038, 2038, 1736, 2040, 1736, 1677, 1725, 2040, 1736, 1725, 1725, 1677, 1680, 1725, 1680, 1723, 2040, 1725, 1723, 1723, 1680, 1682, 2040, 1723, 2033, 1682, 1684, 1723, 1723, 1684, 1724, 2033, 1723, 1724, 1699, 1717, 9136, 9136, 1717, 1731, 1717, 1716, 1731, 1731, 1716, 1727, 1731, 1727, 9132, 1727, 1716, 1715, 1715, 1713, 1727, 1727, 1713, 1728, 1727, 1728, 9132, 9132, 1728, 9135, 1728, 1713, 1729, 1713, 1714, 1729, 9135, 1728, 1729, 1729, 1714, 1719, 1729, 1719, 1730, 9147, 1729, 1730, 1730, 1719, 749, 9147, 1730, 673, 1730, 749, 673, 209, 303, 208, 1071, 1660, 2579, 2579, 1660, 2580, 2579, 2580, 2574, 2574, 2580, 2576, 2576, 2580, 2581, 2576, 2581, 2573, 2573, 2581, 2570, 1764, 1737, 5304, 5671, 5669, 5646, 5671, 5646, 5665, 5665, 5646, 5667, 5667, 5646, 5664, 5646, 5645, 5664, 5664, 5645, 5662, 5645, 1977, 5662, 5662, 1977, 1981, 405, 507, 472, 1760, 2074, 472, 472, 2074, 2016, 2074, 1760, 1702, 2074, 1702, 1732, 2016, 2074, 1732, 2016, 2039, 2017, 2016, 1732, 2039, 2017, 2039, 2018, 2018, 2039, 2037, 2018, 2037, 2021, 2037, 2038, 2021, 2021, 2038, 2022, 2022, 2038, 2024, 2038, 2040, 2024, 2024, 2040, 2025, 2025, 2040, 2026, 2026, 2040, 2033, 9136, 1731, 9131, 9131, 1731, 9132, 9131, 9132, 9130, 9130, 9135, 9134, 9130, 9132, 9135, 9134, 9135, 9138, 9138, 9135, 1729, 1729, 9147, 9138, 9138, 9147, 9144, 9144, 9147, 673, 1070, 1071, 2579, 2574, 2576, 2575, 2576, 2573, 2575, 2571, 2573, 2570, 1915, 2570, 1907, 5304, 1737, 5316, 5669, 5671, 5670, 5665, 5667, 5666, 472, 2016, 2014, 2026, 2033, 2029, 2029, 2033, 1724, 3116, 1699, 9136, 9071, 9138, 9144, 1070, 2579, 2578, 2579, 2574, 2578, 2575, 2573, 2571, 3135, 5669, 5670, 5670, 5671, 5668, 5671, 5665, 5668, 5668, 5665, 5666, 5666, 5667, 5663, 5667, 5664, 5663, 5663, 5664, 5662, 5661, 5662, 1981, 493, 472, 2027, 2027, 472, 2014, 2014, 2016, 2015, 2015, 2016, 2017, 2015, 2017, 2018, 2018, 2021, 2020, 2021, 2022, 2020, 2024, 2025, 2013, 2013, 2025, 2026, 2026, 2029, 2012, 3116, 9136, 9133, 9136, 9131, 9133, 9131, 9130, 3101, 3101, 9130, 9129, 9129, 9130, 9134, 9129, 9134, 9072, 9134, 9138, 9072, 9072, 9138, 9071, 9143, 673, 672, 9143, 9144, 673, 2577, 2578, 2574, 2577, 2574, 2575, 2571, 2570, 2553, 2553, 2570, 1915, 2553, 1915, 2552, 1915, 2554, 2552, 5663, 5662, 5661, 1981, 1290, 5660, 2015, 2018, 2019, 2019, 2018, 2020, 2020, 2022, 2023, 2023, 2022, 2024, 2023, 2024, 2013, 2013, 2012, 2011, 2013, 2026, 2012, 2011, 2012, 1486, 3109, 9131, 3101, 9071, 9144, 9143, 1015, 1070, 1063, 1070, 2578, 1063, 1063, 2578, 2577, 2577, 2575, 2572, 2572, 2575, 2571, 2572, 2571, 2553, 3136, 5316, 3135, 3135, 5670, 5672, 5672, 5670, 5668, 5672, 5668, 5666, 5666, 5663, 3127, 3127, 5663, 5661, 2028, 2027, 2014, 2028, 2014, 2015, 3116, 9133, 3109, 3109, 9133, 9131, 3101, 9129, 9128, 9128, 9129, 9072, 9072, 9071, 9069, 9071, 9143, 9142, 9142, 9143, 672, 1062, 1063, 2595, 2595, 1063, 2594, 1063, 2577, 2594, 2594, 2577, 2590, 2577, 2572, 2590, 2590, 2572, 2586, 2586, 2572, 2584, 2572, 2553, 2584, 2584, 2553, 2585, 3136, 3133, 5246, 3136, 3124, 3133, 3122, 3135, 5672, 3122, 5672, 3121, 3121, 5672, 3120, 5672, 5666, 3120, 3120, 5666, 3125, 3125, 5666, 3127, 3127, 5661, 3131, 3131, 5661, 2897, 5661, 1981, 5660, 493, 451, 433, 493, 2760, 451, 2079, 2028, 2078, 2028, 2015, 2078, 2078, 2015, 2080, 2080, 2015, 2019, 2019, 2020, 2080, 2080, 2020, 2093, 2020, 2023, 2093, 2093, 2023, 2041, 2041, 2023, 2013, 2041, 2013, 2032, 2032, 2013, 2031, 2031, 2013, 2011, 2031, 2011, 2010, 2010, 2011, 1466, 1466, 2011, 1486, 3100, 3101, 9128, 3100, 9128, 3103, 9128, 9072, 3103, 3103, 9072, 3105, 3105, 9072, 3115, 3115, 9072, 9069, 1062, 991, 926, 2608, 2585, 2547, 2585, 2553, 2547, 2547, 2552, 2546, 2547, 2553, 2552, 2895, 2897, 5661, 433, 451, 406, 3116, 3110, 8821, 3110, 8823, 8821, 9070, 3115, 9069, 9142, 702, 9140, 9071, 9142, 9140, 991, 990, 926, 2895, 5661, 2899, 4436, 9070, 3443, 9070, 9069, 3443, 3443, 9069, 9068, 9068, 9071, 9073, 9068, 9069, 9071, 9073, 9071, 9140, 208, 271, 200, 990, 925, 926, 5660, 1257, 1302, 1302, 1257, 1280, 4433, 4436, 3443, 2607, 2608, 2547, 3436, 9068, 9067, 3436, 3443, 9068, 9067, 9068, 9073, 9140, 668, 9141, 9140, 702, 668, 9073, 9140, 9141, 5245, 5268, 5248, 406, 424, 407, 271, 269, 200, 2607, 2547, 2540, 2892, 2895, 2899, 2540, 2547, 2546, 5657, 1302, 1301, 2005, 1430, 2007, 3434, 3436, 9067, 9073, 9141, 9146, 9141, 668, 660, 9146, 660, 656, 9146, 9141, 660, 2609, 2607, 2540, 3434, 9067, 9064, 9064, 9067, 9065, 9067, 9073, 9065, 9065, 9073, 9146, 2540, 2546, 2545, 9146, 710, 9074, 9065, 9146, 9074, 9074, 710, 667, 2609, 2540, 2556, 9065, 9074, 9066, 9066, 667, 655, 9066, 9074, 667, 9064, 9065, 9063, 9063, 9065, 9066, 2007, 1430, 1372, 2540, 2545, 2538, 2538, 2545, 2548, 5657, 1301, 1300, 8821, 8824, 8822, 9061, 9064, 9063, 9063, 9066, 9075, 9075, 9066, 655, 9061, 9063, 9062, 9062, 9063, 9075, 9075, 655, 652, 2004, 2007, 1372, 200, 269, 202, 9062, 9075, 9076, 9076, 9075, 652, 2004, 1372, 1464, 2536, 2538, 2548, 9059, 9061, 9062, 9076, 652, 653, 9059, 9062, 9137, 9137, 9062, 9077, 9062, 9076, 9077, 9077, 9076, 653, 2002, 2004, 2006, 2006, 2004, 1464, 269, 264, 202, 5654, 1300, 1297, 2536, 2548, 2541, 9060, 9137, 9077, 2001, 2002, 2006, 2006, 1464, 1359, 409, 410, 384, 9077, 653, 654, 5250, 5251, 5238, 264, 261, 202, 2001, 2006, 1359, 8822, 8826, 8810, 9060, 9077, 9078, 9078, 9077, 654, 2534, 2536, 2535, 2535, 2536, 2541, 9080, 9078, 9079, 9080, 9150, 9078, 9079, 9078, 654, 202, 261, 205, 1999, 2001, 1360, 2001, 1359, 1360, 9079, 654, 650, 9080, 9079, 9081, 9081, 9079, 650, 8810, 8826, 3241, 9106, 9080, 9082, 9082, 9080, 9081, 3241, 8826, 8903, 9082, 9081, 9083, 9083, 9081, 696, 9081, 650, 696, 2535, 2541, 2543, 5238, 5251, 5252, 410, 412, 411, 1370, 1999, 1360, 9106, 9082, 9151, 9151, 9082, 9083, 5238, 5252, 5234, 9091, 9106, 9151, 261, 262, 205, 3431, 3427, 9090, 3427, 9091, 9090, 9090, 9091, 9151, 9151, 9083, 9084, 9084, 696, 695, 9084, 9083, 696, 5234, 5252, 5266, 411, 412, 413, 3437, 3431, 9090, 205, 262, 206, 909, 1000, 929, 5648, 1294, 1289, 412, 443, 413, 1465, 1995, 1370, 3254, 9090, 9089, 3254, 3437, 9090, 9089, 9090, 9105, 9090, 9151, 9105, 9105, 9151, 9084, 1000, 1065, 929, 443, 500, 413, 1993, 1995, 1465, 3245, 3243, 3252, 3252, 3253, 3254, 9105, 9084, 9085, 9085, 9084, 695, 929, 1064, 1029, 929, 1065, 1064, 5644, 5648, 1289, 413, 500, 499, 2115, 6618, 3591, 6618, 2121, 3591, 3591, 2121, 3588, 3588, 2121, 2081, 3250, 3235, 3238, 3250, 3238, 9148, 3238, 3243, 3245, 1029, 1064, 1050, 5266, 3692, 5267, 5266, 3699, 3692, 2108, 2114, 2111, 2044, 2045, 1990, 1990, 2045, 2030, 1990, 2030, 1993, 2030, 1996, 1993, 9113, 9139, 9148, 9139, 3250, 9148, 9087, 9089, 9105, 3549, 3405, 3548, 3549, 3406, 3405, 3548, 3547, 3546, 3548, 3405, 3547, 3544, 2772, 2555, 2551, 2550, 2582, 3692, 3691, 5267, 3528, 3535, 3522, 3522, 3535, 3534, 3522, 3534, 3521, 3521, 3534, 3533, 3533, 3534, 3632, 2904, 5644, 5643, 2904, 2903, 5644, 5643, 5644, 5647, 5647, 5644, 1286, 5644, 1289, 1286, 413, 499, 462, 2106, 2111, 2110, 2106, 2108, 2111, 2110, 2111, 2112, 2060, 2059, 2057, 2060, 2071, 2059, 2057, 2059, 2054, 2059, 2083, 2067, 2083, 2085, 2067, 2054, 2059, 2067, 2067, 2085, 2069, 2054, 2067, 2052, 2067, 2069, 2052, 2052, 2069, 2049, 2069, 2072, 2068, 2069, 2085, 2072, 2049, 2069, 2068, 2049, 2068, 2048, 2068, 2072, 2070, 2068, 2070, 2048, 2070, 2072, 2088, 2048, 2070, 2036, 2070, 2088, 2073, 2036, 2070, 2073, 2088, 2089, 2073, 2036, 2073, 1986, 2073, 2089, 2043, 2073, 2043, 1986, 1986, 2043, 1987, 2089, 2044, 2043, 2043, 2044, 1987, 1987, 2044, 1990, 1990, 1993, 1991, 9125, 8889, 9120, 9120, 9119, 9122, 9120, 9118, 9119, 9119, 9118, 9115, 9122, 9119, 9126, 9126, 9119, 9115, 9126, 9115, 9103, 9103, 9115, 9114, 9114, 9127, 9113, 9114, 9113, 9103, 9103, 9113, 9099, 9113, 9148, 9099, 9099, 9148, 9104, 9087, 9105, 9085, 3546, 3401, 3545, 3546, 3547, 3401, 3545, 3400, 2568, 3545, 3401, 3400, 2568, 3400, 2566, 2566, 3400, 3540, 3400, 3402, 3540, 3540, 3402, 3541, 3541, 3402, 3398, 3398, 3397, 3541, 3541, 3397, 3542, 3542, 3397, 3396, 3542, 3396, 3543, 3396, 3399, 3543, 3543, 3399, 3544, 3399, 3403, 3544, 2596, 2551, 2597, 2551, 2582, 2597, 2597, 2582, 2598, 3662, 3698, 3660, 3698, 3690, 3687, 3698, 3687, 3697, 3698, 3697, 3660, 3697, 3687, 3686, 3660, 3697, 3659, 3659, 3697, 3657, 3697, 3686, 3684, 3697, 3684, 3696, 3657, 3697, 3696, 3657, 3696, 3655, 3696, 3678, 3695, 3696, 3684, 3678, 3655, 3696, 3651, 3696, 3695, 3651, 3695, 3678, 3694, 3695, 3694, 3651, 3678, 3681, 3694, 3651, 3694, 3648, 3681, 3682, 3694, 3648, 3682, 3643, 3648, 3694, 3682, 3643, 3703, 3646, 3643, 3646, 3644, 3646, 3647, 3644, 8378, 3632, 3638, 3645, 8378, 3638, 462, 499, 505, 2105, 2107, 2106, 2106, 2110, 2109, 2060, 2057, 2058, 2058, 2057, 2056, 2056, 2057, 2054, 2056, 2054, 2055, 2055, 2054, 2053, 2054, 2052, 2053, 2053, 2052, 2051, 2052, 2049, 2051, 2051, 2049, 2050, 2050, 2049, 2047, 2049, 2048, 2047, 2047, 2048, 1983, 2048, 2036, 1983, 1984, 1986, 1987, 1984, 1987, 1988, 1988, 1987, 1989, 1989, 1987, 1990, 1989, 1990, 1991, 1991, 1993, 1465, 8670, 8889, 9125, 9123, 9125, 9120, 9123, 9120, 9122, 9123, 9122, 9124, 9124, 9122, 9126, 9124, 9126, 9149, 9149, 9103, 9101, 9149, 9126, 9103, 9101, 9103, 9098, 9098, 9103, 9099, 9088, 9087, 9086, 9087, 9085, 9086, 9086, 695, 713, 9086, 9085, 695, 2601, 2596, 2600, 2601, 2591, 2596, 2600, 2596, 2599, 2599, 2597, 2598, 2599, 2596, 2597, 3662, 3660, 3661, 3661, 3660, 3658, 3660, 3659, 3658, 3659, 3657, 3658, 3658, 3657, 3656, 3657, 3655, 3656, 3656, 3655, 3654, 3654, 3655, 3651, 3654, 3651, 3652, 3652, 3651, 3650, 3651, 3648, 3650, 3650, 3648, 3642, 3648, 3643, 3642, 2105, 2106, 2100, 2106, 2109, 2100, 2109, 2113, 2100, 2066, 2060, 2058, 2058, 2056, 2062, 2062, 2056, 2055, 2062, 2055, 2061, 2061, 2055, 2053, 2061, 2053, 2065, 2053, 2051, 2065, 2065, 2051, 2064, 2064, 2051, 2063, 2051, 2050, 2063, 2050, 2047, 2063, 2063, 2047, 2046, 2046, 2047, 1983, 2046, 1983, 2042, 1983, 1984, 2042, 2042, 1984, 1994, 1994, 1984, 1988, 1994, 1988, 1992, 1992, 1988, 1989, 1482, 1991, 1465, 8670, 9125, 8712, 8712, 9125, 9123, 9123, 9124, 8712, 8712, 9124, 8741, 8741, 9124, 9149, 8741, 9149, 9100, 9149, 9101, 9100, 9100, 9101, 9098, 9100, 9098, 9097, 9097, 9098, 9095, 9097, 9095, 9094, 9094, 9095, 9093, 9094, 9088, 9096, 9094, 9093, 9088, 9096, 9088, 9102, 9102, 9088, 9086, 9102, 9086, 713, 1024, 1031, 1040, 2602, 2601, 2600, 5235, 3671, 5282, 5235, 3667, 3671, 3677, 3637, 1287, 3677, 1287, 1288, 462, 505, 2105, 478, 462, 2105, 478, 2105, 2104, 2105, 2100, 2104, 2104, 2100, 2076, 2100, 2066, 2076, 2066, 2058, 2076, 2075, 2062, 2096, 2096, 2061, 2065, 2101, 2065, 2064, 2042, 1994, 2103, 2103, 1994, 2077, 2077, 1994, 1992, 8740, 8685, 8712, 8750, 9094, 8693, 9094, 9096, 8693, 1024, 1040, 1073, 3671, 3675, 5282, 1637, 166, 1636, 986, 1071, 959, 1761, 1658, 1654, 1658, 1642, 1654, 1654, 1642, 1643, 1643, 1642, 1641, 1734, 1641, 1764, 1734, 1764, 5247, 1724, 1684, 1686, 1686, 1685, 1687, 1687, 1685, 1693, 1693, 1685, 1697, 1693, 1699, 1695, 1693, 1697, 1699, 5247, 1764, 5304, 432, 405, 472, 959, 1071, 1070, 959, 1070, 946, 5247, 5304, 5244, 5304, 5316, 5244, 432, 472, 433, 472, 493, 433, 5244, 3136, 5246, 5244, 5316, 3136, 1015, 1063, 927, 927, 1063, 1062, 927, 1062, 926, 5246, 3133, 5245, 5245, 3133, 5268, 2899, 5661, 5656, 5656, 5661, 5660, 2010, 1466, 2008, 5656, 5660, 1302, 5659, 2899, 5656, 1256, 1302, 1280, 3580, 3585, 3732, 2008, 1466, 1430, 5659, 5656, 5655, 5655, 5656, 1302, 2009, 2008, 2005, 2008, 1430, 2005, 5655, 1302, 5657, 3471, 3434, 8460, 3472, 3471, 8460, 3462, 3461, 3472, 3461, 3470, 3472, 3462, 3472, 9112, 9112, 8460, 9110, 9112, 3472, 8460, 3434, 9064, 8460, 387, 407, 408, 3732, 3585, 3730, 8460, 9064, 9109, 9110, 8460, 9109, 2556, 2540, 2539, 8821, 8822, 8820, 9109, 9064, 9061, 2539, 2540, 2538, 2005, 2007, 2004, 9108, 9109, 9061, 2009, 2005, 2003, 2003, 2005, 2004, 924, 923, 921, 2583, 2556, 2539, 3585, 3587, 3730, 9107, 9108, 9061, 200, 202, 201, 921, 923, 922, 5655, 5657, 5658, 5658, 5657, 1300, 2891, 5659, 2882, 2882, 5659, 5658, 5659, 5655, 5658, 9145, 9107, 9058, 9058, 9107, 9061, 3730, 3587, 3729, 9056, 9145, 9058, 2034, 2009, 2003, 2583, 2539, 2537, 2537, 2539, 2538, 9058, 9061, 9059, 2003, 2004, 2002, 2587, 2583, 2537, 2537, 2538, 2536, 9056, 9058, 9057, 9057, 9058, 9059, 1300, 5654, 5658, 3587, 3589, 3729, 2034, 2003, 2000, 2000, 2003, 2002, 9053, 9056, 9057, 9053, 9057, 9059, 5651, 2882, 5658, 3729, 3589, 3728, 2587, 2537, 2544, 9053, 9059, 9060, 9059, 9137, 9060, 5651, 5658, 5653, 5653, 5658, 5654, 3589, 3586, 3728, 2589, 2587, 2544, 2537, 2536, 2534, 2885, 2882, 5651, 2544, 2537, 2534, 9050, 9053, 9054, 9054, 9053, 9060, 922, 942, 907, 5654, 1297, 5653, 2000, 2002, 2001, 3728, 3586, 3731, 9054, 9060, 9150, 9060, 9078, 9150, 5651, 5653, 5650, 5650, 5653, 1297, 2885, 5651, 2887, 2887, 5651, 5650, 3586, 3583, 3731, 2588, 2589, 2544, 2035, 2034, 2000, 907, 942, 908, 1297, 1295, 5652, 9152, 9054, 9150, 9152, 9150, 9080, 5650, 1297, 5652, 2000, 2001, 1999, 942, 943, 908, 2035, 2000, 1998, 2000, 1999, 1998, 2588, 2544, 2542, 2544, 2534, 2542, 2542, 2534, 2535, 1295, 1294, 5652, 9080, 9106, 9152, 5652, 1294, 5648, 9055, 9152, 9106, 5649, 2887, 5650, 8479, 9055, 9092, 9092, 9055, 9106, 5649, 5650, 5652, 1998, 1999, 1995, 1995, 1999, 1370, 3451, 8479, 3450, 3451, 3454, 8479, 3450, 8479, 9092, 2593, 2588, 2542, 2542, 2535, 2543, 2889, 2887, 5649, 5649, 5652, 5648, 9092, 9106, 9091, 908, 943, 909, 3583, 3584, 3731, 1997, 2035, 1998, 3449, 3450, 9092, 3449, 9092, 9091, 2549, 2542, 2543, 3731, 3584, 3733, 1997, 1998, 1995, 2593, 2542, 2549, 2549, 2543, 2550, 5644, 5649, 5648, 205, 206, 204, 2889, 5649, 5644, 3733, 3584, 3588, 1995, 1993, 1996, 1996, 1997, 1995, 3252, 3254, 9089, 2115, 3591, 3625, 3733, 3588, 2081, 8833, 3241, 8887, 9104, 3245, 3252, 929, 1029, 956, 2555, 2549, 2551, 2551, 2549, 2550, 5266, 5267, 5234, 9104, 3252, 9093, 9093, 3252, 9088, 3252, 9089, 9088, 9089, 9087, 9088, 956, 1029, 1039, 1029, 1050, 1039, 3549, 3548, 3550, 3550, 3548, 3551, 3548, 3552, 3551, 2603, 3551, 3552, 3552, 3545, 2569, 2603, 3552, 2569, 3520, 3528, 3522, 3520, 3522, 3519, 3519, 3522, 3521, 3521, 3533, 3526, 3526, 3533, 5854, 9095, 9104, 9093, 1039, 3407, 5115, 1039, 1050, 3407, 1032, 1039, 4489, 1039, 5115, 4489, 2605, 2603, 2592, 2592, 2603, 2569, 2569, 3545, 2568, 2592, 2569, 2567, 2569, 2568, 2567, 2568, 2566, 2567, 2567, 2566, 2565, 2566, 3540, 3541, 2566, 3541, 2564, 2565, 2566, 2564, 2565, 2564, 2563, 2564, 3541, 2562, 2563, 2564, 2562, 2563, 2562, 2561, 3541, 3542, 2562, 2562, 3542, 2559, 2562, 2559, 2561, 2561, 2559, 2560, 3542, 3543, 2559, 2560, 2559, 2557, 2559, 3543, 2558, 3543, 3544, 2558, 2559, 2558, 2557, 2558, 3544, 2555, 2558, 2555, 2557, 2557, 2555, 2551, 5234, 5267, 5235, 413, 462, 414, 3628, 2110, 2112, 2071, 2060, 3734, 2036, 1986, 1985, 9099, 9104, 9095, 1032, 1031, 1022, 1031, 1024, 1022, 2606, 2605, 2604, 2605, 2592, 2604, 2592, 2567, 2604, 2560, 2557, 2591, 414, 462, 434, 2060, 2066, 3734, 1022, 1024, 1023, 2606, 7178, 7176, 7178, 7179, 7176, 2599, 2598, 4919, 4919, 2598, 4923, 434, 462, 478, 2120, 1989, 2122, 2120, 1992, 1989, 2122, 1991, 3378, 2122, 1989, 1991, 3378, 1991, 1482, 8527, 9102, 8541, 8541, 713, 764, 8541, 9102, 713, 764, 713, 648, 1023, 1024, 1072, 1024, 1073, 1072, 434, 478, 8638, 8525, 9096, 8527, 8525, 8693, 9096, 206, 8694, 8695, 1637, 1636, 957, 957, 1636, 986, 1653, 1654, 1643, 1644, 1643, 1641, 1644, 1641, 1645, 1645, 1641, 1734, 1592, 486, 1589, 464, 486, 405, 570, 303, 682, 682, 303, 1720, 1720, 303, 209, 957, 986, 959, 1688, 1724, 1686, 432, 433, 404, 209, 208, 207, 959, 946, 933, 933, 946, 927, 5244, 5246, 5245, 404, 433, 406, 927, 926, 920, 920, 926, 925, 3602, 3579, 3580, 3602, 3612, 3601, 3602, 3580, 3612, 208, 200, 207, 3600, 3602, 3601, 3612, 3732, 3614, 3612, 3580, 3732, 3601, 3612, 3614, 3600, 3601, 3599, 3599, 3601, 3614, 920, 925, 921, 925, 924, 921, 3614, 3732, 3618, 3599, 3614, 3618, 3597, 3600, 3599, 207, 200, 201, 3463, 3462, 9112, 3463, 9112, 9111, 9111, 9112, 9110, 5248, 5249, 5241, 3732, 3730, 3618, 9111, 9110, 9108, 3466, 3463, 9111, 9110, 9109, 9108, 5241, 5249, 5211, 3597, 3599, 3596, 3596, 3599, 3618, 3466, 9111, 9145, 9145, 9108, 9107, 9145, 9111, 9108, 3618, 3730, 3617, 3596, 3618, 3617, 3595, 3597, 3596, 3617, 3730, 3729, 3467, 3466, 9145, 5211, 5249, 5250, 9145, 9056, 3467, 5211, 5250, 5239, 3617, 3729, 3615, 3596, 3617, 3615, 3595, 3596, 3594, 3594, 3596, 3615, 3467, 9056, 9049, 9056, 9053, 9049, 3468, 3467, 9049, 3729, 3728, 3615, 3615, 3728, 3616, 3594, 3615, 3616, 408, 409, 384, 3593, 3595, 3594, 5239, 5250, 5218, 9049, 9050, 9048, 3468, 9049, 9048, 5250, 5238, 5218, 3456, 3468, 9048, 3616, 3728, 3731, 5218, 5238, 5237, 3593, 3594, 3598, 3598, 3594, 3616, 3464, 3456, 9048, 3603, 3593, 3598, 3616, 3731, 3619, 3598, 3616, 3619, 9050, 9054, 9051, 9054, 9152, 9051, 9048, 9050, 9051, 3464, 9048, 9052, 9052, 9048, 9051, 203, 202, 205, 9051, 9152, 9055, 9052, 9051, 9055, 3464, 9052, 3469, 3469, 9052, 9055, 9055, 8479, 3469, 5237, 5238, 5234, 3604, 3603, 3598, 908, 909, 906, 3604, 3598, 3605, 3619, 3731, 3733, 3605, 3598, 3619, 3619, 3733, 3613, 3605, 3619, 3613, 8810, 3241, 8833, 909, 929, 906, 3606, 3605, 3607, 3606, 3604, 3605, 3733, 2081, 3613, 3607, 3605, 3613, 2081, 2071, 3613, 8887, 8889, 8833, 5116, 3553, 8269, 3553, 3551, 3554, 3553, 3550, 3551, 3554, 3551, 2603, 8269, 3553, 3554, 3524, 3520, 3517, 3517, 3520, 3519, 3519, 3521, 3526, 3608, 3606, 3607, 956, 1032, 1022, 956, 1039, 1032, 5114, 8269, 8268, 5114, 5116, 8269, 3554, 2603, 7175, 2603, 2605, 7175, 8268, 3554, 7175, 8268, 8269, 3554, 8371, 8376, 8373, 3610, 3608, 3609, 3608, 3607, 3609, 3613, 2071, 3611, 2071, 3734, 3611, 3609, 3607, 3611, 3607, 3613, 3611, 5117, 5114, 8268, 2605, 2606, 7175, 3610, 3609, 3611, 8833, 8670, 8672, 8833, 8889, 8670, 955, 1022, 1023, 7175, 2606, 7176, 4920, 2599, 4918, 4920, 2600, 2599, 4918, 2599, 4919, 6712, 6716, 7101, 7101, 7102, 7100, 7101, 6716, 7102, 7100, 7102, 7786, 3379, 2122, 3376, 2122, 3378, 3376, 3376, 3378, 3374, 3378, 1482, 3374, 3374, 1482, 1487, 671, 764, 648, 6737, 2120, 3379, 8524, 8527, 8540, 8527, 8541, 8540, 8540, 8541, 764, 281, 206, 8695, 1650, 1653, 1644, 1644, 1653, 1643, 1591, 1592, 1589, 1589, 486, 464, 1688, 1686, 1687, 1695, 1699, 1696, 405, 432, 404, 1699, 3116, 1696, 957, 959, 933, 1270, 1273, 1271, 5247, 5244, 5245, 404, 406, 401, 3116, 8821, 8804, 5245, 5248, 5241, 8804, 8821, 8820, 406, 407, 387, 8820, 8822, 8831, 203, 201, 202, 8831, 8822, 8810, 907, 908, 906, 384, 410, 411, 203, 205, 204, 906, 929, 928, 928, 929, 956, 3524, 3517, 3525, 3524, 3525, 4954, 3525, 3517, 3523, 3517, 3519, 3518, 3518, 3526, 3527, 3518, 3519, 3526, 3527, 3526, 3529, 3529, 3526, 5851, 956, 1022, 955, 414, 434, 415, 5119, 8268, 8270, 5119, 5117, 8268, 5118, 5119, 7182, 5119, 8270, 7182, 8270, 8268, 7177, 8268, 7175, 7177, 7177, 7175, 7176, 7182, 8270, 7177, 4925, 4920, 4918, 4918, 4919, 4921, 4921, 4919, 4923, 7101, 7100, 7090, 7100, 8402, 7071, 3377, 3379, 3376, 3377, 3376, 3369, 8533, 8540, 8532, 211, 206, 281, 4935, 4925, 8699, 5235, 5282, 5281, 7071, 7786, 7782, 7071, 8402, 7786, 6737, 6738, 8731, 8480, 8528, 8533, 8528, 8524, 8533, 8540, 764, 8532, 8532, 764, 671, 1645, 1734, 1646, 1646, 1734, 5272, 1591, 1589, 1590, 5272, 1734, 5247, 933, 927, 920, 207, 201, 199, 921, 922, 912, 922, 907, 912, 8807, 8831, 8810, 408, 384, 382, 384, 411, 383, 5231, 5237, 5234, 8810, 8833, 8811, 411, 413, 383, 383, 413, 414, 5234, 5235, 5233, 3530, 3525, 3523, 3523, 3517, 3518, 928, 956, 955, 5851, 5853, 5850, 8380, 4957, 8383, 8380, 8379, 4957, 955, 1023, 1038, 4922, 4918, 4921, 4922, 4921, 4924, 4921, 4923, 4930, 7090, 7100, 7085, 7088, 7090, 7085, 3366, 3379, 3377, 3369, 3376, 3372, 3372, 3376, 3374, 3374, 1487, 1481, 8531, 8533, 8532, 1038, 1023, 1066, 1023, 1072, 1066, 4066, 4067, 4065, 4066, 4069, 4067, 4065, 4067, 4092, 6715, 6712, 7088, 7085, 7100, 7071, 7071, 7070, 7069, 8678, 8676, 8730, 8542, 8480, 8531, 8480, 8533, 8531, 7069, 7068, 7066, 7069, 7070, 7068, 7066, 7068, 7067, 1647, 1650, 1644, 1590, 1589, 1587, 1587, 1589, 464, 1720, 209, 210, 1688, 1687, 1690, 1690, 1687, 1693, 403, 405, 404, 919, 957, 933, 933, 920, 918, 8804, 8820, 8805, 8805, 8820, 8831, 199, 201, 198, 198, 201, 203, 905, 912, 907, 905, 907, 906, 382, 384, 383, 5231, 5234, 5233, 3530, 3523, 3531, 3530, 3531, 3770, 3523, 3518, 3531, 3531, 3518, 3532, 3532, 3518, 3529, 3518, 3527, 3529, 3769, 3532, 3529, 383, 414, 415, 204, 206, 211, 928, 955, 950, 3773, 3530, 3770, 3529, 5851, 3772, 3769, 3529, 3772, 3773, 3770, 3768, 3768, 3770, 3769, 950, 955, 1045, 955, 1038, 1045, 4926, 4921, 4930, 3773, 3768, 3771, 3366, 3377, 3369, 8482, 8531, 8530, 1045, 1038, 4066, 1045, 4066, 4064, 4066, 4065, 4064, 4064, 4063, 4061, 4064, 4065, 4063, 4061, 4062, 4059, 4061, 4063, 4062, 4059, 4062, 6023, 5235, 5281, 5275, 8370, 3771, 3774, 6715, 7088, 7087, 7087, 7088, 7085, 7085, 7071, 7080, 7080, 7071, 7074, 7071, 7069, 7074, 7074, 7069, 7072, 7069, 7066, 7072, 8530, 8532, 8534, 8530, 8531, 8532, 8534, 8532, 8535, 8535, 8532, 671, 281, 8695, 308, 1066, 8706, 8747, 7072, 5768, 7073, 7072, 7066, 5768, 7073, 5768, 5766, 156, 1637, 1638, 1638, 1637, 957, 1647, 1644, 1646, 1646, 1644, 1645, 464, 405, 403, 1689, 1688, 1690, 1690, 1693, 1694, 1694, 1695, 1696, 1694, 1693, 1695, 210, 209, 207, 1696, 3116, 8827, 8827, 3116, 8804, 920, 921, 916, 387, 408, 386, 408, 382, 386, 203, 204, 198, 8811, 8833, 8813, 8813, 8833, 8672, 3771, 3769, 3772, 950, 1045, 1044, 8483, 8482, 8530, 1044, 1045, 4070, 1044, 4070, 7375, 4070, 4064, 4073, 4070, 1045, 4064, 4073, 4064, 4071, 4064, 4061, 4071, 7803, 4071, 7804, 7803, 4073, 4071, 4071, 4061, 4060, 4060, 4059, 4057, 4060, 4061, 4059, 4057, 4059, 4058, 7089, 6715, 7087, 7087, 7085, 7086, 7086, 7085, 7080, 7084, 7080, 7082, 7084, 7086, 7080, 7082, 7080, 7074, 7074, 7072, 7075, 7082, 7074, 7075, 8535, 671, 670, 6057, 7803, 6033, 6057, 7375, 7803, 7803, 7804, 6033, 6033, 7804, 6031, 7075, 7072, 7073, 5766, 5768, 5767, 1587, 464, 1586, 1586, 464, 1588, 1588, 464, 479, 1691, 1689, 1690, 5272, 5247, 5243, 1901, 3014, 1922, 403, 404, 401, 1535, 3181, 3180, 1190, 1270, 1271, 919, 933, 918, 5247, 5245, 5243, 5243, 5245, 5240, 8807, 8810, 8809, 8809, 8810, 8811, 905, 906, 903, 5228, 5237, 5231, 383, 415, 381, 904, 928, 950, 904, 950, 993, 950, 1044, 993, 4927, 4930, 4931, 4927, 4926, 4930, 3366, 3369, 3368, 3368, 3369, 3370, 3369, 3372, 3370, 3372, 3374, 3373, 3373, 3374, 1481, 211, 281, 282, 993, 1044, 1046, 4074, 4070, 4073, 4074, 4073, 7803, 4090, 4060, 4075, 4090, 4071, 4060, 4090, 4075, 6102, 4060, 4057, 4075, 4057, 4058, 4056, 4056, 6023, 6026, 4928, 4924, 4927, 7089, 7087, 7083, 6901, 7089, 7083, 7083, 7087, 7086, 7083, 7086, 7084, 8678, 8730, 8714, 8537, 8530, 8534, 281, 308, 282, 1046, 1044, 7375, 7375, 6057, 1046, 6026, 6023, 6025, 7075, 7073, 5763, 7073, 5766, 5763, 5763, 5766, 5765, 5766, 5767, 5765, 282, 308, 315, 5765, 5767, 5770, 1638, 957, 1016, 1016, 957, 958, 1649, 1647, 1648, 1647, 1646, 1648, 1648, 1646, 5272, 1584, 1587, 1586, 479, 464, 403, 1692, 1691, 1701, 1692, 1689, 1691, 1691, 1690, 1700, 1700, 1690, 1694, 706, 682, 1720, 957, 919, 958, 1190, 1271, 1272, 401, 406, 387, 5245, 5241, 5240, 916, 921, 913, 913, 921, 910, 197, 199, 198, 921, 912, 910, 385, 386, 382, 5218, 5237, 5228, 906, 928, 903, 903, 928, 904, 5233, 5235, 5236, 904, 993, 994, 4929, 4927, 4931, 5236, 5235, 5275, 3370, 3372, 3373, 8484, 8483, 8529, 8483, 8530, 8529, 8529, 8530, 5845, 4076, 4057, 4068, 4076, 4075, 4057, 6102, 4076, 6098, 4076, 4068, 6098, 4068, 4057, 4054, 4057, 4056, 4054, 4054, 4056, 4055, 4928, 4927, 4929, 4928, 4929, 4201, 5845, 8530, 8537, 8537, 8534, 8538, 8538, 8534, 8536, 8534, 8535, 8536, 8536, 8535, 649, 8535, 670, 649, 993, 1046, 1051, 6032, 6098, 6034, 6032, 6102, 6098, 6898, 6901, 7083, 7083, 7084, 7078, 7084, 7082, 7078, 7078, 7082, 7076, 7082, 7075, 7076, 7076, 7075, 5763, 5765, 5770, 5771, 5402, 1940, 3896, 5402, 3896, 3901, 3901, 3896, 3888, 3900, 3893, 5404, 3893, 3898, 5404, 5404, 3898, 5322, 5322, 3898, 3902, 3907, 3908, 7847, 6718, 3873, 3869, 7847, 3908, 5690, 1649, 1648, 1651, 1651, 1648, 1652, 1652, 5272, 3904, 1652, 1648, 5272, 3904, 5272, 5243, 1584, 1586, 1585, 1585, 1586, 1593, 1593, 1588, 1598, 1593, 1586, 1588, 1598, 1588, 1596, 1588, 479, 1596, 1759, 1691, 1758, 1691, 1700, 1758, 1758, 1700, 1694, 1758, 1694, 1762, 1762, 1694, 1721, 1694, 1696, 1721, 1721, 1696, 2633, 958, 919, 975, 401, 387, 388, 196, 207, 199, 8805, 8831, 8807, 5231, 5233, 5232, 5232, 5233, 5236, 416, 415, 444, 3375, 3366, 3365, 3375, 3365, 6174, 3365, 3366, 3364, 3366, 3368, 3364, 1467, 3373, 1481, 8813, 8672, 8673, 8484, 8529, 5847, 5847, 8529, 5845, 211, 282, 283, 4089, 4068, 4052, 4068, 4054, 4052, 4054, 4055, 4053, 5236, 5275, 4189, 444, 415, 485, 5899, 5901, 8484, 5899, 5900, 5901, 5848, 5847, 5846, 5847, 5845, 5846, 5845, 8537, 5844, 5846, 5845, 5843, 5845, 5844, 5843, 5844, 8537, 8539, 8539, 8537, 8538, 283, 282, 296, 994, 1051, 1052, 994, 993, 1051, 7095, 6898, 7092, 7095, 7092, 3790, 7092, 6898, 7083, 7083, 7078, 7079, 7079, 7078, 7077, 7077, 7078, 7076, 7076, 5763, 7077, 7077, 5764, 4185, 7077, 5763, 5764, 4185, 5764, 4183, 296, 282, 298, 282, 315, 298, 4200, 4202, 9045, 4199, 4197, 4198, 4198, 4191, 4189, 4198, 4197, 4191, 4189, 4191, 4190, 4191, 4192, 4190, 4190, 4193, 4194, 4190, 4192, 4193, 4194, 4193, 8625, 8625, 4193, 5574, 4183, 5764, 5769, 5405, 5400, 3568, 3568, 5400, 5401, 5401, 3899, 5403, 3568, 5401, 5403, 3915, 3911, 3914, 3914, 3911, 3909, 3819, 3878, 3823, 3819, 3876, 3878, 3878, 3875, 3823, 1938, 1940, 1937, 5403, 3899, 3900, 5322, 3902, 5321, 3916, 3917, 3915, 3909, 3911, 3910, 3910, 3913, 3912, 3827, 6721, 6722, 3815, 3827, 3817, 3868, 313, 311, 311, 313, 312, 1936, 1935, 1932, 1936, 1937, 1935, 5319, 3563, 5320, 3563, 5321, 5320, 5321, 3902, 5887, 3902, 3906, 5887, 5887, 3907, 5888, 5887, 3906, 3907, 3907, 7847, 5888, 3826, 6718, 3815, 3826, 6719, 6718, 3825, 3815, 3818, 3825, 3826, 3815, 3818, 3815, 3816, 3815, 3817, 3816, 3823, 3875, 3824, 3875, 3874, 3824, 156, 1638, 1016, 5319, 5320, 5306, 5306, 5674, 5676, 5306, 5320, 5674, 5888, 7847, 5678, 489, 4094, 1596, 4101, 4102, 4580, 2747, 2742, 6727, 6727, 6725, 6726, 6726, 6725, 6724, 6725, 6723, 6724, 6724, 6723, 6720, 6723, 1767, 6720, 3830, 3825, 3828, 3825, 3818, 3828, 3828, 3816, 3829, 3828, 3818, 3816, 5306, 3904, 5243, 5679, 5690, 5680, 5680, 5676, 5679, 1585, 1593, 1595, 489, 479, 488, 489, 1596, 479, 488, 479, 402, 479, 403, 402, 3830, 1721, 2633, 706, 1726, 1738, 1726, 706, 301, 706, 1720, 301, 301, 1720, 210, 1889, 1812, 1811, 1889, 1903, 1812, 975, 919, 917, 917, 919, 918, 5242, 5243, 5240, 196, 199, 194, 387, 386, 388, 912, 905, 911, 903, 904, 875, 5232, 5236, 5274, 904, 994, 1018, 3759, 4932, 3758, 3363, 3365, 3364, 3368, 3370, 3371, 3371, 3373, 1467, 3371, 3370, 3373, 8813, 8673, 8883, 8485, 8484, 8522, 8486, 8485, 8522, 250, 211, 283, 4089, 4052, 4088, 4089, 4088, 6097, 4052, 4053, 4051, 4052, 4054, 4053, 4051, 4053, 7484, 3759, 3758, 3754, 3758, 3753, 3754, 5236, 4189, 5308, 3753, 5236, 5308, 8883, 8673, 8271, 5896, 5897, 8486, 5897, 5899, 8486, 8522, 5847, 5848, 8522, 8484, 5847, 7663, 8522, 5848, 5834, 8539, 5833, 5834, 5844, 8539, 5831, 5834, 5833, 8539, 8538, 5833, 5831, 5833, 5832, 5833, 8538, 661, 8538, 8536, 661, 5832, 661, 5835, 5832, 5833, 661, 8536, 649, 661, 5835, 661, 5836, 661, 5840, 5836, 283, 296, 297, 9046, 9045, 3759, 9047, 9046, 3755, 9046, 3759, 3755, 3755, 3759, 3754, 5308, 4189, 8320, 4189, 8321, 8320, 3751, 8320, 3760, 3751, 5308, 8320, 8320, 8319, 8318, 8320, 8321, 8319, 8320, 8318, 3760, 8318, 8319, 8317, 8317, 8319, 8625, 7093, 7092, 7091, 7092, 7083, 7091, 7091, 7083, 7081, 7083, 7079, 7081, 7079, 7077, 7081, 4179, 7081, 4181, 7081, 7077, 4184, 7081, 4184, 4181, 4184, 7077, 4185, 7663, 5925, 5924, 5923, 7663, 5924, 5838, 5831, 5832, 5838, 5832, 5837, 5832, 5835, 5837, 5837, 5836, 5839, 5837, 5835, 5836, 8625, 5574, 8624, 3789, 3790, 3786, 5837, 5839, 5842, 319, 298, 5841, 5842, 5839, 5841, 5839, 319, 5841, 5528, 9047, 3755, 5528, 3755, 3767, 5528, 3767, 5524, 5531, 5522, 5524, 3767, 5531, 5524, 8151, 8149, 4182, 3565, 5405, 3568, 3916, 3915, 3914, 3819, 3823, 3820, 1935, 1937, 3565, 3565, 3568, 3566, 1935, 3565, 3562, 3565, 3566, 3562, 3566, 5403, 3567, 3566, 3568, 5403, 3566, 3567, 3562, 3562, 3567, 3563, 5403, 5404, 3567, 5404, 5322, 3567, 3567, 5322, 5321, 4582, 3916, 4571, 3916, 3914, 4571, 4571, 3909, 4573, 4571, 3914, 3909, 3909, 3910, 3912, 4573, 3909, 4577, 3909, 3912, 4577, 3912, 3913, 4580, 4577, 3912, 4580, 3817, 3819, 3816, 3816, 3820, 3821, 3816, 3819, 3820, 3821, 3820, 3823, 755, 3868, 311, 755, 733, 3868, 310, 311, 295, 311, 312, 295, 1934, 1935, 3560, 1935, 3562, 3560, 3560, 3562, 3561, 3561, 3562, 3563, 3563, 5319, 3564, 3561, 3563, 3564, 5673, 5887, 5677, 5673, 5321, 5887, 5673, 5677, 5675, 5887, 5888, 5677, 5677, 5888, 5678, 5675, 5677, 5678, 4583, 4582, 4581, 4581, 4571, 4576, 4581, 4582, 4571, 4576, 4571, 4574, 4574, 4571, 4572, 4571, 4573, 4572, 4572, 4573, 4575, 4575, 4573, 4578, 4578, 4573, 4577, 3913, 4106, 4580, 5439, 3826, 3825, 3822, 3816, 3821, 3821, 3823, 3824, 312, 314, 295, 158, 156, 1640, 156, 1016, 1640, 3564, 5319, 1819, 1813, 3561, 1819, 3561, 3564, 1819, 1594, 4576, 1735, 1594, 4581, 4576, 1735, 4576, 4574, 4572, 489, 1662, 1735, 4572, 1662, 1735, 4574, 4572, 4579, 4577, 4580, 4579, 4578, 4577, 2741, 2747, 2744, 2741, 2744, 2693, 2744, 2747, 6728, 2747, 6727, 6728, 6727, 6726, 6728, 6728, 6726, 5435, 6726, 6724, 5435, 5435, 6724, 5440, 5435, 5440, 5436, 5440, 6720, 5438, 5440, 6724, 6720, 5436, 5438, 5437, 5436, 5440, 5438, 5439, 3825, 5437, 3825, 3830, 5437, 5438, 5439, 5437, 295, 301, 253, 295, 314, 301, 1016, 958, 977, 1812, 1814, 1777, 1777, 1814, 1813, 1814, 1827, 1813, 1813, 1827, 1828, 5319, 5306, 1819, 1819, 5306, 5243, 1584, 1585, 1577, 1577, 1585, 1594, 1585, 1595, 1594, 1662, 489, 488, 2635, 5436, 2633, 5436, 5437, 2633, 5437, 3830, 2633, 253, 301, 210, 977, 958, 975, 2633, 1696, 8827, 728, 706, 1738, 253, 210, 196, 210, 207, 196, 8803, 8804, 8805, 194, 199, 197, 8805, 8807, 8806, 382, 383, 381, 8812, 8811, 8813, 381, 415, 416, 877, 875, 904, 191, 211, 250, 3362, 3363, 3361, 3361, 3363, 3364, 3364, 3368, 3383, 3368, 3371, 3383, 3383, 3371, 3382, 8813, 8883, 8882, 8496, 8487, 8486, 4088, 4052, 4080, 4088, 4080, 6099, 4080, 4052, 4049, 4052, 4051, 4049, 4051, 7484, 7483, 6223, 3383, 6736, 3383, 3382, 6736, 3382, 3371, 1510, 3371, 1467, 1510, 8461, 1510, 8462, 8461, 8463, 8328, 8461, 8462, 8463, 8463, 8326, 8328, 8882, 8883, 8884, 8883, 8272, 8884, 8885, 8882, 8884, 5894, 5896, 8487, 8521, 8522, 7662, 8521, 8486, 8522, 8522, 7663, 7662, 283, 297, 316, 1018, 994, 1054, 1054, 994, 1053, 994, 1052, 1053, 6037, 6099, 6038, 7483, 7484, 6036, 3752, 3753, 3751, 3752, 3754, 3753, 3749, 3752, 3751, 3753, 5308, 3751, 3764, 8318, 8317, 3760, 3764, 3763, 3764, 8317, 8316, 7094, 7093, 4188, 7093, 7091, 4188, 4188, 7091, 4179, 7091, 7081, 4179, 4186, 4188, 4179, 8884, 8272, 8273, 8273, 8885, 8884, 7662, 5923, 7661, 297, 319, 316, 3755, 3754, 3752, 3755, 3752, 3756, 3752, 3749, 3756, 3756, 3749, 3757, 3749, 3751, 3750, 3751, 3760, 3750, 3761, 3760, 3762, 3761, 3750, 3760, 3762, 3763, 3765, 3762, 3760, 3763, 8624, 5574, 5527, 3788, 3789, 3786, 4187, 4186, 4182, 4186, 4179, 4182, 4182, 4179, 4180, 4179, 4181, 4180, 4180, 4181, 4183, 4181, 4184, 4183, 4184, 4185, 4183, 755, 311, 310, 730, 755, 310, 310, 295, 294, 758, 730, 2859, 730, 310, 2859, 2859, 310, 294, 1640, 1016, 1017, 1017, 1016, 977, 2744, 6728, 2745, 2745, 6728, 5435, 5434, 2745, 5435, 5434, 5435, 2634, 729, 730, 758, 294, 295, 253, 1811, 1812, 1777, 1777, 1813, 1779, 1813, 1819, 1779, 1572, 1584, 1577, 1577, 1594, 1575, 1594, 1735, 1575, 1575, 1662, 1573, 1575, 1735, 1662, 1573, 1662, 488, 2637, 5434, 2634, 5435, 5436, 2634, 2634, 5436, 2635, 729, 758, 705, 758, 2859, 705, 294, 253, 213, 976, 975, 932, 976, 977, 975, 2638, 2693, 2639, 2639, 2663, 2637, 2634, 2635, 2633, 213, 253, 196, 932, 975, 917, 402, 403, 401, 1190, 1272, 1265, 5240, 5241, 5211, 184, 197, 198, 910, 912, 911, 911, 905, 903, 184, 198, 193, 198, 204, 193, 204, 211, 191, 877, 904, 982, 982, 904, 1003, 904, 1018, 1003, 3766, 9154, 9153, 3360, 3362, 3361, 8813, 8882, 8327, 8496, 8486, 8521, 1003, 1018, 1054, 4081, 4049, 4048, 4081, 4080, 4049, 4049, 4051, 4050, 444, 485, 496, 3364, 3383, 6223, 6215, 3364, 6223, 3384, 3382, 1510, 1510, 8461, 3384, 8327, 8885, 8276, 8327, 8882, 8885, 8326, 8327, 8276, 5891, 5894, 8488, 8488, 8487, 8496, 8488, 5894, 8487, 8521, 7662, 7678, 250, 283, 316, 1003, 1054, 1075, 1054, 1078, 1075, 1075, 1078, 1079, 7483, 6036, 6035, 7825, 5367, 7823, 5367, 3750, 7823, 8223, 3764, 8302, 3764, 8316, 8302, 8316, 8624, 8322, 8885, 8273, 8276, 7678, 7662, 7661, 7823, 3761, 5548, 7823, 3750, 3761, 3765, 3763, 5532, 8322, 8624, 5533, 3784, 3788, 3786, 4186, 4187, 4517, 158, 1640, 1017, 167, 158, 1017, 167, 976, 6473, 154, 167, 6473, 1778, 1777, 1779, 1819, 5243, 5242, 2857, 294, 2856, 2857, 2859, 294, 2856, 294, 213, 6473, 976, 932, 3011, 3013, 3012, 194, 197, 184, 8803, 8805, 8806, 8812, 8813, 8814, 193, 204, 191, 982, 1003, 1002, 3361, 3364, 6214, 8489, 8496, 8773, 678, 711, 645, 1002, 1003, 6477, 4081, 4048, 4087, 4081, 4087, 6100, 4048, 4049, 4047, 4049, 4050, 4047, 6214, 3364, 6215, 5903, 8488, 8489, 5903, 5891, 8488, 8773, 8496, 7678, 8496, 8521, 7678, 6478, 149, 6060, 149, 6477, 6060, 6477, 1003, 1075, 6060, 6477, 1075, 4050, 7483, 6043, 5361, 7825, 5359, 5361, 5367, 7825, 5362, 5361, 5358, 5361, 5359, 5358, 5359, 7825, 7824, 8223, 8302, 8225, 8223, 8225, 8224, 8302, 8316, 8322, 3793, 3787, 7096, 3787, 7094, 7096, 7096, 7094, 4521, 7094, 4188, 4521, 4521, 4188, 4516, 4188, 4186, 4516, 7676, 7678, 7661, 6061, 6478, 6060, 5362, 5358, 5365, 5640, 5549, 5550, 8623, 8322, 5533, 3791, 3784, 3785, 3784, 3786, 3785, 4516, 4186, 4517, 1778, 1779, 1780, 1780, 1819, 1818, 1780, 1779, 1819, 1818, 1819, 5242, 1572, 1577, 1549, 1549, 1577, 1575, 1549, 1575, 1573, 716, 705, 2857, 155, 154, 6473, 2638, 2639, 2637, 2637, 2634, 2636, 2636, 2634, 2632, 2632, 2634, 2633, 2631, 2633, 8827, 8891, 8827, 8832, 8827, 8804, 8832, 195, 196, 194, 918, 920, 896, 388, 386, 389, 389, 386, 385, 5210, 5239, 5218, 389, 385, 419, 8808, 8807, 8809, 419, 385, 382, 8813, 8327, 8814, 192, 191, 250, 3357, 3359, 3358, 3359, 3360, 3358, 3360, 3361, 3358, 3358, 3361, 6214, 1002, 6477, 151, 4087, 4048, 4085, 4087, 4085, 6101, 4085, 4048, 4046, 4048, 4047, 4046, 4047, 4050, 7482, 6214, 6215, 6213, 5904, 5903, 8490, 8490, 8489, 8517, 8490, 5903, 8489, 8517, 8489, 8773, 7676, 8517, 8773, 6040, 6101, 6041, 7482, 4050, 6043, 5357, 5359, 8313, 5359, 7824, 8313, 8313, 7824, 7821, 7821, 5640, 5585, 7822, 8225, 8302, 8302, 8322, 8314, 8314, 8322, 8623, 7096, 4521, 4520, 4520, 4521, 4516, 7676, 7661, 7660, 5585, 5640, 5551, 5571, 5586, 5535, 5571, 5584, 5586, 8623, 5533, 5534, 4514, 4517, 8146, 4514, 4516, 4517, 155, 6473, 1028, 1793, 1811, 1777, 716, 2857, 2856, 1028, 6473, 932, 2638, 2637, 2636, 2632, 2633, 2628, 2628, 2633, 2631, 861, 917, 860, 861, 932, 917, 3011, 3012, 3010, 3178, 1470, 3179, 1224, 1190, 1265, 5242, 5240, 5214, 860, 918, 896, 860, 917, 918, 896, 920, 916, 5214, 5240, 5211, 8806, 8807, 8808, 902, 903, 875, 875, 877, 876, 877, 982, 876, 876, 1002, 1036, 876, 982, 1002, 5273, 5274, 5280, 3357, 3358, 3356, 1036, 151, 3048, 1036, 1002, 151, 4086, 4085, 4046, 4046, 4047, 4045, 4045, 4047, 7482, 3358, 6214, 6213, 5906, 5904, 8490, 8516, 8490, 8517, 7676, 8516, 8517, 192, 250, 5849, 6041, 6065, 6042, 5357, 8313, 5344, 5357, 5344, 5341, 5344, 7821, 8300, 5344, 8313, 7821, 8300, 7821, 6502, 7821, 7822, 6502, 6502, 7822, 8229, 7822, 8302, 8229, 5583, 6502, 5586, 6502, 8229, 5586, 8314, 8623, 8622, 3793, 7096, 6020, 6020, 7096, 4520, 4520, 4516, 4515, 4515, 4516, 4514, 5360, 5341, 5363, 5567, 5551, 5366, 5567, 5585, 5551, 8622, 8623, 5534, 3794, 3785, 3795, 3794, 3791, 3785, 3794, 3795, 6015, 4513, 4514, 8146, 1793, 1777, 1776, 1550, 1572, 1549, 741, 716, 2852, 716, 2856, 2852, 2852, 2856, 213, 1028, 932, 861, 3178, 3179, 3176, 8832, 8804, 8801, 8801, 8804, 8803, 8809, 8811, 8812, 376, 382, 381, 381, 416, 380, 5232, 5274, 5273, 380, 416, 417, 417, 416, 444, 3354, 3357, 3356, 3356, 3358, 6212, 4086, 4046, 4078, 4086, 4078, 6065, 4078, 4046, 4043, 4046, 4045, 4043, 4045, 7482, 7481, 6212, 3358, 6213, 5910, 8490, 8491, 5910, 5906, 8490, 8491, 8516, 8520, 8491, 8490, 8516, 8520, 8516, 7676, 7481, 7482, 6043, 5339, 5344, 8300, 8300, 6502, 6500, 6500, 6502, 5568, 6502, 5583, 5568, 8229, 8302, 8230, 8229, 8230, 8226, 8230, 8302, 8303, 8302, 8314, 8303, 8303, 8314, 8622, 3796, 3793, 6020, 3796, 6020, 6014, 7676, 7660, 7659, 5363, 5340, 5366, 8622, 5534, 5536, 399, 402, 401, 399, 401, 400, 400, 401, 388, 5210, 5211, 5239, 5218, 5228, 5230, 8819, 8809, 8812, 184, 193, 186, 3354, 3356, 3355, 3355, 3356, 6212, 4078, 4043, 4077, 4078, 4077, 6820, 4043, 4045, 4044, 4044, 7481, 7480, 444, 496, 417, 6212, 6213, 6211, 5913, 5911, 8491, 5911, 5910, 8491, 8511, 8491, 8520, 7659, 8511, 8520, 5339, 8300, 5336, 5339, 5336, 5337, 5336, 6500, 6499, 5336, 8300, 6500, 6499, 6500, 6495, 6500, 5568, 6495, 8303, 8622, 8621, 6020, 4520, 7097, 7097, 4520, 4515, 4515, 4514, 4511, 6495, 5568, 5575, 8621, 8622, 5539, 4511, 4514, 4513, 7304, 155, 1028, 1777, 1778, 1775, 1775, 1778, 1780, 1548, 1549, 1573, 2852, 213, 212, 2640, 2638, 2636, 212, 213, 196, 5214, 5211, 5209, 901, 911, 903, 419, 382, 376, 5229, 5231, 5232, 3352, 3367, 3354, 3355, 6212, 6210, 4083, 4077, 4041, 4077, 4043, 4041, 4041, 4043, 4042, 4043, 4044, 4042, 4042, 4044, 7480, 6210, 6212, 6211, 8492, 8491, 8511, 8492, 5913, 8491, 8511, 7659, 7658, 7480, 7481, 6064, 5336, 6499, 5343, 5336, 5343, 5338, 5343, 6499, 6492, 6492, 6495, 6494, 8228, 8230, 8231, 8230, 8303, 8231, 8231, 8303, 8621, 6012, 6020, 7097, 7097, 4515, 4519, 4519, 4511, 4510, 4519, 4515, 4511, 5342, 5338, 5364, 6494, 6495, 5576, 5540, 8231, 5541, 5540, 8228, 8231, 8231, 8621, 8603, 8621, 5539, 8603, 4512, 4511, 4513, 1776, 1777, 1775, 1547, 1550, 1549, 1547, 1549, 1548, 2643, 2638, 2640, 2640, 2636, 2641, 2641, 2632, 2629, 2641, 2636, 2632, 2629, 2632, 2628, 3177, 3178, 3176, 5209, 5211, 5210, 910, 911, 914, 914, 911, 901, 901, 903, 902, 876, 1036, 1026, 3352, 3354, 3353, 3354, 3355, 3353, 3353, 6210, 6199, 3353, 3355, 6210, 4042, 7480, 7479, 6199, 6210, 6209, 6210, 6211, 6209, 5916, 5913, 8493, 5913, 8492, 8493, 8493, 8511, 8519, 8493, 8492, 8511, 8519, 7658, 7657, 8519, 8511, 7658, 7479, 7480, 6064, 5345, 5343, 5355, 5343, 6492, 5355, 5355, 6492, 6493, 6493, 6494, 6496, 8305, 8232, 8603, 6012, 7097, 5998, 6012, 5998, 5996, 5998, 7097, 4519, 4510, 4511, 4509, 6496, 6494, 5578, 8603, 5539, 5542, 6010, 5996, 6005, 1775, 1780, 1781, 1781, 1780, 1818, 1548, 1573, 1574, 1574, 1573, 488, 739, 741, 2852, 2686, 2638, 2643, 3006, 3011, 3010, 189, 193, 191, 3351, 3352, 3350, 3350, 3352, 3353, 4082, 4041, 4039, 4082, 4083, 4041, 4039, 4041, 4040, 4041, 4042, 4040, 4040, 4042, 7479, 5917, 5916, 8493, 192, 5849, 8628, 6046, 6822, 6047, 6046, 6821, 6822, 7479, 6064, 6048, 5355, 6493, 8299, 8299, 6493, 6497, 8305, 8603, 8619, 5998, 4519, 7098, 7098, 4519, 4508, 4519, 4510, 4508, 4508, 4510, 4509, 5346, 5345, 5347, 5346, 5347, 5348, 6498, 5578, 5579, 5543, 5582, 5581, 8619, 8603, 5542, 1574, 488, 477, 477, 488, 402, 985, 1028, 861, 2642, 2640, 2641, 8896, 8827, 8891, 212, 196, 195, 913, 910, 914, 900, 914, 901, 901, 902, 873, 902, 875, 873, 8812, 8814, 8815, 875, 876, 874, 5229, 5232, 5273, 874, 876, 1026, 5229, 5273, 5280, 3347, 3351, 3350, 3350, 6199, 6198, 3350, 3353, 6199, 4082, 4039, 4016, 4082, 4016, 6822, 4040, 7479, 7478, 6198, 6199, 6208, 6199, 6209, 6208, 7585, 8493, 8494, 7585, 5917, 8493, 8494, 8519, 7675, 8494, 8493, 8519, 7675, 8519, 7657, 7478, 7479, 6048, 5350, 5355, 8299, 8299, 6501, 6306, 8299, 6497, 6501, 6306, 6501, 6297, 6501, 8232, 6297, 5581, 6306, 6297, 6297, 8232, 8301, 8232, 8305, 8301, 8301, 8305, 8619, 5995, 5998, 7098, 4508, 4509, 4500, 5348, 5349, 5356, 5581, 5579, 5580, 5581, 5582, 5579, 8619, 5542, 5544, 4500, 4512, 8144, 4500, 4509, 4512, 7304, 1028, 985, 915, 916, 913, 915, 913, 914, 5228, 5231, 5229, 378, 381, 380, 380, 417, 418, 4016, 4039, 4015, 4039, 4040, 4015, 4015, 4040, 7478, 7583, 7585, 8494, 8523, 8494, 7675, 7478, 6048, 6051, 5351, 5350, 8299, 5351, 8299, 8298, 8299, 6306, 8298, 8298, 6306, 5642, 6306, 5581, 5642, 5353, 8298, 5642, 5353, 5351, 8298, 6295, 8301, 6292, 6295, 6297, 8301, 6292, 8301, 8304, 8304, 8619, 5573, 5995, 7098, 5999, 5995, 5999, 5997, 5999, 7098, 4522, 7098, 4508, 4522, 4522, 4508, 4495, 7675, 7657, 7656, 5352, 5351, 5353, 5642, 5580, 5354, 5642, 5581, 5580, 5573, 8619, 5544, 1818, 5242, 5263, 861, 860, 858, 5253, 5242, 5214, 184, 186, 185, 8808, 8809, 8830, 3347, 3350, 3349, 3349, 3350, 6198, 8815, 8327, 8818, 8815, 8814, 8327, 4079, 4016, 4014, 4016, 4015, 4014, 4015, 7478, 7477, 6198, 6208, 6204, 7579, 7583, 8495, 8495, 8494, 8515, 8495, 7583, 8494, 8515, 8494, 8523, 7674, 8515, 8523, 7477, 7478, 6051, 6296, 6295, 6291, 6295, 6292, 6291, 6292, 8304, 8306, 5999, 4522, 7099, 7099, 4522, 4493, 4522, 4495, 4493, 4493, 4495, 4494, 5353, 5642, 5354, 5546, 6296, 6291, 8618, 8304, 5573, 4494, 4500, 4497, 1547, 1548, 1545, 739, 2852, 2851, 2851, 2852, 212, 985, 861, 858, 3174, 3177, 3173, 3177, 3176, 3173, 8803, 8806, 8836, 8830, 8809, 8819, 5218, 5230, 5219, 3349, 6198, 6197, 4014, 4015, 4013, 418, 417, 492, 6197, 6198, 6204, 7581, 8495, 8497, 7581, 7579, 8495, 8497, 8495, 8515, 6290, 6292, 8306, 8306, 8304, 8307, 8307, 8304, 8618, 6001, 7099, 6009, 6001, 5999, 7099, 6001, 6009, 6002, 6009, 7099, 7103, 7099, 4493, 7103, 4493, 4497, 4496, 7655, 7674, 7656, 8618, 5573, 5552, 1805, 1793, 1776, 1427, 1354, 1428, 376, 381, 378, 3344, 3346, 3347, 3347, 3349, 3348, 3348, 3349, 6197, 4091, 4079, 4012, 4079, 4014, 4012, 4012, 4013, 4011, 4012, 4014, 4013, 4011, 4013, 7476, 4013, 7477, 7476, 6197, 6204, 6196, 7588, 7581, 8497, 7588, 7586, 7581, 7679, 8497, 8515, 8515, 7674, 7679, 7476, 7477, 6062, 6290, 8306, 6288, 6290, 6288, 6289, 6288, 8306, 8307, 6009, 7103, 7104, 7104, 7103, 4498, 7103, 4493, 4498, 4498, 4493, 4496, 5569, 6289, 5566, 4496, 4497, 8142, 7303, 155, 7304, 1546, 1547, 1545, 2640, 2642, 2655, 400, 388, 389, 194, 184, 185, 8836, 8806, 8808, 5217, 5218, 5219, 5217, 5210, 5218, 5228, 5229, 5227, 378, 380, 418, 5229, 5280, 5278, 3345, 3346, 3344, 3344, 3347, 3348, 3348, 6197, 6196, 1026, 1036, 1027, 4091, 4012, 4072, 4072, 4012, 4009, 4012, 4011, 4009, 4011, 7476, 4010, 7589, 7588, 8498, 8498, 8497, 8512, 8498, 7588, 8497, 8512, 7679, 7677, 8512, 8497, 7679, 7677, 7679, 7655, 7653, 8512, 7677, 6054, 4091, 6055, 6054, 6824, 4091, 4010, 7476, 6062, 6288, 8307, 8308, 6008, 6009, 7104, 7104, 4498, 7105, 5566, 6287, 5554, 8308, 5552, 5553, 8308, 8618, 5552, 6006, 6007, 6016, 8890, 8891, 8832, 859, 896, 895, 859, 860, 896, 400, 389, 390, 390, 389, 391, 5227, 5230, 5228, 3343, 3345, 3344, 3344, 6196, 6195, 3344, 3348, 6196, 4009, 4011, 4010, 6195, 6196, 6202, 7592, 8498, 8499, 7592, 7589, 8498, 8499, 8498, 8512, 4206, 4010, 6062, 6286, 6288, 8309, 6288, 8308, 8309, 6008, 7104, 6021, 6008, 6021, 6007, 6021, 7104, 7105, 7105, 4498, 4501, 4501, 4498, 4499, 4498, 4496, 4499, 8617, 8308, 5553, 896, 916, 895, 895, 916, 915, 194, 185, 182, 915, 914, 898, 183, 186, 193, 873, 875, 874, 3342, 3343, 3344, 4084, 4072, 4007, 4072, 4009, 4007, 4007, 4009, 4008, 4009, 4010, 4008, 4008, 4010, 4206, 418, 492, 379, 7599, 7593, 8500, 7593, 7592, 8500, 8500, 8499, 7680, 8500, 7592, 8499, 7680, 8512, 7673, 7680, 8499, 8512, 8512, 7653, 7673, 7650, 7680, 7673, 4206, 6062, 6063, 6286, 8309, 6284, 6286, 6284, 6285, 8309, 8308, 8617, 6018, 6021, 7106, 6021, 7105, 7106, 7106, 7105, 4501, 7650, 7653, 7652, 5556, 6285, 5557, 4499, 4496, 4507, 1773, 1781, 1794, 1773, 1775, 1781, 1794, 1781, 1818, 5263, 5242, 5253, 5212, 5253, 5214, 5209, 5210, 5217, 898, 914, 900, 900, 901, 870, 8836, 8808, 8830, 8816, 8812, 8815, 3341, 3343, 3342, 3342, 3344, 6195, 4008, 4206, 4204, 6195, 6202, 6203, 7577, 7599, 8500, 8510, 8500, 7680, 7680, 7650, 7649, 4902, 4897, 4899, 4204, 4206, 6063, 6018, 7106, 6019, 6018, 6019, 4850, 6019, 7106, 7107, 7106, 4501, 7107, 4501, 4499, 4502, 5557, 6283, 5558, 4502, 4499, 4507, 2631, 8827, 8896, 858, 860, 859, 3005, 3007, 3006, 394, 399, 400, 870, 901, 873, 873, 874, 872, 3339, 3341, 3342, 3342, 6195, 6194, 4084, 4007, 4006, 4084, 4006, 4897, 4006, 4007, 3997, 4007, 4008, 3997, 3997, 4008, 4204, 6194, 6195, 6203, 7577, 8500, 8501, 8501, 8510, 8518, 8501, 8500, 8510, 8518, 7680, 7649, 8518, 8510, 7680, 4204, 6063, 5809, 6282, 6284, 8310, 6284, 8309, 8310, 8309, 8617, 8616, 6019, 7107, 7108, 7108, 7107, 4503, 7107, 4501, 4503, 4503, 4501, 4502, 8616, 8617, 5559, 4502, 4507, 8139, 1545, 1548, 1551, 1551, 1548, 1574, 1574, 477, 476, 476, 402, 398, 476, 477, 402, 2642, 2641, 2644, 2851, 212, 179, 947, 985, 858, 398, 402, 399, 2644, 2641, 2629, 397, 399, 394, 195, 194, 182, 391, 389, 419, 870, 873, 872, 3340, 3341, 3339, 3339, 3342, 3380, 3380, 3342, 6194, 3997, 4204, 4205, 6152, 6151, 3340, 6194, 6203, 6200, 7323, 7577, 8501, 8502, 8518, 7648, 8502, 8501, 8518, 8518, 7649, 7648, 4205, 4204, 5809, 8310, 8309, 8616, 4846, 6019, 7108, 7108, 4503, 7109, 5561, 6281, 5562, 1794, 1818, 1826, 1826, 1818, 5263, 3170, 3173, 3172, 3170, 3174, 3173, 5221, 5209, 5217, 5227, 5229, 5258, 872, 874, 1027, 874, 1026, 1027, 4896, 4006, 3995, 4006, 3997, 3995, 3995, 3997, 3996, 3996, 4205, 4207, 3380, 6194, 6200, 7322, 8501, 8502, 7322, 7323, 8501, 7015, 8502, 7648, 6280, 6282, 8310, 4846, 7108, 4855, 4846, 4855, 4848, 4855, 7108, 7109, 7109, 4503, 4504, 4504, 4503, 4505, 4503, 4502, 4505, 8616, 5572, 5563, 4505, 4502, 4518, 1774, 1776, 1775, 8896, 8891, 8890, 1427, 1428, 1424, 3337, 3340, 3339, 3339, 3380, 6205, 4876, 4896, 3995, 3995, 3996, 3994, 3994, 3996, 4207, 6205, 3380, 6201, 3380, 6200, 6201, 7314, 7322, 8503, 8503, 8502, 7014, 8503, 7322, 8502, 7014, 8502, 7015, 7012, 7014, 7015, 6280, 8310, 6278, 6281, 6280, 6279, 6280, 6278, 6279, 6278, 8310, 8311, 8310, 8315, 8311, 8315, 8616, 8615, 4855, 7109, 7110, 7110, 7109, 7111, 7109, 4504, 7111, 7012, 7646, 7645, 5570, 6279, 5565, 5570, 6281, 6279, 8615, 8616, 5563, 4851, 4852, 4854, 4506, 4518, 4567, 4506, 4505, 4518, 1544, 1546, 1545, 2644, 2629, 2627, 2627, 2629, 2628, 8890, 8832, 8801, 895, 915, 894, 894, 915, 898, 8801, 8803, 8802, 8802, 8803, 8836, 899, 900, 883, 900, 870, 883, 378, 418, 379, 5258, 5229, 5278, 3336, 3337, 3335, 3335, 3337, 3338, 3337, 3339, 3338, 3338, 3339, 6205, 4876, 3995, 3991, 3995, 3994, 3991, 6205, 6201, 6206, 7316, 8503, 8504, 7316, 7314, 8503, 8504, 7014, 7010, 8504, 8503, 7014, 7010, 7012, 7011, 7010, 7014, 7012, 4208, 3994, 4207, 6278, 8311, 6277, 6278, 6277, 6272, 8311, 8315, 8615, 4856, 4855, 7110, 7111, 4504, 4558, 7644, 7645, 7325, 5565, 6272, 5587, 4562, 4506, 4564, 4506, 4567, 4564, 1805, 1776, 1774, 3338, 6205, 6207, 6207, 3335, 3338, 4873, 4876, 3991, 3991, 3994, 3993, 3993, 3994, 4208, 6207, 6205, 6206, 6216, 6207, 6206, 7318, 7316, 8504, 4208, 4207, 4217, 8311, 8615, 8614, 7110, 7111, 7112, 7112, 7111, 4556, 7111, 4558, 4556, 4556, 4558, 4557, 4558, 4562, 4557, 8614, 8615, 5564, 4557, 4562, 4564, 1774, 1775, 1773, 2627, 2628, 2624, 2624, 2628, 2631, 5214, 5209, 5213, 883, 870, 882, 3334, 3336, 3335, 3993, 4208, 4209, 7320, 8504, 7013, 7320, 7318, 8504, 7013, 7010, 7008, 7013, 8504, 7010, 7008, 7010, 7009, 7010, 7011, 7009, 4209, 4208, 4217, 6253, 8311, 8312, 6253, 6277, 8311, 8312, 8311, 8614, 7110, 7112, 3780, 3780, 7112, 7113, 3781, 3780, 7465, 3780, 7113, 7465, 7113, 7112, 7116, 7112, 4556, 7116, 7009, 7011, 7644, 5589, 6272, 6253, 5589, 6253, 5590, 8614, 8620, 8613, 4557, 4564, 4565, 1543, 1545, 1551, 398, 399, 397, 1299, 1948, 2952, 179, 212, 195, 5212, 5214, 5213, 180, 195, 182, 898, 900, 899, 8819, 8812, 8816, 187, 193, 189, 189, 191, 190, 3335, 6207, 3385, 190, 192, 256, 190, 191, 192, 4871, 4873, 3987, 4873, 3991, 3987, 3987, 3991, 3990, 3991, 3993, 3990, 3990, 3993, 4209, 3385, 6207, 6217, 6207, 6216, 6217, 8428, 7324, 8505, 7324, 7320, 8505, 8505, 7013, 7008, 8505, 7320, 7013, 256, 192, 8628, 4209, 4217, 4218, 6253, 8312, 6250, 6253, 6250, 6252, 4856, 7110, 7114, 7114, 7110, 3778, 7110, 3780, 3778, 3778, 3780, 3777, 3780, 3781, 3777, 7117, 7113, 7116, 7116, 4556, 4553, 4553, 4556, 4555, 4556, 4557, 4555, 7009, 7644, 7643, 7466, 7463, 7467, 4555, 4557, 4565, 2662, 2642, 2644, 179, 195, 180, 8800, 8801, 8802, 183, 193, 187, 870, 872, 871, 8816, 8815, 8817, 871, 872, 1027, 3334, 3335, 3333, 3333, 3335, 3385, 3990, 4209, 4210, 8452, 8429, 8505, 8429, 8428, 8505, 7007, 8505, 7008, 7008, 7009, 7006, 256, 8628, 8627, 4210, 4209, 4218, 7117, 7116, 7119, 7117, 7119, 7464, 7119, 7116, 7118, 7116, 4553, 7118, 4553, 4555, 4552, 5591, 6252, 5592, 6250, 8312, 8612, 8312, 8613, 8612, 8612, 8613, 5609, 1544, 1545, 1543, 2643, 2640, 2647, 2686, 2643, 2648, 2647, 2640, 2655, 3170, 3172, 3171, 5217, 5219, 5224, 182, 185, 183, 183, 185, 186, 376, 378, 377, 1342, 1366, 1344, 3332, 3334, 3333, 6219, 3333, 3385, 4870, 4871, 3984, 4871, 3987, 3984, 3984, 3987, 3986, 3987, 3990, 3986, 3986, 3990, 4210, 6166, 6161, 3332, 6166, 6165, 6161, 3385, 6217, 6218, 8452, 8505, 7007, 7007, 7008, 7006, 4210, 4218, 5792, 4445, 4856, 7114, 7114, 3778, 3775, 3775, 3778, 3777, 7118, 4553, 4551, 4551, 4553, 4552, 7006, 7009, 7005, 7009, 7643, 7005, 5639, 6252, 6249, 6252, 6250, 6249, 5639, 6249, 5594, 6314, 5609, 8606, 6314, 8612, 5609, 8606, 5609, 5595, 4552, 4555, 8138, 1773, 1794, 1795, 897, 859, 895, 8841, 8836, 8830, 3330, 3332, 3331, 3332, 3333, 3331, 3331, 3333, 6219, 3986, 4210, 4211, 6219, 3385, 6218, 8451, 8452, 8506, 8506, 7007, 7004, 8506, 8452, 7007, 7004, 7007, 7006, 7005, 7004, 7006, 4211, 4210, 5792, 6248, 6250, 6314, 6248, 6314, 8606, 7120, 7118, 7121, 7120, 7119, 7118, 7120, 7121, 7469, 7121, 7118, 7122, 7118, 4551, 7122, 7303, 7304, 7302, 7302, 7304, 985, 3169, 3170, 3171, 392, 400, 390, 5221, 5217, 5224, 899, 883, 884, 871, 1027, 1021, 3328, 3330, 3329, 3330, 3331, 3329, 3329, 3331, 6220, 4863, 4870, 3982, 4870, 3984, 3982, 3982, 3984, 3983, 3984, 3986, 3983, 3983, 3986, 4211, 6426, 6166, 3328, 6220, 6219, 6218, 6220, 3331, 6219, 6221, 6220, 6218, 8450, 8506, 7003, 8450, 8451, 8506, 7003, 7004, 7000, 7003, 8506, 7004, 7000, 7004, 7005, 4211, 5792, 5791, 6245, 6248, 6313, 6248, 8606, 6313, 4445, 7114, 4439, 4445, 4439, 4442, 4439, 7114, 3775, 3775, 3777, 3776, 7121, 7122, 7123, 7121, 7123, 7471, 4551, 4552, 4554, 7638, 7641, 7640, 5636, 6247, 5597, 8605, 8606, 5595, 3776, 3777, 3783, 2624, 2631, 2630, 2630, 2631, 8896, 180, 182, 181, 897, 895, 894, 5216, 5209, 5221, 893, 894, 898, 5223, 5224, 5219, 881, 883, 882, 4862, 4863, 4864, 4863, 3982, 3985, 3982, 3983, 3985, 3983, 4211, 4212, 6220, 6221, 6222, 8449, 8450, 7003, 4212, 4211, 5791, 8606, 8605, 6313, 7125, 7123, 7124, 7123, 7122, 7124, 7124, 7122, 4559, 7122, 4551, 4559, 4559, 4551, 4554, 5597, 6246, 5598, 6313, 8605, 8604, 8604, 8605, 5604, 4554, 4552, 4563, 394, 400, 392, 5213, 5209, 5216, 8802, 8836, 8841, 884, 883, 881, 8830, 8819, 8841, 419, 376, 375, 375, 376, 377, 188, 189, 190, 3326, 3328, 3327, 3328, 3329, 3327, 3327, 3329, 6224, 8817, 8815, 8818, 4866, 4863, 3985, 3985, 3983, 3988, 3988, 3983, 4212, 6423, 6425, 3326, 6423, 6427, 6425, 6224, 6220, 6222, 6224, 3329, 6220, 6225, 6224, 6222, 8448, 7003, 6999, 8448, 8449, 7003, 6999, 7000, 6998, 6999, 7003, 7000, 6998, 7000, 7638, 4212, 5791, 5790, 6245, 6313, 6311, 6311, 6313, 8604, 7472, 7125, 7475, 7125, 7124, 7126, 7124, 4559, 7126, 1826, 5263, 5254, 742, 739, 2851, 5254, 5263, 5253, 5254, 5253, 5212, 858, 859, 791, 3008, 3005, 3004, 893, 898, 899, 8819, 8816, 8781, 881, 882, 868, 868, 882, 870, 4866, 3985, 3989, 3985, 3988, 3989, 3988, 4212, 4213, 8447, 8448, 8507, 8507, 6999, 6996, 8507, 8448, 6999, 6996, 6999, 6998, 6997, 6996, 6998, 4213, 4212, 5790, 6238, 6245, 6311, 4439, 3775, 3779, 3779, 3775, 3776, 7127, 7125, 7126, 7126, 4559, 4560, 4560, 4559, 4554, 5637, 6246, 6239, 5637, 6239, 5599, 5600, 5596, 5599, 5600, 5604, 5596, 1805, 1774, 1772, 1772, 1774, 1773, 884, 881, 885, 8841, 8819, 8781, 3324, 3326, 3325, 3326, 3327, 3325, 3325, 3327, 6224, 4867, 4866, 3989, 3989, 3988, 3992, 3992, 3988, 4213, 3381, 6423, 3326, 6224, 6225, 6226, 8446, 8507, 6995, 8446, 8447, 8507, 6995, 8507, 6996, 4213, 5790, 5789, 6311, 8604, 8607, 4441, 4439, 3779, 7127, 7126, 7128, 7127, 7128, 7412, 7128, 7126, 7129, 7126, 4560, 7129, 4560, 4554, 4561, 6992, 7637, 7636, 5632, 6233, 5601, 8607, 8604, 8608, 8608, 8604, 5605, 3776, 3783, 8170, 4561, 4554, 4563, 7302, 985, 947, 1806, 1805, 1772, 791, 859, 790, 859, 897, 790, 8802, 8841, 8846, 5219, 5230, 5225, 187, 189, 188, 3325, 6224, 6227, 3324, 3325, 6227, 4867, 3989, 3998, 3989, 3992, 3998, 3992, 4213, 4214, 6227, 6224, 6226, 6228, 6227, 6226, 8437, 8446, 8508, 8508, 8446, 6995, 6995, 6996, 6994, 6994, 6996, 6997, 4214, 4213, 5789, 6238, 6311, 6241, 6238, 6241, 6234, 6241, 6311, 8607, 7129, 4560, 4421, 4421, 4560, 4561, 1551, 1574, 1579, 1579, 1574, 476, 947, 858, 857, 2951, 1299, 2952, 327, 377, 378, 878, 871, 1021, 7535, 3324, 7540, 4869, 4867, 3998, 3998, 3992, 3999, 3999, 3992, 4214, 7530, 3381, 7535, 7530, 6429, 3381, 7540, 6227, 6229, 7540, 3324, 6227, 6229, 6227, 6228, 8436, 8508, 7001, 8436, 8437, 8508, 7001, 6995, 6993, 7001, 8508, 6995, 6993, 6995, 6994, 4214, 5789, 5788, 8607, 8608, 8609, 4441, 3779, 7115, 7115, 3779, 3782, 7130, 7129, 7131, 7130, 7128, 7129, 7130, 7131, 7410, 7131, 7129, 4420, 7129, 4421, 4420, 4421, 4561, 4417, 5638, 6234, 5606, 8609, 8608, 5602, 3782, 3776, 8170, 2662, 2644, 2645, 2645, 2644, 2627, 8839, 8890, 8801, 897, 894, 892, 391, 419, 375, 4869, 3998, 4000, 3998, 3999, 4000, 3999, 4214, 4215, 7530, 7535, 7540, 7844, 7540, 6229, 8433, 8436, 7001, 4215, 4214, 5788, 6236, 6241, 6309, 6241, 8607, 6309, 6309, 8607, 8609, 7131, 4420, 7132, 7131, 7132, 7409, 4420, 4421, 4417, 5606, 6235, 5607, 6309, 8609, 8610, 8609, 8611, 8610, 3782, 8170, 4443, 4417, 4561, 4566, 742, 2851, 2850, 2850, 2851, 179, 2991, 3008, 3004, 892, 894, 893, 885, 881, 868, 5225, 5230, 5227, 5227, 5258, 5257, 327, 379, 326, 327, 378, 379, 5258, 5278, 5277, 4879, 4869, 4000, 4000, 3999, 4001, 4001, 3999, 4215, 7532, 7530, 7533, 7532, 7529, 7530, 7533, 7540, 7843, 7533, 7530, 7540, 7843, 7540, 7844, 7845, 7843, 7844, 8430, 7001, 7002, 8430, 8433, 7001, 7002, 6993, 6989, 7002, 7001, 6993, 6989, 6993, 6992, 6236, 6309, 6237, 6236, 6237, 6235, 6237, 6309, 6310, 6310, 6309, 8610, 4441, 7115, 4444, 4444, 7115, 3782, 7133, 7132, 4419, 7132, 4420, 4419, 4419, 4420, 4417, 5607, 6235, 5608, 4444, 3782, 4443, 8135, 7407, 4566, 8135, 7409, 7407, 1543, 1551, 1553, 1553, 1551, 1579, 398, 397, 396, 790, 897, 892, 5223, 5219, 5225, 8977, 8976, 8975, 5257, 5258, 5259, 4879, 4000, 4002, 4000, 4001, 4002, 4001, 4215, 4216, 7841, 7843, 7842, 7841, 7533, 7843, 7842, 7843, 7845, 4216, 4215, 5788, 6310, 8610, 8626, 4417, 4414, 4413, 8626, 8610, 5611, 1542, 1544, 1543, 857, 858, 791, 8834, 8896, 8890, 3169, 3171, 2746, 868, 870, 869, 869, 870, 871, 4881, 4879, 4004, 4879, 4002, 4004, 4004, 4002, 4003, 4002, 4001, 4003, 4003, 4001, 4216, 7534, 7533, 7536, 7534, 7532, 7533, 7536, 7841, 7840, 7536, 7533, 7841, 7840, 7841, 7842, 7846, 7840, 7842, 8435, 7002, 6990, 8435, 8430, 7002, 6990, 6989, 6986, 6990, 7002, 6989, 6986, 6988, 6987, 6986, 6989, 6988, 4216, 5788, 5787, 7135, 7133, 7134, 7133, 4419, 7134, 7134, 4419, 4416, 4419, 4417, 4416, 4416, 4417, 4413, 5641, 6240, 5613, 8626, 5611, 7504, 4413, 4414, 4409, 1772, 1773, 1770, 1770, 1773, 1795, 5254, 5212, 5215, 8834, 8890, 8839, 5212, 5213, 5215, 8801, 8800, 8786, 893, 899, 889, 8846, 8841, 8781, 891, 884, 885, 869, 871, 878, 5259, 5258, 5277, 8881, 8817, 8818, 4003, 4216, 4017, 7537, 7534, 7536, 7839, 7840, 7837, 7839, 7536, 7840, 7840, 7846, 7837, 8439, 8435, 6991, 6991, 6990, 6986, 6991, 8435, 6990, 4017, 4216, 5787, 6242, 6237, 6310, 6310, 8626, 7504, 7135, 7134, 7136, 7135, 7136, 7408, 6987, 6988, 7629, 5613, 6243, 5614, 1542, 1543, 1541, 2645, 2627, 2613, 2613, 2627, 2624, 396, 397, 394, 8839, 8801, 8786, 5215, 5213, 5216, 5220, 5224, 5223, 889, 884, 891, 889, 899, 884, 885, 868, 887, 4883, 4881, 5723, 4881, 4004, 5723, 5723, 4004, 4005, 4004, 4003, 4005, 4005, 4003, 4017, 7538, 7536, 7539, 7538, 7537, 7536, 7539, 7839, 7838, 7539, 7536, 7839, 7838, 7839, 7837, 7836, 7838, 7837, 8441, 8439, 6991, 6985, 6986, 6984, 6985, 6991, 6986, 6984, 6987, 6983, 6984, 6986, 6987, 4017, 5787, 5786, 6242, 6310, 6251, 6242, 6251, 6244, 6251, 6310, 7502, 7502, 7504, 7503, 7136, 7134, 7137, 7137, 7134, 4415, 7134, 4416, 4415, 4415, 4416, 4413, 6983, 6987, 7629, 7503, 7504, 5616, 1795, 1794, 1796, 1796, 1794, 1826, 1541, 1543, 1553, 1316, 2951, 2935, 8800, 8802, 8846, 8816, 8817, 8881, 4883, 5723, 4005, 4005, 4017, 4018, 4018, 4017, 5697, 7541, 7538, 7539, 7543, 7838, 4837, 7543, 7539, 7838, 4837, 7838, 7836, 8443, 6991, 6985, 8443, 8441, 6991, 5697, 4017, 5786, 7502, 7503, 7501, 7147, 7137, 7138, 7147, 7136, 7137, 7147, 7138, 7411, 7138, 7137, 4412, 7137, 4415, 4412, 4415, 4413, 4407, 5626, 6244, 5627, 7501, 7503, 5616, 4407, 4413, 4409, 476, 398, 422, 2630, 8896, 8835, 2991, 3004, 2989, 177, 180, 181, 5221, 5224, 5220, 4884, 4883, 4026, 4883, 4005, 4026, 4026, 4005, 4019, 4005, 4018, 4019, 7542, 7539, 7543, 7542, 7541, 7539, 4835, 7543, 4837, 4836, 4835, 4837, 8509, 6985, 6982, 8509, 8443, 6985, 6982, 6985, 6984, 6983, 6982, 6984, 6254, 6251, 6308, 6251, 7502, 6308, 7502, 7501, 6308, 7138, 4412, 7139, 4412, 4415, 4407, 5627, 6255, 5628, 6308, 7501, 7500, 4407, 4409, 4408, 422, 398, 396, 2990, 2991, 2989, 892, 893, 889, 7547, 7544, 4833, 4833, 7543, 4835, 4833, 7544, 7543, 4884, 4026, 4021, 4026, 4019, 4021, 4021, 4019, 4020, 4019, 4018, 4020, 4020, 4018, 5694, 4018, 5697, 5694, 7545, 7542, 7544, 4834, 4835, 4836, 8445, 8509, 6982, 8445, 8443, 8509, 6982, 6983, 6981, 5694, 5697, 5785, 6254, 6308, 6257, 6255, 6254, 6256, 6254, 6257, 6256, 7148, 7139, 7146, 7148, 7138, 7139, 7139, 4412, 4405, 4412, 4407, 4405, 4405, 4407, 4406, 4834, 8746, 8748, 6981, 6983, 7629, 7628, 6981, 7629, 7302, 947, 856, 2648, 2643, 2647, 724, 742, 2850, 2647, 2655, 2654, 3149, 3169, 2746, 179, 180, 177, 390, 391, 374, 887, 868, 880, 880, 868, 869, 8781, 8816, 8881, 4886, 4884, 4021, 4021, 4020, 4022, 7546, 7544, 7547, 7546, 7545, 7544, 4833, 4835, 4834, 8455, 8445, 8513, 8455, 8453, 8445, 8513, 6982, 6979, 8513, 8445, 6982, 6979, 6982, 6981, 6308, 7500, 7499, 7145, 7146, 7139, 4405, 4406, 4403, 7499, 7500, 5620, 5618, 5629, 5619, 1796, 1826, 1820, 1820, 1826, 5254, 791, 790, 788, 790, 892, 888, 891, 885, 890, 890, 885, 886, 886, 885, 887, 887, 880, 886, 4886, 4021, 4022, 4022, 4020, 4023, 4023, 4020, 5694, 326, 379, 494, 7549, 7546, 7548, 7549, 7563, 7546, 4833, 4834, 4832, 8456, 8455, 8513, 6257, 6308, 6312, 6312, 6308, 7499, 7145, 7139, 7140, 7145, 7140, 7848, 7140, 7139, 4423, 7139, 4405, 4423, 4423, 4405, 4404, 4404, 4405, 4403, 5629, 6258, 5630, 6312, 7499, 7495, 7499, 5620, 7495, 4403, 4406, 4418, 5621, 5620, 5619, 7301, 7303, 7302, 1540, 1542, 1541, 8835, 8896, 8834, 856, 857, 791, 375, 377, 327, 7548, 7547, 4830, 4830, 7547, 4833, 4888, 4022, 5722, 4888, 4886, 4022, 5722, 4022, 4024, 4022, 4023, 4024, 4830, 4833, 4832, 8457, 8456, 6977, 8456, 8513, 6977, 6977, 6979, 6978, 6977, 8513, 6979, 6978, 6979, 6980, 5694, 5785, 5784, 6257, 6312, 6259, 6257, 6259, 6258, 6259, 6312, 7491, 7491, 6312, 7492, 6312, 7495, 7492, 7140, 4423, 7141, 7140, 7141, 7692, 6974, 6978, 6980, 7492, 7495, 5624, 5619, 5630, 5631, 947, 857, 856, 2692, 2686, 2648, 394, 392, 395, 181, 182, 183, 172, 183, 187, 5226, 5227, 5257, 7550, 7548, 4843, 7548, 4830, 4843, 4888, 5722, 4024, 4024, 4023, 4025, 4025, 4023, 5692, 4023, 5694, 5692, 7552, 7551, 7550, 7551, 7549, 7550, 4825, 4830, 4829, 4830, 4832, 4829, 8458, 8457, 6976, 6976, 6977, 6970, 6976, 8457, 6977, 6970, 6977, 6978, 6974, 6970, 6978, 5692, 5694, 5784, 6260, 6259, 6261, 7143, 7141, 7142, 7141, 4423, 7142, 7142, 4423, 4402, 4423, 4404, 4402, 4402, 4404, 4403, 374, 391, 323, 4843, 4830, 4825, 4890, 4888, 4030, 4888, 4024, 4030, 4030, 4024, 4027, 4024, 4025, 4027, 7553, 7552, 7550, 8459, 8458, 6976, 6261, 6259, 6300, 6259, 7491, 6300, 6300, 7491, 7493, 7493, 7492, 7494, 7143, 7142, 7144, 7143, 7144, 7690, 7144, 7142, 4401, 7142, 4402, 4401, 4402, 4403, 4392, 5631, 6260, 6261, 5631, 6261, 5635, 7494, 7492, 5624, 7849, 7690, 7852, 4392, 4403, 4418, 5623, 5624, 5621, 5622, 5635, 5623, 2662, 2645, 2646, 2646, 2645, 2613, 323, 391, 375, 880, 869, 879, 869, 878, 879, 4890, 4030, 4028, 4030, 4027, 4028, 4028, 4025, 4029, 4028, 4027, 4025, 4029, 4025, 5691, 4025, 5692, 5691, 7554, 7553, 7550, 4825, 4829, 4824, 5415, 8459, 8514, 8514, 6976, 5414, 8514, 8459, 6976, 5414, 6970, 6969, 5414, 6976, 6970, 6969, 6970, 6973, 5691, 5692, 5784, 6261, 6300, 6263, 6261, 6263, 6262, 7144, 4401, 4410, 4401, 4402, 4392, 5635, 6262, 5634, 4392, 4418, 4391, 1820, 5254, 5255, 1579, 476, 481, 481, 476, 422, 2850, 179, 178, 2613, 2624, 2620, 2620, 2624, 2630, 5254, 5215, 5255, 2988, 2990, 2989, 5216, 5221, 5220, 889, 888, 892, 8782, 8800, 8846, 181, 183, 175, 878, 1021, 1020, 7550, 4843, 4822, 4892, 4890, 4032, 4890, 4028, 4032, 4822, 4825, 4824, 4822, 4843, 4825, 5413, 5415, 5414, 5415, 8514, 5414, 6968, 5414, 6969, 6975, 6968, 6969, 5691, 5784, 5783, 6263, 6300, 6307, 6300, 7493, 6307, 6307, 7493, 7494, 7691, 4410, 7693, 7691, 7144, 4410, 7691, 7693, 7707, 4410, 4401, 4390, 4401, 4392, 4390, 4390, 4392, 4391, 7494, 5625, 7496, 7852, 7704, 8101, 7852, 7707, 7704, 2661, 2662, 2646, 788, 790, 789, 5207, 5216, 5220, 8846, 8781, 8782, 175, 183, 172, 5225, 5227, 5226, 324, 375, 327, 879, 878, 1020, 7555, 7550, 4822, 4032, 4028, 4031, 4028, 4029, 4031, 4031, 4029, 5693, 4029, 5691, 5693, 7556, 7554, 7555, 7556, 7562, 7554, 4822, 4824, 4823, 5410, 5412, 5411, 5412, 5413, 5411, 5411, 5414, 5419, 5411, 5413, 5414, 5419, 5414, 6968, 6967, 5419, 6968, 5693, 5691, 5782, 6264, 6263, 6304, 6263, 6307, 6304, 6307, 7494, 7496, 7706, 7693, 7694, 7693, 4410, 7694, 7706, 7694, 7704, 4389, 4390, 4385, 4385, 4391, 4393, 7496, 5625, 5633, 1806, 1772, 1771, 856, 791, 788, 8786, 8800, 8788, 5215, 5216, 5207, 789, 790, 888, 890, 888, 889, 889, 891, 890, 8778, 8781, 8881, 8881, 8901, 8777, 7555, 4822, 4826, 4894, 4892, 4034, 4892, 4032, 4034, 4034, 4032, 4033, 4032, 4031, 4033, 7695, 4389, 4384, 4384, 4389, 4385, 7557, 7556, 7555, 4826, 4822, 4823, 4953, 5409, 5407, 5409, 5410, 5407, 5407, 5410, 5411, 5407, 5419, 6964, 5407, 5411, 5419, 6964, 5419, 6967, 6304, 6307, 7497, 6270, 6265, 6301, 8788, 8800, 8782, 8782, 8781, 8780, 8780, 8781, 8778, 323, 375, 324, 5406, 5407, 6963, 4894, 4034, 5713, 4034, 4033, 4035, 4033, 4031, 4035, 4035, 4031, 5695, 4031, 5693, 5695, 7696, 7695, 8594, 7695, 4384, 8594, 4384, 4385, 4376, 7558, 7557, 7555, 4826, 4823, 4827, 4951, 4953, 5406, 4953, 5407, 5406, 6963, 5407, 6964, 6966, 6963, 6964, 5695, 5693, 5781, 6264, 6304, 6266, 6264, 6266, 6265, 7497, 7496, 7498, 7701, 7697, 7708, 4376, 4385, 4393, 6966, 6967, 7620, 6967, 7191, 7620, 6301, 6265, 6302, 7498, 7496, 7416, 7301, 7302, 7300, 7300, 7302, 856, 1771, 1772, 1770, 1770, 1795, 1797, 1797, 1795, 1796, 1540, 1541, 1538, 2620, 2630, 8835, 3149, 2746, 2743, 392, 390, 393, 792, 789, 888, 888, 890, 792, 8881, 8777, 8778, 7555, 4826, 4842, 4842, 4826, 4828, 8777, 8901, 4940, 5417, 5406, 6962, 5713, 4034, 4036, 4034, 4035, 4036, 4035, 5695, 5696, 7698, 7696, 8594, 8594, 4384, 4383, 4383, 4376, 4369, 4828, 4826, 4827, 4952, 4947, 5408, 4947, 4951, 5408, 6962, 5406, 6963, 5696, 5695, 5781, 6304, 7497, 7498, 6966, 7620, 6971, 1538, 1541, 1553, 178, 179, 177, 787, 788, 789, 395, 392, 393, 5220, 5223, 5222, 5222, 5223, 5225, 5226, 5257, 5256, 5256, 5257, 5259, 8777, 4940, 5420, 5418, 5417, 6962, 5709, 5713, 4038, 5713, 4036, 4038, 4038, 4036, 4037, 4036, 4035, 4037, 4037, 4035, 5696, 7698, 8594, 8593, 8594, 4383, 8593, 8593, 4383, 4387, 4387, 4383, 4369, 7561, 7560, 7559, 7560, 7558, 7559, 4831, 4828, 4827, 4831, 4842, 4828, 4838, 4831, 4827, 5420, 4952, 5416, 5420, 4940, 4952, 5416, 5408, 5418, 5416, 4952, 5408, 6962, 6963, 6965, 6965, 6963, 6966, 6971, 6962, 6965, 6268, 6266, 6299, 6266, 6304, 6299, 6299, 6304, 7505, 6304, 7498, 7505, 7505, 7498, 7415, 4369, 4376, 4371, 7415, 7416, 7414, 1553, 1579, 1580, 1580, 1579, 481, 2613, 2620, 2611, 5208, 5215, 5207, 5207, 5220, 5222, 864, 890, 886, 5201, 5225, 5226, 7559, 7555, 4842, 5709, 4038, 5720, 4038, 4037, 5720, 4037, 5696, 5698, 7700, 7698, 8593, 7383, 7384, 7559, 7384, 7561, 7559, 5416, 5418, 5421, 5421, 5418, 6972, 5418, 6962, 6972, 6972, 6962, 6971, 4917, 5421, 6972, 256, 8627, 6193, 5698, 5696, 5781, 7505, 7415, 6380, 7705, 7702, 8097, 1507, 1525, 4950, 4917, 6971, 7620, 6380, 7415, 7414, 5133, 5215, 5208, 5133, 5255, 5215, 396, 394, 395, 5222, 5225, 5197, 5197, 5225, 5201, 5201, 5226, 5256, 880, 879, 934, 7559, 4842, 7564, 7564, 4842, 4840, 8776, 8774, 5422, 8774, 5416, 5422, 3037, 8776, 5422, 5708, 5709, 5718, 5709, 5720, 5718, 5720, 4037, 5698, 326, 494, 440, 7700, 8593, 7703, 7700, 7703, 7702, 7703, 8593, 8592, 8592, 8593, 4370, 8593, 4387, 4370, 4370, 4387, 4369, 7383, 7559, 7564, 4840, 4831, 4839, 4840, 4842, 4831, 4831, 4838, 4839, 1508, 1506, 1518, 5422, 5416, 5421, 5421, 4917, 4915, 4915, 5422, 5421, 5698, 5781, 5780, 6271, 6299, 6298, 6271, 6268, 6299, 6298, 6299, 6389, 6299, 7505, 6389, 6389, 7505, 6380, 4369, 4371, 4370, 1508, 1518, 1522, 4915, 4917, 4916, 4917, 7620, 4916, 4916, 7621, 4913, 1797, 1796, 1820, 1538, 1553, 1552, 1552, 1553, 1580, 2650, 2648, 2649, 2648, 2647, 2649, 686, 724, 2850, 2649, 2647, 2654, 856, 788, 855, 786, 788, 787, 393, 390, 374, 792, 890, 864, 865, 880, 930, 865, 886, 880, 172, 187, 188, 8779, 8778, 8775, 8775, 8778, 8777, 930, 880, 934, 324, 327, 326, 8775, 8777, 8774, 8774, 8776, 8775, 934, 879, 1020, 5718, 5720, 5719, 5708, 5718, 5719, 5259, 5277, 5276, 1506, 1480, 1518, 5719, 5720, 6749, 5720, 5698, 6749, 6749, 5698, 5779, 7703, 8592, 8288, 7703, 8288, 8289, 7379, 7383, 7564, 4844, 4840, 4841, 4844, 7564, 4840, 4840, 4839, 4841, 3037, 5422, 4915, 5779, 5698, 5780, 6271, 6298, 6274, 6271, 6274, 6273, 6298, 6389, 6378, 6389, 6380, 6378, 6378, 6380, 6379, 4370, 4371, 4372, 1523, 1518, 3034, 1523, 3035, 4912, 1523, 3034, 3035, 4912, 3035, 4913, 3035, 3037, 4913, 3037, 4915, 4913, 4915, 4916, 4913, 6379, 7414, 6377, 6379, 6380, 7414, 4914, 4912, 4913, 2649, 2654, 2653, 2611, 2620, 8835, 422, 396, 421, 2930, 1318, 2934, 3149, 2743, 3153, 8775, 3037, 3036, 5705, 5708, 5719, 5727, 6749, 6748, 6748, 6749, 5779, 8288, 8592, 4397, 8592, 4370, 4397, 7385, 7564, 4844, 7385, 7379, 7564, 4845, 4844, 4841, 8757, 4845, 4841, 5820, 5707, 5812, 5777, 5779, 5780, 6274, 6298, 6276, 6274, 6276, 6275, 6276, 6298, 6303, 6298, 6378, 6303, 4397, 4370, 4373, 4370, 4372, 4373, 4373, 4372, 4374, 862, 856, 855, 2688, 2692, 2648, 855, 788, 786, 8786, 8788, 8785, 8785, 8788, 8782, 5207, 5222, 5197, 864, 886, 865, 188, 190, 238, 5719, 5727, 5716, 5256, 5259, 5276, 325, 326, 440, 238, 190, 256, 6748, 5779, 5778, 8285, 8288, 4411, 8288, 4397, 4411, 7397, 7385, 7565, 7397, 7386, 7385, 7565, 4844, 4845, 7565, 7385, 4844, 5778, 5779, 5777, 6276, 6303, 6293, 6293, 6303, 6376, 6303, 6378, 6376, 6376, 6378, 6377, 6378, 6379, 6377, 6305, 6130, 6129, 1806, 1771, 1768, 2987, 2988, 2986, 2930, 2934, 2929, 421, 396, 395, 5208, 5207, 5132, 789, 792, 782, 173, 181, 175, 323, 324, 322, 172, 188, 171, 324, 326, 325, 5716, 5727, 5726, 5727, 6748, 5726, 5705, 5716, 5710, 5726, 6748, 6750, 6750, 6748, 5778, 6294, 6376, 6131, 6128, 6294, 6131, 4411, 4373, 4375, 4411, 4397, 4373, 7567, 4845, 7721, 7567, 7565, 4845, 7721, 8757, 9378, 7721, 4845, 8757, 5812, 5707, 5810, 6130, 6293, 6128, 6130, 6276, 6293, 6130, 6128, 6129, 6131, 6376, 6374, 6374, 6376, 6375, 6376, 6377, 6375, 4373, 4374, 4375, 4375, 4374, 4377, 9378, 8757, 8758, 2688, 2648, 2650, 8834, 8839, 8789, 8789, 8839, 8786, 177, 181, 173, 321, 323, 322, 8780, 8778, 8779, 5712, 5716, 5717, 5716, 5726, 5717, 8775, 3036, 3039, 238, 256, 279, 6750, 5778, 5776, 8285, 4411, 8281, 8281, 4375, 4396, 8281, 4411, 4375, 7394, 7565, 7566, 7394, 7397, 7565, 7566, 7567, 7721, 7566, 7565, 7567, 279, 256, 6193, 5810, 5711, 5811, 5776, 5777, 5775, 5776, 5778, 5777, 6127, 6128, 6124, 6128, 6131, 6124, 6127, 6124, 6126, 4375, 4377, 4378, 4378, 4377, 4379, 7299, 7301, 7300, 7300, 856, 862, 1820, 5255, 5135, 5135, 5255, 5133, 2646, 2613, 2612, 2612, 2613, 2611, 395, 393, 373, 787, 789, 782, 782, 792, 793, 793, 792, 864, 8856, 8779, 8775, 5717, 5726, 5774, 5726, 6750, 5774, 325, 440, 456, 5711, 5710, 5712, 6123, 6139, 6373, 6373, 6374, 6370, 7718, 7566, 7721, 6126, 6122, 6134, 6370, 6375, 6383, 6370, 6374, 6375, 8166, 8281, 8280, 8166, 8283, 8281, 8166, 8280, 8067, 4396, 4375, 4378, 8759, 9378, 8758, 8066, 4429, 8083, 8083, 8067, 8066, 1539, 1540, 1538, 2661, 2646, 2660, 2660, 2646, 2612, 783, 787, 782, 8785, 8782, 8784, 173, 175, 174, 8783, 8782, 8780, 8851, 8780, 8779, 171, 188, 238, 5717, 5774, 5721, 5714, 5717, 5721, 5721, 5774, 5728, 5728, 5774, 5772, 6121, 6123, 6137, 6123, 6373, 6137, 6137, 6373, 6369, 8264, 4548, 8265, 8265, 4548, 6232, 4548, 4547, 6232, 6232, 4547, 6230, 8279, 8281, 4396, 8279, 4396, 4395, 4395, 4396, 4378, 7396, 7566, 8578, 7396, 7394, 7566, 8578, 7718, 7717, 8578, 7566, 7718, 7717, 7718, 7715, 7718, 7721, 7715, 7715, 7721, 9378, 5811, 5715, 5813, 5772, 5775, 5773, 5772, 5774, 5775, 4549, 4539, 8264, 4539, 4545, 8264, 6230, 4547, 4543, 4378, 4379, 4380, 4380, 4379, 4381, 7715, 9378, 8759, 4381, 4379, 8066, 1801, 1797, 1820, 3151, 3149, 3153, 5133, 5208, 5132, 786, 787, 783, 782, 793, 779, 5207, 5197, 5195, 793, 864, 863, 863, 864, 865, 865, 930, 931, 5261, 5256, 5276, 325, 456, 457, 8478, 5714, 5724, 5714, 5721, 5724, 6121, 6137, 6119, 6121, 6119, 6120, 6369, 6370, 6363, 457, 456, 6751, 456, 4549, 6751, 6360, 8265, 6231, 6360, 8264, 8265, 6359, 6360, 6358, 6360, 6231, 6358, 6231, 8265, 6232, 6231, 6232, 6230, 8284, 8279, 4395, 7388, 7396, 8578, 7388, 7391, 7396, 7714, 7715, 7713, 7714, 7717, 7715, 6363, 6370, 6371, 6739, 6741, 6740, 6741, 6742, 6740, 6751, 8264, 6359, 6751, 4549, 8264, 4939, 6751, 4936, 6751, 6359, 4936, 6230, 4543, 4938, 8171, 8279, 8282, 8171, 8280, 8279, 8171, 8282, 8172, 7715, 8759, 7713, 6744, 6739, 6740, 4939, 4542, 6745, 6744, 4939, 6745, 6744, 6740, 4939, 1768, 1771, 1770, 1770, 1797, 1798, 1798, 1797, 1801, 1580, 481, 470, 470, 481, 422, 2984, 2987, 2986, 5198, 5132, 5207, 5196, 5197, 5201, 8783, 8780, 8851, 5201, 5256, 5206, 934, 1020, 1019, 329, 325, 457, 8478, 5724, 8476, 8478, 8476, 5715, 5724, 5721, 5725, 5721, 5728, 5725, 5725, 5728, 5830, 6119, 6137, 6118, 6119, 6118, 6114, 6118, 6137, 6368, 6137, 6369, 6368, 6368, 6369, 6363, 8284, 4395, 4386, 4386, 4395, 4380, 7388, 8578, 7722, 7722, 7717, 7714, 7722, 8578, 7717, 5830, 5728, 5773, 6125, 6114, 8183, 6363, 6371, 6381, 457, 4939, 6743, 457, 6751, 4939, 4937, 6359, 6358, 4937, 6358, 4938, 6231, 6230, 4938, 4938, 6358, 6231, 8172, 8286, 8173, 7713, 8759, 8760, 2611, 8835, 8791, 935, 934, 1019, 8476, 5724, 8477, 8477, 5724, 5725, 8284, 4386, 8290, 8286, 8284, 8290, 7387, 7388, 8577, 8577, 7388, 7722, 7722, 7714, 7712, 7712, 7714, 7713, 5813, 5827, 5814, 5830, 5773, 5815, 4386, 4380, 4382, 4382, 4381, 4422, 1537, 1539, 1538, 1537, 1538, 1552, 5133, 5132, 5130, 5205, 5201, 5206, 322, 324, 325, 931, 930, 934, 8477, 8984, 8928, 8473, 8476, 8475, 8476, 8477, 8475, 9166, 9165, 5830, 6104, 6118, 6103, 6103, 6118, 6138, 6118, 6368, 6138, 6138, 6368, 6361, 6361, 6363, 6362, 7392, 8577, 8576, 7392, 7387, 8577, 8576, 7722, 7712, 8576, 8577, 7722, 6113, 6104, 6112, 6362, 6363, 6364, 8174, 8286, 8291, 8286, 8290, 8291, 8174, 8291, 8086, 4386, 4382, 4388, 7713, 8760, 8762, 4388, 4382, 4422, 7299, 7300, 7298, 7298, 7300, 862, 1808, 1806, 1768, 1552, 1580, 1581, 1581, 1580, 470, 470, 422, 423, 2925, 2930, 2929, 5198, 5207, 5195, 323, 321, 370, 8851, 8779, 8856, 9166, 5830, 5819, 8292, 8290, 4386, 8292, 4386, 4394, 4386, 4388, 4394, 7393, 7392, 8576, 7719, 7712, 7716, 7719, 8576, 7712, 7716, 7712, 7713, 5819, 5815, 5817, 5819, 5830, 5815, 6112, 6105, 6135, 6362, 6364, 6384, 4394, 4388, 4398, 4398, 4388, 4399, 7716, 7713, 8762, 4399, 4422, 8063, 4399, 4388, 4422, 1801, 1820, 1821, 1821, 1820, 5135, 1555, 1539, 1537, 686, 2850, 2849, 2849, 2850, 178, 2984, 2986, 2985, 393, 374, 372, 372, 374, 323, 5195, 5197, 5196, 322, 325, 328, 325, 329, 328, 5256, 5261, 5260, 8473, 8475, 8474, 5260, 5261, 5296, 6106, 6103, 6136, 6103, 6138, 6136, 6136, 6138, 6365, 6138, 6361, 6365, 6365, 6361, 6362, 8292, 4394, 8294, 8574, 8576, 8575, 8574, 7393, 8576, 8575, 8576, 7719, 8200, 8292, 8293, 8200, 8291, 8292, 8200, 8293, 8195, 7716, 8762, 8768, 2688, 2650, 2651, 2651, 2650, 2649, 2653, 2660, 2659, 2659, 2660, 2612, 785, 855, 786, 793, 863, 779, 170, 175, 172, 931, 934, 935, 5260, 5296, 5295, 6106, 6136, 6108, 6106, 6108, 6107, 6365, 6362, 6366, 8294, 4394, 4426, 8573, 8574, 8575, 8575, 7719, 7720, 7720, 7716, 8768, 7720, 7719, 7716, 5295, 7769, 5826, 6366, 6384, 6385, 6366, 6362, 6384, 8277, 8293, 8294, 8293, 8292, 8294, 4394, 4400, 4424, 4394, 4398, 4400, 4424, 4400, 4425, 8062, 8195, 8197, 4428, 4399, 8063, 865, 931, 867, 5206, 5256, 5260, 8888, 8775, 3039, 6108, 6136, 6110, 6108, 6110, 6109, 6110, 6136, 6386, 6136, 6365, 6386, 6386, 6365, 6367, 4426, 4424, 8601, 8572, 8574, 8573, 8573, 8575, 7720, 6116, 6109, 6132, 8277, 8294, 8278, 8277, 8278, 8197, 4424, 8602, 8601, 8768, 8767, 8769, 5295, 5305, 5301, 8060, 4425, 4428, 5301, 5305, 5309, 1768, 1770, 1769, 1769, 1770, 1798, 2649, 2653, 2652, 2652, 2653, 2659, 5131, 5132, 5198, 780, 782, 779, 8784, 8782, 8783, 5260, 5295, 5293, 6386, 6367, 6372, 6387, 7507, 7506, 7506, 1319, 1283, 1319, 1282, 1283, 8297, 4426, 8566, 4426, 8572, 8566, 8566, 8572, 8571, 8572, 8573, 8571, 8571, 7720, 8600, 8571, 8573, 7720, 8600, 8768, 4815, 8600, 7720, 8768, 5293, 5295, 5300, 6382, 6366, 6385, 8296, 8278, 8295, 8278, 8294, 8295, 8296, 8295, 8198, 4815, 8768, 8769, 5300, 5295, 5301, 5135, 5133, 5134, 2691, 2688, 2651, 8787, 8789, 8786, 5130, 5132, 5131, 8786, 8785, 8784, 6111, 6110, 3970, 6111, 3970, 6115, 3970, 6110, 3968, 6110, 6386, 3968, 3968, 6386, 7508, 6386, 6372, 7508, 7508, 6372, 6387, 7508, 6387, 3974, 3974, 7506, 3977, 3974, 6387, 7506, 3977, 7506, 1283, 8159, 7993, 7974, 8566, 8571, 8568, 8568, 8571, 8600, 8159, 8013, 8191, 4815, 8769, 8059, 5300, 5301, 5302, 5302, 5301, 5311, 5301, 5309, 5311, 1571, 1539, 1555, 862, 855, 854, 854, 855, 785, 785, 786, 783, 373, 393, 372, 372, 323, 370, 867, 863, 865, 3969, 3970, 3968, 3968, 7508, 3974, 3977, 1283, 1284, 7993, 8159, 8049, 6863, 8297, 8566, 5292, 5293, 5300, 4671, 8181, 8156, 8049, 8159, 8192, 8053, 4815, 8059, 8058, 8054, 8059, 8791, 8835, 8834, 420, 421, 395, 170, 174, 175, 867, 931, 866, 5260, 5293, 5292, 3967, 3968, 3966, 3967, 3969, 3968, 3966, 3968, 3973, 3973, 3968, 3974, 3973, 3974, 3975, 4668, 3975, 7826, 4668, 3973, 3975, 3975, 3974, 3976, 3974, 3977, 3976, 3976, 3977, 1284, 6862, 6863, 8565, 8565, 8566, 8564, 8565, 6863, 8566, 8564, 8566, 8568, 8568, 8600, 4814, 4814, 8600, 4815, 8186, 8193, 8187, 8048, 8049, 8192, 8188, 8048, 8192, 8188, 7995, 8048, 5292, 5300, 5302, 785, 783, 784, 5198, 5195, 5196, 8844, 8783, 8851, 5206, 5260, 5204, 5260, 5292, 5289, 3965, 3967, 3966, 3966, 3973, 3980, 3980, 3973, 4668, 7826, 3975, 3976, 3976, 1284, 3978, 3976, 3978, 7854, 6094, 8564, 8203, 6094, 8565, 8564, 6077, 8203, 7686, 6077, 6094, 8203, 8564, 8568, 4814, 4814, 4815, 4812, 5289, 5292, 5294, 4667, 4671, 4669, 8164, 8188, 8189, 8164, 7995, 8188, 8189, 7854, 8164, 6096, 6077, 7687, 6077, 7686, 7687, 4812, 8053, 8051, 4812, 4815, 8053, 5294, 5302, 5303, 5294, 5292, 5302, 5303, 5311, 5312, 5303, 5302, 5311, 2683, 2684, 2659, 581, 686, 2849, 2651, 2649, 2652, 1420, 1422, 1419, 784, 783, 781, 781, 783, 782, 781, 782, 780, 5196, 5201, 5200, 5200, 5201, 5205, 170, 172, 171, 5205, 5206, 5202, 322, 328, 330, 330, 328, 331, 5204, 5260, 5289, 3963, 3965, 3964, 3964, 3966, 3972, 3964, 3965, 3966, 3972, 3966, 3980, 4667, 3972, 3980, 1285, 3978, 1284, 6861, 8565, 6094, 6861, 6862, 8565, 6076, 6094, 6077, 7685, 8564, 8563, 7685, 8203, 8564, 8563, 8564, 8562, 8564, 4814, 8562, 8562, 4813, 4811, 8562, 4814, 4813, 4811, 4813, 4812, 5313, 5289, 5294, 4667, 4669, 4666, 6077, 6096, 6075, 7687, 7686, 7683, 5399, 5313, 5323, 5323, 5313, 5303, 5313, 5294, 5303, 5312, 5323, 5303, 2683, 2659, 2677, 2849, 178, 176, 2677, 2659, 2612, 8791, 8834, 8789, 777, 779, 778, 5199, 5196, 5200, 778, 779, 863, 778, 863, 867, 321, 322, 332, 5202, 5206, 5204, 5204, 5289, 5374, 3971, 3964, 3972, 3972, 4667, 4665, 4665, 3971, 3972, 6860, 6861, 6094, 6074, 6094, 6076, 6076, 6077, 6075, 6075, 6074, 6076, 7685, 8563, 7682, 7685, 7682, 7683, 7682, 8563, 8562, 4811, 4812, 4794, 5372, 5371, 5313, 5371, 5314, 5313, 5314, 5289, 5313, 4665, 4667, 4666, 4794, 4812, 8051, 1555, 1537, 1556, 1556, 1537, 1554, 1554, 1537, 1552, 5134, 5133, 5130, 2982, 2984, 2981, 3151, 3153, 3154, 777, 780, 779, 8856, 8775, 8888, 3962, 3963, 3961, 3963, 3964, 3961, 3961, 3964, 3971, 4665, 3961, 3971, 6859, 6094, 6074, 6859, 6860, 6094, 6074, 6075, 6073, 7682, 8562, 8561, 8561, 8562, 4816, 8562, 4811, 4816, 4816, 4810, 4797, 4816, 4811, 4810, 4797, 4810, 4794, 279, 6193, 6192, 5371, 5372, 4355, 6073, 6075, 6089, 4794, 8051, 8011, 2610, 2612, 2611, 422, 421, 420, 176, 178, 177, 866, 931, 935, 5951, 8907, 5950, 5944, 4352, 5948, 3961, 4665, 4664, 8569, 6074, 6072, 8569, 6859, 6074, 6072, 6074, 6073, 7684, 8561, 7781, 7684, 7682, 8561, 7684, 7781, 7689, 7781, 8561, 8560, 8561, 4816, 8560, 8560, 4816, 4797, 4797, 4794, 4793, 4664, 4665, 4663, 4665, 4666, 4663, 6073, 6089, 6079, 7298, 862, 854, 2610, 2611, 8791, 785, 784, 794, 8852, 8856, 8888, 5202, 5204, 5203, 8888, 3039, 3040, 5944, 5948, 5947, 5368, 5373, 5370, 3957, 3961, 3958, 3957, 3962, 3961, 3958, 3961, 4664, 6858, 6859, 8569, 6072, 6073, 6068, 7781, 8560, 8559, 8559, 8560, 4808, 8560, 4797, 4808, 4808, 4797, 4793, 5368, 4355, 4321, 6868, 6867, 6866, 6068, 6073, 6079, 4791, 4793, 4794, 2677, 2612, 2619, 2619, 2612, 2610, 371, 395, 373, 812, 867, 866, 332, 322, 330, 3958, 4664, 4661, 6855, 8569, 6071, 6855, 6858, 8569, 6071, 8569, 6072, 6068, 6071, 6072, 7308, 8559, 7305, 7308, 7781, 8559, 7308, 7305, 7306, 7305, 8559, 4809, 8559, 4808, 4809, 4809, 4808, 4792, 4808, 4793, 4792, 4792, 4793, 4791, 4661, 4664, 4663, 4662, 4661, 4663, 6068, 6079, 6078, 1808, 1768, 1789, 1789, 1768, 1769, 1554, 1552, 1581, 2658, 2652, 2657, 2658, 2651, 2652, 2982, 2981, 2980, 5134, 5130, 5131, 8787, 8786, 8784, 5137, 5131, 5198, 5198, 5196, 5137, 214, 174, 170, 5200, 5205, 5202, 8851, 8856, 8852, 5949, 5950, 8929, 5949, 8929, 5369, 330, 331, 450, 5943, 5944, 5947, 5369, 5368, 4333, 3955, 3957, 3956, 3956, 3957, 3958, 3956, 3958, 4661, 5681, 5685, 5686, 5686, 5685, 6479, 8570, 6071, 6066, 8570, 6855, 6071, 6066, 6071, 6068, 7307, 7305, 8558, 7305, 4809, 8558, 4333, 5368, 4321, 4320, 4333, 4321, 4661, 4662, 4660, 498, 5687, 5682, 5682, 5687, 5685, 5687, 6729, 5685, 6479, 5685, 6480, 1798, 1801, 1800, 1800, 1801, 1821, 2691, 2651, 2658, 420, 395, 371, 3152, 3151, 3154, 176, 177, 173, 173, 214, 215, 8787, 8784, 8837, 173, 174, 214, 5137, 5196, 5199, 8844, 8851, 8848, 778, 867, 812, 237, 170, 171, 237, 171, 238, 330, 450, 449, 5943, 5947, 5946, 5946, 5949, 4368, 5946, 5947, 5949, 4368, 5949, 4333, 5949, 5369, 4333, 4318, 4368, 4333, 3959, 3955, 3956, 449, 450, 497, 450, 498, 497, 5684, 5683, 5688, 5683, 5681, 5686, 5688, 5686, 6479, 5688, 5683, 5686, 6854, 6855, 8570, 6066, 6068, 6067, 7307, 8558, 7327, 7307, 7327, 7328, 7327, 8558, 8557, 8558, 4809, 8557, 8557, 4809, 4796, 4809, 4792, 4796, 4796, 4792, 4790, 4792, 4791, 4790, 4319, 4318, 4320, 3979, 3956, 4660, 3956, 4661, 4660, 5701, 5699, 5702, 5699, 497, 5702, 497, 5682, 5684, 497, 498, 5682, 5702, 497, 6537, 497, 5684, 6537, 6479, 6480, 6482, 6482, 5688, 6479, 6068, 6078, 6067, 8010, 7328, 8009, 5702, 5703, 5701, 6483, 6537, 6482, 176, 173, 215, 5134, 5131, 5136, 781, 780, 777, 8843, 8783, 8844, 5200, 5202, 5262, 5942, 5943, 5946, 5946, 4368, 4317, 4317, 4368, 4318, 3959, 3956, 3960, 3960, 3956, 3979, 6856, 8570, 8579, 6856, 6854, 8570, 8579, 6066, 6069, 8579, 8570, 6066, 6069, 6066, 6067, 7329, 7327, 8556, 7327, 8557, 8556, 8557, 4796, 4789, 4796, 4790, 4789, 4789, 4790, 4788, 6880, 3959, 3960, 4659, 3979, 4660, 5689, 5688, 6481, 5689, 5684, 5688, 5688, 6482, 6481, 4788, 4790, 4791, 8791, 8789, 8790, 854, 785, 797, 8790, 8789, 8787, 5136, 5131, 5137, 8837, 8784, 8843, 8843, 8784, 8783, 335, 370, 321, 777, 778, 807, 5199, 5200, 5142, 807, 778, 812, 5262, 5202, 5203, 8852, 8888, 3040, 5952, 5945, 5964, 5945, 5946, 5964, 330, 449, 431, 5941, 4367, 5942, 5964, 5946, 4317, 4314, 5964, 4317, 4699, 3960, 3981, 6069, 6067, 6070, 7329, 8556, 7618, 7329, 7618, 7619, 7618, 8556, 8555, 8556, 8557, 8555, 8555, 8557, 4789, 4314, 4315, 4305, 4315, 4316, 4305, 3960, 3979, 3981, 3981, 3979, 4659, 4658, 3981, 4659, 6070, 6067, 6080, 784, 781, 795, 5940, 5945, 5952, 8555, 4789, 4795, 5964, 4314, 4313, 4699, 3981, 4657, 4704, 4699, 4657, 6857, 8579, 6093, 6857, 6856, 8579, 6093, 6069, 6070, 6093, 8579, 6069, 7186, 7618, 8554, 7618, 8555, 8554, 4795, 4789, 4749, 4789, 4752, 4749, 4313, 4314, 4305, 6885, 6882, 4704, 6885, 6884, 6882, 4657, 3981, 4658, 6070, 6080, 6081, 2932, 2926, 2928, 5139, 5137, 5199, 812, 866, 813, 935, 1019, 1013, 7183, 8554, 8553, 8554, 8555, 4795, 5939, 4348, 5940, 4348, 5941, 5940, 7510, 5964, 4313, 4705, 4704, 4656, 6827, 6857, 6093, 6082, 6093, 6070, 6081, 6082, 6070, 7186, 8554, 7183, 7186, 7183, 7184, 4749, 4752, 4733, 4313, 4305, 4303, 4305, 4304, 4303, 6887, 6885, 4705, 4656, 4704, 4657, 4655, 4656, 4657, 1557, 1555, 1556, 2657, 2683, 2677, 5135, 5134, 5164, 5164, 5134, 5136, 2978, 2980, 2976, 5136, 5137, 5138, 217, 214, 170, 8848, 8851, 8852, 5150, 5200, 5262, 332, 330, 333, 5954, 5940, 5953, 5940, 5952, 5953, 5953, 5964, 7510, 5953, 5952, 5964, 333, 330, 431, 8553, 8554, 4795, 1013, 1019, 3043, 5262, 5203, 5310, 6826, 6827, 8580, 8580, 6093, 6082, 8580, 6827, 6093, 6082, 6081, 6083, 7185, 7183, 8553, 4795, 4749, 4732, 4732, 4749, 4733, 4332, 4313, 4303, 6888, 4705, 4702, 6888, 6887, 4705, 4702, 4656, 4654, 4702, 4705, 4656, 4654, 4656, 4655, 6083, 6081, 6090, 7297, 7299, 7298, 7298, 854, 1080, 1769, 1798, 1799, 1799, 1798, 1800, 1800, 1821, 1825, 1825, 1821, 5135, 1558, 1571, 1555, 1558, 1555, 1557, 1567, 1554, 1582, 1554, 1581, 1582, 1582, 470, 471, 1582, 1581, 470, 471, 470, 423, 2690, 2691, 2658, 853, 854, 797, 795, 781, 803, 372, 370, 369, 369, 370, 335, 3040, 3038, 4264, 8553, 4795, 4798, 4798, 4795, 4732, 7516, 7510, 4332, 7516, 5953, 7510, 4302, 7516, 4332, 6829, 6826, 8580, 8595, 6082, 6084, 8595, 8580, 6082, 6084, 6082, 6083, 7185, 8553, 7373, 7185, 7373, 7374, 4732, 4733, 4731, 4301, 4302, 4303, 6890, 6888, 4703, 4703, 4702, 4654, 4703, 6888, 4702, 6083, 6090, 6085, 4654, 4655, 4652, 4655, 4697, 4652, 680, 581, 2849, 2690, 2658, 2656, 3155, 3152, 3154, 371, 373, 372, 807, 812, 811, 8848, 8852, 8853, 335, 321, 332, 811, 812, 813, 936, 935, 1013, 5955, 5954, 5953, 5953, 7516, 7515, 4798, 4732, 4728, 6911, 4360, 5955, 4360, 5939, 5955, 7515, 7516, 4334, 7516, 4302, 4334, 8427, 8580, 8595, 8427, 6829, 8580, 6084, 6083, 6085, 4728, 4732, 4731, 4264, 3038, 4255, 6892, 6891, 4703, 6891, 6890, 4703, 4700, 4654, 4653, 4700, 4703, 4654, 1530, 1531, 1533, 4255, 4257, 4256, 4255, 3038, 4257, 4653, 4654, 4652, 7297, 7298, 1080, 1080, 854, 853, 1556, 1554, 1557, 1557, 1554, 1567, 2657, 2677, 2674, 2674, 2677, 2619, 794, 784, 795, 5138, 5137, 5139, 5139, 5199, 5142, 5142, 5200, 5150, 866, 935, 813, 813, 935, 936, 8852, 3040, 4264, 5955, 5953, 5956, 5956, 5953, 7515, 8552, 8553, 4804, 4804, 8553, 4801, 8553, 4798, 4801, 4801, 4798, 4728, 333, 431, 490, 8425, 8427, 8596, 8425, 8426, 8427, 8596, 8595, 6095, 8596, 8427, 8595, 6095, 6084, 6086, 6095, 8595, 6084, 6086, 6085, 6087, 6086, 6084, 6085, 7372, 7373, 7370, 7373, 8552, 7370, 7372, 7370, 7371, 4728, 4731, 4730, 4272, 4264, 4270, 4270, 4254, 4252, 4270, 4264, 4254, 4252, 4254, 4253, 4254, 4255, 4253, 6892, 4703, 4700, 4647, 4700, 4653, 4253, 4256, 6503, 4253, 4255, 4256, 1825, 5135, 5164, 2656, 2658, 2657, 2933, 2932, 2928, 797, 785, 794, 796, 794, 795, 371, 372, 367, 1389, 1417, 1391, 1389, 1391, 1390, 217, 170, 237, 5961, 5955, 5956, 4804, 4801, 4734, 4801, 4728, 4734, 6910, 6911, 5961, 6910, 6912, 6911, 7514, 7515, 4334, 7514, 5956, 7515, 4323, 7514, 4334, 8596, 6095, 6086, 4734, 4728, 4729, 1529, 2910, 6592, 1529, 1526, 2910, 6592, 2910, 2912, 2920, 4272, 4270, 2920, 4270, 4269, 4270, 4252, 4269, 4269, 4252, 4258, 4323, 4300, 4298, 7311, 6892, 8369, 8369, 4700, 4701, 8369, 6892, 4700, 4701, 4700, 4647, 1529, 6592, 6594, 4647, 4653, 4652, 4650, 4647, 4652, 2610, 8791, 8790, 797, 794, 796, 8787, 8837, 8838, 810, 807, 811, 5960, 5961, 5956, 7514, 5960, 5956, 8551, 8552, 8550, 8552, 4804, 8550, 8854, 4272, 2920, 4262, 4258, 4260, 238, 279, 280, 8423, 8425, 8597, 8597, 8596, 6091, 8597, 8425, 8596, 6091, 6086, 6088, 6091, 8596, 6086, 6088, 6086, 6087, 7362, 7364, 7363, 4734, 4729, 4735, 6590, 2920, 6595, 2920, 8257, 6595, 8257, 2920, 4269, 4260, 4258, 4259, 4258, 4253, 4259, 280, 279, 6192, 7309, 7311, 8369, 4646, 4701, 4647, 6088, 6087, 6460, 6588, 2912, 6589, 6588, 6592, 2912, 6588, 6589, 6593, 6589, 2912, 6590, 2912, 2920, 6590, 4259, 4253, 6503, 4645, 4647, 4650, 8790, 8787, 8842, 215, 214, 216, 8838, 8837, 8840, 8837, 8843, 8840, 216, 214, 217, 8844, 8848, 8847, 8848, 8853, 8847, 5959, 5961, 5960, 5960, 7514, 7513, 8550, 4804, 8549, 4804, 4734, 4736, 4262, 4260, 4268, 6905, 6910, 5961, 6905, 6913, 6910, 7513, 7514, 4324, 7514, 4323, 4324, 4322, 7513, 4324, 8424, 8597, 8598, 8424, 8423, 8597, 8598, 6091, 6092, 8598, 8597, 6091, 6092, 6091, 6088, 4736, 4734, 4735, 6595, 8257, 6599, 6596, 6595, 6597, 6595, 6599, 6597, 4260, 4259, 4261, 4322, 4298, 4296, 7313, 8369, 8368, 7313, 7309, 8369, 8368, 4701, 4646, 8368, 8369, 4701, 6088, 6460, 6459, 6591, 6589, 6590, 6591, 6595, 6596, 6591, 6590, 6595, 6591, 6596, 6598, 6598, 6597, 6600, 6598, 6596, 6597, 4645, 4650, 4649, 176, 215, 223, 781, 777, 804, 5142, 5150, 5145, 8549, 4804, 4802, 4802, 4804, 4736, 8854, 2920, 2919, 6092, 6088, 6450, 7365, 7364, 7366, 7364, 8550, 7366, 4736, 4735, 4737, 8233, 4268, 8255, 8233, 6599, 4268, 8255, 4268, 4265, 4268, 4260, 4265, 4265, 4260, 4263, 5488, 7313, 8368, 4644, 8368, 4646, 4645, 4644, 4646, 6450, 6088, 6459, 6600, 8199, 8111, 6600, 8111, 6504, 5164, 5136, 5163, 2933, 2928, 2937, 5163, 5136, 5161, 5136, 5138, 5161, 8842, 8787, 8838, 5161, 5138, 5140, 5138, 5139, 5140, 367, 372, 369, 8843, 8844, 8845, 5144, 5142, 5145, 334, 332, 333, 5959, 5960, 5958, 5958, 5960, 4335, 4802, 4736, 4738, 6904, 6905, 5959, 6904, 6906, 6905, 4335, 5960, 7513, 7513, 4322, 4335, 8397, 8598, 8599, 8397, 8424, 8598, 8599, 6092, 6449, 8599, 8598, 6092, 6449, 6092, 6450, 4738, 4736, 4737, 8176, 8255, 8256, 8176, 8233, 8255, 8176, 8256, 8175, 4265, 4263, 4266, 4330, 4331, 4296, 5491, 5485, 8367, 5485, 5488, 8367, 8367, 8368, 4644, 8367, 5488, 8368, 4644, 4645, 4643, 6450, 6459, 6447, 4643, 4645, 4649, 4648, 4643, 4649, 853, 797, 798, 2978, 2976, 2977, 5957, 5959, 5958, 5958, 4335, 7512, 8549, 4802, 4803, 4803, 4802, 4738, 8854, 2919, 2923, 6908, 6907, 5957, 6907, 6904, 5957, 7512, 4335, 4331, 333, 490, 482, 6449, 6450, 6445, 4738, 4737, 4739, 6893, 8255, 6895, 6893, 8256, 8255, 6893, 6895, 6894, 6895, 8255, 8254, 8255, 4265, 8254, 8254, 4265, 4267, 4265, 4266, 4267, 4267, 4266, 6505, 4330, 4296, 4294, 8366, 4644, 4642, 8366, 8367, 4644, 4642, 4644, 4643, 6445, 6450, 6447, 8111, 6894, 6506, 4641, 4643, 4648, 1788, 1769, 1799, 1559, 1558, 1557, 423, 422, 346, 2619, 2610, 2614, 346, 422, 420, 777, 807, 804, 8845, 8844, 8847, 8853, 8852, 8854, 5957, 5958, 5962, 5962, 5958, 7512, 8549, 4803, 8547, 4803, 4738, 4741, 7512, 4331, 4330, 8395, 8599, 6448, 8395, 8397, 8599, 6448, 8599, 6449, 6445, 6448, 6449, 4741, 4738, 4740, 6896, 6895, 8252, 6895, 8254, 8252, 5505, 8367, 8366, 5505, 5491, 8367, 6445, 6447, 6446, 4641, 4648, 4640, 767, 680, 2849, 2674, 2619, 2614, 807, 810, 809, 217, 237, 236, 5145, 5150, 5149, 814, 813, 936, 237, 238, 239, 5963, 5957, 5962, 5962, 7512, 7511, 5150, 5262, 5279, 8547, 4803, 4799, 4799, 4803, 4741, 8853, 8854, 2923, 239, 238, 280, 6909, 6908, 5957, 6909, 4364, 6908, 7511, 7512, 4329, 7512, 4330, 4329, 5279, 5262, 5310, 6470, 8395, 6448, 7369, 8549, 8548, 7369, 7368, 8549, 7369, 8548, 8005, 6896, 8252, 8253, 6896, 8253, 8118, 8252, 8254, 6508, 8254, 4267, 6508, 6508, 4267, 6507, 4267, 6505, 6507, 8365, 8366, 4642, 8365, 5505, 8366, 2853, 2849, 176, 798, 797, 796, 810, 811, 815, 5963, 5962, 7511, 4799, 4741, 4742, 6909, 5957, 5963, 6470, 6448, 6440, 8548, 8547, 8201, 8005, 8201, 8002, 4742, 4740, 4743, 4742, 4741, 4740, 7489, 8252, 7485, 7489, 8253, 8252, 7489, 7485, 7488, 7485, 8252, 8251, 8252, 6508, 8251, 6508, 6507, 6509, 5482, 5505, 8365, 4698, 8365, 4642, 4642, 4641, 4639, 4639, 4698, 4642, 8389, 8394, 6470, 6440, 6445, 6443, 6440, 6448, 6445, 6445, 6446, 6443, 4639, 4641, 4640, 1789, 1769, 1788, 2656, 2657, 2664, 2664, 2657, 2674, 2936, 2933, 2937, 346, 420, 371, 8793, 8790, 8842, 223, 215, 216, 799, 796, 795, 803, 781, 804, 8840, 8843, 8845, 5139, 5142, 5141, 5142, 5144, 5143, 8544, 8547, 4799, 4799, 4742, 4744, 6917, 6915, 6916, 6915, 6909, 6916, 6952, 7511, 4336, 6952, 5963, 7511, 7511, 4329, 4336, 4744, 4742, 4743, 7485, 8251, 7487, 7488, 7485, 7486, 7485, 7487, 7486, 8251, 6508, 6510, 6508, 6509, 6510, 6510, 6509, 6511, 5506, 8365, 4698, 5506, 5482, 8365, 4637, 4698, 4639, 8391, 6470, 6467, 8391, 8389, 6470, 6467, 6440, 6438, 6467, 6470, 6440, 6438, 6440, 6439, 6440, 6443, 6439, 6509, 8046, 8044, 8046, 7486, 8044, 4639, 4640, 4638, 6443, 8079, 6439, 5141, 5142, 5143, 811, 813, 814, 6916, 5963, 6952, 5149, 5150, 5279, 4800, 4799, 4744, 8047, 8544, 8202, 8047, 8202, 8012, 4744, 4743, 4745, 7487, 8251, 8250, 8250, 8251, 6510, 4306, 4294, 4292, 8393, 8391, 6468, 8393, 8392, 8391, 6468, 6467, 6438, 6468, 8391, 6467, 4637, 4639, 4638, 7296, 7297, 1080, 852, 1080, 853, 1800, 1825, 1824, 1824, 5164, 5165, 1824, 1825, 5164, 1559, 1557, 1560, 1582, 471, 463, 463, 471, 423, 767, 2849, 751, 751, 2849, 2853, 224, 176, 223, 798, 796, 799, 815, 811, 814, 6918, 6916, 6952, 6952, 4336, 7517, 8544, 4799, 8545, 8545, 4799, 8546, 4799, 4800, 8546, 4800, 4744, 4746, 6919, 6917, 6918, 7517, 4336, 4306, 4746, 4744, 4745, 7490, 8250, 7710, 7490, 7487, 8250, 7490, 7710, 7709, 6510, 6511, 6512, 5507, 5506, 4698, 4635, 4698, 4637, 4633, 4635, 4637, 8168, 8393, 6468, 6469, 6468, 6438, 6438, 6439, 6441, 8044, 7709, 8043, 4633, 4637, 4638, 4636, 4633, 4638, 6441, 6439, 6461, 1799, 1800, 1802, 1802, 1800, 1824, 1557, 1567, 1561, 1561, 1567, 1582, 852, 853, 800, 853, 798, 800, 795, 803, 799, 5140, 5139, 5141, 5144, 5145, 5146, 6918, 6952, 6951, 6951, 6952, 7517, 8546, 4800, 4805, 4805, 4800, 4746, 6920, 6919, 6918, 7517, 4306, 4326, 5279, 5310, 5384, 7454, 8545, 7453, 7454, 8202, 8545, 7454, 7453, 7452, 4746, 4745, 4747, 7711, 8250, 8249, 7711, 7710, 8250, 8249, 8250, 8259, 8250, 6510, 8259, 8259, 6510, 6513, 5489, 5507, 8364, 8364, 4698, 4635, 8364, 5507, 4698, 8387, 6468, 6469, 8387, 8168, 6468, 6442, 6438, 6441, 6442, 6469, 6438, 2983, 2977, 2975, 2936, 2937, 2938, 3157, 3156, 3155, 218, 216, 217, 809, 810, 815, 8847, 8853, 8859, 236, 237, 239, 6921, 6918, 6951, 6951, 7517, 7518, 4805, 4746, 4748, 6922, 6923, 6920, 7518, 7517, 4326, 7452, 7425, 7451, 4748, 4747, 4750, 4748, 4746, 4747, 4327, 4292, 4289, 5475, 5489, 8364, 8363, 4635, 4632, 8363, 8364, 4635, 4632, 4635, 4633, 8387, 6469, 6451, 6451, 6469, 6442, 4633, 4636, 4631, 7296, 1080, 7295, 7295, 1080, 852, 1792, 1808, 1789, 463, 423, 345, 345, 423, 346, 5165, 5164, 5162, 5162, 5164, 5163, 2939, 2936, 2938, 3157, 3155, 3158, 803, 804, 805, 6921, 6951, 6953, 6953, 6951, 7518, 8546, 4805, 7424, 7424, 4805, 4787, 4787, 4805, 4748, 7518, 4326, 4328, 4327, 7518, 4328, 7455, 8249, 7457, 7455, 7711, 8249, 7455, 7457, 7456, 7457, 8249, 8248, 8249, 8259, 8248, 8248, 8259, 6515, 8259, 6513, 6515, 6515, 6513, 6514, 5504, 5475, 8363, 5475, 8364, 8363, 4632, 4633, 4631, 8386, 8387, 6451, 8386, 8388, 8387, 6452, 6451, 6444, 6451, 6442, 6444, 6444, 6442, 6441, 6444, 6461, 8082, 1561, 1582, 1583, 1583, 1582, 463, 5159, 5161, 5140, 8897, 8838, 8840, 805, 804, 806, 806, 804, 807, 218, 217, 220, 814, 936, 937, 6953, 7518, 7519, 4787, 4748, 4753, 6924, 6922, 6921, 6924, 4365, 6922, 7519, 7518, 4327, 4289, 7519, 4327, 7428, 7425, 7422, 7425, 7424, 7422, 7428, 7422, 7450, 4753, 4748, 4751, 4748, 4750, 4751, 7458, 7457, 8242, 7457, 8248, 8242, 5467, 5504, 8362, 8362, 8363, 4630, 8362, 5504, 8363, 4630, 8363, 4632, 4631, 4630, 4632, 7460, 8386, 6472, 6472, 6451, 6452, 6472, 8386, 6451, 6452, 6444, 6453, 6516, 6514, 6512, 1792, 1789, 1787, 800, 798, 799, 806, 807, 808, 5143, 5144, 5146, 6925, 6921, 6949, 6921, 6953, 6949, 6949, 6953, 7519, 7424, 4787, 7421, 4787, 4753, 4754, 4754, 4753, 4751, 7458, 8242, 8236, 7458, 8236, 8157, 8242, 8248, 6517, 8248, 6515, 6517, 6517, 6515, 6516, 5465, 5467, 8362, 4630, 4631, 4628, 7459, 6472, 6471, 7459, 7460, 6472, 6471, 6472, 6452, 6452, 6453, 6454, 4628, 4631, 4651, 8089, 6454, 6453, 1787, 1789, 1788, 2853, 176, 224, 2614, 2610, 2615, 2615, 2610, 8790, 802, 803, 805, 808, 807, 809, 220, 217, 236, 1453, 1452, 1448, 937, 936, 1013, 7426, 7421, 4761, 7421, 4787, 4761, 4761, 4787, 4754, 8859, 8853, 2923, 6474, 6924, 6925, 6474, 6475, 6924, 7520, 7519, 4287, 7520, 6949, 7519, 7519, 4289, 4287, 368, 333, 482, 7420, 7421, 7423, 7420, 7422, 7421, 7420, 7423, 7883, 4754, 4751, 4755, 8234, 8236, 8242, 8234, 8242, 8246, 8242, 6517, 8246, 6517, 6516, 6518, 4287, 4289, 4288, 5508, 8362, 8361, 5508, 5465, 8362, 8361, 4630, 4629, 8361, 8362, 4630, 4629, 4628, 4588, 4629, 4630, 4628, 7462, 7459, 6471, 6455, 6452, 6454, 6455, 6471, 6452, 6456, 6455, 6454, 4588, 4628, 4624, 4628, 4651, 4624, 2689, 2690, 2656, 2671, 2656, 2664, 1200, 1230, 1262, 802, 799, 803, 5159, 5140, 5141, 8849, 8845, 8847, 334, 335, 332, 6926, 6925, 6950, 6925, 6949, 6950, 6950, 7520, 7521, 6950, 6949, 7520, 7426, 4761, 7429, 7426, 7429, 7427, 4761, 4754, 4756, 7521, 7520, 4286, 7520, 4287, 4286, 4756, 4754, 4755, 8235, 8234, 8243, 8234, 8246, 8243, 8246, 6517, 6518, 5461, 5508, 8361, 8398, 6471, 6465, 8398, 7462, 6471, 6465, 6455, 6457, 6465, 6471, 6455, 6457, 6455, 6456, 6518, 6516, 6519, 4588, 4624, 4598, 1787, 1788, 1785, 1788, 1799, 1785, 1785, 1799, 1802, 1563, 1559, 1560, 8792, 8790, 8793, 2983, 2975, 2992, 8840, 8845, 8849, 816, 814, 937, 7429, 4761, 8567, 4758, 4761, 4756, 8859, 2923, 2922, 6927, 6474, 6926, 6927, 6476, 6474, 4285, 7521, 4286, 8235, 8243, 8237, 8235, 8237, 8161, 8243, 8246, 6521, 8246, 6518, 6521, 6521, 6518, 6520, 5460, 5461, 5510, 5510, 8361, 4634, 5510, 5461, 8361, 4634, 8361, 4629, 4588, 4634, 4629, 8399, 8398, 6466, 6466, 6465, 6457, 6466, 8398, 6465, 6520, 6518, 6519, 6457, 6456, 6458, 1560, 1557, 1561, 366, 371, 367, 816, 815, 814, 334, 333, 368, 6926, 6950, 6955, 6955, 7521, 7522, 6955, 6950, 7521, 8567, 4761, 4758, 4758, 4756, 4757, 7522, 7521, 4285, 4757, 4756, 4755, 8238, 8237, 8241, 8237, 8243, 8241, 8241, 8243, 8258, 8243, 6521, 8258, 4587, 4588, 4586, 4587, 4634, 4588, 4156, 4160, 6769, 6769, 4160, 6768, 8400, 6466, 6463, 8400, 8399, 6466, 6463, 6457, 6462, 6463, 6466, 6457, 4588, 4598, 4586, 6462, 6457, 6458, 2674, 2614, 2617, 2617, 2614, 2616, 2616, 2614, 2615, 2615, 8790, 8792, 2993, 2983, 2992, 2941, 2939, 2940, 2939, 2938, 2940, 219, 223, 216, 216, 218, 219, 5141, 5143, 5158, 937, 1013, 1014, 6928, 6926, 6955, 7430, 7429, 8567, 1014, 3043, 1030, 1014, 1013, 3043, 7522, 4285, 4309, 4308, 7522, 4309, 4156, 6769, 4175, 4175, 6769, 6765, 8238, 8241, 8239, 8162, 8238, 8163, 8238, 8239, 8163, 8241, 8258, 6523, 8258, 6521, 6523, 6523, 6521, 6522, 6521, 6520, 6522, 5456, 5510, 8360, 8360, 4634, 4587, 8360, 5510, 4634, 6765, 6769, 6768, 8401, 8400, 7614, 8401, 8178, 8400, 7614, 6463, 6464, 7614, 8400, 6463, 6464, 6463, 6462, 6522, 6520, 6525, 4586, 4696, 4585, 6462, 6458, 8092, 5162, 5163, 5161, 8842, 8838, 8793, 8793, 8838, 8897, 8849, 8847, 8850, 335, 334, 336, 8850, 8847, 8859, 6955, 7522, 7523, 7430, 8567, 7432, 8567, 4758, 4759, 4758, 4757, 4759, 7523, 7522, 4308, 7780, 8239, 8240, 8239, 8241, 8240, 8240, 8241, 8260, 8241, 6523, 8260, 5454, 5456, 8360, 4589, 8360, 4587, 4587, 4586, 4584, 4584, 4589, 4587, 7768, 8401, 7614, 7602, 7614, 6464, 7601, 7602, 6464, 4584, 4586, 4585, 346, 371, 366, 801, 799, 802, 5161, 5159, 5160, 809, 815, 818, 6928, 6955, 6954, 6954, 6955, 7523, 7434, 7432, 8567, 7436, 8567, 4759, 7523, 4308, 4307, 4759, 4757, 4760, 7780, 8240, 7778, 7780, 7778, 7779, 8240, 8260, 6530, 8260, 6523, 6530, 6530, 6523, 6524, 6523, 6522, 6524, 5453, 5454, 5512, 5512, 8360, 4589, 5512, 5454, 8360, 6765, 6768, 6767, 7766, 7614, 7613, 7766, 7768, 7614, 7613, 7614, 7602, 7602, 7601, 7603, 6524, 6522, 6525, 4627, 4584, 4585, 8119, 7603, 7601, 7295, 852, 1081, 1824, 5165, 5166, 2671, 2664, 2670, 2670, 2664, 2674, 801, 800, 799, 222, 223, 219, 5162, 5161, 5160, 5159, 5141, 5158, 367, 369, 339, 339, 369, 335, 6954, 7523, 7524, 6945, 6954, 7524, 7434, 8567, 7436, 7436, 4759, 4763, 4763, 4759, 4762, 6930, 6928, 6945, 6930, 6929, 6928, 7524, 4307, 4310, 7524, 7523, 4307, 4175, 6765, 6764, 4762, 4759, 4760, 6491, 8240, 8244, 6491, 7778, 8240, 8244, 8240, 8261, 8240, 6530, 8261, 8261, 6530, 6528, 4310, 4307, 4274, 4307, 4278, 4274, 8359, 4589, 4590, 8359, 5512, 4589, 4590, 4589, 4584, 6764, 6765, 6767, 8129, 6764, 6767, 7771, 7765, 7613, 7765, 7766, 7613, 7603, 7613, 7602, 4584, 4627, 4592, 1081, 852, 851, 2689, 2656, 2672, 2672, 2656, 2671, 2670, 2674, 2675, 2675, 2674, 2617, 343, 346, 366, 224, 223, 222, 8793, 8897, 8797, 5154, 5143, 5146, 5146, 5145, 5147, 5147, 5145, 5148, 5145, 5149, 5148, 6944, 6945, 7524, 7436, 4763, 4765, 6931, 6930, 6945, 6931, 6685, 6930, 4152, 4156, 4175, 4762, 4760, 4781, 8261, 6528, 6526, 280, 6192, 6191, 5448, 5512, 8359, 4590, 4584, 4591, 7771, 7613, 7611, 7611, 7603, 7606, 7611, 7613, 7603, 7606, 7603, 7605, 8038, 6490, 6487, 4591, 4584, 4592, 8120, 7604, 7605, 1785, 1802, 1803, 1803, 1802, 1824, 1561, 1583, 1576, 1576, 1583, 453, 1583, 463, 453, 453, 463, 345, 851, 852, 800, 5166, 5165, 5162, 2995, 2993, 2994, 2993, 2992, 2994, 8849, 8850, 8857, 339, 335, 336, 6944, 7524, 7525, 5148, 5149, 5279, 4765, 4763, 4764, 4763, 4762, 4764, 6931, 6945, 6944, 7525, 4310, 4311, 7525, 7524, 4310, 4152, 4175, 6763, 6763, 6764, 6762, 6763, 4175, 6764, 4764, 4762, 4781, 6489, 8244, 6488, 6489, 6491, 8244, 6489, 6488, 6487, 6488, 8244, 8245, 8244, 8261, 8245, 8245, 8261, 6529, 8261, 6526, 6529, 6529, 6526, 6527, 4311, 4310, 4274, 5511, 8359, 4599, 5511, 5448, 8359, 4599, 8359, 4590, 4591, 4599, 4590, 6762, 6764, 8129, 7770, 7771, 7612, 7612, 7611, 7606, 7612, 7771, 7611, 345, 346, 343, 8794, 8793, 8797, 802, 805, 823, 8897, 8840, 8855, 8855, 8840, 8849, 5158, 5143, 5154, 808, 809, 818, 818, 815, 817, 817, 815, 816, 6947, 6944, 7525, 6947, 6932, 6944, 8861, 8859, 2922, 6683, 6931, 6932, 6484, 6488, 8247, 6488, 8245, 8247, 8245, 6531, 7764, 8245, 6529, 6531, 4311, 4274, 4275, 5492, 5511, 8358, 8358, 4599, 4594, 8358, 5511, 4599, 4594, 4599, 4591, 6762, 8129, 8128, 7774, 7770, 7612, 7608, 7606, 7607, 7608, 7612, 7606, 7606, 7604, 7607, 6487, 6485, 8037, 4591, 4592, 4593, 7294, 7296, 7295, 5166, 5162, 5167, 5159, 5158, 5157, 823, 805, 806, 6947, 7525, 7526, 7436, 4765, 4782, 4782, 4765, 4766, 4765, 4764, 4766, 6933, 6932, 6947, 6933, 6683, 6932, 7526, 4311, 4325, 7526, 7525, 4311, 4766, 4764, 4767, 6484, 8247, 6486, 6484, 6486, 6485, 8247, 8245, 7764, 7764, 6531, 6532, 4325, 4311, 4275, 5493, 5492, 8358, 4594, 4591, 4593, 7777, 7612, 7608, 7777, 7774, 7612, 7609, 7608, 7607, 6532, 6531, 6527, 1803, 1824, 1823, 1823, 1824, 5166, 1560, 1561, 1562, 1562, 1561, 1576, 2687, 2689, 2672, 820, 806, 808, 938, 937, 1014, 6943, 6947, 7527, 7440, 7438, 4785, 7438, 7436, 4785, 7436, 4782, 4785, 4782, 4766, 4768, 6934, 6933, 6943, 7527, 7526, 4325, 7527, 6947, 7526, 4281, 7527, 4325, 4768, 4766, 4767, 6486, 8247, 8262, 8247, 7764, 8262, 8262, 7764, 7763, 7764, 6532, 7763, 7763, 6532, 6533, 5509, 8358, 8357, 5509, 5493, 8358, 8357, 4594, 4595, 8357, 8358, 4594, 4595, 4593, 4596, 4595, 4594, 4593, 6762, 8128, 8127, 6794, 7361, 6796, 7361, 7777, 6796, 6796, 7608, 7610, 6796, 7777, 7608, 7610, 7608, 7609, 7616, 7610, 7609, 6532, 6527, 6533, 1563, 1560, 1562, 8792, 8793, 8794, 816, 937, 938, 4785, 4782, 4768, 6935, 6943, 6948, 6935, 6934, 6943, 6948, 6943, 7527, 4154, 4152, 6760, 4152, 6763, 6760, 6760, 6762, 6761, 6760, 6763, 6762, 7166, 6486, 7165, 7166, 7165, 7172, 7165, 6486, 7160, 6486, 8262, 7160, 7160, 8262, 7763, 5500, 5509, 8357, 6761, 6762, 8127, 6794, 6796, 6795, 6795, 7610, 7615, 6795, 6796, 7610, 7615, 7610, 7616, 8037, 7172, 8036, 4596, 4694, 4623, 2616, 2615, 2622, 2622, 8792, 8795, 2622, 2615, 8792, 851, 800, 825, 8795, 8792, 8794, 825, 800, 801, 5167, 5162, 5160, 823, 806, 820, 5157, 5158, 5154, 820, 808, 819, 6946, 6948, 7528, 7442, 7440, 4785, 4785, 4768, 4769, 6937, 6935, 6946, 6937, 6936, 6935, 7528, 7527, 4283, 7528, 6948, 7527, 4283, 7527, 4281, 6760, 6761, 6766, 4769, 4768, 4767, 7164, 7165, 7160, 7160, 7763, 8263, 4283, 4281, 4282, 5499, 5500, 8356, 8356, 8357, 4600, 8356, 5500, 8357, 4600, 8357, 4595, 4595, 4596, 4597, 4597, 4600, 4595, 6766, 6761, 8126, 6761, 8127, 8126, 6775, 6793, 6774, 6793, 6794, 6774, 6774, 6795, 7615, 6774, 6794, 6795, 7617, 7615, 7616, 4597, 4596, 4623, 7294, 7295, 1081, 1792, 1787, 1786, 1786, 1787, 1785, 1564, 1563, 1562, 343, 366, 341, 801, 802, 823, 5160, 5159, 5157, 819, 808, 818, 337, 336, 334, 4783, 4785, 4769, 6937, 6946, 6411, 6411, 7528, 4312, 6411, 6946, 7528, 4312, 7528, 4283, 368, 482, 455, 4769, 4767, 4770, 7164, 7160, 7159, 7164, 7159, 7173, 7159, 7160, 7157, 7160, 8263, 7157, 7157, 8263, 7761, 8263, 7763, 7761, 7761, 7763, 7762, 7763, 6533, 7762, 5498, 8356, 8354, 5498, 5499, 8356, 8354, 4600, 4601, 8354, 8356, 4600, 4601, 4600, 4597, 6766, 6775, 6773, 6773, 6774, 6339, 6773, 6775, 6774, 6339, 6774, 7615, 4597, 4623, 4602, 2855, 2853, 224, 2687, 2672, 2673, 2995, 2994, 2996, 341, 366, 367, 8894, 8897, 8855, 821, 820, 819, 5154, 5146, 5147, 819, 818, 817, 6414, 6411, 6404, 7442, 4785, 7444, 7444, 4785, 4806, 4785, 4783, 4806, 4783, 4769, 4771, 6938, 6937, 6414, 6938, 6677, 6937, 6404, 6411, 4312, 4337, 6404, 4312, 4154, 6760, 6771, 6771, 6760, 6770, 6760, 6766, 6770, 4771, 4769, 4770, 7157, 7761, 7171, 5502, 5498, 8354, 4601, 4597, 4602, 6766, 6773, 6770, 6770, 6339, 6337, 6770, 6773, 6339, 6337, 6339, 6338, 6339, 7615, 6338, 6338, 7615, 7617, 8036, 7173, 7174, 6338, 7617, 8124, 8124, 8130, 6338, 453, 345, 347, 2672, 2671, 2669, 2682, 2675, 2676, 2669, 2671, 2670, 2676, 2617, 2618, 2676, 2675, 2617, 2618, 2617, 2616, 8897, 8894, 8799, 823, 820, 822, 341, 367, 339, 5153, 5154, 5147, 8850, 8859, 8858, 817, 816, 838, 4806, 4783, 4771, 4339, 6404, 4337, 4167, 4154, 6771, 4771, 4770, 4772, 7158, 7157, 7156, 7158, 7159, 7157, 7158, 7156, 7174, 7156, 7157, 7153, 7157, 7171, 7153, 7153, 7171, 7759, 7171, 7761, 7759, 7759, 7761, 7760, 7761, 7762, 7760, 5513, 8354, 4604, 5513, 5502, 8354, 4604, 8354, 4601, 4601, 4602, 4603, 4603, 4604, 4601, 4164, 4161, 4163, 6771, 6770, 6337, 6337, 6338, 6336, 8036, 7174, 8035, 4603, 4602, 4622, 5169, 5167, 5160, 8797, 8897, 8799, 5170, 5169, 5160, 8855, 8849, 8857, 8858, 8859, 8860, 5151, 5147, 5148, 6939, 6414, 6403, 6403, 6404, 6402, 6403, 6414, 6404, 7444, 4806, 4784, 4784, 4771, 4773, 6940, 6938, 6939, 6940, 6676, 6938, 6402, 6404, 4339, 4340, 6402, 4339, 4773, 4771, 4772, 7156, 7153, 7151, 7151, 7153, 7152, 7153, 7759, 7152, 7152, 7759, 7754, 7759, 7760, 7754, 280, 6191, 320, 5514, 5513, 8348, 8348, 4604, 4605, 8348, 5513, 4604, 4605, 4604, 4603, 6771, 6337, 6335, 6335, 6337, 6336, 4603, 4622, 4621, 751, 2853, 2854, 2854, 2853, 2855, 3160, 3159, 3161, 5170, 5160, 5157, 340, 341, 339, 219, 218, 220, 819, 817, 837, 8857, 8850, 8858, 8860, 8859, 8861, 337, 334, 368, 938, 1014, 1030, 3537, 6939, 6403, 6401, 6403, 6402, 6401, 3537, 6403, 7444, 4784, 4786, 4786, 4784, 4773, 6402, 4340, 4342, 4773, 4772, 4774, 7163, 7151, 7162, 7163, 7156, 7151, 7163, 7162, 8045, 5516, 5514, 8348, 4166, 4167, 4168, 4166, 4163, 4167, 4168, 6771, 6333, 4168, 4167, 6771, 6333, 6771, 6335, 6334, 6333, 6335, 7754, 7762, 8034, 4606, 4621, 4620, 1804, 1785, 1803, 2681, 2682, 2676, 2685, 2687, 2673, 2669, 2670, 2666, 2997, 2995, 2996, 5155, 5154, 5153, 7448, 7446, 8415, 7446, 7444, 8415, 8415, 7444, 4786, 4786, 4773, 4708, 6942, 6940, 3537, 6942, 6941, 6940, 6401, 6402, 4342, 4708, 4773, 4774, 7161, 7151, 7149, 7161, 7162, 7151, 7161, 7149, 7150, 7149, 7151, 7154, 7151, 7152, 7154, 7154, 7152, 7753, 7152, 7754, 7753, 7753, 7754, 7752, 5518, 8348, 4608, 5518, 5516, 8348, 4608, 8348, 4605, 4605, 4606, 4607, 4607, 4608, 4605, 4171, 4170, 4169, 4170, 4166, 4169, 4169, 4168, 6772, 4169, 4166, 4168, 6772, 6333, 6332, 6772, 4168, 6333, 6332, 6333, 6331, 6333, 6334, 6331, 7752, 7754, 8034, 4607, 4606, 4620, 1565, 1562, 1576, 5169, 5170, 5171, 221, 219, 220, 821, 819, 837, 5153, 5147, 5152, 817, 838, 837, 3536, 3538, 3537, 7448, 8415, 7449, 4807, 4786, 4708, 7155, 7154, 7753, 6670, 6942, 3538, 3536, 6401, 4344, 3536, 3537, 6401, 6401, 4342, 4344, 4708, 4774, 4775, 6759, 7149, 7155, 7149, 7154, 7155, 5519, 5518, 8347, 8347, 5518, 4608, 4169, 6772, 6330, 6330, 6772, 6332, 6330, 6332, 6331, 8033, 6759, 6756, 4607, 4620, 4609, 6331, 8132, 6329, 1792, 1786, 1784, 1804, 1803, 1823, 2673, 2672, 2669, 8796, 8795, 8794, 5167, 5169, 5168, 5170, 5157, 5156, 5157, 5154, 5156, 822, 820, 821, 5152, 5147, 5151, 838, 816, 938, 3539, 3536, 6395, 8415, 4786, 8414, 8414, 4786, 4807, 4706, 4708, 4707, 6903, 3538, 3539, 6903, 6670, 3538, 6395, 3536, 4344, 4343, 6395, 4344, 4707, 4708, 4775, 6759, 7155, 6758, 6759, 6758, 6756, 6758, 7155, 7167, 7155, 7753, 7167, 7167, 7753, 7751, 7753, 7752, 7751, 7751, 7752, 7749, 5521, 5519, 8347, 4610, 8347, 4608, 4608, 4607, 4609, 4609, 4610, 4608, 4171, 4169, 4172, 4172, 4169, 6330, 6330, 6331, 6329, 7749, 7752, 8034, 850, 851, 825, 345, 343, 344, 1201, 1200, 1261, 5168, 5169, 5171, 8893, 8799, 8894, 824, 823, 822, 338, 336, 337, 6407, 3539, 6390, 8414, 4807, 4711, 4711, 4807, 4709, 4807, 4706, 4709, 4709, 4706, 4707, 235, 239, 280, 6665, 6666, 3539, 6666, 6903, 3539, 6390, 3539, 6395, 6392, 6390, 6395, 4707, 4775, 4776, 6752, 6758, 7168, 6758, 7167, 7168, 8346, 8347, 4610, 8346, 5521, 8347, 4610, 4609, 4611, 4174, 4171, 4173, 4173, 4171, 4172, 4172, 6330, 6328, 6328, 6330, 6329, 8032, 7749, 8034, 4613, 4611, 4609, 1809, 1792, 1784, 2855, 224, 225, 2618, 2616, 2621, 2621, 2616, 2622, 5166, 5167, 5168, 2998, 2997, 2996, 8799, 8794, 8797, 801, 823, 825, 8414, 4711, 8413, 4709, 4707, 4710, 7359, 3539, 6407, 7359, 6665, 3539, 4710, 4707, 4776, 7168, 7167, 7748, 7167, 7751, 7748, 7748, 7751, 7749, 8355, 8346, 8342, 8342, 4610, 4612, 8342, 8346, 4610, 4612, 4610, 4611, 4176, 4173, 6776, 4176, 4174, 4173, 6776, 4172, 6328, 6776, 4173, 4172, 4612, 4611, 4613, 1784, 1786, 1785, 1564, 1562, 1565, 752, 751, 2854, 954, 851, 850, 821, 837, 836, 839, 838, 938, 235, 236, 239, 6408, 6407, 6393, 6412, 6408, 6393, 5129, 5148, 5128, 4711, 4709, 4710, 6393, 6390, 6391, 6393, 6407, 6390, 6390, 6392, 6391, 4710, 4776, 4777, 6754, 7168, 7043, 6754, 6752, 7168, 6754, 7043, 6755, 7748, 7749, 7747, 235, 280, 320, 6391, 6392, 6661, 7348, 8355, 8342, 4616, 8342, 4612, 5760, 5761, 6777, 5761, 4176, 6777, 6777, 4176, 6776, 6776, 6328, 6326, 6326, 6327, 6325, 6326, 6328, 6327, 7747, 7749, 8032, 4612, 4613, 4614, 6327, 6353, 6340, 6353, 6356, 6340, 954, 1081, 851, 1566, 1564, 1565, 225, 224, 222, 342, 343, 341, 222, 219, 221, 5156, 5154, 5155, 835, 821, 836, 233, 220, 236, 233, 236, 235, 6405, 6412, 6394, 8413, 4711, 8412, 4711, 4710, 4712, 6663, 7359, 6412, 6394, 6412, 6393, 6394, 6393, 6391, 368, 455, 438, 4712, 4777, 4778, 4712, 4710, 4777, 7043, 7169, 7170, 7169, 7748, 7170, 7170, 7748, 7747, 8341, 8342, 4616, 8341, 7348, 8342, 4616, 4612, 4615, 5760, 6777, 6778, 6778, 6776, 6326, 6778, 6777, 6776, 6757, 6755, 8031, 8030, 7747, 8032, 4615, 4612, 4614, 6325, 6327, 6340, 7293, 7294, 1081, 1784, 1785, 1783, 1783, 1785, 1804, 1565, 1576, 1570, 1570, 1576, 453, 752, 2854, 2855, 2621, 2622, 2623, 2623, 2622, 8795, 344, 343, 342, 824, 825, 823, 221, 220, 233, 836, 837, 838, 6405, 6394, 6397, 7170, 7747, 7746, 7358, 6412, 6405, 7358, 6663, 6412, 6397, 6396, 6398, 6397, 6394, 6396, 7044, 7043, 7042, 7044, 7042, 8167, 7042, 7043, 7039, 7043, 7170, 7039, 7746, 7747, 7750, 7338, 8341, 8338, 7338, 7335, 8341, 8338, 4616, 4617, 8338, 8341, 4616, 4617, 4616, 4615, 5758, 6778, 6779, 5758, 5760, 6778, 6779, 6326, 6324, 6779, 6778, 6326, 6324, 6326, 6325, 7750, 7747, 8030, 4615, 4614, 4618, 6355, 6325, 6340, 340, 339, 338, 338, 339, 336, 839, 938, 939, 5151, 5148, 5129, 6413, 6405, 6399, 8411, 8412, 4711, 4711, 4713, 4715, 4715, 4713, 4714, 4713, 4712, 4714, 7170, 7746, 7039, 6659, 7358, 6413, 6399, 6405, 6397, 6398, 6399, 6397, 4714, 4712, 4778, 7041, 7039, 7038, 7041, 7042, 7039, 7041, 7038, 7047, 7039, 7746, 7755, 7755, 7746, 7750, 6398, 6396, 6561, 7340, 7338, 8338, 4625, 8338, 4617, 5742, 5758, 6780, 6780, 6779, 6321, 6780, 5758, 6779, 6321, 6779, 6324, 6324, 6325, 6323, 6323, 6321, 6324, 4617, 4615, 4618, 7293, 1081, 1076, 1076, 1081, 954, 1570, 453, 473, 473, 453, 347, 2666, 2681, 2676, 347, 345, 344, 8796, 8794, 8798, 1201, 1261, 1249, 839, 836, 838, 8860, 8861, 8862, 939, 938, 1030, 5387, 5396, 5386, 8411, 4711, 8410, 8410, 4711, 4715, 6658, 6659, 6735, 6735, 6413, 6406, 6735, 6659, 6413, 6406, 6399, 6400, 6406, 6413, 6399, 6400, 6399, 6398, 4714, 4778, 4779, 7038, 7039, 7036, 6400, 6398, 6561, 8345, 7340, 8338, 8345, 7342, 7340, 4625, 4617, 4619, 5744, 6780, 6781, 5744, 5742, 6780, 6781, 6780, 6321, 7756, 7750, 8030, 4619, 4617, 4618, 4672, 4619, 4618, 6323, 6355, 6341, 1804, 1823, 1822, 1822, 1823, 5166, 3160, 3161, 3162, 8798, 8794, 8799, 849, 825, 826, 825, 824, 826, 8893, 8894, 8900, 337, 368, 355, 355, 368, 438, 4715, 4714, 4716, 6409, 6406, 6400, 6561, 6409, 6400, 4716, 4714, 4779, 7037, 7036, 7035, 7037, 7038, 7036, 7037, 7035, 8029, 7035, 7036, 7034, 7036, 7045, 7034, 7034, 7045, 7757, 7045, 7755, 7757, 7757, 7755, 7756, 7755, 7750, 7756, 3950, 7342, 8345, 8337, 8345, 8338, 8338, 4625, 4626, 4626, 4625, 4619, 5747, 5744, 6782, 6782, 5744, 6781, 6321, 6323, 6322, 4691, 7344, 5886, 4672, 4691, 4619, 6322, 6323, 6341, 1822, 5166, 5178, 2623, 8795, 8796, 850, 825, 849, 8900, 8894, 8855, 833, 821, 835, 355, 338, 337, 8410, 4715, 4717, 4717, 4715, 4716, 7034, 7757, 7033, 7032, 7034, 7033, 6733, 6656, 6415, 6656, 6735, 6415, 6415, 6406, 6410, 6415, 6735, 6406, 6410, 6406, 6409, 6558, 6410, 6409, 4716, 4779, 4780, 7035, 7034, 7032, 7035, 7032, 7046, 7033, 7757, 7758, 7758, 7757, 7741, 7757, 7756, 7741, 3949, 3950, 8337, 3950, 8345, 8337, 8336, 8337, 4673, 8337, 8338, 4673, 4673, 8338, 4626, 4670, 4673, 4626, 5749, 5747, 6782, 6782, 6781, 6343, 6343, 6781, 6322, 6781, 6321, 6322, 6342, 6343, 6322, 5880, 4691, 5884, 4691, 5886, 5884, 6342, 6341, 6345, 2685, 2673, 2668, 2673, 2669, 2668, 2668, 2669, 2666, 2666, 2676, 2665, 2665, 2676, 2618, 5178, 5166, 5168, 2998, 3000, 1891, 342, 341, 340, 833, 822, 821, 8857, 8858, 8899, 5187, 5153, 5152, 8899, 8858, 8860, 939, 1030, 1043, 8410, 4717, 4721, 4721, 4717, 4719, 4719, 4717, 4718, 4717, 4716, 4718, 8862, 8861, 2922, 7033, 7758, 7040, 7016, 7033, 7040, 6733, 6415, 6557, 4718, 4716, 4780, 7031, 7032, 7016, 7032, 7033, 7016, 7031, 7016, 7017, 7040, 7758, 7740, 6558, 6579, 6578, 3943, 3944, 8339, 3944, 3949, 8339, 8339, 8337, 8336, 8339, 3949, 8337, 5749, 6782, 6783, 6783, 6782, 6343, 7741, 7756, 8025, 3941, 5878, 5883, 5878, 5880, 5884, 5883, 5878, 5884, 1783, 1804, 1822, 757, 752, 2855, 3001, 2998, 1891, 8900, 8855, 8880, 824, 822, 832, 832, 822, 833, 6585, 6557, 6555, 8409, 8410, 4726, 8410, 4721, 4726, 4721, 4719, 4720, 7040, 7740, 7738, 6732, 6654, 6585, 6654, 6733, 6585, 6555, 6410, 6556, 6555, 6557, 6410, 6410, 6558, 6556, 6559, 6555, 6556, 7018, 7016, 7019, 7016, 7040, 7019, 7738, 7740, 7739, 3923, 3940, 8339, 3940, 3943, 8339, 8335, 8339, 8336, 8336, 4673, 4674, 4674, 4673, 4670, 5753, 5749, 6784, 6784, 5749, 6783, 6783, 6343, 6344, 6344, 6343, 6342, 8028, 7017, 8025, 1810, 1809, 1784, 5170, 5156, 5172, 5173, 5156, 5155, 5173, 5155, 5187, 5187, 5155, 5153, 234, 233, 235, 5152, 5151, 5189, 355, 438, 437, 8408, 8409, 4726, 7019, 7040, 7021, 7040, 7738, 7021, 7020, 7019, 7021, 6650, 6732, 6731, 6731, 6585, 6584, 6731, 6732, 6585, 6584, 6555, 6560, 6584, 6585, 6555, 6560, 6555, 6559, 4720, 4718, 4723, 7018, 7019, 7020, 7018, 7020, 7048, 7021, 7738, 7737, 7737, 7738, 7735, 7738, 7739, 7735, 257, 235, 320, 6578, 6577, 6559, 3921, 3923, 8340, 3923, 8339, 8340, 8340, 8339, 8335, 8335, 8336, 4692, 4692, 8336, 4674, 5756, 5753, 6784, 6784, 6783, 6349, 6349, 6783, 6344, 6346, 6349, 6344, 4676, 4675, 4677, 7292, 1076, 1074, 7292, 7293, 1076, 1566, 1565, 1568, 757, 2855, 305, 305, 2855, 225, 2668, 2666, 2667, 8892, 8799, 8893, 826, 824, 827, 5171, 5170, 5172, 6583, 6584, 6568, 4726, 4721, 4722, 4721, 4720, 4722, 8862, 2922, 2921, 7021, 7737, 7024, 7022, 7021, 7024, 1043, 3050, 148, 6730, 6731, 6583, 6730, 6650, 6731, 6568, 6584, 6560, 4722, 4720, 4723, 7023, 7020, 7022, 7020, 7021, 7022, 7023, 7022, 7025, 7024, 7737, 7736, 3918, 3921, 8344, 8344, 8340, 8343, 8344, 3921, 8340, 8343, 8340, 8325, 5871, 8325, 5873, 5871, 8343, 8325, 8325, 8340, 8335, 4692, 4674, 4676, 4676, 4674, 4675, 5757, 5756, 6785, 5756, 6784, 6785, 6785, 6784, 6349, 7048, 7025, 8024, 7735, 7739, 7745, 4676, 4677, 4678, 5751, 6347, 6345, 6347, 6346, 6345, 1076, 954, 953, 953, 1074, 1076, 1782, 1784, 1783, 1568, 1565, 1569, 1569, 1565, 1570, 953, 954, 850, 2685, 2668, 2678, 2678, 2668, 2667, 2667, 2665, 2618, 2618, 2621, 2625, 2625, 2621, 2623, 1503, 3162, 3163, 350, 340, 338, 831, 832, 833, 5129, 5128, 5124, 8408, 4726, 8407, 6652, 6730, 6583, 6582, 6583, 6568, 6569, 6582, 6568, 4722, 4723, 4724, 7026, 7022, 7027, 7022, 7024, 7027, 7024, 7736, 7734, 6569, 6559, 6570, 3942, 3918, 8344, 8344, 8343, 8323, 8323, 5871, 5870, 8323, 8343, 5871, 8324, 8325, 8334, 8325, 8335, 8334, 8334, 4692, 4680, 8334, 8335, 4692, 4680, 4676, 4679, 4680, 4692, 4676, 6785, 6349, 6348, 6348, 6349, 6346, 4679, 4676, 4678, 6347, 5751, 6351, 1810, 1784, 1791, 1782, 1783, 1790, 714, 757, 305, 305, 225, 226, 2680, 2685, 2678, 2667, 2618, 2625, 953, 850, 940, 940, 850, 849, 347, 344, 365, 2950, 2947, 1956, 1504, 1503, 3163, 8798, 8799, 8892, 225, 222, 226, 226, 222, 227, 5175, 5168, 5171, 5172, 5156, 5173, 8880, 8855, 8857, 5193, 5151, 5129, 5193, 5129, 5124, 8406, 8407, 4726, 4726, 4722, 4725, 7027, 7024, 7029, 7028, 7027, 7029, 6647, 6652, 6734, 6734, 6583, 6580, 6734, 6652, 6583, 6580, 6582, 6581, 6580, 6583, 6582, 6581, 6582, 6569, 6571, 6580, 6581, 7026, 7027, 7028, 7026, 7028, 8196, 7029, 7024, 7733, 7024, 7734, 7733, 7733, 7734, 7731, 6571, 6570, 6572, 3936, 3942, 8350, 8350, 3942, 8349, 3942, 8344, 8349, 8349, 8344, 8333, 8344, 8323, 8333, 8333, 8323, 8334, 8323, 8324, 8334, 4141, 5757, 6786, 6786, 5757, 6785, 7731, 7735, 7745, 3926, 3925, 5867, 4679, 4678, 4682, 153, 7292, 7291, 7292, 1074, 7291, 7291, 1074, 981, 1791, 1784, 1782, 1790, 1783, 1822, 1578, 1568, 1569, 1569, 1570, 473, 714, 305, 304, 304, 305, 226, 2680, 2678, 2679, 2678, 2667, 2625, 2625, 2623, 2626, 2626, 2623, 8796, 5178, 5168, 5175, 227, 222, 228, 8900, 8880, 8879, 8880, 8857, 8899, 350, 338, 355, 834, 835, 836, 840, 839, 843, 839, 939, 843, 240, 235, 257, 843, 939, 989, 989, 1043, 1042, 989, 939, 1043, 6586, 6580, 6567, 6587, 6586, 6567, 8406, 4726, 8405, 8406, 8405, 7877, 8405, 4726, 4457, 7029, 7733, 7030, 6799, 7029, 7030, 6690, 6734, 6587, 6690, 6647, 6734, 6567, 6580, 6571, 4727, 4725, 4724, 6797, 7028, 6799, 7028, 7029, 6799, 6797, 6799, 6798, 7030, 7733, 7732, 257, 320, 287, 3947, 3936, 8350, 8333, 8334, 4681, 4681, 8334, 4680, 4681, 4680, 4679, 4138, 4141, 6786, 4138, 6786, 4148, 6786, 6785, 6352, 6352, 6785, 6348, 6350, 6352, 6348, 7731, 7745, 7729, 5865, 3927, 5868, 3927, 3929, 5868, 4681, 4679, 4682, 4683, 4681, 4682, 4136, 4140, 4138, 6350, 6347, 6351, 7724, 304, 290, 290, 304, 260, 1659, 1578, 1569, 1659, 1569, 1733, 1569, 473, 1733, 1733, 473, 365, 365, 473, 347, 736, 714, 2858, 714, 304, 2858, 260, 304, 226, 981, 940, 980, 2679, 2678, 2625, 980, 940, 848, 1956, 1957, 2950, 365, 344, 348, 848, 940, 849, 344, 342, 348, 5175, 5171, 5172, 222, 221, 228, 828, 827, 824, 828, 824, 832, 833, 835, 834, 840, 836, 839, 5152, 5189, 5188, 4457, 4726, 4727, 4726, 4725, 4727, 6801, 7742, 7743, 6688, 6690, 6587, 6565, 6587, 6567, 6563, 6565, 6567, 6800, 6799, 6801, 6799, 7030, 6801, 7742, 7732, 7730, 7730, 7731, 7729, 6574, 6563, 6573, 3934, 3932, 8352, 3932, 3947, 8352, 8352, 8350, 8351, 8352, 3947, 8350, 8351, 8349, 8332, 8351, 8350, 8349, 8349, 8333, 8332, 8332, 4681, 4684, 8332, 8333, 4681, 4684, 4683, 4686, 4684, 4681, 4683, 6553, 6352, 3713, 6553, 6786, 6352, 3713, 6350, 3711, 3713, 6352, 6350, 5863, 5865, 5868, 4686, 4683, 4685, 4685, 4690, 4686, 4139, 4136, 4137, 4136, 4138, 4137, 4137, 4138, 4148, 3711, 6350, 3714, 6350, 6351, 3714, 4110, 4108, 4122, 4108, 4109, 4113, 743, 745, 7723, 306, 290, 291, 4113, 4111, 452, 4113, 4109, 4111, 2740, 3838, 4446, 4446, 3838, 3847, 3847, 3838, 3839, 3838, 3840, 3839, 291, 290, 284, 4111, 1733, 452, 3839, 3840, 2695, 284, 290, 260, 1816, 1782, 1815, 1816, 1791, 1782, 1815, 1782, 1807, 1807, 1782, 1790, 1822, 5178, 5283, 1740, 1578, 1739, 1739, 1578, 1659, 1659, 1733, 1765, 452, 1733, 365, 3840, 2625, 2695, 284, 260, 252, 960, 981, 980, 2695, 2625, 2694, 2694, 2625, 2626, 2626, 8796, 8886, 252, 260, 226, 8798, 8892, 8895, 848, 849, 826, 8892, 8893, 8879, 228, 221, 232, 8879, 8893, 8900, 221, 233, 232, 831, 833, 834, 5189, 5151, 5193, 7885, 8405, 8403, 8403, 8405, 8404, 8405, 4457, 8404, 240, 257, 287, 6689, 6587, 6566, 6689, 6688, 6587, 6566, 6565, 6564, 6566, 6587, 6565, 6564, 6565, 6563, 6562, 6566, 6564, 4457, 4455, 4451, 4457, 4727, 4455, 6800, 6801, 6802, 6800, 6802, 6811, 7743, 7730, 7726, 3939, 3934, 8353, 8353, 8352, 8351, 8353, 3934, 8352, 4686, 4690, 4687, 3711, 3714, 3712, 1927, 1930, 3834, 3834, 1930, 3833, 3833, 3803, 3831, 5324, 4124, 4236, 4124, 4108, 4237, 4236, 4124, 4237, 4237, 4108, 4125, 4237, 4125, 4231, 4125, 4114, 4222, 4231, 4125, 4222, 4223, 4116, 4229, 4116, 5704, 4229, 3803, 3802, 3831, 3831, 3802, 3832, 3832, 3802, 3804, 3832, 3804, 3837, 3837, 3804, 5443, 3804, 3805, 5443, 4230, 4231, 4220, 4231, 4222, 4220, 4222, 4114, 4223, 4114, 4116, 4223, 4220, 4222, 4219, 4222, 4223, 4219, 3884, 3879, 4961, 743, 7723, 307, 744, 743, 5446, 743, 307, 5446, 307, 7723, 306, 307, 306, 291, 5443, 3805, 3810, 3810, 3807, 5442, 1751, 4234, 1752, 1751, 4235, 4234, 1752, 4234, 1753, 1753, 4230, 1757, 1757, 4230, 483, 4230, 4220, 483, 483, 4219, 4221, 483, 4220, 4219, 5704, 4117, 4228, 4117, 4118, 4228, 4130, 2740, 4446, 4130, 4446, 4126, 4130, 4126, 4129, 4126, 3847, 4128, 4126, 4446, 3847, 4129, 4126, 4127, 4126, 4128, 4127, 4128, 3845, 4447, 4128, 3847, 3845, 4447, 3845, 4448, 4448, 3845, 4449, 3845, 3846, 4449, 5762, 3886, 3885, 744, 5446, 317, 307, 291, 317, 291, 284, 317, 5446, 307, 317, 5442, 3807, 3809, 1740, 1741, 1742, 1742, 1741, 1751, 1741, 1754, 1751, 483, 452, 447, 483, 484, 452, 4120, 8266, 6554, 4120, 4221, 8266, 4228, 4121, 6554, 4228, 4118, 4121, 8266, 4228, 6554, 2736, 4130, 4134, 2736, 2739, 4130, 4134, 4129, 4132, 4134, 4130, 4129, 4132, 4129, 4131, 4129, 4127, 4131, 7376, 3843, 8898, 7376, 3848, 3843, 5762, 3885, 3748, 744, 5447, 727, 317, 284, 318, 7291, 981, 960, 1807, 1790, 1817, 1817, 1822, 5283, 1817, 1790, 1822, 5442, 3809, 3811, 6430, 5442, 3811, 447, 452, 365, 8886, 3843, 2626, 727, 5447, 318, 318, 284, 252, 8886, 8796, 8798, 960, 980, 848, 5283, 5178, 5177, 1895, 1896, 3016, 1201, 1249, 1203, 5177, 5178, 5175, 234, 232, 233, 834, 836, 840, 234, 235, 240, 843, 989, 1025, 1025, 1042, 1056, 1025, 989, 1042, 8403, 8404, 7887, 8404, 4457, 8581, 8862, 2921, 7999, 6801, 7743, 6803, 7743, 7726, 6186, 240, 287, 259, 1056, 1042, 1058, 1042, 6534, 1058, 6691, 6689, 5985, 6691, 6644, 6689, 5985, 6566, 5984, 5985, 6689, 6566, 5984, 6566, 6562, 2921, 4456, 7999, 6807, 6802, 6804, 6807, 6804, 6812, 6186, 7726, 7727, 6186, 7727, 6185, 259, 287, 289, 1058, 6534, 1057, 6575, 5984, 6562, 8772, 3948, 8329, 3948, 3939, 8329, 8329, 3939, 8353, 8329, 8353, 8330, 8353, 8351, 8330, 8330, 8351, 8331, 8331, 8332, 4689, 8331, 8351, 8332, 4689, 8332, 4684, 4684, 4686, 4687, 4688, 4684, 4687, 4688, 4689, 4684, 4144, 6553, 6551, 6553, 3713, 6551, 6551, 3713, 3705, 6551, 3705, 6787, 6787, 3705, 3707, 3707, 3709, 6787, 4454, 7903, 7904, 4454, 7904, 8153, 7904, 7998, 8153, 8153, 7998, 8154, 7999, 4453, 8154, 7999, 4456, 4453, 7998, 7999, 8154, 9041, 3952, 3951, 3948, 3951, 3946, 3738, 3744, 3737, 3744, 3887, 3747, 3744, 3747, 3737, 3887, 3886, 3747, 3747, 3886, 5762, 1925, 3834, 6434, 1925, 1927, 3834, 3834, 3833, 3831, 6434, 3834, 6437, 3834, 3831, 3835, 6437, 3834, 3835, 3831, 3832, 3835, 6437, 3835, 6431, 3835, 3832, 3836, 3836, 3832, 3837, 3837, 5443, 5445, 6431, 3836, 5445, 3836, 3837, 5445, 4233, 5324, 4236, 4233, 4236, 4231, 4236, 4237, 4231, 4233, 4231, 4232, 4231, 4230, 4232, 4227, 4229, 4226, 4227, 4223, 4229, 4224, 4227, 4226, 3745, 4961, 3738, 3735, 3745, 3738, 3735, 3738, 3737, 1924, 6434, 6435, 1924, 1925, 6434, 6435, 6434, 6436, 6434, 6437, 6436, 6436, 6431, 6432, 6436, 6437, 6431, 6432, 6431, 5307, 6431, 5445, 5307, 5445, 5443, 5444, 5307, 5444, 5938, 5307, 5445, 5444, 5444, 5443, 5441, 5443, 3810, 5441, 5441, 3810, 5442, 5938, 5444, 5441, 4225, 4226, 4228, 4225, 4224, 4226, 4226, 4229, 4228, 4229, 5704, 4228, 4128, 4447, 4135, 4127, 4135, 3741, 4135, 4448, 3741, 4135, 4447, 4448, 3741, 4449, 3735, 3741, 4448, 4449, 3741, 3735, 3740, 3740, 3735, 3739, 3739, 3735, 3736, 3735, 3737, 3736, 3736, 3737, 3742, 3747, 5762, 3748, 3742, 3747, 3748, 3742, 3737, 3747, 1902, 1924, 1912, 1924, 6435, 1912, 6435, 6436, 1912, 1912, 6436, 6433, 6436, 6432, 6433, 5307, 3814, 5285, 3814, 5283, 5285, 6433, 6432, 5285, 6432, 5307, 5285, 5937, 5441, 6430, 5937, 5938, 5441, 6430, 5441, 5442, 1740, 1742, 1743, 1743, 1742, 1744, 1742, 1751, 1744, 1751, 1752, 1744, 1744, 1753, 1745, 1744, 1752, 1753, 1745, 1757, 447, 1745, 1753, 1757, 1757, 483, 447, 4131, 3741, 4133, 4131, 4127, 3741, 3740, 7376, 3746, 7376, 8898, 3746, 4133, 3741, 3746, 3741, 3740, 3746, 3743, 3736, 3742, 3743, 3739, 3736, 153, 7291, 960, 6430, 3811, 5937, 7239, 4132, 4131, 3746, 8886, 7235, 3746, 8898, 8886, 726, 318, 7244, 726, 727, 318, 7244, 318, 252, 364, 365, 348, 364, 447, 365, 2731, 2736, 4134, 2731, 4134, 4132, 7235, 8886, 8798, 252, 226, 248, 5177, 5175, 5176, 828, 832, 831, 8899, 8860, 8863, 840, 843, 842, 842, 843, 970, 970, 843, 1025, 1025, 1056, 1055, 5193, 5124, 5126, 8584, 8587, 8585, 8585, 8587, 1477, 8862, 7999, 7921, 6803, 7743, 6806, 6806, 7743, 7744, 242, 240, 259, 1055, 1056, 1057, 1048, 1055, 1057, 6638, 6636, 5985, 6636, 6691, 5985, 5982, 5985, 5984, 5983, 5982, 5984, 9034, 4537, 4530, 4530, 4535, 4533, 4530, 4537, 4535, 4533, 4535, 4534, 4535, 4536, 4534, 4536, 5125, 4534, 5125, 8329, 4534, 6810, 6804, 6805, 6804, 6803, 6805, 6810, 6805, 6813, 6186, 6183, 7744, 7744, 6183, 8214, 8214, 6183, 6180, 8214, 770, 683, 8214, 6180, 770, 8107, 7989, 1057, 7989, 1048, 1057, 6576, 5983, 6575, 9042, 9034, 4530, 4533, 4534, 4532, 4532, 4534, 4525, 4534, 8329, 4538, 4534, 4538, 4525, 4538, 8329, 8330, 4538, 8331, 4693, 4538, 8330, 8331, 4693, 8331, 4689, 4531, 4689, 4688, 4531, 4693, 4689, 4144, 6551, 6550, 6550, 6551, 6788, 6551, 6787, 6788, 5425, 3709, 5424, 5860, 4531, 4687, 4531, 4688, 4687, 4142, 4137, 4143, 4142, 4139, 4137, 4142, 4143, 4149, 3709, 3710, 5424, 5861, 3954, 5862, 5861, 5862, 5857, 5424, 3710, 5427, 1743, 1744, 1745, 1745, 447, 364, 1902, 1912, 1911, 1911, 6433, 7268, 1911, 1912, 6433, 7268, 6433, 5285, 2731, 7239, 7234, 7239, 4131, 7234, 4131, 4133, 7234, 7234, 4133, 7235, 7235, 4133, 3746, 723, 726, 7244, 723, 7244, 7243, 7243, 7244, 252, 847, 848, 826, 348, 342, 349, 350, 342, 340, 8870, 8880, 8899, 841, 834, 840, 354, 350, 355, 970, 1025, 992, 992, 1055, 979, 992, 1025, 1055, 9034, 5392, 9014, 355, 437, 436, 8543, 8404, 8582, 8404, 8581, 8582, 8581, 8584, 8583, 8583, 8584, 8585, 6808, 6806, 6809, 6809, 6806, 8212, 6806, 7744, 8212, 8212, 7744, 8213, 242, 259, 285, 979, 1055, 1048, 7406, 6640, 5991, 6640, 6638, 5991, 5991, 5985, 5977, 5991, 6638, 5985, 5977, 5982, 5981, 5977, 5985, 5982, 5982, 5983, 5981, 5980, 5977, 5981, 8214, 683, 6422, 6422, 683, 746, 6420, 746, 6418, 6420, 6422, 746, 6418, 746, 6417, 285, 259, 293, 8107, 157, 7989, 6576, 6641, 5980, 4525, 4538, 4524, 4523, 4525, 4524, 4524, 4538, 4693, 4524, 4693, 4531, 4145, 4144, 6547, 6547, 4144, 6550, 6550, 6788, 6790, 6790, 6788, 6789, 6789, 6787, 5426, 6789, 6788, 6787, 5426, 6787, 5425, 5426, 5425, 5423, 6421, 6420, 6416, 6416, 6420, 6418, 6416, 6418, 6417, 6416, 6417, 6419, 6417, 293, 6419, 4529, 9042, 4530, 4529, 4530, 4526, 4530, 4533, 4526, 4528, 4529, 4526, 4533, 4532, 4526, 4528, 4526, 4527, 4526, 4525, 4523, 4526, 4532, 4525, 4526, 4523, 4527, 4527, 4524, 4531, 4527, 4523, 4524, 4149, 6694, 6695, 6695, 6697, 6696, 6696, 6697, 6698, 6698, 6697, 6699, 6697, 6700, 6699, 6699, 6700, 5427, 6700, 5423, 5427, 5423, 5425, 5424, 5427, 5423, 5424, 6698, 6699, 6701, 1746, 1743, 364, 1743, 1745, 364, 2734, 2731, 7232, 2731, 7234, 7232, 7232, 7234, 7235, 987, 960, 847, 960, 848, 847, 5285, 5283, 5177, 3018, 3017, 1899, 248, 226, 227, 8895, 8892, 8902, 8892, 8879, 8902, 349, 342, 350, 231, 228, 232, 231, 232, 234, 840, 842, 841, 8863, 8860, 8862, 234, 240, 242, 5193, 5126, 5194, 354, 355, 436, 4537, 9034, 9014, 8582, 8581, 8583, 8585, 1477, 1484, 258, 242, 285, 7405, 7406, 5976, 7406, 5991, 5976, 5976, 5977, 5966, 5976, 5991, 5977, 5966, 5977, 5980, 6544, 6547, 6548, 6792, 6552, 6790, 6814, 6808, 6809, 8221, 8213, 8222, 8221, 8212, 8213, 8019, 8221, 7996, 8221, 8222, 7996, 8222, 8213, 8216, 8213, 8214, 8216, 8216, 8214, 719, 8214, 6422, 719, 719, 6422, 769, 6422, 6420, 769, 285, 293, 299, 6641, 6642, 6678, 6792, 6789, 5331, 6792, 6790, 6789, 5331, 6789, 6791, 6789, 5426, 6791, 6791, 5426, 5329, 5329, 5426, 5330, 5426, 5423, 5330, 1910, 7268, 7266, 1910, 1911, 7268, 7266, 7268, 5285, 847, 826, 846, 348, 349, 360, 227, 228, 229, 349, 350, 351, 5175, 5172, 5174, 5174, 5172, 5173, 5174, 5173, 5186, 5173, 5187, 5186, 8879, 8880, 8870, 844, 831, 834, 353, 350, 354, 842, 970, 971, 8863, 8862, 5107, 971, 970, 992, 5189, 5193, 5194, 5107, 8862, 7921, 971, 992, 979, 5978, 5976, 5967, 5979, 5978, 5967, 8583, 8585, 8586, 8586, 8585, 1484, 6818, 6809, 8207, 6809, 8212, 8207, 8207, 8221, 8014, 7403, 7405, 5979, 7403, 7404, 7405, 5967, 5976, 5966, 5965, 5967, 5966, 6548, 6552, 5335, 5335, 6792, 5332, 5335, 6552, 6792, 5333, 5332, 5327, 5333, 5335, 5332, 5332, 6792, 5331, 5327, 5332, 5331, 5331, 6791, 5326, 5327, 5331, 5326, 8014, 8221, 8019, 8000, 8222, 8216, 8000, 8216, 7985, 8216, 719, 8218, 258, 285, 299, 4147, 4145, 6543, 4147, 6543, 6706, 5334, 5333, 5325, 5333, 5327, 5325, 5325, 5327, 5326, 5326, 6791, 5329, 5325, 5326, 5328, 5326, 5329, 5328, 5328, 5329, 5330, 1746, 364, 1747, 7290, 153, 960, 7266, 5285, 5286, 5286, 5285, 5177, 2734, 7232, 7231, 363, 364, 348, 7233, 7235, 8798, 3018, 1899, 1908, 8798, 8895, 5103, 846, 826, 827, 827, 828, 829, 829, 828, 830, 828, 831, 830, 830, 831, 844, 844, 834, 841, 5188, 5189, 5190, 244, 242, 258, 971, 979, 978, 5993, 5979, 5969, 5969, 5979, 5967, 7981, 4537, 9014, 354, 436, 439, 6960, 8543, 8582, 6818, 8207, 6816, 6816, 8207, 8208, 8207, 8015, 8208, 8208, 8015, 7936, 978, 979, 1048, 5968, 5967, 5965, 6540, 6548, 6318, 6540, 6544, 6548, 5335, 5333, 6317, 7921, 7911, 5107, 6815, 6819, 8022, 6815, 6816, 6819, 7992, 8014, 8019, 8020, 7992, 8019, 7936, 8216, 8218, 6706, 6541, 6705, 6317, 5333, 5334, 6705, 6317, 5334, 1748, 1746, 1747, 363, 1747, 364, 7290, 960, 987, 1921, 1910, 7266, 7232, 7235, 7233, 709, 723, 7243, 709, 7243, 286, 286, 7243, 252, 363, 348, 362, 7233, 8798, 5103, 1227, 1203, 1240, 5179, 5177, 5176, 361, 348, 360, 5176, 5175, 5174, 351, 350, 352, 352, 350, 353, 5186, 5187, 5185, 8870, 8899, 8863, 5185, 5187, 5188, 5188, 5187, 5152, 241, 234, 242, 9551, 9553, 9548, 5102, 8863, 5107, 5189, 5194, 5269, 9566, 9571, 9577, 9571, 9569, 9577, 9579, 9565, 9578, 9569, 9579, 9578, 5994, 5993, 5974, 5974, 5993, 5969, 5974, 5969, 5970, 5969, 5967, 5968, 5970, 5969, 5968, 9577, 9569, 9578, 9565, 9563, 9578, 6545, 6318, 6319, 6319, 6318, 6316, 6318, 5335, 6316, 6960, 8582, 8590, 8582, 8583, 8588, 8588, 8583, 8586, 6816, 8209, 6819, 6816, 8208, 8209, 978, 1048, 1049, 5971, 5970, 5968, 9566, 9577, 9567, 9567, 9577, 9578, 439, 436, 441, 6540, 6318, 6545, 6316, 5335, 6317, 7992, 8020, 8023, 258, 299, 7933, 988, 987, 847, 2734, 7231, 7230, 286, 252, 251, 251, 252, 248, 948, 847, 846, 846, 827, 829, 230, 228, 231, 8876, 8879, 8870, 5174, 5186, 5185, 230, 234, 241, 230, 231, 234, 844, 841, 845, 845, 841, 842, 243, 241, 242, 9572, 9551, 9559, 9551, 9545, 9559, 9545, 9551, 9548, 9548, 9547, 9545, 9545, 9547, 9546, 9546, 9549, 9550, 9546, 9547, 9549, 9550, 9565, 9557, 9550, 9549, 9565, 842, 971, 972, 9557, 9565, 9579, 9573, 9557, 9579, 972, 971, 978, 357, 354, 439, 5987, 5974, 5973, 6546, 6545, 6319, 6956, 6960, 8590, 8590, 8582, 8588, 8220, 8209, 8215, 8220, 8215, 7991, 8215, 8209, 8210, 8210, 8209, 8208, 8208, 725, 734, 6634, 6626, 5987, 5973, 5970, 5972, 5973, 5974, 5970, 5970, 5971, 5972, 6542, 6545, 6546, 6542, 6540, 6545, 6316, 6317, 6320, 7991, 7992, 8023, 8220, 7991, 8023, 1921, 7266, 7265, 5286, 5177, 5270, 1748, 1747, 1749, 1749, 363, 1750, 1749, 1747, 363, 1750, 363, 469, 469, 363, 442, 5270, 5177, 5180, 442, 363, 362, 2737, 2734, 7230, 7230, 7231, 7229, 7229, 7231, 7233, 969, 847, 948, 969, 988, 847, 5180, 5177, 5179, 7289, 7233, 5103, 362, 348, 361, 1521, 3164, 3182, 669, 707, 692, 246, 248, 227, 948, 846, 949, 5181, 5179, 5176, 8878, 5103, 8895, 8878, 8895, 8902, 360, 349, 351, 8902, 8879, 8876, 3305, 3311, 5002, 5002, 3311, 5000, 352, 353, 356, 5000, 4998, 4993, 4993, 4998, 4976, 353, 354, 356, 4976, 4998, 4996, 5192, 5185, 5188, 4996, 5004, 3310, 4996, 3310, 5006, 5192, 5188, 5190, 2837, 8863, 5102, 845, 842, 941, 700, 690, 718, 941, 842, 972, 5190, 5189, 5191, 9559, 9545, 9552, 9552, 9545, 9546, 9546, 9550, 9554, 356, 354, 357, 5191, 5189, 5269, 9572, 9559, 9575, 9554, 9557, 9556, 9554, 9550, 9557, 9556, 9557, 9573, 5078, 5102, 5107, 243, 242, 244, 972, 978, 983, 5986, 5992, 5987, 5430, 5432, 5429, 6546, 6319, 3496, 3496, 6316, 6320, 3496, 6319, 6316, 6959, 8590, 8591, 6959, 6956, 8590, 8591, 8590, 8589, 8589, 8588, 8586, 8589, 8590, 8588, 8219, 8215, 8210, 8210, 8208, 8211, 8211, 8208, 734, 983, 978, 1049, 5986, 5973, 5975, 5986, 5987, 5973, 5975, 5973, 5972, 6542, 6546, 6710, 6542, 6710, 6320, 244, 258, 7933, 7267, 1921, 7265, 7265, 7266, 5286, 1755, 1748, 1749, 1933, 1917, 7267, 7229, 7233, 7206, 7206, 7233, 7289, 969, 948, 952, 5054, 7289, 5053, 707, 708, 740, 5180, 5179, 5181, 7289, 5103, 5053, 952, 948, 951, 251, 248, 246, 362, 361, 430, 951, 948, 949, 227, 229, 246, 2510, 2521, 2511, 2511, 2521, 2512, 361, 360, 427, 5182, 5181, 5176, 2521, 7065, 2512, 5182, 5176, 5183, 1206, 1228, 1267, 2512, 7065, 7057, 949, 846, 829, 4570, 7057, 4568, 7057, 7065, 7056, 7065, 7064, 7056, 3317, 5005, 3319, 3317, 3319, 3316, 3319, 4990, 4994, 3319, 5005, 4990, 4994, 4990, 4989, 4989, 4990, 4988, 229, 228, 230, 1206, 1267, 1268, 1251, 1206, 1268, 4988, 4986, 4987, 7056, 7064, 7055, 7064, 7063, 7055, 4987, 4986, 4985, 4985, 4986, 4984, 4985, 4984, 4982, 1251, 1268, 1269, 7055, 7063, 7054, 4982, 4979, 4980, 4982, 4984, 4979, 829, 830, 945, 7063, 7062, 7054, 4979, 4992, 4977, 1253, 1274, 1275, 1253, 1252, 1274, 7054, 7062, 7052, 4977, 4992, 4995, 4977, 4967, 4974, 4977, 4995, 4967, 4974, 4967, 4972, 4967, 4966, 4962, 4966, 4965, 4962, 7052, 7060, 7051, 7052, 7062, 7060, 352, 356, 425, 4962, 4964, 4963, 4962, 4965, 4964, 8864, 8870, 8863, 4963, 4968, 4969, 4963, 4964, 4968, 7060, 7061, 7051, 3301, 3300, 3298, 7051, 7061, 7053, 8864, 8863, 2837, 1234, 1266, 1281, 973, 845, 941, 7053, 7061, 7058, 748, 700, 718, 9558, 9552, 9555, 9558, 9559, 9552, 9558, 9555, 9576, 9552, 9546, 9555, 9555, 9546, 9556, 9546, 9554, 9556, 9576, 9555, 9556, 7058, 7049, 7059, 5078, 5107, 5076, 5429, 5433, 2176, 357, 439, 441, 7059, 7049, 6693, 7049, 6711, 6693, 5990, 5986, 5988, 2179, 2241, 2178, 2241, 5431, 2178, 2178, 5431, 5428, 5431, 5430, 5428, 5428, 5430, 5429, 6549, 6546, 3494, 6546, 3496, 3494, 6549, 3494, 6692, 6693, 6711, 6692, 6692, 3494, 6693, 2417, 8589, 2419, 8589, 8586, 2419, 2419, 1484, 1498, 2419, 8586, 1484, 8217, 8219, 8210, 8217, 8211, 750, 8217, 8210, 8211, 8211, 734, 750, 5988, 5986, 5975, 5989, 5988, 5975, 7977, 6961, 7910, 7937, 7983, 7931, 7288, 987, 988, 1971, 1755, 1763, 1755, 1749, 1756, 1755, 1756, 1763, 1763, 1756, 469, 1756, 1749, 469, 1749, 1750, 469, 508, 469, 442, 292, 709, 286, 988, 969, 1067, 1941, 7267, 7271, 1941, 1933, 7267, 7271, 7267, 7263, 7267, 7265, 7263, 7263, 7265, 5286, 5270, 5180, 2285, 442, 362, 487, 2421, 7230, 7210, 2421, 2737, 7230, 7210, 7230, 7208, 7208, 7230, 7229, 7208, 7229, 7207, 7207, 7229, 7206, 7206, 7289, 5073, 5073, 7289, 5054, 2285, 5180, 2282, 5180, 5181, 2282, 5056, 5046, 5055, 5055, 5046, 5052, 766, 707, 740, 487, 362, 480, 480, 362, 430, 2383, 2384, 2380, 2383, 2380, 2382, 5053, 5103, 5051, 5051, 5103, 5062, 480, 430, 428, 430, 361, 428, 2382, 2380, 2372, 5062, 5103, 8878, 428, 361, 426, 3500, 2438, 3064, 3500, 3064, 3509, 3064, 2413, 3510, 3509, 3064, 3510, 426, 361, 427, 2413, 4570, 3510, 2372, 2371, 1478, 763, 697, 698, 3502, 3500, 3509, 3502, 3509, 3508, 3508, 3509, 3510, 246, 229, 247, 949, 829, 963, 3510, 4568, 3511, 3510, 4570, 4568, 3508, 3510, 3511, 963, 829, 962, 3299, 5037, 3278, 3299, 3278, 3275, 1515, 2371, 2369, 3320, 3299, 3275, 360, 351, 427, 3497, 3502, 3508, 4568, 4569, 3511, 1515, 2369, 1516, 247, 229, 230, 3315, 3316, 3320, 4989, 4987, 5057, 2369, 1491, 1516, 2247, 2258, 2257, 3497, 3508, 3506, 3506, 3508, 3511, 3315, 3320, 3276, 3276, 3320, 3275, 2257, 2258, 2270, 5057, 4987, 4991, 351, 352, 429, 3511, 4569, 3512, 3506, 3511, 3512, 8878, 8902, 8876, 3315, 3276, 3322, 4991, 4987, 4985, 3498, 3497, 3506, 3314, 3315, 3322, 3322, 3276, 3273, 5183, 5176, 5184, 962, 829, 945, 4991, 4985, 4982, 4569, 3516, 3512, 5184, 5176, 5174, 4991, 4982, 4981, 3498, 3506, 3505, 3505, 3506, 3512, 4981, 4982, 4980, 3505, 3512, 3516, 3322, 3273, 3268, 3313, 3314, 3322, 4981, 4980, 4978, 2191, 2221, 2193, 3498, 3505, 3504, 3504, 3505, 3516, 4981, 4978, 5058, 429, 352, 425, 3313, 3322, 3323, 3323, 3322, 3268, 3504, 3516, 3515, 3499, 3498, 3504, 5058, 4978, 4974, 5174, 5185, 5184, 245, 230, 241, 5034, 4972, 5033, 5034, 4974, 4972, 8876, 8870, 8864, 3304, 3313, 3323, 4972, 4967, 4970, 3323, 3268, 3270, 1314, 1253, 1275, 4970, 4967, 4962, 3504, 3515, 3514, 3304, 3323, 3303, 3303, 3323, 3270, 2195, 2197, 2196, 3499, 3504, 3507, 3507, 3504, 3514, 5185, 5192, 5264, 4970, 4963, 4971, 4970, 4962, 4963, 3501, 3499, 3507, 3321, 3303, 3270, 3300, 3303, 3321, 4963, 4969, 4971, 3321, 3270, 3272, 4971, 4969, 4973, 4973, 4969, 4983, 3296, 3272, 3287, 5264, 5192, 5265, 3507, 3514, 3513, 3513, 3514, 7050, 5029, 3297, 5023, 359, 356, 358, 3503, 3507, 2845, 3503, 3501, 3507, 2845, 3507, 3513, 974, 845, 973, 1293, 1234, 1281, 2846, 3503, 2845, 3513, 7050, 2485, 2845, 3513, 2485, 2839, 2848, 2838, 5030, 5023, 5028, 5023, 5026, 5028, 358, 356, 357, 2485, 7050, 2463, 5026, 5027, 5028, 941, 972, 1034, 5190, 5191, 2360, 2161, 2175, 2176, 2335, 2360, 5191, 5074, 5016, 5095, 5095, 5016, 5105, 5016, 5018, 5105, 5018, 5013, 5105, 5105, 5013, 5104, 5104, 5013, 5070, 5013, 5012, 5070, 5070, 5012, 5069, 5069, 5012, 5064, 5064, 5012, 5010, 5064, 5010, 5063, 5063, 5008, 5065, 5063, 5010, 5008, 1034, 972, 1033, 972, 983, 1033, 4820, 4819, 4817, 4819, 4818, 4817, 4817, 4818, 2151, 2151, 4818, 2150, 2151, 2150, 2142, 2142, 2150, 2141, 2142, 2141, 2140, 2140, 2141, 2137, 2137, 2141, 2218, 2135, 2129, 2126, 2134, 2126, 2123, 2134, 2123, 2131, 2131, 2123, 2130, 2130, 2123, 2127, 2130, 2127, 2128, 2175, 5429, 2176, 357, 441, 465, 2463, 7059, 2491, 2445, 2444, 2442, 2442, 2441, 2439, 2439, 2441, 2440, 2439, 2440, 2426, 2426, 2440, 2429, 5076, 5107, 5075, 2424, 6959, 2418, 6959, 8591, 2418, 8591, 8589, 2418, 2418, 8589, 2417, 5075, 5107, 7830, 5025, 750, 756, 5025, 8217, 750, 1033, 1049, 7820, 1033, 983, 1049, 5990, 5988, 5989, 465, 441, 504, 7288, 988, 2233, 988, 1067, 2233, 2233, 2229, 7286, 7286, 2229, 7282, 2229, 2239, 7282, 7282, 2239, 7281, 2239, 2240, 7281, 7281, 2240, 7270, 7270, 2240, 2237, 7270, 2237, 7269, 2237, 1941, 7269, 1941, 7271, 7269, 7269, 7271, 7263, 7263, 5286, 5318, 5318, 5270, 7285, 5318, 5286, 5270, 7285, 5270, 2285, 7285, 2284, 7259, 2284, 2356, 7259, 7259, 2356, 2362, 7259, 2362, 7260, 2362, 2361, 7260, 7260, 2361, 7250, 7250, 2361, 2297, 7250, 2297, 7248, 2297, 1980, 7248, 7248, 1980, 1982, 1980, 1971, 1982, 1982, 1971, 1763, 1982, 1763, 7246, 7246, 1763, 469, 7246, 469, 508, 508, 442, 7228, 7228, 442, 2496, 442, 487, 2496, 7228, 2496, 7225, 2496, 7227, 7225, 7225, 7227, 7223, 7223, 7227, 2520, 7223, 2520, 7221, 7221, 2520, 2519, 7221, 2519, 7218, 7218, 2519, 2518, 7218, 2518, 7219, 2518, 2517, 7219, 7219, 2517, 7213, 7213, 2517, 7215, 7213, 7215, 7214, 7213, 7214, 7211, 7214, 2411, 7211, 7211, 2411, 7210, 2411, 2421, 7210, 7206, 5073, 7201, 7201, 5073, 7197, 5073, 7196, 7197, 7196, 7195, 7197, 7197, 7195, 7198, 7195, 7194, 7198, 7198, 7193, 7199, 7198, 7194, 7193, 7199, 7193, 7200, 7193, 722, 7200, 722, 709, 7200, 7200, 709, 292, 292, 286, 251, 1067, 2229, 2233, 3142, 2282, 5271, 2282, 5181, 5271, 2501, 3063, 2790, 3063, 2791, 2790, 5936, 5062, 8875, 5062, 8878, 8875, 5935, 4248, 4246, 5935, 5933, 4248, 4246, 4248, 4240, 4238, 4246, 4240, 1012, 949, 963, 5271, 5181, 5182, 2875, 2256, 2878, 8875, 8878, 8871, 427, 351, 429, 8871, 8876, 8864, 8871, 8878, 8876, 247, 230, 245, 962, 945, 964, 964, 945, 965, 245, 241, 249, 965, 945, 966, 966, 945, 830, 830, 844, 966, 966, 844, 967, 249, 241, 243, 8866, 8864, 8865, 425, 356, 359, 8864, 2837, 8865, 967, 844, 845, 967, 845, 968, 968, 845, 974, 359, 358, 448, 5265, 5192, 2347, 448, 358, 2809, 2848, 3294, 3293, 1061, 973, 1060, 2347, 5190, 2336, 2347, 5192, 5190, 2809, 358, 3558, 2810, 2845, 2485, 2810, 2846, 2845, 2836, 2839, 2838, 973, 941, 1060, 5190, 2360, 2336, 358, 357, 3558, 2466, 2485, 2461, 1060, 941, 1035, 941, 1034, 1035, 3558, 357, 495, 2464, 2458, 2467, 2473, 2447, 2474, 2474, 2487, 2476, 2476, 2487, 2478, 2487, 2492, 2478, 5102, 5078, 5091, 5091, 5078, 5096, 5078, 5077, 5096, 5085, 5094, 5083, 5085, 5093, 5094, 5083, 5094, 5098, 5083, 5098, 5082, 5082, 5098, 5080, 5080, 5063, 5079, 2137, 2136, 2140, 2136, 2138, 2139, 2139, 2130, 2147, 2147, 2130, 2148, 2130, 2132, 2148, 2333, 2346, 2330, 2330, 2346, 2344, 2330, 2344, 2331, 2331, 2344, 2342, 2492, 2431, 2480, 2480, 2431, 2422, 2480, 2422, 2482, 2422, 2428, 2482, 5096, 5077, 5074, 5096, 5074, 5095, 5095, 5105, 5092, 5092, 5105, 5093, 5105, 5104, 5093, 1035, 1034, 1033, 2242, 4821, 2152, 2152, 4820, 2149, 2152, 4821, 4820, 2149, 4820, 4817, 2149, 4817, 2144, 4817, 2151, 2144, 2151, 2142, 2144, 2335, 5191, 2337, 5191, 5269, 2337, 2328, 2327, 2333, 2342, 2322, 2321, 357, 465, 495, 465, 3557, 495, 160, 7290, 7287, 7290, 987, 7287, 7287, 987, 7288, 7287, 7288, 7280, 7280, 7288, 2233, 7280, 2233, 7278, 2233, 7286, 7278, 7286, 7282, 7278, 7278, 7282, 7276, 7276, 7282, 7274, 7282, 7281, 7274, 7274, 7281, 7273, 7273, 7281, 7270, 7273, 7270, 7264, 7270, 7269, 7264, 7264, 7263, 7262, 7264, 7269, 7263, 7262, 7263, 5318, 5318, 7259, 7258, 5318, 7285, 7259, 7258, 7259, 7256, 7259, 7260, 7256, 7256, 7260, 7254, 7254, 7260, 7250, 7254, 7250, 7249, 7249, 7250, 7248, 7249, 7248, 7247, 7248, 1982, 7247, 7247, 1982, 7246, 7247, 7246, 7245, 7245, 7246, 7226, 7246, 508, 7226, 7226, 508, 7228, 7226, 7228, 7225, 7226, 7225, 7224, 7225, 7223, 7224, 7224, 7223, 7222, 7223, 7221, 7222, 7222, 7221, 7220, 7220, 7218, 7217, 7220, 7221, 7218, 7217, 7218, 7216, 7218, 7219, 7216, 7219, 7213, 7216, 7216, 7213, 7212, 7212, 7213, 7211, 7212, 7211, 7209, 7209, 7211, 7210, 7209, 7210, 7208, 7209, 7208, 7205, 7205, 7208, 7207, 7205, 7207, 7206, 7205, 7206, 7201, 7205, 7201, 7204, 7201, 7197, 7204, 7204, 7197, 7203, 7203, 7197, 7198, 7203, 7198, 7202, 7198, 7199, 7202, 7202, 7199, 7200, 292, 251, 274, 274, 251, 273, 273, 251, 246, 5317, 3148, 5271, 3148, 3142, 5271, 9418, 5930, 8874, 5930, 5926, 8874, 5926, 5936, 8874, 9397, 3727, 5317, 5317, 5271, 5284, 458, 428, 426, 503, 458, 426, 9417, 5930, 9418, 9418, 8874, 9425, 9425, 8874, 8873, 8874, 5936, 8875, 1012, 963, 1007, 5284, 5271, 5182, 1835, 2875, 2877, 2875, 2878, 2877, 8874, 8875, 8871, 8873, 8874, 8871, 4242, 4241, 4239, 4241, 4238, 4239, 4238, 4240, 4239, 3725, 3727, 9397, 9474, 9417, 9424, 9417, 9418, 9424, 9424, 9418, 9425, 8872, 8873, 8871, 9424, 9425, 9426, 273, 246, 247, 273, 247, 276, 1007, 963, 962, 9434, 9423, 9424, 9434, 9424, 9426, 1007, 962, 1004, 276, 247, 277, 962, 964, 1004, 9537, 9434, 9456, 9447, 9537, 9456, 445, 427, 429, 277, 247, 245, 964, 965, 1004, 1004, 965, 997, 278, 245, 249, 9458, 9447, 9456, 9456, 9454, 9445, 9458, 9456, 9445, 445, 425, 446, 445, 429, 425, 965, 966, 997, 9433, 9458, 9445, 9433, 9445, 9443, 997, 966, 1009, 966, 967, 1009, 3228, 3718, 9543, 2819, 9433, 9442, 9442, 9433, 9443, 9442, 9443, 8868, 425, 359, 446, 2819, 9442, 9446, 9446, 9442, 9444, 9444, 9442, 8869, 9442, 8868, 8869, 8869, 8868, 8865, 8868, 8866, 8865, 1009, 967, 968, 968, 974, 1037, 1860, 1854, 1859, 1865, 1858, 448, 1858, 359, 448, 9444, 8869, 8865, 1037, 974, 1061, 3261, 2214, 2173, 3261, 2173, 3255, 2173, 2172, 3255, 3255, 2172, 2171, 3255, 2171, 3257, 2171, 2168, 3257, 3257, 2168, 2166, 5265, 2347, 3226, 3227, 5265, 3226, 3219, 2345, 3215, 1860, 1859, 1861, 1865, 448, 1866, 1861, 1865, 1866, 1861, 1859, 1865, 2804, 2802, 2803, 2819, 9444, 2820, 2819, 9446, 9444, 8865, 2837, 2820, 2820, 9444, 8865, 249, 243, 255, 1061, 2214, 3261, 3257, 2166, 2165, 3257, 2165, 2870, 2165, 2232, 2870, 2345, 2343, 3215, 3215, 2343, 3217, 3217, 2343, 2338, 3217, 2338, 2339, 3217, 2339, 2879, 2339, 2353, 2879, 1866, 448, 2809, 2809, 2485, 2503, 2809, 2810, 2485, 2479, 2490, 2798, 2490, 2508, 2798, 2820, 2837, 2821, 2837, 2830, 2821, 2821, 2830, 2825, 2830, 2831, 2825, 2825, 2832, 2826, 2825, 2831, 2832, 2826, 2832, 2833, 2833, 2829, 2826, 2826, 2829, 2828, 2828, 2829, 2834, 2828, 2834, 2835, 2834, 2836, 2835, 2836, 2838, 2835, 255, 243, 254, 243, 244, 254, 254, 7933, 7932, 254, 244, 7933, 7287, 7280, 7279, 7279, 160, 7287, 160, 7279, 8629, 7279, 7280, 7278, 7279, 7278, 7277, 8629, 7279, 9380, 7279, 7277, 9380, 7277, 7278, 7276, 9380, 7277, 9379, 7277, 7276, 7275, 7277, 7275, 9379, 7276, 7274, 7275, 9379, 7275, 9381, 9381, 7275, 9382, 7275, 7274, 7272, 9382, 7275, 7272, 7272, 7274, 7273, 9382, 7272, 9383, 7272, 7273, 7264, 7272, 7264, 7261, 9383, 7272, 7261, 7264, 7262, 7261, 9383, 7261, 9385, 7262, 5318, 7261, 7261, 5318, 7257, 5318, 7258, 7257, 7261, 7257, 9385, 9385, 7257, 9394, 7257, 7258, 7256, 7257, 7256, 7255, 7257, 7255, 9394, 9394, 7255, 9395, 7255, 7256, 7254, 7255, 7254, 7253, 7255, 7253, 9395, 7253, 7254, 7249, 9395, 7253, 9396, 7253, 7249, 7252, 7253, 7252, 9396, 7252, 7249, 7247, 9396, 7252, 9398, 7252, 7247, 7251, 9398, 7252, 7251, 7247, 7245, 7251, 7251, 7245, 7241, 7245, 7226, 7241, 9398, 7251, 9400, 7251, 7241, 9400, 7241, 7226, 7224, 9400, 7241, 9402, 7241, 7224, 7240, 7241, 7240, 9402, 7224, 7222, 7240, 7240, 7222, 7242, 9402, 7240, 7242, 9402, 7242, 9403, 7222, 7220, 7242, 7242, 7220, 7217, 9403, 7242, 9406, 7217, 7216, 7242, 7242, 7216, 7283, 7242, 7283, 9406, 9406, 7283, 9407, 7283, 7216, 7212, 7283, 7212, 7284, 7283, 7284, 9407, 7284, 7212, 7209, 7284, 7209, 7205, 7284, 7205, 7237, 9407, 7284, 7237, 9407, 7237, 9457, 7237, 7205, 7204, 7237, 7204, 7236, 7237, 7236, 9457, 9457, 7236, 9527, 7236, 7204, 7203, 7236, 7203, 7238, 7236, 7238, 9527, 9527, 7238, 9525, 7203, 7202, 7238, 7238, 7200, 309, 7238, 7202, 7200, 9525, 7238, 309, 9525, 309, 302, 309, 7200, 292, 309, 274, 302, 309, 292, 274, 9385, 9394, 9387, 9387, 9394, 9395, 9387, 9395, 9535, 9535, 9395, 9396, 9535, 9396, 9399, 9399, 9398, 9401, 9399, 9396, 9398, 9401, 9398, 9400, 9441, 9400, 9402, 9441, 9402, 9405, 9405, 9402, 9404, 9402, 9403, 9404, 9404, 9403, 9448, 9448, 9403, 9438, 9403, 9406, 9438, 9438, 9406, 9408, 9406, 9407, 9408, 9408, 9407, 9409, 9409, 9407, 9410, 9410, 9407, 9457, 9457, 9527, 9538, 9538, 9527, 9525, 9525, 302, 9524, 2781, 9380, 9379, 9383, 9385, 9384, 9386, 9385, 9387, 9399, 9401, 9450, 302, 274, 275, 2781, 8629, 9380, 2781, 9379, 2774, 2774, 9379, 9393, 9393, 9379, 9381, 9381, 9382, 9393, 9384, 9382, 9383, 9384, 9385, 9386, 9387, 9535, 9388, 9449, 9535, 9399, 9399, 9450, 3143, 9401, 9400, 9452, 9452, 9400, 3056, 9400, 9441, 3056, 9441, 9405, 9436, 9436, 9405, 9412, 9412, 9405, 9404, 9413, 9448, 9451, 9448, 9438, 9451, 9451, 9438, 9408, 9451, 9408, 9439, 9408, 9409, 9439, 9439, 9409, 9411, 9409, 9410, 9411, 9411, 9410, 9414, 9410, 9457, 9435, 9457, 9538, 9435, 9528, 9538, 9525, 9528, 9525, 4249, 4249, 9525, 9526, 9526, 9525, 9524, 274, 273, 275, 1083, 8629, 2781, 9393, 9382, 9384, 9384, 9386, 3726, 3139, 9386, 9388, 9386, 9387, 9388, 9388, 9535, 9449, 9449, 9399, 3143, 9450, 9401, 9452, 3056, 9441, 9436, 9404, 9448, 9413, 9414, 9410, 9435, 9435, 9538, 5934, 5934, 9538, 9528, 3726, 9386, 3148, 3148, 9386, 3147, 3147, 9386, 3140, 3140, 9386, 3139, 1862, 3143, 9450, 1862, 9450, 9452, 9412, 9404, 9413, 9411, 9414, 3062, 3062, 9414, 2796, 2796, 9414, 5928, 5928, 9414, 5927, 9414, 9435, 5927, 9435, 5934, 5927, 9528, 4249, 5933, 2779, 2781, 2777, 2779, 1083, 2781, 2777, 2781, 2774, 2774, 9393, 2776, 9393, 9384, 2776, 2776, 9384, 2778, 2778, 9384, 2780, 2780, 9384, 9389, 3139, 9388, 3137, 3137, 9388, 9449, 3137, 9449, 3143, 3144, 3143, 1862, 1838, 1862, 1832, 1862, 9452, 1832, 1832, 9452, 502, 502, 9452, 3056, 3053, 3056, 9436, 3053, 9436, 3059, 9436, 9412, 3059, 9412, 9413, 3059, 3059, 9413, 3058, 3058, 9413, 9451, 3058, 9451, 9439, 3058, 9439, 3060, 3060, 9439, 9411, 3060, 9411, 3062, 5929, 5927, 5934, 5931, 5934, 9528, 5931, 9528, 5932, 5932, 9528, 5933, 1083, 1082, 1011, 1082, 1012, 1011, 9389, 9384, 3726, 502, 458, 503, 1832, 502, 503, 9415, 2796, 5928, 5930, 9417, 5928, 4250, 4249, 9526, 9526, 9524, 9530, 1012, 1007, 1011, 2864, 2865, 9389, 9389, 3726, 3724, 9397, 5317, 5284, 1835, 2877, 1838, 1835, 1838, 1833, 1833, 1838, 1832, 9415, 5928, 9417, 4243, 4242, 4239, 4243, 4239, 4250, 4243, 4250, 9526, 2863, 2864, 9389, 3726, 3725, 3724, 3726, 3727, 3725, 1833, 1832, 1830, 1830, 1832, 503, 426, 427, 461, 503, 426, 461, 2797, 2796, 9415, 4178, 4243, 9529, 4243, 9526, 9529, 9389, 3724, 9390, 3725, 5284, 5288, 1830, 503, 461, 9417, 9474, 9437, 9415, 9417, 9437, 4178, 9529, 3291, 9529, 9526, 9523, 9523, 9526, 9530, 2863, 9389, 9390, 1835, 1833, 1834, 2797, 9415, 9416, 9416, 9415, 9437, 9426, 8873, 8872, 3285, 3291, 9529, 275, 273, 276, 1836, 1835, 1834, 9474, 9424, 9437, 1011, 1007, 1006, 9533, 1011, 1006, 3724, 3725, 3723, 1834, 1833, 1830, 9523, 9530, 9522, 275, 276, 277, 5284, 5183, 5288, 5284, 5182, 5183, 1831, 1834, 1830, 9437, 9424, 9423, 3280, 3285, 9529, 2863, 9390, 2869, 9539, 3725, 5288, 1836, 1834, 1831, 1829, 1830, 461, 461, 427, 454, 2797, 9416, 9419, 9423, 9434, 9419, 3723, 3725, 9539, 1837, 1836, 1831, 1831, 1830, 1829, 2784, 2787, 2797, 9419, 9434, 9428, 9434, 9537, 9428, 3280, 9529, 9536, 1007, 1004, 1006, 2869, 9390, 3721, 2784, 2797, 9419, 9539, 5288, 9544, 2784, 9419, 9420, 3723, 9539, 9540, 9540, 9539, 9544, 1839, 1831, 1829, 3715, 3723, 9540, 1837, 1831, 1839, 427, 445, 454, 1857, 1837, 1843, 1843, 1837, 1839, 1829, 461, 454, 8872, 8871, 8867, 9537, 9447, 9428, 9455, 8872, 8867, 3284, 3280, 9536, 3715, 9540, 9541, 9540, 9544, 9541, 9541, 9544, 5288, 1856, 1857, 1843, 2784, 9420, 9421, 5288, 5184, 5287, 5288, 5183, 5184, 9541, 5288, 5287, 3717, 3715, 9541, 1829, 454, 1847, 1847, 454, 445, 8867, 8871, 8864, 1006, 1004, 1005, 9533, 1006, 1005, 3715, 3717, 3716, 9428, 9447, 9440, 1839, 1829, 1846, 1846, 1829, 1847, 3284, 9536, 9519, 277, 245, 278, 1005, 1004, 997, 1855, 1856, 1843, 9454, 9455, 8867, 1843, 1839, 1842, 1842, 1839, 1846, 3283, 3284, 9519, 1847, 445, 491, 9440, 9447, 9458, 1855, 1843, 1840, 1840, 1843, 1842, 1846, 1847, 491, 445, 446, 491, 8867, 8864, 8866, 3717, 3718, 3716, 5287, 5184, 5185, 3718, 3717, 9541, 8877, 9454, 8867, 9422, 9421, 9427, 3716, 3718, 3719, 3718, 9541, 9542, 9542, 9541, 5287, 1844, 1842, 1846, 1840, 1842, 1841, 1841, 1842, 1844, 8867, 8866, 8877, 3286, 9519, 9509, 3286, 3283, 9519, 1844, 1846, 1853, 1853, 1846, 491, 9440, 9458, 9433, 1848, 1840, 1841, 1845, 1841, 1844, 1853, 491, 446, 2786, 9422, 9429, 9440, 9433, 9429, 5185, 5264, 5287, 1845, 1844, 1853, 9430, 2786, 9429, 1005, 997, 1008, 997, 1009, 1008, 278, 249, 255, 1848, 1841, 1845, 2871, 9459, 9460, 9460, 9459, 3720, 9543, 9542, 5264, 9542, 5287, 5264, 1849, 1845, 1850, 1849, 1848, 1845, 2867, 2871, 9460, 3719, 3718, 3720, 3718, 3228, 3720, 1845, 1853, 1854, 2793, 2786, 9430, 9430, 9429, 9431, 9433, 2819, 9429, 3286, 9509, 9507, 1850, 1845, 1854, 1854, 1853, 446, 2867, 9460, 3266, 5264, 5265, 5290, 9543, 5264, 5290, 1854, 446, 359, 9429, 2819, 9432, 9431, 9429, 9432, 3290, 3286, 9507, 1008, 1009, 1010, 1009, 968, 1010, 3266, 9460, 3720, 1851, 1849, 1850, 1852, 1850, 1854, 1858, 1854, 359, 2793, 9430, 2799, 1010, 1037, 1059, 1010, 968, 1037, 2870, 2867, 3266, 3266, 3720, 3265, 3720, 3228, 3229, 3265, 3720, 3229, 1851, 1850, 1852, 1854, 1860, 1852, 2799, 9430, 9431, 3295, 3290, 2842, 1059, 1037, 3260, 1037, 3261, 3260, 3260, 3261, 3255, 3260, 3255, 3256, 3262, 3256, 3258, 3255, 3257, 3256, 3256, 3257, 3258, 3258, 3257, 3259, 3259, 2870, 3266, 3259, 3266, 3265, 3220, 3219, 3213, 3220, 3213, 3224, 3219, 3215, 3213, 3224, 3213, 3223, 3213, 3215, 3214, 3213, 3214, 3223, 1851, 1852, 1863, 1863, 1852, 1864, 1852, 1860, 1864, 2503, 2484, 2808, 2808, 2484, 2806, 2806, 2484, 2483, 2806, 2483, 2807, 2806, 2807, 2805, 2807, 2804, 2805, 2805, 2804, 2803, 2805, 2803, 2812, 2803, 2802, 2801, 2801, 2802, 2477, 2477, 2479, 2801, 2801, 2479, 2800, 2799, 9431, 2800, 2800, 9431, 2817, 9432, 2819, 2817, 2817, 9431, 9432, 2835, 3295, 2842, 3228, 3227, 3222, 3227, 3226, 3222, 3226, 2347, 3222, 3222, 2348, 3220, 3222, 2347, 2348, 3214, 3217, 3218, 3214, 3215, 3217, 3218, 3217, 3216, 3216, 2879, 3221, 3216, 3217, 2879, 3221, 2879, 1867, 1864, 1860, 1861, 1861, 1866, 2808, 1866, 2809, 2808, 2809, 2503, 2808, 2817, 2819, 2818, 2818, 2819, 2820, 2818, 2820, 2821, 2821, 2825, 2824, 2824, 2825, 2826, 2824, 2826, 2827, 2827, 2826, 2828, 9531, 8629, 1083, 9524, 302, 9518, 302, 275, 9518, 9524, 9518, 9530, 1083, 1011, 9531, 9531, 1011, 9532, 9532, 1011, 9533, 3724, 3723, 3722, 9518, 275, 277, 9423, 9416, 9437, 9522, 9530, 9518, 3721, 9390, 3722, 3722, 3723, 3715, 9419, 9428, 9427, 9518, 277, 9513, 9391, 2869, 3721, 3722, 3715, 3721, 9532, 9533, 9534, 9522, 9518, 9512, 9512, 9518, 9513, 9391, 3721, 3716, 3721, 3715, 3716, 9536, 9523, 9515, 9515, 9523, 9522, 9427, 9428, 9440, 9534, 9533, 1005, 9519, 9536, 9515, 9515, 9522, 9512, 9513, 277, 278, 9392, 2869, 9391, 9392, 9391, 3716, 2784, 9421, 2783, 2868, 2869, 9392, 9392, 3716, 9453, 2783, 9421, 2786, 2872, 2868, 9392, 9421, 9422, 2786, 9509, 9519, 9515, 9508, 9515, 9512, 2872, 9392, 9453, 9453, 3716, 3719, 9509, 9515, 9508, 9512, 9513, 9511, 9513, 278, 9511, 9427, 9440, 9422, 9508, 9512, 9511, 9534, 1005, 146, 2872, 9453, 3719, 9459, 2872, 3719, 9440, 9429, 9422, 9511, 278, 255, 146, 1005, 1008, 9509, 9508, 9507, 9511, 255, 9510, 9508, 9511, 9510, 9507, 9508, 9506, 9506, 9508, 9510, 147, 146, 1008, 147, 1008, 1010, 2842, 3290, 9507, 2842, 9507, 9504, 9510, 255, 9514, 9504, 9507, 9506, 9480, 147, 1010, 1010, 1059, 3263, 3263, 1059, 3260, 9480, 1010, 3263, 3263, 3260, 3256, 3263, 3256, 3262, 2812, 2803, 2811, 2811, 2803, 2801, 9506, 9510, 9514, 9478, 3263, 9476, 9476, 3263, 3262, 9476, 3262, 9477, 9477, 3262, 3264, 3262, 3258, 3264, 3258, 3259, 3264, 3264, 3265, 9461, 3264, 3259, 3265, 3265, 3229, 9461, 9461, 3229, 3225, 3229, 3228, 3225, 9461, 3225, 9462, 3225, 3228, 3222, 3225, 3222, 3220, 3225, 3220, 3224, 3225, 3224, 9472, 9472, 3224, 3223, 9472, 3223, 9469, 3223, 3214, 3218, 9469, 3223, 3218, 9469, 3218, 9473, 3218, 3216, 3221, 9473, 3218, 3221, 3221, 1863, 2844, 3221, 1867, 1863, 2844, 1864, 2814, 2844, 1863, 1864, 2844, 2814, 2813, 2814, 1864, 1861, 2814, 1861, 2813, 2813, 1861, 2808, 2813, 2808, 2806, 9485, 2813, 9486, 2813, 2806, 9486, 9486, 2806, 2847, 2847, 2806, 2843, 2806, 2805, 2843, 2805, 2812, 2843, 9493, 2843, 2812, 9493, 2812, 2811, 2811, 2801, 9496, 2801, 2800, 2815, 2801, 2815, 9496, 2815, 2800, 2816, 2816, 2800, 2817, 2816, 2817, 2818, 2818, 2821, 2822, 9499, 2818, 2822, 2822, 2821, 2823, 2822, 2823, 9499, 2823, 2821, 2824, 2823, 2827, 2840, 2823, 2824, 2827, 2823, 2840, 9501, 9501, 2840, 9502, 2840, 2827, 2841, 9502, 2840, 2841, 2827, 2828, 2841, 2841, 2835, 2842, 2841, 2828, 2835, 2841, 2842, 9504, 9480, 3263, 9479, 9479, 3263, 9478, 9464, 9461, 9463, 9464, 3264, 9461, 9463, 9461, 9462, 9466, 3225, 9472, 3221, 2844, 9483, 9483, 2844, 9484, 9484, 2844, 2813, 9496, 2815, 9497, 9497, 2815, 2816, 9497, 2816, 2818, 9500, 9499, 2823, 9500, 2823, 9501, 9504, 9506, 9505, 9505, 9506, 9514, 9478, 9476, 7988, 9462, 3225, 9466, 9466, 9472, 9469, 9469, 9473, 9481, 9481, 3221, 9482, 9481, 9473, 3221, 9484, 2813, 9485, 9486, 2847, 9488, 9488, 2847, 9491, 2847, 2843, 9491, 9491, 2843, 9493, 9491, 9493, 9521, 9521, 9493, 9494, 9494, 9493, 2811, 9494, 2811, 9495, 2811, 9496, 9495, 9498, 9497, 2818, 2818, 9499, 9498, 9501, 9502, 9516, 9502, 2841, 9503, 9503, 2841, 9504, 7988, 9476, 9475, 9475, 9476, 9477, 9475, 3264, 9464, 9475, 9477, 3264, 9466, 9469, 9468, 9468, 9469, 9470, 9470, 9469, 9481, 3221, 9483, 9482, 9483, 9484, 9482, 9484, 9485, 9520, 9520, 9485, 9487, 9487, 9485, 9486, 9486, 9488, 9487, 9489, 9488, 9490, 9488, 9491, 9490, 9496, 9497, 9495, 9498, 9499, 9517, 9517, 9499, 9500, 9500, 9501, 9516, 9516, 9502, 9503, 9503, 9504, 9505, 9514, 255, 254, 168, 9480, 9479, 9479, 9478, 7988, 9464, 9463, 9465, 9465, 9463, 9462, 9465, 9462, 9466, 9482, 9484, 9520, 9487, 9488, 9489, 9490, 9491, 9521, 9495, 9497, 9498, 9517, 9500, 9516, 9505, 9514, 7932, 9514, 254, 7932, 9479, 7988, 168, 9471, 7988, 9475, 9471, 9475, 9465, 9475, 9464, 9465, 9467, 9465, 9466, 9466, 9468, 9467, 9490, 9521, 9492, 9492, 9521, 7917, 7917, 9521, 9494, 9494, 9495, 7917, 7917, 9495, 8179, 9495, 9498, 8179, 8179, 9498, 9517, 8179, 9517, 7997, 9517, 9516, 7997, 9516, 9503, 7997, 7997, 9503, 7930, 7930, 9503, 9505, 7930, 9505, 7932, 7967, 7988, 7968, 7967, 168, 7988, 7988, 9471, 7968, 7968, 9471, 7964, 9471, 9465, 7964, 7964, 9465, 7978, 9465, 9467, 7978, 7978, 9467, 7948, 7948, 9467, 9468, 7948, 9468, 9470, 7948, 9470, 7947, 9470, 9481, 7947, 7947, 9481, 7946, 9481, 9482, 7946, 9482, 9520, 7946, 9520, 9487, 7946, 7946, 9487, 7942, 7942, 9487, 9489, 7942, 9489, 7944, 9489, 9490, 7944, 7944, 9490, 7919, 9490, 9492, 7919, 7919, 9492, 7917, 7917, 8179, 7914, 7914, 8179, 7913, 7913, 8179, 7922, 8179, 7997, 7922, 7922, 7997, 7924, 7924, 7997, 7930]
    point3f[] points = [(-0.465716, -0.216108, 1.426631), (-0.463113, -0.216101, 1.439834), (-0.463948, -0.216612, 1.436441), (-0.029285, 0.053692, 0.001746), (-0.003105, -0.049094, 0.001757), (0.085153, 0.024502, 0.001768), (0.088483, -0.069943, 0.001785), (0.181132, 0.018262, 0.001819), (0.195608, -0.091128, 0.001885), (0.251444, 0.031433, 0.001841), (0.249646, -0.037034, 0.001901), (0.337396, 0.000633, 0.001924), (0.274613, -0.153728, 0.001945), (0.306172, -0.100503, 0.001922), (0.216056, -0.177860, 0.001990), (0.391625, -0.206862, 0.002046), (0.377373, -0.147507, 0.002022), (0.405036, -0.082143, 0.002013), (0.404711, 0.034654, 0.001978), (0.441448, -0.043036, 0.001997), (0.449759, 0.051945, 0.002004), (0.465586, -0.060495, 0.002109), (0.471682, 0.061959, 0.002111), (0.445765, -0.170707, 0.002081), (0.473975, -0.169181, 0.002152), (0.422087, 0.140030, 0.001974), (0.477905, 0.105214, 0.002217), (0.467528, 0.162164, 0.001971), (0.340704, 0.081917, 0.001887), (0.194373, 0.084139, 0.001784), (0.272214, 0.138256, 0.001819), (0.235505, 0.170266, 0.001803), (0.171113, 0.136561, 0.001787), (0.095371, 0.171299, 0.001713), (0.011509, 0.174466, 0.001639), (0.068011, 0.127938, 0.001733), (-0.093432, 0.168918, 0.001719), (-0.049154, 0.143013, 0.001707), (-0.193865, 0.176657, 0.001792), (-0.177095, 0.130024, 0.001813), (-0.280893, 0.173689, 0.001828), (-0.425419, 0.200334, 0.001735), (-0.401791, 0.162522, 0.001880), (-0.367356, 0.200874, 0.001836), (-0.442771, 0.186846, 0.001968), (-0.442020, 0.205832, 0.001724), (-0.433238, 0.209113, 0.001727), (-0.426399, 0.208528, 0.001776), (-0.470158, 0.205025, 0.001894), (-0.343633, 0.136743, 0.001847), (-0.464838, 0.109705, 0.001916), (-0.493171, 0.160667, 0.001941), (-0.493153, 0.203559, 0.001825), (-0.497099, 0.095012, 0.001871), (-0.512711, 0.148792, 0.001921), (-0.509866, 0.055275, 0.001641), (-0.430735, 0.051946, 0.001854), (-0.344657, 0.080041, 0.001825), (-0.227975, 0.093473, 0.001803), (-0.364291, -0.018092, 0.001904), (-0.295106, 0.042401, 0.001811), (-0.417652, -0.025793, 0.001922), (-0.433276, -0.120144, 0.001956), (-0.480068, -0.087169, 0.001884), (-0.467995, 0.005880, 0.001823), (-0.512646, -0.053094, 0.001717), (-0.509548, -0.140657, 0.001894), (-0.253433, 0.200712, 0.001855), (-0.110834, 0.204103, 0.001830), (0.069017, 0.204033, 0.001728), (0.166111, 0.204251, 0.001810), (0.247836, 0.204155, 0.001930), (0.377682, 0.204089, 0.001960), (0.417679, 0.204756, 0.001839), (0.425027, 0.195529, 0.001816), (0.481567, 0.204797, 0.001698), (0.428390, 0.205906, 0.001632), (0.509323, 0.167292, 0.001537), (0.508924, 0.203725, 0.001308), (0.509656, 0.152880, 0.001719), (0.502251, 0.112174, 0.001905), (0.509783, 0.037847, 0.001596), (0.481992, -0.054411, 0.002068), (0.497436, -0.051965, 0.001843), (0.509958, -0.093378, 0.001759), (0.509838, -0.161096, 0.001765), (0.451427, -0.202958, 0.001741), (0.494970, -0.211937, 0.001511), (-0.052378, 0.104325, 0.001760), (-0.110039, 0.023565, 0.001779), (-0.082718, -0.120888, 0.001786), (-0.003258, -0.128394, 0.001732), (0.062543, -0.206429, 0.001728), (0.125538, -0.136549, 0.001869), (0.118762, -0.207317, 0.002009), (0.242953, -0.206320, 0.002170), (-0.017648, -0.207001, 0.001721), (-0.113500, -0.206594, 0.001945), (-0.126233, -0.091473, 0.001856), (-0.209179, -0.120970, 0.001913), (-0.190308, -0.041203, 0.001879), (-0.254143, 0.017266, 0.001851), (-0.305659, -0.067293, 0.001903), (-0.362015, -0.132784, 0.001929), (-0.286571, -0.118725, 0.001889), (-0.273218, -0.169847, 0.001963), (-0.173220, -0.206570, 0.001999), (-0.273791, -0.206765, 0.002173), (-0.375407, -0.206474, 0.002087), (-0.349249, -0.168335, 0.001953), (-0.412373, -0.195128, 0.002041), (-0.484439, -0.163729, 0.001916), (-0.509707, -0.170017, 0.001624), (0.514290, -0.176164, 0.001424), (0.514743, -0.211601, 0.001273), (-0.508512, 0.173993, 0.001633), (0.431711, -0.206463, 0.001784), (-0.422938, -0.206849, 0.001805), (-0.476086, -0.212251, 0.001663), (-0.466073, -0.216564, 0.001680), (-0.514478, -0.174720, 0.001414), (-0.514640, -0.211868, 0.001239), (-0.443024, -0.218341, 0.001859), (0.450688, -0.212792, 0.001382), (-0.299102, 0.203887, 0.002011), (0.433260, -0.210632, 0.001994), (-0.509091, 0.199916, 0.001148), (-0.512475, 0.198099, 0.001782), (0.093669, -0.210016, 0.002159), (0.259612, -0.210035, 0.002503), (-0.108294, -0.210008, 0.002206), (-0.512700, -0.165971, 0.002309), (0.512923, 0.189503, 0.001771), (-0.405242, -0.210092, 0.002280), (-0.422348, -0.211023, 0.002239), (-0.220781, -0.209917, 0.002658), (-0.411031, 0.203601, 0.002271), (0.409242, -0.209854, 0.002495), (-0.426590, -0.217346, 0.001440), (-0.427197, -0.221100, 0.001183), (0.437765, -0.215838, 0.001000), (0.444749, -0.216650, 0.001127), (0.512815, -0.020692, 0.002205), (0.512721, 0.155092, 0.002461), (-0.444584, -0.221357, 0.002705), (-0.459202, -0.220672, 0.003370), (0.512766, -0.140045, 0.002951), (0.513359, -0.166156, 0.002406), (0.427062, -0.210147, 0.003688), (-0.422606, -0.215475, 0.002793), (0.432968, -0.214476, 0.002730), (-0.418091, -0.211806, 0.004188), (-0.512661, 0.202352, 0.003195), (0.422139, 0.208240, 0.003182), (-0.423288, 0.204132, 0.002998), (-0.417817, 0.203916, 0.003603), (-0.443437, 0.209050, 0.003518), (0.451845, -0.215612, 0.002998), (-0.424479, 0.211330, 0.003435), (0.495002, -0.214503, 0.003118), (0.512117, 0.204263, 0.003416), (-0.485638, -0.214454, 0.003192), (-0.473142, -0.215649, 0.003278), (-0.516495, -0.214396, 0.002960), (-0.516691, -0.181942, 0.002937), (-0.517107, -0.211629, 0.003039), (-0.502491, 0.203429, 0.003287), (-0.424173, 0.207960, 0.003743), (0.516524, -0.213139, 0.002860), (0.430283, -0.210618, 0.004804), (0.052472, -0.097471, 1.452124), (0.004182, -0.182009, 1.452221), (-0.070996, -0.125082, 1.452137), (-0.015757, 0.105381, 1.452129), (-0.001348, -0.000613, 1.452127), (-0.072969, -0.061836, 1.452123), (0.097090, 0.204558, 1.452214), (-0.080890, 0.169421, 1.452138), (-0.074061, 0.204456, 1.452256), (-0.225671, 0.204349, 1.452218), (-0.227722, 0.172511, 1.452123), (-0.165547, 0.078602, 1.452101), (-0.268545, 0.060977, 1.452071), (-0.216789, -0.093666, 1.452094), (-0.409425, -0.047038, 1.452055), (-0.321073, 0.003779, 1.452084), (-0.343537, -0.085310, 1.452069), (-0.210230, -0.153438, 1.452121), (-0.181226, -0.191844, 1.452211), (-0.311662, -0.186826, 1.452151), (-0.166191, -0.206968, 1.452210), (-0.401529, -0.206400, 1.452206), (-0.396964, -0.210374, 1.452172), (-0.377806, -0.158718, 1.452087), (-0.371220, 0.097344, 1.452041), (-0.341958, 0.169296, 1.452062), (-0.429136, 0.194829, 1.452121), (-0.438721, 0.048008, 1.452020), (-0.454179, -0.043716, 1.451944), (-0.460306, 0.098368, 1.451869), (-0.498558, 0.119055, 1.452049), (-0.484576, 0.044223, 1.451886), (-0.498188, -0.054034, 1.452103), (-0.476085, -0.067262, 1.451884), (-0.480532, -0.171513, 1.451955), (-0.498437, -0.126714, 1.452031), (-0.499552, -0.210976, 1.452331), (-0.479436, 0.162928, 1.451878), (-0.498818, 0.201217, 1.452297), (-0.492657, 0.203760, 1.452287), (-0.439820, 0.204875, 1.452189), (-0.452745, -0.203667, 1.452291), (-0.376375, 0.204378, 1.452171), (-0.423167, 0.204840, 1.452238), (0.079477, 0.016493, 1.452106), (0.100245, 0.132109, 1.452107), (0.153600, 0.038593, 1.452092), (0.149103, -0.097132, 1.452100), (0.231212, -0.008951, 1.452091), (0.286732, 0.075862, 1.452089), (0.276303, -0.085920, 1.452081), (0.391198, 0.035541, 1.452081), (0.338439, 0.158194, 1.452081), (0.192058, 0.147326, 1.452094), (0.267064, 0.204424, 1.452182), (0.402009, 0.204493, 1.452244), (0.421071, 0.205338, 1.452127), (0.449191, 0.159000, 1.452076), (0.456625, 0.101019, 1.451994), (0.491028, 0.129109, 1.451737), (0.497446, 0.064017, 1.451960), (0.467936, 0.008233, 1.451987), (0.435444, 0.012775, 1.452081), (0.383287, -0.116857, 1.452096), (0.453879, -0.134133, 1.452073), (0.390724, -0.210204, 1.452235), (0.273685, -0.160221, 1.452111), (0.102889, -0.177468, 1.452190), (0.002415, -0.207092, 1.452261), (0.263743, -0.206829, 1.452217), (0.436562, -0.206768, 1.452261), (0.496381, -0.125478, 1.451922), (0.444142, -0.206166, 1.452384), (0.501232, -0.193077, 1.452145), (0.500736, -0.210393, 1.452355), (0.503160, 0.000173, 1.451867), (0.502503, 0.169364, 1.451842), (0.502490, 0.116141, 1.451525), (0.462198, 0.186064, 1.452134), (0.502777, -0.128089, 1.451723), (-0.428444, -0.211291, 1.452475), (0.500198, 0.200978, 1.452433), (0.439281, 0.205534, 1.452308), (-0.434187, 0.206757, 1.452462), (0.513719, -0.210402, 1.452705), (0.513408, -0.177053, 1.452540), (-0.200182, -0.210526, 1.452076), (0.424236, -0.210323, 1.452351), (0.463465, -0.211204, 1.452556), (0.443976, -0.214381, 1.452780), (0.427093, 0.209257, 1.452398), (-0.502162, -0.113289, 1.451805), (-0.502826, -0.179536, 1.451918), (-0.507996, -0.105958, 1.451892), (-0.502435, 0.002173, 1.451701), (-0.513694, -0.210244, 1.452634), (-0.513807, -0.175740, 1.452230), (-0.513436, -0.078720, 1.452168), (-0.513392, 0.093424, 1.452302), (-0.502891, 0.091288, 1.451774), (-0.513265, 0.167900, 1.452169), (-0.502779, 0.179110, 1.451940), (-0.509234, 0.200226, 1.452481), (0.508426, 0.172629, 1.452356), (0.509153, 0.200334, 1.452826), (0.513015, 0.181577, 1.452283), (0.508476, 0.116072, 1.452360), (0.512833, 0.085474, 1.452532), (0.513087, -0.087179, 1.452572), (0.010188, -0.210321, 1.452071), (0.262406, -0.210233, 1.451936), (-0.465299, -0.212187, 1.452850), (-0.451864, -0.216039, 1.452081), (-0.434157, -0.211435, 1.452168), (0.433746, 0.211377, 1.451938), (0.452991, -0.211857, 1.451744), (0.493299, 0.204193, 1.452043), (0.434614, -0.210911, 1.451284), (-0.512812, 0.198135, 1.451481), (0.438567, -0.213868, 1.451634), (0.428339, 0.212789, 1.451234), (0.433570, 0.218883, 1.452285), (0.508685, 0.203115, 1.450861), (0.450657, -0.214299, 1.451480), (-0.427590, 0.208388, 1.451215), (-0.432741, 0.216847, 1.452503), (-0.445660, -0.216269, 1.452965), (-0.438927, -0.215481, 1.452182), (-0.445914, -0.219669, 1.451520), (0.456115, -0.212571, 1.450569), (-0.512062, 0.202189, 1.450684), (-0.437174, 0.207670, 1.450663), (0.512761, 0.198782, 1.450830), (-0.499817, 0.203784, 1.450593), (0.422186, 0.209067, 1.450312), (0.416557, 0.206883, 1.450549), (0.433020, 0.223680, 1.450388), (0.435510, 0.224466, 1.450339), (-0.462194, -0.215402, 1.451118), (0.511589, 0.202195, 1.450679), (-0.431465, 0.222884, 1.449980), (-0.434050, 0.224616, 1.451072), (-0.437102, 0.220085, 1.451234), (-0.440158, 0.225425, 1.449432), (-0.435808, 0.212309, 1.450378), (-0.452528, -0.217477, 1.450789), (-0.434201, -0.214019, 1.449921), (0.436120, 0.212600, 1.449594), (0.438230, 0.208583, 1.450245), (-0.440294, -0.218528, 1.450918), (0.403082, -0.210760, 1.450232), (0.010587, -0.100910, 0.665781), (-0.004987, -0.170460, 0.665822), (-0.094979, -0.057300, 0.665710), (-0.084437, -0.169478, 0.665775), (-0.062175, -0.204047, 0.665824), (-0.112876, -0.210322, 0.665802), (-0.151231, -0.188855, 0.665724), (-0.003669, -0.212047, 0.666047), (-0.039547, -0.211858, 0.665893), (0.064935, -0.204726, 0.665791), (0.029211, -0.212210, 0.665942), (0.117800, -0.148024, 0.665841), (0.100816, -0.210549, 0.665956), (0.224772, -0.180723, 0.665880), (0.177324, -0.072487, 0.665809), (0.302484, -0.114294, 0.665907), (0.341583, -0.187908, 0.665894), (0.376189, -0.105540, 0.665886), (0.288250, -0.035032, 0.665860), (0.384214, 0.030397, 0.665865), (0.329821, 0.115703, 0.665898), (0.410502, 0.130811, 0.665875), (0.306129, 0.171865, 0.665886), (0.389957, 0.194239, 0.665904), (0.290212, 0.204668, 0.666069), (0.222322, 0.196548, 0.665787), (0.410823, 0.205064, 0.666109), (0.458923, 0.189427, 0.665822), (0.457437, 0.112640, 0.665879), (0.446644, -0.036482, 0.665830), (0.492727, 0.080287, 0.665950), (0.492193, -0.068392, 0.665982), (0.474061, -0.092666, 0.665798), (0.470596, -0.203875, 0.665618), (0.439793, -0.201087, 0.665846), (0.486012, -0.174278, 0.665556), (0.498002, -0.196265, 0.665310), (0.497714, -0.178131, 0.665404), (0.510705, -0.163568, 0.665580), (0.483630, 0.139907, 0.665994), (0.488776, 0.167753, 0.665816), (0.492734, 0.197339, 0.665442), (0.476233, 0.209624, 0.665447), (0.459284, 0.212295, 0.665597), (0.426440, 0.206045, 0.665956), (0.255568, 0.126991, 0.665800), (0.215113, 0.075217, 0.665792), (0.336014, -0.210641, 0.665979), (0.174723, 0.006007, 0.665787), (0.034314, -0.017545, 0.665733), (0.172151, 0.153476, 0.665759), (0.050227, 0.080567, 0.665749), (0.015605, 0.148511, 0.665744), (-0.094440, 0.029217, 0.665723), (-0.184097, -0.105621, 0.665741), (-0.321217, -0.133941, 0.665776), (-0.225431, -0.167323, 0.665759), (-0.295251, -0.181794, 0.665703), (-0.279860, -0.211107, 0.665672), (-0.381079, -0.191909, 0.665681), (-0.418704, -0.168971, 0.665753), (-0.444545, -0.097155, 0.665702), (-0.462677, -0.164280, 0.665701), (-0.486443, -0.071491, 0.665717), (-0.424346, -0.052283, 0.665649), (-0.448597, 0.026092, 0.665673), (-0.465952, 0.108941, 0.665620), (-0.409160, 0.092273, 0.665633), (-0.376281, 0.005803, 0.665672), (-0.219447, 0.075522, 0.665707), (-0.239609, 0.008447, 0.665716), (-0.196782, 0.121465, 0.665689), (-0.072876, 0.107099, 0.665710), (-0.224132, 0.165028, 0.665711), (-0.055991, 0.166341, 0.665736), (-0.144814, 0.191209, 0.665804), (-0.272337, 0.187013, 0.665744), (-0.216908, 0.204619, 0.665870), (-0.345046, 0.194256, 0.665761), (-0.340243, 0.131566, 0.665671), (-0.446311, 0.179560, 0.665619), (-0.421157, 0.204437, 0.665848), (-0.444943, 0.203851, 0.665697), (-0.482756, 0.190359, 0.665167), (-0.495820, 0.202774, 0.665112), (-0.495570, 0.160128, 0.665432), (-0.507809, 0.124672, 0.665544), (-0.502131, 0.063071, 0.665762), (-0.502159, 0.003916, 0.665723), (-0.507137, -0.106975, 0.665805), (-0.493793, -0.148795, 0.665637), (-0.507638, -0.164997, 0.665670), (-0.497618, -0.178417, 0.665376), (-0.492601, -0.198546, 0.665530), (-0.472318, -0.211366, 0.665637), (-0.426674, -0.204811, 0.665633), (-0.383062, -0.211629, 0.665756), (-0.349886, -0.210276, 0.665512), (-0.310965, -0.074112, 0.665729), (0.087770, 0.191810, 0.665844), (-0.030067, 0.191682, 0.665813), (-0.127490, 0.204890, 0.666005), (0.146307, 0.204817, 0.666126), (-0.508544, 0.160964, 0.665605), (0.504720, -0.105488, 0.665594), (0.511237, 0.158072, 0.665337), (0.507376, 0.128034, 0.665544), (0.501681, 0.166482, 0.665578), (0.501121, 0.001704, 0.665776), (0.493019, 0.169411, 0.665693), (0.078601, -0.211795, 0.665950), (-0.492592, 0.198965, 0.665141), (-0.493054, 0.169361, 0.665150), (-0.492565, -0.211986, 0.665850), (-0.507955, 0.039485, 0.665550), (0.460368, -0.211697, 0.665549), (0.428499, -0.212282, 0.665661), (0.382559, -0.211495, 0.666157), (0.483861, -0.210853, 0.666024), (-0.075778, -0.211575, 0.666038), (0.491037, -0.212032, 0.665770), (0.496125, 0.202225, 0.665696), (-0.506059, -0.172544, 0.665386), (-0.421092, -0.210363, 0.665278), (0.510133, 0.016810, 0.665296), (0.509944, -0.145178, 0.665336), (0.445456, 0.212837, 0.665448), (0.503866, -0.175206, 0.665204), (0.068141, -0.212176, 0.665351), (0.045980, -0.211657, 0.665415), (-0.501971, 0.165918, 0.666183), (0.430940, 0.209053, 0.665670), (0.312309, 0.206920, 0.665807), (0.510387, 0.084027, 0.665195), (0.301410, -0.211829, 0.665598), (-0.067414, -0.211930, 0.665339), (-0.045738, -0.212846, 0.665415), (0.507918, 0.165061, 0.665048), (-0.509382, -0.063971, 0.665436), (-0.508376, 0.165178, 0.666226), (0.510578, 0.128892, 0.665050), (-0.496949, -0.205647, 0.666498), (0.222920, 0.206465, 0.665535), (-0.469065, 0.206834, 0.664840), (0.497725, -0.209801, 0.666650), (-0.509367, 0.132067, 0.665231), (-0.509336, 0.041869, 0.665271), (-0.510559, 0.158965, 0.665363), (0.496075, 0.204535, 0.665232), (0.069286, 0.206218, 0.665798), (0.116505, 0.206652, 0.665795), (-0.496432, 0.194493, 0.666442), (0.423468, 0.206713, 0.665723), (-0.508556, -0.119562, 0.665430), (-0.507535, -0.143067, 0.665468), (-0.217063, 0.206467, 0.665438), (-0.354932, 0.206382, 0.665595), (-0.497949, -0.210782, 0.667048), (-0.449890, 0.207167, 0.664827), (0.496125, 0.168799, 0.666490), (-0.092587, 0.206359, 0.665651), (0.234589, -0.211177, 0.665630), (0.438345, 0.213371, 0.666160), (0.432271, 0.213983, 0.666540), (-0.439265, -0.212890, 0.664769), (-0.494681, 0.204174, 0.664700), (0.495918, 0.198052, 0.666540), (-0.430081, 0.205918, 0.665260), (-0.438625, 0.209814, 0.663913), (0.105109, -0.211526, 0.665512), (0.510467, -0.087967, 0.665151), (-0.343275, -0.211407, 0.664934), (-0.495783, 0.170100, 0.666183), (-0.109818, -0.211222, 0.665451), (0.500026, -0.203859, 0.667004), (-0.421501, -0.212426, 0.664322), (0.061953, -0.212936, 0.665817), (0.051994, -0.213451, 0.665941), (-0.499157, -0.180154, 0.666305), (-0.501479, -0.176334, 0.666250), (-0.507284, -0.176145, 0.666131), (0.511916, 0.165577, 0.663917), (0.511275, 0.161070, 0.663560), (0.499686, -0.211675, 0.665373), (-0.498575, -0.204009, 0.667594), (-0.510267, 0.164191, 0.662943), (-0.497768, 0.198146, 0.667148), (0.498715, 0.202960, 0.662977), (0.017244, -0.077325, 1.437656), (0.070297, -0.125229, 1.437640), (0.085572, -0.047325, 1.437484), (-0.039017, -0.126973, 1.437777), (-0.085374, -0.171459, 1.437823), (0.062829, -0.192462, 1.437622), (0.110253, -0.151053, 1.437522), (0.109877, -0.076676, 1.437417), (0.155634, -0.084193, 1.437339), (0.135561, -0.030500, 1.437213), (0.210309, -0.089109, 1.437322), (0.195796, -0.147095, 1.437416), (0.276924, -0.134970, 1.437446), (0.231776, -0.060700, 1.437240), (0.275194, -0.096652, 1.437425), (0.286077, -0.022449, 1.437408), (0.213016, -0.000856, 1.437130), (0.164986, 0.049782, 1.437130), (0.085563, 0.090264, 1.437321), (0.132468, 0.106926, 1.437040), (0.116363, 0.165885, 1.437005), (0.214582, 0.097517, 1.436920), (0.248118, 0.019679, 1.437253), (0.268135, 0.082936, 1.437108), (0.290887, 0.051396, 1.437402), (0.357884, -0.018164, 1.437397), (0.342230, 0.028160, 1.437415), (0.325271, -0.078688, 1.437476), (0.386439, -0.053867, 1.437319), (0.368181, -0.104212, 1.437382), (0.416341, -0.090512, 1.437414), (0.377063, -0.142165, 1.437486), (0.425548, -0.178593, 1.437466), (0.452658, 0.031396, 1.437296), (0.415823, 0.003261, 1.437330), (0.450732, -0.043328, 1.437373), (0.421025, 0.065280, 1.437165), (0.437982, 0.121580, 1.436916), (0.380119, 0.118190, 1.436816), (0.338179, 0.107776, 1.436964), (0.349716, 0.065411, 1.437214), (0.293225, 0.149287, 1.436952), (0.271611, 0.127397, 1.436922), (0.222795, 0.162149, 1.436835), (0.319560, 0.168954, 1.436925), (0.077361, 0.159896, 1.437262), (0.049544, 0.147278, 1.437287), (-0.021036, 0.168481, 1.437435), (-0.009877, 0.141608, 1.437416), (-0.066926, 0.173867, 1.437407), (-0.063589, 0.141621, 1.437535), (-0.148124, 0.177184, 1.437241), (-0.119654, 0.116691, 1.437558), (-0.223447, 0.171194, 1.437275), (-0.175850, 0.142613, 1.437348), (-0.322555, 0.175450, 1.437285), (-0.300986, 0.148500, 1.437327), (-0.422252, 0.119409, 1.437280), (-0.370834, 0.118256, 1.437238), (-0.454477, 0.086061, 1.437733), (-0.412721, 0.073543, 1.437600), (-0.489359, 0.203914, 1.437541), (-0.485798, 0.188219, 1.437452), (-0.456773, 0.194611, 1.437405), (-0.465427, 0.155747, 1.437730), (-0.427115, 0.168683, 1.437334), (-0.397732, 0.203695, 1.437013), (-0.295204, 0.200541, 1.437060), (-0.247098, 0.203808, 1.436873), (-0.110070, 0.203764, 1.437046), (-0.040679, 0.197933, 1.437268), (0.071053, 0.189381, 1.437180), (0.069923, 0.205026, 1.437266), (0.115736, 0.203903, 1.436625), (0.164817, 0.198221, 1.436662), (0.213598, 0.204339, 1.436226), (0.289291, 0.203983, 1.436511), (0.358895, 0.204229, 1.436514), (0.401647, 0.163984, 1.436835), (0.412642, 0.179483, 1.436537), (0.464653, 0.178158, 1.437027), (0.456802, 0.110541, 1.436924), (0.477315, 0.073430, 1.436824), (0.481792, 0.125693, 1.436381), (0.479067, -0.021601, 1.436994), (0.460432, -0.093721, 1.437287), (0.481595, -0.104007, 1.436837), (0.492097, -0.119463, 1.436535), (0.492665, -0.084891, 1.436767), (0.486313, -0.078877, 1.437021), (0.438891, -0.143630, 1.437612), (0.477239, -0.166922, 1.437150), (0.114360, -0.195671, 1.437396), (0.162351, -0.192880, 1.437473), (0.210655, -0.192361, 1.437191), (0.247650, -0.160064, 1.437414), (0.311554, -0.168190, 1.437364), (0.353986, -0.196849, 1.437329), (0.419532, -0.195007, 1.437322), (0.289288, -0.193751, 1.437106), (-0.076524, 0.007281, 1.437742), (0.016581, -0.013214, 1.437593), (0.062865, 0.038059, 1.437517), (0.115123, 0.022351, 1.437327), (0.026927, 0.089100, 1.437426), (-0.006487, 0.104837, 1.437421), (-0.032348, 0.066862, 1.437612), (-0.120950, -0.035755, 1.437783), (-0.160970, 0.043031, 1.437651), (-0.167331, 0.105409, 1.437426), (-0.255318, 0.117523, 1.437323), (-0.227498, 0.068225, 1.437556), (-0.217670, 0.005183, 1.437644), (-0.281465, -0.031122, 1.437766), (-0.313235, 0.061351, 1.437662), (-0.284428, 0.089298, 1.437480), (-0.344589, 0.093796, 1.437372), (-0.365765, -0.011107, 1.437713), (-0.428435, 0.007841, 1.437785), (-0.453286, -0.074536, 1.437982), (-0.456521, -0.156162, 1.438236), (-0.379043, -0.089309, 1.437793), (-0.406431, -0.153672, 1.437994), (-0.335830, -0.156537, 1.437921), (-0.305183, -0.099433, 1.437840), (-0.227228, -0.101617, 1.437804), (-0.243027, -0.158817, 1.437871), (-0.177873, -0.153061, 1.437814), (-0.166915, -0.078802, 1.437764), (-0.123317, -0.128651, 1.437837), (-0.094543, -0.196012, 1.437747), (-0.018257, -0.194545, 1.437758), (-0.192512, -0.201074, 1.437786), (-0.247242, -0.195293, 1.437672), (-0.385207, -0.198768, 1.437991), (-0.420888, -0.180663, 1.437887), (-0.434270, -0.204002, 1.437714), (-0.468823, -0.189526, 1.438012), (-0.492342, -0.172605, 1.438129), (-0.493290, -0.203768, 1.438174), (-0.442742, -0.209990, 1.437640), (-0.496117, -0.122546, 1.437557), (-0.475640, -0.064109, 1.437798), (-0.496744, 0.055331, 1.437584), (-0.496240, -0.018847, 1.437496), (-0.497051, -0.094087, 1.437641), (-0.497245, 0.086878, 1.437520), (-0.497897, 0.119892, 1.437462), (0.485864, 0.003668, 1.437012), (0.486464, 0.069222, 1.436951), (0.492663, 0.091613, 1.436831), (-0.498143, 0.130473, 1.437558), (-0.438959, -0.210978, 1.437688), (0.365270, -0.210411, 1.437559), (0.411383, -0.210646, 1.437581), (0.165531, -0.210021, 1.437795), (0.280749, -0.206587, 1.437352), (0.481088, 0.171632, 1.436844), (-0.498126, 0.112870, 1.437480), (-0.500130, 0.132751, 1.437510), (0.484942, 0.187277, 1.436702), (-0.461261, -0.210490, 1.437980), (-0.486246, -0.209719, 1.437824), (-0.496964, 0.171191, 1.437941), (-0.496002, 0.200209, 1.437670), (0.095177, -0.210129, 1.437894), (-0.252127, -0.210231, 1.437989), (-0.114004, -0.210284, 1.438054), (-0.358107, -0.210140, 1.438156), (-0.411312, -0.210281, 1.438065), (-0.026009, -0.206771, 1.438044), (0.145605, 0.205282, 1.436918), (-0.428708, 0.196537, 1.436748), (-0.456403, 0.205191, 1.437129), (0.443181, -0.209809, 1.436741), (0.456545, -0.198251, 1.436569), (0.432706, -0.209993, 1.436825), (-0.065766, 0.205096, 1.437489), (0.425795, 0.193463, 1.435937), (0.466670, 0.204100, 1.435948), (0.492786, -0.151467, 1.437304), (0.490279, -0.174189, 1.437466), (0.494934, -0.158331, 1.437295), (0.494652, 0.183592, 1.437112), (0.495886, 0.173216, 1.437438), (0.492548, 0.021271, 1.436560), (-0.497017, -0.180096, 1.437956), (-0.498156, -0.145536, 1.437653), (0.492860, 0.146287, 1.437036), (0.495826, 0.149639, 1.437327), (0.403531, 0.204132, 1.435779), (0.486970, -0.188742, 1.436985), (0.465080, -0.199465, 1.436224), (-0.499207, 0.168644, 1.437812), (0.486903, -0.198867, 1.436463), (0.004477, -0.210132, 1.438288), (-0.424871, 0.204642, 1.436383), (-0.439836, 0.205882, 1.436103), (0.492641, 0.191861, 1.436525), (0.492130, 0.200876, 1.435658), (0.491051, 0.203971, 1.435908), (-0.500722, 0.115887, 1.437707), (-0.432882, -0.210196, 1.437209), (0.441522, 0.204516, 1.435173), (-0.496792, -0.203163, 1.437760), (0.420684, 0.206396, 1.434675), (0.431626, 0.199413, 1.435195), (-0.412282, 0.205202, 1.436826), (0.448919, -0.208010, 1.436294), (0.489749, -0.184159, 1.437453), (0.455837, -0.210573, 1.434247), (0.492841, -0.198699, 1.435129), (0.496054, 0.199702, 1.434624), (0.496902, 0.202809, 1.434584), (0.451958, 0.205900, 1.436448), (-0.125127, 0.204958, 1.437389), (0.467486, -0.206714, 1.433861), (0.443142, 0.206282, 1.435839), (0.438094, 0.207752, 1.434889), (-0.433679, 0.205238, 1.435235), (-0.427069, 0.204769, 1.435418), (-0.429239, 0.217666, 1.435204), (-0.433529, 0.212179, 1.434681), (-0.436942, 0.213391, 1.435592), (-0.435682, 0.223935, 1.436619), (0.485751, -0.204640, 1.434126), (0.493545, -0.171831, 1.436427), (0.428525, 0.208893, 1.432764), (0.433999, 0.206886, 1.433208), (0.433054, 0.210616, 1.432050), (-0.324075, 0.205108, 1.437417), (0.495776, 0.196766, 1.437276), (-0.399216, 0.204823, 1.437444), (-0.240109, 0.204799, 1.437276), (0.435075, 0.223436, 1.435758), (0.436267, 0.214240, 1.434906), (0.432725, 0.222722, 1.436150), (0.450147, -0.210488, 1.437499), (0.493285, -0.193218, 1.434483), (0.492073, -0.187066, 1.435317), (-0.497267, 0.203377, 1.439210), (0.492822, -0.203119, 1.433391), (0.262909, 0.205020, 1.437032), (0.379285, 0.204861, 1.436751), (0.496934, -0.103630, 1.434339), (0.496924, -0.138881, 1.434498), (-0.431825, 0.222622, 1.436894), (0.495883, -0.201443, 1.432673), (0.403757, 0.205360, 1.436528), (-0.426042, 0.207771, 1.437271), (0.496109, -0.074140, 1.434258), (0.258376, -0.210546, 1.437964), (0.496103, 0.006859, 1.434177), (0.496087, 0.091483, 1.434463), (0.495836, 0.146021, 1.434695), (-0.490963, -0.210069, 1.434533), (0.495689, -0.194964, 1.432740), (0.495640, 0.191877, 1.434289), (0.186915, 0.205173, 1.436881), (-0.430654, -0.211280, 1.438295), (0.456862, -0.211804, 1.435024), (0.438627, -0.210227, 1.437214), (-0.393898, -0.210783, 1.439679), (-0.286308, -0.210830, 1.439374), (-0.166868, -0.210865, 1.439502), (-0.076935, -0.210791, 1.439752), (0.076551, -0.210642, 1.439684), (0.178199, -0.210613, 1.439678), (0.077454, -0.014283, 0.011200), (0.047644, -0.087803, 0.011546), (-0.003088, -0.020267, 0.011333), (0.025877, 0.049271, 0.011033), (0.095890, 0.059745, 0.010940), (-0.043512, 0.065604, 0.011139), (-0.018776, 0.118409, 0.011019), (0.046260, 0.120674, 0.010933), (0.050180, 0.172079, 0.010881), (-0.057418, 0.171584, 0.010967), (-0.077542, 0.137005, 0.011193), (-0.118185, 0.168930, 0.011399), (-0.102818, 0.100698, 0.011324), (-0.191788, 0.129191, 0.011302), (-0.197348, 0.172832, 0.011299), (-0.094519, 0.025114, 0.011596), (-0.038341, -0.010183, 0.011427), (0.076860, 0.140195, 0.010965), (0.114754, 0.097316, 0.010976), (0.138731, 0.141638, 0.011050), (0.106116, 0.176540, 0.011107), (0.173689, 0.171851, 0.011047), (0.201291, 0.133037, 0.010944), (0.218821, 0.178724, 0.010957), (0.289198, 0.167379, 0.010990), (0.246621, 0.067628, 0.010910), (0.163394, 0.070553, 0.010888), (0.166523, -0.008707, 0.011107), (0.214877, 0.015270, 0.010968), (0.227620, -0.027930, 0.011134), (0.144179, -0.062866, 0.011355), (0.251418, -0.070344, 0.011381), (0.212466, -0.098561, 0.011671), (0.145155, -0.096181, 0.011768), (0.112236, -0.124371, 0.012269), (0.075480, -0.120353, 0.011964), (0.118006, -0.179219, 0.012609), (0.193067, -0.177648, 0.012426), (0.207369, -0.127604, 0.012056), (0.267138, -0.176361, 0.012239), (0.292506, -0.137903, 0.011933), (0.272952, -0.109493, 0.011800), (0.304544, -0.084006, 0.011458), (0.302824, -0.015639, 0.011077), (0.343204, -0.069007, 0.011109), (0.349750, 0.005601, 0.010801), (0.313175, 0.077285, 0.010839), (0.378499, 0.064113, 0.010621), (0.332664, 0.167318, 0.010742), (0.431358, 0.134742, 0.010583), (0.449810, 0.087296, 0.010614), (0.451500, 0.026252, 0.010669), (0.491348, 0.084004, 0.010873), (0.493416, -0.102837, 0.011151), (0.442695, -0.053360, 0.010777), (0.411244, -0.018210, 0.010680), (0.402467, -0.071307, 0.010857), (0.443006, -0.116974, 0.011072), (0.401187, -0.112245, 0.011163), (0.387918, -0.137396, 0.011460), (0.334986, -0.143717, 0.011709), (0.331371, -0.177348, 0.012087), (0.402012, -0.176694, 0.012081), (0.436332, -0.168821, 0.011588), (0.466821, -0.163633, 0.011148), (0.458445, -0.188025, 0.011603), (0.437583, -0.200291, 0.012296), (0.489543, -0.137892, 0.011280), (0.489017, -0.166488, 0.011340), (0.477506, 0.153079, 0.010501), (0.465919, 0.189771, 0.010764), (0.431542, 0.189854, 0.010895), (0.411737, 0.167085, 0.010726), (0.405573, 0.194222, 0.011180), (0.312539, 0.203942, 0.011609), (0.213346, 0.204044, 0.011523), (0.128129, 0.203949, 0.011786), (0.069131, 0.203951, 0.011462), (-0.063408, 0.199879, 0.011404), (-0.117081, 0.204134, 0.011980), (-0.174710, 0.200475, 0.011922), (-0.326302, 0.200362, 0.011853), (-0.289538, 0.172320, 0.011410), (-0.390692, 0.174292, 0.011484), (-0.401269, 0.199972, 0.012073), (-0.051253, 0.204068, 0.011316), (-0.020448, -0.085626, 0.011747), (-0.073028, -0.080579, 0.011897), (-0.066279, -0.126573, 0.012427), (0.054504, -0.176773, 0.012048), (0.028768, -0.127174, 0.011919), (-0.213835, -0.155974, 0.013113), (-0.173616, -0.181036, 0.013168), (-0.307844, -0.180299, 0.013169), (-0.239559, -0.206941, 0.013578), (-0.304344, -0.207060, 0.013907), (-0.328993, -0.180863, 0.013063), (-0.360992, -0.206890, 0.013863), (-0.424718, -0.173666, 0.012910), (-0.402986, -0.206715, 0.013732), (-0.421399, -0.197490, 0.013515), (-0.178724, -0.206867, 0.013633), (-0.116273, -0.207054, 0.013643), (-0.117705, -0.181102, 0.013127), (-0.244721, -0.116189, 0.013011), (-0.276348, -0.146579, 0.013067), (-0.276348, -0.099959, 0.012802), (-0.222030, -0.076077, 0.012419), (-0.192023, -0.106600, 0.012867), (-0.114781, -0.120896, 0.013035), (-0.162904, -0.128766, 0.013106), (-0.136226, 0.062876, 0.011600), (-0.161176, -0.020514, 0.012063), (-0.119163, -0.077331, 0.012350), (-0.164055, -0.068781, 0.012352), (-0.185711, 0.054939, 0.011656), (-0.215553, 0.013984, 0.011873), (-0.272915, 0.070900, 0.011676), (-0.307725, 0.117962, 0.011471), (-0.373419, 0.137489, 0.011414), (-0.240066, 0.112594, 0.011338), (-0.299254, 0.022529, 0.011916), (-0.257260, -0.041708, 0.012271), (-0.328239, -0.034762, 0.012246), (-0.363975, -0.088962, 0.012373), (-0.373854, -0.160603, 0.012832), (-0.431658, -0.138252, 0.012392), (-0.439650, -0.205265, 0.013184), (-0.454572, -0.079685, 0.011934), (-0.466494, -0.153981, 0.011974), (-0.482229, -0.061571, 0.011862), (-0.485498, -0.131541, 0.011973), (-0.500497, -0.162869, 0.012001), (-0.417925, 0.005163, 0.011816), (-0.408067, -0.053156, 0.011956), (-0.459964, -0.027364, 0.011731), (-0.403203, 0.050310, 0.011781), (-0.364907, -0.002367, 0.011926), (-0.340856, 0.065025, 0.011702), (-0.394969, 0.091779, 0.011594), (-0.428668, 0.184886, 0.011383), (-0.463321, 0.160066, 0.011212), (-0.442557, 0.182989, 0.011379), (-0.479446, 0.139512, 0.011321), (-0.479559, 0.079934, 0.011701), (-0.497559, -0.022436, 0.011935), (-0.503143, 0.042168, 0.012100), (-0.502483, 0.089558, 0.012253), (-0.497915, 0.135160, 0.011918), (-0.496426, 0.160421, 0.012046), (-0.491311, 0.166010, 0.011811), (-0.471611, -0.180218, 0.012044), (-0.494933, -0.175864, 0.011362), (-0.064925, -0.182679, 0.012325), (-0.014516, -0.182752, 0.012163), (-0.422748, 0.201296, 0.011859), (-0.481440, 0.175319, 0.011728), (-0.069106, -0.207150, 0.012890), (0.050890, -0.206791, 0.012748), (0.123854, -0.206963, 0.013511), (0.253915, -0.206994, 0.013252), (0.304551, -0.207330, 0.013333), (0.404452, -0.206801, 0.013284), (0.422093, 0.194925, 0.010747), (0.497742, -0.186042, 0.011627), (-0.509308, -0.079366, 0.012464), (-0.503528, -0.135702, 0.012475), (-0.509428, -0.010954, 0.012442), (0.495040, -0.042958, 0.011003), (-0.492331, 0.174287, 0.011570), (-0.203594, 0.203850, 0.011745), (0.482724, 0.186984, 0.011096), (0.495098, 0.163787, 0.011033), (-0.462665, -0.205955, 0.013012), (0.495697, 0.179574, 0.010778), (0.495432, 0.195396, 0.011171), (0.419308, 0.203932, 0.010645), (0.383242, 0.203997, 0.011558), (-0.479172, -0.206004, 0.013209), (-0.483687, -0.190014, 0.012223), (-0.479252, 0.204692, 0.012800), (-0.440070, 0.204377, 0.012318), (-0.492656, 0.199715, 0.012603), (0.438697, 0.206740, 0.011610), (-0.509062, 0.065305, 0.012487), (0.498768, 0.100722, 0.011136), (0.497734, 0.152638, 0.011290), (0.502227, 0.060620, 0.011264), (0.502208, -0.045039, 0.011278), (0.502897, -0.102744, 0.011526), (0.502238, -0.157732, 0.012136), (0.509102, -0.166712, 0.012468), (0.491903, 0.199867, 0.011843), (0.449793, -0.199252, 0.012224), (0.468051, -0.203465, 0.012316), (0.485829, -0.198928, 0.012719), (0.497513, -0.175855, 0.011277), (0.501853, -0.172190, 0.011551), (-0.433113, 0.194661, 0.012186), (-0.425400, 0.203920, 0.011849), (-0.426590, 0.207265, 0.012622), (0.476392, -0.211040, 0.011970), (0.453207, -0.211918, 0.012460), (0.426890, 0.196375, 0.011341), (0.421785, 0.206812, 0.011976), (-0.421657, -0.207205, 0.014122), (0.489042, -0.211409, 0.012724), (-0.509345, -0.154800, 0.012972), (-0.366256, 0.203678, 0.011604), (-0.495943, 0.202659, 0.012314), (0.484181, 0.205169, 0.011858), (0.494840, 0.203598, 0.012456), (0.431954, -0.207370, 0.012901), (-0.510240, 0.148862, 0.013271), (-0.512974, 0.160824, 0.013085), (0.451182, -0.205476, 0.012910), (-0.451498, -0.216709, 0.013938), (-0.439122, -0.216608, 0.013869), (-0.512770, -0.052128, 0.012185), (-0.512467, -0.139281, 0.012530), (0.508884, -0.068888, 0.011887), (-0.512834, 0.120103, 0.012995), (-0.512698, 0.053714, 0.012010), (-0.502023, -0.172239, 0.011265), (-0.508746, -0.172364, 0.012570), (-0.421176, -0.210747, 0.013781), (-0.423947, -0.212672, 0.013394), (0.508608, 0.053764, 0.012087), (0.512741, -0.074006, 0.011793), (0.512749, 0.053414, 0.012060), (0.508559, 0.145979, 0.013171), (0.512721, -0.152299, 0.012765), (0.509416, -0.157403, 0.012986), (0.513573, -0.168410, 0.012295), (0.512853, 0.160759, 0.013007), (0.505780, 0.163860, 0.012240), (0.121402, -0.210148, 0.013159), (0.271869, -0.210001, 0.012956), (-0.495636, 0.170630, 0.011282), (-0.436604, 0.209177, 0.011739), (-0.423844, 0.210619, 0.012616), (-0.435033, -0.214156, 0.012627), (0.038536, -0.210089, 0.012222), (-0.115298, -0.210163, 0.013065), (-0.222697, -0.209958, 0.012948), (-0.488706, -0.205447, 0.014118), (-0.482749, -0.211606, 0.014145), (-0.498156, -0.211306, 0.014601), (0.441968, -0.205601, 0.013496), (-0.373527, -0.210071, 0.013389), (-0.306560, -0.210217, 0.013442), (-0.399847, 0.203441, 0.011444), (-0.496357, -0.185564, 0.012794), (0.362219, -0.210080, 0.012766), (-0.500772, -0.203784, 0.016031), (-0.491187, -0.200544, 0.014996), (0.501736, -0.210990, 0.015256), (0.498508, -0.201024, 0.014434), (0.502336, -0.197775, 0.015022), (-0.408399, -0.210181, 0.012902), (0.509203, -0.172220, 0.013572), (-0.475254, -0.211291, 0.014852), (-0.490560, -0.193039, 0.014159), (-0.502309, -0.211423, 0.015560), (-0.512579, -0.165075, 0.011811), (0.431998, -0.210281, 0.012139), (0.398567, -0.209894, 0.012144), (-0.463258, -0.212245, 0.014575), (-0.469723, -0.211145, 0.014820), (-0.458416, -0.216737, 0.015047), (-0.513917, -0.171674, 0.013743), (0.450312, -0.214879, 0.011469), (0.486400, -0.213530, 0.011412), (-0.500013, -0.191025, 0.015612), (-0.457167, -0.218828, 0.013089), (-0.441747, -0.219387, 0.012861), (-0.433410, -0.219827, 0.014111), (-0.432881, -0.215858, 0.014256), (0.444603, -0.212113, 0.016251), (0.438528, -0.211866, 0.016332), (0.441130, -0.215942, 0.017153), (0.435947, -0.214513, 0.015352), (0.513752, -0.171796, 0.013821), (0.503288, -0.182940, 0.014342), (0.502693, -0.175190, 0.013297), (-0.496169, 0.163748, 0.013683), (-0.495652, 0.167368, 0.013690), (-0.499607, -0.180066, 0.014027), (-0.500776, -0.175153, 0.012791), (-0.474939, -0.214352, 0.013351), (0.495643, 0.199315, 0.013778), (-0.512581, 0.163923, 0.014782), (-0.505324, -0.174210, 0.010294), (-0.495655, 0.174400, 0.013597), (-0.496399, 0.200498, 0.014753), (-0.480568, -0.213706, 0.012772), (-0.504300, -0.213186, 0.013637), (0.416189, 0.205090, 0.008504), (-0.422500, -0.217579, 0.016914), (0.403433, 0.204375, 0.010715), (-0.463118, -0.219986, 0.013510), (-0.431043, -0.218845, 0.017060), (-0.423198, -0.219258, 0.016935), (0.141934, 0.204666, 0.011108), (0.331594, 0.204500, 0.011055), (0.508055, 0.164614, 0.014159), (0.513067, 0.164617, 0.013592), (-0.103299, 0.109910, 0.647169), (-0.106856, 0.068675, 0.647137), (0.001212, 0.080536, 0.647294), (0.014284, 0.135051, 0.647137), (-0.208213, 0.050348, 0.647246), (-0.206644, 0.110569, 0.647285), (-0.130147, 0.138057, 0.647098), (-0.271545, 0.108835, 0.647429), (-0.223171, 0.153660, 0.647146), (-0.315271, 0.081892, 0.647399), (-0.263726, -0.033539, 0.647341), (-0.213743, 0.012420, 0.647276), (-0.137124, -0.018030, 0.647203), (-0.088695, 0.029817, 0.647153), (-0.069523, -0.061713, 0.647326), (-0.136762, -0.101010, 0.647296), (-0.306368, -0.082914, 0.647367), (-0.264093, -0.134163, 0.647272), (-0.181071, -0.142125, 0.647252), (-0.101391, -0.205731, 0.646937), (-0.081600, -0.159032, 0.647279), (-0.189925, -0.179505, 0.647063), (-0.175747, -0.206528, 0.646854), (-0.256664, -0.173821, 0.647164), (-0.252847, -0.210066, 0.646903), (-0.337801, -0.206834, 0.646988), (-0.334960, -0.135315, 0.647257), (-0.365829, -0.156476, 0.647069), (-0.396485, -0.082935, 0.647205), (-0.354542, 0.024385, 0.647369), (-0.386930, -0.025906, 0.647246), (-0.432278, -0.015536, 0.647274), (-0.406397, 0.036074, 0.647351), (-0.430905, 0.111593, 0.647381), (-0.460808, 0.026587, 0.647480), (-0.457062, -0.058874, 0.647370), (-0.436584, -0.109891, 0.647169), (-0.454870, -0.147469, 0.647209), (-0.413277, -0.163210, 0.646961), (-0.428631, -0.210371, 0.646881), (-0.492763, -0.202150, 0.647539), (-0.484987, -0.177207, 0.647397), (-0.492027, -0.147154, 0.647340), (-0.483669, -0.121082, 0.647360), (-0.492266, -0.078922, 0.647540), (-0.486486, -0.013693, 0.647614), (-0.492125, 0.037446, 0.647801), (-0.492023, 0.086028, 0.647656), (-0.461995, 0.132802, 0.647686), (-0.485436, 0.115316, 0.647776), (-0.491884, 0.134540, 0.647822), (-0.484174, 0.165783, 0.648237), (-0.389705, 0.106136, 0.647401), (-0.359677, 0.144397, 0.647294), (-0.312075, 0.130054, 0.647380), (0.055116, 0.060728, 0.647445), (0.060181, -0.032980, 0.647522), (0.106670, 0.005474, 0.647762), (0.095122, -0.051064, 0.647764), (0.048495, -0.100230, 0.647584), (0.126333, -0.074133, 0.647905), (0.107595, -0.150471, 0.647714), (-0.000035, -0.006731, 0.647349), (-0.039673, -0.115014, 0.647463), (-0.081751, -0.210281, 0.647077), (0.001523, -0.150764, 0.647424), (0.131393, -0.205972, 0.647289), (0.083934, -0.210199, 0.647261), (0.211665, -0.210015, 0.647132), (0.154490, -0.152265, 0.647762), (0.203409, -0.183033, 0.647536), (0.269193, -0.154595, 0.647876), (0.199001, -0.118252, 0.647876), (0.085577, 0.080372, 0.647668), (0.135653, 0.053922, 0.647942), (0.187648, -0.023027, 0.648008), (0.228420, -0.072528, 0.648016), (0.292839, -0.038439, 0.648221), (0.265790, 0.097106, 0.648346), (0.273788, 0.021471, 0.648144), (0.336313, 0.069227, 0.648271), (0.427696, 0.029993, 0.648173), (0.395461, -0.085348, 0.647975), (0.435450, -0.029556, 0.648125), (0.315622, -0.077182, 0.648168), (0.358986, -0.005522, 0.648205), (0.277729, -0.113733, 0.647974), (0.336114, -0.152037, 0.647957), (0.289355, -0.182079, 0.647754), (0.324329, -0.206615, 0.647560), (0.371063, -0.114606, 0.647967), (0.385090, -0.171759, 0.647662), (0.444222, -0.099353, 0.647953), (0.455029, 0.107212, 0.648351), (0.418252, 0.082419, 0.648288), (0.399115, 0.120761, 0.648364), (0.345067, 0.153170, 0.648357), (0.329455, 0.121271, 0.648442), (0.233699, 0.153068, 0.648325), (0.120366, 0.125452, 0.648260), (0.232196, 0.131854, 0.648380), (-0.052304, 0.153331, 0.646948), (-0.257226, 0.182285, 0.646969), (-0.278542, 0.173284, 0.647164), (-0.162067, 0.181838, 0.646663), (-0.347364, 0.176688, 0.647123), (-0.434882, 0.181077, 0.647343), (-0.423468, 0.176470, 0.647179), (-0.102037, 0.176975, 0.646796), (-0.108818, 0.181788, 0.646687), (-0.063020, 0.176839, 0.646606), (-0.012880, 0.176516, 0.646536), (0.067376, 0.142260, 0.647364), (0.064273, 0.176015, 0.646706), (0.120109, 0.175862, 0.648049), (0.187765, 0.176445, 0.648169), (0.276527, 0.180594, 0.648306), (0.414316, 0.180769, 0.648264), (0.421349, 0.171594, 0.648158), (0.462806, 0.178625, 0.648594), (0.476986, 0.148790, 0.648512), (0.477334, 0.034570, 0.648279), (0.489507, 0.124708, 0.648622), (0.477315, -0.060048, 0.648328), (0.463853, -0.131358, 0.647909), (0.478301, -0.132046, 0.647852), (0.486716, -0.036819, 0.648569), (0.476999, -0.174259, 0.647887), (0.487545, -0.149849, 0.647954), (0.449308, -0.188213, 0.647592), (0.399775, -0.205893, 0.647277), (0.183082, 0.074190, 0.648105), (0.354054, -0.210355, 0.647575), (0.073594, -0.197583, 0.647276), (0.000804, -0.198536, 0.647011), (-0.009362, -0.180911, 0.647249), (-0.059501, -0.203628, 0.646926), (0.486383, 0.059657, 0.648555), (0.487347, -0.109638, 0.648246), (-0.344846, 0.182405, 0.647275), (-0.398783, 0.182838, 0.647390), (0.479224, -0.199933, 0.647323), (0.426404, -0.210388, 0.646937), (0.495802, 0.178475, 0.649371), (0.489796, 0.159791, 0.648960), (0.058022, -0.211558, 0.646575), (0.164305, 0.182674, 0.648399), (0.120258, 0.182385, 0.648314), (-0.492924, -0.210312, 0.647235), (0.492931, -0.198561, 0.647788), (0.492690, -0.172875, 0.648483), (-0.491968, -0.118196, 0.646997), (-0.168298, -0.210219, 0.647061), (-0.017079, -0.206858, 0.646685), (-0.031669, -0.210488, 0.646563), (-0.491720, 0.179558, 0.649006), (0.467557, 0.185871, 0.649050), (0.489274, 0.185959, 0.649427), (0.482698, -0.210498, 0.646758), (-0.054135, -0.211586, 0.646396), (0.071207, 0.181258, 0.646270), (-0.492367, -0.180491, 0.647873), (-0.068647, 0.181237, 0.645854), (0.009427, 0.181304, 0.645721), (-0.491819, 0.111334, 0.648218), (0.426012, 0.183966, 0.648780), (0.492262, -0.211336, 0.647378), (0.493155, -0.010971, 0.649169), (0.492976, -0.021109, 0.649122), (0.492960, -0.089802, 0.648912), (0.492143, -0.121846, 0.647788), (0.492284, -0.144975, 0.647743), (-0.492043, 0.146957, 0.648228), (-0.495283, 0.169437, 0.649184), (-0.020768, -0.211674, 0.646785), (0.033971, -0.210282, 0.646383), (0.000321, -0.206212, 0.646279), (0.297904, 0.184580, 0.648675), (0.245502, 0.183313, 0.648651), (0.494903, 0.183892, 0.649039), (0.495212, 0.158448, 0.649672), (-0.402171, 0.184616, 0.647637), (0.494628, -0.154626, 0.648961), (0.495096, 0.114109, 0.649371), (0.495487, 0.066665, 0.649561), (0.495548, -0.008701, 0.649481), (-0.486869, 0.182178, 0.649200), (-0.464786, 0.185522, 0.649033), (-0.440247, 0.183985, 0.647983), (-0.484907, 0.186074, 0.649043), (0.495556, -0.023114, 0.649544), (0.495440, -0.086727, 0.649343), (0.495346, -0.020852, 0.647218), (-0.383710, -0.210180, 0.647254), (-0.284587, -0.210514, 0.647362), (0.022715, -0.212017, 0.646892), (-0.494310, 0.149921, 0.648834), (0.495053, -0.170368, 0.649133), (-0.019595, -0.211073, 0.645528), (-0.006042, -0.210045, 0.645199), (0.007116, -0.209894, 0.645243), (0.024581, -0.211051, 0.645423), (-0.495887, -0.195747, 0.646306), (-0.496982, -0.203629, 0.645626), (-0.497165, -0.210820, 0.646553), (-0.495100, -0.184448, 0.646618), (-0.495282, 0.186155, 0.644892), (0.496361, -0.196467, 0.646297), (0.497425, -0.210321, 0.645975), (0.494920, -0.173210, 0.647105), (-0.494523, -0.152867, 0.646101), (-0.494286, -0.110972, 0.645799), (0.466575, -0.211626, 0.647391), (-0.494812, -0.079136, 0.646228), (0.098697, -0.211535, 0.648729), (-0.282530, 0.184255, 0.645923), (-0.494449, 0.036360, 0.646406), (-0.494079, 0.113574, 0.646696), (-0.494373, 0.145535, 0.646475), (-0.443682, -0.211887, 0.647878), (-0.499429, -0.211532, 0.647901), (-0.211272, 0.183904, 0.645580), (0.392107, 0.184351, 0.648602), (-0.356224, 0.184231, 0.646017), (-0.398730, 0.184618, 0.646081), (-0.076036, -0.211755, 0.647815), (-0.127490, -0.210941, 0.647937), (0.367965, -0.211375, 0.648351), (0.230877, -0.210939, 0.648035), (0.494594, -0.125374, 0.645872), (0.495070, -0.090318, 0.647180), (-0.396007, -0.211087, 0.648032), (-0.154563, 0.183083, 0.645471), (0.458806, 0.187927, 0.646801), (-0.114868, 0.183021, 0.645572), (-0.013438, -0.212317, 0.642339), (-0.019641, -0.060109, 1.164957), (0.057751, -0.155394, 1.164833), (0.047971, -0.043482, 1.165028), (0.009009, 0.019160, 1.165155), (0.070046, 0.027200, 1.165326), (0.062982, 0.095077, 1.165251), (-0.000035, 0.087867, 1.165133), (-0.080846, 0.084503, 1.165084), (-0.057387, 0.007474, 1.165095), (-0.153666, 0.003631, 1.165187), (-0.083675, -0.053776, 1.164961), (-0.209316, -0.047158, 1.165229), (-0.152692, -0.078561, 1.165097), (-0.097404, -0.114998, 1.164992), (-0.074570, -0.166586, 1.164754), (-0.109661, -0.170327, 1.164995), (-0.184668, -0.121985, 1.165196), (-0.204085, -0.156864, 1.165115), (-0.151860, -0.199663, 1.164533), (-0.110930, -0.197719, 1.164528), (-0.098331, -0.191359, 1.164479), (-0.084059, -0.199650, 1.164366), (-0.247203, -0.198913, 1.164926), (-0.255097, -0.130492, 1.165322), (-0.298014, -0.199643, 1.165342), (-0.288036, -0.102835, 1.165552), (-0.266573, -0.019599, 1.165437), (-0.310315, 0.008695, 1.165630), (-0.331611, -0.057654, 1.165593), (-0.332993, -0.137149, 1.165629), (-0.399480, -0.072918, 1.165722), (-0.394065, -0.006822, 1.165692), (-0.435079, 0.040658, 1.165822), (-0.441269, 0.128423, 1.165857), (-0.374763, 0.065880, 1.165700), (-0.461502, 0.067379, 1.166079), (-0.451391, -0.009444, 1.165957), (-0.452723, -0.078161, 1.165967), (-0.486220, -0.049654, 1.166440), (-0.494484, -0.092118, 1.166234), (-0.493731, -0.122661, 1.166152), (-0.423449, -0.170738, 1.165609), (-0.412646, -0.108721, 1.165811), (-0.390409, -0.146844, 1.165693), (-0.346462, -0.179235, 1.165459), (-0.349932, -0.204496, 1.165368), (-0.282931, -0.204450, 1.165323), (-0.422059, -0.200072, 1.165062), (-0.484767, -0.200453, 1.166237), (-0.455339, -0.201200, 1.165906), (-0.494213, -0.159110, 1.166269), (-0.482811, 0.064391, 1.166289), (-0.494639, 0.085810, 1.166213), (-0.209739, 0.028890, 1.165392), (-0.247591, 0.057102, 1.165444), (-0.134758, 0.070870, 1.165140), (-0.201800, 0.101497, 1.165187), (-0.192339, 0.131748, 1.165163), (-0.117205, 0.131101, 1.165070), (0.000535, 0.136427, 1.165129), (-0.101010, 0.155747, 1.165182), (0.084791, -0.051436, 1.165286), (-0.027603, -0.140310, 1.164842), (-0.048518, -0.200380, 1.164562), (0.249914, -0.115892, 1.166187), (0.170018, -0.081823, 1.165889), (0.257582, -0.171025, 1.165977), (0.117080, -0.163531, 1.165608), (0.168729, -0.158499, 1.165704), (0.099761, 0.029697, 1.165658), (0.116504, -0.053145, 1.165682), (0.123434, 0.053490, 1.165871), (0.194385, 0.001871, 1.166111), (0.177826, 0.059260, 1.166042), (0.219310, -0.064911, 1.166158), (0.280152, -0.088154, 1.166485), (0.279509, 0.086376, 1.166487), (0.239130, 0.081921, 1.166230), (0.280646, 0.001336, 1.166506), (0.394224, 0.065331, 1.166710), (0.368660, -0.054182, 1.166628), (0.433549, -0.021025, 1.166627), (0.446289, -0.085924, 1.166703), (0.318994, 0.064630, 1.166646), (0.303126, -0.044555, 1.166609), (0.347766, 0.024616, 1.166649), (0.320890, -0.107445, 1.166705), (0.388155, -0.120404, 1.166668), (0.303714, -0.166947, 1.166491), (0.477543, -0.143229, 1.166631), (0.466046, 0.043868, 1.166862), (0.449251, 0.098992, 1.166814), (0.428156, 0.166045, 1.166666), (0.388542, 0.136931, 1.166771), (0.243922, 0.172140, 1.166182), (0.294818, 0.161304, 1.166702), (0.107715, 0.171666, 1.165931), (0.113983, 0.091763, 1.165728), (0.178767, 0.126778, 1.165990), (-0.060561, 0.176066, 1.165318), (0.062643, 0.159400, 1.165275), (0.065675, 0.176773, 1.165500), (-0.028756, 0.161543, 1.165162), (-0.236985, 0.176821, 1.165435), (-0.297792, 0.174461, 1.165682), (-0.247939, 0.161503, 1.165311), (-0.258079, 0.107807, 1.165363), (-0.323042, 0.088063, 1.165650), (-0.360435, 0.152380, 1.165694), (-0.482016, 0.183090, 1.166341), (-0.495095, 0.127951, 1.166097), (-0.428313, 0.175583, 1.165819), (-0.492165, 0.177304, 1.166420), (0.109256, 0.184967, 1.166277), (0.246542, 0.182970, 1.166402), (0.296443, 0.182613, 1.166850), (0.360185, 0.182830, 1.166953), (0.424710, 0.182519, 1.166770), (0.469005, 0.182674, 1.167248), (0.475559, 0.166463, 1.167161), (0.486938, 0.127943, 1.166978), (0.491511, 0.169306, 1.167241), (0.487123, 0.085143, 1.167010), (0.487110, -0.057979, 1.167046), (0.487181, -0.106271, 1.166796), (0.487028, -0.172088, 1.166730), (0.415842, -0.175397, 1.166449), (0.320967, 0.113846, 1.166743), (0.247514, -0.198882, 1.165405), (0.309087, -0.204871, 1.165801), (0.360232, -0.205100, 1.165749), (0.413053, -0.204805, 1.165741), (0.197723, -0.204601, 1.165084), (0.266159, -0.204535, 1.165349), (0.153585, -0.200528, 1.165044), (0.117195, -0.200762, 1.165040), (0.094214, -0.200499, 1.164739), (0.106399, -0.206157, 1.164878), (0.139625, -0.205323, 1.165356), (0.062143, -0.200260, 1.164497), (-0.217246, -0.205041, 1.165157), (0.427049, -0.189340, 1.166292), (0.458796, -0.200427, 1.166383), (0.486080, -0.200668, 1.166429), (-0.494516, -0.009832, 1.166188), (-0.495502, -0.188745, 1.166050), (-0.495048, 0.148541, 1.166200), (-0.436359, -0.206982, 1.165521), (-0.411043, -0.205128, 1.165450), (-0.288288, 0.184965, 1.166041), (-0.420325, 0.184147, 1.166173), (-0.253181, 0.185814, 1.165787), (-0.139323, 0.185780, 1.165820), (-0.053744, 0.185498, 1.165707), (0.065623, 0.185577, 1.165881), (0.485660, 0.182635, 1.167898), (0.492073, 0.177121, 1.167774), (0.433093, -0.205184, 1.165545), (0.492399, 0.152375, 1.166689), (0.073190, -0.206625, 1.165328), (-0.085924, -0.205891, 1.164712), (-0.444511, -0.205658, 1.165529), (-0.495403, -0.203875, 1.165445), (0.490470, -0.147737, 1.166508), (0.485201, -0.204898, 1.166082), (0.026530, -0.205221, 1.164933), (-0.495947, 0.180905, 1.165997), (-0.486024, -0.204953, 1.165825), (0.491269, -0.095540, 1.166425), (0.491359, -0.183666, 1.166175), (0.431915, -0.208578, 1.165883), (0.491451, 0.089328, 1.166595), (0.491491, -0.008053, 1.166527), (-0.133056, -0.205521, 1.165257), (-0.108125, -0.203774, 1.164272), (0.260692, 0.185269, 1.166257), (0.222755, 0.185171, 1.166201), (0.160536, 0.184806, 1.166182), (0.492574, -0.203627, 1.165637), (-0.059579, -0.205965, 1.165347), (-0.356138, 0.184939, 1.166048), (-0.105275, -0.203957, 1.163235), (-0.099226, -0.203311, 1.162627), (0.399401, 0.184801, 1.166473), (0.429803, 0.184019, 1.166515), (0.304358, 0.184842, 1.166445), (-0.098748, -0.208815, 1.163499), (-0.104905, -0.210411, 1.163483), (-0.103092, -0.218194, 1.164413), (0.495299, 0.181272, 1.166803), (-0.430182, -0.208415, 1.165886), (0.401520, -0.208015, 1.166858), (0.494658, 0.172771, 1.166494), (-0.391041, -0.207609, 1.166615), (0.472281, 0.185040, 1.166605), (0.493378, 0.125800, 1.166222), (0.493407, 0.092862, 1.166146), (-0.108704, -0.208673, 1.165832), (-0.091972, -0.208588, 1.165487), (-0.279389, -0.207617, 1.166645), (0.269420, -0.207569, 1.166623), (0.491371, 0.184276, 1.166309), (-0.098741, -0.219461, 1.166182), (-0.092581, -0.218955, 1.167340), (-0.148403, -0.207795, 1.166757), (-0.109281, -0.218941, 1.167071), (0.112667, -0.207724, 1.165770), (0.151541, -0.207828, 1.166834), (0.106519, -0.210540, 1.165570), (0.110565, -0.220013, 1.167560), (0.097349, -0.208662, 1.165847), (0.093460, -0.219973, 1.167493), (0.083651, -0.208035, 1.166349), (0.093289, -0.211089, 1.167789), (-0.055413, -0.207752, 1.166721), (-0.450320, 0.183816, 1.166125), (0.092361, -0.209410, 1.169711), (0.008506, 0.205751, 0.651550), (-0.067766, 0.205863, 0.652589), (-0.060292, 0.205801, 0.627908), (-0.106168, 0.206033, 0.627599), (-0.150265, 0.206214, 0.652470), (-0.176057, 0.206073, 0.627437), (-0.250599, 0.206206, 0.652800), (-0.273521, 0.206115, 0.627263), (-0.335844, 0.206267, 0.652111), (-0.337006, 0.206114, 0.627258), (-0.379847, 0.205889, 0.626385), (-0.375901, 0.206179, 0.655524), (-0.410662, 0.205868, 0.652426), (-0.403240, 0.205639, 0.626470), (-0.258320, 0.206405, 0.658267), (-0.058023, 0.205896, 0.658046), (-0.139492, 0.206488, 0.658086), (0.072736, 0.205787, 0.657129), (0.045499, 0.205596, 0.630897), (0.069101, 0.205855, 0.646292), (0.119936, 0.206211, 0.651592), (0.122487, 0.206330, 0.628265), (0.191543, 0.206387, 0.628429), (0.249230, 0.206345, 0.645551), (0.251035, 0.206152, 0.657554), (0.291853, 0.206661, 0.656334), (0.254811, 0.206339, 0.628255), (0.306301, 0.206756, 0.628504), (0.396094, 0.206514, 0.656379), (0.394185, 0.206536, 0.628217), (0.125580, 0.206322, 0.657985), (0.412389, 0.206935, 0.628405), (0.423804, 0.206902, 0.650058), (0.409911, 0.206889, 0.662812), (0.052948, 0.205489, 0.627843), (-0.422065, 0.206107, 0.626082), (-0.426465, 0.206212, 0.662737), (-0.330052, 0.206893, 0.662921), (-0.426872, 0.206064, 0.650471), (0.292480, 0.207099, 0.662907), (-0.429274, 0.206960, 0.636283), (0.424027, 0.207820, 0.628269), (-0.150114, 0.207012, 0.662964), (-0.069978, 0.206529, 0.663103), (0.071183, 0.206443, 0.662721), (0.126535, 0.206947, 0.662845), (0.236385, 0.206716, 0.662577), (-0.436834, 0.207754, 0.623465), (-0.438068, 0.207783, 0.636766), (-0.452269, 0.207660, 0.638556), (-0.462600, 0.207356, 0.621716), (-0.450767, 0.207272, 0.653013), (-0.477994, 0.206343, 0.647279), (-0.464947, 0.207293, 0.621363), (-0.495199, 0.204603, 0.620487), (-0.497378, 0.204461, 0.636612), (-0.445604, 0.208385, 0.642978), (-0.430934, 0.207828, 0.642573), (-0.437841, 0.208591, 0.641326), (-0.446322, 0.208205, 0.663275), (-0.502067, 0.202890, 0.629981), (-0.446825, 0.208566, 0.649535), (-0.500359, 0.202586, 0.662028), (-0.510957, 0.200502, 0.652552), (-0.510533, 0.200638, 0.626898), (-0.500997, 0.201753, 0.620100), (-0.506482, 0.201206, 0.620366), (-0.510856, 0.199558, 0.594089), (-0.506475, 0.200155, 0.592391), (-0.506379, 0.200125, 0.529044), (-0.510655, 0.199469, 0.495726), (-0.498321, 0.199569, 0.611719), (-0.500542, 0.199228, 0.574948), (-0.500754, 0.199661, 0.453268), (-0.500876, 0.199590, 0.341962), (-0.506524, 0.200401, 0.443059), (-0.506838, 0.200506, 0.343488), (-0.510999, 0.200107, 0.328012), (-0.510925, 0.199792, 0.429700), (-0.506593, 0.201145, 0.312192), (-0.499997, 0.200607, 0.304241), (-0.510903, 0.201745, 0.277863), (-0.507761, 0.201849, 0.298513), (-0.507419, 0.202337, 0.263010), (-0.502669, 0.202914, 0.270469), (-0.502106, 0.201383, 0.252362), (-0.501877, 0.202473, 0.297553), (-0.506853, 0.201032, 0.230692), (-0.500561, 0.200271, 0.215502), (-0.506844, 0.200911, 0.126513), (-0.511332, 0.200604, 0.233879), (-0.511287, 0.200653, 0.108733), (-0.507393, 0.201560, 0.024931), (-0.511583, 0.201209, 0.035240), (-0.512394, 0.202232, 0.009244), (-0.500545, 0.200426, 0.060380), (-0.500882, 0.200057, 0.123725), (-0.507624, 0.202962, 0.006745), (-0.500398, 0.201791, 0.013843), (-0.494297, 0.203949, 0.011063), (-0.480905, 0.205437, 0.003523), (-0.444719, 0.208728, 0.007971), (-0.500813, 0.200376, 0.026176), (-0.425724, 0.211427, 0.008250), (-0.495008, 0.204084, 0.298409), (-0.496428, 0.203968, 0.261288), (-0.493056, 0.204795, 0.285823), (-0.476252, 0.207095, 0.286703), (-0.472624, 0.206996, 0.299561), (-0.457452, 0.208076, 0.300557), (-0.461935, 0.208474, 0.260643), (-0.451791, 0.208215, 0.299948), (-0.445104, 0.208887, 0.262475), (-0.475090, 0.207453, 0.258968), (-0.445253, 0.208863, 0.284323), (-0.446735, 0.208864, 0.299916), (-0.489274, 0.205522, 0.257368), (-0.494609, 0.204716, 0.259556), (-0.497623, 0.199031, 0.120536), (-0.497553, 0.199483, 0.244181), (-0.497946, 0.199546, 0.065280), (-0.496764, 0.201575, 0.254938), (0.427254, 0.208215, 0.645094), (-0.497310, 0.198835, 0.030104), (-0.496786, 0.201870, 0.618577), (-0.431173, 0.207768, 0.663387), (-0.498179, 0.198765, 0.455691), (-0.497966, 0.198437, 0.593555), (-0.498066, 0.198679, 0.332043), (-0.503816, 0.201374, 0.662463), (-0.506626, 0.200537, 0.672560), (-0.506660, 0.199743, 0.705841), (-0.511351, 0.199322, 0.711590), (-0.506598, 0.199982, 0.742630), (-0.506614, 0.199996, 0.795775), (-0.500084, 0.199011, 0.740308), (-0.500081, 0.198968, 0.782362), (-0.500443, 0.199364, 0.835018), (-0.506194, 0.200272, 0.922729), (-0.500413, 0.199622, 0.912409), (-0.500779, 0.199590, 0.997389), (-0.506552, 0.200372, 1.033738), (-0.510902, 0.199295, 0.824367), (-0.500627, 0.199279, 1.099009), (-0.506608, 0.200102, 1.114528), (-0.500665, 0.199676, 1.130624), (-0.506982, 0.200817, 1.143368), (-0.502650, 0.201128, 1.147399), (-0.507499, 0.201296, 1.158766), (-0.491726, 0.202822, 1.148006), (-0.488543, 0.203084, 1.167279), (-0.475207, 0.203567, 1.145346), (-0.455980, 0.204284, 1.145414), (-0.459165, 0.204413, 1.168318), (-0.450897, 0.204501, 1.160778), (-0.446770, 0.203998, 1.145788), (-0.489909, 0.202727, 1.179352), (-0.453154, 0.204352, 1.177334), (-0.483808, 0.202644, 1.182765), (-0.458010, 0.203750, 1.183123), (-0.501943, 0.201297, 1.178163), (-0.507275, 0.200857, 1.182955), (-0.496309, 0.200908, 1.182966), (-0.451397, 0.205339, 1.166506), (-0.446241, 0.203861, 1.157310), (-0.499008, 0.198380, 0.709149), (-0.500668, 0.200106, 0.667158), (-0.511733, 0.199880, 1.187611), (-0.510707, 0.199349, 0.946769), (-0.510876, 0.199398, 1.049563), (-0.510753, 0.199466, 1.135846), (-0.506834, 0.200569, 1.258691), (-0.511911, 0.199894, 1.305665), (-0.507156, 0.200626, 1.338166), (-0.511763, 0.200433, 1.414474), (-0.506949, 0.201166, 1.410332), (-0.500969, 0.199716, 1.348558), (-0.500762, 0.200235, 1.410744), (-0.500672, 0.199767, 1.271789), (-0.500719, 0.199760, 1.201949), (-0.497952, 0.200015, 1.186810), (-0.508552, 0.202397, 1.441260), (-0.501559, 0.201538, 1.431874), (-0.444448, 0.205603, 1.450773), (-0.446164, 0.206351, 1.182897), (-0.497948, 0.198434, 0.822482), (-0.497785, 0.198964, 1.134711), (-0.496274, 0.200528, 1.143665), (-0.497847, 0.198515, 1.085972), (-0.437503, 0.206949, 1.443631), (-0.498108, 0.199040, 1.267106), (-0.498304, 0.198936, 1.360247), (-0.497186, 0.198988, 1.414218), (-0.498084, 0.201176, 1.432077), (-0.497766, 0.198788, 1.198857), (-0.497484, 0.198137, 0.740905), (0.427403, 0.208262, 0.663027), (-0.492051, 0.203652, 0.300903), (-0.429876, 0.207604, 0.656316), (-0.498263, 0.198644, 0.977970), (-0.497156, 0.199457, 0.304689), (-0.437304, 0.205079, 1.437129), (0.428852, 0.210269, 0.630802), (0.434326, 0.212169, 0.627640), (0.431794, 0.211202, 0.636578), (0.438128, 0.212278, 0.636618), (0.445544, 0.212377, 0.626696), (0.444248, 0.212488, 0.643986), (0.446927, 0.212773, 0.655265), (0.463516, 0.210983, 0.625202), (0.473388, 0.210276, 0.651136), (0.484397, 0.208223, 0.623932), (0.491075, 0.206981, 0.640851), (0.489645, 0.206873, 0.663243), (0.438203, 0.213431, 0.642570), (0.441148, 0.213774, 0.648723), (0.442138, 0.214675, 0.657395), (0.431118, 0.212499, 0.642553), (0.494846, 0.205383, 0.623462), (0.496017, 0.205381, 0.637778), (0.441708, 0.214434, 0.663549), (-0.446855, 0.208056, 1.167238), (-0.445604, 0.206648, 1.161060), (-0.497224, 0.197935, 0.675042), (-0.491975, 0.202861, 0.256638), (-0.448476, 0.207772, 1.178486), (0.497593, 0.203660, 0.627661), (-0.496136, 0.200797, 0.302456), (0.428637, 0.209415, 0.650398), (-0.443455, 0.206898, 1.154029), (-0.444687, 0.213252, 1.178064), (-0.009212, 0.207614, 0.268966), (0.074877, 0.207698, 0.290885), (-0.141652, 0.207775, 0.290315), (-0.104686, 0.207719, 0.268661), (-0.171739, 0.207657, 0.268945), (-0.261427, 0.207662, 0.290588), (-0.278800, 0.207787, 0.268505), (-0.373571, 0.207798, 0.290024), (-0.374918, 0.207735, 0.268519), (-0.427402, 0.207198, 0.268672), (-0.412840, 0.207457, 0.286151), (-0.426549, 0.207559, 0.299388), (-0.408226, 0.207628, 0.297966), (-0.353010, 0.208068, 0.298100), (0.429042, 0.207328, 0.282374), (0.396018, 0.207563, 0.298812), (0.393502, 0.207454, 0.268331), (0.269292, 0.207551, 0.293956), (0.311720, 0.207375, 0.268741), (0.252636, 0.207682, 0.268977), (0.193890, 0.207576, 0.290151), (0.141430, 0.207520, 0.268861), (0.429711, 0.207729, 0.299873), (0.428452, 0.206926, 0.265791), (0.257589, 0.207204, 0.266659), (-0.386012, 0.207427, 0.265358), (-0.272743, 0.208065, 0.298391), (-0.188939, 0.208143, 0.294922), (-0.132226, 0.208225, 0.298487), (-0.089054, 0.208111, 0.297297), (0.054411, 0.207863, 0.294285), (0.161860, 0.207957, 0.294929), (0.106889, 0.207742, 0.297944), (0.014313, 0.207726, 0.297599), (0.228228, 0.207471, 0.297730), (0.299088, 0.207530, 0.298640), (0.362013, 0.207726, 0.298547), (-0.293369, 0.207534, 0.265920), (-0.133503, 0.207357, 0.266307), (0.435378, 0.208289, 0.287954), (0.093336, 0.207189, 0.266493), (0.385943, 0.207074, 0.265787), (0.416870, 0.206921, 0.266195), (-0.424872, 0.206656, 0.265375), (-0.430042, 0.207074, 0.265123), (-0.431569, 0.208528, 0.296133), (-0.435122, 0.208839, 0.263394), (0.434117, 0.208847, 0.276025), (0.431967, 0.208060, 0.265456), (0.435315, 0.209196, 0.299931), (-0.398534, 0.206836, 0.300815), (-0.430758, 0.207025, 0.300765), (-0.114421, 0.206894, 0.300879), (0.048342, 0.206540, 0.300601), (0.429137, 0.206711, 0.300993), (0.311134, 0.206501, 0.301032), (0.229996, 0.206114, 0.300687), (0.125470, 0.206390, 0.300851), (-0.243100, 0.206622, 0.300897), (-0.435018, 0.209404, 0.272890), (-0.434839, 0.209350, 0.293312), (0.510833, 0.091966, 0.656054), (0.510631, 0.127275, 0.653018), (0.511489, 0.109834, 0.645807), (0.511268, 0.161555, 0.652067), (0.511299, 0.149403, 0.648090), (0.511595, 0.125135, 0.645717), (0.511595, 0.158097, 0.620209), (0.512201, 0.126834, 0.620381), (0.511887, 0.105767, 0.620353), (0.511796, 0.164900, 0.621991), (0.511660, 0.018500, 0.647245), (0.511834, -0.093095, 0.620503), (0.511789, -0.126282, 0.632755), (0.511627, -0.070431, 0.647302), (0.511820, -0.000147, 0.624872), (0.511272, -0.103098, 0.648713), (0.511569, -0.129970, 0.645372), (0.511009, -0.082041, 0.655150), (0.510494, -0.023221, 0.662962), (0.512483, -0.134666, 0.619012), (0.512274, -0.152293, 0.619134), (0.511891, -0.155478, 0.644181), (0.513113, -0.172827, 0.618492), (0.512523, -0.172463, 0.648403), (0.510327, -0.134543, 0.651258), (0.510737, -0.159255, 0.651135), (0.511855, -0.063509, 0.621204), (0.511925, -0.012898, 0.621189), (0.511912, 0.076370, 0.621203), (0.511036, -0.168728, 0.663480), (0.511279, -0.172345, 0.657377), (0.511915, -0.175666, 0.650847), (0.511844, -0.175991, 0.656434), (0.512237, 0.167109, 0.618136), (0.514025, -0.176115, 0.621119), (0.513654, -0.175823, 0.649389), (0.508663, -0.172789, 0.663392), (0.508721, -0.175963, 0.663656), (0.512269, -0.175979, 0.618240), (-0.054174, 0.205274, 0.266096), (-0.052829, 0.193421, 0.266162), (0.072493, 0.205287, 0.266101), (0.069164, 0.183732, 0.266134), (0.117684, 0.205053, 0.266394), (0.105583, 0.183519, 0.266305), (0.182326, 0.183760, 0.266346), (0.241217, 0.205147, 0.266406), (0.247221, 0.184031, 0.266454), (0.384798, 0.193768, 0.265815), (-0.200784, 0.183261, 0.265932), (-0.160938, 0.182906, 0.266002), (-0.059214, 0.183503, 0.266118), (-0.000393, 0.183284, 0.266043), (-0.431709, 0.182334, 0.265378), (-0.397682, 0.183311, 0.265399), (-0.356720, 0.182834, 0.265511), (-0.325526, 0.205891, 0.265652), (-0.297356, 0.183167, 0.265668), (-0.242316, 0.205380, 0.265966), (-0.240940, 0.183239, 0.265955), (-0.446364, 0.189074, 0.264942), (0.421270, 0.184087, 0.265987), (0.405122, 0.184345, 0.265884), (0.379181, 0.183866, 0.265706), (0.289607, 0.184171, 0.266126), (0.436096, 0.206189, 0.265294), (0.436540, 0.182839, 0.265486), (0.438605, 0.184734, 0.265474), (0.449820, 0.184456, 0.265368), (0.454228, 0.198733, 0.265077), (0.452277, 0.182604, 0.265442), (0.464805, 0.186515, 0.264663), (-0.453842, 0.183470, 0.265358), (0.446614, 0.206772, 0.264708), (-0.445771, 0.199759, 0.263933), (-0.458259, 0.186379, 0.264017), (-0.478513, 0.187789, 0.260618), (-0.484615, 0.200594, 0.258699), (-0.495527, 0.196453, 0.257496), (0.472469, 0.184542, 0.265178), (0.476493, 0.205087, 0.259841), (0.462879, 0.207618, 0.261590), (0.449422, 0.207978, 0.264204), (0.446434, 0.208647, 0.264823), (-0.443737, 0.208244, 0.262321), (-0.492829, 0.189435, 0.259378), (-0.495672, 0.187832, 0.259313), (0.471807, 0.186796, 0.262968), (0.486478, 0.204121, 0.258463), (0.485471, 0.187099, 0.260262), (0.495856, 0.188930, 0.259549), (0.495735, 0.197809, 0.257928), (0.479210, 0.206496, 0.260039), (-0.465999, 0.184810, 0.264756), (0.438136, 0.212720, 0.261784), (0.444149, 0.212492, 0.262009), (0.444859, 0.220857, 0.261256), (0.438764, 0.221035, 0.260669), (0.443876, 0.226983, 0.262436), (0.432967, 0.220163, 0.262837), (0.433034, 0.212633, 0.263755), (0.434936, 0.228293, 0.263520), (-0.443399, 0.212054, 0.260464), (-0.436056, 0.211910, 0.261064), (0.492302, 0.202710, 0.256928), (-0.433058, 0.213451, 0.262402), (-0.432617, 0.219825, 0.259923), (-0.440624, 0.213811, 0.258638), (-0.433572, 0.225981, 0.258791), (-0.442126, 0.226002, 0.258385), (-0.447374, 0.221988, 0.260070), (-0.446242, 0.227524, 0.260472), (0.496152, 0.201349, 0.254800), (-0.128138, 0.201122, 0.627796), (-0.229878, 0.196734, 0.627746), (-0.340117, 0.186728, 0.627831), (-0.393474, 0.184465, 0.627121), (-0.425815, 0.185794, 0.627335), (-0.423086, 0.200968, 0.626701), (-0.285420, 0.183945, 0.627869), (-0.107344, 0.182901, 0.627877), (-0.021005, 0.182353, 0.627931), (0.111180, 0.183045, 0.628082), (0.169533, 0.183142, 0.628136), (0.244991, 0.183684, 0.628131), (0.297796, 0.185148, 0.628336), (0.387614, 0.184141, 0.628112), (0.426128, 0.184219, 0.628326), (0.427624, 0.186557, 0.628331), (0.422642, 0.205086, 0.628146), (-0.181503, 0.183297, 0.627826), (0.450039, 0.201607, 0.627685), (0.461833, 0.188772, 0.627753), (-0.361481, 0.183871, 0.627746), (0.467397, 0.191459, 0.627138), (0.483747, 0.188002, 0.626464), (0.060106, 0.182327, 0.627974), (-0.427533, 0.183478, 0.627766), (-0.435119, 0.184193, 0.627710), (0.480343, 0.205105, 0.623962), (0.486592, 0.189987, 0.624723), (0.492803, 0.194328, 0.623417), (0.496245, 0.201863, 0.622378), (-0.441178, 0.199252, 0.624034), (-0.448665, 0.187402, 0.624204), (-0.465170, 0.189222, 0.622488), (-0.487080, 0.196269, 0.620848), (-0.492446, 0.190487, 0.621584), (-0.495847, 0.198422, 0.619491), (-0.491656, 0.202176, 0.619727), (0.496058, 0.194118, 0.623415), (0.496715, 0.200301, 0.621667), (-0.495720, 0.188410, 0.621275), (0.501611, 0.201500, 0.623505), (-0.494878, -0.201223, 1.011037), (-0.494817, -0.200119, 1.089698), (-0.494866, -0.196525, 1.011505), (-0.494932, -0.193903, 1.081751), (-0.496207, -0.192128, 1.116748), (-0.495595, -0.200096, 1.112377), (-0.495816, -0.204882, 1.128396), (-0.495850, -0.191035, 1.136855), (-0.495720, -0.204015, 1.140474), (-0.495247, -0.207085, 1.120762), (-0.494977, -0.188029, 1.149504), (-0.496146, -0.206257, 1.105390), (-0.494050, -0.162008, 1.159955), (-0.494761, -0.179100, 1.145621), (-0.494392, -0.174230, 1.143268), (-0.493679, -0.123542, 1.146516), (-0.493752, -0.125382, 1.162495), (-0.494395, -0.096633, 1.146226), (-0.494956, -0.085023, 1.161164), (-0.494848, -0.030076, 1.156590), (-0.494450, 0.039643, 1.146260), (-0.495084, 0.056113, 1.161066), (-0.494971, 0.123582, 1.146260), (-0.494777, -0.037698, 1.162939), (-0.495283, 0.113288, 1.162094), (-0.495026, 0.156341, 1.143471), (-0.495088, 0.115501, 1.143444), (-0.495568, 0.166515, 1.143355), (-0.495634, 0.172339, 1.143005), (-0.495658, 0.182757, 1.147239), (-0.495779, 0.168586, 1.114070), (-0.496071, 0.179392, 0.686339), (-0.496210, 0.168449, 0.728888), (-0.496196, 0.193791, 0.729184), (-0.496181, 0.193820, 0.782986), (-0.496341, 0.193310, 0.817875), (-0.496501, 0.168913, 0.819173), (-0.496340, 0.168972, 0.971847), (-0.496236, 0.193714, 0.876789), (-0.496428, 0.193240, 0.984473), (-0.495936, 0.168771, 1.029168), (-0.495878, 0.193480, 1.032241), (-0.495651, 0.193554, 1.101825), (-0.495812, 0.193353, 1.127530), (-0.495870, 0.168773, 0.670644), (-0.495553, 0.166595, 0.674157), (-0.495577, 0.186698, 1.144378), (-0.496059, -0.179028, 1.143040), (-0.496060, 0.168171, 1.140231), (-0.495950, 0.167734, 1.127979), (-0.496604, 0.197337, 1.138050), (-0.494801, -0.066866, 1.143407), (-0.494289, -0.125325, 1.143241), (-0.495431, -0.192472, 1.010949), (-0.496887, 0.197228, 0.873054), (-0.497171, 0.197090, 0.985040), (-0.497081, 0.197198, 0.786625), (-0.496550, 0.196950, 1.101604), (-0.496186, 0.167232, 1.072557), (-0.496275, -0.205877, 1.088031), (-0.496953, -0.187836, 1.102156), (-0.497386, -0.186665, 1.128404), (-0.497737, -0.179062, 1.139749), (-0.496288, -0.206407, 1.006906), (-0.495509, -0.200549, 0.967527), (-0.495938, -0.192978, 0.981193), (-0.495915, -0.192650, 0.900605), (-0.495518, -0.200345, 0.910013), (-0.495526, -0.200191, 0.854428), (-0.496096, -0.192638, 0.824849), (-0.495730, -0.200177, 0.816627), (-0.496027, -0.191791, 0.766671), (-0.495959, -0.199636, 0.765270), (-0.495771, -0.200362, 0.716250), (-0.496379, -0.192121, 0.700721), (-0.496665, -0.203668, 0.700137), (-0.497000, -0.187814, 0.701764), (-0.495691, -0.197026, 0.696896), (-0.496767, -0.206285, 0.794962), (-0.496771, -0.206133, 0.727221), (-0.496599, -0.205974, 0.913631), (-0.496787, -0.206317, 0.857181), (-0.497012, -0.206538, 0.822126), (-0.496283, -0.206992, 0.696187), (-0.496967, -0.186908, 0.780800), (-0.497138, -0.186159, 0.914967), (-0.497184, -0.187106, 0.827794), (-0.496965, -0.187495, 1.006593), (-0.496144, -0.186685, 0.697363), (-0.498008, -0.183393, 0.939580), (-0.496960, -0.187873, 1.047307), (-0.497130, 0.196591, 0.695930), (-0.497859, -0.208413, 0.711272), (-0.497686, -0.210280, 0.695514), (-0.496212, -0.210239, 1.121197), (-0.496550, 0.166975, 0.722745), (-0.495941, 0.165776, 0.690013), (-0.497092, 0.167427, 0.825917), (-0.497877, -0.179870, 0.698156), (-0.499307, -0.180343, 0.708906), (-0.498057, -0.185642, 0.718878), (-0.499276, -0.180469, 0.786876), (-0.498259, -0.184366, 0.807725), (-0.498922, -0.179985, 0.888279), (-0.498711, -0.179939, 0.964867), (-0.498297, -0.184760, 1.008970), (-0.498593, -0.185071, 1.088146), (-0.499389, -0.179667, 1.009210), (-0.499702, -0.180069, 1.092884), (-0.499137, -0.180034, 1.130919), (-0.496874, 0.167455, 0.979366), (-0.500845, -0.176295, 0.805220), (-0.500863, -0.176506, 0.708446), (-0.497867, -0.208818, 0.778695), (-0.500951, -0.175972, 1.006539), (-0.501147, -0.176228, 1.096844), (-0.501298, -0.176562, 1.132247), (-0.495924, -0.207027, 0.691188), (-0.498111, -0.208882, 0.829559), (-0.500598, -0.176214, 0.929931), (-0.497662, -0.209227, 1.104354), (-0.498001, -0.211356, 0.686823), (-0.498011, -0.205990, 0.670454), (-0.497967, -0.197538, 0.675615), (-0.498084, -0.185445, 0.673768), (-0.498606, -0.177973, 0.679561), (-0.496509, -0.200519, 0.684757), (-0.496676, -0.193833, 0.684582), (-0.496755, -0.185942, 0.684906), (-0.495752, -0.189949, 0.689354), (-0.495708, -0.202569, 0.689101), (-0.497326, -0.179267, 0.683477), (-0.497211, -0.176380, 0.687030), (-0.497937, -0.208383, 1.075539), (-0.497636, -0.208969, 1.010394), (-0.497753, -0.208730, 0.984023), (-0.498166, -0.208824, 0.923063), (-0.492932, -0.210362, 1.126470), (-0.500589, -0.176468, 0.697354), (-0.492597, -0.208595, 1.127311), (0.494688, -0.202371, 0.194834), (0.494471, -0.204469, 0.224719), (0.494903, -0.204082, 0.169216), (0.495457, -0.202006, 0.127399), (0.494816, -0.202619, 0.233151), (0.495301, -0.204239, 0.248232), (0.495272, -0.203827, 0.102458), (0.496907, -0.198719, 0.241700), (0.496037, -0.199284, 0.200383), (0.497803, -0.195000, 0.249397), (0.495417, -0.201266, 0.253936), (0.496692, -0.200148, 0.168004), (0.496845, -0.201431, 0.100403), (0.501469, -0.193885, 0.127769), (0.497405, -0.201165, 0.089682), (0.499354, -0.197187, 0.163195), (0.501448, -0.194049, 0.190714), (0.501929, -0.195862, 0.082381), (0.495227, -0.203872, 0.086741), (0.500798, -0.198289, 0.071868), (0.502959, -0.194870, 0.071389), (0.501887, -0.198537, 0.051462), (0.504033, -0.194709, 0.052608), (0.505349, -0.195012, 0.035154), (0.501455, -0.193808, 0.232391), (0.500344, -0.193263, 0.244842), (0.503057, -0.200180, 0.031747), (0.494560, -0.204056, 0.057174), (0.498604, -0.200448, 0.052232), (0.502156, -0.200868, 0.019606), (0.502950, -0.187332, 0.241631), (0.503986, -0.195128, 0.021043), (0.503248, -0.187422, 0.209300), (0.504117, -0.187164, 0.079953), (0.502794, -0.187571, 0.187401), (0.502647, -0.187376, 0.134767), (0.504862, -0.188360, 0.047717), (0.497457, -0.191995, 0.253117), (0.495684, -0.195883, 0.254793), (0.501647, -0.181529, 0.250292), (0.504648, -0.183609, 0.016283), (0.503451, -0.180091, 0.241825), (0.503713, -0.176316, 0.250096), (0.504475, -0.175687, 0.229403), (0.503286, -0.179355, 0.189975), (0.503908, -0.175691, 0.175010), (0.503286, -0.179757, 0.115069), (0.504449, -0.180019, 0.069673), (0.504184, -0.175668, 0.110282), (0.504897, -0.175664, 0.079431), (0.504929, -0.175138, 0.033474), (0.504866, -0.187672, 0.030564), (0.495103, -0.202111, 0.271494), (0.496089, -0.198227, 0.281963), (0.501823, -0.210340, 0.018135), (0.492479, -0.205919, 0.263863), (0.493115, -0.207245, 0.258060), (0.495672, -0.181852, 0.269145), (0.495838, -0.185315, 0.257302), (0.495531, -0.154348, 0.256768), (0.495627, -0.145286, 0.282913), (0.495772, -0.185242, 0.282521), (0.496152, 0.140001, 0.257411), (0.495713, 0.167989, 0.256918), (0.495771, 0.156869, 0.282897), (0.495934, 0.130263, 0.282780), (0.495988, 0.116005, 0.258662), (0.495710, 0.051010, 0.282748), (0.495654, 0.071894, 0.257812), (0.495615, -0.053773, 0.282635), (0.495548, -0.053217, 0.257079), (0.495876, -0.088888, 0.282662), (0.495699, -0.080863, 0.256928), (0.495511, -0.126632, 0.266937), (0.495273, -0.122053, 0.255648), (0.495997, 0.182329, 0.261281), (0.496067, 0.181135, 0.282099), (0.495629, 0.168443, 0.155543), (0.495937, 0.179660, 0.236509), (0.496202, 0.198334, 0.245918), (0.495767, 0.186721, 0.263127), (0.495504, 0.185453, 0.270419), (0.495554, 0.184919, 0.277338), (0.495886, 0.195019, 0.222125), (0.496029, 0.198138, 0.073346), (0.495600, 0.194774, 0.118011), (0.495617, 0.168508, 0.093202), (0.495623, 0.168241, 0.037903), (0.495905, 0.197551, 0.032870), (0.495767, 0.164536, 0.014173), (0.495550, -0.206872, 0.253491), (0.503899, -0.175107, 0.019470), (0.504031, -0.180349, 0.018614), (0.496225, 0.198175, 0.200378), (0.497509, -0.205461, 0.099441), (0.497148, -0.205101, 0.088747), (0.495928, 0.166506, 0.033888), (0.496106, 0.165756, 0.023983), (0.495548, 0.028099, 0.257119), (0.496058, 0.166972, 0.085541), (0.496190, 0.166837, 0.155939), (0.496080, 0.166355, 0.236716), (0.495927, 0.166633, 0.250171), (0.495879, 0.165677, 0.255557), (0.496056, 0.161205, 0.256953), (0.496774, -0.172599, 0.254785), (0.496675, 0.198900, 0.027543), (0.493665, -0.209915, 0.257764), (0.496211, -0.156724, 0.255681), (0.500900, -0.176581, 0.254078), (0.497021, 0.201361, 0.016504), (0.495740, -0.085506, 0.256641), (0.497046, 0.116385, 0.257136), (0.497117, 0.081067, 0.257001), (0.497527, 0.199939, 0.244558), (0.498611, -0.209588, 0.250122), (0.497188, 0.199489, 0.077555), (0.497475, 0.199453, 0.186151), (0.488932, -0.209940, 0.261345), (0.496576, -0.204411, 0.022054), (0.494841, -0.023381, 0.622004), (0.494773, 0.047260, 0.624958), (0.494862, -0.078600, 0.621991), (0.494824, 0.050123, 0.622272), (0.494375, 0.099546, 0.627076), (0.494440, 0.085998, 0.621924), (0.494568, -0.087414, 0.625398), (0.494725, -0.083879, 0.631370), (0.494610, 0.124918, 0.621596), (0.494793, 0.130348, 0.638048), (0.494604, 0.098273, 0.641514), (0.494718, 0.153817, 0.639351), (0.495058, 0.135523, 0.621330), (0.495170, 0.160480, 0.621695), (0.495001, 0.057464, 0.641368), (0.494902, 0.067887, 0.629037), (0.495421, 0.168531, 0.623716), (0.495878, 0.187676, 0.627871), (0.495275, 0.168775, 0.600662), (0.495742, 0.186048, 0.645052), (0.494298, -0.107429, 0.640457), (0.493885, -0.133584, 0.626668), (0.494861, -0.082771, 0.641490), (0.494149, -0.129379, 0.618775), (0.493935, -0.148342, 0.620911), (0.494391, -0.151245, 0.646705), (0.494637, -0.173688, 0.638920), (0.494880, -0.003763, 0.629432), (0.494980, -0.174169, 0.623421), (0.495462, 0.194063, 0.582985), (0.495166, 0.172796, 0.569836), (0.495626, 0.194239, 0.517431), (0.495375, 0.173598, 0.480173), (0.495827, 0.194507, 0.436589), (0.495204, 0.169302, 0.390498), (0.495693, 0.194725, 0.352518), (0.495231, 0.168986, 0.342164), (0.496060, 0.198071, 0.322567), (0.496043, 0.184104, 0.307898), (0.495723, 0.169257, 0.303203), (0.495595, 0.169189, 0.478102), (0.496104, 0.200028, 0.311521), (0.496221, 0.200031, 0.303857), (0.494659, -0.161458, 0.618803), (0.496002, -0.188049, 0.636055), (0.496517, 0.198002, 0.423078), (0.495561, 0.165989, 0.621614), (0.495642, 0.168208, 0.617393), (0.499565, -0.210195, 0.638669), (0.497561, -0.191051, 0.627255), (0.495888, 0.167727, 0.316879), (0.500877, -0.204176, 0.622977), (0.496862, 0.197701, 0.615185), (0.495991, -0.175569, 0.619908), (0.498175, 0.198910, 0.607111), (0.499066, -0.189273, 0.620262), (0.502240, -0.211640, 0.625919), (0.501797, -0.210691, 0.607978), (0.501682, -0.195426, 0.610756), (0.502333, -0.179111, 0.603071), (0.501455, -0.179805, 0.616527), (0.502509, -0.179647, 0.578625), (0.502178, -0.211506, 0.577111), (0.501546, -0.210426, 0.562936), (0.501956, -0.179315, 0.551891), (0.500396, -0.204209, 0.539152), (0.500964, -0.196193, 0.537695), (0.501695, -0.179655, 0.505671), (0.501368, -0.186126, 0.511698), (0.501826, -0.187233, 0.448910), (0.501929, -0.179928, 0.354079), (0.502053, -0.179853, 0.453798), (0.501656, -0.187504, 0.334350), (0.502215, -0.179937, 0.325414), (0.500746, -0.189696, 0.617305), (0.499226, -0.205347, 0.520916), (0.499101, -0.200581, 0.519570), (0.499205, -0.205756, 0.469250), (0.499340, -0.200607, 0.468219), (0.498394, -0.200852, 0.438927), (0.498150, -0.206119, 0.435520), (0.497797, -0.206158, 0.386532), (0.497984, -0.200926, 0.365755), (0.498347, -0.206235, 0.353901), (0.499041, -0.200228, 0.325775), (0.498923, -0.205574, 0.315833), (0.500679, -0.195860, 0.469433), (0.500935, -0.193969, 0.335676), (0.500921, -0.194720, 0.443887), (0.500505, -0.195164, 0.518481), (0.500104, -0.196273, 0.314942), (0.501717, -0.179509, 0.311353), (0.500721, -0.198465, 0.301669), (0.501147, -0.182442, 0.303375), (0.499741, -0.210246, 0.303543), (0.502540, -0.176307, 0.558339), (0.502856, -0.176422, 0.601924), (0.501383, -0.210005, 0.527909), (0.502658, -0.175954, 0.351772), (0.500241, -0.197936, 0.461589), (0.502781, -0.176090, 0.471932), (0.499820, -0.197495, 0.388816), (0.503095, -0.175831, 0.456638), (0.500148, -0.196976, 0.338791), (0.502877, -0.176424, 0.303219), (0.503563, -0.176029, 0.319998), (0.496633, 0.197235, 0.541776), (0.500888, -0.210005, 0.323102), (0.495723, 0.167888, 0.372090), (0.500829, -0.209750, 0.455068), (0.502936, -0.176557, 0.617154), (0.500135, -0.209405, 0.375786), (0.496291, 0.168257, 0.495364), (0.497183, 0.199511, 0.324848), (0.502399, -0.211321, 0.499866), (0.495866, 0.167942, 0.597328), (0.502729, -0.211727, 0.592530), (0.500182, -0.188966, 0.301547), (0.497925, 0.198674, 0.537623), (0.497548, 0.199148, 0.412167), (0.493316, 0.005643, 1.146261), (0.493160, -0.006963, 1.162945), (0.492852, -0.090432, 1.146351), (0.492647, -0.091930, 1.163054), (0.493039, 0.087851, 1.146086), (0.492843, 0.052371, 1.162975), (0.493159, 0.090634, 1.163050), (0.493249, 0.128502, 1.146674), (0.493088, 0.128598, 1.160243), (0.492343, 0.155790, 1.163532), (0.493494, 0.160588, 1.143290), (0.491135, -0.149155, 1.163458), (0.491574, -0.147302, 1.146854), (0.492053, -0.179648, 1.150883), (0.491781, -0.176428, 1.163068), (0.492143, -0.156595, 1.142858), (0.492921, -0.179845, 1.141801), (0.494189, 0.170726, 1.143475), (0.493653, 0.103053, 1.143327), (0.495389, 0.182491, 1.147810), (0.495005, 0.178800, 1.140585), (0.495215, 0.169617, 1.124568), (0.494861, 0.194076, 1.106787), (0.495205, 0.194020, 0.991338), (0.494950, 0.196077, 1.011688), (0.495606, 0.172849, 0.972942), (0.495060, 0.172657, 1.043409), (0.495201, 0.193753, 1.129845), (0.495236, 0.187048, 1.143416), (0.495282, 0.193801, 0.900505), (0.495235, 0.194103, 0.698027), (0.495146, 0.193822, 0.723298), (0.495813, 0.168874, 0.721365), (0.495323, 0.194091, 0.827848), (0.495823, 0.173140, 0.836609), (0.495783, 0.174027, 0.900475), (0.495461, 0.166142, 0.698619), (0.496169, 0.177789, 0.671380), (0.495830, 0.195332, 0.671407), (0.495528, 0.167032, 0.687138), (0.496458, 0.168397, 0.670951), (0.496208, 0.168608, 0.912653), (0.496125, 0.168715, 0.810438), (0.495558, 0.168818, 1.020365), (0.493076, -0.188616, 1.162693), (0.492994, -0.188691, 1.148443), (0.493618, -0.188601, 1.141511), (0.495534, 0.168695, 1.101119), (0.496735, 0.199870, 1.139852), (0.495492, -0.201228, 1.141262), (0.495216, 0.164973, 0.695762), (0.493669, -0.086653, 1.143333), (0.494061, 0.003549, 1.143389), (0.494742, -0.196514, 1.162375), (0.495631, -0.203884, 1.141750), (0.496094, -0.204954, 1.131376), (0.495500, -0.204101, 1.160194), (0.495158, -0.200631, 1.163820), (0.496127, 0.201064, 1.143134), (0.498371, -0.193656, 1.131272), (0.496220, -0.200774, 1.122951), (0.495756, -0.206903, 1.125314), (0.495833, -0.207078, 1.116983), (0.495229, -0.199710, 1.103829), (0.496382, -0.210400, 1.125231), (0.497206, -0.192758, 1.136912), (0.496856, -0.206505, 1.102744), (0.496709, 0.166977, 0.731729), (0.497800, -0.193102, 1.116025), (0.496769, 0.166112, 0.674945), (0.496258, 0.197381, 0.790629), (0.497047, -0.192727, 1.098184), (0.496484, 0.197651, 1.127471), (0.496399, 0.197025, 0.894771), (0.496154, 0.197189, 0.998642), (0.496235, 0.165384, 0.684575), (0.494911, -0.198090, 1.093422), (0.494463, -0.204116, 1.100630), (0.494132, -0.203913, 1.074198), (0.494605, -0.198464, 1.022157), (0.494165, -0.204054, 1.024777), (0.495053, -0.203905, 0.984846), (0.495982, -0.199908, 0.981438), (0.497556, -0.192560, 0.997672), (0.497809, -0.191790, 0.981310), (0.497683, -0.193209, 0.914519), (0.496244, -0.200107, 0.913350), (0.497796, -0.192667, 0.836405), (0.496253, -0.200147, 0.826447), (0.496992, -0.206110, 0.982080), (0.497203, -0.205865, 0.902503), (0.497108, -0.205879, 0.821050), (0.496158, -0.200035, 0.725108), (0.497025, -0.205578, 0.731247), (0.497334, -0.192278, 0.791363), (0.497265, -0.192459, 0.741686), (0.497662, -0.192207, 0.710478), (0.497437, -0.200174, 0.700141), (0.498110, -0.188224, 0.700824), (0.498268, -0.207513, 0.701449), (0.496439, -0.194576, 0.696016), (0.499583, -0.185722, 0.725939), (0.500353, -0.180257, 0.725608), (0.499043, -0.178979, 0.702200), (0.499251, -0.185027, 0.788867), (0.500001, -0.179944, 0.791108), (0.499466, -0.185980, 0.824799), (0.500181, -0.180121, 0.871523), (0.499512, -0.186284, 0.901442), (0.500418, -0.179901, 0.961621), (0.499483, -0.185595, 0.957010), (0.499688, -0.188428, 1.012970), (0.502060, -0.176007, 1.012369), (0.500170, -0.185261, 1.055774), (0.502301, -0.175589, 1.087389), (0.500552, -0.185702, 1.102215), (0.502671, -0.175656, 1.121675), (0.500083, -0.189248, 1.123966), (0.501194, -0.179492, 1.133172), (0.498939, -0.190280, 1.136420), (0.501457, -0.175646, 0.737401), (0.500802, -0.175546, 0.710987), (0.497916, -0.176132, 0.696846), (0.501642, -0.176008, 0.977146), (0.499071, -0.189065, 1.054581), (0.501067, -0.176178, 0.799108), (0.501433, -0.176227, 0.872578), (0.502028, -0.176106, 1.138711), (0.496252, -0.206094, 0.694808), (0.499688, -0.188210, 1.099064), (0.499380, -0.180315, 1.138650), (0.494929, -0.190989, 1.138623), (0.496424, 0.197168, 0.698568), (0.496920, 0.199073, 0.667666), (0.496834, -0.193378, 1.024371), (0.496632, -0.209384, 0.690776), (0.496314, 0.197136, 1.089178), (0.496055, 0.167952, 1.126838), (0.495507, 0.169549, 1.141728), (0.500976, -0.211498, 0.705475), (0.500624, -0.175874, 0.701149), (0.496912, 0.167297, 0.819555), (0.497235, 0.167162, 0.893124), (0.496914, 0.166886, 0.960384), (0.499234, -0.209635, 0.784092), (0.495815, -0.176174, 1.140204), (0.499088, -0.208826, 1.102070), (0.493116, 0.160553, 0.687877), (0.492320, 0.160475, 0.692202), (0.490976, 0.151329, 0.694769), (0.499661, -0.209759, 0.834323), (0.496264, 0.167694, 1.033090), (0.499772, -0.209561, 0.902208), (0.498683, -0.208673, 0.997740), (0.497467, 0.198979, 1.030321), (0.497835, 0.198784, 0.987445), (0.498170, 0.198769, 0.891814), (0.497787, 0.198829, 0.800941), (0.489502, 0.157624, 0.690458), (-0.513637, 0.053161, 1.143417), (-0.513561, -0.053529, 1.143374), (-0.513160, -0.127345, 1.143183), (-0.513242, -0.171109, 1.143151), (-0.512919, 0.121608, 1.143451), (-0.513332, 0.104993, 1.143290), (-0.509000, 0.165110, 1.143186), (-0.512557, 0.165427, 1.143564), (-0.513906, -0.125264, 1.143401), (-0.500603, -0.177481, 1.142709), (-0.508809, -0.176396, 1.142650), (-0.514219, -0.176040, 1.142947), (-0.494811, -0.095183, 0.263139), (-0.494840, -0.124556, 0.278757), (-0.495199, -0.039532, 0.278263), (-0.494778, 0.003575, 0.258448), (-0.495121, 0.057036, 0.278182), (-0.494816, 0.056022, 0.258978), (-0.495482, 0.113820, 0.258454), (-0.494940, -0.115381, 0.282801), (-0.494313, -0.142719, 0.258735), (-0.494406, -0.158459, 0.282794), (-0.494961, -0.073284, 0.257668), (-0.495361, 0.112254, 0.283129), (-0.495218, 0.149647, 0.283120), (-0.495572, 0.154889, 0.257846), (-0.494885, 0.060030, 0.282986), (-0.494671, -0.172679, 0.254502), (-0.494512, -0.172105, 0.282793), (-0.494473, -0.196567, 0.268904), (-0.495633, 0.174995, 0.282975), (-0.495659, 0.169597, 0.256290), (-0.495359, 0.185336, 0.282050), (-0.494098, -0.194201, 0.253584), (-0.495365, 0.094079, 0.255728), (-0.494345, -0.200428, 0.255143), (-0.494085, -0.196134, 0.248768), (-0.493179, -0.194954, 0.216835), (-0.492922, -0.203937, 0.217869), (-0.493169, -0.203817, 0.182532), (-0.493434, -0.195399, 0.170163), (-0.493090, -0.203503, 0.129013), (-0.493315, -0.195101, 0.119422), (-0.493361, -0.203907, 0.085533), (-0.493451, -0.196131, 0.056135), (-0.493329, -0.204118, 0.057043), (-0.493133, -0.195667, 0.048674), (-0.493069, -0.193331, 0.041871), (-0.496211, 0.198870, 0.254805), (-0.496503, 0.178981, 0.232071), (-0.496191, 0.168129, 0.221472), (-0.496506, 0.194766, 0.233491), (-0.496952, 0.193767, 0.056370), (-0.496538, 0.178914, 0.115862), (-0.496491, 0.194798, 0.114448), (-0.496338, 0.167887, 0.058786), (-0.496493, 0.180110, 0.026548), (-0.496743, 0.194767, 0.025025), (-0.497115, 0.198408, 0.067422), (-0.496770, 0.198278, 0.246445), (-0.495547, -0.194183, 0.282632), (-0.495188, 0.037217, 0.255467), (-0.496129, 0.165928, 0.250563), (-0.495996, 0.165307, 0.254586), (-0.496460, 0.166402, 0.209396), (-0.495143, -0.009511, 0.255709), (-0.494933, -0.129683, 0.254796), (-0.495216, -0.075006, 0.255501), (-0.496511, 0.166078, 0.164284), (-0.494714, -0.203944, 0.253167), (-0.491795, -0.201052, 0.037795), (-0.494937, -0.157860, 0.254839), (-0.496726, 0.165903, 0.053157), (-0.495980, 0.165735, 0.028930), (-0.495331, -0.200072, 0.268526), (-0.496793, -0.200382, 0.278582), (-0.496649, -0.203664, 0.282371), (-0.496138, -0.203382, 0.271484), (-0.495665, -0.205693, 0.264288), (-0.496802, -0.206806, 0.258146), (-0.497694, -0.210797, 0.262757), (-0.490406, -0.193586, 0.035123), (-0.493686, -0.205200, 0.037716), (-0.490214, -0.201136, 0.034393), (-0.492347, -0.207200, 0.034248), (-0.497069, 0.133964, 0.256034), (-0.496322, 0.161107, 0.255247), (-0.497759, 0.108861, 0.255840), (0.128064, 0.202202, 1.183083), (-0.064653, 0.202364, 1.182967), (-0.007126, 0.202591, 1.171631), (-0.125329, 0.202962, 1.171743), (0.181893, 0.202369, 1.171930), (0.251275, 0.202024, 1.183030), (0.287243, 0.202229, 1.177362), (0.271967, 0.202429, 1.171725), (0.392267, 0.202734, 1.171752), (0.081075, 0.202555, 1.171748), (-0.112592, 0.202716, 1.183060), (0.395379, 0.202343, 1.177529), (0.317674, 0.202346, 1.183312), (0.393952, 0.202382, 1.183204), (-0.208211, 0.202535, 1.177999), (0.426370, 0.203346, 1.169914), (0.431192, 0.203329, 1.183119), (-0.246589, 0.202866, 1.171890), (-0.397893, 0.202350, 1.177641), (-0.366641, 0.202738, 1.171816), (-0.184162, 0.202627, 1.183045), (-0.400881, 0.202420, 1.183203), (-0.405630, 0.202827, 1.171485), (-0.431636, 0.203266, 1.183003), (-0.427626, 0.203616, 1.168758), (-0.430430, 0.203575, 1.173071), (-0.409355, 0.203509, 1.168743), (-0.427973, 0.203537, 1.161776), (-0.418627, 0.203333, 1.146738), (-0.429585, 0.203659, 1.148005), (-0.381861, 0.203651, 1.152607), (-0.370375, 0.203819, 1.169060), (-0.364806, 0.203899, 1.166315), (-0.351306, 0.203917, 1.148810), (-0.271133, 0.203736, 1.169801), (-0.189454, 0.203793, 1.169940), (-0.109784, 0.203751, 1.170086), (-0.179358, 0.203689, 1.152884), (-0.139241, 0.203853, 1.148746), (-0.034900, 0.203540, 1.151972), (-0.049246, 0.203691, 1.148515), (0.029218, 0.203540, 1.148457), (-0.003340, 0.203628, 1.160597), (-0.030742, 0.203696, 1.160880), (-0.125005, 0.203714, 1.158945), (-0.242922, 0.203752, 1.158471), (0.186454, 0.203253, 1.148085), (0.088479, 0.203552, 1.159791), (0.075501, 0.203558, 1.148548), (-0.003687, 0.203596, 1.168845), (-0.032082, 0.203841, 1.168119), (-0.088959, 0.204098, 1.166494), (-0.221162, 0.204136, 1.166960), (-0.430697, 0.203710, 1.158043), (0.202455, 0.203478, 1.161017), (0.391015, 0.203983, 1.168277), (0.379602, 0.203712, 1.160548), (0.407631, 0.204060, 1.166971), (0.392158, 0.203650, 1.147971), (0.368816, 0.203634, 1.152876), (0.278927, 0.203645, 1.160811), (0.271646, 0.203478, 1.153225), (0.277891, 0.203744, 1.148345), (0.365364, 0.203801, 1.147940), (0.185987, 0.203382, 1.168819), (0.279387, 0.203537, 1.168820), (0.370435, 0.203670, 1.169076), (0.086504, 0.203571, 1.169032), (0.416348, 0.204181, 1.147815), (0.427538, 0.203803, 1.154955), (0.426975, 0.203896, 1.145532), (0.367729, 0.203966, 1.166223), (0.281637, 0.203918, 1.166164), (0.083772, 0.203988, 1.166195), (-0.001346, 0.204019, 1.166098), (0.398028, 0.203156, 1.146011), (-0.310860, 0.203400, 1.146991), (0.288831, 0.203084, 1.146014), (-0.060116, 0.203200, 1.146813), (0.248068, 0.202731, 1.146640), (0.129796, 0.202778, 1.146604), (0.044103, 0.203029, 1.147121), (-0.118401, 0.203327, 1.147312), (-0.430388, 0.204572, 1.146018), (0.429742, 0.203701, 1.177808), (0.429021, 0.203809, 1.172027), (-0.062454, 0.189182, 1.147090), (0.051550, 0.189320, 1.147333), (0.038396, 0.200236, 1.146893), (-0.062355, 0.200346, 1.146603), (0.114754, 0.200233, 1.146414), (0.129419, 0.185952, 1.147047), (0.193492, 0.200013, 1.146369), (0.237131, 0.188749, 1.146765), (-0.054046, 0.186394, 1.147329), (-0.115272, 0.186953, 1.147945), (0.293650, 0.200288, 1.145579), (0.296935, 0.186090, 1.146043), (0.379544, 0.200368, 1.145429), (0.387071, 0.186028, 1.145733), (0.414156, 0.200427, 1.145807), (0.426751, 0.185217, 1.145847), (0.437957, 0.200244, 1.144708), (-0.221132, 0.189724, 1.147514), (-0.255179, 0.200530, 1.147018), (-0.292920, 0.186110, 1.147432), (-0.335472, 0.200376, 1.146903), (-0.400906, 0.185409, 1.146975), (-0.383548, 0.200120, 1.146619), (-0.424668, 0.184634, 1.147259), (-0.238128, 0.186673, 1.147721), (0.251683, 0.186323, 1.146985), (-0.437947, 0.201892, 1.145961), (-0.455840, 0.184670, 1.146204), (-0.473121, 0.199139, 1.144989), (0.057838, 0.186695, 1.147604), (0.443211, 0.185267, 1.144793), (0.464880, 0.199967, 1.143910), (0.480552, 0.185279, 1.143424), (0.486992, 0.199113, 1.143099), (0.493219, 0.185550, 1.143832), (0.444986, 0.204811, 1.144503), (-0.482480, 0.185350, 1.144632), (-0.491762, 0.199280, 1.144312), (0.466345, 0.204594, 1.144281), (0.434067, 0.206873, 1.144882), (0.439847, 0.204634, 1.145064), (0.488326, 0.203113, 1.143642), (0.433807, 0.213713, 1.145503), (0.438586, 0.211185, 1.145591), (0.429105, 0.215141, 1.145996), (-0.434183, 0.211572, 1.142971), (-0.442948, 0.210861, 1.145589), (-0.094058, 0.185856, 1.148702), (-0.430772, 0.211758, 1.145093), (-0.428025, 0.210381, 1.145761), (-0.163668, 0.185602, 1.148746), (-0.439254, 0.212060, 1.144994), (-0.507715, 0.166835, 0.884515), (-0.500687, 0.167093, 0.939982), (-0.507933, 0.166730, 1.062133), (-0.507482, 0.166913, 1.127265), (-0.508171, 0.166857, 0.807516), (-0.506489, 0.166523, 0.704640), (-0.512391, 0.166339, 1.139859), (-0.512354, 0.167214, 1.121154), (-0.512477, 0.166932, 1.026571), (-0.512905, 0.166799, 0.700651), (-0.502543, 0.166226, 0.686340), (-0.512006, 0.166199, 0.669659), (-0.500175, 0.166665, 0.670377), (-0.512873, 0.167215, 0.829889), (-0.511844, -0.003694, 0.255695), (-0.512187, 0.098682, 0.255485), (-0.511931, -0.077530, 0.255538), (-0.512332, -0.130443, 0.254907), (-0.511520, -0.153580, 0.255231), (-0.512230, 0.124293, 0.255242), (-0.513241, -0.175802, 0.254522), (-0.511909, 0.141713, 0.255283), (-0.511981, 0.160889, 0.254831), (-0.501650, -0.176899, 0.254045), (-0.498294, -0.191934, 0.253181), (-0.512322, 0.164770, 0.253689), (0.512689, 0.167166, 0.096276), (0.509469, 0.166970, 0.152229), (0.512322, 0.166823, 0.214687), (0.512684, 0.166701, 0.025796), (0.512355, 0.166291, 0.249268), (0.512831, 0.166083, 0.019130), (0.512035, 0.165026, 0.255418), (0.512848, 0.168489, 0.029526), (0.499709, -0.084604, 1.143258), (0.513001, -0.068084, 1.143247), (0.512872, 0.082752, 1.143234), (0.497505, 0.117688, 1.142971), (0.513159, -0.108528, 1.142576), (0.512378, 0.123810, 1.142917), (0.495213, 0.166464, 1.143023), (0.510002, 0.153971, 1.143139), (0.501449, 0.166869, 1.142942), (0.507270, 0.168837, 1.143039), (0.495818, -0.154761, 1.142428), (0.513043, -0.162633, 1.142207), (0.509423, -0.166680, 1.141845), (0.495636, -0.168811, 1.141519), (0.512450, 0.169074, 1.143654), (0.513124, 0.124940, 1.143432), (0.509350, -0.175578, 1.141204), (0.513546, -0.172446, 1.143008), (0.514618, -0.175497, 1.142482), (0.516241, -0.175687, 1.088608), (0.502847, -0.175496, 1.020486), (0.512764, -0.175391, 0.993809), (0.502407, -0.175762, 0.879494), (0.514494, -0.175761, 0.877253), (0.516025, -0.175715, 0.742159), (0.502113, -0.175685, 0.816902), (0.514662, -0.175886, 0.697415), (0.501827, -0.175908, 0.666237), (0.498300, -0.175979, 0.675910), (0.516652, -0.175848, 1.026978), (0.515619, -0.175808, 0.975841), (0.515749, -0.176511, 0.673511), (0.515202, -0.176573, 0.651890), (0.516399, -0.175976, 1.135694), (0.515849, -0.176103, 1.154906), (0.514480, -0.175643, 1.167337), (0.516270, -0.176318, 1.169702), (0.511881, -0.175936, 1.170262), (0.509645, -0.176024, 1.183036), (0.513737, -0.176194, 1.188186), (0.516323, -0.176655, 1.187610), (0.517107, -0.176398, 1.244761), (0.514538, -0.175949, 1.253202), (0.507748, -0.175970, 1.210731), (0.507323, -0.175929, 1.351020), (0.514670, -0.175965, 1.340789), (0.512828, -0.176592, 1.393594), (0.501096, -0.176743, 1.385160), (0.502129, -0.176439, 1.195224), (0.502881, -0.176233, 1.207366), (0.502238, -0.176190, 1.298203), (0.502412, -0.176180, 1.343670), (0.498244, -0.177030, 1.390082), (0.513677, -0.175983, 1.408097), (0.495467, -0.176902, 1.397400), (0.502663, -0.177038, 1.184036), (0.498331, -0.175982, 1.405253), (0.492477, -0.176409, 1.400602), (0.516827, -0.176305, 1.332707), (0.515794, -0.177068, 1.393365), (0.514618, -0.175556, 1.413260), (0.515698, -0.176552, 0.844586), (0.515140, -0.176959, 0.627107), (0.497542, -0.175824, 0.692880), (0.497353, -0.176007, 0.685165), (0.516255, -0.176438, 0.793632), (0.492815, -0.172307, 1.407094), (0.088508, 0.205284, 1.450753), (-0.109260, 0.205085, 1.450759), (-0.322942, 0.205114, 1.450661), (-0.399483, 0.204922, 1.450753), (0.280547, 0.205163, 1.450801), (0.340625, 0.205161, 1.439047), (0.389435, 0.205247, 1.450813), (-0.421496, 0.206111, 1.450534), (-0.422991, 0.205717, 1.442959), (0.424958, 0.208289, 1.436146), (-0.425877, 0.207543, 1.443079), (0.509778, 0.064359, 0.256798), (0.509823, -0.072431, 0.256667), (0.509834, 0.114046, 0.256328), (0.512968, 0.134906, 0.256707), (0.512491, 0.157863, 0.256438), (0.511057, 0.163306, 0.256549), (0.509249, -0.121457, 0.255734), (0.513077, -0.157025, 0.256083), (0.513051, -0.070963, 0.256828), (0.513048, 0.078828, 0.256950), (0.513174, -0.175612, 0.254488), (0.513269, -0.125968, 0.256070), (0.513920, -0.114048, 0.256855), (0.495750, 0.119138, 0.620666), (0.509294, 0.109050, 0.620291), (0.496336, 0.159944, 0.620594), (0.497604, -0.173357, 0.618073), (0.508848, 0.164605, 0.621226), (0.501822, 0.164234, 0.620968), (0.508363, -0.176303, 0.617313), (-0.511346, 0.002743, 0.618994), (-0.511368, -0.080519, 0.618979), (-0.494951, -0.006782, 0.618946), (-0.504842, 0.070409, 0.618909), (-0.511410, 0.083207, 0.618823), (-0.495183, -0.075533, 0.618890), (-0.511945, -0.129895, 0.617979), (-0.494290, -0.131471, 0.617642), (-0.510976, -0.151795, 0.618107), (-0.494721, -0.177759, 0.617582), (-0.512513, -0.172508, 0.617678), (-0.495197, 0.101765, 0.618643), (-0.495834, 0.123209, 0.618567), (-0.511727, 0.125134, 0.618330), (-0.511159, 0.143200, 0.618354), (-0.496010, 0.160276, 0.618009), (-0.511560, 0.161324, 0.618023), (-0.495891, 0.166487, 0.617202), (-0.511883, 0.165113, 0.617223), (-0.495098, 0.149744, 0.618388), (-0.502120, -0.176911, 0.617081), (-0.500545, -0.181303, 0.616498), (-0.513617, -0.176068, 0.616980), (-0.496937, -0.182075, 0.617371), (-0.500613, -0.197430, 0.616450), (0.247538, -0.209472, 1.169577), (0.250254, -0.209792, 1.176630), (0.340809, -0.209685, 1.169850), (0.382812, -0.210066, 1.177028), (0.403352, -0.209692, 1.169818), (0.113345, -0.209654, 1.169792), (0.139826, -0.209982, 1.177594), (0.112407, -0.209896, 1.177784), (0.431960, -0.210415, 1.177208), (0.432029, -0.209799, 1.168980), (0.242164, -0.209545, 1.182630), (0.393178, -0.209878, 1.182834), (0.431286, -0.210302, 1.182806), (0.156911, -0.209780, 1.182967), (0.128346, -0.209068, 1.183366), (0.110958, -0.209181, 1.182517), (0.431647, -0.209508, 1.184258), (0.305645, -0.209054, 1.183860), (0.161646, -0.209010, 1.183805), (0.007472, 0.181889, 0.631897), (0.001370, 0.181868, 0.644854), (0.059236, 0.181853, 0.644979), (0.064703, 0.181897, 0.631808), (0.108561, 0.182246, 0.635835), (-0.060941, 0.181749, 0.632179), (-0.063673, 0.181911, 0.644713), (0.119619, 0.182532, 0.631242), (0.116269, 0.182881, 0.646337), (0.122056, 0.182835, 0.640806), (-0.112832, 0.182521, 0.633056), (-0.154332, 0.182511, 0.633774), (0.168757, 0.183000, 0.645814), (0.168017, 0.182293, 0.632993), (0.197585, 0.182968, 0.632205), (0.200379, 0.183691, 0.644347), (0.250147, 0.182983, 0.632146), (0.250141, 0.183496, 0.639190), (0.253115, 0.183700, 0.646540), (0.294040, 0.184616, 0.631592), (0.294553, 0.184850, 0.646331), (0.341015, 0.184419, 0.631029), (0.342882, 0.184684, 0.646504), (0.390622, 0.183597, 0.632177), (0.408202, 0.184425, 0.646000), (0.427782, 0.184792, 0.646697), (0.427062, 0.184155, 0.631304), (-0.209162, 0.183253, 0.631974), (-0.251141, 0.183341, 0.631672), (-0.370127, 0.183626, 0.631777), (-0.403725, 0.184021, 0.632250), (-0.433538, 0.184310, 0.645590), (0.447131, 0.185831, 0.631293), (-0.451216, 0.185258, 0.632330), (-0.458285, 0.185849, 0.646831), (-0.469967, 0.187159, 0.639034), (0.463919, 0.188155, 0.639956), (0.485351, 0.188042, 0.640130), (0.485462, 0.187713, 0.646864), (0.465295, 0.187222, 0.630980), (0.478968, 0.186961, 0.631271), (0.492677, 0.188205, 0.632037), (0.492890, 0.188307, 0.639422), (-0.478186, 0.186999, 0.646839), (-0.460559, 0.186770, 0.625534), (-0.486607, 0.189076, 0.624459), (-0.486118, 0.188493, 0.640502), (-0.492359, 0.188460, 0.639074), (-0.492653, 0.189107, 0.625540), (0.492971, 0.186724, 0.646994), (0.492919, 0.189593, 0.627281), (0.182239, 0.183127, 0.269490), (0.105049, 0.182799, 0.270279), (0.165837, 0.182971, 0.275995), (0.097327, 0.183087, 0.282019), (0.170571, 0.183067, 0.282100), (0.071230, 0.183422, 0.281866), (0.061730, 0.183348, 0.269733), (0.037637, 0.183414, 0.281857), (0.205597, 0.183675, 0.277809), (-0.002531, 0.182862, 0.281812), (-0.006745, 0.182747, 0.270114), (-0.065131, 0.182978, 0.269378), (-0.066723, 0.183198, 0.281794), (-0.092257, 0.182820, 0.281933), (-0.161426, 0.182476, 0.270820), (-0.163467, 0.182671, 0.281953), (-0.196464, 0.183172, 0.282078), (0.239413, 0.183303, 0.269775), (0.224143, 0.183608, 0.282099), (0.274146, 0.183488, 0.269940), (0.284956, 0.183729, 0.278059), (0.314105, 0.183565, 0.269219), (0.329857, 0.183714, 0.282020), (0.373344, 0.183259, 0.281938), (0.276907, 0.183571, 0.282105), (0.379222, 0.183407, 0.269397), (0.397514, 0.183957, 0.281881), (0.421548, 0.184236, 0.277168), (0.435756, 0.183491, 0.277546), (-0.209168, 0.182842, 0.270429), (-0.274856, 0.182690, 0.270808), (-0.365671, 0.182470, 0.276030), (-0.357917, 0.182722, 0.282362), (-0.253012, 0.183209, 0.282191), (-0.360870, 0.182470, 0.269039), (-0.398958, 0.182859, 0.269988), (-0.401138, 0.182941, 0.282090), (-0.430926, 0.182192, 0.271572), (-0.435680, 0.182776, 0.282274), (-0.458594, 0.184076, 0.282609), (0.441366, 0.182945, 0.282487), (0.438090, 0.183003, 0.268761), (0.449120, 0.183161, 0.269096), (0.458264, 0.184239, 0.277586), (0.478801, 0.184820, 0.282368), (0.474801, 0.185006, 0.278415), (0.491880, 0.184893, 0.281565), (-0.482747, 0.185241, 0.279420), (-0.477956, 0.185782, 0.263819), (0.422290, 0.183632, 0.282301), (0.486052, 0.185693, 0.262858), (-0.486889, 0.184804, 0.282944), (-0.492634, 0.187827, 0.263416), (-0.054464, -0.209146, 1.170007), (0.048152, -0.209410, 1.177347), (0.060937, -0.209280, 1.169865), (-0.057126, -0.209322, 1.182675), (0.085399, -0.209498, 1.183133), (0.092389, -0.209696, 1.178548), (-0.091165, -0.209800, 1.169491), (-0.091459, -0.210006, 1.176897), (-0.086846, -0.209728, 1.184022), (-0.092271, -0.209649, 1.183376), (0.093009, -0.209291, 1.184135), (-0.047471, -0.208626, 1.183658), (0.077475, -0.208700, 1.183990), (0.070712, -0.210500, 0.003541), (-0.016640, -0.210541, 0.007614), (0.119594, -0.210609, 0.011126), (0.241034, -0.210556, 0.003874), (-0.208043, -0.210336, 0.003918), (-0.199089, -0.210345, 0.007949), (-0.311225, -0.210614, 0.008140), (-0.405732, -0.210611, 0.003932), (0.356406, -0.210453, 0.007837), (0.390238, -0.210262, 0.003729), (0.506049, 0.167100, 0.816701), (0.508216, 0.166764, 0.956017), (0.512690, 0.166973, 0.716397), (0.501202, 0.166721, 0.958099), (0.501933, 0.166087, 0.694651), (0.512935, 0.166412, 0.682096), (0.501187, 0.165953, 0.671524), (0.512226, 0.167025, 0.952119), (0.512631, 0.167310, 0.805576), (0.512190, 0.167620, 1.024845), (0.507587, 0.167629, 1.119383), (0.512315, 0.167948, 1.136902), (0.501662, 0.168840, 1.140168), (0.496186, 0.164781, 0.695433), (-0.506899, -0.175701, 0.380631), (-0.505952, -0.175702, 0.522920), (-0.516389, -0.175746, 0.471391), (-0.516474, -0.175606, 0.375342), (-0.513438, -0.175839, 0.354017), (-0.516433, -0.175633, 0.522093), (-0.513725, -0.176281, 0.560972), (-0.502099, -0.176342, 0.549337), (-0.502652, -0.176330, 0.589709), (-0.516137, -0.176390, 0.586060), (-0.515769, -0.176490, 0.612996), (-0.502396, -0.176586, 0.602060), (-0.503393, -0.176309, 0.353130), (-0.503774, -0.176423, 0.325206), (-0.513311, -0.175940, 0.319713), (-0.503187, -0.176834, 0.310251), (-0.507085, -0.176783, 0.308116), (-0.515885, -0.176696, 0.304766), (-0.502798, -0.175933, 0.514443), (-0.503475, -0.176207, 0.415999), (-0.503457, -0.177288, 0.613109), (-0.508187, -0.177149, 0.303132), (-0.516511, -0.176285, 0.354376), (-0.507469, -0.176794, 0.300977), (-0.515888, -0.177139, 0.291384), (-0.514713, -0.176386, 0.624960), (-0.510692, -0.175891, 0.294135), (-0.511728, -0.175782, 0.283330), (-0.515695, -0.177300, 0.276883), (-0.515571, -0.177276, 0.632790), (-0.513713, -0.176154, 0.640876), (-0.513316, -0.175968, 0.278782), (-0.503712, -0.180659, 0.306753), (-0.507837, 0.167235, 1.248886), (-0.507828, 0.166872, 1.341069), (-0.496920, 0.167514, 1.270211), (-0.496908, 0.167501, 1.216314), (-0.508001, 0.166095, 1.393390), (-0.496766, 0.167130, 1.351894), (-0.508644, 0.166903, 1.201919), (-0.496921, 0.165991, 1.396453), (-0.513699, 0.167124, 1.341229), (-0.513147, 0.167527, 1.250560), (-0.512591, 0.166978, 1.186759), (-0.496723, 0.168039, 1.197824), (-0.507719, 0.167909, 1.183416), (-0.514013, 0.166796, 1.373324), (-0.513218, 0.165376, 1.408899), (-0.507369, 0.164318, 1.407644), (-0.499716, 0.164781, 1.408793), (-0.496376, 0.165676, 1.410424), (-0.496332, 0.170802, 1.183152), (-0.509953, 0.166189, 1.183219), (-0.508483, 0.167172, 0.387815), (-0.507926, 0.166946, 0.517351), (-0.496516, 0.167605, 0.443897), (-0.496311, 0.167485, 0.385754), (-0.496264, 0.166852, 0.312142), (-0.511974, 0.166179, 0.304775), (-0.504154, 0.166561, 0.304646), (-0.496563, 0.167292, 0.518610), (-0.507501, 0.166882, 0.599096), (-0.496091, 0.167425, 0.602806), (-0.512376, 0.166556, 0.612511), (-0.512889, 0.167208, 0.577722), (-0.512520, 0.167320, 0.391018), (-0.496074, 0.168054, 0.613026), (-0.508370, 0.165539, 0.303141), (-0.501895, 0.165213, 0.301896), (-0.510802, 0.164476, 0.299825), (-0.495831, 0.168975, 0.308463), (-0.496078, 0.169334, 0.302845), (0.512312, 0.168153, 0.424598), (0.504120, 0.167439, 0.325361), (0.512545, 0.167740, 0.352021), (0.512545, 0.167660, 0.310812), (0.501414, 0.167734, 0.311833), (0.507571, 0.167430, 0.303144), (0.512704, 0.168119, 0.591278), (0.512289, 0.167835, 0.612039), (0.501377, 0.168157, 0.612510), (0.501412, 0.166516, 0.618571), (0.512208, 0.168784, 0.306061), (0.512259, 0.167915, 0.299999), (-0.120932, 0.186046, 1.155828), (-0.002221, 0.185861, 1.162614), (0.006263, 0.185948, 1.156887), (0.073258, 0.185900, 1.160489), (-0.017345, 0.185713, 1.148706), (0.077739, 0.185815, 1.148726), (0.123874, 0.185206, 1.151781), (0.156341, 0.185278, 1.161221), (0.208612, 0.185460, 1.162214), (0.229289, 0.185389, 1.151559), (0.271004, 0.185482, 1.151010), (0.334705, 0.185257, 1.161534), (0.341493, 0.185396, 1.151371), (0.387365, 0.185499, 1.148183), (0.425333, 0.184560, 1.152275), (0.469969, 0.184806, 1.155237), (0.130302, 0.185492, 1.148039), (0.266096, 0.185711, 1.148105), (-0.117039, 0.186070, 1.162811), (-0.200513, 0.186007, 1.162738), (-0.246845, 0.185983, 1.155983), (-0.289856, 0.185375, 1.160678), (-0.250604, 0.185738, 1.148679), (-0.300556, 0.185157, 1.152305), (-0.344744, 0.185239, 1.152033), (-0.339508, 0.185556, 1.160650), (-0.347961, 0.185368, 1.148095), (-0.397738, 0.184683, 1.154256), (-0.377697, 0.184866, 1.160755), (-0.400405, 0.184842, 1.159463), (-0.426922, 0.183994, 1.148842), (-0.447321, 0.183955, 1.151969), (-0.480776, 0.184104, 1.155886), (0.491979, 0.184110, 1.155903), (-0.491108, 0.183682, 1.160979), (-0.492518, 0.184645, 1.148269), (-0.508638, 0.165796, 0.073801), (-0.508395, 0.165666, 0.167812), (-0.508261, 0.166035, 0.222339), (-0.512550, 0.165563, 0.032469), (-0.512467, 0.166176, 0.216210), (-0.512229, 0.165898, 0.152971), (-0.504378, -0.176148, 0.091948), (-0.503820, -0.176018, 0.115753), (-0.507851, -0.175686, 0.101649), (-0.504943, -0.176303, 0.049868), (-0.511775, -0.175685, 0.031716), (-0.503832, -0.176472, 0.031523), (-0.503673, -0.176001, 0.183764), (-0.516199, -0.175699, 0.157421), (-0.504097, -0.175999, 0.217989), (-0.512938, -0.176182, 0.249980), (-0.513960, -0.175853, 0.220055), (-0.515642, -0.175652, 0.033269), (-0.503859, -0.176343, 0.241207), (-0.515765, -0.176472, 0.260358), (-0.503891, -0.177063, 0.250860), (-0.515493, -0.173757, 0.020155), (-0.506921, -0.175275, 0.020403), (-0.501475, -0.176091, 0.019608), (-0.516149, -0.176326, 0.199464), (-0.514650, -0.176032, 0.263779), (-0.513712, -0.168430, 0.005535), (-0.515860, -0.175732, 0.062286), (0.513808, -0.175595, 0.367242), (0.513602, -0.175879, 0.484479), (0.508538, -0.175760, 0.474011), (0.514281, -0.176333, 0.568184), (0.506971, -0.176082, 0.553364), (0.515767, -0.176083, 0.521599), (0.503498, -0.175643, 0.359450), (0.513560, -0.175791, 0.323949), (0.516298, -0.176650, 0.600883), (0.513741, -0.176260, 0.305100), (0.515827, -0.176142, 0.464292), (0.515767, -0.176095, 0.361323), (0.515655, -0.176875, 0.300041), (0.508622, -0.175996, 0.302955), (0.511189, -0.175699, 0.300093), (0.512331, -0.175678, 0.288370), (0.513682, -0.175714, 0.288325), (-0.507203, -0.176032, 1.316296), (-0.513438, -0.176661, 1.397594), (-0.513930, -0.176071, 1.311587), (-0.514079, -0.176242, 1.211632), (-0.507281, -0.176266, 1.206090), (-0.499964, -0.176775, 1.379806), (-0.500438, -0.176388, 1.311807), (-0.501083, -0.176549, 1.213834), (-0.495369, -0.176709, 1.397359), (-0.513597, -0.175950, 1.413704), (-0.500397, -0.176926, 1.195892), (-0.501846, -0.177568, 1.183322), (-0.515454, -0.177082, 1.186768), (-0.499443, -0.176087, 1.407087), (-0.501574, -0.175971, 1.413077), (-0.493219, -0.176217, 1.400662), (-0.515383, -0.176498, 1.332975), (-0.515336, -0.177092, 1.389221), (-0.515235, -0.176741, 1.416244), (-0.515613, -0.176702, 1.232807), (-0.496241, -0.177224, 1.388712), (-0.509181, -0.176418, 1.183126), (-0.493143, -0.174289, 1.405551), (-0.499234, -0.172987, 1.413135), (-0.495056, -0.172604, 1.413143), (0.509117, -0.175286, 0.083393), (0.514169, -0.175414, 0.094501), (0.507739, -0.175440, 0.230335), (0.515256, -0.175548, 0.220501), (0.514466, -0.175839, 0.254508), (0.514360, -0.174660, 0.021796), (0.508071, -0.174430, 0.020047), (0.515765, -0.175863, 0.114275), (0.515158, -0.175294, 0.018972), (0.516117, -0.176388, 0.242750), (0.514346, -0.174674, 0.284303), (0.513972, -0.172680, 0.258020), (0.499424, 0.005475, 1.416608), (0.495822, -0.056889, 1.415519), (0.499730, -0.061113, 1.416445), (0.496373, -0.124054, 1.415201), (0.500028, -0.131614, 1.415759), (0.496353, -0.142551, 1.414385), (0.495405, 0.022405, 1.415341), (0.499561, 0.065705, 1.416148), (0.496363, 0.107854, 1.415086), (0.495972, 0.070449, 1.415118), (0.500950, 0.123170, 1.415784), (0.496147, 0.120360, 1.415232), (0.496188, 0.137040, 1.415015), (0.512993, 0.107567, 1.416823), (0.507671, 0.012945, 1.416930), (0.507409, -0.078872, 1.416582), (0.513130, -0.070412, 1.417318), (0.513182, 0.009334, 1.417516), (0.512953, 0.136343, 1.416085), (0.513356, -0.145810, 1.416180), (0.495874, -0.153479, 1.413371), (0.509473, -0.150261, 1.415207), (0.496186, -0.160569, 1.412928), (0.512953, -0.163788, 1.413965), (0.512977, 0.140049, 1.415149), (0.496045, 0.140859, 1.414137), (0.501847, -0.171463, 1.410659), (0.493905, -0.168090, 1.410752), (0.512777, -0.172090, 1.410994), (0.494128, -0.149282, 1.412795), (0.493577, -0.164910, 1.413720), (0.491945, -0.141245, 1.409848), (0.494790, 0.116026, 1.413561), (0.493861, -0.135260, 1.405366), (0.489164, -0.138242, 1.405092), (0.488907, -0.130885, 1.403598), (0.494199, -0.121089, 1.404462), (0.493679, -0.088333, 1.404235), (0.486798, -0.079301, 1.404034), (0.487964, -0.062907, 1.404016), (0.488152, 0.008651, 1.403974), (0.491641, 0.086202, 1.404052), (0.487944, 0.064327, 1.404000), (0.484033, -0.135283, 1.404029), (0.484281, -0.081590, 1.404064), (0.482779, -0.116324, 1.403850), (0.493645, -0.037651, 1.404157), (0.493016, 0.019722, 1.404134), (0.494185, 0.080739, 1.404348), (0.494536, 0.101963, 1.406804), (0.489390, 0.106206, 1.405922), (0.487707, 0.093075, 1.404345), (0.492595, 0.107739, 1.409871), (0.495549, 0.106846, 1.412096), (0.494796, -0.136174, 1.409508), (0.493700, 0.019125, 1.409122), (0.494512, -0.087270, 1.409654), (-0.234458, -0.209827, 1.024636), (-0.236785, -0.209755, 1.027962), (-0.249007, -0.209812, 1.028619), (-0.250355, -0.209818, 1.033581), (-0.260219, -0.209800, 1.033773), (-0.260683, -0.209815, 1.039346), (-0.268134, -0.209727, 1.038343), (-0.268248, -0.209802, 1.044162), (-0.275959, -0.209800, 1.040654), (-0.277857, -0.209735, 1.049661), (-0.286895, -0.209757, 1.047366), (-0.296016, -0.209706, 1.057612), (-0.298885, -0.209793, 1.052976), (-0.310480, -0.209732, 1.057660), (-0.300132, -0.209716, 1.061077), (-0.311433, -0.209678, 1.066375), (-0.320136, -0.209777, 1.062474), (-0.326635, -0.209764, 1.067183), (-0.328475, -0.209700, 1.076772), (-0.336589, -0.209683, 1.072655), (-0.338716, -0.209735, 1.081588), (-0.346748, -0.209649, 1.077521), (-0.355980, -0.209620, 1.080103), (-0.368042, -0.209481, 1.085464), (-0.351289, -0.209665, 1.088219), (-0.362229, -0.209631, 1.093396), (-0.373999, -0.209653, 1.099492), (-0.379219, -0.209603, 1.091571), (-0.390707, -0.209668, 1.097891), (-0.387046, -0.209767, 1.104846), (-0.405893, -0.209606, 1.106425), (-0.396534, -0.209685, 1.111689), (-0.407022, -0.209594, 1.117104), (-0.409968, -0.209618, 1.110659), (-0.413771, -0.209573, 1.122827), (-0.419161, -0.209694, 1.114508), (-0.429610, -0.209609, 1.120232), (-0.424210, -0.209437, 1.129161), (-0.433298, -0.209460, 1.124350), (-0.437386, -0.209269, 1.128381), (-0.430522, -0.209110, 1.134224), (-0.443393, -0.209264, 1.128393), (-0.469998, -0.209534, 1.124734), (-0.401171, -0.209698, 1.102599), (-0.433358, -0.208769, 1.137840), (-0.468293, -0.208640, 1.135447), (-0.451348, -0.208324, 1.150247), (-0.433482, -0.208079, 1.152792), (-0.468043, -0.207968, 1.149615), (-0.444518, -0.207287, 1.162825), (-0.486419, -0.206098, 1.162899), (-0.444974, -0.209781, 1.124351), (-0.487142, -0.206720, 1.136702), (-0.479715, -0.207707, 1.129121), (-0.492938, -0.205298, 1.140564), (-0.487752, -0.209657, 1.125592), (-0.317129, -0.209915, 1.070566), (-0.233669, -0.211701, 1.019947), (-0.431599, -0.209134, 1.155507), (-0.432274, -0.210103, 1.138047), (-0.428267, -0.210153, 1.163994), (-0.283351, -0.210848, 1.053529), (-0.503865, -0.187650, 0.102492), (-0.502952, -0.187470, 0.131523), (-0.504405, -0.187929, 0.065650), (-0.505258, -0.187860, 0.039636), (-0.502790, -0.187741, 0.177176), (-0.503405, -0.187784, 0.214834), (-0.502717, -0.188455, 0.243524), (-0.504721, -0.180128, 0.035226), (-0.505765, -0.191078, 0.036135), (-0.505718, -0.189844, 0.030048), (-0.501638, -0.192619, 0.205954), (-0.500921, -0.192465, 0.146068), (-0.501789, -0.192834, 0.108521), (-0.501009, -0.192960, 0.241771), (-0.502425, -0.194297, 0.049587), (-0.503207, -0.193067, 0.038812), (-0.501593, -0.193297, 0.076808), (-0.499662, -0.192272, 0.250623), (-0.503160, -0.180721, 0.026497), (-0.502689, -0.187559, 0.025157), (-0.500982, -0.187613, 0.019891), (-0.500291, -0.190579, 0.018336), (-0.496630, 0.015313, 1.415176), (-0.499420, -0.065268, 1.416677), (-0.496767, -0.060666, 1.415289), (-0.499366, -0.011340, 1.416759), (-0.499259, 0.037156, 1.416338), (-0.497478, -0.095253, 1.415035), (-0.499622, -0.100427, 1.416289), (-0.497119, 0.081644, 1.415155), (-0.499741, 0.090996, 1.416245), (-0.498658, 0.107979, 1.415328), (-0.502405, 0.113284, 1.416860), (-0.507651, -0.097884, 1.417659), (-0.507251, -0.124424, 1.417591), (-0.507514, -0.065100, 1.417998), (-0.501519, -0.139244, 1.416257), (-0.506955, 0.064422, 1.417511), (-0.507185, 0.008901, 1.417664), (-0.508425, -0.146238, 1.416909), (-0.513047, 0.093372, 1.417680), (-0.496375, -0.155335, 1.415317), (-0.513601, -0.165677, 1.416741), (-0.513923, 0.013768, 1.418159), (-0.513825, -0.056074, 1.418421), (-0.496278, -0.160414, 1.415256), (-0.513829, 0.119867, 1.417753), (-0.513447, -0.122766, 1.417734), (-0.497483, 0.114092, 1.416661), (-0.513112, 0.135628, 1.417224), (-0.497828, 0.139779, 1.416604), (-0.495796, -0.167671, 1.414432), (-0.513545, -0.173117, 1.415649), (-0.514989, -0.173657, 1.417216), (-0.500347, 0.141551, 1.415775), (-0.508661, 0.139815, 1.415891), (-0.513205, 0.139924, 1.416174), (-0.497155, 0.146654, 1.415999), (-0.514378, -0.113031, 1.418441), (-0.498998, -0.120109, 1.414108), (-0.499395, -0.143805, 1.414896), (-0.499417, -0.136675, 1.411517), (-0.496073, -0.147443, 1.411766), (-0.494542, -0.154245, 1.413862), (-0.493964, -0.146636, 1.411069), (-0.494656, -0.144273, 1.407619), (-0.498714, -0.136098, 1.406585), (-0.497101, -0.134965, 1.404043), (-0.491896, -0.136704, 1.403291), (-0.496052, -0.101455, 1.403956), (-0.489455, -0.068130, 1.403902), (-0.495271, -0.072742, 1.404167), (-0.495241, 0.011268, 1.403938), (-0.492072, 0.097169, 1.403653), (-0.495495, 0.082786, 1.403839), (-0.495890, 0.109185, 1.405751), (-0.492818, 0.108859, 1.405455), (-0.488660, 0.106199, 1.404533), (-0.488619, -0.118672, 1.403729), (-0.498349, -0.112952, 1.409172), (-0.489098, 0.072414, 1.403831), (-0.489869, 0.015673, 1.403987), (-0.489410, -0.023218, 1.403977), (-0.489424, -0.136247, 1.404007), (-0.496210, 0.112677, 1.411362), (-0.495390, 0.118156, 1.415169), (-0.493165, 0.112725, 1.410968), (-0.497269, -0.096451, 1.410222), (-0.496500, -0.067381, 1.410002), (-0.496707, 0.082324, 1.409800), (-0.496302, 0.011954, 1.409470), (0.489412, -0.091799, 0.689639), (0.492610, -0.152635, 0.688207), (0.492912, 0.013706, 0.688722), (0.489188, -0.159445, 0.689318), (0.489614, 0.016039, 0.689813), (0.488895, 0.108252, 0.689426), (0.492898, 0.078574, 0.688301), (0.492658, 0.122684, 0.688591), (0.489409, 0.148474, 0.689302), (0.492729, -0.171716, 0.687023), (0.489136, -0.176700, 0.688596), (0.493567, -0.178559, 0.685968), (0.492799, -0.191249, 0.687909), (0.496895, -0.179261, 0.683653), (0.497446, -0.200388, 0.684184), (0.492885, -0.200843, 0.686986), (0.489417, -0.199579, 0.688620), (0.493080, -0.207305, 0.685692), (0.496907, -0.207227, 0.685385), (0.486736, -0.207537, 0.685716), (0.497102, 0.068666, 0.688960), (0.496727, 0.001681, 0.689150), (0.496850, -0.090264, 0.689069), (0.496055, 0.159264, 0.688387), (0.496356, -0.163080, 0.689021), (0.496178, 0.123186, 0.689374), (0.496437, -0.172878, 0.687954), (0.497143, -0.069985, 0.693069), (0.496823, -0.016965, 0.692859), (0.497311, 0.064400, 0.692902), (0.496432, -0.166224, 0.693155), (0.496574, 0.116922, 0.693131), (0.496935, 0.145811, 0.693136), (0.496125, 0.144179, 0.696683), (0.495355, 0.108039, 0.696547), (0.495814, 0.018751, 0.696186), (0.495702, -0.170451, 0.696319), (0.495304, -0.129800, 0.696116), (0.495580, -0.063163, 0.696540), (0.495385, -0.016086, 0.696136), (-0.483251, -0.188936, 0.556648), (-0.470606, -0.189796, 0.578326), (-0.488537, -0.189128, 0.578565), (-0.491015, -0.187985, 0.548423), (-0.498376, -0.188448, 0.578039), (-0.498287, -0.187829, 0.561040), (-0.470945, -0.190101, 0.559043), (-0.481899, -0.189370, 0.549750), (-0.477759, -0.190000, 0.552534), (-0.489150, -0.190202, 0.585635), (-0.471296, -0.190483, 0.583434), (-0.498046, -0.189020, 0.548078), (-0.467011, -0.191977, 0.584410), (-0.467710, -0.191739, 0.554979), (-0.465889, -0.191772, 0.569168), (-0.465422, -0.191945, 0.577150), (-0.497415, -0.190201, 0.583448), (-0.501546, -0.186548, 0.583051), (-0.501066, -0.187064, 0.547552), (0.329434, -0.209827, 0.132691), (0.320548, -0.209782, 0.136261), (0.323504, -0.209723, 0.133380), (0.332774, -0.209671, 0.128705), (-0.496406, -0.194144, 0.072356), (-0.496650, -0.193204, 0.120885), (-0.496787, -0.193201, 0.185877), (-0.496876, -0.193324, 0.228655), (-0.497014, -0.193882, 0.247862), (-0.496384, -0.192648, 0.041722), (-0.500234, -0.190109, 0.031150), (-0.503127, -0.190224, 0.028525), (-0.497605, -0.188298, 0.025797), (-0.497254, -0.188500, 0.021564), (-0.490040, -0.187092, 0.021873), (-0.490748, -0.187729, 0.033490), (-0.493845, -0.188313, 0.038579), (-0.485100, -0.187393, 0.022668), (-0.487236, -0.188144, 0.032657), (0.499249, -0.199124, 0.677388), (0.498325, -0.210258, 0.678218), (0.498945, -0.211055, 0.671789), (0.498947, -0.180329, 0.666496), (0.497986, -0.210761, 0.686297), (-0.433089, 0.212792, 0.278803), (-0.433181, 0.212928, 0.295974), (-0.432711, 0.220656, 0.284203), (-0.432844, 0.220037, 0.301336), (-0.433134, 0.213295, 0.299827), (-0.433251, 0.228189, 0.262037), (-0.433291, 0.228163, 0.281545), (-0.433723, 0.228063, 0.302695), (-0.434511, 0.230259, 0.275559), (-0.495924, -0.000394, 0.689864), (-0.495912, -0.020409, 0.692776), (-0.495850, -0.076471, 0.689929), (-0.495968, -0.078417, 0.692931), (-0.496249, 0.059145, 0.693032), (-0.496204, 0.063701, 0.689807), (-0.495268, 0.116019, 0.693256), (-0.495251, 0.118977, 0.690114), (-0.495596, 0.145112, 0.693176), (-0.495155, -0.120772, 0.692934), (-0.495306, 0.153386, 0.690035), (-0.495067, 0.153705, 0.696030), (-0.494515, -0.135621, 0.690662), (-0.494493, -0.163322, 0.694199), (-0.494339, -0.117124, 0.696714), (-0.493839, -0.162137, 0.696870), (-0.494153, 0.122003, 0.696800), (-0.494777, -0.068280, 0.696425), (-0.494949, 0.026641, 0.696342), (-0.496098, -0.175787, 0.697148), (-0.494415, -0.017008, 0.696291), (-0.495340, -0.172468, 0.692797), (-0.496975, -0.175871, 0.692356), (-0.493380, -0.164920, 0.691311), (-0.488571, -0.068531, 0.689496), (-0.488111, -0.055696, 0.692947), (-0.488422, 0.019328, 0.689533), (-0.488282, 0.050302, 0.692885), (-0.488281, 0.098108, 0.689472), (-0.487104, -0.129421, 0.693013), (-0.487256, 0.114301, 0.693062), (-0.488532, 0.136948, 0.689470), (-0.488082, 0.140412, 0.693046), (-0.489798, 0.152312, 0.690143), (-0.488252, -0.119418, 0.689584), (-0.488004, -0.170776, 0.689116), (-0.486149, -0.173078, 0.692950), (-0.489044, -0.185659, 0.688904), (-0.486797, -0.191891, 0.692406), (-0.488728, -0.193990, 0.687759), (-0.487248, -0.201064, 0.691940), (-0.489390, -0.204506, 0.687669), (-0.488509, -0.205004, 0.695553), (-0.490071, 0.150558, 0.695534), (-0.487416, -0.183126, 0.696184), (-0.488986, 0.136365, 0.696503), (-0.489285, 0.009583, 0.696388), (-0.489403, -0.052144, 0.696226), (-0.489564, 0.056196, 0.695993), (-0.488931, 0.111058, 0.696714), (-0.488484, -0.136967, 0.696631), (-0.492420, -0.032517, 0.688968), (-0.492215, -0.115483, 0.689432), (-0.490931, -0.168035, 0.689355), (-0.492587, 0.037482, 0.689192), (-0.492081, 0.138037, 0.689396), (-0.492656, -0.175482, 0.688568), (-0.492375, -0.180366, 0.687952), (-0.492259, -0.186770, 0.688449), (-0.492271, -0.194229, 0.687454), (-0.492004, -0.200671, 0.687325), (-0.501469, -0.180415, 0.546023), (-0.501967, -0.180764, 0.586957), (-0.501370, -0.191953, 0.583603), (-0.501773, -0.180522, 0.612216), (-0.501974, -0.200446, 0.590573), (-0.501907, -0.211276, 0.591223), (-0.501226, -0.205480, 0.612917), (-0.500469, -0.210598, 0.630329), (-0.501061, -0.194407, 0.574789), (-0.501268, -0.199244, 0.570993), (-0.501254, -0.210513, 0.557125), (-0.500766, -0.199344, 0.554885), (-0.500238, -0.204996, 0.532947), (-0.500450, -0.195341, 0.540191), (-0.499753, -0.195704, 0.552005), (-0.498082, -0.194565, 0.565218), (-0.498777, -0.192397, 0.546579), (-0.497926, -0.194683, 0.554568), (-0.498011, -0.200360, 0.518722), (-0.501102, -0.210191, 0.523394), (-0.498846, -0.204525, 0.515398), (-0.498529, -0.200525, 0.475796), (-0.499403, -0.205354, 0.483072), (-0.501217, -0.210394, 0.456190), (-0.498330, -0.205580, 0.447301), (-0.497025, -0.200630, 0.437490), (-0.498028, -0.205379, 0.413007), (-0.496801, -0.200710, 0.395259), (-0.497246, -0.205569, 0.357150), (-0.495977, -0.200737, 0.355217), (-0.496658, -0.200858, 0.327060), (-0.497874, -0.205781, 0.317941), (-0.497521, -0.201744, 0.311609), (-0.499322, -0.204893, 0.307935), (-0.501064, -0.210955, 0.310804), (-0.500855, -0.210244, 0.364441), (-0.501079, -0.210111, 0.332535), (-0.500544, -0.203985, 0.301679), (-0.502284, -0.211874, 0.557835), (-0.502418, -0.212255, 0.596468), (-0.501951, -0.211956, 0.632272), (-0.501092, -0.211100, 0.303742), (-0.502528, -0.211564, 0.483933), (-0.503330, -0.212512, 0.388206), (-0.503350, -0.212461, 0.422855), (-0.502964, -0.212571, 0.303499), (-0.503671, -0.212063, 0.340015), (-0.498554, -0.210313, 0.640407), (-0.500894, -0.193378, 0.468013), (-0.501909, -0.187422, 0.510516), (-0.501960, -0.187309, 0.465743), (-0.500964, -0.193176, 0.510697), (-0.500319, -0.194588, 0.533750), (-0.501465, -0.187692, 0.441252), (-0.500158, -0.193115, 0.437340), (-0.502023, -0.187989, 0.367462), (-0.500379, -0.193383, 0.360284), (-0.500799, -0.193654, 0.338711), (-0.502719, -0.188148, 0.339425), (-0.502428, -0.187755, 0.308999), (-0.500343, -0.194002, 0.308850), (-0.500390, -0.197004, 0.303300), (-0.501676, -0.188489, 0.302795), (-0.503861, -0.182295, 0.303032), (-0.498946, -0.196351, 0.519298), (-0.499431, -0.196190, 0.468248), (-0.498677, -0.195499, 0.438662), (-0.497767, -0.196320, 0.353830), (-0.498068, -0.196628, 0.310677), (-0.502270, -0.181819, 0.301204), (-0.502420, -0.179953, 0.455753), (-0.502740, -0.179954, 0.396168), (-0.502303, -0.179921, 0.508886), (-0.500573, -0.191774, 0.544706), (0.434081, -0.230704, 0.685392), (0.433398, -0.219123, 0.684136), (0.435536, -0.228716, 0.712262), (0.434538, -0.220234, 0.705802), (0.435787, -0.231695, 0.707728), (0.436997, -0.221267, 0.718365), (0.437599, -0.230923, 0.717939), (0.431893, -0.222764, 0.681245), (0.433236, -0.228212, 0.680921), (0.432158, -0.217408, 0.678414), (0.428999, -0.227229, 0.679971), (0.512127, 0.065873, 0.288465), (0.513533, -0.052572, 0.288156), (0.511911, -0.018577, 0.288374), (0.511988, -0.114632, 0.288232), (0.513937, -0.124070, 0.288100), (0.513959, -0.161221, 0.288003), (0.513523, 0.065885, 0.288139), (0.513522, 0.125857, 0.288096), (0.512676, 0.113524, 0.288370), (0.513136, 0.145468, 0.287975), (0.511854, 0.118592, 0.288187), (0.512648, 0.167238, 0.288235), (0.511728, 0.164086, 0.288773), (-0.491923, -0.034554, 0.696672), (-0.492003, 0.008445, 0.696962), (-0.492244, 0.068331, 0.696535), (-0.491710, -0.111449, 0.697468), (-0.491525, 0.127423, 0.697703), (-0.491964, -0.173128, 0.697753), (-0.492522, -0.205465, 0.695700), (0.445631, 0.221458, 1.186515), (0.445882, 0.215422, 1.201065), (0.444895, 0.229709, 1.207666), (0.444938, 0.229292, 1.195199), (0.445547, 0.212745, 1.192031), (0.445758, 0.212208, 1.186129), (0.445870, 0.219172, 1.183644), (0.444596, 0.213393, 1.208376), (0.445116, 0.209818, 1.193941), (0.444350, 0.232156, 1.198524), (0.444696, 0.227582, 1.189723), (0.446771, 0.206208, 1.183919), (0.442888, 0.231934, 1.211579), (0.443112, 0.214143, 1.211556), (-0.432686, -0.221271, 0.304975), (-0.432026, -0.222541, 0.311859), (-0.433110, -0.218828, 0.304717), (-0.434559, -0.219105, 0.288999), (-0.434811, -0.211620, 0.300024), (-0.435797, -0.216495, 0.281174), (-0.435036, -0.226777, 0.277138), (-0.433990, -0.227942, 0.295791), (-0.432155, -0.227382, 0.306733), (-0.435663, -0.209013, 0.282049), (-0.437856, -0.213677, 0.278078), (-0.432692, -0.222666, 0.316652), (-0.431871, -0.227345, 0.313029), (-0.432750, -0.227601, 0.318770), (-0.430679, -0.224023, 0.322823), (-0.432815, -0.220129, 0.322644), (-0.432094, -0.228029, 0.323962), (-0.433192, -0.205769, 0.282988), (-0.436646, -0.230105, 0.285009), (-0.467471, -0.206446, 0.560186), (-0.466317, -0.198154, 0.582873), (-0.467210, -0.196315, 0.559062), (-0.466968, -0.211465, 0.567267), (-0.466291, -0.209963, 0.583164), (-0.468428, -0.209856, 0.557132), (-0.467653, -0.213305, 0.577750), (-0.266448, -0.218817, 0.720746), (-0.236275, -0.222354, 0.721675), (-0.289234, -0.223844, 0.720624), (-0.287309, -0.218766, 0.720456), (-0.234611, -0.219069, 0.720996), (-0.294149, -0.219495, 0.721493), (-0.294174, -0.223288, 0.721571), (-0.228583, -0.221325, 0.723588), (-0.286851, -0.226370, 0.718720), (-0.428118, -0.227084, 0.665339), (-0.415948, -0.219280, 0.665047), (-0.436066, -0.217281, 0.667851), (-0.431672, -0.215781, 0.667551), (-0.436393, -0.226998, 0.665827), (-0.440087, -0.223391, 0.666897), (-0.446161, -0.220204, 0.668010), (-0.417474, -0.227285, 0.664713), (-0.443230, -0.226582, 0.667527), (-0.412970, -0.215206, 0.666430), (-0.411424, -0.226912, 0.665426), (-0.410283, -0.222661, 0.667842), (-0.407539, -0.216043, 0.667242), (0.432540, 0.221861, 0.300076), (0.433234, 0.215717, 0.301278), (0.433219, 0.214248, 0.286067), (0.432583, 0.220836, 0.280714), (0.433396, 0.211940, 0.274568), (0.433599, 0.227849, 0.290102), (0.434477, 0.228318, 0.274636), (0.434462, 0.227834, 0.303749), (0.433682, 0.223226, 0.304436), (0.432873, 0.215024, 0.309160), (0.433142, 0.216483, 0.316790), (0.434191, 0.208240, 0.313741), (0.433489, 0.213803, 0.319508), (0.434114, 0.220495, 0.315058), (0.435222, 0.208950, 0.320519), (0.435454, 0.210655, 0.286400), (0.438517, 0.211636, 0.305604), (0.438563, 0.211608, 0.303201), (-0.436890, 0.221998, 1.186181), (-0.435242, 0.216173, 1.194320), (-0.435084, 0.223294, 1.194939), (-0.435828, 0.213846, 1.185905), (-0.435410, 0.231038, 1.199002), (-0.436272, 0.228581, 1.208364), (-0.436115, 0.213173, 1.208395), (-0.434591, 0.211735, 1.195822), (-0.437672, 0.230788, 1.211145), (-0.437139, 0.213092, 1.211505), (-0.434296, 0.213231, 1.182753), (-0.435883, 0.217694, 1.182426), (-0.438040, 0.226875, 1.190017), (-0.438506, 0.207904, 1.185887), (-0.437529, 0.209814, 1.193097), (-0.436866, 0.206292, 1.182948), (0.438258, 0.229468, 0.274584), (0.439533, 0.229495, 0.301508), (0.436202, 0.229841, 0.271846), (0.444114, 0.227901, 0.264545), (0.444594, 0.227792, 0.292951), (0.447361, 0.227095, 0.299878), (0.443973, 0.227491, 0.303792), (0.428212, 0.218147, 1.168340), (0.428840, 0.214180, 1.171843), (0.427247, 0.207602, 1.168158), (0.429450, 0.213878, 1.178016), (0.428008, 0.212749, 1.148833), (0.432319, 0.207475, 1.183043), (0.430722, 0.213259, 1.182926), (0.432243, 0.218942, 1.183005), (0.433430, 0.221137, 1.186540), (0.431567, 0.218355, 1.170141), (0.433131, 0.213270, 1.185617), (-0.511609, 0.043460, 1.167190), (-0.511370, -0.075679, 1.168763), (-0.513210, 0.020700, 1.167009), (-0.512926, -0.074774, 1.167965), (-0.511749, -0.106938, 1.167117), (-0.513891, -0.087089, 1.166547), (-0.513827, -0.005728, 1.166515), (-0.513774, 0.107947, 1.166448), (-0.514123, -0.118678, 1.166016), (-0.513481, -0.132100, 1.166901), (-0.511679, -0.129467, 1.168349), (-0.511390, -0.154067, 1.167560), (-0.513043, 0.109355, 1.167317), (-0.511268, 0.110808, 1.168556), (-0.513913, 0.115864, 1.166470), (-0.514766, 0.123565, 1.166673), (-0.511336, 0.126052, 1.168092), (-0.513368, -0.175497, 1.166855), (-0.511679, -0.175709, 1.169082), (-0.436955, 0.225235, 1.445141), (-0.449172, 0.225242, 1.189819), (-0.447990, 0.226961, 1.202623), (-0.449050, 0.211972, 1.201390), (-0.449402, 0.210668, 1.196130), (-0.449695, 0.218305, 1.187000), (-0.446884, 0.214676, 1.211124), (-0.446036, 0.226795, 1.211170), (-0.447488, 0.230496, 1.200145), (-0.448554, 0.213945, 1.185812), (-0.444538, 0.230172, 1.210705), (0.434516, 0.229070, 1.195067), (0.434253, 0.219585, 1.206489), (0.434868, 0.228917, 1.207652), (0.433888, 0.214159, 1.193613), (0.434067, 0.210781, 1.196546), (0.434327, 0.227296, 1.189855), (0.435552, 0.214449, 1.211493), (0.436555, 0.231727, 1.211643), (0.435749, 0.232534, 1.199135), (-0.446144, 0.220913, 0.283603), (-0.446542, 0.221478, 0.294718), (-0.443876, 0.212338, 0.284536), (-0.444733, 0.212544, 0.295272), (-0.446271, 0.220798, 0.300821), (-0.447816, 0.226519, 0.297417), (-0.444582, 0.214027, 0.303216), (-0.446702, 0.217884, 0.263101), (-0.447247, 0.226534, 0.281297), (-0.444533, 0.211972, 0.263599), (-0.447048, 0.226493, 0.302545), (-0.442972, 0.228975, 0.288574), (-0.443501, 0.228775, 0.295005), (-0.444414, 0.228698, 0.282631), (-0.444261, 0.223599, 0.303781), (-0.446153, 0.216027, 0.309150), (-0.444705, 0.208153, 0.302428), (-0.444060, 0.210768, 0.311675), (-0.444134, 0.222399, 0.310433), (-0.447239, 0.220884, 0.315609), (-0.448438, 0.213887, 0.315881), (-0.432904, 0.226534, 0.663613), (-0.442137, 0.226663, 0.666297), (-0.442677, 0.227420, 0.660632), (-0.433273, 0.226359, 0.683278), (-0.441306, 0.226279, 0.683339), (-0.432162, 0.227484, 0.661400), (-0.441965, 0.227126, 0.651640), (-0.432920, 0.226574, 0.643270), (-0.442347, 0.226634, 0.643944), (0.404816, -0.220398, 0.321539), (0.402558, -0.223020, 0.325128), (0.406078, -0.222665, 0.321106), (0.400447, -0.220751, 0.326357), (0.397035, -0.223032, 0.330673), (0.397020, -0.220258, 0.330633), (0.413446, -0.224149, 0.316977), (0.410178, -0.227117, 0.321336), (0.408694, -0.225818, 0.323834), (0.419023, -0.226539, 0.318669), (0.418626, -0.224361, 0.314366), (0.421504, -0.227208, 0.315397), (0.423610, -0.223860, 0.311410), (0.427300, -0.226660, 0.310120), (0.426037, -0.219914, 0.308083), (0.432864, -0.223250, 0.305484), (0.432282, -0.219347, 0.303897), (0.434845, -0.226879, 0.308006), (0.415468, -0.219385, 0.315394), (0.435231, -0.222441, 0.301321), (0.437424, -0.227840, 0.299742), (0.435754, -0.217000, 0.301028), (0.392881, -0.220903, 0.332255), (0.390439, -0.224350, 0.336415), (0.413038, -0.219017, 0.318304), (0.390801, -0.219801, 0.335804), (0.386340, -0.220342, 0.337590), (0.383734, -0.223928, 0.340194), (0.437078, -0.221624, 0.295399), (0.424372, -0.218944, 0.312072), (0.437611, -0.216456, 0.296535), (0.384727, -0.219623, 0.341208), (0.376778, -0.220644, 0.344026), (0.436870, -0.222297, 0.282147), (0.437114, -0.227372, 0.281602), (0.439465, -0.230997, 0.284726), (0.443183, -0.230726, 0.280264), (0.054514, -0.214840, 0.574904), (0.055271, -0.214721, 0.578982), (0.048102, -0.214747, 0.580990), (0.046393, -0.215036, 0.585573), (0.059879, -0.215488, 0.569897), (0.067033, -0.215552, 0.567543), (0.033751, -0.214539, 0.594202), (0.035039, -0.214852, 0.588776), (0.024588, -0.215020, 0.594376), (0.025843, -0.213870, 0.596964), (0.016376, -0.214532, 0.599822), (0.009641, -0.213065, 0.610621), (0.008657, -0.213982, 0.606100), (0.002364, -0.210808, 0.614874), (0.003064, -0.213664, 0.608806), (-0.003525, -0.213634, 0.607788), (0.027562, -0.214744, 0.598883), (0.019047, -0.214746, 0.605051), (0.007538, -0.213689, 0.616657), (0.001044, -0.209477, 0.623052), (0.008386, -0.212870, 0.627028), (0.011098, -0.212775, 0.634351), (0.000539, -0.209745, 0.632243), (0.013724, -0.211216, 0.642106), (0.063791, -0.216320, 0.572995), (0.011229, -0.215057, 0.612772), (0.070358, -0.218282, 0.568364), (-0.263993, -0.212851, 0.163994), (-0.261409, -0.213967, 0.169942), (-0.272825, -0.212538, 0.160389), (-0.255417, -0.212179, 0.169485), (-0.272620, -0.214279, 0.164350), (-0.283252, -0.212855, 0.155600), (-0.250154, -0.214012, 0.175780), (-0.244051, -0.212011, 0.174910), (-0.284029, -0.214399, 0.158280), (-0.297768, -0.213292, 0.148093), (-0.239108, -0.214043, 0.180975), (-0.294639, -0.214713, 0.152560), (-0.305878, -0.214925, 0.146599), (-0.311262, -0.213476, 0.140577), (-0.315009, -0.215125, 0.141981), (-0.323855, -0.214437, 0.136055), (-0.232726, -0.211873, 0.180326), (-0.227195, -0.214087, 0.186985), (-0.220748, -0.211641, 0.186144), (-0.215979, -0.213872, 0.192361), (-0.212426, -0.211720, 0.191338), (-0.204586, -0.213860, 0.198213), (-0.205351, -0.211566, 0.193942), (-0.192019, -0.211694, 0.202098), (-0.325339, -0.213613, 0.131661), (-0.334718, -0.213312, 0.126989), (-0.334476, -0.214670, 0.130442), (-0.345304, -0.213430, 0.121499), (-0.345624, -0.215716, 0.124283), (-0.351963, -0.214572, 0.119351), (-0.355353, -0.213525, 0.113364), (-0.360538, -0.214880, 0.114700), (-0.362941, -0.213143, 0.110285), (-0.370617, -0.214318, 0.108042), (-0.374186, -0.214159, 0.100310), (-0.196639, -0.215613, 0.203578), (-0.186131, -0.214565, 0.209039), (-0.183594, -0.212126, 0.207753), (-0.174292, -0.214396, 0.214646), (-0.176246, -0.211479, 0.209276), (-0.169296, -0.211462, 0.213737), (-0.163147, -0.214582, 0.220427), (-0.158109, -0.211408, 0.219344), (-0.151791, -0.214476, 0.226037), (-0.184910, -0.211946, 0.203570), (-0.149894, -0.212007, 0.224791), (-0.142819, -0.211142, 0.227122), (-0.141050, -0.214196, 0.231765), (-0.151256, -0.211811, 0.220817), (-0.130135, -0.213728, 0.237105), (-0.136546, -0.210995, 0.228981), (-0.127153, -0.211212, 0.236198), (-0.124264, -0.210871, 0.235469), (-0.119254, -0.213911, 0.243333), (-0.116282, -0.211148, 0.241864), (-0.107493, -0.213464, 0.249634), (-0.111395, -0.211050, 0.242785), (-0.381240, -0.212968, 0.099233), (-0.381842, -0.214336, 0.102350), (-0.391533, -0.212744, 0.094150), (-0.392314, -0.214370, 0.097070), (-0.402684, -0.212745, 0.088367), (-0.402180, -0.214954, 0.091689), (-0.410136, -0.214163, 0.086241), (-0.415691, -0.212358, 0.079686), (-0.420688, -0.214287, 0.080137), (-0.427669, -0.212704, 0.071086), (-0.432935, -0.212572, 0.069464), (-0.427570, -0.215777, 0.076448), (-0.437269, -0.214234, 0.069224), (-0.442016, -0.212627, 0.061978), (-0.445708, -0.215067, 0.064262), (-0.447345, -0.212531, 0.060492), (-0.452787, -0.214921, 0.059271), (-0.457944, -0.214326, 0.054779), (-0.462321, -0.211702, 0.046942), (-0.464917, -0.214510, 0.049524), (-0.468367, -0.213950, 0.045739), (-0.463680, -0.212041, 0.040875), (-0.468737, -0.211208, 0.036744), (-0.472129, -0.215556, 0.043841), (-0.474026, -0.213199, 0.035738), (-0.469089, -0.210701, 0.027930), (-0.475683, -0.211632, 0.028288), (-0.475355, -0.211372, 0.019504), (-0.480081, -0.212280, 0.025423), (-0.452338, -0.213226, 0.051817), (-0.480079, -0.212521, 0.022196), (-0.463740, -0.212832, 0.020689), (-0.463261, -0.213330, 0.035206), (-0.346367, -0.214605, 0.117188), (-0.462958, -0.213252, 0.028717), (-0.459099, -0.214406, 0.025007), (-0.458050, -0.213448, 0.045161), (-0.454158, -0.214251, 0.047931), (-0.401307, -0.213846, 0.085728), (-0.405414, -0.214552, 0.081606), (-0.363317, -0.214582, 0.106219), (-0.435799, -0.213892, 0.063503), (-0.427672, -0.215149, 0.066646), (-0.381760, -0.214972, 0.094521), (-0.391804, -0.214615, 0.089864), (-0.332990, -0.214898, 0.124577), (-0.418692, -0.213746, 0.074762), (-0.410026, -0.215089, 0.077880), (-0.422293, -0.214799, 0.070818), (-0.440017, -0.214806, 0.059401), (-0.444509, -0.215316, 0.055460), (-0.460538, -0.215299, 0.037228), (-0.351687, -0.215902, 0.112219), (-0.476120, -0.216434, 0.029974), (-0.445712, 0.221299, 0.658834), (-0.444930, 0.212697, 0.663309), (-0.446067, 0.212813, 0.658471), (-0.444494, 0.221884, 0.665635), (-0.444609, 0.215264, 0.666029), (-0.446189, 0.221027, 0.651359), (-0.444719, 0.222618, 0.672907), (-0.444269, 0.215625, 0.673151), (-0.442457, 0.214720, 0.681952), (-0.443365, 0.212666, 0.676291), (-0.444092, 0.223188, 0.680773), (-0.444269, 0.212504, 0.642963), (-0.445230, 0.220969, 0.644682), (-0.441818, 0.220548, 0.683404), (0.428715, 0.221262, 0.645847), (0.431254, 0.230578, 0.662340), (0.428859, 0.221180, 0.661724), (0.429768, 0.226565, 0.646406), (0.428441, 0.213105, 0.661691), (0.428729, 0.215558, 0.646649), (0.430774, 0.222167, 0.665810), (0.432452, 0.228397, 0.666383), (0.431306, 0.223471, 0.673863), (0.433021, 0.228055, 0.675218), (0.431719, 0.226165, 0.684148), (0.431612, 0.219248, 0.684147), (0.432568, 0.215526, 0.671946), (0.434145, 0.212151, 0.674122), (0.433371, 0.214185, 0.684361), (0.431895, 0.230219, 0.652645), (0.430930, 0.219847, 0.644513), (0.434403, 0.231782, 0.649797), (0.434156, 0.230823, 0.664996), (0.438637, 0.217606, 1.165457), (0.444360, 0.212641, 1.171404), (0.439652, 0.217868, 1.170348), (0.441170, 0.212703, 1.165311), (0.438613, 0.215720, 1.151272), (0.444968, 0.207018, 1.169522), (0.441454, 0.204248, 1.160188), (0.448113, 0.207273, 1.182719), (0.440115, 0.204249, 1.153918), (0.444195, 0.217250, 1.172887), (0.420377, -0.226720, 0.666084), (0.436384, -0.219453, 0.666665), (0.422882, -0.215566, 0.667481), (0.434734, -0.224023, 0.665689), (0.418160, -0.222151, 0.667126), (0.414100, -0.215562, 0.667341), (0.443745, -0.227301, 0.665968), (0.451040, -0.219685, 0.667227), (0.443189, -0.215141, 0.667123), (0.456606, -0.215266, 0.667279), (0.431844, -0.227710, 0.665858), (0.460557, -0.216144, 0.667428), (0.429697, -0.216570, 0.668086), (0.449335, -0.226686, 0.668217), (0.412074, -0.221232, 0.669898), (0.415697, -0.226449, 0.669674), (0.269518, -0.214684, 0.717461), (0.291130, -0.218120, 0.716937), (0.296096, -0.215120, 0.717433), (0.250572, -0.218455, 0.717122), (0.226744, -0.215174, 0.718247), (0.222850, -0.221317, 0.718472), (0.263092, -0.222099, 0.717694), (0.291818, -0.221213, 0.717888), (0.222586, -0.218864, 0.718998), (0.300542, -0.218416, 0.714732), (0.300613, -0.221708, 0.715639), (0.307492, -0.218717, 0.712361), (0.302595, -0.220983, 0.712697), (0.317063, -0.222229, 0.710007), (0.317356, -0.218666, 0.709725), (0.310205, -0.215691, 0.716565), (0.317059, -0.216284, 0.715496), (0.326108, -0.216816, 0.710210), (0.319502, -0.220817, 0.706647), (0.333501, -0.218673, 0.704413), (0.335952, -0.217471, 0.709050), (0.339707, -0.217253, 0.704182), (0.335709, -0.220900, 0.700954), (0.239996, -0.214904, 0.720332), (0.345898, -0.218891, 0.698467), (0.498689, 0.142018, 1.408032), (0.512993, 0.140869, 1.405920), (-0.433444, -0.222115, 0.684934), (-0.437208, -0.230936, 0.704765), (-0.436065, -0.221353, 0.700567), (-0.434035, -0.229348, 0.685887), (-0.438106, -0.230366, 0.717961), (-0.437682, -0.220453, 0.712950), (-0.439043, -0.220938, 0.717784), (-0.431394, -0.223795, 0.682269), (-0.432476, -0.227513, 0.681335), (-0.432016, -0.218679, 0.680455), (-0.446938, -0.214748, 0.302592), (-0.449016, -0.220476, 0.309995), (-0.450617, -0.224252, 0.304228), (-0.451034, -0.224238, 0.310551), (-0.449972, -0.227050, 0.316423), (-0.448624, -0.222401, 0.316183), (-0.450707, -0.228405, 0.311206), (-0.450136, -0.227540, 0.298524), (-0.449826, -0.220644, 0.286963), (-0.449393, -0.215391, 0.299548), (-0.449852, -0.215307, 0.288429), (-0.449478, -0.227085, 0.275565), (-0.451318, -0.215428, 0.277740), (-0.450286, -0.220633, 0.277525), (-0.448396, -0.231345, 0.285608), (-0.327174, -0.217497, 0.135083), (-0.317531, -0.219051, 0.140514), (-0.337667, -0.217584, 0.129023), (-0.306434, -0.219410, 0.146377), (-0.297600, -0.217451, 0.151273), (-0.286781, -0.217420, 0.157262), (-0.275656, -0.217280, 0.163299), (-0.264109, -0.217005, 0.169328), (-0.252983, -0.216814, 0.175105), (-0.241562, -0.216761, 0.180562), (-0.229976, -0.216747, 0.186120), (-0.218272, -0.216720, 0.191717), (-0.207578, -0.216651, 0.197213), (-0.294185, -0.219889, 0.152392), (-0.283490, -0.219916, 0.158022), (0.439694, 0.222069, 0.670281), (0.439170, 0.221555, 0.666305), (0.437624, 0.215235, 0.671754), (0.436703, 0.228482, 0.666170), (0.437261, 0.227701, 0.672576), (0.440843, 0.222408, 0.674967), (0.440857, 0.217947, 0.675332), (0.439972, 0.225545, 0.680561), (0.440463, 0.226706, 0.675743), (0.439325, 0.220370, 0.684012), (0.438662, 0.226581, 0.682852), (0.441279, 0.220117, 0.663610), (0.442045, 0.228373, 0.661994), (0.442900, 0.222657, 0.662390), (0.443335, 0.226305, 0.646812), (0.441038, 0.218395, 0.649322), (0.438274, 0.221230, 0.644999), (0.439753, 0.230185, 0.652354), (0.439235, 0.231167, 0.659212), (0.501385, 0.161481, 1.408924), (0.508620, 0.164296, 1.412518), (0.505796, 0.165705, 1.412752), (0.503468, 0.159005, 1.405730), (0.508723, 0.159207, 1.404566), (0.512966, 0.158999, 1.404465), (0.496934, 0.155393, 1.407561), (0.495647, 0.161025, 1.409329), (0.501087, 0.166558, 1.409144), (0.508335, 0.145818, 1.405027), (0.506106, 0.168505, 1.412550), (0.512985, 0.169676, 1.415554), (0.513010, 0.161504, 1.414167), (0.495530, 0.166442, 1.408355), (0.102872, -0.211421, 1.193581), (0.104356, -0.215711, 1.194722), (0.098457, -0.211430, 1.191556), (0.096236, -0.215281, 1.190080), (0.098090, -0.220475, 1.189892), (0.093860, -0.220827, 1.186771), (0.107200, -0.212428, 1.197488), (0.114914, -0.215966, 1.200561), (0.116701, -0.212257, 1.201424), (0.120979, -0.216800, 1.204246), (0.110410, -0.209429, 1.198787), (0.124099, -0.214636, 1.208198), (0.094735, -0.208705, 1.184160), (0.131221, -0.211548, 1.211093), (0.130426, -0.215337, 1.212437), (0.140413, -0.213458, 1.218397), (0.118424, -0.209755, 1.200195), (0.108540, -0.209800, 1.194956), (0.102892, -0.209004, 1.187318), (0.093192, -0.221154, 1.174852), (0.104142, -0.207903, 1.183627), (0.258052, -0.217829, 0.165637), (0.253345, -0.217684, 0.171613), (0.266926, -0.217424, 0.164757), (0.277240, -0.217820, 0.155928), (0.237881, -0.217543, 0.175793), (0.230238, -0.217199, 0.182224), (0.222553, -0.217352, 0.182864), (0.218859, -0.217240, 0.187579), (0.274752, -0.216551, 0.161969), (0.288647, -0.217843, 0.151601), (0.284684, -0.216029, 0.157481), (0.299336, -0.218013, 0.146701), (0.218161, -0.215887, 0.190561), (0.214904, -0.215185, 0.193367), (0.205274, -0.215350, 0.198274), (0.209318, -0.217496, 0.191184), (0.195830, -0.216717, 0.201418), (0.199302, -0.217455, 0.195342), (0.182331, -0.217315, 0.204087), (0.172590, -0.217042, 0.213256), (0.162798, -0.217636, 0.214654), (0.154661, -0.217311, 0.221928), (0.137592, -0.217465, 0.227595), (0.127927, -0.216991, 0.235850), (0.117596, -0.217554, 0.237586), (0.112544, -0.217048, 0.244450), (0.103366, -0.217210, 0.246470), (0.101030, -0.216748, 0.251439), (0.093440, -0.216719, 0.253520), (0.092460, -0.215137, 0.258181), (0.089338, -0.216737, 0.257931), (0.081599, -0.217005, 0.258839), (0.074341, -0.216508, 0.266123), (0.167499, -0.215833, 0.217764), (0.237699, -0.215295, 0.181731), (0.229786, -0.215882, 0.184583), (0.226029, -0.214853, 0.187913), (0.249521, -0.215808, 0.176076), (0.260708, -0.215897, 0.170331), (0.294532, -0.214983, 0.153711), (0.077124, -0.213912, 0.268333), (0.068982, -0.214142, 0.272256), (0.064594, -0.215595, 0.271107), (0.067861, -0.216325, 0.267540), (0.066651, -0.212021, 0.276138), (0.057425, -0.213895, 0.277704), (0.057518, -0.215661, 0.272942), (0.053692, -0.215750, 0.276863), (0.047525, -0.216676, 0.281019), (0.122999, -0.215525, 0.240736), (0.112172, -0.215489, 0.246830), (0.119434, -0.214106, 0.244433), (0.272025, -0.215256, 0.164785), (0.175973, -0.214914, 0.214197), (0.189606, -0.215413, 0.206395), (0.185257, -0.214462, 0.209939), (0.152552, -0.214762, 0.226209), (0.141926, -0.214988, 0.231379), (0.133088, -0.215453, 0.235341), (0.087687, -0.213534, 0.262704), (0.054736, -0.211155, 0.281469), (0.104608, -0.213966, 0.252606), (0.130770, -0.213268, 0.237894), (0.163446, -0.213922, 0.221419), (0.297263, -0.216501, 0.150658), (0.310658, -0.217960, 0.140577), (0.305658, -0.215088, 0.147990), (0.308110, -0.216409, 0.145078), (0.320289, -0.217485, 0.135894), (0.317329, -0.215531, 0.141166), (0.330450, -0.216686, 0.132580), (0.327409, -0.215217, 0.135912), (0.048369, -0.214454, 0.272563), (0.032075, -0.215406, 0.277850), (0.065927, -0.214358, 0.266666), (0.078582, -0.214707, 0.259001), (0.212801, -0.216447, 0.187034), (0.222513, -0.215044, 0.179912), (0.050858, -0.213484, 0.269574), (0.033941, -0.214414, 0.275378), (0.202329, -0.216407, 0.192519), (0.026340, -0.217637, 0.280700), (0.030984, -0.217210, 0.282721), (0.091574, -0.214767, 0.251456), (0.133578, -0.216165, 0.227941), (0.145798, -0.215997, 0.221864), (0.105535, -0.216022, 0.243561), (0.097539, -0.214003, 0.246760), (0.179337, -0.215924, 0.204216), (0.168303, -0.216042, 0.209968), (0.157393, -0.216027, 0.215798), (0.149116, -0.214374, 0.218629), (0.193569, -0.214535, 0.195544), (0.190257, -0.215989, 0.198661), (0.068601, -0.212890, 0.264325), (0.057380, -0.210793, 0.278915), (-0.107277, -0.216731, 0.841246), (-0.094529, -0.215434, 0.848517), (-0.105556, -0.219133, 0.842169), (-0.091920, -0.220185, 0.850281), (-0.082593, -0.217162, 0.855309), (-0.081748, -0.220470, 0.855832), (-0.077608, -0.215589, 0.857443), (-0.120316, -0.218254, 0.833061), (-0.074596, -0.220107, 0.860316), (-0.064924, -0.217170, 0.865453), (-0.064484, -0.220695, 0.865985), (-0.051534, -0.216558, 0.873819), (-0.053660, -0.222231, 0.872074), (-0.046727, -0.220227, 0.877916), (-0.118059, -0.214131, 0.833332), (-0.126176, -0.214800, 0.828155), (-0.130192, -0.217435, 0.826346), (-0.042032, -0.215281, 0.878846), (-0.109152, -0.214509, 0.839006), (-0.033906, -0.219688, 0.885669), (-0.136145, -0.215299, 0.821170), (-0.138310, -0.217548, 0.820377), (-0.139002, -0.221830, 0.819676), (-0.147171, -0.221025, 0.815997), (-0.126997, -0.220263, 0.827750), (-0.027438, -0.215512, 0.887209), (-0.057180, -0.215060, 0.869309), (-0.068443, -0.215025, 0.861963), (-0.088547, -0.214899, 0.851171), (-0.025239, -0.217364, 0.889708), (-0.025102, -0.221320, 0.889660), (-0.021806, -0.219601, 0.892859), (-0.148025, -0.217337, 0.812857), (-0.154210, -0.219613, 0.811426), (-0.159860, -0.222106, 0.808650), (-0.165786, -0.220019, 0.804952), (-0.174797, -0.219218, 0.799264), (-0.176791, -0.222942, 0.799346), (-0.188496, -0.221375, 0.793075), (-0.183633, -0.224079, 0.794652), (-0.198565, -0.223717, 0.786482), (-0.141619, -0.216523, 0.815055), (-0.078255, -0.214666, 0.854988), (-0.188744, -0.218482, 0.790048), (-0.200512, -0.221944, 0.786232), (-0.219512, -0.223372, 0.775262), (-0.194800, -0.219953, 0.788709), (-0.205415, -0.219880, 0.783054), (-0.223167, -0.221030, 0.773374), (-0.160713, -0.223933, 0.807287), (-0.217828, -0.218065, 0.773075), (-0.226126, -0.218709, 0.769359), (-0.234671, -0.220094, 0.766227), (-0.039550, -0.222539, 0.880481), (-0.164964, -0.217924, 0.802695), (-0.016609, -0.217772, 0.894690), (-0.016629, -0.220932, 0.894997), (-0.011397, -0.215177, 0.894766), (-0.014734, -0.220094, 0.899591), (-0.014822, -0.222927, 0.893740), (-0.076932, -0.222308, 0.856866), (-0.512690, 0.160137, 1.404169), (-0.511171, 0.148375, 1.403043), (-0.501994, 0.159565, 1.405230), (-0.499167, 0.148602, 1.406185), (-0.504572, 0.142716, 1.405788), (-0.512634, 0.141511, 1.405043), (-0.497921, 0.156248, 1.407524), (-0.512787, 0.147999, 1.403392), (-0.499391, 0.161300, 1.408992), (-0.264465, -0.219017, 0.715638), (-0.232916, -0.222322, 0.716093), (-0.225431, -0.218846, 0.716853), (-0.264706, -0.223069, 0.714884), (-0.221822, -0.223430, 0.718045), (-0.217445, -0.220851, 0.718833), (-0.266837, -0.221016, 0.712761), (0.434488, 0.217528, 1.161041), (0.439304, 0.219136, 1.177747), (0.439170, 0.221287, 1.183276), (0.439273, 0.224109, 1.185361), (0.431257, -0.213427, 1.161842), (0.432394, -0.209993, 1.138145), (0.432159, -0.216817, 1.165182), (0.433112, -0.217223, 1.184849), (0.433416, -0.215700, 1.143081), (0.431484, -0.212785, 1.134882), (0.432976, -0.213841, 1.185747), (0.429745, -0.209253, 1.131978), (-0.504019, -0.211605, 0.039066), (-0.504158, -0.211329, 0.060050), (-0.504834, -0.206263, 0.038290), (-0.505351, -0.203902, 0.035733), (-0.502989, -0.211413, 0.027492), (-0.504539, -0.206276, 0.051310), (-0.503269, -0.206665, 0.067517), (-0.504684, -0.213801, 0.070010), (-0.504703, -0.213516, 0.078868), (-0.504743, -0.213846, 0.040123), (-0.502346, -0.203562, 0.027292), (-0.503034, -0.201920, 0.038469), (-0.502325, -0.201558, 0.049917), (-0.501416, -0.206295, 0.078115), (-0.503732, -0.213211, 0.115035), (-0.501077, -0.206872, 0.117969), (-0.503070, -0.213059, 0.169964), (-0.500515, -0.207178, 0.184210), (-0.502812, -0.210953, 0.208963), (-0.500947, -0.207201, 0.211646), (-0.500123, -0.207342, 0.244144), (-0.501601, -0.210692, 0.249340), (-0.500196, -0.203475, 0.074150), (-0.504286, -0.212986, 0.209938), (-0.500044, -0.210745, 0.258075), (-0.503717, -0.202710, 0.033602), (-0.496720, -0.205016, 0.229506), (-0.496461, -0.204893, 0.185802), (-0.496753, -0.204350, 0.088732), (-0.497319, -0.203781, 0.076127), (-0.498413, -0.203275, 0.019151), (-0.491177, -0.200671, 0.017143), (-0.499094, -0.202275, 0.036919), (-0.500050, -0.203871, 0.026202), (-0.497733, -0.201813, 0.050410), (-0.365965, -0.220022, 0.699023), (-0.368616, -0.223023, 0.698161), (-0.376880, -0.220629, 0.694903), (-0.351829, -0.224650, 0.704507), (-0.364372, -0.225104, 0.699842), (-0.353151, -0.220107, 0.703989), (-0.338964, -0.222859, 0.709954), (-0.378460, -0.223930, 0.693962), (-0.338078, -0.220120, 0.709740), (-0.326592, -0.223408, 0.715697), (-0.325772, -0.220419, 0.716033), (-0.314260, -0.220024, 0.722033), (-0.316249, -0.223554, 0.721150), (-0.310108, -0.224119, 0.724984), (-0.336701, -0.225296, 0.710257), (-0.379593, -0.219480, 0.692141), (-0.388617, -0.223297, 0.689418), (-0.390572, -0.220176, 0.688654), (-0.399578, -0.221592, 0.686458), (-0.391977, -0.226258, 0.686730), (-0.404516, -0.226601, 0.683047), (-0.411503, -0.224630, 0.682288), (-0.402836, -0.219950, 0.684395), (-0.420678, -0.222175, 0.681708), (-0.425973, -0.227514, 0.679883), (-0.317708, -0.226139, 0.718636), (-0.392434, -0.218224, 0.685282), (-0.410613, -0.217616, 0.680372), (-0.422036, -0.219048, 0.680419), (-0.373481, -0.218176, 0.692669), (0.450923, -0.221734, 0.302742), (0.449642, -0.220716, 0.313390), (0.449918, -0.217196, 0.302863), (0.450096, -0.223811, 0.292651), (0.450814, -0.227860, 0.301576), (0.449356, -0.228833, 0.280758), (0.449806, -0.223838, 0.280216), (0.447312, -0.213697, 0.282220), (0.449050, -0.226366, 0.314339), (0.448456, -0.218025, 0.295566), (0.446312, -0.213244, 0.286947), (0.445717, -0.212669, 0.300400), (0.446948, -0.209597, 0.286812), (0.446081, -0.209933, 0.300252), (0.448051, -0.209722, 0.281272), (0.447409, -0.216708, 0.305672), (-0.065189, -0.216585, 0.667538), (-0.065002, -0.219550, 0.672852), (-0.060103, -0.222753, 0.673425), (-0.060480, -0.220737, 0.667097), (-0.063298, -0.221370, 0.681724), (-0.057687, -0.223804, 0.677156), (-0.065611, -0.215938, 0.671807), (-0.065045, -0.217699, 0.679294), (-0.063678, -0.215036, 0.684044), (-0.065248, -0.213838, 0.675017), (-0.061899, -0.213067, 0.665905), (-0.062527, -0.213741, 0.662134), (-0.273834, -0.220249, 0.744845), (-0.275391, -0.223554, 0.744494), (-0.286172, -0.220150, 0.738052), (-0.253323, -0.222082, 0.756677), (-0.286008, -0.224140, 0.738622), (-0.297351, -0.220254, 0.732102), (-0.297836, -0.223205, 0.732279), (-0.307082, -0.220564, 0.727346), (-0.256226, -0.219943, 0.754576), (-0.245676, -0.219941, 0.760333), (-0.234861, -0.223520, 0.766618), (-0.305033, -0.224215, 0.728289), (-0.251948, -0.223735, 0.756736), (-0.303848, -0.225515, 0.728193), (-0.294492, -0.225207, 0.733122), (-0.222605, -0.224640, 0.770586), (-0.310385, -0.225715, 0.722983), (0.492052, 0.119264, 0.696891), (0.494853, 0.075786, 0.696072), (0.493319, 0.144868, 0.696671), (-0.430596, 0.222875, 0.656211), (-0.432182, 0.214067, 0.663259), (-0.432528, 0.222680, 0.665925), (-0.430881, 0.214467, 0.658600), (-0.432938, 0.217299, 0.666021), (-0.430808, 0.214249, 0.650238), (-0.432218, 0.221928, 0.680457), (-0.433019, 0.216569, 0.673064), (-0.433466, 0.212830, 0.676315), (-0.433516, 0.214521, 0.683795), (-0.431825, 0.213265, 0.642482), (-0.431456, 0.221502, 0.641176), (-0.432442, 0.215161, 0.639530), (0.241396, -0.223363, 0.449399), (0.235412, -0.226021, 0.452883), (0.227127, -0.224869, 0.458901), (0.228497, -0.220767, 0.458077), (0.214089, -0.223167, 0.468222), (0.240244, -0.219976, 0.449533), (0.252801, -0.220393, 0.442091), (0.259039, -0.223318, 0.438152), (0.255674, -0.225860, 0.439823), (0.269534, -0.225310, 0.431541), (0.268803, -0.220313, 0.431607), (0.282135, -0.220641, 0.423974), (0.279977, -0.224088, 0.425204), (0.288915, -0.223066, 0.420090), (0.216812, -0.225774, 0.465465), (0.259499, -0.219613, 0.436382), (0.287631, -0.219785, 0.419704), (0.298154, -0.220512, 0.413958), (0.297118, -0.225312, 0.414841), (0.306230, -0.223371, 0.408778), (0.304825, -0.219626, 0.408351), (0.315577, -0.220307, 0.402689), (0.315399, -0.223844, 0.402835), (0.324018, -0.223394, 0.397068), (0.323756, -0.220013, 0.396493), (0.332517, -0.225895, 0.391173), (0.337026, -0.220323, 0.387351), (0.339975, -0.223444, 0.386261), (0.348857, -0.221613, 0.380753), (0.343898, -0.226115, 0.382593), (0.353231, -0.226081, 0.376927), (0.357013, -0.223266, 0.375320), (0.353886, -0.220224, 0.376907), (0.364670, -0.221224, 0.370199), (0.365806, -0.226403, 0.368549), (0.376512, -0.224073, 0.361455), (0.320446, -0.226102, 0.398527), (0.312317, -0.226090, 0.404025), (0.301779, -0.226227, 0.410685), (0.285688, -0.225817, 0.420963), (0.208229, -0.225410, 0.470992), (0.370373, -0.219939, 0.364779), (0.381659, -0.221016, 0.358657), (0.244009, -0.226498, 0.445651), (0.202438, -0.223056, 0.476177), (0.211737, -0.220621, 0.469696), (0.199319, -0.219892, 0.477534), (0.190149, -0.225044, 0.484441), (0.187787, -0.220823, 0.486136), (0.177534, -0.222994, 0.493607), (0.220300, -0.219611, 0.462354), (0.176209, -0.220195, 0.493734), (0.175874, -0.225609, 0.493818), (0.164985, -0.221188, 0.502646), (0.165274, -0.224948, 0.502187), (0.157135, -0.222841, 0.508932), (0.150453, -0.225058, 0.513467), (0.145227, -0.222494, 0.517950), (0.146621, -0.220675, 0.516592), (0.134598, -0.222642, 0.525914), (0.130954, -0.219903, 0.528039), (0.123424, -0.222770, 0.534719), (0.120165, -0.220935, 0.537156), (0.108432, -0.221239, 0.545093), (0.137604, -0.225000, 0.522218), (0.125889, -0.224398, 0.532148), (0.114078, -0.224389, 0.540189), (0.198690, -0.225586, 0.477681), (0.101391, -0.224533, 0.547944), (0.101340, -0.221532, 0.549350), (0.091358, -0.220554, 0.555694), (0.083082, -0.222474, 0.559606), (0.082277, -0.217949, 0.559781), (0.079348, -0.219621, 0.562876), (0.072284, -0.221729, 0.566453), (0.068374, -0.221393, 0.569988), (0.058819, -0.221206, 0.577472), (0.049918, -0.218098, 0.583842), (0.049893, -0.221861, 0.582374), (0.042204, -0.221150, 0.588978), (0.040470, -0.217813, 0.590449), (0.029815, -0.218230, 0.597715), (0.027712, -0.221440, 0.598430), (0.015640, -0.217942, 0.607834), (0.007029, -0.217472, 0.616197), (0.014196, -0.220824, 0.607156), (0.384685, -0.222581, 0.355073), (0.002236, -0.220911, 0.616621), (0.376659, -0.226700, 0.359663), (0.383934, -0.220635, 0.355652), (0.392894, -0.220553, 0.350758), (0.393659, -0.224075, 0.349805), (0.404492, -0.223528, 0.345121), (0.396698, -0.226718, 0.346978), (0.410291, -0.226721, 0.340675), (0.413231, -0.223787, 0.340072), (0.413859, -0.220448, 0.340027), (0.422467, -0.219828, 0.334322), (0.419754, -0.226475, 0.334947), (0.423092, -0.224827, 0.332965), (0.434070, -0.220228, 0.327833), (0.425553, -0.225838, 0.330617), (0.431305, -0.223060, 0.329144), (0.437131, -0.226536, 0.324591), (0.440161, -0.223886, 0.322526), (0.441779, -0.219665, 0.320870), (0.430945, -0.226181, 0.327052), (0.379896, -0.225145, 0.354902), (0.404705, -0.219636, 0.344186), (0.446072, -0.219333, 0.315603), (0.274470, -0.226033, 0.425301), (0.155747, -0.226774, 0.506442), (0.222422, -0.226433, 0.459256), (0.080734, -0.223503, 0.559131), (0.161610, -0.219318, 0.503118), (0.072656, -0.214992, 0.564901), (0.103524, -0.217612, 0.545590), (0.111688, -0.218977, 0.541520), (0.088892, -0.217127, 0.554656), (0.097503, -0.216932, 0.547789), (0.077550, -0.216029, 0.560661), (0.081633, -0.215842, 0.557722), (0.327871, -0.209581, 1.077136), (0.335264, -0.211722, 1.081032), (0.324789, -0.211718, 1.075357), (0.338232, -0.209609, 1.082438), (0.346788, -0.211511, 1.086981), (0.350655, -0.209362, 1.088188), (0.356856, -0.211521, 1.092147), (0.358178, -0.209412, 1.093216), (0.368833, -0.211321, 1.098108), (0.369938, -0.209458, 1.098671), (0.380441, -0.211526, 1.103908), (0.382629, -0.209572, 1.104615), (0.390047, -0.213126, 1.109298), (0.390352, -0.209573, 1.109723), (0.398577, -0.211508, 1.114697), (0.399777, -0.209497, 1.114969), (0.408348, -0.209665, 1.121329), (0.401968, -0.213604, 1.115553), (0.412718, -0.213812, 1.121271), (0.419093, -0.211437, 1.126680), (0.420114, -0.209422, 1.127555), (0.427925, -0.212355, 1.131243), (0.102075, -0.211291, 0.956762), (0.106306, -0.213623, 0.958672), (0.102645, -0.214912, 0.955004), (0.094010, -0.214405, 0.951959), (0.090065, -0.211430, 0.950371), (0.083281, -0.215486, 0.946357), (0.114320, -0.211155, 0.962936), (0.117411, -0.213883, 0.963672), (0.125748, -0.211318, 0.968434), (0.128142, -0.214026, 0.969021), (0.136078, -0.211250, 0.973715), (0.137870, -0.214458, 0.973323), (0.144883, -0.213719, 0.978727), (0.146175, -0.210342, 0.979985), (0.155543, -0.211286, 0.985140), (0.158044, -0.213883, 0.985889), (0.165836, -0.211335, 0.990414), (0.168537, -0.214269, 0.991241), (0.176636, -0.211191, 0.996189), (0.178362, -0.214107, 0.996824), (0.187746, -0.210071, 1.003746), (0.080553, -0.211578, 0.945170), (0.187323, -0.214124, 1.003007), (0.197444, -0.214093, 1.008097), (0.072842, -0.215132, 0.941539), (0.194863, -0.211546, 1.007780), (0.205459, -0.211503, 1.013405), (0.213434, -0.213474, 1.016149), (0.215759, -0.211195, 1.018812), (0.227824, -0.212682, 1.024575), (0.226186, -0.209473, 1.024303), (0.237443, -0.210092, 1.030814), (0.242506, -0.213919, 1.031055), (0.210349, -0.209536, 1.015814), (0.247590, -0.211531, 1.035695), (0.248421, -0.209661, 1.036418), (0.259513, -0.213360, 1.041370), (0.259521, -0.209613, 1.042094), (0.269032, -0.211523, 1.046910), (0.278001, -0.213809, 1.050263), (0.280052, -0.211688, 1.052399), (0.290938, -0.211784, 1.057983), (0.294574, -0.213944, 1.058809), (0.302509, -0.211769, 1.063749), (0.305704, -0.213928, 1.064345), (0.313713, -0.211632, 1.069515), (0.316700, -0.213783, 1.069839), (0.328371, -0.213980, 1.076074), (0.338869, -0.214055, 1.081443), (0.349722, -0.213490, 1.087238), (0.360424, -0.213302, 1.092598), (0.374165, -0.213743, 1.099355), (0.384578, -0.213712, 1.104957), (0.251044, -0.213656, 1.036019), (0.271045, -0.209533, 1.048014), (0.293759, -0.209680, 1.059445), (0.305942, -0.209601, 1.065541), (0.282386, -0.209457, 1.053479), (0.316375, -0.209472, 1.070851), (0.197471, -0.209512, 1.008831), (0.070766, -0.216368, 0.938904), (0.070525, -0.212087, 0.939279), (0.060545, -0.215415, 0.934713), (0.049170, -0.216750, 0.928636), (0.048671, -0.213351, 0.928783), (0.037702, -0.214755, 0.924074), (0.025255, -0.216181, 0.917104), (0.082392, -0.209792, 0.945811), (0.059032, -0.212531, 0.933231), (0.035181, -0.212890, 0.922092), (0.094675, -0.209608, 0.952292), (0.157724, -0.209407, 0.985665), (0.168711, -0.209474, 0.991306), (0.105357, -0.209476, 0.957839), (0.128316, -0.209535, 0.969158), (0.140103, -0.209503, 0.975226), (0.116976, -0.209339, 0.963479), (0.180454, -0.209449, 0.997554), (0.303455, -0.209588, 1.063206), (0.325704, -0.209510, 1.074736), (0.040852, -0.210913, 0.923084), (0.048969, -0.209970, 0.926312), (0.026698, -0.214719, 0.918865), (0.023384, -0.212845, 0.915975), (0.012661, -0.216039, 0.911551), (0.013438, -0.214548, 0.912859), (0.010643, -0.213181, 0.910024), (-0.001415, -0.216762, 0.906405), (0.029361, -0.211019, 0.917063), (0.496653, -0.200793, 0.041385), (0.494555, -0.202330, 0.043313), (0.495146, -0.203862, 0.033674), (0.498599, -0.203383, 0.031478), (0.497276, -0.205035, 0.023913), (-0.137678, -0.209923, 0.977561), (-0.130872, -0.213640, 0.973859), (-0.142010, -0.213522, 0.979880), (-0.150897, -0.211349, 0.984543), (-0.126176, -0.209803, 0.971518), (-0.115268, -0.213928, 0.965587), (-0.118222, -0.211302, 0.967159), (-0.153223, -0.213706, 0.985359), (-0.159741, -0.209872, 0.988234), (-0.110158, -0.211342, 0.962118), (-0.164768, -0.213861, 0.991406), (-0.172723, -0.210709, 0.994800), (-0.175972, -0.215100, 0.995549), (-0.180023, -0.212679, 0.998516), (-0.180729, -0.214685, 0.998975), (-0.187322, -0.214584, 1.002975), (-0.111131, -0.215046, 0.961641), (-0.100882, -0.214602, 0.957022), (-0.099590, -0.211630, 0.955984), (-0.091031, -0.214300, 0.952728), (-0.111713, -0.209717, 0.962398), (-0.147757, -0.209723, 0.982305), (-0.089234, -0.210778, 0.948501), (-0.083196, -0.213126, 0.947504), (-0.319696, -0.220607, 0.707150), (-0.328378, -0.223571, 0.704871), (-0.318217, -0.223191, 0.708442), (-0.325155, -0.226451, 0.707604), (-0.334485, -0.223962, 0.702161), (-0.315680, -0.226517, 0.712020), (-0.309508, -0.223692, 0.711429), (-0.338716, -0.226714, 0.703791), (-0.303140, -0.225103, 0.715776), (-0.316232, -0.219546, 0.709956), (-0.292890, -0.220024, 0.712164), (-0.292060, -0.222722, 0.712082), (-0.282394, -0.224897, 0.714818), (-0.283466, -0.218945, 0.151806), (-0.273099, -0.219636, 0.157142), (-0.270566, -0.217334, 0.157373), (-0.260976, -0.218919, 0.163032), (-0.260908, -0.214690, 0.162879), (-0.258133, -0.216903, 0.163931), (-0.247243, -0.217841, 0.169398), (-0.250009, -0.214267, 0.168237), (-0.237993, -0.214349, 0.174048), (-0.236470, -0.217868, 0.174662), (-0.226641, -0.214054, 0.179065), (-0.273047, -0.214560, 0.156701), (-0.284086, -0.214757, 0.151792), (-0.291951, -0.217348, 0.147145), (-0.295361, -0.214745, 0.145856), (-0.303771, -0.217413, 0.140843), (-0.224351, -0.217000, 0.179436), (-0.306294, -0.214832, 0.140090), (-0.295385, -0.219797, 0.146002), (-0.306495, -0.220191, 0.140104), (-0.215275, -0.214134, 0.184634), (-0.212492, -0.216806, 0.185639), (-0.204118, -0.214082, 0.190498), (-0.195931, -0.216758, 0.194536), (-0.192698, -0.214296, 0.196759), (-0.181702, -0.214185, 0.202215), (-0.179376, -0.216872, 0.202848), (-0.170943, -0.214215, 0.207748), (-0.167757, -0.216675, 0.208924), (-0.159937, -0.214083, 0.213343), (-0.156946, -0.217878, 0.214480), (-0.147658, -0.214216, 0.219862), (-0.146211, -0.217906, 0.220262), (-0.136445, -0.214088, 0.225009), (-0.135513, -0.217101, 0.225121), (-0.125029, -0.215725, 0.230391), (-0.314401, -0.217708, 0.134653), (-0.317400, -0.214532, 0.133863), (-0.326828, -0.217550, 0.127778), (-0.317316, -0.220524, 0.134094), (-0.328636, -0.220423, 0.128050), (-0.170369, -0.218701, 0.208561), (-0.204452, -0.218802, 0.190936), (-0.336195, -0.220020, 0.122608), (-0.182306, -0.218842, 0.202413), (-0.215791, -0.218992, 0.185165), (-0.129269, -0.219067, 0.230063), (-0.118546, -0.218794, 0.236202), (-0.227337, -0.219096, 0.179457), (-0.115383, -0.216585, 0.236524), (-0.104861, -0.217503, 0.242813), (-0.194935, -0.219627, 0.197146), (-0.139114, -0.219365, 0.225007), (-0.092415, -0.220975, 1.177960), (-0.092919, -0.222397, 1.184242), (-0.093426, -0.223778, 1.180994), (-0.094960, -0.214348, 1.189598), (-0.096804, -0.219519, 1.188325), (-0.103117, -0.216169, 1.194766), (-0.483038, -0.209346, 0.271005), (-0.490687, -0.206051, 0.278925), (-0.484293, -0.209679, 0.267275), (-0.476749, -0.208797, 0.278742), (-0.475115, -0.211026, 0.275000), (-0.487645, -0.204651, 0.282880), (-0.468355, -0.211798, 0.276251), (-0.482599, -0.211614, 0.268300), (-0.465151, -0.208704, 0.280998), (-0.452430, -0.209362, 0.281315), (-0.452214, -0.214644, 0.275795), (-0.448837, -0.211659, 0.279991), (-0.467535, -0.205184, 0.282455), (-0.446742, -0.209614, 0.281825), (-0.437861, -0.205244, 0.281982), (-0.491720, -0.210983, 0.263490), (-0.471296, -0.214512, 0.275255), (-0.483551, -0.213429, 0.267465), (-0.053194, -0.221347, 0.672542), (-0.048616, -0.219430, 0.674270), (-0.051201, -0.221357, 0.683185), (-0.052508, -0.220890, 0.666890), (-0.113554, -0.209859, 1.182251), (-0.114762, -0.215564, 1.185669), (-0.111124, -0.214724, 1.181498), (-0.110768, -0.210594, 1.179713), (-0.114088, -0.219615, 1.188540), (-0.110447, -0.220065, 1.182663), (-0.119590, -0.216090, 1.192973), (-0.116909, -0.212299, 1.187911), (-0.118542, -0.219319, 1.195812), (-0.109327, -0.220911, 1.177219), (-0.109877, -0.209507, 1.167929), (-0.118623, -0.211191, 1.194919), (-0.113436, -0.211156, 1.186199), (-0.124753, -0.212440, 1.197498), (-0.477744, -0.192216, 0.551889), (-0.471062, -0.194130, 0.553548), (-0.470030, -0.208979, 0.556714), (-0.474399, -0.204214, 0.555476), (-0.477438, -0.198485, 0.554091), (-0.491892, -0.189417, 0.547977), (-0.487660, -0.193621, 0.553474), (0.439522, 0.230687, 1.193120), (0.493355, -0.102834, 1.420213), (0.492254, -0.123971, 1.419764), (0.487913, -0.122889, 1.420194), (0.487931, -0.107688, 1.420505), (0.489028, -0.091597, 1.419365), (0.489427, -0.082547, 1.419234), (0.489185, -0.133004, 1.417937), (0.492542, -0.135574, 1.418019), (0.495648, -0.099532, 1.420928), (0.495674, -0.130764, 1.420592), (0.495327, -0.076156, 1.424321), (0.494869, -0.140710, 1.419832), (0.495263, -0.063763, 1.424484), (0.490766, -0.140600, 1.413723), (0.484838, -0.114649, 1.416864), (0.490609, -0.050751, 1.417984), (0.493436, -0.034928, 1.420225), (0.488615, -0.009357, 1.416090), (0.490795, -0.003540, 1.419055), (0.495277, -0.000722, 1.424098), (0.492032, 0.024062, 1.418927), (0.493332, -0.145391, 1.414728), (0.488647, 0.018282, 1.414310), (0.492655, 0.050160, 1.419698), (0.488528, 0.068277, 1.413717), (0.493660, 0.079905, 1.419932), (0.488643, 0.092448, 1.413843), (0.495025, 0.103666, 1.417120), (0.489812, 0.106555, 1.412234), (0.495131, 0.045737, 1.423497), (0.488543, -0.049782, 1.414802), (0.485935, -0.098101, 1.414373), (0.492646, 0.108313, 1.413994), (0.488471, -0.069872, 1.415888), (0.484430, -0.130174, 1.411299), (0.486076, 0.091436, 1.407848), (0.483687, -0.113306, 1.413218), (0.486594, 0.059001, 1.407420), (0.483666, -0.098366, 1.407618), (0.486780, 0.007512, 1.407800), (0.485423, -0.078092, 1.407838), (0.486653, -0.051142, 1.407943), (0.482442, -0.116133, 1.407658), (0.488919, 0.106298, 1.408875), (0.487546, -0.138193, 1.408557), (0.493723, -0.204303, 1.377603), (0.493539, -0.192572, 1.396451), (0.493329, -0.204081, 1.394815), (0.494109, -0.193945, 1.377321), (0.494119, -0.204734, 1.342161), (0.494462, -0.195538, 1.347593), (0.494468, -0.196204, 1.279258), (0.494020, -0.200930, 1.253632), (0.493766, -0.204726, 1.195329), (0.493868, -0.197389, 1.195116), (0.493816, -0.200694, 1.402718), (0.494434, -0.196869, 1.236278), (0.491686, -0.177067, 1.404942), (0.492886, -0.191952, 1.407616), (0.494502, -0.187978, 1.428474), (0.495016, -0.193453, 1.427879), (0.493541, -0.172979, 1.423094), (0.495590, -0.206033, 1.410309), (0.495663, -0.206316, 1.419595), (0.494572, -0.180739, 1.429052), (0.493344, -0.180809, 1.434466), (0.495446, -0.178877, 1.432462), (0.494692, -0.156791, 1.420271), (0.495808, -0.161166, 1.427989), (0.496316, -0.160715, 1.435015), (0.497754, -0.117261, 1.427250), (0.495995, -0.081016, 1.427941), (0.496003, -0.038624, 1.428165), (0.495945, 0.098355, 1.428237), (0.495287, 0.141817, 1.420384), (0.495299, 0.117620, 1.415117), (0.495255, 0.194376, 1.426543), (0.494899, 0.166281, 1.414043), (0.494668, 0.197099, 1.406167), (0.495269, 0.147711, 1.413872), (0.494583, 0.170648, 1.406689), (0.494502, 0.196842, 1.385612), (0.494950, 0.169224, 1.380950), (0.494833, 0.195908, 1.231587), (0.495026, 0.188784, 1.319351), (0.495102, 0.169156, 1.314986), (0.495079, 0.169579, 1.258397), (0.495041, 0.169336, 1.220143), (0.494929, 0.194116, 1.211518), (0.495248, 0.172641, 1.186123), (0.494738, 0.196551, 1.366313), (0.495328, 0.176021, 1.183395), (0.495337, 0.198472, 1.183721), (0.495224, 0.194902, 1.324766), (0.495048, 0.195197, 1.263381), (0.495239, 0.083224, 1.423030), (0.495456, -0.040014, 1.423538), (0.495700, 0.198001, 1.202938), (0.496412, 0.199163, 1.426564), (0.495719, 0.168746, 1.202196), (0.495816, 0.169427, 1.185698), (0.495053, -0.189832, 1.381525), (0.495526, -0.191233, 1.360113), (0.494063, -0.186793, 1.396023), (0.495856, 0.167941, 1.403097), (0.497095, -0.210530, 1.419482), (0.495794, -0.206470, 1.400746), (0.496347, -0.192396, 1.336650), (0.496516, -0.192382, 1.300942), (0.496209, 0.197757, 1.262331), (0.496285, 0.197811, 1.341113), (0.496201, 0.200030, 1.186221), (0.495491, -0.196362, 1.191952), (0.495776, -0.207230, 1.187265), (0.495728, -0.200337, 1.184201), (0.497325, -0.193790, 1.185953), (0.497507, -0.191113, 1.183986), (0.497921, -0.183698, 1.383385), (0.499183, -0.185026, 1.372545), (0.500187, -0.180228, 1.374611), (0.500195, -0.186706, 1.348066), (0.500225, -0.186761, 1.299747), (0.501596, -0.180099, 1.271358), (0.500672, -0.187310, 1.267503), (0.502307, -0.179608, 1.214167), (0.501704, -0.187773, 1.217063), (0.500945, -0.186989, 1.199265), (0.501314, -0.179548, 1.197319), (0.501182, -0.186416, 1.191869), (0.500955, -0.180279, 1.185909), (0.500698, -0.192675, 1.215518), (0.499731, -0.191433, 1.273943), (0.498982, -0.190438, 1.297927), (0.499368, -0.191915, 1.197217), (0.499285, -0.191697, 1.187804), (0.498841, -0.180028, 1.384555), (0.498580, -0.190532, 1.344307), (0.495777, 0.167591, 1.363558), (0.496041, 0.167810, 1.307108), (0.495880, 0.168288, 1.228594), (0.499577, -0.181039, 1.183930), (0.492654, 0.170288, 1.183590), (0.496973, -0.193357, 1.274539), (0.497067, -0.194840, 1.216744), (0.496088, 0.168349, 1.203332), (0.491205, -0.211112, 1.183977), (-0.443756, 0.207812, 1.185885), (-0.445373, 0.209269, 1.192876), (-0.443788, 0.210659, 1.206847), (-0.439509, 0.210740, 1.208256), (-0.448719, 0.213195, 1.182740), (-0.492332, -0.207296, 0.020064), (-0.484856, -0.200193, 0.020697), (-0.490470, -0.192866, 0.018152), (-0.484673, -0.192156, 0.021411), (-0.485349, -0.206585, 0.021033), (-0.483182, -0.210560, 0.021955), (-0.481812, -0.208336, 0.022480), (-0.490963, -0.210551, 0.021475), (-0.494938, -0.209478, 0.024503), (-0.492394, -0.211577, 0.028137), (0.433131, -0.208106, 0.299520), (0.426577, -0.205806, 0.301407), (0.439285, -0.209484, 0.299841), (0.452202, -0.209964, 0.302069), (0.420150, -0.206891, 0.299700), (0.376977, -0.206979, 0.301945), (0.398107, -0.205147, 0.302223), (0.005734, 0.166941, 0.300936), (0.031041, 0.125695, 0.300952), (-0.046732, 0.114074, 0.300969), (-0.058690, 0.196341, 0.301012), (0.064663, 0.196909, 0.301002), (0.030207, 0.204736, 0.301047), (0.101201, 0.160237, 0.301135), (0.069286, 0.063358, 0.301100), (0.108316, 0.094402, 0.301201), (0.130353, 0.020356, 0.301381), (0.168747, 0.066040, 0.301380), (0.207176, 0.005542, 0.301551), (0.118461, -0.076342, 0.301535), (0.225465, -0.068305, 0.301679), (0.165322, -0.083210, 0.301602), (0.187990, -0.150350, 0.301724), (0.243192, -0.120985, 0.301851), (0.291487, -0.138878, 0.301963), (0.305544, -0.207541, 0.302059), (0.202936, -0.206638, 0.301678), (0.133281, -0.206941, 0.301683), (0.370777, -0.176466, 0.302011), (0.402338, -0.134727, 0.302008), (0.348684, -0.090262, 0.301939), (0.305562, -0.033246, 0.301841), (0.362137, -0.037637, 0.301856), (0.381930, 0.041943, 0.301833), (0.301132, 0.044692, 0.301764), (0.259726, -0.011660, 0.301668), (0.230846, 0.073917, 0.301456), (0.279077, 0.104496, 0.301513), (0.195922, 0.124922, 0.301255), (0.240271, 0.190665, 0.301225), (0.173569, 0.168677, 0.301242), (0.129065, 0.204604, 0.301504), (0.216359, 0.204414, 0.301382), (0.293853, 0.204521, 0.301753), (0.292380, 0.183769, 0.301564), (0.370467, 0.169193, 0.301535), (0.316985, 0.152077, 0.301601), (0.362392, 0.082658, 0.301720), (0.372373, 0.126249, 0.301612), (0.431213, 0.065521, 0.301768), (0.426730, -0.001822, 0.301838), (0.476959, 0.010192, 0.301815), (0.445287, 0.118795, 0.301628), (0.473891, 0.122487, 0.301756), (0.468830, 0.204326, 0.301675), (0.413977, 0.204771, 0.301508), (0.483215, 0.184086, 0.301690), (0.492604, 0.199774, 0.301772), (0.493066, 0.167840, 0.301838), (0.508402, 0.150520, 0.302083), (0.509658, 0.128235, 0.302031), (0.509410, -0.001767, 0.302054), (0.509432, -0.097299, 0.302134), (0.466601, -0.066278, 0.301846), (0.429613, -0.086413, 0.301933), (0.469874, -0.151639, 0.301991), (0.452544, -0.192252, 0.301812), (0.497646, -0.180838, 0.301910), (0.498184, -0.202032, 0.301917), (0.498148, -0.175825, 0.302067), (0.432234, -0.200377, 0.301840), (0.476144, -0.209993, 0.301888), (-0.017897, 0.009468, 0.301090), (0.013254, -0.021716, 0.301150), (-0.071299, -0.053457, 0.301256), (-0.002312, 0.065645, 0.301028), (0.061926, -0.036950, 0.301261), (0.060777, -0.111274, 0.301366), (-0.053724, -0.135261, 0.301336), (0.041220, -0.164877, 0.301323), (0.069197, -0.211352, 0.301310), (0.049141, -0.211774, 0.301349), (0.003766, -0.124140, 0.301328), (-0.009789, -0.174879, 0.301339), (-0.092964, 0.073142, 0.301166), (-0.080456, 0.150601, 0.301038), (-0.348848, 0.080218, 0.301383), (-0.373168, -0.001115, 0.301504), (-0.444675, 0.061625, 0.301460), (-0.269496, 0.181727, 0.301335), (-0.242451, 0.143610, 0.301249), (-0.347332, 0.145306, 0.301291), (-0.148075, 0.158293, 0.301227), (-0.188043, 0.107602, 0.301236), (-0.312802, -0.012374, 0.301478), (-0.441183, -0.070550, 0.301565), (-0.277245, -0.079507, 0.301565), (-0.147791, 0.008234, 0.301335), (-0.225595, 0.062756, 0.301344), (-0.100311, -0.021848, 0.301297), (-0.205836, -0.047973, 0.301441), (-0.235441, 0.009197, 0.301401), (-0.168440, -0.106403, 0.301563), (-0.126836, -0.162318, 0.301544), (-0.245683, -0.158841, 0.301649), (-0.403455, -0.136111, 0.301714), (-0.356968, -0.205464, 0.301737), (-0.303273, -0.122092, 0.301691), (-0.435936, -0.170022, 0.301697), (-0.436331, -0.194482, 0.301612), (-0.460379, -0.198544, 0.301839), (-0.486596, -0.177330, 0.301764), (-0.497796, -0.207068, 0.301764), (-0.438915, -0.210496, 0.302066), (-0.472792, -0.106612, 0.301645), (-0.494845, -0.104215, 0.301619), (-0.453502, -0.000868, 0.301485), (-0.428148, 0.136426, 0.301294), (-0.469496, 0.111103, 0.301405), (-0.421642, 0.204557, 0.301360), (-0.441220, 0.202869, 0.301391), (-0.492330, 0.179062, 0.301362), (-0.483982, 0.158412, 0.301466), (-0.493573, 0.167966, 0.301430), (-0.491899, 0.199654, 0.301180), (-0.509981, 0.127336, 0.301379), (-0.508372, 0.099334, 0.301538), (-0.508016, 0.017209, 0.301591), (-0.508014, -0.105804, 0.301750), (-0.509673, -0.159969, 0.301844), (-0.309200, 0.195361, 0.301508), (-0.199029, 0.204762, 0.301423), (-0.105377, 0.204907, 0.301391), (-0.072997, -0.206217, 0.301381), (-0.160348, -0.192159, 0.301566), (-0.292898, -0.205460, 0.301863), (-0.120333, -0.205976, 0.301661), (-0.005789, -0.209988, 0.301572), (-0.048578, -0.211208, 0.301432), (0.102391, -0.210834, 0.301586), (-0.308396, 0.204779, 0.301780), (0.511755, -0.144572, 0.301967), (0.508314, -0.172301, 0.302137), (-0.497666, -0.180170, 0.301632), (-0.497501, -0.198989, 0.301632), (-0.508476, 0.161222, 0.301804), (0.497693, -0.210260, 0.302155), (0.495516, 0.202634, 0.301860), (0.507312, 0.165604, 0.301708), (-0.451565, 0.206821, 0.301202), (-0.399651, -0.205362, 0.301904), (-0.430814, -0.208422, 0.301664), (-0.461132, -0.215460, 0.302271), (-0.073434, -0.210077, 0.301188), (-0.119360, -0.208339, 0.301491), (-0.298236, -0.207587, 0.301753), (0.190850, -0.209479, 0.301345), (-0.413108, -0.206723, 0.301517), (-0.484207, -0.214640, 0.301621), (-0.498035, -0.213027, 0.302081), (0.438756, 0.206977, 0.301780), (0.512024, 0.159406, 0.301488), (0.446654, 0.207244, 0.301848), (0.493431, 0.204755, 0.301161), (0.512012, -0.091971, 0.301884), (0.512264, 0.108016, 0.301754), (0.021813, -0.214695, 0.301074), (0.512325, -0.170098, 0.301718), (-0.510372, 0.031586, 0.301258), (0.009395, -0.215888, 0.300887), (0.002413, -0.214260, 0.301197), (0.018874, -0.219927, 0.301501), (-0.021676, -0.214181, 0.301095), (-0.030636, -0.212570, 0.300955), (-0.510652, -0.068652, 0.301261), (-0.509647, -0.152464, 0.301537), (-0.511098, 0.159204, 0.301291), (0.001787, -0.221296, 0.302631), (-0.013863, -0.228551, 0.303637), (0.006380, -0.228578, 0.304171), (0.018364, -0.228342, 0.302061), (-0.496247, 0.191670, 0.302156), (-0.019544, -0.228094, 0.302135), (-0.438028, 0.208060, 0.302459), (0.444749, 0.214341, 0.303373), (-0.437246, -0.215211, 0.303618), (-0.018165, -0.232534, 0.301448), (0.115106, -0.211672, 0.301129), (0.006441, -0.232439, 0.302545), (0.018098, -0.231863, 0.300853), (0.023524, -0.219753, 0.299054), (0.027523, -0.214645, 0.299657), (-0.510624, -0.170175, 0.300041), (-0.496047, 0.177979, 0.303623), (0.510998, 0.165314, 0.299898), (0.507865, 0.202005, 0.298736), (-0.435426, 0.209223, 0.300262), (-0.435791, 0.215240, 0.303101), (-0.435609, 0.222114, 0.303549), (-0.438900, 0.228347, 0.303329), (0.020514, -0.228044, 0.299328), (0.438023, 0.228707, 0.647453), (0.461338, -0.222101, 0.688032), (0.461367, -0.217981, 0.701506), (0.462227, -0.218747, 0.689379), (0.460269, -0.223283, 0.709805), (0.460421, -0.220064, 0.713638), (0.459734, -0.222387, 0.713473), (0.461053, -0.215478, 0.696885), (0.462396, -0.214903, 0.687790), (0.464563, -0.218116, 0.685076), (0.463634, -0.221847, 0.684487), (0.464178, -0.212668, 0.684784), (-0.400583, -0.220854, 0.325804), (-0.402457, -0.223873, 0.324053), (-0.395791, -0.223988, 0.329197), (-0.405253, -0.220857, 0.321352), (-0.407132, -0.223708, 0.319945), (-0.410937, -0.223606, 0.316604), (-0.399485, -0.227009, 0.327034), (-0.396519, -0.220522, 0.330357), (-0.412535, -0.219654, 0.317856), (-0.388454, -0.221654, 0.333197), (-0.387835, -0.226914, 0.333535), (-0.385591, -0.223810, 0.335250), (-0.383057, -0.227132, 0.337691), (-0.378942, -0.223942, 0.341134), (-0.381173, -0.220892, 0.340154), (-0.375408, -0.221068, 0.345256), (-0.375269, -0.226994, 0.345128), (-0.372657, -0.223866, 0.347992), (-0.370327, -0.226562, 0.350586), (-0.386051, -0.220677, 0.336986), (-0.379584, -0.227386, 0.341991), (-0.414208, -0.219739, 0.314988), (-0.421157, -0.223545, 0.311085), (-0.423299, -0.219171, 0.311356), (-0.414954, -0.227227, 0.315836), (-0.425457, -0.219763, 0.307434), (-0.425012, -0.226686, 0.309319), (-0.409333, -0.227140, 0.320369), (-0.396687, -0.227208, 0.330519), (-0.423507, -0.227797, 0.313013), (-0.407825, -0.226612, 0.324640), (-0.432008, -0.219219, 0.306141), (0.044323, -0.210974, 0.283520), (0.052164, -0.210220, 0.282202), (0.036712, -0.212677, 0.285865), (0.029030, -0.215485, 0.287351), (0.027178, -0.218630, 0.285688), (0.037540, -0.211855, 0.289700), (0.033102, -0.213553, 0.301086), (0.068878, -0.210910, 0.285983), (0.112767, -0.212051, 0.299698), (0.078607, -0.211238, 0.282886), (0.121372, -0.211777, 0.286143), (0.178321, -0.210133, 0.282723), (0.246128, -0.208784, 0.285852), (0.301014, -0.208000, 0.300482), (0.347481, -0.207253, 0.286621), (0.232144, -0.209150, 0.300200), (0.178508, -0.210271, 0.300410), (0.353687, -0.207491, 0.300470), (0.372681, -0.206153, 0.284932), (0.367456, -0.206391, 0.282866), (0.281195, -0.207791, 0.282715), (0.394147, -0.206288, 0.290390), (0.418862, -0.206156, 0.287205), (0.133244, -0.211093, 0.282127), (0.433279, -0.206768, 0.282249), (0.073331, -0.210307, 0.281964), (0.413773, -0.205009, 0.282296), (0.422607, -0.205642, 0.282752), (0.372312, -0.205431, 0.282253), (0.437789, -0.208785, 0.282427), (0.440152, -0.210460, 0.281245), (0.022721, -0.222142, 0.292588), (-0.440874, 0.230677, 0.269203), (-0.440040, 0.231003, 0.286152), (-0.444259, 0.229496, 0.263914), (-0.437044, 0.230252, 0.291327), (-0.438848, 0.231053, 0.299823), (-0.440167, 0.229691, 0.261629), (-0.118215, -0.209572, 1.200289), (-0.122514, -0.209785, 1.202896), (-0.113341, -0.210432, 1.194067), (-0.128173, -0.213664, 1.198644), (-0.130267, -0.212960, 1.202262), (-0.131095, -0.211524, 1.207583), (-0.134391, -0.214420, 1.204486), (-0.136396, -0.213254, 1.207964), (-0.139746, -0.211832, 1.214992), (-0.145484, -0.215212, 1.211053), (-0.103249, -0.208721, 1.186161), (-0.110512, -0.209399, 1.199056), (-0.108462, -0.210495, 1.194721), (-0.132397, -0.213082, 1.211996), (-0.105166, -0.207818, 1.183357), (-0.100214, -0.212373, 1.192338), (-0.095969, -0.209639, 1.186024), (0.449938, -0.223644, 0.715635), (0.447645, -0.226773, 0.718148), (0.445094, -0.221040, 0.718171), (0.451142, -0.220699, 0.714000), (0.446313, -0.230518, 0.717455), (0.492430, -0.205303, 0.271633), (0.491232, -0.204916, 0.278344), (0.483385, -0.209546, 0.270599), (0.485548, -0.209702, 0.265376), (0.480135, -0.207294, 0.278969), (0.486333, -0.203411, 0.282118), (-0.428278, 0.207686, 1.160705), (-0.427916, 0.211338, 1.166565), (-0.429951, 0.207478, 1.171126), (-0.432803, 0.206741, 1.182701), (-0.432777, 0.212867, 1.179174), (-0.433153, 0.216296, 1.182122), (-0.431713, 0.211094, 1.171308), (0.443037, 0.219535, 0.313958), (0.439472, 0.215035, 0.318358), (0.439003, 0.224760, 0.304921), (0.443568, 0.221205, 0.308880), (0.445012, 0.222804, 0.303944), (0.436386, 0.219587, 1.445059), (0.435583, 0.209023, 1.437991), (0.251190, -0.220394, 0.434659), (0.247435, -0.223347, 0.437260), (0.257955, -0.223554, 0.430725), (0.250996, -0.225989, 0.436137), (0.238021, -0.223459, 0.443709), (0.240619, -0.221012, 0.440977), (0.235733, -0.220708, 0.445041), (0.232328, -0.223800, 0.448149), (0.230140, -0.220303, 0.449845), (0.224158, -0.223555, 0.454057), (0.228315, -0.226106, 0.452651), (0.215924, -0.224108, 0.459380), (0.217743, -0.220895, 0.457483), (0.212938, -0.220295, 0.461357), (0.207301, -0.223327, 0.465158), (0.211743, -0.225853, 0.463488), (0.204012, -0.225775, 0.469542), (0.200930, -0.221001, 0.468794), (0.198107, -0.223616, 0.471832), (0.195674, -0.220336, 0.473107), (0.192419, -0.223833, 0.475713), (0.262733, -0.226495, 0.430107), (0.266676, -0.223812, 0.425564), (0.236364, -0.226116, 0.447538), (0.240633, -0.226181, 0.444467), (0.196533, -0.226130, 0.475488), (0.187405, -0.226105, 0.480912), (0.183974, -0.220934, 0.480343), (0.181634, -0.222840, 0.482484), (0.176118, -0.225581, 0.487231), (0.170745, -0.223213, 0.490416), (0.165048, -0.226329, 0.496733), (0.160887, -0.223434, 0.498172), (0.152921, -0.226169, 0.504649), (0.153257, -0.221446, 0.503503), (0.144840, -0.223271, 0.509853), (0.145442, -0.225967, 0.511313), (0.133809, -0.221523, 0.517953), (0.136523, -0.225436, 0.519595), (0.130930, -0.224027, 0.521123), (0.127802, -0.220078, 0.523319), (0.178997, -0.220496, 0.484495), (0.122276, -0.222980, 0.527499), (0.138009, -0.220875, 0.514938), (0.263902, -0.220166, 0.427450), (0.268845, -0.220942, 0.423561), (0.275218, -0.223394, 0.420315), (0.278703, -0.225859, 0.419482), (0.285025, -0.223682, 0.413376), (0.290570, -0.226400, 0.412222), (0.294005, -0.220013, 0.409523), (0.285702, -0.220639, 0.412693), (0.280881, -0.220351, 0.416511), (0.297487, -0.225456, 0.406664), (0.296925, -0.220972, 0.406278), (0.304149, -0.223656, 0.401943), (0.191906, -0.219509, 0.476924), (0.148705, -0.220028, 0.507994), (0.165235, -0.219922, 0.496439), (0.173006, -0.220316, 0.489456), (0.208782, -0.219716, 0.465418), (0.277178, -0.219810, 0.420623), (0.225465, -0.219583, 0.454873), (0.259883, -0.219539, 0.431464), (0.248467, -0.219323, 0.438736), (0.305386, -0.219601, 0.403485), (0.309786, -0.220171, 0.399112), (0.311878, -0.223861, 0.397353), (0.314021, -0.220737, 0.395260), (0.320773, -0.223759, 0.391766), (0.322467, -0.219817, 0.392248), (0.326312, -0.220412, 0.388126), (0.329019, -0.223595, 0.386370), (0.331260, -0.221015, 0.384164), (-0.446249, -0.230110, 0.295206), (-0.443358, -0.230205, 0.308154), (-0.442152, -0.231944, 0.291462), (-0.445847, -0.229201, 0.316938), (-0.442150, -0.229978, 0.315685), (-0.434008, -0.228264, 0.326814), (-0.440755, -0.230800, 0.275662), (-0.447068, -0.230082, 0.277510), (-0.439143, -0.229370, 0.305936), (-0.438036, -0.230047, 0.294558), (-0.427473, -0.228276, 0.329098), (-0.427490, -0.227505, 0.332291), (-0.413960, -0.227712, 0.340614), (-0.416208, -0.228306, 0.336346), (-0.405057, -0.227977, 0.344553), (-0.407752, -0.227722, 0.339493), (-0.400723, -0.227802, 0.343625), (-0.397821, -0.227398, 0.350178), (-0.395161, -0.227477, 0.347197), (-0.391464, -0.227308, 0.351853), (-0.386487, -0.227018, 0.357610), (-0.383232, -0.227307, 0.356589), (-0.375858, -0.227455, 0.363203), (-0.368867, -0.228227, 0.365461), (-0.369530, -0.227207, 0.360206), (-0.359014, -0.228185, 0.370619), (-0.428749, -0.227659, 0.313400), (-0.427643, -0.227503, 0.317632), (-0.422871, -0.227805, 0.319463), (-0.421230, -0.227225, 0.322167), (-0.356469, -0.226676, 0.375676), (-0.346608, -0.226769, 0.381604), (-0.349523, -0.227399, 0.375061), (-0.340745, -0.227594, 0.383578), (-0.341916, -0.226700, 0.378367), (-0.337570, -0.227209, 0.382157), (-0.332974, -0.227475, 0.386187), (-0.330946, -0.226846, 0.391909), (-0.324002, -0.228003, 0.394524), (-0.324788, -0.226946, 0.389316), (-0.321808, -0.227769, 0.393084), (-0.312609, -0.227091, 0.404144), (-0.298547, -0.228096, 0.411329), (-0.308646, -0.227237, 0.399413), (-0.352931, -0.227071, 0.371187), (-0.412965, -0.225528, 0.326100), (-0.407779, -0.224384, 0.329016), (-0.359157, -0.226819, 0.366746), (-0.313743, -0.226858, 0.395439), (-0.420381, -0.227267, 0.331106), (-0.321934, -0.226435, 0.398448), (-0.369313, -0.226074, 0.368211), (-0.440023, -0.227126, 0.324187), (-0.404932, -0.227077, 0.328132), (-0.397274, -0.227160, 0.335034), (-0.386853, -0.227866, 0.339597), (-0.391057, -0.227047, 0.341483), (-0.382378, -0.227044, 0.350254), (-0.377665, -0.227352, 0.351019), (-0.378970, -0.223581, 0.354882), (-0.384211, -0.224595, 0.352553), (-0.413567, -0.222513, 0.329173), (-0.418325, -0.223316, 0.328553), (-0.418303, -0.223668, 0.324821), (-0.413875, -0.223986, 0.333650), (-0.304987, -0.227701, 0.403499), (-0.294234, -0.228944, 0.412664), (-0.297336, -0.226525, 0.406219), (-0.294265, -0.227725, 0.410020), (-0.285052, -0.226554, 0.412613), (-0.283652, -0.227990, 0.415336), (-0.281286, -0.228769, 0.420356), (-0.276434, -0.227935, 0.421312), (-0.267385, -0.227339, 0.432073), (-0.259029, -0.228656, 0.436002), (-0.263364, -0.227179, 0.427910), (-0.259746, -0.227888, 0.431997), (-0.249457, -0.228169, 0.438432), (-0.245413, -0.228462, 0.444154), (-0.242372, -0.227778, 0.443474), (-0.229011, -0.227758, 0.456654), (-0.224657, -0.228588, 0.458378), (-0.254416, -0.227645, 0.440667), (-0.245495, -0.227085, 0.446701), (-0.229785, -0.227005, 0.450644), (-0.224131, -0.227269, 0.455221), (-0.217538, -0.227484, 0.460529), (-0.278726, -0.226806, 0.425052), (-0.215079, -0.228365, 0.463756), (-0.208922, -0.226727, 0.471491), (-0.204422, -0.228301, 0.472439), (-0.207069, -0.226888, 0.466674), (-0.201705, -0.227357, 0.471193), (-0.193170, -0.228463, 0.479298), (-0.191877, -0.226983, 0.483096), (-0.185004, -0.228254, 0.486547), (-0.179011, -0.228466, 0.487186), (-0.171996, -0.228551, 0.493491), (-0.169068, -0.226753, 0.499110), (-0.160017, -0.228126, 0.504151), (-0.154701, -0.228326, 0.504298), (-0.147570, -0.227985, 0.512092), (-0.152143, -0.226973, 0.511313), (-0.141911, -0.225780, 0.519423), (-0.194527, -0.226198, 0.473877), (-0.190541, -0.227149, 0.477697), (-0.183876, -0.227441, 0.482814), (-0.173149, -0.227046, 0.489431), (-0.167480, -0.227530, 0.494160), (-0.155889, -0.226760, 0.501389), (-0.244610, -0.226914, 0.439955), (-0.130117, -0.226156, 0.527720), (-0.144724, -0.227455, 0.512176), (-0.150797, -0.226881, 0.505891), (-0.268883, -0.226646, 0.423742), (-0.251312, -0.226544, 0.434800), (-0.234936, -0.226519, 0.446425), (-0.278672, -0.226568, 0.417266), (-0.426289, -0.223994, 0.320819), (-0.211033, -0.225913, 0.462866), (-0.373138, -0.223864, 0.351938), (-0.499982, -0.201369, 0.621008), (-0.494784, -0.182117, 0.620310), (-0.497101, 0.197478, 0.611320), (-0.497256, 0.197465, 0.450284), (-0.495902, -0.190061, 0.627661), (-0.493960, -0.158443, 0.638744), (-0.493900, -0.150881, 0.621254), (-0.493922, -0.114410, 0.625976), (-0.494906, -0.057810, 0.620652), (-0.493971, -0.115223, 0.637816), (-0.494621, -0.061554, 0.625612), (-0.494781, -0.013123, 0.641051), (-0.494490, 0.109741, 0.625761), (-0.494457, 0.144495, 0.626664), (-0.494512, 0.108040, 0.640014), (-0.494468, 0.017004, 0.625444), (-0.494794, 0.115406, 0.620897), (-0.495300, 0.171133, 0.647591), (-0.495565, 0.170074, 0.619521), (-0.496385, 0.193830, 0.614514), (-0.496367, 0.175223, 0.590979), (-0.496322, 0.193765, 0.558720), (-0.496682, 0.194222, 0.431585), (-0.496303, 0.168932, 0.483971), (-0.496325, 0.193970, 0.485052), (-0.496432, 0.175944, 0.385114), (-0.496919, 0.197248, 0.314080), (-0.496468, 0.175429, 0.333786), (-0.496635, 0.194287, 0.361917), (-0.496066, 0.168444, 0.333845), (-0.433397, 0.219724, 0.304385), (-0.435482, 0.213923, 0.306487), (-0.433057, 0.212274, 0.313360), (-0.438329, 0.210054, 0.310733), (-0.434401, 0.221442, 0.314755), (-0.434677, 0.214586, 0.317523), (-0.438714, 0.210814, 0.317028), (-0.441403, 0.208153, 0.315908), (0.055891, -0.212809, 0.673653), (0.053191, -0.214103, 0.670924), (0.059778, -0.212802, 0.673127), (0.061811, -0.215060, 0.671097), (0.049851, -0.214642, 0.684408), (0.058698, -0.214005, 0.684011), (0.048371, -0.217015, 0.668050), (0.062210, -0.217966, 0.679337), (0.065203, -0.219173, 0.675080), (-0.444039, 0.211908, 0.317227), (-0.141607, -0.216557, 0.231400), (-0.152649, -0.216750, 0.225555), (-0.130277, -0.216746, 0.237084), (-0.168947, -0.216635, 0.217351), (-0.121088, -0.216392, 0.242318), (-0.110889, -0.216416, 0.248026), (-0.186323, -0.216928, 0.208785), (-0.101269, -0.215390, 0.254525), (0.061147, -0.213822, 0.662334), (0.053152, -0.213854, 0.662289), (0.056639, -0.225095, 0.664842), (0.059391, -0.220745, 0.666600), (0.053209, -0.220306, 0.666682), (0.433837, 0.227167, 0.684006), (-0.089030, -0.212056, 0.253085), (-0.094408, -0.216143, 0.248553), (-0.084714, -0.215961, 0.255190), (-0.095619, -0.213204, 0.248102), (-0.107583, -0.213765, 0.241551), (-0.075629, -0.212067, 0.260005), (-0.066392, -0.215405, 0.264490), (-0.065818, -0.210178, 0.264990), (-0.118706, -0.213264, 0.235510), (-0.059529, -0.211693, 0.267105), (-0.049151, -0.215592, 0.270876), (-0.078960, -0.209704, 0.259606), (-0.061163, -0.209579, 0.268071), (-0.097854, -0.209733, 0.251113), (-0.094205, -0.209672, 0.254107), (-0.101637, -0.210520, 0.250923), (-0.057914, -0.210509, 0.272164), (-0.162348, -0.211750, 0.215074), (-0.196233, -0.211997, 0.197775), (-0.048030, -0.210698, 0.276826), (-0.042275, -0.210389, 0.282626), (-0.073531, -0.209656, 0.267039), (-0.089537, -0.209775, 0.259156), (-0.054444, -0.211444, 0.280690), (-0.499662, 0.144494, 1.410751), (-0.004642, -0.224016, 0.295814), (0.000846, -0.227980, 0.297398), (0.006669, -0.223724, 0.295646), (0.016680, -0.229864, 0.297539), (-0.016304, -0.229618, 0.297672), (0.001852, -0.232376, 0.299731), (-0.016393, -0.221414, 0.290280), (-0.022738, -0.221353, 0.292649), (0.016808, -0.222219, 0.290037), (-0.004651, -0.220876, 0.291376), (0.008439, -0.221203, 0.291574), (-0.020822, -0.228127, 0.299454), (0.364273, -0.219566, 0.689332), (0.373308, -0.222857, 0.687026), (0.373640, -0.218291, 0.686908), (0.364076, -0.221550, 0.689396), (0.375512, -0.221130, 0.683867), (0.376363, -0.219310, 0.683713), (0.389940, -0.222695, 0.681148), (0.390007, -0.218468, 0.681097), (0.382385, -0.224694, 0.685090), (0.394588, -0.224976, 0.682549), (0.399475, -0.225505, 0.679217), (0.392507, -0.219504, 0.677069), (0.405070, -0.221909, 0.673996), (0.412572, -0.226705, 0.675216), (0.401839, -0.217497, 0.674361), (0.411723, -0.216143, 0.671491), (0.362304, -0.218262, 0.692613), (0.361800, -0.223353, 0.693069), (0.352729, -0.219088, 0.695003), (0.348056, -0.220888, 0.695559), (0.439121, 0.225555, 1.212055), (-0.450427, -0.220532, 0.715526), (-0.447834, -0.221173, 0.717765), (-0.451120, -0.224266, 0.717499), (-0.461007, -0.219719, 0.714517), (-0.459731, -0.224130, 0.715178), (-0.468401, -0.221088, 0.712998), (-0.447335, -0.230290, 0.717804), (-0.457895, -0.226279, 0.714354), (-0.450177, -0.227817, 0.715556), (-0.056430, -0.214233, 0.278455), (-0.047750, -0.216867, 0.280088), (-0.064796, -0.212539, 0.275538), (-0.064226, -0.217016, 0.271911), (-0.068205, -0.214922, 0.272246), (-0.077966, -0.217391, 0.264908), (-0.077919, -0.215048, 0.267290), (-0.090180, -0.215718, 0.260241), (-0.095986, -0.217982, 0.254706), (-0.112388, -0.218233, 0.245598), (-0.127011, -0.218934, 0.236424), (-0.140743, -0.219869, 0.227657), (-0.153805, -0.218896, 0.223304), (-0.171063, -0.218991, 0.214436), (-0.188655, -0.219034, 0.205590), (-0.203883, -0.218840, 0.197748), (-0.221678, -0.218973, 0.188651), (-0.238803, -0.218930, 0.180652), (-0.249895, -0.219245, 0.175357), (-0.260897, -0.219569, 0.169747), (-0.272080, -0.219809, 0.163959), (-0.119732, -0.219749, 0.238527), (-0.217245, -0.220331, 0.187959), (-0.232475, -0.220215, 0.180546), (-0.244061, -0.220187, 0.175166), (-0.164647, -0.220370, 0.214645), (-0.153288, -0.220215, 0.220431), (-0.204184, -0.220260, 0.194400), (-0.174940, -0.220297, 0.209317), (-0.187092, -0.220251, 0.203371), (-0.104800, -0.219204, 0.246993), (-0.255570, -0.220656, 0.169525), (-0.132701, -0.219960, 0.231104), (-0.267974, -0.220903, 0.162534), (-0.283176, -0.220832, 0.155564), (-0.300468, -0.221064, 0.146508), (-0.318067, -0.221171, 0.136839), (-0.323342, -0.220345, 0.135985), (-0.077688, -0.217693, 0.261124), (-0.065836, -0.217315, 0.267065), (-0.090803, -0.218614, 0.253946), (-0.051703, -0.217221, 0.273309), (-0.039479, -0.217375, 0.278770), (-0.035938, -0.217206, 0.282856), (-0.028869, -0.219522, 0.282352), (-0.028076, -0.218293, 0.285982), (-0.021922, -0.220406, 0.281800), (-0.030449, -0.214594, 0.287701), (-0.095605, -0.218030, 0.249027), (-0.022291, -0.220672, 0.285291), (-0.026254, -0.217887, 0.293124), (-0.008422, -0.219936, 0.285442), (0.012431, -0.219929, 0.281994), (0.024065, -0.220579, 0.282394), (-0.024319, -0.217923, 0.298608), (-0.041941, -0.215495, 0.273723), (-0.030685, -0.217566, 0.279428), (-0.020829, -0.219337, 0.280669), (-0.038534, -0.212992, 0.283819), (-0.441771, -0.217212, 1.415279), (-0.439563, -0.216581, 1.427347), (-0.440181, -0.213360, 1.420958), (-0.441594, -0.214351, 1.414528), (-0.438294, -0.214302, 1.437392), (-0.437050, -0.214216, 1.442828), (-0.439985, -0.219598, 1.438565), (-0.442795, -0.220444, 1.418121), (-0.439210, -0.218302, 1.445587), (-0.434389, -0.211744, 1.441653), (-0.443600, -0.221394, 1.449446), (-0.442851, -0.221425, 1.441328), (-0.445561, -0.218141, 1.413302), (-0.445119, -0.213207, 1.412742), (-0.447346, -0.211795, 1.408759), (-0.447925, -0.216880, 1.408602), (-0.444862, -0.212387, 1.404852), (-0.444814, -0.216284, 1.404776), (-0.404384, -0.211009, 1.450649), (-0.471804, -0.198552, 0.583458), (-0.471359, -0.194743, 0.584311), (-0.468784, -0.209801, 0.582922), (-0.476976, -0.194573, 0.583648), (-0.489928, -0.191457, 0.584586), (0.441644, -0.232194, 0.292917), (0.439740, -0.228781, 0.302072), (0.445298, -0.232178, 0.293600), (0.446558, -0.228807, 0.303526), (0.439416, -0.227312, 0.317875), (0.445887, -0.227305, 0.315623), (0.442578, -0.232291, 0.281779), (0.447112, -0.232049, 0.284092), (0.434323, -0.226742, 0.312410), (0.435042, -0.225796, 0.320467), (0.427200, -0.225619, 0.320949), (0.427990, -0.224986, 0.324024), (0.419463, -0.225431, 0.323166), (0.427313, -0.227183, 0.317606), (0.419091, -0.224114, 0.329365), (0.412775, -0.222890, 0.330276), (0.408224, -0.223072, 0.330576), (0.402211, -0.224027, 0.330343), (0.408220, -0.223476, 0.335629), (0.402001, -0.223279, 0.335889), (0.396506, -0.224720, 0.336048), (0.402801, -0.224732, 0.339827), (0.395859, -0.225776, 0.342923), (0.390511, -0.226064, 0.343398), (0.394024, -0.225725, 0.346247), (0.386548, -0.224700, 0.350829), (0.409481, -0.226832, 0.338701), (0.412620, -0.223834, 0.334262), (0.387650, -0.226423, 0.339952), (0.384177, -0.226894, 0.349310), (0.379870, -0.226898, 0.345331), (0.375338, -0.227114, 0.350468), (-0.437484, 0.223691, 0.309763), (-0.438237, 0.221666, 0.315746), (-0.438453, 0.214538, 0.671888), (-0.438535, 0.214162, 0.666032), (-0.428585, -0.214783, 1.381170), (-0.432893, -0.219632, 1.386679), (-0.421982, -0.217890, 1.377692), (-0.432819, -0.214217, 1.385430), (-0.436826, -0.218460, 1.389592), (-0.436542, -0.212506, 1.389953), (-0.440518, -0.214713, 1.391539), (-0.442559, -0.218660, 1.395144), (-0.442776, -0.212217, 1.395419), (-0.446267, -0.216545, 1.397035), (-0.449342, -0.212140, 1.400174), (-0.448810, -0.218064, 1.400833), (-0.419917, -0.212908, 1.377842), (-0.416142, -0.213962, 1.373552), (-0.413401, -0.217946, 1.371742), (-0.411465, -0.215041, 1.369561), (-0.455209, -0.216820, 1.402768), (-0.408540, -0.219916, 1.369991), (-0.403275, -0.217853, 1.365720), (-0.403073, -0.213235, 1.366463), (-0.400937, -0.214815, 1.362843), (-0.396609, -0.217353, 1.361444), (-0.394261, -0.214883, 1.358876), (-0.465607, -0.212491, 1.404774), (-0.386368, -0.217233, 1.355847), (-0.385430, -0.213836, 1.355508), (-0.383235, -0.214976, 1.352674), (-0.415774, -0.220644, 1.375039), (-0.463640, -0.215575, 1.403748), (-0.469540, -0.216903, 1.406965), (-0.477516, -0.215195, 1.409106), (-0.422698, -0.220318, 1.380811), (-0.437675, -0.220532, 1.393897), (-0.441071, -0.220966, 1.397505), (-0.446398, -0.219128, 1.402296), (0.509826, 0.168425, 1.183192), (0.512946, 0.169097, 1.192647), (0.512454, 0.169450, 1.166982), (0.512768, 0.168214, 1.197552), (0.511279, 0.168758, 1.170552), (0.512907, 0.167940, 1.300448), (0.512822, 0.167683, 1.357967), (0.512651, 0.168048, 1.400162), (0.513287, 0.168318, 1.237715), (0.501853, 0.168070, 1.403553), (0.502429, 0.168436, 1.184145), (0.443158, 0.208302, 0.313214), (0.444639, 0.215691, 0.308585), (0.090466, -0.210908, 0.252256), (0.078417, -0.209624, 0.260674), (0.076348, -0.211200, 0.260853), (0.066008, -0.211051, 0.266452), (0.051596, -0.212217, 0.269489), (0.047621, -0.211945, 0.273134), (0.066428, -0.209509, 0.268394), (0.063592, -0.210294, 0.271614), (0.045580, -0.210213, 0.278985), (0.032327, -0.212011, 0.278524), (0.050769, -0.209901, 0.281546), (0.041820, -0.207260, 0.282019), (0.035672, -0.206244, 0.281619), (0.075944, -0.209574, 0.267683), (0.093630, -0.209507, 0.258065), (0.091260, -0.209067, 0.253228), (0.103261, -0.209443, 0.246715), (0.108527, -0.209456, 0.249347), (0.144145, -0.209363, 0.224376), (0.135539, -0.209386, 0.233875), (0.130683, -0.209391, 0.231516), (0.124481, -0.209490, 0.239912), (0.117099, -0.209482, 0.238299), (0.151820, -0.209456, 0.225823), (0.156918, -0.209430, 0.220209), (0.070946, -0.210609, 0.271535), (0.465260, -0.216109, 0.049303), (0.459234, -0.215518, 0.053326), (0.464170, -0.213176, 0.049794), (0.470779, -0.216123, 0.044737), (0.470549, -0.209716, 0.043979), (0.475049, -0.212082, 0.039074), (0.474007, -0.216689, 0.040160), (0.481739, -0.215743, 0.033563), (0.481865, -0.211468, 0.032370), (0.479308, -0.208559, 0.031006), (0.490749, -0.213329, 0.028652), (0.457699, -0.210866, 0.051497), (0.451876, -0.212455, 0.057393), (0.461302, -0.209014, 0.049316), (0.463751, -0.209800, 0.046597), (0.451886, -0.218234, 0.057299), (0.449617, -0.215397, 0.060661), (0.445464, -0.213219, 0.062582), (0.445510, -0.217713, 0.062466), (0.442620, -0.215292, 0.065399), (0.442973, -0.211104, 0.061496), (0.491372, -0.209242, 0.022192), (0.481971, -0.208720, 0.025312), (0.492952, -0.211238, 0.024433), (0.495950, -0.212392, 0.021619), (0.493290, -0.210933, 0.021204), (0.452680, -0.210945, 0.052356), (0.483859, -0.208433, 0.022177), (0.467565, -0.209132, 0.037158), (0.473106, -0.208542, 0.029938), (-0.375446, -0.219707, 0.683801), (-0.388720, -0.223160, 0.679767), (-0.373492, -0.223426, 0.684519), (-0.389798, -0.218518, 0.680890), (-0.371754, -0.219387, 0.686971), (-0.367461, -0.224000, 0.688007), (-0.363540, -0.220405, 0.689069), (-0.361358, -0.224014, 0.691450), (-0.376593, -0.226589, 0.684782), (-0.365634, -0.226330, 0.690371), (-0.390833, -0.227164, 0.681587), (-0.361756, -0.226547, 0.693702), (-0.346320, -0.223920, 0.696672), (-0.347423, -0.220465, 0.695491), (-0.361743, -0.219036, 0.692482), (-0.393151, -0.226806, 0.678566), (-0.399740, -0.221887, 0.672819), (-0.392525, -0.218364, 0.676852), (-0.406167, -0.227388, 0.675606), (-0.406217, -0.222487, 0.670634), (-0.409200, -0.227198, 0.672314), (-0.348590, -0.226686, 0.698833), (-0.337873, -0.226323, 0.701559), (-0.336225, -0.220452, 0.701313), (-0.333214, -0.219747, 0.704280), (-0.406327, -0.216106, 0.672366), (-0.345383, -0.219532, 0.698431), (-0.471264, -0.220435, 0.038350), (-0.465259, -0.219061, 0.048217), (-0.466036, -0.221574, 0.045372), (-0.457511, -0.221732, 0.053248), (-0.453136, -0.221187, 0.057809), (-0.473021, -0.219977, 0.023219), (-0.469075, -0.221959, 0.033899), (-0.468693, -0.222415, 0.021527), (-0.470318, -0.219067, 0.013986), (-0.463150, -0.221647, 0.041372), (-0.457273, -0.221360, 0.047498), (-0.465696, -0.221719, 0.035227), (-0.450933, -0.221241, 0.053989), (-0.430135, -0.221014, 0.072004), (-0.438684, -0.220365, 0.068187), (-0.439327, -0.220597, 0.060876), (-0.433191, -0.220937, 0.065502), (-0.420207, -0.221147, 0.077779), (-0.422166, -0.220687, 0.071801), (-0.418581, -0.220759, 0.075419), (-0.408829, -0.220821, 0.081342), (-0.412858, -0.220244, 0.084229), (-0.397278, -0.220995, 0.091118), (-0.402487, -0.220601, 0.084580), (-0.391059, -0.220393, 0.090729), (-0.383582, -0.220386, 0.096345), (-0.381484, -0.220179, 0.101989), (-0.377680, -0.221109, 0.101792), (-0.373400, -0.220514, 0.101004), (-0.369699, -0.220378, 0.108199), (-0.360159, -0.221390, 0.111637), (-0.363387, -0.220462, 0.106521), (-0.353259, -0.220035, 0.111819), (-0.346193, -0.220311, 0.117235), (-0.339075, -0.221194, 0.124855), (-0.463104, -0.220164, 0.020252), (-0.456557, -0.221561, 0.005044), (-0.438296, -0.222390, 0.004641), (-0.423424, -0.221991, 0.011837), (-0.424404, -0.222493, 0.003341), (-0.348599, -0.220217, 0.121715), (-0.334078, -0.220136, 0.130308), (-0.391972, -0.219858, 0.096579), (-0.409247, -0.219065, 0.078630), (0.057936, -0.214866, 0.869234), (0.063085, -0.218716, 0.867140), (0.049528, -0.217412, 0.874806), (0.069270, -0.214953, 0.862411), (0.074813, -0.215910, 0.859795), (0.049288, -0.214513, 0.873075), (0.040970, -0.215201, 0.879958), (0.032374, -0.217367, 0.885778), (0.028680, -0.214749, 0.887123), (0.022826, -0.218806, 0.891810), (0.020465, -0.215025, 0.892846), (0.013666, -0.216873, 0.897360), (0.051834, -0.220025, 0.873191), (0.040580, -0.220034, 0.880119), (0.069412, -0.219810, 0.862563), (0.081202, -0.217969, 0.856086), (0.087968, -0.213745, 0.850826), (0.090721, -0.216633, 0.850119), (0.097877, -0.213703, 0.845441), (0.099152, -0.217464, 0.844960), (0.108231, -0.213740, 0.839838), (0.108429, -0.217199, 0.839745), (0.119000, -0.215398, 0.834741), (0.028738, -0.220181, 0.886934), (0.087466, -0.218982, 0.851101), (0.116785, -0.211998, 0.833206), (0.126527, -0.213670, 0.829175), (0.080000, -0.213043, 0.853403), (0.011702, -0.213960, 0.895412), (0.105525, -0.211606, 0.838942), (0.011713, -0.220809, 0.895524), (-0.443579, -0.218171, 0.056699), (-0.451470, -0.218012, 0.050885), (-0.435309, -0.217985, 0.062424), (-0.426566, -0.218330, 0.067434), (-0.417803, -0.217882, 0.073608), (-0.458200, -0.218013, 0.043670), (-0.035085, -0.214432, 0.587824), (-0.039896, -0.215968, 0.583213), (-0.031586, -0.217929, 0.588680), (-0.024842, -0.214867, 0.593492), (-0.022633, -0.217572, 0.594670), (-0.019305, -0.214427, 0.597226), (-0.014372, -0.217672, 0.600386), (-0.014125, -0.213451, 0.601818), (-0.006889, -0.214884, 0.604655), (-0.037077, -0.220723, 0.586071), (-0.041947, -0.220495, 0.582210), (-0.047878, -0.217733, 0.577970), (-0.004188, -0.217307, 0.607230), (-0.024401, -0.220011, 0.594382), (0.002976, -0.217845, 0.608286), (-0.048810, -0.213625, 0.579979), (-0.054376, -0.214357, 0.574423), (-0.055727, -0.217762, 0.572625), (-0.059094, -0.214981, 0.570234), (-0.064671, -0.217974, 0.565733), (-0.068634, -0.214467, 0.564490), (-0.072767, -0.217679, 0.560874), (-0.056480, -0.220371, 0.572768), (-0.071374, -0.221335, 0.562571), (-0.074747, -0.220886, 0.558857), (-0.078731, -0.218032, 0.557017), (-0.079249, -0.221763, 0.557084), (-0.081311, -0.220636, 0.553672), (-0.077699, -0.215801, 0.560736), (-0.010928, -0.220459, 0.605138), (-0.000218, -0.220821, 0.610658), (-0.066235, -0.221199, 0.567098), (-0.034525, -0.221185, 0.589958), (-0.022980, -0.212631, 0.598388), (-0.056998, -0.213246, 0.575845), (-0.034135, -0.213322, 0.592276), (-0.074760, -0.214756, 0.563898), (-0.359322, -0.211779, 1.081240), (-0.346251, -0.211175, 1.075755), (-0.371471, -0.211887, 1.086615), (-0.383030, -0.212150, 1.092793), (-0.394094, -0.212446, 1.098899), (-0.404134, -0.212239, 1.104336), (-0.411710, -0.212312, 1.109416), (-0.355972, -0.214267, 1.080178), (-0.344365, -0.214708, 1.075265), (-0.333688, -0.212179, 1.069727), (-0.332854, -0.214934, 1.069558), (-0.323436, -0.211843, 1.064236), (-0.321953, -0.214979, 1.063728), (-0.400502, -0.215140, 1.102824), (-0.311648, -0.211604, 1.057590), (-0.310709, -0.214977, 1.057581), (-0.300434, -0.212131, 1.052584), (-0.299693, -0.215209, 1.052353), (-0.288865, -0.212300, 1.046888), (-0.288533, -0.215188, 1.046682), (-0.279276, -0.215563, 1.042462), (-0.278822, -0.211946, 1.041461), (-0.389392, -0.215236, 1.096975), (-0.368699, -0.214490, 1.086515), (-0.380108, -0.214867, 1.092148), (-0.276891, -0.215168, 1.039880), (-0.268647, -0.211752, 1.036422), (-0.267719, -0.215749, 1.036650), (-0.407339, -0.215130, 1.108264), (-0.417596, -0.215153, 1.113969), (-0.422194, -0.212230, 1.116066), (-0.428418, -0.213775, 1.121273), (-0.435045, -0.211144, 1.126499), (-0.265564, -0.215483, 1.033976), (-0.442955, -0.211324, 1.127411), (-0.392191, -0.215593, 1.100148), (-0.421830, -0.215001, 1.117879), (-0.442075, 0.214387, 0.640204), (-0.437855, 0.210767, 0.641296), (-0.441820, 0.221626, 0.641654), (0.440800, -0.211803, 1.427236), (0.438774, -0.214524, 1.434763), (0.437600, -0.212894, 1.443904), (0.442066, -0.212786, 1.416235), (0.441993, -0.216683, 1.418434), (0.440823, -0.216948, 1.410308), (0.441056, -0.211650, 1.409819), (0.439526, -0.217968, 1.437717), (0.442647, -0.218267, 1.421890), (0.439761, -0.217136, 1.451513), (0.435472, -0.210692, 1.440141), (0.277712, -0.210708, 1.449981), (0.155576, -0.210625, 1.450478), (-0.027064, -0.210818, 1.450356), (-0.325549, -0.211790, 1.075127), (-0.337160, -0.211492, 1.080993), (-0.349089, -0.212573, 1.086834), (-0.359437, -0.211334, 1.091973), (-0.372321, -0.211673, 1.098647), (-0.385613, -0.212065, 1.104991), (-0.317440, -0.214125, 1.069496), (-0.309607, -0.214479, 1.064790), (-0.339505, -0.213615, 1.081392), (-0.329153, -0.213897, 1.075983), (-0.362660, -0.213306, 1.092468), (-0.307082, -0.211808, 1.064890), (-0.299702, -0.214582, 1.060718), (-0.295802, -0.212145, 1.058996), (-0.375174, -0.214067, 1.098762), (-0.387610, -0.214643, 1.104404), (-0.394022, -0.211893, 1.110260), (-0.397070, -0.214221, 1.110798), (-0.403910, -0.211820, 1.115394), (-0.408423, -0.213946, 1.117018), (-0.421083, -0.211222, 1.127408), (-0.426120, -0.213355, 1.129620), (-0.297070, -0.215112, 1.057678), (-0.284291, -0.214657, 1.053120), (-0.268727, -0.214940, 1.044929), (-0.271803, -0.211817, 1.046697), (-0.262472, -0.211647, 1.041313), (-0.263818, -0.215536, 1.040881), (-0.254425, -0.215182, 1.038054), (-0.432486, -0.212794, 1.136070), (-0.250935, -0.211854, 1.035114), (-0.252135, -0.215742, 1.035012), (-0.240044, -0.214952, 1.031346), (-0.236562, -0.212408, 1.029125), (-0.236926, -0.215402, 1.028529), (-0.227556, -0.214933, 1.024635), (-0.055255, -0.216287, 0.685137), (-0.050035, -0.214723, 0.684486), (-0.058809, -0.214307, 0.684398), (-0.242135, -0.223757, 0.441979), (-0.233777, -0.223788, 0.447717), (-0.222278, -0.223654, 0.455641), (-0.226282, -0.220884, 0.453700), (-0.216295, -0.220477, 0.461749), (-0.244583, -0.220906, 0.442005), (-0.249667, -0.222481, 0.437201), (-0.210880, -0.222563, 0.463428), (-0.236206, -0.220613, 0.449024), (-0.203342, -0.220510, 0.470388), (-0.201756, -0.223536, 0.469697), (-0.194269, -0.222567, 0.474648), (-0.262013, -0.220803, 0.430775), (-0.258807, -0.223719, 0.431054), (-0.267679, -0.224226, 0.425357), (-0.272532, -0.220970, 0.424623), (-0.276901, -0.223439, 0.419704), (-0.281950, -0.221091, 0.419593), (-0.193635, -0.220113, 0.478444), (-0.284809, -0.223581, 0.413933), (-0.293464, -0.220922, 0.410423), (-0.187167, -0.220652, 0.481212), (-0.183150, -0.223423, 0.482406), (-0.177170, -0.224260, 0.485738), (-0.171748, -0.220587, 0.492220), (-0.167418, -0.223461, 0.493445), (-0.159813, -0.220599, 0.500648), (-0.160396, -0.225850, 0.497713), (-0.152132, -0.221720, 0.504964), (-0.141902, -0.223137, 0.512088), (-0.142297, -0.220404, 0.513239), (-0.130359, -0.220764, 0.521270), (-0.125215, -0.222914, 0.524565), (-0.119492, -0.220034, 0.530189), (-0.115322, -0.222823, 0.531802), (-0.108413, -0.220224, 0.536914), (-0.106724, -0.224155, 0.537899), (-0.136384, -0.225548, 0.516068), (-0.099165, -0.220872, 0.542154), (-0.302947, -0.223359, 0.402929), (-0.097206, -0.222941, 0.544050), (-0.092906, -0.219914, 0.546626), (-0.089348, -0.222308, 0.549566), (-0.088894, -0.218687, 0.550512), (-0.304476, -0.220384, 0.404697), (-0.309380, -0.220744, 0.399725), (-0.310860, -0.223874, 0.397223), (-0.314547, -0.220840, 0.395549), (-0.320224, -0.223748, 0.391646), (-0.324066, -0.220632, 0.390386), (-0.330915, -0.223900, 0.384966), (-0.336314, -0.220555, 0.383476), (-0.339004, -0.223860, 0.380220), (-0.342322, -0.220982, 0.378371), (-0.348586, -0.223641, 0.373553), (-0.352325, -0.220546, 0.372495), (-0.355866, -0.223493, 0.368377), (-0.359426, -0.220636, 0.366742), (-0.365703, -0.223687, 0.361982), (-0.368566, -0.219814, 0.363066), (-0.083873, -0.216641, 0.556053), (-0.081072, -0.214892, 0.558647), (-0.370541, -0.220563, 0.359135), (-0.372156, -0.223997, 0.357169), (-0.378385, -0.220439, 0.356872), (-0.097218, -0.217293, 0.547745), (-0.107311, -0.218041, 0.541712), (-0.146895, -0.219930, 0.512301), (-0.127891, -0.225883, 0.523291), (-0.120009, -0.225853, 0.529875), (-0.088774, -0.216600, 0.554707), (-0.121998, -0.218927, 0.531223), (-0.092523, -0.224495, 0.548998), (-0.378672, -0.220779, 0.353078), (-0.135121, -0.219916, 0.522651), (-0.179012, -0.220577, 0.491281), (-0.224471, -0.220584, 0.459247), (-0.210713, -0.220475, 0.468738), (-0.249032, -0.220710, 0.443539), (-0.167692, -0.220628, 0.498354), (-0.259008, -0.220736, 0.436835), (-0.279225, -0.221031, 0.423139), (0.333871, -0.223279, 0.704488), (0.478021, -0.211837, 0.685749), (0.468187, -0.217178, 0.685052), (0.466225, -0.209288, 0.683851), (0.480877, -0.209491, 0.684709), (0.485959, -0.211622, 0.684623), (0.368577, -0.218844, 0.698094), (0.381863, -0.221082, 0.694423), (0.368552, -0.222655, 0.698773), (0.365177, -0.220202, 0.700520), (0.359827, -0.222768, 0.702216), (0.354051, -0.219870, 0.704083), (0.344561, -0.222744, 0.708042), (0.342142, -0.220296, 0.709324), (0.332457, -0.223163, 0.713140), (0.328235, -0.219103, 0.714668), (0.326482, -0.221947, 0.716754), (0.325657, -0.220238, 0.717324), (0.316778, -0.218661, 0.720561), (0.316943, -0.222627, 0.720646), (0.313999, -0.220241, 0.723716), (0.309081, -0.222123, 0.726483), (0.299639, -0.218628, 0.730606), (0.298489, -0.221875, 0.732454), (0.294065, -0.217312, 0.731869), (0.359991, -0.224415, 0.701321), (0.376366, -0.223980, 0.695073), (0.385693, -0.222724, 0.691835), (0.384422, -0.219210, 0.692011), (0.399656, -0.221127, 0.687218), (0.397742, -0.224438, 0.685912), (0.402742, -0.223268, 0.685128), (0.414627, -0.225470, 0.682200), (0.417872, -0.220709, 0.681897), (0.401645, -0.219562, 0.685560), (0.421765, -0.223595, 0.681474), (0.419153, -0.226840, 0.680354), (0.422224, -0.218756, 0.679474), (0.345179, -0.224185, 0.706013), (0.308788, -0.223898, 0.723795), (0.362125, -0.224438, 0.697463), (0.348687, -0.224870, 0.701341), (0.370583, -0.224393, 0.690559), (-0.049551, -0.216357, 0.681039), (-0.051868, -0.214955, 0.670661), (-0.054637, -0.212406, 0.672247), (-0.034854, -0.215226, 0.594191), (-0.029306, -0.217611, 0.597740), (-0.048026, -0.217514, 0.585473), (-0.038635, -0.220266, 0.591414), (-0.021849, -0.214110, 0.602016), (-0.014749, -0.217922, 0.607346), (-0.013071, -0.214791, 0.609069), (-0.047031, -0.214327, 0.585199), (-0.058242, -0.214821, 0.577907), (-0.063640, -0.217417, 0.574271), (-0.058469, -0.220192, 0.577735), (-0.006825, -0.214437, 0.615485), (-0.066691, -0.214504, 0.570568), (-0.075127, -0.217899, 0.565743), (-0.074062, -0.220233, 0.566751), (-0.082014, -0.218197, 0.560989), (-0.083372, -0.222538, 0.560246), (-0.091361, -0.219117, 0.555515), (-0.091406, -0.222212, 0.555656), (-0.101596, -0.221179, 0.549489), (-0.046820, -0.220437, 0.585333), (-0.005993, -0.218228, 0.614952), (-0.066422, -0.220765, 0.570468), (-0.027893, -0.220196, 0.597616), (-0.014064, -0.220380, 0.606272), (-0.009590, -0.212576, 0.608764), (-0.006296, -0.213825, 0.621028), (-0.006094, -0.216934, 0.620712), (-0.099373, -0.217588, 0.548340), (0.339212, -0.211971, 0.128021), (0.346396, -0.216060, 0.124262), (0.338316, -0.217104, 0.127753), (0.347986, -0.212138, 0.122890), (0.352676, -0.213441, 0.120295), (0.332854, -0.214046, 0.132593), (0.354899, -0.217024, 0.117846), (0.362031, -0.213732, 0.114742), (0.363418, -0.215887, 0.113890), (0.365380, -0.212120, 0.112013), (0.373425, -0.215022, 0.108640), (0.318987, -0.212076, 0.139712), (0.309560, -0.211988, 0.145185), (0.311436, -0.209669, 0.143375), (0.297822, -0.211782, 0.150814), (0.358930, -0.209919, 0.114271), (0.374131, -0.210978, 0.105394), (0.341369, -0.209869, 0.125287), (0.346620, -0.209316, 0.121614), (0.379877, -0.213912, 0.104587), (0.383622, -0.211821, 0.101099), (0.294466, -0.210074, 0.150534), (0.351219, -0.209656, 0.117259), (0.364657, -0.210190, 0.110032), (0.300598, -0.209759, 0.146171), (0.383621, -0.210616, 0.097479), (0.449777, -0.216795, 1.435358), (0.451494, -0.213278, 1.444386), (0.450988, -0.213629, 1.437973), (0.449389, -0.216635, 1.451559), (0.452608, -0.213756, 1.434514), (0.451282, -0.215654, 1.427386), (0.451327, -0.210663, 1.434711), (-0.247847, -0.214790, 1.024111), (-0.234043, -0.215922, 1.019515), (-0.256574, -0.212099, 1.030731), (-0.265159, -0.212705, 1.034045), (-0.253332, -0.215389, 1.027585), (-0.256493, -0.215965, 1.030809), (-0.232223, -0.215222, 1.016857), (0.441833, 0.210824, 0.316809), (0.447536, 0.223894, 0.300473), (0.447303, 0.213403, 0.300062), (0.448744, 0.208901, 0.300077), (0.446621, 0.220922, 0.263767), (0.446028, 0.211821, 0.264197), (0.446224, 0.212564, 0.281574), (0.446524, 0.220787, 0.283475), (0.166432, -0.219168, 0.805382), (0.166360, -0.222874, 0.805574), (0.156900, -0.217765, 0.810165), (0.178307, -0.221782, 0.799210), (0.179318, -0.218891, 0.798006), (0.155573, -0.221338, 0.811798), (0.189864, -0.221540, 0.792850), (0.143346, -0.217561, 0.819313), (0.147747, -0.220945, 0.816658), (0.137761, -0.220329, 0.822384), (0.148210, -0.215129, 0.815097), (0.137871, -0.214839, 0.822521), (0.130334, -0.217168, 0.827704), (0.187036, -0.217234, 0.791973), (0.195855, -0.219020, 0.788615), (0.198735, -0.222809, 0.786977), (0.205186, -0.221516, 0.784058), (0.208052, -0.219014, 0.781522), (0.210061, -0.222734, 0.780650), (0.217936, -0.220197, 0.776671), (0.224493, -0.222957, 0.771804), (0.127350, -0.219029, 0.828622), (0.114229, -0.217689, 0.835851), (0.175086, -0.223413, 0.800001), (0.228296, -0.220968, 0.771316), (0.225661, -0.217938, 0.770707), (0.233505, -0.220042, 0.768133), (0.214224, -0.217315, 0.776471), (0.220517, -0.216933, 0.771480), (0.162954, -0.216781, 0.805018), (0.171654, -0.216718, 0.798121), (0.178244, -0.216685, 0.795957), (0.157145, -0.215656, 0.806926), (0.207124, -0.217083, 0.779145), (0.197953, -0.217597, 0.783223), (-0.422966, 0.203159, 0.008293), (0.212639, -0.211536, 0.186787), (0.204750, -0.214785, 0.189756), (0.215840, -0.214760, 0.183839), (-0.421990, -0.213846, 0.009094), (-0.423810, -0.220020, 0.002434), (0.058524, -0.218305, 0.684058), (0.050953, -0.221576, 0.683869), (0.064034, -0.220362, 0.678154), (0.058991, -0.222229, 0.680661), (0.056517, -0.223696, 0.677984), (0.265028, -0.214187, 1.283910), (0.266130, -0.216543, 1.285346), (0.267365, -0.211361, 1.287995), (0.256008, -0.217255, 1.280905), (0.256073, -0.212766, 1.280782), (0.254296, -0.214720, 1.277694), (0.249288, -0.216381, 1.276285), (0.247583, -0.214953, 1.273659), (-0.398753, -0.220707, 0.334614), (-0.391612, -0.220881, 0.340484), (-0.396773, -0.224006, 0.336918), (-0.403257, -0.223988, 0.331780), (-0.391041, -0.223962, 0.342046), (-0.385241, -0.220715, 0.347248), (-0.385618, -0.223935, 0.347828), (-0.402197, -0.220554, 0.330464), (-0.407469, -0.220622, 0.328739), (-0.384513, -0.220869, 0.352098), (-0.413589, -0.220895, 0.328930), (0.109411, -0.219246, 1.194402), (0.127751, -0.217309, 1.208859), (0.139903, -0.216207, 1.217722), (0.139366, -0.217894, 1.214595), (0.149774, -0.216314, 1.224059), (0.151197, -0.212630, 1.224600), (0.156230, -0.216246, 1.228481), (0.167760, -0.213178, 1.235787), (0.164723, -0.217097, 1.233573), (0.175993, -0.217465, 1.241762), (0.178447, -0.214728, 1.244708), (0.189498, -0.216631, 1.250753), (0.191702, -0.213550, 1.252540), (0.199178, -0.217331, 1.256338), (0.202278, -0.213319, 1.258492), (0.209480, -0.215704, 1.263183), (0.216065, -0.217771, 1.264525), (0.220388, -0.216467, 1.269029), (0.220180, -0.213615, 1.269068), (0.231257, -0.216183, 1.275086), (0.231466, -0.213261, 1.275445), (0.242009, -0.216376, 1.280547), (0.241553, -0.217263, 1.279230), (0.249893, -0.215270, 1.285873), (0.258167, -0.216788, 1.288966), (0.243862, -0.213936, 1.282275), (0.258338, -0.212567, 1.289383), (0.240281, -0.212409, 1.279371), (0.261177, -0.215347, 1.291778), (0.271576, -0.215714, 1.296891), (0.282598, -0.216868, 1.302113), (0.434043, -0.217288, 0.010506), (0.435230, -0.218674, 0.002711), (0.053765, -0.222425, 0.673804), (0.060453, -0.221008, 0.673204), (0.049073, -0.221756, 0.680462), (0.048460, -0.219506, 0.672638), (0.468571, -0.211240, 0.673580), (0.469028, -0.214481, 0.674105), (0.485000, -0.211514, 0.675007), (0.463202, -0.214579, 0.669677), (0.458701, -0.212564, 0.672682), (0.474397, -0.209279, 0.680037), (0.485801, -0.209621, 0.679094), (0.450507, -0.214633, 0.671216), (0.463313, -0.210764, 0.680612), (0.489469, -0.209931, 0.674529), (0.447363, -0.215970, 0.677653), (0.437867, -0.217942, 0.683133), (0.455874, -0.213917, 0.685384), (0.430782, -0.215824, 0.672359), (0.435631, 0.214234, 0.683904), (0.393937, -0.212033, 0.095275), (0.391265, -0.215241, 0.097878), (0.386097, -0.209841, 0.098466), (0.383705, -0.216695, 0.100986), (0.395093, -0.217203, 0.094178), (0.401550, -0.215548, 0.091613), (0.375781, -0.216835, 0.105572), (0.435846, -0.218154, 0.068446), (0.428942, -0.217498, 0.073270), (0.432870, -0.215030, 0.071282), (0.428359, -0.212363, 0.073188), (0.434691, -0.212531, 0.068509), (0.426096, -0.215097, 0.076599), (0.406551, -0.214682, 0.088688), (0.411691, -0.217354, 0.084603), (0.412324, -0.219350, 0.081602), (0.419933, -0.218290, 0.079246), (0.415481, -0.219831, 0.078397), (0.425672, -0.219272, 0.072994), (0.430550, -0.219171, 0.068688), (0.442041, -0.219622, 0.062173), (0.449268, -0.219853, 0.056536), (0.403731, -0.219598, 0.084720), (0.392449, -0.217932, 0.093642), (0.378863, -0.217669, 0.101454), (0.418014, -0.211865, 0.079769), (0.416153, -0.214949, 0.082923), (0.411158, -0.212396, 0.084664), (0.409053, -0.210242, 0.083747), (0.401991, -0.210351, 0.089088), (0.393535, -0.209823, 0.093248), (0.420533, -0.209304, 0.077791), (0.426425, -0.210199, 0.072043), (0.114211, -0.219748, 1.172887), (0.114747, -0.216326, 1.177953), (0.114510, -0.212558, 1.182629), (0.117276, -0.219075, 1.181764), (0.113017, -0.214609, 1.170221), (0.114770, -0.220761, 1.178974), (0.111948, -0.220645, 1.171156), (0.117150, -0.211023, 1.185880), (0.118626, -0.214758, 1.186949), (0.121067, -0.215508, 1.192032), (0.117905, -0.219772, 1.188725), (0.119194, -0.210421, 1.194556), (0.119187, -0.219433, 1.195442), (-0.514629, -0.175667, 1.147700), (-0.515385, -0.176297, 1.140967), (-0.515705, -0.176308, 1.096900), (-0.515586, -0.175702, 1.081642), (-0.503934, -0.175730, 0.913614), (-0.515317, -0.175752, 0.844625), (-0.504592, -0.175766, 0.784082), (-0.515374, -0.175712, 0.912507), (-0.515618, -0.175509, 1.010261), (-0.502319, -0.175601, 1.006318), (-0.504980, -0.175733, 1.085696), (-0.507452, -0.175903, 1.123640), (-0.516584, -0.175579, 0.740086), (-0.516457, -0.175769, 0.798396), (-0.504625, -0.175872, 0.727401), (-0.516472, -0.175886, 0.724672), (-0.516585, -0.176216, 0.699576), (-0.500870, -0.176397, 0.680083), (-0.516141, -0.176307, 0.672854), (-0.509770, -0.176214, 0.662700), (-0.516226, -0.176935, 0.662879), (-0.515572, -0.176387, 0.645015), (-0.511345, -0.175955, 0.644908), (-0.511865, -0.175948, 1.177364), (-0.515397, -0.177006, 1.172911), (0.476802, -0.211651, 0.023045), (0.475350, -0.216135, 0.028548), (0.477021, -0.214825, 0.024277), (0.471052, -0.211743, 0.030029), (0.471470, -0.215961, 0.030520), (0.466785, -0.211909, 0.036061), (0.469772, -0.217312, 0.035383), (0.465976, -0.216549, 0.037096), (0.483243, -0.210281, 0.020908), (0.487254, -0.214683, 0.022298), (0.443439, -0.214972, 0.054484), (0.448134, -0.217836, 0.053241), (0.447737, -0.213361, 0.052730), (0.441387, -0.218367, 0.058575), (0.449805, -0.215300, 0.049738), (0.455248, -0.219477, 0.050883), (0.458111, -0.218064, 0.047317), (0.435692, -0.218074, 0.062521), (0.437138, -0.215102, 0.059955), (0.427850, -0.216620, 0.066461), (0.424746, -0.217986, 0.069853), (0.416182, -0.215413, 0.072567), (0.414172, -0.217507, 0.075946), (0.408147, -0.217407, 0.080009), (0.399012, -0.215239, 0.083872), (0.397025, -0.217158, 0.086921), (0.410786, -0.214137, 0.077202), (0.389671, -0.217080, 0.092082), (0.392079, -0.214768, 0.088310), (0.379208, -0.216730, 0.097785), (0.380897, -0.215155, 0.094707), (0.368164, -0.217712, 0.106485), (0.370352, -0.215278, 0.101314), (0.366127, -0.214390, 0.104471), (0.361685, -0.216736, 0.108362), (0.349544, -0.217646, 0.118341), (0.350530, -0.216483, 0.114489), (0.353118, -0.214788, 0.111430), (0.339805, -0.217498, 0.121671), (0.341818, -0.214560, 0.117732), (0.335486, -0.214710, 0.121939), (0.333214, -0.216522, 0.124988), (0.325948, -0.217719, 0.130714), (0.322287, -0.216514, 0.131316), (0.324843, -0.214594, 0.128385), (0.314472, -0.216933, 0.136267), (0.303487, -0.216960, 0.142186), (0.293013, -0.216820, 0.147343), (0.282350, -0.216374, 0.152242), (0.271731, -0.216226, 0.156900), (0.306608, -0.215100, 0.138833), (0.295437, -0.214788, 0.144637), (0.457660, -0.218824, 0.051685), (0.465730, -0.218926, 0.045223), (0.464224, -0.217718, 0.041227), (0.475510, -0.217722, 0.034742), (0.485036, -0.215869, 0.026001), (0.261278, -0.214265, 0.161401), (0.258852, -0.216318, 0.163703), (0.248763, -0.215484, 0.168092), (0.235821, -0.216396, 0.175022), (0.239496, -0.215692, 0.172594), (0.426879, -0.214291, 0.066618), (0.435297, -0.212561, 0.063472), (0.424951, -0.212326, 0.069789), (0.441548, -0.212938, 0.058222), (0.491947, -0.210638, 0.688626), (0.493089, -0.207369, 0.691153), (0.452026, -0.224671, 0.671737), (0.451694, -0.225966, 0.679682), (0.448567, -0.228384, 0.682938), (0.451672, -0.224651, 0.687240), (0.448029, -0.230385, 0.686937), (0.446898, -0.231019, 0.710326), (0.451642, -0.225032, 0.709626), (0.447305, -0.231168, 0.698274), (0.457332, -0.224554, 0.680809), (0.457548, -0.221590, 0.672740), (0.462927, -0.222719, 0.681177), (0.469269, -0.217283, 0.681037), (0.464938, -0.219369, 0.675606), (0.438966, -0.229254, 0.679544), (0.431142, -0.228023, 0.673392), (0.477588, -0.213878, 0.680302), (0.486687, -0.210877, 0.678222), (0.488105, -0.209367, 0.689648), (-0.481966, -0.210106, 0.672886), (-0.485540, -0.212627, 0.673778), (-0.478387, -0.214215, 0.674288), (-0.468366, -0.212002, 0.674285), (-0.489276, -0.209695, 0.674248), (-0.466263, -0.214430, 0.673061), (-0.446081, 0.222008, 1.185922), (-0.443272, 0.217179, 1.181149), (-0.436492, 0.214589, 1.176954), (-0.442769, 0.226646, 1.189360), (-0.445148, 0.228343, 1.193898), (-0.443084, 0.211866, 1.170909), (-0.437142, 0.212644, 1.168669), (-0.443062, 0.211074, 1.163432), (-0.437613, 0.212095, 1.161774), (-0.441973, 0.210622, 1.153858), (-0.430342, 0.212596, 1.160147), (0.048465, -0.217474, 0.679845), (0.407778, -0.212282, 0.081219), (0.401429, -0.210985, 0.086704), (0.396670, -0.213496, 0.086696), (0.389518, -0.212259, 0.092108), (0.418581, -0.210988, 0.075427), (0.378156, -0.212502, 0.098533), (-0.431277, -0.211928, 1.155149), (-0.489729, -0.211854, 1.125524), (-0.473182, -0.211417, 1.124864), (-0.054974, -0.220081, 0.657786), (-0.051712, -0.219923, 0.662101), (-0.053159, -0.213902, 0.655392), (-0.050070, -0.214922, 0.660505), (-0.045715, -0.213918, 0.663475), (-0.055951, -0.225601, 0.658307), (-0.056535, -0.225217, 0.666144), (-0.060262, -0.213542, 0.655325), (-0.057431, -0.220496, 0.658048), (-0.079616, -0.211828, 0.266163), (-0.091544, -0.212414, 0.259607), (-0.070026, -0.211252, 0.270432), (-0.051660, -0.213085, 0.666359), (0.338459, -0.214542, 1.324801), (0.340302, -0.216666, 1.327237), (0.344561, -0.214674, 1.328910), (0.346877, -0.217048, 1.332075), (0.329837, -0.217129, 1.321083), (0.343269, -0.218086, 1.331940), (0.329313, -0.212828, 1.321018), (0.327539, -0.214993, 1.317982), (0.292567, -0.215092, 0.719516), (0.282737, -0.218238, 0.721615), (0.269121, -0.218253, 0.723282), (0.272312, -0.214699, 0.720908), (0.246657, -0.218507, 0.723043), (0.231385, -0.217143, 0.723136), (0.289318, -0.218074, 0.722189), (0.243920, -0.220942, 0.724107), (0.223392, -0.220496, 0.724451), (0.225661, -0.216063, 0.720945), (0.302100, -0.215998, 0.724331), (0.308664, -0.215761, 0.720658), (0.322572, -0.217179, 0.715220), (0.294371, -0.217136, 0.726767), (0.288761, -0.217166, 0.732404), (0.289206, -0.219457, 0.726861), (0.347566, -0.217144, 0.703562), (0.351129, -0.217172, 0.698646), (0.356761, -0.216516, 0.698613), (0.362195, -0.217005, 0.698370), (0.368055, -0.216570, 0.693002), (0.375646, -0.216716, 0.692807), (0.381721, -0.216598, 0.687594), (0.393059, -0.217470, 0.686361), (0.399074, -0.217285, 0.680847), (0.410244, -0.217433, 0.679658), (0.420815, -0.215458, 0.670983), (0.437686, -0.219865, 0.711104), (0.444037, -0.218716, 0.687875), (0.450682, -0.218948, 0.696843), (0.451462, -0.216910, 0.687357), (0.457816, -0.217751, 0.704667), (0.458575, -0.214805, 0.688120), (0.285762, -0.220926, 0.728200), (0.282604, -0.218873, 0.732931), (0.282966, -0.217228, 0.737669), (0.277424, -0.217309, 0.738114), (0.418646, -0.214926, 1.379700), (0.420806, -0.216957, 1.382876), (0.420388, -0.211988, 1.383295), (0.428793, -0.215086, 1.386469), (0.430411, -0.209712, 1.391650), (0.432182, -0.211495, 1.390778), (0.439788, -0.209819, 1.397471), (0.438346, -0.212317, 1.394794), (0.444923, -0.212336, 1.399654), (0.446427, -0.209745, 1.402349), (0.435458, -0.215454, 1.391462), (0.450552, -0.212532, 1.402739), (0.454155, -0.209881, 1.406833), (0.442459, -0.215781, 1.397109), (0.430047, -0.217378, 1.389980), (0.437074, -0.217580, 1.396081), (0.444459, -0.216943, 1.401310), (0.456852, -0.212768, 1.402948), (0.462191, -0.215781, 1.403703), (0.469051, -0.209656, 1.403173), (0.450637, -0.216242, 1.402763), (0.458238, -0.209757, 1.403516), (0.471007, -0.213002, 1.405577), (-0.399404, -0.217845, 0.084939), (-0.388591, -0.217512, 0.091032), (-0.379476, -0.217355, 0.095615), (-0.370332, -0.217616, 0.101211), (-0.359694, -0.217705, 0.107679), (-0.342335, -0.217447, 0.118593), (0.088664, -0.214149, 0.841330), (0.083190, -0.213746, 0.846063), (0.086897, -0.217154, 0.843110), (0.093411, -0.214373, 0.837363), (0.101153, -0.216095, 0.834309), (0.001281, -0.216871, 0.892025), (0.001315, -0.220979, 0.892912), (0.007253, -0.217112, 0.889536), (0.009222, -0.220128, 0.888924), (0.018040, -0.217623, 0.883557), (0.030168, -0.220134, 0.876691), (0.026653, -0.217620, 0.878609), (0.025235, -0.220564, 0.880498), (0.036590, -0.217412, 0.872661), (0.038907, -0.220684, 0.873719), (0.019961, -0.220912, 0.884952), (0.042996, -0.220065, 0.869576), (0.046587, -0.216943, 0.866485), (0.047815, -0.219448, 0.865752), (0.056893, -0.217513, 0.860730), (0.058696, -0.220336, 0.860578), (0.066440, -0.217484, 0.855143), (0.069298, -0.220116, 0.854537), (0.075970, -0.216929, 0.849564), (0.079173, -0.219644, 0.849697), (0.088017, -0.218955, 0.845300), (0.098908, -0.217824, 0.837806), (0.112532, -0.216529, 0.828627), (0.059264, -0.215238, 0.859818), (0.053570, -0.214484, 0.864343), (0.069110, -0.214644, 0.854363), (0.078431, -0.213642, 0.850533), (0.041994, -0.214885, 0.870520), (0.038236, -0.214271, 0.874712), (0.027594, -0.215034, 0.878831), (0.019930, -0.214487, 0.885048), (0.010022, -0.214839, 0.888614), (0.001838, -0.214218, 0.893531), (0.032129, -0.218267, 0.588893), (0.037241, -0.221535, 0.585859), (0.040175, -0.216970, 0.583813), (0.042148, -0.221143, 0.581769), (0.048040, -0.218234, 0.578269), (0.022726, -0.218119, 0.594499), (0.014130, -0.218116, 0.600488), (0.007515, -0.217915, 0.606042), (0.024451, -0.221094, 0.593604), (0.021059, -0.221337, 0.597159), (0.010609, -0.221141, 0.605760), (0.049769, -0.222036, 0.579478), (0.032379, -0.222071, 0.591390), (0.054121, -0.221576, 0.574404), (0.055820, -0.218229, 0.572440), (0.060649, -0.221364, 0.569149), (0.064803, -0.220806, 0.565146), (0.069083, -0.215098, 0.564326), (0.072786, -0.217835, 0.560849), (0.072766, -0.222149, 0.562079), (0.074734, -0.220985, 0.558372), (0.078870, -0.217910, 0.556742), (0.079913, -0.222413, 0.555680), (0.081088, -0.219846, 0.553388), (0.089636, -0.218178, 0.550184), (0.087077, -0.222762, 0.551282), (0.093696, -0.219368, 0.546228), (0.098457, -0.221127, 0.542306), (0.106724, -0.219299, 0.539113), (0.135212, -0.214965, 1.203277), (0.136630, -0.217172, 1.207883), (0.136912, -0.212941, 1.207489), (0.146225, -0.215446, 1.210695), (0.346116, -0.222835, 0.698902), (-0.451855, -0.215446, 0.671504), (-0.458380, -0.219725, 0.674400), (-0.451951, -0.220786, 0.671667), (-0.457575, -0.215089, 0.673682), (-0.477711, -0.216566, 0.677752), (0.333350, -0.212000, 0.125347), (0.134844, -0.211558, 0.227527), (0.124042, -0.211122, 0.233071), (0.126454, -0.214001, 0.230308), (0.137747, -0.214134, 0.224540), (0.145745, -0.211653, 0.221863), (0.157651, -0.211995, 0.215894), (0.116326, -0.211404, 0.237489), (0.105147, -0.211419, 0.243964), (0.108805, -0.214436, 0.240270), (0.121682, -0.215002, 0.233386), (0.114796, -0.216073, 0.237832), (0.160261, -0.214280, 0.213071), (0.165846, -0.209368, 0.213417), (0.168379, -0.211665, 0.210130), (0.176825, -0.209337, 0.207753), (0.171255, -0.213446, 0.207351), (0.179928, -0.210881, 0.204499), (0.192739, -0.209497, 0.198671), (0.190074, -0.211288, 0.198724), (0.182118, -0.214003, 0.201594), (0.201669, -0.211572, 0.192746), (0.205761, -0.209599, 0.191697), (0.217622, -0.209478, 0.185654), (0.223488, -0.212393, 0.180445), (0.234075, -0.209466, 0.178400), (0.238256, -0.213024, 0.173214), (0.247935, -0.211791, 0.170257), (0.258993, -0.212031, 0.164275), (0.260753, -0.209454, 0.165973), (0.270478, -0.211833, 0.158916), (0.272934, -0.213369, 0.156139), (0.281822, -0.211767, 0.153703), (0.284054, -0.214484, 0.150360), (0.293482, -0.212208, 0.147513), (0.302616, -0.211861, 0.142654), (0.311493, -0.209747, 0.139112), (0.314675, -0.211882, 0.136189), (0.317583, -0.214870, 0.133104), (0.322345, -0.212266, 0.131515), (0.273857, -0.209651, 0.160038), (0.256453, -0.209684, 0.170611), (0.247513, -0.209523, 0.173596), (0.287005, -0.210368, 0.153359), (0.267403, -0.209626, 0.164933), (0.282948, -0.209871, 0.156302), (0.205063, -0.209565, 0.198285), (0.215303, -0.209530, 0.193326), (0.180657, -0.209390, 0.210871), (0.168382, -0.209389, 0.217123), (0.192491, -0.209457, 0.204665), (0.243126, -0.209508, 0.177694), (0.228352, -0.209566, 0.185583), (0.478492, -0.209517, 1.125963), (0.472304, -0.210857, 1.125795), (0.480634, -0.211028, 1.127356), (0.491657, -0.208798, 1.127877), (0.464350, -0.210025, 1.125517), (0.492447, -0.210672, 1.127701), (-0.110460, -0.211898, 1.199178), (-0.121174, -0.212266, 1.204250), (-0.124216, -0.215028, 1.208133), (-0.112978, -0.215406, 1.200806), (-0.120588, -0.217296, 1.203823), (-0.131664, -0.217588, 1.211229), (-0.136396, -0.214347, 1.215332), (-0.142455, -0.215390, 1.219424), (-0.152768, -0.213973, 1.225681), (-0.110336, -0.217573, 1.197874), (-0.104690, -0.214159, 1.196640), (-0.149865, -0.217632, 1.222865), (-0.157378, -0.217740, 1.227323), (-0.139808, -0.217641, 1.216274), (-0.152154, -0.212101, 1.222136), (-0.161017, -0.212480, 1.228882), (-0.159141, -0.215181, 1.229993), (-0.169373, -0.214330, 1.237343), (-0.165168, -0.217940, 1.233359), (-0.174757, -0.217105, 1.240448), (-0.178641, -0.213779, 1.242652), (-0.187130, -0.216887, 1.248265), (-0.190999, -0.214952, 1.251084), (-0.190403, -0.212046, 1.248295), (-0.203484, -0.214597, 1.258525), (-0.202347, -0.216881, 1.257378), (-0.210690, -0.217900, 1.261447), (-0.214265, -0.214525, 1.264823), (-0.205648, -0.212601, 1.257635), (-0.196375, -0.211786, 1.250074), (-0.224212, -0.217154, 1.269325), (-0.226059, -0.214141, 1.271104), (-0.232991, -0.215656, 1.274776), (-0.237887, -0.211363, 1.274854), (-0.245562, -0.213195, 1.280269), (-0.245763, -0.216635, 1.280017), (-0.247973, -0.215228, 1.282894), (-0.250811, -0.211769, 1.280957), (-0.259150, -0.214615, 1.288049), (-0.225837, -0.211869, 1.267502), (-0.214177, -0.212393, 1.261427), (-0.258319, -0.211889, 1.283484), (-0.268320, -0.213463, 1.291564), (-0.268214, -0.217147, 1.291399), (-0.273998, -0.215131, 1.295812), (-0.276191, -0.212032, 1.294440), (-0.287673, -0.213670, 1.303511), (-0.287470, -0.216519, 1.303277), (-0.299270, -0.213825, 1.309784), (-0.299458, -0.216081, 1.309923), (-0.308325, -0.216664, 1.313667), (-0.290681, -0.211702, 1.302989), (-0.308811, -0.213041, 1.314123), (-0.312480, -0.214493, 1.317054), (0.386740, -0.211882, 1.360064), (0.388361, -0.216762, 1.359622), (0.395252, -0.214636, 1.362736), (0.395977, -0.209551, 1.368124), (0.397648, -0.212188, 1.366403), (0.399844, -0.209641, 1.371944), (0.403870, -0.211731, 1.371492), (0.402378, -0.213767, 1.368076), (0.406238, -0.209726, 1.378378), (0.405669, -0.216715, 1.370998), (0.411738, -0.214963, 1.374571), (0.412120, -0.209704, 1.379720), (0.414037, -0.212495, 1.378015), (0.416208, -0.209714, 1.383840), (0.420962, -0.209910, 1.387959), (0.385173, -0.213970, 1.356743), (0.380154, -0.212296, 1.355101), (0.382608, -0.209950, 1.360297), (0.376166, -0.209956, 1.355715), (0.376936, -0.214073, 1.351244), (0.369355, -0.210800, 1.349032), (0.371954, -0.215346, 1.346928), (0.363638, -0.212292, 1.343509), (0.362843, -0.209707, 1.346956), (0.390221, -0.209625, 1.366978), (0.361587, -0.214508, 1.339857), (0.357185, -0.213231, 1.338199), (0.346332, -0.211895, 1.333135), (0.354922, -0.214962, 1.335208), (0.368306, -0.209886, 1.351384), (0.380116, -0.216706, 1.354069), (0.363214, -0.216587, 1.342638), (0.398288, -0.217417, 1.366221), (0.489205, -0.201129, 0.690775), (0.494464, -0.175905, 0.696340), (0.491931, -0.145630, 0.694650), (0.492184, -0.093810, 0.694246), (0.491549, -0.176093, 0.694525), (0.492341, -0.021631, 0.693845), (0.492241, 0.056389, 0.694104), (0.491341, 0.097619, 0.695096), (0.489919, 0.122312, 0.696107), (0.489813, -0.193627, 0.691020), (0.493394, -0.200926, 0.694102), (0.489043, -0.120521, 0.691900), (0.489218, -0.174075, 0.691973), (0.489555, -0.081211, 0.691369), (0.489624, 0.020647, 0.691212), (0.489102, 0.089261, 0.692231), (0.488987, 0.120009, 0.693802), (-0.473490, -0.218228, 0.701178), (-0.473835, -0.221459, 0.702316), (-0.477936, -0.220464, 0.699452), (-0.474787, -0.215271, 0.695277), (-0.478728, -0.215880, 0.694128), (-0.479264, -0.212932, 0.689476), (-0.466710, -0.216539, 0.702348), (-0.464143, -0.217418, 0.707928), (-0.463160, -0.215595, 0.696667), (-0.457567, -0.218525, 0.707204), (-0.450528, -0.219809, 0.710197), (-0.444311, -0.219576, 0.712745), (-0.451232, -0.219159, 0.686841), (-0.444692, -0.218556, 0.685093), (-0.463392, -0.214985, 0.687751), (-0.436562, -0.219413, 0.684189), (-0.456363, -0.218427, 0.688040), (-0.454575, -0.215900, 0.680013), (-0.458386, -0.216784, 0.684418), (-0.472027, -0.211570, 0.683996), (-0.460764, -0.214736, 0.683875), (-0.466298, -0.211878, 0.679668), (-0.474806, -0.210314, 0.679090), (-0.460778, -0.213621, 0.675593), (-0.477874, -0.209033, 0.683017), (-0.437722, -0.217187, 0.680245), (-0.445926, -0.215555, 0.671392), (-0.438601, -0.215750, 0.672945), (-0.432841, -0.215887, 0.672355), (-0.449373, -0.215728, 0.666972), (-0.417082, -0.215323, 0.673000), (-0.398153, -0.217381, 0.680880), (-0.380697, -0.217705, 0.687103), (-0.367919, -0.217902, 0.692927), (-0.483204, -0.209026, 0.686364), (-0.483683, -0.208341, 0.677532), (-0.490621, -0.209588, 0.683008), (-0.361905, -0.218072, 0.698059), (-0.354004, -0.217837, 0.698843), (-0.347321, -0.218263, 0.703531), (-0.339550, -0.218525, 0.704201), (-0.333652, -0.218792, 0.709267), (-0.327147, -0.218392, 0.709914), (-0.321459, -0.218413, 0.714848), (-0.299695, -0.218544, 0.715672), (-0.307256, -0.218483, 0.723332), (-0.300407, -0.218729, 0.725424), (-0.294120, -0.219720, 0.726032), (-0.280656, -0.217519, 0.715626), (-0.225866, -0.219077, 0.721292), (-0.291226, -0.218775, 0.731875), (-0.285800, -0.220709, 0.728715), (-0.279610, -0.218447, 0.738041), (-0.282323, -0.219762, 0.732641), (-0.273488, -0.220803, 0.734652), (-0.269306, -0.220034, 0.738780), (-0.267073, -0.218658, 0.746471), (-0.265413, -0.219443, 0.743204), (-0.259807, -0.218447, 0.748890), (-0.256113, -0.219971, 0.746955), (-0.251640, -0.218208, 0.754371), (-0.245692, -0.219965, 0.752179), (-0.242483, -0.219271, 0.755125), (-0.239709, -0.218305, 0.760485), (-0.233972, -0.220748, 0.757596), (-0.229576, -0.219812, 0.761579), (-0.225657, -0.219285, 0.765720), (-0.216190, -0.219740, 0.769436), (-0.206105, -0.217931, 0.779514), (-0.205468, -0.219995, 0.774590), (-0.202674, -0.219168, 0.777625), (-0.197621, -0.218288, 0.783015), (-0.191800, -0.219495, 0.783232), (-0.180184, -0.218215, 0.793170), (-0.167050, -0.219867, 0.795815), (-0.163324, -0.218859, 0.799768), (-0.157788, -0.217602, 0.805238), (-0.154225, -0.219691, 0.802613), (-0.151348, -0.218949, 0.805495), (-0.172635, -0.220545, 0.791886), (-0.181243, -0.219605, 0.788987), (-0.194157, -0.220822, 0.780247), (-0.182568, -0.221421, 0.786746), (0.318614, -0.212648, 1.314778), (0.318468, -0.216772, 1.314191), (0.309997, -0.210815, 1.312650), (0.310474, -0.210786, 1.315680), (0.301364, -0.210538, 1.309099), (0.322009, -0.209913, 1.321950), (0.324266, -0.210563, 1.321033), (0.301068, -0.213605, 1.304458), (0.291900, -0.210631, 1.303864), (0.298305, -0.215288, 1.301187), (0.290501, -0.213550, 1.298872), (0.281599, -0.210584, 1.298230), (0.316630, -0.214698, 1.311614), (0.311683, -0.213598, 1.309949), (0.309368, -0.215470, 1.307248), (0.287504, -0.215161, 1.295966), (0.278503, -0.213072, 1.292440), (0.276092, -0.214343, 1.289602), (0.332973, -0.209902, 1.328276), (0.338572, -0.210452, 1.330230), (0.343957, -0.209904, 1.335002), (0.355930, -0.210105, 1.344371), (0.296339, -0.210685, 1.308275), (0.277140, -0.216504, 1.291218), (0.290240, -0.216418, 1.298861), (0.300571, -0.216679, 1.304521), (-0.486686, -0.206665, 0.032744), (-0.490080, -0.212933, 0.032251), (-0.482101, -0.209872, 0.032219), (-0.496999, -0.206612, 0.033932), (-0.495750, -0.210480, 0.032054), (-0.495209, -0.204346, 0.045964), (-0.487375, -0.212365, 0.028115), (-0.481649, -0.210693, 0.027357), (0.079720, -0.211970, 0.936115), (0.079254, -0.215739, 0.936326), (0.089707, -0.214081, 0.938349), (0.077911, -0.214589, 0.932924), (-0.136703, -0.217441, 1.208230), (-0.129831, -0.216786, 1.202723), (-0.123528, -0.219255, 1.200037), (-0.124495, -0.216302, 1.197720), (-0.130083, -0.218753, 1.207183), (-0.137468, -0.218670, 1.211974), (0.497955, 0.200211, 1.422475), (0.497459, 0.199005, 1.364899), (0.498090, 0.199420, 1.272762), (0.497215, 0.199298, 1.208991), (0.501604, 0.200357, 1.210882), (0.502306, 0.200087, 1.368853), (0.502581, 0.201005, 1.420918), (0.508016, 0.202499, 1.435691), (0.500873, 0.200658, 1.188302), (0.508060, 0.201068, 1.409562), (0.507891, 0.200692, 1.336530), (0.507832, 0.200778, 1.202231), (0.508511, 0.201316, 1.177766), (0.497712, 0.201267, 1.182839), (0.498394, 0.202073, 1.177311), (0.497705, 0.202565, 1.156372), (0.507068, 0.201041, 1.141411), (0.500710, 0.201661, 1.146580), (0.501329, 0.200529, 1.136641), (0.507271, 0.200256, 1.106889), (0.501931, 0.199841, 1.105078), (0.498059, 0.199323, 1.128790), (0.498132, 0.198745, 1.090823), (0.507442, 0.200431, 0.995697), (0.507087, 0.200606, 0.917920), (0.501896, 0.200150, 0.931354), (0.502006, 0.199988, 0.990777), (0.507566, 0.200333, 0.860604), (0.502071, 0.199874, 0.849827), (0.507322, 0.200437, 0.782264), (0.501584, 0.199873, 0.756917), (0.507663, 0.200006, 0.702081), (0.501557, 0.199450, 0.689494), (0.508123, 0.201028, 0.663177), (0.498020, 0.198612, 0.690961), (0.501379, 0.200329, 0.667057), (0.490397, 0.203471, 1.177801), (0.491086, 0.203409, 1.146733), (0.472612, 0.204948, 1.168869), (0.461690, 0.205445, 1.176452), (0.477688, 0.204022, 1.183456), (0.450255, 0.205347, 1.170772), (0.451730, 0.205122, 1.183327), (0.511266, 0.199972, 1.253451), (0.511529, 0.200197, 1.186216), (0.511243, 0.200140, 1.406062), (0.444174, 0.204782, 1.164006), (0.510500, 0.199233, 0.725510), (0.511076, 0.199541, 0.676717), (0.510209, 0.199510, 0.860442), (0.455065, 0.205770, 1.450775), (0.442552, 0.207477, 1.450699), (0.508253, 0.201585, 0.647950), (0.502400, 0.202691, 0.645050), (0.507494, 0.201071, 0.622210), (0.501653, 0.200331, 0.615455), (0.507452, 0.200447, 0.582974), (0.501797, 0.199631, 0.574167), (0.511144, 0.200336, 0.638492), (0.510286, 0.199548, 0.597441), (0.510223, 0.199458, 0.504222), (0.506707, 0.200501, 0.482869), (0.510405, 0.199949, 0.418868), (0.506920, 0.200670, 0.398161), (0.510811, 0.200303, 0.322807), (0.507351, 0.200884, 0.325935), (0.500759, 0.200469, 0.322963), (0.501219, 0.200154, 0.423443), (0.510979, 0.201634, 0.287431), (0.508172, 0.202595, 0.280622), (0.499853, 0.203695, 0.280796), (0.507742, 0.201794, 0.254635), (0.491402, 0.205369, 0.285567), (0.472876, 0.207264, 0.299613), (0.491906, 0.204887, 0.259700), (0.452724, 0.208057, 0.300178), (0.502500, 0.202128, 0.257958), (0.501759, 0.200615, 0.235445), (0.496527, 0.203316, 0.260134), (0.510791, 0.200330, 0.229579), (0.507604, 0.201115, 0.227534), (0.507408, 0.201167, 0.153354), (0.510967, 0.200247, 0.127108), (0.507811, 0.201338, 0.072329), (0.511367, 0.200758, 0.036127), (0.508063, 0.201262, 0.031522), (0.511873, 0.202160, 0.014774), (0.508652, 0.203094, 0.014139), (0.501689, 0.200655, 0.166914), (0.501492, 0.200670, 0.061046), (0.510306, 0.199385, 1.028599), (0.510281, 0.199481, 1.125763), (0.500297, 0.201011, 0.304214), (0.501604, 0.200436, 0.028699), (0.511590, 0.203878, 0.009901), (0.502542, 0.203800, 0.011513), (0.491974, 0.200769, 1.183626), (0.487086, 0.205842, 0.003248), (0.421449, 0.207983, 0.007869), (0.415254, 0.205740, 0.003267), (0.386056, 0.204684, 0.003359), (0.309382, 0.205003, 0.003279), (0.223243, 0.204599, 0.007766), (0.206711, 0.204648, 0.003392), (0.135469, 0.205037, 0.003294), (0.060849, 0.204473, 0.007733), (0.035588, 0.204598, 0.003308), (-0.078646, 0.204559, 0.007721), (-0.114423, 0.204708, 0.003358), (-0.175854, 0.204441, 0.008040), (-0.209698, 0.204428, 0.003482), (-0.355922, 0.204110, 0.007988), (0.045782, -0.212660, 0.918814), (0.045847, -0.216516, 0.919286), (0.055600, -0.214685, 0.921769), (0.043927, -0.214771, 0.915380), (0.115532, -0.220878, 0.531158), (0.113557, -0.223404, 0.533943), (0.110556, -0.220374, 0.535188), (0.107721, -0.223391, 0.537978), (0.123621, -0.219432, 0.527686), (-0.309967, -0.214448, 1.307075), (-0.299527, -0.216947, 1.302430), (-0.300982, -0.213197, 1.304001), (-0.308770, -0.216530, 1.306731), (-0.298671, -0.214362, 1.301246), (-0.289592, -0.217175, 1.297778), (-0.289811, -0.213158, 1.298223), (-0.312348, -0.217272, 1.310149), (-0.312294, -0.213308, 1.309986), (-0.321133, -0.215523, 1.313069), (-0.287746, -0.214947, 1.294980), (-0.304041, -0.218803, 1.306909), (-0.293694, -0.218666, 1.301684), (0.057079, -0.212546, 0.924612), (0.057165, -0.216390, 0.925126), (0.066897, -0.214674, 0.927510), (0.092390, -0.224661, 0.549663), (0.096453, -0.222678, 0.544945), (0.104221, -0.225164, 0.542757), (0.112856, -0.224893, 0.537601), (0.127468, -0.225549, 0.526362), (0.357161, -0.220424, 0.367005), (0.352017, -0.223662, 0.370101), (0.360309, -0.226212, 0.365693), (0.361876, -0.219798, 0.364026), (0.365362, -0.225680, 0.360625), (0.366662, -0.220060, 0.358416), (0.368030, -0.223725, 0.357302), (0.371335, -0.220672, 0.349807), (0.372251, -0.222812, 0.348816), (0.373245, -0.225500, 0.354717), (0.353598, -0.226396, 0.371158), (0.349746, -0.226347, 0.374282), (0.345859, -0.223963, 0.374791), (0.347700, -0.220793, 0.372605), (0.341837, -0.226365, 0.379245), (0.337860, -0.223741, 0.380706), (0.334563, -0.226693, 0.384896), (0.325098, -0.226428, 0.390421), (0.316243, -0.226395, 0.396384), (0.307528, -0.226558, 0.401487), (0.294919, -0.226924, 0.412552), (0.368362, -0.227153, 0.362898), (0.182495, -0.226546, 0.486520), (0.362046, -0.212115, 0.108864), (0.349902, -0.211949, 0.115354), (0.283915, -0.222902, 0.732788), (0.274108, -0.221160, 0.735064), (0.112337, -0.213999, 0.949992), (0.115332, -0.214255, 0.952887), (0.116300, -0.211414, 0.951922), (0.124564, -0.213723, 0.956314), (0.125722, -0.211117, 0.956835), (0.134990, -0.213833, 0.961973), (0.136159, -0.211145, 0.962447), (0.145344, -0.213515, 0.967173), (0.103138, -0.211304, 0.945935), (0.102592, -0.214579, 0.947299), (0.100804, -0.213758, 0.944126), (0.092067, -0.211495, 0.941313), (0.091552, -0.214823, 0.941616), (-0.461386, -0.216431, 0.020311), (0.439242, 0.211005, 1.187115), (0.439334, 0.211416, 1.190604), (0.439567, 0.212187, 1.206520), (-0.094949, -0.213350, 0.944224), (-0.093954, -0.215321, 0.944026), (-0.085433, -0.216018, 0.940353), (-0.097432, -0.216011, 0.947178), (-0.097584, -0.212325, 0.947060), (-0.106187, -0.214116, 0.949387), (-0.085773, -0.212273, 0.941421), (-0.083750, -0.214130, 0.938177), (-0.043352, -0.214316, 0.915734), (-0.046353, -0.213528, 0.918695), (-0.046304, -0.217127, 0.918419), (-0.036864, -0.216911, 0.912022), (-0.054798, -0.214697, 0.921524), (-0.034742, -0.213621, 0.912616), (-0.032589, -0.214428, 0.908905), (-0.066168, -0.213870, 0.928451), (-0.057261, -0.216304, 0.924336), (-0.056989, -0.212973, 0.924680), (-0.077176, -0.214033, 0.934066), (-0.067777, -0.215873, 0.929974), (-0.059074, -0.218053, 0.927484), (-0.071546, -0.217954, 0.934277), (-0.079028, -0.215873, 0.936284), (-0.082861, -0.217438, 0.940737), (0.463132, -0.211756, 0.041039), (0.460018, -0.215597, 0.042826), (0.458313, -0.211418, 0.046553), (0.453009, -0.213509, 0.048669), (-0.214988, -0.222882, 0.770077), (-0.203974, -0.222082, 0.775483), (-0.223607, -0.222665, 0.765511), (-0.232779, -0.223587, 0.760107), (-0.192385, -0.222795, 0.782154), (-0.242289, -0.222447, 0.754602), (-0.206586, -0.224215, 0.775645), (-0.104904, -0.225153, 0.545751), (-0.111297, -0.222707, 0.542915), (-0.119602, -0.225164, 0.536826), (-0.116609, -0.226836, 0.536172), (-0.107824, -0.226517, 0.541370), (-0.099250, -0.225378, 0.545847), (0.202717, -0.213829, 1.000597), (0.200228, -0.209468, 1.000556), (0.194249, -0.211243, 0.996387), (0.205109, -0.211319, 1.002294), (0.191511, -0.209523, 0.995697), (0.184229, -0.211747, 0.990867), (0.209250, -0.209365, 1.005609), (0.214030, -0.211544, 1.007404), (0.191455, -0.214300, 0.994554), (0.212235, -0.209476, 1.008642), (0.225398, -0.209623, 1.012946), (0.226012, -0.211669, 1.013530), (0.233527, -0.209660, 1.017954), (0.235633, -0.211710, 1.018793), (0.243753, -0.209539, 1.023077), (0.246787, -0.211515, 1.024581), (0.255345, -0.209529, 1.029316), (0.258200, -0.211752, 1.030618), (0.266647, -0.209699, 1.034617), (0.269286, -0.212034, 1.035756), (0.277957, -0.209707, 1.040026), (0.280748, -0.212079, 1.041431), (0.288993, -0.209598, 1.045633), (0.292281, -0.211779, 1.046968), (0.300679, -0.209575, 1.052037), (0.303812, -0.212053, 1.053303), (0.311812, -0.209724, 1.057564), (0.314749, -0.212298, 1.058619), (0.322284, -0.209726, 1.062389), (0.325770, -0.212262, 1.064439), (0.193691, -0.214572, 0.997467), (0.182474, -0.215163, 0.992225), (0.178454, -0.214539, 0.987790), (0.176234, -0.211544, 0.986055), (0.174531, -0.213757, 0.984025), (0.185379, -0.215296, 1.238374), (0.187661, -0.217060, 1.242001), (0.187418, -0.213212, 1.241736), (0.196665, -0.215360, 1.244711), (0.203786, -0.218609, 0.777697), (0.194539, -0.220840, 0.780727), (0.203776, -0.222379, 0.777960), (0.205530, -0.220201, 0.774395), (-0.287997, -0.223248, 0.728655), (-0.282282, -0.223147, 0.732422), (-0.294278, -0.223809, 0.725355), (-0.291256, -0.225936, 0.729328), (-0.286806, -0.225656, 0.733016), (-0.278191, -0.225096, 0.735624), (-0.271727, -0.222924, 0.737376), (-0.268547, -0.224639, 0.741926), (-0.264655, -0.222721, 0.741943), (-0.258825, -0.223419, 0.745573), (-0.252038, -0.224826, 0.751031), (-0.302116, -0.226079, 0.725095), (-0.253735, -0.222821, 0.748473), (-0.354225, -0.217599, 0.118831), (-0.363131, -0.218758, 0.113608), (-0.373177, -0.217485, 0.107497), (-0.384205, -0.217503, 0.101659), (-0.395218, -0.217485, 0.095652), (-0.404271, -0.219139, 0.090391), (-0.413306, -0.217512, 0.084908), (-0.431507, -0.218675, 0.073502), (-0.443687, -0.218080, 0.065537), (0.154664, -0.213561, 1.219892), (0.159303, -0.216766, 1.224634), (0.160253, -0.212839, 1.225467), (0.153697, -0.216515, 1.219724), (0.151104, -0.215389, 1.215321), (0.168510, -0.214608, 1.227416), (-0.157722, -0.220727, 0.505773), (-0.157914, -0.223265, 0.507173), (-0.147871, -0.220822, 0.513804), (-0.144484, -0.222505, 0.517254), (-0.164362, -0.225054, 0.502805), (-0.131733, -0.222954, 0.527227), (-0.125811, -0.220524, 0.530982), (-0.119008, -0.221531, 0.537318), (-0.171346, -0.223150, 0.497401), (-0.180747, -0.225444, 0.491838), (-0.186362, -0.225255, 0.487817), (-0.194636, -0.220668, 0.480249), (-0.195071, -0.223398, 0.481176), (-0.203692, -0.225041, 0.475695), (-0.107051, -0.219618, 0.544976), (-0.009760, -0.213284, 0.635140), (-0.008880, -0.215279, 0.623721), (-0.001525, -0.211049, 0.617572), (-0.009150, -0.215111, 0.630151), (0.083710, -0.212221, 0.265885), (0.154166, -0.211855, 0.225444), (0.142018, -0.211555, 0.231491), (0.122690, -0.211441, 0.241784), (0.112513, -0.210780, 0.247576), (0.102216, -0.211478, 0.254064), (0.092234, -0.211229, 0.259918), (0.174970, -0.211566, 0.215179), (0.186865, -0.211833, 0.208644), (0.197708, -0.211640, 0.202669), (0.206523, -0.211735, 0.198103), (0.216190, -0.211574, 0.193316), (0.226673, -0.212089, 0.187573), (0.237408, -0.212455, 0.182004), (0.249303, -0.213007, 0.176474), (0.260381, -0.212796, 0.170862), (0.267754, -0.212138, 0.166572), (0.274745, -0.212165, 0.162366), (0.285446, -0.212217, 0.156914), (-0.219885, -0.215312, 1.010455), (-0.222978, -0.212314, 1.013916), (-0.222924, -0.215913, 1.013729), (-0.214477, -0.214501, 1.006911), (-0.215535, -0.210799, 1.011778), (-0.205991, -0.212722, 1.003058), (-0.230867, -0.209714, 1.021573), (-0.204210, -0.210669, 1.005542), (-0.203995, -0.214497, 1.000020), (-0.193684, -0.212587, 0.997330), (-0.192430, -0.210571, 1.000583), (-0.227483, -0.210230, 1.021820), (-0.192164, -0.214511, 0.994293), (-0.182231, -0.211549, 0.992150), (-0.183928, -0.210493, 0.997774), (-0.179098, -0.209616, 0.993078), (-0.180735, -0.214060, 0.988726), (-0.171526, -0.211418, 0.986650), (-0.172016, -0.209668, 0.991064), (-0.162428, -0.209608, 0.983587), (-0.163816, -0.211792, 0.981751), (-0.147868, -0.209724, 0.975493), (-0.162059, -0.213814, 0.978654), (-0.153202, -0.211729, 0.975847), (-0.151095, -0.213982, 0.973098), (-0.141648, -0.211550, 0.970303), (-0.124658, -0.209639, 0.964288), (-0.130772, -0.211690, 0.964725), (-0.128733, -0.213809, 0.961890), (-0.119477, -0.211218, 0.958924), (-0.107823, -0.209651, 0.955398), (-0.117890, -0.213736, 0.955856), (-0.108557, -0.211542, 0.953090), (-0.139771, -0.213696, 0.967448), (-0.169147, -0.214009, 0.983157), (-0.096652, -0.210114, 0.951182), (-0.079081, -0.210696, 0.940327), (-0.067135, -0.210988, 0.933698), (-0.075593, -0.210687, 0.940709), (-0.163898, -0.214967, 0.981406), (-0.153443, -0.214713, 0.975741), (-0.130724, -0.214677, 0.964446), (-0.193671, -0.215658, 0.997252), (-0.141517, -0.214861, 0.970203), (-0.119634, -0.214889, 0.958557), (-0.108302, -0.215456, 0.953073), (-0.170835, -0.215408, 0.986629), (-0.182055, -0.215444, 0.992159), (-0.323248, -0.213501, 1.315878), (-0.322917, -0.217107, 1.316494), (-0.366060, -0.214503, 1.341277), (-0.357715, -0.216870, 1.336718), (-0.358066, -0.212320, 1.337819), (-0.367256, -0.216731, 1.342934), (-0.371169, -0.213930, 1.345368), (-0.376247, -0.217343, 1.349121), (-0.375074, -0.213034, 1.349396), (-0.356074, -0.214738, 1.334385), (-0.351594, -0.217251, 1.332780), (-0.351363, -0.213149, 1.332677), (-0.349234, -0.214440, 1.329797), (-0.348831, -0.216566, 1.329834), (-0.340128, -0.217087, 1.326323), (-0.340364, -0.213000, 1.326717), (-0.338086, -0.215026, 1.323366), (-0.383677, -0.218574, 1.355444), (-0.372684, -0.219426, 1.348371), (-0.333717, -0.216494, 1.321715), (-0.398649, -0.219276, 1.364912), (-0.361434, -0.218584, 1.341305), (-0.332058, -0.215293, 1.319314), (-0.344499, -0.218533, 1.330026), (0.240264, -0.223063, 0.763256), (0.237205, -0.219045, 0.765162), (0.246134, -0.220324, 0.761424), (0.258823, -0.222071, 0.753348), (0.249394, -0.222511, 0.758734), (0.257397, -0.219517, 0.754201), (0.267414, -0.221266, 0.749209), (0.267867, -0.217342, 0.746089), (0.273864, -0.220360, 0.745570), (0.276961, -0.218860, 0.742706), (0.253664, -0.217464, 0.754176), (0.262302, -0.217035, 0.747318), (0.247295, -0.217439, 0.756598), (0.236016, -0.217692, 0.762688), (0.287100, -0.219357, 0.738211), (0.277897, -0.222270, 0.742458), (0.291561, -0.223297, 0.735277), (0.068545, -0.212749, 0.930043), (0.068365, -0.216191, 0.930490), (-0.108614, -0.218681, 1.193846), (-0.102893, -0.221580, 1.187010), (-0.103303, -0.223965, 1.183137), (-0.144674, -0.218886, 1.214626), (-0.147632, -0.218412, 1.218717), (-0.159051, -0.218409, 1.223977), (-0.108539, -0.220310, 1.187859), (-0.165022, -0.219086, 1.227123), (-0.172036, -0.218767, 1.236802), (-0.187461, -0.218185, 1.247703), (-0.182448, -0.219220, 1.240372), (-0.192838, -0.219067, 1.245600), (-0.202416, -0.219051, 1.251380), (-0.213942, -0.219404, 1.257948), (-0.224618, -0.219034, 1.262929), (-0.234421, -0.218360, 1.268804), (-0.241871, -0.218284, 1.273130), (-0.245585, -0.217876, 1.277219), (-0.257665, -0.216958, 1.285954), (-0.253427, -0.218156, 1.279930), (-0.264139, -0.218642, 1.284989), (-0.266297, -0.217717, 1.287434), (-0.274829, -0.218412, 1.290468), (-0.284193, -0.218126, 1.298291), (-0.294817, -0.218063, 1.305105), (-0.307559, -0.218059, 1.310284), (-0.317501, -0.217749, 1.316343), (-0.104350, -0.224296, 1.179195), (-0.317270, -0.215576, 1.319785), (-0.328002, -0.215967, 1.325968), (-0.335630, -0.217022, 1.329429), (-0.098688, -0.223069, 1.171872), (-0.335795, -0.218028, 1.327187), (-0.346320, -0.216937, 1.336329), (-0.352185, -0.217912, 1.336978), (-0.353714, -0.217042, 1.340881), (-0.369842, -0.218549, 1.349775), (-0.383767, -0.217517, 1.360532), (-0.393553, -0.218251, 1.367266), (-0.401581, -0.218982, 1.372121), (-0.412603, -0.219939, 1.378575), (-0.429356, -0.220145, 1.390525), (-0.434457, -0.217589, 1.395473), (-0.439903, -0.218081, 1.399463), (-0.105965, -0.222068, 1.170570), (-0.269416, -0.216385, 1.285150), (-0.250000, -0.216978, 1.275586), (-0.247526, -0.216377, 1.272625), (-0.282747, -0.217061, 1.293552), (-0.152499, -0.216921, 1.217207), (-0.147274, -0.217414, 1.214222), (-0.258271, -0.216720, 1.278672), (-0.260906, -0.217247, 1.281234), (-0.339107, -0.215485, 1.333148), (-0.364820, -0.216841, 1.347915), (-0.374555, -0.215198, 1.355386), (-0.411572, -0.217935, 1.379038), (-0.349623, -0.214922, 1.339533), (-0.425128, -0.216183, 1.389112), (-0.354805, -0.213503, 1.342381), (-0.336481, -0.213124, 1.330576), (-0.513177, 0.161493, 1.409025), (0.023912, -0.213224, 0.904616), (0.023574, -0.216612, 0.904875), (0.032682, -0.214851, 0.908414), (0.020126, -0.214594, 0.900577), (0.013850, -0.216807, 0.899373), (0.011705, -0.219481, 0.901278), (0.026948, -0.218271, 0.910586), (0.035169, -0.216484, 0.912785), (-0.150276, -0.222168, 0.805283), (-0.143364, -0.220596, 0.808298), (-0.161373, -0.222277, 0.798785), (-0.141183, -0.218716, 0.811604), (-0.134520, -0.217954, 0.815724), (-0.133205, -0.214995, 0.818906), (-0.126167, -0.215117, 0.820989), (-0.123143, -0.217635, 0.821492), (-0.115013, -0.214783, 0.826518), (-0.112300, -0.217070, 0.827362), (-0.104275, -0.215130, 0.831638), (-0.126052, -0.220537, 0.819869), (-0.103203, -0.217181, 0.832381), (-0.099609, -0.214757, 0.835408), (-0.134603, -0.222131, 0.816667), (-0.114558, -0.219230, 0.826926), (-0.136545, -0.220798, 0.813343), (-0.140923, -0.222153, 0.811731), (-0.124225, -0.220930, 0.823421), (0.170722, -0.216486, 1.230665), (0.170659, -0.212969, 1.230234), (0.179179, -0.214903, 1.234054), (-0.039336, -0.214580, 0.924156), (-0.044840, -0.216522, 0.926583), (-0.050240, -0.214433, 0.929603), (-0.061282, -0.215232, 0.935114), (-0.026610, -0.215472, 0.918554), (-0.057263, -0.212342, 0.931515), (-0.064803, -0.211377, 0.934623), (-0.027090, -0.213548, 0.917449), (-0.013047, -0.215005, 0.912021), (-0.072443, -0.212927, 0.941266), (-0.045319, -0.212080, 0.923707), (0.433214, 0.224599, 1.445232), (0.426637, 0.212146, 1.444470), (0.428086, 0.212409, 1.436492), (0.433423, -0.213694, 1.403609), (0.437428, -0.215122, 1.408128), (0.434828, -0.217816, 1.403734), (0.428919, -0.217412, 1.398809), (0.427435, -0.212869, 1.397886), (0.417694, -0.216448, 1.389712), (0.421445, -0.212363, 1.392492), (0.416359, -0.211769, 1.387402), (0.408965, -0.214861, 1.383636), (0.402593, -0.216823, 1.378240), (0.403884, -0.213767, 1.379470), (0.399941, -0.212076, 1.375264), (0.394155, -0.212859, 1.371629), (0.392851, -0.217048, 1.370644), (0.386342, -0.213922, 1.366867), (0.383468, -0.216342, 1.364169), (0.424404, -0.209754, 1.393443), (0.432955, -0.209844, 1.400625), (0.444167, -0.209820, 1.411016), (0.413251, -0.217925, 1.384608), (0.360017, -0.213005, 1.348209), (0.351430, -0.215222, 1.342836), (0.343835, -0.212529, 1.337511), (0.336045, -0.216115, 1.332716), (0.364959, -0.215992, 1.351468), (0.333410, -0.213352, 1.331253), (0.324147, -0.215238, 1.325859), (0.323723, -0.211325, 1.324214), (0.312620, -0.214906, 1.319424), (0.367533, -0.213504, 1.353392), (0.376115, -0.216794, 1.358742), (0.376949, -0.212569, 1.359660), (0.383206, -0.212133, 1.363348), (0.302767, -0.212487, 1.313128), (0.303973, -0.215717, 1.314395), (0.293679, -0.213331, 1.309024), (0.294949, -0.216887, 1.309159), (0.281783, -0.213120, 1.302190), (0.269384, -0.212869, 1.295378), (0.245639, -0.220282, 0.752115), (0.243690, -0.218820, 0.755089), (0.243721, -0.222184, 0.755394), (0.234764, -0.220851, 0.758214), (-0.027163, -0.213968, 0.299329), (0.257520, -0.219616, 0.745517), (0.253272, -0.218446, 0.749684), (0.254116, -0.222157, 0.749370), (0.258906, -0.221647, 0.744958), (0.263219, -0.220926, 0.741142), (0.251285, -0.223500, 0.752606), (0.271837, -0.222519, 0.738607), (0.272177, -0.218962, 0.738183), (0.238354, -0.213571, 1.270105), (0.238379, -0.216744, 1.270496), (0.236616, -0.215346, 1.267346), (0.035414, -0.213038, 0.912520), (-0.481769, -0.214639, 0.687226), (-0.477939, -0.218985, 0.691156), (-0.477293, -0.218951, 0.684648), (-0.481421, -0.215095, 0.679874), (-0.485898, -0.212100, 0.685023), (-0.489953, -0.210674, 0.679114), (-0.463454, -0.223055, 0.681167), (-0.462617, -0.222589, 0.688074), (-0.467129, -0.223326, 0.699282), (-0.459130, -0.225839, 0.710810), (-0.454514, -0.224087, 0.701935), (-0.451329, -0.225502, 0.707933), (-0.455313, -0.222011, 0.687215), (-0.452000, -0.223186, 0.685822), (-0.453552, -0.223414, 0.681113), (-0.450719, -0.227101, 0.710383), (-0.448727, -0.229983, 0.685583), (-0.449191, -0.230462, 0.704870), (-0.450636, -0.226293, 0.681102), (-0.450411, -0.225676, 0.675082), (-0.445578, -0.226986, 0.672223), (-0.461766, -0.217453, 0.029170), (-0.462521, -0.218020, 0.035582), (0.499702, -0.210014, 0.021594), (0.504734, -0.211959, 0.026877), (0.499487, -0.207898, 0.031729), (0.500732, -0.209626, 0.039126), (0.494673, -0.204725, 0.043141), (0.504027, -0.211686, 0.052837), (0.498031, -0.205668, 0.053321), (0.501058, -0.207671, 0.057633), (0.500510, -0.208963, 0.131530), (0.503272, -0.211437, 0.120577), (0.499750, -0.208034, 0.168395), (0.503323, -0.211250, 0.181801), (0.497534, -0.207190, 0.202262), (0.499331, -0.208326, 0.237462), (0.504032, -0.211310, 0.248960), (0.503426, -0.212789, 0.013563), (-0.419252, -0.220443, 0.323629), (-0.418480, -0.220790, 0.328096), (-0.430076, -0.223793, 0.314826), (-0.427058, -0.220152, 0.317216), (-0.428764, -0.219594, 0.311523), (0.009323, -0.214894, 0.628141), (-0.206172, -0.215876, 1.003267), (-0.215663, -0.216958, 1.010240), (0.496458, -0.209213, 1.196854), (0.496250, -0.209927, 1.186168), (0.496481, -0.207694, 1.208998), (0.496792, -0.207341, 1.253682), (0.496402, -0.207514, 1.332176), (0.497903, -0.208240, 1.383224), (0.498394, -0.209277, 1.398941), (-0.196552, -0.215597, 1.006148), (-0.198500, -0.214697, 1.009011), (-0.196428, -0.212705, 1.006533), (-0.201776, -0.211025, 1.007034), (-0.208012, -0.212665, 1.012369), (-0.213048, -0.210877, 1.012829), (-0.209823, -0.214683, 1.015116), (-0.219019, -0.212394, 1.018403), (-0.222288, -0.214517, 1.021644), (-0.219209, -0.215693, 1.017891), (-0.208081, -0.215865, 1.011749), (-0.442320, 0.214077, 0.318535), (-0.171323, -0.222268, 0.793065), (-0.162386, -0.224308, 0.800017), (-0.177545, -0.224383, 0.792154), (-0.187508, -0.224349, 0.786796), (-0.148778, -0.223895, 0.808892), (-0.492076, -0.205525, 0.691733), (0.013360, -0.213428, 0.642222), (0.348504, -0.211982, 1.075907), (0.344906, -0.214422, 1.075018), (0.355987, -0.214484, 1.080572), (0.337027, -0.211846, 1.069909), (0.333518, -0.214414, 1.069386), (0.322040, -0.214881, 1.063667), (0.359600, -0.212068, 1.080872), (0.311083, -0.214732, 1.058205), (0.300218, -0.214515, 1.052532), (0.288794, -0.214265, 1.046509), (0.276893, -0.214494, 1.040795), (0.367770, -0.214278, 1.086138), (0.371398, -0.211816, 1.086735), (0.379818, -0.213934, 1.091985), (0.383283, -0.211570, 1.092624), (0.390887, -0.214481, 1.098029), (0.394576, -0.212056, 1.099003), (0.401207, -0.214859, 1.103706), (0.404147, -0.212278, 1.104510), (0.408833, -0.214816, 1.109109), (0.412077, -0.212355, 1.109633), (0.418301, -0.214753, 1.114725), (0.422368, -0.212107, 1.115384), (0.265370, -0.214230, 1.035709), (0.254216, -0.213883, 1.030222), (0.242961, -0.213687, 1.024181), (0.231482, -0.213925, 1.018269), (0.220645, -0.213864, 1.012623), (0.207992, -0.214033, 1.005639), (0.426792, -0.213924, 1.120061), (0.430710, -0.210965, 1.120492), (0.435418, -0.213288, 1.127484), (0.439058, -0.211213, 1.126755), (0.444429, -0.213023, 1.131100), (0.446340, -0.211320, 1.128666), (0.462889, -0.213515, 1.131513), (0.461221, -0.211414, 1.128062), (0.224975, -0.214095, 1.018192), (0.201766, -0.214850, 1.007031), (0.177544, -0.215604, 0.993167), (0.162737, -0.215595, 0.983590), (0.385170, -0.214366, 1.102162), (0.294482, -0.214651, 1.055544), (0.263959, -0.214405, 1.038390), (0.328117, -0.214647, 1.072051), (0.432214, -0.213514, 1.131813), (0.363169, -0.214259, 1.088800), (0.445032, -0.212825, 1.135415), (0.437770, -0.214316, 1.138649), (0.438213, -0.214552, 1.159485), (0.444072, -0.213204, 1.156423), (0.473155, -0.211431, 1.136732), (0.481174, -0.211181, 1.137905), (0.454044, -0.212042, 1.166723), (0.498991, -0.210744, 1.181770), (0.497978, -0.210821, 1.133667), (0.456429, -0.212325, 1.183971), (0.443074, -0.212108, 1.169742), (0.515711, -0.211049, 1.176721), (0.515855, -0.210821, 1.115850), (0.501698, -0.210607, 1.110730), (0.502883, -0.210340, 1.076985), (0.516423, -0.210483, 1.027274), (0.502343, -0.210311, 1.031968), (0.515284, -0.211328, 0.976435), (0.503994, -0.210321, 1.197658), (0.444008, -0.211907, 1.184178), (0.516025, -0.210494, 1.231663), (0.512812, -0.210533, 1.288591), (0.515205, -0.210547, 1.389416), (0.505395, -0.210278, 1.350475), (0.504695, -0.210181, 1.271785), (0.502918, -0.210336, 1.375662), (0.501740, -0.210546, 1.402567), (0.500769, -0.210964, 1.419558), (0.514868, -0.210892, 1.438322), (0.498354, -0.210745, 1.431373), (0.515041, -0.211136, 1.450609), (0.483671, -0.211115, 1.450856), (0.475155, -0.211121, 1.435940), (0.468429, -0.211537, 1.421016), (0.466283, -0.211434, 1.426171), (0.483342, -0.211408, 1.417116), (0.462134, -0.212002, 1.437303), (0.502120, -0.211096, 0.965962), (0.500215, -0.211612, 0.650824), (0.511851, -0.211752, 0.656158), (0.516031, -0.211530, 0.735916), (0.501521, -0.211361, 0.736296), (0.515377, -0.211387, 0.822172), (0.501698, -0.211294, 0.852866), (0.516018, -0.211656, 0.617351), (0.515798, -0.211554, 0.543601), (0.515600, -0.211430, 0.454770), (0.513065, -0.211764, 0.371875), (0.455534, -0.212437, 0.662437), (0.390278, -0.211776, 0.649448), (0.422047, -0.212146, 0.657528), (0.406169, -0.212100, 0.663437), (0.364683, -0.211725, 0.663356), (0.057863, -0.212073, 0.648820), (0.231540, -0.211361, 0.663188), (0.236584, -0.211360, 0.649990), (0.316247, -0.211848, 0.650040), (0.502584, -0.211453, 0.373110), (0.505340, -0.211268, 0.290416), (0.502254, -0.211281, 0.315843), (0.513376, -0.211631, 0.313568), (0.513466, -0.211650, 0.203271), (0.515386, -0.211513, 0.139667), (0.508563, -0.211899, 0.093024), (0.513993, -0.212276, 0.038413), (0.515972, -0.212746, 0.011652), (0.515441, -0.211919, 0.057099), (0.440795, -0.212940, 0.663678), (0.495992, -0.210582, 0.273047), (0.057315, -0.212396, 0.654056), (0.045339, -0.212330, 0.662658), (0.003751, -0.211522, 0.657570), (-0.002845, -0.211396, 0.653233), (-0.040062, -0.212237, 0.663011), (-0.048748, -0.212124, 0.652063), (0.489636, -0.211821, 1.129411), (0.515403, -0.211375, 0.288238), (0.499993, -0.210500, 0.299021), (0.480406, -0.210015, 0.278321), (0.473081, -0.209893, 0.279682), (0.500828, -0.210810, 0.256633), (0.493190, -0.210488, 1.419637), (0.455891, -0.211997, 1.444617), (0.462618, -0.212474, 1.425798), (0.486758, -0.210799, 1.415660), (0.483616, -0.214465, 0.007617), (0.516004, -0.210136, 0.065344), (0.451562, -0.215421, 0.008570), (0.500972, -0.209428, 1.211567), (0.479576, -0.212351, 1.412095), (0.470136, -0.214127, 1.414709), (-0.000303, -0.210913, 0.651932), (0.500110, -0.209157, 1.348251), (0.012931, -0.212164, 0.650416), (0.458670, -0.214136, 1.419739), (0.516604, -0.209888, 1.331994), (0.439292, -0.213582, 1.182268), (0.438225, -0.213254, 1.185488), (0.462205, -0.212739, 1.420784), (0.153458, -0.215502, 0.979868), (0.154940, -0.214489, 0.975045), (0.144702, -0.215423, 0.972392), (0.133967, -0.215585, 0.968467), (0.149939, -0.214130, 0.970941), (0.123627, -0.215392, 0.963223), (0.108085, -0.215469, 0.954862), (0.086242, -0.216120, 0.943773), (0.064024, -0.217475, 0.930884), (0.049544, -0.217666, 0.924486), (0.035487, -0.217931, 0.916864), (0.165410, -0.214321, 0.981035), (-0.008575, -0.213096, 0.647120), (0.463020, -0.211531, 1.417247), (0.464085, -0.210120, 1.424430), (0.451131, -0.216659, 1.418412), (0.446620, -0.217654, 1.420057), (0.446963, -0.217696, 1.412174), (0.459391, -0.215278, 1.415998), (0.462871, -0.216300, 1.412527), (0.445936, -0.217737, 1.407012), (0.463648, -0.216357, 1.406203), (0.475531, -0.215071, 1.409689), (0.411491, -0.218221, 1.378183), (0.392317, -0.217993, 1.366469), (0.444926, -0.218703, 1.442254), (0.444752, -0.217839, 1.451516), (0.384035, -0.217846, 1.358821), (0.374337, -0.217585, 1.350865), (0.358359, -0.217558, 1.345555), (0.361925, -0.217960, 1.343733), (0.341688, -0.217631, 1.334986), (0.323748, -0.217980, 1.320362), (0.323029, -0.217379, 1.323152), (0.307291, -0.217789, 1.310613), (0.290419, -0.217717, 1.301472), (0.272586, -0.217738, 1.291499), (0.241980, -0.217675, 1.275024), (0.225080, -0.218168, 1.264991), (0.212323, -0.218190, 1.257302), (0.202797, -0.218235, 1.252421), (0.189175, -0.218158, 1.244960), (0.176157, -0.217989, 1.236822), (0.162003, -0.217648, 1.228227), (0.312126, -0.217081, 1.310891), (0.154512, -0.217802, 1.223901), (0.163251, -0.212841, 0.978092), (0.007311, -0.213464, 0.650932), (0.001824, -0.212986, 0.651485), (0.498769, -0.208238, 1.080131), (0.018501, -0.217947, 0.911374), (0.011515, -0.219592, 0.904973), (0.005122, -0.219366, 0.906050), (0.004507, -0.222035, 0.901040), (0.008506, -0.221548, 0.894273), (0.034450, -0.221486, 0.879780), (0.047688, -0.221442, 0.871274), (0.001836, -0.223368, 0.898863), (0.000528, -0.222460, 0.903005), (-0.004427, -0.223422, 0.899025), (-0.002810, -0.223832, 0.894794), (-0.018348, -0.223184, 0.885667), (-0.026514, -0.223103, 0.886079), (-0.038651, -0.223315, 0.876879), (-0.052402, -0.223026, 0.868391), (-0.066001, -0.222553, 0.862415), (-0.067459, -0.221593, 0.857038), (0.055546, -0.221604, 0.867882), (0.068123, -0.221227, 0.860740), (0.081661, -0.220319, 0.852522), (0.096630, -0.218802, 0.843328), (0.108614, -0.218110, 0.834878), (0.116182, -0.218556, 0.829428), (0.132859, -0.220931, 0.822178), (0.126465, -0.219466, 0.821462), (0.135695, -0.220988, 0.817292), (0.139865, -0.221051, 0.813019), (0.153131, -0.222490, 0.806486), (0.153441, -0.223092, 0.809981), (0.163660, -0.223915, 0.801957), (0.180351, -0.223921, 0.793546), (0.192188, -0.223524, 0.788696), (-0.071349, -0.222707, 0.856603), (-0.084464, -0.222191, 0.849369), (-0.093906, -0.221547, 0.846354), (-0.036605, -0.221863, 0.874204), (0.185708, -0.222613, 0.788635), (0.192926, -0.222347, 0.783808), (0.203470, -0.223271, 0.781988), (0.213101, -0.223687, 0.775059), (0.226445, -0.222549, 0.766458), (0.232862, -0.223414, 0.765022), (0.233020, -0.222192, 0.761442), (0.216837, -0.221763, 0.768685), (-0.086655, -0.219759, 0.843998), (-0.096491, -0.219351, 0.838209), (-0.104324, -0.219346, 0.834393), (-0.102472, -0.220733, 0.841797), (-0.114472, -0.220607, 0.832188), (-0.124584, -0.221467, 0.826949), (-0.134415, -0.222293, 0.820392), (-0.161524, -0.225034, 0.804392), (-0.176718, -0.225015, 0.796763), (-0.195960, -0.224701, 0.784642), (-0.209515, -0.224833, 0.778049), (0.144094, -0.220746, 0.808953), (0.449602, -0.217681, 0.004588), (0.437586, -0.219182, 0.007643), (0.444656, -0.218523, 0.002609), (0.145801, -0.217633, 1.216839), (0.128846, -0.217985, 1.204183), (0.112414, -0.221030, 1.189761), (0.112864, -0.222604, 1.182946), (0.096869, -0.222684, 1.183606), (0.105936, -0.222460, 1.179590), (0.096977, -0.221920, 1.171494), (0.105047, -0.221889, 1.171542), (0.147433, -0.216519, 1.213964), (0.243894, -0.223250, 0.759167), (0.259393, -0.223222, 0.750874), (0.268784, -0.223172, 0.745675), (0.277595, -0.223363, 0.738143), (0.284564, -0.224032, 0.736076), (0.297160, -0.224112, 0.729562), (0.289269, -0.221881, 0.726954), (0.289129, -0.221363, 0.721226), (0.282681, -0.221399, 0.719709), (0.267514, -0.222079, 0.720945), (0.247445, -0.221685, 0.721323), (0.302723, -0.223844, 0.724224), (0.315785, -0.223942, 0.715652), (0.323737, -0.224050, 0.713867), (0.326097, -0.224227, 0.709541), (0.334627, -0.224402, 0.707393), (-0.227439, -0.224383, 0.765505), (-0.239713, -0.224679, 0.760635), (-0.249807, -0.224978, 0.754422), (-0.274770, -0.224732, 0.742797), (-0.323901, -0.225864, 0.715128), (-0.330648, -0.226682, 0.709555), (-0.289363, -0.225187, 0.715768), (-0.347271, -0.226439, 0.704103), (-0.358620, -0.226643, 0.698468), (-0.373773, -0.225982, 0.693155), (-0.382196, -0.227008, 0.686862), (-0.409696, -0.227288, 0.680546), (-0.417694, -0.228448, 0.672755), (-0.432278, -0.227749, 0.673638), (-0.437058, -0.228901, 0.680673), (-0.445498, -0.228870, 0.680557), (-0.440729, -0.230095, 0.682567), (-0.444981, -0.230990, 0.693653), (0.435435, -0.216728, 1.165239), (0.435694, -0.217096, 1.184691), (-0.003930, -0.216291, 0.639805), (0.000056, -0.220260, 0.626184), (0.198697, -0.216818, 1.247533), (0.170604, -0.222260, 0.795290), (-0.002387, -0.212851, 0.650714), (0.204057, -0.216443, 1.249902), (0.214675, -0.216698, 1.256020), (0.224280, -0.216471, 1.261450), (0.227558, -0.217038, 1.264522), (0.013548, -0.213930, 0.647242), (-0.079147, -0.220273, 0.848818), (-0.069718, -0.220167, 0.853785), (0.357322, -0.216683, 1.338342), (0.172832, -0.220935, 0.792005), (-0.277677, -0.225986, 0.717598), (-0.232330, -0.223881, 0.719773), (-0.058821, -0.220285, 0.859911), (-0.054713, -0.220811, 0.863302), (-0.048221, -0.221485, 0.868027), (-0.040387, -0.219995, 0.870559), (0.130662, -0.216465, 1.201764), (0.129175, -0.214171, 1.197891), (0.214010, -0.222595, 0.772376), (0.228052, -0.220991, 0.762751), (0.516443, -0.210285, 1.166686), (-0.001160, -0.221584, 0.615594), (0.001463, -0.219237, 0.632579), (-0.001405, -0.219492, 0.639458), (-0.051901, -0.220939, 0.578780), (-0.078180, -0.222401, 0.561072), (0.001912, -0.221145, 0.641421), (0.006969, -0.215934, 0.635536), (0.006876, -0.218268, 0.641854), (0.007214, -0.217882, 0.647032), (0.011242, -0.216556, 0.644477), (0.001811, -0.219583, 0.646833), (-0.005273, -0.216344, 0.644780), (0.002867, -0.217595, 0.649529), (0.008967, -0.215151, 0.640239), (0.180958, -0.216617, 1.237115), (-0.026110, -0.221695, 0.879521), (0.414504, -0.216925, 1.378095), (-0.014445, -0.221596, 0.885632), (-0.006800, -0.221522, 0.890103), (0.124773, -0.216139, 1.196292), (-0.028815, -0.219973, 0.876418), (0.153744, -0.210986, 0.973050), (0.167242, -0.210814, 0.981180), (0.011841, -0.213655, 0.899902), (-0.509828, -0.134954, 0.287745), (-0.509362, -0.147246, 0.287568), (-0.510430, -0.172316, 0.287154), (0.462756, -0.209564, 1.416455), (0.467304, -0.209208, 1.427137), (0.472142, -0.209327, 1.406606), (0.481359, -0.207803, 1.419984), (0.486909, -0.207007, 1.427351), (0.454894, -0.209817, 1.411719), (0.450612, -0.209627, 1.418900), (0.445892, -0.209983, 1.422834), (0.480178, -0.208970, 1.411632), (0.461012, -0.211431, 1.426043), (0.492909, -0.209060, 1.417707), (0.464517, -0.209952, 1.431915), (0.486216, -0.209561, 1.414300), (0.477545, -0.209424, 1.408623), (0.458525, -0.211547, 1.416240), (0.458499, -0.212244, 1.419446), (-0.426400, -0.221085, 0.325239), (-0.423961, -0.223948, 0.327198), (-0.423881, -0.220380, 0.328098), (-0.405904, -0.224016, 0.339455), (-0.398390, -0.223994, 0.343900), (-0.395103, -0.221753, 0.347025), (-0.413171, -0.220822, 0.334417), (-0.403616, -0.220669, 0.341894), (-0.393597, -0.222183, 0.350256), (-0.392791, -0.220752, 0.352072), (0.124969, -0.211951, 1.196205), (0.204914, -0.212875, 1.251434), (0.214400, -0.214338, 1.255118), (0.198554, -0.213490, 1.247289), (0.216231, -0.213127, 1.258307), (0.225152, -0.214530, 1.261600), (0.227290, -0.213243, 1.264266), (0.238127, -0.210764, 1.274154), (0.226238, -0.210710, 1.267791), (0.197559, -0.210834, 1.250980), (0.214051, -0.210952, 1.261381), (0.248100, -0.210851, 1.279061), (0.258750, -0.209875, 1.287838), (0.208110, -0.211107, 1.259603), (0.265277, -0.209780, 1.289465), (0.191761, -0.210677, 1.249440), (0.178531, -0.211578, 1.238698), (0.166463, -0.211299, 1.230998), (0.159181, -0.210909, 1.227764), (0.146268, -0.211385, 1.217364), (0.147546, -0.213833, 1.213926), (0.139065, -0.210783, 1.214747), (0.126950, -0.210797, 1.203599), (0.130704, -0.212897, 1.201559), (0.114082, -0.210129, 1.187788), (0.222930, -0.211020, 1.268335), (0.181097, -0.211339, 1.243940), (0.234268, -0.210583, 1.274363), (0.247986, -0.210615, 1.282045), (0.274550, -0.210823, 1.296411), (0.285512, -0.210936, 1.302470), (-0.060412, -0.212773, 0.669069), (-0.060229, -0.212603, 0.678881), (0.438894, 0.216320, 0.679872), (-0.476537, -0.214544, 0.020119), (-0.483465, -0.205035, 0.027566), (-0.484144, -0.192549, 0.027454), (-0.481298, -0.207900, 0.027443), (-0.438801, -0.213223, 1.185714), (-0.436541, -0.213133, 1.190341), (-0.435111, -0.216855, 1.188784), (-0.437121, -0.213969, 1.182816), (-0.434073, -0.216651, 1.183562), (-0.428943, -0.216533, 1.184328), (-0.017461, -0.219816, 0.882539), (-0.014712, -0.217681, 0.885728), (-0.062658, -0.215168, 0.859857), (-0.067067, -0.217326, 0.855968), (-0.069910, -0.215050, 0.855636), (-0.056683, -0.217840, 0.861840), (-0.075015, -0.217217, 0.851034), (-0.052137, -0.215066, 0.866724), (-0.081020, -0.215019, 0.848973), (-0.046943, -0.217380, 0.868007), (-0.085984, -0.217114, 0.843898), (-0.092438, -0.214568, 0.841384), (-0.094175, -0.217051, 0.838103), (-0.041113, -0.215304, 0.873435), (-0.036763, -0.217251, 0.874254), (-0.031063, -0.215579, 0.879695), (-0.026948, -0.217564, 0.879805), (-0.017411, -0.215477, 0.887288), (-0.006637, -0.217024, 0.889907), (-0.009288, -0.219460, 0.887041), (-0.004610, -0.214473, 0.893375), (-0.374657, -0.220806, 0.351911), (-0.382740, -0.219978, 0.343874), (-0.411322, -0.219841, 0.323117), (-0.377806, -0.220238, 0.361650), (-0.420937, -0.219824, 0.333584), (-0.402605, -0.220681, 0.346474), (-0.370743, -0.220816, 0.367144), (-0.386414, -0.220778, 0.357642), (-0.363675, -0.220007, 0.368504), (-0.356688, -0.220604, 0.374537), (-0.349138, -0.221179, 0.379673), (-0.334922, -0.220618, 0.388310), (-0.320683, -0.220160, 0.396447), (-0.302856, -0.220494, 0.409231), (-0.291281, -0.220715, 0.415967), (-0.418227, -0.218929, 0.317898), (-0.414209, -0.220718, 0.340229), (-0.313460, -0.220776, 0.403287), (-0.432011, -0.220232, 0.328440), (-0.438718, -0.219810, 0.322542), (-0.437956, -0.219267, 0.316851), (-0.444990, -0.219954, 0.318747), (-0.438706, -0.218150, 0.309864), (-0.445510, -0.217892, 0.309563), (-0.425671, -0.221412, 0.333602), (0.412683, -0.219986, 0.330085), (0.412394, -0.219543, 0.334728), (0.407915, -0.220293, 0.335049), (-0.428223, -0.209949, 1.182614), (-0.427584, -0.208915, 1.183622), (-0.430992, -0.213109, 1.181989), (0.440223, -0.212273, 0.300473), (0.440707, -0.216540, 0.309604), (0.440500, -0.217406, 0.316681), (0.430509, -0.218379, 0.327506), (0.422287, -0.218786, 0.329504), (0.413005, -0.218758, 0.338562), (0.399251, -0.219709, 0.340842), (0.388986, -0.219779, 0.348527), (0.383935, -0.218856, 0.347779), (0.366981, -0.218556, 0.363831), (0.394803, -0.219183, 0.337561), (0.399908, -0.220005, 0.333020), (0.355814, -0.219611, 0.369454), (0.348342, -0.219337, 0.377598), (0.408165, -0.220035, 0.330419), (0.409992, -0.218456, 0.322922), (0.379067, -0.218871, 0.347423), (0.339605, -0.220016, 0.381013), (0.330617, -0.219333, 0.389234), (0.313656, -0.218909, 0.400730), (0.421095, -0.219002, 0.325150), (0.421278, -0.217915, 0.318643), (0.435103, -0.218026, 0.313385), (0.430275, -0.217870, 0.311505), (0.435496, -0.216972, 0.304350), (0.296416, -0.218747, 0.411416), (0.343821, -0.220314, 0.376562), (0.288201, -0.218967, 0.415068), (0.279244, -0.219070, 0.422992), (0.267946, -0.218938, 0.429145), (0.252355, -0.218724, 0.439175), (0.232977, -0.218991, 0.451979), (0.210060, -0.218885, 0.467993), (0.199964, -0.218667, 0.473930), (0.189402, -0.218628, 0.482307), (0.184309, -0.218722, 0.483980), (0.154688, -0.218797, 0.506870), (0.141594, -0.219043, 0.518085), (0.137834, -0.218948, 0.518923), (0.123339, -0.218385, 0.531384), (0.114673, -0.218185, 0.536260), (-0.468441, -0.212825, 0.568241), (-0.489437, -0.193729, 0.568916), (-0.483948, -0.193957, 0.579098), (-0.486283, -0.194827, 0.564475), (-0.477264, -0.196389, 0.577959), (-0.477268, -0.197932, 0.563521), (-0.492520, -0.194232, 0.559538), (-0.486447, -0.195230, 0.556791), (-0.497464, -0.192771, 0.577942), (-0.477245, -0.200004, 0.557655), (-0.472555, -0.201338, 0.560142), (-0.491209, -0.193583, 0.554674), (-0.471885, -0.200026, 0.579124), (-0.472065, -0.205569, 0.559090), (-0.471041, -0.205256, 0.578793), (-0.469392, -0.211584, 0.578102), (0.192829, -0.219050, 0.783481), (0.185758, -0.218419, 0.788526), (0.187855, -0.220658, 0.785212), (0.154297, -0.220124, 0.802813), (0.162757, -0.222600, 0.800549), (0.163514, -0.218060, 0.800054), (0.165572, -0.220521, 0.796516), (0.170350, -0.219183, 0.794901), (0.152697, -0.218054, 0.805426), (0.148834, -0.215214, 0.808967), (0.143601, -0.217867, 0.809675), (0.136744, -0.214743, 0.815142), (0.214903, -0.218341, 0.771681), (0.216956, -0.219493, 0.768708), (0.226204, -0.218578, 0.766024), (0.232768, -0.219391, 0.761055), (-0.484591, -0.210288, 0.686794), (0.434624, -0.209446, 1.123649), (0.439171, -0.209270, 1.128331), (0.422428, -0.209694, 1.116819), (0.419211, -0.209720, 1.113754), (0.409416, -0.209747, 1.108657), (0.401755, -0.209692, 1.103308), (0.391173, -0.209500, 1.097627), (0.379619, -0.209375, 1.091372), (0.368317, -0.209547, 1.085469), (0.356760, -0.209577, 1.079877), (0.345430, -0.209488, 1.074566), (0.333824, -0.209552, 1.068564), (0.324271, -0.209619, 1.065205), (-0.435218, 0.209088, 1.436817), (-0.438038, 0.220243, 1.444449), (-0.436121, 0.212233, 1.444751), (-0.437593, 0.219685, 1.438236), (-0.434584, 0.209553, 1.441350), (0.123039, -0.217002, 0.822270), (0.133615, -0.217758, 0.816066), (0.115267, -0.214202, 0.825843), (0.125843, -0.214294, 0.820735), (0.112021, -0.212804, 0.828775), (0.103608, -0.214352, 0.831083), (0.101563, -0.212701, 0.834201), (-0.282993, -0.214007, 1.293272), (-0.280755, -0.215525, 1.290580), (-0.214668, -0.214285, 1.256670), (-0.217803, -0.217463, 1.258397), (-0.206753, -0.217174, 1.252217), (-0.225104, -0.214443, 1.261586), (-0.226831, -0.217560, 1.262912), (-0.205072, -0.213242, 1.252736), (-0.227611, -0.213445, 1.264444), (-0.236812, -0.214344, 1.267251), (-0.237642, -0.217033, 1.268235), (-0.201186, -0.214023, 1.248638), (-0.196741, -0.217070, 1.245768), (-0.196022, -0.214743, 1.244953), (-0.185864, -0.217426, 1.240088), (-0.185577, -0.214405, 1.239723), (-0.176168, -0.217667, 1.235660), (-0.176483, -0.213572, 1.236165), (-0.238960, -0.213141, 1.269888), (-0.248310, -0.214088, 1.272573), (-0.250310, -0.212936, 1.275605), (-0.259112, -0.214425, 1.278629), (-0.261212, -0.213358, 1.281611), (-0.269690, -0.214723, 1.284725), (-0.272390, -0.213701, 1.287568), (-0.174579, -0.215409, 1.232564), (-0.170365, -0.217721, 1.230693), (-0.170297, -0.213834, 1.230596), (-0.168506, -0.214706, 1.227767), (-0.159494, -0.213357, 1.224941), (-0.155109, -0.213997, 1.219998), (-0.150126, -0.214364, 1.215238), (-0.494752, 0.112579, 1.416994), (-0.431085, -0.212179, 1.165251), (-0.428828, -0.209616, 1.169235), (-0.428837, -0.210010, 1.177026), (-0.409162, -0.209442, 1.182796), (-0.401950, -0.209299, 1.169545), (-0.374233, -0.209762, 1.176918), (-0.320955, -0.209459, 1.169798), (-0.214633, -0.209600, 1.176947), (-0.228111, -0.209365, 1.182722), (-0.143643, -0.209514, 1.169996), (-0.136039, -0.210133, 1.178080), (-0.136853, -0.209950, 1.182577), (-0.030345, -0.213672, 0.275803), (-0.028707, -0.214402, 0.277474), (-0.034493, -0.210809, 0.279220), (-0.046592, -0.212798, 0.272923), (-0.039053, -0.209685, 0.281928), (-0.049236, -0.214034, 0.269299), (-0.490549, -0.137803, 1.408842), (-0.480021, -0.212496, 1.415830), (-0.480479, -0.214215, 1.416044), (-0.471579, -0.209763, 1.408627), (-0.457503, -0.209784, 1.403776), (-0.444083, -0.210052, 1.400588), (-0.440485, -0.209321, 1.397777), (-0.437517, -0.210075, 1.395150), (-0.434514, -0.209958, 1.390834), (-0.426043, -0.211068, 1.384181), (-0.423715, -0.210345, 1.385694), (-0.409602, -0.211753, 1.373364), (-0.401278, -0.211722, 1.369371), (-0.391489, -0.212698, 1.360910), (-0.384954, -0.212369, 1.358643), (-0.373335, -0.211787, 1.351588), (-0.363882, -0.211321, 1.343534), (-0.427972, -0.210350, 1.388840), (-0.355859, -0.210622, 1.340411), (-0.346223, -0.211247, 1.332423), (-0.341255, -0.211280, 1.331589), (-0.333169, -0.211292, 1.324906), (-0.321678, -0.211163, 1.318612), (-0.317106, -0.211462, 1.317325), (-0.307274, -0.211651, 1.309679), (-0.298489, -0.211529, 1.305986), (-0.281988, -0.211827, 1.296300), (-0.267140, -0.212246, 1.287276), (-0.244669, -0.211254, 1.275654), (-0.233617, -0.211603, 1.270175), (-0.182246, -0.212380, 1.241740), (-0.330286, -0.211394, 1.325591), (-0.394941, -0.213622, 1.368070), (-0.347168, -0.212714, 1.337036), (-0.166517, -0.212399, 1.231356), (-0.142319, -0.212370, 1.213718), (-0.364971, -0.212821, 1.347909), (-0.410064, -0.212996, 1.377209), (-0.414811, -0.213700, 1.381526), (-0.326049, -0.213219, 1.324525), (-0.384133, -0.214093, 1.360998), (-0.402724, -0.214465, 1.373733), (-0.432000, -0.211830, 1.393484), (-0.439297, -0.211975, 1.399634), (-0.368972, -0.213954, 1.351352), (-0.486073, -0.211173, 1.420550), (-0.493842, -0.211913, 1.420303), (-0.486562, -0.212480, 1.420396), (-0.493317, -0.211011, 1.420307), (-0.483980, -0.212854, 1.417326), (-0.447524, -0.209787, 1.407647), (-0.462548, -0.209639, 1.413352), (-0.474485, -0.209785, 1.420247), (-0.478404, -0.210345, 1.433710), (-0.482301, -0.209603, 1.421346), (-0.456858, -0.211234, 1.429030), (-0.457062, -0.211279, 1.434902), (-0.443414, -0.210958, 1.434229), (-0.452852, -0.210958, 1.412663), (-0.443916, -0.211511, 1.426303), (-0.444050, -0.211586, 1.418957), (-0.485981, -0.210393, 1.426834), (-0.492859, -0.210535, 1.422543), (-0.476901, -0.210458, 1.416054), (0.460381, -0.209506, 1.128929), (0.160799, -0.209052, 0.978827), (0.173289, -0.209521, 0.985946), (0.180863, -0.209488, 0.990724), (0.150365, -0.209283, 0.972904), (0.148238, -0.211066, 0.969878), (0.136042, -0.209490, 0.963862), (0.123329, -0.209485, 0.956821), (0.111763, -0.209490, 0.950439), (0.099434, -0.209496, 0.945971), (0.086465, -0.209676, 0.940798), (0.078010, -0.209733, 0.938303), (0.070023, -0.209899, 0.935894), (0.063064, -0.210861, 0.929777), (0.059192, -0.210240, 0.930483), (0.051405, -0.210547, 0.924928), (0.040261, -0.210791, 0.918642), (0.034761, -0.210408, 0.918015), (0.028802, -0.210894, 0.911777), (0.022141, -0.210396, 0.911029), (0.017281, -0.211953, 0.904648), (0.008543, -0.212041, 0.903544), (0.007904, -0.213726, 0.894493), (-0.001186, -0.211897, 0.901310), (0.235786, -0.209380, 1.028829), (0.002937, -0.212159, 0.905460), (0.041194, -0.214031, 0.876066), (0.057307, -0.213758, 0.865907), (-0.005774, -0.212802, 0.905386), (-0.010891, -0.214286, 0.900099), (-0.013923, -0.212928, 0.905471), (-0.020127, -0.214873, 0.901948), (-0.019994, -0.212689, 0.910991), (-0.033176, -0.212083, 0.916889), (-0.040623, -0.212199, 0.918831), (-0.056001, -0.211369, 0.928087), (0.069674, -0.213709, 0.858749), (0.091625, -0.211886, 0.843650), (0.434086, -0.208092, 1.137585), (0.467576, -0.208423, 1.140223), (0.467956, -0.208088, 1.148782), (0.433787, -0.207897, 1.148490), (0.444963, -0.207203, 1.162630), (0.485722, -0.206127, 1.162805), (0.433527, -0.206459, 1.162716), (0.476555, -0.206945, 1.155287), (0.488266, -0.206014, 1.138637), (0.480919, -0.206833, 1.133906), (0.491787, -0.207097, 1.131263), (-0.098831, -0.213443, 0.841031), (-0.109694, -0.212949, 0.835158), (-0.120884, -0.213416, 0.828390), (0.098105, -0.211216, 0.841617), (0.109578, -0.210905, 0.834330), (0.117869, -0.211663, 0.828556), (0.125212, -0.211953, 0.826363), (0.136043, -0.213392, 0.820575), (-0.002795, -0.214586, 0.907072), (-0.012272, -0.216925, 0.897702), (-0.016862, -0.218028, 0.899760), (-0.392447, -0.223551, 0.353906), (-0.249034, -0.223444, 0.444643), (-0.261206, -0.225905, 0.436931), (-0.270074, -0.221286, 0.429897), (-0.235570, -0.220956, 0.452221), (-0.236702, -0.226165, 0.452883), (-0.228391, -0.223410, 0.457860), (-0.219430, -0.225536, 0.464871), (-0.224178, -0.226819, 0.460991), (-0.280129, -0.223324, 0.423617), (-0.287743, -0.226050, 0.419810), (-0.297209, -0.223107, 0.413389), (-0.304759, -0.226000, 0.409231), (-0.318343, -0.223083, 0.400584), (-0.335061, -0.223160, 0.389175), (-0.358621, -0.223724, 0.374582), (-0.379829, -0.223884, 0.361855), (-0.292972, -0.226921, 0.416068), (-0.398010, -0.223559, 0.350307), (-0.406871, -0.223941, 0.344814), (-0.417686, -0.223854, 0.338628), (-0.433791, -0.224018, 0.328298), (-0.440722, -0.222311, 0.323600), (-0.210663, -0.221819, 0.469979), (-0.219026, -0.210991, 1.450681), (-0.320149, -0.210746, 1.450633), (0.512881, 0.198690, 0.006187), (-0.474071, -0.213260, 1.441040), (-0.222452, -0.211325, 0.649907), (-0.232996, -0.211316, 0.663368), (-0.130474, -0.211122, 0.650064), (-0.303287, -0.211262, 0.649899), (-0.063213, -0.212209, 0.650464), (-0.425988, -0.211981, 0.655660), (-0.466120, -0.212265, 0.662491), (-0.499465, -0.211571, 0.666280), (-0.515760, -0.211650, 0.693693), (-0.515984, -0.211920, 0.636034), (-0.501543, -0.211304, 0.700668), (-0.501846, -0.211036, 0.719923), (-0.515690, -0.212253, 0.596074), (-0.514201, -0.211904, 0.493155), (-0.513757, -0.212970, 0.404611), (-0.515816, -0.212517, 0.333190), (-0.513760, -0.213264, 0.274652), (-0.504482, -0.212945, 0.298432), (-0.501055, -0.213018, 0.265208), (-0.503880, -0.212743, 0.257309), (-0.516026, -0.211760, 0.486673), (-0.513791, -0.213369, 0.187605), (-0.508207, -0.213431, 0.149031), (-0.513843, -0.213621, 0.095026), (-0.501373, -0.211145, 0.767137), (-0.513658, -0.211772, 0.860616), (-0.513284, -0.211686, 0.967828), (-0.502073, -0.211339, 0.859386), (-0.502424, -0.211098, 0.957088), (-0.502331, -0.210588, 1.012560), (-0.515195, -0.210931, 1.029407), (-0.502282, -0.210379, 1.080435), (-0.515112, -0.211286, 1.124617), (-0.501444, -0.210901, 1.183407), (-0.497098, -0.210705, 1.127232), (-0.501543, -0.210570, 1.106728), (-0.515090, -0.210928, 1.089789), (-0.496561, -0.210878, 1.165992), (-0.514885, -0.210945, 1.211120), (-0.496154, -0.211201, 1.183406), (-0.443748, -0.212079, 1.169404), (-0.468939, -0.211830, 1.183229), (-0.444729, -0.211880, 1.183549), (-0.477988, -0.211464, 1.150354), (-0.495007, -0.211001, 1.136025), (-0.484659, -0.211037, 1.134606), (-0.475535, -0.211137, 1.138419), (-0.453369, -0.211021, 1.135008), (-0.445319, -0.212355, 1.161649), (-0.444863, -0.212430, 1.137311), (-0.516633, -0.211575, 0.757232), (-0.513327, -0.214303, 0.039261), (-0.515874, -0.214021, 0.052128), (-0.515985, -0.214330, 0.012200), (-0.503115, -0.210342, 1.203702), (-0.503973, -0.210328, 1.246169), (-0.513112, -0.211043, 1.365635), (-0.502205, -0.210287, 1.365115), (-0.515007, -0.211050, 1.302845), (-0.514582, -0.211176, 1.416904), (-0.500946, -0.210887, 1.403224), (-0.502698, -0.211487, 1.425562), (-0.497004, -0.211210, 1.415768), (-0.513716, -0.211198, 1.450935), (-0.482307, -0.212303, 1.451095), (-0.491464, -0.214003, 0.275089), (-0.475650, -0.214802, 0.277882), (-0.492541, -0.213441, 0.265295), (-0.481127, -0.213968, 0.271419), (-0.515575, -0.213233, 0.110329), (-0.436031, -0.213323, 1.137456), (-0.436347, -0.213258, 1.162607), (-0.501485, -0.211247, 0.869552), (-0.516066, -0.212680, 0.400973), (-0.503686, -0.213979, 0.007893), (-0.474874, -0.215138, 0.007312), (-0.515546, -0.211182, 0.986342), (-0.515627, -0.210448, 1.143579), (-0.436778, -0.213278, 1.176239), (-0.515244, -0.211572, 0.839297), (-0.515577, -0.212941, 0.247371), (-0.496539, -0.209838, 1.187670), (-0.433216, -0.214267, 1.133270), (-0.448734, -0.212526, 1.133681), (-0.443435, -0.213321, 1.130453), (-0.434305, -0.214083, 1.129595), (-0.417330, -0.215085, 1.118345), (-0.373496, -0.214989, 1.093137), (-0.356625, -0.214666, 1.084275), (-0.338501, -0.214841, 1.076868), (-0.313746, -0.215487, 1.062858), (-0.291112, -0.215922, 1.051565), (-0.464410, -0.213926, 1.127129), (-0.466666, -0.216568, 1.420008), (-0.453549, -0.217296, 1.427117), (-0.457642, -0.217336, 1.415192), (-0.455368, -0.217411, 1.439962), (-0.471904, -0.217996, 1.412150), (-0.456790, -0.218629, 1.407308), (-0.482941, -0.211978, 1.132951), (-0.480845, -0.212655, 1.127206), (-0.266894, -0.216163, 1.039123), (-0.443545, -0.220246, 1.430671), (-0.448272, -0.219666, 1.445419), (-0.243510, -0.216563, 1.026667), (-0.225295, -0.216367, 1.018017), (-0.449661, -0.219508, 1.415795), (-0.497479, -0.208798, 1.336140), (-0.500273, -0.209273, 1.230268), (-0.497148, -0.208209, 1.208041), (-0.496465, -0.205865, 1.237659), (-0.449327, -0.212786, 1.127228), (-0.497481, -0.208211, 1.274934), (-0.208403, -0.216758, 1.008520), (-0.202658, -0.216702, 1.004636), (-0.183436, -0.216106, 0.996285), (-0.468868, -0.217662, 0.008030), (-0.173586, -0.216270, 0.991496), (-0.497548, -0.208119, 1.373482), (-0.497564, -0.209764, 1.407093), (-0.155484, -0.215737, 0.981579), (-0.145873, -0.215718, 0.975177), (-0.134562, -0.215357, 0.972308), (-0.122013, -0.215769, 0.962978), (-0.106051, -0.216432, 0.955577), (-0.097486, -0.216869, 0.949383), (-0.082720, -0.216286, 0.946252), (-0.073035, -0.217145, 0.939759), (-0.056668, -0.217812, 0.930259), (-0.044174, -0.217828, 0.924514), (-0.043966, -0.218168, 0.919514), (-0.035435, -0.218155, 0.919906), (-0.035728, -0.218624, 0.913622), (-0.025509, -0.219539, 0.911813), (-0.030952, -0.219203, 0.909384), (-0.018017, -0.220196, 0.903905), (-0.012747, -0.219593, 0.906555), (-0.012592, -0.216963, 0.911232), (-0.005836, -0.219102, 0.905405), (-0.515623, -0.210219, 1.274195), (0.438622, -0.213657, 0.282239), (0.438754, -0.213636, 0.295162), (-0.421173, -0.214472, 1.386383), (-0.103248, -0.204626, 1.183838), (-0.090910, -0.206527, 1.183963), (-0.096881, -0.205944, 1.183912), (-0.108373, -0.203499, 1.183590), (-0.105803, -0.138591, 1.183565), (-0.073317, -0.159555, 1.183728), (-0.079232, -0.070523, 1.183492), (-0.186148, -0.124531, 1.183472), (-0.093692, 0.003839, 1.183329), (0.004981, -0.003465, 1.183407), (0.002241, 0.071230, 1.183331), (-0.065259, 0.095176, 1.183293), (-0.060479, 0.130705, 1.183259), (0.071577, 0.145191, 1.183390), (-0.115481, 0.071242, 1.183271), (0.002407, 0.170779, 1.183360), (0.121723, 0.201179, 1.183655), (0.058846, 0.201074, 1.183456), (0.248201, 0.200881, 1.183656), (0.240421, 0.194464, 1.183581), (0.304572, 0.191521, 1.183934), (0.308237, 0.201321, 1.184051), (0.398961, 0.201342, 1.183931), (0.302337, 0.139464, 1.183721), (0.431662, 0.197293, 1.183829), (0.356854, 0.151658, 1.183780), (-0.194796, 0.088666, 1.183238), (-0.301817, 0.134462, 1.183261), (-0.245392, 0.045759, 1.183258), (-0.388263, 0.086676, 1.183228), (-0.451994, 0.137079, 1.183265), (-0.443488, 0.070086, 1.183265), (-0.398221, 0.002792, 1.183242), (-0.446116, -0.047071, 1.183339), (-0.347830, -0.028632, 1.183261), (-0.410381, -0.089171, 1.183370), (-0.482112, -0.104959, 1.183439), (-0.450816, -0.148302, 1.183489), (-0.370968, -0.150786, 1.183519), (-0.434471, -0.204720, 1.183623), (-0.399140, -0.206369, 1.183746), (-0.345691, -0.206829, 1.183622), (-0.248888, -0.172937, 1.183557), (-0.233320, -0.205721, 1.183611), (-0.283537, -0.208933, 1.183381), (-0.324941, -0.110019, 1.183463), (-0.480431, 0.090069, 1.183375), (-0.497597, 0.130708, 1.183219), (-0.496963, 0.016025, 1.183404), (-0.509403, 0.160731, 1.183364), (-0.511134, 0.088643, 1.183445), (-0.511512, 0.000206, 1.183346), (-0.511290, -0.149755, 1.183356), (-0.413781, 0.201784, 1.183406), (-0.511538, 0.115859, 1.183177), (-0.511769, 0.158961, 1.183089), (-0.308200, -0.081252, 1.183357), (-0.471325, 0.020188, 1.183386), (-0.364203, 0.166287, 1.183320), (-0.483795, -0.183813, 1.183382), (-0.097861, 0.189414, 1.183404), (-0.101102, 0.201631, 1.183518), (-0.296876, 0.009108, 1.183242), (0.087525, 0.080396, 1.183419), (0.158486, 0.104745, 1.183502), (-0.139479, 0.162727, 1.183342), (0.183602, 0.037597, 1.183580), (-0.236333, -0.061424, 1.183386), (0.185415, 0.149333, 1.183547), (0.104277, 0.012593, 1.183517), (0.076876, -0.039583, 1.183587), (0.174382, -0.034966, 1.183681), (-0.181106, -0.033693, 1.183322), (0.177845, -0.124952, 1.183843), (0.097689, -0.095153, 1.183726), (0.251904, -0.049502, 1.183775), (0.270385, -0.124822, 1.183994), (0.003847, -0.107609, 1.183638), (0.114328, -0.202913, 1.183979), (0.153120, -0.206279, 1.184047), (0.126090, -0.206448, 1.183894), (0.342257, -0.024709, 1.183862), (-0.002171, -0.167921, 1.183773), (0.346609, -0.088420, 1.183981), (0.341497, -0.130225, 1.184103), (0.261124, -0.206077, 1.184069), (0.384606, -0.168634, 1.184155), (0.310458, -0.206619, 1.184244), (0.435827, -0.206384, 1.184288), (0.468676, -0.163386, 1.184143), (0.506898, -0.089438, 1.184164), (0.508031, -0.172543, 1.183997), (0.508429, -0.140006, 1.184196), (0.510617, -0.000106, 1.183861), (0.510341, -0.144502, 1.183366), (0.510152, -0.165665, 1.183406), (0.470012, -0.078729, 1.184070), (0.508861, 0.143159, 1.183935), (0.511058, 0.129238, 1.183725), (0.510686, 0.155363, 1.183283), (0.508464, 0.165541, 1.183433), (0.501834, 0.165944, 1.183728), (0.492227, -0.003136, 1.184065), (0.510860, -0.134793, 1.184023), (0.496888, 0.166214, 1.183728), (0.458269, 0.040023, 1.183981), (0.421117, -0.039460, 1.183956), (-0.153737, -0.209028, 1.183606), (-0.431657, -0.209971, 1.185986), (-0.438134, -0.210255, 1.185623), (-0.433958, -0.212185, 1.190594), (-0.430876, -0.213618, 1.187296), (0.439274, 0.202821, 1.183403), (-0.499243, -0.181216, 1.183276), (0.039433, -0.206405, 1.183899), (-0.495952, -0.189284, 1.183252), (-0.279931, 0.182134, 1.183395), (-0.379852, 0.190173, 1.183387), (0.431774, 0.148623, 1.183764), (0.393521, 0.106746, 1.183771), (0.330969, 0.055023, 1.183788), (0.459401, 0.163013, 1.183806), (-0.276531, 0.201479, 1.183519), (0.256918, 0.080099, 1.183641), (0.439494, 0.206172, 1.184122), (0.431076, -0.121989, 1.184110), (0.402484, 0.052558, 1.183879), (-0.123406, -0.208383, 1.183472), (0.473684, 0.086902, 1.183979), (-0.509622, -0.173400, 1.183279), (-0.512493, -0.171788, 1.182892), (-0.011656, -0.175985, 0.281947), (-0.000647, -0.205412, 0.281659), (0.034862, -0.197174, 0.281941), (0.026232, -0.206246, 0.281653), (0.082310, -0.150415, 0.282197), (0.092208, -0.192739, 0.281961), (0.155285, -0.159901, 0.282296), (0.154187, -0.136254, 0.282451), (0.258066, -0.148454, 0.282591), (0.247705, -0.092319, 0.282766), (0.171029, -0.066308, 0.282632), (0.255625, -0.000480, 0.282934), (0.172397, -0.009732, 0.282663), (0.096582, -0.030829, 0.282399), (0.192958, 0.059307, 0.282761), (0.128045, 0.022025, 0.282559), (0.014888, -0.124524, 0.282115), (0.066502, -0.066240, 0.282203), (-0.006981, -0.038025, 0.282098), (0.255393, -0.182335, 0.282320), (0.319011, -0.161933, 0.282630), (0.276515, -0.207226, 0.282266), (0.342363, -0.205319, 0.282421), (-0.026010, -0.207007, 0.281991), (0.051666, -0.207080, 0.281886), (0.077947, -0.206901, 0.281622), (0.307765, -0.034051, 0.283038), (0.012593, 0.020448, 0.282171), (0.386484, -0.157983, 0.282546), (0.363640, -0.104411, 0.282804), (0.441046, -0.112142, 0.282661), (0.311649, 0.045027, 0.283111), (-0.060706, 0.063038, 0.282189), (0.053110, 0.118537, 0.282285), (-0.051783, 0.126169, 0.282225), (-0.176856, 0.138379, 0.282287), (-0.151410, 0.078406, 0.282351), (-0.216692, 0.098990, 0.282572), (-0.046713, 0.147971, 0.282156), (-0.106501, -0.026455, 0.282211), (0.354348, -0.014923, 0.283003), (-0.167183, 0.025357, 0.282465), (-0.079905, -0.155582, 0.282061), (-0.128978, -0.180618, 0.282046), (0.178031, -0.188125, 0.282082), (0.108834, -0.104707, 0.282405), (0.412716, -0.065199, 0.282892), (0.440996, -0.020241, 0.282869), (0.069571, 0.069186, 0.282280), (0.144512, -0.210300, 0.281994), (0.253464, 0.066628, 0.282928), (0.185846, 0.140626, 0.282485), (0.144699, 0.118506, 0.282487), (0.285270, 0.126558, 0.282794), (0.239038, 0.182048, 0.282348), (0.352142, 0.181619, 0.282329), (0.344254, 0.115853, 0.282831), (0.424466, 0.102258, 0.282780), (0.482271, 0.148604, 0.282613), (0.474709, 0.056751, 0.282888), (0.492726, 0.070390, 0.283190), (0.480695, -0.007697, 0.282833), (0.492798, -0.017249, 0.283022), (-0.073969, -0.084242, 0.282118), (-0.248660, 0.138611, 0.282561), (-0.088615, -0.205364, 0.281923), (0.098599, -0.209372, 0.281703), (0.304715, 0.091153, 0.282956), (-0.141889, -0.207533, 0.282176), (-0.201254, -0.166817, 0.282304), (-0.188199, -0.207817, 0.282283), (-0.236858, -0.175168, 0.282301), (-0.250006, -0.205582, 0.282278), (-0.246794, -0.207519, 0.282677), (0.012399, -0.215783, 0.280998), (0.492919, 0.151994, 0.283128), (0.112777, 0.066726, 0.282500), (0.492656, -0.113469, 0.283063), (0.457152, -0.188356, 0.282497), (-0.041630, -0.206289, 0.281997), (0.295353, -0.100614, 0.282846), (-0.012104, -0.216085, 0.280931), (-0.261939, 0.055394, 0.282949), (-0.219901, -0.001857, 0.282687), (-0.272093, -0.072710, 0.282950), (-0.309846, -0.018675, 0.283142), (-0.321425, 0.078739, 0.283139), (-0.298161, 0.181278, 0.282706), (-0.280568, 0.137495, 0.282827), (-0.343877, 0.134533, 0.282994), (-0.336898, -0.086141, 0.283162), (0.022794, -0.215918, 0.280377), (-0.389319, 0.081152, 0.283126), (-0.219347, -0.082333, 0.282581), (-0.294433, -0.137755, 0.282999), (-0.340680, -0.138155, 0.283028), (-0.382139, -0.107115, 0.283125), (-0.368706, -0.201324, 0.282524), (-0.369225, -0.206259, 0.282456), (-0.428176, -0.104505, 0.283125), (-0.427758, -0.191451, 0.282694), (-0.471408, -0.162894, 0.283205), (-0.491458, -0.123252, 0.283375), (-0.414862, 0.002758, 0.283199), (-0.292644, -0.205502, 0.282493), (0.487545, 0.181509, 0.282642), (-0.458772, -0.046187, 0.283329), (-0.352342, 0.181147, 0.282692), (-0.436526, -0.199544, 0.282564), (0.472346, -0.203664, 0.282166), (0.484192, -0.170483, 0.282681), (0.492951, -0.154050, 0.283261), (0.479034, -0.101539, 0.282776), (0.493157, 0.176563, 0.282666), (-0.491537, -0.200012, 0.283523), (0.380304, 0.045721, 0.283008), (-0.492200, -0.139556, 0.283495), (-0.428312, 0.181300, 0.282690), (-0.485389, 0.182371, 0.283817), (-0.456919, 0.176680, 0.283157), (-0.492097, 0.177297, 0.283741), (-0.482120, 0.111622, 0.283410), (-0.492417, 0.124988, 0.283777), (-0.492209, 0.070901, 0.283555), (-0.372408, -0.205284, 0.282738), (-0.492106, -0.044203, 0.283472), (-0.254099, 0.090606, 0.282768), (-0.133824, -0.207968, 0.282587), (-0.165118, -0.122074, 0.282317), (0.445297, -0.209390, 0.281348), (-0.064526, -0.206846, 0.281547), (-0.071440, -0.209908, 0.282090), (-0.095004, -0.208407, 0.282567), (-0.428342, -0.204943, 0.282810), (-0.020249, -0.214914, 0.280117), (-0.427123, 0.168925, 0.282860), (0.439304, -0.222231, 0.279932), (0.446076, -0.220998, 0.279245), (-0.443516, 0.071425, 0.283208), (-0.344874, -0.206988, 0.282859), (-0.448126, -0.216829, 0.276368), (-0.439698, -0.217512, 0.275881), (-0.438828, -0.225623, 0.275553), (-0.489316, -0.066153, 1.408225), (-0.489433, -0.018071, 1.409431), (-0.490032, -0.052758, 1.412748), (-0.489292, -0.111129, 1.413825), (-0.488284, -0.117949, 1.407953), (-0.489840, -0.015236, 1.413484), (-0.491514, -0.066661, 1.416367), (-0.489892, -0.132827, 1.412431), (-0.490356, 0.017017, 1.408019), (-0.491950, 0.003764, 1.415996), (-0.492312, 0.030724, 1.415183), (-0.495456, 0.008115, 1.422298), (-0.495281, -0.053915, 1.423154), (-0.495540, 0.068337, 1.422308), (-0.496454, 0.042618, 1.427418), (-0.496842, 0.084963, 1.427568), (-0.496070, 0.113930, 1.419253), (-0.497391, 0.115339, 1.427047), (-0.499033, 0.097205, 1.434935), (-0.496718, 0.136780, 1.419083), (-0.496143, 0.151736, 1.419885), (-0.495954, 0.165208, 1.416883), (-0.496626, 0.160992, 1.412494), (-0.496196, 0.174475, 1.428113), (-0.496609, 0.168342, 1.396616), (-0.496962, 0.134141, 1.426138), (-0.499278, 0.112865, 1.435177), (-0.497896, 0.080433, 1.434861), (-0.497360, 0.032367, 1.434850), (-0.497079, -0.024204, 1.434806), (-0.497961, -0.092296, 1.435053), (-0.497502, -0.107629, 1.434781), (-0.496321, -0.110368, 1.427164), (-0.497781, -0.123996, 1.434701), (-0.497274, -0.133177, 1.429822), (-0.499481, -0.144912, 1.434924), (-0.498979, -0.164402, 1.434925), (-0.497088, -0.183488, 1.434944), (-0.497005, -0.199617, 1.434440), (-0.495433, -0.191647, 1.427648), (-0.494848, -0.197404, 1.415682), (-0.494546, -0.178179, 1.416982), (-0.495458, -0.164367, 1.419296), (-0.495290, -0.152171, 1.417676), (-0.493205, -0.143334, 1.415627), (-0.494334, -0.198996, 1.407754), (-0.496003, -0.206294, 1.406629), (-0.494091, -0.200486, 1.394638), (-0.495756, -0.209894, 1.417697), (-0.495979, -0.205822, 1.381065), (-0.494810, -0.199600, 1.379547), (-0.494935, -0.192828, 1.378073), (-0.496279, -0.206539, 1.332002), (-0.495439, -0.200836, 1.329141), (-0.495414, -0.205495, 1.421187), (-0.495799, -0.193520, 1.336561), (-0.493992, -0.187549, 1.401098), (-0.495589, -0.179308, 1.428938), (-0.495842, -0.136008, 1.425806), (-0.490123, 0.059742, 1.411222), (-0.489486, 0.085425, 1.412694), (-0.494287, 0.082550, 1.419293), (-0.489689, 0.106405, 1.413689), (-0.487853, 0.100717, 1.408343), (-0.489521, 0.108545, 1.409381), (-0.496360, -0.185682, 1.371400), (-0.496795, -0.186617, 1.332762), (-0.496738, -0.186004, 1.289539), (-0.498307, -0.180290, 1.286929), (-0.499432, -0.180378, 1.211509), (-0.498127, -0.185964, 1.219494), (-0.496805, -0.189520, 1.219279), (-0.496072, -0.189184, 1.195565), (-0.498429, -0.180141, 1.196998), (-0.495867, -0.194312, 1.216872), (-0.495258, -0.200849, 1.197422), (-0.495493, -0.200592, 1.233036), (-0.495773, -0.194290, 1.185960), (-0.495659, -0.193262, 1.288137), (-0.498556, -0.180021, 1.357041), (-0.496433, 0.168832, 1.295852), (-0.496582, 0.174203, 1.300546), (-0.496598, 0.194398, 1.291503), (-0.496824, 0.193831, 1.208217), (-0.497164, 0.197898, 1.273048), (-0.496645, 0.174363, 1.185871), (-0.496686, 0.194118, 1.351562), (-0.497345, 0.197701, 1.365016), (-0.497114, 0.195841, 1.186260), (-0.496284, -0.008519, 1.427388), (-0.496633, 0.194911, 1.406513), (-0.498000, -0.179590, 1.376127), (-0.497241, 0.153513, 1.433455), (-0.499022, 0.130939, 1.435279), (-0.497639, 0.170397, 1.435208), (-0.496408, 0.179810, 1.434916), (-0.496496, 0.192226, 1.434706), (-0.489722, 0.054652, 1.408152), (-0.498945, 0.120195, 1.434760), (-0.497269, 0.199261, 1.432645), (-0.494877, -0.180581, 1.396172), (-0.495262, -0.200799, 1.286068), (-0.495184, -0.087150, 1.423325), (-0.497088, -0.154771, 1.427058), (-0.491279, -0.116185, 1.418403), (-0.426295, -0.208188, 0.299982), (-0.427831, -0.206044, 0.286365), (-0.410482, -0.206013, 0.285897), (-0.370426, -0.206488, 0.285841), (-0.391676, -0.206460, 0.292959), (-0.349595, -0.207692, 0.300350), (-0.343557, -0.207547, 0.286068), (-0.219181, -0.208222, 0.300342), (-0.218828, -0.208099, 0.285612), (-0.109525, -0.208574, 0.285824), (-0.116390, -0.208733, 0.300104), (-0.038920, -0.211205, 0.296435), (-0.041140, -0.211051, 0.285836), (-0.032931, -0.211250, 0.288507), (-0.031974, -0.212115, 0.293723), (-0.404983, -0.207017, 0.300047), (-0.515922, -0.174301, 0.003113), (-0.515941, -0.180892, 0.015330), (-0.516326, -0.211772, 0.016663), (-0.515871, -0.195155, 0.076046), (-0.516205, -0.211546, 0.081546), (-0.516080, -0.196958, 0.119438), (-0.515984, -0.192021, 0.242242), (-0.516538, -0.204110, 0.290787), (-0.516091, -0.210955, 0.240896), (-0.516522, -0.210814, 0.309601), (-0.516467, -0.210695, 0.466414), (-0.516482, -0.198603, 0.423222), (-0.516449, -0.203297, 0.525266), (-0.516273, -0.210798, 0.597348), (-0.516150, -0.189537, 0.613745), (-0.516536, -0.210621, 0.641852), (-0.516326, -0.193333, 0.642361), (-0.516552, -0.182609, 0.683301), (-0.516400, -0.210306, 0.692119), (-0.516641, -0.210457, 0.792642), (-0.516493, -0.194529, 0.792285), (-0.515455, -0.195307, 0.844081), (-0.515589, -0.198377, 0.974918), (-0.515720, -0.206152, 0.961740), (-0.515906, -0.206951, 1.017102), (-0.515629, -0.210355, 0.842899), (-0.516599, -0.179728, 0.420677), (-0.515885, -0.206644, 1.108857), (-0.515739, -0.205256, 1.166894), (-0.515752, -0.206909, 1.253037), (-0.515614, -0.206882, 1.372954), (-0.515352, -0.210290, 1.400622), (-0.515388, -0.205430, 1.416744), (-0.514821, -0.209486, 1.450816), (-0.514572, -0.185395, 1.450785), (-0.514750, -0.154559, 1.444809), (-0.515080, -0.141460, 1.450670), (-0.514416, -0.146482, 1.417984), (-0.514281, -0.057776, 1.450673), (-0.514285, 0.104837, 1.450715), (-0.513892, -0.005278, 1.443897), (-0.513899, 0.063905, 1.444097), (-0.513909, 0.092618, 1.420876), (-0.514042, 0.158393, 1.450719), (-0.514723, -0.120611, 1.446583), (-0.515213, -0.179772, 1.159566), (-0.514189, -0.173078, 1.162897), (-0.512900, -0.140197, 0.003679), (-0.512874, -0.156379, 0.008343), (-0.513329, -0.053087, 0.007837), (-0.513335, -0.050950, 0.003423), (-0.513272, 0.100896, 0.003467), (-0.513606, 0.157989, 0.008361), (-0.513560, 0.165988, 0.003278), (-0.512814, 0.198993, 1.430478), (-0.513877, 0.154841, 1.433773), (-0.513965, 0.168421, 1.413946), (-0.513945, 0.167791, 1.393357), (-0.513162, 0.187668, 1.373503), (-0.513193, 0.180937, 1.308899), (-0.513615, 0.173992, 1.256691), (-0.513559, 0.168406, 1.204581), (-0.513451, 0.173450, 1.191985), (-0.512595, 0.167716, 1.177495), (-0.513021, 0.171398, 1.165955), (-0.512816, 0.197855, 1.188920), (-0.512348, 0.192506, 1.149824), (-0.513091, 0.169343, 1.130666), (-0.513035, 0.168538, 1.146900), (-0.512866, 0.166669, 1.162682), (-0.512635, 0.152483, 1.167013), (-0.512825, 0.179356, 1.117025), (-0.512291, 0.192676, 1.011155), (-0.513400, 0.128266, 1.146644), (-0.512998, 0.168869, 1.018322), (-0.513623, 0.124372, 1.162694), (-0.511009, 0.163593, 1.171007), (-0.511001, 0.162517, 1.177587), (-0.511857, 0.197238, 1.132365), (-0.513428, 0.114893, 1.147756), (-0.511618, 0.142244, 1.176585), (-0.510810, 0.123871, 1.170215), (-0.511638, 0.112735, 1.178637), (-0.511624, 0.092297, 1.170294), (-0.511693, 0.024238, 1.177238), (-0.511614, 0.000867, 1.171951), (-0.511296, 0.018856, 1.169568), (-0.513426, 0.098334, 1.160233), (-0.511699, -0.073251, 1.172723), (-0.513546, 0.043144, 1.155004), (-0.513014, 0.124896, 1.167008), (-0.511417, 0.152725, 1.168060), (-0.513437, -0.047428, 1.154498), (-0.512806, 0.197672, 1.233414), (-0.513738, -0.111009, 1.158689), (-0.513833, -0.128652, 1.146587), (-0.511785, 0.197146, 0.966652), (-0.512548, 0.191405, 0.867419), (-0.513519, 0.168414, 0.946377), (-0.513534, 0.168553, 0.887799), (-0.513497, 0.168808, 0.802203), (-0.511652, -0.121828, 1.183018), (-0.511890, -0.121965, 1.176724), (-0.511498, -0.151565, 1.178925), (-0.511899, 0.197073, 0.840640), (-0.510949, -0.150701, 1.169480), (-0.511701, -0.173432, 1.176609), (-0.513458, 0.168305, 0.730528), (-0.513367, 0.168541, 0.678758), (-0.511927, 0.169591, 0.650074), (-0.512854, 0.184171, 0.671745), (-0.512438, 0.175058, 0.649115), (-0.509859, 0.162596, 0.649836), (-0.510852, 0.164187, 0.646939), (-0.510486, 0.115218, 0.647049), (-0.511273, 0.160080, 0.642303), (-0.511091, 0.117514, 0.641977), (-0.511113, 0.040283, 0.641609), (-0.511299, -0.099095, 0.641614), (-0.511524, 0.095453, 0.620412), (-0.511648, -0.103159, 0.620696), (-0.510689, -0.113036, 0.646709), (-0.511162, -0.141341, 0.642705), (-0.510654, -0.146588, 0.646193), (-0.511865, -0.172684, 0.640725), (-0.511278, -0.146009, 0.621625), (-0.511816, -0.163727, 0.627085), (-0.513038, -0.173020, 0.622215), (-0.509525, -0.049239, 0.650781), (-0.509407, 0.083874, 0.650640), (-0.509372, 0.104327, 0.651047), (-0.509273, 0.037541, 0.652730), (-0.509265, -0.114718, 0.649321), (-0.509322, 0.135213, 0.650304), (-0.516214, -0.210975, 0.185261), (-0.508596, -0.120441, 0.656349), (-0.512194, 0.197401, 0.743261), (-0.512176, 0.197304, 0.671308), (-0.511524, 0.198075, 0.627734), (-0.511841, 0.197240, 0.551492), (-0.512684, 0.185563, 0.573449), (-0.512339, 0.185775, 0.512966), (-0.513418, 0.168679, 0.570895), (-0.513049, 0.168768, 0.606876), (-0.512999, 0.168742, 0.518283), (-0.511459, 0.197376, 0.475717), (-0.511771, 0.198005, 0.389477), (-0.511782, 0.198089, 0.331213), (-0.511788, 0.199355, 0.288918), (-0.512884, 0.169220, 0.314478), (-0.512363, 0.176975, 0.279117), (-0.512021, 0.168466, 0.287809), (-0.511981, 0.198705, 0.241422), (-0.512715, 0.168045, 0.255211), (-0.512829, 0.168812, 0.381300), (-0.508311, -0.142912, 0.664509), (-0.508944, -0.165971, 0.663446), (-0.509141, -0.172788, 0.649053), (-0.508331, -0.172962, 0.662441), (-0.516405, -0.180866, 0.303096), (-0.513225, 0.168983, 0.989901), (-0.511925, 0.198400, 0.118761), (-0.512037, 0.199102, 0.038959), (-0.512003, 0.194054, 0.163683), (-0.511990, 0.193167, 0.081360), (-0.512575, 0.168317, 0.094093), (-0.511471, 0.149964, 0.621492), (-0.512719, 0.197854, 1.391590), (-0.514128, -0.082522, 1.445907), (-0.512549, 0.191949, 0.772216), (-0.511198, 0.165001, 0.287812), (-0.512725, 0.168155, 0.197906), (-0.511593, 0.161878, 0.279085), (-0.511897, 0.123038, 0.277940), (-0.512024, 0.085969, 0.279135), (-0.511597, 0.117582, 0.285154), (-0.512122, -0.014583, 0.257798), (-0.511891, -0.020863, 0.279296), (-0.511354, -0.000899, 0.284794), (-0.512058, -0.127134, 0.279239), (-0.511877, -0.149967, 0.258848), (-0.512827, -0.172703, 0.259216), (-0.512276, -0.165859, 0.267403), (-0.512112, -0.173265, 0.278351), (-0.511449, 0.070322, 0.284475), (-0.510809, 0.095589, 0.287923), (-0.510522, 0.072866, 0.288068), (-0.510342, 0.116527, 0.288475), (-0.510591, 0.139052, 0.299673), (-0.510687, 0.023155, 0.300176), (-0.510301, -0.075948, 0.287507), (-0.509642, -0.132081, 0.292401), (-0.510708, -0.130869, 0.287126), (-0.510296, 0.011926, 0.288458), (-0.511316, -0.068380, 0.284449), (-0.513903, 0.164412, 1.418947), (-0.512265, 0.185303, 0.453859), (-0.513718, 0.149079, 1.409472), (-0.510174, 0.146640, 0.288150), (-0.513959, 0.142530, 1.419755), (-0.511964, 0.190447, 0.633866), (-0.511580, -0.133485, 0.284713), (-0.508576, -0.147886, 0.649117), (-0.513651, -0.154098, 1.146545), (-0.511020, 0.132109, 0.287028), (-0.512353, 0.170177, 0.629828), (-0.514051, -0.131892, 1.163626), (-0.512704, 0.167700, 0.015506), (-0.023185, -0.217314, 0.903110), (-0.071823, -0.215809, 0.940679), (0.511943, 0.198219, 0.093947), (0.512196, 0.198570, 0.033801), (0.512061, 0.198152, 0.155529), (0.511839, 0.198257, 0.205663), (0.512117, 0.198472, 0.258480), (0.512658, 0.168532, 0.256985), (0.511630, 0.198683, 0.316537), (0.512141, 0.178040, 0.309986), (0.511542, 0.193729, 0.456387), (0.512502, 0.169282, 0.457678), (0.512624, 0.164443, 0.258626), (0.513136, 0.125205, 0.281202), (0.513319, 0.056594, 0.262969), (0.513321, -0.061087, 0.259591), (0.512774, 0.168509, 0.163439), (0.511409, 0.198188, 0.368597), (0.511132, 0.197788, 0.473064), (0.511197, 0.197406, 0.581224), (0.511583, 0.160786, 0.292226), (0.511918, 0.198011, 0.632913), (0.511775, 0.192580, 0.584145), (0.512181, 0.197147, 0.663555), (0.512402, 0.193337, 0.636622), (0.511590, 0.197022, 0.730883), (0.511296, 0.197343, 0.883540), (0.511819, 0.193121, 0.834175), (0.512043, 0.192653, 0.784847), (0.511211, 0.197523, 0.987724), (0.511586, 0.197430, 1.125409), (0.511846, 0.193045, 1.002008), (0.512065, 0.193388, 1.100932), (0.512316, 0.193761, 1.154864), (0.512719, 0.169220, 1.122113), (0.513132, 0.168747, 0.785358), (0.512734, 0.168844, 0.853416), (0.512644, 0.173930, 1.153314), (0.513023, 0.147369, 1.162389), (0.513067, 0.124595, 1.161424), (0.512288, 0.159874, 1.170903), (0.510469, 0.165892, 1.171499), (0.513215, 0.112520, 1.166822), (0.512936, 0.081375, 1.160014), (0.512958, -0.053432, 1.157833), (0.513335, -0.129886, 1.166412), (0.513583, 0.123890, 1.168380), (0.510097, 0.127321, 1.171452), (0.510304, 0.158410, 1.177578), (0.511032, 0.136143, 1.180414), (0.513069, -0.062347, 1.166169), (0.512766, 0.090670, 1.168805), (0.513109, -0.134003, 1.167557), (0.513164, -0.152412, 1.148578), (0.513539, -0.172372, 1.162302), (0.513239, -0.172733, 1.167939), (0.509724, -0.128122, 1.171151), (0.510644, 0.111449, 1.171493), (0.513053, 0.172736, 1.197722), (0.513086, 0.168533, 0.719061), (0.512889, 0.124964, 1.168045), (0.511603, 0.192869, 0.943499), (0.512690, 0.169207, 1.041141), (0.512791, -0.095090, 1.168365), (0.512157, 0.193767, 0.694367), (0.510066, -0.153803, 1.171162), (0.510345, -0.139483, 1.177215), (0.510016, -0.172809, 1.177039), (0.510713, -0.102247, 1.174940), (0.510309, -0.172499, 1.171078), (0.511166, 0.014504, 1.170200), (0.511876, 0.192955, 0.873246), (0.512810, 0.169167, 0.559129), (0.512531, 0.177281, 0.614761), (0.512535, 0.168681, 0.963317), (0.512665, 0.169698, 0.663596), (0.514006, -0.100260, 0.284710), (0.510771, -0.019002, 1.177869), (0.510839, 0.043216, 1.180747), (0.510065, 0.025824, 1.171046), (0.512594, 0.198130, 1.190552), (0.510357, -0.085104, 1.171300), (0.513804, -0.127691, 0.257117), (0.513635, -0.149343, 0.258577), (0.515315, -0.176103, 0.281730), (0.515945, -0.181041, 0.294348), (0.515927, -0.190819, 0.278512), (0.516341, -0.205449, 0.257506), (0.516111, -0.210467, 0.266770), (0.516178, -0.205296, 0.323463), (0.516089, -0.210457, 0.333779), (0.516276, -0.209907, 0.427667), (0.516108, -0.179630, 0.499591), (0.516550, -0.210227, 0.490046), (0.515986, -0.210394, 0.127625), (0.515947, -0.179537, 0.338375), (0.516405, -0.179187, 0.573151), (0.511606, 0.137670, 1.171120), (0.516196, -0.206728, 0.153314), (0.516031, -0.179359, 0.116836), (0.516040, -0.179118, 0.179418), (0.515636, -0.181694, 0.038709), (0.516172, -0.196482, 0.013669), (0.515884, -0.176384, 0.003024), (0.516506, -0.210327, 0.555509), (0.516680, -0.210546, 0.628109), (0.516157, -0.187182, 0.619579), (0.516093, -0.190454, 0.649185), (0.516100, -0.179691, 0.688681), (0.516260, -0.179513, 0.731200), (0.516375, -0.210399, 0.703625), (0.516289, -0.192497, 0.791929), (0.516520, -0.210115, 0.792714), (0.515898, -0.210254, 0.841685), (0.515779, -0.195259, 0.844977), (0.515947, -0.210359, 0.973625), (0.515845, -0.179395, 0.967023), (0.516696, -0.206587, 1.020633), (0.516633, -0.206978, 1.096883), (0.516651, -0.179145, 1.108553), (0.516637, -0.190819, 1.142542), (0.516640, -0.206249, 1.168675), (0.516652, -0.180430, 1.180160), (0.516907, -0.191963, 1.238836), (0.516936, -0.179507, 1.335001), (0.516328, -0.180274, 1.378587), (0.515795, -0.205462, 1.406988), (0.514734, -0.181963, 1.424600), (0.515056, -0.204088, 1.440514), (0.513853, -0.158680, 1.438901), (0.513928, -0.152418, 1.418687), (0.514110, -0.117623, 1.439168), (0.514087, -0.119774, 1.419312), (0.514134, -0.156987, 1.450879), (0.514146, -0.109489, 1.450866), (0.513519, -0.069680, 1.440092), (0.513620, -0.051948, 1.450725), (0.514527, -0.186700, 1.451024), (0.513599, -0.065586, 1.429127), (0.516815, -0.206705, 1.327208), (0.516915, -0.206484, 1.242017), (0.513570, 0.131259, 1.450616), (0.513504, -0.064984, 1.418707), (0.516361, -0.210489, 0.659950), (0.516027, -0.206397, 0.968119), (0.513299, 0.100075, 1.440511), (0.513417, 0.111554, 1.431084), (0.512861, 0.192462, 1.442495), (0.512429, 0.198151, 1.407523), (0.513382, 0.159188, 1.420642), (0.512449, 0.198338, 1.276972), (0.513200, 0.168777, 1.380742), (0.513333, 0.141739, 1.418509), (0.513129, 0.134752, 1.443155), (0.513665, 0.171418, 0.003388), (0.513028, 0.150480, 0.004102), (0.513031, 0.108176, 0.009279), (0.513188, -0.067438, 0.004533), (0.511812, 0.193157, 0.531536), (0.513481, 0.074923, 1.418012), (0.511487, 0.097908, 1.170804), (0.512713, 0.193864, 1.276365), (0.512095, 0.113191, 0.292393), (0.512301, 0.068774, 0.292584), (0.512256, -0.038701, 0.298956), (0.512110, -0.125956, 0.296950), (0.511781, -0.160029, 0.294050), (0.512552, 0.077176, 0.299334), (0.483322, -0.192652, 0.560156), (0.485322, -0.192879, 0.575258), (0.468804, -0.192311, 0.576579), (0.469433, -0.192291, 0.564277), (0.469394, -0.192623, 0.583040), (0.478933, -0.192827, 0.581771), (0.472890, -0.192743, 0.556827), (0.487592, -0.193202, 0.563864), (0.470671, -0.192890, 0.558510), (0.485426, -0.193917, 0.578883), (0.492067, -0.195482, 0.567164), (0.489910, -0.197397, 0.582827), (0.477769, -0.195106, 0.583630), (0.490975, -0.196909, 0.559412), (0.484329, -0.195077, 0.558024), (0.468408, -0.206041, 0.567495), (0.468363, -0.205898, 0.583056), (0.468266, -0.211424, 0.569834), (0.469062, -0.213494, 0.582512), (0.469424, -0.206282, 0.561017), (0.469763, -0.194929, 0.584567), (0.471446, -0.210285, 0.558345), (0.470432, -0.212879, 0.564040), (0.477700, -0.200334, 0.559334), (0.472799, -0.202895, 0.583353), (0.479111, -0.199945, 0.579194), (0.473026, -0.202845, 0.557512), (0.481187, -0.197336, 0.556022), (0.477504, -0.199812, 0.583647), (0.485901, -0.198597, 0.564449), (0.485144, -0.197647, 0.558178), (0.492055, -0.197848, 0.567659), (0.471223, -0.211154, 0.576612), (0.470028, -0.213080, 0.583756), (0.473190, -0.198993, 0.584610)]
    texCoord2f[] primvars:st = [(0.370024, 0.306255), (0.365150, 0.306255), (0.366415, 0.307018), (0.781060, 0.519003), (0.812936, 0.511577), (0.790291, 0.485886), (0.819546, 0.485069), (0.792384, 0.458083), (0.826286, 0.454058), (0.788423, 0.437686), (0.809624, 0.438314), (0.798104, 0.412827), (0.845806, 0.431261), (0.829374, 0.422032), (0.853182, 0.448268), (0.862455, 0.397433), (0.844049, 0.401472), (0.823852, 0.393354), (0.787681, 0.393268), (0.811801, 0.382742), (0.782401, 0.380188), (0.817247, 0.375775), (0.779336, 0.373819), (0.851347, 0.381687), (0.850920, 0.373511), (0.755078, 0.388068), (0.765952, 0.371949), (0.748299, 0.374868), (0.772937, 0.411741), (0.772005, 0.454143), (0.755375, 0.431501), (0.745400, 0.442088), (0.755731, 0.460801), (0.744846, 0.482696), (0.743725, 0.506993), (0.758229, 0.490692), (0.745268, 0.537412), (0.753365, 0.524621), (0.742704, 0.566503), (0.757174, 0.561716), (0.743478, 0.591726), (0.734978, 0.633568), (0.746734, 0.626779), (0.734916, 0.616738), (0.739134, 0.638617), (0.733257, 0.638375), (0.732271, 0.635835), (0.732465, 0.633894), (0.733465, 0.646524), (0.754815, 0.609965), (0.762986, 0.645130), (0.747157, 0.653260), (0.733880, 0.653188), (0.767483, 0.654500), (0.750805, 0.658941), (0.779767, 0.658261), (0.780930, 0.635338), (0.772373, 0.610351), (0.768408, 0.576518), (0.802730, 0.616194), (0.784112, 0.596051), (0.805026, 0.631668), (0.834219, 0.636344), (0.823928, 0.649852), (0.795133, 0.646206), (0.813320, 0.659237), (0.840441, 0.658481), (0.735155, 0.583727), (0.734343, 0.542400), (0.734664, 0.490282), (0.734759, 0.462144), (0.734925, 0.438462), (0.735163, 0.400834), (0.735024, 0.389241), (0.737900, 0.387130), (0.735120, 0.370736), (0.734699, 0.386136), (0.746779, 0.362749), (0.735496, 0.362809), (0.751243, 0.362674), (0.763837, 0.364884), (0.786866, 0.362816), (0.815390, 0.371011), (0.814658, 0.366531), (0.827504, 0.362965), (0.848476, 0.363106), (0.861346, 0.380093), (0.864188, 0.367492), (0.765341, 0.525616), (0.790255, 0.542451), (0.835037, 0.534761), (0.837494, 0.511746), (0.861771, 0.492802), (0.840236, 0.474436), (0.862143, 0.476511), (0.862042, 0.440517), (0.861812, 0.516039), (0.861528, 0.543814), (0.825854, 0.547324), (0.834850, 0.571407), (0.810179, 0.565813), (0.791965, 0.584220), (0.818065, 0.599281), (0.838253, 0.615714), (0.834025, 0.593830), (0.849880, 0.590041), (0.861421, 0.561121), (0.861312, 0.590265), (0.861046, 0.619709), (0.849283, 0.612070), (0.857479, 0.630405), (0.847631, 0.651240), (0.849534, 0.658573), (0.853151, 0.361844), (0.864097, 0.361779), (0.743001, 0.657686), (0.862404, 0.385816), (0.861099, 0.633486), (0.862673, 0.648901), (0.863984, 0.645995), (0.850983, 0.659961), (0.862473, 0.660065), (0.864596, 0.639338), (0.864390, 0.380320), (0.734094, 0.596956), (0.863684, 0.385346), (0.734991, 0.657803), (0.735512, 0.658814), (0.862941, 0.483787), (0.863224, 0.435695), (0.862599, 0.542311), (0.848272, 0.659447), (0.739907, 0.361667), (0.862114, 0.628360), (0.862418, 0.633316), (0.862392, 0.574910), (0.733993, 0.629390), (0.863422, 0.392333), (0.864339, 0.634604), (0.865493, 0.634786), (0.865312, 0.384053), (0.865556, 0.382049), (0.804999, 0.362012), (0.750565, 0.361756), (0.865556, 0.639801), (0.865397, 0.644041), (0.841962, 0.362161), (0.850040, 0.362065), (0.863666, 0.387178), (0.863792, 0.633451), (0.864875, 0.385513), (0.862942, 0.632039), (0.734091, 0.658895), (0.733839, 0.387949), (0.733754, 0.632923), (0.733724, 0.631366), (0.732127, 0.638801), (0.865381, 0.379954), (0.731519, 0.633299), (0.865131, 0.367482), (0.735301, 0.361704), (0.863489, 0.651677), (0.863884, 0.648087), (0.863370, 0.660660), (0.853211, 0.660764), (0.862472, 0.660946), (0.733669, 0.655927), (0.732535, 0.633046), (0.864673, 0.361175), (0.863723, 0.386521), (0.317206, 0.665086), (0.302281, 0.640547), (0.279127, 0.657115), (0.296256, 0.724044), (0.300654, 0.693246), (0.278545, 0.675489), (0.331093, 0.752809), (0.276202, 0.742674), (0.278323, 0.752850), (0.231577, 0.752880), (0.230931, 0.743631), (0.250061, 0.716325), (0.218297, 0.711246), (0.234189, 0.666300), (0.174814, 0.679923), (0.202077, 0.694651), (0.195112, 0.668778), (0.236186, 0.648933), (0.245113, 0.637764), (0.204897, 0.639274), (0.249742, 0.633364), (0.177180, 0.633623), (0.178585, 0.632467), (0.184515, 0.647466), (0.186655, 0.721852), (0.195708, 0.742743), (0.168838, 0.750196), (0.165822, 0.707547), (0.161017, 0.680907), (0.159189, 0.722185), (0.147404, 0.728210), (0.151683, 0.706466), (0.147443, 0.677927), (0.154252, 0.674075), (0.152835, 0.643790), (0.147334, 0.656813), (0.146950, 0.632335), (0.153319, 0.740947), (0.147357, 0.752081), (0.149264, 0.752811), (0.165549, 0.753110), (0.161388, 0.634432), (0.185111, 0.752948), (0.170691, 0.753101), (0.325581, 0.698183), (0.332034, 0.731761), (0.348444, 0.704573), (0.346999, 0.665146), (0.372352, 0.690730), (0.389506, 0.715345), (0.386222, 0.668352), (0.421696, 0.703591), (0.405482, 0.739240), (0.360348, 0.736144), (0.383499, 0.752699), (0.425102, 0.752658), (0.430979, 0.752903), (0.439624, 0.739430), (0.441893, 0.722586), (0.452508, 0.730734), (0.454463, 0.711824), (0.445344, 0.695630), (0.435328, 0.696961), (0.419194, 0.659322), (0.440953, 0.654276), (0.421448, 0.632201), (0.385384, 0.646768), (0.332716, 0.641827), (0.301725, 0.633261), (0.382298, 0.633232), (0.435584, 0.633178), (0.454062, 0.656776), (0.437926, 0.633348), (0.455536, 0.637136), (0.455378, 0.632106), (0.456203, 0.693276), (0.456060, 0.742420), (0.456037, 0.726963), (0.443643, 0.747283), (0.456033, 0.656016), (0.168879, 0.632216), (0.455364, 0.751602), (0.436581, 0.752943), (0.167282, 0.753695), (0.459383, 0.632097), (0.459299, 0.641787), (0.239258, 0.632343), (0.431780, 0.632160), (0.443884, 0.631885), (0.437855, 0.630967), (0.432858, 0.754002), (0.146189, 0.660715), (0.145952, 0.641470), (0.144393, 0.662847), (0.146153, 0.694258), (0.142588, 0.632551), (0.142567, 0.642576), (0.142724, 0.670762), (0.142811, 0.720772), (0.146053, 0.720146), (0.142890, 0.742412), (0.146130, 0.745658), (0.144157, 0.751774), (0.457892, 0.743370), (0.458100, 0.751379), (0.459310, 0.745966), (0.457897, 0.726942), (0.459229, 0.718052), (0.459238, 0.667896), (0.304121, 0.632319), (0.381885, 0.632241), (0.157506, 0.631967), (0.161640, 0.630833), (0.167120, 0.632124), (0.434888, 0.754677), (0.440649, 0.631665), (0.453225, 0.752543), (0.434968, 0.631952), (0.142992, 0.751219), (0.436172, 0.631101), (0.433213, 0.755047), (0.434683, 0.756749), (0.458036, 0.752355), (0.439919, 0.630969), (0.169356, 0.754179), (0.167762, 0.756616), (0.163565, 0.630723), (0.165631, 0.630976), (0.163401, 0.629672), (0.441612, 0.631273), (0.143220, 0.752459), (0.166235, 0.754055), (0.459383, 0.751012), (0.147014, 0.752975), (0.431265, 0.754124), (0.429568, 0.753506), (0.434432, 0.758116), (0.435203, 0.758334), (0.158444, 0.630901), (0.458982, 0.752047), (0.168430, 0.758414), (0.167558, 0.758893), (0.166503, 0.757674), (0.165670, 0.759344), (0.166547, 0.755401), (0.161385, 0.630292), (0.167218, 0.631139), (0.435858, 0.755149), (0.436454, 0.754018), (0.165302, 0.630038), (0.425347, 0.631262), (0.266570, 0.849470), (0.261709, 0.869609), (0.234114, 0.836739), (0.237252, 0.869253), (0.244072, 0.879290), (0.228457, 0.881061), (0.216670, 0.874807), (0.262075, 0.881660), (0.251031, 0.881572), (0.283202, 0.879601), (0.272197, 0.881736), (0.299531, 0.863218), (0.294242, 0.881320), (0.332431, 0.872789), (0.317927, 0.841384), (0.356417, 0.853610), (0.368385, 0.874974), (0.379114, 0.851139), (0.352110, 0.830631), (0.381713, 0.811759), (0.365050, 0.786993), (0.389901, 0.782689), (0.357811, 0.770699), (0.383637, 0.764292), (0.352942, 0.761180), (0.332035, 0.763473), (0.390070, 0.761174), (0.404862, 0.765747), (0.404333, 0.787995), (0.400867, 0.831193), (0.415164, 0.797402), (0.414858, 0.840479), (0.409254, 0.847495), (0.408081, 0.879712), (0.398602, 0.878877), (0.412855, 0.871152), (0.416524, 0.877533), (0.416453, 0.872279), (0.420465, 0.868071), (0.412424, 0.780118), (0.414042, 0.772051), (0.415276, 0.763474), (0.410206, 0.759908), (0.404993, 0.759122), (0.394878, 0.760905), (0.342203, 0.783656), (0.329700, 0.798621), (0.366651, 0.881556), (0.317201, 0.818638), (0.273955, 0.825336), (0.316550, 0.775907), (0.278947, 0.796923), (0.268354, 0.777205), (0.234363, 0.811671), (0.206633, 0.850659), (0.164394, 0.858741), (0.193849, 0.868500), (0.172342, 0.872630), (0.177052, 0.881138), (0.145910, 0.875484), (0.134349, 0.868803), (0.126463, 0.847971), (0.120817, 0.867405), (0.113590, 0.840497), (0.132725, 0.834987), (0.125335, 0.812256), (0.120072, 0.788234), (0.137539, 0.793115), (0.147577, 0.818200), (0.195925, 0.798141), (0.189654, 0.817558), (0.202946, 0.784849), (0.241077, 0.789124), (0.194568, 0.772202), (0.246332, 0.771974), (0.219012, 0.764688), (0.179749, 0.765788), (0.196830, 0.760736), (0.157374, 0.763624), (0.158792, 0.781792), (0.126186, 0.767790), (0.133953, 0.760606), (0.126631, 0.760754), (0.114975, 0.764626), (0.110971, 0.761012), (0.111001, 0.773376), (0.107202, 0.783639), (0.108891, 0.801493), (0.108824, 0.818633), (0.107184, 0.850760), (0.111253, 0.862889), (0.106977, 0.867569), (0.110043, 0.871471), (0.111574, 0.877308), (0.117806, 0.881039), (0.131862, 0.879181), (0.145280, 0.881195), (0.155495, 0.880835), (0.167608, 0.841415), (0.290611, 0.764724), (0.254337, 0.764655), (0.224359, 0.760739), (0.308643, 0.761006), (0.107001, 0.773116), (0.418681, 0.851238), (0.420942, 0.774890), (0.419720, 0.783583), (0.418009, 0.772456), (0.417673, 0.820177), (0.415359, 0.771567), (0.287403, 0.881660), (0.111953, 0.762125), (0.111783, 0.770705), (0.111574, 0.881203), (0.107074, 0.808321), (0.404926, 0.881970), (0.395115, 0.882112), (0.380973, 0.881843), (0.412156, 0.881746), (0.239876, 0.881458), (0.414363, 0.882100), (0.416316, 0.762057), (0.107458, 0.869753), (0.133575, 0.880798), (0.420465, 0.815809), (0.420256, 0.862741), (0.400737, 0.758949), (0.418351, 0.871440), (0.284180, 0.881766), (0.277362, 0.881601), (0.109034, 0.771699), (0.396266, 0.760033), (0.359748, 0.760544), (0.420611, 0.796336), (0.356013, 0.881885), (0.242455, 0.881576), (0.249121, 0.881861), (0.419941, 0.772853), (0.106529, 0.838296), (0.107113, 0.771895), (0.420718, 0.783338), (0.110210, 0.879369), (0.332228, 0.760573), (0.119208, 0.759850), (0.416449, 0.881477), (0.106722, 0.781494), (0.106643, 0.807629), (0.106430, 0.773733), (0.416306, 0.761376), (0.284934, 0.760522), (0.299470, 0.760439), (0.110707, 0.763422), (0.393964, 0.760696), (0.106713, 0.854404), (0.106974, 0.861215), (0.196783, 0.760185), (0.154349, 0.760094), (0.109877, 0.880858), (0.125109, 0.759759), (0.416353, 0.771680), (0.235111, 0.760330), (0.335484, 0.881647), (0.398540, 0.758767), (0.396668, 0.758581), (0.127980, 0.881539), (0.111321, 0.760589), (0.416311, 0.763280), (0.131207, 0.760141), (0.128577, 0.758947), (0.295564, 0.881633), (0.420479, 0.846298), (0.157530, 0.881207), (0.110894, 0.770470), (0.229397, 0.881347), (0.417213, 0.879772), (0.133446, 0.881456), (0.282275, 0.882013), (0.279210, 0.882151), (0.109528, 0.872007), (0.108778, 0.870962), (0.107006, 0.870788), (0.421202, 0.772601), (0.421175, 0.773912), (0.417032, 0.882151), (0.109598, 0.878908), (0.106011, 0.772213), (0.110194, 0.762391), (0.417427, 0.761694), (0.957941, 0.600125), (0.972750, 0.584754), (0.948656, 0.580339), (0.973301, 0.616417), (0.987063, 0.629841), (0.993547, 0.586910), (0.980732, 0.573177), (0.957729, 0.573296), (0.960046, 0.560044), (0.943447, 0.565864), (0.961554, 0.544211), (0.979488, 0.548398), (0.975708, 0.524906), (0.952767, 0.538001), (0.963867, 0.525422), (0.940934, 0.522291), (0.934272, 0.543442), (0.918624, 0.557353), (0.906113, 0.580351), (0.900960, 0.566770), (0.882734, 0.571433), (0.903865, 0.542998), (0.927921, 0.533284), (0.908369, 0.527495), (0.918114, 0.520908), (0.939599, 0.501513), (0.925289, 0.506048), (0.958303, 0.510939), (0.950624, 0.493248), (0.966177, 0.498521), (0.961938, 0.484593), (0.977896, 0.495945), (0.989131, 0.481922), (0.924280, 0.474100), (0.932974, 0.484753), (0.947360, 0.474650), (0.913815, 0.483253), (0.896423, 0.478350), (0.897471, 0.495089), (0.900689, 0.507225), (0.913779, 0.503884), (0.887860, 0.520235), (0.894628, 0.526491), (0.883890, 0.540622), (0.881780, 0.512613), (0.884583, 0.582726), (0.888484, 0.590783), (0.881925, 0.611225), (0.890237, 0.607993), (0.880260, 0.624518), (0.890234, 0.623551), (0.879237, 0.648040), (0.897947, 0.639790), (0.881094, 0.669860), (0.889932, 0.656070), (0.879783, 0.698573), (0.888118, 0.692322), (0.897126, 0.727453), (0.897479, 0.712556), (0.907447, 0.736786), (0.911314, 0.724687), (0.870998, 0.746907), (0.875851, 0.745872), (0.873868, 0.737466), (0.885891, 0.739966), (0.881882, 0.728867), (0.871050, 0.720353), (0.872020, 0.690650), (0.871006, 0.676713), (0.871014, 0.637017), (0.872816, 0.616915), (0.875465, 0.584551), (0.870625, 0.584877), (0.870983, 0.571612), (0.872737, 0.557405), (0.870855, 0.543286), (0.870950, 0.521377), (0.870879, 0.501222), (0.883325, 0.488858), (0.878540, 0.485675), (0.878954, 0.470638), (0.899832, 0.472905), (0.911294, 0.466971), (0.895151, 0.465674), (0.940646, 0.466456), (0.962923, 0.471837), (0.966099, 0.465714), (0.970872, 0.462665), (0.960190, 0.462523), (0.958335, 0.464359), (0.978338, 0.478065), (0.985533, 0.466974), (0.994533, 0.571981), (0.993663, 0.558077), (0.993484, 0.544079), (0.983479, 0.533374), (0.985957, 0.514865), (0.994786, 0.502564), (0.994192, 0.483672), (0.993870, 0.521299), (0.931783, 0.627291), (0.938115, 0.600323), (0.922256, 0.586922), (0.927108, 0.571788), (0.906474, 0.597332), (0.901609, 0.607010), (0.913354, 0.614499), (0.945096, 0.640156), (0.920732, 0.651754), (0.901439, 0.653601), (0.897697, 0.679090), (0.912944, 0.671028), (0.932443, 0.668176), (0.943678, 0.686653), (0.915077, 0.695865), (0.906430, 0.687521), (0.905043, 0.704951), (0.937495, 0.711077), (0.931640, 0.729234), (0.957123, 0.736426), (0.982371, 0.737356), (0.961686, 0.714917), (0.981600, 0.722847), (0.982480, 0.702391), (0.964811, 0.693518), (0.965477, 0.670935), (0.983170, 0.675504), (0.981382, 0.656634), (0.958414, 0.653467), (0.973827, 0.640834), (0.994656, 0.632495), (0.994199, 0.610398), (0.996231, 0.660868), (0.994451, 0.676719), (0.995557, 0.716695), (0.989949, 0.727035), (0.997163, 0.730914), (0.992688, 0.740918), (0.987458, 0.747730), (0.997095, 0.748003), (0.999010, 0.733365), (0.971977, 0.748829), (0.953900, 0.742902), (0.916957, 0.749028), (0.939902, 0.748875), (0.963175, 0.749102), (0.907199, 0.749176), (0.896987, 0.749369), (0.932841, 0.464490), (0.912594, 0.464323), (0.905679, 0.462534), (0.893714, 0.749441), (0.999310, 0.732271), (0.998962, 0.499274), (0.999007, 0.486045), (0.998971, 0.557153), (0.997842, 0.523765), (0.880965, 0.465891), (0.899159, 0.749435), (0.893010, 0.750016), (0.876142, 0.464769), (0.999167, 0.738726), (0.998933, 0.745958), (0.881120, 0.749105), (0.872145, 0.748830), (0.999010, 0.577537), (0.999071, 0.678132), (0.999071, 0.638131), (0.999073, 0.708839), (0.999130, 0.724262), (0.997983, 0.612642), (0.870545, 0.562966), (0.873257, 0.729331), (0.870597, 0.737363), (0.998774, 0.476843), (0.995220, 0.472960), (0.998828, 0.479874), (0.870598, 0.624182), (0.874223, 0.481869), (0.870941, 0.470055), (0.980763, 0.462481), (0.987771, 0.463205), (0.982880, 0.461861), (0.877310, 0.461990), (0.880486, 0.461641), (0.927404, 0.462552), (0.989775, 0.749084), (0.979087, 0.749418), (0.888785, 0.462463), (0.887703, 0.461664), (0.870930, 0.488307), (0.992267, 0.464153), (0.995586, 0.470480), (0.881908, 0.749755), (0.995370, 0.464210), (0.999026, 0.603811), (0.870756, 0.728201), (0.870369, 0.732563), (0.874738, 0.462500), (0.871931, 0.462695), (0.871009, 0.463044), (0.898226, 0.750191), (0.999073, 0.730516), (0.870805, 0.477325), (0.996899, 0.749022), (0.870216, 0.483344), (0.872366, 0.480187), (0.870581, 0.724560), (0.998264, 0.475169), (0.990834, 0.463364), (0.999093, 0.473103), (0.995395, 0.462502), (0.872074, 0.461528), (0.871153, 0.461394), (0.870318, 0.474294), (0.870627, 0.641380), (0.997926, 0.469759), (0.870250, 0.476829), (0.869751, 0.478271), (0.870526, 0.730772), (0.870670, 0.728878), (0.866728, 0.729501), (0.868398, 0.730746), (0.867974, 0.731739), (0.864744, 0.731325), (0.997280, 0.464498), (0.987056, 0.462209), (0.869353, 0.481054), (0.870000, 0.479522), (0.868913, 0.479809), (0.870584, 0.699017), (0.873205, 0.461643), (0.870674, 0.720780), (0.870674, 0.674689), (0.865147, 0.479080), (0.867822, 0.478710), (0.865284, 0.479743), (0.999152, 0.474926), (0.993735, 0.462231), (0.991831, 0.462575), (0.871079, 0.749251), (0.996849, 0.462422), (0.870579, 0.529015), (0.870647, 0.495328), (0.965980, 0.461128), (0.976857, 0.461098), (0.865112, 0.730208), (0.996356, 0.461472), (0.870484, 0.488256), (0.869717, 0.728328), (0.956871, 0.461291), (0.999104, 0.530089), (0.931855, 0.461314), (0.905722, 0.461334), (0.888960, 0.461383), (0.999410, 0.747562), (0.994339, 0.461401), (0.874804, 0.461437), (0.870534, 0.551006), (0.999509, 0.729863), (0.999594, 0.472944), (0.998968, 0.478161), (0.999594, 0.719210), (0.999537, 0.688034), (0.999565, 0.653451), (0.999594, 0.627392), (0.999421, 0.582945), (0.999581, 0.553483), (0.653922, 0.799135), (0.644708, 0.777799), (0.629102, 0.797427), (0.638054, 0.817604), (0.659630, 0.820620), (0.616681, 0.822371), (0.624322, 0.837692), (0.644361, 0.838326), (0.645588, 0.853247), (0.612438, 0.853141), (0.606224, 0.843111), (0.593715, 0.852393), (0.598422, 0.832581), (0.571025, 0.840885), (0.569329, 0.853554), (0.600949, 0.810636), (0.618244, 0.800368), (0.653797, 0.843982), (0.665456, 0.831521), (0.672860, 0.844380), (0.662824, 0.854524), (0.683642, 0.853139), (0.692133, 0.841862), (0.697550, 0.855119), (0.719229, 0.851803), (0.706077, 0.822858), (0.680434, 0.823735), (0.681370, 0.800723), (0.696277, 0.807668), (0.700189, 0.795121), (0.674465, 0.785006), (0.707507, 0.782799), (0.695495, 0.774619), (0.674754, 0.775332), (0.664599, 0.767157), (0.653274, 0.768338), (0.666358, 0.751229), (0.689490, 0.751662), (0.693914, 0.766188), (0.712316, 0.752013), (0.720145, 0.763171), (0.714129, 0.771425), (0.723873, 0.778816), (0.723366, 0.798665), (0.735791, 0.783158), (0.737833, 0.804817), (0.726587, 0.825640), (0.746710, 0.821795), (0.732621, 0.851772), (0.763022, 0.842284), (0.768690, 0.828503), (0.769190, 0.810781), (0.781486, 0.827533), (0.782067, 0.773296), (0.766453, 0.787672), (0.756772, 0.797886), (0.754052, 0.782472), (0.766532, 0.769200), (0.753644, 0.770586), (0.749545, 0.763287), (0.733232, 0.761470), (0.732107, 0.751707), (0.753872, 0.751870), (0.764458, 0.754139), (0.773866, 0.755641), (0.771281, 0.748540), (0.764816, 0.744986), (0.780871, 0.763119), (0.780709, 0.754814), (0.777250, 0.847589), (0.773701, 0.858251), (0.763104, 0.858291), (0.756987, 0.851683), (0.755091, 0.859565), (0.726432, 0.862412), (0.695872, 0.862473), (0.669616, 0.862475), (0.651438, 0.862495), (0.610602, 0.861358), (0.594068, 0.862613), (0.576313, 0.861571), (0.529618, 0.861592), (0.540931, 0.853439), (0.509776, 0.854049), (0.506530, 0.861506), (0.614349, 0.862570), (0.623726, 0.778457), (0.607526, 0.779943), (0.609584, 0.766586), (0.646788, 0.751962), (0.638875, 0.766374), (0.564104, 0.758118), (0.576482, 0.750823), (0.535129, 0.751104), (0.556152, 0.743334), (0.536192, 0.743332), (0.528614, 0.750952), (0.518743, 0.743413), (0.499136, 0.753087), (0.505809, 0.743486), (0.500148, 0.746175), (0.574895, 0.743326), (0.594135, 0.743240), (0.593709, 0.750776), (0.554608, 0.769681), (0.544850, 0.760875), (0.544873, 0.774407), (0.561618, 0.781315), (0.570848, 0.772440), (0.594640, 0.768254), (0.579809, 0.765992), (0.588115, 0.821614), (0.580392, 0.797417), (0.593311, 0.780905), (0.579483, 0.783407), (0.572866, 0.819330), (0.563655, 0.807454), (0.546010, 0.823998), (0.535307, 0.837670), (0.515081, 0.843363), (0.556146, 0.836086), (0.537875, 0.809969), (0.550782, 0.791306), (0.528921, 0.793354), (0.517887, 0.777640), (0.514807, 0.756854), (0.497015, 0.763368), (0.494529, 0.743915), (0.489987, 0.780376), (0.486276, 0.758819), (0.481479, 0.785646), (0.480433, 0.765345), (0.475785, 0.756255), (0.501316, 0.804981), (0.504324, 0.788053), (0.488353, 0.795561), (0.505870, 0.818076), (0.517642, 0.802772), (0.525080, 0.822320), (0.508424, 0.830106), (0.498086, 0.857138), (0.487401, 0.849953), (0.493807, 0.856594), (0.482426, 0.843990), (0.482368, 0.826703), (0.476778, 0.797009), (0.475089, 0.815756), (0.475312, 0.829504), (0.476739, 0.842727), (0.477190, 0.850051), (0.478755, 0.851703), (0.484691, 0.751205), (0.477509, 0.752467), (0.609976, 0.750292), (0.625513, 0.750251), (0.499920, 0.861895), (0.481825, 0.854398), (0.608674, 0.743185), (0.645663, 0.743244), (0.668151, 0.743167), (0.708232, 0.743119), (0.723833, 0.743007), (0.754605, 0.743127), (0.760187, 0.859771), (0.783383, 0.749146), (0.473129, 0.780496), (0.474877, 0.764150), (0.473126, 0.800346), (0.782585, 0.790679), (0.478474, 0.854115), (0.567417, 0.862561), (0.778885, 0.857427), (0.782674, 0.850688), (0.487437, 0.743739), (0.782863, 0.855264), (0.782801, 0.859835), (0.759316, 0.862380), (0.748216, 0.862407), (0.482364, 0.743726), (0.480974, 0.748369), (0.482526, 0.862916), (0.494580, 0.862802), (0.478392, 0.861502), (0.765322, 0.863187), (0.473274, 0.822472), (0.783779, 0.832382), (0.783484, 0.847450), (0.784833, 0.820742), (0.784793, 0.790072), (0.784990, 0.773322), (0.784791, 0.757363), (0.786923, 0.754761), (0.781755, 0.861172), (0.768602, 0.745244), (0.774276, 0.744035), (0.779759, 0.745381), (0.783348, 0.752089), (0.784677, 0.753171), (0.496720, 0.859985), (0.499111, 0.862656), (0.498725, 0.863640), (0.776870, 0.741847), (0.769732, 0.741517), (0.761679, 0.860197), (0.760134, 0.863237), (0.500066, 0.743362), (0.780753, 0.741782), (0.473070, 0.758619), (0.517314, 0.862574), (0.477479, 0.862437), (0.779320, 0.862738), (0.782606, 0.862303), (0.763051, 0.742973), (0.472932, 0.846698), (0.472098, 0.850157), (0.769029, 0.743389), (0.490856, 0.740584), (0.494672, 0.740607), (0.472075, 0.788400), (0.472116, 0.763118), (0.786849, 0.783145), (0.472123, 0.838364), (0.472143, 0.819111), (0.475287, 0.753502), (0.473193, 0.753561), (0.500208, 0.742337), (0.499355, 0.741785), (0.786814, 0.818751), (0.788037, 0.781659), (0.788090, 0.818648), (0.786861, 0.845511), (0.788027, 0.758943), (0.787013, 0.757464), (0.788310, 0.754301), (0.788186, 0.849799), (0.785990, 0.850703), (0.667394, 0.742238), (0.713763, 0.742236), (0.477524, 0.853068), (0.495644, 0.864204), (0.499568, 0.864607), (0.495967, 0.741335), (0.641854, 0.742281), (0.594435, 0.742323), (0.561346, 0.742432), (0.479415, 0.743859), (0.481263, 0.742078), (0.476498, 0.742142), (0.766141, 0.743367), (0.514880, 0.742489), (0.535508, 0.742407), (0.506968, 0.862528), (0.477109, 0.749651), (0.741596, 0.742175), (0.475674, 0.744351), (0.478604, 0.745273), (0.784699, 0.741901), (0.783692, 0.744766), (0.784897, 0.745687), (0.504145, 0.742449), (0.787001, 0.753139), (0.483572, 0.742136), (0.478810, 0.747440), (0.475192, 0.742192), (0.472011, 0.755660), (0.763042, 0.742135), (0.752799, 0.742169), (0.487238, 0.741876), (0.485262, 0.742170), (0.488706, 0.740591), (0.471568, 0.753691), (0.769002, 0.740533), (0.779914, 0.741125), (0.475882, 0.747971), (0.489154, 0.739848), (0.493841, 0.739786), (0.496308, 0.739547), (0.496661, 0.740654), (0.766921, 0.741355), (0.765193, 0.741398), (0.765922, 0.740283), (0.764338, 0.740754), (0.788383, 0.753241), (0.785297, 0.749968), (0.785066, 0.752217), (0.477186, 0.851095), (0.477326, 0.852029), (0.475969, 0.751153), (0.475694, 0.752588), (0.483620, 0.741166), (0.783057, 0.861116), (0.472190, 0.851171), (0.474282, 0.752889), (0.477313, 0.854230), (0.477066, 0.861663), (0.481912, 0.741342), (0.474646, 0.741451), (0.758155, 0.862672), (0.499965, 0.740105), (0.754433, 0.862546), (0.487428, 0.739512), (0.497426, 0.739573), (0.499792, 0.739615), (0.673870, 0.862750), (0.732304, 0.862634), (0.786838, 0.851104), (0.788383, 0.850920), (0.644135, 0.959493), (0.643015, 0.947528), (0.676303, 0.950910), (0.680361, 0.966724), (0.611789, 0.942267), (0.612309, 0.959743), (0.635884, 0.967676), (0.592321, 0.959277), (0.607245, 0.972258), (0.578838, 0.951483), (0.594641, 0.917954), (0.610063, 0.931263), (0.633642, 0.922383), (0.648585, 0.936241), (0.654435, 0.909668), (0.633704, 0.898301), (0.581478, 0.903649), (0.594468, 0.888750), (0.620034, 0.886393), (0.644537, 0.867890), (0.650658, 0.881432), (0.617286, 0.875549), (0.621638, 0.867698), (0.596732, 0.877236), (0.597886, 0.866714), (0.571719, 0.867698), (0.572639, 0.888457), (0.563118, 0.882333), (0.553723, 0.903696), (0.566708, 0.934817), (0.556702, 0.920241), (0.542742, 0.923277), (0.550745, 0.938240), (0.543244, 0.960171), (0.533982, 0.935518), (0.535082, 0.910715), (0.541356, 0.895897), (0.535699, 0.885002), (0.548500, 0.880409), (0.543741, 0.866733), (0.523996, 0.869155), (0.526407, 0.876388), (0.524255, 0.885113), (0.526844, 0.892677), (0.524228, 0.904920), (0.526049, 0.923844), (0.524345, 0.938686), (0.524394, 0.952790), (0.533682, 0.966344), (0.526461, 0.961283), (0.524473, 0.966858), (0.526872, 0.975930), (0.555929, 0.958563), (0.565201, 0.969649), (0.579852, 0.965458), (0.692892, 0.945132), (0.694397, 0.917934), (0.708738, 0.929068), (0.705148, 0.912667), (0.690759, 0.898424), (0.714747, 0.905954), (0.708931, 0.883809), (0.675868, 0.925585), (0.663597, 0.894183), (0.650582, 0.866559), (0.676262, 0.883785), (0.716230, 0.867682), (0.701604, 0.866471), (0.740954, 0.866475), (0.723374, 0.883262), (0.738426, 0.874309), (0.758702, 0.882528), (0.737103, 0.893111), (0.702285, 0.950816), (0.717692, 0.943113), (0.733660, 0.920753), (0.746189, 0.906366), (0.766048, 0.916225), (0.757793, 0.955574), (0.760214, 0.933621), (0.779495, 0.947447), (0.807615, 0.936016), (0.797627, 0.902560), (0.809973, 0.918731), (0.773043, 0.904970), (0.786436, 0.925744), (0.761353, 0.894382), (0.779314, 0.883236), (0.764897, 0.874541), (0.775656, 0.867401), (0.790097, 0.894081), (0.794386, 0.877489), (0.812636, 0.898470), (0.816071, 0.958410), (0.804734, 0.951234), (0.798861, 0.962369), (0.782236, 0.971801), (0.777411, 0.962553), (0.747943, 0.971830), (0.713027, 0.963879), (0.747468, 0.965675), (0.659865, 0.972065), (0.596775, 0.980583), (0.590205, 0.977984), (0.626080, 0.980401), (0.569014, 0.979013), (0.542063, 0.980335), (0.545575, 0.978994), (0.644564, 0.978954), (0.642478, 0.980354), (0.656579, 0.978893), (0.672019, 0.978773), (0.696716, 0.968786), (0.695778, 0.978585), (0.712977, 0.978507), (0.733811, 0.978638), (0.761146, 0.979794), (0.803574, 0.979772), (0.805734, 0.977107), (0.818503, 0.979127), (0.822853, 0.970464), (0.822903, 0.937320), (0.826695, 0.963470), (0.822853, 0.909861), (0.818662, 0.889172), (0.823110, 0.888964), (0.825765, 0.916598), (0.822688, 0.876714), (0.825944, 0.883795), (0.814150, 0.872683), (0.798891, 0.867577), (0.732310, 0.948968), (0.784810, 0.866297), (0.698429, 0.870152), (0.676010, 0.869922), (0.672891, 0.875043), (0.657439, 0.868480), (0.825700, 0.944596), (0.825911, 0.895461), (0.569794, 0.980671), (0.553180, 0.980834), (0.823348, 0.869260), (0.807086, 0.866264), (0.828665, 0.979069), (0.826805, 0.973650), (0.693617, 0.866115), (0.726591, 0.980460), (0.713029, 0.980401), (0.523940, 0.866782), (0.827570, 0.869641), (0.827534, 0.877107), (0.524285, 0.893520), (0.623932, 0.866621), (0.670500, 0.867521), (0.666006, 0.866475), (0.524557, 0.979934), (0.819972, 0.981230), (0.826660, 0.981244), (0.824401, 0.866192), (0.659089, 0.866165), (0.697915, 0.980110), (0.524130, 0.875439), (0.654850, 0.980192), (0.678891, 0.980170), (0.524504, 0.960135), (0.807177, 0.980704), (0.827345, 0.865927), (0.827758, 0.924098), (0.827719, 0.921155), (0.827660, 0.901216), (0.827380, 0.891914), (0.827399, 0.885209), (0.524428, 0.970478), (0.523450, 0.977005), (0.669362, 0.866125), (0.686208, 0.866446), (0.675853, 0.867694), (0.767731, 0.980945), (0.751594, 0.980607), (0.828398, 0.980645), (0.828487, 0.973258), (0.552128, 0.981336), (0.828135, 0.882402), (0.828427, 0.960392), (0.828527, 0.946624), (0.828469, 0.924768), (0.526046, 0.980706), (0.532847, 0.981668), (0.540411, 0.981198), (0.526661, 0.981832), (0.828445, 0.920509), (0.828393, 0.902131), (0.828622, 0.921325), (0.557577, 0.866744), (0.588108, 0.866589), (0.682775, 0.865773), (0.523756, 0.971364), (0.828242, 0.877868), (0.669734, 0.866250), (0.673902, 0.866534), (0.677938, 0.866583), (0.683302, 0.866255), (0.522952, 0.871009), (0.522572, 0.868714), (0.522618, 0.866605), (0.523200, 0.874294), (0.523242, 0.982075), (0.828728, 0.870227), (0.829001, 0.866196), (0.828321, 0.876929), (0.523382, 0.883462), (0.523481, 0.895616), (0.819443, 0.865824), (0.523346, 0.904856), (0.706155, 0.865917), (0.588984, 0.981260), (0.523514, 0.938372), (0.523681, 0.960788), (0.523579, 0.970015), (0.539104, 0.866217), (0.521933, 0.866389), (0.610931, 0.981138), (0.796816, 0.980844), (0.566298, 0.981328), (0.553241, 0.981471), (0.652336, 0.866061), (0.636494, 0.866273), (0.789092, 0.865909), (0.746875, 0.866097), (0.828319, 0.890881), (0.828473, 0.900984), (0.553790, 0.866391), (0.628393, 0.980893), (0.817263, 0.982075), (0.640616, 0.980839), (0.671688, 0.865370), (0.165931, 0.928473), (0.189807, 0.900916), (0.186760, 0.933304), (0.174736, 0.951425), (0.193542, 0.953769), (0.191346, 0.973414), (0.171930, 0.971310), (0.147030, 0.970316), (0.154280, 0.948025), (0.124612, 0.946889), (0.146196, 0.930288), (0.107476, 0.932174), (0.124933, 0.923097), (0.141983, 0.912562), (0.149037, 0.897634), (0.138221, 0.896537), (0.115089, 0.910519), (0.109112, 0.900419), (0.125210, 0.888035), (0.137839, 0.888591), (0.141728, 0.890450), (0.146125, 0.888056), (0.095836, 0.888244), (0.093388, 0.908042), (0.080181, 0.888017), (0.083231, 0.916040), (0.089825, 0.940138), (0.076339, 0.948318), (0.069793, 0.929108), (0.069386, 0.906098), (0.048883, 0.924675), (0.050536, 0.943807), (0.037886, 0.957541), (0.035957, 0.982943), (0.056466, 0.964855), (0.029737, 0.965269), (0.032872, 0.943036), (0.032478, 0.923146), (0.022149, 0.931390), (0.019613, 0.919097), (0.019852, 0.910257), (0.041519, 0.896356), (0.044834, 0.914309), (0.051695, 0.903279), (0.065246, 0.893912), (0.064182, 0.886598), (0.084830, 0.886628), (0.041955, 0.887864), (0.022630, 0.887743), (0.031698, 0.887533), (0.019710, 0.899707), (0.023172, 0.964399), (0.019522, 0.970596), (0.107326, 0.954187), (0.095655, 0.962344), (0.130421, 0.966356), (0.109755, 0.975205), (0.112662, 0.983963), (0.135814, 0.983794), (0.172092, 0.985365), (0.140798, 0.990932), (0.198108, 0.931012), (0.163502, 0.905255), (0.157078, 0.887865), (0.249007, 0.912401), (0.224380, 0.922240), (0.251383, 0.896446), (0.208091, 0.898577), (0.224004, 0.900048), (0.202699, 0.954500), (0.207882, 0.930526), (0.209987, 0.961393), (0.231864, 0.946471), (0.226745, 0.963078), (0.239563, 0.927149), (0.258318, 0.920437), (0.258070, 0.970954), (0.245629, 0.969654), (0.258445, 0.946340), (0.293424, 0.964894), (0.285582, 0.930294), (0.305567, 0.939910), (0.309513, 0.921129), (0.270243, 0.964670), (0.265385, 0.933063), (0.279121, 0.953096), (0.270877, 0.914863), (0.291610, 0.911131), (0.265600, 0.897633), (0.319162, 0.904552), (0.315561, 0.958701), (0.310370, 0.974652), (0.303850, 0.994054), (0.291652, 0.985616), (0.247079, 0.995768), (0.262766, 0.992645), (0.205109, 0.995594), (0.207063, 0.972468), (0.227016, 0.982621), (0.153256, 0.996823), (0.191223, 0.992031), (0.192153, 0.997061), (0.163060, 0.992627), (0.098893, 0.996999), (0.080157, 0.996302), (0.095522, 0.992562), (0.092411, 0.977018), (0.072398, 0.971288), (0.060859, 0.989896), (0.023387, 0.998757), (0.019371, 0.982794), (0.039938, 0.996596), (0.020262, 0.997078), (0.205581, 0.999446), (0.247884, 0.998904), (0.263262, 0.998814), (0.282902, 0.998892), (0.302784, 0.998822), (0.316435, 0.998876), (0.318454, 0.994189), (0.321975, 0.983042), (0.323371, 0.995022), (0.322044, 0.970654), (0.322082, 0.929230), (0.322121, 0.915252), (0.322095, 0.896202), (0.300160, 0.895220), (0.270837, 0.978916), (0.248284, 0.888382), (0.267263, 0.886649), (0.283028, 0.886605), (0.299309, 0.886702), (0.232949, 0.886721), (0.254030, 0.886749), (0.219350, 0.887878), (0.208137, 0.887799), (0.201054, 0.887869), (0.204810, 0.886236), (0.215051, 0.886478), (0.191172, 0.887932), (0.105068, 0.886479), (0.303619, 0.891188), (0.313406, 0.887992), (0.321810, 0.887930), (0.019582, 0.942914), (0.019318, 0.891129), (0.019380, 0.988753), (0.037548, 0.885863), (0.045350, 0.886397), (0.083083, 0.999346), (0.042397, 0.999079), (0.093900, 0.999599), (0.128984, 0.999619), (0.155354, 0.999557), (0.192135, 0.999611), (0.321547, 0.998853), (0.323519, 0.997287), (0.305486, 0.886598), (0.323657, 0.990115), (0.194579, 0.886078), (0.145567, 0.886236), (0.035036, 0.886242), (0.019346, 0.886745), (0.323150, 0.903251), (0.321544, 0.886700), (0.180201, 0.886485), (0.019090, 0.998122), (0.022242, 0.886436), (0.323384, 0.918359), (0.323440, 0.892850), (0.305124, 0.885614), (0.323382, 0.971866), (0.323427, 0.943681), (0.131001, 0.886324), (0.138689, 0.886814), (0.252243, 0.999577), (0.240552, 0.999538), (0.221376, 0.999418), (0.323824, 0.887068), (0.153676, 0.886227), (0.062183, 0.999324), (0.139624, 0.886781), (0.141461, 0.886980), (0.294985, 0.999485), (0.304352, 0.999264), (0.265699, 0.999474), (0.141626, 0.885410), (0.139781, 0.884956), (0.140315, 0.882754), (0.324533, 0.998515), (0.039452, 0.885438), (0.295754, 0.885720), (0.324387, 0.996020), (0.051515, 0.885616), (0.317439, 0.999599), (0.323986, 0.982423), (0.324001, 0.972889), (0.138444, 0.885350), (0.143753, 0.885357), (0.085921, 0.885633), (0.255037, 0.885802), (0.323325, 0.999446), (0.141693, 0.882308), (0.143576, 0.882392), (0.126278, 0.885554), (0.138319, 0.882432), (0.206749, 0.885742), (0.218726, 0.885650), (0.204851, 0.884950), (0.206107, 0.882162), (0.202024, 0.885456), (0.200854, 0.882151), (0.197800, 0.885570), (0.200669, 0.884710), (0.154965, 0.885590), (0.033154, 0.998987), (0.200083, 0.885267), (0.216095, 0.137269), (0.216353, 0.158653), (0.208981, 0.156539), (0.208851, 0.169412), (0.216259, 0.181808), (0.208752, 0.189035), (0.216301, 0.209985), (0.208644, 0.216412), (0.216051, 0.233933), (0.208610, 0.234246), (0.208322, 0.246280), (0.217051, 0.245190), (0.216098, 0.254962), (0.208327, 0.252850), (0.217934, 0.212157), (0.217992, 0.155923), (0.217948, 0.178786), (0.217803, 0.119272), (0.209954, 0.126885), (0.214567, 0.120284), (0.216188, 0.106057), (0.209233, 0.105330), (0.209473, 0.085957), (0.214687, 0.070022), (0.218242, 0.069541), (0.217921, 0.058217), (0.209590, 0.068475), (0.209705, 0.054186), (0.218027, 0.029296), (0.209701, 0.029800), (0.218101, 0.104491), (0.209776, 0.024750), (0.216184, 0.021607), (0.219943, 0.025468), (0.209047, 0.124796), (0.208187, 0.258142), (0.219182, 0.259420), (0.219299, 0.232307), (0.215503, 0.259514), (0.219871, 0.058047), (0.211241, 0.260205), (0.209746, 0.021513), (0.219406, 0.181772), (0.219506, 0.159280), (0.219481, 0.119709), (0.219561, 0.104230), (0.219716, 0.073624), (0.207359, 0.262323), (0.211362, 0.262708), (0.211862, 0.266740), (0.206737, 0.269618), (0.216239, 0.266363), (0.214424, 0.274084), (0.206618, 0.270280), (0.206239, 0.278913), (0.211139, 0.279602), (0.213219, 0.264856), (0.213134, 0.260726), (0.212754, 0.262667), (0.219342, 0.265093), (0.209095, 0.281007), (0.215199, 0.265181), (0.218940, 0.280591), (0.215996, 0.283665), (0.208159, 0.283548), (0.205986, 0.280774), (0.206081, 0.282412), (0.197814, 0.284135), (0.197195, 0.282843), (0.176888, 0.283908), (0.166284, 0.285798), (0.203204, 0.280101), (0.191501, 0.281332), (0.152476, 0.283528), (0.116560, 0.285513), (0.149298, 0.285462), (0.117168, 0.287314), (0.112250, 0.288863), (0.145079, 0.287043), (0.107003, 0.287826), (0.104305, 0.285935), (0.095909, 0.289937), (0.102553, 0.288424), (0.090942, 0.289310), (0.093227, 0.287618), (0.087253, 0.288042), (0.102062, 0.286630), (0.080340, 0.290292), (0.075106, 0.288923), (0.046195, 0.294257), (0.081557, 0.291556), (0.040546, 0.296307), (0.012878, 0.298326), (0.016439, 0.299208), (0.007963, 0.300537), (0.024233, 0.294839), (0.045036, 0.292509), (0.006897, 0.299189), (0.008904, 0.296623), (0.007433, 0.294906), (0.004161, 0.291307), (0.003268, 0.280112), (0.013018, 0.296215), (0.002097, 0.274337), (0.102078, 0.284452), (0.090044, 0.285921), (0.097930, 0.284182), (0.097738, 0.279019), (0.101775, 0.277596), (0.101719, 0.272972), (0.088937, 0.275318), (0.101373, 0.271270), (0.089085, 0.270166), (0.088751, 0.279362), (0.096149, 0.269667), (0.101227, 0.269725), (0.088627, 0.283745), (0.089459, 0.285327), (0.043852, 0.291579), (0.084370, 0.286871), (0.025731, 0.293810), (0.087882, 0.286325), (0.214709, 0.020592), (0.014163, 0.294899), (0.205421, 0.279572), (0.219324, 0.260823), (0.153206, 0.282664), (0.197400, 0.280193), (0.113298, 0.284780), (0.219146, 0.281650), (0.222313, 0.282634), (0.232754, 0.283215), (0.234484, 0.284707), (0.244466, 0.283835), (0.261428, 0.284796), (0.243844, 0.281828), (0.257273, 0.282571), (0.274087, 0.283643), (0.302011, 0.286965), (0.298824, 0.285037), (0.325991, 0.286650), (0.337508, 0.289044), (0.270476, 0.286617), (0.358504, 0.288403), (0.363357, 0.290491), (0.368615, 0.288974), (0.372584, 0.291097), (0.373966, 0.289873), (0.377472, 0.291567), (0.374480, 0.286606), (0.380642, 0.286114), (0.374057, 0.281657), (0.374557, 0.275982), (0.381690, 0.277429), (0.379473, 0.274824), (0.374903, 0.273304), (0.384418, 0.286802), (0.384706, 0.275861), (0.385649, 0.285082), (0.386387, 0.277463), (0.383766, 0.290379), (0.385158, 0.292098), (0.385454, 0.288823), (0.381310, 0.275051), (0.378407, 0.273508), (0.233945, 0.280979), (0.220725, 0.280741), (0.386521, 0.293584), (0.309610, 0.288780), (0.342487, 0.290652), (0.370095, 0.292134), (0.409473, 0.294034), (0.424401, 0.296860), (0.434978, 0.296303), (0.459346, 0.299796), (0.458169, 0.298212), (0.438497, 0.294700), (0.458479, 0.296339), (0.413858, 0.292521), (0.391442, 0.290621), (0.386664, 0.289401), (0.468040, 0.299567), (0.465240, 0.297191), (0.473225, 0.280724), (0.386726, 0.273929), (0.270130, 0.282622), (0.369966, 0.288148), (0.372882, 0.287896), (0.354388, 0.287309), (0.471145, 0.278409), (0.412432, 0.291590), (0.442330, 0.294177), (0.459694, 0.295286), (0.465393, 0.296146), (0.390548, 0.289596), (0.244083, 0.281017), (0.220015, 0.020534), (0.102822, 0.283508), (0.217227, 0.260472), (0.319831, 0.285494), (0.104490, 0.285020), (0.469032, 0.278151), (0.210458, 0.019998), (0.209444, 0.018451), (0.212160, 0.019068), (0.212038, 0.017243), (0.208952, 0.015371), (0.214068, 0.015371), (0.217323, 0.014395), (0.208102, 0.010433), (0.215493, 0.007152), (0.207246, 0.004654), (0.212059, 0.002431), (0.218649, 0.002310), (0.213817, 0.017073), (0.215544, 0.016158), (0.218078, 0.015760), (0.213994, 0.019008), (0.206865, 0.001672), (0.211041, 0.001079), (0.219881, 0.015724), (0.381698, 0.273513), (0.379742, 0.273146), (0.223295, 0.279811), (0.088180, 0.284810), (0.385154, 0.274169), (0.208020, 0.000664), (0.103730, 0.284783), (0.216276, 0.020078), (0.377616, 0.272224), (0.384771, 0.272276), (0.855972, 0.863113), (0.848905, 0.838722), (0.848937, 0.901490), (0.856001, 0.890789), (0.855864, 0.910223), (0.848765, 0.936206), (0.855930, 0.941257), (0.848859, 0.968709), (0.855848, 0.969118), (0.855745, 0.984337), (0.850072, 0.980099), (0.845753, 0.984063), (0.846231, 0.978749), (0.846257, 0.962743), (0.851934, 0.736066), (0.846543, 0.745632), (0.856455, 0.746386), (0.848046, 0.782370), (0.856273, 0.770089), (0.856154, 0.787214), (0.849233, 0.804226), (0.856116, 0.819444), (0.846245, 0.735848), (0.857326, 0.736257), (0.856925, 0.785779), (0.856868, 0.972337), (0.846214, 0.939481), (0.847406, 0.915193), (0.846292, 0.898752), (0.846696, 0.886239), (0.847782, 0.844653), (0.847655, 0.813507), (0.846634, 0.829438), (0.846670, 0.856274), (0.846787, 0.794270), (0.846544, 0.773729), (0.846614, 0.755490), (0.856764, 0.945481), (0.856754, 0.899142), (0.850121, 0.734211), (0.856858, 0.833388), (0.857286, 0.748579), (0.857191, 0.739614), (0.856824, 0.983596), (0.856918, 0.985080), (0.846810, 0.985545), (0.857433, 0.986641), (0.853998, 0.734533), (0.857433, 0.735188), (0.846231, 0.734172), (0.845277, 0.975936), (0.845248, 0.985275), (0.845429, 0.893589), (0.845650, 0.846407), (0.845774, 0.736042), (0.845700, 0.770236), (0.845730, 0.793756), (0.845608, 0.824050), (0.845288, 0.930887), (0.854344, 0.986651), (0.847713, 0.986530), (0.707743, 0.275976), (0.708700, 0.286249), (0.711037, 0.281177), (0.709006, 0.296223), (0.710288, 0.292688), (0.711064, 0.285629), (0.719241, 0.295229), (0.719202, 0.286131), (0.719215, 0.280001), (0.718666, 0.297208), (0.710602, 0.254604), (0.719216, 0.222145), (0.715289, 0.212489), (0.710604, 0.228732), (0.717793, 0.249184), (0.710153, 0.219228), (0.711238, 0.211412), (0.708080, 0.225352), (0.705550, 0.242463), (0.719710, 0.210052), (0.719674, 0.204924), (0.711620, 0.203984), (0.719904, 0.198946), (0.710280, 0.199018), (0.709310, 0.210083), (0.709344, 0.202897), (0.718985, 0.230753), (0.718979, 0.245476), (0.718951, 0.271437), (0.705377, 0.200172), (0.707311, 0.199099), (0.709404, 0.198142), (0.707668, 0.198048), (0.719904, 0.297864), (0.719069, 0.197952), (0.710042, 0.197972), (0.705232, 0.198841), (0.705215, 0.197940), (0.720146, 0.198022), (0.228897, 0.453451), (0.228485, 0.457015), (0.189823, 0.453474), (0.190853, 0.459953), (0.175881, 0.453545), (0.179616, 0.460018), (0.155941, 0.459955), (0.137771, 0.453535), (0.135923, 0.459882), (0.093510, 0.456987), (0.274151, 0.460043), (0.261853, 0.460157), (0.230457, 0.459996), (0.212311, 0.460074), (0.345355, 0.460269), (0.334886, 0.459987), (0.322264, 0.460141), (0.312641, 0.453218), (0.303953, 0.460054), (0.286964, 0.453382), (0.286544, 0.460042), (0.349859, 0.458246), (0.082295, 0.459895), (0.087260, 0.459815), (0.095241, 0.459958), (0.122856, 0.459850), (0.077727, 0.453283), (0.077604, 0.460269), (0.076972, 0.459698), (0.073538, 0.459784), (0.072185, 0.455526), (0.072782, 0.460336), (0.068915, 0.459175), (0.352146, 0.459937), (0.074509, 0.453115), (0.349688, 0.455026), (0.353541, 0.459035), (0.359854, 0.458516), (0.361745, 0.454643), (0.365135, 0.455844), (0.066595, 0.459919), (0.065218, 0.453484), (0.069435, 0.452767), (0.073641, 0.452738), (0.074581, 0.452555), (0.349104, 0.452429), (0.364273, 0.458010), (0.365150, 0.458485), (0.066698, 0.458986), (0.062144, 0.453736), (0.062459, 0.458818), (0.059290, 0.458260), (0.059298, 0.455581), (0.064405, 0.453030), (0.355883, 0.459702), (0.077031, 0.451125), (0.075226, 0.451207), (0.075060, 0.448722), (0.076865, 0.448746), (0.075463, 0.446890), (0.078684, 0.449021), (0.078659, 0.451265), (0.078172, 0.446606), (0.349034, 0.451178), (0.346864, 0.451204), (0.060288, 0.454059), (0.345870, 0.450890), (0.345938, 0.448964), (0.348222, 0.450546), (0.346281, 0.447251), (0.348689, 0.447261), (0.350214, 0.448411), (0.350001, 0.446864), (0.058895, 0.454228), (0.725819, 0.013894), (0.694467, 0.012738), (0.660491, 0.009922), (0.644051, 0.009334), (0.634091, 0.009772), (0.634959, 0.014289), (0.677336, 0.009011), (0.732197, 0.008434), (0.758800, 0.008140), (0.799533, 0.008147), (0.817515, 0.008087), (0.840770, 0.008133), (0.857046, 0.008489), (0.884724, 0.008053), (0.896594, 0.008018), (0.897059, 0.008712), (0.895553, 0.014242), (0.709350, 0.008663), (0.903991, 0.013163), (0.907605, 0.009323), (0.653905, 0.009102), (0.909337, 0.010116), (0.914368, 0.008997), (0.783795, 0.008009), (0.633574, 0.009062), (0.631246, 0.009181), (0.913406, 0.014231), (0.915310, 0.009707), (0.917259, 0.011017), (0.918339, 0.013279), (0.629323, 0.013863), (0.626996, 0.010349), (0.621895, 0.010940), (0.615147, 0.013088), (0.613512, 0.011346), (0.612436, 0.013755), (0.613721, 0.014879), (0.918260, 0.010912), (0.918574, 0.012804), (0.612495, 0.010752), (0.919984, 0.013619), (0.872636, 0.891095), (0.873059, 0.913804), (0.874073, 0.891234), (0.874945, 0.911501), (0.875586, 0.921628), (0.873107, 0.920375), (0.871688, 0.925022), (0.875946, 0.927471), (0.871948, 0.928500), (0.870942, 0.922829), (0.876828, 0.931170), (0.871192, 0.918355), (0.884761, 0.934373), (0.879612, 0.930124), (0.881121, 0.929485), (0.896634, 0.930712), (0.895978, 0.935322), (0.904903, 0.930762), (0.908390, 0.935151), (0.925306, 0.934114), (0.946795, 0.931481), (0.951779, 0.935856), (0.972594, 0.931892), (0.922927, 0.935914), (0.969352, 0.936434), (0.982686, 0.931214), (0.970123, 0.931038), (0.985821, 0.931213), (0.987619, 0.931119), (0.990831, 0.932376), (0.986491, 0.922675), (0.990158, 0.797755), (0.986742, 0.810181), (0.994599, 0.810282), (0.994573, 0.826001), (0.994392, 0.836194), (0.986827, 0.836557), (0.986737, 0.881159), (0.994465, 0.853404), (0.994254, 0.884864), (0.986628, 0.897895), (0.994276, 0.898813), (0.994237, 0.919125), (0.994148, 0.926634), (0.986875, 0.793163), (0.986194, 0.794189), (0.992057, 0.931546), (0.879603, 0.929302), (0.986331, 0.930301), (0.986209, 0.926731), (0.995392, 0.929719), (0.914068, 0.930096), (0.896107, 0.929741), (0.875324, 0.891061), (0.995570, 0.852315), (0.995474, 0.885032), (0.995654, 0.827067), (0.995325, 0.919065), (0.986095, 0.910558), (0.871239, 0.913336), (0.876911, 0.917396), (0.877340, 0.924995), (0.879670, 0.928265), (0.870989, 0.889902), (0.872806, 0.878486), (0.875157, 0.882440), (0.875194, 0.859084), (0.872833, 0.861814), (0.872844, 0.845711), (0.875148, 0.837135), (0.872816, 0.834760), (0.875345, 0.820281), (0.872935, 0.819880), (0.872690, 0.805686), (0.875210, 0.801177), (0.871644, 0.801015), (0.876553, 0.801473), (0.873699, 0.800065), (0.870895, 0.828486), (0.870904, 0.808865), (0.871074, 0.862866), (0.870925, 0.846513), (0.870822, 0.836357), (0.870664, 0.799834), (0.876881, 0.824370), (0.877234, 0.863241), (0.876887, 0.837984), (0.876911, 0.889793), (0.876854, 0.800166), (0.878147, 0.870371), (0.876851, 0.901550), (0.995539, 0.800566), (0.870139, 0.804243), (0.869584, 0.799695), (0.869927, 0.922840), (0.986271, 0.808386), (0.985926, 0.798822), (0.986328, 0.838527), (0.878993, 0.800397), (0.878969, 0.803536), (0.877310, 0.806430), (0.879000, 0.826124), (0.877778, 0.832167), (0.879195, 0.855503), (0.879258, 0.877694), (0.877848, 0.890478), (0.877876, 0.913341), (0.879448, 0.890540), (0.879448, 0.914706), (0.879463, 0.925696), (0.986228, 0.883353), (0.880387, 0.831433), (0.880242, 0.803411), (0.870034, 0.823775), (0.880679, 0.889765), (0.880711, 0.915841), (0.880726, 0.926029), (0.870612, 0.798432), (0.870029, 0.838512), (0.880509, 0.867568), (0.870180, 0.918046), (0.869133, 0.797291), (0.870317, 0.792634), (0.872949, 0.793839), (0.876441, 0.793013), (0.878797, 0.794408), (0.872333, 0.796475), (0.874280, 0.796248), (0.876594, 0.796143), (0.875538, 0.797494), (0.871869, 0.797752), (0.878514, 0.795573), (0.879476, 0.796460), (0.870297, 0.909735), (0.870103, 0.890913), (0.870149, 0.883269), (0.870075, 0.865599), (0.869813, 0.924538), (0.880332, 0.800215), (0.870180, 0.924740), (0.074844, 0.564073), (0.074499, 0.572030), (0.074182, 0.557280), (0.074503, 0.546174), (0.075117, 0.574267), (0.074814, 0.578353), (0.073817, 0.539591), (0.076452, 0.576526), (0.075832, 0.565529), (0.077655, 0.578626), (0.075661, 0.579995), (0.075476, 0.556930), (0.074539, 0.538971), (0.077368, 0.546172), (0.074555, 0.536113), (0.076563, 0.555619), (0.077868, 0.562898), (0.076470, 0.534093), (0.073616, 0.535319), (0.075615, 0.531340), (0.076745, 0.531171), (0.075488, 0.525965), (0.076730, 0.526213), (0.076591, 0.521639), (0.078237, 0.573963), (0.078361, 0.577282), (0.075005, 0.520777), (0.073023, 0.527608), (0.074449, 0.526232), (0.074754, 0.517585), (0.080164, 0.576366), (0.076435, 0.517960), (0.079938, 0.567791), (0.078990, 0.533390), (0.079716, 0.561970), (0.079305, 0.547977), (0.078498, 0.524893), (0.078552, 0.579658), (0.077325, 0.580261), (0.081755, 0.578743), (0.079596, 0.516643), (0.082225, 0.576409), (0.083362, 0.578606), (0.083428, 0.573066), (0.082071, 0.562592), (0.083004, 0.558583), (0.081316, 0.542679), (0.080950, 0.530634), (0.082460, 0.541375), (0.082249, 0.533187), (0.082120, 0.521078), (0.078593, 0.520389), (0.075389, 0.585129), (0.076616, 0.588197), (0.072087, 0.517233), (0.073976, 0.582901), (0.073694, 0.581204), (0.081707, 0.584444), (0.080615, 0.580975), (0.090305, 0.580793), (0.093157, 0.588482), (0.080654, 0.588364), (0.183406, 0.580867), (0.192312, 0.580734), (0.188752, 0.588482), (0.180302, 0.588428), (0.175781, 0.581238), (0.155168, 0.588409), (0.161784, 0.580988), (0.121987, 0.588394), (0.122155, 0.580806), (0.110898, 0.588402), (0.113419, 0.580781), (0.099009, 0.583767), (0.100440, 0.580432), (0.196879, 0.582065), (0.196469, 0.588277), (0.192706, 0.550306), (0.196089, 0.574636), (0.202033, 0.577503), (0.198276, 0.582624), (0.197869, 0.584799), (0.197689, 0.586862), (0.201035, 0.570356), (0.202429, 0.525706), (0.201225, 0.539104), (0.192894, 0.531588), (0.192967, 0.514980), (0.202360, 0.513551), (0.191855, 0.507843), (0.073961, 0.579771), (0.082036, 0.517381), (0.080548, 0.517191), (0.202108, 0.563836), (0.073431, 0.538674), (0.073444, 0.535993), (0.192409, 0.513773), (0.192155, 0.510800), (0.147921, 0.580794), (0.192403, 0.529284), (0.192161, 0.550421), (0.191825, 0.574666), (0.191889, 0.578706), (0.191574, 0.580322), (0.190140, 0.580733), (0.084584, 0.580166), (0.202872, 0.511955), (0.072910, 0.580982), (0.089555, 0.580424), (0.083088, 0.579887), (0.203746, 0.508658), (0.111956, 0.580692), (0.175903, 0.580685), (0.164702, 0.580532), (0.202688, 0.577083), (0.073240, 0.578449), (0.202986, 0.526974), (0.202720, 0.559572), (0.072787, 0.582641), (0.073589, 0.519086), (0.030031, 0.097754), (0.029143, 0.118311), (0.030016, 0.081694), (0.029973, 0.119143), (0.028511, 0.133524), (0.030095, 0.129581), (0.028959, 0.079132), (0.027119, 0.080164), (0.030208, 0.140905), (0.025133, 0.142490), (0.024056, 0.133158), (0.024736, 0.149318), (0.030292, 0.143993), (0.030184, 0.151255), (0.024083, 0.121285), (0.027891, 0.124313), (0.029564, 0.153601), (0.028283, 0.159175), (0.036677, 0.153672), (0.022981, 0.158704), (0.024309, 0.073323), (0.028538, 0.065715), (0.023999, 0.080490), (0.030974, 0.066931), (0.030297, 0.061428), (0.022347, 0.060594), (0.024750, 0.054074), (0.027744, 0.103469), (0.029518, 0.053925), (0.042127, 0.161029), (0.046186, 0.154846), (0.062348, 0.161099), (0.073849, 0.155101), (0.087288, 0.161203), (0.101515, 0.153885), (0.113219, 0.161296), (0.116420, 0.153814), (0.122457, 0.162282), (0.126986, 0.158218), (0.128435, 0.153896), (0.074490, 0.153815), (0.125866, 0.162851), (0.128231, 0.162853), (0.030951, 0.057614), (0.025627, 0.049888), (0.091454, 0.162244), (0.030211, 0.152858), (0.031515, 0.153487), (0.024830, 0.043373), (0.028362, 0.048960), (0.124219, 0.153433), (0.029733, 0.045024), (0.032189, 0.162143), (0.030630, 0.053487), (0.034682, 0.162651), (0.030584, 0.049402), (0.028805, 0.042821), (0.034330, 0.043011), (0.033598, 0.047476), (0.036115, 0.052153), (0.031958, 0.052062), (0.043645, 0.051801), (0.043834, 0.042529), (0.048210, 0.042729), (0.051884, 0.051672), (0.055602, 0.044322), (0.056114, 0.046653), (0.066093, 0.051219), (0.064189, 0.049390), (0.083477, 0.048604), (0.112611, 0.050011), (0.082035, 0.050780), (0.118602, 0.047671), (0.121412, 0.049797), (0.031612, 0.049195), (0.061204, 0.043860), (0.061660, 0.045215), (0.077080, 0.043269), (0.077441, 0.044772), (0.086434, 0.044450), (0.087436, 0.042916), (0.102444, 0.042489), (0.108852, 0.043839), (0.112451, 0.042231), (0.121127, 0.043825), (0.124150, 0.042215), (0.077103, 0.046225), (0.118140, 0.045801), (0.084960, 0.046388), (0.062031, 0.046818), (0.124494, 0.044931), (0.125739, 0.049786), (0.128567, 0.044219), (0.128171, 0.048876), (0.127914, 0.040809), (0.049924, 0.052609), (0.036496, 0.052937), (0.058989, 0.042474), (0.113352, 0.051161), (0.079504, 0.045563), (0.076495, 0.052037), (0.101818, 0.045135), (0.081198, 0.052005), (0.117158, 0.044924), (0.128258, 0.050691), (0.123106, 0.050958), (0.054838, 0.162017), (0.121899, 0.040834), (0.107194, 0.153449), (0.081389, 0.041847), (0.031814, 0.053105), (0.105711, 0.041251), (0.069166, 0.153470), (0.121746, 0.162804), (0.067592, 0.041687), (0.037706, 0.153376), (0.039077, 0.042494), (0.128757, 0.046971), (0.056118, 0.162581), (0.094818, 0.162703), (0.163625, 0.158190), (0.168887, 0.154479), (0.163773, 0.129876), (0.169002, 0.129459), (0.163513, 0.182577), (0.168886, 0.172052), (0.168885, 0.183420), (0.163653, 0.194677), (0.167962, 0.194712), (0.169017, 0.202817), (0.162561, 0.204256), (0.169218, 0.112709), (0.164051, 0.113227), (0.165351, 0.103827), (0.169115, 0.104762), (0.162813, 0.110507), (0.162542, 0.103739), (0.162610, 0.207311), (0.162603, 0.187091), (0.164024, 0.210868), (0.161689, 0.209779), (0.156437, 0.207055), (0.150803, 0.214622), (0.113236, 0.215360), (0.119878, 0.215826), (0.107088, 0.209000), (0.130042, 0.208475), (0.158291, 0.214390), (0.162643, 0.212266), (0.083618, 0.215892), (0.017579, 0.217436), (0.025816, 0.217162), (0.024990, 0.209538), (0.059922, 0.216496), (0.062622, 0.210020), (0.083464, 0.209840), (0.017546, 0.208879), (0.008755, 0.212647), (0.008905, 0.218017), (0.013805, 0.209215), (0.008532, 0.209782), (0.087397, 0.208093), (0.054050, 0.208849), (0.122513, 0.207447), (0.168961, 0.101215), (0.164608, 0.101214), (0.162491, 0.101204), (0.148796, 0.206902), (0.161594, 0.216218), (0.162417, 0.097594), (0.016609, 0.208550), (0.162790, 0.130983), (0.162692, 0.157568), (0.168803, 0.098917), (0.162599, 0.096853), (0.159613, 0.096338), (0.168178, 0.096782), (0.169235, 0.097809), (0.162692, 0.216538), (0.159194, 0.099478), (0.157039, 0.097193), (0.157937, 0.095622), (0.155570, 0.095285), (0.151488, 0.096788), (0.158041, 0.094682), (0.160844, 0.099838), (0.151474, 0.094852), (0.028358, 0.208833), (0.154776, 0.099080), (0.009802, 0.209039), (0.047808, 0.217812), (0.149653, 0.098590), (0.157557, 0.215660), (0.081773, 0.216973), (0.115637, 0.216345), (0.012907, 0.208766), (0.148455, 0.096932), (0.150652, 0.095538), (0.143207, 0.094845), (0.128376, 0.094878), (0.129279, 0.093489), (0.118041, 0.092362), (0.116900, 0.093285), (0.121249, 0.095814), (0.116582, 0.095517), (0.097586, 0.093197), (0.097467, 0.091283), (0.075342, 0.091109), (0.072741, 0.088787), (0.117275, 0.091570), (0.094550, 0.089421), (0.071384, 0.087085), (0.043949, 0.085907), (0.045866, 0.084599), (0.062528, 0.089901), (0.048419, 0.088422), (0.039528, 0.087577), (0.036831, 0.085116), (0.036642, 0.088356), (0.037429, 0.083157), (0.035450, 0.086491), (0.043717, 0.089850), (0.043447, 0.091312), (0.036717, 0.090892), (0.061590, 0.091832), (0.062069, 0.093267), (0.071833, 0.092617), (0.084941, 0.095528), (0.093645, 0.094735), (0.110583, 0.098197), (0.109459, 0.096514), (0.125427, 0.097536), (0.124855, 0.100874), (0.137418, 0.099601), (0.146059, 0.103123), (0.150582, 0.100817), (0.155805, 0.104152), (0.156921, 0.100518), (0.159235, 0.103445), (0.160533, 0.100590), (0.046655, 0.092921), (0.039133, 0.092137), (0.035042, 0.091409), (0.114866, 0.099750), (0.137202, 0.098517), (0.064224, 0.094542), (0.085117, 0.096649), (0.160660, 0.104599), (0.035410, 0.083404), (0.149759, 0.100015), (0.160905, 0.103302), (0.161589, 0.100460), (0.017779, 0.218437), (0.007731, 0.219249), (0.128823, 0.096393), (0.034376, 0.082426), (0.145102, 0.215782), (0.157158, 0.206464), (0.162021, 0.206791), (0.038752, 0.081998), (0.036379, 0.091816), (0.057012, 0.208289), (0.081014, 0.207691), (0.102943, 0.207174), (0.061016, 0.084872), (0.161553, 0.104695), (0.151413, 0.093982), (0.014019, 0.207101), (0.015416, 0.206959), (0.016437, 0.204216), (0.075301, 0.086229), (0.126648, 0.206955), (0.094599, 0.088213), (0.121833, 0.091110), (0.125967, 0.216878), (0.112001, 0.217113), (0.080827, 0.217753), (0.051187, 0.218377), (0.014903, 0.205741), (0.036142, 0.009535), (0.069000, 0.009428), (0.091733, 0.009247), (0.105211, 0.009238), (0.015062, 0.009367), (0.020179, 0.009481), (0.001662, 0.008195), (0.001567, 0.009290), (0.091092, 0.009478), (0.107163, 0.005342), (0.106835, 0.007869), (0.106730, 0.009535), (0.966877, 0.785584), (0.971680, 0.777001), (0.971697, 0.801759), (0.965619, 0.814348), (0.971868, 0.829872), (0.965897, 0.829611), (0.965846, 0.846418), (0.972958, 0.779666), (0.965409, 0.771746), (0.972868, 0.767115), (0.965218, 0.791971), (0.973503, 0.845913), (0.973586, 0.856761), (0.965767, 0.858341), (0.973369, 0.830734), (0.964029, 0.763025), (0.972841, 0.763139), (0.968467, 0.756036), (0.973599, 0.864104), (0.965335, 0.862606), (0.973336, 0.867097), (0.963697, 0.756754), (0.964968, 0.840684), (0.964169, 0.754936), (0.962194, 0.756203), (0.952254, 0.756632), (0.952547, 0.754012), (0.941555, 0.754158), (0.937737, 0.756647), (0.924921, 0.754415), (0.921970, 0.756888), (0.911421, 0.754438), (0.902326, 0.756788), (0.902580, 0.754470), (0.900018, 0.756941), (0.897923, 0.757635), (0.964979, 0.871062), (0.957903, 0.865392), (0.954606, 0.862296), (0.958394, 0.869935), (0.903880, 0.870177), (0.922141, 0.865718), (0.921758, 0.870294), (0.904540, 0.862715), (0.894658, 0.866333), (0.894236, 0.870558), (0.907296, 0.871482), (0.962394, 0.870915), (0.972760, 0.756700), (0.964756, 0.824148), (0.963555, 0.861563), (0.964791, 0.861372), (0.950883, 0.861832), (0.964732, 0.810543), (0.964199, 0.775552), (0.964536, 0.791474), (0.937002, 0.861873), (0.963548, 0.753908), (0.896597, 0.755397), (0.964147, 0.767344), (0.902803, 0.862146), (0.895343, 0.862176), (0.968364, 0.754976), (0.971523, 0.754855), (0.972706, 0.753913), (0.969312, 0.753998), (0.967078, 0.753304), (0.965142, 0.752934), (0.966554, 0.751716), (0.895696, 0.757573), (0.896630, 0.754077), (0.895437, 0.755434), (0.895460, 0.753639), (0.965006, 0.852273), (0.964939, 0.860147), (0.964718, 0.845012), (0.175250, 0.406290), (0.234757, 0.406326), (0.216994, 0.409751), (0.253494, 0.409718), (0.158625, 0.409655), (0.137202, 0.406283), (0.126094, 0.407983), (0.130809, 0.409689), (0.093673, 0.409654), (0.189760, 0.409713), (0.249561, 0.406299), (0.092711, 0.407908), (0.116701, 0.406178), (0.093148, 0.406193), (0.279086, 0.407832), (0.083148, 0.410251), (0.081641, 0.406268), (0.290935, 0.409684), (0.337653, 0.407969), (0.328001, 0.409720), (0.271660, 0.406306), (0.338580, 0.406291), (0.340039, 0.409841), (0.348091, 0.406389), (0.346838, 0.410692), (0.347709, 0.409392), (0.341190, 0.410698), (0.346945, 0.412803), (0.344057, 0.417348), (0.347445, 0.416965), (0.332701, 0.415577), (0.329152, 0.410612), (0.327434, 0.411439), (0.323265, 0.416722), (0.298512, 0.410374), (0.273293, 0.410326), (0.248694, 0.410276), (0.270175, 0.415485), (0.257788, 0.416733), (0.225570, 0.415747), (0.230000, 0.416793), (0.205771, 0.416806), (0.215824, 0.413141), (0.224287, 0.413056), (0.253393, 0.413650), (0.289801, 0.413801), (0.157213, 0.416914), (0.187474, 0.413379), (0.191481, 0.416772), (0.215932, 0.410646), (0.224702, 0.410870), (0.242264, 0.411364), (0.283084, 0.411234), (0.347789, 0.413931), (0.152273, 0.413002), (0.094059, 0.410767), (0.097582, 0.413100), (0.088933, 0.411154), (0.093703, 0.416897), (0.100909, 0.415416), (0.128656, 0.413043), (0.130902, 0.415335), (0.128973, 0.416807), (0.101974, 0.416906), (0.157360, 0.410645), (0.128516, 0.410624), (0.100411, 0.410523), (0.188084, 0.410587), (0.086234, 0.416930), (0.082780, 0.414771), (0.082953, 0.417620), (0.101247, 0.411388), (0.127818, 0.411428), (0.188930, 0.411447), (0.215205, 0.411479), (0.091892, 0.417513), (0.310776, 0.417295), (0.125595, 0.417537), (0.233356, 0.417331), (0.138184, 0.417391), (0.174713, 0.417391), (0.201175, 0.417236), (0.251354, 0.417191), (0.347708, 0.417620), (0.082059, 0.407884), (0.082304, 0.409628), (0.483882, 0.047433), (0.448710, 0.047263), (0.452782, 0.044098), (0.483864, 0.044181), (0.429224, 0.044005), (0.424681, 0.048147), (0.404926, 0.043970), (0.391447, 0.047206), (0.481283, 0.048237), (0.500186, 0.048152), (0.374018, 0.043778), (0.372988, 0.047909), (0.347522, 0.043659), (0.345180, 0.047823), (0.336844, 0.043591), (0.332936, 0.048002), (0.329490, 0.043607), (0.532856, 0.047283), (0.543353, 0.044115), (0.555007, 0.048293), (0.568127, 0.044113), (0.588325, 0.048431), (0.582960, 0.044158), (0.595658, 0.048641), (0.538102, 0.048163), (0.386955, 0.047904), (0.599758, 0.043589), (0.605295, 0.048609), (0.610629, 0.044380), (0.446767, 0.048025), (0.327847, 0.047960), (0.321178, 0.043650), (0.316318, 0.047904), (0.314350, 0.043868), (0.312409, 0.047813), (0.327325, 0.042269), (0.613531, 0.048389), (0.616386, 0.044326), (0.320736, 0.042296), (0.330704, 0.041687), (0.328918, 0.042320), (0.313949, 0.042690), (0.330806, 0.039694), (0.329324, 0.040412), (0.332264, 0.039283), (0.598617, 0.040626), (0.601425, 0.040931), (0.493638, 0.048557), (0.597384, 0.040719), (0.596557, 0.041193), (0.515125, 0.048609), (0.600300, 0.040507), (0.497615, 0.638319), (0.499852, 0.654417), (0.497585, 0.689875), (0.497741, 0.708782), (0.497455, 0.615974), (0.497967, 0.586132), (0.496187, 0.712442), (0.496197, 0.707008), (0.496139, 0.679553), (0.495938, 0.584978), (0.499208, 0.580827), (0.496214, 0.576000), (0.499963, 0.576184), (0.495969, 0.622466), (0.555162, 0.405131), (0.555198, 0.434889), (0.555021, 0.383670), (0.554805, 0.368290), (0.555048, 0.361564), (0.555221, 0.442333), (0.554427, 0.355106), (0.555357, 0.447396), (0.555361, 0.452970), (0.558377, 0.354772), (0.559499, 0.350397), (0.555251, 0.454098), (0.932360, 0.061039), (0.933444, 0.044829), (0.932615, 0.026726), (0.932282, 0.081463), (0.932647, 0.016703), (0.932234, 0.083402), (0.932745, 0.014884), (0.932176, 0.080311), (0.193070, 0.157009), (0.197399, 0.152221), (0.197607, 0.108329), (0.192696, 0.098143), (0.197386, 0.163993), (0.197515, 0.096387), (0.192043, 0.083952), (0.196800, 0.087619), (0.194056, 0.083876), (0.195931, 0.083308), (0.191694, 0.177423), (0.197257, 0.179739), (0.196089, 0.180927), (0.191597, 0.181542), (0.197611, 0.083238), (0.197807, 0.096057), (0.196064, 0.183522), (0.197506, 0.182583), (0.197807, 0.183491), (0.436639, 0.014740), (0.415791, 0.019425), (0.407466, 0.016749), (0.372357, 0.021021), (0.371530, 0.017449), (0.329906, 0.018548), (0.353090, 0.021825), (0.316143, 0.019480), (0.306697, 0.023661), (0.309718, 0.024599), (0.417644, 0.015243), (0.401898, 0.016078), (0.308767, 0.019417), (0.302113, 0.019840), (0.451146, 0.014219), (0.457071, 0.014257), (0.460901, 0.014659), (0.461645, 0.014111), (0.461779, 0.015424), (0.465663, 0.016239), (0.467307, 0.015097), (0.467165, 0.014308), (0.484757, 0.014872), (0.487316, 0.015764), (0.474156, 0.017187), (0.517295, 0.019282), (0.514255, 0.016956), (0.530472, 0.018247), (0.527706, 0.021615), (0.469308, 0.018642), (0.473050, 0.018587), (0.500977, 0.020054), (0.514963, 0.020641), (0.529179, 0.022533), (0.534950, 0.018198), (0.531389, 0.023461), (0.465875, 0.018340), (0.533861, 0.022720), (0.532342, 0.024395), (0.511803, 0.016190), (0.530443, 0.017351), (0.536556, 0.017996), (0.361449, 0.017372), (0.294476, 0.020131), (0.314953, 0.024652), (0.312578, 0.024790), (0.345756, 0.017809), (0.534699, 0.024599), (0.565096, 0.055467), (0.626029, 0.055717), (0.691818, 0.056040), (0.715384, 0.056075), (0.505899, 0.055199), (0.487365, 0.058707), (0.472316, 0.055087), (0.722215, 0.056275), (0.722605, 0.058605), (0.461302, 0.059610), (0.723644, 0.058522), (0.412728, 0.478575), (0.370456, 0.478537), (0.428080, 0.478569), (0.434526, 0.477554), (0.441624, 0.477697), (0.443307, 0.478160), (0.355303, 0.478704), (0.344314, 0.477447), (0.370911, 0.477493), (0.417199, 0.477518), (0.338549, 0.477417), (0.353912, 0.477398), (0.357599, 0.477117), (0.728294, 0.022786), (0.725169, 0.018473), (0.740930, 0.022607), (0.637529, 0.022116), (0.742410, 0.018636), (0.742284, 0.020881), (0.636538, 0.018696), (0.470298, 0.764773), (0.470162, 0.788854), (0.464701, 0.767503), (0.468201, 0.745192), (0.470458, 0.741500), (0.464661, 0.787388), (0.470270, 0.803137), (0.464257, 0.803567), (0.469902, 0.809470), (0.464323, 0.816955), (0.470389, 0.815463), (0.464971, 0.736109), (0.465225, 0.729908), (0.470637, 0.729374), (0.470475, 0.724148), (0.465347, 0.719187), (0.470642, 0.718907), (0.465315, 0.717391), (0.470755, 0.717812), (0.465020, 0.722232), (0.466841, 0.816722), (0.466296, 0.817990), (0.470755, 0.816495), (0.465069, 0.818207), (0.466291, 0.822654), (0.174125, 0.177425), (0.176535, 0.176639), (0.174203, 0.150390), (0.176638, 0.138210), (0.174158, 0.132261), (0.174145, 0.216314), (0.176816, 0.208642), (0.176870, 0.216588), (0.176655, 0.123963), (0.173843, 0.123951), (0.178583, 0.178985), (0.178614, 0.135202), (0.178562, 0.124154), (0.178654, 0.203693), (0.178801, 0.211972), (0.178500, 0.217010), (0.179123, 0.124050), (0.179036, 0.160582), (0.179036, 0.202320), (0.532070, 0.993275), (0.530181, 0.989391), (0.548153, 0.989380), (0.549834, 0.993327), (0.563415, 0.992200), (0.510808, 0.993158), (0.509960, 0.989398), (0.566823, 0.993589), (0.565820, 0.989078), (0.567593, 0.990735), (0.494662, 0.992909), (0.481718, 0.992706), (0.582001, 0.989332), (0.581749, 0.993139), (0.590825, 0.993414), (0.591699, 0.989820), (0.606934, 0.993471), (0.606941, 0.991392), (0.607860, 0.989230), (0.620297, 0.993667), (0.620472, 0.989354), (0.634513, 0.993874), (0.635092, 0.989361), (0.649505, 0.993580), (0.654805, 0.989576), (0.660682, 0.989396), (0.660470, 0.993850), (0.464606, 0.993273), (0.451496, 0.993381), (0.414320, 0.993413), (0.403820, 0.993285), (0.394502, 0.989270), (0.666488, 0.993793), (0.388982, 0.993266), (0.386763, 0.988912), (0.383108, 0.991265), (0.671496, 0.991245), (0.677804, 0.991135), (0.677808, 0.989237), (0.671923, 0.993821), (0.675953, 0.993678), (0.680022, 0.993401), (0.679993, 0.991303), (0.380557, 0.988915), (0.386040, 0.995318), (0.377894, 0.995645), (0.378082, 0.990835), (0.376167, 0.991248), (0.375980, 0.995307), (0.679987, 0.989159), (0.680174, 0.994861), (0.009163, 0.699973), (0.009491, 0.722348), (0.011344, 0.704720), (0.013404, 0.724584), (0.013370, 0.703342), (0.013357, 0.732162), (0.009314, 0.734920), (0.013349, 0.741920), (0.011896, 0.693200), (0.013321, 0.753588), (0.009420, 0.754806), (0.009124, 0.771764), (0.013261, 0.772237), (0.013276, 0.779655), (0.009492, 0.799731), (0.013198, 0.800336), (0.013197, 0.809911), (0.009171, 0.683425), (0.013293, 0.687823), (0.009154, 0.673381), (0.011824, 0.670241), (0.008823, 0.661840), (0.013026, 0.657265), (0.012887, 0.644711), (0.013185, 0.672560), (0.008724, 0.643046), (0.012793, 0.637746), (0.011159, 0.630849), (0.011232, 0.626760), (0.009301, 0.813582), (0.009343, 0.832628), (0.010968, 0.858952), (0.013083, 0.856713), (0.013160, 0.826308), (0.008650, 0.857555), (0.008930, 0.868580), (0.012943, 0.869219), (0.009435, 0.877819), (0.012982, 0.879196), (0.013095, 0.885816), (0.012884, 0.625146), (0.008301, 0.626070), (0.008444, 0.622865), (0.011331, 0.620244), (0.013029, 0.614368), (0.011705, 0.615496), (0.012838, 0.610619), (0.012054, 0.892787), (0.006891, 0.891422), (0.012860, 0.630621), (0.006647, 0.612190), (0.013242, 0.893971), (0.006720, 0.895698), (0.587447, 0.083538), (0.555789, 0.085858), (0.551850, 0.083405), (0.588265, 0.087672), (0.544293, 0.087720), (0.542141, 0.086218), (0.598764, 0.083363), (0.598857, 0.085777), (0.597435, 0.088101), (0.599106, 0.087892), (0.541944, 0.088041), (0.585285, 0.088051), (0.546741, 0.088101), (0.350792, 0.070390), (0.377866, 0.071711), (0.335644, 0.072929), (0.298003, 0.070564), (0.437188, 0.070411), (0.434414, 0.071755), (0.469169, 0.071775), (0.498459, 0.070341), (0.262246, 0.071926), (0.251759, 0.070574), (0.380555, 0.342397), (0.423492, 0.343114), (0.349645, 0.344314), (0.424136, 0.341022), (0.342938, 0.341093), (0.339082, 0.344394), (0.335787, 0.340904), (0.422289, 0.344312), (0.377122, 0.344356), (0.444700, 0.344313), (0.473812, 0.342951), (0.479205, 0.344363), (0.480267, 0.341149), (0.343139, 0.339329), (0.375177, 0.001818), (0.418990, 0.001604), (0.403117, 0.004913), (0.373541, 0.004879), (0.366975, 0.003886), (0.418730, 0.004958), (0.430705, 0.004109), (0.427128, 0.000381), (0.439560, 0.000581), (0.438429, 0.004896), (0.446724, 0.004793), (0.443364, 0.000506), (0.366710, 0.000666), (0.358111, 0.000758), (0.356418, 0.003811), (0.353501, 0.000566), (0.352841, 0.001817), (0.351813, 0.004638), (0.416381, 0.000585), (0.386069, 0.000731), (0.446774, 0.000844), (0.351301, 0.002169), (0.367081, 0.004881), (0.350624, 0.001952), (0.347686, 0.004674), (0.450415, 0.004540), (0.348473, 0.002931), (0.345154, 0.003371), (0.343217, 0.004808), (0.452823, 0.004958), (0.455321, 0.004295), (0.343759, 0.003906), (0.351898, 0.000420), (0.608009, 0.582176), (0.607789, 0.555287), (0.604545, 0.575980), (0.604670, 0.591701), (0.607720, 0.540017), (0.604305, 0.552154), (0.608376, 0.595874), (0.604247, 0.539154), (0.609624, 0.555228), (0.609667, 0.581676), (0.609647, 0.600286), (0.604645, 0.597097), (0.608110, 0.601279), (0.609647, 0.545863), (0.609330, 0.535480), (0.607473, 0.535828), (0.605074, 0.535533), (0.603980, 0.535088), (0.604442, 0.601449), (0.608977, 0.601435), (0.123457, 0.022765), (0.083379, 0.022507), (0.106114, 0.018975), (0.124102, 0.018954), (0.146841, 0.018994), (0.149107, 0.023914), (0.149195, 0.021453), (0.082996, 0.018944), (0.058086, 0.022323), (0.056945, 0.018741), (0.053930, 0.023843), (0.064696, 0.024027), (0.122464, 0.024027), (0.053778, 0.018714), (0.149647, 0.022818), (0.150257, 0.020942), (0.150690, 0.023572), (0.148108, 0.018688), (0.149826, 0.018789), (0.686977, 0.257011), (0.689696, 0.285857), (0.686902, 0.278108), (0.686904, 0.290087), (0.690597, 0.289794), (0.688549, 0.292320), (0.686840, 0.208563), (0.686978, 0.202529), (0.690603, 0.202379), (0.690563, 0.200540), (0.686922, 0.291510), (0.687029, 0.293288), (0.539226, 0.028579), (0.502536, 0.030535), (0.499916, 0.028857), (0.479213, 0.029880), (0.507214, 0.026472), (0.477831, 0.026437), (0.463585, 0.027349), (0.453575, 0.030097), (0.437465, 0.030370), (0.431097, 0.027255), (0.418245, 0.027081), (0.398626, 0.030130), (0.396540, 0.027165), (0.382416, 0.026221), (0.370730, 0.027409), (0.357003, 0.028242), (0.461602, 0.026255), (0.419758, 0.026233), (0.538022, 0.030622), (0.563832, 0.030606), (0.578158, 0.028630), (0.591457, 0.030013), (0.579323, 0.026491), (0.594766, 0.027562), (0.608427, 0.027483), (0.606808, 0.030005), (0.609420, 0.026330), (0.624812, 0.028138), (0.618615, 0.030040), (0.625633, 0.029662), (0.633819, 0.026570), (0.640094, 0.027483), (0.650354, 0.028614), (0.350205, 0.028421), (0.653503, 0.030084), (0.653995, 0.026370), (0.715822, 0.338262), (0.715908, 0.365647), (0.715958, 0.381531), (0.714482, 0.326222), (0.714522, 0.379746), (0.714599, 0.361324), (0.097754, 0.694238), (0.090423, 0.694432), (0.094761, 0.693186), (0.110714, 0.694015), (0.116297, 0.691907), (0.116364, 0.694333), (0.069478, 0.694557), (0.077575, 0.690716), (0.058938, 0.694469), (0.049070, 0.691827), (0.058289, 0.691474), (0.115810, 0.690734), (0.051790, 0.694572), (0.045872, 0.690968), (0.048818, 0.694593), (0.119886, 0.690717), (0.119810, 0.693369), (0.120025, 0.695051), (0.064626, 0.690756), (0.044821, 0.691331), (0.124695, 0.690953), (0.106458, 0.690694), (0.740587, 0.993607), (0.776987, 0.993456), (0.773734, 0.991768), (0.802976, 0.993626), (0.798370, 0.991188), (0.788513, 0.994155), (0.738161, 0.990162), (0.727145, 0.993556), (0.813130, 0.994279), (0.721293, 0.993632), (0.770721, 0.994217), (0.738751, 0.994270), (0.719724, 0.994279), (0.720624, 0.991919), (0.719737, 0.992779), (0.716098, 0.993169), (0.716084, 0.993622), (0.725547, 0.612046), (0.727588, 0.635696), (0.727703, 0.610675), (0.727746, 0.581590), (0.725570, 0.579973), (0.723260, 0.630526), (0.723372, 0.610742), (0.723575, 0.582224), (0.721794, 0.635629), (0.727630, 0.640385), (0.723369, 0.576991), (0.723854, 0.573325), (0.728223, 0.574351), (0.723069, 0.638482), (0.723802, 0.640210), (0.721110, 0.636577), (0.728188, 0.616896), (0.728203, 0.633258), (0.728223, 0.641114), (0.728270, 0.587751), (0.722044, 0.633109), (0.726238, 0.573227), (0.720959, 0.638069), (0.722646, 0.640423), (0.721326, 0.640336), (0.543913, 0.373862), (0.542289, 0.377075), (0.544190, 0.416462), (0.541824, 0.413597), (0.541971, 0.423458), (0.542424, 0.355980), (0.544435, 0.355503), (0.541748, 0.382804), (0.542011, 0.355205), (0.541430, 0.420046), (0.542050, 0.432113), (0.542288, 0.424808), (0.457392, 0.810219), (0.455978, 0.828381), (0.457247, 0.829620), (0.455807, 0.847873), (0.456838, 0.850109), (0.455393, 0.853262), (0.456075, 0.805281), (0.457459, 0.792716), (0.456289, 0.780468), (0.456284, 0.791341), (0.457789, 0.775984), (0.456246, 0.776799), (0.456226, 0.771934), (0.461698, 0.780517), (0.460054, 0.808061), (0.459606, 0.834824), (0.461498, 0.832386), (0.461820, 0.809121), (0.461614, 0.772111), (0.460979, 0.854373), (0.455182, 0.856525), (0.459665, 0.855654), (0.455211, 0.858611), (0.460634, 0.859684), (0.461598, 0.770995), (0.456157, 0.770786), (0.456928, 0.861935), (0.454433, 0.860913), (0.460416, 0.862271), (0.454651, 0.855309), (0.454112, 0.859726), (0.453243, 0.853058), (0.455583, 0.778051), (0.452613, 0.850931), (0.451364, 0.852054), (0.450883, 0.849853), (0.452416, 0.846993), (0.452215, 0.837526), (0.450010, 0.834906), (0.450453, 0.830116), (0.450757, 0.809290), (0.452148, 0.786735), (0.450850, 0.793079), (0.449461, 0.851294), (0.449201, 0.835579), (0.448822, 0.845668), (0.452348, 0.822744), (0.452380, 0.806017), (0.452867, 0.788341), (0.453698, 0.782310), (0.452328, 0.780852), (0.451099, 0.784640), (0.454055, 0.780409), (0.455274, 0.780794), (0.453889, 0.851289), (0.454001, 0.806210), (0.453991, 0.837216), (0.822707, 0.727313), (0.822007, 0.728332), (0.823331, 0.731755), (0.822024, 0.732692), (0.823192, 0.735413), (0.821595, 0.736177), (0.822816, 0.738099), (0.821106, 0.738794), (0.823099, 0.740499), (0.820666, 0.742043), (0.822463, 0.744246), (0.820560, 0.747898), (0.822283, 0.748152), (0.822328, 0.751836), (0.820045, 0.749411), (0.819876, 0.753083), (0.822096, 0.755003), (0.821507, 0.757299), (0.818912, 0.758883), (0.821119, 0.760615), (0.818756, 0.762200), (0.820933, 0.763912), (0.821305, 0.766695), (0.821209, 0.770557), (0.818352, 0.766344), (0.818175, 0.769882), (0.817832, 0.773742), (0.820785, 0.774257), (0.820337, 0.778059), (0.817862, 0.777856), (0.819696, 0.783091), (0.817025, 0.781171), (0.816727, 0.784590), (0.818955, 0.784657), (0.815890, 0.787030), (0.818950, 0.787540), (0.818554, 0.790961), (0.815322, 0.790517), (0.817806, 0.792399), (0.817133, 0.793931), (0.814624, 0.792758), (0.817848, 0.795522), (0.822095, 0.802160), (0.820238, 0.781395), (0.813903, 0.793902), (0.818800, 0.802900), (0.812502, 0.800052), (0.809610, 0.795603), (0.814692, 0.804407), (0.808048, 0.799647), (0.813060, 0.810766), (0.819209, 0.795490), (0.820702, 0.808074), (0.821961, 0.805247), (0.820279, 0.810088), (0.824074, 0.806917), (0.819330, 0.755101), (0.824127, 0.726545), (0.808583, 0.795306), (0.813606, 0.793490), (0.805728, 0.795260), (0.820071, 0.743978), (0.494249, 0.894803), (0.494318, 0.903340), (0.494129, 0.883970), (0.494147, 0.876320), (0.494268, 0.916764), (0.494307, 0.927837), (0.494089, 0.936274), (0.496786, 0.875018), (0.493050, 0.875292), (0.493467, 0.873502), (0.492593, 0.925231), (0.492567, 0.907623), (0.492424, 0.896582), (0.492497, 0.935764), (0.491877, 0.879254), (0.492307, 0.876084), (0.492227, 0.887258), (0.492710, 0.938367), (0.496535, 0.872453), (0.494173, 0.872065), (0.494107, 0.870518), (0.493070, 0.870065), (0.443437, 0.239919), (0.468366, 0.238975), (0.466946, 0.239881), (0.451680, 0.238953), (0.436665, 0.239106), (0.477571, 0.239790), (0.479165, 0.239095), (0.422897, 0.239981), (0.419976, 0.239276), (0.414688, 0.239993), (0.412998, 0.238646), (0.478453, 0.236655), (0.486681, 0.237029), (0.468335, 0.236505), (0.491282, 0.238997), (0.428171, 0.236914), (0.445399, 0.236589), (0.493578, 0.236876), (0.419141, 0.235254), (0.496408, 0.240669), (0.499793, 0.235408), (0.443874, 0.234554), (0.465559, 0.234573), (0.498002, 0.240729), (0.410892, 0.235175), (0.486208, 0.235124), (0.412649, 0.240095), (0.406013, 0.235368), (0.404703, 0.239962), (0.500297, 0.240956), (0.502172, 0.235557), (0.502317, 0.234940), (0.404100, 0.239187), (0.404643, 0.236692), (0.404648, 0.235324), (0.402518, 0.240232), (0.483199, 0.234723), (0.485237, 0.239807), (0.492734, 0.239900), (0.490350, 0.240541), (0.493827, 0.241371), (0.496073, 0.241347), (0.493801, 0.242064), (0.492713, 0.242542), (0.490047, 0.241964), (0.489693, 0.242776), (0.490402, 0.244229), (0.479572, 0.243061), (0.469290, 0.245029), (0.470711, 0.243261), (0.444701, 0.243332), (0.418143, 0.244306), (0.422576, 0.243337), (0.414598, 0.242984), (0.414405, 0.243811), (0.415241, 0.245233), (0.484853, 0.245233), (0.483064, 0.241327), (0.425813, 0.245229), (0.443372, 0.244954), (0.455417, 0.245070), (0.490265, 0.245000), (0.413320, 0.241638), (0.411421, 0.240835), (0.412813, 0.242448), (0.477985, 0.241205), (0.469034, 0.241467), (0.422696, 0.241555), (0.444482, 0.241638), (0.368388, 0.975267), (0.349484, 0.973807), (0.401210, 0.974524), (0.347365, 0.975015), (0.401919, 0.975717), (0.430635, 0.976448), (0.421413, 0.974865), (0.435153, 0.975217), (0.443176, 0.976503), (0.343524, 0.973687), (0.342067, 0.975119), (0.341362, 0.973482), (0.337625, 0.974500), (0.340991, 0.972186), (0.334713, 0.972926), (0.334753, 0.974698), (0.335269, 0.975909), (0.332760, 0.974643), (0.332656, 0.973384), (0.332696, 0.976735), (0.418348, 0.973362), (0.397486, 0.973159), (0.368897, 0.972657), (0.446572, 0.974208), (0.346266, 0.972437), (0.435325, 0.973992), (0.343291, 0.972365), (0.638481, 0.591512), (0.638420, 0.575881), (0.638422, 0.551893), (0.638529, 0.619886), (0.638520, 0.536408), (0.638512, 0.527891), (0.639724, 0.528372), (0.639700, 0.539027), (0.639565, 0.565351), (0.639610, 0.621132), (0.639554, 0.609147), (0.639689, 0.589501), (0.639560, 0.575622), (0.013038, 0.150239), (0.008741, 0.156663), (0.014590, 0.156885), (0.015656, 0.147807), (0.017842, 0.156841), (0.017999, 0.151653), (0.008982, 0.150880), (0.012631, 0.148146), (0.011238, 0.148953), (0.014678, 0.159039), (0.008901, 0.158190), (0.017947, 0.147710), (0.007433, 0.158540), (0.007866, 0.149602), (0.007130, 0.153879), (0.006905, 0.156315), (0.017361, 0.158523), (0.019090, 0.158326), (0.019090, 0.147597), (0.596719, 0.342105), (0.599919, 0.341612), (0.598552, 0.341342), (0.595045, 0.341612), (0.672159, 0.632560), (0.657059, 0.632816), (0.636688, 0.633019), (0.623265, 0.633145), (0.617215, 0.633202), (0.681793, 0.632457), (0.685026, 0.633956), (0.685643, 0.634969), (0.686839, 0.633393), (0.688113, 0.633490), (0.688427, 0.631244), (0.684973, 0.630781), (0.683293, 0.631411), (0.688465, 0.629672), (0.685406, 0.629736), (0.691336, 0.380777), (0.691122, 0.377412), (0.693307, 0.377225), (0.694796, 0.386539), (0.688408, 0.377193), (0.672289, 0.374991), (0.672146, 0.369888), (0.669699, 0.373444), (0.669755, 0.368385), (0.671881, 0.368775), (0.667414, 0.380047), (0.667276, 0.374283), (0.667127, 0.368040), (0.666531, 0.376068), (0.280975, 0.025577), (0.287241, 0.026487), (0.304790, 0.025593), (0.305400, 0.026527), (0.262338, 0.026560), (0.260911, 0.025553), (0.244534, 0.026677), (0.243608, 0.025694), (0.235427, 0.026640), (0.318659, 0.026558), (0.232837, 0.025670), (0.232738, 0.027557), (0.323307, 0.025872), (0.331978, 0.026978), (0.317517, 0.027776), (0.331608, 0.027841), (0.242662, 0.027833), (0.302227, 0.027672), (0.272513, 0.027647), (0.335880, 0.027833), (0.286177, 0.027650), (0.334841, 0.026503), (0.335906, 0.026296), (0.332479, 0.026121), (0.125071, 0.257805), (0.129162, 0.256605), (0.153037, 0.257956), (0.162902, 0.256827), (0.178113, 0.258125), (0.105694, 0.256439), (0.183273, 0.256880), (0.190477, 0.258200), (0.191585, 0.256938), (0.195370, 0.257995), (0.108873, 0.257677), (0.092525, 0.257745), (0.091797, 0.256376), (0.087788, 0.257796), (0.085808, 0.256536), (0.085134, 0.258185), (0.082888, 0.256685), (0.081787, 0.258200), (0.081641, 0.255403), (0.194821, 0.256083), (0.088605, 0.255216), (0.190304, 0.255709), (0.149948, 0.255513), (0.130299, 0.255455), (0.164785, 0.255741), (0.182248, 0.255587), (0.103299, 0.255149), (0.105278, 0.055421), (0.131349, 0.054991), (0.147766, 0.055094), (0.083253, 0.055779), (0.051571, 0.056524), (0.149995, 0.054757), (0.151368, 0.054793), (0.153166, 0.055092), (0.155121, 0.055734), (0.156505, 0.056614), (0.333212, 0.060635), (0.346025, 0.060408), (0.344957, 0.056973), (0.353908, 0.060446), (0.347125, 0.054364), (0.347306, 0.051044), (0.354091, 0.052790), (0.359529, 0.051198), (0.342223, 0.056231), (0.341012, 0.054776), (0.336684, 0.051338), (0.335993, 0.054752), (0.329163, 0.053032), (0.331417, 0.056013), (0.335079, 0.055869), (0.339167, 0.056446), (0.333463, 0.056902), (0.335907, 0.056402), (0.324718, 0.054462), (0.326208, 0.051380), (0.323704, 0.053186), (0.311431, 0.054394), (0.313690, 0.052883), (0.305363, 0.051172), (0.302591, 0.052844), (0.299542, 0.054370), (0.291989, 0.052850), (0.286497, 0.054296), (0.274736, 0.052736), (0.274134, 0.054235), (0.265549, 0.054180), (0.262744, 0.052696), (0.260857, 0.053930), (0.259628, 0.052964), (0.260440, 0.050977), (0.276995, 0.050973), (0.267179, 0.050982), (0.257616, 0.053232), (0.336906, 0.050819), (0.348939, 0.050685), (0.360126, 0.050560), (0.258218, 0.050992), (0.313966, 0.050703), (0.284344, 0.050021), (0.295057, 0.050156), (0.258140, 0.050259), (0.269475, 0.049962), (0.362768, 0.051637), (0.309031, 0.056749), (0.322203, 0.058596), (0.308333, 0.058640), (0.322248, 0.056829), (0.329408, 0.056264), (0.300734, 0.058550), (0.299510, 0.056860), (0.277887, 0.058584), (0.275676, 0.056867), (0.269065, 0.056783), (0.269254, 0.058536), (0.259847, 0.058407), (0.259872, 0.056381), (0.258127, 0.055424), (0.257901, 0.058077), (0.257897, 0.060109), (0.324906, 0.055688), (0.309096, 0.055770), (0.299912, 0.056003), (0.273696, 0.055664), (0.260572, 0.055435), (0.257143, 0.059972), (0.305242, 0.060905), (0.286782, 0.060997), (0.321708, 0.060882), (0.332769, 0.057160), (0.095891, 0.032418), (0.096661, 0.035835), (0.087629, 0.033840), (0.089906, 0.036179), (0.088915, 0.032786), (0.085899, 0.036232), (0.085703, 0.033325), (0.097569, 0.034660), (0.097395, 0.032984), (0.098516, 0.036232), (0.098700, 0.033434), (0.403102, 0.887641), (0.439856, 0.888136), (0.429307, 0.887511), (0.459112, 0.887490), (0.462042, 0.888253), (0.473570, 0.888245), (0.403099, 0.888206), (0.384490, 0.888245), (0.388316, 0.887890), (0.378404, 0.888114), (0.386743, 0.887584), (0.371649, 0.887921), (0.372627, 0.887527), (0.101498, 0.139417), (0.114959, 0.139455), (0.133708, 0.139488), (0.077425, 0.139333), (0.152205, 0.139803), (0.058117, 0.139130), (0.047994, 0.138943), (0.681962, 0.363158), (0.685407, 0.366749), (0.681244, 0.369776), (0.680171, 0.366243), (0.685425, 0.364003), (0.685033, 0.362299), (0.682452, 0.362163), (0.686792, 0.368660), (0.686592, 0.364310), (0.679529, 0.367418), (0.680211, 0.364572), (0.686840, 0.361175), (0.680864, 0.371091), (0.686840, 0.369640), (0.181638, 0.361969), (0.183852, 0.362319), (0.181284, 0.362643), (0.176574, 0.360931), (0.179051, 0.364226), (0.173916, 0.360868), (0.173845, 0.357497), (0.179575, 0.359100), (0.182840, 0.360397), (0.173373, 0.363106), (0.172624, 0.361357), (0.185277, 0.362782), (0.184725, 0.361062), (0.186441, 0.361586), (0.187329, 0.363032), (0.186789, 0.364133), (0.188058, 0.362002), (0.173378, 0.364133), (0.176507, 0.357361), (0.574587, 0.034080), (0.577472, 0.041122), (0.578027, 0.033707), (0.572906, 0.036301), (0.573464, 0.041246), (0.573409, 0.033127), (0.572299, 0.039553), (0.512185, 0.953829), (0.510789, 0.962961), (0.510028, 0.946951), (0.512155, 0.947522), (0.512155, 0.963454), (0.511856, 0.945461), (0.510269, 0.945461), (0.511277, 0.965294), (0.508936, 0.947665), (0.289729, 0.486248), (0.292243, 0.489859), (0.293076, 0.483911), (0.293547, 0.485214), (0.289793, 0.483811), (0.291034, 0.482720), (0.292150, 0.480931), (0.289602, 0.489387), (0.290012, 0.481746), (0.293664, 0.490733), (0.289718, 0.491186), (0.291254, 0.491770), (0.293547, 0.492372), (0.530508, 0.238739), (0.528593, 0.238333), (0.528051, 0.242856), (0.530105, 0.244478), (0.527272, 0.246282), (0.532371, 0.241716), (0.532494, 0.246330), (0.532460, 0.237645), (0.530978, 0.237421), (0.528361, 0.235925), (0.529020, 0.233639), (0.526324, 0.234297), (0.528261, 0.232750), (0.530301, 0.234201), (0.526688, 0.232265), (0.526737, 0.242712), (0.526383, 0.237222), (0.526433, 0.237938), (0.371107, 0.584065), (0.373588, 0.582107), (0.371374, 0.581449), (0.373654, 0.584721), (0.369212, 0.579807), (0.370628, 0.577286), (0.375469, 0.578224), (0.375089, 0.581872), (0.370111, 0.576278), (0.375711, 0.577289), (0.373500, 0.585746), (0.372068, 0.585446), (0.369737, 0.582743), (0.375688, 0.585153), (0.375568, 0.583003), (0.375711, 0.586194), (0.653983, 0.344607), (0.662336, 0.344885), (0.653086, 0.345157), (0.651001, 0.342345), (0.659840, 0.342850), (0.662109, 0.342105), (0.663282, 0.343411), (0.154096, 0.121780), (0.155238, 0.122997), (0.157424, 0.121788), (0.155355, 0.124933), (0.155844, 0.115797), (0.157320, 0.126696), (0.155521, 0.126448), (0.153757, 0.126614), (0.153128, 0.127765), (0.153590, 0.122761), (0.155541, 0.127521), (0.396001, 0.467546), (0.358476, 0.467963), (0.388832, 0.467005), (0.358761, 0.467304), (0.348630, 0.467495), (0.354882, 0.466699), (0.380508, 0.466707), (0.416312, 0.466703), (0.344932, 0.466514), (0.340705, 0.466906), (0.341535, 0.467781), (0.333786, 0.467705), (0.416756, 0.467118), (0.417214, 0.467940), (0.418806, 0.466663), (0.421232, 0.466438), (0.422015, 0.467819), (0.327036, 0.466934), (0.326970, 0.467940), (0.037115, 0.061072), (0.512629, 0.071934), (0.508515, 0.072528), (0.508854, 0.067929), (0.510535, 0.067506), (0.513503, 0.069797), (0.505686, 0.068833), (0.505715, 0.072548), (0.509307, 0.073608), (0.513810, 0.068487), (0.505827, 0.073608), (0.394762, 0.217557), (0.391836, 0.214025), (0.394971, 0.213848), (0.389767, 0.217714), (0.388708, 0.216784), (0.394064, 0.219059), (0.390258, 0.212433), (0.396019, 0.212698), (0.396019, 0.216405), (0.662086, 0.563463), (0.661895, 0.566847), (0.665034, 0.563790), (0.664977, 0.566944), (0.662286, 0.568673), (0.660344, 0.567859), (0.664630, 0.569325), (0.663390, 0.557393), (0.660290, 0.562583), (0.665467, 0.557617), (0.660512, 0.569250), (0.659220, 0.564941), (0.659292, 0.566746), (0.659439, 0.563238), (0.661587, 0.569797), (0.664175, 0.571147), (0.666531, 0.569134), (0.665977, 0.571771), (0.662085, 0.571652), (0.662997, 0.573227), (0.665262, 0.573045), (0.446274, 0.894585), (0.445481, 0.897291), (0.447330, 0.897407), (0.439886, 0.894843), (0.439935, 0.897179), (0.446990, 0.894355), (0.450244, 0.897129), (0.452884, 0.894433), (0.452746, 0.897179), (0.973846, 0.435173), (0.974810, 0.436387), (0.974584, 0.434796), (0.974041, 0.437149), (0.974923, 0.438887), (0.973932, 0.438917), (0.975106, 0.432316), (0.976206, 0.433829), (0.976165, 0.434764), (0.976666, 0.431179), (0.975269, 0.430608), (0.976416, 0.430030), (0.975157, 0.428881), (0.976163, 0.427848), (0.974021, 0.427606), (0.975366, 0.425708), (0.974080, 0.425562), (0.976848, 0.425796), (0.973640, 0.431499), (0.974845, 0.424376), (0.976371, 0.423443), (0.973200, 0.424469), (0.974195, 0.440400), (0.975799, 0.441769), (0.973438, 0.432580), (0.974095, 0.441844), (0.974586, 0.443436), (0.976205, 0.444393), (0.974260, 0.422717), (0.973576, 0.428764), (0.972786, 0.423200), (0.974570, 0.444824), (0.976171, 0.447368), (0.973461, 0.419152), (0.974884, 0.418657), (0.976362, 0.419196), (0.976666, 0.417620), (0.062562, 0.077152), (0.061598, 0.078020), (0.059831, 0.076506), (0.058309, 0.076822), (0.064837, 0.077708), (0.066695, 0.079168), (0.053849, 0.074964), (0.055524, 0.074408), (0.052256, 0.072628), (0.051734, 0.073421), (0.049413, 0.071419), (0.045374, 0.071438), (0.046461, 0.070465), (0.042968, 0.070164), (0.044897, 0.069364), (0.044137, 0.067506), (0.051514, 0.074218), (0.048415, 0.073078), (0.043426, 0.071962), (0.040482, 0.070941), (0.040676, 0.073633), (0.039037, 0.075364), (0.037923, 0.072190), (0.037187, 0.077118), (0.064666, 0.079331), (0.045063, 0.072402), (0.067019, 0.080473), (0.311696, 0.435752), (0.313291, 0.437068), (0.308679, 0.436004), (0.314930, 0.435970), (0.309330, 0.437187), (0.305048, 0.436275), (0.317298, 0.437165), (0.318928, 0.435943), (0.305251, 0.437243), (0.299875, 0.436572), (0.321156, 0.437179), (0.301445, 0.437398), (0.297440, 0.437607), (0.294997, 0.436764), (0.294234, 0.437871), (0.290888, 0.437716), (0.322911, 0.435971), (0.325371, 0.437342), (0.327134, 0.436053), (0.329301, 0.437423), (0.330221, 0.436451), (0.333331, 0.437711), (0.332609, 0.436365), (0.337495, 0.437102), (0.289745, 0.436793), (0.286477, 0.437156), (0.287141, 0.438092), (0.282768, 0.437537), (0.283175, 0.438570), (0.280669, 0.438223), (0.278737, 0.437247), (0.277654, 0.438562), (0.276253, 0.437738), (0.273919, 0.438571), (0.271641, 0.437289), (0.336265, 0.438609), (0.340011, 0.438726), (0.340632, 0.437744), (0.344127, 0.438968), (0.342970, 0.437344), (0.345535, 0.437797), (0.348044, 0.439451), (0.349455, 0.438199), (0.352002, 0.439844), (0.339755, 0.436694), (0.352479, 0.438922), (0.354836, 0.438812), (0.355786, 0.440345), (0.351646, 0.437911), (0.359577, 0.440724), (0.356889, 0.438755), (0.360422, 0.439823), (0.361206, 0.439324), (0.363442, 0.441400), (0.364251, 0.440334), (0.367587, 0.442029), (0.365807, 0.440185), (0.269666, 0.438295), (0.270103, 0.439243), (0.266192, 0.438849), (0.266546, 0.439820), (0.262379, 0.439414), (0.263141, 0.440364), (0.260189, 0.440398), (0.257615, 0.439688), (0.256496, 0.440854), (0.253137, 0.439850), (0.251558, 0.440389), (0.254170, 0.441493), (0.250478, 0.441271), (0.247990, 0.440322), (0.247558, 0.441738), (0.246433, 0.440873), (0.244971, 0.441901), (0.242930, 0.441739), (0.240455, 0.440507), (0.240323, 0.441842), (0.238812, 0.441526), (0.238928, 0.439450), (0.236950, 0.439489), (0.237568, 0.442029), (0.235558, 0.440447), (0.235083, 0.437704), (0.233697, 0.439088), (0.232018, 0.437117), (0.232142, 0.439341), (0.243686, 0.439736), (0.231482, 0.438652), (0.234873, 0.435021), (0.237939, 0.438017), (0.281733, 0.436562), (0.236692, 0.436565), (0.236819, 0.434971), (0.241104, 0.439223), (0.242549, 0.439080), (0.262236, 0.438469), (0.260472, 0.438154), (0.275427, 0.436712), (0.249756, 0.439451), (0.252280, 0.438593), (0.268691, 0.437074), (0.265338, 0.437713), (0.286508, 0.436123), (0.255969, 0.438967), (0.258651, 0.438018), (0.254354, 0.438605), (0.247993, 0.439163), (0.246221, 0.438967), (0.239062, 0.437729), (0.279476, 0.436067), (0.233935, 0.440561), (0.182995, 0.531498), (0.185719, 0.532935), (0.185749, 0.531445), (0.182707, 0.533545), (0.184845, 0.533716), (0.183136, 0.529297), (0.182485, 0.535661), (0.184675, 0.535814), (0.184808, 0.538432), (0.185557, 0.536804), (0.182205, 0.537857), (0.185840, 0.526697), (0.183075, 0.527299), (0.182903, 0.538902), (0.960845, 0.011103), (0.957111, 0.015681), (0.960253, 0.015869), (0.959088, 0.011074), (0.962893, 0.016176), (0.962644, 0.011540), (0.959638, 0.017174), (0.957516, 0.017023), (0.958662, 0.019522), (0.957019, 0.019623), (0.957083, 0.022383), (0.959265, 0.022838), (0.961352, 0.019509), (0.962370, 0.020401), (0.960942, 0.023265), (0.957488, 0.012781), (0.961440, 0.010420), (0.956695, 0.011793), (0.956539, 0.016709), (0.512182, 0.213297), (0.509872, 0.215361), (0.510617, 0.213196), (0.512111, 0.215074), (0.516680, 0.214007), (0.510571, 0.217151), (0.513807, 0.217773), (0.506263, 0.217583), (0.515847, 0.217726), (0.509183, 0.213962), (0.244472, 0.323529), (0.239494, 0.321280), (0.243736, 0.320148), (0.240002, 0.322688), (0.245243, 0.322140), (0.246487, 0.320115), (0.237188, 0.323651), (0.234899, 0.321341), (0.237356, 0.319985), (0.233163, 0.320009), (0.240895, 0.323799), (0.231925, 0.320269), (0.241584, 0.320309), (0.235302, 0.323491), (0.247360, 0.321888), (0.246301, 0.323491), (0.170583, 0.024931), (0.177479, 0.023850), (0.179017, 0.024861), (0.164545, 0.023678), (0.156925, 0.024706), (0.155687, 0.022713), (0.168543, 0.022502), (0.177653, 0.022815), (0.155565, 0.023519), (0.180566, 0.023704), (0.180424, 0.022647), (0.182866, 0.023664), (0.181435, 0.022889), (0.185842, 0.022619), (0.186052, 0.023705), (0.183338, 0.025417), (0.185431, 0.025553), (0.188540, 0.024930), (0.187065, 0.022838), (0.191232, 0.023906), (0.191467, 0.025527), (0.193051, 0.024548), (0.192171, 0.022839), (0.161131, 0.025527), (0.195370, 0.023351), (0.124588, 0.292578), (0.123883, 0.297101), (0.415893, 0.489233), (0.413079, 0.495357), (0.416526, 0.493906), (0.413241, 0.489668), (0.413596, 0.499237), (0.417141, 0.497580), (0.417066, 0.499065), (0.415225, 0.488384), (0.413822, 0.488232), (0.417066, 0.487796), (0.110073, 0.389346), (0.107742, 0.387355), (0.106546, 0.389190), (0.106321, 0.387346), (0.105328, 0.385656), (0.106952, 0.385584), (0.104932, 0.387221), (0.105543, 0.390955), (0.108096, 0.394296), (0.109677, 0.390466), (0.109891, 0.393774), (0.106085, 0.397788), (0.110073, 0.396982), (0.108269, 0.397112), (0.104387, 0.394875), (0.115282, 0.515088), (0.114591, 0.511842), (0.115305, 0.518645), (0.114404, 0.508155), (0.115175, 0.505185), (0.115138, 0.501553), (0.115151, 0.497835), (0.115228, 0.494007), (0.115273, 0.490324), (0.115280, 0.486608), (0.115270, 0.482835), (0.115266, 0.479026), (0.115264, 0.475494), (0.114182, 0.504148), (0.114135, 0.500598), (0.081993, 0.115871), (0.082004, 0.117195), (0.084508, 0.115673), (0.079460, 0.116923), (0.079920, 0.115103), (0.082015, 0.114372), (0.083487, 0.114335), (0.081182, 0.112633), (0.080636, 0.113964), (0.082950, 0.111747), (0.080870, 0.111871), (0.082480, 0.118308), (0.079722, 0.118890), (0.081588, 0.118847), (0.080241, 0.123259), (0.083005, 0.122733), (0.082283, 0.124312), (0.078622, 0.121600), (0.078392, 0.119626), (0.126719, 0.311494), (0.124754, 0.313623), (0.124686, 0.312614), (0.127829, 0.312463), (0.127788, 0.314106), (0.127770, 0.315408), (0.128978, 0.310391), (0.127213, 0.309729), (0.125196, 0.310915), (0.131991, 0.313995), (0.123924, 0.312274), (0.122258, 0.313987), (0.124512, 0.315374), (0.125598, 0.309306), (0.060299, 0.148713), (0.060803, 0.150064), (0.058865, 0.148804), (0.057999, 0.149791), (0.058308, 0.151357), (0.056664, 0.151316), (0.062134, 0.149137), (0.064657, 0.150527), (0.065495, 0.149460), (0.066880, 0.151205), (0.063354, 0.148354), (0.068645, 0.150817), (0.056651, 0.147547), (0.071319, 0.150096), (0.071137, 0.151411), (0.075142, 0.151357), (0.065958, 0.148515), (0.062051, 0.147954), (0.059239, 0.146971), (0.053001, 0.151095), (0.058902, 0.145838), (0.537966, 0.233253), (0.539022, 0.235469), (0.539354, 0.230688), (0.538422, 0.226456), (0.537546, 0.240325), (0.538226, 0.243392), (0.537034, 0.245561), (0.537836, 0.247279), (0.539995, 0.228100), (0.539123, 0.222611), (0.540470, 0.224650), (0.539484, 0.218861), (0.538800, 0.247903), (0.539262, 0.249146), (0.539275, 0.252421), (0.537483, 0.250373), (0.538599, 0.255385), (0.537212, 0.253631), (0.537257, 0.259325), (0.538568, 0.263130), (0.537431, 0.265886), (0.538394, 0.268978), (0.537452, 0.274166), (0.538477, 0.277762), (0.537367, 0.280640), (0.538642, 0.282816), (0.537826, 0.285360), (0.538921, 0.286574), (0.538396, 0.288708), (0.539710, 0.289516), (0.539026, 0.290223), (0.538198, 0.292108), (0.539079, 0.294631), (0.539296, 0.265067), (0.539681, 0.241318), (0.539041, 0.243889), (0.539536, 0.245406), (0.539982, 0.237222), (0.540203, 0.233269), (0.541252, 0.221330), (0.540358, 0.294276), (0.540186, 0.296610), (0.539159, 0.297509), (0.538669, 0.296309), (0.541180, 0.297570), (0.540282, 0.299963), (0.538792, 0.299446), (0.539402, 0.300822), (0.539655, 0.302779), (0.539342, 0.279667), (0.539476, 0.283220), (0.540087, 0.281058), (0.540616, 0.229298), (0.539681, 0.262361), (0.539339, 0.257700), (0.539881, 0.259328), (0.539711, 0.270101), (0.539572, 0.273543), (0.539312, 0.276359), (0.540467, 0.291175), (0.541430, 0.300974), (0.540195, 0.285851), (0.540138, 0.277302), (0.540111, 0.266617), (0.540577, 0.220059), (0.539538, 0.214718), (0.541430, 0.217282), (0.540759, 0.216119), (0.539735, 0.211262), (0.541199, 0.212897), (0.540474, 0.207857), (0.541288, 0.209226), (0.537346, 0.301564), (0.536588, 0.306012), (0.537965, 0.296730), (0.537477, 0.292871), (0.536650, 0.248863), (0.535743, 0.245244), (0.536808, 0.300640), (0.536099, 0.305267), (0.536666, 0.252434), (0.536793, 0.307780), (0.537974, 0.306899), (0.537328, 0.288918), (0.536762, 0.275249), (0.536741, 0.271274), (0.537124, 0.284472), (0.536646, 0.286900), (0.536599, 0.260129), (0.536633, 0.263809), (0.536687, 0.267451), (0.535996, 0.269985), (0.535884, 0.255192), (0.536584, 0.256490), (0.537317, 0.295865), (0.541303, 0.300074), (0.795530, 0.696459), (0.800106, 0.695949), (0.796148, 0.697262), (0.801111, 0.697534), (0.804417, 0.696456), (0.804745, 0.697582), (0.806107, 0.695913), (0.790719, 0.697004), (0.807374, 0.697440), (0.810753, 0.696431), (0.810954, 0.697612), (0.815636, 0.696254), (0.814791, 0.698148), (0.817563, 0.697475), (0.791352, 0.695568), (0.788342, 0.695806), (0.786986, 0.696731), (0.818946, 0.695761), (0.794656, 0.695658), (0.822128, 0.697381), (0.784535, 0.695959), (0.783837, 0.696745), (0.783524, 0.698189), (0.780734, 0.697855), (0.788054, 0.697713), (0.824113, 0.695918), (0.813419, 0.695682), (0.809262, 0.695615), (0.802146, 0.695694), (0.825079, 0.696658), (0.825079, 0.697985), (0.826509, 0.697450), (0.780014, 0.696392), (0.778114, 0.697379), (0.776158, 0.698245), (0.773977, 0.697548), (0.770652, 0.697285), (0.770133, 0.698591), (0.765995, 0.698141), (0.767566, 0.699085), (0.762272, 0.699019), (0.781941, 0.696104), (0.805536, 0.695271), (0.765458, 0.696857), (0.761698, 0.698383), (0.754888, 0.698973), (0.763613, 0.697648), (0.759876, 0.697710), (0.753600, 0.698206), (0.775725, 0.698920), (0.754969, 0.696785), (0.752165, 0.697205), (0.749391, 0.697950), (0.819827, 0.698445), (0.773840, 0.696485), (0.828190, 0.696745), (0.828267, 0.697807), (0.829612, 0.695537), (0.829813, 0.697542), (0.828373, 0.699085), (0.806213, 0.698384), (0.010154, 0.945730), (0.011550, 0.949269), (0.013893, 0.945237), (0.015841, 0.948307), (0.014478, 0.950528), (0.011782, 0.951564), (0.015806, 0.945758), (0.011016, 0.949519), (0.015003, 0.944093), (0.504367, 0.429062), (0.514461, 0.427915), (0.516869, 0.429062), (0.504276, 0.427706), (0.518066, 0.427536), (0.519496, 0.428374), (0.503249, 0.428274), (0.077524, 0.879653), (0.078110, 0.874455), (0.077784, 0.872677), (0.077622, 0.871648), (0.263911, 0.477354), (0.263024, 0.484425), (0.265232, 0.476319), (0.265115, 0.470476), (0.265232, 0.482888), (0.264122, 0.485361), (0.263769, 0.470252), (0.262693, 0.486270), (0.084807, 0.480688), (0.085062, 0.486370), (0.086498, 0.480519), (0.087132, 0.479899), (0.085000, 0.477685), (0.086566, 0.483970), (0.086688, 0.488358), (0.084343, 0.489132), (0.084546, 0.491651), (0.084078, 0.480973), (0.087429, 0.477682), (0.087926, 0.480554), (0.088187, 0.483573), (0.087253, 0.491376), (0.084900, 0.502347), (0.087305, 0.503198), (0.085211, 0.518664), (0.087495, 0.522889), (0.086009, 0.530295), (0.087493, 0.531079), (0.087848, 0.540779), (0.086638, 0.542377), (0.088120, 0.490163), (0.085133, 0.530599), (0.087093, 0.545022), (0.087579, 0.479365), (0.089240, 0.536395), (0.089130, 0.523350), (0.089011, 0.494520), (0.088927, 0.490823), (0.088327, 0.475434), (0.090577, 0.474669), (0.089115, 0.480048), (0.088107, 0.477297), (0.089639, 0.483760), (0.531540, 0.638791), (0.530691, 0.639850), (0.527976, 0.639059), (0.536316, 0.640365), (0.532113, 0.640567), (0.535854, 0.638766), (0.540735, 0.639682), (0.527379, 0.640160), (0.540956, 0.638685), (0.545084, 0.639814), (0.545357, 0.638741), (0.549518, 0.638537), (0.548844, 0.639827), (0.551178, 0.639964), (0.541441, 0.640570), (0.526845, 0.638528), (0.523863, 0.639878), (0.523217, 0.638751), (0.520302, 0.639181), (0.522559, 0.641008), (0.518477, 0.640986), (0.516343, 0.640103), (0.519142, 0.638511), (0.513485, 0.639176), (0.511796, 0.641114), (0.548050, 0.640910), (0.522341, 0.637588), (0.516536, 0.637300), (0.513052, 0.637998), (0.528629, 0.637611), (0.191033, 0.226516), (0.194332, 0.226672), (0.191155, 0.227939), (0.187864, 0.226064), (0.190575, 0.224652), (0.184101, 0.224638), (0.183997, 0.226194), (0.184704, 0.229423), (0.194557, 0.224908), (0.188829, 0.227933), (0.186184, 0.229600), (0.190323, 0.229814), (0.186103, 0.230740), (0.190264, 0.230668), (0.184347, 0.230668), (0.192084, 0.228650), (0.870093, 0.385416), (0.869974, 0.387320), (0.871638, 0.388230), (0.872055, 0.386135), (0.869440, 0.390160), (0.871909, 0.389660), (0.869095, 0.386483), (0.868612, 0.388887), (0.867181, 0.390020), (0.868003, 0.387154), (0.870776, 0.383913), (0.871909, 0.383295), (0.029515, 0.238495), (0.029024, 0.239694), (0.025088, 0.238421), (0.036949, 0.239261), (0.025211, 0.239871), (0.021105, 0.238440), (0.020991, 0.239514), (0.017703, 0.238535), (0.035838, 0.238460), (0.039616, 0.238504), (0.043534, 0.239845), (0.018406, 0.239854), (0.037332, 0.239901), (0.018712, 0.240382), (0.022038, 0.240308), (0.047535, 0.240656), (0.016089, 0.240631), (0.034976, 0.493135), (0.021527, 0.494613), (0.042911, 0.493501), (0.194051, 0.020277), (0.196306, 0.017655), (0.197096, 0.020283), (0.194805, 0.017744), (0.197168, 0.018644), (0.192220, 0.017672), (0.201574, 0.020142), (0.199340, 0.018459), (0.200380, 0.017337), (0.202681, 0.017910), (0.189803, 0.017403), (0.189426, 0.019903), (0.188871, 0.017973), (0.224361, 0.467028), (0.226506, 0.466191), (0.229687, 0.466544), (0.229183, 0.467815), (0.234657, 0.467160), (0.224694, 0.468088), (0.220179, 0.468035), (0.217871, 0.467183), (0.219014, 0.466364), (0.214020, 0.466616), (0.214243, 0.468163), (0.209497, 0.468117), (0.210231, 0.467020), (0.207057, 0.467504), (0.233487, 0.466304), (0.217473, 0.468401), (0.207383, 0.468545), (0.203689, 0.468462), (0.204028, 0.466962), (0.200684, 0.467738), (0.201037, 0.468930), (0.197294, 0.468859), (0.197310, 0.467768), (0.194132, 0.468060), (0.194149, 0.469120), (0.190915, 0.467463), (0.189198, 0.469278), (0.188203, 0.468345), (0.185022, 0.469073), (0.186531, 0.467563), (0.183185, 0.467773), (0.181995, 0.468731), (0.183109, 0.469616), (0.179208, 0.469495), (0.178556, 0.467923), (0.174646, 0.468829), (0.195250, 0.467135), (0.198267, 0.466997), (0.202098, 0.466729), (0.208004, 0.466566), (0.236652, 0.466416), (0.176827, 0.470040), (0.172895, 0.469860), (0.223035, 0.465933), (0.239036, 0.467234), (0.235515, 0.467955), (0.240062, 0.468247), (0.243641, 0.466689), (0.244525, 0.468011), (0.248469, 0.467398), (0.232028, 0.468310), (0.248810, 0.468297), (0.248940, 0.466557), (0.253251, 0.468045), (0.253127, 0.466872), (0.256382, 0.467650), (0.258896, 0.467018), (0.261011, 0.467845), (0.260403, 0.468404), (0.265133, 0.467842), (0.266418, 0.468728), (0.269543, 0.467873), (0.270796, 0.468454), (0.275171, 0.468367), (0.263704, 0.467014), (0.268462, 0.467324), (0.272887, 0.467335), (0.240268, 0.466414), (0.277488, 0.467286), (0.277732, 0.468291), (0.281412, 0.468557), (0.284235, 0.467875), (0.284525, 0.469284), (0.285802, 0.468684), (0.288185, 0.467886), (0.289812, 0.467948), (0.293555, 0.467913), (0.296953, 0.468803), (0.296685, 0.467584), (0.299808, 0.467840), (0.300511, 0.468869), (0.304486, 0.468728), (0.305142, 0.467718), (0.309871, 0.468804), (0.313574, 0.469063), (0.310095, 0.467810), (0.171469, 0.469367), (0.314785, 0.467700), (0.174281, 0.467920), (0.171746, 0.469970), (0.168610, 0.469954), (0.168277, 0.468855), (0.164652, 0.469031), (0.167067, 0.467940), (0.162456, 0.467944), (0.161558, 0.468877), (0.161356, 0.469907), (0.158161, 0.469982), (0.159038, 0.467934), (0.157815, 0.468398), (0.154043, 0.469798), (0.156795, 0.467983), (0.154999, 0.468928), (0.152737, 0.467789), (0.151580, 0.468581), (0.150820, 0.469866), (0.154803, 0.467774), (0.172487, 0.468059), (0.164448, 0.470247), (0.148712, 0.469928), (0.211658, 0.465901), (0.256305, 0.466025), (0.230964, 0.465675), (0.284770, 0.467270), (0.254156, 0.468837), (0.287934, 0.470118), (0.276542, 0.469670), (0.273726, 0.469160), (0.281962, 0.469783), (0.278593, 0.470252), (0.285917, 0.470084), (0.284382, 0.470209), (0.330019, 0.209815), (0.332960, 0.210641), (0.328713, 0.210467), (0.334166, 0.209983), (0.337604, 0.210784), (0.339081, 0.210093), (0.341683, 0.210981), (0.342338, 0.210295), (0.346539, 0.211214), (0.347033, 0.210608), (0.351267, 0.211565), (0.352132, 0.210922), (0.355280, 0.212272), (0.355516, 0.211057), (0.359019, 0.211871), (0.359475, 0.211177), (0.363402, 0.211397), (0.360212, 0.212728), (0.364688, 0.213098), (0.367781, 0.212289), (0.368314, 0.211615), (0.371423, 0.212839), (0.250092, 0.210608), (0.251267, 0.211125), (0.250022, 0.211549), (0.247791, 0.211328), (0.246769, 0.210644), (0.244879, 0.211550), (0.253542, 0.210485), (0.254356, 0.211140), (0.256825, 0.210426), (0.257482, 0.211091), (0.259938, 0.210313), (0.260332, 0.211179), (0.262730, 0.210875), (0.263189, 0.209977), (0.266214, 0.210147), (0.266962, 0.210840), (0.269553, 0.210081), (0.270387, 0.210882), (0.273182, 0.209956), (0.273729, 0.210778), (0.277239, 0.209632), (0.244184, 0.210680), (0.277007, 0.210794), (0.280489, 0.210838), (0.242240, 0.211454), (0.279750, 0.210043), (0.283488, 0.210053), (0.286104, 0.210758), (0.287153, 0.209989), (0.291403, 0.210481), (0.290901, 0.209498), (0.295131, 0.209662), (0.296625, 0.211020), (0.285202, 0.209483), (0.298831, 0.210128), (0.299187, 0.209542), (0.303241, 0.210735), (0.303359, 0.209534), (0.306975, 0.210140), (0.310208, 0.210959), (0.311170, 0.210214), (0.315378, 0.210263), (0.316622, 0.211026), (0.319863, 0.210286), (0.320937, 0.211075), (0.324282, 0.210349), (0.325245, 0.211166), (0.329923, 0.211344), (0.334123, 0.211590), (0.338543, 0.211595), (0.342863, 0.211778), (0.348412, 0.212262), (0.352724, 0.212487), (0.299890, 0.210918), (0.307757, 0.209507), (0.316480, 0.209589), (0.321243, 0.209616), (0.312055, 0.209500), (0.325347, 0.209660), (0.280616, 0.209447), (0.241511, 0.211787), (0.241483, 0.210830), (0.238914, 0.211597), (0.235903, 0.211979), (0.235792, 0.211234), (0.233044, 0.211614), (0.229784, 0.212079), (0.244631, 0.210274), (0.238425, 0.210957), (0.232295, 0.211226), (0.247972, 0.210214), (0.266820, 0.209606), (0.270405, 0.209529), (0.250932, 0.210148), (0.257500, 0.209948), (0.261071, 0.209783), (0.254196, 0.210000), (0.274357, 0.209382), (0.320072, 0.209513), (0.328902, 0.209664), (0.233566, 0.210632), (0.235580, 0.210338), (0.230249, 0.211705), (0.229238, 0.211338), (0.226462, 0.212141), (0.226723, 0.211724), (0.225706, 0.211637), (0.222989, 0.213196), (0.230550, 0.210699), (0.923055, 0.067988), (0.923709, 0.068782), (0.920582, 0.069031), (0.919781, 0.068027), (0.917374, 0.068795), (0.610298, 0.448671), (0.608754, 0.446438), (0.608860, 0.450107), (0.609793, 0.453005), (0.610287, 0.444905), (0.608556, 0.441322), (0.609631, 0.442286), (0.608849, 0.453727), (0.610462, 0.455773), (0.609600, 0.439522), (0.608865, 0.457511), (0.610225, 0.460000), (0.608459, 0.460986), (0.609560, 0.462400), (0.608765, 0.462678), (0.608987, 0.464912), (0.608042, 0.439674), (0.608391, 0.436416), (0.609621, 0.435964), (0.608573, 0.433297), (0.610296, 0.439955), (0.610479, 0.451897), (0.610462, 0.432294), (0.609281, 0.430587), (0.047112, 0.125196), (0.048288, 0.127833), (0.048202, 0.124644), (0.049627, 0.126682), (0.048319, 0.129800), (0.049959, 0.123620), (0.048491, 0.121922), (0.049959, 0.130816), (0.049595, 0.119762), (0.046710, 0.123901), (0.047103, 0.117020), (0.048210, 0.116789), (0.049543, 0.113915), (0.622125, 0.722988), (0.625794, 0.723278), (0.626542, 0.722378), (0.630036, 0.723027), (0.630041, 0.721411), (0.630966, 0.722251), (0.634799, 0.722633), (0.633864, 0.721271), (0.638064, 0.721323), (0.638573, 0.722663), (0.641965, 0.721218), (0.625754, 0.721331), (0.621956, 0.721399), (0.619083, 0.722349), (0.617947, 0.721361), (0.614868, 0.722337), (0.642656, 0.722324), (0.614057, 0.721362), (0.617952, 0.723291), (0.613993, 0.723407), (0.645948, 0.721270), (0.646868, 0.722284), (0.649915, 0.721283), (0.652783, 0.722318), (0.654011, 0.721404), (0.657874, 0.721385), (0.658613, 0.722399), (0.661682, 0.721424), (0.662739, 0.722357), (0.665568, 0.721401), (0.666563, 0.722843), (0.669942, 0.721489), (0.670399, 0.722889), (0.673823, 0.721452), (0.674095, 0.722593), (0.677790, 0.722092), (0.611004, 0.722402), (0.610054, 0.721205), (0.606537, 0.722296), (0.610100, 0.723494), (0.606063, 0.723420), (0.661950, 0.723149), (0.649875, 0.723097), (0.603168, 0.723204), (0.657725, 0.723172), (0.645870, 0.723142), (0.676547, 0.723405), (0.680430, 0.723346), (0.641817, 0.723158), (0.681369, 0.722477), (0.685215, 0.722878), (0.653428, 0.723472), (0.673063, 0.723494), (0.086830, 0.311714), (0.088927, 0.311367), (0.087892, 0.310831), (0.090704, 0.314001), (0.090819, 0.312211), (0.093826, 0.313177), (0.252638, 0.218957), (0.255675, 0.216791), (0.251485, 0.218446), (0.255126, 0.221038), (0.253634, 0.221525), (0.257072, 0.217727), (0.253790, 0.223610), (0.251428, 0.219220), (0.255748, 0.224572), (0.255822, 0.228429), (0.253190, 0.228567), (0.254976, 0.229564), (0.256996, 0.223782), (0.255954, 0.230165), (0.257108, 0.233028), (0.249732, 0.216542), (0.252696, 0.222814), (0.250681, 0.219206), (0.033992, 0.408027), (0.032088, 0.408247), (0.032507, 0.411292), (0.034122, 0.406178), (0.351129, 0.487169), (0.352546, 0.488824), (0.350680, 0.488842), (0.349990, 0.487585), (0.353229, 0.490274), (0.351023, 0.490544), (0.355422, 0.489027), (0.353603, 0.487823), (0.355977, 0.490297), (0.349245, 0.490847), (0.346170, 0.487341), (0.355911, 0.487429), (0.352425, 0.487357), (0.357839, 0.488406), (0.113136, 0.423247), (0.110976, 0.422698), (0.108212, 0.426773), (0.110159, 0.426174), (0.111923, 0.425060), (0.117654, 0.424450), (0.115391, 0.425635), (0.110004, 0.125829), (0.439067, 0.907254), (0.445100, 0.907646), (0.444667, 0.908721), (0.440449, 0.908663), (0.435733, 0.908409), (0.432965, 0.908182), (0.447570, 0.908822), (0.448538, 0.908047), (0.438112, 0.906628), (0.447154, 0.906830), (0.431129, 0.905832), (0.450153, 0.907174), (0.427282, 0.905583), (0.450121, 0.909431), (0.442393, 0.909923), (0.423072, 0.907691), (0.418240, 0.906310), (0.410170, 0.907508), (0.408456, 0.906309), (0.407743, 0.904284), (0.399910, 0.905514), (0.451639, 0.908712), (0.401565, 0.907320), (0.391833, 0.904636), (0.386037, 0.906363), (0.382598, 0.903774), (0.378584, 0.905882), (0.375108, 0.903850), (0.374274, 0.905905), (0.393316, 0.903405), (0.422681, 0.908782), (0.437569, 0.910194), (0.373530, 0.905026), (0.428965, 0.908945), (0.446866, 0.911063), (0.378757, 0.907752), (0.442013, 0.910920), (0.388757, 0.908487), (0.437536, 0.912194), (0.404731, 0.909558), (0.431311, 0.911641), (0.422930, 0.910896), (0.442850, 0.912469), (0.374273, 0.906859), (0.449480, 0.911218), (0.471241, 0.916620), (0.466572, 0.912327), (0.469974, 0.912104), (0.468324, 0.917445), (0.474345, 0.925937), (0.471274, 0.925250), (0.477692, 0.943345), (0.481390, 0.949719), (0.487815, 0.964837), (0.485750, 0.965483), (0.468597, 0.910194), (0.481830, 0.954658), (0.461582, 0.910610), (0.465824, 0.909254), (0.463827, 0.903714), (0.465436, 0.903652), (0.459680, 0.905746), (0.469814, 0.907881), (0.469504, 0.905399), (0.461731, 0.903831), (0.461607, 0.902382), (0.461041, 0.903018), (0.454983, 0.906834), (0.456111, 0.904625), (0.455879, 0.902720), (0.443243, 0.904908), (0.432644, 0.904783), (0.419578, 0.903944), (0.377134, 0.900760), (0.363127, 0.901414), (0.370558, 0.903930), (0.346873, 0.896889), (0.355025, 0.902103), (0.344839, 0.902749), (0.360920, 0.903056), (0.353214, 0.904085), (0.343650, 0.908814), (0.352062, 0.911825), (0.333836, 0.954465), (0.341888, 0.928899), (0.347799, 0.931404), (0.343929, 0.948168), (0.341443, 0.959529), (0.333039, 0.960519), (0.338111, 0.969426), (0.342511, 0.914519), (0.336834, 0.969960), (0.329798, 0.968449), (0.340306, 0.926917), (0.336161, 0.945088), (0.381661, 0.902682), (0.419902, 0.905312), (0.331210, 0.962802), (0.345331, 0.896606), (0.340432, 0.964901), (0.339131, 0.969669), (0.466778, 0.916624), (0.468944, 0.922273), (0.464883, 0.912796), (0.353945, 0.905331), (0.470749, 0.905251), (0.470425, 0.910375), (0.471235, 0.928465), (0.474461, 0.937964), (0.335204, 0.945223), (0.340380, 0.921886), (0.329407, 0.967596), (0.485600, 0.966505), (0.489242, 0.966985), (0.487426, 0.968389), (0.485242, 0.968470), (0.484653, 0.969294), (0.464665, 0.916658), (0.465788, 0.919570), (0.464207, 0.919378), (0.468210, 0.926032), (0.472568, 0.938889), (0.473155, 0.947029), (0.475552, 0.947451), (0.478077, 0.962300), (0.480102, 0.960809), (0.481685, 0.965563), (0.479763, 0.966791), (0.482264, 0.967588), (0.481159, 0.969793), (0.481629, 0.960778), (0.476179, 0.945387), (0.473844, 0.939043), (0.483371, 0.965612), (0.484252, 0.968157), (0.463464, 0.916615), (0.469704, 0.926696), (0.351517, 0.917099), (0.347799, 0.933842), (0.342439, 0.957108), (0.481723, 0.970288), (0.338612, 0.970633), (0.477064, 0.944927), (0.482690, 0.960105), (0.340692, 0.964601), (0.491064, 0.968044), (0.134862, 0.694832), (0.135830, 0.692738), (0.135797, 0.688657), (0.134436, 0.688103), (0.137504, 0.695813), (0.687113, 0.428040), (0.684659, 0.430201), (0.686402, 0.432630), (0.684226, 0.432638), (0.684818, 0.428242), (0.684087, 0.427006), (0.683591, 0.427675), (0.686623, 0.426972), (0.688046, 0.426571), (0.687289, 0.425248), (0.248056, 0.084631), (0.250035, 0.085566), (0.246149, 0.084334), (0.242122, 0.084499), (0.252003, 0.084952), (0.265306, 0.085043), (0.258808, 0.085668), (0.381238, 0.191949), (0.373265, 0.180092), (0.397164, 0.176404), (0.401205, 0.200210), (0.363220, 0.200880), (0.373865, 0.203011), (0.351810, 0.190395), (0.361218, 0.162173), (0.349334, 0.171334), (0.342227, 0.149954), (0.330603, 0.163357), (0.318509, 0.145973), (0.345469, 0.121869), (0.312557, 0.124636), (0.331011, 0.120069), (0.323740, 0.100695), (0.306870, 0.109435), (0.291923, 0.104445), (0.287296, 0.084594), (0.318894, 0.084436), (0.340339, 0.084065), (0.267346, 0.093871), (0.257809, 0.106102), (0.274523, 0.118774), (0.288048, 0.135128), (0.270609, 0.134087), (0.264861, 0.157239), (0.289750, 0.157706), (0.302254, 0.141200), (0.311517, 0.165893), (0.296799, 0.174955), (0.322490, 0.180540), (0.309118, 0.199781), (0.329562, 0.193136), (0.343420, 0.203373), (0.316539, 0.203673), (0.292680, 0.204012), (0.293045, 0.197991), (0.268940, 0.194084), (0.285333, 0.188904), (0.271053, 0.168963), (0.268169, 0.181642), (0.249791, 0.164277), (0.250878, 0.144735), (0.235467, 0.148424), (0.245690, 0.179778), (0.236900, 0.180964), (0.238813, 0.204666), (0.255698, 0.204576), (0.234290, 0.198860), (0.231467, 0.203452), (0.231182, 0.194189), (0.226399, 0.189222), (0.225917, 0.182774), (0.225424, 0.145091), (0.224999, 0.117395), (0.238322, 0.126212), (0.249622, 0.120222), (0.236939, 0.101475), (0.242099, 0.089626), (0.228260, 0.093121), (0.228005, 0.086981), (0.228122, 0.094580), (0.248317, 0.087180), (0.234756, 0.084588), (0.387829, 0.146191), (0.378101, 0.137276), (0.403997, 0.127726), (0.383274, 0.162543), (0.363048, 0.133059), (0.363078, 0.111505), (0.398229, 0.104080), (0.368866, 0.095884), (0.360051, 0.082523), (0.366224, 0.082319), (0.380574, 0.107541), (0.384527, 0.092775), (0.411221, 0.164345), (0.407708, 0.186857), (0.490042, 0.165339), (0.497175, 0.141658), (0.519466, 0.159557), (0.466056, 0.195096), (0.457561, 0.184158), (0.489860, 0.184215), (0.428566, 0.188809), (0.440650, 0.173944), (0.478538, 0.138642), (0.517815, 0.121245), (0.467296, 0.119324), (0.427820, 0.145298), (0.452016, 0.160786), (0.413068, 0.136771), (0.445447, 0.128762), (0.454813, 0.145216), (0.433677, 0.111975), (0.420622, 0.095934), (0.457231, 0.096453), (0.505909, 0.102390), (0.491292, 0.082475), (0.475124, 0.106869), (0.515760, 0.092421), (0.515769, 0.085328), (0.523161, 0.084037), (0.531333, 0.090090), (0.534661, 0.081420), (0.516472, 0.080642), (0.527392, 0.110657), (0.534194, 0.111262), (0.521913, 0.141400), (0.514702, 0.181312), (0.527325, 0.173802), (0.512993, 0.201091), (0.519011, 0.200530), (0.534653, 0.193420), (0.531992, 0.187462), (0.534995, 0.190191), (0.534605, 0.199391), (0.539861, 0.178342), (0.539244, 0.170229), (0.538777, 0.146419), (0.538245, 0.110747), (0.538510, 0.095033), (0.478339, 0.198878), (0.444462, 0.202076), (0.415621, 0.202502), (0.403852, 0.083428), (0.430810, 0.087144), (0.471565, 0.082742), (0.418428, 0.083302), (0.383142, 0.082613), (0.396310, 0.082081), (0.349833, 0.082811), (0.478132, 0.201608), (0.224076, 0.103698), (0.224995, 0.095634), (0.534733, 0.089223), (0.534607, 0.083767), (0.539555, 0.188181), (0.228128, 0.084596), (0.230625, 0.204325), (0.226775, 0.193594), (0.522217, 0.201634), (0.504438, 0.082334), (0.514008, 0.081338), (0.523312, 0.079143), (0.403969, 0.082305), (0.418118, 0.082619), (0.473199, 0.082103), (0.322603, 0.083558), (0.508575, 0.081869), (0.530435, 0.079280), (0.534698, 0.079689), (0.248078, 0.205337), (0.225322, 0.191804), (0.245651, 0.205379), (0.231272, 0.204956), (0.224224, 0.118951), (0.225021, 0.176927), (0.374627, 0.081354), (0.223802, 0.096337), (0.539572, 0.150577), (0.378439, 0.080969), (0.380600, 0.081406), (0.375509, 0.079801), (0.388009, 0.081315), (0.390778, 0.081738), (0.539225, 0.121510), (0.538580, 0.097212), (0.540310, 0.187531), (0.380769, 0.079329), (0.385518, 0.077155), (0.379351, 0.077199), (0.375656, 0.077359), (0.535931, 0.197056), (0.387321, 0.077244), (0.518071, 0.202085), (0.246123, 0.207404), (0.516109, 0.079180), (0.386895, 0.075896), (0.345913, 0.082590), (0.379273, 0.075988), (0.375594, 0.076281), (0.373875, 0.079856), (0.372817, 0.081464), (0.538864, 0.092041), (0.535978, 0.193089), (0.225523, 0.193537), (0.226751, 0.204598), (0.517120, 0.202481), (0.517746, 0.204187), (0.517708, 0.206089), (0.518576, 0.207857), (0.374589, 0.077362), (0.702304, 0.143561), (0.050998, 0.179039), (0.054810, 0.181519), (0.051113, 0.180255), (0.057819, 0.180496), (0.058736, 0.181864), (0.058895, 0.181086), (0.053206, 0.181922), (0.050316, 0.181361), (0.049651, 0.180144), (0.049800, 0.178871), (0.049147, 0.181864), (0.172056, 0.327298), (0.171297, 0.326195), (0.173968, 0.326348), (0.170119, 0.327283), (0.169363, 0.326337), (0.167847, 0.326575), (0.172671, 0.325193), (0.173889, 0.327694), (0.167784, 0.328090), (0.176564, 0.327404), (0.176905, 0.325521), (0.177737, 0.326723), (0.178927, 0.325575), (0.180595, 0.326868), (0.179787, 0.327979), (0.182281, 0.328090), (0.182424, 0.325883), (0.183607, 0.327156), (0.184809, 0.326247), (0.177917, 0.328035), (0.180713, 0.325535), (0.166803, 0.327930), (0.164337, 0.326746), (0.163943, 0.328375), (0.166641, 0.325333), (0.162671, 0.328117), (0.163012, 0.325733), (0.168781, 0.325068), (0.174016, 0.325049), (0.164000, 0.324977), (0.170082, 0.324561), (0.160716, 0.328337), (0.025765, 0.232425), (0.028150, 0.232955), (0.023411, 0.231689), (0.020948, 0.231246), (0.019931, 0.231940), (0.023719, 0.230509), (0.022317, 0.226975), (0.033294, 0.231784), (0.046857, 0.227642), (0.036284, 0.232769), (0.049466, 0.231889), (0.067027, 0.233161), (0.087989, 0.232434), (0.105004, 0.228078), (0.119311, 0.232579), (0.083721, 0.227902), (0.067147, 0.227648), (0.121283, 0.228281), (0.127100, 0.233218), (0.125473, 0.233837), (0.098815, 0.233553), (0.133757, 0.231591), (0.141389, 0.232673), (0.053115, 0.233192), (0.145839, 0.234253), (0.034646, 0.233067), (0.139796, 0.234228), (0.142528, 0.234087), (0.126986, 0.234085), (0.147365, 0.234166), (0.148253, 0.234554), (0.018023, 0.229897), (0.956856, 0.029150), (0.951567, 0.028781), (0.958513, 0.030282), (0.949900, 0.027817), (0.947292, 0.028314), (0.959174, 0.029016), (0.605879, 0.638343), (0.606193, 0.636802), (0.606467, 0.640740), (0.608881, 0.636284), (0.608355, 0.635066), (0.607032, 0.633806), (0.608802, 0.633620), (0.608266, 0.632461), (0.607073, 0.630263), (0.609667, 0.629672), (0.606143, 0.644749), (0.604404, 0.640392), (0.605156, 0.641740), (0.606237, 0.632565), (0.607294, 0.644897), (0.603980, 0.644113), (0.604534, 0.646453), (0.094211, 0.241238), (0.093214, 0.240249), (0.092462, 0.242086), (0.094780, 0.242171), (0.092764, 0.239130), (0.080438, 0.497460), (0.079567, 0.499502), (0.077330, 0.496314), (0.078387, 0.494792), (0.075955, 0.498977), (0.078002, 0.500613), (0.451991, 0.313791), (0.452840, 0.315646), (0.451539, 0.317024), (0.450754, 0.320446), (0.452802, 0.319731), (0.453696, 0.320747), (0.452730, 0.317383), (0.916734, 0.344287), (0.916529, 0.342153), (0.914336, 0.346798), (0.916300, 0.345782), (0.916305, 0.347271), (0.530019, 0.263576), (0.527781, 0.266890), (0.351067, 0.009826), (0.349604, 0.010764), (0.353571, 0.010838), (0.350752, 0.011627), (0.345946, 0.010806), (0.347126, 0.010008), (0.345098, 0.009930), (0.343637, 0.010929), (0.342750, 0.009826), (0.340406, 0.010862), (0.341764, 0.011699), (0.337264, 0.011036), (0.338087, 0.010003), (0.336115, 0.009828), (0.333936, 0.010791), (0.335416, 0.011618), (0.332276, 0.011614), (0.331591, 0.010042), (0.330296, 0.010896), (0.329420, 0.009850), (0.328089, 0.010968), (0.354952, 0.011823), (0.356814, 0.010932), (0.344819, 0.011706), (0.346504, 0.011720), (0.329223, 0.011748), (0.325825, 0.011728), (0.325014, 0.010030), (0.324009, 0.010647), (0.321693, 0.011539), (0.319693, 0.010781), (0.317047, 0.011823), (0.315682, 0.010878), (0.312405, 0.011772), (0.312698, 0.010255), (0.309323, 0.010851), (0.309222, 0.011744), (0.304939, 0.010315), (0.305366, 0.011627), (0.303606, 0.011136), (0.302380, 0.009887), (0.322947, 0.009910), (0.300162, 0.010818), (0.306595, 0.010104), (0.355737, 0.009777), (0.357749, 0.010010), (0.360024, 0.010807), (0.361100, 0.011619), (0.363875, 0.010887), (0.365555, 0.011801), (0.366950, 0.009768), (0.364176, 0.009918), (0.362210, 0.009840), (0.368390, 0.011481), (0.368309, 0.010044), (0.371006, 0.010903), (0.327734, 0.009616), (0.310682, 0.009837), (0.317147, 0.009789), (0.320465, 0.009874), (0.334281, 0.009673), (0.360488, 0.009704), (0.340605, 0.009639), (0.353949, 0.009608), (0.349611, 0.009535), (0.371056, 0.009667), (0.373010, 0.009817), (0.373883, 0.010978), (0.374827, 0.009974), (0.377248, 0.010951), (0.377610, 0.009735), (0.379372, 0.009890), (0.380407, 0.010900), (0.381397, 0.010066), (0.087713, 0.444866), (0.089627, 0.443337), (0.087851, 0.445899), (0.090282, 0.441796), (0.090665, 0.442405), (0.093141, 0.441682), (0.086341, 0.448271), (0.085651, 0.447330), (0.089992, 0.444149), (0.088826, 0.445905), (0.094551, 0.442095), (0.094980, 0.441473), (0.098854, 0.441711), (0.097784, 0.442267), (0.101298, 0.442192), (0.099984, 0.442864), (0.102117, 0.443060), (0.103831, 0.442019), (0.103973, 0.443151), (0.105652, 0.442669), (0.107880, 0.442085), (0.108550, 0.442936), (0.111801, 0.442507), (0.114161, 0.443227), (0.112964, 0.444573), (0.117893, 0.443689), (0.092375, 0.444295), (0.092990, 0.443851), (0.093814, 0.444130), (0.094310, 0.443975), (0.119614, 0.442668), (0.123571, 0.442997), (0.121445, 0.444289), (0.125665, 0.443657), (0.124276, 0.444938), (0.126299, 0.444707), (0.128458, 0.444439), (0.130213, 0.443139), (0.132841, 0.443852), (0.131517, 0.445268), (0.133214, 0.444737), (0.138334, 0.443177), (0.144185, 0.443889), (0.138592, 0.445518), (0.119727, 0.444756), (0.095844, 0.444173), (0.096851, 0.444334), (0.117104, 0.444834), (0.136194, 0.445732), (0.096221, 0.442757), (0.134276, 0.442887), (0.114582, 0.442122), (0.091967, 0.441278), (0.097078, 0.444950), (0.098726, 0.445203), (0.100351, 0.446034), (0.100159, 0.445313), (0.102124, 0.445504), (0.102674, 0.446022), (0.103190, 0.445314), (0.102335, 0.444926), (0.096230, 0.443552), (0.095536, 0.443155), (0.095072, 0.443562), (0.096621, 0.442883), (0.140575, 0.445026), (0.145837, 0.444375), (0.143492, 0.445954), (0.145248, 0.445318), (0.148778, 0.446627), (0.149861, 0.445863), (0.151731, 0.444704), (0.153546, 0.445489), (0.158910, 0.443947), (0.162552, 0.444633), (0.159294, 0.446372), (0.161402, 0.445821), (0.166300, 0.446033), (0.168976, 0.445052), (0.169846, 0.446022), (0.177467, 0.444704), (0.179362, 0.445215), (0.165177, 0.444043), (0.169558, 0.444024), (0.175783, 0.446717), (0.178776, 0.446521), (0.182309, 0.446313), (0.153632, 0.443512), (0.183944, 0.445707), (0.187963, 0.444448), (0.189723, 0.445485), (0.187381, 0.446892), (0.190334, 0.446658), (0.195322, 0.445930), (0.196721, 0.444762), (0.199970, 0.445486), (0.202189, 0.446789), (0.206215, 0.446481), (0.208685, 0.445110), (0.213067, 0.446000), (0.214913, 0.447318), (0.219374, 0.446514), (0.217620, 0.445465), (0.223270, 0.445204), (0.193464, 0.447701), (0.195807, 0.447268), (0.199394, 0.447210), (0.204762, 0.447744), (0.207924, 0.447539), (0.213756, 0.448271), (0.168292, 0.446789), (0.229488, 0.445630), (0.220400, 0.447228), (0.216700, 0.447988), (0.156549, 0.446556), (0.164828, 0.447016), (0.173044, 0.446972), (0.151945, 0.446517), (0.093598, 0.443262), (0.185087, 0.447378), (0.103547, 0.446297), (0.361542, 0.593098), (0.355376, 0.592914), (0.238156, 0.589187), (0.238688, 0.542337), (0.357839, 0.595066), (0.348008, 0.598208), (0.345729, 0.593099), (0.334455, 0.594360), (0.316988, 0.592636), (0.334668, 0.597807), (0.318129, 0.594094), (0.303125, 0.598451), (0.265231, 0.593652), (0.254502, 0.593818), (0.265713, 0.597803), (0.293868, 0.593825), (0.263496, 0.592217), (0.246206, 0.599824), (0.246623, 0.591660), (0.239296, 0.590131), (0.245118, 0.583337), (0.239501, 0.573895), (0.239767, 0.536907), (0.247417, 0.552224), (0.239684, 0.552464), (0.245557, 0.523439), (0.239197, 0.502706), (0.245875, 0.508505), (0.239964, 0.516635), (0.248036, 0.508543), (0.207349, 0.098837), (0.206698, 0.096828), (0.204229, 0.096895), (0.205077, 0.095240), (0.203811, 0.099542), (0.202681, 0.097328), (0.202765, 0.095439), (0.203092, 0.094203), (0.962846, 0.441748), (0.963613, 0.440665), (0.961600, 0.441837), (0.960568, 0.441296), (0.965475, 0.444824), (0.962418, 0.445080), (0.965475, 0.439509), (0.960270, 0.444068), (0.958976, 0.442841), (0.036962, 0.869406), (0.618299, 0.473270), (0.618415, 0.469568), (0.618332, 0.477026), (0.618428, 0.464162), (0.618160, 0.480156), (0.618131, 0.483618), (0.618603, 0.458423), (0.617694, 0.487033), (0.586921, 0.099542), (0.584299, 0.099591), (0.585502, 0.103356), (0.586921, 0.102273), (0.583897, 0.102121), (0.716569, 0.149768), (0.093298, 0.430605), (0.095443, 0.431869), (0.091829, 0.431782), (0.095817, 0.431023), (0.099936, 0.431004), (0.088614, 0.430735), (0.085477, 0.431826), (0.085191, 0.430297), (0.103799, 0.430836), (0.083159, 0.430827), (0.079799, 0.432113), (0.089567, 0.429939), (0.083475, 0.430043), (0.095930, 0.429584), (0.094535, 0.429373), (0.096998, 0.429170), (0.081836, 0.429815), (0.118535, 0.429927), (0.130295, 0.429781), (0.078470, 0.430367), (0.075955, 0.429927), (0.087040, 0.428695), (0.092549, 0.428664), (0.079422, 0.428299), (0.307134, 0.545230), (0.715044, 0.690291), (0.713273, 0.691494), (0.711565, 0.689994), (0.708286, 0.691700), (0.718616, 0.692245), (0.712867, 0.692984), (0.718926, 0.688859), (0.720959, 0.689497), (0.708298, 0.688406), (0.715186, 0.688633), (0.711031, 0.688527), (0.720208, 0.692419), (0.502087, 0.912720), (0.502320, 0.909773), (0.500798, 0.910036), (0.502812, 0.912625), (0.501420, 0.908885), (0.500822, 0.908735), (0.502011, 0.904775), (0.500619, 0.904841), (0.502888, 0.907131), (0.503278, 0.903719), (0.503218, 0.902082), (0.500719, 0.903567), (0.501868, 0.900003), (0.504062, 0.898312), (0.500366, 0.900836), (0.500014, 0.897977), (0.501872, 0.914073), (0.503879, 0.913916), (0.502978, 0.917314), (0.504062, 0.918764), (0.933173, 0.788001), (0.651149, 0.294311), (0.652087, 0.294524), (0.651059, 0.295669), (0.647795, 0.294050), (0.648245, 0.295659), (0.645410, 0.294583), (0.652276, 0.297864), (0.648777, 0.296447), (0.651254, 0.296980), (0.346937, 0.308776), (0.349326, 0.309493), (0.344486, 0.308465), (0.344336, 0.310032), (0.343308, 0.309317), (0.340008, 0.310515), (0.340251, 0.309612), (0.336229, 0.310196), (0.334082, 0.311279), (0.328559, 0.311861), (0.323419, 0.312754), (0.318450, 0.313568), (0.314125, 0.313066), (0.307918, 0.313400), (0.301502, 0.313716), (0.295823, 0.313998), (0.289105, 0.314418), (0.282666, 0.314619), (0.278447, 0.314785), (0.274196, 0.315002), (0.269847, 0.315259), (0.325714, 0.313055), (0.290395, 0.315322), (0.284644, 0.315582), (0.280257, 0.315706), (0.309836, 0.314264), (0.313902, 0.314039), (0.295286, 0.315073), (0.306099, 0.314489), (0.301693, 0.314654), (0.330801, 0.312405), (0.275839, 0.315889), (0.321153, 0.313565), (0.270948, 0.316334), (0.265135, 0.316405), (0.258291, 0.316767), (0.251247, 0.317263), (0.249419, 0.316732), (0.339685, 0.311539), (0.343445, 0.311132), (0.335399, 0.312045), (0.347700, 0.310842), (0.351375, 0.310503), (0.352648, 0.309694), (0.354510, 0.310550), (0.355056, 0.309635), (0.356162, 0.311392), (0.354414, 0.308544), (0.333566, 0.312842), (0.356522, 0.310548), (0.356360, 0.308139), (0.359716, 0.312375), (0.363983, 0.315912), (0.366688, 0.317369), (0.357378, 0.307018), (0.350268, 0.311673), (0.353675, 0.311186), (0.356215, 0.311877), (0.352006, 0.308490), (0.228693, 0.366937), (0.231071, 0.364432), (0.230651, 0.366381), (0.229147, 0.367620), (0.233442, 0.362549), (0.234613, 0.361253), (0.232255, 0.361393), (0.228325, 0.365783), (0.233723, 0.359836), (0.235658, 0.361948), (0.232793, 0.358124), (0.231794, 0.360243), (0.227483, 0.367275), (0.228293, 0.368478), (0.227410, 0.369563), (0.226406, 0.368444), (0.226248, 0.370328), (0.225426, 0.369525), (0.245526, 0.360836), (0.433805, 0.370661), (0.433118, 0.369617), (0.436847, 0.372726), (0.431783, 0.370812), (0.428015, 0.372679), (0.623571, 0.556996), (0.622084, 0.554601), (0.622638, 0.557470), (0.620127, 0.555625), (0.618557, 0.551190), (0.617535, 0.552946), (0.625623, 0.559432), (0.624073, 0.559662), (0.621050, 0.551280), (0.619032, 0.549727), (0.620758, 0.548043), (0.619834, 0.547563), (0.622074, 0.545956), (0.621603, 0.548802), (0.620678, 0.544520), (0.621922, 0.542971), (0.622913, 0.541995), (0.624446, 0.540746), (0.621677, 0.540972), (0.623039, 0.539584), (0.624251, 0.538247), (0.621819, 0.538913), (0.622563, 0.536664), (0.623744, 0.535298), (0.622123, 0.535528), (0.622710, 0.532821), (0.620174, 0.540476), (0.620966, 0.542165), (0.625330, 0.535359), (0.623913, 0.532653), (0.625914, 0.532566), (0.625716, 0.530511), (0.209465, 0.587900), (0.207411, 0.588137), (0.975623, 0.955857), (0.977717, 0.955676), (0.873324, 0.017046), (0.875412, 0.018866), (0.871017, 0.018183), (0.875194, 0.016940), (0.876953, 0.018506), (0.877029, 0.016403), (0.878315, 0.017260), (0.879456, 0.018815), (0.879788, 0.016571), (0.880821, 0.018228), (0.882296, 0.016822), (0.882188, 0.018914), (0.870450, 0.016400), (0.868722, 0.016941), (0.867768, 0.018385), (0.866832, 0.017410), (0.884271, 0.018494), (0.866257, 0.019296), (0.864121, 0.018698), (0.864014, 0.017063), (0.862820, 0.017878), (0.861690, 0.019188), (0.860479, 0.018567), (0.887556, 0.016948), (0.858165, 0.020214), (0.857561, 0.019171), (0.856621, 0.019963), (0.869000, 0.019365), (0.886913, 0.018067), (0.889024, 0.018417), (0.891552, 0.017605), (0.871782, 0.019298), (0.877994, 0.019748), (0.879497, 0.020089), (0.881786, 0.019963), (0.887665, 0.416587), (0.890584, 0.417588), (0.882616, 0.417339), (0.892126, 0.417456), (0.883731, 0.416947), (0.924061, 0.417516), (0.941908, 0.417496), (0.954997, 0.417447), (0.904592, 0.417620), (0.956081, 0.414227), (0.887956, 0.414378), (0.679479, 0.599161), (0.676834, 0.599272), (0.852363, 0.328750), (0.856791, 0.327971), (0.857413, 0.328440), (0.861043, 0.328229), (0.865543, 0.329023), (0.867099, 0.328509), (0.861115, 0.327504), (0.862356, 0.327015), (0.868419, 0.327086), (0.872055, 0.328978), (0.867215, 0.325827), (0.869982, 0.326338), (0.871812, 0.326844), (0.858430, 0.326466), (0.852207, 0.326646), (0.852187, 0.328261), (0.847848, 0.328389), (0.846723, 0.326944), (0.832605, 0.328844), (0.836580, 0.327404), (0.837656, 0.328757), (0.840718, 0.327299), (0.842625, 0.328783), (0.830550, 0.327334), (0.828188, 0.328185), (0.860314, 0.326085), (0.274236, 0.539893), (0.276471, 0.540587), (0.274396, 0.540936), (0.272074, 0.539389), (0.271648, 0.541361), (0.269735, 0.540447), (0.270357, 0.539002), (0.267201, 0.538945), (0.266723, 0.540334), (0.266957, 0.541683), (0.263924, 0.538902), (0.276246, 0.542357), (0.279002, 0.542145), (0.274784, 0.542612), (0.273625, 0.542291), (0.279310, 0.540174), (0.280396, 0.541363), (0.281701, 0.542340), (0.281911, 0.540815), (0.283103, 0.541882), (0.281990, 0.543478), (0.262265, 0.540748), (0.265075, 0.542168), (0.262459, 0.539649), (0.261170, 0.539249), (0.261574, 0.540188), (0.277641, 0.543293), (0.263964, 0.542496), (0.270661, 0.543463), (0.267873, 0.543478), (0.443506, 0.844111), (0.442131, 0.840240), (0.442355, 0.844757), (0.443669, 0.840041), (0.443761, 0.845493), (0.442210, 0.846775), (0.443435, 0.847984), (0.442110, 0.848963), (0.441213, 0.844003), (0.441315, 0.847567), (0.440606, 0.839991), (0.440879, 0.849047), (0.441569, 0.854117), (0.442906, 0.853732), (0.443948, 0.849137), (0.440885, 0.839047), (0.442253, 0.836686), (0.443480, 0.838797), (0.439886, 0.835616), (0.441886, 0.834844), (0.440116, 0.834491), (0.440187, 0.853508), (0.439967, 0.857121), (0.442102, 0.857929), (0.442146, 0.859371), (0.443948, 0.834941), (0.443132, 0.854897), (0.076274, 0.842888), (0.077886, 0.840188), (0.076868, 0.840666), (0.077409, 0.837543), (0.077905, 0.835805), (0.073489, 0.845936), (0.074825, 0.843168), (0.072226, 0.845249), (0.070974, 0.847063), (0.075412, 0.840685), (0.075895, 0.838375), (0.074460, 0.842266), (0.076487, 0.835857), (0.077857, 0.827683), (0.078345, 0.830468), (0.076345, 0.831807), (0.076555, 0.829513), (0.077743, 0.824140), (0.076371, 0.825622), (0.076759, 0.824092), (0.076773, 0.820514), (0.078374, 0.821136), (0.077615, 0.815695), (0.076576, 0.818232), (0.076317, 0.814011), (0.076651, 0.810923), (0.078020, 0.809344), (0.077169, 0.808285), (0.076067, 0.807203), (0.077650, 0.804845), (0.076858, 0.801424), (0.075815, 0.803301), (0.075419, 0.799366), (0.075743, 0.796277), (0.076814, 0.792765), (0.070759, 0.844414), (0.066377, 0.845950), (0.062713, 0.842564), (0.061279, 0.838465), (0.059708, 0.840176), (0.077836, 0.796147), (0.077636, 0.790268), (0.078392, 0.813243), (0.075808, 0.821082), (0.619202, 0.086191), (0.617666, 0.084613), (0.618331, 0.089161), (0.619050, 0.082323), (0.618587, 0.080544), (0.619575, 0.088937), (0.619204, 0.092079), (0.618426, 0.095124), (0.619479, 0.096239), (0.617958, 0.098436), (0.619402, 0.099169), (0.618740, 0.101563), (0.617318, 0.088357), (0.617379, 0.092215), (0.617160, 0.082341), (0.617748, 0.078396), (0.619301, 0.075874), (0.618146, 0.075095), (0.619196, 0.072574), (0.617766, 0.072202), (0.619089, 0.069130), (0.617784, 0.069087), (0.618371, 0.065653), (0.617319, 0.096213), (0.617221, 0.076070), (0.619948, 0.065990), (0.619136, 0.062929), (0.620056, 0.078261), (0.620227, 0.101782), (0.620227, 0.069682), (0.616978, 0.101831), (0.608885, 0.290019), (0.612043, 0.290036), (0.605646, 0.290149), (0.602413, 0.290147), (0.598962, 0.290370), (0.615154, 0.290123), (0.900774, 0.849769), (0.902855, 0.850308), (0.899751, 0.851032), (0.897121, 0.850134), (0.896377, 0.851030), (0.895067, 0.850073), (0.893295, 0.851133), (0.892958, 0.849760), (0.890651, 0.850377), (0.901681, 0.851909), (0.903626, 0.851744), (0.905873, 0.850715), (0.889493, 0.851141), (0.896899, 0.851829), (0.887252, 0.851048), (0.905721, 0.849193), (0.908199, 0.849561), (0.908889, 0.850699), (0.910175, 0.849773), (0.912451, 0.850667), (0.913669, 0.849411), (0.915462, 0.850436), (0.909072, 0.851575), (0.914824, 0.851696), (0.916400, 0.851481), (0.917754, 0.850484), (0.917946, 0.851709), (0.919171, 0.851205), (0.916824, 0.849379), (0.891626, 0.852251), (0.887971, 0.852403), (0.912648, 0.851906), (0.900314, 0.852403), (0.895779, 0.848940), (0.908580, 0.848589), (0.899741, 0.848686), (0.915534, 0.848775), (0.399123, 0.979236), (0.403487, 0.979565), (0.395050, 0.979150), (0.391040, 0.979023), (0.387154, 0.978924), (0.383655, 0.979155), (0.380850, 0.979242), (0.400213, 0.978306), (0.404101, 0.978229), (0.407801, 0.979289), (0.408066, 0.978239), (0.411401, 0.979458), (0.411887, 0.978262), (0.384817, 0.978001), (0.415573, 0.979584), (0.415844, 0.978295), (0.419365, 0.979448), (0.419615, 0.978277), (0.423361, 0.979448), (0.423488, 0.978346), (0.426635, 0.978214), (0.426906, 0.979621), (0.388710, 0.977849), (0.395838, 0.978089), (0.391925, 0.977952), (0.427711, 0.978419), (0.430420, 0.979884), (0.430723, 0.978363), (0.382143, 0.977993), (0.378547, 0.978190), (0.377021, 0.979352), (0.374530, 0.978749), (0.371917, 0.979663), (0.431763, 0.978646), (0.369554, 0.978866), (0.387454, 0.977498), (0.376779, 0.978126), (0.645192, 0.068995), (0.643748, 0.070046), (0.647603, 0.069015), (0.519754, 0.251834), (0.519920, 0.249470), (0.518639, 0.246961), (0.521014, 0.254793), (0.521966, 0.253878), (0.522746, 0.256118), (0.521244, 0.256674), (0.520735, 0.248401), (0.522257, 0.252805), (0.519690, 0.244470), (0.517737, 0.248134), (0.468922, 0.249192), (0.431248, 0.252088), (0.374898, 0.256674), (0.895611, 0.002027), (0.899629, 0.002126), (0.903740, 0.001797), (0.907323, 0.002146), (0.911815, 0.002052), (0.916379, 0.001887), (0.892592, 0.001234), (0.889781, 0.001064), (0.900333, 0.001455), (0.896723, 0.001347), (0.908283, 0.001479), (0.889088, 0.001934), (0.886494, 0.001059), (0.885151, 0.001742), (0.912615, 0.001250), (0.916824, 0.000990), (0.919445, 0.001928), (0.920330, 0.001160), (0.922881, 0.001864), (0.924316, 0.001132), (0.929354, 0.001980), (0.931006, 0.001246), (0.885327, 0.000713), (0.881177, 0.000926), (0.875787, 0.000702), (0.876843, 0.001663), (0.873527, 0.001603), (0.873857, 0.000411), (0.870856, 0.000548), (0.933794, 0.001437), (0.869476, 0.001577), (0.869708, 0.000381), (0.865866, 0.000886), (0.864674, 0.001755), (0.864568, 0.000843), (0.861495, 0.001421), (0.334953, 0.067263), (0.334567, 0.069031), (0.334281, 0.066092), (0.597354, 0.127823), (0.597601, 0.130723), (0.597920, 0.134716), (0.598684, 0.133397), (0.599295, 0.137043), (0.598307, 0.127193), (0.597632, 0.125237), (0.598590, 0.138685), (0.598824, 0.130279), (0.599671, 0.141582), (0.598627, 0.141941), (0.599159, 0.144552), (0.598296, 0.121287), (0.597261, 0.122076), (0.597241, 0.119084), (0.598454, 0.117857), (0.597603, 0.116016), (0.598817, 0.114891), (0.600435, 0.145217), (0.597796, 0.113212), (0.599158, 0.110770), (0.600246, 0.147288), (0.599413, 0.148564), (0.599406, 0.150585), (0.601077, 0.152813), (0.600194, 0.154179), (0.601676, 0.157115), (0.599785, 0.156681), (0.601547, 0.159763), (0.601554, 0.163528), (0.602537, 0.163523), (0.602999, 0.167815), (0.602584, 0.169723), (0.603981, 0.171959), (0.603194, 0.173387), (0.604424, 0.175866), (0.603220, 0.176600), (0.601089, 0.165654), (0.604631, 0.179067), (0.599224, 0.107275), (0.604048, 0.179946), (0.605250, 0.181317), (0.604697, 0.182809), (0.605968, 0.182925), (0.600381, 0.107459), (0.600613, 0.105507), (0.599813, 0.104553), (0.601035, 0.103664), (0.600680, 0.101550), (0.601993, 0.100716), (0.601741, 0.098064), (0.603325, 0.096889), (0.602617, 0.095492), (0.603821, 0.094678), (0.603729, 0.092276), (0.605079, 0.091551), (0.604615, 0.089838), (0.605841, 0.089027), (0.605661, 0.086589), (0.607217, 0.086500), (0.607265, 0.184975), (0.608042, 0.186029), (0.607065, 0.085248), (0.606215, 0.084315), (0.607998, 0.083087), (0.606489, 0.180260), (0.605914, 0.176754), (0.602991, 0.162174), (0.601464, 0.168987), (0.601905, 0.172048), (0.607420, 0.183457), (0.604743, 0.171411), (0.603729, 0.182022), (0.608009, 0.081998), (0.604161, 0.166740), (0.601899, 0.150789), (0.599917, 0.134624), (0.600354, 0.139464), (0.599450, 0.126351), (0.602217, 0.154727), (0.599371, 0.122932), (0.599238, 0.116080), (0.028026, 0.335602), (0.356551, 0.232290), (0.356891, 0.228808), (0.353777, 0.229237), (0.356037, 0.233409), (0.357839, 0.234554), (0.317247, 0.295156), (0.313098, 0.294199), (0.317423, 0.293996), (0.318529, 0.294830), (0.320261, 0.294197), (0.322039, 0.295105), (0.325132, 0.294293), (0.325946, 0.295051), (0.329198, 0.294272), (0.330565, 0.295564), (0.331394, 0.294642), (0.331740, 0.295188), (0.335010, 0.295576), (0.334902, 0.294234), (0.336427, 0.294948), (0.338290, 0.294071), (0.342001, 0.294804), (0.342487, 0.293544), (0.344029, 0.295139), (0.320210, 0.293689), (0.314811, 0.293369), (0.311739, 0.293544), (0.312004, 0.294645), (0.307218, 0.293728), (0.307661, 0.292595), (0.306099, 0.293059), (0.302264, 0.292583), (0.301357, 0.294093), (0.306468, 0.294177), (0.300057, 0.293325), (0.300750, 0.292196), (0.299958, 0.294935), (0.324745, 0.293626), (0.337755, 0.293099), (0.319206, 0.292927), (0.323327, 0.292632), (0.316106, 0.291539), (0.446895, 0.817099), (0.446465, 0.813501), (0.448010, 0.813622), (0.583979, 0.076903), (0.586000, 0.077707), (0.579081, 0.077522), (0.582498, 0.078481), (0.588688, 0.076641), (0.591405, 0.077969), (0.592198, 0.076989), (0.579305, 0.076472), (0.575172, 0.076588), (0.573138, 0.077359), (0.575047, 0.078287), (0.594973, 0.077100), (0.571724, 0.076296), (0.568679, 0.077338), (0.569120, 0.078095), (0.566040, 0.077437), (0.565605, 0.078866), (0.562663, 0.077954), (0.562733, 0.078947), (0.559024, 0.078851), (0.579343, 0.078499), (0.594966, 0.078342), (0.571725, 0.078501), (0.586325, 0.078588), (0.591328, 0.078851), (0.592986, 0.075941), (0.596650, 0.076719), (0.596669, 0.077713), (0.559304, 0.077521), (0.122521, 0.672367), (0.121039, 0.669969), (0.120634, 0.672559), (0.122476, 0.669366), (0.122025, 0.667767), (0.121803, 0.674690), (0.120664, 0.666822), (0.121895, 0.664530), (0.121110, 0.664044), (0.122509, 0.663253), (0.121355, 0.660681), (0.122480, 0.679285), (0.122360, 0.682497), (0.123251, 0.681771), (0.122489, 0.686329), (0.123477, 0.665237), (0.123086, 0.660002), (0.123411, 0.671406), (0.123691, 0.669527), (0.121728, 0.658409), (0.122586, 0.656917), (0.123383, 0.687168), (0.123883, 0.667663), (0.123548, 0.663124), (0.123816, 0.685016), (0.123816, 0.656369), (0.067831, 0.815536), (0.066199, 0.812783), (0.066501, 0.814781), (0.067461, 0.810450), (0.066504, 0.815892), (0.067461, 0.818078), (0.065432, 0.815852), (0.958103, 0.057489), (0.953388, 0.057586), (0.961612, 0.056318), (0.964607, 0.056631), (0.960208, 0.057590), (0.961593, 0.057572), (0.952478, 0.057576), (0.124876, 0.144787), (0.119336, 0.148536), (0.119285, 0.145261), (0.119261, 0.143793), (0.107775, 0.147395), (0.107939, 0.144590), (0.113409, 0.144941), (0.113962, 0.147516), (0.962432, 0.079631), (0.962453, 0.078385), (0.965760, 0.080004), (0.958283, 0.078824), (0.957847, 0.079819), (0.966314, 0.078743), (0.954215, 0.078995), (0.970828, 0.079649), (0.969163, 0.078644), (0.972730, 0.078556), (0.968911, 0.080663), (0.972848, 0.080414), (0.975621, 0.079407), (0.954868, 0.080595), (0.951962, 0.079903), (0.950925, 0.078638), (0.948740, 0.079078), (0.947584, 0.079963), (0.946900, 0.078718), (0.944164, 0.079567), (0.941662, 0.078552), (0.976512, 0.078660), (0.981175, 0.078650), (0.959259, 0.078185), (0.940548, 0.079349), (0.941187, 0.080521), (0.938668, 0.079696), (0.945160, 0.080723), (0.942713, 0.081158), (0.963347, 0.080647), (0.959963, 0.081213), (0.957841, 0.080889), (0.965198, 0.081158), (0.947482, 0.081032), (0.950583, 0.081236), (0.120627, 0.757205), (0.872868, 0.952276), (0.873737, 0.954998), (0.873989, 0.950982), (0.906946, 0.094606), (0.904736, 0.092685), (0.547351, 0.516317), (0.544798, 0.517577), (0.547665, 0.513714), (0.546145, 0.515129), (0.544679, 0.514986), (0.239069, 0.308947), (0.238629, 0.307780), (0.237612, 0.309848), (0.242263, 0.308087), (0.242062, 0.310069), (0.243158, 0.309468), (0.244887, 0.308993), (0.245735, 0.309848), (0.456688, 0.600897), (0.459626, 0.600976), (0.457630, 0.601901), (0.454920, 0.601849), (0.460090, 0.601909), (0.462524, 0.600956), (0.462665, 0.601926), (0.454991, 0.600686), (0.453224, 0.600806), (0.463998, 0.600922), (0.451259, 0.600968), (0.611016, 0.178772), (0.618159, 0.177384), (0.622781, 0.176657), (0.622156, 0.177711), (0.626406, 0.176526), (0.626824, 0.175198), (0.628821, 0.176408), (0.632998, 0.175147), (0.631885, 0.176586), (0.636187, 0.176524), (0.637313, 0.175468), (0.641193, 0.176194), (0.642069, 0.175104), (0.644640, 0.176485), (0.645815, 0.175076), (0.648461, 0.175946), (0.650413, 0.177031), (0.652274, 0.176299), (0.652240, 0.175288), (0.656106, 0.176278), (0.656238, 0.175246), (0.659824, 0.176490), (0.659490, 0.176933), (0.662776, 0.176220), (0.665426, 0.177115), (0.660627, 0.175649), (0.665672, 0.175641), (0.659224, 0.175057), (0.666732, 0.176742), (0.670217, 0.177654), (0.673842, 0.178871), (0.594800, 0.267441), (0.597436, 0.268116), (0.670110, 0.547122), (0.669525, 0.549185), (0.668774, 0.545004), (0.671362, 0.545671), (0.964595, 0.902833), (0.963542, 0.903142), (0.964938, 0.907813), (0.963074, 0.901057), (0.964380, 0.899811), (0.966810, 0.904650), (0.966432, 0.908071), (0.963882, 0.897263), (0.967012, 0.901304), (0.964863, 0.909123), (0.966054, 0.896265), (0.967916, 0.893389), (0.968625, 0.898893), (0.964252, 0.891304), (0.703899, 0.082274), (0.504326, 0.301561), (0.505362, 0.300509), (0.503647, 0.299050), (0.505950, 0.298128), (0.505959, 0.302070), (0.505319, 0.304081), (0.506154, 0.295374), (0.506091, 0.316309), (0.505884, 0.313758), (0.505118, 0.315072), (0.504246, 0.313649), (0.504268, 0.316007), (0.505124, 0.312495), (0.505045, 0.305766), (0.505854, 0.307696), (0.506783, 0.308319), (0.506069, 0.310559), (0.507150, 0.309604), (0.506744, 0.312972), (0.506986, 0.314912), (0.506910, 0.318912), (0.507311, 0.321687), (0.507311, 0.305680), (0.506575, 0.301488), (0.506737, 0.296838), (0.504064, 0.310017), (0.505090, 0.309045), (0.504296, 0.307541), (0.503392, 0.307150), (0.503573, 0.304531), (0.503390, 0.301734), (0.503249, 0.310954), (0.503293, 0.313373), (0.539672, 0.655960), (0.538125, 0.654790), (0.536800, 0.653341), (0.536701, 0.655677), (0.540691, 0.654364), (0.537810, 0.656237), (0.540481, 0.656369), (0.535427, 0.653120), (0.534986, 0.654378), (0.533249, 0.654627), (0.534587, 0.656064), (0.532724, 0.652794), (0.532494, 0.656222), (0.313160, 0.395086), (0.311072, 0.395358), (0.297446, 0.395500), (0.292727, 0.395380), (0.240780, 0.391595), (0.219445, 0.395157), (0.200733, 0.391734), (0.240431, 0.395211), (0.270655, 0.395348), (0.269444, 0.391141), (0.293986, 0.392029), (0.305717, 0.392830), (0.187125, 0.395500), (0.205152, 0.395492), (0.183211, 0.391710), (0.182359, 0.395453), (0.174600, 0.395468), (0.168581, 0.390479), (0.166338, 0.395307), (0.163201, 0.393293), (0.163250, 0.395346), (0.157728, 0.395103), (0.157699, 0.393761), (0.557110, 0.675516), (0.558489, 0.674309), (0.865556, 0.838928), (0.864770, 0.838412), (0.865135, 0.838852), (0.865331, 0.837829), (0.864781, 0.837902), (0.865080, 0.836944), (0.864364, 0.837377), (0.864440, 0.836840), (0.865476, 0.839774), (0.864734, 0.839965), (0.864190, 0.832646), (0.863714, 0.833466), (0.864507, 0.833380), (0.863385, 0.832060), (0.864277, 0.833988), (0.863349, 0.834600), (0.863664, 0.835231), (0.863250, 0.830749), (0.863989, 0.831166), (0.863410, 0.828939), (0.862889, 0.828000), (0.863557, 0.825784), (0.862752, 0.824988), (0.862535, 0.823011), (0.863219, 0.820111), (0.862365, 0.819162), (0.863540, 0.824024), (0.862233, 0.816394), (0.863271, 0.817624), (0.862489, 0.812445), (0.863339, 0.813457), (0.861749, 0.807552), (0.863311, 0.809160), (0.863419, 0.807292), (0.862469, 0.805223), (0.861414, 0.799693), (0.862617, 0.800695), (0.863461, 0.802038), (0.862199, 0.796036), (0.863676, 0.797403), (0.863559, 0.794635), (0.862624, 0.793349), (0.861912, 0.789996), (0.862609, 0.788705), (0.863537, 0.790055), (0.862403, 0.785173), (0.862546, 0.780250), (0.862875, 0.775541), (0.863396, 0.770714), (0.863939, 0.765863), (0.863517, 0.781988), (0.863873, 0.776954), (0.863061, 0.834881), (0.863394, 0.836297), (0.864032, 0.836375), (0.864026, 0.838045), (0.864439, 0.839540), (0.865143, 0.761089), (0.864220, 0.759661), (0.864800, 0.754910), (0.864457, 0.748533), (0.864840, 0.750437), (0.502344, 0.498354), (0.505221, 0.498738), (0.501319, 0.499237), (0.507823, 0.498321), (0.900068, 0.403226), (0.901300, 0.402550), (0.886382, 0.408754), (0.886092, 0.406170), (0.884791, 0.405128), (0.886316, 0.403831), (0.884334, 0.403883), (0.883902, 0.397140), (0.886237, 0.397231), (0.884026, 0.400620), (0.887944, 0.405824), (0.888438, 0.408436), (0.889757, 0.405663), (0.892390, 0.405804), (0.890801, 0.407422), (0.881720, 0.406229), (0.879301, 0.408278), (0.895338, 0.405990), (0.898464, 0.406574), (0.898772, 0.402787), (0.058019, 0.876631), (0.059063, 0.875391), (0.056523, 0.875286), (0.053259, 0.876812), (0.060520, 0.876162), (0.052396, 0.876162), (0.728062, 0.724509), (0.730303, 0.725176), (0.732051, 0.727128), (0.726381, 0.725671), (0.724866, 0.725026), (0.734108, 0.725070), (0.734799, 0.726878), (0.736476, 0.725065), (0.736997, 0.726692), (0.739495, 0.725328), (0.737578, 0.728794), (0.245783, 0.034798), (0.685322, 0.169259), (0.682734, 0.169775), (0.681481, 0.168606), (0.678614, 0.169139), (0.689088, 0.170153), (0.674450, 0.169521), (0.005034, 0.830591), (0.128183, 0.742563), (0.122974, 0.743279), (0.561481, 0.594327), (0.560847, 0.596057), (0.559292, 0.593413), (0.559064, 0.595365), (0.557911, 0.596724), (0.563356, 0.594858), (0.563363, 0.597417), (0.560711, 0.591533), (0.562071, 0.593727), (0.547552, 0.267468), (0.547773, 0.271397), (0.547539, 0.264410), (0.024777, 0.358067), (0.646017, 0.213720), (0.645271, 0.212736), (0.646223, 0.211390), (0.645369, 0.210145), (0.644598, 0.216552), (0.644634, 0.211078), (0.645943, 0.216836), (0.645369, 0.217773), (0.084058, 0.716470), (0.081145, 0.717040), (0.077306, 0.716650), (0.078396, 0.715675), (0.071184, 0.715522), (0.067176, 0.714539), (0.082944, 0.717383), (0.070324, 0.716102), (0.064875, 0.715025), (0.065783, 0.713719), (0.086598, 0.718176), (0.088594, 0.717374), (0.092837, 0.716407), (0.084308, 0.718743), (0.082707, 0.720289), (0.082697, 0.718669), (0.100859, 0.713850), (0.102156, 0.712532), (0.103883, 0.712723), (0.105572, 0.712805), (0.107626, 0.711463), (0.109981, 0.711618), (0.112093, 0.710334), (0.115715, 0.710318), (0.117868, 0.708869), (0.121505, 0.708902), (0.125229, 0.706531), (0.129784, 0.719618), (0.132215, 0.712508), (0.134209, 0.715392), (0.134681, 0.712385), (0.136486, 0.717894), (0.137101, 0.712652), (0.081620, 0.718925), (0.080922, 0.720409), (0.081129, 0.721748), (0.079594, 0.721968), (0.251000, 0.003433), (0.250333, 0.004446), (0.251828, 0.004552), (0.250590, 0.006766), (0.252234, 0.008082), (0.251422, 0.008287), (0.251692, 0.011211), (0.250858, 0.010345), (0.250705, 0.012833), (0.251738, 0.013637), (0.250170, 0.009030), (0.250743, 0.014943), (0.252234, 0.016352), (0.249654, 0.011662), (0.249685, 0.007543), (0.249120, 0.010074), (0.249038, 0.012981), (0.250404, 0.017024), (0.248985, 0.018621), (0.250716, 0.021219), (0.249420, 0.014899), (0.251334, 0.017730), (0.249154, 0.021739), (0.485650, 0.282961), (0.485760, 0.286584), (0.485820, 0.289547), (0.485732, 0.292662), (0.485688, 0.296286), (0.485725, 0.302268), (0.842642, 0.886471), (0.842854, 0.884367), (0.841541, 0.885725), (0.842555, 0.888278), (0.841596, 0.890650), (0.842505, 0.857096), (0.840993, 0.856979), (0.842371, 0.858954), (0.841250, 0.859515), (0.842033, 0.862516), (0.840941, 0.866510), (0.841898, 0.865384), (0.840814, 0.864725), (0.841812, 0.868736), (0.840374, 0.869117), (0.840587, 0.862760), (0.840731, 0.870763), (0.841834, 0.872142), (0.840916, 0.872544), (0.841609, 0.875555), (0.840532, 0.876027), (0.841575, 0.878772), (0.840542, 0.879570), (0.841730, 0.882000), (0.840524, 0.882774), (0.840416, 0.885657), (0.840722, 0.889527), (0.841011, 0.894355), (0.842441, 0.876295), (0.842865, 0.874210), (0.842636, 0.879566), (0.843167, 0.882483), (0.842726, 0.870424), (0.843300, 0.868875), (0.842852, 0.865615), (0.843422, 0.862820), (0.843167, 0.859811), (0.843623, 0.857097), (0.512245, 0.572888), (0.511030, 0.574698), (0.512751, 0.575753), (0.511190, 0.576598), (0.512322, 0.578652), (0.512454, 0.569571), (0.512676, 0.566446), (0.512871, 0.563834), (0.511304, 0.570125), (0.511206, 0.568649), (0.511432, 0.564592), (0.510710, 0.578929), (0.510561, 0.572534), (0.511189, 0.580858), (0.512486, 0.581560), (0.511419, 0.583308), (0.511711, 0.584982), (0.513834, 0.586209), (0.512743, 0.587666), (0.511109, 0.587428), (0.511593, 0.588599), (0.512771, 0.589842), (0.511134, 0.590264), (0.512047, 0.590989), (0.513301, 0.593437), (0.511498, 0.592892), (0.513052, 0.595076), (0.512770, 0.596859), (0.514127, 0.599161), (0.591795, 0.264973), (0.590214, 0.265828), (0.590257, 0.264302), (0.586921, 0.264973), (0.674655, 0.350731), (0.840374, 0.237035), (0.842811, 0.238999), (0.842644, 0.236842), (0.840733, 0.238916), (0.842644, 0.245233), (0.673344, 0.247404), (0.604380, 0.246557), (0.600552, 0.246887), (0.601587, 0.245870), (0.605588, 0.245630), (0.608261, 0.246247), (0.612554, 0.245954), (0.597725, 0.246917), (0.593542, 0.247026), (0.595164, 0.245979), (0.599810, 0.245641), (0.597198, 0.245393), (0.613674, 0.245118), (0.615269, 0.246763), (0.616379, 0.245770), (0.619122, 0.246557), (0.617545, 0.245100), (0.620408, 0.245769), (0.624876, 0.245928), (0.624066, 0.245295), (0.621384, 0.244648), (0.628246, 0.244934), (0.629605, 0.245593), (0.633880, 0.245464), (0.636290, 0.244258), (0.639646, 0.245546), (0.641576, 0.244062), (0.644797, 0.244688), (0.648818, 0.244518), (0.649080, 0.245595), (0.652766, 0.244859), (0.653845, 0.244341), (0.656460, 0.245134), (0.657541, 0.244312), (0.660241, 0.245205), (0.663230, 0.245573), (0.665837, 0.246654), (0.667148, 0.246201), (0.668469, 0.245544), (0.669747, 0.246538), (0.653501, 0.245923), (0.647216, 0.246187), (0.644216, 0.245871), (0.657794, 0.245910), (0.651042, 0.246241), (0.656378, 0.246133), (0.628518, 0.247447), (0.632161, 0.247400), (0.619826, 0.247964), (0.615487, 0.248173), (0.624034, 0.247662), (0.642396, 0.246527), (0.637018, 0.246908), (0.485087, 0.876523), (0.484703, 0.874620), (0.484126, 0.877162), (0.484694, 0.880555), (0.485378, 0.872235), (0.483800, 0.880740), (0.220241, 0.532124), (0.219856, 0.534924), (0.218905, 0.536004), (0.219253, 0.532776), (0.218507, 0.534617), (0.218098, 0.537917), (0.218993, 0.539491), (0.218675, 0.541355), (0.218998, 0.544516), (0.218706, 0.531900), (0.219698, 0.530673), (0.217879, 0.543450), (0.217750, 0.545763), (0.217946, 0.540321), (0.220004, 0.543891), (0.219670, 0.546855), (0.218613, 0.546590), (0.218760, 0.550095), (0.217627, 0.548457), (0.217749, 0.551829), (0.218800, 0.553176), (0.217557, 0.556142), (0.218151, 0.557601), (0.219416, 0.557056), (0.218028, 0.561995), (0.217235, 0.561480), (0.216628, 0.564324), (0.217825, 0.565868), (0.218976, 0.562471), (0.219815, 0.558908), (0.216624, 0.569232), (0.217712, 0.570056), (0.217056, 0.572528), (0.218767, 0.573999), (0.217790, 0.576958), (0.216491, 0.576944), (0.217022, 0.578129), (0.218833, 0.578527), (0.217761, 0.582175), (0.219141, 0.569512), (0.219161, 0.565377), (0.219438, 0.581109), (0.218668, 0.585401), (0.217229, 0.585498), (0.218370, 0.587864), (0.219950, 0.588077), (0.219805, 0.593132), (0.218659, 0.593167), (0.220466, 0.597673), (0.219575, 0.597859), (0.219870, 0.601227), (0.221021, 0.593831), (0.221365, 0.601272), (0.221060, 0.602975), (0.988059, 0.032663), (0.986191, 0.032941), (0.986789, 0.035012), (0.988985, 0.036035), (0.987705, 0.036156), (0.989284, 0.037544), (0.988022, 0.038449), (0.987068, 0.037513), (0.989846, 0.040162), (0.986054, 0.038765), (0.986560, 0.040852), (0.989049, 0.041817), (0.987635, 0.042014), (0.989432, 0.043500), (0.989666, 0.045385), (0.987127, 0.031733), (0.987835, 0.030282), (0.989213, 0.031720), (0.989226, 0.029435), (0.987014, 0.028849), (0.988622, 0.026617), (0.986452, 0.026886), (0.987882, 0.024219), (0.989548, 0.024635), (0.989714, 0.034521), (0.986746, 0.023002), (0.987469, 0.021570), (0.988547, 0.017857), (0.986659, 0.020426), (0.989666, 0.026777), (0.986143, 0.030140), (0.986199, 0.023908), (0.985784, 0.036247), (0.836501, 0.849423), (0.834166, 0.842021), (0.835197, 0.833272), (0.835422, 0.818283), (0.835253, 0.842076), (0.835785, 0.797386), (0.836056, 0.774790), (0.836195, 0.762835), (0.836378, 0.755691), (0.836379, 0.847207), (0.834821, 0.849307), (0.836521, 0.826023), (0.836347, 0.841501), (0.836724, 0.814653), (0.837145, 0.785156), (0.837319, 0.765273), (0.837119, 0.756378), (0.728531, 0.719943), (0.728319, 0.720624), (0.727394, 0.720125), (0.727866, 0.718682), (0.726963, 0.718760), (0.726520, 0.717719), (0.730057, 0.719581), (0.730998, 0.720502), (0.730400, 0.718214), (0.732342, 0.719973), (0.734028, 0.720166), (0.735488, 0.720301), (0.732469, 0.715596), (0.733720, 0.714830), (0.729795, 0.716444), (0.735414, 0.714172), (0.731470, 0.716119), (0.731208, 0.714375), (0.730764, 0.715517), (0.727603, 0.716126), (0.730085, 0.715497), (0.728555, 0.714951), (0.726703, 0.715279), (0.729552, 0.713847), (0.726212, 0.716211), (0.734830, 0.713334), (0.732417, 0.712050), (0.734126, 0.711858), (0.735351, 0.711389), (0.731308, 0.711566), (0.738789, 0.710484), (0.743601, 0.710898), (0.748418, 0.710969), (0.752393, 0.711260), (0.725282, 0.717137), (0.724740, 0.715431), (0.723551, 0.716829), (0.754622, 0.711975), (0.756979, 0.711416), (0.759469, 0.711954), (0.761877, 0.711316), (0.764324, 0.712064), (0.766463, 0.711504), (0.768910, 0.712242), (0.776010, 0.709723), (0.774592, 0.713009), (0.777091, 0.712802), (0.779244, 0.712149), (0.782018, 0.707320), (0.799511, 0.701427), (0.781027, 0.713636), (0.782416, 0.711782), (0.785888, 0.714086), (0.784169, 0.712621), (0.787550, 0.711961), (0.789637, 0.712803), (0.791573, 0.715117), (0.791673, 0.713749), (0.794575, 0.714921), (0.795611, 0.713580), (0.798425, 0.715569), (0.800278, 0.713789), (0.801958, 0.714402), (0.803867, 0.715939), (0.805609, 0.713821), (0.807931, 0.714678), (0.810107, 0.715571), (0.814516, 0.715327), (0.820412, 0.717571), (0.819790, 0.715404), (0.821482, 0.716176), (0.824532, 0.717489), (0.826990, 0.716470), (0.833641, 0.718369), (0.839623, 0.716954), (0.841922, 0.717936), (0.845342, 0.719244), (0.846354, 0.717302), (0.848148, 0.718011), (0.836564, 0.716309), (0.832514, 0.716779), (0.825493, 0.715517), (0.831498, 0.715855), (0.648732, 0.275689), (0.648531, 0.274218), (0.646044, 0.276798), (0.646645, 0.277640), (0.643170, 0.277212), (0.650820, 0.277548), (0.651305, 0.276830), (0.642311, 0.275517), (0.639855, 0.277456), (0.640990, 0.274906), (0.638611, 0.275958), (0.636304, 0.277897), (0.647674, 0.274756), (0.646064, 0.275316), (0.644994, 0.274600), (0.637302, 0.275503), (0.634464, 0.276664), (0.633317, 0.276266), (0.654928, 0.277486), (0.656819, 0.277010), (0.659131, 0.277520), (0.664128, 0.278032), (0.641734, 0.277908), (0.633845, 0.275532), (0.638442, 0.274990), (0.642169, 0.274446), (0.326983, 0.003379), (0.328041, 0.004871), (0.328332, 0.002671), (0.326084, 0.006484), (0.327393, 0.006385), (0.321842, 0.004904), (0.329141, 0.004463), (0.329673, 0.002876), (0.454509, 0.609330), (0.456133, 0.609473), (0.455453, 0.606026), (0.455453, 0.610603), (0.416153, 0.925448), (0.413098, 0.925040), (0.410731, 0.926026), (0.410568, 0.924606), (0.414081, 0.926392), (0.417141, 0.926392), (0.541350, 0.493715), (0.525020, 0.486525), (0.499147, 0.474582), (0.481052, 0.466685), (0.482198, 0.465726), (0.526810, 0.485720), (0.541543, 0.492269), (0.546469, 0.492626), (0.475728, 0.463029), (0.539073, 0.489387), (0.518465, 0.480105), (0.480609, 0.462966), (0.473802, 0.459656), (0.473748, 0.463148), (0.472262, 0.462259), (0.466293, 0.459709), (0.463423, 0.455243), (0.463962, 0.457616), (0.461261, 0.456096), (0.453815, 0.450532), (0.452539, 0.451692), (0.458578, 0.455926), (0.447993, 0.450806), (0.422773, 0.435531), (0.401001, 0.425146), (0.404006, 0.428319), (0.420615, 0.436300), (0.385068, 0.417293), (0.381265, 0.417286), (0.363183, 0.406777), (0.355287, 0.404851), (0.340873, 0.395843), (0.336480, 0.395749), (0.330070, 0.390437), (0.336369, 0.396898), (0.330183, 0.392767), (0.471255, 0.464443), (0.462677, 0.460220), (0.466290, 0.467957), (0.466894, 0.471808), (0.471077, 0.468511), (0.463726, 0.474088), (0.467460, 0.475304), (0.495523, 0.468583), (0.476618, 0.459915), (0.538519, 0.488078), (0.460967, 0.474773), (0.347836, 0.398236), (0.334296, 0.391493), (0.385422, 0.416542), (0.544110, 0.508539), (0.542365, 0.511850), (0.325953, 0.388211), (0.324244, 0.389276), (0.318971, 0.384565), (0.316236, 0.385020), (0.308533, 0.378706), (0.305279, 0.378810), (0.323896, 0.386038), (0.312856, 0.380119), (0.288082, 0.366171), (0.281827, 0.363881), (0.265436, 0.353346), (0.259372, 0.351125), (0.240004, 0.338855), (0.240267, 0.340194), (0.238431, 0.341391), (0.265169, 0.356340), (0.230727, 0.333544), (0.228476, 0.333244), (0.227179, 0.335329), (0.221624, 0.329376), (0.227060, 0.338152), (0.227759, 0.344782), (0.220401, 0.334183), (0.224746, 0.349808), (0.221630, 0.331178), (0.215639, 0.327884), (0.221241, 0.333023), (0.215616, 0.324759), (0.214553, 0.325242), (0.195366, 0.313855), (0.189195, 0.308919), (0.174511, 0.301286), (0.165753, 0.294848), (0.164018, 0.294932), (0.160419, 0.291380), (0.159664, 0.292040), (0.197924, 0.317335), (0.170557, 0.301084), (0.432399, 0.439165), (0.459535, 0.452246), (0.233379, 0.338725), (0.162221, 0.296076), (0.159081, 0.290669), (0.157919, 0.293036), (0.473170, 0.464741), (0.153099, 0.295192), (0.142633, 0.310851), (0.140398, 0.311709), (0.135648, 0.318724), (0.123207, 0.337047), (0.110308, 0.358281), (0.106502, 0.361559), (0.094905, 0.378561), (0.083832, 0.397015), (0.078580, 0.402353), (0.061063, 0.430246), (0.054119, 0.438103), (0.045287, 0.453458), (0.038610, 0.460825), (0.015914, 0.496354), (0.063769, 0.038761), (0.065394, 0.038684), (0.064565, 0.035469), (0.064565, 0.040046), (0.870533, 0.948638), (0.869618, 0.947639), (0.870789, 0.946695), (0.869701, 0.945473), (0.870967, 0.951290), (0.678197, 0.523322), (0.682047, 0.522206), (0.681428, 0.523438), (0.678573, 0.522584), (0.682546, 0.523097), (0.685790, 0.521877), (0.685731, 0.523200), (0.676930, 0.522316), (0.677050, 0.523646), (0.673842, 0.523200), (0.686840, 0.522696), (0.679929, 0.521552), (0.683895, 0.521358), (0.997592, 0.095728), (0.997489, 0.097254), (0.993907, 0.096501), (0.191321, 0.065908), (0.188856, 0.064821), (0.185652, 0.066190), (0.181468, 0.066323), (0.173828, 0.065907), (0.085273, 0.065361), (0.086381, 0.065809), (0.084741, 0.066385), (0.084298, 0.065316), (0.083466, 0.066300), (0.083037, 0.065383), (0.082688, 0.065980), (0.081417, 0.065197), (0.081139, 0.065479), (0.081678, 0.066448), (0.086305, 0.066383), (0.087239, 0.066342), (0.087848, 0.065714), (0.087257, 0.065185), (0.089090, 0.066108), (0.089883, 0.065449), (0.091072, 0.066023), (0.093503, 0.065659), (0.095964, 0.065417), (0.098405, 0.065095), (0.102682, 0.065250), (0.083341, 0.066958), (0.146700, 0.064744), (0.348708, 0.494117), (0.344348, 0.493822), (0.494844, 0.542715), (0.498375, 0.541801), (0.158939, 0.014487), (0.160222, 0.014680), (0.160373, 0.013430), (0.163401, 0.014423), (0.163817, 0.013349), (0.167243, 0.014527), (0.167655, 0.013415), (0.170999, 0.014430), (0.155687, 0.013376), (0.155715, 0.014818), (0.154746, 0.014345), (0.151803, 0.013471), (0.151690, 0.014874), (0.555627, 0.590177), (0.528072, 0.607436), (0.528035, 0.608511), (0.527861, 0.613526), (0.069329, 0.477948), (0.068910, 0.478655), (0.065816, 0.478582), (0.070370, 0.479357), (0.070682, 0.477922), (0.073517, 0.479405), (0.066215, 0.477117), (0.064964, 0.477753), (0.050722, 0.477782), (0.051999, 0.477491), (0.051947, 0.478771), (0.048457, 0.478820), (0.054517, 0.477949), (0.047907, 0.477530), (0.046710, 0.478271), (0.058590, 0.477574), (0.055571, 0.478473), (0.055536, 0.477249), (0.062486, 0.477590), (0.059268, 0.478332), (0.056520, 0.479370), (0.060945, 0.479405), (0.063336, 0.478393), (0.065090, 0.479362), (0.139026, 0.331794), (0.137818, 0.330712), (0.139301, 0.329624), (0.138584, 0.327966), (0.670053, 0.719942), (0.674057, 0.719474), (0.666860, 0.719934), (0.663385, 0.720442), (0.678437, 0.719669), (0.659783, 0.720036), (0.673349, 0.720442), (0.981195, 0.058067), (0.983345, 0.056915), (0.986714, 0.057385), (0.986093, 0.058491), (0.982813, 0.058849), (0.979707, 0.059115), (0.679891, 0.002509), (0.680676, 0.001057), (0.682859, 0.001889), (0.679058, 0.001586), (0.683720, 0.001295), (0.686378, 0.002110), (0.677515, 0.000708), (0.675901, 0.001330), (0.683883, 0.002928), (0.676238, 0.000381), (0.671971, 0.000810), (0.671739, 0.001520), (0.668998, 0.000950), (0.668322, 0.001689), (0.665420, 0.001083), (0.664386, 0.001814), (0.661290, 0.001275), (0.660336, 0.002091), (0.657367, 0.001531), (0.656496, 0.002384), (0.653416, 0.001731), (0.652464, 0.002600), (0.649507, 0.001886), (0.648420, 0.002702), (0.645294, 0.002056), (0.644263, 0.002972), (0.641364, 0.002296), (0.640419, 0.003245), (0.637716, 0.002485), (0.636474, 0.003433), (0.682777, 0.003083), (0.686699, 0.003433), (0.688457, 0.002826), (0.689215, 0.001722), (0.690089, 0.002375), (0.866369, 0.922518), (0.865012, 0.921815), (0.865146, 0.923341), (0.861495, 0.922518), (0.293766, 0.615942), (0.296913, 0.616536), (0.293880, 0.617468), (0.292851, 0.616536), (0.109807, 0.304448), (0.107631, 0.304421), (0.111996, 0.304713), (0.110550, 0.305686), (0.108759, 0.305792), (0.106007, 0.305204), (0.103920, 0.304354), (0.102383, 0.305493), (0.101224, 0.304618), (0.099057, 0.305187), (0.096397, 0.306255), (0.114135, 0.306255), (0.097174, 0.305259), (0.446760, 0.591238), (0.447269, 0.588222), (0.446876, 0.584767), (0.446903, 0.581113), (0.446902, 0.577456), (0.447517, 0.574417), (0.447004, 0.571338), (0.447598, 0.565077), (0.447498, 0.560829), (0.725504, 0.048340), (0.723291, 0.046911), (0.722800, 0.048436), (0.725849, 0.047163), (0.727457, 0.047793), (0.720146, 0.047793), (0.802656, 0.818438), (0.801552, 0.818273), (0.802305, 0.814759), (0.801522, 0.813401), (0.800973, 0.820551), (0.801038, 0.808727), (0.801875, 0.806675), (0.801241, 0.804020), (0.801809, 0.823091), (0.801010, 0.826246), (0.801109, 0.828228), (0.803001, 0.831427), (0.801880, 0.831389), (0.801309, 0.834357), (0.801841, 0.799909), (0.929540, 0.948700), (0.925862, 0.948064), (0.924473, 0.945239), (0.927847, 0.948411), (0.174741, 0.501865), (0.173994, 0.525345), (0.174126, 0.521379), (0.174465, 0.515030), (0.174350, 0.511619), (0.174617, 0.508111), (0.174550, 0.504790), (0.174055, 0.532131), (0.174166, 0.536105), (0.174111, 0.539744), (0.174116, 0.542659), (0.174065, 0.545806), (0.174239, 0.549291), (0.174313, 0.552813), (0.174492, 0.556619), (0.174551, 0.560200), (0.174406, 0.562652), (0.174450, 0.565023), (0.174543, 0.568522), (0.379156, 0.544899), (0.380734, 0.543861), (0.379483, 0.543587), (0.378649, 0.546855), (0.380751, 0.546332), (0.378348, 0.549745), (0.383125, 0.540994), (0.379531, 0.550159), (0.377266, 0.550461), (0.377293, 0.553679), (0.378643, 0.553856), (0.383356, 0.542033), (0.376317, 0.554424), (0.377008, 0.557393), (0.378600, 0.556390), (0.377908, 0.558148), (0.375944, 0.558270), (0.376967, 0.560794), (0.378245, 0.560080), (0.377945, 0.563413), (0.376932, 0.563383), (0.378393, 0.568090), (0.376175, 0.564315), (0.377267, 0.566808), (0.376551, 0.567782), (0.377868, 0.570423), (0.379651, 0.575405), (0.378365, 0.573912), (0.377678, 0.574906), (0.379016, 0.577559), (0.380495, 0.580941), (0.378145, 0.578533), (0.379470, 0.581217), (0.377185, 0.571396), (0.376099, 0.561931), (0.381674, 0.584330), (0.382498, 0.590613), (0.383112, 0.594864), (0.383337, 0.591425), (0.375923, 0.563411), (0.376306, 0.566834), (0.377403, 0.574042), (0.376290, 0.553470), (0.376803, 0.570551), (0.377801, 0.577655), (0.378168, 0.581428), (0.375711, 0.560950), (0.375748, 0.557258), (0.086128, 0.805159), (0.087327, 0.805552), (0.084157, 0.819446), (0.084850, 0.816678), (0.083266, 0.816965), (0.085011, 0.819972), (0.084103, 0.821365), (0.085429, 0.823183), (0.083835, 0.823015), (0.084123, 0.815930), (0.084891, 0.814631), (0.083497, 0.814617), (0.083878, 0.813595), (0.084592, 0.813536), (0.085199, 0.810984), (0.083799, 0.810934), (0.084689, 0.809889), (0.086332, 0.826024), (0.086237, 0.822132), (0.085701, 0.808767), (0.087066, 0.831419), (0.085821, 0.818262), (0.085403, 0.807890), (0.085689, 0.812584), (0.592901, 0.368802), (0.591777, 0.367486), (0.594844, 0.367925), (0.599618, 0.368263), (0.596205, 0.368578), (0.599064, 0.367460), (0.602611, 0.367933), (0.603178, 0.366427), (0.604917, 0.367627), (0.606227, 0.367089), (0.598013, 0.366602), (0.601435, 0.365978), (0.595869, 0.366399), (0.591821, 0.366498), (0.609737, 0.367447), (0.606501, 0.368210), (0.611351, 0.368802), (0.002843, 0.085646), (0.004468, 0.085643), (0.057061, 0.600624), (0.055587, 0.600329), (0.055188, 0.599799), (0.064376, 0.599037), (0.065521, 0.599271), (0.068428, 0.598510), (0.056394, 0.599865), (0.070135, 0.598099), (0.073253, 0.598850), (0.078713, 0.598610), (0.076248, 0.597812), (0.079578, 0.597152), (0.082900, 0.596748), (0.086835, 0.596138), (0.090366, 0.595377), (0.093900, 0.594989), (0.096570, 0.594630), (0.098289, 0.594915), (0.103085, 0.594921), (0.100827, 0.594136), (0.104547, 0.593347), (0.105641, 0.593583), (0.108595, 0.592810), (0.112698, 0.593243), (0.117011, 0.593230), (0.121724, 0.592435), (0.125878, 0.592564), (0.054954, 0.599288), (0.126413, 0.593893), (0.130882, 0.593872), (0.133902, 0.593458), (0.053664, 0.598928), (0.133579, 0.592641), (0.138583, 0.593836), (0.140652, 0.592980), (0.141833, 0.594073), (0.148841, 0.594145), (0.155452, 0.595486), (0.160019, 0.596037), (0.163669, 0.596254), (0.168662, 0.596476), (0.176595, 0.597609), (0.179205, 0.598940), (0.181879, 0.599166), (0.054384, 0.598150), (0.106043, 0.592306), (0.099094, 0.593651), (0.097910, 0.593349), (0.111403, 0.592140), (0.066169, 0.598216), (0.064788, 0.598499), (0.101769, 0.592793), (0.102950, 0.592935), (0.135664, 0.594305), (0.146775, 0.594680), (0.151332, 0.595919), (0.168310, 0.597286), (0.140182, 0.594786), (0.174726, 0.598956), (0.142345, 0.595459), (0.134376, 0.594848), (0.538993, 0.386372), (0.667413, 0.335240), (0.667630, 0.336237), (0.664499, 0.335977), (0.669167, 0.335257), (0.671153, 0.335947), (0.671570, 0.337036), (0.665954, 0.337529), (0.663282, 0.337036), (0.367847, 0.938338), (0.368043, 0.940600), (0.368060, 0.934459), (0.368730, 0.941726), (0.368910, 0.944053), (0.370024, 0.944872), (0.369698, 0.947006), (0.368851, 0.947871), (0.369862, 0.950714), (0.369155, 0.951579), (0.369856, 0.954307), (0.368012, 0.946824), (0.369212, 0.954719), (0.370024, 0.956140), (0.367587, 0.944134), (0.368422, 0.950939), (0.368116, 0.943127), (0.367668, 0.941855), (0.367605, 0.947931), (0.769699, 0.692666), (0.771324, 0.692779), (0.770615, 0.689931), (0.650571, 0.638027), (0.652493, 0.637300), (0.654452, 0.638143), (0.658385, 0.637905), (0.646145, 0.637636), (0.656720, 0.639132), (0.659309, 0.639588), (0.646129, 0.638510), (0.641348, 0.637785), (0.662470, 0.638608), (0.652190, 0.639588), (0.910185, 0.063045), (0.910384, 0.067480), (0.907564, 0.067402), (0.668339, 0.384279), (0.670088, 0.384782), (0.668600, 0.385584), (0.666309, 0.385316), (0.665880, 0.383887), (0.661986, 0.384719), (0.663482, 0.383561), (0.661344, 0.383177), (0.658826, 0.384023), (0.656291, 0.384449), (0.656896, 0.383556), (0.655208, 0.382860), (0.653099, 0.382997), (0.652535, 0.384285), (0.650308, 0.383211), (0.649080, 0.383898), (0.664401, 0.382761), (0.667701, 0.382940), (0.672218, 0.383139), (0.659955, 0.385189), (0.640277, 0.382608), (0.637084, 0.383281), (0.634161, 0.382385), (0.631277, 0.383566), (0.642116, 0.383606), (0.630319, 0.382687), (0.626950, 0.383341), (0.626509, 0.382022), (0.622773, 0.383573), (0.643137, 0.382836), (0.646249, 0.383986), (0.646657, 0.382653), (0.648914, 0.382540), (0.618966, 0.383099), (0.619595, 0.384133), (0.615801, 0.383718), (0.616292, 0.384856), (0.611386, 0.384105), (0.606804, 0.384458), (0.231113, 0.311440), (0.232067, 0.310831), (0.232163, 0.312357), (0.235175, 0.311440), (0.064774, 0.876136), (0.055668, 0.070122), (0.053757, 0.070557), (0.053949, 0.069135), (0.056100, 0.069287), (0.058015, 0.069502), (0.052534, 0.068595), (0.060829, 0.068268), (0.061097, 0.069587), (0.561654, 0.538139), (0.561614, 0.536613), (0.562551, 0.537433), (0.862337, 0.683066), (0.414751, 0.412273), (0.416000, 0.414012), (0.413947, 0.414102), (0.412433, 0.412428), (0.414078, 0.410831), (0.412244, 0.409539), (0.412602, 0.418229), (0.414691, 0.418617), (0.418299, 0.417655), (0.421640, 0.420431), (0.418679, 0.421441), (0.420414, 0.422585), (0.414194, 0.420723), (0.413689, 0.421647), (0.412175, 0.421174), (0.421219, 0.423007), (0.413473, 0.423827), (0.419460, 0.424058), (0.412171, 0.422475), (0.410288, 0.422510), (0.409132, 0.423889), (0.543681, 0.264376), (0.543888, 0.262375), (0.281348, 0.607584), (0.282994, 0.608963), (0.284353, 0.606881), (0.286674, 0.607542), (0.287924, 0.605216), (0.290859, 0.608747), (0.291038, 0.606167), (0.292362, 0.607256), (0.315396, 0.607526), (0.311969, 0.608648), (0.326928, 0.607236), (0.331122, 0.608751), (0.337574, 0.606602), (0.348648, 0.607324), (0.352255, 0.609077), (0.279041, 0.609077), (0.382514, 0.529365), (0.381035, 0.529748), (0.386921, 0.527328), (0.385793, 0.528673), (0.387730, 0.528939), (0.981722, 0.942269), (0.610022, 0.009135), (0.609667, 0.005356), (0.070938, 0.261915), (0.074247, 0.261737), (0.067169, 0.262275), (0.053345, 0.262231), (0.029062, 0.262177), (0.013272, 0.261637), (0.008409, 0.261291), (0.362290, 0.388635), (0.363337, 0.388878), (0.362345, 0.389522), (0.363902, 0.390343), (0.366438, 0.389709), (0.367815, 0.390616), (0.367446, 0.389090), (0.370304, 0.390128), (0.371733, 0.389564), (0.370358, 0.389154), (0.366372, 0.388741), (0.163336, 0.398921), (0.363666, 0.246596), (0.367214, 0.245768), (0.361849, 0.245409), (0.358292, 0.245233), (0.372330, 0.245805), (0.028733, 0.038684), (0.430013, 0.322218), (0.516440, 0.452514), (0.514983, 0.452716), (0.518637, 0.454484), (0.512646, 0.450620), (0.511217, 0.450902), (0.507398, 0.449100), (0.520047, 0.454199), (0.503774, 0.447347), (0.500168, 0.445538), (0.496371, 0.443609), (0.492400, 0.441803), (0.522512, 0.456250), (0.523949, 0.456015), (0.526484, 0.458065), (0.527859, 0.457827), (0.530105, 0.459969), (0.531573, 0.459780), (0.533429, 0.461735), (0.534697, 0.461510), (0.535917, 0.463367), (0.537247, 0.463154), (0.538956, 0.465121), (0.540533, 0.465015), (0.488570, 0.440159), (0.484824, 0.438397), (0.481033, 0.436469), (0.477163, 0.434601), (0.473535, 0.432769), (0.469290, 0.430470), (0.541689, 0.466742), (0.543267, 0.466585), (0.544507, 0.468987), (0.545823, 0.468605), (0.547459, 0.470142), (0.548107, 0.469249), (0.553494, 0.470233), (0.552949, 0.469001), (0.474970, 0.434561), (0.467163, 0.430936), (0.458982, 0.426599), (0.453961, 0.423589), (0.528222, 0.461226), (0.498244, 0.446466), (0.488087, 0.441004), (0.509406, 0.451728), (0.543445, 0.470311), (0.520988, 0.457066), (0.547652, 0.471484), (0.545211, 0.472487), (0.545349, 0.478900), (0.547333, 0.477961), (0.556875, 0.471899), (0.559496, 0.472249), (0.550635, 0.481122), (0.565367, 0.485713), (0.564991, 0.470919), (0.551433, 0.486412), (0.547065, 0.482071), (0.570838, 0.484137), (0.570838, 0.465423), (0.566191, 0.463855), (0.566550, 0.453462), (0.570954, 0.438151), (0.566341, 0.439595), (0.570621, 0.422534), (0.567040, 0.490610), (0.547377, 0.486483), (0.571077, 0.501082), (0.570116, 0.518682), (0.571075, 0.549843), (0.567779, 0.537821), (0.567408, 0.513505), (0.567008, 0.545610), (0.566660, 0.553928), (0.566368, 0.559183), (0.571022, 0.564955), (0.565592, 0.562829), (0.571087, 0.568732), (0.560804, 0.568839), (0.558021, 0.564257), (0.555797, 0.559712), (0.555185, 0.561250), (0.560643, 0.558483), (0.553754, 0.564636), (0.566324, 0.419320), (0.565766, 0.323221), (0.569500, 0.324800), (0.570790, 0.348951), (0.566083, 0.349070), (0.570612, 0.375289), (0.566162, 0.384680), (0.570861, 0.313052), (0.570808, 0.290517), (0.570766, 0.263165), (0.569949, 0.237567), (0.552246, 0.326687), (0.533138, 0.323254), (0.542433, 0.325395), (0.537802, 0.327043), (0.525780, 0.327086), (0.440276, 0.323919), (0.487592, 0.327234), (0.488979, 0.323752), (0.511801, 0.323601), (0.566500, 0.237946), (0.567428, 0.212387), (0.566405, 0.220257), (0.570070, 0.219558), (0.570163, 0.185404), (0.570839, 0.165699), (0.568636, 0.151229), (0.570490, 0.134299), (0.571171, 0.126005), (0.570950, 0.140095), (0.547925, 0.327050), (0.564342, 0.207002), (0.440165, 0.325155), (0.437218, 0.326952), (0.427694, 0.325582), (0.426266, 0.324691), (0.418175, 0.326464), (0.416374, 0.324185), (0.562236, 0.469628), (0.570755, 0.211725), (0.565642, 0.215048), (0.559197, 0.208629), (0.556781, 0.209045), (0.565935, 0.201917), (0.563879, 0.559230), (0.551657, 0.566874), (0.553951, 0.561065), (0.561773, 0.558037), (0.560518, 0.124714), (0.571487, 0.142665), (0.550030, 0.124951), (0.566039, 0.494909), (0.559418, 0.556928), (0.556244, 0.557610), (0.426798, 0.324527), (0.565997, 0.537140), (0.429795, 0.324091), (0.552612, 0.559060), (0.571487, 0.532097), (0.545726, 0.485917), (0.545496, 0.486941), (0.553882, 0.559459), (0.450817, 0.422413), (0.451325, 0.420851), (0.447841, 0.420060), (0.444209, 0.418831), (0.449643, 0.419535), (0.440703, 0.417173), (0.435428, 0.414531), (0.428048, 0.411000), (0.420556, 0.406937), (0.415691, 0.404930), (0.410949, 0.402588), (0.454905, 0.422721), (0.425100, 0.323347), (0.554027, 0.558768), (0.554450, 0.560792), (0.549986, 0.558509), (0.548418, 0.558965), (0.548657, 0.556511), (0.552770, 0.557813), (0.553875, 0.556741), (0.548387, 0.554912), (0.554184, 0.554832), (0.557975, 0.556014), (0.537608, 0.545778), (0.531576, 0.542089), (0.547438, 0.565842), (0.547256, 0.568719), (0.528989, 0.539771), (0.525964, 0.537379), (0.520992, 0.535735), (0.522117, 0.535214), (0.515888, 0.532561), (0.510418, 0.528304), (0.510182, 0.529120), (0.505413, 0.525529), (0.500308, 0.522939), (0.494969, 0.520184), (0.485861, 0.515667), (0.480871, 0.513031), (0.477142, 0.511042), (0.474398, 0.509798), (0.470524, 0.507929), (0.466839, 0.505902), (0.462902, 0.503808), (0.506895, 0.525580), (0.460886, 0.502795), (0.454243, 0.421648), (0.428502, 0.324144), (0.427320, 0.324291), (0.565032, 0.454429), (0.405242, 0.400920), (0.402888, 0.398852), (0.400770, 0.399223), (0.400504, 0.397468), (0.401955, 0.395421), (0.410836, 0.391645), (0.415369, 0.389391), (0.399586, 0.396714), (0.399151, 0.398013), (0.397536, 0.396752), (0.398082, 0.395477), (0.393185, 0.392535), (0.390535, 0.392572), (0.386716, 0.389645), (0.382362, 0.386955), (0.378029, 0.385043), (0.377624, 0.383377), (0.418002, 0.388540), (0.422264, 0.386683), (0.426840, 0.384501), (0.431898, 0.382039), (0.435912, 0.379707), (0.438485, 0.378252), (0.444000, 0.376479), (0.441945, 0.376107), (0.445005, 0.375092), (0.446417, 0.373919), (0.450780, 0.372295), (0.450818, 0.373346), (0.454214, 0.371219), (0.459587, 0.369169), (0.463349, 0.367999), (0.376341, 0.383290), (0.372288, 0.381018), (0.369352, 0.380004), (0.387450, 0.388772), (0.461335, 0.367786), (0.463670, 0.366559), (0.466968, 0.366286), (0.470019, 0.364475), (0.474186, 0.362274), (0.476140, 0.362000), (0.476193, 0.360946), (0.471237, 0.362650), (0.371691, 0.379243), (0.368605, 0.377486), (0.366142, 0.376333), (0.366680, 0.378579), (0.362891, 0.375705), (0.359731, 0.374069), (0.356701, 0.372087), (0.348380, 0.367290), (0.343763, 0.365040), (0.337924, 0.361548), (0.333846, 0.359708), (0.447813, 0.372771), (0.549211, 0.123718), (0.545518, 0.124656), (0.547665, 0.123114), (0.458587, 0.501216), (0.454332, 0.498451), (0.450246, 0.495457), (0.450227, 0.493970), (0.446655, 0.494275), (0.448639, 0.493327), (0.446525, 0.491723), (0.448342, 0.491637), (0.458985, 0.500488), (0.479501, 0.360491), (0.484070, 0.358182), (0.486842, 0.356796), (0.489460, 0.354780), (0.491466, 0.354243), (0.495157, 0.352593), (0.492860, 0.351724), (0.492915, 0.350162), (0.491073, 0.349661), (0.486665, 0.349787), (0.480855, 0.349611), (0.496855, 0.351235), (0.500753, 0.349043), (0.503071, 0.348637), (0.503795, 0.347492), (0.506268, 0.346958), (0.328415, 0.356323), (0.324737, 0.355122), (0.321696, 0.353534), (0.314276, 0.350828), (0.300470, 0.344628), (0.298635, 0.343357), (0.309488, 0.343977), (0.294276, 0.342285), (0.291307, 0.341099), (0.287342, 0.340073), (0.285118, 0.338661), (0.278099, 0.337499), (0.276029, 0.335730), (0.272402, 0.336044), (0.271230, 0.337744), (0.269108, 0.337759), (0.270315, 0.338256), (0.269363, 0.340835), (0.544195, 0.480663), (0.544056, 0.486608), (0.426024, 0.321842), (0.426920, 0.319270), (0.473257, 0.508447), (0.456477, 0.369321), (0.426408, 0.324100), (0.474802, 0.508997), (0.477867, 0.510575), (0.480688, 0.511958), (0.481637, 0.512811), (0.429904, 0.323298), (0.374052, 0.380721), (0.377024, 0.382246), (0.520786, 0.533527), (0.457206, 0.368305), (0.312515, 0.343828), (0.323728, 0.341943), (0.380460, 0.384161), (0.381747, 0.385233), (0.383785, 0.386742), (0.386392, 0.387406), (0.454818, 0.497846), (0.454606, 0.496835), (0.470307, 0.363660), (0.474643, 0.361147), (0.571166, 0.481045), (0.426617, 0.317302), (0.427336, 0.320456), (0.426758, 0.321716), (0.417684, 0.310489), (0.413013, 0.307523), (0.427396, 0.322033), (0.428623, 0.320934), (0.428401, 0.322127), (0.428385, 0.323033), (0.429239, 0.322670), (0.427410, 0.322900), (0.425959, 0.322753), (0.427576, 0.323420), (0.429074, 0.321781), (0.468218, 0.505844), (0.390810, 0.390461), (0.538660, 0.545698), (0.394540, 0.392395), (0.397007, 0.393761), (0.453440, 0.496622), (0.390088, 0.389286), (0.451338, 0.419520), (0.456018, 0.422041), (0.149066, 0.517544), (0.938668, 0.829519), (0.939480, 0.833280), (0.938668, 0.840961), (0.664034, 0.592443), (0.661386, 0.589977), (0.662531, 0.596285), (0.658157, 0.593643), (0.655614, 0.592230), (0.666885, 0.592751), (0.667302, 0.590283), (0.668179, 0.588653), (0.659563, 0.595855), (0.663564, 0.589551), (0.655087, 0.595713), (0.661851, 0.588407), (0.657464, 0.595885), (0.660709, 0.596389), (0.665294, 0.591843), (0.664927, 0.591034), (0.456334, 0.913124), (0.455601, 0.914187), (0.456837, 0.914117), (0.455523, 0.920626), (0.455500, 0.923173), (0.456251, 0.924492), (0.456621, 0.918040), (0.456682, 0.921587), (0.456087, 0.925543), (0.456781, 0.925946), (0.007011, 0.381569), (0.007084, 0.410009), (0.006377, 0.412774), (0.006872, 0.407850), (0.006940, 0.413713), (0.006136, 0.416395), (0.006617, 0.417372), (0.008085, 0.421578), (0.008167, 0.417628), (0.008417, 0.408154), (0.008460, 0.413655), (0.007929, 0.424881), (0.008878, 0.428922), (0.008950, 0.411962), (0.008370, 0.430881), (0.008971, 0.406525), (0.008334, 0.401688), (0.008464, 0.397544), (0.008870, 0.395250), (0.008639, 0.390402), (0.007128, 0.390102), (0.009356, 0.388216), (0.008754, 0.383356), (0.007192, 0.383909), (0.007041, 0.377422), (0.008884, 0.416864), (0.009351, 0.403130), (0.008747, 0.420601), (0.008888, 0.425276), (0.008977, 0.434350), (0.009034, 0.438166), (0.456224, 0.040264), (0.456282, 0.037351), (0.635349, 0.091484), (0.525188, 0.075784), (0.299264, 0.333384), (0.299147, 0.337236), (0.299169, 0.332287), (0.201258, 0.212134), (0.201868, 0.213739), (0.200415, 0.213959), (0.200181, 0.211670), (0.199186, 0.212647), (0.197807, 0.213739), (0.065795, 0.203236), (0.066800, 0.204035), (0.050660, 0.204311), (0.048709, 0.203450), (0.047880, 0.204509), (0.052637, 0.203172), (0.045510, 0.203772), (0.054683, 0.204348), (0.043465, 0.205009), (0.056265, 0.203340), (0.040993, 0.204189), (0.038706, 0.205568), (0.037482, 0.204445), (0.058627, 0.204280), (0.059886, 0.203494), (0.062041, 0.204492), (0.063131, 0.203708), (0.066253, 0.205078), (0.069315, 0.204382), (0.068298, 0.203571), (0.070145, 0.205568), (0.533054, 0.646643), (0.529410, 0.646007), (0.518558, 0.645586), (0.534080, 0.649766), (0.517966, 0.649426), (0.524135, 0.649572), (0.537149, 0.650012), (0.530955, 0.650267), (0.539463, 0.649031), (0.542690, 0.649439), (0.545978, 0.649499), (0.551994, 0.649224), (0.557988, 0.648844), (0.566098, 0.649101), (0.571080, 0.648842), (0.516058, 0.645457), (0.520524, 0.649921), (0.561617, 0.649466), (0.514706, 0.649955), (0.512393, 0.649670), (0.511664, 0.648405), (0.510549, 0.649883), (0.510305, 0.647120), (0.508874, 0.648184), (0.516913, 0.650249), (0.627539, 0.702973), (0.628876, 0.704424), (0.403562, 0.308543), (0.981178, 0.903509), (0.981722, 0.903499), (0.979774, 0.903031), (0.737477, 0.194273), (0.739688, 0.192878), (0.741232, 0.191844), (0.742082, 0.188584), (0.741282, 0.186778), (0.741930, 0.183857), (0.740257, 0.180920), (0.740417, 0.177887), (0.739390, 0.176992), (0.740391, 0.171459), (0.738774, 0.180489), (0.738542, 0.182090), (0.739895, 0.168380), (0.740607, 0.165648), (0.739281, 0.183992), (0.737870, 0.185343), (0.738528, 0.176081), (0.739906, 0.163272), (0.740342, 0.160041), (0.740234, 0.154337), (0.740106, 0.187123), (0.738667, 0.188018), (0.739639, 0.191269), (0.738451, 0.190613), (0.737656, 0.192543), (0.739801, 0.148353), (0.739505, 0.164842), (0.739197, 0.145643), (0.739687, 0.141920), (0.739162, 0.137810), (0.738866, 0.131672), (0.738577, 0.123738), (0.738612, 0.114016), (0.738281, 0.109875), (0.738648, 0.105063), (0.738069, 0.103204), (0.739058, 0.089728), (0.739998, 0.083520), (0.739422, 0.082198), (0.740502, 0.075276), (0.740286, 0.071641), (0.515476, 0.371739), (0.525487, 0.370500), (0.523527, 0.367541), (0.524488, 0.371899), (0.521230, 0.368027), (0.521404, 0.372331), (0.526671, 0.373295), (0.524657, 0.374250), (0.527968, 0.367672), (0.521168, 0.374204), (0.519687, 0.373388), (0.526391, 0.374841), (0.519084, 0.367892), (0.518518, 0.373996), (0.517422, 0.368281), (0.515402, 0.368828), (0.927417, 0.441227), (0.929586, 0.441016), (0.928678, 0.441546), (0.938261, 0.441254), (0.936149, 0.441930), (0.935818, 0.440855), (0.934923, 0.441620), (0.933706, 0.441320), (0.938857, 0.440580), (0.940084, 0.439736), (0.941400, 0.440444), (0.943542, 0.439438), (0.920414, 0.440644), (0.919355, 0.441221), (0.916292, 0.440350), (0.913478, 0.440860), (0.137409, 0.301221), (0.629538, 0.408093), (0.627539, 0.408467), (0.634023, 0.408012), (0.635399, 0.407814), (0.638942, 0.407857), (0.641920, 0.407709), (0.645774, 0.407793), (0.649989, 0.407853), (0.654080, 0.407860), (0.658194, 0.407975), (0.662202, 0.408147), (0.666393, 0.408195), (0.669602, 0.408467), (0.377501, 0.440667), (0.374133, 0.443695), (0.376825, 0.443361), (0.374104, 0.441714), (0.377456, 0.442099), (0.598913, 0.591949), (0.598672, 0.588170), (0.598240, 0.594657), (0.597907, 0.591064), (0.598049, 0.596009), (0.598645, 0.598551), (0.598419, 0.599618), (0.087440, 0.685633), (0.087311, 0.684279), (0.085512, 0.660490), (0.086418, 0.661607), (0.086767, 0.658014), (0.085091, 0.663775), (0.086049, 0.664519), (0.085461, 0.657566), (0.084564, 0.664822), (0.084687, 0.667676), (0.085595, 0.668114), (0.086012, 0.656073), (0.087166, 0.654721), (0.086478, 0.654359), (0.087839, 0.651509), (0.086957, 0.651269), (0.088505, 0.648737), (0.087240, 0.648746), (0.084157, 0.668640), (0.084417, 0.671601), (0.084078, 0.672782), (0.084766, 0.675777), (0.084533, 0.677037), (0.085574, 0.680005), (0.085549, 0.681436), (0.087877, 0.647794), (0.088723, 0.646700), (0.087576, 0.646584), (0.087882, 0.645766), (0.087996, 0.643328), (0.088609, 0.641698), (0.089155, 0.639959), (0.020715, 0.089626), (0.036802, 0.641114), (0.035837, 0.642291), (0.033417, 0.642340), (0.031647, 0.648027), (0.035747, 0.650113), (0.033469, 0.658126), (0.035668, 0.673530), (0.033471, 0.704283), (0.031686, 0.700384), (0.035628, 0.724819), (0.033122, 0.727020), (0.031732, 0.726781), (0.512185, 0.920175), (0.511976, 0.919527), (0.510187, 0.920975), (0.510982, 0.925120), (0.508623, 0.921975), (0.511976, 0.926275), (0.807067, 0.354310), (0.845015, 0.682471), (0.845248, 0.682880), (0.841971, 0.682090), (0.838015, 0.681702), (0.834406, 0.681227), (0.833275, 0.681353), (0.832256, 0.681510), (0.830914, 0.681959), (0.827978, 0.682326), (0.827647, 0.681609), (0.822305, 0.682494), (0.819600, 0.682298), (0.815753, 0.682875), (0.813674, 0.682481), (0.809426, 0.682487), (0.805516, 0.683016), (0.829116, 0.681506), (0.802813, 0.682588), (0.798804, 0.683005), (0.797267, 0.682439), (0.793850, 0.682778), (0.789545, 0.682464), (0.788021, 0.682050), (0.783867, 0.682349), (0.780710, 0.681877), (0.774285, 0.681716), (0.768459, 0.681710), (0.760179, 0.681250), (0.756242, 0.681092), (0.738140, 0.681166), (0.793161, 0.682124), (0.817751, 0.681551), (0.799849, 0.681820), (0.732538, 0.681812), (0.723938, 0.683282), (0.806561, 0.681952), (0.822957, 0.681534), (0.824722, 0.681027), (0.791814, 0.681383), (0.813843, 0.681591), (0.820587, 0.681117), (0.830724, 0.680920), (0.833248, 0.680540), (0.808229, 0.681550), (0.483773, 0.636440), (0.486190, 0.635764), (0.483943, 0.636059), (0.486076, 0.636046), (0.482950, 0.635432), (0.470986, 0.634552), (0.475881, 0.635618), (0.480063, 0.637007), (0.482069, 0.640787), (0.482578, 0.636967), (0.474996, 0.640591), (0.475413, 0.642307), (0.471080, 0.642900), (0.472744, 0.635995), (0.470754, 0.640525), (0.470398, 0.638366), (0.484077, 0.638352), (0.486039, 0.636742), (0.480526, 0.635608), (0.461598, 0.265277), (0.352791, 0.259979), (0.357687, 0.260382), (0.360733, 0.260764), (0.348714, 0.259619), (0.347652, 0.258756), (0.342989, 0.258881), (0.338067, 0.258518), (0.333616, 0.258227), (0.329200, 0.258529), (0.324492, 0.258746), (0.321561, 0.259119), (0.318791, 0.259455), (0.315849, 0.258591), (0.314778, 0.259298), (0.311761, 0.258681), (0.307778, 0.258270), (0.306145, 0.258704), (0.303768, 0.257741), (0.301893, 0.258249), (0.299870, 0.257109), (0.297403, 0.257748), (0.296237, 0.255500), (0.294576, 0.258168), (0.383089, 0.264786), (0.296098, 0.258793), (0.303005, 0.247605), (0.306147, 0.243520), (0.293735, 0.259649), (0.291719, 0.258784), (0.291564, 0.260527), (0.289488, 0.260246), (0.290531, 0.262500), (0.287752, 0.265275), (0.286036, 0.266497), (0.283073, 0.270351), (0.308613, 0.240560), (0.312748, 0.234765), (0.455523, 0.270473), (0.464890, 0.267384), (0.465994, 0.269528), (0.456714, 0.273312), (0.461465, 0.275617), (0.472414, 0.271148), (0.458397, 0.277018), (0.469079, 0.270228), (0.470350, 0.264716), (0.467797, 0.264331), (0.470374, 0.262420), (0.260511, 0.251396), (0.256660, 0.250799), (0.252616, 0.249960), (0.314187, 0.233633), (0.316349, 0.230770), (0.317819, 0.228546), (0.319420, 0.227257), (0.321527, 0.224745), (0.294782, 0.259977), (0.290799, 0.258220), (0.289624, 0.258785), (0.378786, 0.356773), (0.431711, 0.356890), (0.427085, 0.357404), (0.423583, 0.355763), (0.436676, 0.356303), (0.436391, 0.357956), (0.439543, 0.357293), (0.443135, 0.358190), (0.441160, 0.358457), (0.419750, 0.356196), (0.417057, 0.357051), (0.413437, 0.356149), (0.410717, 0.357015), (0.405674, 0.356157), (0.399358, 0.356267), (0.390790, 0.356579), (0.383284, 0.356771), (0.415034, 0.357314), (0.376780, 0.356932), (0.373724, 0.357381), (0.370071, 0.357716), (0.364469, 0.358315), (0.361972, 0.358042), (0.446441, 0.357246), (0.775532, 0.986095), (0.806842, 0.986075), (0.566096, 0.666285), (0.719410, 0.081138), (0.640978, 0.310321), (0.644252, 0.306421), (0.612469, 0.310246), (0.666037, 0.310357), (0.591610, 0.310114), (0.704079, 0.308721), (0.716521, 0.306751), (0.726864, 0.305661), (0.731963, 0.297716), (0.731964, 0.314472), (0.727554, 0.295674), (0.727670, 0.290074), (0.731810, 0.326089), (0.731149, 0.356003), (0.730832, 0.381726), (0.731311, 0.402448), (0.730572, 0.419416), (0.727745, 0.412504), (0.726600, 0.422140), (0.727504, 0.424446), (0.731706, 0.357890), (0.730578, 0.444647), (0.728848, 0.455826), (0.730596, 0.471478), (0.727601, 0.276353), (0.731558, 0.249207), (0.731541, 0.218060), (0.727957, 0.249551), (0.728155, 0.221170), (0.728169, 0.205058), (0.732165, 0.200177), (0.728162, 0.185414), (0.732057, 0.172630), (0.727834, 0.155653), (0.726494, 0.171885), (0.727887, 0.177811), (0.732121, 0.182701), (0.726330, 0.160686), (0.731962, 0.147624), (0.726212, 0.155675), (0.710092, 0.159672), (0.717844, 0.155712), (0.710406, 0.155606), (0.720592, 0.165169), (0.725811, 0.169337), (0.722603, 0.169707), (0.719825, 0.168589), (0.713061, 0.169539), (0.710567, 0.161909), (0.710427, 0.168903), (0.732331, 0.279253), (0.730430, 0.487642), (0.731221, 0.483913), (0.731252, 0.495481), (0.728301, 0.149778), (0.728548, 0.137480), (0.731356, 0.102916), (0.727979, 0.103067), (0.731940, 0.121077), (0.731821, 0.088098), (0.727605, 0.092039), (0.728176, 0.085593), (0.726417, 0.088407), (0.731600, 0.078329), (0.721940, 0.078219), (0.723660, 0.419225), (0.718785, 0.418389), (0.723971, 0.422026), (0.720483, 0.420270), (0.731141, 0.467041), (0.707680, 0.168873), (0.707793, 0.161632), (0.727792, 0.246597), (0.731547, 0.382786), (0.727445, 0.496747), (0.718517, 0.497007), (0.732266, 0.212685), (0.732331, 0.167148), (0.707911, 0.157701), (0.732030, 0.255409), (0.731135, 0.427324), (0.726329, 0.154420), (0.706799, 0.170130), (0.711619, 0.169993), (0.709986, 0.170967), (0.707098, 0.171215), (0.701595, 0.174085), (0.687717, 0.180736), (0.682413, 0.183173), (0.676765, 0.185284), (0.669073, 0.189388), (0.662062, 0.192771), (0.716390, 0.171868), (0.717027, 0.087196), (0.713036, 0.085150), (0.714243, 0.088581), (0.713569, 0.081496), (0.718543, 0.089470), (0.714035, 0.090876), (0.722062, 0.170252), (0.721394, 0.171925), (0.654572, 0.196534), (0.709860, 0.084146), (0.711305, 0.079952), (0.647365, 0.200384), (0.641740, 0.203094), (0.711731, 0.088359), (0.726467, 0.111451), (0.727356, 0.142083), (0.726315, 0.148520), (0.725628, 0.139947), (0.711815, 0.171895), (0.726433, 0.129160), (0.636532, 0.206039), (0.634757, 0.207216), (0.628811, 0.209823), (0.716464, 0.496884), (0.625780, 0.211291), (0.726376, 0.100655), (0.726483, 0.090940), (0.620204, 0.214239), (0.617252, 0.216124), (0.613766, 0.217006), (0.609892, 0.219734), (0.604946, 0.221877), (0.602292, 0.223629), (0.597738, 0.224447), (0.594758, 0.226288), (0.589738, 0.228908), (0.585954, 0.230428), (0.585807, 0.231808), (0.583303, 0.231582), (0.583291, 0.233327), (0.580242, 0.233669), (0.581800, 0.234421), (0.577895, 0.235707), (0.576370, 0.234892), (0.576382, 0.233404), (0.574293, 0.234961), (0.732250, 0.129372), (0.165271, 0.371854), (0.165377, 0.367666), (0.723783, 0.672440), (0.870012, 0.203507), (0.870433, 0.199887), (0.870334, 0.201635), (0.869486, 0.204940), (0.849383, 0.204166), (0.855893, 0.194774), (0.828313, 0.196445), (0.844988, 0.227409), (0.805273, 0.200594), (0.807585, 0.172044), (0.784447, 0.172802), (0.776997, 0.192324), (0.765994, 0.190924), (0.761573, 0.152703), (0.784385, 0.206868), (0.753613, 0.172707), (0.744256, 0.138165), (0.744258, 0.156361), (0.744330, 0.101565), (0.746319, 0.103816), (0.747221, 0.085251), (0.744184, 0.084191), (0.744166, 0.057938), (0.763345, 0.085890), (0.745416, 0.048474), (0.759560, 0.070116), (0.778948, 0.229812), (0.764710, 0.260761), (0.792213, 0.244474), (0.779468, 0.285798), (0.763824, 0.304217), (0.784579, 0.301787), (0.805445, 0.288719), (0.820866, 0.302603), (0.815203, 0.274152), (0.833923, 0.292281), (0.838778, 0.313046), (0.852218, 0.304010), (0.853028, 0.280905), (0.869702, 0.299306), (0.870230, 0.289083), (0.870399, 0.273616), (0.859950, 0.245587), (0.870112, 0.241098), (0.871085, 0.255631), (0.840424, 0.267566), (0.778371, 0.312469), (0.765774, 0.317417), (0.801297, 0.317287), (0.756469, 0.320820), (0.778797, 0.321354), (0.806189, 0.321505), (0.852638, 0.321510), (0.743801, 0.293129), (0.770367, 0.321466), (0.757016, 0.321510), (0.831522, 0.262708), (0.800020, 0.309866), (0.754821, 0.278799), (0.863201, 0.313570), (0.747791, 0.201714), (0.744005, 0.202646), (0.803539, 0.259389), (0.781651, 0.148118), (0.774144, 0.127572), (0.756036, 0.213770), (0.794956, 0.120335), (0.825416, 0.241902), (0.760334, 0.119748), (0.802661, 0.143302), (0.818808, 0.151256), (0.817427, 0.123037), (0.816854, 0.225908), (0.845300, 0.122077), (0.836031, 0.145259), (0.821968, 0.100611), (0.845306, 0.095298), (0.839841, 0.172421), (0.869416, 0.140494), (0.870478, 0.129270), (0.870518, 0.137092), (0.814334, 0.074453), (0.858520, 0.174190), (0.834069, 0.073223), (0.847016, 0.074722), (0.870473, 0.098016), (0.858934, 0.062263), (0.870665, 0.083739), (0.870652, 0.047457), (0.857348, 0.037931), (0.834459, 0.026838), (0.860202, 0.026546), (0.850124, 0.026414), (0.806789, 0.025728), (0.851520, 0.025817), (0.858075, 0.025900), (0.831125, 0.037508), (0.762411, 0.026187), (0.766724, 0.025553), (0.758629, 0.025631), (0.755475, 0.026269), (0.755342, 0.028189), (0.807720, 0.031050), (0.848507, 0.025713), (0.755281, 0.029629), (0.794338, 0.040860), (0.818942, 0.051641), (0.871175, 0.218070), (0.871545, 0.298618), (0.871432, 0.300494), (0.873111, 0.299319), (0.873205, 0.298310), (0.743699, 0.046271), (0.862389, 0.318039), (0.870461, 0.162169), (0.864890, 0.317091), (0.749955, 0.254405), (0.747415, 0.283316), (0.760490, 0.048435), (0.773466, 0.059500), (0.789495, 0.077594), (0.756029, 0.040443), (0.743968, 0.253412), (0.781774, 0.099055), (0.742641, 0.046173), (0.844508, 0.048795), (0.790371, 0.056962), (0.871042, 0.209292), (0.779752, 0.036352), (0.204853, 0.049606), (0.204435, 0.050522), (0.887957, 0.240794), (0.878860, 0.243985), (0.881410, 0.254270), (0.878603, 0.251771), (0.895869, 0.268010), (0.882785, 0.270881), (0.892942, 0.289149), (0.900252, 0.288830), (0.896489, 0.318921), (0.913842, 0.315915), (0.921877, 0.293703), (0.942234, 0.318203), (0.939367, 0.294095), (0.932839, 0.272136), (0.960712, 0.300046), (0.949181, 0.281246), (0.903867, 0.248479), (0.921890, 0.263426), (0.930607, 0.242138), (0.886014, 0.318148), (0.892326, 0.336575), (0.878321, 0.324269), (0.878916, 0.343342), (0.878366, 0.236638), (0.878349, 0.259138), (0.878404, 0.266751), (0.931860, 0.333308), (0.948685, 0.247804), (0.893553, 0.356119), (0.910112, 0.349498), (0.907728, 0.371920), (0.956307, 0.334428), (0.961846, 0.226569), (0.979011, 0.259533), (0.981363, 0.229149), (0.985128, 0.192919), (0.966590, 0.200295), (0.972948, 0.181383), (0.988103, 0.230616), (0.934176, 0.213311), (0.937777, 0.346800), (0.950189, 0.195729), (0.894259, 0.221024), (0.886516, 0.206811), (0.884218, 0.295740), (0.910001, 0.275690), (0.922238, 0.363711), (0.936139, 0.371900), (0.963756, 0.264305), (0.877360, 0.286033), (0.962980, 0.317572), (0.985851, 0.297980), (0.979009, 0.286063), (0.981509, 0.326780), (0.998661, 0.313384), (0.998537, 0.346146), (0.978205, 0.343867), (0.974009, 0.367102), (0.988342, 0.383842), (0.959945, 0.381659), (0.964163, 0.386878), (0.940022, 0.383397), (0.937070, 0.386903), (0.916314, 0.222738), (0.985194, 0.172121), (0.878869, 0.218504), (0.877643, 0.272734), (0.970566, 0.332416), (0.878194, 0.203073), (0.890777, 0.185874), (0.878103, 0.189658), (0.888193, 0.175562), (0.878789, 0.171755), (0.878178, 0.172685), (0.875648, 0.247764), (0.989390, 0.386930), (0.962999, 0.276820), (0.907324, 0.386868), (0.884168, 0.376591), (0.878587, 0.232113), (0.911281, 0.329718), (0.875550, 0.240668), (0.959467, 0.168280), (0.941771, 0.180461), (0.919864, 0.165348), (0.936565, 0.154408), (0.966679, 0.151047), (0.998380, 0.157779), (0.984846, 0.162878), (0.983926, 0.144540), (0.915706, 0.146577), (0.875614, 0.250709), (0.967420, 0.131380), (0.916893, 0.180627), (0.899754, 0.158882), (0.899626, 0.145486), (0.909219, 0.133474), (0.880095, 0.137372), (0.878569, 0.137222), (0.910022, 0.120139), (0.883143, 0.120267), (0.891968, 0.107620), (0.904222, 0.101810), (0.943183, 0.123987), (0.878809, 0.159405), (0.998515, 0.385368), (0.928048, 0.111272), (0.998349, 0.142085), (0.880640, 0.117727), (0.879436, 0.380993), (0.889696, 0.384422), (0.894779, 0.386959), (0.911009, 0.382922), (0.996987, 0.386997), (0.880493, 0.101790), (0.956527, 0.354314), (0.899182, 0.101596), (0.998413, 0.120079), (0.998607, 0.103540), (0.996916, 0.111802), (0.997021, 0.101610), (0.976743, 0.104650), (0.980850, 0.101635), (0.964130, 0.101820), (0.878870, 0.136299), (0.928604, 0.101878), (0.970353, 0.170548), (0.878016, 0.205409), (0.904612, 0.196338), (0.877799, 0.373131), (0.878387, 0.225481), (0.877439, 0.223473), (0.877912, 0.216651), (0.878996, 0.120114), (0.875882, 0.238295), (0.994577, 0.120430), (0.873800, 0.371583), (0.874230, 0.373511), (0.964258, 0.115744), (0.558206, 0.699847), (0.124094, 0.128595), (0.124746, 0.131120), (0.127273, 0.130969), (0.035890, 0.783012), (0.035275, 0.796973), (0.034399, 0.786882), (0.034388, 0.769921), (0.036274, 0.767967), (0.033994, 0.797778), (0.033246, 0.782827), (0.034934, 0.763605), (0.035523, 0.807175), (0.033026, 0.803306), (0.033182, 0.811141), (0.030785, 0.804574), (0.030622, 0.786526), (0.030719, 0.822050), (0.029131, 0.814582), (0.029021, 0.826870), (0.031574, 0.835288), (0.029116, 0.835688), (0.026627, 0.830420), (0.031566, 0.841921), (0.031173, 0.846255), (0.031938, 0.850197), (0.033365, 0.849022), (0.028336, 0.852753), (0.038189, 0.851366), (0.029406, 0.841105), (0.026525, 0.834964), (0.026680, 0.825544), (0.026830, 0.811587), (0.027002, 0.795162), (0.027232, 0.775390), (0.027313, 0.770936), (0.029706, 0.770129), (0.027299, 0.766182), (0.028808, 0.763508), (0.027102, 0.760091), (0.026691, 0.754443), (0.026149, 0.748897), (0.025892, 0.744217), (0.028257, 0.746356), (0.031800, 0.744370), (0.031956, 0.749964), (0.031531, 0.754020), (0.032191, 0.757540), (0.032500, 0.760227), (0.034214, 0.743696), (0.034298, 0.741499), (0.038220, 0.742863), (0.030753, 0.740819), (0.042210, 0.740778), (0.042913, 0.742550), (0.043641, 0.744445), (0.057326, 0.738859), (0.058423, 0.740421), (0.029843, 0.742188), (0.056412, 0.742738), (0.036671, 0.746816), (0.028201, 0.749926), (0.029509, 0.762238), (0.034560, 0.819566), (0.034219, 0.827027), (0.031687, 0.826184), (0.033908, 0.833116), (0.035664, 0.831465), (0.035229, 0.833771), (0.045989, 0.746291), (0.057860, 0.744604), (0.071201, 0.743167), (0.072240, 0.744776), (0.095489, 0.742040), (0.092802, 0.740683), (0.092716, 0.739584), (0.100034, 0.738731), (0.099975, 0.741478), (0.093257, 0.738086), (0.098974, 0.735439), (0.088016, 0.736907), (0.102786, 0.736867), (0.071344, 0.741068), (0.050655, 0.747479), (0.069445, 0.852970), (0.067906, 0.854459), (0.070405, 0.860441), (0.096256, 0.861461), (0.076078, 0.861728), (0.103487, 0.856137), (0.051770, 0.859498), (0.047541, 0.860373), (0.103041, 0.862357), (0.029228, 0.799735), (0.034723, 0.858948), (0.044783, 0.748246), (0.026910, 0.846628), (0.026548, 0.840060), (0.026144, 0.851490), (0.026179, 0.854239), (0.026086, 0.857814), (0.035665, 0.818108), (0.027114, 0.837049), (0.026622, 0.859612), (0.038503, 0.748592), (0.071661, 0.738923), (0.030990, 0.776757), (0.028956, 0.757097), (0.032923, 0.768338), (0.493413, 0.736107), (0.488949, 0.736737), (0.488578, 0.731710), (0.488103, 0.720107), (0.490661, 0.726190), (0.492891, 0.714101), (0.488262, 0.712313), (0.493276, 0.676302), (0.488485, 0.676161), (0.488879, 0.644481), (0.493505, 0.646508), (0.492556, 0.624033), (0.489100, 0.624648), (0.489995, 0.622275), (0.491713, 0.621989), (0.323145, 0.541063), (0.584713, 0.319113), (0.582704, 0.322665), (0.573173, 0.323134), (0.578475, 0.340274), (0.573429, 0.341910), (0.578043, 0.352837), (0.579919, 0.388362), (0.576322, 0.402443), (0.574069, 0.388023), (0.574304, 0.407906), (0.574689, 0.453287), (0.578326, 0.440762), (0.577104, 0.470304), (0.574948, 0.491180), (0.581550, 0.495881), (0.575101, 0.504060), (0.580440, 0.504171), (0.583842, 0.515997), (0.575309, 0.518606), (0.575485, 0.547698), (0.580402, 0.547562), (0.580280, 0.562556), (0.579623, 0.600427), (0.577193, 0.596630), (0.577069, 0.612653), (0.575630, 0.562246), (0.584149, 0.439986), (0.577357, 0.639206), (0.577905, 0.655999), (0.577575, 0.680932), (0.577834, 0.715635), (0.576837, 0.723649), (0.578371, 0.728306), (0.577184, 0.738175), (0.584623, 0.738124), (0.594133, 0.736338), (0.598189, 0.738012), (0.596577, 0.728561), (0.624029, 0.738160), (0.674239, 0.738218), (0.640241, 0.736211), (0.661602, 0.736288), (0.670476, 0.729576), (0.690775, 0.738270), (0.604618, 0.736789), (0.585760, 0.653830), (0.587916, 0.654659), (0.595390, 0.319713), (0.590326, 0.320820), (0.622185, 0.322211), (0.622914, 0.320967), (0.669737, 0.323240), (0.687264, 0.325507), (0.689812, 0.324157), (0.703393, 0.732557), (0.689745, 0.733353), (0.694011, 0.727662), (0.693896, 0.721702), (0.700115, 0.716029), (0.698287, 0.697309), (0.696342, 0.682176), (0.694819, 0.667075), (0.696425, 0.663449), (0.694704, 0.659230), (0.695903, 0.655907), (0.703976, 0.662656), (0.702490, 0.651321), (0.695414, 0.645687), (0.695099, 0.650382), (0.694456, 0.654942), (0.690058, 0.656141), (0.698563, 0.641778), (0.703117, 0.611193), (0.682666, 0.650149), (0.695733, 0.613175), (0.681395, 0.654778), (0.693385, 0.657324), (0.693025, 0.659224), (0.704029, 0.646286), (0.678532, 0.650417), (0.686767, 0.658853), (0.681125, 0.656913), (0.677647, 0.659312), (0.671374, 0.656814), (0.650331, 0.658543), (0.643139, 0.656916), (0.648703, 0.656294), (0.673365, 0.653959), (0.620252, 0.656827), (0.656348, 0.652219), (0.681636, 0.656015), (0.690089, 0.656429), (0.628387, 0.651701), (0.703743, 0.675527), (0.608738, 0.652653), (0.603342, 0.649080), (0.704690, 0.598333), (0.703314, 0.569595), (0.695884, 0.592354), (0.696168, 0.575404), (0.696595, 0.550635), (0.605208, 0.659602), (0.605193, 0.657779), (0.596044, 0.658297), (0.705177, 0.561867), (0.596349, 0.655562), (0.589301, 0.657549), (0.696755, 0.529892), (0.697038, 0.514911), (0.697292, 0.506597), (0.701894, 0.512941), (0.699082, 0.506335), (0.695041, 0.506499), (0.695612, 0.505655), (0.680542, 0.504495), (0.694471, 0.504212), (0.681383, 0.503079), (0.657632, 0.501074), (0.614751, 0.497644), (0.675161, 0.496317), (0.614049, 0.491514), (0.610327, 0.498781), (0.601725, 0.496923), (0.600018, 0.497810), (0.592135, 0.495557), (0.600859, 0.490727), (0.595259, 0.491851), (0.592514, 0.490200), (0.629844, 0.501569), (0.670801, 0.504807), (0.677083, 0.505425), (0.656491, 0.504274), (0.609730, 0.499597), (0.686598, 0.506122), (0.573915, 0.371923), (0.607790, 0.501497), (0.705635, 0.533689), (0.705910, 0.512867), (0.706383, 0.500262), (0.706415, 0.478195), (0.702715, 0.484507), (0.703022, 0.467005), (0.697507, 0.483705), (0.697398, 0.494118), (0.697739, 0.468480), (0.706807, 0.456269), (0.707309, 0.431314), (0.707573, 0.414454), (0.708110, 0.402219), (0.698711, 0.409518), (0.701232, 0.399310), (0.698568, 0.401794), (0.708073, 0.388472), (0.698564, 0.392360), (0.698282, 0.428853), (0.600668, 0.503321), (0.593618, 0.502323), (0.591984, 0.497975), (0.591493, 0.501830), (0.583535, 0.405953), (0.695890, 0.604951), (0.708425, 0.352972), (0.708907, 0.329879), (0.706919, 0.365958), (0.706939, 0.342131), (0.699224, 0.345740), (0.691902, 0.497964), (0.703197, 0.721299), (0.616388, 0.736699), (0.703858, 0.542048), (0.697469, 0.401779), (0.698807, 0.375780), (0.696549, 0.399243), (0.684572, 0.398760), (0.673131, 0.398962), (0.682859, 0.400827), (0.642200, 0.392402), (0.640174, 0.398594), (0.646310, 0.400270), (0.607391, 0.398165), (0.600430, 0.392182), (0.593408, 0.392250), (0.595510, 0.394630), (0.593267, 0.397774), (0.668282, 0.400454), (0.676062, 0.401569), (0.669051, 0.401537), (0.682518, 0.401869), (0.689408, 0.405219), (0.653652, 0.404794), (0.623146, 0.400641), (0.605802, 0.401776), (0.606209, 0.400128), (0.650250, 0.401383), (0.625497, 0.399860), (0.692761, 0.729099), (0.703120, 0.449908), (0.688042, 0.726357), (0.691797, 0.401850), (0.685988, 0.729286), (0.703967, 0.501979), (0.605404, 0.399435), (0.599548, 0.498778), (0.594472, 0.649477), (0.687348, 0.401405), (0.697744, 0.500726), (0.602257, 0.654867), (0.318980, 0.334059), (0.910495, 0.077985), (0.017915, 0.764189), (0.459220, 0.520971), (0.477494, 0.523859), (0.440517, 0.517982), (0.425306, 0.515466), (0.409273, 0.512857), (0.408192, 0.521489), (0.391648, 0.509993), (0.392580, 0.516212), (0.348913, 0.504663), (0.347270, 0.511561), (0.407484, 0.522578), (0.398615, 0.532706), (0.400639, 0.553197), (0.395641, 0.586998), (0.436574, 0.526037), (0.375809, 0.507620), (0.344056, 0.502693), (0.311173, 0.497629), (0.397083, 0.522054), (0.295477, 0.495095), (0.310047, 0.498885), (0.286117, 0.493914), (0.294117, 0.496267), (0.265653, 0.490728), (0.219258, 0.483494), (0.234055, 0.487018), (0.249028, 0.489463), (0.187591, 0.478582), (0.145715, 0.472239), (0.183024, 0.479214), (0.152957, 0.474538), (0.136573, 0.471942), (0.145329, 0.480478), (0.247683, 0.496285), (0.226997, 0.493067), (0.136071, 0.477689), (0.132001, 0.484871), (0.131172, 0.491432), (0.130025, 0.480894), (0.129937, 0.479065), (0.128935, 0.494637), (0.129471, 0.503865), (0.123492, 0.542540), (0.117116, 0.564019), (0.129016, 0.491310), (0.126750, 0.489836), (0.127512, 0.480679), (0.124807, 0.486671), (0.120515, 0.544704), (0.127242, 0.500796), (0.116567, 0.565147), (0.121434, 0.571293), (0.116278, 0.576370), (0.114544, 0.576212), (0.115368, 0.563229), (0.126643, 0.494567), (0.122508, 0.475970), (0.267828, 0.499449), (0.129178, 0.491000), (0.200808, 0.481975), (0.169952, 0.484225), (0.118224, 0.553971), (0.276589, 0.493390), (0.114111, 0.570579), (0.112963, 0.566203), (0.111402, 0.575751), (0.115456, 0.555646), (0.113220, 0.575934), (0.122859, 0.522495), (0.222168, 0.485240), (0.316456, 0.506663), (0.299986, 0.501865), (0.193585, 0.487977), (0.284749, 0.501784), (0.385993, 0.596980), (0.118599, 0.531690), (0.120740, 0.513754), (0.122856, 0.519175), (0.125926, 0.469094), (0.117479, 0.550924), (0.392950, 0.606149), (0.391394, 0.612258), (0.383030, 0.618804), (0.379147, 0.620242), (0.384022, 0.623068), (0.390488, 0.627302), (0.387639, 0.628753), (0.370188, 0.627263), (0.367013, 0.628759), (0.338114, 0.628611), (0.315971, 0.619850), (0.318913, 0.628691), (0.430467, 0.628771), (0.365597, 0.619804), (0.293328, 0.619739), (0.128413, 0.487136), (0.422547, 0.627696), (0.433786, 0.619774), (0.414514, 0.619690), (0.457846, 0.620467), (0.465553, 0.624761), (0.468838, 0.618941), (0.298775, 0.628759), (0.276413, 0.628839), (0.279034, 0.622063), (0.269916, 0.623025), (0.257746, 0.619935), (0.244654, 0.619911), (0.253165, 0.628842), (0.225964, 0.623711), (0.225734, 0.628816), (0.210654, 0.628885), (0.209630, 0.624543), (0.170005, 0.628577), (0.172042, 0.620022), (0.155562, 0.627955), (0.132085, 0.628144), (0.128462, 0.620092), (0.118009, 0.623509), (0.109980, 0.628006), (0.106414, 0.620538), (0.088360, 0.623936), (0.058738, 0.620422), (0.045317, 0.620682), (0.036588, 0.627996), (0.031143, 0.621197), (0.026262, 0.627620), (0.026718, 0.614459), (0.032937, 0.612629), (0.026602, 0.602564), (0.032718, 0.603171), (0.023028, 0.613977), (0.022994, 0.600216), (0.026281, 0.588673), (0.022993, 0.583544), (0.023007, 0.622588), (0.029653, 0.587479), (0.061160, 0.628299), (0.087397, 0.628148), (0.022974, 0.530464), (0.032885, 0.587297), (0.266613, 0.628837), (0.171723, 0.627686), (0.026058, 0.539501), (0.028954, 0.536171), (0.025326, 0.512719), (0.036077, 0.510989), (0.032133, 0.522307), (0.076262, 0.510926), (0.044394, 0.519437), (0.032829, 0.527357), (0.025257, 0.529447), (0.485437, 0.533105), (0.484208, 0.539043), (0.480608, 0.550870), (0.473614, 0.601149), (0.326084, 0.501190), (0.032978, 0.546676), (0.126767, 0.498608), (0.035514, 0.279079), (0.037353, 0.192432), (0.051150, 0.192492), (0.084532, 0.194624), (0.111635, 0.193997), (0.122221, 0.193054), (0.048550, 0.194653), (0.217897, 0.432257), (0.217032, 0.436697), (0.222174, 0.437351), (0.222177, 0.433663), (0.221874, 0.439282), (0.218897, 0.438765), (0.221190, 0.431373), (0.216526, 0.433279), (0.221874, 0.431902), (0.216841, 0.437802), (0.214866, 0.434156), (0.215011, 0.438987), (0.218908, 0.439741), (0.215174, 0.431711), (0.217422, 0.431350), (0.361016, 0.275724), (0.360869, 0.280635), (0.362809, 0.276493), (0.363526, 0.280487), (0.361174, 0.273679), (0.357036, 0.281083), (0.362649, 0.272719), (0.363526, 0.274605), (0.506937, 0.269265), (0.499366, 0.270779), (0.500700, 0.268736), (0.507453, 0.270854), (0.508123, 0.268008), (0.499281, 0.269136), (0.505352, 0.266772), (0.507336, 0.266923), (0.504364, 0.264974), (0.501442, 0.273283), (0.499188, 0.273899), (0.903047, 0.767123)] (
        interpolation = "vertex"
    )
    rel material:binding = <Material>

    def Material "Material"
    {
        token outputs:surface.connect = <PBRShader.outputs:surface>

        def Shader "PBRShader"
        {
            uniform token info:id = "UsdPreviewSurface"
            color3f inputs:diffuseColor.connect = <../DiffuseTexture.outputs:rgb>
            float inputs:metallic = 0.0
            float inputs:roughness = 0.5
            token outputs:surface
        }

        def Shader "DiffuseTexture"
        {
            uniform token info:id = "UsdUVTexture"
            asset inputs:file = @../textures/b9002d19_texture.png@
            float2 inputs:st.connect = <../PrimvarReader.outputs:result>
            token inputs:wrapS = "repeat"
            token inputs:wrapT = "repeat"
            float3 outputs:rgb
        }

        def Shader "PrimvarReader"
        {
            uniform token info:id = "UsdPrimvarReader_float2"
            token inputs:varname = "st"
            float2 outputs:result
        }
    }
}
